n,hop,octave,repetition,mode,block,observations,hop_ns,median_ns,p99_ns,max_ns,age_samples
1024,256,0,0,legacy,0,64,9470.765625,9458,10083,10083,255
1024,256,0,0,legacy,1,16384,9736.578125,41,84,2250,255
1024,256,0,0,legacy,16,1024,9495.4375,417,2541,2667,255
1024,256,0,0,legacy,64,256,9467.5625,2041,3584,3584,255
1024,256,0,0,legacy,256,64,9464.9375,9459,9584,9584,255
1024,256,0,0,stage_burst,0,64,11283.21875,11291,11417,11417,1023
1024,256,0,0,stage_burst,1,16384,14156.140625,0,42,10042,1023
1024,256,0,0,stage_burst,16,1024,11297.515625,125,9458,9542,1023
1024,256,0,0,stage_burst,64,256,11287.265625,500,9875,9958,1023
1024,256,0,0,stage_burst,256,64,11271.46875,11250,11334,11334,1023
1024,256,0,0,pipeline,0,64,12925.109375,12917,13125,13125,1023
1024,256,0,0,pipeline,1,16384,12931.265625,42,84,208,1023
1024,256,0,0,pipeline,16,1024,12960.765625,791,1000,1042,1023
1024,256,0,0,pipeline,64,256,12945.265625,3208,3667,3750,1023
1024,256,0,0,pipeline,256,64,12929.734375,12917,13083,13083,1023
1024,256,0,0,serial,0,64,11483.109375,11459,11709,11709,255
1024,256,0,0,serial,1,16384,12176.25,42,84,208,255
1024,256,0,0,serial,16,1024,11557.4375,667,1084,1125,255
1024,256,0,0,serial,64,256,11543.609375,2833,3292,3375,255
1024,256,0,0,serial,256,64,11529.328125,11541,11667,11667,255
1024,256,0.333333343267,0,legacy,0,64,12468.21875,12459,12667,12667,255
1024,256,0.333333343267,0,legacy,1,16384,12677.25,41,83,5292,255
1024,256,0.333333343267,0,legacy,16,1024,12568.78125,417,5542,10792,255
1024,256,0.333333343267,0,legacy,64,256,12479.28125,1959,6625,6625,255
1024,256,0.333333343267,0,legacy,256,64,12463.578125,12458,12625,12625,255
1024,256,0.333333343267,0,stage_burst,0,64,11432.328125,11417,11584,11584,1023
1024,256,0.333333343267,0,stage_burst,1,16384,14283.359375,0,42,9709,1023
1024,256,0.333333343267,0,stage_burst,16,1024,11453.0625,125,9625,9625,1023
1024,256,0.333333343267,0,stage_burst,64,256,11440.140625,500,10042,10042,1023
1024,256,0.333333343267,0,stage_burst,256,64,11438.0625,11417,11500,11500,1023
1024,256,0.333333343267,0,pipeline,0,64,13161.0625,13084,18042,18042,1023
1024,256,0.333333343267,0,pipeline,1,16384,12968.8125,42,84,125,1023
1024,256,0.333333343267,0,pipeline,16,1024,13099.53125,792,1000,1000,1023
1024,256,0.333333343267,0,pipeline,64,256,13080.015625,3250,3667,3709,1023
1024,256,0.333333343267,0,pipeline,256,64,13132.21875,13083,13834,13834,1023
1024,256,0.333333343267,0,serial,0,64,11754.5,11750,11875,11875,255
1024,256,0.333333343267,0,serial,1,16384,12712.921875,42,84,209,255
1024,256,0.333333343267,0,serial,16,1024,11802.734375,667,1084,1208,255
1024,256,0.333333343267,0,serial,64,256,11848.34375,2833,3500,8500,255
1024,256,0.333333343267,0,serial,256,64,12129.65625,11750,36875,36875,255
1024,512,0,0,legacy,0,64,10216.875,10208,10459,10459,511
1024,512,0,0,legacy,1,32768,13956.515625,41,42,1542,511
1024,512,0,0,legacy,16,2048,10344.671875,250,1500,1541,511
1024,512,0,0,legacy,64,512,10325.5,1000,2875,2916,511
1024,512,0,0,legacy,256,128,10206.40625,4917,5459,5459,511
1024,512,0,0,stage_burst,0,64,13295.609375,13250,13917,13917,2047
1024,512,0,0,stage_burst,1,32768,18877.453125,0,42,9334,2047
1024,512,0,0,stage_burst,16,2048,13290.328125,125,9417,9500,2047
1024,512,0,0,stage_burst,64,512,13265.03125,500,9834,9916,2047
1024,512,0,0,stage_burst,256,128,13266.3125,2125,11459,11500,2047
1024,512,0,0,pipeline,0,64,16287.140625,16375,16459,16459,2047
1024,512,0,0,pipeline,1,32768,15652.25,41,42,167,2047
1024,512,0,0,pipeline,16,2048,16388.359375,500,667,5167,2047
1024,512,0,0,pipeline,64,512,16152.8125,1917,2375,2417,2047
1024,512,0,0,pipeline,256,128,16161.453125,7583,8875,8875,2047
1024,512,0,0,serial,0,64,12257.890625,12209,12750,12750,511
1024,512,0,0,serial,1,32768,14718.4375,41,83,166,511
1024,512,0,0,serial,16,2048,12290.1875,375,584,584,511
1024,512,0,0,serial,64,512,12394.453125,1500,2208,5542,511
1024,512,0,0,serial,256,128,12288.5,6166,6333,6333,511
1024,512,0.333333343267,0,legacy,0,64,13222,13209,13333,13333,511
1024,512,0.333333343267,0,legacy,1,32768,17098.5,41,42,4500,511
1024,512,0.333333343267,0,legacy,16,2048,13308.765625,250,4500,4583,511
1024,512,0.333333343267,0,legacy,64,512,13245.40625,1000,5833,5958,511
1024,512,0.333333343267,0,legacy,256,128,13207.796875,4958,8500,8542,511
1024,512,0.333333343267,0,stage_burst,0,64,13421.1875,13417,13500,13500,2047
1024,512,0.333333343267,0,stage_burst,1,32768,19076.15625,0,42,9583,2047
1024,512,0.333333343267,0,stage_burst,16,2048,13462.828125,125,9584,9667,2047
1024,512,0.333333343267,0,stage_burst,64,512,13434.90625,500,10000,10125,2047
1024,512,0.333333343267,0,stage_burst,256,128,13453.765625,2125,11625,11625,2047
1024,512,0.333333343267,0,pipeline,0,64,16321,16292,16625,16625,2047
1024,512,0.333333343267,0,pipeline,1,32768,15855.421875,41,42,166,2047
1024,512,0.333333343267,0,pipeline,16,2048,16521.875,500,667,750,2047
1024,512,0.333333343267,0,pipeline,64,512,16307.375,1959,2375,2417,2047
1024,512,0.333333343267,0,pipeline,256,128,16358.15625,7667,9000,9000,2047
1024,512,0.333333343267,0,serial,0,64,12569.59375,12500,12792,12792,511
1024,512,0.333333343267,0,serial,1,32768,15066.15625,41,83,209,511
1024,512,0.333333343267,0,serial,16,2048,12679.828125,375,584,4333,511
1024,512,0.333333343267,0,serial,64,512,12742.828125,1459,2209,12792,511
1024,512,0.333333343267,0,serial,256,128,12503.953125,6209,6500,6583,511
4096,1024,0,0,legacy,0,64,43866.484375,43792,62333,62333,1023
4096,1024,0,0,legacy,1,65536,41992.828125,41,42,12792,1023
4096,1024,0,0,legacy,16,4096,44100.484375,458,10667,11208,1023
4096,1024,0,0,legacy,64,1024,43541.0625,1916,12000,12167,1023
4096,1024,0,0,legacy,256,256,43859.25,8625,17250,17417,1023
4096,1024,0,0,stage_burst,0,64,49615.875,49500,53542,53542,4095
4096,1024,0,0,stage_burst,1,65536,60798.3125,0,42,41917,4095
4096,1024,0,0,stage_burst,16,4096,49712.984375,125,41708,45708,4095
4096,1024,0,0,stage_burst,64,1024,49713.46875,500,42292,45083,4095
4096,1024,0,0,stage_burst,256,256,49578.875,2000,43875,46292,4095
4096,1024,0,0,pipeline,0,64,54503.859375,54292,57125,57125,4095
4096,1024,0,0,pipeline,1,65536,55916.921875,42,84,6916,4095
4096,1024,0,0,pipeline,16,4096,54930.390625,833,1167,21625,4095
4096,1024,0,0,pipeline,64,1024,54423.34375,3291,3917,4042,4095
4096,1024,0,0,pipeline,256,256,54376.265625,13084,14792,18292,4095
4096,1024,0,0,serial,0,64,50350.890625,50209,53167,53167,1023
4096,1024,0,0,serial,1,65536,53387.484375,42,84,208,1023
4096,1024,0,0,serial,16,4096,50356.703125,709,1209,1292,1023
4096,1024,0,0,serial,64,1024,50324.15625,2916,4750,7792,1023
4096,1024,0,0,serial,256,256,50172.59375,11709,14416,14459,1023
4096,1024,0.333333343267,0,legacy,0,64,56087.9375,56167,59542,59542,1023
4096,1024,0.333333343267,0,legacy,1,65536,54844.953125,41,42,24958,1023
4096,1024,0.333333343267,0,legacy,16,4096,56456.25,458,22791,24041,1023
4096,1024,0.333333343267,0,legacy,64,1024,55911.59375,1917,24208,24291,1023
4096,1024,0.333333343267,0,legacy,256,256,56053.53125,8583,29459,30584,1023
4096,1024,0.333333343267,0,stage_burst,0,64,50337.140625,50209,53000,53000,4095
4096,1024,0.333333343267,0,stage_burst,1,65536,61566.59375,0,42,42666,4095
4096,1024,0.333333343267,0,stage_burst,16,4096,50388.1875,125,42375,47250,4095
4096,1024,0.333333343267,0,stage_burst,64,1024,50222.015625,500,42917,43125,4095
4096,1024,0.333333343267,0,stage_burst,256,256,50336.0625,2000,44500,48334,4095
4096,1024,0.333333343267,0,pipeline,0,64,55154.34375,55042,57708,57708,4095
4096,1024,0.333333343267,0,pipeline,1,65536,56749.46875,42,84,6208,4095
4096,1024,0.333333343267,0,pipeline,16,4096,55297.21875,833,1166,1209,4095
4096,1024,0.333333343267,0,pipeline,64,1024,55161.484375,3333,3959,4125,4095
4096,1024,0.333333343267,0,pipeline,256,256,55367.859375,14250,14958,26625,4095
4096,1024,0.333333343267,0,serial,0,64,51431.0625,51292,54125,54125,1023
4096,1024,0.333333343267,0,serial,1,65536,55583.890625,42,84,13500,1023
4096,1024,0.333333343267,0,serial,16,4096,51636.953125,750,1209,8083,1023
4096,1024,0.333333343267,0,serial,64,1024,51364.40625,3000,4750,8292,1023
4096,1024,0.333333343267,0,serial,256,256,51275.46875,11625,15375,15417,1023
4096,2048,0,0,legacy,0,64,46623,46834,49708,49708,2047
4096,2048,0,0,legacy,1,131072,58207.0625,41,42,7334,2047
4096,2048,0,0,legacy,16,8192,46892.328125,250,3833,7416,2047
4096,2048,0,0,legacy,64,2048,46857.234375,1042,7709,7959,2047
4096,2048,0,0,legacy,256,512,46474.21875,4375,13458,13584,2047
4096,2048,0,0,stage_burst,0,64,57494.140625,57334,60958,60958,8191
4096,2048,0,0,stage_burst,1,131072,80396.34375,0,42,53833,8191
4096,2048,0,0,stage_burst,16,8192,57866.671875,125,208,43875,8191
4096,2048,0,0,stage_burst,64,2048,57579.484375,500,42084,47708,8191
4096,2048,0,0,stage_burst,256,512,59496.109375,2042,45416,47500,8191
4096,2048,0,0,pipeline,0,64,70109.96875,70208,73042,73042,8191
4096,2048,0,0,pipeline,1,131072,67288.8125,42,42,250,8191
4096,2048,0,0,pipeline,16,8192,68802.765625,541,709,4666,8191
4096,2048,0,0,pipeline,64,2048,68184.265625,2042,2542,7375,8191
4096,2048,0,0,pipeline,256,512,68017,8292,9459,9542,8191
4096,2048,0,0,serial,0,64,52933.484375,52875,54875,54875,2047
4096,2048,0,0,serial,1,131072,60359.4375,41,83,30417,2047
4096,2048,0,0,serial,16,8192,53466.140625,375,667,750,2047
4096,2048,0,0,serial,64,2048,53156.71875,1542,2500,4666,2047
4096,2048,0,0,serial,256,512,52979.03125,6125,9583,9625,2047
4096,2048,0.333333343267,0,legacy,0,64,58402.4375,58500,62083,62083,2047
4096,2048,0.333333343267,0,legacy,1,131072,71223.640625,41,42,19750,2047
4096,2048,0.333333343267,0,legacy,16,8192,59060.609375,250,3833,20125,2047
4096,2048,0.333333343267,0,legacy,64,2048,58920.34375,1042,19875,23958,2047
4096,2048,0.333333343267,0,legacy,256,512,59176.546875,4375,25750,29416,2047
4096,2048,0.333333343267,0,stage_burst,0,64,58211.515625,58209,58500,58500,8191
4096,2048,0.333333343267,0,stage_burst,1,131072,81477.09375,0,42,62250,8191
4096,2048,0.333333343267,0,stage_burst,16,8192,58368.53125,125,167,47250,8191
4096,2048,0.333333343267,0,stage_burst,64,2048,58205.03125,500,42834,45458,8191
4096,2048,0.333333343267,0,stage_burst,256,512,58116.53125,1959,44417,49250,8191
4096,2048,0.333333343267,0,pipeline,0,64,68830.859375,68708,73792,73792,8191
4096,2048,0.333333343267,0,pipeline,1,131072,66060.828125,42,42,208,8191
4096,2048,0.333333343267,0,pipeline,16,8192,68738,541,708,791,8191
4096,2048,0.333333343267,0,pipeline,64,2048,68935.515625,2083,2583,3959,8191
4096,2048,0.333333343267,0,pipeline,256,512,68774.828125,8459,9584,9792,8191
4096,2048,0.333333343267,0,serial,0,64,54163.375,54083,56875,56875,2047
4096,2048,0.333333343267,0,serial,1,131072,62279.15625,41,83,19500,2047
4096,2048,0.333333343267,0,serial,16,8192,54824.015625,416,667,750,2047
4096,2048,0.333333343267,0,serial,64,2048,53515.546875,1542,2500,5333,2047
4096,2048,0.333333343267,0,serial,256,512,53324.90625,6417,9458,9666,2047
16384,4096,0,0,legacy,0,64,186416.671875,185791,193291,193291,4095
16384,4096,0,0,legacy,1,262144,179616.484375,42,42,37583,4095
16384,4096,0,0,legacy,16,16384,187037.765625,500,833,36625,4095
16384,4096,0,0,legacy,64,4096,185972.078125,2042,36750,43041,4095
16384,4096,0,0,legacy,256,1024,185879.59375,8583,43084,46458,4095
16384,4096,0,0,stage_burst,0,64,216636.0625,216208,221458,221458,16383
16384,4096,0,0,stage_burst,1,262144,261818.625,0,42,188708,16383
16384,4096,0,0,stage_burst,16,16384,216744.875,125,167,187459,16383
16384,4096,0,0,stage_burst,64,4096,216591.265625,500,185042,190833,16383
16384,4096,0,0,stage_burst,256,1024,216801.75,1959,187458,192791,16383
16384,4096,0,0,pipeline,0,64,232706.984375,232291,242375,242375,16383
16384,4096,0,0,pipeline,1,262144,244450.75,42,84,5000,16383
16384,4096,0,0,pipeline,16,16384,233267.40625,875,1167,6334,16383
16384,4096,0,0,pipeline,64,4096,232907.21875,3500,4375,8500,16383
16384,4096,0,0,pipeline,256,1024,233703.640625,14000,17167,17666,16383
16384,4096,0,0,serial,0,64,219369.171875,218833,224792,224792,4095
16384,4096,0,0,serial,1,262144,231209.734375,42,125,5334,4095
16384,4096,0,0,serial,16,16384,219453,792,1375,6125,4095
16384,4096,0,0,serial,64,4096,219250.140625,3125,5334,8250,4095
16384,4096,0,0,serial,256,1024,219206.828125,12875,21250,21417,4095
16384,4096,0.333333343267,0,legacy,0,64,233374.421875,233041,240250,240250,4095
16384,4096,0.333333343267,0,legacy,1,262144,227180.359375,42,42,87792,4095
16384,4096,0.333333343267,0,legacy,16,16384,234712.484375,500,833,87334,4095
16384,4096,0.333333343267,0,legacy,64,4096,233738.171875,2042,84417,88000,4095
16384,4096,0.333333343267,0,legacy,256,1024,233391.328125,8459,90958,95459,4095
16384,4096,0.333333343267,0,stage_burst,0,64,219709.015625,219125,226292,226292,16383
16384,4096,0.333333343267,0,stage_burst,1,262144,264852.21875,0,42,192292,16383
16384,4096,0.333333343267,0,stage_burst,16,16384,219980.375,125,167,190875,16383
16384,4096,0.333333343267,0,stage_burst,64,4096,220513.8125,500,188125,196166,16383
16384,4096,0.333333343267,0,stage_burst,256,1024,219274.109375,1959,189792,193750,16383
16384,4096,0.333333343267,0,pipeline,0,64,241087.875,243042,246583,246583,16383
16384,4096,0.333333343267,0,pipeline,1,262144,248844.859375,42,84,5625,16383
16384,4096,0.333333343267,0,pipeline,16,16384,236406,875,1167,5917,16383
16384,4096,0.333333343267,0,pipeline,64,4096,236253.953125,3542,4417,8666,16383
16384,4096,0.333333343267,0,pipeline,256,1024,235930.5625,14167,17375,19708,16383
16384,4096,0.333333343267,0,serial,0,64,223362.59375,222667,229167,229167,4095
16384,4096,0.333333343267,0,serial,1,262144,237900.953125,42,125,5334,4095
16384,4096,0.333333343267,0,serial,16,16384,223609.078125,792,1375,6417,4095
16384,4096,0.333333343267,0,serial,64,4096,222737.53125,3208,5334,10375,4095
16384,4096,0.333333343267,0,serial,256,1024,222546.84375,13000,21250,21375,4095
16384,8192,0,0,legacy,0,64,198415.3125,198042,203125,203125,8191
16384,8192,0,0,legacy,1,524288,238123.609375,41,42,22625,8191
16384,8192,0,0,legacy,16,32768,197740.640625,292,417,26625,8191
16384,8192,0,0,legacy,64,8192,196336.90625,1125,14167,123500,8191
16384,8192,0,0,legacy,256,2048,197906.703125,4666,24583,47625,8191
16384,8192,0,0,stage_burst,0,64,248074.90625,247709,255209,255209,32767
16384,8192,0,0,stage_burst,1,524288,338644.234375,0,42,189667,32767
16384,8192,0,0,stage_burst,16,32768,248950.625,125,166,190250,32767
16384,8192,0,0,stage_burst,64,8192,248144.921875,500,542,190292,32767
16384,8192,0,0,stage_burst,256,2048,248580.421875,1959,186791,207042,32767
16384,8192,0,0,pipeline,0,64,285558.515625,285583,291041,291041,32767
16384,8192,0,0,pipeline,1,524288,281313.796875,42,42,18292,32767
16384,8192,0,0,pipeline,16,32768,285303.796875,542,667,7750,32767
16384,8192,0,0,pipeline,64,8192,285997.203125,2167,2625,18500,32767
16384,8192,0,0,pipeline,256,2048,286084.28125,8625,10125,16500,32767
16384,8192,0,0,serial,0,64,229735.59375,229167,240458,240458,8191
16384,8192,0,0,serial,1,524288,249955.5625,41,84,5208,8191
16384,8192,0,0,serial,16,32768,231328.640625,417,709,18208,8191
16384,8192,0,0,serial,64,8192,230580.296875,1667,2833,15875,8191
16384,8192,0,0,serial,256,2048,229924.71875,6667,11125,13083,8191
16384,8192,0.333333343267,0,legacy,0,64,246192.0625,245667,254417,254417,8191
16384,8192,0.333333343267,0,legacy,1,524288,285862.546875,41,42,71958,8191
16384,8192,0.333333343267,0,legacy,16,32768,245736.5,292,417,82625,8191
16384,8192,0.333333343267,0,legacy,64,8192,245973.734375,1166,14250,72833,8191
16384,8192,0.333333343267,0,legacy,256,2048,245282.421875,4666,72208,74875,8191
16384,8192,0.333333343267,0,stage_burst,0,64,250965.46875,250583,256458,256458,32767
16384,8192,0.333333343267,0,stage_burst,1,524288,341629.65625,0,42,192542,32767
16384,8192,0.333333343267,0,stage_burst,16,32768,252005.421875,125,166,208959,32767
16384,8192,0.333333343267,0,stage_burst,64,8192,251008.171875,500,583,193167,32767
16384,8192,0.333333343267,0,stage_burst,256,2048,251069.484375,1959,189666,194667,32767
16384,8192,0.333333343267,0,pipeline,0,64,289311.859375,289000,307000,307000,32767
16384,8192,0.333333343267,0,pipeline,1,524288,285692.59375,42,42,7042,32767
16384,8192,0.333333343267,0,pipeline,16,32768,288345.984375,542,708,19834,32767
16384,8192,0.333333343267,0,pipeline,64,8192,288697.53125,2167,2625,7208,32767
16384,8192,0.333333343267,0,pipeline,256,2048,288462.734375,8708,10125,25791,32767
16384,8192,0.333333343267,0,serial,0,64,233864.640625,233625,237625,237625,8191
16384,8192,0.333333343267,0,serial,1,524288,263895.609375,42,84,5209,8191
16384,8192,0.333333343267,0,serial,16,32768,235917.625,417,709,13000,8191
16384,8192,0.333333343267,0,serial,64,8192,235045.984375,1708,2792,9125,8191
16384,8192,0.333333343267,0,serial,256,2048,234906.78125,6791,11166,26208,8191
1024,256,0,1,stage_burst,0,64,11282.546875,11250,11542,11542,1023
1024,256,0,1,stage_burst,1,16384,14069.625,0,42,9458,1023
1024,256,0,1,stage_burst,16,1024,11281.203125,125,9417,9459,1023
1024,256,0,1,stage_burst,64,256,11269.46875,500,9834,9958,1023
1024,256,0,1,stage_burst,256,64,12587.1875,11250,70333,70333,1023
1024,256,0,1,pipeline,0,64,12531.921875,12542,12625,12625,1023
1024,256,0,1,pipeline,1,16384,12496.46875,42,84,209,1023
1024,256,0,1,pipeline,16,1024,12726.1875,750,958,959,1023
1024,256,0,1,pipeline,64,256,12651.734375,3042,3542,3583,1023
1024,256,0,1,pipeline,256,64,12546.859375,12542,12667,12667,1023
1024,256,0,1,serial,0,64,11204.390625,11208,11375,11375,255
1024,256,0,1,serial,1,16384,12781.96875,42,84,40959,255
1024,256,0,1,serial,16,1024,11589.859375,667,1084,1167,255
1024,256,0,1,serial,64,256,11553.359375,2834,3292,3375,255
1024,256,0,1,serial,256,64,11504.515625,11500,11667,11667,255
1024,256,0,1,legacy,0,64,9483.78125,9459,9750,9750,255
1024,256,0,1,legacy,1,16384,9737.046875,41,83,2250,255
1024,256,0,1,legacy,16,1024,9518.046875,417,2500,2625,255
1024,256,0,1,legacy,64,256,9465.421875,2000,3584,3584,255
1024,256,0,1,legacy,256,64,9473.875,9458,9666,9666,255
1024,256,0.333333343267,1,stage_burst,0,64,11541.703125,11458,17875,17875,1023
1024,256,0.333333343267,1,stage_burst,1,16384,14240.171875,0,42,9542,1023
1024,256,0.333333343267,1,stage_burst,16,1024,11468.0625,125,9625,9750,1023
1024,256,0.333333343267,1,stage_burst,64,256,11434.828125,500,10000,10083,1023
1024,256,0.333333343267,1,stage_burst,256,64,11440.140625,11417,11625,11625,1023
1024,256,0.333333343267,1,pipeline,0,64,13096.390625,13083,13292,13292,1023
1024,256,0.333333343267,1,pipeline,1,16384,13018.34375,42,84,209,1023
1024,256,0.333333343267,1,pipeline,16,1024,13127.125,792,1000,1125,1023
1024,256,0.333333343267,1,pipeline,64,256,13154.984375,3125,3709,8542,1023
1024,256,0.333333343267,1,pipeline,256,64,13077.4375,13083,13166,13166,1023
1024,256,0.333333343267,1,serial,0,64,11733.8125,11709,12125,12125,255
1024,256,0.333333343267,1,serial,1,16384,13015.546875,42,84,208,255
1024,256,0.333333343267,1,serial,16,1024,11811.765625,667,1083,1125,255
1024,256,0.333333343267,1,serial,64,256,11776.734375,2834,3417,3500,255
1024,256,0.333333343267,1,serial,256,64,11748.71875,11750,11875,11875,255
1024,256,0.333333343267,1,legacy,0,64,12471.34375,12458,12792,12792,255
1024,256,0.333333343267,1,legacy,1,16384,12661.203125,41,83,5333,255
1024,256,0.333333343267,1,legacy,16,1024,12490.015625,417,5542,5625,255
1024,256,0.333333343267,1,legacy,64,256,12473.34375,1917,6625,6750,255
1024,256,0.333333343267,1,legacy,256,64,12463.578125,12458,12583,12583,255
1024,512,0,1,stage_burst,0,64,13234.328125,13250,13375,13375,2047
1024,512,0,1,stage_burst,1,32768,18909.609375,0,42,9458,2047
1024,512,0,1,stage_burst,16,2048,13279.96875,125,9417,9459,2047
1024,512,0,1,stage_burst,64,512,13238.8125,500,9792,9834,2047
1024,512,0,1,stage_burst,256,128,13236.390625,2000,11375,11417,2047
1024,512,0,1,pipeline,0,64,16161.484375,16166,16292,16292,2047
1024,512,0,1,pipeline,1,32768,15993.421875,41,42,24167,2047
1024,512,0,1,pipeline,16,2048,16279.4375,500,667,709,2047
1024,512,0,1,pipeline,64,512,16158.171875,2000,2417,2500,2047
1024,512,0,1,pipeline,256,128,16213.5,7541,8834,14584,2047
1024,512,0,1,serial,0,64,12281.8125,12250,12666,12666,511
1024,512,0,1,serial,1,32768,14837.078125,41,83,125,511
1024,512,0,1,serial,16,2048,12324.390625,375,584,584,511
1024,512,0,1,serial,64,512,12249.21875,1500,2209,2209,511
1024,512,0,1,serial,256,128,12227.859375,6125,6292,6333,511
1024,512,0,1,legacy,0,64,10223.421875,10209,10459,10459,511
1024,512,0,1,legacy,1,32768,14000.890625,41,42,5500,511
1024,512,0,1,legacy,16,2048,10333.75,250,1500,1542,511
1024,512,0,1,legacy,64,512,10230.5,1000,2792,2792,511
1024,512,0,1,legacy,256,128,10209.03125,4875,5542,5542,511
1024,512,0.333333343267,1,stage_burst,0,64,13421.859375,13417,13584,13584,2047
1024,512,0.333333343267,1,stage_burst,1,32768,19067.125,0,42,9667,2047
1024,512,0.333333343267,1,stage_burst,16,2048,13476,125,9625,9750,2047
1024,512,0.333333343267,1,stage_burst,64,512,13427.8125,500,10041,10125,2047
1024,512,0.333333343267,1,stage_burst,256,128,13426.4375,2042,11625,11625,2047
1024,512,0.333333343267,1,pipeline,0,64,16315.046875,16333,16417,16417,2047
1024,512,0.333333343267,1,pipeline,1,32768,15834.578125,41,42,125,2047
1024,512,0.333333343267,1,pipeline,16,2048,16511.375,500,667,709,2047
1024,512,0.333333343267,1,pipeline,64,512,16343.84375,2000,2417,2541,2047
1024,512,0.333333343267,1,pipeline,256,128,16415.953125,7583,8959,13917,2047
1024,512,0.333333343267,1,serial,0,64,12621.078125,12625,12708,12708,511
1024,512,0.333333343267,1,serial,1,32768,15295.09375,41,83,167,511
1024,512,0.333333343267,1,serial,16,2048,12698.703125,375,584,708,511
1024,512,0.333333343267,1,serial,64,512,12583.984375,1500,2209,2250,511
1024,512,0.333333343267,1,serial,256,128,12625.109375,6416,6834,7125,511
1024,512,0.333333343267,1,legacy,0,64,13222.65625,13208,13375,13375,511
1024,512,0.333333343267,1,legacy,1,32768,16999.734375,41,42,4542,511
1024,512,0.333333343267,1,legacy,16,2048,13361.84375,250,4500,4583,511
1024,512,0.333333343267,1,legacy,64,512,13256.515625,1000,5792,5834,511
1024,512,0.333333343267,1,legacy,256,128,13209.03125,4916,8458,8458,511
4096,1024,0,1,stage_burst,0,64,49891.9375,49583,55083,55083,4095
4096,1024,0,1,stage_burst,1,65536,60842,0,42,41917,4095
4096,1024,0,1,stage_burst,16,4096,49917.328125,125,41667,60167,4095
4096,1024,0,1,stage_burst,64,1024,49607.34375,500,42166,46000,4095
4096,1024,0,1,stage_burst,256,256,49635.953125,2000,43875,48458,4095
4096,1024,0,1,pipeline,0,64,54356.765625,54333,55667,55667,4095
4096,1024,0,1,pipeline,1,65536,55635.796875,42,84,209,4095
4096,1024,0,1,pipeline,16,4096,55109.78125,833,1166,1208,4095
4096,1024,0,1,pipeline,64,1024,54643.21875,3292,3958,11292,4095
4096,1024,0,1,pipeline,256,256,54606.125,14041,15541,19625,4095
4096,1024,0,1,serial,0,64,50428.421875,50167,57667,57667,1023
4096,1024,0,1,serial,1,65536,53771.296875,42,84,9125,1023
4096,1024,0,1,serial,16,4096,50508.578125,709,1209,7666,1023
4096,1024,0,1,serial,64,1024,50294.625,2917,4792,5375,1023
4096,1024,0,1,serial,256,256,50391.84375,11584,14417,27083,1023
4096,1024,0,1,legacy,0,64,43837.984375,43875,48291,48291,1023
4096,1024,0,1,legacy,1,65536,42550.046875,41,42,10917,1023
4096,1024,0,1,legacy,16,4096,43818.546875,458,10625,16250,1023
4096,1024,0,1,legacy,64,1024,43558.0625,1916,12042,12500,1023
4096,1024,0,1,legacy,256,256,43817.125,8709,17250,21959,1023
4096,1024,0.333333343267,1,stage_burst,0,64,50275.40625,50250,53042,53042,4095
4096,1024,0.333333343267,1,stage_burst,1,65536,62273.046875,0,42,60166,4095
4096,1024,0.333333343267,1,stage_burst,16,4096,50292.9375,125,42334,45042,4095
4096,1024,0.333333343267,1,stage_burst,64,1024,50427.09375,500,42917,48000,4095
4096,1024,0.333333343267,1,stage_burst,256,256,50272.6875,2000,44583,47042,4095
4096,1024,0.333333343267,1,pipeline,0,64,55114.640625,55000,58083,58083,4095
4096,1024,0.333333343267,1,pipeline,1,65536,56336.4375,42,84,208,4095
4096,1024,0.333333343267,1,pipeline,16,4096,55373.734375,834,1125,1167,4095
4096,1024,0.333333343267,1,pipeline,64,1024,55231.234375,3333,4000,8000,4095
4096,1024,0.333333343267,1,pipeline,256,256,55090.484375,13250,15042,15084,4095
4096,1024,0.333333343267,1,serial,0,64,51356.203125,51250,54375,54375,1023
4096,1024,0.333333343267,1,serial,1,65536,55548.3125,42,84,209,1023
4096,1024,0.333333343267,1,serial,16,4096,51551.421875,750,1209,6042,1023
4096,1024,0.333333343267,1,serial,64,1024,51322.359375,3000,4791,4875,1023
4096,1024,0.333333343267,1,serial,256,256,51226.171875,11667,15417,15458,1023
4096,1024,0.333333343267,1,legacy,0,64,55909.4375,56166,56708,56708,1023
4096,1024,0.333333343267,1,legacy,1,65536,54773.0625,41,42,22792,1023
4096,1024,0.333333343267,1,legacy,16,4096,55923.65625,458,22708,25667,1023
4096,1024,0.333333343267,1,legacy,64,1024,56330.484375,1958,24292,36292,1023
4096,1024,0.333333343267,1,legacy,256,256,55361.34375,8584,29417,32959,1023
4096,2048,0,1,stage_burst,0,64,57401.796875,57334,60209,60209,8191
4096,2048,0,1,stage_burst,1,131072,80128.859375,0,42,41916,8191
4096,2048,0,1,stage_burst,16,8192,57719.40625,125,167,47083,8191
4096,2048,0,1,stage_burst,64,2048,57439.25,500,42125,42417,8191
4096,2048,0,1,stage_burst,256,512,57526.171875,1959,43708,48458,8191
4096,2048,0,1,pipeline,0,64,68145.859375,68042,70875,70875,8191
4096,2048,0,1,pipeline,1,131072,64969.0625,42,42,208,8191
4096,2048,0,1,pipeline,16,8192,68049.03125,500,708,875,8191
4096,2048,0,1,pipeline,64,2048,68545.6875,2042,2541,19041,8191
4096,2048,0,1,pipeline,256,512,68109.296875,8416,9500,13334,8191
4096,2048,0,1,serial,0,64,52912.03125,52875,55625,55625,2047
4096,2048,0,1,serial,1,131072,60058.078125,41,83,17292,2047
4096,2048,0,1,serial,16,8192,53449.09375,375,667,709,2047
4096,2048,0,1,serial,64,2048,53285.640625,1542,2542,6583,2047
4096,2048,0,1,serial,256,512,52970.671875,6208,9542,9667,2047
4096,2048,0,1,legacy,0,64,46625.65625,46834,50584,50584,2047
4096,2048,0,1,legacy,1,131072,59173.546875,41,42,8417,2047
4096,2048,0,1,legacy,16,8192,46873.375,250,3833,7417,2047
4096,2048,0,1,legacy,64,2048,46745.109375,1042,7750,7917,2047
4096,2048,0,1,legacy,256,512,46815.65625,4375,13459,13791,2047
4096,2048,0.333333343267,1,stage_burst,0,64,58082.09375,58000,59500,59500,8191
4096,2048,0.333333343267,1,stage_burst,1,131072,80688.40625,0,42,42583,8191
4096,2048,0.333333343267,1,stage_burst,16,8192,58326.25,125,167,45209,8191
4096,2048,0.333333343267,1,stage_burst,64,2048,58183.625,500,42792,43125,8191
4096,2048,0.333333343267,1,stage_burst,256,512,58069.625,1959,44375,44583,8191
4096,2048,0.333333343267,1,pipeline,0,64,68753.875,68708,73916,73916,8191
4096,2048,0.333333343267,1,pipeline,1,131072,66185.78125,42,42,250,8191
4096,2048,0.333333343267,1,pipeline,16,8192,68865.46875,541,708,5542,8191
4096,2048,0.333333343267,1,pipeline,64,2048,69181.953125,2083,2541,19875,8191
4096,2048,0.333333343267,1,pipeline,256,512,68816.5,8500,9583,14791,8191
4096,2048,0.333333343267,1,serial,0,64,54237,54250,54458,54458,2047
4096,2048,0.333333343267,1,serial,1,131072,61916.609375,41,83,167,2047
4096,2048,0.333333343267,1,serial,16,8192,54830.734375,416,667,750,2047
4096,2048,0.333333343267,1,serial,64,2048,54483.578125,1584,2541,2666,2047
4096,2048,0.333333343267,1,serial,256,512,54346.1875,6583,9542,9625,2047
4096,2048,0.333333343267,1,legacy,0,64,58835.3125,59041,61667,61667,2047
4096,2048,0.333333343267,1,legacy,1,131072,71174.90625,41,42,19542,2047
4096,2048,0.333333343267,1,legacy,16,8192,58833.296875,250,3834,25667,2047
4096,2048,0.333333343267,1,legacy,64,2048,59273.984375,1042,19958,21625,2047
4096,2048,0.333333343267,1,legacy,256,512,58388.125,4375,25625,25709,2047
16384,4096,0,1,stage_burst,0,64,216397.203125,216125,221625,221625,16383
16384,4096,0,1,stage_burst,1,262144,262512.625,0,42,191500,16383
16384,4096,0,1,stage_burst,16,16384,216917.375,125,167,190042,16383
16384,4096,0,1,stage_burst,64,4096,216692.1875,500,185000,190000,16383
16384,4096,0,1,stage_burst,256,1024,216652.890625,1959,186958,199416,16383
16384,4096,0,1,pipeline,0,64,233307.921875,232250,257958,257958,16383
16384,4096,0,1,pipeline,1,262144,244670.828125,42,84,12459,16383
16384,4096,0,1,pipeline,16,16384,233998.140625,875,1167,6209,16383
16384,4096,0,1,pipeline,64,4096,233066.03125,3500,4375,8542,16383
16384,4096,0,1,pipeline,256,1024,232380.96875,13958,17167,19166,16383
16384,4096,0,1,serial,0,64,219087.90625,218750,223833,223833,4095
16384,4096,0,1,serial,1,262144,230972.203125,42,125,7583,4095
16384,4096,0,1,serial,16,16384,219608.890625,792,1375,5917,4095
16384,4096,0,1,serial,64,4096,219797.078125,3125,5375,29583,4095
16384,4096,0,1,serial,256,1024,219203.28125,12875,21250,21833,4095
16384,4096,0,1,legacy,0,64,186676.421875,186125,200250,200250,4095
16384,4096,0,1,legacy,1,262144,179592.0625,42,42,38292,4095
16384,4096,0,1,legacy,16,16384,186470.21875,500,833,38750,4095
16384,4096,0,1,legacy,64,4096,188734.140625,2042,36792,50625,4095
16384,4096,0,1,legacy,256,1024,186771.578125,8583,43125,61167,4095
16384,4096,0.333333343267,1,stage_burst,0,64,219137.375,219000,223208,223208,16383
16384,4096,0.333333343267,1,stage_burst,1,262144,264747.6875,0,42,191292,16383
16384,4096,0.333333343267,1,stage_burst,16,16384,220007.46875,125,167,195208,16383
16384,4096,0.333333343267,1,stage_burst,64,4096,219409.515625,500,187833,193542,16383
16384,4096,0.333333343267,1,stage_burst,256,1024,219314.265625,1959,189792,197708,16383
16384,4096,0.333333343267,1,pipeline,0,64,235996.03125,235584,239917,239917,16383
16384,4096,0.333333343267,1,pipeline,1,262144,247565.015625,42,84,4000,16383
16384,4096,0.333333343267,1,pipeline,16,16384,236508.390625,875,1167,4833,16383
16384,4096,0.333333343267,1,pipeline,64,4096,236792.515625,3542,4458,27917,16383
16384,4096,0.333333343267,1,pipeline,256,1024,235661.390625,14125,17375,19833,16383
16384,4096,0.333333343267,1,serial,0,64,223236.34375,222584,227625,227625,4095
16384,4096,0.333333343267,1,serial,1,262144,238435.09375,42,125,4125,4095
16384,4096,0.333333343267,1,serial,16,16384,223625.1875,792,1375,2625,4095
16384,4096,0.333333343267,1,serial,64,4096,222586.40625,3208,5334,7916,4095
16384,4096,0.333333343267,1,serial,256,1024,222734.9375,13125,21250,22000,4095
16384,4096,0.333333343267,1,legacy,0,64,233587.828125,233125,239667,239667,4095
16384,4096,0.333333343267,1,legacy,1,262144,227344.953125,42,42,87292,4095
16384,4096,0.333333343267,1,legacy,16,16384,234516.8125,500,833,90166,4095
16384,4096,0.333333343267,1,legacy,64,4096,233606.5625,2042,84417,88542,4095
16384,4096,0.333333343267,1,legacy,256,1024,233517.03125,8583,90708,93333,4095
16384,8192,0,1,stage_burst,0,64,248211.59375,247750,251833,251833,32767
16384,8192,0,1,stage_burst,1,524288,339241.375,0,42,189541,32767
16384,8192,0,1,stage_burst,16,32768,248919.09375,125,166,188416,32767
16384,8192,0,1,stage_burst,64,8192,248417.59375,500,625,192334,32767
16384,8192,0,1,stage_burst,256,2048,248407.046875,1959,186792,192750,32767
16384,8192,0,1,pipeline,0,64,285970.6875,285583,289917,289917,32767
16384,8192,0,1,pipeline,1,524288,281109.578125,42,42,4458,32767
16384,8192,0,1,pipeline,16,32768,284510.46875,542,667,2000,32767
16384,8192,0,1,pipeline,64,8192,285718.46875,2167,2625,4167,32767
16384,8192,0,1,pipeline,256,2048,285603.9375,8625,10083,10500,32767
16384,8192,0,1,serial,0,64,229817.015625,229375,232209,232209,8191
16384,8192,0,1,serial,1,524288,251411.203125,41,84,1583,8191
16384,8192,0,1,serial,16,32768,231259.265625,417,709,1833,8191
16384,8192,0,1,serial,64,8192,230232.609375,1667,2792,3416,8191
16384,8192,0,1,serial,256,2048,229633.53125,6667,11125,11667,8191
16384,8192,0,1,legacy,0,64,198026.71875,197709,200959,200959,8191
16384,8192,0,1,legacy,1,524288,237636.421875,41,42,23167,8191
16384,8192,0,1,legacy,16,32768,197457.6875,292,417,25000,8191
16384,8192,0,1,legacy,64,8192,197569.34375,1166,14209,27584,8191
16384,8192,0,1,legacy,256,2048,197895.21875,4625,24500,27375,8191
16384,8192,0.333333343267,1,stage_burst,0,64,251360.046875,250667,261541,261541,32767
16384,8192,0.333333343267,1,stage_burst,1,524288,342263.71875,0,42,193292,32767
16384,8192,0.333333343267,1,stage_burst,16,32768,251969.609375,125,166,195542,32767
16384,8192,0.333333343267,1,stage_burst,64,8192,251344.25,500,625,192958,32767
16384,8192,0.333333343267,1,stage_burst,256,2048,251326.09375,1959,189584,204542,32767
16384,8192,0.333333343267,1,pipeline,0,64,288727.203125,288625,292375,292375,32767
16384,8192,0.333333343267,1,pipeline,1,524288,285591.15625,42,42,14042,32767
16384,8192,0.333333343267,1,pipeline,16,32768,287959.90625,542,667,5833,32767
16384,8192,0.333333343267,1,pipeline,64,8192,288908.171875,2167,2666,22917,32767
16384,8192,0.333333343267,1,pipeline,256,2048,288681.921875,8708,10125,15000,32767
16384,8192,0.333333343267,1,serial,0,64,234705.015625,233875,253167,253167,8191
16384,8192,0.333333343267,1,serial,1,524288,263986.890625,42,84,12875,8191
16384,8192,0.333333343267,1,serial,16,32768,236462.84375,417,709,19167,8191
16384,8192,0.333333343267,1,serial,64,8192,235558.625,1708,2833,20250,8191
16384,8192,0.333333343267,1,serial,256,2048,234363.390625,6750,11166,15625,8191
16384,8192,0.333333343267,1,legacy,0,64,245916.578125,244750,268042,268042,8191
16384,8192,0.333333343267,1,legacy,1,524288,285733.703125,41,42,72708,8191
16384,8192,0.333333343267,1,legacy,16,32768,245331.21875,292,417,74542,8191
16384,8192,0.333333343267,1,legacy,64,8192,245396.640625,1166,14291,75166,8191
16384,8192,0.333333343267,1,legacy,256,2048,245343.609375,4666,72250,82875,8191
1024,256,0,2,pipeline,0,64,13005.171875,12917,18166,18166,1023
1024,256,0,2,pipeline,1,16384,12840.03125,42,84,208,1023
1024,256,0,2,pipeline,16,1024,12945.265625,791,959,1000,1023
1024,256,0,2,pipeline,64,256,13046.90625,3084,3666,3708,1023
1024,256,0,2,pipeline,256,64,12925.78125,12917,13083,13083,1023
1024,256,0,2,serial,0,64,11515.59375,11500,11750,11750,255
1024,256,0,2,serial,1,16384,12280.0625,42,84,209,255
1024,256,0,2,serial,16,1024,11647.1875,667,1084,5792,255
1024,256,0,2,serial,64,256,11783.890625,2750,3292,20666,255
1024,256,0,2,serial,256,64,11496.671875,11500,11709,11709,255
1024,256,0,2,legacy,0,64,9474.015625,9459,9791,9791,255
1024,256,0,2,legacy,1,16384,9696.625,41,84,2209,255
1024,256,0,2,legacy,16,1024,9480.953125,417,2500,2625,255
1024,256,0,2,legacy,64,256,9475.25,2000,3584,3625,255
1024,256,0,2,legacy,256,64,9455.90625,9458,9625,9625,255
1024,256,0,2,stage_burst,0,64,11264.265625,11250,11458,11458,1023
1024,256,0,2,stage_burst,1,16384,14163.234375,0,42,14417,1023
1024,256,0,2,stage_burst,16,1024,11287.75,125,9458,9500,1023
1024,256,0,2,stage_burst,64,256,11266.96875,500,9834,9917,1023
1024,256,0,2,stage_burst,256,64,11257.84375,11250,11333,11333,1023
1024,256,0.333333343267,2,pipeline,0,64,13082.6875,13083,13167,13167,1023
1024,256,0.333333343267,2,pipeline,1,16384,13022.890625,42,84,209,1023
1024,256,0.333333343267,2,pipeline,16,1024,13112.046875,792,1000,1042,1023
1024,256,0.333333343267,2,pipeline,64,256,13094.34375,3250,3709,3750,1023
1024,256,0.333333343267,2,pipeline,256,64,13115.90625,13083,15125,15125,1023
1024,256,0.333333343267,2,serial,0,64,11702.65625,11708,11834,11834,255
1024,256,0.333333343267,2,serial,1,16384,13015.71875,42,84,208,255
1024,256,0.333333343267,2,serial,16,1024,11790.90625,667,1084,1125,255
1024,256,0.333333343267,2,serial,64,256,11716.765625,2833,3417,3500,255
1024,256,0.333333343267,2,serial,256,64,11702.546875,11708,11750,11750,255
1024,256,0.333333343267,2,legacy,0,64,12481.8125,12459,12708,12708,255
1024,256,0.333333343267,2,legacy,1,16384,12692.015625,41,84,5333,255
1024,256,0.333333343267,2,legacy,16,1024,12524.09375,417,5542,5625,255
1024,256,0.333333343267,2,legacy,64,256,12647.671875,2083,6792,6834,255
1024,256,0.333333343267,2,legacy,256,64,12093.109375,12083,12750,12750,255
1024,256,0.333333343267,2,stage_burst,0,64,11085.953125,11083,11166,11166,1023
1024,256,0.333333343267,2,stage_burst,1,16384,13837.203125,0,42,9291,1023
1024,256,0.333333343267,2,stage_burst,16,1024,11115.953125,125,9333,9375,1023
1024,256,0.333333343267,2,stage_burst,64,256,11093.3125,500,9709,9792,1023
1024,256,0.333333343267,2,stage_burst,256,64,11100.265625,11083,11250,11250,1023
1024,512,0,2,pipeline,0,64,15659.515625,15625,15792,15792,2047
1024,512,0,2,pipeline,1,32768,16045.5,41,42,39709,2047
1024,512,0,2,pipeline,16,2048,16350.71875,500,667,708,2047
1024,512,0,2,pipeline,64,512,16159.6875,1959,2417,2500,2047
1024,512,0,2,pipeline,256,128,16153.0625,7500,8833,8833,2047
1024,512,0,2,serial,0,64,12347.625,12292,12792,12792,511
1024,512,0,2,serial,1,32768,14939.109375,41,83,125,511
1024,512,0,2,serial,16,2048,12519.59375,375,584,6959,511
1024,512,0,2,serial,64,512,12347.265625,1500,2209,2375,511
1024,512,0,2,serial,256,128,12319.6875,6167,6209,6375,511
1024,512,0,2,legacy,0,64,10229.828125,10208,10667,10667,511
1024,512,0,2,legacy,1,32768,14039.46875,41,42,1417,511
1024,512,0,2,legacy,16,2048,10361.4375,250,1500,1625,511
1024,512,0,2,legacy,64,512,10249.3125,1000,2792,2875,511
1024,512,0,2,legacy,256,128,10199.203125,4875,5500,5541,511
1024,512,0,2,stage_burst,0,64,13311.796875,13250,17500,17500,2047
1024,512,0,2,stage_burst,1,32768,19125.265625,0,42,16625,2047
1024,512,0,2,stage_burst,16,2048,13361.921875,125,9458,9792,2047
1024,512,0,2,stage_burst,64,512,13242.28125,500,9834,9916,2047
1024,512,0,2,stage_burst,256,128,13240.296875,2000,11333,11334,2047
1024,512,0.333333343267,2,pipeline,0,64,16378.25,16375,16458,16458,2047
1024,512,0.333333343267,2,pipeline,1,32768,15951.875,41,42,6708,2047
1024,512,0.333333343267,2,pipeline,16,2048,16540.375,500,708,709,2047
1024,512,0.333333343267,2,pipeline,64,512,16389.3125,2000,2417,2458,2047
1024,512,0.333333343267,2,pipeline,256,128,16383.484375,7625,8958,8959,2047
1024,512,0.333333343267,2,serial,0,64,12602.828125,12583,12792,12792,511
1024,512,0.333333343267,2,serial,1,32768,15466,41,83,4875,511
1024,512,0.333333343267,2,serial,16,2048,12681.625,375,584,4250,511
1024,512,0.333333343267,2,serial,64,512,12580.515625,1458,2209,2209,511
1024,512,0.333333343267,2,serial,256,128,12556.484375,6208,6500,6625,511
1024,512,0.333333343267,2,legacy,0,64,13223.28125,13208,13334,13334,511
1024,512,0.333333343267,2,legacy,1,32768,17115.921875,41,42,4500,511
1024,512,0.333333343267,2,legacy,16,2048,13371.34375,250,4500,4625,511
1024,512,0.333333343267,2,legacy,64,512,13279.421875,1000,5875,5959,511
1024,512,0.333333343267,2,legacy,256,128,13279.3125,6917,8584,8625,511
1024,512,0.333333343267,2,stage_burst,0,64,13447.34375,13417,13583,13583,2047
1024,512,0.333333343267,2,stage_burst,1,32768,19129.84375,0,42,9666,2047
1024,512,0.333333343267,2,stage_burst,16,2048,13498.03125,125,9625,9792,2047
1024,512,0.333333343267,2,stage_burst,64,512,13462.671875,500,10083,10125,2047
1024,512,0.333333343267,2,stage_burst,256,128,13447.328125,2000,11625,11625,2047
4096,1024,0,2,pipeline,0,64,54427.0625,54334,56375,56375,4095
4096,1024,0,2,pipeline,1,65536,55585.796875,42,84,167,4095
4096,1024,0,2,pipeline,16,4096,55223.671875,833,1167,1250,4095
4096,1024,0,2,pipeline,64,1024,54445.875,3291,3917,8333,4095
4096,1024,0,2,pipeline,256,256,56214.21875,14083,18083,88833,4095
4096,1024,0,2,serial,0,64,50275.421875,50167,52875,52875,1023
4096,1024,0,2,serial,1,65536,54061.859375,42,84,19042,1023
4096,1024,0,2,serial,16,4096,50350.28125,709,1209,1250,1023
4096,1024,0,2,serial,64,1024,50250.65625,2916,4750,4792,1023
4096,1024,0,2,serial,256,256,50197.21875,11583,14334,14458,1023
4096,1024,0,2,legacy,0,64,43792.421875,43834,47667,47667,1023
4096,1024,0,2,legacy,1,65536,42785.484375,41,42,10917,1023
4096,1024,0,2,legacy,16,4096,43791.890625,458,10542,11042,1023
4096,1024,0,2,legacy,64,1024,43594.125,1875,12084,12291,1023
4096,1024,0,2,legacy,256,256,43748.15625,8667,17209,21375,1023
4096,1024,0,2,stage_burst,0,64,49866.5,49500,66792,66792,4095
4096,1024,0,2,stage_burst,1,65536,60934.453125,0,42,46750,4095
4096,1024,0,2,stage_burst,16,4096,49945.21875,125,41667,59167,4095
4096,1024,0,2,stage_burst,64,1024,49646.984375,500,42209,46958,4095
4096,1024,0,2,stage_burst,256,256,49531.828125,2000,43750,46500,4095
4096,1024,0.333333343267,2,pipeline,0,64,55295.5625,55042,60041,60041,4095
4096,1024,0.333333343267,2,pipeline,1,65536,56273.9375,42,84,5292,4095
4096,1024,0.333333343267,2,pipeline,16,4096,55373.234375,833,1166,1292,4095
4096,1024,0.333333343267,2,pipeline,64,1024,55204.171875,3333,4000,8292,4095
4096,1024,0.333333343267,2,pipeline,256,256,55073.59375,13208,14875,14917,4095
4096,1024,0.333333343267,2,serial,0,64,51376.234375,51250,56000,56000,1023
4096,1024,0.333333343267,2,serial,1,65536,55627.484375,42,84,209,1023
4096,1024,0.333333343267,2,serial,16,4096,51569.078125,750,1209,6416,1023
4096,1024,0.333333343267,2,serial,64,1024,51298.4375,3000,4750,4792,1023
4096,1024,0.333333343267,2,serial,256,256,51583.9375,13167,15750,28750,1023
4096,1024,0.333333343267,2,legacy,0,64,56087.890625,56208,58833,58833,1023
4096,1024,0.333333343267,2,legacy,1,65536,54722.109375,41,42,23375,1023
4096,1024,0.333333343267,2,legacy,16,4096,55895.3125,458,22417,26500,1023
4096,1024,0.333333343267,2,legacy,64,1024,55967.65625,1917,24291,24459,1023
4096,1024,0.333333343267,2,legacy,256,256,55683.671875,8791,29416,32792,1023
4096,1024,0.333333343267,2,stage_burst,0,64,50363.3125,50250,53833,53833,4095
4096,1024,0.333333343267,2,stage_burst,1,65536,61739.265625,0,42,43791,4095
4096,1024,0.333333343267,2,stage_burst,16,4096,50390,125,42458,45083,4095
4096,1024,0.333333343267,2,stage_burst,64,1024,50223.9375,500,42917,43584,4095
4096,1024,0.333333343267,2,stage_burst,256,256,50317.734375,2000,44542,47166,4095
4096,2048,0,2,pipeline,0,64,68059.984375,68000,70625,70625,8191
4096,2048,0,2,pipeline,1,131072,65227.4375,42,42,14041,8191
4096,2048,0,2,pipeline,16,8192,68178.34375,500,708,5542,8191
4096,2048,0,2,pipeline,64,2048,68050.140625,2042,2542,2625,8191
4096,2048,0,2,pipeline,256,512,68070.90625,8250,9542,14208,8191
4096,2048,0,2,serial,0,64,52847,52833,53250,53250,2047
4096,2048,0,2,serial,1,131072,59634.890625,41,83,209,2047
4096,2048,0,2,serial,16,8192,53611.90625,375,667,5667,2047
4096,2048,0,2,serial,64,2048,53064.3125,1542,2500,2709,2047
4096,2048,0,2,serial,256,512,52937.46875,6208,9542,9666,2047
4096,2048,0,2,legacy,0,64,46529.828125,46708,47208,47208,2047
4096,2048,0,2,legacy,1,131072,59192.5,41,42,11333,2047
4096,2048,0,2,legacy,16,8192,46750.21875,250,3833,7417,2047
4096,2048,0,2,legacy,64,2048,46990.046875,1042,7750,8000,2047
4096,2048,0,2,legacy,256,512,46836.65625,4375,13458,13625,2047
4096,2048,0,2,stage_burst,0,64,57415.296875,57375,59041,59041,8191
4096,2048,0,2,stage_burst,1,131072,80139.765625,0,42,41875,8191
4096,2048,0,2,stage_burst,16,8192,57808,125,167,46791,8191
4096,2048,0,2,stage_burst,64,2048,57650.3125,500,42084,42333,8191
4096,2048,0,2,stage_burst,256,512,59034.90625,1959,43667,145958,8191
4096,2048,0.333333343267,2,pipeline,0,64,68669.859375,68708,69000,69000,8191
4096,2048,0.333333343267,2,pipeline,1,131072,66773.515625,42,42,26000,8191
4096,2048,0.333333343267,2,pipeline,16,8192,69028.203125,541,708,5708,8191
4096,2048,0.333333343267,2,pipeline,64,2048,68910.671875,2083,2542,2625,8191
4096,2048,0.333333343267,2,pipeline,256,512,68669.515625,8375,9542,9667,8191
4096,2048,0.333333343267,2,serial,0,64,54411.453125,54208,62916,62916,2047
4096,2048,0.333333343267,2,serial,1,131072,61950.921875,41,83,167,2047
4096,2048,0.333333343267,2,serial,16,8192,54992.25,416,667,791,2047
4096,2048,0.333333343267,2,serial,64,2048,54466.359375,1584,2541,6750,2047
4096,2048,0.333333343267,2,serial,256,512,54342.46875,6583,9542,9667,2047
4096,2048,0.333333343267,2,legacy,0,64,58988.96875,59083,62875,62875,2047
4096,2048,0.333333343267,2,legacy,1,131072,71116.078125,41,42,19375,2047
4096,2048,0.333333343267,2,legacy,16,8192,59018.515625,250,3875,19708,2047
4096,2048,0.333333343267,2,legacy,64,2048,59174.546875,1042,19917,20667,2047
4096,2048,0.333333343267,2,legacy,256,512,58808.578125,4375,25667,25709,2047
4096,2048,0.333333343267,2,stage_burst,0,64,58183.640625,58083,61375,61375,8191
4096,2048,0.333333343267,2,stage_burst,1,131072,80855.0625,0,42,45167,8191
4096,2048,0.333333343267,2,stage_burst,16,8192,58382.296875,125,167,47459,8191
4096,2048,0.333333343267,2,stage_burst,64,2048,58112.265625,500,42833,43000,8191
4096,2048,0.333333343267,2,stage_burst,256,512,58144.046875,1959,44542,45875,8191
16384,4096,0,2,pipeline,0,64,233437.46875,232333,252584,252584,16383
16384,4096,0,2,pipeline,1,262144,244343.9375,42,84,5792,16383
16384,4096,0,2,pipeline,16,16384,233149.40625,875,1167,6167,16383
16384,4096,0,2,pipeline,64,4096,232851.5,3500,4375,8667,16383
16384,4096,0,2,pipeline,256,1024,232443.734375,13958,17167,20292,16383
16384,4096,0,2,serial,0,64,219174.453125,218708,226709,226709,4095
16384,4096,0,2,serial,1,262144,230387.6875,42,125,5000,4095
16384,4096,0,2,serial,16,16384,219663.875,792,1375,6291,4095
16384,4096,0,2,serial,64,4096,219772.03125,3166,5375,20084,4095
16384,4096,0,2,serial,256,1024,219291.0625,12875,21250,22166,4095
16384,4096,0,2,legacy,0,64,186685.578125,186292,199458,199458,4095
16384,4096,0,2,legacy,1,262144,180467.796875,42,42,40084,4095
16384,4096,0,2,legacy,16,16384,185970.59375,500,833,36041,4095
16384,4096,0,2,legacy,64,4096,186159.828125,2042,36750,42250,4095
16384,4096,0,2,legacy,256,1024,186019.65625,8583,43041,44000,4095
16384,4096,0,2,stage_burst,0,64,217470.015625,216250,230459,230459,16383
16384,4096,0,2,stage_burst,1,262144,261878.03125,0,42,189959,16383
16384,4096,0,2,stage_burst,16,16384,217492.015625,125,167,211875,16383
16384,4096,0,2,stage_burst,64,4096,217021.234375,500,185041,196541,16383
16384,4096,0,2,stage_burst,256,1024,216447.75,1959,187041,191791,16383
16384,4096,0.333333343267,2,pipeline,0,64,235917.984375,235583,252625,252625,16383
16384,4096,0.333333343267,2,pipeline,1,262144,247562.125,42,84,5167,16383
16384,4096,0.333333343267,2,pipeline,16,16384,236387.875,875,1167,5958,16383
16384,4096,0.333333343267,2,pipeline,64,4096,236528.765625,3542,4417,24292,16383
16384,4096,0.333333343267,2,pipeline,256,1024,235718.15625,14125,17417,19125,16383
16384,4096,0.333333343267,2,serial,0,64,223021.4375,222667,228792,228792,4095
16384,4096,0.333333343267,2,serial,1,262144,266523.078125,42,125,20875,4095
16384,4096,0.333333343267,2,serial,16,16384,225010.984375,792,1375,2917,4095
16384,4096,0.333333343267,2,serial,64,4096,223146.1875,3208,5375,10250,4095
16384,4096,0.333333343267,2,serial,256,1024,222841.203125,13125,21250,26500,4095
16384,4096,0.333333343267,2,legacy,0,64,233952.421875,233750,238917,238917,4095
16384,4096,0.333333343267,2,legacy,1,262144,227214.421875,42,42,86541,4095
16384,4096,0.333333343267,2,legacy,16,16384,233622.25,500,833,85792,4095
16384,4096,0.333333343267,2,legacy,64,4096,233692.359375,2042,84416,89416,4095
16384,4096,0.333333343267,2,legacy,256,1024,233876.953125,8375,90625,93084,4095
16384,4096,0.333333343267,2,stage_burst,0,64,219409.484375,219125,225416,225416,16383
16384,4096,0.333333343267,2,stage_burst,1,262144,264702.203125,0,42,192292,16383
16384,4096,0.333333343267,2,stage_burst,16,16384,217141.171875,125,166,245667,16383
16384,4096,0.333333343267,2,stage_burst,64,4096,219245.53125,500,187834,191667,16383
16384,4096,0.333333343267,2,stage_burst,256,1024,219306.390625,1959,189750,196292,16383
16384,8192,0,2,pipeline,0,64,286066.390625,286000,292917,292917,32767
16384,8192,0,2,pipeline,1,524288,280646.6875,42,42,5083,32767
16384,8192,0,2,pipeline,16,32768,284778.953125,542,667,4667,32767
16384,8192,0,2,pipeline,64,8192,285625.90625,2167,2625,5625,32767
16384,8192,0,2,pipeline,256,2048,285970.84375,8625,10083,13917,32767
16384,8192,0,2,serial,0,64,229501.953125,229167,233458,233458,8191
16384,8192,0,2,serial,1,524288,254545.828125,41,84,4000,8191
16384,8192,0,2,serial,16,32768,230857.234375,417,709,5459,8191
16384,8192,0,2,serial,64,8192,230375.125,1667,2833,6791,8191
16384,8192,0,2,serial,256,2048,229870.6875,6667,11166,15167,8191
16384,8192,0,2,legacy,0,64,197534.484375,197083,201750,201750,8191
16384,8192,0,2,legacy,1,524288,238078.9375,41,42,24791,8191
16384,8192,0,2,legacy,16,32768,197584.65625,292,458,25167,8191
16384,8192,0,2,legacy,64,8192,198113.484375,1166,14250,23125,8191
16384,8192,0,2,legacy,256,2048,198089.328125,4666,24542,29417,8191
16384,8192,0,2,stage_burst,0,64,248064.453125,247833,253833,253833,32767
16384,8192,0,2,stage_burst,1,524288,338984.71875,0,42,190792,32767
16384,8192,0,2,stage_burst,16,32768,248999.734375,125,166,189291,32767
16384,8192,0,2,stage_burst,64,8192,248162.453125,500,542,188291,32767
16384,8192,0,2,stage_burst,256,2048,248185.625,1959,186875,190208,32767
16384,8192,0.333333343267,2,pipeline,0,64,288530.53125,288542,293291,293291,32767
16384,8192,0.333333343267,2,pipeline,1,524288,285896.234375,42,42,5584,32767
16384,8192,0.333333343267,2,pipeline,16,32768,288385.21875,542,708,4500,32767
16384,8192,0.333333343267,2,pipeline,64,8192,288946.5,2167,2667,4208,32767
16384,8192,0.333333343267,2,pipeline,256,2048,288536.90625,8708,10167,14042,32767
16384,8192,0.333333343267,2,serial,0,64,234265.640625,233959,238083,238083,8191
16384,8192,0.333333343267,2,serial,1,524288,265660.4375,42,84,15750,8191
16384,8192,0.333333343267,2,serial,16,32768,235896.515625,417,709,5000,8191
16384,8192,0.333333343267,2,serial,64,8192,234863.953125,1708,2792,5875,8191
16384,8192,0.333333343267,2,serial,256,2048,234160,6750,11125,11792,8191
16384,8192,0.333333343267,2,legacy,0,64,245501.359375,244750,253750,253750,8191
16384,8192,0.333333343267,2,legacy,1,524288,285402.75,41,42,71417,8191
16384,8192,0.333333343267,2,legacy,16,32768,245648.609375,292,417,76334,8191
16384,8192,0.333333343267,2,legacy,64,8192,245237.375,1166,14209,73833,8191
16384,8192,0.333333343267,2,legacy,256,2048,245310.734375,4666,72209,74959,8191
16384,8192,0.333333343267,2,stage_burst,0,64,254393.171875,250666,328459,328459,32767
16384,8192,0.333333343267,2,stage_burst,1,524288,341765.46875,0,42,191875,32767
16384,8192,0.333333343267,2,stage_burst,16,32768,251629.265625,125,166,190750,32767
16384,8192,0.333333343267,2,stage_burst,64,8192,250967.921875,500,542,191541,32767
16384,8192,0.333333343267,2,stage_burst,256,2048,250933.703125,1959,189542,193542,32767
1024,256,0,3,serial,0,64,11487,11459,11750,11750,255
1024,256,0,3,serial,1,16384,12234.765625,42,84,2791,255
1024,256,0,3,serial,16,1024,11496.03125,667,1084,1125,255
1024,256,0,3,serial,64,256,11527.34375,2750,3291,3292,255
1024,256,0,3,serial,256,64,11496.6875,11500,11625,11625,255
1024,256,0,3,legacy,0,64,9477.296875,9459,9916,9916,255
1024,256,0,3,legacy,1,16384,9694.90625,41,83,2250,255
1024,256,0,3,legacy,16,1024,9510.9375,417,2500,2667,255
1024,256,0,3,legacy,64,256,9473.953125,2041,3584,3584,255
1024,256,0,3,legacy,256,64,9456.984375,9458,9625,9625,255
1024,256,0,3,stage_burst,0,64,11261.78125,11250,11334,11334,1023
1024,256,0,3,stage_burst,1,16384,14076.1875,0,42,9417,1023
1024,256,0,3,stage_burst,16,1024,11280.609375,125,9417,9459,1023
1024,256,0,3,stage_burst,64,256,11275.34375,500,9834,9875,1023
1024,256,0,3,stage_burst,256,64,11260.4375,11250,11417,11417,1023
1024,256,0,3,pipeline,0,64,12927.703125,12917,13084,13084,1023
1024,256,0,3,pipeline,1,16384,12883.328125,42,84,209,1023
1024,256,0,3,pipeline,16,1024,13157.59375,792,1000,5792,1023
1024,256,0,3,pipeline,64,256,12939.390625,3125,3667,3667,1023
1024,256,0,3,pipeline,256,64,12924.453125,12917,13000,13000,1023
1024,256,0.333333343267,3,serial,0,64,11765.015625,11750,11917,11917,255
1024,256,0.333333343267,3,serial,1,16384,12996.59375,42,84,208,255
1024,256,0.333333343267,3,serial,16,1024,11801.9375,667,1084,1084,255
1024,256,0.333333343267,3,serial,64,256,11781.734375,2834,3417,3542,255
1024,256,0.333333343267,3,serial,256,64,11752.609375,11750,11958,11958,255
1024,256,0.333333343267,3,legacy,0,64,12561.140625,12459,17625,17625,255
1024,256,0.333333343267,3,legacy,1,16384,12698.203125,41,83,5292,255
1024,256,0.333333343267,3,legacy,16,1024,12557.609375,417,5666,5917,255
1024,256,0.333333343267,3,legacy,64,256,12482.46875,2000,6625,6666,255
1024,256,0.333333343267,3,legacy,256,64,12475.796875,12458,12625,12625,255
1024,256,0.333333343267,3,stage_burst,0,64,11439.484375,11458,11500,11500,1023
1024,256,0.333333343267,3,stage_burst,1,16384,14277.6875,0,42,9708,1023
1024,256,0.333333343267,3,stage_burst,16,1024,11472.078125,125,9625,9750,1023
1024,256,0.333333343267,3,stage_burst,64,256,11502.015625,500,10125,12042,1023
1024,256,0.333333343267,3,stage_burst,256,64,11543.53125,11458,12208,12208,1023
1024,256,0.333333343267,3,pipeline,0,64,13087.859375,13083,13208,13208,1023
1024,256,0.333333343267,3,pipeline,1,16384,13050.21875,42,84,167,1023
1024,256,0.333333343267,3,pipeline,16,1024,13105.46875,792,1000,1042,1023
1024,256,0.333333343267,3,pipeline,64,256,13092.46875,3250,3667,3708,1023
1024,256,0.333333343267,3,pipeline,256,64,13084,13083,13209,13209,1023
1024,512,0,3,serial,0,64,12363.25,12375,12750,12750,511
1024,512,0,3,serial,1,32768,14866.359375,41,83,208,511
1024,512,0,3,serial,16,2048,12363.921875,375,584,625,511
1024,512,0,3,serial,64,512,12349.515625,1458,2208,2292,511
1024,512,0,3,serial,256,128,12291.640625,6125,6292,6333,511
1024,512,0,3,legacy,0,64,10220.078125,10208,10541,10541,511
1024,512,0,3,legacy,1,32768,14167.34375,41,42,1417,511
1024,512,0,3,legacy,16,2048,10335.90625,250,1500,1625,511
1024,512,0,3,legacy,64,512,10253.375,1000,2792,2834,511
1024,512,0,3,legacy,256,128,10223.96875,4875,5542,5542,511
1024,512,0,3,stage_burst,0,64,13240.90625,13250,13417,13417,2047
1024,512,0,3,stage_burst,1,32768,18912.765625,0,42,9417,2047
1024,512,0,3,stage_burst,16,2048,13339.078125,125,9417,9875,2047
1024,512,0,3,stage_burst,64,512,13247.375,500,9833,9875,2047
1024,512,0,3,stage_burst,256,128,13247.4375,2125,11334,11375,2047
1024,512,0,3,pipeline,0,64,16195.28125,16167,16416,16416,2047
1024,512,0,3,pipeline,1,32768,15643.40625,41,42,167,2047
1024,512,0,3,pipeline,16,2048,16353.421875,500,667,792,2047
1024,512,0,3,pipeline,64,512,16158.84375,1917,2375,2416,2047
1024,512,0,3,pipeline,256,128,16186.171875,7542,8875,8875,2047
1024,512,0.333333343267,3,serial,0,64,12595.65625,12542,13000,13000,511
1024,512,0.333333343267,3,serial,1,32768,15304.546875,41,83,2166,511
1024,512,0.333333343267,3,serial,16,2048,12635.375,375,584,667,511
1024,512,0.333333343267,3,serial,64,512,12594.421875,1459,2209,2250,511
1024,512,0.333333343267,3,serial,256,128,12563.109375,6167,6583,6583,511
1024,512,0.333333343267,3,legacy,0,64,13225.921875,13208,13459,13459,511
1024,512,0.333333343267,3,legacy,1,32768,17062.1875,41,42,4500,511
1024,512,0.333333343267,3,legacy,16,2048,13379.03125,250,4500,6291,511
1024,512,0.333333343267,3,legacy,64,512,13246.859375,1000,5792,5875,511
1024,512,0.333333343267,3,legacy,256,128,13218.78125,4875,8500,8542,511
1024,512,0.333333343267,3,stage_burst,0,64,13416.109375,13417,13500,13500,2047
1024,512,0.333333343267,3,stage_burst,1,32768,19084.046875,0,42,9625,2047
1024,512,0.333333343267,3,stage_burst,16,2048,13476.578125,125,9625,9750,2047
1024,512,0.333333343267,3,stage_burst,64,512,13445.421875,500,10000,10125,2047
1024,512,0.333333343267,3,stage_burst,256,128,13455.15625,2125,11541,13458,2047
1024,512,0.333333343267,3,pipeline,0,64,16358.796875,16334,16625,16625,2047
1024,512,0.333333343267,3,pipeline,1,32768,15911.46875,41,42,167,2047
1024,512,0.333333343267,3,pipeline,16,2048,16501.3125,500,708,709,2047
1024,512,0.333333343267,3,pipeline,64,512,16358.671875,2000,2417,2500,2047
1024,512,0.333333343267,3,pipeline,256,128,16325.546875,7542,8875,8917,2047
4096,1024,0,3,serial,0,64,50152.25,50125,50917,50917,1023
4096,1024,0,3,serial,1,65536,53526.484375,42,84,1750,1023
4096,1024,0,3,serial,16,4096,50395.6875,709,1209,1334,1023
4096,1024,0,3,serial,64,1024,50277.859375,2916,4750,4916,1023
4096,1024,0,3,serial,256,256,50285.171875,11917,14708,14792,1023
4096,1024,0,3,legacy,0,64,43679,43833,44709,44709,1023
4096,1024,0,3,legacy,1,65536,42433.265625,41,42,10791,1023
4096,1024,0,3,legacy,16,4096,43837.765625,458,10584,11084,1023
4096,1024,0,3,legacy,64,1024,43706.34375,1916,12083,12458,1023
4096,1024,0,3,legacy,256,256,43674.515625,8625,17209,17417,1023
4096,1024,0,3,stage_burst,0,64,49504.609375,49500,49875,49875,4095
4096,1024,0,3,stage_burst,1,65536,60821.75,0,42,43792,4095
4096,1024,0,3,stage_burst,16,4096,49576.140625,125,41667,42000,4095
4096,1024,0,3,stage_burst,64,1024,49631.53125,500,42292,44166,4095
4096,1024,0,3,stage_burst,256,256,49496.609375,2000,43709,43750,4095
4096,1024,0,3,pipeline,0,64,54356.84375,54333,54792,54792,4095
4096,1024,0,3,pipeline,1,65536,55509.15625,42,84,208,4095
4096,1024,0,3,pipeline,16,4096,54784.875,833,1166,2875,4095
4096,1024,0,3,pipeline,64,1024,54448.96875,3291,3959,4084,4095
4096,1024,0,3,pipeline,256,256,54453.046875,14041,14875,15083,4095
4096,1024,0.333333343267,3,serial,0,64,51229.21875,51209,51750,51750,1023
4096,1024,0.333333343267,3,serial,1,65536,55580.96875,42,84,2250,1023
4096,1024,0.333333343267,3,serial,16,4096,51685.96875,750,1209,3083,1023
4096,1024,0.333333343267,3,serial,64,1024,51531.890625,3000,4792,5292,1023
4096,1024,0.333333343267,3,serial,256,256,51473.265625,13250,15500,15667,1023
4096,1024,0.333333343267,3,legacy,0,64,55936.140625,56041,56709,56709,1023
4096,1024,0.333333343267,3,legacy,1,65536,54823.515625,41,42,26166,1023
4096,1024,0.333333343267,3,legacy,16,4096,56015.421875,458,22792,23292,1023
4096,1024,0.333333343267,3,legacy,64,1024,55896.4375,1917,24292,24625,1023
4096,1024,0.333333343267,3,legacy,256,256,55573.484375,8708,29292,30167,1023
4096,1024,0.333333343267,3,stage_burst,0,64,50419.328125,50250,53084,53084,4095
4096,1024,0.333333343267,3,stage_burst,1,65536,61559.46875,0,42,42666,4095
4096,1024,0.333333343267,3,stage_burst,16,4096,50354.15625,125,42417,42792,4095
4096,1024,0.333333343267,3,stage_burst,64,1024,50326.078125,500,42875,47875,4095
4096,1024,0.333333343267,3,stage_burst,256,256,50231.59375,2000,44625,47000,4095
4096,1024,0.333333343267,3,pipeline,0,64,55135.390625,55042,60125,60125,4095
4096,1024,0.333333343267,3,pipeline,1,65536,56484.78125,42,84,208,4095
4096,1024,0.333333343267,3,pipeline,16,4096,55393.40625,833,1167,5917,4095
4096,1024,0.333333343267,3,pipeline,64,1024,55236.34375,3333,4041,4125,4095
4096,1024,0.333333343267,3,pipeline,256,256,55163.359375,13208,15084,20083,4095
4096,2048,0,3,serial,0,64,53047.5625,52875,57167,57167,2047
4096,2048,0,3,serial,1,131072,59601.828125,41,83,208,2047
4096,2048,0,3,serial,16,8192,53483.84375,375,667,6917,2047
4096,2048,0,3,serial,64,2048,53158.703125,1542,2542,2667,2047
4096,2048,0,3,serial,256,512,53022.75,6208,9583,14458,2047
4096,2048,0,3,legacy,0,64,46679.671875,46792,49625,49625,2047
4096,2048,0,3,legacy,1,131072,59366.40625,41,42,8875,2047
4096,2048,0,3,legacy,16,8192,46896.125,250,3833,7417,2047
4096,2048,0,3,legacy,64,2048,46847.8125,1042,7750,7958,2047
4096,2048,0,3,legacy,256,512,46493.484375,4375,13416,13708,2047
4096,2048,0,3,stage_burst,0,64,57421.875,57417,57750,57750,8191
4096,2048,0,3,stage_burst,1,131072,80135.078125,0,42,46459,8191
4096,2048,0,3,stage_burst,16,8192,57630.203125,125,167,46709,8191
4096,2048,0,3,stage_burst,64,2048,57535.828125,500,42208,44875,8191
4096,2048,0,3,stage_burst,256,512,57465.171875,1959,43666,46250,8191
4096,2048,0,3,pipeline,0,64,68220.109375,68041,70875,70875,8191
4096,2048,0,3,pipeline,1,131072,64900.5625,42,42,208,8191
4096,2048,0,3,pipeline,16,8192,68120.4375,500,708,750,8191
4096,2048,0,3,pipeline,64,2048,68211.171875,2042,2583,4625,8191
4096,2048,0,3,pipeline,256,512,68074.703125,8416,9500,9750,8191
4096,2048,0.333333343267,3,serial,0,64,54911.46875,54750,59625,59625,2047
4096,2048,0.333333343267,3,serial,1,131072,62090.9375,41,83,5125,2047
4096,2048,0.333333343267,3,serial,16,8192,54875.546875,416,667,791,2047
4096,2048,0.333333343267,3,serial,64,2048,54630.359375,1584,2542,6542,2047
4096,2048,0.333333343267,3,serial,256,512,54322.953125,6542,9583,9666,2047
4096,2048,0.333333343267,3,legacy,0,64,58945.265625,59125,59625,59625,2047
4096,2048,0.333333343267,3,legacy,1,131072,71173.609375,41,42,22750,2047
4096,2048,0.333333343267,3,legacy,16,8192,59061.234375,250,3875,22959,2047
4096,2048,0.333333343267,3,legacy,64,2048,59135.546875,1042,19917,20084,2047
4096,2048,0.333333343267,3,legacy,256,512,58938.765625,4375,25792,29000,2047
4096,2048,0.333333343267,3,stage_burst,0,64,58175.765625,58166,60834,60834,8191
4096,2048,0.333333343267,3,stage_burst,1,131072,80875.0625,0,42,45000,8191
4096,2048,0.333333343267,3,stage_burst,16,8192,58389.359375,125,167,47500,8191
4096,2048,0.333333343267,3,stage_burst,64,2048,58242.796875,500,42833,45500,8191
4096,2048,0.333333343267,3,stage_burst,256,512,58078.90625,1959,44333,46084,8191
4096,2048,0.333333343267,3,pipeline,0,64,68887.3125,68708,73958,73958,8191
4096,2048,0.333333343267,3,pipeline,1,131072,65944.4375,42,42,167,8191
4096,2048,0.333333343267,3,pipeline,16,8192,68729.15625,541,708,834,8191
4096,2048,0.333333343267,3,pipeline,64,2048,68870.984375,2083,2625,7375,8191
4096,2048,0.333333343267,3,pipeline,256,512,68781.90625,8417,9667,10041,8191
16384,4096,0,3,serial,0,64,219465.59375,218833,223917,223917,4095
16384,4096,0,3,serial,1,262144,231145.984375,42,125,5209,4095
16384,4096,0,3,serial,16,16384,219801.03125,792,1375,6625,4095
16384,4096,0,3,serial,64,4096,219101,3125,5334,8084,4095
16384,4096,0,3,serial,256,1024,218875.1875,12834,21250,21375,4095
16384,4096,0,3,legacy,0,64,185649.046875,185291,189250,189250,4095
16384,4096,0,3,legacy,1,262144,179384.1875,42,42,35583,4095
16384,4096,0,3,legacy,16,16384,186198.890625,500,833,39000,4095
16384,4096,0,3,legacy,64,4096,185837.75,2042,36791,43833,4095
16384,4096,0,3,legacy,256,1024,186643.859375,8583,43500,48083,4095
16384,4096,0,3,stage_burst,0,64,216611.375,216167,221292,221292,16383
16384,4096,0,3,stage_burst,1,262144,261966.8125,0,42,190167,16383
16384,4096,0,3,stage_burst,16,16384,216955.78125,125,167,187834,16383
16384,4096,0,3,stage_burst,64,4096,216135.203125,500,182750,223584,16383
16384,4096,0,3,stage_burst,256,1024,216352.40625,1959,186958,189291,16383
16384,4096,0,3,pipeline,0,64,232521.546875,232292,235083,235083,16383
16384,4096,0,3,pipeline,1,262144,244504.46875,42,84,5458,16383
16384,4096,0,3,pipeline,16,16384,233326.734375,875,1167,6000,16383
16384,4096,0,3,pipeline,64,4096,233011.265625,3500,4375,8500,16383
16384,4096,0,3,pipeline,256,1024,232619.5,13958,17167,20083,16383
16384,4096,0.333333343267,3,serial,0,64,222995.421875,222542,228167,228167,4095
16384,4096,0.333333343267,3,serial,1,262144,238507.578125,42,125,4875,4095
16384,4096,0.333333343267,3,serial,16,16384,223973.78125,792,1375,2667,4095
16384,4096,0.333333343267,3,serial,64,4096,222936.828125,3208,5375,6875,4095
16384,4096,0.333333343267,3,serial,256,1024,222973.515625,13125,21291,23125,4095
16384,4096,0.333333343267,3,legacy,0,64,233591.84375,233083,240292,240292,4095
16384,4096,0.333333343267,3,legacy,1,262144,227447.890625,42,42,85208,4095
16384,4096,0.333333343267,3,legacy,16,16384,235355.671875,541,833,89458,4095
16384,4096,0.333333343267,3,legacy,64,4096,234557.515625,2042,84541,87792,4095
16384,4096,0.333333343267,3,legacy,256,1024,234072.296875,8583,90709,96834,4095
16384,4096,0.333333343267,3,stage_burst,0,64,219342.4375,219041,223416,223416,16383
16384,4096,0.333333343267,3,stage_burst,1,262144,264742.984375,0,42,192834,16383
16384,4096,0.333333343267,3,stage_burst,16,16384,219674.515625,125,167,195542,16383
16384,4096,0.333333343267,3,stage_burst,64,4096,219285.703125,500,187834,193042,16383
16384,4096,0.333333343267,3,stage_burst,256,1024,219282.828125,1959,189750,193417,16383
16384,4096,0.333333343267,3,pipeline,0,64,235860.03125,235625,240667,240667,16383
16384,4096,0.333333343267,3,pipeline,1,262144,248534.953125,42,84,5209,16383
16384,4096,0.333333343267,3,pipeline,16,16384,236224.03125,875,1167,1292,16383
16384,4096,0.333333343267,3,pipeline,64,4096,236186.5,3542,4417,8625,16383
16384,4096,0.333333343267,3,pipeline,256,1024,235731.625,14166,17375,19083,16383
16384,8192,0,3,serial,0,64,229503.234375,229166,234250,234250,8191
16384,8192,0,3,serial,1,524288,250056.125,41,84,5375,8191
16384,8192,0,3,serial,16,32768,231338.203125,417,709,5750,8191
16384,8192,0,3,serial,64,8192,230620.28125,1667,2833,7375,8191
16384,8192,0,3,serial,256,2048,229967.9375,6667,11167,14458,8191
16384,8192,0,3,legacy,0,64,197426.46875,197042,205333,205333,8191
16384,8192,0,3,legacy,1,524288,238275.171875,41,42,31125,8191
16384,8192,0,3,legacy,16,32768,197965.03125,292,417,28417,8191
16384,8192,0,3,legacy,64,8192,197686.625,1166,14291,30958,8191
16384,8192,0,3,legacy,256,2048,198080.609375,4666,24583,28167,8191
16384,8192,0,3,stage_burst,0,64,248115.859375,247834,252834,252834,32767
16384,8192,0,3,stage_burst,1,524288,339459.328125,0,42,190917,32767
16384,8192,0,3,stage_burst,16,32768,248911.0625,125,166,190208,32767
16384,8192,0,3,stage_burst,64,8192,248326.9375,500,542,190041,32767
16384,8192,0,3,stage_burst,256,2048,248445.859375,1959,186917,192166,32767
16384,8192,0,3,pipeline,0,64,284184.890625,285250,322333,322333,32767
16384,8192,0,3,pipeline,1,524288,279980.171875,42,42,4917,32767
16384,8192,0,3,pipeline,16,32768,284637.1875,542,667,5667,32767
16384,8192,0,3,pipeline,64,8192,286020.203125,2167,2625,12417,32767
16384,8192,0,3,pipeline,256,2048,285646.375,8625,10083,14292,32767
16384,8192,0.333333343267,3,serial,0,64,233958.3125,233666,238583,238583,8191
16384,8192,0.333333343267,3,serial,1,524288,265628.859375,42,84,5250,8191
16384,8192,0.333333343267,3,serial,16,32768,236053.640625,417,709,6084,8191
16384,8192,0.333333343267,3,serial,64,8192,234827.34375,1708,2792,6750,8191
16384,8192,0.333333343267,3,serial,256,2048,234437.640625,6750,11167,12333,8191
16384,8192,0.333333343267,3,legacy,0,64,245919.28125,245625,251458,251458,8191
16384,8192,0.333333343267,3,legacy,1,524288,286278.0625,41,42,72167,8191
16384,8192,0.333333343267,3,legacy,16,32768,245166.796875,292,417,72250,8191
16384,8192,0.333333343267,3,legacy,64,8192,245438.078125,1166,14250,75167,8191
16384,8192,0.333333343267,3,legacy,256,2048,245225.578125,4667,72209,74958,8191
16384,8192,0.333333343267,3,stage_burst,0,64,250889.359375,250583,255625,255625,32767
16384,8192,0.333333343267,3,stage_burst,1,524288,342171.453125,0,42,192875,32767
16384,8192,0.333333343267,3,stage_burst,16,32768,251786.671875,125,166,194750,32767
16384,8192,0.333333343267,3,stage_burst,64,8192,251125.09375,500,625,193500,32767
16384,8192,0.333333343267,3,stage_burst,256,2048,251082.4375,1959,189667,194500,32767
16384,8192,0.333333343267,3,pipeline,0,64,288572.296875,288416,295333,295333,32767
16384,8192,0.333333343267,3,pipeline,1,524288,285580.453125,42,42,5042,32767
16384,8192,0.333333343267,3,pipeline,16,32768,288359.78125,542,708,5583,32767
16384,8192,0.333333343267,3,pipeline,64,8192,288973.234375,2167,2666,7500,32767
16384,8192,0.333333343267,3,pipeline,256,2048,288500.359375,8708,10166,14375,32767
1024,256,0,4,legacy,0,64,9494.109375,9500,9791,9791,255
1024,256,0,4,legacy,1,16384,9675.984375,41,83,2250,255
1024,256,0,4,legacy,16,1024,9482.453125,417,2500,2583,255
1024,256,0,4,legacy,64,256,9444.671875,1959,3584,3667,255
1024,256,0,4,legacy,256,64,9438.796875,9458,9500,9500,255
1024,256,0,4,stage_burst,0,64,11272.125,11250,11625,11625,1023
1024,256,0,4,stage_burst,1,16384,14151.921875,0,42,14291,1023
1024,256,0,4,stage_burst,16,1024,11285.015625,125,9458,9500,1023
1024,256,0,4,stage_burst,64,256,11274.125,500,9875,9916,1023
1024,256,0,4,stage_burst,256,64,11264.3125,11250,11334,11334,1023
1024,256,0,4,pipeline,0,64,12919.3125,12917,13042,13042,1023
1024,256,0,4,pipeline,1,16384,13008.046875,42,84,209,1023
1024,256,0,4,pipeline,16,1024,13117.15625,792,1000,1000,1023
1024,256,0,4,pipeline,64,256,13130.359375,3291,3667,7917,1023
1024,256,0,4,pipeline,256,64,12909.4375,12916,13083,13083,1023
1024,256,0,4,serial,0,64,11550.109375,11542,11792,11792,255
1024,256,0,4,serial,1,16384,12398.734375,42,84,209,255
1024,256,0,4,serial,16,1024,11593.65625,667,1083,1084,255
1024,256,0,4,serial,64,256,11571.75,2750,3334,3375,255
1024,256,0,4,serial,256,64,11513.65625,11500,11667,11667,255
1024,256,0.333333343267,4,legacy,0,64,12490.171875,12500,12708,12708,255
1024,256,0.333333343267,4,legacy,1,16384,12812.234375,41,83,10125,255
1024,256,0.333333343267,4,legacy,16,1024,12505.890625,417,5541,5667,255
1024,256,0.333333343267,4,legacy,64,256,12464.21875,2000,6625,6625,255
1024,256,0.333333343267,4,legacy,256,64,12477.703125,12458,12583,12583,255
1024,256,0.333333343267,4,stage_burst,0,64,11445.265625,11458,11583,11583,1023
1024,256,0.333333343267,4,stage_burst,1,16384,14279.140625,0,42,9542,1023
1024,256,0.333333343267,4,stage_burst,16,1024,11489.609375,125,9625,9750,1023
1024,256,0.333333343267,4,stage_burst,64,256,11440.09375,500,10000,10042,1023
1024,256,0.333333343267,4,stage_burst,256,64,11528.71875,11458,16500,16500,1023
1024,256,0.333333343267,4,pipeline,0,64,13076.9375,13083,13250,13250,1023
1024,256,0.333333343267,4,pipeline,1,16384,13035.421875,42,84,166,1023
1024,256,0.333333343267,4,pipeline,16,1024,13161.234375,792,1000,1125,1023
1024,256,0.333333343267,4,pipeline,64,256,13085.984375,3125,3709,3791,1023
1024,256,0.333333343267,4,pipeline,256,64,13079.296875,13083,13250,13250,1023
1024,256,0.333333343267,4,serial,0,64,11735.734375,11750,11917,11917,255
1024,256,0.333333343267,4,serial,1,16384,12836.34375,42,84,7208,255
1024,256,0.333333343267,4,serial,16,1024,11760.5625,667,1084,1125,255
1024,256,0.333333343267,4,serial,64,256,11745.984375,2709,3375,3417,255
1024,256,0.333333343267,4,serial,256,64,11712.859375,11708,11833,11833,255
1024,512,0,4,legacy,0,64,10214.75,10208,10459,10459,511
1024,512,0,4,legacy,1,32768,14116.40625,41,42,1375,511
1024,512,0,4,legacy,16,2048,10343.734375,250,1500,1542,511
1024,512,0,4,legacy,64,512,10234.5,1000,2792,2833,511
1024,512,0,4,legacy,256,128,10256.578125,5000,5708,5917,511
1024,512,0,4,stage_burst,0,64,13243.515625,13250,13375,13375,2047
1024,512,0,4,stage_burst,1,32768,18878.390625,0,42,9334,2047
1024,512,0,4,stage_burst,16,2048,13298.125,125,9417,9584,2047
1024,512,0,4,stage_burst,64,512,13270.140625,500,9875,9916,2047
1024,512,0,4,stage_burst,256,128,13243.515625,2000,11417,11417,2047
1024,512,0,4,pipeline,0,64,16213.609375,16208,16459,16459,2047
1024,512,0,4,pipeline,1,32768,15674.3125,41,42,167,2047
1024,512,0,4,pipeline,16,2048,16405.90625,500,667,792,2047
1024,512,0,4,pipeline,64,512,16134.15625,1917,2375,2416,2047
1024,512,0,4,pipeline,256,128,16123.734375,7542,8792,8792,2047
1024,512,0,4,serial,0,64,12382.109375,12416,12667,12667,511
1024,512,0,4,serial,1,32768,14693.796875,41,83,167,511
1024,512,0,4,serial,16,2048,12402.8125,375,584,5709,511
1024,512,0,4,serial,64,512,12274.796875,1459,2167,2334,511
1024,512,0,4,serial,256,128,12266.859375,6125,6250,6291,511
1024,512,0.333333343267,4,legacy,0,64,13216.828125,13208,13333,13333,511
1024,512,0.333333343267,4,legacy,1,32768,17010.078125,41,42,4417,511
1024,512,0.333333343267,4,legacy,16,2048,13335.921875,250,4500,4667,511
1024,512,0.333333343267,4,legacy,64,512,13252.515625,1000,5833,5958,511
1024,512,0.333333343267,4,legacy,256,128,13289.703125,4875,8542,13375,511
1024,512,0.333333343267,4,stage_burst,0,64,13449.21875,13417,13708,13708,2047
1024,512,0.333333343267,4,stage_burst,1,32768,19097.734375,0,42,9542,2047
1024,512,0.333333343267,4,stage_burst,16,2048,13466.140625,125,9625,9667,2047
1024,512,0.333333343267,4,stage_burst,64,512,13435.546875,500,10000,10083,2047
1024,512,0.333333343267,4,stage_burst,256,128,13421.1875,2000,11584,11584,2047
1024,512,0.333333343267,4,pipeline,0,64,16322.3125,16333,16417,16417,2047
1024,512,0.333333343267,4,pipeline,1,32768,15925.6875,41,42,167,2047
1024,512,0.333333343267,4,pipeline,16,2048,16479.078125,500,667,708,2047
1024,512,0.333333343267,4,pipeline,64,512,16321.59375,1959,2375,2500,2047
1024,512,0.333333343267,4,pipeline,256,128,16313.125,7667,8834,8875,2047
1024,512,0.333333343267,4,serial,0,64,12646.546875,12625,12791,12791,511
1024,512,0.333333343267,4,serial,1,32768,15312.71875,41,83,209,511
1024,512,0.333333343267,4,serial,16,2048,12704.828125,375,584,667,511
1024,512,0.333333343267,4,serial,64,512,12513.625,1459,2209,2250,511
1024,512,0.333333343267,4,serial,256,128,12537.640625,6125,6541,6583,511
4096,1024,0,4,legacy,0,64,43611.390625,43833,44250,44250,1023
4096,1024,0,4,legacy,1,65536,42643.4375,41,42,10792,1023
4096,1024,0,4,legacy,16,4096,43886.046875,458,10625,11209,1023
4096,1024,0,4,legacy,64,1024,43870.984375,1917,12042,12417,1023
4096,1024,0,4,legacy,256,256,43464.171875,8584,17083,17292,1023
4096,1024,0,4,stage_burst,0,64,49619.796875,49500,54541,54541,4095
4096,1024,0,4,stage_burst,1,65536,60839.46875,0,42,44292,4095
4096,1024,0,4,stage_burst,16,4096,49587.953125,125,41667,42041,4095
4096,1024,0,4,stage_burst,64,1024,49525.15625,500,42167,42375,4095
4096,1024,0,4,stage_burst,256,256,49514.328125,2000,43750,43833,4095
4096,1024,0,4,pipeline,0,64,54371.09375,54292,56417,56417,4095
4096,1024,0,4,pipeline,1,65536,55623.375,42,84,209,4095
4096,1024,0,4,pipeline,16,4096,55134.921875,833,1167,5875,4095
4096,1024,0,4,pipeline,64,1024,54414.46875,3291,3917,3959,4095
4096,1024,0,4,pipeline,256,256,54614.0625,14083,14834,18125,4095
4096,1024,0,4,serial,0,64,50256.515625,50250,50542,50542,1023
4096,1024,0,4,serial,1,65536,53589.890625,42,84,5167,1023
4096,1024,0,4,serial,16,4096,50755.96875,709,1209,1375,1023
4096,1024,0,4,serial,64,1024,50312.34375,2916,4750,9708,1023
4096,1024,0,4,serial,256,256,50218.125,11625,14416,14417,1023
4096,1024,0.333333343267,4,legacy,0,64,55907.53125,56042,59541,59541,1023
4096,1024,0.333333343267,4,legacy,1,65536,54518.859375,41,42,22792,1023
4096,1024,0.333333343267,4,legacy,16,4096,55953.75,458,22750,23417,1023
4096,1024,0.333333343267,4,legacy,64,1024,56003.78125,1875,24250,27291,1023
4096,1024,0.333333343267,4,legacy,256,256,55841.140625,9167,29750,30000,1023
4096,1024,0.333333343267,4,stage_burst,0,64,50829.359375,50333,56125,56125,4095
4096,1024,0.333333343267,4,stage_burst,1,65536,61492.6875,0,42,42542,4095
4096,1024,0.333333343267,4,stage_burst,16,4096,50400.546875,125,42417,45041,4095
4096,1024,0.333333343267,4,stage_burst,64,1024,50297.578125,500,42959,45334,4095
4096,1024,0.333333343267,4,stage_burst,256,256,50326.09375,2000,44542,49334,4095
4096,1024,0.333333343267,4,pipeline,0,64,55117.203125,55042,56791,56791,4095
4096,1024,0.333333343267,4,pipeline,1,65536,56413.921875,42,84,208,4095
4096,1024,0.333333343267,4,pipeline,16,4096,55428.96875,833,1166,6042,4095
4096,1024,0.333333343267,4,pipeline,64,1024,55653.140625,3375,4084,18917,4095
4096,1024,0.333333343267,4,pipeline,256,256,55243.34375,14000,15000,15416,4095
4096,1024,0.333333343267,4,serial,0,64,53312.515625,53334,98459,98459,1023
4096,1024,0.333333343267,4,serial,1,65536,56351.34375,42,84,375,1023
4096,1024,0.333333343267,4,serial,16,4096,53885.390625,750,1292,10042,1023
4096,1024,0.333333343267,4,serial,64,1024,51294.671875,3000,4791,4875,1023
4096,1024,0.333333343267,4,serial,256,256,53191.546875,12792,16250,16625,1023
4096,2048,0,4,legacy,0,64,46928.359375,46959,48792,48792,2047
4096,2048,0,4,legacy,1,131072,59494.46875,41,42,9125,2047
4096,2048,0,4,legacy,16,8192,46965.46875,250,3833,7500,2047
4096,2048,0,4,legacy,64,2048,47312.5625,1042,8042,11083,2047
4096,2048,0,4,legacy,256,512,46621.78125,4375,13541,13833,2047
4096,2048,0,4,stage_burst,0,64,57378.828125,57333,59333,59333,8191
4096,2048,0,4,stage_burst,1,131072,80124.65625,0,42,42875,8191
4096,2048,0,4,stage_burst,16,8192,57631.53125,125,167,44459,8191
4096,2048,0,4,stage_burst,64,2048,57421.3125,500,42125,42458,8191
4096,2048,0,4,stage_burst,256,512,57414.78125,1959,43667,46291,8191
4096,2048,0,4,pipeline,0,64,68079.390625,68041,70791,70791,8191
4096,2048,0,4,pipeline,1,131072,65238.828125,42,42,5042,8191
4096,2048,0,4,pipeline,16,8192,68113.6875,500,708,5208,8191
4096,2048,0,4,pipeline,64,2048,68099.171875,2042,2541,2584,8191
4096,2048,0,4,pipeline,256,512,68005.921875,8250,9459,9583,8191
4096,2048,0,4,serial,0,64,52986.375,52834,57958,57958,2047
4096,2048,0,4,serial,1,131072,59587.171875,41,83,208,2047
4096,2048,0,4,serial,16,8192,53350.734375,375,667,875,2047
4096,2048,0,4,serial,64,2048,53090.703125,1542,2542,2625,2047
4096,2048,0,4,serial,256,512,52948.46875,6166,9542,9750,2047
4096,2048,0.333333343267,4,legacy,0,64,59045.5625,59208,62083,62083,2047
4096,2048,0.333333343267,4,legacy,1,131072,71470.234375,41,42,21583,2047
4096,2048,0.333333343267,4,legacy,16,8192,59386.796875,250,3834,19708,2047
4096,2048,0.333333343267,4,legacy,64,2048,59073.5,1042,20125,20333,2047
4096,2048,0.333333343267,4,legacy,256,512,58789.640625,4375,25875,26083,2047
4096,2048,0.333333343267,4,stage_burst,0,64,58152.359375,58083,60792,60792,8191
4096,2048,0.333333343267,4,stage_burst,1,131072,80855.96875,0,42,45041,8191
4096,2048,0.333333343267,4,stage_burst,16,8192,58512.375,125,167,45250,8191
4096,2048,0.333333343267,4,stage_burst,64,2048,58229.828125,500,42833,45541,8191
4096,2048,0.333333343267,4,stage_burst,256,512,58135.40625,1959,44375,47000,8191
4096,2048,0.333333343267,4,pipeline,0,64,68688.75,68708,68875,68875,8191
4096,2048,0.333333343267,4,pipeline,1,131072,65992.421875,42,42,5083,8191
4096,2048,0.333333343267,4,pipeline,16,8192,68956.265625,541,708,5458,8191
4096,2048,0.333333343267,4,pipeline,64,2048,68849.8125,2083,2542,2584,8191
4096,2048,0.333333343267,4,pipeline,256,512,68822.859375,8500,9584,9834,8191
4096,2048,0.333333343267,4,serial,0,64,54456.359375,54208,59542,59542,2047
4096,2048,0.333333343267,4,serial,1,131072,61896.265625,41,83,209,2047
4096,2048,0.333333343267,4,serial,16,8192,54972.375,416,667,791,2047
4096,2048,0.333333343267,4,serial,64,2048,54609.71875,1583,2541,9916,2047
4096,2048,0.333333343267,4,serial,256,512,54308.5,6542,9583,9584,2047
16384,4096,0,4,legacy,0,64,186178.4375,186083,190625,190625,4095
16384,4096,0,4,legacy,1,262144,179706.21875,42,42,38625,4095
16384,4096,0,4,legacy,16,16384,186367.953125,500,833,39375,4095
16384,4096,0,4,legacy,64,4096,186571.546875,2042,36792,40750,4095
16384,4096,0,4,legacy,256,1024,185777.546875,8375,43209,47750,4095
16384,4096,0,4,stage_burst,0,64,216525.96875,216208,221167,221167,16383
16384,4096,0,4,stage_burst,1,262144,261861.015625,0,42,188292,16383
16384,4096,0,4,stage_burst,16,16384,216757.75,125,167,189875,16383
16384,4096,0,4,stage_burst,64,4096,216460.28125,500,185083,190250,16383
16384,4096,0,4,stage_burst,256,1024,216424.34375,1959,187000,191708,16383
16384,4096,0,4,pipeline,0,64,232524.6875,232333,237416,237416,16383
16384,4096,0,4,pipeline,1,262144,244827.78125,42,84,4208,16383
16384,4096,0,4,pipeline,16,16384,233336.671875,875,1167,6000,16383
16384,4096,0,4,pipeline,64,4096,232983.046875,3500,4375,8584,16383
16384,4096,0,4,pipeline,256,1024,232765.09375,14000,17167,19000,16383
16384,4096,0,4,serial,0,64,219339.8125,218792,223792,223792,4095
16384,4096,0,4,serial,1,262144,230873.21875,42,125,4959,4095
16384,4096,0,4,serial,16,16384,219815.671875,792,1375,5792,4095
16384,4096,0,4,serial,64,4096,219167.046875,3125,5375,5459,4095
16384,4096,0,4,serial,256,1024,219247.484375,12875,21291,22375,4095
16384,4096,0.333333343267,4,legacy,0,64,233843.78125,233667,239250,239250,4095
16384,4096,0.333333343267,4,legacy,1,262144,226993.78125,42,42,85292,4095
16384,4096,0.333333343267,4,legacy,16,16384,234634.328125,500,833,86417,4095
16384,4096,0.333333343267,4,legacy,64,4096,233797.796875,2042,84416,89625,4095
16384,4096,0.333333343267,4,legacy,256,1024,234336.5625,8542,90791,94084,4095
16384,4096,0.333333343267,4,stage_burst,0,64,219869.15625,219209,224625,224625,16383
16384,4096,0.333333343267,4,stage_burst,1,262144,264910.625,0,42,192291,16383
16384,4096,0.333333343267,4,stage_burst,16,16384,219755.828125,125,167,193875,16383
16384,4096,0.333333343267,4,stage_burst,64,4096,220302.015625,500,188041,195250,16383
16384,4096,0.333333343267,4,stage_burst,256,1024,222418.8125,2000,196833,200041,16383
16384,4096,0.333333343267,4,pipeline,0,64,235898.40625,235584,240958,240958,16383
16384,4096,0.333333343267,4,pipeline,1,262144,249381.8125,42,84,33125,16383
16384,4096,0.333333343267,4,pipeline,16,16384,236905.96875,875,1167,7666,16383
16384,4096,0.333333343267,4,pipeline,64,4096,236750.75,3542,4458,8084,16383
16384,4096,0.333333343267,4,pipeline,256,1024,236611.375,14208,17542,18625,16383
16384,4096,0.333333343267,4,serial,0,64,223791.03125,223083,234916,234916,4095
16384,4096,0.333333343267,4,serial,1,262144,239367.78125,42,125,4625,4095
16384,4096,0.333333343267,4,serial,16,16384,224574.40625,792,1375,5000,4095
16384,4096,0.333333343267,4,serial,64,4096,223504.375,3209,5375,5542,4095
16384,4096,0.333333343267,4,serial,256,1024,223475.171875,13167,21292,31584,4095
16384,8192,0,4,legacy,0,64,199533.265625,198250,214875,214875,8191
16384,8192,0,4,legacy,1,524288,239054.984375,41,42,35792,8191
16384,8192,0,4,legacy,16,32768,197594.59375,292,458,22833,8191
16384,8192,0,4,legacy,64,8192,198091.734375,1166,14250,35875,8191
16384,8192,0,4,legacy,256,2048,197783.84375,4666,24542,36333,8191
16384,8192,0,4,stage_burst,0,64,248539.703125,247875,255375,255375,32767
16384,8192,0,4,stage_burst,1,524288,339592.046875,0,42,189667,32767
16384,8192,0,4,stage_burst,16,32768,249156.921875,125,167,189875,32767
16384,8192,0,4,stage_burst,64,8192,248776.359375,500,667,189750,32767
16384,8192,0,4,stage_burst,256,2048,248389.734375,1959,186875,190584,32767
16384,8192,0,4,pipeline,0,64,286166.765625,286084,291167,291167,32767
16384,8192,0,4,pipeline,1,524288,280468.359375,42,42,4084,32767
16384,8192,0,4,pipeline,16,32768,285044,542,667,4875,32767
16384,8192,0,4,pipeline,64,8192,285987.34375,2167,2625,3916,32767
16384,8192,0,4,pipeline,256,2048,285864.890625,8625,10084,10709,32767
16384,8192,0,4,serial,0,64,229327.484375,229167,233334,233334,8191
16384,8192,0,4,serial,1,524288,251137.53125,41,84,5292,8191
16384,8192,0,4,serial,16,32768,231232.5625,417,709,5791,8191
16384,8192,0,4,serial,64,8192,230370.90625,1667,2833,6875,8191
16384,8192,0,4,serial,256,2048,230012.46875,6667,11167,11917,8191
16384,8192,0.333333343267,4,legacy,0,64,245569.03125,244792,249958,249958,8191
16384,8192,0.333333343267,4,legacy,1,524288,285925.453125,41,42,74834,8191
16384,8192,0.333333343267,4,legacy,16,32768,245364.59375,292,458,72750,8191
16384,8192,0.333333343267,4,legacy,64,8192,245662.609375,1166,14291,73666,8191
16384,8192,0.333333343267,4,legacy,256,2048,246001.40625,4666,72250,74917,8191
16384,8192,0.333333343267,4,stage_burst,0,64,251364.59375,250708,255666,255666,32767
16384,8192,0.333333343267,4,stage_burst,1,524288,343474.96875,0,42,203416,32767
16384,8192,0.333333343267,4,stage_burst,16,32768,252182.34375,125,166,198334,32767
16384,8192,0.333333343267,4,stage_burst,64,8192,251327.453125,500,583,191125,32767
16384,8192,0.333333343267,4,stage_burst,256,2048,251280.859375,1959,189542,197542,32767
16384,8192,0.333333343267,4,pipeline,0,64,289041.078125,287709,325000,325000,32767
16384,8192,0.333333343267,4,pipeline,1,524288,285325.796875,42,42,5750,32767
16384,8192,0.333333343267,4,pipeline,16,32768,288715.25,542,708,2792,32767
16384,8192,0.333333343267,4,pipeline,64,8192,288553.5,2167,2625,7958,32767
16384,8192,0.333333343267,4,pipeline,256,2048,288732.484375,8709,10167,14125,32767
16384,8192,0.333333343267,4,serial,0,64,234521.453125,233625,253542,253542,8191
16384,8192,0.333333343267,4,serial,1,524288,265511.21875,42,84,22125,8191
16384,8192,0.333333343267,4,serial,16,32768,236170.65625,417,709,15542,8191
16384,8192,0.333333343267,4,serial,64,8192,234673.34375,1708,2792,6708,8191
16384,8192,0.333333343267,4,serial,256,2048,234298.421875,6750,11166,11916,8191
1024,256,0,5,stage_burst,0,64,11273.453125,11250,11459,11459,1023
1024,256,0,5,stage_burst,1,16384,14088.796875,0,42,9459,1023
1024,256,0,5,stage_burst,16,1024,11294.28125,125,9458,9500,1023
1024,256,0,5,stage_burst,64,256,11274.78125,500,9875,9958,1023
1024,256,0,5,stage_burst,256,64,11263.609375,11250,11375,11375,1023
1024,256,0,5,pipeline,0,64,12927.109375,12917,13083,13083,1023
1024,256,0,5,pipeline,1,16384,12937.609375,42,84,166,1023
1024,256,0,5,pipeline,16,1024,13034.109375,791,959,6000,1023
1024,256,0,5,pipeline,64,256,13035.640625,3125,3666,3667,1023
1024,256,0,5,pipeline,256,64,12936.1875,12917,13042,13042,1023
1024,256,0,5,serial,0,64,11548.265625,11542,11709,11709,255
1024,256,0,5,serial,1,16384,12396.5625,42,84,208,255
1024,256,0,5,serial,16,1024,11554.46875,667,1084,1208,255
1024,256,0,5,serial,64,256,11602.21875,2834,3375,3667,255
1024,256,0,5,serial,256,64,11537.078125,11542,11667,11667,255
1024,256,0,5,legacy,0,64,9591.203125,9458,17292,17292,255
1024,256,0,5,legacy,1,16384,9866.5625,41,83,2333,255
1024,256,0,5,legacy,16,1024,9464.765625,417,2500,2667,255
1024,256,0,5,legacy,64,256,9443.9375,1958,3584,3625,255
1024,256,0,5,legacy,256,64,9471.96875,9459,9542,9542,255
1024,256,0.333333343267,5,stage_burst,0,64,11445.484375,11458,11542,11542,1023
1024,256,0.333333343267,5,stage_burst,1,16384,14246.296875,0,42,9625,1023
1024,256,0.333333343267,5,stage_burst,16,1024,11470.703125,125,9625,9750,1023
1024,256,0.333333343267,5,stage_burst,64,256,11439.984375,500,10000,10041,1023
1024,256,0.333333343267,5,stage_burst,256,64,11449.21875,11458,11583,11583,1023
1024,256,0.333333343267,5,pipeline,0,64,13095.046875,13083,13250,13250,1023
1024,256,0.333333343267,5,pipeline,1,16384,13090.296875,42,84,209,1023
1024,256,0.333333343267,5,pipeline,16,1024,13129.40625,792,1000,1084,1023
1024,256,0.333333343267,5,pipeline,64,256,13082.03125,3125,3709,3792,1023
1024,256,0.333333343267,5,pipeline,256,64,13086.46875,13083,13208,13208,1023
1024,256,0.333333343267,5,serial,0,64,11773.40625,11750,12209,12209,255
1024,256,0.333333343267,5,serial,1,16384,13002.75,42,84,5333,255
1024,256,0.333333343267,5,serial,16,1024,11821.625,667,1084,1125,255
1024,256,0.333333343267,5,serial,64,256,11781.875,2709,3375,3416,255
1024,256,0.333333343267,5,serial,256,64,11750.65625,11750,11834,11834,255
1024,256,0.333333343267,5,legacy,0,64,12458.984375,12458,12667,12667,255
1024,256,0.333333343267,5,legacy,1,16384,12887.59375,41,83,5292,255
1024,256,0.333333343267,5,legacy,16,1024,12486.828125,417,5541,5625,255
1024,256,0.333333343267,5,legacy,64,256,12454.484375,2042,6584,6625,255
1024,256,0.333333343267,5,legacy,256,64,12600.96875,12459,20833,20833,255
1024,512,0,5,stage_burst,0,64,13239.59375,13250,13292,13292,2047
1024,512,0,5,stage_burst,1,32768,18852.140625,0,42,9375,2047
1024,512,0,5,stage_burst,16,2048,13298.15625,125,9417,9459,2047
1024,512,0,5,stage_burst,64,512,13316.3125,500,10083,10333,2047
1024,512,0,5,stage_burst,256,128,13252.046875,2209,11417,11417,2047
1024,512,0,5,pipeline,0,64,16185.53125,16167,16375,16375,2047
1024,512,0,5,pipeline,1,32768,15598.21875,41,42,166,2047
1024,512,0,5,pipeline,16,2048,16299.28125,500,667,709,2047
1024,512,0,5,pipeline,64,512,16153.5625,1959,2375,2458,2047
1024,512,0,5,pipeline,256,128,16134.234375,7583,8750,8792,2047
1024,512,0,5,serial,0,64,12272.078125,12209,12625,12625,511
1024,512,0,5,serial,1,32768,14768.859375,41,83,167,511
1024,512,0,5,serial,16,2048,12376.828125,375,584,625,511
1024,512,0,5,serial,64,512,12269.984375,1459,2208,2208,511
1024,512,0,5,serial,256,128,12270.171875,6125,6209,6291,511
1024,512,0,5,legacy,0,64,10221.4375,10209,10500,10500,511
1024,512,0,5,legacy,1,32768,14010.171875,41,42,1417,511
1024,512,0,5,legacy,16,2048,10360,250,1500,1542,511
1024,512,0,5,legacy,64,512,10582.796875,1000,2792,22416,511
1024,512,0,5,legacy,256,128,10249.296875,4875,5541,7500,511
1024,512,0.333333343267,5,stage_burst,0,64,13429.703125,13417,13625,13625,2047
1024,512,0.333333343267,5,stage_burst,1,32768,19103.84375,0,42,9542,2047
1024,512,0.333333343267,5,stage_burst,16,2048,13468.8125,125,9625,9667,2047
1024,512,0.333333343267,5,stage_burst,64,512,13430.3125,500,10000,10084,2047
1024,512,0.333333343267,5,stage_burst,256,128,13454.828125,2125,11625,11625,2047
1024,512,0.333333343267,5,pipeline,0,64,16544.234375,16375,22583,22583,2047
1024,512,0.333333343267,5,pipeline,1,32768,16101.671875,41,42,5625,2047
1024,512,0.333333343267,5,pipeline,16,2048,16507.421875,500,667,709,2047
1024,512,0.333333343267,5,pipeline,64,512,16350.3125,2000,2375,2375,2047
1024,512,0.333333343267,5,pipeline,256,128,16331.375,7625,8875,8875,2047
1024,512,0.333333343267,5,serial,0,64,12607.453125,12584,12834,12834,511
1024,512,0.333333343267,5,serial,1,32768,15161.84375,41,83,209,511
1024,512,0.333333343267,5,serial,16,2048,12694.15625,375,584,625,511
1024,512,0.333333343267,5,serial,64,512,12587.328125,1500,2209,2209,511
1024,512,0.333333343267,5,serial,256,128,12569.625,6208,6583,6583,511
1024,512,0.333333343267,5,legacy,0,64,13218.078125,13208,13333,13333,511
1024,512,0.333333343267,5,legacy,1,32768,17099.34375,41,42,4417,511
1024,512,0.333333343267,5,legacy,16,2048,13359.296875,250,4500,4625,511
1024,512,0.333333343267,5,legacy,64,512,13324.109375,1000,5792,5833,511
1024,512,0.333333343267,5,legacy,256,128,13214.875,4875,8459,8459,511
4096,1024,0,5,stage_burst,0,64,49634.671875,49500,52292,52292,4095
4096,1024,0,5,stage_burst,1,65536,60972.90625,0,42,44417,4095
4096,1024,0,5,stage_burst,16,4096,49688.921875,125,41708,44584,4095
4096,1024,0,5,stage_burst,64,1024,49706.9375,500,42209,47167,4095
4096,1024,0,5,stage_burst,256,256,49565.8125,2000,43833,46208,4095
4096,1024,0,5,pipeline,0,64,54454.421875,54333,59583,59583,4095
4096,1024,0,5,pipeline,1,65536,55692.875,42,84,250,4095
4096,1024,0,5,pipeline,16,4096,55096.6875,833,1166,1167,4095
4096,1024,0,5,pipeline,64,1024,54884.234375,3292,3959,8292,4095
4096,1024,0,5,pipeline,256,256,54355.578125,13084,14750,14750,4095
4096,1024,0,5,serial,0,64,50401,50167,55417,55417,1023
4096,1024,0,5,serial,1,65536,53554.9375,42,84,209,1023
4096,1024,0,5,serial,16,4096,50546.703125,709,1209,5750,1023
4096,1024,0,5,serial,64,1024,50227.90625,2958,4750,4917,1023
4096,1024,0,5,serial,256,256,50267.203125,11625,14375,18167,1023
4096,1024,0,5,legacy,0,64,43873.703125,44000,44666,44666,1023
4096,1024,0,5,legacy,1,65536,42616.90625,41,42,10916,1023
4096,1024,0,5,legacy,16,4096,43730.703125,458,10583,11083,1023
4096,1024,0,5,legacy,64,1024,43675.15625,1958,12000,15542,1023
4096,1024,0,5,legacy,256,256,43624.328125,8625,17167,17500,1023
4096,1024,0.333333343267,5,stage_burst,0,64,50316.390625,50166,55083,55083,4095
4096,1024,0.333333343267,5,stage_burst,1,65536,61624.03125,0,42,45292,4095
4096,1024,0.333333343267,5,stage_burst,16,4096,50408.296875,125,42375,45000,4095
4096,1024,0.333333343267,5,stage_burst,64,1024,50423.859375,500,42875,57625,4095
4096,1024,0.333333343267,5,stage_burst,256,256,50319.171875,2000,44500,49083,4095
4096,1024,0.333333343267,5,pipeline,0,64,55144.515625,55041,57791,57791,4095
4096,1024,0.333333343267,5,pipeline,1,65536,56428.34375,42,84,5125,4095
4096,1024,0.333333343267,5,pipeline,16,4096,55432.09375,834,1167,1334,4095
4096,1024,0.333333343267,5,pipeline,64,1024,55133.484375,3333,3959,4000,4095
4096,1024,0.333333343267,5,pipeline,256,256,55152.3125,13208,14958,19917,4095
4096,1024,0.333333343267,5,serial,0,64,51744.171875,51250,64042,64042,1023
4096,1024,0.333333343267,5,serial,1,65536,55529.828125,42,84,209,1023
4096,1024,0.333333343267,5,serial,16,4096,51464.65625,750,1209,1334,1023
4096,1024,0.333333343267,5,serial,64,1024,51400.96875,3000,4792,5334,1023
4096,1024,0.333333343267,5,serial,256,256,51270.59375,11750,15416,15458,1023
4096,1024,0.333333343267,5,legacy,0,64,56128.875,56125,59208,59208,1023
4096,1024,0.333333343267,5,legacy,1,65536,54537.75,41,42,22750,1023
4096,1024,0.333333343267,5,legacy,16,4096,55775.703125,458,22666,23250,1023
4096,1024,0.333333343267,5,legacy,64,1024,55613.84375,1916,24291,24625,1023
4096,1024,0.333333343267,5,legacy,256,256,55417.0625,8542,29500,29625,1023
4096,2048,0,5,stage_burst,0,64,57480.515625,57334,62250,62250,8191
4096,2048,0,5,stage_burst,1,131072,80532.03125,0,42,66625,8191
4096,2048,0,5,stage_burst,16,8192,57613.296875,125,167,43333,8191
4096,2048,0,5,stage_burst,64,2048,57499.171875,500,42083,42250,8191
4096,2048,0,5,stage_burst,256,512,57390.84375,1959,43708,43916,8191
4096,2048,0,5,pipeline,0,64,68065.796875,67959,71916,71916,8191
4096,2048,0,5,pipeline,1,131072,65490.625,42,42,5209,8191
4096,2048,0,5,pipeline,16,8192,68109.140625,500,708,5541,8191
4096,2048,0,5,pipeline,64,2048,68173.234375,2083,2500,2583,8191
4096,2048,0,5,pipeline,256,512,68240.171875,8375,9542,14292,8191
4096,2048,0,5,serial,0,64,53318.3125,52875,60708,60708,2047
4096,2048,0,5,serial,1,131072,59903.03125,41,83,9917,2047
4096,2048,0,5,serial,16,8192,53397.640625,375,667,750,2047
4096,2048,0,5,serial,64,2048,53111.3125,1542,2542,2667,2047
4096,2048,0,5,serial,256,512,52985.03125,6167,9542,15625,2047
4096,2048,0,5,legacy,0,64,46742.796875,46834,49625,49625,2047
4096,2048,0,5,legacy,1,131072,59425.9375,41,42,8541,2047
4096,2048,0,5,legacy,16,8192,47273.578125,250,3833,11209,2047
4096,2048,0,5,legacy,64,2048,47034.515625,1042,7750,8250,2047
4096,2048,0,5,legacy,256,512,46682.203125,4375,13334,13709,2047
4096,2048,0.333333343267,5,stage_burst,0,64,58213.5,58125,60916,60916,8191
4096,2048,0.333333343267,5,stage_burst,1,131072,80916.046875,0,42,44958,8191
4096,2048,0.333333343267,5,stage_burst,16,8192,58736.359375,125,167,62542,8191
4096,2048,0.333333343267,5,stage_burst,64,2048,58125.78125,500,42833,43167,8191
4096,2048,0.333333343267,5,stage_burst,256,512,58218.3125,1959,44500,46417,8191
4096,2048,0.333333343267,5,pipeline,0,64,68774.078125,68791,68958,68958,8191
4096,2048,0.333333343267,5,pipeline,1,131072,66124.71875,42,42,167,8191
4096,2048,0.333333343267,5,pipeline,16,8192,68718.953125,541,708,750,8191
4096,2048,0.333333343267,5,pipeline,64,2048,68866.328125,2083,2583,7125,8191
4096,2048,0.333333343267,5,pipeline,256,512,68721.9375,8417,9584,9667,8191
4096,2048,0.333333343267,5,serial,0,64,54143.203125,54125,54375,54375,2047
4096,2048,0.333333343267,5,serial,1,131072,61981.75,41,83,5500,2047
4096,2048,0.333333343267,5,serial,16,8192,55141.140625,416,667,14958,2047
4096,2048,0.333333343267,5,serial,64,2048,54382.28125,1583,2500,2625,2047
4096,2048,0.333333343267,5,serial,256,512,54297.59375,6542,9583,9875,2047
4096,2048,0.333333343267,5,legacy,0,64,58369.203125,58708,62042,62042,2047
4096,2048,0.333333343267,5,legacy,1,131072,71119.96875,41,42,19916,2047
4096,2048,0.333333343267,5,legacy,16,8192,59068.03125,250,3875,19667,2047
4096,2048,0.333333343267,5,legacy,64,2048,59116.953125,1042,19875,20125,2047
4096,2048,0.333333343267,5,legacy,256,512,58722.734375,4375,26291,27833,2047
16384,4096,0,5,stage_burst,0,64,216645.90625,216167,222708,222708,16383
16384,4096,0,5,stage_burst,1,262144,262085.484375,0,42,190209,16383
16384,4096,0,5,stage_burst,16,16384,216867.859375,125,167,189667,16383
16384,4096,0,5,stage_burst,64,4096,217082.75,500,185084,190000,16383
16384,4096,0,5,stage_burst,256,1024,216395.515625,1959,186959,189750,16383
16384,4096,0,5,pipeline,0,64,232402.953125,232209,237667,237667,16383
16384,4096,0,5,pipeline,1,262144,243531.28125,42,84,14833,16383
16384,4096,0,5,pipeline,16,16384,234390.0625,875,1167,7584,16383
16384,4096,0,5,pipeline,64,4096,233056.25,3500,4375,10125,16383
16384,4096,0,5,pipeline,256,1024,232457.75,13958,17166,18542,16383
16384,4096,0,5,serial,0,64,219382.765625,218833,223792,223792,4095
16384,4096,0,5,serial,1,262144,231411.859375,42,125,13625,4095
16384,4096,0,5,serial,16,16384,219562.078125,792,1375,5750,4095
16384,4096,0,5,serial,64,4096,219293.359375,3125,5334,8292,4095
16384,4096,0,5,serial,256,1024,218824.09375,12875,21250,24083,4095
16384,4096,0,5,legacy,0,64,185936.84375,185292,192916,192916,4095
16384,4096,0,5,legacy,1,262144,179568.4375,42,42,38250,4095
16384,4096,0,5,legacy,16,16384,186764.953125,500,833,42291,4095
16384,4096,0,5,legacy,64,4096,185791.03125,2042,36750,40542,4095
16384,4096,0,5,legacy,256,1024,185703.28125,8375,43042,46958,4095
16384,4096,0.333333343267,5,stage_burst,0,64,219321,219000,224125,224125,16383
16384,4096,0.333333343267,5,stage_burst,1,262144,265118.328125,0,42,205291,16383
16384,4096,0.333333343267,5,stage_burst,16,16384,219617.28125,125,166,190459,16383
16384,4096,0.333333343267,5,stage_burst,64,4096,219633.4375,500,187833,201917,16383
16384,4096,0.333333343267,5,stage_burst,256,1024,219490.1875,1959,189709,202875,16383
16384,4096,0.333333343267,5,pipeline,0,64,236102.265625,235583,251667,251667,16383
16384,4096,0.333333343267,5,pipeline,1,262144,247658.140625,42,84,5125,16383
16384,4096,0.333333343267,5,pipeline,16,16384,236342.4375,875,1167,6458,16383
16384,4096,0.333333343267,5,pipeline,64,4096,236383.953125,3542,4417,8875,16383
16384,4096,0.333333343267,5,pipeline,256,1024,236013.96875,14125,17417,35083,16383
16384,4096,0.333333343267,5,serial,0,64,223265.03125,222417,235833,235833,4095
16384,4096,0.333333343267,5,serial,1,262144,237866,42,125,5583,4095
16384,4096,0.333333343267,5,serial,16,16384,223347.34375,792,1375,5875,4095
16384,4096,0.333333343267,5,serial,64,4096,223463.03125,3208,5334,18667,4095
16384,4096,0.333333343267,5,serial,256,1024,222778.5,13125,21250,21292,4095
16384,4096,0.333333343267,5,legacy,0,64,233209.0625,232875,237708,237708,4095
16384,4096,0.333333343267,5,legacy,1,262144,226885.890625,42,42,87666,4095
16384,4096,0.333333343267,5,legacy,16,16384,234139.40625,500,833,86500,4095
16384,4096,0.333333343267,5,legacy,64,4096,233376.5625,2042,84459,89792,4095
16384,4096,0.333333343267,5,legacy,256,1024,233969.890625,8416,90500,92834,4095
16384,8192,0,5,stage_burst,0,64,248237.609375,247750,260583,260583,32767
16384,8192,0,5,stage_burst,1,524288,339392.484375,0,42,204000,32767
16384,8192,0,5,stage_burst,16,32768,249108.109375,125,166,189958,32767
16384,8192,0,5,stage_burst,64,8192,248313.75,500,542,190250,32767
16384,8192,0,5,stage_burst,256,2048,248171.890625,1959,186750,190000,32767
16384,8192,0,5,pipeline,0,64,286634.71875,286042,294791,294791,32767
16384,8192,0,5,pipeline,1,524288,281152.234375,42,42,5416,32767
16384,8192,0,5,pipeline,16,32768,284464.140625,542,667,5709,32767
16384,8192,0,5,pipeline,64,8192,284614.359375,2166,2625,28042,32767
16384,8192,0,5,pipeline,256,2048,285759.28125,8625,10084,26250,32767
16384,8192,0,5,serial,0,64,229688.78125,229458,232375,232375,8191
16384,8192,0,5,serial,1,524288,250310.59375,41,84,18125,8191
16384,8192,0,5,serial,16,32768,230956.171875,417,709,2417,8191
16384,8192,0,5,serial,64,8192,230213.65625,1667,2792,7083,8191
16384,8192,0,5,serial,256,2048,230086.53125,6667,11166,23375,8191
16384,8192,0,5,legacy,0,64,198386.109375,197875,208375,208375,8191
16384,8192,0,5,legacy,1,524288,237931.578125,41,42,25000,8191
16384,8192,0,5,legacy,16,32768,197890.765625,292,417,25375,8191
16384,8192,0,5,legacy,64,8192,198178.65625,1166,14250,25708,8191
16384,8192,0,5,legacy,256,2048,197391.671875,4666,24583,28791,8191
16384,8192,0.333333343267,5,stage_burst,0,64,250901.625,250583,256041,256041,32767
16384,8192,0.333333343267,5,stage_burst,1,524288,341958.015625,0,42,192417,32767
16384,8192,0.333333343267,5,stage_burst,16,32768,251924.53125,125,166,192666,32767
16384,8192,0.333333343267,5,stage_burst,64,8192,251103.25,500,542,193375,32767
16384,8192,0.333333343267,5,stage_burst,256,2048,251750.671875,1959,189625,209333,32767
16384,8192,0.333333343267,5,pipeline,0,64,288899.6875,288625,298375,298375,32767
16384,8192,0.333333343267,5,pipeline,1,524288,286074.140625,42,42,14500,32767
16384,8192,0.333333343267,5,pipeline,16,32768,287730.5625,542,708,5458,32767
16384,8192,0.333333343267,5,pipeline,64,8192,288995.25,2167,2666,15250,32767
16384,8192,0.333333343267,5,pipeline,256,2048,288554.75,8709,10125,14833,32767
16384,8192,0.333333343267,5,serial,0,64,234576.109375,234000,239625,239625,8191
16384,8192,0.333333343267,5,serial,1,524288,264857.9375,42,84,12208,8191
16384,8192,0.333333343267,5,serial,16,32768,236011.90625,417,709,6167,8191
16384,8192,0.333333343267,5,serial,64,8192,235167.171875,1708,2833,20917,8191
16384,8192,0.333333343267,5,serial,256,2048,234471.8125,6791,11125,12584,8191
16384,8192,0.333333343267,5,legacy,0,64,245888.046875,245625,252833,252833,8191
16384,8192,0.333333343267,5,legacy,1,524288,286164.5,41,42,77750,8191
16384,8192,0.333333343267,5,legacy,16,32768,245481.546875,292,458,72500,8191
16384,8192,0.333333343267,5,legacy,64,8192,245627.859375,1166,14250,72791,8191
16384,8192,0.333333343267,5,legacy,256,2048,245110.640625,4625,72250,72459,8191
1024,256,0,6,pipeline,0,64,12936.21875,12917,13125,13125,1023
1024,256,0,6,pipeline,1,16384,12859.109375,42,84,167,1023
1024,256,0,6,pipeline,16,1024,13099.09375,792,1000,1000,1023
1024,256,0,6,pipeline,64,256,13051.234375,3125,3667,3708,1023
1024,256,0,6,pipeline,256,64,12933.03125,12917,13041,13041,1023
1024,256,0,6,serial,0,64,11500.03125,11500,11667,11667,255
1024,256,0,6,serial,1,16384,12158.8125,42,84,166,255
1024,256,0,6,serial,16,1024,11533.75,667,1083,1084,255
1024,256,0,6,serial,64,256,11514.921875,2709,3291,3459,255
1024,256,0,6,serial,256,64,11506.53125,11500,11584,11584,255
1024,256,0,6,legacy,0,64,9492.125,9500,9791,9791,255
1024,256,0,6,legacy,1,16384,9701.078125,41,83,2209,255
1024,256,0,6,legacy,16,1024,9523.90625,417,2500,2542,255
1024,256,0,6,legacy,64,256,9490.953125,2000,3584,3625,255
1024,256,0,6,legacy,256,64,9477.1875,9459,9625,9625,255
1024,256,0,6,stage_burst,0,64,11265.546875,11250,11458,11458,1023
1024,256,0,6,stage_burst,1,16384,14119.40625,0,42,9500,1023
1024,256,0,6,stage_burst,16,1024,11292.9375,125,9417,9583,1023
1024,256,0,6,stage_burst,64,256,11354.234375,500,9834,15084,1023
1024,256,0,6,stage_burst,256,64,11272.71875,11291,11334,11334,1023
1024,256,0.333333343267,6,pipeline,0,64,13072.9375,13083,13167,13167,1023
1024,256,0.333333343267,6,pipeline,1,16384,13078.921875,42,84,125,1023
1024,256,0.333333343267,6,pipeline,16,1024,13102.84375,792,1000,1083,1023
1024,256,0.333333343267,6,pipeline,64,256,13079.359375,3209,3667,3708,1023
1024,256,0.333333343267,6,pipeline,256,64,13087.125,13083,13250,13250,1023
1024,256,0.333333343267,6,serial,0,64,11848.90625,11875,11959,11959,255
1024,256,0.333333343267,6,serial,1,16384,12996.484375,42,84,166,255
1024,256,0.333333343267,6,serial,16,1024,11834.609375,667,1083,1209,255
1024,256,0.333333343267,6,serial,64,256,11783.890625,2792,3417,3500,255
1024,256,0.333333343267,6,serial,256,64,11760.390625,11750,11875,11875,255
1024,256,0.333333343267,6,legacy,0,64,12477.265625,12459,12583,12583,255
1024,256,0.333333343267,6,legacy,1,16384,12637.984375,41,83,5209,255
1024,256,0.333333343267,6,legacy,16,1024,12691.375,417,5708,5959,255
1024,256,0.333333343267,6,legacy,64,256,12449.828125,1917,6584,6625,255
1024,256,0.333333343267,6,legacy,256,64,12460.28125,12458,12625,12625,255
1024,256,0.333333343267,6,stage_burst,0,64,11448.53125,11458,11500,11500,1023
1024,256,0.333333343267,6,stage_burst,1,16384,14276.75,0,42,9542,1023
1024,256,0.333333343267,6,stage_burst,16,1024,11469.390625,125,9625,9750,1023
1024,256,0.333333343267,6,stage_burst,64,256,11449.90625,500,10042,10083,1023
1024,256,0.333333343267,6,stage_burst,256,64,11444.109375,11458,11500,11500,1023
1024,512,0,6,pipeline,0,64,16214.78125,16208,16458,16458,2047
1024,512,0,6,pipeline,1,32768,15783.015625,41,42,167,2047
1024,512,0,6,pipeline,16,2048,16386.0625,500,667,709,2047
1024,512,0,6,pipeline,64,512,16202.421875,1958,2417,2417,2047
1024,512,0,6,pipeline,256,128,16161.53125,7500,8792,8833,2047
1024,512,0,6,serial,0,64,12331.3125,12333,12625,12625,511
1024,512,0,6,serial,1,32768,14910.09375,41,83,209,511
1024,512,0,6,serial,16,2048,12416.515625,375,584,5834,511
1024,512,0,6,serial,64,512,12268.34375,1459,2208,2209,511
1024,512,0,6,serial,256,128,12245.4375,6125,6292,6500,511
1024,512,0,6,legacy,0,64,10223.875,10208,10625,10625,511
1024,512,0,6,legacy,1,32768,14142.09375,41,42,1417,511
1024,512,0,6,legacy,16,2048,10367.390625,250,1500,1541,511
1024,512,0,6,legacy,64,512,10249.203125,1000,2792,2875,511
1024,512,0,6,legacy,256,128,10212.171875,5084,5541,5542,511
1024,512,0,6,stage_burst,0,64,13287.1875,13250,16042,16042,2047
1024,512,0,6,stage_burst,1,32768,18902.84375,0,42,9375,2047
1024,512,0,6,stage_burst,16,2048,13296.328125,125,9417,9459,2047
1024,512,0,6,stage_burst,64,512,13244.140625,500,9833,9875,2047
1024,512,0,6,stage_burst,256,128,13244.15625,2000,11334,11375,2047
1024,512,0.333333343267,6,pipeline,0,64,16336.828125,16334,16500,16500,2047
1024,512,0.333333343267,6,pipeline,1,32768,15955.578125,41,42,5333,2047
1024,512,0.333333343267,6,pipeline,16,2048,16511.125,500,667,709,2047
1024,512,0.333333343267,6,pipeline,64,512,16310.046875,1959,2375,2417,2047
1024,512,0.333333343267,6,pipeline,256,128,16304.546875,7584,8833,8833,2047
1024,512,0.333333343267,6,serial,0,64,12524.140625,12500,12875,12875,511
1024,512,0.333333343267,6,serial,1,32768,15295.53125,41,83,167,511
1024,512,0.333333343267,6,serial,16,2048,12664.859375,375,584,625,511
1024,512,0.333333343267,6,serial,64,512,12554.515625,1500,2209,2209,511
1024,512,0.333333343267,6,serial,256,128,12557.84375,6250,6583,6667,511
1024,512,0.333333343267,6,legacy,0,64,13218.03125,13208,13333,13333,511
1024,512,0.333333343267,6,legacy,1,32768,17146.53125,41,42,4458,511
1024,512,0.333333343267,6,legacy,16,2048,13380.34375,250,4500,4667,511
1024,512,0.333333343267,6,legacy,64,512,13274.796875,1000,5792,5917,511
1024,512,0.333333343267,6,legacy,256,128,13296.21875,4875,8541,13750,511
1024,512,0.333333343267,6,stage_burst,0,64,13406.265625,13416,13500,13500,2047
1024,512,0.333333343267,6,stage_burst,1,32768,19046.875,0,42,9542,2047
1024,512,0.333333343267,6,stage_burst,16,2048,13462.890625,125,9625,9667,2047
1024,512,0.333333343267,6,stage_burst,64,512,13421.90625,500,10000,10125,2047
1024,512,0.333333343267,6,stage_burst,256,128,13434.15625,2041,11625,11625,2047
4096,1024,0,6,pipeline,0,64,54410.140625,54292,59459,59459,4095
4096,1024,0,6,pipeline,1,65536,55930.046875,42,84,4458,4095
4096,1024,0,6,pipeline,16,4096,55135.28125,833,1166,1209,4095
4096,1024,0,6,pipeline,64,1024,54846.234375,3292,4000,9000,4095
4096,1024,0,6,pipeline,256,256,54348.3125,13042,14708,14709,4095
4096,1024,0,6,serial,0,64,50275.484375,50167,55292,55292,1023
4096,1024,0,6,serial,1,65536,53626.75,42,84,209,1023
4096,1024,0,6,serial,16,4096,50416.6875,709,1209,6000,1023
4096,1024,0,6,serial,64,1024,50240.90625,2917,4750,4834,1023
4096,1024,0,6,serial,256,256,50190.84375,11709,14334,14459,1023
4096,1024,0,6,legacy,0,64,43955.71875,43875,64041,64041,1023
4096,1024,0,6,legacy,1,65536,43582.578125,41,42,26917,1023
4096,1024,0,6,legacy,16,4096,42476.1875,458,10208,10708,1023
4096,1024,0,6,legacy,64,1024,43321.015625,1875,12042,12458,1023
4096,1024,0,6,legacy,256,256,43791.09375,8750,17292,17875,1023
4096,1024,0,6,stage_burst,0,64,49640.03125,49458,57084,57084,4095
4096,1024,0,6,stage_burst,1,65536,60768.703125,0,42,41834,4095
4096,1024,0,6,stage_burst,16,4096,49623.71875,125,41667,44042,4095
4096,1024,0,6,stage_burst,64,1024,49542.328125,500,42125,44709,4095
4096,1024,0,6,stage_burst,256,256,49595.71875,2000,43667,50875,4095
4096,1024,0.333333343267,6,pipeline,0,64,55248.046875,55042,58333,58333,4095
4096,1024,0.333333343267,6,pipeline,1,65536,56476.75,42,84,2542,4095
4096,1024,0.333333343267,6,pipeline,16,4096,55382.09375,834,1166,1209,4095
4096,1024,0.333333343267,6,pipeline,64,1024,55190.859375,3333,4000,4125,4095
4096,1024,0.333333343267,6,pipeline,256,256,55135.484375,13208,14959,19584,4095
4096,1024,0.333333343267,6,serial,0,64,51319.703125,51209,53958,53958,1023
4096,1024,0.333333343267,6,serial,1,65536,55643.140625,42,84,5291,1023
4096,1024,0.333333343267,6,serial,16,4096,51560.078125,750,1209,1334,1023
4096,1024,0.333333343267,6,serial,64,1024,51775.578125,3041,4875,9167,1023
4096,1024,0.333333343267,6,serial,256,256,51329.28125,12042,15417,16125,1023
4096,1024,0.333333343267,6,legacy,0,64,56082.59375,56042,62625,62625,1023
4096,1024,0.333333343267,6,legacy,1,65536,54701.640625,41,42,22834,1023
4096,1024,0.333333343267,6,legacy,16,4096,55933.15625,458,22791,23292,1023
4096,1024,0.333333343267,6,legacy,64,1024,55808.15625,1916,24292,24833,1023
4096,1024,0.333333343267,6,legacy,256,256,55658.796875,8791,29459,29708,1023
4096,1024,0.333333343267,6,stage_burst,0,64,50273.484375,50250,52292,52292,4095
4096,1024,0.333333343267,6,stage_burst,1,65536,61524.890625,0,42,44959,4095
4096,1024,0.333333343267,6,stage_burst,16,4096,50366.609375,125,42375,47916,4095
4096,1024,0.333333343267,6,stage_burst,64,1024,50250.078125,500,42917,45334,4095
4096,1024,0.333333343267,6,stage_burst,256,256,50300.75,2000,44458,49375,4095
4096,2048,0,6,pipeline,0,64,67975.328125,68000,68125,68125,8191
4096,2048,0,6,pipeline,1,131072,64696.53125,42,42,167,8191
4096,2048,0,6,pipeline,16,8192,68104.203125,500,708,5584,8191
4096,2048,0,6,pipeline,64,2048,68247.53125,2042,2500,7416,8191
4096,2048,0,6,pipeline,256,512,68006.703125,8250,9459,9500,8191
4096,2048,0,6,serial,0,64,52941.390625,52834,58042,58042,2047
4096,2048,0,6,serial,1,131072,59593.46875,41,83,5375,2047
4096,2048,0,6,serial,16,8192,53466.9375,375,667,750,2047
4096,2048,0,6,serial,64,2048,53250.53125,1542,2542,3959,2047
4096,2048,0,6,serial,256,512,53002.015625,6250,9542,9625,2047
4096,2048,0,6,legacy,0,64,46565.78125,46625,49750,49750,2047
4096,2048,0,6,legacy,1,131072,59031.078125,41,42,7333,2047
4096,2048,0,6,legacy,16,8192,46852.15625,250,3791,7375,2047
4096,2048,0,6,legacy,64,2048,46886.4375,1042,7750,7959,2047
4096,2048,0,6,legacy,256,512,46502.46875,4375,13458,13708,2047
4096,2048,0,6,stage_burst,0,64,57529.1875,57334,62000,62000,8191
4096,2048,0,6,stage_burst,1,131072,80009.1875,0,42,41792,8191
4096,2048,0,6,stage_burst,16,8192,57609.421875,125,167,44334,8191
4096,2048,0,6,stage_burst,64,2048,57478.515625,500,42084,44959,8191
4096,2048,0,6,stage_burst,256,512,57381.328125,1959,43708,43958,8191
4096,2048,0.333333343267,6,pipeline,0,64,68776.65625,68708,73875,73875,8191
4096,2048,0.333333343267,6,pipeline,1,131072,65881.59375,42,42,167,8191
4096,2048,0.333333343267,6,pipeline,16,8192,68990.71875,541,708,917,8191
4096,2048,0.333333343267,6,pipeline,64,2048,68845.625,2083,2584,2708,8191
4096,2048,0.333333343267,6,pipeline,256,512,68785.765625,8417,9542,14041,8191
4096,2048,0.333333343267,6,serial,0,64,54341.78125,54250,57041,57041,2047
4096,2048,0.333333343267,6,serial,1,131072,61960.125,41,83,208,2047
4096,2048,0.333333343267,6,serial,16,8192,54903.921875,416,667,3250,2047
4096,2048,0.333333343267,6,serial,64,2048,54387.8125,1583,2500,2625,2047
4096,2048,0.333333343267,6,serial,256,512,54364.03125,6542,9625,9875,2047
4096,2048,0.333333343267,6,legacy,0,64,59059.359375,59125,62208,62208,2047
4096,2048,0.333333343267,6,legacy,1,131072,71370.953125,41,42,20916,2047
4096,2048,0.333333343267,6,legacy,16,8192,59068.828125,250,3959,19583,2047
4096,2048,0.333333343267,6,legacy,64,2048,59165.125,1042,19875,20209,2047
4096,2048,0.333333343267,6,legacy,256,512,59121.6875,4375,25750,25958,2047
4096,2048,0.333333343267,6,stage_burst,0,64,58329.921875,58083,61459,61459,8191
4096,2048,0.333333343267,6,stage_burst,1,131072,80862.328125,0,42,44917,8191
4096,2048,0.333333343267,6,stage_burst,16,8192,58272.1875,125,167,45125,8191
4096,2048,0.333333343267,6,stage_burst,64,2048,58138.703125,500,42792,45292,8191
4096,2048,0.333333343267,6,stage_burst,256,512,58134,1959,44458,44583,8191
16384,4096,0,6,pipeline,0,64,232652.328125,232291,241541,241541,16383
16384,4096,0,6,pipeline,1,262144,244041.265625,42,84,5042,16383
16384,4096,0,6,pipeline,16,16384,233137.5,875,1167,6125,16383
16384,4096,0,6,pipeline,64,4096,240485.703125,3625,4541,11916,16383
16384,4096,0,6,pipeline,256,1024,240080.21875,14417,17709,32958,16383
16384,4096,0,6,serial,0,64,223608.0625,225375,233458,233458,4095
16384,4096,0,6,serial,1,262144,230745.515625,42,125,250,4095
16384,4096,0,6,serial,16,16384,219470.890625,792,1375,6000,4095
16384,4096,0,6,serial,64,4096,219427.640625,3125,5375,8208,4095
16384,4096,0,6,serial,256,1024,218982.5,12875,21250,21500,4095
16384,4096,0,6,legacy,0,64,185716.859375,185291,192875,192875,4095
16384,4096,0,6,legacy,1,262144,181896.875,42,42,50625,4095
16384,4096,0,6,legacy,16,16384,187158.75,500,833,104000,4095
16384,4096,0,6,legacy,64,4096,186368.0625,2042,36791,41833,4095
16384,4096,0,6,legacy,256,1024,186307.484375,8458,43041,45000,4095
16384,4096,0,6,stage_burst,0,64,216453.109375,216167,219416,219416,16383
16384,4096,0,6,stage_burst,1,262144,262534.125,0,42,193625,16383
16384,4096,0,6,stage_burst,16,16384,217275.53125,125,167,192542,16383
16384,4096,0,6,stage_burst,64,4096,216449.1875,500,184958,192667,16383
16384,4096,0,6,stage_burst,256,1024,216291.5,1959,186792,191792,16383
16384,4096,0.333333343267,6,pipeline,0,64,236016.859375,235583,240875,240875,16383
16384,4096,0.333333343267,6,pipeline,1,262144,247469.875,42,84,13833,16383
16384,4096,0.333333343267,6,pipeline,16,16384,236272.84375,875,1167,6167,16383
16384,4096,0.333333343267,6,pipeline,64,4096,236188.703125,3542,4417,5917,16383
16384,4096,0.333333343267,6,pipeline,256,1024,236010.515625,14166,17375,31375,16383
16384,4096,0.333333343267,6,serial,0,64,222735.59375,222458,229083,229083,4095
16384,4096,0.333333343267,6,serial,1,262144,238617.875,42,125,41750,4095
16384,4096,0.333333343267,6,serial,16,16384,223721.28125,792,1334,7708,4095
16384,4096,0.333333343267,6,serial,64,4096,223427.1875,3208,5334,5792,4095
16384,4096,0.333333343267,6,serial,256,1024,222901.71875,13166,21250,23166,4095
16384,4096,0.333333343267,6,legacy,0,64,233438.1875,232875,239416,239416,4095
16384,4096,0.333333343267,6,legacy,1,262144,226730.078125,42,42,88334,4095
16384,4096,0.333333343267,6,legacy,16,16384,234235.75,500,833,88750,4095
16384,4096,0.333333343267,6,legacy,64,4096,234871.171875,2042,84417,101958,4095
16384,4096,0.333333343267,6,legacy,256,1024,241475.53125,8666,94125,136167,4095
16384,4096,0.333333343267,6,stage_burst,0,64,223628.28125,225583,236167,236167,16383
16384,4096,0.333333343267,6,stage_burst,1,262144,265039.0625,0,42,194666,16383
16384,4096,0.333333343267,6,stage_burst,16,16384,219526.046875,125,166,193083,16383
16384,4096,0.333333343267,6,stage_burst,64,4096,219629.1875,500,187833,195500,16383
16384,4096,0.333333343267,6,stage_burst,256,1024,219330.140625,1959,189667,197667,16383
16384,8192,0,6,pipeline,0,64,285796.84375,285541,293625,293625,32767
16384,8192,0,6,pipeline,1,524288,281117.625,42,42,7416,32767
16384,8192,0,6,pipeline,16,32768,285156.78125,542,667,5708,32767
16384,8192,0,6,pipeline,64,8192,286161.015625,2167,2625,8709,32767
16384,8192,0,6,pipeline,256,2048,285728.4375,8625,10083,14125,32767
16384,8192,0,6,serial,0,64,229738.328125,229458,234292,234292,8191
16384,8192,0,6,serial,1,524288,256078.015625,41,84,5334,8191
16384,8192,0,6,serial,16,32768,231487.359375,417,709,5417,8191
16384,8192,0,6,serial,64,8192,230403.375,1667,2792,9333,8191
16384,8192,0,6,serial,256,2048,229944.9375,6667,11166,15125,8191
16384,8192,0,6,legacy,0,64,198300.890625,197917,206708,206708,8191
16384,8192,0,6,legacy,1,524288,238344.25,41,42,27083,8191
16384,8192,0,6,legacy,16,32768,197825.703125,292,417,24375,8191
16384,8192,0,6,legacy,64,8192,198383.375,1166,14250,27666,8191
16384,8192,0,6,legacy,256,2048,197783.84375,4667,24583,25334,8191
16384,8192,0,6,stage_burst,0,64,249112.671875,247875,258917,258917,32767
16384,8192,0,6,stage_burst,1,524288,339240.875,0,42,195042,32767
16384,8192,0,6,stage_burst,16,32768,249006.0625,125,167,189459,32767
16384,8192,0,6,stage_burst,64,8192,248600.359375,500,625,201209,32767
16384,8192,0,6,stage_burst,256,2048,248298.78125,1959,186791,193292,32767
16384,8192,0.333333343267,6,pipeline,0,64,289695.9375,288792,320042,320042,32767
16384,8192,0.333333343267,6,pipeline,1,524288,286580.390625,42,42,4958,32767
16384,8192,0.333333343267,6,pipeline,16,32768,287983.578125,542,667,5708,32767
16384,8192,0.333333343267,6,pipeline,64,8192,288596.828125,2167,2666,7458,32767
16384,8192,0.333333343267,6,pipeline,256,2048,289039.921875,8709,10208,14334,32767
16384,8192,0.333333343267,6,serial,0,64,231740.265625,229625,268042,268042,8191
16384,8192,0.333333343267,6,serial,1,524288,263155.734375,41,84,42000,8191
16384,8192,0.333333343267,6,serial,16,32768,236204.34375,417,709,7917,8191
16384,8192,0.333333343267,6,serial,64,8192,234706.609375,1708,2792,6875,8191
16384,8192,0.333333343267,6,serial,256,2048,234485.78125,6791,11166,19167,8191
16384,8192,0.333333343267,6,legacy,0,64,245664.078125,244958,252333,252333,8191
16384,8192,0.333333343267,6,legacy,1,524288,285787.28125,41,42,72208,8191
16384,8192,0.333333343267,6,legacy,16,32768,245687.34375,292,417,74542,8191
16384,8192,0.333333343267,6,legacy,64,8192,245488.109375,1166,14250,75084,8191
16384,8192,0.333333343267,6,legacy,256,2048,246014.140625,4666,72208,73625,8191
16384,8192,0.333333343267,6,stage_burst,0,64,250849.640625,250500,255459,255459,32767
16384,8192,0.333333343267,6,stage_burst,1,524288,342308.859375,0,42,208167,32767
16384,8192,0.333333343267,6,stage_burst,16,32768,252002.125,125,166,197416,32767
16384,8192,0.333333343267,6,stage_burst,64,8192,250963.671875,500,542,192875,32767
16384,8192,0.333333343267,6,stage_burst,256,2048,251109.078125,1959,189500,210458,32767
1024,256,0,7,serial,0,64,11505.296875,11500,11750,11750,255
1024,256,0,7,serial,1,16384,12143.40625,42,84,209,255
1024,256,0,7,serial,16,1024,11511.578125,667,1084,1084,255
1024,256,0,7,serial,64,256,11540.296875,2792,3334,3583,255
1024,256,0,7,serial,256,64,11492.109375,11500,11667,11667,255
1024,256,0,7,legacy,0,64,9490.875,9459,10042,10042,255
1024,256,0,7,legacy,1,16384,9658.046875,41,84,2292,255
1024,256,0,7,legacy,16,1024,9483.1875,417,2500,2584,255
1024,256,0,7,legacy,64,256,9538.4375,2042,3625,7500,255
1024,256,0,7,legacy,256,64,9464.140625,9458,9625,9625,255
1024,256,0,7,stage_burst,0,64,11258.46875,11250,11334,11334,1023
1024,256,0,7,stage_burst,1,16384,14086.9375,0,42,9416,1023
1024,256,0,7,stage_burst,16,1024,11274.6875,125,9417,9500,1023
1024,256,0,7,stage_burst,64,256,11254.625,500,9833,9875,1023
1024,256,0,7,stage_burst,256,64,11350.90625,11291,11958,11958,1023
1024,256,0,7,pipeline,0,64,13039.109375,12917,20292,20292,1023
1024,256,0,7,pipeline,1,16384,12992.65625,42,84,5167,1023
1024,256,0,7,pipeline,16,1024,12973.0625,792,959,1083,1023
1024,256,0,7,pipeline,64,256,12920.078125,3084,3667,3667,1023
1024,256,0,7,pipeline,256,64,13183.625,12917,29292,29292,1023
1024,256,0.333333343267,7,serial,0,64,11775.3125,11750,11916,11916,255
1024,256,0.333333343267,7,serial,1,16384,12989.265625,42,84,167,255
1024,256,0.333333343267,7,serial,16,1024,11820.96875,667,1084,1125,255
1024,256,0.333333343267,7,serial,64,256,11808.5625,2875,3417,3417,255
1024,256,0.333333343267,7,serial,256,64,11848.375,11750,17000,17000,255
1024,256,0.333333343267,7,legacy,0,64,12475.125,12458,12708,12708,255
1024,256,0.333333343267,7,legacy,1,16384,12677.515625,41,83,5250,255
1024,256,0.333333343267,7,legacy,16,1024,12483.625,417,5541,5584,255
1024,256,0.333333343267,7,legacy,64,256,12462.359375,1959,6625,6709,255
1024,256,0.333333343267,7,legacy,256,64,12464.109375,12458,12625,12625,255
1024,256,0.333333343267,7,stage_burst,0,64,11490.3125,11458,12250,12250,1023
1024,256,0.333333343267,7,stage_burst,1,16384,14262.96875,0,42,9584,1023
1024,256,0.333333343267,7,stage_burst,16,1024,11472.609375,125,9625,9750,1023
1024,256,0.333333343267,7,stage_burst,64,256,11439.453125,500,10000,10042,1023
1024,256,0.333333343267,7,stage_burst,256,64,11449.203125,11458,11583,11583,1023
1024,256,0.333333343267,7,pipeline,0,64,13259.078125,13084,19916,19916,1023
1024,256,0.333333343267,7,pipeline,1,16384,13206.3125,42,84,7584,1023
1024,256,0.333333343267,7,pipeline,16,1024,13138.109375,792,1000,1125,1023
1024,256,0.333333343267,7,pipeline,64,256,13085.875,3125,3708,3750,1023
1024,256,0.333333343267,7,pipeline,256,64,13083.921875,13083,13250,13250,1023
1024,512,0,7,serial,0,64,12356.703125,12333,12792,12792,511
1024,512,0,7,serial,1,32768,14876.859375,41,83,125,511
1024,512,0,7,serial,16,2048,12397.703125,375,584,625,511
1024,512,0,7,serial,64,512,12324.734375,1459,2208,2250,511
1024,512,0,7,serial,256,128,12329.5,6167,6333,6375,511
1024,512,0,7,legacy,0,64,10208.453125,10208,10584,10584,511
1024,512,0,7,legacy,1,32768,13985.609375,41,42,1417,511
1024,512,0,7,legacy,16,2048,10355.4375,250,1500,1625,511
1024,512,0,7,legacy,64,512,10230.53125,1000,2792,2833,511
1024,512,0,7,legacy,256,128,10205.046875,4959,5459,5584,511
1024,512,0,7,stage_burst,0,64,13249.4375,13250,13417,13417,2047
1024,512,0,7,stage_burst,1,32768,18900.921875,0,42,9417,2047
1024,512,0,7,stage_burst,16,2048,13280.703125,125,9417,9500,2047
1024,512,0,7,stage_burst,64,512,13333.890625,500,9833,9834,2047
1024,512,0,7,stage_burst,256,128,13251.359375,2125,11417,11417,2047
1024,512,0,7,pipeline,0,64,16210.234375,16208,16417,16417,2047
1024,512,0,7,pipeline,1,32768,15683.875,41,42,125,2047
1024,512,0,7,pipeline,16,2048,16339.015625,500,708,709,2047
1024,512,0,7,pipeline,64,512,16167.921875,2000,2417,2500,2047
1024,512,0,7,pipeline,256,128,16139.9375,7583,8750,8792,2047
1024,512,0.333333343267,7,serial,0,64,12841.09375,12625,20500,20500,511
1024,512,0.333333343267,7,serial,1,32768,15171.078125,41,83,167,511
1024,512,0.333333343267,7,serial,16,2048,12654.3125,375,584,584,511
1024,512,0.333333343267,7,serial,64,512,12605.0625,1459,2209,2209,511
1024,512,0.333333343267,7,serial,256,128,12586.515625,6167,6583,6625,511
1024,512,0.333333343267,7,legacy,0,64,13220.078125,13208,13375,13375,511
1024,512,0.333333343267,7,legacy,1,32768,17121.546875,41,42,5167,511
1024,512,0.333333343267,7,legacy,16,2048,13331.984375,250,4500,4583,511
1024,512,0.333333343267,7,legacy,64,512,13246.625,1000,5792,5875,511
1024,512,0.333333343267,7,legacy,256,128,13233.765625,4959,8541,8541,511
1024,512,0.333333343267,7,stage_burst,0,64,13419.34375,13417,13500,13500,2047
1024,512,0.333333343267,7,stage_burst,1,32768,19058.109375,0,42,9667,2047
1024,512,0.333333343267,7,stage_burst,16,2048,13462.359375,125,9625,9666,2047
1024,512,0.333333343267,7,stage_burst,64,512,13442.59375,500,10000,10125,2047
1024,512,0.333333343267,7,stage_burst,256,128,13419.203125,2000,11541,11542,2047
1024,512,0.333333343267,7,pipeline,0,64,16388,16375,16666,16666,2047
1024,512,0.333333343267,7,pipeline,1,32768,15880.75,41,42,167,2047
1024,512,0.333333343267,7,pipeline,16,2048,16724.890625,500,708,8417,2047
1024,512,0.333333343267,7,pipeline,64,512,16498.71875,2000,2417,9333,2047
1024,512,0.333333343267,7,pipeline,256,128,16493.5625,7666,9000,14000,2047
4096,1024,0,7,serial,0,64,50490.1875,50167,65917,65917,1023
4096,1024,0,7,serial,1,65536,53515.53125,42,84,4959,1023
4096,1024,0,7,serial,16,4096,50355.765625,709,1209,1333,1023
4096,1024,0,7,serial,64,1024,50590.328125,2958,4791,7708,1023
4096,1024,0,7,serial,256,256,50640.5625,13167,15083,27250,1023
4096,1024,0,7,legacy,0,64,43761.640625,43875,47792,47792,1023
4096,1024,0,7,legacy,1,65536,42353.28125,41,42,10542,1023
4096,1024,0,7,legacy,16,4096,43771.078125,458,10583,11042,1023
4096,1024,0,7,legacy,64,1024,43545.984375,1875,11959,12208,1023
4096,1024,0,7,legacy,256,256,43751.296875,8667,17292,17458,1023
4096,1024,0,7,stage_burst,0,64,49511.734375,49500,49834,49834,4095
4096,1024,0,7,stage_burst,1,65536,60934.8125,0,42,46833,4095
4096,1024,0,7,stage_burst,16,4096,49933.671875,125,41708,48333,4095
4096,1024,0,7,stage_burst,64,1024,49820.984375,500,42208,56500,4095
4096,1024,0,7,stage_burst,256,256,49514.109375,2000,43916,43958,4095
4096,1024,0,7,pipeline,0,64,54472.625,54291,59750,59750,4095
4096,1024,0,7,pipeline,1,65536,55807.828125,42,84,209,4095
4096,1024,0,7,pipeline,16,4096,55120.15625,833,1084,1208,4095
4096,1024,0,7,pipeline,64,1024,54765.515625,3292,3959,18833,4095
4096,1024,0,7,pipeline,256,256,54591.234375,13333,15000,15375,4095
4096,1024,0.333333343267,7,serial,0,64,51692.6875,51292,58958,58958,1023
4096,1024,0.333333343267,7,serial,1,65536,55496,42,84,250,1023
4096,1024,0.333333343267,7,serial,16,4096,51572.453125,750,1209,6083,1023
4096,1024,0.333333343267,7,serial,64,1024,51356.8125,3000,4791,4792,1023
4096,1024,0.333333343267,7,serial,256,256,51441.359375,11583,15416,22666,1023
4096,1024,0.333333343267,7,legacy,0,64,56083.375,56167,71500,71500,1023
4096,1024,0.333333343267,7,legacy,1,65536,54585.890625,41,42,22708,1023
4096,1024,0.333333343267,7,legacy,16,4096,56130.015625,458,22792,23375,1023
4096,1024,0.333333343267,7,legacy,64,1024,55604.078125,1916,24250,24375,1023
4096,1024,0.333333343267,7,legacy,256,256,56246.09375,11417,30000,32416,1023
4096,1024,0.333333343267,7,stage_burst,0,64,50425.234375,50208,57666,57666,4095
4096,1024,0.333333343267,7,stage_burst,1,65536,61859.421875,0,42,46792,4095
4096,1024,0.333333343267,7,stage_burst,16,4096,50302.609375,125,42375,42750,4095
4096,1024,0.333333343267,7,stage_burst,64,1024,50360.09375,500,42875,47833,4095
4096,1024,0.333333343267,7,stage_burst,256,256,50241.953125,2000,44500,44666,4095
4096,1024,0.333333343267,7,pipeline,0,64,55105.53125,55042,57792,57792,4095
4096,1024,0.333333343267,7,pipeline,1,65536,56799.90625,42,84,20208,4095
4096,1024,0.333333343267,7,pipeline,16,4096,55299.015625,833,1166,1209,4095
4096,1024,0.333333343267,7,pipeline,64,1024,55168.171875,3333,3959,8667,4095
4096,1024,0.333333343267,7,pipeline,256,256,55046.9375,13250,14875,14958,4095
4096,2048,0,7,serial,0,64,53073.59375,52958,58167,58167,2047
4096,2048,0,7,serial,1,131072,59594.421875,41,83,167,2047
4096,2048,0,7,serial,16,8192,53464.140625,375,667,750,2047
4096,2048,0,7,serial,64,2048,53218.28125,1542,2500,6500,2047
4096,2048,0,7,serial,256,512,53171.421875,6500,9667,10125,2047
4096,2048,0,7,legacy,0,64,46927.625,46916,50875,50875,2047
4096,2048,0,7,legacy,1,131072,59125.625,41,42,8750,2047
4096,2048,0,7,legacy,16,8192,46992.4375,250,3875,7375,2047
4096,2048,0,7,legacy,64,2048,46970.703125,1042,7750,8209,2047
4096,2048,0,7,legacy,256,512,46317.796875,4375,13334,13417,2047
4096,2048,0,7,stage_burst,0,64,57429.71875,57333,60208,60208,8191
4096,2048,0,7,stage_burst,1,131072,80012.921875,0,42,44375,8191
4096,2048,0,7,stage_burst,16,8192,57739.546875,125,167,44500,8191
4096,2048,0,7,stage_burst,64,2048,57478.640625,500,42084,42333,8191
4096,2048,0,7,stage_burst,256,512,57482,1959,44000,46916,8191
4096,2048,0,7,pipeline,0,64,68256.515625,68000,73000,73000,8191
4096,2048,0,7,pipeline,1,131072,65515.40625,42,42,14000,8191
4096,2048,0,7,pipeline,16,8192,68216.09375,500,708,8291,8191
4096,2048,0,7,pipeline,64,2048,68197.75,2083,2542,7084,8191
4096,2048,0,7,pipeline,256,512,68147.125,8416,9500,14334,8191
4096,2048,0.333333343267,7,serial,0,64,54250.59375,54208,56958,56958,2047
4096,2048,0.333333343267,7,serial,1,131072,62004.875,41,83,3916,2047
4096,2048,0.333333343267,7,serial,16,8192,55205.953125,416,667,7875,2047
4096,2048,0.333333343267,7,serial,64,2048,54458.84375,1583,2541,2625,2047
4096,2048,0.333333343267,7,serial,256,512,54619.765625,6542,9833,11459,2047
4096,2048,0.333333343267,7,legacy,0,64,58475.25,58833,59625,59625,2047
4096,2048,0.333333343267,7,legacy,1,131072,71608.328125,41,42,21166,2047
4096,2048,0.333333343267,7,legacy,16,8192,58982.75,250,3875,19584,2047
4096,2048,0.333333343267,7,legacy,64,2048,59139.75,1042,19917,20542,2047
4096,2048,0.333333343267,7,legacy,256,512,58878.0625,4375,25625,25792,2047
4096,2048,0.333333343267,7,stage_burst,0,64,58120.421875,58125,58333,58333,8191
4096,2048,0.333333343267,7,stage_burst,1,131072,80955.96875,0,42,50083,8191
4096,2048,0.333333343267,7,stage_burst,16,8192,58466.953125,125,167,49250,8191
4096,2048,0.333333343267,7,stage_burst,64,2048,58212.953125,500,42792,48500,8191
4096,2048,0.333333343267,7,stage_burst,256,512,58173.25,1959,44459,47083,8191
4096,2048,0.333333343267,7,pipeline,0,64,68814.40625,68708,73917,73917,8191
4096,2048,0.333333343267,7,pipeline,1,131072,66458.171875,42,42,5375,8191
4096,2048,0.333333343267,7,pipeline,16,8192,69062.234375,541,708,18541,8191
4096,2048,0.333333343267,7,pipeline,64,2048,68873.84375,2083,2584,2667,8191
4096,2048,0.333333343267,7,pipeline,256,512,68844.28125,8500,9625,11958,8191
16384,4096,0,7,serial,0,64,220762.4375,218875,312375,312375,4095
16384,4096,0,7,serial,1,262144,231309.578125,42,125,16792,4095
16384,4096,0,7,serial,16,16384,219872.5,792,1375,6125,4095
16384,4096,0,7,serial,64,4096,219713.078125,3125,5375,12166,4095
16384,4096,0,7,serial,256,1024,219318.9375,12875,21291,26333,4095
16384,4096,0,7,legacy,0,64,186821.03125,186125,192625,192625,4095
16384,4096,0,7,legacy,1,262144,180827.40625,42,42,40667,4095
16384,4096,0,7,legacy,16,16384,186296.171875,500,833,38791,4095
16384,4096,0,7,legacy,64,4096,185750.015625,2042,36792,40875,4095
16384,4096,0,7,legacy,256,1024,185776.703125,8583,43042,49709,4095
16384,4096,0,7,stage_burst,0,64,216619.078125,216167,224958,224958,16383
16384,4096,0,7,stage_burst,1,262144,263409.203125,0,42,202750,16383
16384,4096,0,7,stage_burst,16,16384,216858.75,125,167,190083,16383
16384,4096,0,7,stage_burst,64,4096,217130.65625,500,185000,195250,16383
16384,4096,0,7,stage_burst,256,1024,216379.40625,1959,187000,189250,16383
16384,4096,0,7,pipeline,0,64,234153.671875,232334,248459,248459,16383
16384,4096,0,7,pipeline,1,262144,244245.3125,42,84,7375,16383
16384,4096,0,7,pipeline,16,16384,233380.3125,875,1167,8875,16383
16384,4096,0,7,pipeline,64,4096,233002.8125,3500,4375,9042,16383
16384,4096,0,7,pipeline,256,1024,233065.703125,13958,17208,34250,16383
16384,4096,0.333333343267,7,serial,0,64,223154.40625,222542,227667,227667,4095
16384,4096,0.333333343267,7,serial,1,262144,238405.59375,42,125,10250,4095
16384,4096,0.333333343267,7,serial,16,16384,223415.03125,792,1375,3750,4095
16384,4096,0.333333343267,7,serial,64,4096,222685.59375,3208,5334,5500,4095
16384,4096,0.333333343267,7,serial,256,1024,223096.59375,13125,21250,26625,4095
16384,4096,0.333333343267,7,legacy,0,64,233678.390625,232917,248667,248667,4095
16384,4096,0.333333343267,7,legacy,1,262144,226760,42,42,85125,4095
16384,4096,0.333333343267,7,legacy,16,16384,235147.71875,500,833,90334,4095
16384,4096,0.333333343267,7,legacy,64,4096,234277.78125,2042,84458,98500,4095
16384,4096,0.333333343267,7,legacy,256,1024,233722.359375,8459,90625,93666,4095
16384,4096,0.333333343267,7,stage_burst,0,64,219647.671875,218959,223583,223583,16383
16384,4096,0.333333343267,7,stage_burst,1,262144,265150.765625,0,42,197167,16383
16384,4096,0.333333343267,7,stage_burst,16,16384,220444.109375,125,167,197917,16383
16384,4096,0.333333343267,7,stage_burst,64,4096,219538.546875,500,187834,192875,16383
16384,4096,0.333333343267,7,stage_burst,256,1024,219664.390625,1959,191583,196791,16383
16384,4096,0.333333343267,7,pipeline,0,64,236068.328125,235583,246542,246542,16383
16384,4096,0.333333343267,7,pipeline,1,262144,248142.546875,42,84,6667,16383
16384,4096,0.333333343267,7,pipeline,16,16384,236595.171875,875,1167,15042,16383
16384,4096,0.333333343267,7,pipeline,64,4096,236409.734375,3542,4417,10917,16383
16384,4096,0.333333343267,7,pipeline,256,1024,236075.9375,14166,17458,26459,16383
16384,8192,0,7,serial,0,64,229716.09375,229250,236459,236459,8191
16384,8192,0,7,serial,1,524288,256328.375,41,84,15000,8191
16384,8192,0,7,serial,16,32768,231084.171875,417,709,5792,8191
16384,8192,0,7,serial,64,8192,230545.890625,1667,2792,6792,8191
16384,8192,0,7,serial,256,2048,228654.6875,6583,11125,54750,8191
16384,8192,0,7,legacy,0,64,197878.90625,197458,216500,216500,8191
16384,8192,0,7,legacy,1,524288,238423.921875,41,42,28666,8191
16384,8192,0,7,legacy,16,32768,197923.25,292,417,27042,8191
16384,8192,0,7,legacy,64,8192,197823.921875,1166,14250,26458,8191
16384,8192,0,7,legacy,256,2048,197620.15625,4666,24542,29834,8191
16384,8192,0,7,stage_burst,0,64,248692.078125,247750,259333,259333,32767
16384,8192,0,7,stage_burst,1,524288,341326.515625,0,42,197917,32767
16384,8192,0,7,stage_burst,16,32768,249471.28125,125,166,204541,32767
16384,8192,0,7,stage_burst,64,8192,248611.921875,500,625,201750,32767
16384,8192,0,7,stage_burst,256,2048,248693,1959,186875,203000,32767
16384,8192,0,7,pipeline,0,64,286157.59375,286000,292209,292209,32767
16384,8192,0,7,pipeline,1,524288,281307.546875,42,42,19833,32767
16384,8192,0,7,pipeline,16,32768,284517.046875,542,667,7375,32767
16384,8192,0,7,pipeline,64,8192,286062.1875,2167,2625,22792,32767
16384,8192,0,7,pipeline,256,2048,285540.96875,8625,10042,16000,32767
16384,8192,0.333333343267,7,serial,0,64,234201.171875,233667,249167,249167,8191
16384,8192,0.333333343267,7,serial,1,524288,266617.203125,42,84,2209,8191
16384,8192,0.333333343267,7,serial,16,32768,235714.984375,417,709,4625,8191
16384,8192,0.333333343267,7,serial,64,8192,235160.953125,1708,2833,22417,8191
16384,8192,0.333333343267,7,serial,256,2048,234755.671875,6791,11167,21708,8191
16384,8192,0.333333343267,7,legacy,0,64,245875.015625,245667,249917,249917,8191
16384,8192,0.333333343267,7,legacy,1,524288,286525.46875,41,42,71584,8191
16384,8192,0.333333343267,7,legacy,16,32768,245443.3125,292,458,72167,8191
16384,8192,0.333333343267,7,legacy,64,8192,245962.484375,1166,14250,82083,8191
16384,8192,0.333333343267,7,legacy,256,2048,245576.1875,4666,72209,79958,8191
16384,8192,0.333333343267,7,stage_burst,0,64,250945.296875,250583,255417,255417,32767
16384,8192,0.333333343267,7,stage_burst,1,524288,342186.75,0,42,207083,32767
16384,8192,0.333333343267,7,stage_burst,16,32768,251607.234375,125,166,191667,32767
16384,8192,0.333333343267,7,stage_burst,64,8192,251340.046875,500,625,198917,32767
16384,8192,0.333333343267,7,stage_burst,256,2048,251049.140625,1959,189542,200333,32767
16384,8192,0.333333343267,7,pipeline,0,64,288777.296875,288583,310583,310583,32767
16384,8192,0.333333343267,7,pipeline,1,524288,285958.15625,42,42,7042,32767
16384,8192,0.333333343267,7,pipeline,16,32768,289027.59375,542,708,21708,32767
16384,8192,0.333333343267,7,pipeline,64,8192,289107.703125,2167,2666,9750,32767
16384,8192,0.333333343267,7,pipeline,256,2048,288252.671875,8708,10125,11541,32767
1024,256,0,8,legacy,0,64,9555.375,9500,10084,10084,255
1024,256,0,8,legacy,1,16384,9802.125,41,83,7542,255
1024,256,0,8,legacy,16,1024,9502,417,2500,2542,255
1024,256,0,8,legacy,64,256,9449.171875,2000,3584,3708,255
1024,256,0,8,legacy,256,64,9534.4375,9458,14584,14584,255
1024,256,0,8,stage_burst,0,64,11263.640625,11250,11625,11625,1023
1024,256,0,8,stage_burst,1,16384,14069.125,0,42,9375,1023
1024,256,0,8,stage_burst,16,1024,11293.015625,125,9458,9583,1023
1024,256,0,8,stage_burst,64,256,11269.5625,500,9834,9875,1023
1024,256,0,8,stage_burst,256,64,11276.671875,11250,11375,11375,1023
1024,256,0,8,pipeline,0,64,12932.25,12917,13125,13125,1023
1024,256,0,8,pipeline,1,16384,12894.140625,42,84,208,1023
1024,256,0,8,pipeline,16,1024,13180.21875,792,1000,6083,1023
1024,256,0,8,pipeline,64,256,13039.21875,3125,3625,3750,1023
1024,256,0,8,pipeline,256,64,12928.28125,12917,13000,13000,1023
1024,256,0,8,serial,0,64,11478.546875,11459,11750,11750,255
1024,256,0,8,serial,1,16384,12184.171875,42,84,209,255
1024,256,0,8,serial,16,1024,11517.046875,667,1084,1250,255
1024,256,0,8,serial,64,256,11513.859375,2792,3250,3333,255
1024,256,0,8,serial,256,64,11492.90625,11500,11583,11583,255
1024,256,0.333333343267,8,legacy,0,64,12555.921875,12459,17708,17708,255
1024,256,0.333333343267,8,legacy,1,16384,12696.28125,41,83,5250,255
1024,256,0.333333343267,8,legacy,16,1024,12523.75,417,5542,5625,255
1024,256,0.333333343267,8,legacy,64,256,12476,1959,6625,6625,255
1024,256,0.333333343267,8,legacy,256,64,12635.4375,12459,17833,17833,255
1024,256,0.333333343267,8,stage_burst,0,64,11561.28125,11458,18791,18791,1023
1024,256,0.333333343267,8,stage_burst,1,16384,14901.453125,0,42,26250,1023
1024,256,0.333333343267,8,stage_burst,16,1024,11324.921875,125,9500,9542,1023
1024,256,0.333333343267,8,stage_burst,64,256,11297.34375,500,9917,9917,1023
1024,256,0.333333343267,8,stage_burst,256,64,11354.734375,11292,12042,12042,1023
1024,256,0.333333343267,8,pipeline,0,64,12892.671875,12917,13166,13166,1023
1024,256,0.333333343267,8,pipeline,1,16384,12615.984375,42,84,125,1023
1024,256,0.333333343267,8,pipeline,16,1024,12713.453125,750,959,1000,1023
1024,256,0.333333343267,8,pipeline,64,256,12719.40625,3167,3667,3750,1023
1024,256,0.333333343267,8,pipeline,256,64,13238.265625,12709,35625,35625,1023
1024,256,0.333333343267,8,serial,0,64,11707.6875,11708,11916,11916,255
1024,256,0.333333343267,8,serial,1,16384,12693.4375,42,84,208,255
1024,256,0.333333343267,8,serial,16,1024,11728.4375,667,1083,1125,255
1024,256,0.333333343267,8,serial,64,256,11722,2750,3417,3542,255
1024,256,0.333333343267,8,serial,256,64,11699.75,11708,11833,11833,255
1024,512,0,8,legacy,0,64,10223.3125,10208,10459,10459,511
1024,512,0,8,legacy,1,32768,14149.71875,41,42,1375,511
1024,512,0,8,legacy,16,2048,10366.828125,250,1500,1625,511
1024,512,0,8,legacy,64,512,10268.109375,1000,2833,2917,511
1024,512,0,8,legacy,256,128,10215.46875,4958,5458,5542,511
1024,512,0,8,stage_burst,0,64,13229.21875,13209,13334,13334,2047
1024,512,0,8,stage_burst,1,32768,18889.921875,0,42,9459,2047
1024,512,0,8,stage_burst,16,2048,13291.140625,125,9417,9541,2047
1024,512,0,8,stage_burst,64,512,13257.828125,500,9833,9958,2047
1024,512,0,8,stage_burst,256,128,13263.671875,2083,11417,12750,2047
1024,512,0,8,pipeline,0,64,16591.109375,16208,38666,38666,2047
1024,512,0,8,pipeline,1,32768,15764.65625,41,42,167,2047
1024,512,0,8,pipeline,16,2048,16616.890625,500,708,13458,2047
1024,512,0,8,pipeline,64,512,16419.984375,1959,2500,9500,2047
1024,512,0,8,pipeline,256,128,16250,8625,8833,14917,2047
1024,512,0,8,serial,0,64,12316.328125,12250,13833,13833,511
1024,512,0,8,serial,1,32768,14816.09375,41,83,208,511
1024,512,0,8,serial,16,2048,12369.90625,375,584,625,511
1024,512,0,8,serial,64,512,12404.953125,1500,2250,2292,511
1024,512,0,8,serial,256,128,12329.4375,6167,6250,6291,511
1024,512,0.333333343267,8,legacy,0,64,13215.546875,13208,13375,13375,511
1024,512,0.333333343267,8,legacy,1,32768,16951.546875,41,42,4542,511
1024,512,0.333333343267,8,legacy,16,2048,13378.40625,250,4500,4667,511
1024,512,0.333333343267,8,legacy,64,512,13244.203125,1000,5792,5875,511
1024,512,0.333333343267,8,legacy,256,128,13212.953125,4875,8459,8459,511
1024,512,0.333333343267,8,stage_burst,0,64,13407.484375,13416,13625,13625,2047
1024,512,0.333333343267,8,stage_burst,1,32768,19053.15625,0,42,9625,2047
1024,512,0.333333343267,8,stage_burst,16,2048,13478.53125,125,9625,9709,2047
1024,512,0.333333343267,8,stage_burst,64,512,13636.671875,500,10375,17375,2047
1024,512,0.333333343267,8,stage_burst,256,128,13422.609375,2000,11542,11625,2047
1024,512,0.333333343267,8,pipeline,0,64,16356.171875,16334,16500,16500,2047
1024,512,0.333333343267,8,pipeline,1,32768,16020,41,42,167,2047
1024,512,0.333333343267,8,pipeline,16,2048,16666.796875,500,709,750,2047
1024,512,0.333333343267,8,pipeline,64,512,16401.65625,1959,2417,2500,2047
1024,512,0.333333343267,8,pipeline,256,128,16397.84375,8791,8958,9209,2047
1024,512,0.333333343267,8,serial,0,64,12567.015625,12541,12792,12792,511
1024,512,0.333333343267,8,serial,1,32768,15269.78125,41,83,167,511
1024,512,0.333333343267,8,serial,16,2048,12762.1875,375,584,625,511
1024,512,0.333333343267,8,serial,64,512,12813.78125,1500,2250,8708,511
1024,512,0.333333343267,8,serial,256,128,12597.671875,6209,6500,6625,511
4096,1024,0,8,legacy,0,64,43789.578125,44083,44583,44583,1023
4096,1024,0,8,legacy,1,65536,42542.078125,41,42,10792,1023
4096,1024,0,8,legacy,16,4096,43832.84375,458,10542,12750,1023
4096,1024,0,8,legacy,64,1024,43876.453125,1917,12125,12625,1023
4096,1024,0,8,legacy,256,256,43706.28125,8792,17583,17750,1023
4096,1024,0,8,stage_burst,0,64,49501.984375,49459,49833,49833,4095
4096,1024,0,8,stage_burst,1,65536,60758.546875,0,42,41917,4095
4096,1024,0,8,stage_burst,16,4096,49607.34375,125,41667,42166,4095
4096,1024,0,8,stage_burst,64,1024,49636.71875,500,42167,47500,4095
4096,1024,0,8,stage_burst,256,256,49667.28125,2000,43875,54250,4095
4096,1024,0,8,pipeline,0,64,54549.515625,54333,61459,61459,4095
4096,1024,0,8,pipeline,1,65536,55597.5625,42,84,209,4095
4096,1024,0,8,pipeline,16,4096,55160.171875,833,1166,1209,4095
4096,1024,0,8,pipeline,64,1024,54525.359375,3291,3959,4000,4095
4096,1024,0,8,pipeline,256,256,54563.28125,13375,14833,15541,4095
4096,1024,0,8,serial,0,64,50197.90625,50167,51458,51458,1023
4096,1024,0,8,serial,1,65536,53402.390625,42,84,208,1023
4096,1024,0,8,serial,16,4096,50407.34375,709,1209,1375,1023
4096,1024,0,8,serial,64,1024,50208.234375,2875,4750,4917,1023
4096,1024,0,8,serial,256,256,50370.34375,11625,14417,19625,1023
4096,1024,0.333333343267,8,legacy,0,64,55628.96875,55875,58834,58834,1023
4096,1024,0.333333343267,8,legacy,1,65536,54839.84375,41,42,25833,1023
4096,1024,0.333333343267,8,legacy,16,4096,56134.34375,458,22750,23750,1023
4096,1024,0.333333343267,8,legacy,64,1024,55835.65625,1916,24292,25125,1023
4096,1024,0.333333343267,8,legacy,256,256,55928.328125,8708,29459,34709,1023
4096,1024,0.333333343267,8,stage_burst,0,64,50309.234375,50208,52000,52000,4095
4096,1024,0.333333343267,8,stage_burst,1,65536,62100.328125,0,42,59083,4095
4096,1024,0.333333343267,8,stage_burst,16,4096,50745.953125,125,42458,58458,4095
4096,1024,0.333333343267,8,stage_burst,64,1024,50320.515625,500,42959,45792,4095
4096,1024,0.333333343267,8,stage_burst,256,256,50655.71875,1959,45500,58875,4095
4096,1024,0.333333343267,8,pipeline,0,64,55106.1875,55000,57791,57791,4095
4096,1024,0.333333343267,8,pipeline,1,65536,56467.046875,42,84,250,4095
4096,1024,0.333333343267,8,pipeline,16,4096,55366.8125,833,1167,1209,4095
4096,1024,0.333333343267,8,pipeline,64,1024,55328.078125,3333,4000,11334,4095
4096,1024,0.333333343267,8,pipeline,256,256,55171.203125,13625,15166,15500,4095
4096,1024,0.333333343267,8,serial,0,64,51406.828125,51250,56500,56500,1023
4096,1024,0.333333343267,8,serial,1,65536,55507.515625,42,84,209,1023
4096,1024,0.333333343267,8,serial,16,4096,51627.515625,750,1209,5792,1023
4096,1024,0.333333343267,8,serial,64,1024,51281.71875,3000,4791,4875,1023
4096,1024,0.333333343267,8,serial,256,256,51383.4375,13166,15417,16750,1023
4096,2048,0,8,legacy,0,64,46596.375,46708,49542,49542,2047
4096,2048,0,8,legacy,1,131072,59290.40625,41,42,8542,2047
4096,2048,0,8,legacy,16,8192,46928.875,250,3834,12292,2047
4096,2048,0,8,legacy,64,2048,46670.21875,1042,7750,8000,2047
4096,2048,0,8,legacy,256,512,46695.734375,4416,13416,13792,2047
4096,2048,0,8,stage_burst,0,64,57386.734375,57375,57708,57708,8191
4096,2048,0,8,stage_burst,1,131072,80165.390625,0,42,46541,8191
4096,2048,0,8,stage_burst,16,8192,57653.6875,125,167,44958,8191
4096,2048,0,8,stage_burst,64,2048,57371,500,42083,42292,8191
4096,2048,0,8,stage_burst,256,512,57573.265625,1959,43708,48625,8191
4096,2048,0,8,pipeline,0,64,68381.484375,68041,87708,87708,8191
4096,2048,0,8,pipeline,1,131072,64981.09375,42,42,209,8191
4096,2048,0,8,pipeline,16,8192,68194.21875,500,708,5667,8191
4096,2048,0,8,pipeline,64,2048,68429.75,2083,2542,9167,8191
4096,2048,0,8,pipeline,256,512,68332.671875,8416,9625,15792,8191
4096,2048,0,8,serial,0,64,52909.46875,52875,55250,55250,2047
4096,2048,0,8,serial,1,131072,59738.734375,41,83,5209,2047
4096,2048,0,8,serial,16,8192,53541.25,375,667,792,2047
4096,2048,0,8,serial,64,2048,53401.40625,1542,2542,10292,2047
4096,2048,0,8,serial,256,512,52944.015625,6084,9583,9667,2047
4096,2048,0.333333343267,8,legacy,0,64,59006.4375,58833,76791,76791,2047
4096,2048,0.333333343267,8,legacy,1,131072,71135.359375,41,42,19334,2047
4096,2048,0.333333343267,8,legacy,16,8192,58752.578125,250,3833,20042,2047
4096,2048,0.333333343267,8,legacy,64,2048,59189.96875,1042,19833,26750,2047
4096,2048,0.333333343267,8,legacy,256,512,58334.609375,4375,25750,26041,2047
4096,2048,0.333333343267,8,stage_burst,0,64,58238.234375,58125,60791,60791,8191
4096,2048,0.333333343267,8,stage_burst,1,131072,80924.359375,0,42,46666,8191
4096,2048,0.333333343267,8,stage_burst,16,8192,58363.828125,125,167,42959,8191
4096,2048,0.333333343267,8,stage_burst,64,2048,58451.296875,500,42833,51458,8191
4096,2048,0.333333343267,8,stage_burst,256,512,58213,1959,44417,50417,8191
4096,2048,0.333333343267,8,pipeline,0,64,69079.46875,68709,87084,87084,8191
4096,2048,0.333333343267,8,pipeline,1,131072,65967.875,42,42,209,8191
4096,2048,0.333333343267,8,pipeline,16,8192,69052.28125,541,708,7416,8191
4096,2048,0.333333343267,8,pipeline,64,2048,68860.6875,2083,2583,7000,8191
4096,2048,0.333333343267,8,pipeline,256,512,68631.5625,8334,9625,9667,8191
4096,2048,0.333333343267,8,serial,0,64,54920.515625,54833,57667,57667,2047
4096,2048,0.333333343267,8,serial,1,131072,62099.78125,41,83,209,2047
4096,2048,0.333333343267,8,serial,16,8192,55391.09375,416,667,15500,2047
4096,2048,0.333333343267,8,serial,64,2048,54637.875,1583,2541,9458,2047
4096,2048,0.333333343267,8,serial,256,512,54641.796875,6542,9667,12792,2047
16384,4096,0,8,legacy,0,64,186817.765625,186166,194500,194500,4095
16384,4096,0,8,legacy,1,262144,179605.203125,42,42,39000,4095
16384,4096,0,8,legacy,16,16384,186626.890625,500,833,39542,4095
16384,4096,0,8,legacy,64,4096,186642.625,2042,36834,40500,4095
16384,4096,0,8,legacy,256,1024,185779.40625,8583,43041,46208,4095
16384,4096,0,8,stage_burst,0,64,216384.140625,216083,221000,221000,16383
16384,4096,0,8,stage_burst,1,262144,261989.703125,0,42,191375,16383
16384,4096,0,8,stage_burst,16,16384,217089.25,125,167,190958,16383
16384,4096,0,8,stage_burst,64,4096,216495.765625,500,185000,190667,16383
16384,4096,0,8,stage_burst,256,1024,216596.546875,1959,186875,206500,16383
16384,4096,0,8,pipeline,0,64,232466.1875,232250,238125,238125,16383
16384,4096,0,8,pipeline,1,262144,244444.515625,42,84,8875,16383
16384,4096,0,8,pipeline,16,16384,233714.59375,875,1167,6000,16383
16384,4096,0,8,pipeline,64,4096,233108.8125,3500,4375,16458,16383
16384,4096,0,8,pipeline,256,1024,232961.5625,13959,17167,36583,16383
16384,4096,0,8,serial,0,64,219347.046875,218750,229625,229625,4095
16384,4096,0,8,serial,1,262144,231011.15625,42,125,5042,4095
16384,4096,0,8,serial,16,16384,220121.09375,792,1375,12833,4095
16384,4096,0,8,serial,64,4096,219544.84375,3125,5375,10875,4095
16384,4096,0,8,serial,256,1024,219125.0625,12875,21250,26209,4095
16384,4096,0.333333343267,8,legacy,0,64,233819,232083,284791,284791,4095
16384,4096,0.333333343267,8,legacy,1,262144,227867.6875,42,42,85292,4095
16384,4096,0.333333343267,8,legacy,16,16384,233912.09375,500,833,87250,4095
16384,4096,0.333333343267,8,legacy,64,4096,233216.71875,2042,84417,87958,4095
16384,4096,0.333333343267,8,legacy,256,1024,234029.171875,8583,90750,95125,4095
16384,4096,0.333333343267,8,stage_burst,0,64,219220.078125,218959,223042,223042,16383
16384,4096,0.333333343267,8,stage_burst,1,262144,264713.703125,0,42,192042,16383
16384,4096,0.333333343267,8,stage_burst,16,16384,219777.1875,125,167,191541,16383
16384,4096,0.333333343267,8,stage_burst,64,4096,219543.625,500,187833,202208,16383
16384,4096,0.333333343267,8,stage_burst,256,1024,219561.171875,1959,189917,196291,16383
16384,4096,0.333333343267,8,pipeline,0,64,235968.796875,235625,245333,245333,16383
16384,4096,0.333333343267,8,pipeline,1,262144,247810.53125,42,84,4083,16383
16384,4096,0.333333343267,8,pipeline,16,16384,236397.9375,875,1167,5250,16383
16384,4096,0.333333343267,8,pipeline,64,4096,236361.125,3542,4417,7750,16383
16384,4096,0.333333343267,8,pipeline,256,1024,235798.625,14166,17416,20375,16383
16384,4096,0.333333343267,8,serial,0,64,222853.546875,222500,227000,227000,4095
16384,4096,0.333333343267,8,serial,1,262144,237873.296875,42,125,4541,4095
16384,4096,0.333333343267,8,serial,16,16384,223729.46875,792,1375,5500,4095
16384,4096,0.333333343267,8,serial,64,4096,223099.03125,3209,5375,5583,4095
16384,4096,0.333333343267,8,serial,256,1024,222338.625,12959,21291,21833,4095
16384,8192,0,8,legacy,0,64,197387.421875,197125,202208,202208,8191
16384,8192,0,8,legacy,1,524288,238117.6875,41,42,24541,8191
16384,8192,0,8,legacy,16,32768,198257.375,292,417,32375,8191
16384,8192,0,8,legacy,64,8192,197733.296875,1166,14292,26167,8191
16384,8192,0,8,legacy,256,2048,197823.328125,4667,24583,31250,8191
16384,8192,0,8,stage_burst,0,64,248004.5,247792,255916,255916,32767
16384,8192,0,8,stage_burst,1,524288,339243.671875,0,42,189625,32767
16384,8192,0,8,stage_burst,16,32768,248903.53125,125,166,189959,32767
16384,8192,0,8,stage_burst,64,8192,248234.1875,500,542,190875,32767
16384,8192,0,8,stage_burst,256,2048,248225.6875,1959,186750,194875,32767
16384,8192,0,8,pipeline,0,64,285759.765625,285666,290583,290583,32767
16384,8192,0,8,pipeline,1,524288,281236.40625,42,42,5750,32767
16384,8192,0,8,pipeline,16,32768,284991.90625,542,667,6167,32767
16384,8192,0,8,pipeline,64,8192,285745.328125,2167,2625,7333,32767
16384,8192,0,8,pipeline,256,2048,285522.796875,8625,10042,14666,32767
16384,8192,0,8,serial,0,64,230095.0625,229459,235125,235125,8191
16384,8192,0,8,serial,1,524288,255459.1875,41,84,5667,8191
16384,8192,0,8,serial,16,32768,231275.8125,417,709,6041,8191
16384,8192,0,8,serial,64,8192,230554.328125,1667,2833,6917,8191
16384,8192,0,8,serial,256,2048,230187.59375,6667,11167,14375,8191
16384,8192,0.333333343267,8,legacy,0,64,242953.171875,244708,263083,263083,8191
16384,8192,0.333333343267,8,legacy,1,524288,286445.21875,41,42,74417,8191
16384,8192,0.333333343267,8,legacy,16,32768,245081,292,417,72250,8191
16384,8192,0.333333343267,8,legacy,64,8192,245404.890625,1166,14250,74708,8191
16384,8192,0.333333343267,8,legacy,256,2048,246320.421875,4666,72250,76709,8191
16384,8192,0.333333343267,8,stage_burst,0,64,251170.546875,250583,261916,261916,32767
16384,8192,0.333333343267,8,stage_burst,1,524288,342732.515625,0,42,219875,32767
16384,8192,0.333333343267,8,stage_burst,16,32768,252828.015625,125,166,220834,32767
16384,8192,0.333333343267,8,stage_burst,64,8192,252322.5,500,584,225333,32767
16384,8192,0.333333343267,8,stage_burst,256,2048,251311.6875,1959,189625,202417,32767
16384,8192,0.333333343267,8,pipeline,0,64,288777.375,288583,296292,296292,32767
16384,8192,0.333333343267,8,pipeline,1,524288,286174.796875,42,42,20333,32767
16384,8192,0.333333343267,8,pipeline,16,32768,288404.515625,542,667,10125,32767
16384,8192,0.333333343267,8,pipeline,64,8192,289341.671875,2167,2666,23250,32767
16384,8192,0.333333343267,8,pipeline,256,2048,288919.234375,8708,10125,16375,32767
16384,8192,0.333333343267,8,serial,0,64,234785.296875,233875,256500,256500,8191
16384,8192,0.333333343267,8,serial,1,524288,266479.3125,42,84,15917,8191
16384,8192,0.333333343267,8,serial,16,32768,235894.109375,417,709,5791,8191
16384,8192,0.333333343267,8,serial,64,8192,234662.03125,1708,2792,6958,8191
16384,8192,0.333333343267,8,serial,256,2048,234691.828125,6791,11167,14875,8191
1024,256,0,9,stage_burst,0,64,11276.109375,11250,11500,11500,1023
1024,256,0,9,stage_burst,1,16384,14118.546875,0,42,9458,1023
1024,256,0,9,stage_burst,16,1024,11288.5,125,9458,9500,1023
1024,256,0,9,stage_burst,64,256,11266.875,500,9834,9834,1023
1024,256,0,9,stage_burst,256,64,11270.859375,11250,11417,11417,1023
1024,256,0,9,pipeline,0,64,12922.515625,12917,13083,13083,1023
1024,256,0,9,pipeline,1,16384,12927.328125,42,84,208,1023
1024,256,0,9,pipeline,16,1024,13118.328125,792,959,1000,1023
1024,256,0,9,pipeline,64,256,13046.3125,3167,3750,3792,1023
1024,256,0,9,pipeline,256,64,12924.375,12917,13084,13084,1023
1024,256,0,9,serial,0,64,11542.234375,11542,11750,11750,255
1024,256,0,9,serial,1,16384,12415.546875,42,84,250,255
1024,256,0,9,serial,16,1024,11562.4375,667,1084,1209,255
1024,256,0,9,serial,64,256,11934.8125,3125,3417,20667,255
1024,256,0,9,serial,256,64,11533.953125,11542,11667,11667,255
1024,256,0,9,legacy,0,64,9507.21875,9458,12208,12208,255
1024,256,0,9,legacy,1,16384,9857.109375,41,84,5458,255
1024,256,0,9,legacy,16,1024,9495.09375,417,2500,2542,255
1024,256,0,9,legacy,64,256,9587.921875,2375,3625,8667,255
1024,256,0,9,legacy,256,64,9451.140625,9458,9584,9584,255
1024,256,0.333333343267,9,stage_burst,0,64,11451.71875,11458,11584,11584,1023
1024,256,0.333333343267,9,stage_burst,1,16384,14268.546875,0,42,9542,1023
1024,256,0.333333343267,9,stage_burst,16,1024,11498.671875,125,9625,10375,1023
1024,256,0.333333343267,9,stage_burst,64,256,11454.40625,500,10042,10084,1023
1024,256,0.333333343267,9,stage_burst,256,64,11447.953125,11458,11542,11542,1023
1024,256,0.333333343267,9,pipeline,0,64,13076.921875,13083,13166,13166,1023
1024,256,0.333333343267,9,pipeline,1,16384,12964.25,42,84,166,1023
1024,256,0.333333343267,9,pipeline,16,1024,13106.875,792,1000,1042,1023
1024,256,0.333333343267,9,pipeline,64,256,13115.25,3250,3792,3833,1023
1024,256,0.333333343267,9,pipeline,256,64,13082.0625,13083,13209,13209,1023
1024,256,0.333333343267,9,serial,0,64,11749.984375,11750,11875,11875,255
1024,256,0.333333343267,9,serial,1,16384,12939.484375,42,84,125,255
1024,256,0.333333343267,9,serial,16,1024,11741.46875,667,1084,1084,255
1024,256,0.333333343267,9,serial,64,256,11733.078125,2833,3500,3541,255
1024,256,0.333333343267,9,serial,256,64,11712.703125,11708,11791,11791,255
1024,256,0.333333343267,9,legacy,0,64,12481.140625,12459,12667,12667,255
1024,256,0.333333343267,9,legacy,1,16384,12670.359375,41,83,5333,255
1024,256,0.333333343267,9,legacy,16,1024,12499.125,417,5542,5583,255
1024,256,0.333333343267,9,legacy,64,256,12467.375,2083,6625,6625,255
1024,256,0.333333343267,9,legacy,256,64,12469.4375,12459,12542,12542,255
1024,512,0,9,stage_burst,0,64,13226.625,13209,13334,13334,2047
1024,512,0,9,stage_burst,1,32768,18965.890625,0,42,9833,2047
1024,512,0,9,stage_burst,16,2048,13490.71875,125,9500,10125,2047
1024,512,0,9,stage_burst,64,512,13251.890625,500,9833,9917,2047
1024,512,0,9,stage_burst,256,128,13311.765625,7083,11333,11333,2047
1024,512,0,9,pipeline,0,64,16214.125,16208,16375,16375,2047
1024,512,0,9,pipeline,1,32768,15787.78125,41,42,167,2047
1024,512,0,9,pipeline,16,2048,16394.0625,500,708,834,2047
1024,512,0,9,pipeline,64,512,16203.25,1959,2417,2417,2047
1024,512,0,9,pipeline,256,128,16184.1875,7584,8875,8875,2047
1024,512,0,9,serial,0,64,12376.34375,12250,17625,17625,511
1024,512,0,9,serial,1,32768,14680.25,41,83,125,511
1024,512,0,9,serial,16,2048,12301.5625,375,584,584,511
1024,512,0,9,serial,64,512,12237.671875,1417,2208,2292,511
1024,512,0,9,serial,256,128,12235.578125,6125,6209,6291,511
1024,512,0,9,legacy,0,64,10223.25,10208,10541,10541,511
1024,512,0,9,legacy,1,32768,14092.625,41,42,1500,511
1024,512,0,9,legacy,16,2048,10414.359375,250,1500,6459,511
1024,512,0,9,legacy,64,512,10266.1875,1000,2792,2834,511
1024,512,0,9,legacy,256,128,10214.296875,4875,5458,5459,511
1024,512,0.333333343267,9,stage_burst,0,64,13431.640625,13417,13583,13583,2047
1024,512,0.333333343267,9,stage_burst,1,32768,19447.921875,0,42,35209,2047
1024,512,0.333333343267,9,stage_burst,16,2048,13464.234375,125,9584,9708,2047
1024,512,0.333333343267,9,stage_burst,64,512,13524.84375,500,10083,15209,2047
1024,512,0.333333343267,9,stage_burst,256,128,13488.984375,2000,11542,16000,2047
1024,512,0.333333343267,9,pipeline,0,64,16369.15625,16292,19833,19833,2047
1024,512,0.333333343267,9,pipeline,1,32768,15891.84375,41,42,125,2047
1024,512,0.333333343267,9,pipeline,16,2048,16473.6875,500,667,792,2047
1024,512,0.333333343267,9,pipeline,64,512,16328.71875,1959,2417,2500,2047
1024,512,0.333333343267,9,pipeline,256,128,16406.96875,7958,9166,9167,2047
1024,512,0.333333343267,9,serial,0,64,12656.21875,12542,17500,17500,511
1024,512,0.333333343267,9,serial,1,32768,15100.34375,41,83,84,511
1024,512,0.333333343267,9,serial,16,2048,12661.171875,375,584,584,511
1024,512,0.333333343267,9,serial,64,512,12534.484375,1500,2209,2209,511
1024,512,0.333333343267,9,serial,256,128,12502.015625,6125,6542,6625,511
1024,512,0.333333343267,9,legacy,0,64,13223.328125,13209,13292,13292,511
1024,512,0.333333343267,9,legacy,1,32768,17000.890625,41,42,4459,511
1024,512,0.333333343267,9,legacy,16,2048,13315.140625,250,4500,4542,511
1024,512,0.333333343267,9,legacy,64,512,13256.4375,1000,5792,5917,511
1024,512,0.333333343267,9,legacy,256,128,13211,4875,8459,8500,511
4096,1024,0,9,stage_burst,0,64,49580.734375,49500,52292,52292,4095
4096,1024,0,9,stage_burst,1,65536,61039.234375,0,42,48041,4095
4096,1024,0,9,stage_burst,16,4096,49687.375,125,41708,43917,4095
4096,1024,0,9,stage_burst,64,1024,49542.390625,500,42209,42500,4095
4096,1024,0,9,stage_burst,256,256,49640.6875,2000,44917,46334,4095
4096,1024,0,9,pipeline,0,64,54604.25,54333,60917,60917,4095
4096,1024,0,9,pipeline,1,65536,55904.59375,42,84,11584,4095
4096,1024,0,9,pipeline,16,4096,55379.484375,833,1125,7792,4095
4096,1024,0,9,pipeline,64,1024,54786.203125,3292,4000,11083,4095
4096,1024,0,9,pipeline,256,256,54525.46875,13084,14792,15833,4095
4096,1024,0,9,serial,0,64,50293.65625,50167,55208,55208,1023
4096,1024,0,9,serial,1,65536,53249.890625,42,84,250,1023
4096,1024,0,9,serial,16,4096,50561.296875,709,1209,4958,1023
4096,1024,0,9,serial,64,1024,50242.625,2917,4750,4833,1023
4096,1024,0,9,serial,256,256,50147.515625,11667,14333,14375,1023
4096,1024,0,9,legacy,0,64,43618.546875,43792,44250,44250,1023
4096,1024,0,9,legacy,1,65536,42792.0625,41,42,10708,1023
4096,1024,0,9,legacy,16,4096,43782.765625,458,10584,11167,1023
4096,1024,0,9,legacy,64,1024,43715.53125,1875,12042,12375,1023
4096,1024,0,9,legacy,256,256,44098.21875,11125,21625,23958,1023
4096,1024,0.333333343267,9,stage_burst,0,64,50298.15625,50166,53042,53042,4095
4096,1024,0.333333343267,9,stage_burst,1,65536,61581.421875,0,42,45083,4095
4096,1024,0.333333343267,9,stage_burst,16,4096,50321.578125,125,42375,44042,4095
4096,1024,0.333333343267,9,stage_burst,64,1024,50305.390625,500,43000,45709,4095
4096,1024,0.333333343267,9,stage_burst,256,256,50151.671875,2000,44416,44542,4095
4096,1024,0.333333343267,9,pipeline,0,64,55337.953125,55042,63959,63959,4095
4096,1024,0.333333343267,9,pipeline,1,65536,56524.53125,42,84,7416,4095
4096,1024,0.333333343267,9,pipeline,16,4096,55359.328125,833,1166,6041,4095
4096,1024,0.333333343267,9,pipeline,64,1024,55167.09375,3333,4000,4042,4095
4096,1024,0.333333343267,9,pipeline,256,256,55147.859375,13250,14958,19542,4095
4096,1024,0.333333343267,9,serial,0,64,51262.4375,51250,51500,51500,1023
4096,1024,0.333333343267,9,serial,1,65536,56016.046875,42,84,16958,1023
4096,1024,0.333333343267,9,serial,16,4096,51541.96875,750,1209,1333,1023
4096,1024,0.333333343267,9,serial,64,1024,51318.8125,3000,4791,4792,1023
4096,1024,0.333333343267,9,serial,256,256,51243.53125,11708,15458,15500,1023
4096,1024,0.333333343267,9,legacy,0,64,55571.6875,55083,59208,59208,1023
4096,1024,0.333333343267,9,legacy,1,65536,54659.96875,41,42,22917,1023
4096,1024,0.333333343267,9,legacy,16,4096,56365.234375,458,22833,23791,1023
4096,1024,0.333333343267,9,legacy,64,1024,55857.65625,1917,24291,24583,1023
4096,1024,0.333333343267,9,legacy,256,256,56128.140625,8708,29584,30625,1023
4096,2048,0,9,stage_burst,0,64,57514.3125,57334,63000,63000,8191
4096,2048,0,9,stage_burst,1,131072,80250.0625,0,42,44333,8191
4096,2048,0,9,stage_burst,16,8192,57881.78125,125,167,43334,8191
4096,2048,0,9,stage_burst,64,2048,57422.03125,500,42083,44667,8191
4096,2048,0,9,stage_burst,256,512,57539.078125,1959,43750,48667,8191
4096,2048,0,9,pipeline,0,64,68096.28125,68000,70667,70667,8191
4096,2048,0,9,pipeline,1,131072,65493.859375,42,42,7417,8191
4096,2048,0,9,pipeline,16,8192,68228.0625,500,708,5666,8191
4096,2048,0,9,pipeline,64,2048,68156.734375,2042,2500,2625,8191
4096,2048,0,9,pipeline,256,512,67984.25,8291,9459,9584,8191
4096,2048,0,9,serial,0,64,53113.953125,52916,58000,58000,2047
4096,2048,0,9,serial,1,131072,59777.421875,41,83,6875,2047
4096,2048,0,9,serial,16,8192,53418.96875,375,667,750,2047
4096,2048,0,9,serial,64,2048,53212.203125,1542,2500,6541,2047
4096,2048,0,9,serial,256,512,52936.765625,6208,9542,9584,2047
4096,2048,0,9,legacy,0,64,46608.734375,46750,50416,50416,2047
4096,2048,0,9,legacy,1,131072,59012.390625,41,42,8542,2047
4096,2048,0,9,legacy,16,8192,46929.921875,250,3792,7416,2047
4096,2048,0,9,legacy,64,2048,46815.5625,1042,7667,7917,2047
4096,2048,0,9,legacy,256,512,46627.421875,4375,13375,13708,2047
4096,2048,0.333333343267,9,stage_burst,0,64,58162.75,58125,60917,60917,8191
4096,2048,0.333333343267,9,stage_burst,1,131072,80688.875,0,42,42708,8191
4096,2048,0.333333343267,9,stage_burst,16,8192,57910.828125,125,167,49750,8191
4096,2048,0.333333343267,9,stage_burst,64,2048,57578.65625,500,42334,45167,8191
4096,2048,0.333333343267,9,stage_burst,256,512,58064.75,1959,44416,44542,8191
4096,2048,0.333333343267,9,pipeline,0,64,68813.078125,68708,76917,76917,8191
4096,2048,0.333333343267,9,pipeline,1,131072,66011.96875,42,42,208,8191
4096,2048,0.333333343267,9,pipeline,16,8192,68964.75,541,708,792,8191
4096,2048,0.333333343267,9,pipeline,64,2048,68896.53125,2083,2584,7458,8191
4096,2048,0.333333343267,9,pipeline,256,512,68779.890625,8375,9542,14833,8191
4096,2048,0.333333343267,9,serial,0,64,54221.171875,54208,54417,54417,2047
4096,2048,0.333333343267,9,serial,1,131072,62213.328125,41,83,8417,2047
4096,2048,0.333333343267,9,serial,16,8192,55082.3125,416,667,2583,2047
4096,2048,0.333333343267,9,serial,64,2048,54446.09375,1584,2541,2625,2047
4096,2048,0.333333343267,9,serial,256,512,54375.625,6542,9625,12833,2047
4096,2048,0.333333343267,9,legacy,0,64,59184.265625,59292,61875,61875,2047
4096,2048,0.333333343267,9,legacy,1,131072,71559.71875,41,42,21084,2047
4096,2048,0.333333343267,9,legacy,16,8192,59256,250,3875,19750,2047
4096,2048,0.333333343267,9,legacy,64,2048,59370.015625,1042,19917,20500,2047
4096,2048,0.333333343267,9,legacy,256,512,58739.390625,4375,25667,26458,2047
16384,4096,0,9,stage_burst,0,64,216608.09375,216209,221917,221917,16383
16384,4096,0,9,stage_burst,1,262144,261980.3125,0,42,189917,16383
16384,4096,0,9,stage_burst,16,16384,216773.4375,125,166,187917,16383
16384,4096,0,9,stage_burst,64,4096,216983.359375,500,185042,192250,16383
16384,4096,0,9,stage_burst,256,1024,216761.8125,1959,187625,191750,16383
16384,4096,0,9,pipeline,0,64,232916.625,232291,238542,238542,16383
16384,4096,0,9,pipeline,1,262144,244437.171875,42,84,7250,16383
16384,4096,0,9,pipeline,16,16384,233418.453125,875,1167,5916,16383
16384,4096,0,9,pipeline,64,4096,232793.21875,3500,4375,4584,16383
16384,4096,0,9,pipeline,256,1024,232469.453125,13958,17125,20083,16383
16384,4096,0,9,serial,0,64,219656.28125,218875,230542,230542,4095
16384,4096,0,9,serial,1,262144,230902.21875,42,125,8041,4095
16384,4096,0,9,serial,16,16384,219899.921875,792,1375,5833,4095
16384,4096,0,9,serial,64,4096,219534.1875,3125,5334,24959,4095
16384,4096,0,9,serial,256,1024,219515.390625,12875,21291,38083,4095
16384,4096,0,9,legacy,0,64,186430.328125,186083,193917,193917,4095
16384,4096,0,9,legacy,1,262144,179475,42,42,41917,4095
16384,4096,0,9,legacy,16,16384,186551.21875,500,833,41917,4095
16384,4096,0,9,legacy,64,4096,186082.46875,2042,36792,41084,4095
16384,4096,0,9,legacy,256,1024,185561.984375,8583,42917,45667,4095
16384,4096,0.333333343267,9,stage_burst,0,64,219158.28125,218959,223917,223917,16383
16384,4096,0.333333343267,9,stage_burst,1,262144,264943.671875,0,42,205125,16383
16384,4096,0.333333343267,9,stage_burst,16,16384,220185.8125,125,167,196375,16383
16384,4096,0.333333343267,9,stage_burst,64,4096,219674.015625,500,187833,193709,16383
16384,4096,0.333333343267,9,stage_burst,256,1024,226863.140625,2041,200792,207625,16383
16384,4096,0.333333343267,9,pipeline,0,64,244311.8125,243125,253792,253792,16383
16384,4096,0.333333343267,9,pipeline,1,262144,258902.3125,42,84,8000,16383
16384,4096,0.333333343267,9,pipeline,16,16384,244756.15625,917,1250,37292,16383
16384,4096,0.333333343267,9,pipeline,64,4096,235187.078125,3541,4417,13375,16383
16384,4096,0.333333343267,9,pipeline,256,1024,237962.375,14458,18084,38959,16383
16384,4096,0.333333343267,9,serial,0,64,221316.40625,222083,265875,265875,4095
16384,4096,0.333333343267,9,serial,1,262144,238740.796875,42,125,5542,4095
16384,4096,0.333333343267,9,serial,16,16384,224033.75,792,1375,6375,4095
16384,4096,0.333333343267,9,serial,64,4096,223554.9375,3209,5375,8750,4095
16384,4096,0.333333343267,9,serial,256,1024,223169.859375,13166,21292,21542,4095
16384,4096,0.333333343267,9,legacy,0,64,234588.53125,234000,239667,239667,4095
16384,4096,0.333333343267,9,legacy,1,262144,227615.640625,42,42,85583,4095
16384,4096,0.333333343267,9,legacy,16,16384,234467.515625,500,833,88041,4095
16384,4096,0.333333343267,9,legacy,64,4096,231877.21875,2042,84333,95125,4095
16384,4096,0.333333343267,9,legacy,256,1024,233800.078125,8625,90958,101209,4095
16384,8192,0,9,stage_burst,0,64,248501.328125,247875,268250,268250,32767
16384,8192,0,9,stage_burst,1,524288,339511.75,0,42,189417,32767
16384,8192,0,9,stage_burst,16,32768,249333.328125,125,166,189167,32767
16384,8192,0,9,stage_burst,64,8192,248346.734375,500,625,190084,32767
16384,8192,0,9,stage_burst,256,2048,248406.640625,1959,186750,206792,32767
16384,8192,0,9,pipeline,0,64,286468.765625,285584,303208,303208,32767
16384,8192,0,9,pipeline,1,524288,281645.328125,42,42,18792,32767
16384,8192,0,9,pipeline,16,32768,284746.0625,542,667,13459,32767
16384,8192,0,9,pipeline,64,8192,285920.875,2167,2625,7917,32767
16384,8192,0,9,pipeline,256,2048,285603.75,8625,10083,24833,32767
16384,8192,0,9,serial,0,64,230058.578125,229542,232708,232708,8191
16384,8192,0,9,serial,1,524288,255912.4375,41,84,7833,8191
16384,8192,0,9,serial,16,32768,231078.71875,417,709,4958,8191
16384,8192,0,9,serial,64,8192,230238.484375,1667,2792,7500,8191
16384,8192,0,9,serial,256,2048,230366.46875,6667,11166,26791,8191
16384,8192,0,9,legacy,0,64,198762.984375,198083,214792,214792,8191
16384,8192,0,9,legacy,1,524288,238726.828125,41,42,39000,8191
16384,8192,0,9,legacy,16,32768,197490.109375,292,417,22000,8191
16384,8192,0,9,legacy,64,8192,197761.328125,1166,14250,36625,8191
16384,8192,0,9,legacy,256,2048,198778.15625,4667,24583,41667,8191
16384,8192,0.333333343267,9,stage_burst,0,64,251280.625,250667,255041,255041,32767
16384,8192,0.333333343267,9,stage_burst,1,524288,342522.28125,0,42,209042,32767
16384,8192,0.333333343267,9,stage_burst,16,32768,251575.40625,125,166,191875,32767
16384,8192,0.333333343267,9,stage_burst,64,8192,251241.28125,500,583,201083,32767
16384,8192,0.333333343267,9,stage_burst,256,2048,251155.828125,1959,189500,205583,32767
16384,8192,0.333333343267,9,pipeline,0,64,289460.28125,289000,296875,296875,32767
16384,8192,0.333333343267,9,pipeline,1,524288,285855.5625,42,42,20833,32767
16384,8192,0.333333343267,9,pipeline,16,32768,288278.59375,542,667,6167,32767
16384,8192,0.333333343267,9,pipeline,64,8192,289491.21875,2167,2667,21042,32767
16384,8192,0.333333343267,9,pipeline,256,2048,288366.953125,8708,10125,15875,32767
16384,8192,0.333333343267,9,serial,0,64,234207.078125,233833,237334,237334,8191
16384,8192,0.333333343267,9,serial,1,524288,265104.828125,42,84,250,8191
16384,8192,0.333333343267,9,serial,16,32768,235857.984375,417,709,5875,8191
16384,8192,0.333333343267,9,serial,64,8192,235176.921875,1708,2792,27917,8191
16384,8192,0.333333343267,9,serial,256,2048,234441.453125,6791,11125,13000,8191
16384,8192,0.333333343267,9,legacy,0,64,245236.3125,244750,250500,250500,8191
16384,8192,0.333333343267,9,legacy,1,524288,284980.1875,41,42,106458,8191
16384,8192,0.333333343267,9,legacy,16,32768,245576.65625,292,417,77333,8191
16384,8192,0.333333343267,9,legacy,64,8192,245818.40625,1166,14250,83959,8191
16384,8192,0.333333343267,9,legacy,256,2048,246197.984375,4666,72250,78000,8191
1024,256,0,10,pipeline,0,64,12915.96875,12917,13084,13084,1023
1024,256,0,10,pipeline,1,16384,12881.328125,42,84,125,1023
1024,256,0,10,pipeline,16,1024,12936.21875,791,959,1000,1023
1024,256,0,10,pipeline,64,256,13048.046875,3209,3667,3708,1023
1024,256,0,10,pipeline,256,64,12942.109375,12917,13125,13125,1023
1024,256,0,10,serial,0,64,11533.859375,11500,11833,11833,255
1024,256,0,10,serial,1,16384,12470.75,42,84,208,255
1024,256,0,10,serial,16,1024,11570.171875,667,1084,1125,255
1024,256,0,10,serial,64,256,11546.140625,2833,3292,3292,255
1024,256,0,10,serial,256,64,11530.03125,11541,11625,11625,255
1024,256,0,10,legacy,0,64,9476.59375,9459,9708,9708,255
1024,256,0,10,legacy,1,16384,9758.234375,41,84,2292,255
1024,256,0,10,legacy,16,1024,9484.953125,417,2500,2584,255
1024,256,0,10,legacy,64,256,9459.03125,1958,3625,3709,255
1024,256,0,10,legacy,256,64,9438.8125,9417,9542,9542,255
1024,256,0,10,stage_burst,0,64,11261.171875,11250,11458,11458,1023
1024,256,0,10,stage_burst,1,16384,14066.03125,0,42,9333,1023
1024,256,0,10,stage_burst,16,1024,11282.5625,125,9417,9500,1023
1024,256,0,10,stage_burst,64,256,11266.3125,500,9917,9959,1023
1024,256,0,10,stage_burst,256,64,11261.0625,11250,11334,11334,1023
1024,256,0.333333343267,10,pipeline,0,64,13086.515625,13083,13250,13250,1023
1024,256,0.333333343267,10,pipeline,1,16384,13084.140625,42,84,209,1023
1024,256,0.333333343267,10,pipeline,16,1024,13218.578125,792,1000,7958,1023
1024,256,0.333333343267,10,pipeline,64,256,13091.6875,3167,3709,3750,1023
1024,256,0.333333343267,10,pipeline,256,64,13089.71875,13083,13208,13208,1023
1024,256,0.333333343267,10,serial,0,64,11723.296875,11708,11958,11958,255
1024,256,0.333333343267,10,serial,1,16384,12694.71875,42,84,208,255
1024,256,0.333333343267,10,serial,16,1024,11754.78125,667,1084,1209,255
1024,256,0.333333343267,10,serial,64,256,11714.125,2834,3417,3500,255
1024,256,0.333333343267,10,serial,256,64,11706.421875,11708,11875,11875,255
1024,256,0.333333343267,10,legacy,0,64,12567.796875,12459,18083,18083,255
1024,256,0.333333343267,10,legacy,1,16384,12689.65625,41,84,5250,255
1024,256,0.333333343267,10,legacy,16,1024,12506.6875,417,5542,5667,255
1024,256,0.333333343267,10,legacy,64,256,12464.765625,2042,6625,6709,255
1024,256,0.333333343267,10,legacy,256,64,12447.984375,12458,12542,12542,255
1024,256,0.333333343267,10,stage_burst,0,64,11484.296875,11417,12083,12083,1023
1024,256,0.333333343267,10,stage_burst,1,16384,14253.703125,0,42,9584,1023
1024,256,0.333333343267,10,stage_burst,16,1024,11453.140625,125,9625,9667,1023
1024,256,0.333333343267,10,stage_burst,64,256,11512.40625,500,10042,15541,1023
1024,256,0.333333343267,10,stage_burst,256,64,11428.328125,11417,11500,11500,1023
1024,512,0,10,pipeline,0,64,16182.203125,16167,16333,16333,2047
1024,512,0,10,pipeline,1,32768,15740.859375,41,42,166,2047
1024,512,0,10,pipeline,16,2048,16356.46875,500,708,709,2047
1024,512,0,10,pipeline,64,512,16182.265625,2000,2375,2417,2047
1024,512,0,10,pipeline,256,128,16187.625,7500,8834,8875,2047
1024,512,0,10,serial,0,64,12288.34375,12250,12667,12667,511
1024,512,0,10,serial,1,32768,14769.015625,41,83,167,511
1024,512,0,10,serial,16,2048,12401.140625,375,584,625,511
1024,512,0,10,serial,64,512,12340.53125,1500,2208,2250,511
1024,512,0,10,serial,256,128,12311.921875,6166,6334,6375,511
1024,512,0,10,legacy,0,64,10220.125,10208,10500,10500,511
1024,512,0,10,legacy,1,32768,14082.546875,41,42,5542,511
1024,512,0,10,legacy,16,2048,10345.921875,250,1500,1542,511
1024,512,0,10,legacy,64,512,10249.296875,1000,2833,2916,511
1024,512,0,10,legacy,256,128,10205.6875,4917,5459,5459,511
1024,512,0,10,stage_burst,0,64,13242.21875,13250,13334,13334,2047
1024,512,0,10,stage_burst,1,32768,18874.234375,0,42,9417,2047
1024,512,0,10,stage_burst,16,2048,13299.5,125,9417,9625,2047
1024,512,0,10,stage_burst,64,512,13306.75,500,9833,9875,2047
1024,512,0,10,stage_burst,256,128,13243.453125,2041,11333,11333,2047
1024,512,0.333333343267,10,pipeline,0,64,16323.59375,16333,16500,16500,2047
1024,512,0.333333343267,10,pipeline,1,32768,15852.5,41,42,167,2047
1024,512,0.333333343267,10,pipeline,16,2048,16570.984375,500,708,792,2047
1024,512,0.333333343267,10,pipeline,64,512,16370.421875,2000,2458,2541,2047
1024,512,0.333333343267,10,pipeline,256,128,16410.703125,8750,8917,13000,2047
1024,512,0.333333343267,10,serial,0,64,12633.5,12666,12875,12875,511
1024,512,0.333333343267,10,serial,1,32768,15221.984375,41,83,208,511
1024,512,0.333333343267,10,serial,16,2048,12713.875,375,584,625,511
1024,512,0.333333343267,10,serial,64,512,12643.21875,1500,2209,2333,511
1024,512,0.333333343267,10,serial,256,128,12617.71875,6209,6584,6625,511
1024,512,0.333333343267,10,legacy,0,64,13226.5,13209,13417,13417,511
1024,512,0.333333343267,10,legacy,1,32768,17327.890625,41,42,5334,511
1024,512,0.333333343267,10,legacy,16,2048,13364.796875,250,4500,4584,511
1024,512,0.333333343267,10,legacy,64,512,13253.921875,1000,5833,5834,511
1024,512,0.333333343267,10,legacy,256,128,13210.3125,4875,8500,8500,511
1024,512,0.333333343267,10,stage_burst,0,64,13440.140625,13417,13625,13625,2047
1024,512,0.333333343267,10,stage_burst,1,32768,19098.4375,0,42,9625,2047
1024,512,0.333333343267,10,stage_burst,16,2048,13565.109375,125,9625,9750,2047
1024,512,0.333333343267,10,stage_burst,64,512,13432.3125,500,10000,10167,2047
1024,512,0.333333343267,10,stage_burst,256,128,13420.5,2041,11500,11500,2047
4096,1024,0,10,pipeline,0,64,54466.84375,54292,57084,57084,4095
4096,1024,0,10,pipeline,1,65536,55682.90625,42,84,208,4095
4096,1024,0,10,pipeline,16,4096,55152.03125,833,1166,6375,4095
4096,1024,0,10,pipeline,64,1024,54388.15625,3291,3917,3959,4095
4096,1024,0,10,pipeline,256,256,54477.21875,13042,14791,14792,4095
4096,1024,0,10,serial,0,64,50246.65625,50167,52917,52917,1023
4096,1024,0,10,serial,1,65536,53325.0625,42,84,250,1023
4096,1024,0,10,serial,16,4096,50460.078125,709,1209,1375,1023
4096,1024,0,10,serial,64,1024,50368.421875,2917,4750,7875,1023
4096,1024,0,10,serial,256,256,50160.734375,11583,14333,14375,1023
4096,1024,0,10,legacy,0,64,43936.875,44042,44625,44625,1023
4096,1024,0,10,legacy,1,65536,42361.515625,41,42,10666,1023
4096,1024,0,10,legacy,16,4096,44033.203125,458,10583,11209,1023
4096,1024,0,10,legacy,64,1024,43695.3125,1917,12000,12208,1023
4096,1024,0,10,legacy,256,256,43898.609375,11333,17125,17167,1023
4096,1024,0,10,stage_burst,0,64,49696.546875,49541,51708,51708,4095
4096,1024,0,10,stage_burst,1,65536,60938.421875,0,42,42042,4095
4096,1024,0,10,stage_burst,16,4096,49658.828125,125,41708,44625,4095
4096,1024,0,10,stage_burst,64,1024,49700.609375,500,42208,47792,4095
4096,1024,0,10,stage_burst,256,256,49496.984375,2000,43667,43750,4095
4096,1024,0.333333343267,10,pipeline,0,64,55145.1875,55041,60292,60292,4095
4096,1024,0.333333343267,10,pipeline,1,65536,56362.03125,42,84,250,4095
4096,1024,0.333333343267,10,pipeline,16,4096,55375.046875,834,1167,1292,4095
4096,1024,0.333333343267,10,pipeline,64,1024,55172.9375,3333,4000,4083,4095
4096,1024,0.333333343267,10,pipeline,256,256,55093.046875,13250,15042,15084,4095
4096,1024,0.333333343267,10,serial,0,64,51366.359375,51292,54000,54000,1023
4096,1024,0.333333343267,10,serial,1,65536,55602.03125,42,84,209,1023
4096,1024,0.333333343267,10,serial,16,4096,51504.75,750,1209,1333,1023
4096,1024,0.333333343267,10,serial,64,1024,51338.203125,3000,4791,4833,1023
4096,1024,0.333333343267,10,serial,256,256,51380.921875,11542,15458,20750,1023
4096,1024,0.333333343267,10,legacy,0,64,56126.40625,56291,59167,59167,1023
4096,1024,0.333333343267,10,legacy,1,65536,55043.359375,41,42,27667,1023
4096,1024,0.333333343267,10,legacy,16,4096,55575.828125,458,21500,25125,1023
4096,1024,0.333333343267,10,legacy,64,1024,55676.65625,1875,24250,24375,1023
4096,1024,0.333333343267,10,legacy,256,256,55531.21875,11250,29416,29458,1023
4096,1024,0.333333343267,10,stage_burst,0,64,50366.53125,50250,53083,53083,4095
4096,1024,0.333333343267,10,stage_burst,1,65536,61692.6875,0,42,45167,4095
4096,1024,0.333333343267,10,stage_burst,16,4096,50333.296875,125,42416,42791,4095
4096,1024,0.333333343267,10,stage_burst,64,1024,50336.375,500,42875,48542,4095
4096,1024,0.333333343267,10,stage_burst,256,256,50224.671875,1959,44459,46875,4095
4096,2048,0,10,pipeline,0,64,68143.859375,68041,73708,73708,8191
4096,2048,0,10,pipeline,1,131072,65281.828125,42,42,5125,8191
4096,2048,0,10,pipeline,16,8192,68266.734375,500,708,750,8191
4096,2048,0,10,pipeline,64,2048,68088.984375,2042,2583,2708,8191
4096,2048,0,10,pipeline,256,512,68184.9375,8416,9542,13375,8191
4096,2048,0,10,serial,0,64,52820.328125,52792,54375,54375,2047
4096,2048,0,10,serial,1,131072,59654.609375,41,83,208,2047
4096,2048,0,10,serial,16,8192,53376.046875,375,667,750,2047
4096,2048,0,10,serial,64,2048,53823.25,1542,2584,19625,2047
4096,2048,0,10,serial,256,512,54791.484375,6542,10167,10291,2047
4096,2048,0,10,legacy,0,64,46760.40625,46875,51250,51250,2047
4096,2048,0,10,legacy,1,131072,59479.53125,41,42,8750,2047
4096,2048,0,10,legacy,16,8192,46968.65625,250,3834,7542,2047
4096,2048,0,10,legacy,64,2048,47096.5625,1042,7834,8083,2047
4096,2048,0,10,legacy,256,512,46700.453125,4375,13709,14959,2047
4096,2048,0,10,stage_burst,0,64,57468.6875,57375,61000,61000,8191
4096,2048,0,10,stage_burst,1,131072,80516.03125,0,42,66291,8191
4096,2048,0,10,stage_burst,16,8192,57606.734375,125,167,42292,8191
4096,2048,0,10,stage_burst,64,2048,57660.09375,500,42125,47333,8191
4096,2048,0,10,stage_burst,256,512,57358,1959,43667,43750,8191
4096,2048,0.333333343267,10,pipeline,0,64,68976.625,68709,75250,75250,8191
4096,2048,0.333333343267,10,pipeline,1,131072,66122.390625,42,42,5292,8191
4096,2048,0.333333343267,10,pipeline,16,8192,68893.03125,541,708,792,8191
4096,2048,0.333333343267,10,pipeline,64,2048,68950.4375,2083,2583,2708,8191
4096,2048,0.333333343267,10,pipeline,256,512,68781.953125,8500,9542,13458,8191
4096,2048,0.333333343267,10,serial,0,64,54357.484375,54250,57250,57250,2047
4096,2048,0.333333343267,10,serial,1,131072,62079.484375,41,83,5458,2047
4096,2048,0.333333343267,10,serial,16,8192,54874.265625,416,667,792,2047
4096,2048,0.333333343267,10,serial,64,2048,54523.390625,1584,2541,2708,2047
4096,2048,0.333333343267,10,serial,256,512,54358.640625,6542,9584,12000,2047
4096,2048,0.333333343267,10,legacy,0,64,58945.9375,59166,62042,62042,2047
4096,2048,0.333333343267,10,legacy,1,131072,71427.21875,41,42,19875,2047
4096,2048,0.333333343267,10,legacy,16,8192,59273.9375,250,3875,21208,2047
4096,2048,0.333333343267,10,legacy,64,2048,58963.78125,1042,20000,20209,2047
4096,2048,0.333333343267,10,legacy,256,512,59012.296875,4375,25708,25833,2047
4096,2048,0.333333343267,10,stage_burst,0,64,58259.171875,57959,63292,63292,8191
4096,2048,0.333333343267,10,stage_burst,1,131072,80891.9375,0,42,45041,8191
4096,2048,0.333333343267,10,stage_burst,16,8192,58363.90625,125,167,45208,8191
4096,2048,0.333333343267,10,stage_burst,64,2048,58145.140625,500,42791,45458,8191
4096,2048,0.333333343267,10,stage_burst,256,512,58158.53125,1959,44500,47083,8191
16384,4096,0,10,pipeline,0,64,232776.703125,232375,235125,235125,16383
16384,4096,0,10,pipeline,1,262144,243883.171875,42,84,5875,16383
16384,4096,0,10,pipeline,16,16384,233256.34375,875,1167,6917,16383
16384,4096,0,10,pipeline,64,4096,233145.390625,3500,4375,8834,16383
16384,4096,0,10,pipeline,256,1024,232537.921875,13958,17208,18375,16383
16384,4096,0,10,serial,0,64,219152.328125,218875,225167,225167,4095
16384,4096,0,10,serial,1,262144,231503.15625,42,125,5458,4095
16384,4096,0,10,serial,16,16384,220110.765625,792,1375,6292,4095
16384,4096,0,10,serial,64,4096,219235.421875,3125,5334,8375,4095
16384,4096,0,10,serial,256,1024,219221.15625,12833,21292,21458,4095
16384,4096,0,10,legacy,0,64,186682.953125,186291,201125,201125,4095
16384,4096,0,10,legacy,1,262144,179634.5625,42,42,50792,4095
16384,4096,0,10,legacy,16,16384,187122.109375,500,833,42125,4095
16384,4096,0,10,legacy,64,4096,186224.765625,2042,36875,50084,4095
16384,4096,0,10,legacy,256,1024,184119.9375,8375,43042,68167,4095
16384,4096,0,10,stage_burst,0,64,216602.875,216125,222375,222375,16383
16384,4096,0,10,stage_burst,1,262144,262129.734375,0,42,189417,16383
16384,4096,0,10,stage_burst,16,16384,217109.0625,125,167,190167,16383
16384,4096,0,10,stage_burst,64,4096,216605.953125,500,185042,190458,16383
16384,4096,0,10,stage_burst,256,1024,216559.78125,1959,186917,193542,16383
16384,4096,0.333333343267,10,pipeline,0,64,235921.921875,235583,240875,240875,16383
16384,4096,0.333333343267,10,pipeline,1,262144,248070.78125,42,84,20833,16383
16384,4096,0.333333343267,10,pipeline,16,16384,236309.84375,875,1167,6292,16383
16384,4096,0.333333343267,10,pipeline,64,4096,236607.421875,3542,4458,23125,16383
16384,4096,0.333333343267,10,pipeline,256,1024,236829.390625,14208,17625,33875,16383
16384,4096,0.333333343267,10,serial,0,64,223320.234375,222500,247916,247916,4095
16384,4096,0.333333343267,10,serial,1,262144,238436.015625,42,125,2791,4095
16384,4096,0.333333343267,10,serial,16,16384,223964.265625,792,1375,6334,4095
16384,4096,0.333333343267,10,serial,64,4096,223819.203125,3209,5416,12084,4095
16384,4096,0.333333343267,10,serial,256,1024,222429.734375,13000,21250,21875,4095
16384,4096,0.333333343267,10,legacy,0,64,234509.046875,233834,239375,239375,4095
16384,4096,0.333333343267,10,legacy,1,262144,227362.8125,42,42,87833,4095
16384,4096,0.333333343267,10,legacy,16,16384,235291.421875,500,833,99333,4095
16384,4096,0.333333343267,10,legacy,64,4096,234027.59375,2083,84541,89792,4095
16384,4096,0.333333343267,10,legacy,256,1024,234636.125,8583,92125,104791,4095
16384,4096,0.333333343267,10,stage_burst,0,64,219443.3125,219125,225791,225791,16383
16384,4096,0.333333343267,10,stage_burst,1,262144,265471.890625,0,42,193167,16383
16384,4096,0.333333343267,10,stage_burst,16,16384,219762.546875,125,167,193541,16383
16384,4096,0.333333343267,10,stage_burst,64,4096,220456.15625,500,188083,205625,16383
16384,4096,0.333333343267,10,stage_burst,256,1024,219586.671875,1959,189958,196916,16383
16384,8192,0,10,pipeline,0,64,286252.578125,285750,291958,291958,32767
16384,8192,0,10,pipeline,1,524288,281162.953125,42,42,5583,32767
16384,8192,0,10,pipeline,16,32768,285523.21875,542,667,13917,32767
16384,8192,0,10,pipeline,64,8192,286524.765625,2167,2666,4750,32767
16384,8192,0,10,pipeline,256,2048,285644.3125,8625,10042,14875,32767
16384,8192,0,10,serial,0,64,229858.75,229292,234917,234917,8191
16384,8192,0,10,serial,1,524288,252970.421875,41,84,5167,8191
16384,8192,0,10,serial,16,32768,231637.15625,417,709,5459,8191
16384,8192,0,10,serial,64,8192,230471.890625,1667,2833,9708,8191
16384,8192,0,10,serial,256,2048,229805.1875,6667,11125,11666,8191
16384,8192,0,10,legacy,0,64,197776.03125,197250,213250,213250,8191
16384,8192,0,10,legacy,1,524288,240568.46875,41,42,27250,8191
16384,8192,0,10,legacy,16,32768,197472.15625,292,417,24500,8191
16384,8192,0,10,legacy,64,8192,198397.609375,1166,14250,30834,8191
16384,8192,0,10,legacy,256,2048,198507.796875,4667,24584,31000,8191
16384,8192,0,10,stage_burst,0,64,252992.8125,247958,387208,387208,32767
16384,8192,0,10,stage_burst,1,524288,337786.03125,0,42,190166,32767
16384,8192,0,10,stage_burst,16,32768,250430.796875,125,167,193250,32767
16384,8192,0,10,stage_burst,64,8192,249560.21875,500,667,199166,32767
16384,8192,0,10,stage_burst,256,2048,248663.9375,1959,186917,193209,32767
16384,8192,0.333333343267,10,pipeline,0,64,286856.75,287250,386500,386500,32767
16384,8192,0.333333343267,10,pipeline,1,524288,286308.9375,42,42,5708,32767
16384,8192,0.333333343267,10,pipeline,16,32768,288669.21875,542,708,3125,32767
16384,8192,0.333333343267,10,pipeline,64,8192,288804.921875,2167,2667,6708,32767
16384,8192,0.333333343267,10,pipeline,256,2048,288779.5625,8709,10167,15459,32767
16384,8192,0.333333343267,10,serial,0,64,234152.96875,233875,240667,240667,8191
16384,8192,0.333333343267,10,serial,1,524288,267757.875,42,84,5375,8191
16384,8192,0.333333343267,10,serial,16,32768,243479.03125,458,791,5292,8191
16384,8192,0.333333343267,10,serial,64,8192,235012.5625,1708,2833,6917,8191
16384,8192,0.333333343267,10,serial,256,2048,234337.6875,6750,11125,11958,8191
16384,8192,0.333333343267,10,legacy,0,64,246156.890625,245834,251625,251625,8191
16384,8192,0.333333343267,10,legacy,1,524288,286194.75,41,42,72042,8191
16384,8192,0.333333343267,10,legacy,16,32768,245554.234375,292,417,70750,8191
16384,8192,0.333333343267,10,legacy,64,8192,246416.125,1166,14333,78792,8191
16384,8192,0.333333343267,10,legacy,256,2048,245412.296875,4667,72333,77833,8191
16384,8192,0.333333343267,10,stage_burst,0,64,251456.390625,250792,262000,262000,32767
16384,8192,0.333333343267,10,stage_burst,1,524288,344520.84375,0,42,205583,32767
16384,8192,0.333333343267,10,stage_burst,16,32768,251919.109375,125,166,193292,32767
16384,8192,0.333333343267,10,stage_burst,64,8192,253932.859375,500,708,201125,32767
16384,8192,0.333333343267,10,stage_burst,256,2048,251140.84375,1959,189834,193708,32767
1024,256,0,11,serial,0,64,11512.3125,11500,11875,11875,255
1024,256,0,11,serial,1,16384,12402.109375,42,84,167,255
1024,256,0,11,serial,16,1024,11661.234375,667,1084,1167,255
1024,256,0,11,serial,64,256,11574.140625,2750,3333,3375,255
1024,256,0,11,serial,256,64,11602.890625,11583,11959,11959,255
1024,256,0,11,legacy,0,64,9463.515625,9458,9750,9750,255
1024,256,0,11,legacy,1,16384,9638.1875,41,83,2209,255
1024,256,0,11,legacy,16,1024,9472.296875,417,2500,2584,255
1024,256,0,11,legacy,64,256,9439.546875,1959,3625,3625,255
1024,256,0,11,legacy,256,64,9458.421875,9458,9584,9584,255
1024,256,0,11,stage_burst,0,64,11319,11291,11917,11917,1023
1024,256,0,11,stage_burst,1,16384,14073.9375,0,42,9333,1023
1024,256,0,11,stage_burst,16,1024,11287.78125,125,9458,9542,1023
1024,256,0,11,stage_burst,64,256,11324.390625,500,10125,10542,1023
1024,256,0,11,stage_burst,256,64,11357.421875,11291,14125,14125,1023
1024,256,0,11,pipeline,0,64,12940.15625,12917,13042,13042,1023
1024,256,0,11,pipeline,1,16384,12879.1875,42,84,250,1023
1024,256,0,11,pipeline,16,1024,12994.453125,791,1000,1083,1023
1024,256,0,11,pipeline,64,256,13046.375,3125,3750,3750,1023
1024,256,0,11,pipeline,256,64,12938.21875,12917,13125,13125,1023
1024,256,0.333333343267,11,serial,0,64,11788.375,11750,12000,12000,255
1024,256,0.333333343267,11,serial,1,16384,13006.0625,42,84,209,255
1024,256,0.333333343267,11,serial,16,1024,11831.3125,667,1084,1125,255
1024,256,0.333333343267,11,serial,64,256,11858.84375,2917,3500,3584,255
1024,256,0.333333343267,11,serial,256,64,11785.171875,11750,12417,12417,255
1024,256,0.333333343267,11,legacy,0,64,12501.90625,12500,12791,12791,255
1024,256,0.333333343267,11,legacy,1,16384,12674.765625,41,83,5291,255
1024,256,0.333333343267,11,legacy,16,1024,13083.15625,458,5833,5917,255
1024,256,0.333333343267,11,legacy,64,256,13084.640625,2167,7000,7083,255
1024,256,0.333333343267,11,legacy,256,64,13045.53125,13000,15708,15708,255
1024,256,0.333333343267,11,stage_burst,0,64,12022.828125,12042,12250,12250,1023
1024,256,0.333333343267,11,stage_burst,1,16384,14531.671875,0,42,10125,1023
1024,256,0.333333343267,11,stage_burst,16,1024,11522.15625,125,9708,9875,1023
1024,256,0.333333343267,11,stage_burst,64,256,11470.65625,500,10125,10125,1023
1024,256,0.333333343267,11,stage_burst,256,64,11445.296875,11458,11500,11500,1023
1024,256,0.333333343267,11,pipeline,0,64,13085.296875,13083,13250,13250,1023
1024,256,0.333333343267,11,pipeline,1,16384,13055.203125,42,84,209,1023
1024,256,0.333333343267,11,pipeline,16,1024,13203.078125,792,1000,5791,1023
1024,256,0.333333343267,11,pipeline,64,256,13107.484375,3250,3792,3834,1023
1024,256,0.333333343267,11,pipeline,256,64,13104.859375,13083,13875,13875,1023
1024,512,0,11,serial,0,64,12324.890625,12292,12709,12709,511
1024,512,0,11,serial,1,32768,14791.75,41,83,167,511
1024,512,0,11,serial,16,2048,12315.265625,375,584,625,511
1024,512,0,11,serial,64,512,12270.75,1500,2208,2292,511
1024,512,0,11,serial,256,128,12261.6875,6125,6334,6583,511
1024,512,0,11,legacy,0,64,10217.890625,10208,10625,10625,511
1024,512,0,11,legacy,1,32768,14063.203125,41,42,1375,511
1024,512,0,11,legacy,16,2048,10407.515625,250,1500,1667,511
1024,512,0,11,legacy,64,512,10267.625,1000,2833,2875,511
1024,512,0,11,legacy,256,128,10199.25,4875,5459,5500,511
1024,512,0,11,stage_burst,0,64,13249.359375,13250,13458,13458,2047
1024,512,0,11,stage_burst,1,32768,18978.875,0,42,14542,2047
1024,512,0,11,stage_burst,16,2048,13302.140625,125,9458,9666,2047
1024,512,0,11,stage_burst,64,512,13271.546875,500,9834,9958,2047
1024,512,0,11,stage_burst,256,128,13279.90625,2125,11458,11500,2047
1024,512,0,11,pipeline,0,64,16189.4375,16167,16459,16459,2047
1024,512,0,11,pipeline,1,32768,15586.875,41,42,167,2047
1024,512,0,11,pipeline,16,2048,16480.609375,500,708,834,2047
1024,512,0,11,pipeline,64,512,16261.5625,1958,2417,8834,2047
1024,512,0,11,pipeline,256,128,16134.171875,7583,8792,8833,2047
1024,512,0.333333343267,11,serial,0,64,12577.4375,12542,12792,12792,511
1024,512,0.333333343267,11,serial,1,32768,15239.34375,41,83,167,511
1024,512,0.333333343267,11,serial,16,2048,12684.28125,375,584,666,511
1024,512,0.333333343267,11,serial,64,512,12564.484375,1500,2209,2292,511
1024,512,0.333333343267,11,serial,256,128,12571.109375,6375,6792,6833,511
1024,512,0.333333343267,11,legacy,0,64,13224.625,13209,13416,13416,511
1024,512,0.333333343267,11,legacy,1,32768,17165.125,41,42,4584,511
1024,512,0.333333343267,11,legacy,16,2048,13374.015625,250,4500,4625,511
1024,512,0.333333343267,11,legacy,64,512,13362.578125,1000,5958,6041,511
1024,512,0.333333343267,11,legacy,256,128,13263.640625,5000,8584,8708,511
1024,512,0.333333343267,11,stage_burst,0,64,13429.0625,13417,13542,13542,2047
1024,512,0.333333343267,11,stage_burst,1,32768,19101.453125,0,42,9584,2047
1024,512,0.333333343267,11,stage_burst,16,2048,13475.828125,125,9625,9709,2047
1024,512,0.333333343267,11,stage_burst,64,512,13435.53125,500,10000,10416,2047
1024,512,0.333333343267,11,stage_burst,256,128,13425.734375,2042,11542,11542,2047
1024,512,0.333333343267,11,pipeline,0,64,16365.921875,16334,16709,16709,2047
1024,512,0.333333343267,11,pipeline,1,32768,15841.1875,41,42,167,2047
1024,512,0.333333343267,11,pipeline,16,2048,16622.109375,500,708,8208,2047
1024,512,0.333333343267,11,pipeline,64,512,16411.4375,2000,2458,2500,2047
1024,512,0.333333343267,11,pipeline,256,128,16325.46875,7625,8875,8875,2047
4096,1024,0,11,serial,0,64,50343.109375,50208,52833,52833,1023
4096,1024,0,11,serial,1,65536,53398.53125,42,84,209,1023
4096,1024,0,11,serial,16,4096,50486.015625,709,1209,6416,1023
4096,1024,0,11,serial,64,1024,52248.671875,3041,5250,5375,1023
4096,1024,0,11,serial,256,256,50329.390625,11584,14417,18792,1023
4096,1024,0,11,legacy,0,64,43919.28125,43958,45292,45292,1023
4096,1024,0,11,legacy,1,65536,42858.859375,41,42,10750,1023
4096,1024,0,11,legacy,16,4096,43916.625,458,10584,11000,1023
4096,1024,0,11,legacy,64,1024,43533.8125,1917,12042,12333,1023
4096,1024,0,11,legacy,256,256,43593.5625,8667,17209,17334,1023
4096,1024,0,11,stage_burst,0,64,49567.109375,49500,52417,52417,4095
4096,1024,0,11,stage_burst,1,65536,61270.125,0,42,44500,4095
4096,1024,0,11,stage_burst,16,4096,49880.296875,125,41750,47792,4095
4096,1024,0,11,stage_burst,64,1024,52876.875,500,45750,46083,4095
4096,1024,0,11,stage_burst,256,256,49621.078125,2000,43834,49292,4095
4096,1024,0,11,pipeline,0,64,54491.515625,54375,57333,57333,4095
4096,1024,0,11,pipeline,1,65536,55716.421875,42,84,5583,4095
4096,1024,0,11,pipeline,16,4096,55127.171875,833,1166,1208,4095
4096,1024,0,11,pipeline,64,1024,54471.921875,3291,3917,6125,4095
4096,1024,0,11,pipeline,256,256,54429.15625,13375,15042,15167,4095
4096,1024,0.333333343267,11,serial,0,64,51559.234375,51458,56792,56792,1023
4096,1024,0.333333343267,11,serial,1,65536,55750.09375,42,84,5250,1023
4096,1024,0.333333343267,11,serial,16,4096,51553.21875,750,1209,1292,1023
4096,1024,0.333333343267,11,serial,64,1024,51675.046875,3000,4792,7833,1023
4096,1024,0.333333343267,11,serial,256,256,51315.78125,11709,15458,15500,1023
4096,1024,0.333333343267,11,legacy,0,64,55902.34375,56167,60167,60167,1023
4096,1024,0.333333343267,11,legacy,1,65536,55011.65625,41,83,23375,1023
4096,1024,0.333333343267,11,legacy,16,4096,56165.03125,458,22792,23333,1023
4096,1024,0.333333343267,11,legacy,64,1024,55811.09375,1916,24208,26958,1023
4096,1024,0.333333343267,11,legacy,256,256,56171.140625,8625,29417,29541,1023
4096,1024,0.333333343267,11,stage_burst,0,64,50278.6875,50209,51750,51750,4095
4096,1024,0.333333343267,11,stage_burst,1,65536,61577.5,0,42,44834,4095
4096,1024,0.333333343267,11,stage_burst,16,4096,50332,125,42375,42791,4095
4096,1024,0.333333343267,11,stage_burst,64,1024,50233.8125,500,42917,43250,4095
4096,1024,0.333333343267,11,stage_burst,256,256,50249.859375,1959,44542,47125,4095
4096,1024,0.333333343267,11,pipeline,0,64,55184.234375,55083,57792,57792,4095
4096,1024,0.333333343267,11,pipeline,1,65536,56492.203125,42,84,209,4095
4096,1024,0.333333343267,11,pipeline,16,4096,55459.734375,834,1167,1333,4095
4096,1024,0.333333343267,11,pipeline,64,1024,55285.6875,3334,4000,6333,4095
4096,1024,0.333333343267,11,pipeline,256,256,55399.765625,13917,15375,15625,4095
4096,2048,0,11,serial,0,64,53761.78125,52458,76208,76208,2047
4096,2048,0,11,serial,1,131072,59328.078125,41,83,5625,2047
4096,2048,0,11,serial,16,8192,53410.1875,375,667,791,2047
4096,2048,0,11,serial,64,2048,53114.765625,1542,2541,4458,2047
4096,2048,0,11,serial,256,512,52951.09375,6250,9666,9958,2047
4096,2048,0,11,legacy,0,64,46384.796875,46625,48709,48709,2047
4096,2048,0,11,legacy,1,131072,59475.640625,41,42,8541,2047
4096,2048,0,11,legacy,16,8192,48827.359375,250,4083,7917,2047
4096,2048,0,11,legacy,64,2048,46414.109375,1042,7625,7875,2047
4096,2048,0,11,legacy,256,512,46412.453125,4375,13375,13583,2047
4096,2048,0,11,stage_burst,0,64,60773.4375,58042,172917,172917,8191
4096,2048,0,11,stage_burst,1,131072,81466.203125,0,42,93125,8191
4096,2048,0,11,stage_burst,16,8192,58181.640625,125,167,73458,8191
4096,2048,0,11,stage_burst,64,2048,57764.515625,500,42125,54167,8191
4096,2048,0,11,stage_burst,256,512,57640.3125,1959,44875,46250,8191
4096,2048,0,11,pipeline,0,64,68081.40625,68042,70750,70750,8191
4096,2048,0,11,pipeline,1,131072,65142.671875,42,42,5417,8191
4096,2048,0,11,pipeline,16,8192,68185.015625,500,708,5583,8191
4096,2048,0,11,pipeline,64,2048,68570.453125,2042,2500,22542,8191
4096,2048,0,11,pipeline,256,512,68729.296875,8458,9750,14625,8191
4096,2048,0.333333343267,11,serial,0,64,57175.703125,57416,59166,59166,2047
4096,2048,0.333333343267,11,serial,1,131072,61928.484375,41,83,208,2047
4096,2048,0.333333343267,11,serial,16,8192,55072.21875,416,667,792,2047
4096,2048,0.333333343267,11,serial,64,2048,54673.28125,1584,2541,5875,2047
4096,2048,0.333333343267,11,serial,256,512,56685.625,6625,11500,12167,2047
4096,2048,0.333333343267,11,legacy,0,64,59968.09375,58542,68750,68750,2047
4096,2048,0.333333343267,11,legacy,1,131072,70851.671875,41,42,23542,2047
4096,2048,0.333333343267,11,legacy,16,8192,59260.65625,250,3916,19708,2047
4096,2048,0.333333343267,11,legacy,64,2048,59421.03125,1042,19958,45417,2047
4096,2048,0.333333343267,11,legacy,256,512,58957.65625,4375,25750,25792,2047
4096,2048,0.333333343267,11,stage_burst,0,64,58135.984375,58041,62000,62000,8191
4096,2048,0.333333343267,11,stage_burst,1,131072,80770.1875,0,42,50083,8191
4096,2048,0.333333343267,11,stage_burst,16,8192,58266.875,125,167,42708,8191
4096,2048,0.333333343267,11,stage_burst,64,2048,58095.015625,500,42792,43084,8191
4096,2048,0.333333343267,11,stage_burst,256,512,58214.796875,1959,44584,46542,8191
4096,2048,0.333333343267,11,pipeline,0,64,68729.1875,68750,68958,68958,8191
4096,2048,0.333333343267,11,pipeline,1,131072,66173.71875,42,42,5250,8191
4096,2048,0.333333343267,11,pipeline,16,8192,68992.8125,541,708,8792,8191
4096,2048,0.333333343267,11,pipeline,64,2048,69058.71875,2083,2542,7166,8191
4096,2048,0.333333343267,11,pipeline,256,512,68820.859375,8500,9625,10042,8191
16384,4096,0,11,serial,0,64,219015.578125,218625,223666,223666,4095
16384,4096,0,11,serial,1,262144,233948.765625,42,125,5625,4095
16384,4096,0,11,serial,16,16384,220016.65625,792,1375,6041,4095
16384,4096,0,11,serial,64,4096,219526.734375,3125,5334,8458,4095
16384,4096,0,11,serial,256,1024,222986.53125,13166,22709,26417,4095
16384,4096,0,11,legacy,0,64,185983.703125,185625,190709,190709,4095
16384,4096,0,11,legacy,1,262144,179619.921875,42,42,42750,4095
16384,4096,0,11,legacy,16,16384,186766.828125,500,833,38750,4095
16384,4096,0,11,legacy,64,4096,187057.640625,2042,36875,44458,4095
16384,4096,0,11,legacy,256,1024,185544.84375,8583,43000,48958,4095
16384,4096,0,11,stage_burst,0,64,218150.375,216583,225542,225542,16383
16384,4096,0,11,stage_burst,1,262144,262435.140625,0,42,190042,16383
16384,4096,0,11,stage_burst,16,16384,217209.625,125,167,198292,16383
16384,4096,0,11,stage_burst,64,4096,217103.640625,500,185084,192834,16383
16384,4096,0,11,stage_burst,256,1024,216872.296875,1959,187083,193417,16383
16384,4096,0,11,pipeline,0,64,232591.15625,232250,238041,238041,16383
16384,4096,0,11,pipeline,1,262144,244742.1875,42,84,5125,16383
16384,4096,0,11,pipeline,16,16384,235428.484375,875,1167,6708,16383
16384,4096,0,11,pipeline,64,4096,233291.859375,3500,4375,5959,16383
16384,4096,0,11,pipeline,256,1024,232998.8125,14000,17209,28792,16383
16384,4096,0.333333343267,11,serial,0,64,225405.546875,223208,233667,233667,4095
16384,4096,0.333333343267,11,serial,1,262144,240200.359375,42,125,5292,4095
16384,4096,0.333333343267,11,serial,16,16384,224474.96875,792,1375,17583,4095
16384,4096,0.333333343267,11,serial,64,4096,223195.828125,3208,5375,5666,4095
16384,4096,0.333333343267,11,serial,256,1024,226913.390625,13209,22208,52125,4095
16384,4096,0.333333343267,11,legacy,0,64,233369.828125,232750,240125,240125,4095
16384,4096,0.333333343267,11,legacy,1,262144,227222.734375,42,42,88125,4095
16384,4096,0.333333343267,11,legacy,16,16384,233643.5,500,833,87000,4095
16384,4096,0.333333343267,11,legacy,64,4096,233873.015625,2083,84542,91083,4095
16384,4096,0.333333343267,11,legacy,256,1024,235684.234375,8583,92750,95292,4095
16384,4096,0.333333343267,11,stage_burst,0,64,219201.0625,219041,222792,222792,16383
16384,4096,0.333333343267,11,stage_burst,1,262144,264751.796875,0,42,191375,16383
16384,4096,0.333333343267,11,stage_burst,16,16384,216841.734375,125,166,193042,16383
16384,4096,0.333333343267,11,stage_burst,64,4096,221593.609375,500,188209,202208,16383
16384,4096,0.333333343267,11,stage_burst,256,1024,219239.25,1959,190208,195334,16383
16384,4096,0.333333343267,11,pipeline,0,64,235936.25,235708,238834,238834,16383
16384,4096,0.333333343267,11,pipeline,1,262144,249739.03125,42,84,34042,16383
16384,4096,0.333333343267,11,pipeline,16,16384,236378.21875,875,1167,5125,16383
16384,4096,0.333333343267,11,pipeline,64,4096,236188.125,3542,4417,9375,16383
16384,4096,0.333333343267,11,pipeline,256,1024,236527.890625,14208,17542,21792,16383
16384,8192,0,11,serial,0,64,228055.359375,229625,283334,283334,8191
16384,8192,0,11,serial,1,524288,255526.40625,41,84,5292,8191
16384,8192,0,11,serial,16,32768,230171.046875,417,709,8416,8191
16384,8192,0,11,serial,64,8192,230562.4375,1667,2792,6958,8191
16384,8192,0,11,serial,256,2048,230571.6875,6667,11167,20375,8191
16384,8192,0,11,legacy,0,64,199346.453125,198875,204625,204625,8191
16384,8192,0,11,legacy,1,524288,238268.421875,41,42,26875,8191
16384,8192,0,11,legacy,16,32768,197532.078125,292,417,25125,8191
16384,8192,0,11,legacy,64,8192,197766.046875,1166,14250,24625,8191
16384,8192,0,11,legacy,256,2048,197739.125,4667,24583,28916,8191
16384,8192,0,11,stage_burst,0,64,248128.328125,247792,252958,252958,32767
16384,8192,0,11,stage_burst,1,524288,339147.84375,0,42,189958,32767
16384,8192,0,11,stage_burst,16,32768,249135.8125,125,166,189875,32767
16384,8192,0,11,stage_burst,64,8192,248392.84375,500,583,190625,32767
16384,8192,0,11,stage_burst,256,2048,248011.84375,1958,187458,295375,32767
16384,8192,0,11,pipeline,0,64,286212.234375,285917,295917,295917,32767
16384,8192,0,11,pipeline,1,524288,283294.625,42,42,5167,32767
16384,8192,0,11,pipeline,16,32768,284748.828125,542,667,6000,32767
16384,8192,0,11,pipeline,64,8192,286679.375,2167,2625,6416,32767
16384,8192,0,11,pipeline,256,2048,285853.15625,8625,10042,14000,32767
16384,8192,0.333333343267,11,serial,0,64,234185.640625,233667,238375,238375,8191
16384,8192,0.333333343267,11,serial,1,524288,267248.125,42,84,5750,8191
16384,8192,0.333333343267,11,serial,16,32768,235801.078125,417,709,2958,8191
16384,8192,0.333333343267,11,serial,64,8192,236091.8125,1708,2875,4416,8191
16384,8192,0.333333343267,11,serial,256,2048,234460.296875,6791,11167,13875,8191
16384,8192,0.333333343267,11,legacy,0,64,245692.09375,245125,254333,254333,8191
16384,8192,0.333333343267,11,legacy,1,524288,287702.46875,41,42,74167,8191
16384,8192,0.333333343267,11,legacy,16,32768,246658.546875,292,458,73250,8191
16384,8192,0.333333343267,11,legacy,64,8192,246948.015625,1166,14334,75666,8191
16384,8192,0.333333343267,11,legacy,256,2048,247067.5625,4708,72875,75667,8191
16384,8192,0.333333343267,11,stage_burst,0,64,262093.03125,263792,268625,268625,32767
16384,8192,0.333333343267,11,stage_burst,1,524288,346815.125,0,42,226959,32767
16384,8192,0.333333343267,11,stage_burst,16,32768,253107.9375,125,167,196042,32767
16384,8192,0.333333343267,11,stage_burst,64,8192,252376.09375,500,625,216292,32767
16384,8192,0.333333343267,11,stage_burst,256,2048,252158.984375,1959,190958,204250,32767
16384,8192,0.333333343267,11,pipeline,0,64,289436.1875,289333,295792,295792,32767
16384,8192,0.333333343267,11,pipeline,1,524288,360500.28125,42,167,799083,32767
16384,8192,0.333333343267,11,pipeline,16,32768,407997.625,583,2417,2412875,32767
16384,8192,0.333333343267,11,pipeline,64,8192,531845.4375,2291,9459,2618625,32767
16384,8192,0.333333343267,11,pipeline,256,2048,381727.34375,9083,37458,2020084,32767
