group,status,missing,numerator,denominator,session,repeat,ratio,numerator_config,denominator_config
08c751913e9ca19d,paired,,pffft-hybrid-float,pffft-scheduled-batch-float,spec012-confirm-01,0,0.924658319245867,8fcdedce7f449be417137170739b6431769834d68d5cc710aef2eea920329675,ad7361c8aa2629f223164fd2bc72c596a35cb93e2b4ca2798c9f583add4c631d
08c751913e9ca19d,paired,,pffft-hybrid-float,pffft-scheduled-batch-float,spec012-confirm-01,1,0.928685154519509,8fcdedce7f449be417137170739b6431769834d68d5cc710aef2eea920329675,ad7361c8aa2629f223164fd2bc72c596a35cb93e2b4ca2798c9f583add4c631d
08c751913e9ca19d,paired,,pffft-hybrid-float,pffft-scheduled-batch-float,spec012-confirm-01,2,0.9564838857667164,8fcdedce7f449be417137170739b6431769834d68d5cc710aef2eea920329675,ad7361c8aa2629f223164fd2bc72c596a35cb93e2b4ca2798c9f583add4c631d
08c751913e9ca19d,paired,,pffft-hybrid-float,pffft-scheduled-batch-float,spec012-confirm-02,0,0.9404219714698318,8fcdedce7f449be417137170739b6431769834d68d5cc710aef2eea920329675,ad7361c8aa2629f223164fd2bc72c596a35cb93e2b4ca2798c9f583add4c631d
08c751913e9ca19d,paired,,pffft-hybrid-float,pffft-scheduled-batch-float,spec012-confirm-02,1,0.9381742767115439,8fcdedce7f449be417137170739b6431769834d68d5cc710aef2eea920329675,ad7361c8aa2629f223164fd2bc72c596a35cb93e2b4ca2798c9f583add4c631d
08c751913e9ca19d,paired,,pffft-hybrid-float,pffft-scheduled-batch-float,spec012-confirm-02,2,0.9398029681103417,8fcdedce7f449be417137170739b6431769834d68d5cc710aef2eea920329675,ad7361c8aa2629f223164fd2bc72c596a35cb93e2b4ca2798c9f583add4c631d
08c751913e9ca19d,paired,,pffft-hybrid-float,pffft-scheduled-batch-float,spec012-confirm-03,0,0.927837775971327,8fcdedce7f449be417137170739b6431769834d68d5cc710aef2eea920329675,ad7361c8aa2629f223164fd2bc72c596a35cb93e2b4ca2798c9f583add4c631d
08c751913e9ca19d,paired,,pffft-hybrid-float,pffft-scheduled-batch-float,spec012-confirm-03,1,0.9304469269182098,8fcdedce7f449be417137170739b6431769834d68d5cc710aef2eea920329675,ad7361c8aa2629f223164fd2bc72c596a35cb93e2b4ca2798c9f583add4c631d
08c751913e9ca19d,paired,,pffft-hybrid-float,pffft-scheduled-batch-float,spec012-confirm-03,2,0.9306034389346717,8fcdedce7f449be417137170739b6431769834d68d5cc710aef2eea920329675,ad7361c8aa2629f223164fd2bc72c596a35cb93e2b4ca2798c9f583add4c631d
08c751913e9ca19d,paired,,legacy-incremental-float,legacy-batch-float,spec012-confirm-01,0,0.9531609082877677,c8754de9fb9541f03d776665f761ea90ced48cfad6c1b3996c8beed17f48d980,d69f21151ce20d9e4ee4f9223b69d4294caab5ad4811b99258d7040c759825ec
08c751913e9ca19d,paired,,legacy-incremental-float,legacy-batch-float,spec012-confirm-01,1,0.9588764751969501,c8754de9fb9541f03d776665f761ea90ced48cfad6c1b3996c8beed17f48d980,d69f21151ce20d9e4ee4f9223b69d4294caab5ad4811b99258d7040c759825ec
08c751913e9ca19d,paired,,legacy-incremental-float,legacy-batch-float,spec012-confirm-01,2,0.9506549366628652,c8754de9fb9541f03d776665f761ea90ced48cfad6c1b3996c8beed17f48d980,d69f21151ce20d9e4ee4f9223b69d4294caab5ad4811b99258d7040c759825ec
08c751913e9ca19d,paired,,legacy-incremental-float,legacy-batch-float,spec012-confirm-02,0,0.9385636317874989,c8754de9fb9541f03d776665f761ea90ced48cfad6c1b3996c8beed17f48d980,d69f21151ce20d9e4ee4f9223b69d4294caab5ad4811b99258d7040c759825ec
08c751913e9ca19d,paired,,legacy-incremental-float,legacy-batch-float,spec012-confirm-02,1,0.9557434456636383,c8754de9fb9541f03d776665f761ea90ced48cfad6c1b3996c8beed17f48d980,d69f21151ce20d9e4ee4f9223b69d4294caab5ad4811b99258d7040c759825ec
08c751913e9ca19d,paired,,legacy-incremental-float,legacy-batch-float,spec012-confirm-02,2,0.9685586384599761,c8754de9fb9541f03d776665f761ea90ced48cfad6c1b3996c8beed17f48d980,d69f21151ce20d9e4ee4f9223b69d4294caab5ad4811b99258d7040c759825ec
08c751913e9ca19d,paired,,legacy-incremental-float,legacy-batch-float,spec012-confirm-03,0,0.9519859724220523,c8754de9fb9541f03d776665f761ea90ced48cfad6c1b3996c8beed17f48d980,d69f21151ce20d9e4ee4f9223b69d4294caab5ad4811b99258d7040c759825ec
08c751913e9ca19d,paired,,legacy-incremental-float,legacy-batch-float,spec012-confirm-03,1,0.9403657998418243,c8754de9fb9541f03d776665f761ea90ced48cfad6c1b3996c8beed17f48d980,d69f21151ce20d9e4ee4f9223b69d4294caab5ad4811b99258d7040c759825ec
08c751913e9ca19d,paired,,legacy-incremental-float,legacy-batch-float,spec012-confirm-03,2,0.9521584772082001,c8754de9fb9541f03d776665f761ea90ced48cfad6c1b3996c8beed17f48d980,d69f21151ce20d9e4ee4f9223b69d4294caab5ad4811b99258d7040c759825ec
08c751913e9ca19d,paired,,pffft-hybrid-float,pffft-analysis-float,spec012-confirm-01,0,2.7033717277486913,8fcdedce7f449be417137170739b6431769834d68d5cc710aef2eea920329675,d96667c4254b42408ed8db469a9bd9dd043ce0abd7b676657caefc4af6cf8d7b
08c751913e9ca19d,paired,,pffft-hybrid-float,pffft-analysis-float,spec012-confirm-01,1,2.7009791331887008,8fcdedce7f449be417137170739b6431769834d68d5cc710aef2eea920329675,d96667c4254b42408ed8db469a9bd9dd043ce0abd7b676657caefc4af6cf8d7b
08c751913e9ca19d,paired,,pffft-hybrid-float,pffft-analysis-float,spec012-confirm-01,2,2.734775491251232,8fcdedce7f449be417137170739b6431769834d68d5cc710aef2eea920329675,d96667c4254b42408ed8db469a9bd9dd043ce0abd7b676657caefc4af6cf8d7b
08c751913e9ca19d,paired,,pffft-hybrid-float,pffft-analysis-float,spec012-confirm-02,0,2.734769230769231,8fcdedce7f449be417137170739b6431769834d68d5cc710aef2eea920329675,d96667c4254b42408ed8db469a9bd9dd043ce0abd7b676657caefc4af6cf8d7b
08c751913e9ca19d,paired,,pffft-hybrid-float,pffft-analysis-float,spec012-confirm-02,1,2.7406103510313375,8fcdedce7f449be417137170739b6431769834d68d5cc710aef2eea920329675,d96667c4254b42408ed8db469a9bd9dd043ce0abd7b676657caefc4af6cf8d7b
08c751913e9ca19d,paired,,pffft-hybrid-float,pffft-analysis-float,spec012-confirm-02,2,2.6363979947999403,8fcdedce7f449be417137170739b6431769834d68d5cc710aef2eea920329675,d96667c4254b42408ed8db469a9bd9dd043ce0abd7b676657caefc4af6cf8d7b
08c751913e9ca19d,paired,,pffft-hybrid-float,pffft-analysis-float,spec012-confirm-03,0,2.7745448490529045,8fcdedce7f449be417137170739b6431769834d68d5cc710aef2eea920329675,d96667c4254b42408ed8db469a9bd9dd043ce0abd7b676657caefc4af6cf8d7b
08c751913e9ca19d,paired,,pffft-hybrid-float,pffft-analysis-float,spec012-confirm-03,1,2.8690667114206594,8fcdedce7f449be417137170739b6431769834d68d5cc710aef2eea920329675,d96667c4254b42408ed8db469a9bd9dd043ce0abd7b676657caefc4af6cf8d7b
08c751913e9ca19d,paired,,pffft-hybrid-float,pffft-analysis-float,spec012-confirm-03,2,2.6685378540120634,8fcdedce7f449be417137170739b6431769834d68d5cc710aef2eea920329675,d96667c4254b42408ed8db469a9bd9dd043ce0abd7b676657caefc4af6cf8d7b
08c751913e9ca19d,paired,,pffft-hybrid-float,core-float,spec012-confirm-01,0,1.0468186108237116,8fcdedce7f449be417137170739b6431769834d68d5cc710aef2eea920329675,e9c4ca9793404f0bdd5a86a6c3fa2e8a076ff94ba76d9fbb670f0e03913cfc72
08c751913e9ca19d,paired,,pffft-hybrid-float,core-float,spec012-confirm-01,1,1.0448622698922798,8fcdedce7f449be417137170739b6431769834d68d5cc710aef2eea920329675,e9c4ca9793404f0bdd5a86a6c3fa2e8a076ff94ba76d9fbb670f0e03913cfc72
08c751913e9ca19d,paired,,pffft-hybrid-float,core-float,spec012-confirm-01,2,1.080647690200912,8fcdedce7f449be417137170739b6431769834d68d5cc710aef2eea920329675,e9c4ca9793404f0bdd5a86a6c3fa2e8a076ff94ba76d9fbb670f0e03913cfc72
08c751913e9ca19d,paired,,pffft-hybrid-float,core-float,spec012-confirm-02,0,1.0283013857719048,8fcdedce7f449be417137170739b6431769834d68d5cc710aef2eea920329675,e9c4ca9793404f0bdd5a86a6c3fa2e8a076ff94ba76d9fbb670f0e03913cfc72
08c751913e9ca19d,paired,,pffft-hybrid-float,core-float,spec012-confirm-02,1,1.0407375127058855,8fcdedce7f449be417137170739b6431769834d68d5cc710aef2eea920329675,e9c4ca9793404f0bdd5a86a6c3fa2e8a076ff94ba76d9fbb670f0e03913cfc72
08c751913e9ca19d,paired,,pffft-hybrid-float,core-float,spec012-confirm-02,2,1.0247100899533976,8fcdedce7f449be417137170739b6431769834d68d5cc710aef2eea920329675,e9c4ca9793404f0bdd5a86a6c3fa2e8a076ff94ba76d9fbb670f0e03913cfc72
08c751913e9ca19d,paired,,pffft-hybrid-float,core-float,spec012-confirm-03,0,1.0352990103970938,8fcdedce7f449be417137170739b6431769834d68d5cc710aef2eea920329675,e9c4ca9793404f0bdd5a86a6c3fa2e8a076ff94ba76d9fbb670f0e03913cfc72
08c751913e9ca19d,paired,,pffft-hybrid-float,core-float,spec012-confirm-03,1,1.0835776696721442,8fcdedce7f449be417137170739b6431769834d68d5cc710aef2eea920329675,e9c4ca9793404f0bdd5a86a6c3fa2e8a076ff94ba76d9fbb670f0e03913cfc72
08c751913e9ca19d,paired,,pffft-hybrid-float,core-float,spec012-confirm-03,2,1.0258166844785315,8fcdedce7f449be417137170739b6431769834d68d5cc710aef2eea920329675,e9c4ca9793404f0bdd5a86a6c3fa2e8a076ff94ba76d9fbb670f0e03913cfc72
270f621fe92cbe7d,paired,,pffft-hybrid-float,pffft-scheduled-batch-float,spec012-confirm-01,0,0.7766663345713969,405eccb88be770076569b3c611500655c971b95e410751e8b33db18e5248a09a,d17421e0c0066de1f990c48d7e75ede4854b9844763c51cc1c0f9c2295d782ae
270f621fe92cbe7d,paired,,pffft-hybrid-float,pffft-scheduled-batch-float,spec012-confirm-01,1,0.787778625772916,405eccb88be770076569b3c611500655c971b95e410751e8b33db18e5248a09a,d17421e0c0066de1f990c48d7e75ede4854b9844763c51cc1c0f9c2295d782ae
270f621fe92cbe7d,paired,,pffft-hybrid-float,pffft-scheduled-batch-float,spec012-confirm-01,2,0.7796216033775107,405eccb88be770076569b3c611500655c971b95e410751e8b33db18e5248a09a,d17421e0c0066de1f990c48d7e75ede4854b9844763c51cc1c0f9c2295d782ae
270f621fe92cbe7d,paired,,pffft-hybrid-float,pffft-scheduled-batch-float,spec012-confirm-02,0,0.7989740453771585,405eccb88be770076569b3c611500655c971b95e410751e8b33db18e5248a09a,d17421e0c0066de1f990c48d7e75ede4854b9844763c51cc1c0f9c2295d782ae
270f621fe92cbe7d,paired,,pffft-hybrid-float,pffft-scheduled-batch-float,spec012-confirm-02,1,0.7662483085984704,405eccb88be770076569b3c611500655c971b95e410751e8b33db18e5248a09a,d17421e0c0066de1f990c48d7e75ede4854b9844763c51cc1c0f9c2295d782ae
270f621fe92cbe7d,paired,,pffft-hybrid-float,pffft-scheduled-batch-float,spec012-confirm-02,2,0.7897418087015156,405eccb88be770076569b3c611500655c971b95e410751e8b33db18e5248a09a,d17421e0c0066de1f990c48d7e75ede4854b9844763c51cc1c0f9c2295d782ae
270f621fe92cbe7d,paired,,pffft-hybrid-float,pffft-scheduled-batch-float,spec012-confirm-03,0,0.7504645329172475,405eccb88be770076569b3c611500655c971b95e410751e8b33db18e5248a09a,d17421e0c0066de1f990c48d7e75ede4854b9844763c51cc1c0f9c2295d782ae
270f621fe92cbe7d,paired,,pffft-hybrid-float,pffft-scheduled-batch-float,spec012-confirm-03,1,0.8231161861240802,405eccb88be770076569b3c611500655c971b95e410751e8b33db18e5248a09a,d17421e0c0066de1f990c48d7e75ede4854b9844763c51cc1c0f9c2295d782ae
270f621fe92cbe7d,paired,,pffft-hybrid-float,pffft-scheduled-batch-float,spec012-confirm-03,2,0.7911933024850795,405eccb88be770076569b3c611500655c971b95e410751e8b33db18e5248a09a,d17421e0c0066de1f990c48d7e75ede4854b9844763c51cc1c0f9c2295d782ae
270f621fe92cbe7d,paired,,legacy-incremental-float,legacy-batch-float,spec012-confirm-01,0,0.9166988829511743,94d2946decad5b03ac35c5c2e0f242d79d168e3a816f0c89d29eed6ea6ad4234,f910475bf64427e29fdde7e22d6b27676d5a4636ab21b64e8583937b73d7cb46
270f621fe92cbe7d,paired,,legacy-incremental-float,legacy-batch-float,spec012-confirm-01,1,0.9086782688762166,94d2946decad5b03ac35c5c2e0f242d79d168e3a816f0c89d29eed6ea6ad4234,f910475bf64427e29fdde7e22d6b27676d5a4636ab21b64e8583937b73d7cb46
270f621fe92cbe7d,paired,,legacy-incremental-float,legacy-batch-float,spec012-confirm-01,2,0.9230063420128417,94d2946decad5b03ac35c5c2e0f242d79d168e3a816f0c89d29eed6ea6ad4234,f910475bf64427e29fdde7e22d6b27676d5a4636ab21b64e8583937b73d7cb46
270f621fe92cbe7d,paired,,legacy-incremental-float,legacy-batch-float,spec012-confirm-02,0,0.8991064375426621,94d2946decad5b03ac35c5c2e0f242d79d168e3a816f0c89d29eed6ea6ad4234,f910475bf64427e29fdde7e22d6b27676d5a4636ab21b64e8583937b73d7cb46
270f621fe92cbe7d,paired,,legacy-incremental-float,legacy-batch-float,spec012-confirm-02,1,0.9039486606693478,94d2946decad5b03ac35c5c2e0f242d79d168e3a816f0c89d29eed6ea6ad4234,f910475bf64427e29fdde7e22d6b27676d5a4636ab21b64e8583937b73d7cb46
270f621fe92cbe7d,paired,,legacy-incremental-float,legacy-batch-float,spec012-confirm-02,2,0.9129921498989845,94d2946decad5b03ac35c5c2e0f242d79d168e3a816f0c89d29eed6ea6ad4234,f910475bf64427e29fdde7e22d6b27676d5a4636ab21b64e8583937b73d7cb46
270f621fe92cbe7d,paired,,legacy-incremental-float,legacy-batch-float,spec012-confirm-03,0,0.913147726092896,94d2946decad5b03ac35c5c2e0f242d79d168e3a816f0c89d29eed6ea6ad4234,f910475bf64427e29fdde7e22d6b27676d5a4636ab21b64e8583937b73d7cb46
270f621fe92cbe7d,paired,,legacy-incremental-float,legacy-batch-float,spec012-confirm-03,1,0.9304496409906314,94d2946decad5b03ac35c5c2e0f242d79d168e3a816f0c89d29eed6ea6ad4234,f910475bf64427e29fdde7e22d6b27676d5a4636ab21b64e8583937b73d7cb46
270f621fe92cbe7d,paired,,legacy-incremental-float,legacy-batch-float,spec012-confirm-03,2,0.9068977666615852,94d2946decad5b03ac35c5c2e0f242d79d168e3a816f0c89d29eed6ea6ad4234,f910475bf64427e29fdde7e22d6b27676d5a4636ab21b64e8583937b73d7cb46
270f621fe92cbe7d,paired,,pffft-hybrid-float,pffft-analysis-float,spec012-confirm-01,0,1.5887560795129343,405eccb88be770076569b3c611500655c971b95e410751e8b33db18e5248a09a,a31764c78e69358e12b600179ac2d006ed51f81b6af433e8e2c31597cc017ce6
270f621fe92cbe7d,paired,,pffft-hybrid-float,pffft-analysis-float,spec012-confirm-01,1,1.6201206811850544,405eccb88be770076569b3c611500655c971b95e410751e8b33db18e5248a09a,a31764c78e69358e12b600179ac2d006ed51f81b6af433e8e2c31597cc017ce6
270f621fe92cbe7d,paired,,pffft-hybrid-float,pffft-analysis-float,spec012-confirm-01,2,1.596390852467081,405eccb88be770076569b3c611500655c971b95e410751e8b33db18e5248a09a,a31764c78e69358e12b600179ac2d006ed51f81b6af433e8e2c31597cc017ce6
270f621fe92cbe7d,paired,,pffft-hybrid-float,pffft-analysis-float,spec012-confirm-02,0,1.6247079870109684,405eccb88be770076569b3c611500655c971b95e410751e8b33db18e5248a09a,a31764c78e69358e12b600179ac2d006ed51f81b6af433e8e2c31597cc017ce6
270f621fe92cbe7d,paired,,pffft-hybrid-float,pffft-analysis-float,spec012-confirm-02,1,1.6156315140049318,405eccb88be770076569b3c611500655c971b95e410751e8b33db18e5248a09a,a31764c78e69358e12b600179ac2d006ed51f81b6af433e8e2c31597cc017ce6
270f621fe92cbe7d,paired,,pffft-hybrid-float,pffft-analysis-float,spec012-confirm-02,2,1.585062526823363,405eccb88be770076569b3c611500655c971b95e410751e8b33db18e5248a09a,a31764c78e69358e12b600179ac2d006ed51f81b6af433e8e2c31597cc017ce6
270f621fe92cbe7d,paired,,pffft-hybrid-float,pffft-analysis-float,spec012-confirm-03,0,1.635792290571992,405eccb88be770076569b3c611500655c971b95e410751e8b33db18e5248a09a,a31764c78e69358e12b600179ac2d006ed51f81b6af433e8e2c31597cc017ce6
270f621fe92cbe7d,paired,,pffft-hybrid-float,pffft-analysis-float,spec012-confirm-03,1,1.689770687958747,405eccb88be770076569b3c611500655c971b95e410751e8b33db18e5248a09a,a31764c78e69358e12b600179ac2d006ed51f81b6af433e8e2c31597cc017ce6
270f621fe92cbe7d,paired,,pffft-hybrid-float,pffft-analysis-float,spec012-confirm-03,2,1.602951239490458,405eccb88be770076569b3c611500655c971b95e410751e8b33db18e5248a09a,a31764c78e69358e12b600179ac2d006ed51f81b6af433e8e2c31597cc017ce6
270f621fe92cbe7d,paired,,pffft-hybrid-float,core-float,spec012-confirm-01,0,0.7802219747438627,405eccb88be770076569b3c611500655c971b95e410751e8b33db18e5248a09a,584918544db6dde2d3a76c205dc88832ff50320c2da0ca0bda8bd8b7a51fdaca
270f621fe92cbe7d,paired,,pffft-hybrid-float,core-float,spec012-confirm-01,1,0.7989753352800741,405eccb88be770076569b3c611500655c971b95e410751e8b33db18e5248a09a,584918544db6dde2d3a76c205dc88832ff50320c2da0ca0bda8bd8b7a51fdaca
270f621fe92cbe7d,paired,,pffft-hybrid-float,core-float,spec012-confirm-01,2,0.7866095290019506,405eccb88be770076569b3c611500655c971b95e410751e8b33db18e5248a09a,584918544db6dde2d3a76c205dc88832ff50320c2da0ca0bda8bd8b7a51fdaca
270f621fe92cbe7d,paired,,pffft-hybrid-float,core-float,spec012-confirm-02,0,0.7854253914249253,405eccb88be770076569b3c611500655c971b95e410751e8b33db18e5248a09a,584918544db6dde2d3a76c205dc88832ff50320c2da0ca0bda8bd8b7a51fdaca
270f621fe92cbe7d,paired,,pffft-hybrid-float,core-float,spec012-confirm-02,1,0.7698583688444173,405eccb88be770076569b3c611500655c971b95e410751e8b33db18e5248a09a,584918544db6dde2d3a76c205dc88832ff50320c2da0ca0bda8bd8b7a51fdaca
270f621fe92cbe7d,paired,,pffft-hybrid-float,core-float,spec012-confirm-02,2,0.7874943136671029,405eccb88be770076569b3c611500655c971b95e410751e8b33db18e5248a09a,584918544db6dde2d3a76c205dc88832ff50320c2da0ca0bda8bd8b7a51fdaca
270f621fe92cbe7d,paired,,pffft-hybrid-float,core-float,spec012-confirm-03,0,0.7900852333637943,405eccb88be770076569b3c611500655c971b95e410751e8b33db18e5248a09a,584918544db6dde2d3a76c205dc88832ff50320c2da0ca0bda8bd8b7a51fdaca
270f621fe92cbe7d,paired,,pffft-hybrid-float,core-float,spec012-confirm-03,1,0.8248817640493686,405eccb88be770076569b3c611500655c971b95e410751e8b33db18e5248a09a,584918544db6dde2d3a76c205dc88832ff50320c2da0ca0bda8bd8b7a51fdaca
270f621fe92cbe7d,paired,,pffft-hybrid-float,core-float,spec012-confirm-03,2,0.791267948087429,405eccb88be770076569b3c611500655c971b95e410751e8b33db18e5248a09a,584918544db6dde2d3a76c205dc88832ff50320c2da0ca0bda8bd8b7a51fdaca
385218555a3891f8,paired,,pffft-hybrid-float,pffft-scheduled-batch-float,spec012-confirm-01,0,0.9406825248415663,240e9e9f277586dc87f2190fd4bd2aaf8f19455532f0b527c3c2d31477056e40,203b87e6a9dbc5dfe9dfe5bafc9bda5a9c1cc164660150feecee5b4eb92b9635
385218555a3891f8,paired,,pffft-hybrid-float,pffft-scheduled-batch-float,spec012-confirm-01,1,0.9255634882591256,240e9e9f277586dc87f2190fd4bd2aaf8f19455532f0b527c3c2d31477056e40,203b87e6a9dbc5dfe9dfe5bafc9bda5a9c1cc164660150feecee5b4eb92b9635
385218555a3891f8,paired,,pffft-hybrid-float,pffft-scheduled-batch-float,spec012-confirm-01,2,0.9315452288969667,240e9e9f277586dc87f2190fd4bd2aaf8f19455532f0b527c3c2d31477056e40,203b87e6a9dbc5dfe9dfe5bafc9bda5a9c1cc164660150feecee5b4eb92b9635
385218555a3891f8,paired,,pffft-hybrid-float,pffft-scheduled-batch-float,spec012-confirm-02,0,0.9619172491152425,240e9e9f277586dc87f2190fd4bd2aaf8f19455532f0b527c3c2d31477056e40,203b87e6a9dbc5dfe9dfe5bafc9bda5a9c1cc164660150feecee5b4eb92b9635
385218555a3891f8,paired,,pffft-hybrid-float,pffft-scheduled-batch-float,spec012-confirm-02,1,0.9050909268343782,240e9e9f277586dc87f2190fd4bd2aaf8f19455532f0b527c3c2d31477056e40,203b87e6a9dbc5dfe9dfe5bafc9bda5a9c1cc164660150feecee5b4eb92b9635
385218555a3891f8,paired,,pffft-hybrid-float,pffft-scheduled-batch-float,spec012-confirm-02,2,0.9322341327905025,240e9e9f277586dc87f2190fd4bd2aaf8f19455532f0b527c3c2d31477056e40,203b87e6a9dbc5dfe9dfe5bafc9bda5a9c1cc164660150feecee5b4eb92b9635
385218555a3891f8,paired,,pffft-hybrid-float,pffft-scheduled-batch-float,spec012-confirm-03,0,0.9342878422922684,240e9e9f277586dc87f2190fd4bd2aaf8f19455532f0b527c3c2d31477056e40,203b87e6a9dbc5dfe9dfe5bafc9bda5a9c1cc164660150feecee5b4eb92b9635
385218555a3891f8,paired,,pffft-hybrid-float,pffft-scheduled-batch-float,spec012-confirm-03,1,0.929786271985205,240e9e9f277586dc87f2190fd4bd2aaf8f19455532f0b527c3c2d31477056e40,203b87e6a9dbc5dfe9dfe5bafc9bda5a9c1cc164660150feecee5b4eb92b9635
385218555a3891f8,paired,,pffft-hybrid-float,pffft-scheduled-batch-float,spec012-confirm-03,2,0.9124512441951185,240e9e9f277586dc87f2190fd4bd2aaf8f19455532f0b527c3c2d31477056e40,203b87e6a9dbc5dfe9dfe5bafc9bda5a9c1cc164660150feecee5b4eb92b9635
385218555a3891f8,paired,,legacy-incremental-float,legacy-batch-float,spec012-confirm-01,0,0.9617349613250469,2200e774b201eb395535521e9879ad5fa76333c466cc6111b9c02673a9df851b,4f1c45781e5adc2622a5f19a1439b0c04124b8a5225ea586542148895c761fd3
385218555a3891f8,paired,,legacy-incremental-float,legacy-batch-float,spec012-confirm-01,1,0.9597965743031093,2200e774b201eb395535521e9879ad5fa76333c466cc6111b9c02673a9df851b,4f1c45781e5adc2622a5f19a1439b0c04124b8a5225ea586542148895c761fd3
385218555a3891f8,paired,,legacy-incremental-float,legacy-batch-float,spec012-confirm-01,2,0.9749726770840667,2200e774b201eb395535521e9879ad5fa76333c466cc6111b9c02673a9df851b,4f1c45781e5adc2622a5f19a1439b0c04124b8a5225ea586542148895c761fd3
385218555a3891f8,paired,,legacy-incremental-float,legacy-batch-float,spec012-confirm-02,0,0.952148151694706,2200e774b201eb395535521e9879ad5fa76333c466cc6111b9c02673a9df851b,4f1c45781e5adc2622a5f19a1439b0c04124b8a5225ea586542148895c761fd3
385218555a3891f8,paired,,legacy-incremental-float,legacy-batch-float,spec012-confirm-02,1,0.9561652840093502,2200e774b201eb395535521e9879ad5fa76333c466cc6111b9c02673a9df851b,4f1c45781e5adc2622a5f19a1439b0c04124b8a5225ea586542148895c761fd3
385218555a3891f8,paired,,legacy-incremental-float,legacy-batch-float,spec012-confirm-02,2,0.9493102122776337,2200e774b201eb395535521e9879ad5fa76333c466cc6111b9c02673a9df851b,4f1c45781e5adc2622a5f19a1439b0c04124b8a5225ea586542148895c761fd3
385218555a3891f8,paired,,legacy-incremental-float,legacy-batch-float,spec012-confirm-03,0,0.9546562634193274,2200e774b201eb395535521e9879ad5fa76333c466cc6111b9c02673a9df851b,4f1c45781e5adc2622a5f19a1439b0c04124b8a5225ea586542148895c761fd3
385218555a3891f8,paired,,legacy-incremental-float,legacy-batch-float,spec012-confirm-03,1,0.9633439550161914,2200e774b201eb395535521e9879ad5fa76333c466cc6111b9c02673a9df851b,4f1c45781e5adc2622a5f19a1439b0c04124b8a5225ea586542148895c761fd3
385218555a3891f8,paired,,legacy-incremental-float,legacy-batch-float,spec012-confirm-03,2,0.9535317297632393,2200e774b201eb395535521e9879ad5fa76333c466cc6111b9c02673a9df851b,4f1c45781e5adc2622a5f19a1439b0c04124b8a5225ea586542148895c761fd3
385218555a3891f8,paired,,pffft-hybrid-float,pffft-analysis-float,spec012-confirm-01,0,2.7154626364187298,240e9e9f277586dc87f2190fd4bd2aaf8f19455532f0b527c3c2d31477056e40,806a97139d4b7b99e3169908c249c682191ca1577c9a5bfbb50fe5fa52df945f
385218555a3891f8,paired,,pffft-hybrid-float,pffft-analysis-float,spec012-confirm-01,1,2.6991257577689467,240e9e9f277586dc87f2190fd4bd2aaf8f19455532f0b527c3c2d31477056e40,806a97139d4b7b99e3169908c249c682191ca1577c9a5bfbb50fe5fa52df945f
385218555a3891f8,paired,,pffft-hybrid-float,pffft-analysis-float,spec012-confirm-01,2,2.674023345458781,240e9e9f277586dc87f2190fd4bd2aaf8f19455532f0b527c3c2d31477056e40,806a97139d4b7b99e3169908c249c682191ca1577c9a5bfbb50fe5fa52df945f
385218555a3891f8,paired,,pffft-hybrid-float,pffft-analysis-float,spec012-confirm-02,0,2.741892819039803,240e9e9f277586dc87f2190fd4bd2aaf8f19455532f0b527c3c2d31477056e40,806a97139d4b7b99e3169908c249c682191ca1577c9a5bfbb50fe5fa52df945f
385218555a3891f8,paired,,pffft-hybrid-float,pffft-analysis-float,spec012-confirm-02,1,2.695504378034469,240e9e9f277586dc87f2190fd4bd2aaf8f19455532f0b527c3c2d31477056e40,806a97139d4b7b99e3169908c249c682191ca1577c9a5bfbb50fe5fa52df945f
385218555a3891f8,paired,,pffft-hybrid-float,pffft-analysis-float,spec012-confirm-02,2,2.69461495271995,240e9e9f277586dc87f2190fd4bd2aaf8f19455532f0b527c3c2d31477056e40,806a97139d4b7b99e3169908c249c682191ca1577c9a5bfbb50fe5fa52df945f
385218555a3891f8,paired,,pffft-hybrid-float,pffft-analysis-float,spec012-confirm-03,0,2.603785538051327,240e9e9f277586dc87f2190fd4bd2aaf8f19455532f0b527c3c2d31477056e40,806a97139d4b7b99e3169908c249c682191ca1577c9a5bfbb50fe5fa52df945f
385218555a3891f8,paired,,pffft-hybrid-float,pffft-analysis-float,spec012-confirm-03,1,2.690398521274344,240e9e9f277586dc87f2190fd4bd2aaf8f19455532f0b527c3c2d31477056e40,806a97139d4b7b99e3169908c249c682191ca1577c9a5bfbb50fe5fa52df945f
385218555a3891f8,paired,,pffft-hybrid-float,pffft-analysis-float,spec012-confirm-03,2,2.697145475197725,240e9e9f277586dc87f2190fd4bd2aaf8f19455532f0b527c3c2d31477056e40,806a97139d4b7b99e3169908c249c682191ca1577c9a5bfbb50fe5fa52df945f
385218555a3891f8,paired,,pffft-hybrid-float,core-float,spec012-confirm-01,0,1.053076014479735,240e9e9f277586dc87f2190fd4bd2aaf8f19455532f0b527c3c2d31477056e40,2bbb65135a9f08b115ff741e9e057e4e3b441b56851000f0686ff869c6b58f60
385218555a3891f8,paired,,pffft-hybrid-float,core-float,spec012-confirm-01,1,1.04623250341467,240e9e9f277586dc87f2190fd4bd2aaf8f19455532f0b527c3c2d31477056e40,2bbb65135a9f08b115ff741e9e057e4e3b441b56851000f0686ff869c6b58f60
385218555a3891f8,paired,,pffft-hybrid-float,core-float,spec012-confirm-01,2,1.0416050915608501,240e9e9f277586dc87f2190fd4bd2aaf8f19455532f0b527c3c2d31477056e40,2bbb65135a9f08b115ff741e9e057e4e3b441b56851000f0686ff869c6b58f60
385218555a3891f8,paired,,pffft-hybrid-float,core-float,spec012-confirm-02,0,1.0604818763737716,240e9e9f277586dc87f2190fd4bd2aaf8f19455532f0b527c3c2d31477056e40,2bbb65135a9f08b115ff741e9e057e4e3b441b56851000f0686ff869c6b58f60
385218555a3891f8,paired,,pffft-hybrid-float,core-float,spec012-confirm-02,1,1.0291186292420873,240e9e9f277586dc87f2190fd4bd2aaf8f19455532f0b527c3c2d31477056e40,2bbb65135a9f08b115ff741e9e057e4e3b441b56851000f0686ff869c6b58f60
385218555a3891f8,paired,,pffft-hybrid-float,core-float,spec012-confirm-02,2,1.0122055317060288,240e9e9f277586dc87f2190fd4bd2aaf8f19455532f0b527c3c2d31477056e40,2bbb65135a9f08b115ff741e9e057e4e3b441b56851000f0686ff869c6b58f60
385218555a3891f8,paired,,pffft-hybrid-float,core-float,spec012-confirm-03,0,1.0349552531738373,240e9e9f277586dc87f2190fd4bd2aaf8f19455532f0b527c3c2d31477056e40,2bbb65135a9f08b115ff741e9e057e4e3b441b56851000f0686ff869c6b58f60
385218555a3891f8,paired,,pffft-hybrid-float,core-float,spec012-confirm-03,1,1.0025661540696817,240e9e9f277586dc87f2190fd4bd2aaf8f19455532f0b527c3c2d31477056e40,2bbb65135a9f08b115ff741e9e057e4e3b441b56851000f0686ff869c6b58f60
385218555a3891f8,paired,,pffft-hybrid-float,core-float,spec012-confirm-03,2,1.0054346830845768,240e9e9f277586dc87f2190fd4bd2aaf8f19455532f0b527c3c2d31477056e40,2bbb65135a9f08b115ff741e9e057e4e3b441b56851000f0686ff869c6b58f60
63bd6f46d6e9858d,paired,,pffft-hybrid-float,pffft-scheduled-batch-float,spec012-confirm-01,0,0.7777440799260055,bc98940514c771d372666dda3192ea1bffa433aa6d3412cecad10ea603513a0f,f4739cbb3e67480740850c9a761fe632e092faec164e6c3c2d4b31ed7c35447d
63bd6f46d6e9858d,paired,,pffft-hybrid-float,pffft-scheduled-batch-float,spec012-confirm-01,1,0.7800701039792889,bc98940514c771d372666dda3192ea1bffa433aa6d3412cecad10ea603513a0f,f4739cbb3e67480740850c9a761fe632e092faec164e6c3c2d4b31ed7c35447d
63bd6f46d6e9858d,paired,,pffft-hybrid-float,pffft-scheduled-batch-float,spec012-confirm-01,2,0.7796158627295524,bc98940514c771d372666dda3192ea1bffa433aa6d3412cecad10ea603513a0f,f4739cbb3e67480740850c9a761fe632e092faec164e6c3c2d4b31ed7c35447d
63bd6f46d6e9858d,paired,,pffft-hybrid-float,pffft-scheduled-batch-float,spec012-confirm-02,0,0.7812128874676324,bc98940514c771d372666dda3192ea1bffa433aa6d3412cecad10ea603513a0f,f4739cbb3e67480740850c9a761fe632e092faec164e6c3c2d4b31ed7c35447d
63bd6f46d6e9858d,paired,,pffft-hybrid-float,pffft-scheduled-batch-float,spec012-confirm-02,1,0.7961800254637892,bc98940514c771d372666dda3192ea1bffa433aa6d3412cecad10ea603513a0f,f4739cbb3e67480740850c9a761fe632e092faec164e6c3c2d4b31ed7c35447d
63bd6f46d6e9858d,paired,,pffft-hybrid-float,pffft-scheduled-batch-float,spec012-confirm-02,2,0.8179036339692533,bc98940514c771d372666dda3192ea1bffa433aa6d3412cecad10ea603513a0f,f4739cbb3e67480740850c9a761fe632e092faec164e6c3c2d4b31ed7c35447d
63bd6f46d6e9858d,paired,,pffft-hybrid-float,pffft-scheduled-batch-float,spec012-confirm-03,0,0.7699404508998924,bc98940514c771d372666dda3192ea1bffa433aa6d3412cecad10ea603513a0f,f4739cbb3e67480740850c9a761fe632e092faec164e6c3c2d4b31ed7c35447d
63bd6f46d6e9858d,paired,,pffft-hybrid-float,pffft-scheduled-batch-float,spec012-confirm-03,1,0.7957303864194569,bc98940514c771d372666dda3192ea1bffa433aa6d3412cecad10ea603513a0f,f4739cbb3e67480740850c9a761fe632e092faec164e6c3c2d4b31ed7c35447d
63bd6f46d6e9858d,paired,,pffft-hybrid-float,pffft-scheduled-batch-float,spec012-confirm-03,2,0.7604703469498459,bc98940514c771d372666dda3192ea1bffa433aa6d3412cecad10ea603513a0f,f4739cbb3e67480740850c9a761fe632e092faec164e6c3c2d4b31ed7c35447d
63bd6f46d6e9858d,paired,,legacy-incremental-float,legacy-batch-float,spec012-confirm-01,0,0.9168538212550424,d1974e0252c6857c7b285d69b978e3a9d54e5974ca54f8acc00ffd9f5d0539bb,9671277882ca2ee1f2dc7f52462606872278b6a717759b6574bb656c747c5e8c
63bd6f46d6e9858d,paired,,legacy-incremental-float,legacy-batch-float,spec012-confirm-01,1,0.9122779009353155,d1974e0252c6857c7b285d69b978e3a9d54e5974ca54f8acc00ffd9f5d0539bb,9671277882ca2ee1f2dc7f52462606872278b6a717759b6574bb656c747c5e8c
63bd6f46d6e9858d,paired,,legacy-incremental-float,legacy-batch-float,spec012-confirm-01,2,0.9148828866792114,d1974e0252c6857c7b285d69b978e3a9d54e5974ca54f8acc00ffd9f5d0539bb,9671277882ca2ee1f2dc7f52462606872278b6a717759b6574bb656c747c5e8c
63bd6f46d6e9858d,paired,,legacy-incremental-float,legacy-batch-float,spec012-confirm-02,0,0.9097593044891213,d1974e0252c6857c7b285d69b978e3a9d54e5974ca54f8acc00ffd9f5d0539bb,9671277882ca2ee1f2dc7f52462606872278b6a717759b6574bb656c747c5e8c
63bd6f46d6e9858d,paired,,legacy-incremental-float,legacy-batch-float,spec012-confirm-02,1,0.8935285110885823,d1974e0252c6857c7b285d69b978e3a9d54e5974ca54f8acc00ffd9f5d0539bb,9671277882ca2ee1f2dc7f52462606872278b6a717759b6574bb656c747c5e8c
63bd6f46d6e9858d,paired,,legacy-incremental-float,legacy-batch-float,spec012-confirm-02,2,0.8862829897684119,d1974e0252c6857c7b285d69b978e3a9d54e5974ca54f8acc00ffd9f5d0539bb,9671277882ca2ee1f2dc7f52462606872278b6a717759b6574bb656c747c5e8c
63bd6f46d6e9858d,paired,,legacy-incremental-float,legacy-batch-float,spec012-confirm-03,0,0.9137288421464128,d1974e0252c6857c7b285d69b978e3a9d54e5974ca54f8acc00ffd9f5d0539bb,9671277882ca2ee1f2dc7f52462606872278b6a717759b6574bb656c747c5e8c
63bd6f46d6e9858d,paired,,legacy-incremental-float,legacy-batch-float,spec012-confirm-03,1,0.8944120771818802,d1974e0252c6857c7b285d69b978e3a9d54e5974ca54f8acc00ffd9f5d0539bb,9671277882ca2ee1f2dc7f52462606872278b6a717759b6574bb656c747c5e8c
63bd6f46d6e9858d,paired,,legacy-incremental-float,legacy-batch-float,spec012-confirm-03,2,0.9185746352899936,d1974e0252c6857c7b285d69b978e3a9d54e5974ca54f8acc00ffd9f5d0539bb,9671277882ca2ee1f2dc7f52462606872278b6a717759b6574bb656c747c5e8c
63bd6f46d6e9858d,paired,,pffft-hybrid-float,pffft-analysis-float,spec012-confirm-01,0,1.5702922391157412,bc98940514c771d372666dda3192ea1bffa433aa6d3412cecad10ea603513a0f,a5661d0e552c99756fcae04faa23d22677a7436b7dbca70a67e8132ddd8e8d95
63bd6f46d6e9858d,paired,,pffft-hybrid-float,pffft-analysis-float,spec012-confirm-01,1,1.59681198251683,bc98940514c771d372666dda3192ea1bffa433aa6d3412cecad10ea603513a0f,a5661d0e552c99756fcae04faa23d22677a7436b7dbca70a67e8132ddd8e8d95
63bd6f46d6e9858d,paired,,pffft-hybrid-float,pffft-analysis-float,spec012-confirm-01,2,1.6014839743577454,bc98940514c771d372666dda3192ea1bffa433aa6d3412cecad10ea603513a0f,a5661d0e552c99756fcae04faa23d22677a7436b7dbca70a67e8132ddd8e8d95
63bd6f46d6e9858d,paired,,pffft-hybrid-float,pffft-analysis-float,spec012-confirm-02,0,1.4784420197857318,bc98940514c771d372666dda3192ea1bffa433aa6d3412cecad10ea603513a0f,a5661d0e552c99756fcae04faa23d22677a7436b7dbca70a67e8132ddd8e8d95
63bd6f46d6e9858d,paired,,pffft-hybrid-float,pffft-analysis-float,spec012-confirm-02,1,1.642416707669856,bc98940514c771d372666dda3192ea1bffa433aa6d3412cecad10ea603513a0f,a5661d0e552c99756fcae04faa23d22677a7436b7dbca70a67e8132ddd8e8d95
63bd6f46d6e9858d,paired,,pffft-hybrid-float,pffft-analysis-float,spec012-confirm-02,2,1.6302342908441403,bc98940514c771d372666dda3192ea1bffa433aa6d3412cecad10ea603513a0f,a5661d0e552c99756fcae04faa23d22677a7436b7dbca70a67e8132ddd8e8d95
63bd6f46d6e9858d,paired,,pffft-hybrid-float,pffft-analysis-float,spec012-confirm-03,0,1.4669674656897675,bc98940514c771d372666dda3192ea1bffa433aa6d3412cecad10ea603513a0f,a5661d0e552c99756fcae04faa23d22677a7436b7dbca70a67e8132ddd8e8d95
63bd6f46d6e9858d,paired,,pffft-hybrid-float,pffft-analysis-float,spec012-confirm-03,1,1.5937237825134212,bc98940514c771d372666dda3192ea1bffa433aa6d3412cecad10ea603513a0f,a5661d0e552c99756fcae04faa23d22677a7436b7dbca70a67e8132ddd8e8d95
63bd6f46d6e9858d,paired,,pffft-hybrid-float,pffft-analysis-float,spec012-confirm-03,2,1.500993892720517,bc98940514c771d372666dda3192ea1bffa433aa6d3412cecad10ea603513a0f,a5661d0e552c99756fcae04faa23d22677a7436b7dbca70a67e8132ddd8e8d95
63bd6f46d6e9858d,paired,,pffft-hybrid-float,core-float,spec012-confirm-01,0,0.7867413199451662,bc98940514c771d372666dda3192ea1bffa433aa6d3412cecad10ea603513a0f,86796059ae1a502c65d040d31ed6d095b66f8cecfc46f70fdb231df65f5d2bc0
63bd6f46d6e9858d,paired,,pffft-hybrid-float,core-float,spec012-confirm-01,1,0.7836522738313182,bc98940514c771d372666dda3192ea1bffa433aa6d3412cecad10ea603513a0f,86796059ae1a502c65d040d31ed6d095b66f8cecfc46f70fdb231df65f5d2bc0
63bd6f46d6e9858d,paired,,pffft-hybrid-float,core-float,spec012-confirm-01,2,0.7838598080382628,bc98940514c771d372666dda3192ea1bffa433aa6d3412cecad10ea603513a0f,86796059ae1a502c65d040d31ed6d095b66f8cecfc46f70fdb231df65f5d2bc0
63bd6f46d6e9858d,paired,,pffft-hybrid-float,core-float,spec012-confirm-02,0,0.7759594708577262,bc98940514c771d372666dda3192ea1bffa433aa6d3412cecad10ea603513a0f,86796059ae1a502c65d040d31ed6d095b66f8cecfc46f70fdb231df65f5d2bc0
63bd6f46d6e9858d,paired,,pffft-hybrid-float,core-float,spec012-confirm-02,1,0.797864512178889,bc98940514c771d372666dda3192ea1bffa433aa6d3412cecad10ea603513a0f,86796059ae1a502c65d040d31ed6d095b66f8cecfc46f70fdb231df65f5d2bc0
63bd6f46d6e9858d,paired,,pffft-hybrid-float,core-float,spec012-confirm-02,2,0.8082776401865341,bc98940514c771d372666dda3192ea1bffa433aa6d3412cecad10ea603513a0f,86796059ae1a502c65d040d31ed6d095b66f8cecfc46f70fdb231df65f5d2bc0
63bd6f46d6e9858d,paired,,pffft-hybrid-float,core-float,spec012-confirm-03,0,0.7683767609978311,bc98940514c771d372666dda3192ea1bffa433aa6d3412cecad10ea603513a0f,86796059ae1a502c65d040d31ed6d095b66f8cecfc46f70fdb231df65f5d2bc0
63bd6f46d6e9858d,paired,,pffft-hybrid-float,core-float,spec012-confirm-03,1,0.7917110916266424,bc98940514c771d372666dda3192ea1bffa433aa6d3412cecad10ea603513a0f,86796059ae1a502c65d040d31ed6d095b66f8cecfc46f70fdb231df65f5d2bc0
63bd6f46d6e9858d,paired,,pffft-hybrid-float,core-float,spec012-confirm-03,2,0.7906323224753228,bc98940514c771d372666dda3192ea1bffa433aa6d3412cecad10ea603513a0f,86796059ae1a502c65d040d31ed6d095b66f8cecfc46f70fdb231df65f5d2bc0
6bd2dfc96908ca3d,paired,,pffft-hybrid-float,pffft-scheduled-batch-float,spec012-confirm-01,0,0.9141482717160826,63840c8d5aad5a13ff8f85d5e8cd30b76c778ca58d05bb7867e237566f75aa5e,95ace4eec5a6118a1e9c479b24777cfa6173fc45a1e1a5cf7db0e2cb152be683
6bd2dfc96908ca3d,paired,,pffft-hybrid-float,pffft-scheduled-batch-float,spec012-confirm-01,1,0.583137079752531,63840c8d5aad5a13ff8f85d5e8cd30b76c778ca58d05bb7867e237566f75aa5e,95ace4eec5a6118a1e9c479b24777cfa6173fc45a1e1a5cf7db0e2cb152be683
6bd2dfc96908ca3d,paired,,pffft-hybrid-float,pffft-scheduled-batch-float,spec012-confirm-01,2,0.9029448307240767,63840c8d5aad5a13ff8f85d5e8cd30b76c778ca58d05bb7867e237566f75aa5e,95ace4eec5a6118a1e9c479b24777cfa6173fc45a1e1a5cf7db0e2cb152be683
6bd2dfc96908ca3d,paired,,pffft-hybrid-float,pffft-scheduled-batch-float,spec012-confirm-02,0,1.288991462483515,63840c8d5aad5a13ff8f85d5e8cd30b76c778ca58d05bb7867e237566f75aa5e,95ace4eec5a6118a1e9c479b24777cfa6173fc45a1e1a5cf7db0e2cb152be683
6bd2dfc96908ca3d,paired,,pffft-hybrid-float,pffft-scheduled-batch-float,spec012-confirm-02,1,0.9107743478006529,63840c8d5aad5a13ff8f85d5e8cd30b76c778ca58d05bb7867e237566f75aa5e,95ace4eec5a6118a1e9c479b24777cfa6173fc45a1e1a5cf7db0e2cb152be683
6bd2dfc96908ca3d,paired,,pffft-hybrid-float,pffft-scheduled-batch-float,spec012-confirm-02,2,0.9226335429838438,63840c8d5aad5a13ff8f85d5e8cd30b76c778ca58d05bb7867e237566f75aa5e,95ace4eec5a6118a1e9c479b24777cfa6173fc45a1e1a5cf7db0e2cb152be683
6bd2dfc96908ca3d,paired,,pffft-hybrid-float,pffft-scheduled-batch-float,spec012-confirm-03,0,0.9079415932088626,63840c8d5aad5a13ff8f85d5e8cd30b76c778ca58d05bb7867e237566f75aa5e,95ace4eec5a6118a1e9c479b24777cfa6173fc45a1e1a5cf7db0e2cb152be683
6bd2dfc96908ca3d,paired,,pffft-hybrid-float,pffft-scheduled-batch-float,spec012-confirm-03,1,1.2865469310698923,63840c8d5aad5a13ff8f85d5e8cd30b76c778ca58d05bb7867e237566f75aa5e,95ace4eec5a6118a1e9c479b24777cfa6173fc45a1e1a5cf7db0e2cb152be683
6bd2dfc96908ca3d,paired,,pffft-hybrid-float,pffft-scheduled-batch-float,spec012-confirm-03,2,0.9078355731303144,63840c8d5aad5a13ff8f85d5e8cd30b76c778ca58d05bb7867e237566f75aa5e,95ace4eec5a6118a1e9c479b24777cfa6173fc45a1e1a5cf7db0e2cb152be683
6bd2dfc96908ca3d,paired,,legacy-incremental-float,legacy-batch-float,spec012-confirm-01,0,0.9794746329344493,fa4c1353ee6a431c09ffdc7bbeabe35a9d6b1609249d52d10f53c2bee5563895,5774d8f21a03c2d22a596d3ed3e057f9af7d9509603f0611f74ac695aa6734d5
6bd2dfc96908ca3d,paired,,legacy-incremental-float,legacy-batch-float,spec012-confirm-01,1,0.97679524365958,fa4c1353ee6a431c09ffdc7bbeabe35a9d6b1609249d52d10f53c2bee5563895,5774d8f21a03c2d22a596d3ed3e057f9af7d9509603f0611f74ac695aa6734d5
6bd2dfc96908ca3d,paired,,legacy-incremental-float,legacy-batch-float,spec012-confirm-01,2,0.9774180133467256,fa4c1353ee6a431c09ffdc7bbeabe35a9d6b1609249d52d10f53c2bee5563895,5774d8f21a03c2d22a596d3ed3e057f9af7d9509603f0611f74ac695aa6734d5
6bd2dfc96908ca3d,paired,,legacy-incremental-float,legacy-batch-float,spec012-confirm-02,0,0.9775890343822258,fa4c1353ee6a431c09ffdc7bbeabe35a9d6b1609249d52d10f53c2bee5563895,5774d8f21a03c2d22a596d3ed3e057f9af7d9509603f0611f74ac695aa6734d5
6bd2dfc96908ca3d,paired,,legacy-incremental-float,legacy-batch-float,spec012-confirm-02,1,1.2291928128856893,fa4c1353ee6a431c09ffdc7bbeabe35a9d6b1609249d52d10f53c2bee5563895,5774d8f21a03c2d22a596d3ed3e057f9af7d9509603f0611f74ac695aa6734d5
6bd2dfc96908ca3d,paired,,legacy-incremental-float,legacy-batch-float,spec012-confirm-02,2,1.009771941793772,fa4c1353ee6a431c09ffdc7bbeabe35a9d6b1609249d52d10f53c2bee5563895,5774d8f21a03c2d22a596d3ed3e057f9af7d9509603f0611f74ac695aa6734d5
6bd2dfc96908ca3d,paired,,legacy-incremental-float,legacy-batch-float,spec012-confirm-03,0,0.9880849276365009,fa4c1353ee6a431c09ffdc7bbeabe35a9d6b1609249d52d10f53c2bee5563895,5774d8f21a03c2d22a596d3ed3e057f9af7d9509603f0611f74ac695aa6734d5
6bd2dfc96908ca3d,paired,,legacy-incremental-float,legacy-batch-float,spec012-confirm-03,1,1.035669109809528,fa4c1353ee6a431c09ffdc7bbeabe35a9d6b1609249d52d10f53c2bee5563895,5774d8f21a03c2d22a596d3ed3e057f9af7d9509603f0611f74ac695aa6734d5
6bd2dfc96908ca3d,paired,,legacy-incremental-float,legacy-batch-float,spec012-confirm-03,2,1.0060110169893572,fa4c1353ee6a431c09ffdc7bbeabe35a9d6b1609249d52d10f53c2bee5563895,5774d8f21a03c2d22a596d3ed3e057f9af7d9509603f0611f74ac695aa6734d5
6bd2dfc96908ca3d,paired,,pffft-hybrid-float,pffft-analysis-float,spec012-confirm-01,0,2.1603938204190922,63840c8d5aad5a13ff8f85d5e8cd30b76c778ca58d05bb7867e237566f75aa5e,b297698a536b98dd75dbc425f5fe7d57886f849c44b6bead23394c19889973f8
6bd2dfc96908ca3d,paired,,pffft-hybrid-float,pffft-analysis-float,spec012-confirm-01,1,2.1424756941846703,63840c8d5aad5a13ff8f85d5e8cd30b76c778ca58d05bb7867e237566f75aa5e,b297698a536b98dd75dbc425f5fe7d57886f849c44b6bead23394c19889973f8
6bd2dfc96908ca3d,paired,,pffft-hybrid-float,pffft-analysis-float,spec012-confirm-01,2,2.0609978388034538,63840c8d5aad5a13ff8f85d5e8cd30b76c778ca58d05bb7867e237566f75aa5e,b297698a536b98dd75dbc425f5fe7d57886f849c44b6bead23394c19889973f8
6bd2dfc96908ca3d,paired,,pffft-hybrid-float,pffft-analysis-float,spec012-confirm-02,0,2.953580000578352,63840c8d5aad5a13ff8f85d5e8cd30b76c778ca58d05bb7867e237566f75aa5e,b297698a536b98dd75dbc425f5fe7d57886f849c44b6bead23394c19889973f8
6bd2dfc96908ca3d,paired,,pffft-hybrid-float,pffft-analysis-float,spec012-confirm-02,1,2.098387771211147,63840c8d5aad5a13ff8f85d5e8cd30b76c778ca58d05bb7867e237566f75aa5e,b297698a536b98dd75dbc425f5fe7d57886f849c44b6bead23394c19889973f8
6bd2dfc96908ca3d,paired,,pffft-hybrid-float,pffft-analysis-float,spec012-confirm-02,2,2.176994504351959,63840c8d5aad5a13ff8f85d5e8cd30b76c778ca58d05bb7867e237566f75aa5e,b297698a536b98dd75dbc425f5fe7d57886f849c44b6bead23394c19889973f8
6bd2dfc96908ca3d,paired,,pffft-hybrid-float,pffft-analysis-float,spec012-confirm-03,0,2.1113800217234417,63840c8d5aad5a13ff8f85d5e8cd30b76c778ca58d05bb7867e237566f75aa5e,b297698a536b98dd75dbc425f5fe7d57886f849c44b6bead23394c19889973f8
6bd2dfc96908ca3d,paired,,pffft-hybrid-float,pffft-analysis-float,spec012-confirm-03,1,2.5795525188471267,63840c8d5aad5a13ff8f85d5e8cd30b76c778ca58d05bb7867e237566f75aa5e,b297698a536b98dd75dbc425f5fe7d57886f849c44b6bead23394c19889973f8
6bd2dfc96908ca3d,paired,,pffft-hybrid-float,pffft-analysis-float,spec012-confirm-03,2,2.143131010385557,63840c8d5aad5a13ff8f85d5e8cd30b76c778ca58d05bb7867e237566f75aa5e,b297698a536b98dd75dbc425f5fe7d57886f849c44b6bead23394c19889973f8
6bd2dfc96908ca3d,paired,,pffft-hybrid-float,core-float,spec012-confirm-01,0,0.8119316495413622,63840c8d5aad5a13ff8f85d5e8cd30b76c778ca58d05bb7867e237566f75aa5e,6f3eb77c9327027269f484b84b4a2bdf63270b45059eb84e3eb8fd38a1a6382b
6bd2dfc96908ca3d,paired,,pffft-hybrid-float,core-float,spec012-confirm-01,1,0.8077389674863102,63840c8d5aad5a13ff8f85d5e8cd30b76c778ca58d05bb7867e237566f75aa5e,6f3eb77c9327027269f484b84b4a2bdf63270b45059eb84e3eb8fd38a1a6382b
6bd2dfc96908ca3d,paired,,pffft-hybrid-float,core-float,spec012-confirm-01,2,0.7963457418098686,63840c8d5aad5a13ff8f85d5e8cd30b76c778ca58d05bb7867e237566f75aa5e,6f3eb77c9327027269f484b84b4a2bdf63270b45059eb84e3eb8fd38a1a6382b
6bd2dfc96908ca3d,paired,,pffft-hybrid-float,core-float,spec012-confirm-02,0,1.137876099786379,63840c8d5aad5a13ff8f85d5e8cd30b76c778ca58d05bb7867e237566f75aa5e,6f3eb77c9327027269f484b84b4a2bdf63270b45059eb84e3eb8fd38a1a6382b
6bd2dfc96908ca3d,paired,,pffft-hybrid-float,core-float,spec012-confirm-02,1,0.7939386387550534,63840c8d5aad5a13ff8f85d5e8cd30b76c778ca58d05bb7867e237566f75aa5e,6f3eb77c9327027269f484b84b4a2bdf63270b45059eb84e3eb8fd38a1a6382b
6bd2dfc96908ca3d,paired,,pffft-hybrid-float,core-float,spec012-confirm-02,2,0.8074693144395667,63840c8d5aad5a13ff8f85d5e8cd30b76c778ca58d05bb7867e237566f75aa5e,6f3eb77c9327027269f484b84b4a2bdf63270b45059eb84e3eb8fd38a1a6382b
6bd2dfc96908ca3d,paired,,pffft-hybrid-float,core-float,spec012-confirm-03,0,0.7912455061029581,63840c8d5aad5a13ff8f85d5e8cd30b76c778ca58d05bb7867e237566f75aa5e,6f3eb77c9327027269f484b84b4a2bdf63270b45059eb84e3eb8fd38a1a6382b
6bd2dfc96908ca3d,paired,,pffft-hybrid-float,core-float,spec012-confirm-03,1,1.1208489737723666,63840c8d5aad5a13ff8f85d5e8cd30b76c778ca58d05bb7867e237566f75aa5e,6f3eb77c9327027269f484b84b4a2bdf63270b45059eb84e3eb8fd38a1a6382b
6bd2dfc96908ca3d,paired,,pffft-hybrid-float,core-float,spec012-confirm-03,2,0.8125890635502989,63840c8d5aad5a13ff8f85d5e8cd30b76c778ca58d05bb7867e237566f75aa5e,6f3eb77c9327027269f484b84b4a2bdf63270b45059eb84e3eb8fd38a1a6382b
7a273b60ee031a06,paired,,pffft-hybrid-float,pffft-scheduled-batch-float,spec012-confirm-01,0,0.8314148258424968,eda49ee6d9e28b338133eda434f7c5b1686a23259b4bf2c6edfd2ad2b17b735f,b9e2204774e98b4118ec20b95181eb55b0740c0fdfe7dc238e1c49fe8779d4ee
7a273b60ee031a06,paired,,pffft-hybrid-float,pffft-scheduled-batch-float,spec012-confirm-01,1,0.9039885344734594,eda49ee6d9e28b338133eda434f7c5b1686a23259b4bf2c6edfd2ad2b17b735f,b9e2204774e98b4118ec20b95181eb55b0740c0fdfe7dc238e1c49fe8779d4ee
7a273b60ee031a06,paired,,pffft-hybrid-float,pffft-scheduled-batch-float,spec012-confirm-01,2,0.8421027751387528,eda49ee6d9e28b338133eda434f7c5b1686a23259b4bf2c6edfd2ad2b17b735f,b9e2204774e98b4118ec20b95181eb55b0740c0fdfe7dc238e1c49fe8779d4ee
7a273b60ee031a06,paired,,pffft-hybrid-float,pffft-scheduled-batch-float,spec012-confirm-02,0,0.8462143340162425,eda49ee6d9e28b338133eda434f7c5b1686a23259b4bf2c6edfd2ad2b17b735f,b9e2204774e98b4118ec20b95181eb55b0740c0fdfe7dc238e1c49fe8779d4ee
7a273b60ee031a06,paired,,pffft-hybrid-float,pffft-scheduled-batch-float,spec012-confirm-02,1,0.8729282050835682,eda49ee6d9e28b338133eda434f7c5b1686a23259b4bf2c6edfd2ad2b17b735f,b9e2204774e98b4118ec20b95181eb55b0740c0fdfe7dc238e1c49fe8779d4ee
7a273b60ee031a06,paired,,pffft-hybrid-float,pffft-scheduled-batch-float,spec012-confirm-02,2,0.9847278021768042,eda49ee6d9e28b338133eda434f7c5b1686a23259b4bf2c6edfd2ad2b17b735f,b9e2204774e98b4118ec20b95181eb55b0740c0fdfe7dc238e1c49fe8779d4ee
7a273b60ee031a06,paired,,pffft-hybrid-float,pffft-scheduled-batch-float,spec012-confirm-03,0,0.7942146797614552,eda49ee6d9e28b338133eda434f7c5b1686a23259b4bf2c6edfd2ad2b17b735f,b9e2204774e98b4118ec20b95181eb55b0740c0fdfe7dc238e1c49fe8779d4ee
7a273b60ee031a06,paired,,pffft-hybrid-float,pffft-scheduled-batch-float,spec012-confirm-03,1,1.0610036221624883,eda49ee6d9e28b338133eda434f7c5b1686a23259b4bf2c6edfd2ad2b17b735f,b9e2204774e98b4118ec20b95181eb55b0740c0fdfe7dc238e1c49fe8779d4ee
7a273b60ee031a06,paired,,pffft-hybrid-float,pffft-scheduled-batch-float,spec012-confirm-03,2,0.9369694912356102,eda49ee6d9e28b338133eda434f7c5b1686a23259b4bf2c6edfd2ad2b17b735f,b9e2204774e98b4118ec20b95181eb55b0740c0fdfe7dc238e1c49fe8779d4ee
7a273b60ee031a06,paired,,legacy-incremental-float,legacy-batch-float,spec012-confirm-01,0,0.9717961656938128,281c4ec0ed70e112997a43a7b2e7f9f4632e5cdfd2624dc227f21ac8edbd7d4b,9f99e479aaedd1629f42936906bea2d7f56fc7cec63f0102c12d784c5623e8f0
7a273b60ee031a06,paired,,legacy-incremental-float,legacy-batch-float,spec012-confirm-01,1,1.0153934568689997,281c4ec0ed70e112997a43a7b2e7f9f4632e5cdfd2624dc227f21ac8edbd7d4b,9f99e479aaedd1629f42936906bea2d7f56fc7cec63f0102c12d784c5623e8f0
7a273b60ee031a06,paired,,legacy-incremental-float,legacy-batch-float,spec012-confirm-01,2,0.9982107365645023,281c4ec0ed70e112997a43a7b2e7f9f4632e5cdfd2624dc227f21ac8edbd7d4b,9f99e479aaedd1629f42936906bea2d7f56fc7cec63f0102c12d784c5623e8f0
7a273b60ee031a06,paired,,legacy-incremental-float,legacy-batch-float,spec012-confirm-02,0,1.0568844107512356,281c4ec0ed70e112997a43a7b2e7f9f4632e5cdfd2624dc227f21ac8edbd7d4b,9f99e479aaedd1629f42936906bea2d7f56fc7cec63f0102c12d784c5623e8f0
7a273b60ee031a06,paired,,legacy-incremental-float,legacy-batch-float,spec012-confirm-02,1,1.0414008399318366,281c4ec0ed70e112997a43a7b2e7f9f4632e5cdfd2624dc227f21ac8edbd7d4b,9f99e479aaedd1629f42936906bea2d7f56fc7cec63f0102c12d784c5623e8f0
7a273b60ee031a06,paired,,legacy-incremental-float,legacy-batch-float,spec012-confirm-02,2,1.0284486230402694,281c4ec0ed70e112997a43a7b2e7f9f4632e5cdfd2624dc227f21ac8edbd7d4b,9f99e479aaedd1629f42936906bea2d7f56fc7cec63f0102c12d784c5623e8f0
7a273b60ee031a06,paired,,legacy-incremental-float,legacy-batch-float,spec012-confirm-03,0,1.0108373575410523,281c4ec0ed70e112997a43a7b2e7f9f4632e5cdfd2624dc227f21ac8edbd7d4b,9f99e479aaedd1629f42936906bea2d7f56fc7cec63f0102c12d784c5623e8f0
7a273b60ee031a06,paired,,legacy-incremental-float,legacy-batch-float,spec012-confirm-03,1,1.0407931518319549,281c4ec0ed70e112997a43a7b2e7f9f4632e5cdfd2624dc227f21ac8edbd7d4b,9f99e479aaedd1629f42936906bea2d7f56fc7cec63f0102c12d784c5623e8f0
7a273b60ee031a06,paired,,legacy-incremental-float,legacy-batch-float,spec012-confirm-03,2,1.1151967272788779,281c4ec0ed70e112997a43a7b2e7f9f4632e5cdfd2624dc227f21ac8edbd7d4b,9f99e479aaedd1629f42936906bea2d7f56fc7cec63f0102c12d784c5623e8f0
7a273b60ee031a06,paired,,pffft-hybrid-float,pffft-analysis-float,spec012-confirm-01,0,1.45579632878383,eda49ee6d9e28b338133eda434f7c5b1686a23259b4bf2c6edfd2ad2b17b735f,f8996c8fbae06c9e7983a3ff78b55e96ce34d7e56f645f3a292e734a4450007f
7a273b60ee031a06,paired,,pffft-hybrid-float,pffft-analysis-float,spec012-confirm-01,1,1.579845839948641,eda49ee6d9e28b338133eda434f7c5b1686a23259b4bf2c6edfd2ad2b17b735f,f8996c8fbae06c9e7983a3ff78b55e96ce34d7e56f645f3a292e734a4450007f
7a273b60ee031a06,paired,,pffft-hybrid-float,pffft-analysis-float,spec012-confirm-01,2,1.6967782849063622,eda49ee6d9e28b338133eda434f7c5b1686a23259b4bf2c6edfd2ad2b17b735f,f8996c8fbae06c9e7983a3ff78b55e96ce34d7e56f645f3a292e734a4450007f
7a273b60ee031a06,paired,,pffft-hybrid-float,pffft-analysis-float,spec012-confirm-02,0,1.5766054488805104,eda49ee6d9e28b338133eda434f7c5b1686a23259b4bf2c6edfd2ad2b17b735f,f8996c8fbae06c9e7983a3ff78b55e96ce34d7e56f645f3a292e734a4450007f
7a273b60ee031a06,paired,,pffft-hybrid-float,pffft-analysis-float,spec012-confirm-02,1,1.6097498928678806,eda49ee6d9e28b338133eda434f7c5b1686a23259b4bf2c6edfd2ad2b17b735f,f8996c8fbae06c9e7983a3ff78b55e96ce34d7e56f645f3a292e734a4450007f
7a273b60ee031a06,paired,,pffft-hybrid-float,pffft-analysis-float,spec012-confirm-02,2,1.7064724132639721,eda49ee6d9e28b338133eda434f7c5b1686a23259b4bf2c6edfd2ad2b17b735f,f8996c8fbae06c9e7983a3ff78b55e96ce34d7e56f645f3a292e734a4450007f
7a273b60ee031a06,paired,,pffft-hybrid-float,pffft-analysis-float,spec012-confirm-03,0,1.526686430844754,eda49ee6d9e28b338133eda434f7c5b1686a23259b4bf2c6edfd2ad2b17b735f,f8996c8fbae06c9e7983a3ff78b55e96ce34d7e56f645f3a292e734a4450007f
7a273b60ee031a06,paired,,pffft-hybrid-float,pffft-analysis-float,spec012-confirm-03,1,1.7107409628857444,eda49ee6d9e28b338133eda434f7c5b1686a23259b4bf2c6edfd2ad2b17b735f,f8996c8fbae06c9e7983a3ff78b55e96ce34d7e56f645f3a292e734a4450007f
7a273b60ee031a06,paired,,pffft-hybrid-float,pffft-analysis-float,spec012-confirm-03,2,1.5375601197504143,eda49ee6d9e28b338133eda434f7c5b1686a23259b4bf2c6edfd2ad2b17b735f,f8996c8fbae06c9e7983a3ff78b55e96ce34d7e56f645f3a292e734a4450007f
7a273b60ee031a06,paired,,pffft-hybrid-float,core-float,spec012-confirm-01,0,0.7396815249273462,eda49ee6d9e28b338133eda434f7c5b1686a23259b4bf2c6edfd2ad2b17b735f,5540608da83cf421d2313f86f63f6f866b76f49633326610834a85ee1640ec8c
7a273b60ee031a06,paired,,pffft-hybrid-float,core-float,spec012-confirm-01,1,0.7204275013384345,eda49ee6d9e28b338133eda434f7c5b1686a23259b4bf2c6edfd2ad2b17b735f,5540608da83cf421d2313f86f63f6f866b76f49633326610834a85ee1640ec8c
7a273b60ee031a06,paired,,pffft-hybrid-float,core-float,spec012-confirm-01,2,0.7388373246209615,eda49ee6d9e28b338133eda434f7c5b1686a23259b4bf2c6edfd2ad2b17b735f,5540608da83cf421d2313f86f63f6f866b76f49633326610834a85ee1640ec8c
7a273b60ee031a06,paired,,pffft-hybrid-float,core-float,spec012-confirm-02,0,0.747621872762311,eda49ee6d9e28b338133eda434f7c5b1686a23259b4bf2c6edfd2ad2b17b735f,5540608da83cf421d2313f86f63f6f866b76f49633326610834a85ee1640ec8c
7a273b60ee031a06,paired,,pffft-hybrid-float,core-float,spec012-confirm-02,1,0.697607734653228,eda49ee6d9e28b338133eda434f7c5b1686a23259b4bf2c6edfd2ad2b17b735f,5540608da83cf421d2313f86f63f6f866b76f49633326610834a85ee1640ec8c
7a273b60ee031a06,paired,,pffft-hybrid-float,core-float,spec012-confirm-02,2,0.7189690315455926,eda49ee6d9e28b338133eda434f7c5b1686a23259b4bf2c6edfd2ad2b17b735f,5540608da83cf421d2313f86f63f6f866b76f49633326610834a85ee1640ec8c
7a273b60ee031a06,paired,,pffft-hybrid-float,core-float,spec012-confirm-03,0,0.7042661050563443,eda49ee6d9e28b338133eda434f7c5b1686a23259b4bf2c6edfd2ad2b17b735f,5540608da83cf421d2313f86f63f6f866b76f49633326610834a85ee1640ec8c
7a273b60ee031a06,paired,,pffft-hybrid-float,core-float,spec012-confirm-03,1,0.8580336061582576,eda49ee6d9e28b338133eda434f7c5b1686a23259b4bf2c6edfd2ad2b17b735f,5540608da83cf421d2313f86f63f6f866b76f49633326610834a85ee1640ec8c
7a273b60ee031a06,paired,,pffft-hybrid-float,core-float,spec012-confirm-03,2,0.8027093295778579,eda49ee6d9e28b338133eda434f7c5b1686a23259b4bf2c6edfd2ad2b17b735f,5540608da83cf421d2313f86f63f6f866b76f49633326610834a85ee1640ec8c
7e21c9971bb74af7,paired,,pffft-hybrid-float,pffft-scheduled-batch-float,spec012-confirm-01,0,0.7732243890181522,4ba46460261cb1959f06f387864dcd5da3342bbb7b6a75173ffaa8da247067cb,7e1628b8645af0b7519c9219c26c95910fea48041bdf629edad106b04020b618
7e21c9971bb74af7,paired,,pffft-hybrid-float,pffft-scheduled-batch-float,spec012-confirm-01,1,0.7830958141455445,4ba46460261cb1959f06f387864dcd5da3342bbb7b6a75173ffaa8da247067cb,7e1628b8645af0b7519c9219c26c95910fea48041bdf629edad106b04020b618
7e21c9971bb74af7,paired,,pffft-hybrid-float,pffft-scheduled-batch-float,spec012-confirm-01,2,0.7695870185688303,4ba46460261cb1959f06f387864dcd5da3342bbb7b6a75173ffaa8da247067cb,7e1628b8645af0b7519c9219c26c95910fea48041bdf629edad106b04020b618
7e21c9971bb74af7,paired,,pffft-hybrid-float,pffft-scheduled-batch-float,spec012-confirm-02,0,0.7771066844764505,4ba46460261cb1959f06f387864dcd5da3342bbb7b6a75173ffaa8da247067cb,7e1628b8645af0b7519c9219c26c95910fea48041bdf629edad106b04020b618
7e21c9971bb74af7,paired,,pffft-hybrid-float,pffft-scheduled-batch-float,spec012-confirm-02,1,0.7799960695004797,4ba46460261cb1959f06f387864dcd5da3342bbb7b6a75173ffaa8da247067cb,7e1628b8645af0b7519c9219c26c95910fea48041bdf629edad106b04020b618
7e21c9971bb74af7,paired,,pffft-hybrid-float,pffft-scheduled-batch-float,spec012-confirm-02,2,0.763626186876768,4ba46460261cb1959f06f387864dcd5da3342bbb7b6a75173ffaa8da247067cb,7e1628b8645af0b7519c9219c26c95910fea48041bdf629edad106b04020b618
7e21c9971bb74af7,paired,,pffft-hybrid-float,pffft-scheduled-batch-float,spec012-confirm-03,0,0.7954191063934284,4ba46460261cb1959f06f387864dcd5da3342bbb7b6a75173ffaa8da247067cb,7e1628b8645af0b7519c9219c26c95910fea48041bdf629edad106b04020b618
7e21c9971bb74af7,paired,,pffft-hybrid-float,pffft-scheduled-batch-float,spec012-confirm-03,1,0.7714877276750302,4ba46460261cb1959f06f387864dcd5da3342bbb7b6a75173ffaa8da247067cb,7e1628b8645af0b7519c9219c26c95910fea48041bdf629edad106b04020b618
7e21c9971bb74af7,paired,,pffft-hybrid-float,pffft-scheduled-batch-float,spec012-confirm-03,2,0.8100593189593717,4ba46460261cb1959f06f387864dcd5da3342bbb7b6a75173ffaa8da247067cb,7e1628b8645af0b7519c9219c26c95910fea48041bdf629edad106b04020b618
7e21c9971bb74af7,paired,,legacy-incremental-float,legacy-batch-float,spec012-confirm-01,0,0.9062726667527796,c2f33515e13bbc255b3aded3e74440855b6e5424324f3cb839df70f626d2dd31,0e3c8ce20bcb751a9626ddaa932c42c58b6e3a40353e9ee8354ff09bf750a70e
7e21c9971bb74af7,paired,,legacy-incremental-float,legacy-batch-float,spec012-confirm-01,1,0.9200578933493965,c2f33515e13bbc255b3aded3e74440855b6e5424324f3cb839df70f626d2dd31,0e3c8ce20bcb751a9626ddaa932c42c58b6e3a40353e9ee8354ff09bf750a70e
7e21c9971bb74af7,paired,,legacy-incremental-float,legacy-batch-float,spec012-confirm-01,2,0.9103145581975025,c2f33515e13bbc255b3aded3e74440855b6e5424324f3cb839df70f626d2dd31,0e3c8ce20bcb751a9626ddaa932c42c58b6e3a40353e9ee8354ff09bf750a70e
7e21c9971bb74af7,paired,,legacy-incremental-float,legacy-batch-float,spec012-confirm-02,0,0.9219584598709073,c2f33515e13bbc255b3aded3e74440855b6e5424324f3cb839df70f626d2dd31,0e3c8ce20bcb751a9626ddaa932c42c58b6e3a40353e9ee8354ff09bf750a70e
7e21c9971bb74af7,paired,,legacy-incremental-float,legacy-batch-float,spec012-confirm-02,1,0.9041228435138509,c2f33515e13bbc255b3aded3e74440855b6e5424324f3cb839df70f626d2dd31,0e3c8ce20bcb751a9626ddaa932c42c58b6e3a40353e9ee8354ff09bf750a70e
7e21c9971bb74af7,paired,,legacy-incremental-float,legacy-batch-float,spec012-confirm-02,2,0.9017723318315986,c2f33515e13bbc255b3aded3e74440855b6e5424324f3cb839df70f626d2dd31,0e3c8ce20bcb751a9626ddaa932c42c58b6e3a40353e9ee8354ff09bf750a70e
7e21c9971bb74af7,paired,,legacy-incremental-float,legacy-batch-float,spec012-confirm-03,0,0.9179231101623255,c2f33515e13bbc255b3aded3e74440855b6e5424324f3cb839df70f626d2dd31,0e3c8ce20bcb751a9626ddaa932c42c58b6e3a40353e9ee8354ff09bf750a70e
7e21c9971bb74af7,paired,,legacy-incremental-float,legacy-batch-float,spec012-confirm-03,1,0.888656209882144,c2f33515e13bbc255b3aded3e74440855b6e5424324f3cb839df70f626d2dd31,0e3c8ce20bcb751a9626ddaa932c42c58b6e3a40353e9ee8354ff09bf750a70e
7e21c9971bb74af7,paired,,legacy-incremental-float,legacy-batch-float,spec012-confirm-03,2,0.8992784958632222,c2f33515e13bbc255b3aded3e74440855b6e5424324f3cb839df70f626d2dd31,0e3c8ce20bcb751a9626ddaa932c42c58b6e3a40353e9ee8354ff09bf750a70e
7e21c9971bb74af7,paired,,pffft-hybrid-float,pffft-analysis-float,spec012-confirm-01,0,1.6198996526977072,4ba46460261cb1959f06f387864dcd5da3342bbb7b6a75173ffaa8da247067cb,7920e99ba4bfd79a4db31a14bc7f395df68d9fe52fe98a8731258dccf7bbc7f4
7e21c9971bb74af7,paired,,pffft-hybrid-float,pffft-analysis-float,spec012-confirm-01,1,1.6400390784485273,4ba46460261cb1959f06f387864dcd5da3342bbb7b6a75173ffaa8da247067cb,7920e99ba4bfd79a4db31a14bc7f395df68d9fe52fe98a8731258dccf7bbc7f4
7e21c9971bb74af7,paired,,pffft-hybrid-float,pffft-analysis-float,spec012-confirm-01,2,1.6149515152856864,4ba46460261cb1959f06f387864dcd5da3342bbb7b6a75173ffaa8da247067cb,7920e99ba4bfd79a4db31a14bc7f395df68d9fe52fe98a8731258dccf7bbc7f4
7e21c9971bb74af7,paired,,pffft-hybrid-float,pffft-analysis-float,spec012-confirm-02,0,1.5948240599536567,4ba46460261cb1959f06f387864dcd5da3342bbb7b6a75173ffaa8da247067cb,7920e99ba4bfd79a4db31a14bc7f395df68d9fe52fe98a8731258dccf7bbc7f4
7e21c9971bb74af7,paired,,pffft-hybrid-float,pffft-analysis-float,spec012-confirm-02,1,1.6086339047537668,4ba46460261cb1959f06f387864dcd5da3342bbb7b6a75173ffaa8da247067cb,7920e99ba4bfd79a4db31a14bc7f395df68d9fe52fe98a8731258dccf7bbc7f4
7e21c9971bb74af7,paired,,pffft-hybrid-float,pffft-analysis-float,spec012-confirm-02,2,1.4345449426219017,4ba46460261cb1959f06f387864dcd5da3342bbb7b6a75173ffaa8da247067cb,7920e99ba4bfd79a4db31a14bc7f395df68d9fe52fe98a8731258dccf7bbc7f4
7e21c9971bb74af7,paired,,pffft-hybrid-float,pffft-analysis-float,spec012-confirm-03,0,1.6344723303274797,4ba46460261cb1959f06f387864dcd5da3342bbb7b6a75173ffaa8da247067cb,7920e99ba4bfd79a4db31a14bc7f395df68d9fe52fe98a8731258dccf7bbc7f4
7e21c9971bb74af7,paired,,pffft-hybrid-float,pffft-analysis-float,spec012-confirm-03,1,1.6210483299837306,4ba46460261cb1959f06f387864dcd5da3342bbb7b6a75173ffaa8da247067cb,7920e99ba4bfd79a4db31a14bc7f395df68d9fe52fe98a8731258dccf7bbc7f4
7e21c9971bb74af7,paired,,pffft-hybrid-float,pffft-analysis-float,spec012-confirm-03,2,1.7117946274462137,4ba46460261cb1959f06f387864dcd5da3342bbb7b6a75173ffaa8da247067cb,7920e99ba4bfd79a4db31a14bc7f395df68d9fe52fe98a8731258dccf7bbc7f4
7e21c9971bb74af7,paired,,pffft-hybrid-float,core-float,spec012-confirm-01,0,0.7850750831971213,4ba46460261cb1959f06f387864dcd5da3342bbb7b6a75173ffaa8da247067cb,4b6b370efa44d7ae4dd53aac78ff9de4fe64fe70d367d1e2e0dabf619addd92f
7e21c9971bb74af7,paired,,pffft-hybrid-float,core-float,spec012-confirm-01,1,0.7929661876837641,4ba46460261cb1959f06f387864dcd5da3342bbb7b6a75173ffaa8da247067cb,4b6b370efa44d7ae4dd53aac78ff9de4fe64fe70d367d1e2e0dabf619addd92f
7e21c9971bb74af7,paired,,pffft-hybrid-float,core-float,spec012-confirm-01,2,0.7793809600168394,4ba46460261cb1959f06f387864dcd5da3342bbb7b6a75173ffaa8da247067cb,4b6b370efa44d7ae4dd53aac78ff9de4fe64fe70d367d1e2e0dabf619addd92f
7e21c9971bb74af7,paired,,pffft-hybrid-float,core-float,spec012-confirm-02,0,0.761599581094618,4ba46460261cb1959f06f387864dcd5da3342bbb7b6a75173ffaa8da247067cb,4b6b370efa44d7ae4dd53aac78ff9de4fe64fe70d367d1e2e0dabf619addd92f
7e21c9971bb74af7,paired,,pffft-hybrid-float,core-float,spec012-confirm-02,1,0.7855690024195786,4ba46460261cb1959f06f387864dcd5da3342bbb7b6a75173ffaa8da247067cb,4b6b370efa44d7ae4dd53aac78ff9de4fe64fe70d367d1e2e0dabf619addd92f
7e21c9971bb74af7,paired,,pffft-hybrid-float,core-float,spec012-confirm-02,2,0.7802760781037903,4ba46460261cb1959f06f387864dcd5da3342bbb7b6a75173ffaa8da247067cb,4b6b370efa44d7ae4dd53aac78ff9de4fe64fe70d367d1e2e0dabf619addd92f
7e21c9971bb74af7,paired,,pffft-hybrid-float,core-float,spec012-confirm-03,0,0.7983941392620756,4ba46460261cb1959f06f387864dcd5da3342bbb7b6a75173ffaa8da247067cb,4b6b370efa44d7ae4dd53aac78ff9de4fe64fe70d367d1e2e0dabf619addd92f
7e21c9971bb74af7,paired,,pffft-hybrid-float,core-float,spec012-confirm-03,1,0.7915355683499309,4ba46460261cb1959f06f387864dcd5da3342bbb7b6a75173ffaa8da247067cb,4b6b370efa44d7ae4dd53aac78ff9de4fe64fe70d367d1e2e0dabf619addd92f
7e21c9971bb74af7,paired,,pffft-hybrid-float,core-float,spec012-confirm-03,2,0.81339677368707,4ba46460261cb1959f06f387864dcd5da3342bbb7b6a75173ffaa8da247067cb,4b6b370efa44d7ae4dd53aac78ff9de4fe64fe70d367d1e2e0dabf619addd92f
809e5a5735994109,paired,,pffft-hybrid-float,pffft-scheduled-batch-float,spec012-confirm-01,0,0.7827468242747199,4f1ebcce77922c64c5364269cb8357a7cba27fe3cbb24df45aadb6da49df8cc3,388b2a37a7673d865c896b2e7c53646b9a2f86b6e78e009a64516ffc8d63825a
809e5a5735994109,paired,,pffft-hybrid-float,pffft-scheduled-batch-float,spec012-confirm-01,1,0.7846037464427149,4f1ebcce77922c64c5364269cb8357a7cba27fe3cbb24df45aadb6da49df8cc3,388b2a37a7673d865c896b2e7c53646b9a2f86b6e78e009a64516ffc8d63825a
809e5a5735994109,paired,,pffft-hybrid-float,pffft-scheduled-batch-float,spec012-confirm-01,2,0.7783043976904032,4f1ebcce77922c64c5364269cb8357a7cba27fe3cbb24df45aadb6da49df8cc3,388b2a37a7673d865c896b2e7c53646b9a2f86b6e78e009a64516ffc8d63825a
809e5a5735994109,paired,,pffft-hybrid-float,pffft-scheduled-batch-float,spec012-confirm-02,0,0.7845677960181627,4f1ebcce77922c64c5364269cb8357a7cba27fe3cbb24df45aadb6da49df8cc3,388b2a37a7673d865c896b2e7c53646b9a2f86b6e78e009a64516ffc8d63825a
809e5a5735994109,paired,,pffft-hybrid-float,pffft-scheduled-batch-float,spec012-confirm-02,1,0.7858322021982563,4f1ebcce77922c64c5364269cb8357a7cba27fe3cbb24df45aadb6da49df8cc3,388b2a37a7673d865c896b2e7c53646b9a2f86b6e78e009a64516ffc8d63825a
809e5a5735994109,paired,,pffft-hybrid-float,pffft-scheduled-batch-float,spec012-confirm-02,2,0.7849343882337171,4f1ebcce77922c64c5364269cb8357a7cba27fe3cbb24df45aadb6da49df8cc3,388b2a37a7673d865c896b2e7c53646b9a2f86b6e78e009a64516ffc8d63825a
809e5a5735994109,paired,,pffft-hybrid-float,pffft-scheduled-batch-float,spec012-confirm-03,0,0.7586440491010799,4f1ebcce77922c64c5364269cb8357a7cba27fe3cbb24df45aadb6da49df8cc3,388b2a37a7673d865c896b2e7c53646b9a2f86b6e78e009a64516ffc8d63825a
809e5a5735994109,paired,,pffft-hybrid-float,pffft-scheduled-batch-float,spec012-confirm-03,1,0.7608332166457094,4f1ebcce77922c64c5364269cb8357a7cba27fe3cbb24df45aadb6da49df8cc3,388b2a37a7673d865c896b2e7c53646b9a2f86b6e78e009a64516ffc8d63825a
809e5a5735994109,paired,,pffft-hybrid-float,pffft-scheduled-batch-float,spec012-confirm-03,2,0.7724594822643908,4f1ebcce77922c64c5364269cb8357a7cba27fe3cbb24df45aadb6da49df8cc3,388b2a37a7673d865c896b2e7c53646b9a2f86b6e78e009a64516ffc8d63825a
809e5a5735994109,paired,,legacy-incremental-float,legacy-batch-float,spec012-confirm-01,0,0.9148098976072442,bf86cb9e020ef5d055b068aad36f5d5390bc7a8c923b82b14cdd650de74dae44,b78132c9d335cd1f49c015493db797103f4be9d3e7894e92ef3dd48919f701f1
809e5a5735994109,paired,,legacy-incremental-float,legacy-batch-float,spec012-confirm-01,1,0.9256650323964878,bf86cb9e020ef5d055b068aad36f5d5390bc7a8c923b82b14cdd650de74dae44,b78132c9d335cd1f49c015493db797103f4be9d3e7894e92ef3dd48919f701f1
809e5a5735994109,paired,,legacy-incremental-float,legacy-batch-float,spec012-confirm-01,2,0.9113295864222192,bf86cb9e020ef5d055b068aad36f5d5390bc7a8c923b82b14cdd650de74dae44,b78132c9d335cd1f49c015493db797103f4be9d3e7894e92ef3dd48919f701f1
809e5a5735994109,paired,,legacy-incremental-float,legacy-batch-float,spec012-confirm-02,0,0.9031150931123656,bf86cb9e020ef5d055b068aad36f5d5390bc7a8c923b82b14cdd650de74dae44,b78132c9d335cd1f49c015493db797103f4be9d3e7894e92ef3dd48919f701f1
809e5a5735994109,paired,,legacy-incremental-float,legacy-batch-float,spec012-confirm-02,1,0.955618694095847,bf86cb9e020ef5d055b068aad36f5d5390bc7a8c923b82b14cdd650de74dae44,b78132c9d335cd1f49c015493db797103f4be9d3e7894e92ef3dd48919f701f1
809e5a5735994109,paired,,legacy-incremental-float,legacy-batch-float,spec012-confirm-02,2,0.9241152893838354,bf86cb9e020ef5d055b068aad36f5d5390bc7a8c923b82b14cdd650de74dae44,b78132c9d335cd1f49c015493db797103f4be9d3e7894e92ef3dd48919f701f1
809e5a5735994109,paired,,legacy-incremental-float,legacy-batch-float,spec012-confirm-03,0,0.9213749701855708,bf86cb9e020ef5d055b068aad36f5d5390bc7a8c923b82b14cdd650de74dae44,b78132c9d335cd1f49c015493db797103f4be9d3e7894e92ef3dd48919f701f1
809e5a5735994109,paired,,legacy-incremental-float,legacy-batch-float,spec012-confirm-03,1,0.8863815456900196,bf86cb9e020ef5d055b068aad36f5d5390bc7a8c923b82b14cdd650de74dae44,b78132c9d335cd1f49c015493db797103f4be9d3e7894e92ef3dd48919f701f1
809e5a5735994109,paired,,legacy-incremental-float,legacy-batch-float,spec012-confirm-03,2,0.8966656638564804,bf86cb9e020ef5d055b068aad36f5d5390bc7a8c923b82b14cdd650de74dae44,b78132c9d335cd1f49c015493db797103f4be9d3e7894e92ef3dd48919f701f1
809e5a5735994109,paired,,pffft-hybrid-float,pffft-analysis-float,spec012-confirm-01,0,1.6141706172142485,4f1ebcce77922c64c5364269cb8357a7cba27fe3cbb24df45aadb6da49df8cc3,b1eec6a6ac2570279f0f624e7778a0c4fd204c451070519160fd5c7544f4ad5e
809e5a5735994109,paired,,pffft-hybrid-float,pffft-analysis-float,spec012-confirm-01,1,1.606344700007485,4f1ebcce77922c64c5364269cb8357a7cba27fe3cbb24df45aadb6da49df8cc3,b1eec6a6ac2570279f0f624e7778a0c4fd204c451070519160fd5c7544f4ad5e
809e5a5735994109,paired,,pffft-hybrid-float,pffft-analysis-float,spec012-confirm-01,2,1.581377399022686,4f1ebcce77922c64c5364269cb8357a7cba27fe3cbb24df45aadb6da49df8cc3,b1eec6a6ac2570279f0f624e7778a0c4fd204c451070519160fd5c7544f4ad5e
809e5a5735994109,paired,,pffft-hybrid-float,pffft-analysis-float,spec012-confirm-02,0,1.511395328181899,4f1ebcce77922c64c5364269cb8357a7cba27fe3cbb24df45aadb6da49df8cc3,b1eec6a6ac2570279f0f624e7778a0c4fd204c451070519160fd5c7544f4ad5e
809e5a5735994109,paired,,pffft-hybrid-float,pffft-analysis-float,spec012-confirm-02,1,1.581506439170787,4f1ebcce77922c64c5364269cb8357a7cba27fe3cbb24df45aadb6da49df8cc3,b1eec6a6ac2570279f0f624e7778a0c4fd204c451070519160fd5c7544f4ad5e
809e5a5735994109,paired,,pffft-hybrid-float,pffft-analysis-float,spec012-confirm-02,2,1.6352792230897761,4f1ebcce77922c64c5364269cb8357a7cba27fe3cbb24df45aadb6da49df8cc3,b1eec6a6ac2570279f0f624e7778a0c4fd204c451070519160fd5c7544f4ad5e
809e5a5735994109,paired,,pffft-hybrid-float,pffft-analysis-float,spec012-confirm-03,0,1.571170823201248,4f1ebcce77922c64c5364269cb8357a7cba27fe3cbb24df45aadb6da49df8cc3,b1eec6a6ac2570279f0f624e7778a0c4fd204c451070519160fd5c7544f4ad5e
809e5a5735994109,paired,,pffft-hybrid-float,pffft-analysis-float,spec012-confirm-03,1,1.6331945527159921,4f1ebcce77922c64c5364269cb8357a7cba27fe3cbb24df45aadb6da49df8cc3,b1eec6a6ac2570279f0f624e7778a0c4fd204c451070519160fd5c7544f4ad5e
809e5a5735994109,paired,,pffft-hybrid-float,pffft-analysis-float,spec012-confirm-03,2,1.60795714356795,4f1ebcce77922c64c5364269cb8357a7cba27fe3cbb24df45aadb6da49df8cc3,b1eec6a6ac2570279f0f624e7778a0c4fd204c451070519160fd5c7544f4ad5e
809e5a5735994109,paired,,pffft-hybrid-float,core-float,spec012-confirm-01,0,0.7904539209000174,4f1ebcce77922c64c5364269cb8357a7cba27fe3cbb24df45aadb6da49df8cc3,44781031b278b547cedce015394bf45caa0e9c0128afcf1805e4fde6e0544019
809e5a5735994109,paired,,pffft-hybrid-float,core-float,spec012-confirm-01,1,0.7908499945522028,4f1ebcce77922c64c5364269cb8357a7cba27fe3cbb24df45aadb6da49df8cc3,44781031b278b547cedce015394bf45caa0e9c0128afcf1805e4fde6e0544019
809e5a5735994109,paired,,pffft-hybrid-float,core-float,spec012-confirm-01,2,0.7863059085971924,4f1ebcce77922c64c5364269cb8357a7cba27fe3cbb24df45aadb6da49df8cc3,44781031b278b547cedce015394bf45caa0e9c0128afcf1805e4fde6e0544019
809e5a5735994109,paired,,pffft-hybrid-float,core-float,spec012-confirm-02,0,0.746948250479251,4f1ebcce77922c64c5364269cb8357a7cba27fe3cbb24df45aadb6da49df8cc3,44781031b278b547cedce015394bf45caa0e9c0128afcf1805e4fde6e0544019
809e5a5735994109,paired,,pffft-hybrid-float,core-float,spec012-confirm-02,1,0.7856473882107943,4f1ebcce77922c64c5364269cb8357a7cba27fe3cbb24df45aadb6da49df8cc3,44781031b278b547cedce015394bf45caa0e9c0128afcf1805e4fde6e0544019
809e5a5735994109,paired,,pffft-hybrid-float,core-float,spec012-confirm-02,2,0.8085959772108897,4f1ebcce77922c64c5364269cb8357a7cba27fe3cbb24df45aadb6da49df8cc3,44781031b278b547cedce015394bf45caa0e9c0128afcf1805e4fde6e0544019
809e5a5735994109,paired,,pffft-hybrid-float,core-float,spec012-confirm-03,0,0.7812651361490919,4f1ebcce77922c64c5364269cb8357a7cba27fe3cbb24df45aadb6da49df8cc3,44781031b278b547cedce015394bf45caa0e9c0128afcf1805e4fde6e0544019
809e5a5735994109,paired,,pffft-hybrid-float,core-float,spec012-confirm-03,1,0.8020758466699536,4f1ebcce77922c64c5364269cb8357a7cba27fe3cbb24df45aadb6da49df8cc3,44781031b278b547cedce015394bf45caa0e9c0128afcf1805e4fde6e0544019
809e5a5735994109,paired,,pffft-hybrid-float,core-float,spec012-confirm-03,2,0.7937943490270766,4f1ebcce77922c64c5364269cb8357a7cba27fe3cbb24df45aadb6da49df8cc3,44781031b278b547cedce015394bf45caa0e9c0128afcf1805e4fde6e0544019
82f8095f1dd57476,paired,,pffft-hybrid-float,pffft-scheduled-batch-float,spec012-confirm-01,0,0.9895947060832632,a9ec168ee85d6c3683a3e9acb7d2ce347790fb495320c23b6911533afe6d2472,d413a40d0fd305806c262a356de39ac4330e1d005a024a2a191d059457f1665c
82f8095f1dd57476,paired,,pffft-hybrid-float,pffft-scheduled-batch-float,spec012-confirm-01,1,1.0077881205776247,a9ec168ee85d6c3683a3e9acb7d2ce347790fb495320c23b6911533afe6d2472,d413a40d0fd305806c262a356de39ac4330e1d005a024a2a191d059457f1665c
82f8095f1dd57476,paired,,pffft-hybrid-float,pffft-scheduled-batch-float,spec012-confirm-01,2,1.0027379296882586,a9ec168ee85d6c3683a3e9acb7d2ce347790fb495320c23b6911533afe6d2472,d413a40d0fd305806c262a356de39ac4330e1d005a024a2a191d059457f1665c
82f8095f1dd57476,paired,,pffft-hybrid-float,pffft-scheduled-batch-float,spec012-confirm-02,0,0.998991205630556,a9ec168ee85d6c3683a3e9acb7d2ce347790fb495320c23b6911533afe6d2472,d413a40d0fd305806c262a356de39ac4330e1d005a024a2a191d059457f1665c
82f8095f1dd57476,paired,,pffft-hybrid-float,pffft-scheduled-batch-float,spec012-confirm-02,1,0.9960947871198065,a9ec168ee85d6c3683a3e9acb7d2ce347790fb495320c23b6911533afe6d2472,d413a40d0fd305806c262a356de39ac4330e1d005a024a2a191d059457f1665c
82f8095f1dd57476,paired,,pffft-hybrid-float,pffft-scheduled-batch-float,spec012-confirm-02,2,0.9866652708537282,a9ec168ee85d6c3683a3e9acb7d2ce347790fb495320c23b6911533afe6d2472,d413a40d0fd305806c262a356de39ac4330e1d005a024a2a191d059457f1665c
82f8095f1dd57476,paired,,pffft-hybrid-float,pffft-scheduled-batch-float,spec012-confirm-03,0,0.9796368253930204,a9ec168ee85d6c3683a3e9acb7d2ce347790fb495320c23b6911533afe6d2472,d413a40d0fd305806c262a356de39ac4330e1d005a024a2a191d059457f1665c
82f8095f1dd57476,paired,,pffft-hybrid-float,pffft-scheduled-batch-float,spec012-confirm-03,1,0.9730965470690545,a9ec168ee85d6c3683a3e9acb7d2ce347790fb495320c23b6911533afe6d2472,d413a40d0fd305806c262a356de39ac4330e1d005a024a2a191d059457f1665c
82f8095f1dd57476,paired,,pffft-hybrid-float,pffft-scheduled-batch-float,spec012-confirm-03,2,0.5587735358289188,a9ec168ee85d6c3683a3e9acb7d2ce347790fb495320c23b6911533afe6d2472,d413a40d0fd305806c262a356de39ac4330e1d005a024a2a191d059457f1665c
82f8095f1dd57476,paired,,legacy-incremental-float,legacy-batch-float,spec012-confirm-01,0,0.9772548534647651,dd7568f633378c6c1db364eb2122518f409121684ed7b137261b22c39ce09a18,eeffe55e52789fec5635d83555722dc920773e972732c9d9f6d396869092983f
82f8095f1dd57476,paired,,legacy-incremental-float,legacy-batch-float,spec012-confirm-01,1,0.9752102330276596,dd7568f633378c6c1db364eb2122518f409121684ed7b137261b22c39ce09a18,eeffe55e52789fec5635d83555722dc920773e972732c9d9f6d396869092983f
82f8095f1dd57476,paired,,legacy-incremental-float,legacy-batch-float,spec012-confirm-01,2,0.9752890082557049,dd7568f633378c6c1db364eb2122518f409121684ed7b137261b22c39ce09a18,eeffe55e52789fec5635d83555722dc920773e972732c9d9f6d396869092983f
82f8095f1dd57476,paired,,legacy-incremental-float,legacy-batch-float,spec012-confirm-02,0,0.9708637398372651,dd7568f633378c6c1db364eb2122518f409121684ed7b137261b22c39ce09a18,eeffe55e52789fec5635d83555722dc920773e972732c9d9f6d396869092983f
82f8095f1dd57476,paired,,legacy-incremental-float,legacy-batch-float,spec012-confirm-02,1,0.9662916600762687,dd7568f633378c6c1db364eb2122518f409121684ed7b137261b22c39ce09a18,eeffe55e52789fec5635d83555722dc920773e972732c9d9f6d396869092983f
82f8095f1dd57476,paired,,legacy-incremental-float,legacy-batch-float,spec012-confirm-02,2,0.972235692038852,dd7568f633378c6c1db364eb2122518f409121684ed7b137261b22c39ce09a18,eeffe55e52789fec5635d83555722dc920773e972732c9d9f6d396869092983f
82f8095f1dd57476,paired,,legacy-incremental-float,legacy-batch-float,spec012-confirm-03,0,0.9551354787697333,dd7568f633378c6c1db364eb2122518f409121684ed7b137261b22c39ce09a18,eeffe55e52789fec5635d83555722dc920773e972732c9d9f6d396869092983f
82f8095f1dd57476,paired,,legacy-incremental-float,legacy-batch-float,spec012-confirm-03,1,0.9884694230988369,dd7568f633378c6c1db364eb2122518f409121684ed7b137261b22c39ce09a18,eeffe55e52789fec5635d83555722dc920773e972732c9d9f6d396869092983f
82f8095f1dd57476,paired,,legacy-incremental-float,legacy-batch-float,spec012-confirm-03,2,0.9648713066478368,dd7568f633378c6c1db364eb2122518f409121684ed7b137261b22c39ce09a18,eeffe55e52789fec5635d83555722dc920773e972732c9d9f6d396869092983f
82f8095f1dd57476,paired,,pffft-hybrid-float,pffft-analysis-float,spec012-confirm-01,0,1.4081304662499539,a9ec168ee85d6c3683a3e9acb7d2ce347790fb495320c23b6911533afe6d2472,7dba9c59bff6c14058b4957187b1cb9a4ca0b353d8176f2f8ab397d0b65c4a40
82f8095f1dd57476,paired,,pffft-hybrid-float,pffft-analysis-float,spec012-confirm-01,1,1.4543101535525393,a9ec168ee85d6c3683a3e9acb7d2ce347790fb495320c23b6911533afe6d2472,7dba9c59bff6c14058b4957187b1cb9a4ca0b353d8176f2f8ab397d0b65c4a40
82f8095f1dd57476,paired,,pffft-hybrid-float,pffft-analysis-float,spec012-confirm-01,2,1.4556339842064905,a9ec168ee85d6c3683a3e9acb7d2ce347790fb495320c23b6911533afe6d2472,7dba9c59bff6c14058b4957187b1cb9a4ca0b353d8176f2f8ab397d0b65c4a40
82f8095f1dd57476,paired,,pffft-hybrid-float,pffft-analysis-float,spec012-confirm-02,0,1.3828639863474659,a9ec168ee85d6c3683a3e9acb7d2ce347790fb495320c23b6911533afe6d2472,7dba9c59bff6c14058b4957187b1cb9a4ca0b353d8176f2f8ab397d0b65c4a40
82f8095f1dd57476,paired,,pffft-hybrid-float,pffft-analysis-float,spec012-confirm-02,1,1.3805326039824755,a9ec168ee85d6c3683a3e9acb7d2ce347790fb495320c23b6911533afe6d2472,7dba9c59bff6c14058b4957187b1cb9a4ca0b353d8176f2f8ab397d0b65c4a40
82f8095f1dd57476,paired,,pffft-hybrid-float,pffft-analysis-float,spec012-confirm-02,2,1.3531104175867688,a9ec168ee85d6c3683a3e9acb7d2ce347790fb495320c23b6911533afe6d2472,7dba9c59bff6c14058b4957187b1cb9a4ca0b353d8176f2f8ab397d0b65c4a40
82f8095f1dd57476,paired,,pffft-hybrid-float,pffft-analysis-float,spec012-confirm-03,0,1.156411504390543,a9ec168ee85d6c3683a3e9acb7d2ce347790fb495320c23b6911533afe6d2472,7dba9c59bff6c14058b4957187b1cb9a4ca0b353d8176f2f8ab397d0b65c4a40
82f8095f1dd57476,paired,,pffft-hybrid-float,pffft-analysis-float,spec012-confirm-03,1,1.4175340260107423,a9ec168ee85d6c3683a3e9acb7d2ce347790fb495320c23b6911533afe6d2472,7dba9c59bff6c14058b4957187b1cb9a4ca0b353d8176f2f8ab397d0b65c4a40
82f8095f1dd57476,paired,,pffft-hybrid-float,pffft-analysis-float,spec012-confirm-03,2,1.4840301788633286,a9ec168ee85d6c3683a3e9acb7d2ce347790fb495320c23b6911533afe6d2472,7dba9c59bff6c14058b4957187b1cb9a4ca0b353d8176f2f8ab397d0b65c4a40
82f8095f1dd57476,paired,,pffft-hybrid-float,core-float,spec012-confirm-01,0,0.8118331772451617,a9ec168ee85d6c3683a3e9acb7d2ce347790fb495320c23b6911533afe6d2472,c98e5838fbc20507e8f887e7bac948e62bd8a7949985e0afaf17534640ad5c06
82f8095f1dd57476,paired,,pffft-hybrid-float,core-float,spec012-confirm-01,1,0.8103161306590974,a9ec168ee85d6c3683a3e9acb7d2ce347790fb495320c23b6911533afe6d2472,c98e5838fbc20507e8f887e7bac948e62bd8a7949985e0afaf17534640ad5c06
82f8095f1dd57476,paired,,pffft-hybrid-float,core-float,spec012-confirm-01,2,0.8304087710076665,a9ec168ee85d6c3683a3e9acb7d2ce347790fb495320c23b6911533afe6d2472,c98e5838fbc20507e8f887e7bac948e62bd8a7949985e0afaf17534640ad5c06
82f8095f1dd57476,paired,,pffft-hybrid-float,core-float,spec012-confirm-02,0,0.8107789155213633,a9ec168ee85d6c3683a3e9acb7d2ce347790fb495320c23b6911533afe6d2472,c98e5838fbc20507e8f887e7bac948e62bd8a7949985e0afaf17534640ad5c06
82f8095f1dd57476,paired,,pffft-hybrid-float,core-float,spec012-confirm-02,1,0.814976766287311,a9ec168ee85d6c3683a3e9acb7d2ce347790fb495320c23b6911533afe6d2472,c98e5838fbc20507e8f887e7bac948e62bd8a7949985e0afaf17534640ad5c06
82f8095f1dd57476,paired,,pffft-hybrid-float,core-float,spec012-confirm-02,2,0.814039780226313,a9ec168ee85d6c3683a3e9acb7d2ce347790fb495320c23b6911533afe6d2472,c98e5838fbc20507e8f887e7bac948e62bd8a7949985e0afaf17534640ad5c06
82f8095f1dd57476,paired,,pffft-hybrid-float,core-float,spec012-confirm-03,0,0.7883630366760053,a9ec168ee85d6c3683a3e9acb7d2ce347790fb495320c23b6911533afe6d2472,c98e5838fbc20507e8f887e7bac948e62bd8a7949985e0afaf17534640ad5c06
82f8095f1dd57476,paired,,pffft-hybrid-float,core-float,spec012-confirm-03,1,0.7955690201848018,a9ec168ee85d6c3683a3e9acb7d2ce347790fb495320c23b6911533afe6d2472,c98e5838fbc20507e8f887e7bac948e62bd8a7949985e0afaf17534640ad5c06
82f8095f1dd57476,paired,,pffft-hybrid-float,core-float,spec012-confirm-03,2,0.8166656234048909,a9ec168ee85d6c3683a3e9acb7d2ce347790fb495320c23b6911533afe6d2472,c98e5838fbc20507e8f887e7bac948e62bd8a7949985e0afaf17534640ad5c06
952e85f4120b7fb7,paired,,pffft-hybrid-float,pffft-scheduled-batch-float,spec012-confirm-01,0,0.8841402410377622,e562bd8708d807bbd1e1fd04028864d689dc4f4e153498d266061d152b6aca13,18443a7dbdbdf2d0e222d39bad26de5d7554ea7d7304307c0d4d823e86193cf5
952e85f4120b7fb7,paired,,pffft-hybrid-float,pffft-scheduled-batch-float,spec012-confirm-01,1,0.8809557098542279,e562bd8708d807bbd1e1fd04028864d689dc4f4e153498d266061d152b6aca13,18443a7dbdbdf2d0e222d39bad26de5d7554ea7d7304307c0d4d823e86193cf5
952e85f4120b7fb7,paired,,pffft-hybrid-float,pffft-scheduled-batch-float,spec012-confirm-01,2,0.8750296555653473,e562bd8708d807bbd1e1fd04028864d689dc4f4e153498d266061d152b6aca13,18443a7dbdbdf2d0e222d39bad26de5d7554ea7d7304307c0d4d823e86193cf5
952e85f4120b7fb7,paired,,pffft-hybrid-float,pffft-scheduled-batch-float,spec012-confirm-02,0,0.9075137738948557,e562bd8708d807bbd1e1fd04028864d689dc4f4e153498d266061d152b6aca13,18443a7dbdbdf2d0e222d39bad26de5d7554ea7d7304307c0d4d823e86193cf5
952e85f4120b7fb7,paired,,pffft-hybrid-float,pffft-scheduled-batch-float,spec012-confirm-02,1,0.9008615313730085,e562bd8708d807bbd1e1fd04028864d689dc4f4e153498d266061d152b6aca13,18443a7dbdbdf2d0e222d39bad26de5d7554ea7d7304307c0d4d823e86193cf5
952e85f4120b7fb7,paired,,pffft-hybrid-float,pffft-scheduled-batch-float,spec012-confirm-02,2,0.8715237204506264,e562bd8708d807bbd1e1fd04028864d689dc4f4e153498d266061d152b6aca13,18443a7dbdbdf2d0e222d39bad26de5d7554ea7d7304307c0d4d823e86193cf5
952e85f4120b7fb7,paired,,pffft-hybrid-float,pffft-scheduled-batch-float,spec012-confirm-03,0,0.9276284733027786,e562bd8708d807bbd1e1fd04028864d689dc4f4e153498d266061d152b6aca13,18443a7dbdbdf2d0e222d39bad26de5d7554ea7d7304307c0d4d823e86193cf5
952e85f4120b7fb7,paired,,pffft-hybrid-float,pffft-scheduled-batch-float,spec012-confirm-03,1,0.8611634308758155,e562bd8708d807bbd1e1fd04028864d689dc4f4e153498d266061d152b6aca13,18443a7dbdbdf2d0e222d39bad26de5d7554ea7d7304307c0d4d823e86193cf5
952e85f4120b7fb7,paired,,pffft-hybrid-float,pffft-scheduled-batch-float,spec012-confirm-03,2,0.9200461031858184,e562bd8708d807bbd1e1fd04028864d689dc4f4e153498d266061d152b6aca13,18443a7dbdbdf2d0e222d39bad26de5d7554ea7d7304307c0d4d823e86193cf5
952e85f4120b7fb7,paired,,legacy-incremental-float,legacy-batch-float,spec012-confirm-01,0,0.9869210212695853,0d49e104da9838319acca04e04363e811365be0ddd269fefa0f5f1beeebadad5,3f755635e63ed48d8fb891b6e99a6227a4fdf56d5b254bcd32f24982e9727c85
952e85f4120b7fb7,paired,,legacy-incremental-float,legacy-batch-float,spec012-confirm-01,1,1.009090861997053,0d49e104da9838319acca04e04363e811365be0ddd269fefa0f5f1beeebadad5,3f755635e63ed48d8fb891b6e99a6227a4fdf56d5b254bcd32f24982e9727c85
952e85f4120b7fb7,paired,,legacy-incremental-float,legacy-batch-float,spec012-confirm-01,2,0.9862896441220448,0d49e104da9838319acca04e04363e811365be0ddd269fefa0f5f1beeebadad5,3f755635e63ed48d8fb891b6e99a6227a4fdf56d5b254bcd32f24982e9727c85
952e85f4120b7fb7,paired,,legacy-incremental-float,legacy-batch-float,spec012-confirm-02,0,0.9927806217310907,0d49e104da9838319acca04e04363e811365be0ddd269fefa0f5f1beeebadad5,3f755635e63ed48d8fb891b6e99a6227a4fdf56d5b254bcd32f24982e9727c85
952e85f4120b7fb7,paired,,legacy-incremental-float,legacy-batch-float,spec012-confirm-02,1,0.981923355833156,0d49e104da9838319acca04e04363e811365be0ddd269fefa0f5f1beeebadad5,3f755635e63ed48d8fb891b6e99a6227a4fdf56d5b254bcd32f24982e9727c85
952e85f4120b7fb7,paired,,legacy-incremental-float,legacy-batch-float,spec012-confirm-02,2,1.038023833844442,0d49e104da9838319acca04e04363e811365be0ddd269fefa0f5f1beeebadad5,3f755635e63ed48d8fb891b6e99a6227a4fdf56d5b254bcd32f24982e9727c85
952e85f4120b7fb7,paired,,legacy-incremental-float,legacy-batch-float,spec012-confirm-03,0,1.0084519572836723,0d49e104da9838319acca04e04363e811365be0ddd269fefa0f5f1beeebadad5,3f755635e63ed48d8fb891b6e99a6227a4fdf56d5b254bcd32f24982e9727c85
952e85f4120b7fb7,paired,,legacy-incremental-float,legacy-batch-float,spec012-confirm-03,1,0.9887057373469004,0d49e104da9838319acca04e04363e811365be0ddd269fefa0f5f1beeebadad5,3f755635e63ed48d8fb891b6e99a6227a4fdf56d5b254bcd32f24982e9727c85
952e85f4120b7fb7,paired,,legacy-incremental-float,legacy-batch-float,spec012-confirm-03,2,0.9885370278162195,0d49e104da9838319acca04e04363e811365be0ddd269fefa0f5f1beeebadad5,3f755635e63ed48d8fb891b6e99a6227a4fdf56d5b254bcd32f24982e9727c85
952e85f4120b7fb7,paired,,pffft-hybrid-float,pffft-analysis-float,spec012-confirm-01,0,2.028910216098164,e562bd8708d807bbd1e1fd04028864d689dc4f4e153498d266061d152b6aca13,5c5b0c2ce472bac9b45452e42068059bb08901f1de353e0bd173e237b5e21815
952e85f4120b7fb7,paired,,pffft-hybrid-float,pffft-analysis-float,spec012-confirm-01,1,1.7938880101059864,e562bd8708d807bbd1e1fd04028864d689dc4f4e153498d266061d152b6aca13,5c5b0c2ce472bac9b45452e42068059bb08901f1de353e0bd173e237b5e21815
952e85f4120b7fb7,paired,,pffft-hybrid-float,pffft-analysis-float,spec012-confirm-01,2,1.8179159073955669,e562bd8708d807bbd1e1fd04028864d689dc4f4e153498d266061d152b6aca13,5c5b0c2ce472bac9b45452e42068059bb08901f1de353e0bd173e237b5e21815
952e85f4120b7fb7,paired,,pffft-hybrid-float,pffft-analysis-float,spec012-confirm-02,0,2.0865912340872916,e562bd8708d807bbd1e1fd04028864d689dc4f4e153498d266061d152b6aca13,5c5b0c2ce472bac9b45452e42068059bb08901f1de353e0bd173e237b5e21815
952e85f4120b7fb7,paired,,pffft-hybrid-float,pffft-analysis-float,spec012-confirm-02,1,1.927854490968376,e562bd8708d807bbd1e1fd04028864d689dc4f4e153498d266061d152b6aca13,5c5b0c2ce472bac9b45452e42068059bb08901f1de353e0bd173e237b5e21815
952e85f4120b7fb7,paired,,pffft-hybrid-float,pffft-analysis-float,spec012-confirm-02,2,2.033554094689187,e562bd8708d807bbd1e1fd04028864d689dc4f4e153498d266061d152b6aca13,5c5b0c2ce472bac9b45452e42068059bb08901f1de353e0bd173e237b5e21815
952e85f4120b7fb7,paired,,pffft-hybrid-float,pffft-analysis-float,spec012-confirm-03,0,1.9139488569067187,e562bd8708d807bbd1e1fd04028864d689dc4f4e153498d266061d152b6aca13,5c5b0c2ce472bac9b45452e42068059bb08901f1de353e0bd173e237b5e21815
952e85f4120b7fb7,paired,,pffft-hybrid-float,pffft-analysis-float,spec012-confirm-03,1,1.8272430847825512,e562bd8708d807bbd1e1fd04028864d689dc4f4e153498d266061d152b6aca13,5c5b0c2ce472bac9b45452e42068059bb08901f1de353e0bd173e237b5e21815
952e85f4120b7fb7,paired,,pffft-hybrid-float,pffft-analysis-float,spec012-confirm-03,2,2.119950548682204,e562bd8708d807bbd1e1fd04028864d689dc4f4e153498d266061d152b6aca13,5c5b0c2ce472bac9b45452e42068059bb08901f1de353e0bd173e237b5e21815
952e85f4120b7fb7,paired,,pffft-hybrid-float,core-float,spec012-confirm-01,0,0.6476944525765732,e562bd8708d807bbd1e1fd04028864d689dc4f4e153498d266061d152b6aca13,bc398a61c85551ec50a0517962733d3d47e8289057dbf95c3afc66623fc30778
952e85f4120b7fb7,paired,,pffft-hybrid-float,core-float,spec012-confirm-01,1,0.6725247876116053,e562bd8708d807bbd1e1fd04028864d689dc4f4e153498d266061d152b6aca13,bc398a61c85551ec50a0517962733d3d47e8289057dbf95c3afc66623fc30778
952e85f4120b7fb7,paired,,pffft-hybrid-float,core-float,spec012-confirm-01,2,0.6809699772480238,e562bd8708d807bbd1e1fd04028864d689dc4f4e153498d266061d152b6aca13,bc398a61c85551ec50a0517962733d3d47e8289057dbf95c3afc66623fc30778
952e85f4120b7fb7,paired,,pffft-hybrid-float,core-float,spec012-confirm-02,0,0.7012229019553583,e562bd8708d807bbd1e1fd04028864d689dc4f4e153498d266061d152b6aca13,bc398a61c85551ec50a0517962733d3d47e8289057dbf95c3afc66623fc30778
952e85f4120b7fb7,paired,,pffft-hybrid-float,core-float,spec012-confirm-02,1,0.6560672723959282,e562bd8708d807bbd1e1fd04028864d689dc4f4e153498d266061d152b6aca13,bc398a61c85551ec50a0517962733d3d47e8289057dbf95c3afc66623fc30778
952e85f4120b7fb7,paired,,pffft-hybrid-float,core-float,spec012-confirm-02,2,0.6650337421181387,e562bd8708d807bbd1e1fd04028864d689dc4f4e153498d266061d152b6aca13,bc398a61c85551ec50a0517962733d3d47e8289057dbf95c3afc66623fc30778
952e85f4120b7fb7,paired,,pffft-hybrid-float,core-float,spec012-confirm-03,0,0.6744503867722101,e562bd8708d807bbd1e1fd04028864d689dc4f4e153498d266061d152b6aca13,bc398a61c85551ec50a0517962733d3d47e8289057dbf95c3afc66623fc30778
952e85f4120b7fb7,paired,,pffft-hybrid-float,core-float,spec012-confirm-03,1,0.6749664141922334,e562bd8708d807bbd1e1fd04028864d689dc4f4e153498d266061d152b6aca13,bc398a61c85551ec50a0517962733d3d47e8289057dbf95c3afc66623fc30778
952e85f4120b7fb7,paired,,pffft-hybrid-float,core-float,spec012-confirm-03,2,0.7089212219083544,e562bd8708d807bbd1e1fd04028864d689dc4f4e153498d266061d152b6aca13,bc398a61c85551ec50a0517962733d3d47e8289057dbf95c3afc66623fc30778
9901345d1457b097,paired,,pffft-hybrid-float,pffft-scheduled-batch-float,spec012-confirm-01,0,0.8992774330595023,c11fb17127dda86a738d5fba28865824ec8974df14eda1d63787b384fed63bf0,f8badc0dc78dbe816c3b726656fa91a91e640149ac201242a129238f284e32e0
9901345d1457b097,paired,,pffft-hybrid-float,pffft-scheduled-batch-float,spec012-confirm-01,1,0.9152169402057537,c11fb17127dda86a738d5fba28865824ec8974df14eda1d63787b384fed63bf0,f8badc0dc78dbe816c3b726656fa91a91e640149ac201242a129238f284e32e0
9901345d1457b097,paired,,pffft-hybrid-float,pffft-scheduled-batch-float,spec012-confirm-01,2,1.3455690352482885,c11fb17127dda86a738d5fba28865824ec8974df14eda1d63787b384fed63bf0,f8badc0dc78dbe816c3b726656fa91a91e640149ac201242a129238f284e32e0
9901345d1457b097,paired,,pffft-hybrid-float,pffft-scheduled-batch-float,spec012-confirm-02,0,0.9051432540427493,c11fb17127dda86a738d5fba28865824ec8974df14eda1d63787b384fed63bf0,f8badc0dc78dbe816c3b726656fa91a91e640149ac201242a129238f284e32e0
9901345d1457b097,paired,,pffft-hybrid-float,pffft-scheduled-batch-float,spec012-confirm-02,1,0.9083289395843579,c11fb17127dda86a738d5fba28865824ec8974df14eda1d63787b384fed63bf0,f8badc0dc78dbe816c3b726656fa91a91e640149ac201242a129238f284e32e0
9901345d1457b097,paired,,pffft-hybrid-float,pffft-scheduled-batch-float,spec012-confirm-02,2,0.9157442441981608,c11fb17127dda86a738d5fba28865824ec8974df14eda1d63787b384fed63bf0,f8badc0dc78dbe816c3b726656fa91a91e640149ac201242a129238f284e32e0
9901345d1457b097,paired,,pffft-hybrid-float,pffft-scheduled-batch-float,spec012-confirm-03,0,0.9156626533035421,c11fb17127dda86a738d5fba28865824ec8974df14eda1d63787b384fed63bf0,f8badc0dc78dbe816c3b726656fa91a91e640149ac201242a129238f284e32e0
9901345d1457b097,paired,,pffft-hybrid-float,pffft-scheduled-batch-float,spec012-confirm-03,1,0.9255770038287722,c11fb17127dda86a738d5fba28865824ec8974df14eda1d63787b384fed63bf0,f8badc0dc78dbe816c3b726656fa91a91e640149ac201242a129238f284e32e0
9901345d1457b097,paired,,pffft-hybrid-float,pffft-scheduled-batch-float,spec012-confirm-03,2,0.9160971145667742,c11fb17127dda86a738d5fba28865824ec8974df14eda1d63787b384fed63bf0,f8badc0dc78dbe816c3b726656fa91a91e640149ac201242a129238f284e32e0
9901345d1457b097,paired,,legacy-incremental-float,legacy-batch-float,spec012-confirm-01,0,1.0047881492374098,b36c98cefa2b8c6af97e519026582f60d96d416d74a5dcd0afd2935b009f0329,750532cbfa3ef464795a74ca6edd43786c1a65e3aa3649efb1c29bca1d9ed498
9901345d1457b097,paired,,legacy-incremental-float,legacy-batch-float,spec012-confirm-01,1,0.9712951436467817,b36c98cefa2b8c6af97e519026582f60d96d416d74a5dcd0afd2935b009f0329,750532cbfa3ef464795a74ca6edd43786c1a65e3aa3649efb1c29bca1d9ed498
9901345d1457b097,paired,,legacy-incremental-float,legacy-batch-float,spec012-confirm-01,2,0.9745477869247926,b36c98cefa2b8c6af97e519026582f60d96d416d74a5dcd0afd2935b009f0329,750532cbfa3ef464795a74ca6edd43786c1a65e3aa3649efb1c29bca1d9ed498
9901345d1457b097,paired,,legacy-incremental-float,legacy-batch-float,spec012-confirm-02,0,0.9954957784419654,b36c98cefa2b8c6af97e519026582f60d96d416d74a5dcd0afd2935b009f0329,750532cbfa3ef464795a74ca6edd43786c1a65e3aa3649efb1c29bca1d9ed498
9901345d1457b097,paired,,legacy-incremental-float,legacy-batch-float,spec012-confirm-02,1,0.9942756341028565,b36c98cefa2b8c6af97e519026582f60d96d416d74a5dcd0afd2935b009f0329,750532cbfa3ef464795a74ca6edd43786c1a65e3aa3649efb1c29bca1d9ed498
9901345d1457b097,paired,,legacy-incremental-float,legacy-batch-float,spec012-confirm-02,2,0.9977796513452745,b36c98cefa2b8c6af97e519026582f60d96d416d74a5dcd0afd2935b009f0329,750532cbfa3ef464795a74ca6edd43786c1a65e3aa3649efb1c29bca1d9ed498
9901345d1457b097,paired,,legacy-incremental-float,legacy-batch-float,spec012-confirm-03,0,1.0278918246412843,b36c98cefa2b8c6af97e519026582f60d96d416d74a5dcd0afd2935b009f0329,750532cbfa3ef464795a74ca6edd43786c1a65e3aa3649efb1c29bca1d9ed498
9901345d1457b097,paired,,legacy-incremental-float,legacy-batch-float,spec012-confirm-03,1,0.9893119321433695,b36c98cefa2b8c6af97e519026582f60d96d416d74a5dcd0afd2935b009f0329,750532cbfa3ef464795a74ca6edd43786c1a65e3aa3649efb1c29bca1d9ed498
9901345d1457b097,paired,,legacy-incremental-float,legacy-batch-float,spec012-confirm-03,2,0.9485064882064729,b36c98cefa2b8c6af97e519026582f60d96d416d74a5dcd0afd2935b009f0329,750532cbfa3ef464795a74ca6edd43786c1a65e3aa3649efb1c29bca1d9ed498
9901345d1457b097,paired,,pffft-hybrid-float,pffft-analysis-float,spec012-confirm-01,0,2.0704978477277884,c11fb17127dda86a738d5fba28865824ec8974df14eda1d63787b384fed63bf0,11de4b8dd7eb6ad94734fcbe99b0fab953f9f0b2fb8885b1539699f780ce07e8
9901345d1457b097,paired,,pffft-hybrid-float,pffft-analysis-float,spec012-confirm-01,1,2.136593145170843,c11fb17127dda86a738d5fba28865824ec8974df14eda1d63787b384fed63bf0,11de4b8dd7eb6ad94734fcbe99b0fab953f9f0b2fb8885b1539699f780ce07e8
9901345d1457b097,paired,,pffft-hybrid-float,pffft-analysis-float,spec012-confirm-01,2,3.1093621077387046,c11fb17127dda86a738d5fba28865824ec8974df14eda1d63787b384fed63bf0,11de4b8dd7eb6ad94734fcbe99b0fab953f9f0b2fb8885b1539699f780ce07e8
9901345d1457b097,paired,,pffft-hybrid-float,pffft-analysis-float,spec012-confirm-02,0,2.1094831723695844,c11fb17127dda86a738d5fba28865824ec8974df14eda1d63787b384fed63bf0,11de4b8dd7eb6ad94734fcbe99b0fab953f9f0b2fb8885b1539699f780ce07e8
9901345d1457b097,paired,,pffft-hybrid-float,pffft-analysis-float,spec012-confirm-02,1,2.0924890243161647,c11fb17127dda86a738d5fba28865824ec8974df14eda1d63787b384fed63bf0,11de4b8dd7eb6ad94734fcbe99b0fab953f9f0b2fb8885b1539699f780ce07e8
9901345d1457b097,paired,,pffft-hybrid-float,pffft-analysis-float,spec012-confirm-02,2,2.092052093785684,c11fb17127dda86a738d5fba28865824ec8974df14eda1d63787b384fed63bf0,11de4b8dd7eb6ad94734fcbe99b0fab953f9f0b2fb8885b1539699f780ce07e8
9901345d1457b097,paired,,pffft-hybrid-float,pffft-analysis-float,spec012-confirm-03,0,2.1285910312398335,c11fb17127dda86a738d5fba28865824ec8974df14eda1d63787b384fed63bf0,11de4b8dd7eb6ad94734fcbe99b0fab953f9f0b2fb8885b1539699f780ce07e8
9901345d1457b097,paired,,pffft-hybrid-float,pffft-analysis-float,spec012-confirm-03,1,2.132850465159419,c11fb17127dda86a738d5fba28865824ec8974df14eda1d63787b384fed63bf0,11de4b8dd7eb6ad94734fcbe99b0fab953f9f0b2fb8885b1539699f780ce07e8
9901345d1457b097,paired,,pffft-hybrid-float,pffft-analysis-float,spec012-confirm-03,2,2.0841803982362226,c11fb17127dda86a738d5fba28865824ec8974df14eda1d63787b384fed63bf0,11de4b8dd7eb6ad94734fcbe99b0fab953f9f0b2fb8885b1539699f780ce07e8
9901345d1457b097,paired,,pffft-hybrid-float,core-float,spec012-confirm-01,0,0.7568951726132873,c11fb17127dda86a738d5fba28865824ec8974df14eda1d63787b384fed63bf0,a81ee78672c6b81666a5fc5208b6ead662b38fb61e6a1ece52277309acdfed31
9901345d1457b097,paired,,pffft-hybrid-float,core-float,spec012-confirm-01,1,0.793998078179316,c11fb17127dda86a738d5fba28865824ec8974df14eda1d63787b384fed63bf0,a81ee78672c6b81666a5fc5208b6ead662b38fb61e6a1ece52277309acdfed31
9901345d1457b097,paired,,pffft-hybrid-float,core-float,spec012-confirm-01,2,1.1922413546364639,c11fb17127dda86a738d5fba28865824ec8974df14eda1d63787b384fed63bf0,a81ee78672c6b81666a5fc5208b6ead662b38fb61e6a1ece52277309acdfed31
9901345d1457b097,paired,,pffft-hybrid-float,core-float,spec012-confirm-02,0,0.7750456744227776,c11fb17127dda86a738d5fba28865824ec8974df14eda1d63787b384fed63bf0,a81ee78672c6b81666a5fc5208b6ead662b38fb61e6a1ece52277309acdfed31
9901345d1457b097,paired,,pffft-hybrid-float,core-float,spec012-confirm-02,1,0.7882207575248086,c11fb17127dda86a738d5fba28865824ec8974df14eda1d63787b384fed63bf0,a81ee78672c6b81666a5fc5208b6ead662b38fb61e6a1ece52277309acdfed31
9901345d1457b097,paired,,pffft-hybrid-float,core-float,spec012-confirm-02,2,0.8087523784842146,c11fb17127dda86a738d5fba28865824ec8974df14eda1d63787b384fed63bf0,a81ee78672c6b81666a5fc5208b6ead662b38fb61e6a1ece52277309acdfed31
9901345d1457b097,paired,,pffft-hybrid-float,core-float,spec012-confirm-03,0,0.8066033048012934,c11fb17127dda86a738d5fba28865824ec8974df14eda1d63787b384fed63bf0,a81ee78672c6b81666a5fc5208b6ead662b38fb61e6a1ece52277309acdfed31
9901345d1457b097,paired,,pffft-hybrid-float,core-float,spec012-confirm-03,1,0.8084631446267925,c11fb17127dda86a738d5fba28865824ec8974df14eda1d63787b384fed63bf0,a81ee78672c6b81666a5fc5208b6ead662b38fb61e6a1ece52277309acdfed31
9901345d1457b097,paired,,pffft-hybrid-float,core-float,spec012-confirm-03,2,0.8020095328145268,c11fb17127dda86a738d5fba28865824ec8974df14eda1d63787b384fed63bf0,a81ee78672c6b81666a5fc5208b6ead662b38fb61e6a1ece52277309acdfed31
af662016afa41204,paired,,pffft-hybrid-float,pffft-scheduled-batch-float,spec012-confirm-01,0,0.9280442952267246,0c2fa7b80162d8ebf5a12a2873a1c969f2b0e7f0794ad9f890a00502514859e8,aeed30f9c181fdd5e57df5b90a9d9f92839431408b39e64d63c8da97880c1cc6
af662016afa41204,paired,,pffft-hybrid-float,pffft-scheduled-batch-float,spec012-confirm-01,1,0.936077605317109,0c2fa7b80162d8ebf5a12a2873a1c969f2b0e7f0794ad9f890a00502514859e8,aeed30f9c181fdd5e57df5b90a9d9f92839431408b39e64d63c8da97880c1cc6
af662016afa41204,paired,,pffft-hybrid-float,pffft-scheduled-batch-float,spec012-confirm-01,2,0.935244906669079,0c2fa7b80162d8ebf5a12a2873a1c969f2b0e7f0794ad9f890a00502514859e8,aeed30f9c181fdd5e57df5b90a9d9f92839431408b39e64d63c8da97880c1cc6
af662016afa41204,paired,,pffft-hybrid-float,pffft-scheduled-batch-float,spec012-confirm-02,0,0.9424623566356828,0c2fa7b80162d8ebf5a12a2873a1c969f2b0e7f0794ad9f890a00502514859e8,aeed30f9c181fdd5e57df5b90a9d9f92839431408b39e64d63c8da97880c1cc6
af662016afa41204,paired,,pffft-hybrid-float,pffft-scheduled-batch-float,spec012-confirm-02,1,0.9625763962984704,0c2fa7b80162d8ebf5a12a2873a1c969f2b0e7f0794ad9f890a00502514859e8,aeed30f9c181fdd5e57df5b90a9d9f92839431408b39e64d63c8da97880c1cc6
af662016afa41204,paired,,pffft-hybrid-float,pffft-scheduled-batch-float,spec012-confirm-02,2,0.8968922762729225,0c2fa7b80162d8ebf5a12a2873a1c969f2b0e7f0794ad9f890a00502514859e8,aeed30f9c181fdd5e57df5b90a9d9f92839431408b39e64d63c8da97880c1cc6
af662016afa41204,paired,,pffft-hybrid-float,pffft-scheduled-batch-float,spec012-confirm-03,0,0.9099588826505102,0c2fa7b80162d8ebf5a12a2873a1c969f2b0e7f0794ad9f890a00502514859e8,aeed30f9c181fdd5e57df5b90a9d9f92839431408b39e64d63c8da97880c1cc6
af662016afa41204,paired,,pffft-hybrid-float,pffft-scheduled-batch-float,spec012-confirm-03,1,1.0090585305408861,0c2fa7b80162d8ebf5a12a2873a1c969f2b0e7f0794ad9f890a00502514859e8,aeed30f9c181fdd5e57df5b90a9d9f92839431408b39e64d63c8da97880c1cc6
af662016afa41204,paired,,pffft-hybrid-float,pffft-scheduled-batch-float,spec012-confirm-03,2,1.3968077867400985,0c2fa7b80162d8ebf5a12a2873a1c969f2b0e7f0794ad9f890a00502514859e8,aeed30f9c181fdd5e57df5b90a9d9f92839431408b39e64d63c8da97880c1cc6
af662016afa41204,paired,,legacy-incremental-float,legacy-batch-float,spec012-confirm-01,0,1.0868409188353223,ece969ee9ca461a3d2fd025d917e298d5e1e39858c22906c888d7f49c8eab5ee,408dfe133a204a1dce3362386ebd2323a4867415f2763b3da619421770c2adf3
af662016afa41204,paired,,legacy-incremental-float,legacy-batch-float,spec012-confirm-01,1,1.0855475033305,ece969ee9ca461a3d2fd025d917e298d5e1e39858c22906c888d7f49c8eab5ee,408dfe133a204a1dce3362386ebd2323a4867415f2763b3da619421770c2adf3
af662016afa41204,paired,,legacy-incremental-float,legacy-batch-float,spec012-confirm-01,2,1.0854244399507562,ece969ee9ca461a3d2fd025d917e298d5e1e39858c22906c888d7f49c8eab5ee,408dfe133a204a1dce3362386ebd2323a4867415f2763b3da619421770c2adf3
af662016afa41204,paired,,legacy-incremental-float,legacy-batch-float,spec012-confirm-02,0,0.7429270968921783,ece969ee9ca461a3d2fd025d917e298d5e1e39858c22906c888d7f49c8eab5ee,408dfe133a204a1dce3362386ebd2323a4867415f2763b3da619421770c2adf3
af662016afa41204,paired,,legacy-incremental-float,legacy-batch-float,spec012-confirm-02,1,1.1943062323057043,ece969ee9ca461a3d2fd025d917e298d5e1e39858c22906c888d7f49c8eab5ee,408dfe133a204a1dce3362386ebd2323a4867415f2763b3da619421770c2adf3
af662016afa41204,paired,,legacy-incremental-float,legacy-batch-float,spec012-confirm-02,2,1.091687577657647,ece969ee9ca461a3d2fd025d917e298d5e1e39858c22906c888d7f49c8eab5ee,408dfe133a204a1dce3362386ebd2323a4867415f2763b3da619421770c2adf3
af662016afa41204,paired,,legacy-incremental-float,legacy-batch-float,spec012-confirm-03,0,1.0471755608105762,ece969ee9ca461a3d2fd025d917e298d5e1e39858c22906c888d7f49c8eab5ee,408dfe133a204a1dce3362386ebd2323a4867415f2763b3da619421770c2adf3
af662016afa41204,paired,,legacy-incremental-float,legacy-batch-float,spec012-confirm-03,1,1.073196499421781,ece969ee9ca461a3d2fd025d917e298d5e1e39858c22906c888d7f49c8eab5ee,408dfe133a204a1dce3362386ebd2323a4867415f2763b3da619421770c2adf3
af662016afa41204,paired,,legacy-incremental-float,legacy-batch-float,spec012-confirm-03,2,1.0743486612571238,ece969ee9ca461a3d2fd025d917e298d5e1e39858c22906c888d7f49c8eab5ee,408dfe133a204a1dce3362386ebd2323a4867415f2763b3da619421770c2adf3
af662016afa41204,paired,,pffft-hybrid-float,pffft-analysis-float,spec012-confirm-01,0,2.1571626867993854,0c2fa7b80162d8ebf5a12a2873a1c969f2b0e7f0794ad9f890a00502514859e8,adae108f260a4497afcc0e4aa898dc9ad0268817942d611e6bcf8101d55651cb
af662016afa41204,paired,,pffft-hybrid-float,pffft-analysis-float,spec012-confirm-01,1,2.156172764826891,0c2fa7b80162d8ebf5a12a2873a1c969f2b0e7f0794ad9f890a00502514859e8,adae108f260a4497afcc0e4aa898dc9ad0268817942d611e6bcf8101d55651cb
af662016afa41204,paired,,pffft-hybrid-float,pffft-analysis-float,spec012-confirm-01,2,2.1497262986019834,0c2fa7b80162d8ebf5a12a2873a1c969f2b0e7f0794ad9f890a00502514859e8,adae108f260a4497afcc0e4aa898dc9ad0268817942d611e6bcf8101d55651cb
af662016afa41204,paired,,pffft-hybrid-float,pffft-analysis-float,spec012-confirm-02,0,2.2020385435072947,0c2fa7b80162d8ebf5a12a2873a1c969f2b0e7f0794ad9f890a00502514859e8,adae108f260a4497afcc0e4aa898dc9ad0268817942d611e6bcf8101d55651cb
af662016afa41204,paired,,pffft-hybrid-float,pffft-analysis-float,spec012-confirm-02,1,2.235018299412076,0c2fa7b80162d8ebf5a12a2873a1c969f2b0e7f0794ad9f890a00502514859e8,adae108f260a4497afcc0e4aa898dc9ad0268817942d611e6bcf8101d55651cb
af662016afa41204,paired,,pffft-hybrid-float,pffft-analysis-float,spec012-confirm-02,2,2.006531188162979,0c2fa7b80162d8ebf5a12a2873a1c969f2b0e7f0794ad9f890a00502514859e8,adae108f260a4497afcc0e4aa898dc9ad0268817942d611e6bcf8101d55651cb
af662016afa41204,paired,,pffft-hybrid-float,pffft-analysis-float,spec012-confirm-03,0,2.134665764690569,0c2fa7b80162d8ebf5a12a2873a1c969f2b0e7f0794ad9f890a00502514859e8,adae108f260a4497afcc0e4aa898dc9ad0268817942d611e6bcf8101d55651cb
af662016afa41204,paired,,pffft-hybrid-float,pffft-analysis-float,spec012-confirm-03,1,2.2831336749156725,0c2fa7b80162d8ebf5a12a2873a1c969f2b0e7f0794ad9f890a00502514859e8,adae108f260a4497afcc0e4aa898dc9ad0268817942d611e6bcf8101d55651cb
af662016afa41204,paired,,pffft-hybrid-float,pffft-analysis-float,spec012-confirm-03,2,3.1706698293791793,0c2fa7b80162d8ebf5a12a2873a1c969f2b0e7f0794ad9f890a00502514859e8,adae108f260a4497afcc0e4aa898dc9ad0268817942d611e6bcf8101d55651cb
af662016afa41204,paired,,pffft-hybrid-float,core-float,spec012-confirm-01,0,0.7520512423440562,0c2fa7b80162d8ebf5a12a2873a1c969f2b0e7f0794ad9f890a00502514859e8,3dc07fd09aa6bd77be336103978bc98a766ab24084333f153e2646e97b18308a
af662016afa41204,paired,,pffft-hybrid-float,core-float,spec012-confirm-01,1,0.7575765957495433,0c2fa7b80162d8ebf5a12a2873a1c969f2b0e7f0794ad9f890a00502514859e8,3dc07fd09aa6bd77be336103978bc98a766ab24084333f153e2646e97b18308a
af662016afa41204,paired,,pffft-hybrid-float,core-float,spec012-confirm-01,2,0.7605215033521165,0c2fa7b80162d8ebf5a12a2873a1c969f2b0e7f0794ad9f890a00502514859e8,3dc07fd09aa6bd77be336103978bc98a766ab24084333f153e2646e97b18308a
af662016afa41204,paired,,pffft-hybrid-float,core-float,spec012-confirm-02,0,0.7914242107389643,0c2fa7b80162d8ebf5a12a2873a1c969f2b0e7f0794ad9f890a00502514859e8,3dc07fd09aa6bd77be336103978bc98a766ab24084333f153e2646e97b18308a
af662016afa41204,paired,,pffft-hybrid-float,core-float,spec012-confirm-02,1,0.7965017265611994,0c2fa7b80162d8ebf5a12a2873a1c969f2b0e7f0794ad9f890a00502514859e8,3dc07fd09aa6bd77be336103978bc98a766ab24084333f153e2646e97b18308a
af662016afa41204,paired,,pffft-hybrid-float,core-float,spec012-confirm-02,2,0.7376663726192035,0c2fa7b80162d8ebf5a12a2873a1c969f2b0e7f0794ad9f890a00502514859e8,3dc07fd09aa6bd77be336103978bc98a766ab24084333f153e2646e97b18308a
af662016afa41204,paired,,pffft-hybrid-float,core-float,spec012-confirm-03,0,0.7678730535913685,0c2fa7b80162d8ebf5a12a2873a1c969f2b0e7f0794ad9f890a00502514859e8,3dc07fd09aa6bd77be336103978bc98a766ab24084333f153e2646e97b18308a
af662016afa41204,paired,,pffft-hybrid-float,core-float,spec012-confirm-03,1,0.7571903361903368,0c2fa7b80162d8ebf5a12a2873a1c969f2b0e7f0794ad9f890a00502514859e8,3dc07fd09aa6bd77be336103978bc98a766ab24084333f153e2646e97b18308a
af662016afa41204,paired,,pffft-hybrid-float,core-float,spec012-confirm-03,2,1.1354178636517092,0c2fa7b80162d8ebf5a12a2873a1c969f2b0e7f0794ad9f890a00502514859e8,3dc07fd09aa6bd77be336103978bc98a766ab24084333f153e2646e97b18308a
bc1acac55de6e4c0,paired,,pffft-hybrid-float,pffft-scheduled-batch-float,spec012-confirm-01,0,0.7710241967411322,484856b40c045f8148abd8aeb7871d0d2bd5b798b5a5967b9c29dc50ab88ab1a,6382623eb0fcd7c4f19d27a5ec6f0e837f3da14861801240e9181efde01ed723
bc1acac55de6e4c0,paired,,pffft-hybrid-float,pffft-scheduled-batch-float,spec012-confirm-01,1,0.7720072704294952,484856b40c045f8148abd8aeb7871d0d2bd5b798b5a5967b9c29dc50ab88ab1a,6382623eb0fcd7c4f19d27a5ec6f0e837f3da14861801240e9181efde01ed723
bc1acac55de6e4c0,paired,,pffft-hybrid-float,pffft-scheduled-batch-float,spec012-confirm-01,2,0.7712111500331248,484856b40c045f8148abd8aeb7871d0d2bd5b798b5a5967b9c29dc50ab88ab1a,6382623eb0fcd7c4f19d27a5ec6f0e837f3da14861801240e9181efde01ed723
bc1acac55de6e4c0,paired,,pffft-hybrid-float,pffft-scheduled-batch-float,spec012-confirm-02,0,0.7832124572154309,484856b40c045f8148abd8aeb7871d0d2bd5b798b5a5967b9c29dc50ab88ab1a,6382623eb0fcd7c4f19d27a5ec6f0e837f3da14861801240e9181efde01ed723
bc1acac55de6e4c0,paired,,pffft-hybrid-float,pffft-scheduled-batch-float,spec012-confirm-02,1,0.7718080786540814,484856b40c045f8148abd8aeb7871d0d2bd5b798b5a5967b9c29dc50ab88ab1a,6382623eb0fcd7c4f19d27a5ec6f0e837f3da14861801240e9181efde01ed723
bc1acac55de6e4c0,paired,,pffft-hybrid-float,pffft-scheduled-batch-float,spec012-confirm-02,2,0.7954231754900376,484856b40c045f8148abd8aeb7871d0d2bd5b798b5a5967b9c29dc50ab88ab1a,6382623eb0fcd7c4f19d27a5ec6f0e837f3da14861801240e9181efde01ed723
bc1acac55de6e4c0,paired,,pffft-hybrid-float,pffft-scheduled-batch-float,spec012-confirm-03,0,0.6769836325559222,484856b40c045f8148abd8aeb7871d0d2bd5b798b5a5967b9c29dc50ab88ab1a,6382623eb0fcd7c4f19d27a5ec6f0e837f3da14861801240e9181efde01ed723
bc1acac55de6e4c0,paired,,pffft-hybrid-float,pffft-scheduled-batch-float,spec012-confirm-03,1,0.7486741124850419,484856b40c045f8148abd8aeb7871d0d2bd5b798b5a5967b9c29dc50ab88ab1a,6382623eb0fcd7c4f19d27a5ec6f0e837f3da14861801240e9181efde01ed723
bc1acac55de6e4c0,paired,,pffft-hybrid-float,pffft-scheduled-batch-float,spec012-confirm-03,2,0.7909847889013182,484856b40c045f8148abd8aeb7871d0d2bd5b798b5a5967b9c29dc50ab88ab1a,6382623eb0fcd7c4f19d27a5ec6f0e837f3da14861801240e9181efde01ed723
bc1acac55de6e4c0,paired,,legacy-incremental-float,legacy-batch-float,spec012-confirm-01,0,0.9199023975724302,686402ae620e4700ddad2d01d45155f5eac336ff3cb4c6f70cc954838b393685,cf943038cc90904e33623a3815bed2bd6030bf6d31af16c5cd36674ef6207b4f
bc1acac55de6e4c0,paired,,legacy-incremental-float,legacy-batch-float,spec012-confirm-01,1,0.9207861015911268,686402ae620e4700ddad2d01d45155f5eac336ff3cb4c6f70cc954838b393685,cf943038cc90904e33623a3815bed2bd6030bf6d31af16c5cd36674ef6207b4f
bc1acac55de6e4c0,paired,,legacy-incremental-float,legacy-batch-float,spec012-confirm-01,2,0.9148421323935916,686402ae620e4700ddad2d01d45155f5eac336ff3cb4c6f70cc954838b393685,cf943038cc90904e33623a3815bed2bd6030bf6d31af16c5cd36674ef6207b4f
bc1acac55de6e4c0,paired,,legacy-incremental-float,legacy-batch-float,spec012-confirm-02,0,0.8976907328098175,686402ae620e4700ddad2d01d45155f5eac336ff3cb4c6f70cc954838b393685,cf943038cc90904e33623a3815bed2bd6030bf6d31af16c5cd36674ef6207b4f
bc1acac55de6e4c0,paired,,legacy-incremental-float,legacy-batch-float,spec012-confirm-02,1,0.9051555210875206,686402ae620e4700ddad2d01d45155f5eac336ff3cb4c6f70cc954838b393685,cf943038cc90904e33623a3815bed2bd6030bf6d31af16c5cd36674ef6207b4f
bc1acac55de6e4c0,paired,,legacy-incremental-float,legacy-batch-float,spec012-confirm-02,2,0.9051422002518954,686402ae620e4700ddad2d01d45155f5eac336ff3cb4c6f70cc954838b393685,cf943038cc90904e33623a3815bed2bd6030bf6d31af16c5cd36674ef6207b4f
bc1acac55de6e4c0,paired,,legacy-incremental-float,legacy-batch-float,spec012-confirm-03,0,0.9056339171835608,686402ae620e4700ddad2d01d45155f5eac336ff3cb4c6f70cc954838b393685,cf943038cc90904e33623a3815bed2bd6030bf6d31af16c5cd36674ef6207b4f
bc1acac55de6e4c0,paired,,legacy-incremental-float,legacy-batch-float,spec012-confirm-03,1,0.9174115793019187,686402ae620e4700ddad2d01d45155f5eac336ff3cb4c6f70cc954838b393685,cf943038cc90904e33623a3815bed2bd6030bf6d31af16c5cd36674ef6207b4f
bc1acac55de6e4c0,paired,,legacy-incremental-float,legacy-batch-float,spec012-confirm-03,2,0.9124226129355979,686402ae620e4700ddad2d01d45155f5eac336ff3cb4c6f70cc954838b393685,cf943038cc90904e33623a3815bed2bd6030bf6d31af16c5cd36674ef6207b4f
bc1acac55de6e4c0,paired,,pffft-hybrid-float,pffft-analysis-float,spec012-confirm-01,0,1.6183664747192053,484856b40c045f8148abd8aeb7871d0d2bd5b798b5a5967b9c29dc50ab88ab1a,fd5091fe5d85ae9833b4d1b075b6ebc2b94e0bf33071a2d86780cfccc8db53f3
bc1acac55de6e4c0,paired,,pffft-hybrid-float,pffft-analysis-float,spec012-confirm-01,1,1.6154581535425105,484856b40c045f8148abd8aeb7871d0d2bd5b798b5a5967b9c29dc50ab88ab1a,fd5091fe5d85ae9833b4d1b075b6ebc2b94e0bf33071a2d86780cfccc8db53f3
bc1acac55de6e4c0,paired,,pffft-hybrid-float,pffft-analysis-float,spec012-confirm-01,2,1.6170025128667256,484856b40c045f8148abd8aeb7871d0d2bd5b798b5a5967b9c29dc50ab88ab1a,fd5091fe5d85ae9833b4d1b075b6ebc2b94e0bf33071a2d86780cfccc8db53f3
bc1acac55de6e4c0,paired,,pffft-hybrid-float,pffft-analysis-float,spec012-confirm-02,0,1.5884925152467197,484856b40c045f8148abd8aeb7871d0d2bd5b798b5a5967b9c29dc50ab88ab1a,fd5091fe5d85ae9833b4d1b075b6ebc2b94e0bf33071a2d86780cfccc8db53f3
bc1acac55de6e4c0,paired,,pffft-hybrid-float,pffft-analysis-float,spec012-confirm-02,1,1.6797238003711998,484856b40c045f8148abd8aeb7871d0d2bd5b798b5a5967b9c29dc50ab88ab1a,fd5091fe5d85ae9833b4d1b075b6ebc2b94e0bf33071a2d86780cfccc8db53f3
bc1acac55de6e4c0,paired,,pffft-hybrid-float,pffft-analysis-float,spec012-confirm-02,2,1.6585200017946515,484856b40c045f8148abd8aeb7871d0d2bd5b798b5a5967b9c29dc50ab88ab1a,fd5091fe5d85ae9833b4d1b075b6ebc2b94e0bf33071a2d86780cfccc8db53f3
bc1acac55de6e4c0,paired,,pffft-hybrid-float,pffft-analysis-float,spec012-confirm-03,0,1.6481288661046187,484856b40c045f8148abd8aeb7871d0d2bd5b798b5a5967b9c29dc50ab88ab1a,fd5091fe5d85ae9833b4d1b075b6ebc2b94e0bf33071a2d86780cfccc8db53f3
bc1acac55de6e4c0,paired,,pffft-hybrid-float,pffft-analysis-float,spec012-confirm-03,1,1.5398197611521693,484856b40c045f8148abd8aeb7871d0d2bd5b798b5a5967b9c29dc50ab88ab1a,fd5091fe5d85ae9833b4d1b075b6ebc2b94e0bf33071a2d86780cfccc8db53f3
bc1acac55de6e4c0,paired,,pffft-hybrid-float,pffft-analysis-float,spec012-confirm-03,2,1.6605546220049878,484856b40c045f8148abd8aeb7871d0d2bd5b798b5a5967b9c29dc50ab88ab1a,fd5091fe5d85ae9833b4d1b075b6ebc2b94e0bf33071a2d86780cfccc8db53f3
bc1acac55de6e4c0,paired,,pffft-hybrid-float,core-float,spec012-confirm-01,0,0.7824874088214846,484856b40c045f8148abd8aeb7871d0d2bd5b798b5a5967b9c29dc50ab88ab1a,6979b9ac7cf0642f691905e77ce21dea1c3aec29138097a337c2bd94b0615e0f
bc1acac55de6e4c0,paired,,pffft-hybrid-float,core-float,spec012-confirm-01,1,0.7813057632933781,484856b40c045f8148abd8aeb7871d0d2bd5b798b5a5967b9c29dc50ab88ab1a,6979b9ac7cf0642f691905e77ce21dea1c3aec29138097a337c2bd94b0615e0f
bc1acac55de6e4c0,paired,,pffft-hybrid-float,core-float,spec012-confirm-01,2,0.754036302922265,484856b40c045f8148abd8aeb7871d0d2bd5b798b5a5967b9c29dc50ab88ab1a,6979b9ac7cf0642f691905e77ce21dea1c3aec29138097a337c2bd94b0615e0f
bc1acac55de6e4c0,paired,,pffft-hybrid-float,core-float,spec012-confirm-02,0,0.7997580255795416,484856b40c045f8148abd8aeb7871d0d2bd5b798b5a5967b9c29dc50ab88ab1a,6979b9ac7cf0642f691905e77ce21dea1c3aec29138097a337c2bd94b0615e0f
bc1acac55de6e4c0,paired,,pffft-hybrid-float,core-float,spec012-confirm-02,1,0.8013470518278787,484856b40c045f8148abd8aeb7871d0d2bd5b798b5a5967b9c29dc50ab88ab1a,6979b9ac7cf0642f691905e77ce21dea1c3aec29138097a337c2bd94b0615e0f
bc1acac55de6e4c0,paired,,pffft-hybrid-float,core-float,spec012-confirm-02,2,0.8129696404054088,484856b40c045f8148abd8aeb7871d0d2bd5b798b5a5967b9c29dc50ab88ab1a,6979b9ac7cf0642f691905e77ce21dea1c3aec29138097a337c2bd94b0615e0f
bc1acac55de6e4c0,paired,,pffft-hybrid-float,core-float,spec012-confirm-03,0,0.7892754846466056,484856b40c045f8148abd8aeb7871d0d2bd5b798b5a5967b9c29dc50ab88ab1a,6979b9ac7cf0642f691905e77ce21dea1c3aec29138097a337c2bd94b0615e0f
bc1acac55de6e4c0,paired,,pffft-hybrid-float,core-float,spec012-confirm-03,1,0.7857782530353178,484856b40c045f8148abd8aeb7871d0d2bd5b798b5a5967b9c29dc50ab88ab1a,6979b9ac7cf0642f691905e77ce21dea1c3aec29138097a337c2bd94b0615e0f
bc1acac55de6e4c0,paired,,pffft-hybrid-float,core-float,spec012-confirm-03,2,0.7963295909718916,484856b40c045f8148abd8aeb7871d0d2bd5b798b5a5967b9c29dc50ab88ab1a,6979b9ac7cf0642f691905e77ce21dea1c3aec29138097a337c2bd94b0615e0f
bd58b9e84c53b5d1,paired,,pffft-hybrid-float,pffft-scheduled-batch-float,spec012-confirm-01,0,0.8729982452015255,be987da1af60857e0c307cbf112bc0d333a4aea0d4dca1e5de79faaf574043a9,5b67718a481a9852d6b86954dd61640a2409168b31ac171eb6008c9aa1c22724
bd58b9e84c53b5d1,paired,,pffft-hybrid-float,pffft-scheduled-batch-float,spec012-confirm-01,1,0.8573488277193034,be987da1af60857e0c307cbf112bc0d333a4aea0d4dca1e5de79faaf574043a9,5b67718a481a9852d6b86954dd61640a2409168b31ac171eb6008c9aa1c22724
bd58b9e84c53b5d1,paired,,pffft-hybrid-float,pffft-scheduled-batch-float,spec012-confirm-01,2,0.8691416878459937,be987da1af60857e0c307cbf112bc0d333a4aea0d4dca1e5de79faaf574043a9,5b67718a481a9852d6b86954dd61640a2409168b31ac171eb6008c9aa1c22724
bd58b9e84c53b5d1,paired,,pffft-hybrid-float,pffft-scheduled-batch-float,spec012-confirm-02,0,0.8542341964824925,be987da1af60857e0c307cbf112bc0d333a4aea0d4dca1e5de79faaf574043a9,5b67718a481a9852d6b86954dd61640a2409168b31ac171eb6008c9aa1c22724
bd58b9e84c53b5d1,paired,,pffft-hybrid-float,pffft-scheduled-batch-float,spec012-confirm-02,1,0.8651193059907724,be987da1af60857e0c307cbf112bc0d333a4aea0d4dca1e5de79faaf574043a9,5b67718a481a9852d6b86954dd61640a2409168b31ac171eb6008c9aa1c22724
bd58b9e84c53b5d1,paired,,pffft-hybrid-float,pffft-scheduled-batch-float,spec012-confirm-02,2,0.8781130554764178,be987da1af60857e0c307cbf112bc0d333a4aea0d4dca1e5de79faaf574043a9,5b67718a481a9852d6b86954dd61640a2409168b31ac171eb6008c9aa1c22724
bd58b9e84c53b5d1,paired,,pffft-hybrid-float,pffft-scheduled-batch-float,spec012-confirm-03,0,0.8618396251519831,be987da1af60857e0c307cbf112bc0d333a4aea0d4dca1e5de79faaf574043a9,5b67718a481a9852d6b86954dd61640a2409168b31ac171eb6008c9aa1c22724
bd58b9e84c53b5d1,paired,,pffft-hybrid-float,pffft-scheduled-batch-float,spec012-confirm-03,1,0.870127833807101,be987da1af60857e0c307cbf112bc0d333a4aea0d4dca1e5de79faaf574043a9,5b67718a481a9852d6b86954dd61640a2409168b31ac171eb6008c9aa1c22724
bd58b9e84c53b5d1,paired,,pffft-hybrid-float,pffft-scheduled-batch-float,spec012-confirm-03,2,0.8911462172962472,be987da1af60857e0c307cbf112bc0d333a4aea0d4dca1e5de79faaf574043a9,5b67718a481a9852d6b86954dd61640a2409168b31ac171eb6008c9aa1c22724
bd58b9e84c53b5d1,paired,,legacy-incremental-float,legacy-batch-float,spec012-confirm-01,0,1.0302900972820919,97c04318d17ca9998b7ed1ded81e6cffa4dc6f3196ab3f4eef583c5806ce4541,9b4d7e2c4e7a00ae183fb729512a7ff5bacb60f42d9b01ec567e5e4db8b425cf
bd58b9e84c53b5d1,paired,,legacy-incremental-float,legacy-batch-float,spec012-confirm-01,1,1.0220326280288596,97c04318d17ca9998b7ed1ded81e6cffa4dc6f3196ab3f4eef583c5806ce4541,9b4d7e2c4e7a00ae183fb729512a7ff5bacb60f42d9b01ec567e5e4db8b425cf
bd58b9e84c53b5d1,paired,,legacy-incremental-float,legacy-batch-float,spec012-confirm-01,2,1.028739972009803,97c04318d17ca9998b7ed1ded81e6cffa4dc6f3196ab3f4eef583c5806ce4541,9b4d7e2c4e7a00ae183fb729512a7ff5bacb60f42d9b01ec567e5e4db8b425cf
bd58b9e84c53b5d1,paired,,legacy-incremental-float,legacy-batch-float,spec012-confirm-02,0,1.0124508350982273,97c04318d17ca9998b7ed1ded81e6cffa4dc6f3196ab3f4eef583c5806ce4541,9b4d7e2c4e7a00ae183fb729512a7ff5bacb60f42d9b01ec567e5e4db8b425cf
bd58b9e84c53b5d1,paired,,legacy-incremental-float,legacy-batch-float,spec012-confirm-02,1,1.0464800337941789,97c04318d17ca9998b7ed1ded81e6cffa4dc6f3196ab3f4eef583c5806ce4541,9b4d7e2c4e7a00ae183fb729512a7ff5bacb60f42d9b01ec567e5e4db8b425cf
bd58b9e84c53b5d1,paired,,legacy-incremental-float,legacy-batch-float,spec012-confirm-02,2,1.0293711887498629,97c04318d17ca9998b7ed1ded81e6cffa4dc6f3196ab3f4eef583c5806ce4541,9b4d7e2c4e7a00ae183fb729512a7ff5bacb60f42d9b01ec567e5e4db8b425cf
bd58b9e84c53b5d1,paired,,legacy-incremental-float,legacy-batch-float,spec012-confirm-03,0,1.1979365277102365,97c04318d17ca9998b7ed1ded81e6cffa4dc6f3196ab3f4eef583c5806ce4541,9b4d7e2c4e7a00ae183fb729512a7ff5bacb60f42d9b01ec567e5e4db8b425cf
bd58b9e84c53b5d1,paired,,legacy-incremental-float,legacy-batch-float,spec012-confirm-03,1,1.0685840936450637,97c04318d17ca9998b7ed1ded81e6cffa4dc6f3196ab3f4eef583c5806ce4541,9b4d7e2c4e7a00ae183fb729512a7ff5bacb60f42d9b01ec567e5e4db8b425cf
bd58b9e84c53b5d1,paired,,legacy-incremental-float,legacy-batch-float,spec012-confirm-03,2,1.0351988905491667,97c04318d17ca9998b7ed1ded81e6cffa4dc6f3196ab3f4eef583c5806ce4541,9b4d7e2c4e7a00ae183fb729512a7ff5bacb60f42d9b01ec567e5e4db8b425cf
bd58b9e84c53b5d1,paired,,pffft-hybrid-float,pffft-analysis-float,spec012-confirm-01,0,2.033267542740808,be987da1af60857e0c307cbf112bc0d333a4aea0d4dca1e5de79faaf574043a9,dd9567bbb4fe7ae6c00424261f3d6c30f065b82e9f89d9e2909f6f84c82a3ecd
bd58b9e84c53b5d1,paired,,pffft-hybrid-float,pffft-analysis-float,spec012-confirm-01,1,2.002973271251883,be987da1af60857e0c307cbf112bc0d333a4aea0d4dca1e5de79faaf574043a9,dd9567bbb4fe7ae6c00424261f3d6c30f065b82e9f89d9e2909f6f84c82a3ecd
bd58b9e84c53b5d1,paired,,pffft-hybrid-float,pffft-analysis-float,spec012-confirm-01,2,2.0329536724438086,be987da1af60857e0c307cbf112bc0d333a4aea0d4dca1e5de79faaf574043a9,dd9567bbb4fe7ae6c00424261f3d6c30f065b82e9f89d9e2909f6f84c82a3ecd
bd58b9e84c53b5d1,paired,,pffft-hybrid-float,pffft-analysis-float,spec012-confirm-02,0,2.0249454818999206,be987da1af60857e0c307cbf112bc0d333a4aea0d4dca1e5de79faaf574043a9,dd9567bbb4fe7ae6c00424261f3d6c30f065b82e9f89d9e2909f6f84c82a3ecd
bd58b9e84c53b5d1,paired,,pffft-hybrid-float,pffft-analysis-float,spec012-confirm-02,1,2.004416889705926,be987da1af60857e0c307cbf112bc0d333a4aea0d4dca1e5de79faaf574043a9,dd9567bbb4fe7ae6c00424261f3d6c30f065b82e9f89d9e2909f6f84c82a3ecd
bd58b9e84c53b5d1,paired,,pffft-hybrid-float,pffft-analysis-float,spec012-confirm-02,2,1.994964714725567,be987da1af60857e0c307cbf112bc0d333a4aea0d4dca1e5de79faaf574043a9,dd9567bbb4fe7ae6c00424261f3d6c30f065b82e9f89d9e2909f6f84c82a3ecd
bd58b9e84c53b5d1,paired,,pffft-hybrid-float,pffft-analysis-float,spec012-confirm-03,0,1.9795083275285437,be987da1af60857e0c307cbf112bc0d333a4aea0d4dca1e5de79faaf574043a9,dd9567bbb4fe7ae6c00424261f3d6c30f065b82e9f89d9e2909f6f84c82a3ecd
bd58b9e84c53b5d1,paired,,pffft-hybrid-float,pffft-analysis-float,spec012-confirm-03,1,1.883354513980996,be987da1af60857e0c307cbf112bc0d333a4aea0d4dca1e5de79faaf574043a9,dd9567bbb4fe7ae6c00424261f3d6c30f065b82e9f89d9e2909f6f84c82a3ecd
bd58b9e84c53b5d1,paired,,pffft-hybrid-float,pffft-analysis-float,spec012-confirm-03,2,2.0371846429811367,be987da1af60857e0c307cbf112bc0d333a4aea0d4dca1e5de79faaf574043a9,dd9567bbb4fe7ae6c00424261f3d6c30f065b82e9f89d9e2909f6f84c82a3ecd
bd58b9e84c53b5d1,paired,,pffft-hybrid-float,core-float,spec012-confirm-01,0,0.7937685156808663,be987da1af60857e0c307cbf112bc0d333a4aea0d4dca1e5de79faaf574043a9,8bfc44b4d198b718646bae018716cf6641ea28264a9155447d929805084d6dac
bd58b9e84c53b5d1,paired,,pffft-hybrid-float,core-float,spec012-confirm-01,1,0.7753049027870615,be987da1af60857e0c307cbf112bc0d333a4aea0d4dca1e5de79faaf574043a9,8bfc44b4d198b718646bae018716cf6641ea28264a9155447d929805084d6dac
bd58b9e84c53b5d1,paired,,pffft-hybrid-float,core-float,spec012-confirm-01,2,0.7888043292476252,be987da1af60857e0c307cbf112bc0d333a4aea0d4dca1e5de79faaf574043a9,8bfc44b4d198b718646bae018716cf6641ea28264a9155447d929805084d6dac
bd58b9e84c53b5d1,paired,,pffft-hybrid-float,core-float,spec012-confirm-02,0,0.7957817025319545,be987da1af60857e0c307cbf112bc0d333a4aea0d4dca1e5de79faaf574043a9,8bfc44b4d198b718646bae018716cf6641ea28264a9155447d929805084d6dac
bd58b9e84c53b5d1,paired,,pffft-hybrid-float,core-float,spec012-confirm-02,1,0.7784750452790336,be987da1af60857e0c307cbf112bc0d333a4aea0d4dca1e5de79faaf574043a9,8bfc44b4d198b718646bae018716cf6641ea28264a9155447d929805084d6dac
bd58b9e84c53b5d1,paired,,pffft-hybrid-float,core-float,spec012-confirm-02,2,0.7934348667209001,be987da1af60857e0c307cbf112bc0d333a4aea0d4dca1e5de79faaf574043a9,8bfc44b4d198b718646bae018716cf6641ea28264a9155447d929805084d6dac
bd58b9e84c53b5d1,paired,,pffft-hybrid-float,core-float,spec012-confirm-03,0,0.77872991418398,be987da1af60857e0c307cbf112bc0d333a4aea0d4dca1e5de79faaf574043a9,8bfc44b4d198b718646bae018716cf6641ea28264a9155447d929805084d6dac
bd58b9e84c53b5d1,paired,,pffft-hybrid-float,core-float,spec012-confirm-03,1,0.6181003176115282,be987da1af60857e0c307cbf112bc0d333a4aea0d4dca1e5de79faaf574043a9,8bfc44b4d198b718646bae018716cf6641ea28264a9155447d929805084d6dac
bd58b9e84c53b5d1,paired,,pffft-hybrid-float,core-float,spec012-confirm-03,2,0.805536052692645,be987da1af60857e0c307cbf112bc0d333a4aea0d4dca1e5de79faaf574043a9,8bfc44b4d198b718646bae018716cf6641ea28264a9155447d929805084d6dac
bed9f289c7296032,paired,,pffft-hybrid-float,pffft-scheduled-batch-float,spec012-confirm-01,0,0.772106952768613,ff7599a9db2c820e1b83c40f8c92c50e209969780411190d74c3d7d729cfd3b4,bf2f6208fadcb11fd868d34951c60f2f52154a9797a6c2c095862e2f0cc94518
bed9f289c7296032,paired,,pffft-hybrid-float,pffft-scheduled-batch-float,spec012-confirm-01,1,0.7796439229087638,ff7599a9db2c820e1b83c40f8c92c50e209969780411190d74c3d7d729cfd3b4,bf2f6208fadcb11fd868d34951c60f2f52154a9797a6c2c095862e2f0cc94518
bed9f289c7296032,paired,,pffft-hybrid-float,pffft-scheduled-batch-float,spec012-confirm-01,2,0.7825825468353229,ff7599a9db2c820e1b83c40f8c92c50e209969780411190d74c3d7d729cfd3b4,bf2f6208fadcb11fd868d34951c60f2f52154a9797a6c2c095862e2f0cc94518
bed9f289c7296032,paired,,pffft-hybrid-float,pffft-scheduled-batch-float,spec012-confirm-02,0,0.8341618559711345,ff7599a9db2c820e1b83c40f8c92c50e209969780411190d74c3d7d729cfd3b4,bf2f6208fadcb11fd868d34951c60f2f52154a9797a6c2c095862e2f0cc94518
bed9f289c7296032,paired,,pffft-hybrid-float,pffft-scheduled-batch-float,spec012-confirm-02,1,0.7863989460014933,ff7599a9db2c820e1b83c40f8c92c50e209969780411190d74c3d7d729cfd3b4,bf2f6208fadcb11fd868d34951c60f2f52154a9797a6c2c095862e2f0cc94518
bed9f289c7296032,paired,,pffft-hybrid-float,pffft-scheduled-batch-float,spec012-confirm-02,2,0.7900150790546135,ff7599a9db2c820e1b83c40f8c92c50e209969780411190d74c3d7d729cfd3b4,bf2f6208fadcb11fd868d34951c60f2f52154a9797a6c2c095862e2f0cc94518
bed9f289c7296032,paired,,pffft-hybrid-float,pffft-scheduled-batch-float,spec012-confirm-03,0,0.7995064249454179,ff7599a9db2c820e1b83c40f8c92c50e209969780411190d74c3d7d729cfd3b4,bf2f6208fadcb11fd868d34951c60f2f52154a9797a6c2c095862e2f0cc94518
bed9f289c7296032,paired,,pffft-hybrid-float,pffft-scheduled-batch-float,spec012-confirm-03,1,2.9272547135987566,ff7599a9db2c820e1b83c40f8c92c50e209969780411190d74c3d7d729cfd3b4,bf2f6208fadcb11fd868d34951c60f2f52154a9797a6c2c095862e2f0cc94518
bed9f289c7296032,paired,,pffft-hybrid-float,pffft-scheduled-batch-float,spec012-confirm-03,2,0.8053715399855434,ff7599a9db2c820e1b83c40f8c92c50e209969780411190d74c3d7d729cfd3b4,bf2f6208fadcb11fd868d34951c60f2f52154a9797a6c2c095862e2f0cc94518
bed9f289c7296032,paired,,legacy-incremental-float,legacy-batch-float,spec012-confirm-01,0,0.9643112363057718,9867f3f81acc100df335bd175fd78f463d994e8b52df1c6667482ef1f5de5ed7,267ceb31ea6102a70ad617648b403bf74177f754ef6ee56436aea680119d0dc0
bed9f289c7296032,paired,,legacy-incremental-float,legacy-batch-float,spec012-confirm-01,1,0.9243805656471891,9867f3f81acc100df335bd175fd78f463d994e8b52df1c6667482ef1f5de5ed7,267ceb31ea6102a70ad617648b403bf74177f754ef6ee56436aea680119d0dc0
bed9f289c7296032,paired,,legacy-incremental-float,legacy-batch-float,spec012-confirm-01,2,0.9229454791004077,9867f3f81acc100df335bd175fd78f463d994e8b52df1c6667482ef1f5de5ed7,267ceb31ea6102a70ad617648b403bf74177f754ef6ee56436aea680119d0dc0
bed9f289c7296032,paired,,legacy-incremental-float,legacy-batch-float,spec012-confirm-02,0,0.9157332925352171,9867f3f81acc100df335bd175fd78f463d994e8b52df1c6667482ef1f5de5ed7,267ceb31ea6102a70ad617648b403bf74177f754ef6ee56436aea680119d0dc0
bed9f289c7296032,paired,,legacy-incremental-float,legacy-batch-float,spec012-confirm-02,1,0.9250927109544782,9867f3f81acc100df335bd175fd78f463d994e8b52df1c6667482ef1f5de5ed7,267ceb31ea6102a70ad617648b403bf74177f754ef6ee56436aea680119d0dc0
bed9f289c7296032,paired,,legacy-incremental-float,legacy-batch-float,spec012-confirm-02,2,0.927803146454266,9867f3f81acc100df335bd175fd78f463d994e8b52df1c6667482ef1f5de5ed7,267ceb31ea6102a70ad617648b403bf74177f754ef6ee56436aea680119d0dc0
bed9f289c7296032,paired,,legacy-incremental-float,legacy-batch-float,spec012-confirm-03,0,0.910368258441854,9867f3f81acc100df335bd175fd78f463d994e8b52df1c6667482ef1f5de5ed7,267ceb31ea6102a70ad617648b403bf74177f754ef6ee56436aea680119d0dc0
bed9f289c7296032,paired,,legacy-incremental-float,legacy-batch-float,spec012-confirm-03,1,0.920244574979711,9867f3f81acc100df335bd175fd78f463d994e8b52df1c6667482ef1f5de5ed7,267ceb31ea6102a70ad617648b403bf74177f754ef6ee56436aea680119d0dc0
bed9f289c7296032,paired,,legacy-incremental-float,legacy-batch-float,spec012-confirm-03,2,0.9160034740028083,9867f3f81acc100df335bd175fd78f463d994e8b52df1c6667482ef1f5de5ed7,267ceb31ea6102a70ad617648b403bf74177f754ef6ee56436aea680119d0dc0
bed9f289c7296032,paired,,pffft-hybrid-float,pffft-analysis-float,spec012-confirm-01,0,1.5935591206315962,ff7599a9db2c820e1b83c40f8c92c50e209969780411190d74c3d7d729cfd3b4,21bb4ac5de9e6f61a10d0073732d0883649d2b780dd67d42504d296d35f58e19
bed9f289c7296032,paired,,pffft-hybrid-float,pffft-analysis-float,spec012-confirm-01,1,1.6033972790224904,ff7599a9db2c820e1b83c40f8c92c50e209969780411190d74c3d7d729cfd3b4,21bb4ac5de9e6f61a10d0073732d0883649d2b780dd67d42504d296d35f58e19
bed9f289c7296032,paired,,pffft-hybrid-float,pffft-analysis-float,spec012-confirm-01,2,1.6105066514170576,ff7599a9db2c820e1b83c40f8c92c50e209969780411190d74c3d7d729cfd3b4,21bb4ac5de9e6f61a10d0073732d0883649d2b780dd67d42504d296d35f58e19
bed9f289c7296032,paired,,pffft-hybrid-float,pffft-analysis-float,spec012-confirm-02,0,1.6979503384291175,ff7599a9db2c820e1b83c40f8c92c50e209969780411190d74c3d7d729cfd3b4,21bb4ac5de9e6f61a10d0073732d0883649d2b780dd67d42504d296d35f58e19
bed9f289c7296032,paired,,pffft-hybrid-float,pffft-analysis-float,spec012-confirm-02,1,1.593801218234006,ff7599a9db2c820e1b83c40f8c92c50e209969780411190d74c3d7d729cfd3b4,21bb4ac5de9e6f61a10d0073732d0883649d2b780dd67d42504d296d35f58e19
bed9f289c7296032,paired,,pffft-hybrid-float,pffft-analysis-float,spec012-confirm-02,2,1.4497233504781881,ff7599a9db2c820e1b83c40f8c92c50e209969780411190d74c3d7d729cfd3b4,21bb4ac5de9e6f61a10d0073732d0883649d2b780dd67d42504d296d35f58e19
bed9f289c7296032,paired,,pffft-hybrid-float,pffft-analysis-float,spec012-confirm-03,0,1.6433056015749068,ff7599a9db2c820e1b83c40f8c92c50e209969780411190d74c3d7d729cfd3b4,21bb4ac5de9e6f61a10d0073732d0883649d2b780dd67d42504d296d35f58e19
bed9f289c7296032,paired,,pffft-hybrid-float,pffft-analysis-float,spec012-confirm-03,1,5.762914719905226,ff7599a9db2c820e1b83c40f8c92c50e209969780411190d74c3d7d729cfd3b4,21bb4ac5de9e6f61a10d0073732d0883649d2b780dd67d42504d296d35f58e19
bed9f289c7296032,paired,,pffft-hybrid-float,pffft-analysis-float,spec012-confirm-03,2,1.6482504354981729,ff7599a9db2c820e1b83c40f8c92c50e209969780411190d74c3d7d729cfd3b4,21bb4ac5de9e6f61a10d0073732d0883649d2b780dd67d42504d296d35f58e19
bed9f289c7296032,paired,,pffft-hybrid-float,core-float,spec012-confirm-01,0,0.7828293269859341,ff7599a9db2c820e1b83c40f8c92c50e209969780411190d74c3d7d729cfd3b4,e176794f4f453b7461deec384be3442650cc97803a6ddd15b4b22b6b3774e63b
bed9f289c7296032,paired,,pffft-hybrid-float,core-float,spec012-confirm-01,1,0.7887635005805722,ff7599a9db2c820e1b83c40f8c92c50e209969780411190d74c3d7d729cfd3b4,e176794f4f453b7461deec384be3442650cc97803a6ddd15b4b22b6b3774e63b
bed9f289c7296032,paired,,pffft-hybrid-float,core-float,spec012-confirm-01,2,0.7927453696123574,ff7599a9db2c820e1b83c40f8c92c50e209969780411190d74c3d7d729cfd3b4,e176794f4f453b7461deec384be3442650cc97803a6ddd15b4b22b6b3774e63b
bed9f289c7296032,paired,,pffft-hybrid-float,core-float,spec012-confirm-02,0,0.8448142176654712,ff7599a9db2c820e1b83c40f8c92c50e209969780411190d74c3d7d729cfd3b4,e176794f4f453b7461deec384be3442650cc97803a6ddd15b4b22b6b3774e63b
bed9f289c7296032,paired,,pffft-hybrid-float,core-float,spec012-confirm-02,1,0.7888002201047004,ff7599a9db2c820e1b83c40f8c92c50e209969780411190d74c3d7d729cfd3b4,e176794f4f453b7461deec384be3442650cc97803a6ddd15b4b22b6b3774e63b
bed9f289c7296032,paired,,pffft-hybrid-float,core-float,spec012-confirm-02,2,0.7822089104637544,ff7599a9db2c820e1b83c40f8c92c50e209969780411190d74c3d7d729cfd3b4,e176794f4f453b7461deec384be3442650cc97803a6ddd15b4b22b6b3774e63b
bed9f289c7296032,paired,,pffft-hybrid-float,core-float,spec012-confirm-03,0,0.7841379743166751,ff7599a9db2c820e1b83c40f8c92c50e209969780411190d74c3d7d729cfd3b4,e176794f4f453b7461deec384be3442650cc97803a6ddd15b4b22b6b3774e63b
bed9f289c7296032,paired,,pffft-hybrid-float,core-float,spec012-confirm-03,1,2.9536561834145525,ff7599a9db2c820e1b83c40f8c92c50e209969780411190d74c3d7d729cfd3b4,e176794f4f453b7461deec384be3442650cc97803a6ddd15b4b22b6b3774e63b
bed9f289c7296032,paired,,pffft-hybrid-float,core-float,spec012-confirm-03,2,0.7900280672544042,ff7599a9db2c820e1b83c40f8c92c50e209969780411190d74c3d7d729cfd3b4,e176794f4f453b7461deec384be3442650cc97803a6ddd15b4b22b6b3774e63b
c8f6376f3b64a85a,paired,,pffft-hybrid-float,pffft-scheduled-batch-float,spec012-confirm-01,0,0.8613485049392992,1321da8f1ac922cbf20772d02aefd04575036d235add186e4837dfcd8a52921d,4abf3724519f08fe3aa6ed561213923d948320e90353df18dc24e1bf06d88148
c8f6376f3b64a85a,paired,,pffft-hybrid-float,pffft-scheduled-batch-float,spec012-confirm-01,1,0.8713891513615809,1321da8f1ac922cbf20772d02aefd04575036d235add186e4837dfcd8a52921d,4abf3724519f08fe3aa6ed561213923d948320e90353df18dc24e1bf06d88148
c8f6376f3b64a85a,paired,,pffft-hybrid-float,pffft-scheduled-batch-float,spec012-confirm-01,2,1.2860718195243819,1321da8f1ac922cbf20772d02aefd04575036d235add186e4837dfcd8a52921d,4abf3724519f08fe3aa6ed561213923d948320e90353df18dc24e1bf06d88148
c8f6376f3b64a85a,paired,,pffft-hybrid-float,pffft-scheduled-batch-float,spec012-confirm-02,0,1.26482003093339,1321da8f1ac922cbf20772d02aefd04575036d235add186e4837dfcd8a52921d,4abf3724519f08fe3aa6ed561213923d948320e90353df18dc24e1bf06d88148
c8f6376f3b64a85a,paired,,pffft-hybrid-float,pffft-scheduled-batch-float,spec012-confirm-02,1,0.8472947641808634,1321da8f1ac922cbf20772d02aefd04575036d235add186e4837dfcd8a52921d,4abf3724519f08fe3aa6ed561213923d948320e90353df18dc24e1bf06d88148
c8f6376f3b64a85a,paired,,pffft-hybrid-float,pffft-scheduled-batch-float,spec012-confirm-02,2,0.8321930804316579,1321da8f1ac922cbf20772d02aefd04575036d235add186e4837dfcd8a52921d,4abf3724519f08fe3aa6ed561213923d948320e90353df18dc24e1bf06d88148
c8f6376f3b64a85a,paired,,pffft-hybrid-float,pffft-scheduled-batch-float,spec012-confirm-03,0,0.8613057827550771,1321da8f1ac922cbf20772d02aefd04575036d235add186e4837dfcd8a52921d,4abf3724519f08fe3aa6ed561213923d948320e90353df18dc24e1bf06d88148
c8f6376f3b64a85a,paired,,pffft-hybrid-float,pffft-scheduled-batch-float,spec012-confirm-03,1,0.8734619846252151,1321da8f1ac922cbf20772d02aefd04575036d235add186e4837dfcd8a52921d,4abf3724519f08fe3aa6ed561213923d948320e90353df18dc24e1bf06d88148
c8f6376f3b64a85a,paired,,pffft-hybrid-float,pffft-scheduled-batch-float,spec012-confirm-03,2,0.8555559996565433,1321da8f1ac922cbf20772d02aefd04575036d235add186e4837dfcd8a52921d,4abf3724519f08fe3aa6ed561213923d948320e90353df18dc24e1bf06d88148
c8f6376f3b64a85a,paired,,legacy-incremental-float,legacy-batch-float,spec012-confirm-01,0,1.052244524515069,f6bc54a047a26c5434def3b19553e5c671fec55c9db33ff95b96da4a59b32da8,cb439091f88c85fff4f2efac91732ce2a87195c72dd8be565e89869d59e4e5f2
c8f6376f3b64a85a,paired,,legacy-incremental-float,legacy-batch-float,spec012-confirm-01,1,1.0419833082071135,f6bc54a047a26c5434def3b19553e5c671fec55c9db33ff95b96da4a59b32da8,cb439091f88c85fff4f2efac91732ce2a87195c72dd8be565e89869d59e4e5f2
c8f6376f3b64a85a,paired,,legacy-incremental-float,legacy-batch-float,spec012-confirm-01,2,1.0275901765303748,f6bc54a047a26c5434def3b19553e5c671fec55c9db33ff95b96da4a59b32da8,cb439091f88c85fff4f2efac91732ce2a87195c72dd8be565e89869d59e4e5f2
c8f6376f3b64a85a,paired,,legacy-incremental-float,legacy-batch-float,spec012-confirm-02,0,1.7810137254768474,f6bc54a047a26c5434def3b19553e5c671fec55c9db33ff95b96da4a59b32da8,cb439091f88c85fff4f2efac91732ce2a87195c72dd8be565e89869d59e4e5f2
c8f6376f3b64a85a,paired,,legacy-incremental-float,legacy-batch-float,spec012-confirm-02,1,1.0491997567349947,f6bc54a047a26c5434def3b19553e5c671fec55c9db33ff95b96da4a59b32da8,cb439091f88c85fff4f2efac91732ce2a87195c72dd8be565e89869d59e4e5f2
c8f6376f3b64a85a,paired,,legacy-incremental-float,legacy-batch-float,spec012-confirm-02,2,1.0260241668126096,f6bc54a047a26c5434def3b19553e5c671fec55c9db33ff95b96da4a59b32da8,cb439091f88c85fff4f2efac91732ce2a87195c72dd8be565e89869d59e4e5f2
c8f6376f3b64a85a,paired,,legacy-incremental-float,legacy-batch-float,spec012-confirm-03,0,1.0339827264912296,f6bc54a047a26c5434def3b19553e5c671fec55c9db33ff95b96da4a59b32da8,cb439091f88c85fff4f2efac91732ce2a87195c72dd8be565e89869d59e4e5f2
c8f6376f3b64a85a,paired,,legacy-incremental-float,legacy-batch-float,spec012-confirm-03,1,1.036604773821265,f6bc54a047a26c5434def3b19553e5c671fec55c9db33ff95b96da4a59b32da8,cb439091f88c85fff4f2efac91732ce2a87195c72dd8be565e89869d59e4e5f2
c8f6376f3b64a85a,paired,,legacy-incremental-float,legacy-batch-float,spec012-confirm-03,2,1.0470161287815594,f6bc54a047a26c5434def3b19553e5c671fec55c9db33ff95b96da4a59b32da8,cb439091f88c85fff4f2efac91732ce2a87195c72dd8be565e89869d59e4e5f2
c8f6376f3b64a85a,paired,,pffft-hybrid-float,pffft-analysis-float,spec012-confirm-01,0,1.9801746900812702,1321da8f1ac922cbf20772d02aefd04575036d235add186e4837dfcd8a52921d,423737af80e6384e843254b86aab6df093c966f908632acbd15d675fb0ca75c4
c8f6376f3b64a85a,paired,,pffft-hybrid-float,pffft-analysis-float,spec012-confirm-01,1,2.0256401316531814,1321da8f1ac922cbf20772d02aefd04575036d235add186e4837dfcd8a52921d,423737af80e6384e843254b86aab6df093c966f908632acbd15d675fb0ca75c4
c8f6376f3b64a85a,paired,,pffft-hybrid-float,pffft-analysis-float,spec012-confirm-01,2,3.004764318121795,1321da8f1ac922cbf20772d02aefd04575036d235add186e4837dfcd8a52921d,423737af80e6384e843254b86aab6df093c966f908632acbd15d675fb0ca75c4
c8f6376f3b64a85a,paired,,pffft-hybrid-float,pffft-analysis-float,spec012-confirm-02,0,2.9077972007360144,1321da8f1ac922cbf20772d02aefd04575036d235add186e4837dfcd8a52921d,423737af80e6384e843254b86aab6df093c966f908632acbd15d675fb0ca75c4
c8f6376f3b64a85a,paired,,pffft-hybrid-float,pffft-analysis-float,spec012-confirm-02,1,1.9879537786885477,1321da8f1ac922cbf20772d02aefd04575036d235add186e4837dfcd8a52921d,423737af80e6384e843254b86aab6df093c966f908632acbd15d675fb0ca75c4
c8f6376f3b64a85a,paired,,pffft-hybrid-float,pffft-analysis-float,spec012-confirm-02,2,2.0401583491736677,1321da8f1ac922cbf20772d02aefd04575036d235add186e4837dfcd8a52921d,423737af80e6384e843254b86aab6df093c966f908632acbd15d675fb0ca75c4
c8f6376f3b64a85a,paired,,pffft-hybrid-float,pffft-analysis-float,spec012-confirm-03,0,1.9896726557361037,1321da8f1ac922cbf20772d02aefd04575036d235add186e4837dfcd8a52921d,423737af80e6384e843254b86aab6df093c966f908632acbd15d675fb0ca75c4
c8f6376f3b64a85a,paired,,pffft-hybrid-float,pffft-analysis-float,spec012-confirm-03,1,1.9850092792212186,1321da8f1ac922cbf20772d02aefd04575036d235add186e4837dfcd8a52921d,423737af80e6384e843254b86aab6df093c966f908632acbd15d675fb0ca75c4
c8f6376f3b64a85a,paired,,pffft-hybrid-float,pffft-analysis-float,spec012-confirm-03,2,1.8583626421599049,1321da8f1ac922cbf20772d02aefd04575036d235add186e4837dfcd8a52921d,423737af80e6384e843254b86aab6df093c966f908632acbd15d675fb0ca75c4
c8f6376f3b64a85a,paired,,pffft-hybrid-float,core-float,spec012-confirm-01,0,0.7864262670656443,1321da8f1ac922cbf20772d02aefd04575036d235add186e4837dfcd8a52921d,f4bd5bd9f675dc5cc611758905791673dcf6210bc914efc250a887b937afe7fc
c8f6376f3b64a85a,paired,,pffft-hybrid-float,core-float,spec012-confirm-01,1,0.7781145823794556,1321da8f1ac922cbf20772d02aefd04575036d235add186e4837dfcd8a52921d,f4bd5bd9f675dc5cc611758905791673dcf6210bc914efc250a887b937afe7fc
c8f6376f3b64a85a,paired,,pffft-hybrid-float,core-float,spec012-confirm-01,2,1.1706393787086344,1321da8f1ac922cbf20772d02aefd04575036d235add186e4837dfcd8a52921d,f4bd5bd9f675dc5cc611758905791673dcf6210bc914efc250a887b937afe7fc
c8f6376f3b64a85a,paired,,pffft-hybrid-float,core-float,spec012-confirm-02,0,1.1497159985839709,1321da8f1ac922cbf20772d02aefd04575036d235add186e4837dfcd8a52921d,f4bd5bd9f675dc5cc611758905791673dcf6210bc914efc250a887b937afe7fc
c8f6376f3b64a85a,paired,,pffft-hybrid-float,core-float,spec012-confirm-02,1,0.7749591370730549,1321da8f1ac922cbf20772d02aefd04575036d235add186e4837dfcd8a52921d,f4bd5bd9f675dc5cc611758905791673dcf6210bc914efc250a887b937afe7fc
c8f6376f3b64a85a,paired,,pffft-hybrid-float,core-float,spec012-confirm-02,2,0.7940527750442896,1321da8f1ac922cbf20772d02aefd04575036d235add186e4837dfcd8a52921d,f4bd5bd9f675dc5cc611758905791673dcf6210bc914efc250a887b937afe7fc
c8f6376f3b64a85a,paired,,pffft-hybrid-float,core-float,spec012-confirm-03,0,0.7813312607766517,1321da8f1ac922cbf20772d02aefd04575036d235add186e4837dfcd8a52921d,f4bd5bd9f675dc5cc611758905791673dcf6210bc914efc250a887b937afe7fc
c8f6376f3b64a85a,paired,,pffft-hybrid-float,core-float,spec012-confirm-03,1,0.7799434888493703,1321da8f1ac922cbf20772d02aefd04575036d235add186e4837dfcd8a52921d,f4bd5bd9f675dc5cc611758905791673dcf6210bc914efc250a887b937afe7fc
c8f6376f3b64a85a,paired,,pffft-hybrid-float,core-float,spec012-confirm-03,2,0.7675120945344291,1321da8f1ac922cbf20772d02aefd04575036d235add186e4837dfcd8a52921d,f4bd5bd9f675dc5cc611758905791673dcf6210bc914efc250a887b937afe7fc
ccd76e81e9fdaee4,paired,,pffft-hybrid-float,pffft-scheduled-batch-float,spec012-confirm-01,0,0.9066492933851799,8d5a7e22d7339e3b5ab05036ceb84c335771c097aca0662681a042d1f54cd139,067da08fa9d416b636365dee5827415823caeadbd97a938d7bc65ca93aa6f7bf
ccd76e81e9fdaee4,paired,,pffft-hybrid-float,pffft-scheduled-batch-float,spec012-confirm-01,1,0.9072397748263115,8d5a7e22d7339e3b5ab05036ceb84c335771c097aca0662681a042d1f54cd139,067da08fa9d416b636365dee5827415823caeadbd97a938d7bc65ca93aa6f7bf
ccd76e81e9fdaee4,paired,,pffft-hybrid-float,pffft-scheduled-batch-float,spec012-confirm-01,2,0.9317480667396707,8d5a7e22d7339e3b5ab05036ceb84c335771c097aca0662681a042d1f54cd139,067da08fa9d416b636365dee5827415823caeadbd97a938d7bc65ca93aa6f7bf
ccd76e81e9fdaee4,paired,,pffft-hybrid-float,pffft-scheduled-batch-float,spec012-confirm-02,0,0.9038115485653662,8d5a7e22d7339e3b5ab05036ceb84c335771c097aca0662681a042d1f54cd139,067da08fa9d416b636365dee5827415823caeadbd97a938d7bc65ca93aa6f7bf
ccd76e81e9fdaee4,paired,,pffft-hybrid-float,pffft-scheduled-batch-float,spec012-confirm-02,1,1.0641566537221745,8d5a7e22d7339e3b5ab05036ceb84c335771c097aca0662681a042d1f54cd139,067da08fa9d416b636365dee5827415823caeadbd97a938d7bc65ca93aa6f7bf
ccd76e81e9fdaee4,paired,,pffft-hybrid-float,pffft-scheduled-batch-float,spec012-confirm-02,2,0.906291071951248,8d5a7e22d7339e3b5ab05036ceb84c335771c097aca0662681a042d1f54cd139,067da08fa9d416b636365dee5827415823caeadbd97a938d7bc65ca93aa6f7bf
ccd76e81e9fdaee4,paired,,pffft-hybrid-float,pffft-scheduled-batch-float,spec012-confirm-03,0,1.019859863321294,8d5a7e22d7339e3b5ab05036ceb84c335771c097aca0662681a042d1f54cd139,067da08fa9d416b636365dee5827415823caeadbd97a938d7bc65ca93aa6f7bf
ccd76e81e9fdaee4,paired,,pffft-hybrid-float,pffft-scheduled-batch-float,spec012-confirm-03,1,0.8854357164461413,8d5a7e22d7339e3b5ab05036ceb84c335771c097aca0662681a042d1f54cd139,067da08fa9d416b636365dee5827415823caeadbd97a938d7bc65ca93aa6f7bf
ccd76e81e9fdaee4,paired,,pffft-hybrid-float,pffft-scheduled-batch-float,spec012-confirm-03,2,0.9309089558531601,8d5a7e22d7339e3b5ab05036ceb84c335771c097aca0662681a042d1f54cd139,067da08fa9d416b636365dee5827415823caeadbd97a938d7bc65ca93aa6f7bf
ccd76e81e9fdaee4,paired,,legacy-incremental-float,legacy-batch-float,spec012-confirm-01,0,1.0951473587755693,18c4fc9ccb063cff258cb426737873a1320a43bb304e0af59980cbdf4ce3bd52,8b06731760ae0533898c770ee1d5c7ab0fbff8ec00db0997309a51b3ee1b57be
ccd76e81e9fdaee4,paired,,legacy-incremental-float,legacy-batch-float,spec012-confirm-01,1,1.0935636379535103,18c4fc9ccb063cff258cb426737873a1320a43bb304e0af59980cbdf4ce3bd52,8b06731760ae0533898c770ee1d5c7ab0fbff8ec00db0997309a51b3ee1b57be
ccd76e81e9fdaee4,paired,,legacy-incremental-float,legacy-batch-float,spec012-confirm-01,2,1.0924822681897026,18c4fc9ccb063cff258cb426737873a1320a43bb304e0af59980cbdf4ce3bd52,8b06731760ae0533898c770ee1d5c7ab0fbff8ec00db0997309a51b3ee1b57be
ccd76e81e9fdaee4,paired,,legacy-incremental-float,legacy-batch-float,spec012-confirm-02,0,1.1059482010106252,18c4fc9ccb063cff258cb426737873a1320a43bb304e0af59980cbdf4ce3bd52,8b06731760ae0533898c770ee1d5c7ab0fbff8ec00db0997309a51b3ee1b57be
ccd76e81e9fdaee4,paired,,legacy-incremental-float,legacy-batch-float,spec012-confirm-02,1,1.080078538015908,18c4fc9ccb063cff258cb426737873a1320a43bb304e0af59980cbdf4ce3bd52,8b06731760ae0533898c770ee1d5c7ab0fbff8ec00db0997309a51b3ee1b57be
ccd76e81e9fdaee4,paired,,legacy-incremental-float,legacy-batch-float,spec012-confirm-02,2,1.1421906329528797,18c4fc9ccb063cff258cb426737873a1320a43bb304e0af59980cbdf4ce3bd52,8b06731760ae0533898c770ee1d5c7ab0fbff8ec00db0997309a51b3ee1b57be
ccd76e81e9fdaee4,paired,,legacy-incremental-float,legacy-batch-float,spec012-confirm-03,0,1.0810013551292335,18c4fc9ccb063cff258cb426737873a1320a43bb304e0af59980cbdf4ce3bd52,8b06731760ae0533898c770ee1d5c7ab0fbff8ec00db0997309a51b3ee1b57be
ccd76e81e9fdaee4,paired,,legacy-incremental-float,legacy-batch-float,spec012-confirm-03,1,1.1442337100250206,18c4fc9ccb063cff258cb426737873a1320a43bb304e0af59980cbdf4ce3bd52,8b06731760ae0533898c770ee1d5c7ab0fbff8ec00db0997309a51b3ee1b57be
ccd76e81e9fdaee4,paired,,legacy-incremental-float,legacy-batch-float,spec012-confirm-03,2,1.0930802119509329,18c4fc9ccb063cff258cb426737873a1320a43bb304e0af59980cbdf4ce3bd52,8b06731760ae0533898c770ee1d5c7ab0fbff8ec00db0997309a51b3ee1b57be
ccd76e81e9fdaee4,paired,,pffft-hybrid-float,pffft-analysis-float,spec012-confirm-01,0,2.104037709210376,8d5a7e22d7339e3b5ab05036ceb84c335771c097aca0662681a042d1f54cd139,7e586fa75dd6977c78b30bb957c2d5717d25d3d04fe4ac67edf72efee6975f27
ccd76e81e9fdaee4,paired,,pffft-hybrid-float,pffft-analysis-float,spec012-confirm-01,1,2.1341857115714413,8d5a7e22d7339e3b5ab05036ceb84c335771c097aca0662681a042d1f54cd139,7e586fa75dd6977c78b30bb957c2d5717d25d3d04fe4ac67edf72efee6975f27
ccd76e81e9fdaee4,paired,,pffft-hybrid-float,pffft-analysis-float,spec012-confirm-01,2,2.1313201961873265,8d5a7e22d7339e3b5ab05036ceb84c335771c097aca0662681a042d1f54cd139,7e586fa75dd6977c78b30bb957c2d5717d25d3d04fe4ac67edf72efee6975f27
ccd76e81e9fdaee4,paired,,pffft-hybrid-float,pffft-analysis-float,spec012-confirm-02,0,2.069662080246915,8d5a7e22d7339e3b5ab05036ceb84c335771c097aca0662681a042d1f54cd139,7e586fa75dd6977c78b30bb957c2d5717d25d3d04fe4ac67edf72efee6975f27
ccd76e81e9fdaee4,paired,,pffft-hybrid-float,pffft-analysis-float,spec012-confirm-02,1,2.4635057506482374,8d5a7e22d7339e3b5ab05036ceb84c335771c097aca0662681a042d1f54cd139,7e586fa75dd6977c78b30bb957c2d5717d25d3d04fe4ac67edf72efee6975f27
ccd76e81e9fdaee4,paired,,pffft-hybrid-float,pffft-analysis-float,spec012-confirm-02,2,2.0693150270622853,8d5a7e22d7339e3b5ab05036ceb84c335771c097aca0662681a042d1f54cd139,7e586fa75dd6977c78b30bb957c2d5717d25d3d04fe4ac67edf72efee6975f27
ccd76e81e9fdaee4,paired,,pffft-hybrid-float,pffft-analysis-float,spec012-confirm-03,0,2.3107032181865756,8d5a7e22d7339e3b5ab05036ceb84c335771c097aca0662681a042d1f54cd139,7e586fa75dd6977c78b30bb957c2d5717d25d3d04fe4ac67edf72efee6975f27
ccd76e81e9fdaee4,paired,,pffft-hybrid-float,pffft-analysis-float,spec012-confirm-03,1,2.14767400501501,8d5a7e22d7339e3b5ab05036ceb84c335771c097aca0662681a042d1f54cd139,7e586fa75dd6977c78b30bb957c2d5717d25d3d04fe4ac67edf72efee6975f27
ccd76e81e9fdaee4,paired,,pffft-hybrid-float,pffft-analysis-float,spec012-confirm-03,2,2.091756646774503,8d5a7e22d7339e3b5ab05036ceb84c335771c097aca0662681a042d1f54cd139,7e586fa75dd6977c78b30bb957c2d5717d25d3d04fe4ac67edf72efee6975f27
ccd76e81e9fdaee4,paired,,pffft-hybrid-float,core-float,spec012-confirm-01,0,0.7387410487156887,8d5a7e22d7339e3b5ab05036ceb84c335771c097aca0662681a042d1f54cd139,f5b8573a4a87345c5f882a8e63ce46e7a3bb1c9b1b8670dffee7e68b1dfa8c5d
ccd76e81e9fdaee4,paired,,pffft-hybrid-float,core-float,spec012-confirm-01,1,0.7556814963956725,8d5a7e22d7339e3b5ab05036ceb84c335771c097aca0662681a042d1f54cd139,f5b8573a4a87345c5f882a8e63ce46e7a3bb1c9b1b8670dffee7e68b1dfa8c5d
ccd76e81e9fdaee4,paired,,pffft-hybrid-float,core-float,spec012-confirm-01,2,0.7603651557141666,8d5a7e22d7339e3b5ab05036ceb84c335771c097aca0662681a042d1f54cd139,f5b8573a4a87345c5f882a8e63ce46e7a3bb1c9b1b8670dffee7e68b1dfa8c5d
ccd76e81e9fdaee4,paired,,pffft-hybrid-float,core-float,spec012-confirm-02,0,0.735610688000323,8d5a7e22d7339e3b5ab05036ceb84c335771c097aca0662681a042d1f54cd139,f5b8573a4a87345c5f882a8e63ce46e7a3bb1c9b1b8670dffee7e68b1dfa8c5d
ccd76e81e9fdaee4,paired,,pffft-hybrid-float,core-float,spec012-confirm-02,1,0.8622610727932272,8d5a7e22d7339e3b5ab05036ceb84c335771c097aca0662681a042d1f54cd139,f5b8573a4a87345c5f882a8e63ce46e7a3bb1c9b1b8670dffee7e68b1dfa8c5d
ccd76e81e9fdaee4,paired,,pffft-hybrid-float,core-float,spec012-confirm-02,2,0.7425995843633048,8d5a7e22d7339e3b5ab05036ceb84c335771c097aca0662681a042d1f54cd139,f5b8573a4a87345c5f882a8e63ce46e7a3bb1c9b1b8670dffee7e68b1dfa8c5d
ccd76e81e9fdaee4,paired,,pffft-hybrid-float,core-float,spec012-confirm-03,0,0.8319531790591741,8d5a7e22d7339e3b5ab05036ceb84c335771c097aca0662681a042d1f54cd139,f5b8573a4a87345c5f882a8e63ce46e7a3bb1c9b1b8670dffee7e68b1dfa8c5d
ccd76e81e9fdaee4,paired,,pffft-hybrid-float,core-float,spec012-confirm-03,1,0.7579235356760378,8d5a7e22d7339e3b5ab05036ceb84c335771c097aca0662681a042d1f54cd139,f5b8573a4a87345c5f882a8e63ce46e7a3bb1c9b1b8670dffee7e68b1dfa8c5d
ccd76e81e9fdaee4,paired,,pffft-hybrid-float,core-float,spec012-confirm-03,2,0.7322186390508325,8d5a7e22d7339e3b5ab05036ceb84c335771c097aca0662681a042d1f54cd139,f5b8573a4a87345c5f882a8e63ce46e7a3bb1c9b1b8670dffee7e68b1dfa8c5d
d55991aa114ad665,paired,,pffft-hybrid-float,pffft-scheduled-batch-float,spec012-confirm-01,0,0.9237677610234525,ad02eeb88de22887ebf26dfabfbe93219671f2f59bf89873cace1d6cb1ea6a64,1b62cd724e4ef0a5ab2e1f6ed7d803637c4bf24c5f630fa953d04e7217adadbb
d55991aa114ad665,paired,,pffft-hybrid-float,pffft-scheduled-batch-float,spec012-confirm-01,1,1.0298162049055035,ad02eeb88de22887ebf26dfabfbe93219671f2f59bf89873cace1d6cb1ea6a64,1b62cd724e4ef0a5ab2e1f6ed7d803637c4bf24c5f630fa953d04e7217adadbb
d55991aa114ad665,paired,,pffft-hybrid-float,pffft-scheduled-batch-float,spec012-confirm-01,2,0.9260356920124513,ad02eeb88de22887ebf26dfabfbe93219671f2f59bf89873cace1d6cb1ea6a64,1b62cd724e4ef0a5ab2e1f6ed7d803637c4bf24c5f630fa953d04e7217adadbb
d55991aa114ad665,paired,,pffft-hybrid-float,pffft-scheduled-batch-float,spec012-confirm-02,0,0.977800397904178,ad02eeb88de22887ebf26dfabfbe93219671f2f59bf89873cace1d6cb1ea6a64,1b62cd724e4ef0a5ab2e1f6ed7d803637c4bf24c5f630fa953d04e7217adadbb
d55991aa114ad665,paired,,pffft-hybrid-float,pffft-scheduled-batch-float,spec012-confirm-02,1,0.9631652685855794,ad02eeb88de22887ebf26dfabfbe93219671f2f59bf89873cace1d6cb1ea6a64,1b62cd724e4ef0a5ab2e1f6ed7d803637c4bf24c5f630fa953d04e7217adadbb
d55991aa114ad665,paired,,pffft-hybrid-float,pffft-scheduled-batch-float,spec012-confirm-02,2,0.9717136814522351,ad02eeb88de22887ebf26dfabfbe93219671f2f59bf89873cace1d6cb1ea6a64,1b62cd724e4ef0a5ab2e1f6ed7d803637c4bf24c5f630fa953d04e7217adadbb
d55991aa114ad665,paired,,pffft-hybrid-float,pffft-scheduled-batch-float,spec012-confirm-03,0,0.9231791726565238,ad02eeb88de22887ebf26dfabfbe93219671f2f59bf89873cace1d6cb1ea6a64,1b62cd724e4ef0a5ab2e1f6ed7d803637c4bf24c5f630fa953d04e7217adadbb
d55991aa114ad665,paired,,pffft-hybrid-float,pffft-scheduled-batch-float,spec012-confirm-03,1,0.9675807906808995,ad02eeb88de22887ebf26dfabfbe93219671f2f59bf89873cace1d6cb1ea6a64,1b62cd724e4ef0a5ab2e1f6ed7d803637c4bf24c5f630fa953d04e7217adadbb
d55991aa114ad665,paired,,pffft-hybrid-float,pffft-scheduled-batch-float,spec012-confirm-03,2,0.947018052609506,ad02eeb88de22887ebf26dfabfbe93219671f2f59bf89873cace1d6cb1ea6a64,1b62cd724e4ef0a5ab2e1f6ed7d803637c4bf24c5f630fa953d04e7217adadbb
d55991aa114ad665,paired,,legacy-incremental-float,legacy-batch-float,spec012-confirm-01,0,1.002049863376918,bf2f8aac74dacaec3ad2eac6236b175bff2671b7b1683f8553fdbb932826fc03,3daaa29b54919b82d68b6abbfc4055b8872e667764972d8a4048884ca1189aa3
d55991aa114ad665,paired,,legacy-incremental-float,legacy-batch-float,spec012-confirm-01,1,0.9954749267548915,bf2f8aac74dacaec3ad2eac6236b175bff2671b7b1683f8553fdbb932826fc03,3daaa29b54919b82d68b6abbfc4055b8872e667764972d8a4048884ca1189aa3
d55991aa114ad665,paired,,legacy-incremental-float,legacy-batch-float,spec012-confirm-01,2,1.0123424451549647,bf2f8aac74dacaec3ad2eac6236b175bff2671b7b1683f8553fdbb932826fc03,3daaa29b54919b82d68b6abbfc4055b8872e667764972d8a4048884ca1189aa3
d55991aa114ad665,paired,,legacy-incremental-float,legacy-batch-float,spec012-confirm-02,0,0.98775958460117,bf2f8aac74dacaec3ad2eac6236b175bff2671b7b1683f8553fdbb932826fc03,3daaa29b54919b82d68b6abbfc4055b8872e667764972d8a4048884ca1189aa3
d55991aa114ad665,paired,,legacy-incremental-float,legacy-batch-float,spec012-confirm-02,1,0.9855261103370307,bf2f8aac74dacaec3ad2eac6236b175bff2671b7b1683f8553fdbb932826fc03,3daaa29b54919b82d68b6abbfc4055b8872e667764972d8a4048884ca1189aa3
d55991aa114ad665,paired,,legacy-incremental-float,legacy-batch-float,spec012-confirm-02,2,1.0007804954045727,bf2f8aac74dacaec3ad2eac6236b175bff2671b7b1683f8553fdbb932826fc03,3daaa29b54919b82d68b6abbfc4055b8872e667764972d8a4048884ca1189aa3
d55991aa114ad665,paired,,legacy-incremental-float,legacy-batch-float,spec012-confirm-03,0,0.9973745279266315,bf2f8aac74dacaec3ad2eac6236b175bff2671b7b1683f8553fdbb932826fc03,3daaa29b54919b82d68b6abbfc4055b8872e667764972d8a4048884ca1189aa3
d55991aa114ad665,paired,,legacy-incremental-float,legacy-batch-float,spec012-confirm-03,1,0.9807801340381291,bf2f8aac74dacaec3ad2eac6236b175bff2671b7b1683f8553fdbb932826fc03,3daaa29b54919b82d68b6abbfc4055b8872e667764972d8a4048884ca1189aa3
d55991aa114ad665,paired,,legacy-incremental-float,legacy-batch-float,spec012-confirm-03,2,1.0305492556759022,bf2f8aac74dacaec3ad2eac6236b175bff2671b7b1683f8553fdbb932826fc03,3daaa29b54919b82d68b6abbfc4055b8872e667764972d8a4048884ca1189aa3
d55991aa114ad665,paired,,pffft-hybrid-float,pffft-analysis-float,spec012-confirm-01,0,1.0831349773187788,ad02eeb88de22887ebf26dfabfbe93219671f2f59bf89873cace1d6cb1ea6a64,06d881343844894307207b336d9884e91ffb3fa7ae6d2f76b543d40d431f5183
d55991aa114ad665,paired,,pffft-hybrid-float,pffft-analysis-float,spec012-confirm-01,1,1.0706935904809602,ad02eeb88de22887ebf26dfabfbe93219671f2f59bf89873cace1d6cb1ea6a64,06d881343844894307207b336d9884e91ffb3fa7ae6d2f76b543d40d431f5183
d55991aa114ad665,paired,,pffft-hybrid-float,pffft-analysis-float,spec012-confirm-01,2,1.0178923609252817,ad02eeb88de22887ebf26dfabfbe93219671f2f59bf89873cace1d6cb1ea6a64,06d881343844894307207b336d9884e91ffb3fa7ae6d2f76b543d40d431f5183
d55991aa114ad665,paired,,pffft-hybrid-float,pffft-analysis-float,spec012-confirm-02,0,1.0859269538322263,ad02eeb88de22887ebf26dfabfbe93219671f2f59bf89873cace1d6cb1ea6a64,06d881343844894307207b336d9884e91ffb3fa7ae6d2f76b543d40d431f5183
d55991aa114ad665,paired,,pffft-hybrid-float,pffft-analysis-float,spec012-confirm-02,1,1.1648434466731983,ad02eeb88de22887ebf26dfabfbe93219671f2f59bf89873cace1d6cb1ea6a64,06d881343844894307207b336d9884e91ffb3fa7ae6d2f76b543d40d431f5183
d55991aa114ad665,paired,,pffft-hybrid-float,pffft-analysis-float,spec012-confirm-02,2,1.0843850768798082,ad02eeb88de22887ebf26dfabfbe93219671f2f59bf89873cace1d6cb1ea6a64,06d881343844894307207b336d9884e91ffb3fa7ae6d2f76b543d40d431f5183
d55991aa114ad665,paired,,pffft-hybrid-float,pffft-analysis-float,spec012-confirm-03,0,1.1249435131895842,ad02eeb88de22887ebf26dfabfbe93219671f2f59bf89873cace1d6cb1ea6a64,06d881343844894307207b336d9884e91ffb3fa7ae6d2f76b543d40d431f5183
d55991aa114ad665,paired,,pffft-hybrid-float,pffft-analysis-float,spec012-confirm-03,1,1.072116412061617,ad02eeb88de22887ebf26dfabfbe93219671f2f59bf89873cace1d6cb1ea6a64,06d881343844894307207b336d9884e91ffb3fa7ae6d2f76b543d40d431f5183
d55991aa114ad665,paired,,pffft-hybrid-float,pffft-analysis-float,spec012-confirm-03,2,1.0530032739940018,ad02eeb88de22887ebf26dfabfbe93219671f2f59bf89873cace1d6cb1ea6a64,06d881343844894307207b336d9884e91ffb3fa7ae6d2f76b543d40d431f5183
d55991aa114ad665,paired,,pffft-hybrid-float,core-float,spec012-confirm-01,0,0.7034081848130613,ad02eeb88de22887ebf26dfabfbe93219671f2f59bf89873cace1d6cb1ea6a64,2f95c1b17c3a1e132b3663cdb89aa6462b17cddb17a2b41e11fb916717149372
d55991aa114ad665,paired,,pffft-hybrid-float,core-float,spec012-confirm-01,1,0.7460627122381289,ad02eeb88de22887ebf26dfabfbe93219671f2f59bf89873cace1d6cb1ea6a64,2f95c1b17c3a1e132b3663cdb89aa6462b17cddb17a2b41e11fb916717149372
d55991aa114ad665,paired,,pffft-hybrid-float,core-float,spec012-confirm-01,2,0.708796992296276,ad02eeb88de22887ebf26dfabfbe93219671f2f59bf89873cace1d6cb1ea6a64,2f95c1b17c3a1e132b3663cdb89aa6462b17cddb17a2b41e11fb916717149372
d55991aa114ad665,paired,,pffft-hybrid-float,core-float,spec012-confirm-02,0,0.719807864278232,ad02eeb88de22887ebf26dfabfbe93219671f2f59bf89873cace1d6cb1ea6a64,2f95c1b17c3a1e132b3663cdb89aa6462b17cddb17a2b41e11fb916717149372
d55991aa114ad665,paired,,pffft-hybrid-float,core-float,spec012-confirm-02,1,0.7535256152870217,ad02eeb88de22887ebf26dfabfbe93219671f2f59bf89873cace1d6cb1ea6a64,2f95c1b17c3a1e132b3663cdb89aa6462b17cddb17a2b41e11fb916717149372
d55991aa114ad665,paired,,pffft-hybrid-float,core-float,spec012-confirm-02,2,0.695590450892081,ad02eeb88de22887ebf26dfabfbe93219671f2f59bf89873cace1d6cb1ea6a64,2f95c1b17c3a1e132b3663cdb89aa6462b17cddb17a2b41e11fb916717149372
d55991aa114ad665,paired,,pffft-hybrid-float,core-float,spec012-confirm-03,0,0.7142463794092161,ad02eeb88de22887ebf26dfabfbe93219671f2f59bf89873cace1d6cb1ea6a64,2f95c1b17c3a1e132b3663cdb89aa6462b17cddb17a2b41e11fb916717149372
d55991aa114ad665,paired,,pffft-hybrid-float,core-float,spec012-confirm-03,1,0.7169765766376691,ad02eeb88de22887ebf26dfabfbe93219671f2f59bf89873cace1d6cb1ea6a64,2f95c1b17c3a1e132b3663cdb89aa6462b17cddb17a2b41e11fb916717149372
d55991aa114ad665,paired,,pffft-hybrid-float,core-float,spec012-confirm-03,2,0.7102680811540818,ad02eeb88de22887ebf26dfabfbe93219671f2f59bf89873cace1d6cb1ea6a64,2f95c1b17c3a1e132b3663cdb89aa6462b17cddb17a2b41e11fb916717149372
e571c5b867a12c26,paired,,pffft-hybrid-float,pffft-scheduled-batch-float,spec012-confirm-01,0,0.8877453439025134,cbc25fb0151f7fa26f26bae5e5f78794971e08087e98c967456463d634eb47a6,c9c74652e2157d12ab41bbc923b9b8c47956ff65b2cfdb1ca6e6e43de97c036e
e571c5b867a12c26,paired,,pffft-hybrid-float,pffft-scheduled-batch-float,spec012-confirm-01,1,1.0256106535257057,cbc25fb0151f7fa26f26bae5e5f78794971e08087e98c967456463d634eb47a6,c9c74652e2157d12ab41bbc923b9b8c47956ff65b2cfdb1ca6e6e43de97c036e
e571c5b867a12c26,paired,,pffft-hybrid-float,pffft-scheduled-batch-float,spec012-confirm-01,2,0.8900025799590136,cbc25fb0151f7fa26f26bae5e5f78794971e08087e98c967456463d634eb47a6,c9c74652e2157d12ab41bbc923b9b8c47956ff65b2cfdb1ca6e6e43de97c036e
e571c5b867a12c26,paired,,pffft-hybrid-float,pffft-scheduled-batch-float,spec012-confirm-02,0,0.8903805363684758,cbc25fb0151f7fa26f26bae5e5f78794971e08087e98c967456463d634eb47a6,c9c74652e2157d12ab41bbc923b9b8c47956ff65b2cfdb1ca6e6e43de97c036e
e571c5b867a12c26,paired,,pffft-hybrid-float,pffft-scheduled-batch-float,spec012-confirm-02,1,0.8513437143402975,cbc25fb0151f7fa26f26bae5e5f78794971e08087e98c967456463d634eb47a6,c9c74652e2157d12ab41bbc923b9b8c47956ff65b2cfdb1ca6e6e43de97c036e
e571c5b867a12c26,paired,,pffft-hybrid-float,pffft-scheduled-batch-float,spec012-confirm-02,2,0.892711295320873,cbc25fb0151f7fa26f26bae5e5f78794971e08087e98c967456463d634eb47a6,c9c74652e2157d12ab41bbc923b9b8c47956ff65b2cfdb1ca6e6e43de97c036e
e571c5b867a12c26,paired,,pffft-hybrid-float,pffft-scheduled-batch-float,spec012-confirm-03,0,0.8843679330129888,cbc25fb0151f7fa26f26bae5e5f78794971e08087e98c967456463d634eb47a6,c9c74652e2157d12ab41bbc923b9b8c47956ff65b2cfdb1ca6e6e43de97c036e
e571c5b867a12c26,paired,,pffft-hybrid-float,pffft-scheduled-batch-float,spec012-confirm-03,1,0.8994047128240055,cbc25fb0151f7fa26f26bae5e5f78794971e08087e98c967456463d634eb47a6,c9c74652e2157d12ab41bbc923b9b8c47956ff65b2cfdb1ca6e6e43de97c036e
e571c5b867a12c26,paired,,pffft-hybrid-float,pffft-scheduled-batch-float,spec012-confirm-03,2,0.8751051448217277,cbc25fb0151f7fa26f26bae5e5f78794971e08087e98c967456463d634eb47a6,c9c74652e2157d12ab41bbc923b9b8c47956ff65b2cfdb1ca6e6e43de97c036e
e571c5b867a12c26,paired,,legacy-incremental-float,legacy-batch-float,spec012-confirm-01,0,0.9962798400676044,7fc31815c1196e03a469c2f2a5342e59fad35e9911b2a9ecd32b51aa2f27c2bb,0e6f4bec7fee6b12740ae776c3993bb1f7af5e4b94f8381c5a461ffe71fb7923
e571c5b867a12c26,paired,,legacy-incremental-float,legacy-batch-float,spec012-confirm-01,1,0.9658121701283562,7fc31815c1196e03a469c2f2a5342e59fad35e9911b2a9ecd32b51aa2f27c2bb,0e6f4bec7fee6b12740ae776c3993bb1f7af5e4b94f8381c5a461ffe71fb7923
e571c5b867a12c26,paired,,legacy-incremental-float,legacy-batch-float,spec012-confirm-01,2,0.9908345245225182,7fc31815c1196e03a469c2f2a5342e59fad35e9911b2a9ecd32b51aa2f27c2bb,0e6f4bec7fee6b12740ae776c3993bb1f7af5e4b94f8381c5a461ffe71fb7923
e571c5b867a12c26,paired,,legacy-incremental-float,legacy-batch-float,spec012-confirm-02,0,0.9175408570055048,7fc31815c1196e03a469c2f2a5342e59fad35e9911b2a9ecd32b51aa2f27c2bb,0e6f4bec7fee6b12740ae776c3993bb1f7af5e4b94f8381c5a461ffe71fb7923
e571c5b867a12c26,paired,,legacy-incremental-float,legacy-batch-float,spec012-confirm-02,1,0.9552769991784711,7fc31815c1196e03a469c2f2a5342e59fad35e9911b2a9ecd32b51aa2f27c2bb,0e6f4bec7fee6b12740ae776c3993bb1f7af5e4b94f8381c5a461ffe71fb7923
e571c5b867a12c26,paired,,legacy-incremental-float,legacy-batch-float,spec012-confirm-02,2,0.989397922079704,7fc31815c1196e03a469c2f2a5342e59fad35e9911b2a9ecd32b51aa2f27c2bb,0e6f4bec7fee6b12740ae776c3993bb1f7af5e4b94f8381c5a461ffe71fb7923
e571c5b867a12c26,paired,,legacy-incremental-float,legacy-batch-float,spec012-confirm-03,0,0.9867974561700631,7fc31815c1196e03a469c2f2a5342e59fad35e9911b2a9ecd32b51aa2f27c2bb,0e6f4bec7fee6b12740ae776c3993bb1f7af5e4b94f8381c5a461ffe71fb7923
e571c5b867a12c26,paired,,legacy-incremental-float,legacy-batch-float,spec012-confirm-03,1,0.9605314316352105,7fc31815c1196e03a469c2f2a5342e59fad35e9911b2a9ecd32b51aa2f27c2bb,0e6f4bec7fee6b12740ae776c3993bb1f7af5e4b94f8381c5a461ffe71fb7923
e571c5b867a12c26,paired,,legacy-incremental-float,legacy-batch-float,spec012-confirm-03,2,1.0426221164857006,7fc31815c1196e03a469c2f2a5342e59fad35e9911b2a9ecd32b51aa2f27c2bb,0e6f4bec7fee6b12740ae776c3993bb1f7af5e4b94f8381c5a461ffe71fb7923
e571c5b867a12c26,paired,,pffft-hybrid-float,pffft-analysis-float,spec012-confirm-01,0,2.0382117056113165,cbc25fb0151f7fa26f26bae5e5f78794971e08087e98c967456463d634eb47a6,43db4283046a2370a78c35cf15a1f8deb6fbe562c6b34a6fd178f288f6bc6f00
e571c5b867a12c26,paired,,pffft-hybrid-float,pffft-analysis-float,spec012-confirm-01,1,2.1120116426217694,cbc25fb0151f7fa26f26bae5e5f78794971e08087e98c967456463d634eb47a6,43db4283046a2370a78c35cf15a1f8deb6fbe562c6b34a6fd178f288f6bc6f00
e571c5b867a12c26,paired,,pffft-hybrid-float,pffft-analysis-float,spec012-confirm-01,2,2.0426094887720376,cbc25fb0151f7fa26f26bae5e5f78794971e08087e98c967456463d634eb47a6,43db4283046a2370a78c35cf15a1f8deb6fbe562c6b34a6fd178f288f6bc6f00
e571c5b867a12c26,paired,,pffft-hybrid-float,pffft-analysis-float,spec012-confirm-02,0,2.0424875513698626,cbc25fb0151f7fa26f26bae5e5f78794971e08087e98c967456463d634eb47a6,43db4283046a2370a78c35cf15a1f8deb6fbe562c6b34a6fd178f288f6bc6f00
e571c5b867a12c26,paired,,pffft-hybrid-float,pffft-analysis-float,spec012-confirm-02,1,2.0391736944810486,cbc25fb0151f7fa26f26bae5e5f78794971e08087e98c967456463d634eb47a6,43db4283046a2370a78c35cf15a1f8deb6fbe562c6b34a6fd178f288f6bc6f00
e571c5b867a12c26,paired,,pffft-hybrid-float,pffft-analysis-float,spec012-confirm-02,2,1.896284384968622,cbc25fb0151f7fa26f26bae5e5f78794971e08087e98c967456463d634eb47a6,43db4283046a2370a78c35cf15a1f8deb6fbe562c6b34a6fd178f288f6bc6f00
e571c5b867a12c26,paired,,pffft-hybrid-float,pffft-analysis-float,spec012-confirm-03,0,2.0123058900071213,cbc25fb0151f7fa26f26bae5e5f78794971e08087e98c967456463d634eb47a6,43db4283046a2370a78c35cf15a1f8deb6fbe562c6b34a6fd178f288f6bc6f00
e571c5b867a12c26,paired,,pffft-hybrid-float,pffft-analysis-float,spec012-confirm-03,1,2.0465894701787812,cbc25fb0151f7fa26f26bae5e5f78794971e08087e98c967456463d634eb47a6,43db4283046a2370a78c35cf15a1f8deb6fbe562c6b34a6fd178f288f6bc6f00
e571c5b867a12c26,paired,,pffft-hybrid-float,pffft-analysis-float,spec012-confirm-03,2,2.090553240496471,cbc25fb0151f7fa26f26bae5e5f78794971e08087e98c967456463d634eb47a6,43db4283046a2370a78c35cf15a1f8deb6fbe562c6b34a6fd178f288f6bc6f00
e571c5b867a12c26,paired,,pffft-hybrid-float,core-float,spec012-confirm-01,0,0.6909444725876076,cbc25fb0151f7fa26f26bae5e5f78794971e08087e98c967456463d634eb47a6,df1b941cc7d52db70881ba3aab2cd263eac31c41e129ec3d0e922f21ee1d2d8f
e571c5b867a12c26,paired,,pffft-hybrid-float,core-float,spec012-confirm-01,1,0.7851807957715257,cbc25fb0151f7fa26f26bae5e5f78794971e08087e98c967456463d634eb47a6,df1b941cc7d52db70881ba3aab2cd263eac31c41e129ec3d0e922f21ee1d2d8f
e571c5b867a12c26,paired,,pffft-hybrid-float,core-float,spec012-confirm-01,2,0.667986554649427,cbc25fb0151f7fa26f26bae5e5f78794971e08087e98c967456463d634eb47a6,df1b941cc7d52db70881ba3aab2cd263eac31c41e129ec3d0e922f21ee1d2d8f
e571c5b867a12c26,paired,,pffft-hybrid-float,core-float,spec012-confirm-02,0,0.6800766759869683,cbc25fb0151f7fa26f26bae5e5f78794971e08087e98c967456463d634eb47a6,df1b941cc7d52db70881ba3aab2cd263eac31c41e129ec3d0e922f21ee1d2d8f
e571c5b867a12c26,paired,,pffft-hybrid-float,core-float,spec012-confirm-02,1,0.6380425940261455,cbc25fb0151f7fa26f26bae5e5f78794971e08087e98c967456463d634eb47a6,df1b941cc7d52db70881ba3aab2cd263eac31c41e129ec3d0e922f21ee1d2d8f
e571c5b867a12c26,paired,,pffft-hybrid-float,core-float,spec012-confirm-02,2,0.6682431612424714,cbc25fb0151f7fa26f26bae5e5f78794971e08087e98c967456463d634eb47a6,df1b941cc7d52db70881ba3aab2cd263eac31c41e129ec3d0e922f21ee1d2d8f
e571c5b867a12c26,paired,,pffft-hybrid-float,core-float,spec012-confirm-03,0,0.6438648154013951,cbc25fb0151f7fa26f26bae5e5f78794971e08087e98c967456463d634eb47a6,df1b941cc7d52db70881ba3aab2cd263eac31c41e129ec3d0e922f21ee1d2d8f
e571c5b867a12c26,paired,,pffft-hybrid-float,core-float,spec012-confirm-03,1,0.6638135027277846,cbc25fb0151f7fa26f26bae5e5f78794971e08087e98c967456463d634eb47a6,df1b941cc7d52db70881ba3aab2cd263eac31c41e129ec3d0e922f21ee1d2d8f
e571c5b867a12c26,paired,,pffft-hybrid-float,core-float,spec012-confirm-03,2,0.6818771193759885,cbc25fb0151f7fa26f26bae5e5f78794971e08087e98c967456463d634eb47a6,df1b941cc7d52db70881ba3aab2cd263eac31c41e129ec3d0e922f21ee1d2d8f
ecbef35aff97963b,paired,,pffft-hybrid-float,pffft-scheduled-batch-float,spec012-confirm-01,0,0.7761606182800065,665eb289dcc240b34754a59eeab1afbb9a88c2791875ba4262883a737aba4eea,ee8a6569ef7127d6c96dd9f8b8a180b5bf563c58466bae2c0f6515365529a2d9
ecbef35aff97963b,paired,,pffft-hybrid-float,pffft-scheduled-batch-float,spec012-confirm-01,1,0.7717435310508907,665eb289dcc240b34754a59eeab1afbb9a88c2791875ba4262883a737aba4eea,ee8a6569ef7127d6c96dd9f8b8a180b5bf563c58466bae2c0f6515365529a2d9
ecbef35aff97963b,paired,,pffft-hybrid-float,pffft-scheduled-batch-float,spec012-confirm-01,2,0.7700102096500099,665eb289dcc240b34754a59eeab1afbb9a88c2791875ba4262883a737aba4eea,ee8a6569ef7127d6c96dd9f8b8a180b5bf563c58466bae2c0f6515365529a2d9
ecbef35aff97963b,paired,,pffft-hybrid-float,pffft-scheduled-batch-float,spec012-confirm-02,0,0.809832940669978,665eb289dcc240b34754a59eeab1afbb9a88c2791875ba4262883a737aba4eea,ee8a6569ef7127d6c96dd9f8b8a180b5bf563c58466bae2c0f6515365529a2d9
ecbef35aff97963b,paired,,pffft-hybrid-float,pffft-scheduled-batch-float,spec012-confirm-02,1,0.7839451685215605,665eb289dcc240b34754a59eeab1afbb9a88c2791875ba4262883a737aba4eea,ee8a6569ef7127d6c96dd9f8b8a180b5bf563c58466bae2c0f6515365529a2d9
ecbef35aff97963b,paired,,pffft-hybrid-float,pffft-scheduled-batch-float,spec012-confirm-02,2,0.7704771091726857,665eb289dcc240b34754a59eeab1afbb9a88c2791875ba4262883a737aba4eea,ee8a6569ef7127d6c96dd9f8b8a180b5bf563c58466bae2c0f6515365529a2d9
ecbef35aff97963b,paired,,pffft-hybrid-float,pffft-scheduled-batch-float,spec012-confirm-03,0,0.7835410290012027,665eb289dcc240b34754a59eeab1afbb9a88c2791875ba4262883a737aba4eea,ee8a6569ef7127d6c96dd9f8b8a180b5bf563c58466bae2c0f6515365529a2d9
ecbef35aff97963b,paired,,pffft-hybrid-float,pffft-scheduled-batch-float,spec012-confirm-03,1,0.7606513564238184,665eb289dcc240b34754a59eeab1afbb9a88c2791875ba4262883a737aba4eea,ee8a6569ef7127d6c96dd9f8b8a180b5bf563c58466bae2c0f6515365529a2d9
ecbef35aff97963b,paired,,pffft-hybrid-float,pffft-scheduled-batch-float,spec012-confirm-03,2,0.7650884688816837,665eb289dcc240b34754a59eeab1afbb9a88c2791875ba4262883a737aba4eea,ee8a6569ef7127d6c96dd9f8b8a180b5bf563c58466bae2c0f6515365529a2d9
ecbef35aff97963b,paired,,legacy-incremental-float,legacy-batch-float,spec012-confirm-01,0,0.9143642769637303,9b744ccb3fb639bb642b91c2eed650c7c2a465407191f9ac50a5cc8b379752fb,51cbdba40f4070c0eeb3602384d07242d42572591ccc9e8699db2d95ed060d21
ecbef35aff97963b,paired,,legacy-incremental-float,legacy-batch-float,spec012-confirm-01,1,0.8638109073095366,9b744ccb3fb639bb642b91c2eed650c7c2a465407191f9ac50a5cc8b379752fb,51cbdba40f4070c0eeb3602384d07242d42572591ccc9e8699db2d95ed060d21
ecbef35aff97963b,paired,,legacy-incremental-float,legacy-batch-float,spec012-confirm-01,2,0.9155487195941203,9b744ccb3fb639bb642b91c2eed650c7c2a465407191f9ac50a5cc8b379752fb,51cbdba40f4070c0eeb3602384d07242d42572591ccc9e8699db2d95ed060d21
ecbef35aff97963b,paired,,legacy-incremental-float,legacy-batch-float,spec012-confirm-02,0,1.616020643182552,9b744ccb3fb639bb642b91c2eed650c7c2a465407191f9ac50a5cc8b379752fb,51cbdba40f4070c0eeb3602384d07242d42572591ccc9e8699db2d95ed060d21
ecbef35aff97963b,paired,,legacy-incremental-float,legacy-batch-float,spec012-confirm-02,1,0.6164484065609463,9b744ccb3fb639bb642b91c2eed650c7c2a465407191f9ac50a5cc8b379752fb,51cbdba40f4070c0eeb3602384d07242d42572591ccc9e8699db2d95ed060d21
ecbef35aff97963b,paired,,legacy-incremental-float,legacy-batch-float,spec012-confirm-02,2,0.8675854423839318,9b744ccb3fb639bb642b91c2eed650c7c2a465407191f9ac50a5cc8b379752fb,51cbdba40f4070c0eeb3602384d07242d42572591ccc9e8699db2d95ed060d21
ecbef35aff97963b,paired,,legacy-incremental-float,legacy-batch-float,spec012-confirm-03,0,0.9102794702376862,9b744ccb3fb639bb642b91c2eed650c7c2a465407191f9ac50a5cc8b379752fb,51cbdba40f4070c0eeb3602384d07242d42572591ccc9e8699db2d95ed060d21
ecbef35aff97963b,paired,,legacy-incremental-float,legacy-batch-float,spec012-confirm-03,1,0.8629379120232296,9b744ccb3fb639bb642b91c2eed650c7c2a465407191f9ac50a5cc8b379752fb,51cbdba40f4070c0eeb3602384d07242d42572591ccc9e8699db2d95ed060d21
ecbef35aff97963b,paired,,legacy-incremental-float,legacy-batch-float,spec012-confirm-03,2,1.0127784407319014,9b744ccb3fb639bb642b91c2eed650c7c2a465407191f9ac50a5cc8b379752fb,51cbdba40f4070c0eeb3602384d07242d42572591ccc9e8699db2d95ed060d21
ecbef35aff97963b,paired,,pffft-hybrid-float,pffft-analysis-float,spec012-confirm-01,0,1.6060953805248999,665eb289dcc240b34754a59eeab1afbb9a88c2791875ba4262883a737aba4eea,aa0f88d5c21c60cf8ca0badc6138873d8597ff47bb789a1780741ecf7162577a
ecbef35aff97963b,paired,,pffft-hybrid-float,pffft-analysis-float,spec012-confirm-01,1,1.6069736605594105,665eb289dcc240b34754a59eeab1afbb9a88c2791875ba4262883a737aba4eea,aa0f88d5c21c60cf8ca0badc6138873d8597ff47bb789a1780741ecf7162577a
ecbef35aff97963b,paired,,pffft-hybrid-float,pffft-analysis-float,spec012-confirm-01,2,1.625019461310914,665eb289dcc240b34754a59eeab1afbb9a88c2791875ba4262883a737aba4eea,aa0f88d5c21c60cf8ca0badc6138873d8597ff47bb789a1780741ecf7162577a
ecbef35aff97963b,paired,,pffft-hybrid-float,pffft-analysis-float,spec012-confirm-02,0,1.7322250921168454,665eb289dcc240b34754a59eeab1afbb9a88c2791875ba4262883a737aba4eea,aa0f88d5c21c60cf8ca0badc6138873d8597ff47bb789a1780741ecf7162577a
ecbef35aff97963b,paired,,pffft-hybrid-float,pffft-analysis-float,spec012-confirm-02,1,1.650984733383815,665eb289dcc240b34754a59eeab1afbb9a88c2791875ba4262883a737aba4eea,aa0f88d5c21c60cf8ca0badc6138873d8597ff47bb789a1780741ecf7162577a
ecbef35aff97963b,paired,,pffft-hybrid-float,pffft-analysis-float,spec012-confirm-02,2,1.5932357321279886,665eb289dcc240b34754a59eeab1afbb9a88c2791875ba4262883a737aba4eea,aa0f88d5c21c60cf8ca0badc6138873d8597ff47bb789a1780741ecf7162577a
ecbef35aff97963b,paired,,pffft-hybrid-float,pffft-analysis-float,spec012-confirm-03,0,1.6584223973265202,665eb289dcc240b34754a59eeab1afbb9a88c2791875ba4262883a737aba4eea,aa0f88d5c21c60cf8ca0badc6138873d8597ff47bb789a1780741ecf7162577a
ecbef35aff97963b,paired,,pffft-hybrid-float,pffft-analysis-float,spec012-confirm-03,1,1.5914987508410547,665eb289dcc240b34754a59eeab1afbb9a88c2791875ba4262883a737aba4eea,aa0f88d5c21c60cf8ca0badc6138873d8597ff47bb789a1780741ecf7162577a
ecbef35aff97963b,paired,,pffft-hybrid-float,pffft-analysis-float,spec012-confirm-03,2,1.5705299243103088,665eb289dcc240b34754a59eeab1afbb9a88c2791875ba4262883a737aba4eea,aa0f88d5c21c60cf8ca0badc6138873d8597ff47bb789a1780741ecf7162577a
ecbef35aff97963b,paired,,pffft-hybrid-float,core-float,spec012-confirm-01,0,0.786164630447284,665eb289dcc240b34754a59eeab1afbb9a88c2791875ba4262883a737aba4eea,82a8c7a54d3efead320cd850b2a9b51ace02594a5a6da70a5d8c5d161f6b1fdc
ecbef35aff97963b,paired,,pffft-hybrid-float,core-float,spec012-confirm-01,1,0.779024504631258,665eb289dcc240b34754a59eeab1afbb9a88c2791875ba4262883a737aba4eea,82a8c7a54d3efead320cd850b2a9b51ace02594a5a6da70a5d8c5d161f6b1fdc
ecbef35aff97963b,paired,,pffft-hybrid-float,core-float,spec012-confirm-01,2,0.7778987161031331,665eb289dcc240b34754a59eeab1afbb9a88c2791875ba4262883a737aba4eea,82a8c7a54d3efead320cd850b2a9b51ace02594a5a6da70a5d8c5d161f6b1fdc
ecbef35aff97963b,paired,,pffft-hybrid-float,core-float,spec012-confirm-02,0,0.8270576191372473,665eb289dcc240b34754a59eeab1afbb9a88c2791875ba4262883a737aba4eea,82a8c7a54d3efead320cd850b2a9b51ace02594a5a6da70a5d8c5d161f6b1fdc
ecbef35aff97963b,paired,,pffft-hybrid-float,core-float,spec012-confirm-02,1,0.7897403675032246,665eb289dcc240b34754a59eeab1afbb9a88c2791875ba4262883a737aba4eea,82a8c7a54d3efead320cd850b2a9b51ace02594a5a6da70a5d8c5d161f6b1fdc
ecbef35aff97963b,paired,,pffft-hybrid-float,core-float,spec012-confirm-02,2,0.7185569563211485,665eb289dcc240b34754a59eeab1afbb9a88c2791875ba4262883a737aba4eea,82a8c7a54d3efead320cd850b2a9b51ace02594a5a6da70a5d8c5d161f6b1fdc
ecbef35aff97963b,paired,,pffft-hybrid-float,core-float,spec012-confirm-03,0,0.8036505785976409,665eb289dcc240b34754a59eeab1afbb9a88c2791875ba4262883a737aba4eea,82a8c7a54d3efead320cd850b2a9b51ace02594a5a6da70a5d8c5d161f6b1fdc
ecbef35aff97963b,paired,,pffft-hybrid-float,core-float,spec012-confirm-03,1,0.7899963954823126,665eb289dcc240b34754a59eeab1afbb9a88c2791875ba4262883a737aba4eea,82a8c7a54d3efead320cd850b2a9b51ace02594a5a6da70a5d8c5d161f6b1fdc
ecbef35aff97963b,paired,,pffft-hybrid-float,core-float,spec012-confirm-03,2,0.7700325025942404,665eb289dcc240b34754a59eeab1afbb9a88c2791875ba4262883a737aba4eea,82a8c7a54d3efead320cd850b2a9b51ace02594a5a6da70a5d8c5d161f6b1fdc
f04dd2bb88bc4506,paired,,pffft-hybrid-float,pffft-scheduled-batch-float,spec012-confirm-01,0,1.1376580053663354,d202bea73dfe6221c858d5dea5dbc596ec3c6d2cd9412a93a3a04283bcf6d696,3554bd1a0560ad8c55872bbe409b6dcad68626b8b932601693af0d3650095e45
f04dd2bb88bc4506,paired,,pffft-hybrid-float,pffft-scheduled-batch-float,spec012-confirm-01,1,0.9181613144560943,d202bea73dfe6221c858d5dea5dbc596ec3c6d2cd9412a93a3a04283bcf6d696,3554bd1a0560ad8c55872bbe409b6dcad68626b8b932601693af0d3650095e45
f04dd2bb88bc4506,paired,,pffft-hybrid-float,pffft-scheduled-batch-float,spec012-confirm-01,2,0.9619675324363833,d202bea73dfe6221c858d5dea5dbc596ec3c6d2cd9412a93a3a04283bcf6d696,3554bd1a0560ad8c55872bbe409b6dcad68626b8b932601693af0d3650095e45
f04dd2bb88bc4506,paired,,pffft-hybrid-float,pffft-scheduled-batch-float,spec012-confirm-02,0,0.8726202911428802,d202bea73dfe6221c858d5dea5dbc596ec3c6d2cd9412a93a3a04283bcf6d696,3554bd1a0560ad8c55872bbe409b6dcad68626b8b932601693af0d3650095e45
f04dd2bb88bc4506,paired,,pffft-hybrid-float,pffft-scheduled-batch-float,spec012-confirm-02,1,0.957906541033601,d202bea73dfe6221c858d5dea5dbc596ec3c6d2cd9412a93a3a04283bcf6d696,3554bd1a0560ad8c55872bbe409b6dcad68626b8b932601693af0d3650095e45
f04dd2bb88bc4506,paired,,pffft-hybrid-float,pffft-scheduled-batch-float,spec012-confirm-02,2,0.9779641637513611,d202bea73dfe6221c858d5dea5dbc596ec3c6d2cd9412a93a3a04283bcf6d696,3554bd1a0560ad8c55872bbe409b6dcad68626b8b932601693af0d3650095e45
f04dd2bb88bc4506,paired,,pffft-hybrid-float,pffft-scheduled-batch-float,spec012-confirm-03,0,1.0238224356513324,d202bea73dfe6221c858d5dea5dbc596ec3c6d2cd9412a93a3a04283bcf6d696,3554bd1a0560ad8c55872bbe409b6dcad68626b8b932601693af0d3650095e45
f04dd2bb88bc4506,paired,,pffft-hybrid-float,pffft-scheduled-batch-float,spec012-confirm-03,1,0.9743813907611376,d202bea73dfe6221c858d5dea5dbc596ec3c6d2cd9412a93a3a04283bcf6d696,3554bd1a0560ad8c55872bbe409b6dcad68626b8b932601693af0d3650095e45
f04dd2bb88bc4506,paired,,pffft-hybrid-float,pffft-scheduled-batch-float,spec012-confirm-03,2,0.9804254476301298,d202bea73dfe6221c858d5dea5dbc596ec3c6d2cd9412a93a3a04283bcf6d696,3554bd1a0560ad8c55872bbe409b6dcad68626b8b932601693af0d3650095e45
f04dd2bb88bc4506,paired,,legacy-incremental-float,legacy-batch-float,spec012-confirm-01,0,0.993202023311434,f9eba5ee734003c63319d76f9de2de24fb174e2a856a10fd2ab58f2279611058,ca88fcb820fce1cf1673ba01f24078a95227a9408fa2a4a7d7ba4ee867ecfbbb
f04dd2bb88bc4506,paired,,legacy-incremental-float,legacy-batch-float,spec012-confirm-01,1,1.1941610204872681,f9eba5ee734003c63319d76f9de2de24fb174e2a856a10fd2ab58f2279611058,ca88fcb820fce1cf1673ba01f24078a95227a9408fa2a4a7d7ba4ee867ecfbbb
f04dd2bb88bc4506,paired,,legacy-incremental-float,legacy-batch-float,spec012-confirm-01,2,0.7826223494779851,f9eba5ee734003c63319d76f9de2de24fb174e2a856a10fd2ab58f2279611058,ca88fcb820fce1cf1673ba01f24078a95227a9408fa2a4a7d7ba4ee867ecfbbb
f04dd2bb88bc4506,paired,,legacy-incremental-float,legacy-batch-float,spec012-confirm-02,0,0.9924270625629281,f9eba5ee734003c63319d76f9de2de24fb174e2a856a10fd2ab58f2279611058,ca88fcb820fce1cf1673ba01f24078a95227a9408fa2a4a7d7ba4ee867ecfbbb
f04dd2bb88bc4506,paired,,legacy-incremental-float,legacy-batch-float,spec012-confirm-02,1,0.9129492886409855,f9eba5ee734003c63319d76f9de2de24fb174e2a856a10fd2ab58f2279611058,ca88fcb820fce1cf1673ba01f24078a95227a9408fa2a4a7d7ba4ee867ecfbbb
f04dd2bb88bc4506,paired,,legacy-incremental-float,legacy-batch-float,spec012-confirm-02,2,1.0145108708166188,f9eba5ee734003c63319d76f9de2de24fb174e2a856a10fd2ab58f2279611058,ca88fcb820fce1cf1673ba01f24078a95227a9408fa2a4a7d7ba4ee867ecfbbb
f04dd2bb88bc4506,paired,,legacy-incremental-float,legacy-batch-float,spec012-confirm-03,0,1.9159709882335973,f9eba5ee734003c63319d76f9de2de24fb174e2a856a10fd2ab58f2279611058,ca88fcb820fce1cf1673ba01f24078a95227a9408fa2a4a7d7ba4ee867ecfbbb
f04dd2bb88bc4506,paired,,legacy-incremental-float,legacy-batch-float,spec012-confirm-03,1,0.9878275511635498,f9eba5ee734003c63319d76f9de2de24fb174e2a856a10fd2ab58f2279611058,ca88fcb820fce1cf1673ba01f24078a95227a9408fa2a4a7d7ba4ee867ecfbbb
f04dd2bb88bc4506,paired,,legacy-incremental-float,legacy-batch-float,spec012-confirm-03,2,1.0038316198806458,f9eba5ee734003c63319d76f9de2de24fb174e2a856a10fd2ab58f2279611058,ca88fcb820fce1cf1673ba01f24078a95227a9408fa2a4a7d7ba4ee867ecfbbb
f04dd2bb88bc4506,paired,,pffft-hybrid-float,pffft-analysis-float,spec012-confirm-01,0,1.251091504574999,d202bea73dfe6221c858d5dea5dbc596ec3c6d2cd9412a93a3a04283bcf6d696,96f1b80868777aeaada260630715c73eb2ef2551d79da8b269afb626c507bb49
f04dd2bb88bc4506,paired,,pffft-hybrid-float,pffft-analysis-float,spec012-confirm-01,1,1.011944449551507,d202bea73dfe6221c858d5dea5dbc596ec3c6d2cd9412a93a3a04283bcf6d696,96f1b80868777aeaada260630715c73eb2ef2551d79da8b269afb626c507bb49
f04dd2bb88bc4506,paired,,pffft-hybrid-float,pffft-analysis-float,spec012-confirm-01,2,1.0524728199506408,d202bea73dfe6221c858d5dea5dbc596ec3c6d2cd9412a93a3a04283bcf6d696,96f1b80868777aeaada260630715c73eb2ef2551d79da8b269afb626c507bb49
f04dd2bb88bc4506,paired,,pffft-hybrid-float,pffft-analysis-float,spec012-confirm-02,0,1.061181845433803,d202bea73dfe6221c858d5dea5dbc596ec3c6d2cd9412a93a3a04283bcf6d696,96f1b80868777aeaada260630715c73eb2ef2551d79da8b269afb626c507bb49
f04dd2bb88bc4506,paired,,pffft-hybrid-float,pffft-analysis-float,spec012-confirm-02,1,1.0626430169787229,d202bea73dfe6221c858d5dea5dbc596ec3c6d2cd9412a93a3a04283bcf6d696,96f1b80868777aeaada260630715c73eb2ef2551d79da8b269afb626c507bb49
f04dd2bb88bc4506,paired,,pffft-hybrid-float,pffft-analysis-float,spec012-confirm-02,2,1.0619667230729455,d202bea73dfe6221c858d5dea5dbc596ec3c6d2cd9412a93a3a04283bcf6d696,96f1b80868777aeaada260630715c73eb2ef2551d79da8b269afb626c507bb49
f04dd2bb88bc4506,paired,,pffft-hybrid-float,pffft-analysis-float,spec012-confirm-03,0,1.1451043349681722,d202bea73dfe6221c858d5dea5dbc596ec3c6d2cd9412a93a3a04283bcf6d696,96f1b80868777aeaada260630715c73eb2ef2551d79da8b269afb626c507bb49
f04dd2bb88bc4506,paired,,pffft-hybrid-float,pffft-analysis-float,spec012-confirm-03,1,1.0668553833585628,d202bea73dfe6221c858d5dea5dbc596ec3c6d2cd9412a93a3a04283bcf6d696,96f1b80868777aeaada260630715c73eb2ef2551d79da8b269afb626c507bb49
f04dd2bb88bc4506,paired,,pffft-hybrid-float,pffft-analysis-float,spec012-confirm-03,2,1.106891328193917,d202bea73dfe6221c858d5dea5dbc596ec3c6d2cd9412a93a3a04283bcf6d696,96f1b80868777aeaada260630715c73eb2ef2551d79da8b269afb626c507bb49
f04dd2bb88bc4506,paired,,pffft-hybrid-float,core-float,spec012-confirm-01,0,0.8701844825050473,d202bea73dfe6221c858d5dea5dbc596ec3c6d2cd9412a93a3a04283bcf6d696,cb99f67d3b7ff9e92ded1f6b5116eddd2086f220f8d683ecb203c8f7a74e88b1
f04dd2bb88bc4506,paired,,pffft-hybrid-float,core-float,spec012-confirm-01,1,0.7031476092385668,d202bea73dfe6221c858d5dea5dbc596ec3c6d2cd9412a93a3a04283bcf6d696,cb99f67d3b7ff9e92ded1f6b5116eddd2086f220f8d683ecb203c8f7a74e88b1
f04dd2bb88bc4506,paired,,pffft-hybrid-float,core-float,spec012-confirm-01,2,0.7023359683740046,d202bea73dfe6221c858d5dea5dbc596ec3c6d2cd9412a93a3a04283bcf6d696,cb99f67d3b7ff9e92ded1f6b5116eddd2086f220f8d683ecb203c8f7a74e88b1
f04dd2bb88bc4506,paired,,pffft-hybrid-float,core-float,spec012-confirm-02,0,0.7146429008444211,d202bea73dfe6221c858d5dea5dbc596ec3c6d2cd9412a93a3a04283bcf6d696,cb99f67d3b7ff9e92ded1f6b5116eddd2086f220f8d683ecb203c8f7a74e88b1
f04dd2bb88bc4506,paired,,pffft-hybrid-float,core-float,spec012-confirm-02,1,0.6913518101780568,d202bea73dfe6221c858d5dea5dbc596ec3c6d2cd9412a93a3a04283bcf6d696,cb99f67d3b7ff9e92ded1f6b5116eddd2086f220f8d683ecb203c8f7a74e88b1
f04dd2bb88bc4506,paired,,pffft-hybrid-float,core-float,spec012-confirm-02,2,0.6678709012435121,d202bea73dfe6221c858d5dea5dbc596ec3c6d2cd9412a93a3a04283bcf6d696,cb99f67d3b7ff9e92ded1f6b5116eddd2086f220f8d683ecb203c8f7a74e88b1
f04dd2bb88bc4506,paired,,pffft-hybrid-float,core-float,spec012-confirm-03,0,0.7435435214990448,d202bea73dfe6221c858d5dea5dbc596ec3c6d2cd9412a93a3a04283bcf6d696,cb99f67d3b7ff9e92ded1f6b5116eddd2086f220f8d683ecb203c8f7a74e88b1
f04dd2bb88bc4506,paired,,pffft-hybrid-float,core-float,spec012-confirm-03,1,0.7070930872554577,d202bea73dfe6221c858d5dea5dbc596ec3c6d2cd9412a93a3a04283bcf6d696,cb99f67d3b7ff9e92ded1f6b5116eddd2086f220f8d683ecb203c8f7a74e88b1
f04dd2bb88bc4506,paired,,pffft-hybrid-float,core-float,spec012-confirm-03,2,0.7000661313157027,d202bea73dfe6221c858d5dea5dbc596ec3c6d2cd9412a93a3a04283bcf6d696,cb99f67d3b7ff9e92ded1f6b5116eddd2086f220f8d683ecb203c8f7a74e88b1
ffb694d9368cfbe1,paired,,pffft-hybrid-float,pffft-scheduled-batch-float,spec012-confirm-01,0,0.8043249488781906,1ff789474ce6041f8d62151dd4ec588a07612abf7e03e5a034799b0096546f15,bc7be1c0633a3a1a7d0744dfbb8f7a71354bc552bec4d9e10905928ba70258e8
ffb694d9368cfbe1,paired,,pffft-hybrid-float,pffft-scheduled-batch-float,spec012-confirm-01,1,0.7797116725666451,1ff789474ce6041f8d62151dd4ec588a07612abf7e03e5a034799b0096546f15,bc7be1c0633a3a1a7d0744dfbb8f7a71354bc552bec4d9e10905928ba70258e8
ffb694d9368cfbe1,paired,,pffft-hybrid-float,pffft-scheduled-batch-float,spec012-confirm-01,2,0.7832124816552613,1ff789474ce6041f8d62151dd4ec588a07612abf7e03e5a034799b0096546f15,bc7be1c0633a3a1a7d0744dfbb8f7a71354bc552bec4d9e10905928ba70258e8
ffb694d9368cfbe1,paired,,pffft-hybrid-float,pffft-scheduled-batch-float,spec012-confirm-02,0,0.7887037960062617,1ff789474ce6041f8d62151dd4ec588a07612abf7e03e5a034799b0096546f15,bc7be1c0633a3a1a7d0744dfbb8f7a71354bc552bec4d9e10905928ba70258e8
ffb694d9368cfbe1,paired,,pffft-hybrid-float,pffft-scheduled-batch-float,spec012-confirm-02,1,0.7963084536127871,1ff789474ce6041f8d62151dd4ec588a07612abf7e03e5a034799b0096546f15,bc7be1c0633a3a1a7d0744dfbb8f7a71354bc552bec4d9e10905928ba70258e8
ffb694d9368cfbe1,paired,,pffft-hybrid-float,pffft-scheduled-batch-float,spec012-confirm-02,2,0.7897304272356104,1ff789474ce6041f8d62151dd4ec588a07612abf7e03e5a034799b0096546f15,bc7be1c0633a3a1a7d0744dfbb8f7a71354bc552bec4d9e10905928ba70258e8
ffb694d9368cfbe1,paired,,pffft-hybrid-float,pffft-scheduled-batch-float,spec012-confirm-03,0,0.757982268651431,1ff789474ce6041f8d62151dd4ec588a07612abf7e03e5a034799b0096546f15,bc7be1c0633a3a1a7d0744dfbb8f7a71354bc552bec4d9e10905928ba70258e8
ffb694d9368cfbe1,paired,,pffft-hybrid-float,pffft-scheduled-batch-float,spec012-confirm-03,1,0.7716318054204951,1ff789474ce6041f8d62151dd4ec588a07612abf7e03e5a034799b0096546f15,bc7be1c0633a3a1a7d0744dfbb8f7a71354bc552bec4d9e10905928ba70258e8
ffb694d9368cfbe1,paired,,pffft-hybrid-float,pffft-scheduled-batch-float,spec012-confirm-03,2,0.7553275109288218,1ff789474ce6041f8d62151dd4ec588a07612abf7e03e5a034799b0096546f15,bc7be1c0633a3a1a7d0744dfbb8f7a71354bc552bec4d9e10905928ba70258e8
ffb694d9368cfbe1,paired,,legacy-incremental-float,legacy-batch-float,spec012-confirm-01,0,0.9180961360661581,aacecfbd55493789954e9a6acbff86242f5512a3af529b6b4c2b1ad3c93a1853,3ae2da336da3483f8618948860deed789befd381ed7d40b05bea007be8ed2b67
ffb694d9368cfbe1,paired,,legacy-incremental-float,legacy-batch-float,spec012-confirm-01,1,0.913787123713646,aacecfbd55493789954e9a6acbff86242f5512a3af529b6b4c2b1ad3c93a1853,3ae2da336da3483f8618948860deed789befd381ed7d40b05bea007be8ed2b67
ffb694d9368cfbe1,paired,,legacy-incremental-float,legacy-batch-float,spec012-confirm-01,2,0.917629619819625,aacecfbd55493789954e9a6acbff86242f5512a3af529b6b4c2b1ad3c93a1853,3ae2da336da3483f8618948860deed789befd381ed7d40b05bea007be8ed2b67
ffb694d9368cfbe1,paired,,legacy-incremental-float,legacy-batch-float,spec012-confirm-02,0,0.9166473268010941,aacecfbd55493789954e9a6acbff86242f5512a3af529b6b4c2b1ad3c93a1853,3ae2da336da3483f8618948860deed789befd381ed7d40b05bea007be8ed2b67
ffb694d9368cfbe1,paired,,legacy-incremental-float,legacy-batch-float,spec012-confirm-02,1,0.9069217684634223,aacecfbd55493789954e9a6acbff86242f5512a3af529b6b4c2b1ad3c93a1853,3ae2da336da3483f8618948860deed789befd381ed7d40b05bea007be8ed2b67
ffb694d9368cfbe1,paired,,legacy-incremental-float,legacy-batch-float,spec012-confirm-02,2,0.9452906570420392,aacecfbd55493789954e9a6acbff86242f5512a3af529b6b4c2b1ad3c93a1853,3ae2da336da3483f8618948860deed789befd381ed7d40b05bea007be8ed2b67
ffb694d9368cfbe1,paired,,legacy-incremental-float,legacy-batch-float,spec012-confirm-03,0,0.9498760401020038,aacecfbd55493789954e9a6acbff86242f5512a3af529b6b4c2b1ad3c93a1853,3ae2da336da3483f8618948860deed789befd381ed7d40b05bea007be8ed2b67
ffb694d9368cfbe1,paired,,legacy-incremental-float,legacy-batch-float,spec012-confirm-03,1,0.8719112686780313,aacecfbd55493789954e9a6acbff86242f5512a3af529b6b4c2b1ad3c93a1853,3ae2da336da3483f8618948860deed789befd381ed7d40b05bea007be8ed2b67
ffb694d9368cfbe1,paired,,legacy-incremental-float,legacy-batch-float,spec012-confirm-03,2,0.9323503674452396,aacecfbd55493789954e9a6acbff86242f5512a3af529b6b4c2b1ad3c93a1853,3ae2da336da3483f8618948860deed789befd381ed7d40b05bea007be8ed2b67
ffb694d9368cfbe1,paired,,pffft-hybrid-float,pffft-analysis-float,spec012-confirm-01,0,1.6551090827605266,1ff789474ce6041f8d62151dd4ec588a07612abf7e03e5a034799b0096546f15,a36c63f4341b7de7cd1ff8a917b0669eaceb6b474ebd32c25d46f87e43adbe1c
ffb694d9368cfbe1,paired,,pffft-hybrid-float,pffft-analysis-float,spec012-confirm-01,1,1.5963442650928592,1ff789474ce6041f8d62151dd4ec588a07612abf7e03e5a034799b0096546f15,a36c63f4341b7de7cd1ff8a917b0669eaceb6b474ebd32c25d46f87e43adbe1c
ffb694d9368cfbe1,paired,,pffft-hybrid-float,pffft-analysis-float,spec012-confirm-01,2,1.6048700709468873,1ff789474ce6041f8d62151dd4ec588a07612abf7e03e5a034799b0096546f15,a36c63f4341b7de7cd1ff8a917b0669eaceb6b474ebd32c25d46f87e43adbe1c
ffb694d9368cfbe1,paired,,pffft-hybrid-float,pffft-analysis-float,spec012-confirm-02,0,1.6028098701417843,1ff789474ce6041f8d62151dd4ec588a07612abf7e03e5a034799b0096546f15,a36c63f4341b7de7cd1ff8a917b0669eaceb6b474ebd32c25d46f87e43adbe1c
ffb694d9368cfbe1,paired,,pffft-hybrid-float,pffft-analysis-float,spec012-confirm-02,1,1.6590973296588571,1ff789474ce6041f8d62151dd4ec588a07612abf7e03e5a034799b0096546f15,a36c63f4341b7de7cd1ff8a917b0669eaceb6b474ebd32c25d46f87e43adbe1c
ffb694d9368cfbe1,paired,,pffft-hybrid-float,pffft-analysis-float,spec012-confirm-02,2,1.5647418202836934,1ff789474ce6041f8d62151dd4ec588a07612abf7e03e5a034799b0096546f15,a36c63f4341b7de7cd1ff8a917b0669eaceb6b474ebd32c25d46f87e43adbe1c
ffb694d9368cfbe1,paired,,pffft-hybrid-float,pffft-analysis-float,spec012-confirm-03,0,1.5738227099532314,1ff789474ce6041f8d62151dd4ec588a07612abf7e03e5a034799b0096546f15,a36c63f4341b7de7cd1ff8a917b0669eaceb6b474ebd32c25d46f87e43adbe1c
ffb694d9368cfbe1,paired,,pffft-hybrid-float,pffft-analysis-float,spec012-confirm-03,1,1.6345171469716377,1ff789474ce6041f8d62151dd4ec588a07612abf7e03e5a034799b0096546f15,a36c63f4341b7de7cd1ff8a917b0669eaceb6b474ebd32c25d46f87e43adbe1c
ffb694d9368cfbe1,paired,,pffft-hybrid-float,pffft-analysis-float,spec012-confirm-03,2,1.606492961281256,1ff789474ce6041f8d62151dd4ec588a07612abf7e03e5a034799b0096546f15,a36c63f4341b7de7cd1ff8a917b0669eaceb6b474ebd32c25d46f87e43adbe1c
ffb694d9368cfbe1,paired,,pffft-hybrid-float,core-float,spec012-confirm-01,0,0.8107848546341248,1ff789474ce6041f8d62151dd4ec588a07612abf7e03e5a034799b0096546f15,bc607d2257ff45bc2409557d78aca14d7be509b14ef06a462049363e395d9db6
ffb694d9368cfbe1,paired,,pffft-hybrid-float,core-float,spec012-confirm-01,1,0.7747999357738944,1ff789474ce6041f8d62151dd4ec588a07612abf7e03e5a034799b0096546f15,bc607d2257ff45bc2409557d78aca14d7be509b14ef06a462049363e395d9db6
ffb694d9368cfbe1,paired,,pffft-hybrid-float,core-float,spec012-confirm-01,2,0.7889954204387015,1ff789474ce6041f8d62151dd4ec588a07612abf7e03e5a034799b0096546f15,bc607d2257ff45bc2409557d78aca14d7be509b14ef06a462049363e395d9db6
ffb694d9368cfbe1,paired,,pffft-hybrid-float,core-float,spec012-confirm-02,0,0.747087551306116,1ff789474ce6041f8d62151dd4ec588a07612abf7e03e5a034799b0096546f15,bc607d2257ff45bc2409557d78aca14d7be509b14ef06a462049363e395d9db6
ffb694d9368cfbe1,paired,,pffft-hybrid-float,core-float,spec012-confirm-02,1,0.8003665638178257,1ff789474ce6041f8d62151dd4ec588a07612abf7e03e5a034799b0096546f15,bc607d2257ff45bc2409557d78aca14d7be509b14ef06a462049363e395d9db6
ffb694d9368cfbe1,paired,,pffft-hybrid-float,core-float,spec012-confirm-02,2,0.7672438538292674,1ff789474ce6041f8d62151dd4ec588a07612abf7e03e5a034799b0096546f15,bc607d2257ff45bc2409557d78aca14d7be509b14ef06a462049363e395d9db6
ffb694d9368cfbe1,paired,,pffft-hybrid-float,core-float,spec012-confirm-03,0,0.7644176614918388,1ff789474ce6041f8d62151dd4ec588a07612abf7e03e5a034799b0096546f15,bc607d2257ff45bc2409557d78aca14d7be509b14ef06a462049363e395d9db6
ffb694d9368cfbe1,paired,,pffft-hybrid-float,core-float,spec012-confirm-03,1,0.7817886317520011,1ff789474ce6041f8d62151dd4ec588a07612abf7e03e5a034799b0096546f15,bc607d2257ff45bc2409557d78aca14d7be509b14ef06a462049363e395d9db6
ffb694d9368cfbe1,paired,,pffft-hybrid-float,core-float,spec012-confirm-03,2,0.6260422454432442,1ff789474ce6041f8d62151dd4ec588a07612abf7e03e5a034799b0096546f15,bc607d2257ff45bc2409557d78aca14d7be509b14ef06a462049363e395d9db6
