stratum,host,config_sha256,alignment,backend,block,cache_mib,callback_offset,callbacks,count,hop,load,n,pass_name,rate,smooth,state,voices,warm_hops,session,repeat,cost,cost_unit,observations,observation_window_samples,observation_window_seconds,publication_audit_rows,timed_total_ns,timed_total_us,p50_ns,p95_ns,p99_ns,observed_max_ns,p50_us,p95_us,p99_us,observed_max_us,callback_budget_us,observed_compute_budget_exceedances,compute_budget_exceedance_fraction,timer_p99_us,timer_max_us,publication_delay_ms,center_offset_ms,playback_delay_ms,spectrum_center_age_ms,callback_visible_age_min_ms,callback_visible_age_max_ms,raw,raw_sha256
3aeff8d50243a034,m1-pro-16gb-local,022c470aece31a0df3142d972051456964985d0b9a3c98ccba5684cbe481f3cf,aligned,pffft-ols-identity-float,64,0,0,2368,1,37,0,128,callback,48000,0,steady,1,64,spec012-confirm-01,0,19.904672983530407,ns/engine-sample,2368,151552,3.1573333333333333,4096,3016593.0,3016.593,1416.0,1417.0,1459.0,22458.0,1.416,1.417,1.459,22.458,1333.3333333333333,0,0.0,0.042,0.042,0.0,0.375,0.75,,0.0,1.3125,/Users/christiankauten/Documents/Projects/Rack/plugins/Fourier/.build/spec012/confirm-01-short-hop/workload-0015-repeat-00.csv,f5c8d1929268f5303745e0c31d52c7b0408065b538cf0e21a3fb304af9c4c520
3aeff8d50243a034,m1-pro-16gb-local,022c470aece31a0df3142d972051456964985d0b9a3c98ccba5684cbe481f3cf,aligned,pffft-ols-identity-float,64,0,0,2368,1,37,0,128,callback,48000,0,steady,1,64,spec012-confirm-01,1,19.739647117820947,ns/engine-sample,2368,151552,3.1573333333333333,4096,2991583.0,2991.583,1416.0,1417.0,1417.0,6042.0,1.416,1.417,1.417,6.042,1333.3333333333333,0,0.0,0.042,0.042,0.0,0.375,0.75,,0.0,1.3125,/Users/christiankauten/Documents/Projects/Rack/plugins/Fourier/.build/spec012/confirm-01-short-hop/workload-0015-repeat-01.csv,2cd69f8a794a682684164db0885f5221a73d5c295b4b53583e13c4126b7abc90
3aeff8d50243a034,m1-pro-16gb-local,022c470aece31a0df3142d972051456964985d0b9a3c98ccba5684cbe481f3cf,aligned,pffft-ols-identity-float,64,0,0,2368,1,37,0,128,callback,48000,0,steady,1,64,spec012-confirm-01,2,19.897111222550677,ns/engine-sample,2368,151552,3.1573333333333333,4096,3015447.0,3015.447,1416.0,1417.0,1459.0,6958.0,1.416,1.417,1.459,6.958,1333.3333333333333,0,0.0,0.042,0.042,0.0,0.375,0.75,,0.0,1.3125,/Users/christiankauten/Documents/Projects/Rack/plugins/Fourier/.build/spec012/confirm-01-short-hop/workload-0015-repeat-02.csv,66670397dc605b3f14416531b413b60f7b8514a423d1d853e8773ed33cd0d585
3aeff8d50243a034,m1-pro-16gb-local,022c470aece31a0df3142d972051456964985d0b9a3c98ccba5684cbe481f3cf,aligned,pffft-ols-identity-float,64,0,0,2368,1,37,0,128,callback,48000,0,steady,1,64,spec012-confirm-02,0,19.90301678631757,ns/engine-sample,2368,151552,3.1573333333333333,4096,3016342.0,3016.342,1375.0,1417.0,1417.0,25375.0,1.375,1.417,1.417,25.375,1333.3333333333333,0,0.0,0.042,0.042,0.0,0.375,0.75,,0.0,1.3125,/Users/christiankauten/Documents/Projects/Rack/plugins/Fourier/.build/spec012/confirm-02-short-hop/workload-0015-repeat-00.csv,68ff671178a75e33d6ede6beabbc2a786a6f1062486657801aed80565167dc4f
3aeff8d50243a034,m1-pro-16gb-local,022c470aece31a0df3142d972051456964985d0b9a3c98ccba5684cbe481f3cf,aligned,pffft-ols-identity-float,64,0,0,2368,1,37,0,128,callback,48000,0,steady,1,64,spec012-confirm-02,1,19.86275997677365,ns/engine-sample,2368,151552,3.1573333333333333,4096,3010241.0,3010.241,1416.0,1417.0,1459.0,6875.0,1.416,1.417,1.459,6.875,1333.3333333333333,0,0.0,0.042,0.042,0.0,0.375,0.75,,0.0,1.3125,/Users/christiankauten/Documents/Projects/Rack/plugins/Fourier/.build/spec012/confirm-02-short-hop/workload-0015-repeat-01.csv,d2a69a2447b2961eb469560b730322520592e5cee1ec1438e67a4b231830178c
3aeff8d50243a034,m1-pro-16gb-local,022c470aece31a0df3142d972051456964985d0b9a3c98ccba5684cbe481f3cf,aligned,pffft-ols-identity-float,64,0,0,2368,1,37,0,128,callback,48000,0,steady,1,64,spec012-confirm-02,2,19.734942461993242,ns/engine-sample,2368,151552,3.1573333333333333,4096,2990870.0,2990.87,1416.0,1417.0,1417.0,6750.0,1.416,1.417,1.417,6.75,1333.3333333333333,0,0.0,0.042,0.042,0.0,0.375,0.75,,0.0,1.3125,/Users/christiankauten/Documents/Projects/Rack/plugins/Fourier/.build/spec012/confirm-02-short-hop/workload-0015-repeat-02.csv,6a812658df14ee121792b678a5aad8c47900e3a1e1c144d188cb71d2a4281d91
3aeff8d50243a034,m1-pro-16gb-local,022c470aece31a0df3142d972051456964985d0b9a3c98ccba5684cbe481f3cf,aligned,pffft-ols-identity-float,64,0,0,2368,1,37,0,128,callback,48000,0,steady,1,64,spec012-confirm-03,0,20.49607395481419,ns/engine-sample,2368,151552,3.1573333333333333,4096,3106221.0,3106.221,1458.0,1459.0,1500.0,1625.0,1.458,1.459,1.5,1.625,1333.3333333333333,0,0.0,0.042,0.042,0.0,0.375,0.75,,0.0,1.3125,/Users/christiankauten/Documents/Projects/Rack/plugins/Fourier/.build/spec012/confirm-03-short-hop/workload-0015-repeat-00.csv,532beb4c738cb7317245149be07737a4abf26b7291d3cc9fb46935c3d47e6873
3aeff8d50243a034,m1-pro-16gb-local,022c470aece31a0df3142d972051456964985d0b9a3c98ccba5684cbe481f3cf,aligned,pffft-ols-identity-float,64,0,0,2368,1,37,0,128,callback,48000,0,steady,1,64,spec012-confirm-03,1,20.151255014780407,ns/engine-sample,2368,151552,3.1573333333333333,4096,3053963.0,3053.963,1416.0,1417.0,1542.0,28667.0,1.416,1.417,1.542,28.667,1333.3333333333333,0,0.0,0.042,0.042,0.0,0.375,0.75,,0.0,1.3125,/Users/christiankauten/Documents/Projects/Rack/plugins/Fourier/.build/spec012/confirm-03-short-hop/workload-0015-repeat-01.csv,408c75b371f43d9503d5f3c48d106dec3a225a869893ea678299d12baab9aac8
3aeff8d50243a034,m1-pro-16gb-local,022c470aece31a0df3142d972051456964985d0b9a3c98ccba5684cbe481f3cf,aligned,pffft-ols-identity-float,64,0,0,2368,1,37,0,128,callback,48000,0,steady,1,64,spec012-confirm-03,2,19.99237885346284,ns/engine-sample,2368,151552,3.1573333333333333,4096,3029885.0,3029.885,1416.0,1458.0,1500.0,10083.0,1.416,1.458,1.5,10.083,1333.3333333333333,0,0.0,0.042,0.042,0.0,0.375,0.75,,0.0,1.3125,/Users/christiankauten/Documents/Projects/Rack/plugins/Fourier/.build/spec012/confirm-03-short-hop/workload-0015-repeat-02.csv,c2a9fee8dde58062f7f0484625e9e2337d226d5ddfdec0778baa5a13f3ebde04
3aeff8d50243a034,m1-pro-16gb-local,0320a27ca7046a4df7de2b6ac1666980b250dbdc2cbbd8a29d8bfdb40935e0d5,aligned,fftw-ols-fir-double,64,0,0,2368,1,37,0,128,throughput,48000,0,steady,1,64,spec012-confirm-01,0,23.75559543918919,ns/engine-sample,1,151552,3.1573333333333333,4096,3600208.0,3600.208,3600208.0,3600208.0,3600208.0,3600208.0,3600.208,3600.208,3600.208,3600.208,,,,0.042,0.042,0.0,0.375,0.75,,0.0,1.3125,/Users/christiankauten/Documents/Projects/Rack/plugins/Fourier/.build/spec012/confirm-01-short-hop/workload-0103-repeat-00.csv,4e41c9bc642e0b6fda26f7e8e5a0f05ddf0b1d49555aff6916c1de375e9d879b
3aeff8d50243a034,m1-pro-16gb-local,0320a27ca7046a4df7de2b6ac1666980b250dbdc2cbbd8a29d8bfdb40935e0d5,aligned,fftw-ols-fir-double,64,0,0,2368,1,37,0,128,throughput,48000,0,steady,1,64,spec012-confirm-01,1,23.89553420608108,ns/engine-sample,1,151552,3.1573333333333333,4096,3621416.0,3621.416,3621416.0,3621416.0,3621416.0,3621416.0,3621.416,3621.416,3621.416,3621.416,,,,0.042,0.042,0.0,0.375,0.75,,0.0,1.3125,/Users/christiankauten/Documents/Projects/Rack/plugins/Fourier/.build/spec012/confirm-01-short-hop/workload-0103-repeat-01.csv,7ca776a541983e930aab8fd8974ad3bf9526c97000bb7f1db8e87fe85423899c
3aeff8d50243a034,m1-pro-16gb-local,0320a27ca7046a4df7de2b6ac1666980b250dbdc2cbbd8a29d8bfdb40935e0d5,aligned,fftw-ols-fir-double,64,0,0,2368,1,37,0,128,throughput,48000,0,steady,1,64,spec012-confirm-01,2,23.813608530405407,ns/engine-sample,1,151552,3.1573333333333333,4096,3609000.0,3609.0,3609000.0,3609000.0,3609000.0,3609000.0,3609.0,3609.0,3609.0,3609.0,,,,0.042,0.042,0.0,0.375,0.75,,0.0,1.3125,/Users/christiankauten/Documents/Projects/Rack/plugins/Fourier/.build/spec012/confirm-01-short-hop/workload-0103-repeat-02.csv,9ec34eab03dc66f3b1d027906a8b9e9105e2c33ae3d4a33cdbc0d658b9140f96
3aeff8d50243a034,m1-pro-16gb-local,0320a27ca7046a4df7de2b6ac1666980b250dbdc2cbbd8a29d8bfdb40935e0d5,aligned,fftw-ols-fir-double,64,0,0,2368,1,37,0,128,throughput,48000,0,steady,1,64,spec012-confirm-02,0,23.98929080447635,ns/engine-sample,1,151552,3.1573333333333333,4096,3635625.0,3635.625,3635625.0,3635625.0,3635625.0,3635625.0,3635.625,3635.625,3635.625,3635.625,,,,0.042,0.042,0.0,0.375,0.75,,0.0,1.3125,/Users/christiankauten/Documents/Projects/Rack/plugins/Fourier/.build/spec012/confirm-02-short-hop/workload-0103-repeat-00.csv,f56b11447f01cb2501d49901b08e8eb680756843913c98f2f573ff2f564bdd5b
3aeff8d50243a034,m1-pro-16gb-local,0320a27ca7046a4df7de2b6ac1666980b250dbdc2cbbd8a29d8bfdb40935e0d5,aligned,fftw-ols-fir-double,64,0,0,2368,1,37,0,128,throughput,48000,0,steady,1,64,spec012-confirm-02,1,23.94310203758446,ns/engine-sample,1,151552,3.1573333333333333,4096,3628625.0,3628.625,3628625.0,3628625.0,3628625.0,3628625.0,3628.625,3628.625,3628.625,3628.625,,,,0.042,0.083,0.0,0.375,0.75,,0.0,1.3125,/Users/christiankauten/Documents/Projects/Rack/plugins/Fourier/.build/spec012/confirm-02-short-hop/workload-0103-repeat-01.csv,79b19b4151dd17decd57583fcb56344d3e4a4393cb11400a5be1cac7dc953f33
3aeff8d50243a034,m1-pro-16gb-local,0320a27ca7046a4df7de2b6ac1666980b250dbdc2cbbd8a29d8bfdb40935e0d5,aligned,fftw-ols-fir-double,64,0,0,2368,1,37,0,128,throughput,48000,0,steady,1,64,spec012-confirm-02,2,23.73800411739865,ns/engine-sample,1,151552,3.1573333333333333,4096,3597542.0,3597.542,3597542.0,3597542.0,3597542.0,3597542.0,3597.542,3597.542,3597.542,3597.542,,,,0.042,0.042,0.0,0.375,0.75,,0.0,1.3125,/Users/christiankauten/Documents/Projects/Rack/plugins/Fourier/.build/spec012/confirm-02-short-hop/workload-0103-repeat-02.csv,4ea8df51c2bfa27c23734605b997098fa4f9b0a08a56e35f5922fb2f6022e76d
3aeff8d50243a034,m1-pro-16gb-local,0320a27ca7046a4df7de2b6ac1666980b250dbdc2cbbd8a29d8bfdb40935e0d5,aligned,fftw-ols-fir-double,64,0,0,2368,1,37,0,128,throughput,48000,0,steady,1,64,spec012-confirm-03,0,25.176177153716218,ns/engine-sample,1,151552,3.1573333333333333,4096,3815500.0,3815.5,3815500.0,3815500.0,3815500.0,3815500.0,3815.5,3815.5,3815.5,3815.5,,,,0.042,10.458,0.0,0.375,0.75,,0.0,1.3125,/Users/christiankauten/Documents/Projects/Rack/plugins/Fourier/.build/spec012/confirm-03-short-hop/workload-0103-repeat-00.csv,01da404be671944419250807a7c6a35e4a63ce2283773f4a3b017f806b2b8058
3aeff8d50243a034,m1-pro-16gb-local,0320a27ca7046a4df7de2b6ac1666980b250dbdc2cbbd8a29d8bfdb40935e0d5,aligned,fftw-ols-fir-double,64,0,0,2368,1,37,0,128,throughput,48000,0,steady,1,64,spec012-confirm-03,1,24.471527924408782,ns/engine-sample,1,151552,3.1573333333333333,4096,3708709.0,3708.709,3708709.0,3708709.0,3708709.0,3708709.0,3708.709,3708.709,3708.709,3708.709,,,,0.042,0.042,0.0,0.375,0.75,,0.0,1.3125,/Users/christiankauten/Documents/Projects/Rack/plugins/Fourier/.build/spec012/confirm-03-short-hop/workload-0103-repeat-01.csv,540a1e537933ef1c7b5c37f728dda78865aa079d166b147f6cfe0f2fa6bd56e0
3aeff8d50243a034,m1-pro-16gb-local,0320a27ca7046a4df7de2b6ac1666980b250dbdc2cbbd8a29d8bfdb40935e0d5,aligned,fftw-ols-fir-double,64,0,0,2368,1,37,0,128,throughput,48000,0,steady,1,64,spec012-confirm-03,2,23.77264569256757,ns/engine-sample,1,151552,3.1573333333333333,4096,3602792.0,3602.792,3602792.0,3602792.0,3602792.0,3602792.0,3602.792,3602.792,3602.792,3602.792,,,,0.042,0.042,0.0,0.375,0.75,,0.0,1.3125,/Users/christiankauten/Documents/Projects/Rack/plugins/Fourier/.build/spec012/confirm-03-short-hop/workload-0103-repeat-02.csv,6131ce5dfc57664658c0aaca3de9c0ad6b0b47dc394de1f2c31150b8fc444a8f
3aeff8d50243a034,m1-pro-16gb-local,04946e80e999dd829800934349ce617774637cbc93d4741ad9c429a51eb5260f,aligned,core-independent4-float,64,0,0,2368,1,37,0,128,callback,48000,1,steady,1,64,spec012-confirm-01,0,123.99169262035473,ns/engine-sample,2368,151552,3.1573333333333333,4096,18791189.0,18791.189,7917.0,8292.0,8750.0,25542.0,7.917,8.292,8.75,25.542,1333.3333333333333,0,0.0,0.042,0.042,0.75,1.3229166666666667,,2.072916666666667,0.75,2.0625,/Users/christiankauten/Documents/Projects/Rack/plugins/Fourier/.build/spec012/confirm-01-short-hop/workload-0056-repeat-00.csv,a7b7c6574941d6880b66a19956467b60a9f481bf92de04eed4018fc1260ee953
3aeff8d50243a034,m1-pro-16gb-local,04946e80e999dd829800934349ce617774637cbc93d4741ad9c429a51eb5260f,aligned,core-independent4-float,64,0,0,2368,1,37,0,128,callback,48000,1,steady,1,64,spec012-confirm-01,1,125.91400311444256,ns/engine-sample,2368,151552,3.1573333333333333,4096,19082519.0,19082.519,8083.0,8375.0,8542.0,10375.0,8.083,8.375,8.542,10.375,1333.3333333333333,0,0.0,0.042,0.042,0.75,1.3229166666666667,,2.072916666666667,0.75,2.0625,/Users/christiankauten/Documents/Projects/Rack/plugins/Fourier/.build/spec012/confirm-01-short-hop/workload-0056-repeat-01.csv,f0ba637bb30229246cf13c0ae1caad66e4c9e2a193aebc382f63fc20895626bd
3aeff8d50243a034,m1-pro-16gb-local,04946e80e999dd829800934349ce617774637cbc93d4741ad9c429a51eb5260f,aligned,core-independent4-float,64,0,0,2368,1,37,0,128,callback,48000,1,steady,1,64,spec012-confirm-01,2,120.0778610641892,ns/engine-sample,2368,151552,3.1573333333333333,4096,18198040.0,18198.04,7667.0,8000.0,8125.0,24833.0,7.667,8.0,8.125,24.833,1333.3333333333333,0,0.0,0.042,0.083,0.75,1.3229166666666667,,2.072916666666667,0.75,2.0625,/Users/christiankauten/Documents/Projects/Rack/plugins/Fourier/.build/spec012/confirm-01-short-hop/workload-0056-repeat-02.csv,a9dff7708da83bb4ec0ec3532ab40e15744c9501ef7b1f7f01421f84de4949a5
3aeff8d50243a034,m1-pro-16gb-local,04946e80e999dd829800934349ce617774637cbc93d4741ad9c429a51eb5260f,aligned,core-independent4-float,64,0,0,2368,1,37,0,128,callback,48000,1,steady,1,64,spec012-confirm-02,0,123.0683395798142,ns/engine-sample,2368,151552,3.1573333333333333,4096,18651253.0,18651.253,7875.0,8208.0,8375.0,13375.0,7.875,8.208,8.375,13.375,1333.3333333333333,0,0.0,0.042,0.042,0.75,1.3229166666666667,,2.072916666666667,0.75,2.0625,/Users/christiankauten/Documents/Projects/Rack/plugins/Fourier/.build/spec012/confirm-02-short-hop/workload-0056-repeat-00.csv,09d8c6994efddabd0d399c0e654e672ef8f81392a394693cc8445ac4328e48ea
3aeff8d50243a034,m1-pro-16gb-local,04946e80e999dd829800934349ce617774637cbc93d4741ad9c429a51eb5260f,aligned,core-independent4-float,64,0,0,2368,1,37,0,128,callback,48000,1,steady,1,64,spec012-confirm-02,1,122.56981762035473,ns/engine-sample,2368,151552,3.1573333333333333,4096,18575701.0,18575.701,7834.0,8167.0,8333.0,10209.0,7.834,8.167,8.333,10.209,1333.3333333333333,0,0.0,0.042,0.042,0.75,1.3229166666666667,,2.072916666666667,0.75,2.0625,/Users/christiankauten/Documents/Projects/Rack/plugins/Fourier/.build/spec012/confirm-02-short-hop/workload-0056-repeat-01.csv,dfeb32f2345a871ac756517d4d7c70525cf3a9556e4a12d4a71d209d0bad2d9d
3aeff8d50243a034,m1-pro-16gb-local,04946e80e999dd829800934349ce617774637cbc93d4741ad9c429a51eb5260f,aligned,core-independent4-float,64,0,0,2368,1,37,0,128,callback,48000,1,steady,1,64,spec012-confirm-02,2,119.96612383868244,ns/engine-sample,2368,151552,3.1573333333333333,4096,18181106.0,18181.106,7667.0,8000.0,8125.0,12666.0,7.667,8.0,8.125,12.666,1333.3333333333333,0,0.0,0.042,0.042,0.75,1.3229166666666667,,2.072916666666667,0.75,2.0625,/Users/christiankauten/Documents/Projects/Rack/plugins/Fourier/.build/spec012/confirm-02-short-hop/workload-0056-repeat-02.csv,df99524d8226b962e1dd085fe1d2965a9155b19abb528cbc162e6dddb7bb927b
3aeff8d50243a034,m1-pro-16gb-local,04946e80e999dd829800934349ce617774637cbc93d4741ad9c429a51eb5260f,aligned,core-independent4-float,64,0,0,2368,1,37,0,128,callback,48000,1,steady,1,64,spec012-confirm-03,0,122.26241158150337,ns/engine-sample,2368,151552,3.1573333333333333,4096,18529113.0,18529.113,7834.0,8125.0,8208.0,13125.0,7.834,8.125,8.208,13.125,1333.3333333333333,0,0.0,0.042,0.042,0.75,1.3229166666666667,,2.072916666666667,0.75,2.0625,/Users/christiankauten/Documents/Projects/Rack/plugins/Fourier/.build/spec012/confirm-03-short-hop/workload-0056-repeat-00.csv,ed97c6d6be2ea13b377bc4bf36f0970cd6a8c2e2e2d36cb571865f008ce2fec2
3aeff8d50243a034,m1-pro-16gb-local,04946e80e999dd829800934349ce617774637cbc93d4741ad9c429a51eb5260f,aligned,core-independent4-float,64,0,0,2368,1,37,0,128,callback,48000,1,steady,1,64,spec012-confirm-03,1,120.46326013513513,ns/engine-sample,2368,151552,3.1573333333333333,4096,18256448.0,18256.448,7709.0,8042.0,8167.0,10416.0,7.709,8.042,8.167,10.416,1333.3333333333333,0,0.0,0.042,0.042,0.75,1.3229166666666667,,2.072916666666667,0.75,2.0625,/Users/christiankauten/Documents/Projects/Rack/plugins/Fourier/.build/spec012/confirm-03-short-hop/workload-0056-repeat-01.csv,2e11529f2794a199f8de08ead0cdfcb3d3ad377b9fb12a7c337b53a8fe3b757e
3aeff8d50243a034,m1-pro-16gb-local,04946e80e999dd829800934349ce617774637cbc93d4741ad9c429a51eb5260f,aligned,core-independent4-float,64,0,0,2368,1,37,0,128,callback,48000,1,steady,1,64,spec012-confirm-03,2,121.76441749366555,ns/engine-sample,2368,151552,3.1573333333333333,4096,18453641.0,18453.641,7792.0,8125.0,8250.0,17750.0,7.792,8.125,8.25,17.75,1333.3333333333333,0,0.0,0.042,0.042,0.75,1.3229166666666667,,2.072916666666667,0.75,2.0625,/Users/christiankauten/Documents/Projects/Rack/plugins/Fourier/.build/spec012/confirm-03-short-hop/workload-0056-repeat-02.csv,1d9f06876187f3fe24c4dcf6a44d85bb4d17b4caf1202a2202c04885a11819d1
3aeff8d50243a034,m1-pro-16gb-local,049a1f747350ccaa468459a66fc450d9e3609fdb07ce2576c51a24e19bd7107e,aligned,legacy-batch-float,64,0,0,2368,1,37,0,128,throughput,48000,0,steady,1,64,spec012-confirm-01,0,30.025997677364863,ns/engine-sample,1,151552,3.1573333333333333,4096,4550500.0,4550.5,4550500.0,4550500.0,4550500.0,4550500.0,4550.5,4550.5,4550.5,4550.5,,,,0.042,0.042,0.0,1.3229166666666667,,1.3229166666666667,0.0,1.3125,/Users/christiankauten/Documents/Projects/Rack/plugins/Fourier/.build/spec012/confirm-01-short-hop/workload-0024-repeat-00.csv,383ccdab67cdfdbe9d9f7b00c5ad88d80d76dfb40f703cd84f8fa30355c415cc
3aeff8d50243a034,m1-pro-16gb-local,049a1f747350ccaa468459a66fc450d9e3609fdb07ce2576c51a24e19bd7107e,aligned,legacy-batch-float,64,0,0,2368,1,37,0,128,throughput,48000,0,steady,1,64,spec012-confirm-01,1,29.953692461993242,ns/engine-sample,1,151552,3.1573333333333333,4096,4539542.0,4539.542,4539542.0,4539542.0,4539542.0,4539542.0,4539.542,4539.542,4539.542,4539.542,,,,0.042,0.042,0.0,1.3229166666666667,,1.3229166666666667,0.0,1.3125,/Users/christiankauten/Documents/Projects/Rack/plugins/Fourier/.build/spec012/confirm-01-short-hop/workload-0024-repeat-01.csv,3f980bd393115aa358ccac7e2bf8c37d024ac32ecd681d8722aa00dd6ef0649e
3aeff8d50243a034,m1-pro-16gb-local,049a1f747350ccaa468459a66fc450d9e3609fdb07ce2576c51a24e19bd7107e,aligned,legacy-batch-float,64,0,0,2368,1,37,0,128,throughput,48000,0,steady,1,64,spec012-confirm-01,2,29.72385055954392,ns/engine-sample,1,151552,3.1573333333333333,4096,4504709.0,4504.709,4504709.0,4504709.0,4504709.0,4504709.0,4504.709,4504.709,4504.709,4504.709,,,,0.042,0.042,0.0,1.3229166666666667,,1.3229166666666667,0.0,1.3125,/Users/christiankauten/Documents/Projects/Rack/plugins/Fourier/.build/spec012/confirm-01-short-hop/workload-0024-repeat-02.csv,95cc690b7a31568d0d44d91ac256ac6dbcf78abbd1fc4ea3e881109f7916d681
3aeff8d50243a034,m1-pro-16gb-local,049a1f747350ccaa468459a66fc450d9e3609fdb07ce2576c51a24e19bd7107e,aligned,legacy-batch-float,64,0,0,2368,1,37,0,128,throughput,48000,0,steady,1,64,spec012-confirm-02,0,29.710370038006758,ns/engine-sample,1,151552,3.1573333333333333,4096,4502666.0,4502.666,4502666.0,4502666.0,4502666.0,4502666.0,4502.666,4502.666,4502.666,4502.666,,,,0.042,0.042,0.0,1.3229166666666667,,1.3229166666666667,0.0,1.3125,/Users/christiankauten/Documents/Projects/Rack/plugins/Fourier/.build/spec012/confirm-02-short-hop/workload-0024-repeat-00.csv,50ebb86ccd7343d6dd313780d7ffadaf21e171cfafb40982b40ada6fccccec93
3aeff8d50243a034,m1-pro-16gb-local,049a1f747350ccaa468459a66fc450d9e3609fdb07ce2576c51a24e19bd7107e,aligned,legacy-batch-float,64,0,0,2368,1,37,0,128,throughput,48000,0,steady,1,64,spec012-confirm-02,1,29.949845597550677,ns/engine-sample,1,151552,3.1573333333333333,4096,4538959.0,4538.959,4538959.0,4538959.0,4538959.0,4538959.0,4538.959,4538.959,4538.959,4538.959,,,,0.042,0.042,0.0,1.3229166666666667,,1.3229166666666667,0.0,1.3125,/Users/christiankauten/Documents/Projects/Rack/plugins/Fourier/.build/spec012/confirm-02-short-hop/workload-0024-repeat-01.csv,e4f5e18c5ba548b1855704574cd78ed1b298a0e7479285a54abcb212ec377d21
3aeff8d50243a034,m1-pro-16gb-local,049a1f747350ccaa468459a66fc450d9e3609fdb07ce2576c51a24e19bd7107e,aligned,legacy-batch-float,64,0,0,2368,1,37,0,128,throughput,48000,0,steady,1,64,spec012-confirm-02,2,30.10765281883446,ns/engine-sample,1,151552,3.1573333333333333,4096,4562875.0,4562.875,4562875.0,4562875.0,4562875.0,4562875.0,4562.875,4562.875,4562.875,4562.875,,,,0.042,0.042,0.0,1.3229166666666667,,1.3229166666666667,0.0,1.3125,/Users/christiankauten/Documents/Projects/Rack/plugins/Fourier/.build/spec012/confirm-02-short-hop/workload-0024-repeat-02.csv,16083a1a9f9ef193033de4ec1c54bfb59b867c46570fe56976c57d8267cc2ada
3aeff8d50243a034,m1-pro-16gb-local,049a1f747350ccaa468459a66fc450d9e3609fdb07ce2576c51a24e19bd7107e,aligned,legacy-batch-float,64,0,0,2368,1,37,0,128,throughput,48000,0,steady,1,64,spec012-confirm-03,0,29.78900971283784,ns/engine-sample,1,151552,3.1573333333333333,4096,4514584.0,4514.584,4514584.0,4514584.0,4514584.0,4514584.0,4514.584,4514.584,4514.584,4514.584,,,,0.042,0.042,0.0,1.3229166666666667,,1.3229166666666667,0.0,1.3125,/Users/christiankauten/Documents/Projects/Rack/plugins/Fourier/.build/spec012/confirm-03-short-hop/workload-0024-repeat-00.csv,92ca7044951c19022dbf35d27e0efe4ce70127173d3684b939d1bd1ac9afe436
3aeff8d50243a034,m1-pro-16gb-local,049a1f747350ccaa468459a66fc450d9e3609fdb07ce2576c51a24e19bd7107e,aligned,legacy-batch-float,64,0,0,2368,1,37,0,128,throughput,48000,0,steady,1,64,spec012-confirm-03,1,31.80811866554054,ns/engine-sample,1,151552,3.1573333333333333,4096,4820584.0,4820.584,4820584.0,4820584.0,4820584.0,4820584.0,4820.584,4820.584,4820.584,4820.584,,,,0.042,0.083,0.0,1.3229166666666667,,1.3229166666666667,0.0,1.3125,/Users/christiankauten/Documents/Projects/Rack/plugins/Fourier/.build/spec012/confirm-03-short-hop/workload-0024-repeat-01.csv,5c0cb24d7cac31bae5debfd5563cb52e88856d6f3063061c4061ef9ad0fa1a9a
3aeff8d50243a034,m1-pro-16gb-local,049a1f747350ccaa468459a66fc450d9e3609fdb07ce2576c51a24e19bd7107e,aligned,legacy-batch-float,64,0,0,2368,1,37,0,128,throughput,48000,0,steady,1,64,spec012-confirm-03,2,29.642465952280407,ns/engine-sample,1,151552,3.1573333333333333,4096,4492375.0,4492.375,4492375.0,4492375.0,4492375.0,4492375.0,4492.375,4492.375,4492.375,4492.375,,,,0.042,0.042,0.0,1.3229166666666667,,1.3229166666666667,0.0,1.3125,/Users/christiankauten/Documents/Projects/Rack/plugins/Fourier/.build/spec012/confirm-03-short-hop/workload-0024-repeat-02.csv,c7cb1a90533a12fa2029f5de44bc9227b342fd8bda983aadd24f0614ad8a5583
3aeff8d50243a034,m1-pro-16gb-local,05851df9a07992316fa08ad56456e0748861bdc91c768b044e39e8a48319c4de,aligned,ols-identity-batch-double,64,0,0,2368,1,37,0,128,throughput,48000,0,steady,1,64,spec012-confirm-01,0,91.77543021537163,ns/engine-sample,1,151552,3.1573333333333333,4096,13908750.0,13908.75,13908750.0,13908750.0,13908750.0,13908750.0,13908.75,13908.75,13908.75,13908.75,,,,0.042,0.042,0.0,0.375,0.75,,0.0,1.3125,/Users/christiankauten/Documents/Projects/Rack/plugins/Fourier/.build/spec012/confirm-01-short-hop/workload-0097-repeat-00.csv,a2919253ec259b40cc4269f3f0f8db565bcc7ee2944bf88ae4a0c287d3918ef0
3aeff8d50243a034,m1-pro-16gb-local,05851df9a07992316fa08ad56456e0748861bdc91c768b044e39e8a48319c4de,aligned,ols-identity-batch-double,64,0,0,2368,1,37,0,128,throughput,48000,0,steady,1,64,spec012-confirm-01,1,91.2582809860642,ns/engine-sample,1,151552,3.1573333333333333,4096,13830375.0,13830.375,13830375.0,13830375.0,13830375.0,13830375.0,13830.375,13830.375,13830.375,13830.375,,,,0.042,0.042,0.0,0.375,0.75,,0.0,1.3125,/Users/christiankauten/Documents/Projects/Rack/plugins/Fourier/.build/spec012/confirm-01-short-hop/workload-0097-repeat-01.csv,8acdb3803a362d4aa74ac98fa76df2048490da3162bd344f0fad5fdf833a9427
3aeff8d50243a034,m1-pro-16gb-local,05851df9a07992316fa08ad56456e0748861bdc91c768b044e39e8a48319c4de,aligned,ols-identity-batch-double,64,0,0,2368,1,37,0,128,throughput,48000,0,steady,1,64,spec012-confirm-01,2,92.73851879222973,ns/engine-sample,1,151552,3.1573333333333333,4096,14054708.0,14054.708,14054708.0,14054708.0,14054708.0,14054708.0,14054.708,14054.708,14054.708,14054.708,,,,0.042,0.042,0.0,0.375,0.75,,0.0,1.3125,/Users/christiankauten/Documents/Projects/Rack/plugins/Fourier/.build/spec012/confirm-01-short-hop/workload-0097-repeat-02.csv,9d13a5901c0c133203fbbe08b56054b8f0ffe794db472b4097aa77d2c92d44b0
3aeff8d50243a034,m1-pro-16gb-local,05851df9a07992316fa08ad56456e0748861bdc91c768b044e39e8a48319c4de,aligned,ols-identity-batch-double,64,0,0,2368,1,37,0,128,throughput,48000,0,steady,1,64,spec012-confirm-02,0,91.75975902660473,ns/engine-sample,1,151552,3.1573333333333333,4096,13906375.0,13906.375,13906375.0,13906375.0,13906375.0,13906375.0,13906.375,13906.375,13906.375,13906.375,,,,0.042,0.042,0.0,0.375,0.75,,0.0,1.3125,/Users/christiankauten/Documents/Projects/Rack/plugins/Fourier/.build/spec012/confirm-02-short-hop/workload-0097-repeat-00.csv,421fcceb7ea09fd5298ceb432243e6971247fdfc7cc2cbfdbcc68cc1eb57c543
3aeff8d50243a034,m1-pro-16gb-local,05851df9a07992316fa08ad56456e0748861bdc91c768b044e39e8a48319c4de,aligned,ols-identity-batch-double,64,0,0,2368,1,37,0,128,throughput,48000,0,steady,1,64,spec012-confirm-02,1,91.31161581503379,ns/engine-sample,1,151552,3.1573333333333333,4096,13838458.0,13838.458,13838458.0,13838458.0,13838458.0,13838458.0,13838.458,13838.458,13838.458,13838.458,,,,0.042,0.042,0.0,0.375,0.75,,0.0,1.3125,/Users/christiankauten/Documents/Projects/Rack/plugins/Fourier/.build/spec012/confirm-02-short-hop/workload-0097-repeat-01.csv,966501617fb574208bc05f85bb04b518bc41c59a80805f35919b88589b950870
3aeff8d50243a034,m1-pro-16gb-local,05851df9a07992316fa08ad56456e0748861bdc91c768b044e39e8a48319c4de,aligned,ols-identity-batch-double,64,0,0,2368,1,37,0,128,throughput,48000,0,steady,1,64,spec012-confirm-02,2,92.07785446579392,ns/engine-sample,1,151552,3.1573333333333333,4096,13954583.0,13954.583,13954583.0,13954583.0,13954583.0,13954583.0,13954.583,13954.583,13954.583,13954.583,,,,0.042,0.042,0.0,0.375,0.75,,0.0,1.3125,/Users/christiankauten/Documents/Projects/Rack/plugins/Fourier/.build/spec012/confirm-02-short-hop/workload-0097-repeat-02.csv,cd569733bdbd7add460eda3f141aa4f40644a89857266aee43f8feddc3abfe84
3aeff8d50243a034,m1-pro-16gb-local,05851df9a07992316fa08ad56456e0748861bdc91c768b044e39e8a48319c4de,aligned,ols-identity-batch-double,64,0,0,2368,1,37,0,128,throughput,48000,0,steady,1,64,spec012-confirm-03,0,93.01235219594595,ns/engine-sample,1,151552,3.1573333333333333,4096,14096208.0,14096.208,14096208.0,14096208.0,14096208.0,14096208.0,14096.208,14096.208,14096.208,14096.208,,,,0.042,0.042,0.0,0.375,0.75,,0.0,1.3125,/Users/christiankauten/Documents/Projects/Rack/plugins/Fourier/.build/spec012/confirm-03-short-hop/workload-0097-repeat-00.csv,68287b6942bad8a886787aeecfb6e8781a774b35606aa80156281b26d3aa9940
3aeff8d50243a034,m1-pro-16gb-local,05851df9a07992316fa08ad56456e0748861bdc91c768b044e39e8a48319c4de,aligned,ols-identity-batch-double,64,0,0,2368,1,37,0,128,throughput,48000,0,steady,1,64,spec012-confirm-03,1,92.98046215160473,ns/engine-sample,1,151552,3.1573333333333333,4096,14091375.0,14091.375,14091375.0,14091375.0,14091375.0,14091375.0,14091.375,14091.375,14091.375,14091.375,,,,0.042,0.042,0.0,0.375,0.75,,0.0,1.3125,/Users/christiankauten/Documents/Projects/Rack/plugins/Fourier/.build/spec012/confirm-03-short-hop/workload-0097-repeat-01.csv,09ddfa25af06c2a735ebf123ed6c7bab0542b27aa9d24c9fd5f0ab454d86bce6
3aeff8d50243a034,m1-pro-16gb-local,05851df9a07992316fa08ad56456e0748861bdc91c768b044e39e8a48319c4de,aligned,ols-identity-batch-double,64,0,0,2368,1,37,0,128,throughput,48000,0,steady,1,64,spec012-confirm-03,2,93.70765809755068,ns/engine-sample,1,151552,3.1573333333333333,4096,14201583.0,14201.583,14201583.0,14201583.0,14201583.0,14201583.0,14201.583,14201.583,14201.583,14201.583,,,,0.042,0.083,0.0,0.375,0.75,,0.0,1.3125,/Users/christiankauten/Documents/Projects/Rack/plugins/Fourier/.build/spec012/confirm-03-short-hop/workload-0097-repeat-02.csv,69b112d6a82483b814e90ced1f6d70d0758beaf972ecc7450a41893cabf38c2e
3aeff8d50243a034,m1-pro-16gb-local,0702654131a84acc3e2d1909e8f9803065dc98bebf982236e88876b135f766e9,aligned,ols-fir-batch-float,64,0,0,2368,1,37,0,128,callback,48000,0,steady,1,64,spec012-confirm-01,0,92.0767921241554,ns/engine-sample,2368,151552,3.1573333333333333,4096,13954422.0,13954.422,6708.0,6875.0,7000.0,10041.0,6.708,6.875,7.0,10.041,1333.3333333333333,0,0.0,0.042,0.042,0.0,0.375,0.75,,0.0,1.3125,/Users/christiankauten/Documents/Projects/Rack/plugins/Fourier/.build/spec012/confirm-01-short-hop/workload-0018-repeat-00.csv,83f6a67baee8fa3d3be9a400d3e3cc6dd97d4c840e8f7eef883f563b47020b66
3aeff8d50243a034,m1-pro-16gb-local,0702654131a84acc3e2d1909e8f9803065dc98bebf982236e88876b135f766e9,aligned,ols-fir-batch-float,64,0,0,2368,1,37,0,128,callback,48000,0,steady,1,64,spec012-confirm-01,1,90.28931983741555,ns/engine-sample,2368,151552,3.1573333333333333,4096,13683527.0,13683.527,6583.0,6708.0,6750.0,8416.0,6.583,6.708,6.75,8.416,1333.3333333333333,0,0.0,0.042,0.083,0.0,0.375,0.75,,0.0,1.3125,/Users/christiankauten/Documents/Projects/Rack/plugins/Fourier/.build/spec012/confirm-01-short-hop/workload-0018-repeat-01.csv,2f5e3fbc29e958785119ff52468dc9d1a098558af9d4ac6fd78f49536e0763de
3aeff8d50243a034,m1-pro-16gb-local,0702654131a84acc3e2d1909e8f9803065dc98bebf982236e88876b135f766e9,aligned,ols-fir-batch-float,64,0,0,2368,1,37,0,128,callback,48000,0,steady,1,64,spec012-confirm-01,2,90.24024757179055,ns/engine-sample,2368,151552,3.1573333333333333,4096,13676090.0,13676.09,6583.0,6667.0,6916.0,20375.0,6.583,6.667,6.916,20.375,1333.3333333333333,0,0.0,0.042,0.042,0.0,0.375,0.75,,0.0,1.3125,/Users/christiankauten/Documents/Projects/Rack/plugins/Fourier/.build/spec012/confirm-01-short-hop/workload-0018-repeat-02.csv,7faac0a212ab07d09c785e2f2fc9abb21bf3d9bb8be633c989463694a914523b
3aeff8d50243a034,m1-pro-16gb-local,0702654131a84acc3e2d1909e8f9803065dc98bebf982236e88876b135f766e9,aligned,ols-fir-batch-float,64,0,0,2368,1,37,0,128,callback,48000,0,steady,1,64,spec012-confirm-02,0,90.1767776076858,ns/engine-sample,2368,151552,3.1573333333333333,4096,13666471.0,13666.471,6583.0,6708.0,6750.0,10292.0,6.583,6.708,6.75,10.292,1333.3333333333333,0,0.0,0.042,0.042,0.0,0.375,0.75,,0.0,1.3125,/Users/christiankauten/Documents/Projects/Rack/plugins/Fourier/.build/spec012/confirm-02-short-hop/workload-0018-repeat-00.csv,4de708da6207fc9e12e25579742bb87422e60dfe64bebe9cdc27e54f3fc30636
3aeff8d50243a034,m1-pro-16gb-local,0702654131a84acc3e2d1909e8f9803065dc98bebf982236e88876b135f766e9,aligned,ols-fir-batch-float,64,0,0,2368,1,37,0,128,callback,48000,0,steady,1,64,spec012-confirm-02,1,90.06143105996621,ns/engine-sample,2368,151552,3.1573333333333333,4096,13648990.0,13648.99,6583.0,6667.0,6791.0,12000.0,6.583,6.667,6.791,12.0,1333.3333333333333,0,0.0,0.042,0.042,0.0,0.375,0.75,,0.0,1.3125,/Users/christiankauten/Documents/Projects/Rack/plugins/Fourier/.build/spec012/confirm-02-short-hop/workload-0018-repeat-01.csv,0257a89b869700ee0e7d8002a03c1a87d2935797f332bed128c15b3cb2333b29
3aeff8d50243a034,m1-pro-16gb-local,0702654131a84acc3e2d1909e8f9803065dc98bebf982236e88876b135f766e9,aligned,ols-fir-batch-float,64,0,0,2368,1,37,0,128,callback,48000,0,steady,1,64,spec012-confirm-02,2,90.6439307960304,ns/engine-sample,2368,151552,3.1573333333333333,4096,13737269.0,13737.269,6625.0,6709.0,6833.0,13541.0,6.625,6.709,6.833,13.541,1333.3333333333333,0,0.0,0.042,0.042,0.0,0.375,0.75,,0.0,1.3125,/Users/christiankauten/Documents/Projects/Rack/plugins/Fourier/.build/spec012/confirm-02-short-hop/workload-0018-repeat-02.csv,b18d5f78c625b32fd5cbae89ada1c166fef786a93167b0793991471a63783b4d
3aeff8d50243a034,m1-pro-16gb-local,0702654131a84acc3e2d1909e8f9803065dc98bebf982236e88876b135f766e9,aligned,ols-fir-batch-float,64,0,0,2368,1,37,0,128,callback,48000,0,steady,1,64,spec012-confirm-03,0,91.15535261824324,ns/engine-sample,2368,151552,3.1573333333333333,4096,13814776.0,13814.776,6625.0,6792.0,6875.0,32417.0,6.625,6.792,6.875,32.417,1333.3333333333333,0,0.0,0.042,0.042,0.0,0.375,0.75,,0.0,1.3125,/Users/christiankauten/Documents/Projects/Rack/plugins/Fourier/.build/spec012/confirm-03-short-hop/workload-0018-repeat-00.csv,40a31a6f4a34524a69fc971f4c9c8480956579b2fb2859d14abaaab6c8ebc137
3aeff8d50243a034,m1-pro-16gb-local,0702654131a84acc3e2d1909e8f9803065dc98bebf982236e88876b135f766e9,aligned,ols-fir-batch-float,64,0,0,2368,1,37,0,128,callback,48000,0,steady,1,64,spec012-confirm-03,1,92.22939980996621,ns/engine-sample,2368,151552,3.1573333333333333,4096,13977550.0,13977.55,6667.0,6916.0,7000.0,21125.0,6.667,6.916,7.0,21.125,1333.3333333333333,0,0.0,0.042,0.042,0.0,0.375,0.75,,0.0,1.3125,/Users/christiankauten/Documents/Projects/Rack/plugins/Fourier/.build/spec012/confirm-03-short-hop/workload-0018-repeat-01.csv,3df316da5c4455b88da3ca9dd0fb0d1c1b2e5096201d898a307dd67864a8182a
3aeff8d50243a034,m1-pro-16gb-local,0702654131a84acc3e2d1909e8f9803065dc98bebf982236e88876b135f766e9,aligned,ols-fir-batch-float,64,0,0,2368,1,37,0,128,callback,48000,0,steady,1,64,spec012-confirm-03,2,90.54812209670608,ns/engine-sample,2368,151552,3.1573333333333333,4096,13722749.0,13722.749,6542.0,6709.0,7042.0,25416.0,6.542,6.709,7.042,25.416,1333.3333333333333,0,0.0,0.042,0.042,0.0,0.375,0.75,,0.0,1.3125,/Users/christiankauten/Documents/Projects/Rack/plugins/Fourier/.build/spec012/confirm-03-short-hop/workload-0018-repeat-02.csv,de353a3923aea24720ef2a412e61e8622cf666d2d0c04212351fe7eabdb81513
3aeff8d50243a034,m1-pro-16gb-local,09b33768457bec9769085b9c49d88ba9984df29b91792cf2e421ff03756b2201,aligned,fftw-analysis4-float,64,0,0,2368,1,37,0,128,throughput,48000,1,steady,1,64,spec012-confirm-01,0,53.42445497255068,ns/engine-sample,1,151552,3.1573333333333333,4096,8096583.0,8096.583,8096583.0,8096583.0,8096583.0,8096583.0,8096.583,8096.583,8096.583,8096.583,,,,0.042,0.042,0.0,1.3229166666666667,,1.3229166666666667,0.0,1.3125,/Users/christiankauten/Documents/Projects/Rack/plugins/Fourier/.build/spec012/confirm-01-short-hop/workload-0064-repeat-00.csv,85ed6ef2d17643174764de52a17d91e2a664e8b96d088fc760bde12a25b02528
3aeff8d50243a034,m1-pro-16gb-local,09b33768457bec9769085b9c49d88ba9984df29b91792cf2e421ff03756b2201,aligned,fftw-analysis4-float,64,0,0,2368,1,37,0,128,throughput,48000,1,steady,1,64,spec012-confirm-01,1,53.17069388724662,ns/engine-sample,1,151552,3.1573333333333333,4096,8058125.0,8058.125,8058125.0,8058125.0,8058125.0,8058125.0,8058.125,8058.125,8058.125,8058.125,,,,0.042,0.042,0.0,1.3229166666666667,,1.3229166666666667,0.0,1.3125,/Users/christiankauten/Documents/Projects/Rack/plugins/Fourier/.build/spec012/confirm-01-short-hop/workload-0064-repeat-01.csv,4e7a8c5109c00a79fff012b7686f722536de3e7fea9e7149fdd370251806f25b
3aeff8d50243a034,m1-pro-16gb-local,09b33768457bec9769085b9c49d88ba9984df29b91792cf2e421ff03756b2201,aligned,fftw-analysis4-float,64,0,0,2368,1,37,0,128,throughput,48000,1,steady,1,64,spec012-confirm-01,2,53.18828520903716,ns/engine-sample,1,151552,3.1573333333333333,4096,8060791.0,8060.791,8060791.0,8060791.0,8060791.0,8060791.0,8060.791,8060.791,8060.791,8060.791,,,,0.042,0.042,0.0,1.3229166666666667,,1.3229166666666667,0.0,1.3125,/Users/christiankauten/Documents/Projects/Rack/plugins/Fourier/.build/spec012/confirm-01-short-hop/workload-0064-repeat-02.csv,3fd22d3a0e126a6f680f106dd3d915fcee0a9ec233463e69c7bca15ccf05ee55
3aeff8d50243a034,m1-pro-16gb-local,09b33768457bec9769085b9c49d88ba9984df29b91792cf2e421ff03756b2201,aligned,fftw-analysis4-float,64,0,0,2368,1,37,0,128,throughput,48000,1,steady,1,64,spec012-confirm-02,0,65.28590186866555,ns/engine-sample,1,151552,3.1573333333333333,4096,9894209.0,9894.209,9894209.0,9894209.0,9894209.0,9894209.0,9894.209,9894.209,9894.209,9894.209,,,,0.042,0.042,0.0,1.3229166666666667,,1.3229166666666667,0.0,1.3125,/Users/christiankauten/Documents/Projects/Rack/plugins/Fourier/.build/spec012/confirm-02-short-hop/workload-0064-repeat-00.csv,99a6a51d5c653b66563548825ae735cefc46bcac880c5001ad5006953dd3ccaa
3aeff8d50243a034,m1-pro-16gb-local,09b33768457bec9769085b9c49d88ba9984df29b91792cf2e421ff03756b2201,aligned,fftw-analysis4-float,64,0,0,2368,1,37,0,128,throughput,48000,1,steady,1,64,spec012-confirm-02,1,53.199007601351354,ns/engine-sample,1,151552,3.1573333333333333,4096,8062416.0,8062.416,8062416.0,8062416.0,8062416.0,8062416.0,8062.416,8062.416,8062.416,8062.416,,,,0.042,0.042,0.0,1.3229166666666667,,1.3229166666666667,0.0,1.3125,/Users/christiankauten/Documents/Projects/Rack/plugins/Fourier/.build/spec012/confirm-02-short-hop/workload-0064-repeat-01.csv,b60ec9d634e5c71197c3e26217b6fc6e687e195aec8d56882f12e7cd5206a43d
3aeff8d50243a034,m1-pro-16gb-local,09b33768457bec9769085b9c49d88ba9984df29b91792cf2e421ff03756b2201,aligned,fftw-analysis4-float,64,0,0,2368,1,37,0,128,throughput,48000,1,steady,1,64,spec012-confirm-02,2,53.27022408150338,ns/engine-sample,1,151552,3.1573333333333333,4096,8073209.0,8073.209,8073209.0,8073209.0,8073209.0,8073209.0,8073.209,8073.209,8073.209,8073.209,,,,0.042,0.083,0.0,1.3229166666666667,,1.3229166666666667,0.0,1.3125,/Users/christiankauten/Documents/Projects/Rack/plugins/Fourier/.build/spec012/confirm-02-short-hop/workload-0064-repeat-02.csv,095aba7fe1643b7e138f58fbfd165cfa0207da97afb9c433289a181d410c28ae
3aeff8d50243a034,m1-pro-16gb-local,09b33768457bec9769085b9c49d88ba9984df29b91792cf2e421ff03756b2201,aligned,fftw-analysis4-float,64,0,0,2368,1,37,0,128,throughput,48000,1,steady,1,64,spec012-confirm-03,0,53.11570945945946,ns/engine-sample,1,151552,3.1573333333333333,4096,8049792.0,8049.792,8049792.0,8049792.0,8049792.0,8049792.0,8049.792,8049.792,8049.792,8049.792,,,,0.042,0.042,0.0,1.3229166666666667,,1.3229166666666667,0.0,1.3125,/Users/christiankauten/Documents/Projects/Rack/plugins/Fourier/.build/spec012/confirm-03-short-hop/workload-0064-repeat-00.csv,0a5d05259c081262df162d6e9071360e25fcef11f1f2822db9cccb40e0441ee0
3aeff8d50243a034,m1-pro-16gb-local,09b33768457bec9769085b9c49d88ba9984df29b91792cf2e421ff03756b2201,aligned,fftw-analysis4-float,64,0,0,2368,1,37,0,128,throughput,48000,1,steady,1,64,spec012-confirm-03,1,55.515875739020274,ns/engine-sample,1,151552,3.1573333333333333,4096,8413542.0,8413.542,8413542.0,8413542.0,8413542.0,8413542.0,8413.542,8413.542,8413.542,8413.542,,,,0.042,0.083,0.0,1.3229166666666667,,1.3229166666666667,0.0,1.3125,/Users/christiankauten/Documents/Projects/Rack/plugins/Fourier/.build/spec012/confirm-03-short-hop/workload-0064-repeat-01.csv,492c53f3e0195446c352535f50f193f2b2b62fb8dfb02c9c272eb60be9f59e7c
3aeff8d50243a034,m1-pro-16gb-local,09b33768457bec9769085b9c49d88ba9984df29b91792cf2e421ff03756b2201,aligned,fftw-analysis4-float,64,0,0,2368,1,37,0,128,throughput,48000,1,steady,1,64,spec012-confirm-03,2,53.68344198690878,ns/engine-sample,1,151552,3.1573333333333333,4096,8135833.0,8135.833,8135833.0,8135833.0,8135833.0,8135833.0,8135.833,8135.833,8135.833,8135.833,,,,0.042,0.083,0.0,1.3229166666666667,,1.3229166666666667,0.0,1.3125,/Users/christiankauten/Documents/Projects/Rack/plugins/Fourier/.build/spec012/confirm-03-short-hop/workload-0064-repeat-02.csv,f95929824c1ba5184ca070b99559f8787e2c8e3cfa0251650848f3a3ea1b6ddb
3aeff8d50243a034,m1-pro-16gb-local,0f705b3ddf2f49b687ba7335a377b24a452e483fc53918a2def94352d5cc6c2a,aligned,fftw-inverse-double,64,0,0,2368,1,37,0,128,throughput,48000,0,steady,1,64,spec012-confirm-01,0,12.712085620777026,ns/engine-sample,1,151552,3.1573333333333333,4096,1926542.0,1926.542,1926542.0,1926542.0,1926542.0,1926542.0,1926.542,1926.542,1926.542,1926.542,,,,0.042,0.042,0.0,0.0,,,0.0,1.3125,/Users/christiankauten/Documents/Projects/Rack/plugins/Fourier/.build/spec012/confirm-01-short-hop/workload-0095-repeat-00.csv,30d0c90711716b883fd0f62f35ec6462b83e88b86e90dd7da6a92a0a7cf912b2
3aeff8d50243a034,m1-pro-16gb-local,0f705b3ddf2f49b687ba7335a377b24a452e483fc53918a2def94352d5cc6c2a,aligned,fftw-inverse-double,64,0,0,2368,1,37,0,128,throughput,48000,0,steady,1,64,spec012-confirm-01,1,12.738202069256756,ns/engine-sample,1,151552,3.1573333333333333,4096,1930500.0,1930.5,1930500.0,1930500.0,1930500.0,1930500.0,1930.5,1930.5,1930.5,1930.5,,,,0.042,0.084,0.0,0.0,,,0.0,1.3125,/Users/christiankauten/Documents/Projects/Rack/plugins/Fourier/.build/spec012/confirm-01-short-hop/workload-0095-repeat-01.csv,eb3ef3f3d40d668bb592cf4fa99833589f1c03c42e341f4eda39de231b4aca6f
3aeff8d50243a034,m1-pro-16gb-local,0f705b3ddf2f49b687ba7335a377b24a452e483fc53918a2def94352d5cc6c2a,aligned,fftw-inverse-double,64,0,0,2368,1,37,0,128,throughput,48000,0,steady,1,64,spec012-confirm-01,2,12.705210092905405,ns/engine-sample,1,151552,3.1573333333333333,4096,1925500.0,1925.5,1925500.0,1925500.0,1925500.0,1925500.0,1925.5,1925.5,1925.5,1925.5,,,,0.042,0.042,0.0,0.0,,,0.0,1.3125,/Users/christiankauten/Documents/Projects/Rack/plugins/Fourier/.build/spec012/confirm-01-short-hop/workload-0095-repeat-02.csv,eaa92b5668a8c43a32398994598401702dad017222b58f247ba240ac5e956b00
3aeff8d50243a034,m1-pro-16gb-local,0f705b3ddf2f49b687ba7335a377b24a452e483fc53918a2def94352d5cc6c2a,aligned,fftw-inverse-double,64,0,0,2368,1,37,0,128,throughput,48000,0,steady,1,64,spec012-confirm-02,0,12.703012827280405,ns/engine-sample,1,151552,3.1573333333333333,4096,1925167.0,1925.167,1925167.0,1925167.0,1925167.0,1925167.0,1925.167,1925.167,1925.167,1925.167,,,,0.042,0.042,0.0,0.0,,,0.0,1.3125,/Users/christiankauten/Documents/Projects/Rack/plugins/Fourier/.build/spec012/confirm-02-short-hop/workload-0095-repeat-00.csv,28543c3924852575271e12bc434614ee69cd537c90f120bc10eff4f94772d201
3aeff8d50243a034,m1-pro-16gb-local,0f705b3ddf2f49b687ba7335a377b24a452e483fc53918a2def94352d5cc6c2a,aligned,fftw-inverse-double,64,0,0,2368,1,37,0,128,throughput,48000,0,steady,1,64,spec012-confirm-02,1,12.725282411317568,ns/engine-sample,1,151552,3.1573333333333333,4096,1928542.0,1928.542,1928542.0,1928542.0,1928542.0,1928542.0,1928.542,1928.542,1928.542,1928.542,,,,0.042,0.042,0.0,0.0,,,0.0,1.3125,/Users/christiankauten/Documents/Projects/Rack/plugins/Fourier/.build/spec012/confirm-02-short-hop/workload-0095-repeat-01.csv,cd1dbd41fbe72393f193e908d625e8f93468865c183921bfe022a91538df1f4a
3aeff8d50243a034,m1-pro-16gb-local,0f705b3ddf2f49b687ba7335a377b24a452e483fc53918a2def94352d5cc6c2a,aligned,fftw-inverse-double,64,0,0,2368,1,37,0,128,throughput,48000,0,steady,1,64,spec012-confirm-02,2,12.733253272804054,ns/engine-sample,1,151552,3.1573333333333333,4096,1929750.0,1929.75,1929750.0,1929750.0,1929750.0,1929750.0,1929.75,1929.75,1929.75,1929.75,,,,0.042,0.042,0.0,0.0,,,0.0,1.3125,/Users/christiankauten/Documents/Projects/Rack/plugins/Fourier/.build/spec012/confirm-02-short-hop/workload-0095-repeat-02.csv,f87883d1b8a414f90cdc85e0808ee4af6c70d0874eda6375c679ef5afbfb8238
3aeff8d50243a034,m1-pro-16gb-local,0f705b3ddf2f49b687ba7335a377b24a452e483fc53918a2def94352d5cc6c2a,aligned,fftw-inverse-double,64,0,0,2368,1,37,0,128,throughput,48000,0,steady,1,64,spec012-confirm-03,0,12.78026683910473,ns/engine-sample,1,151552,3.1573333333333333,4096,1936875.0,1936.875,1936875.0,1936875.0,1936875.0,1936875.0,1936.875,1936.875,1936.875,1936.875,,,,0.042,0.042,0.0,0.0,,,0.0,1.3125,/Users/christiankauten/Documents/Projects/Rack/plugins/Fourier/.build/spec012/confirm-03-short-hop/workload-0095-repeat-00.csv,f6b8a3e88e774295605a404416dec33aac46e662acb3f79531edfd82670c45f4
3aeff8d50243a034,m1-pro-16gb-local,0f705b3ddf2f49b687ba7335a377b24a452e483fc53918a2def94352d5cc6c2a,aligned,fftw-inverse-double,64,0,0,2368,1,37,0,128,throughput,48000,0,steady,1,64,spec012-confirm-03,1,12.664247255067568,ns/engine-sample,1,151552,3.1573333333333333,4096,1919292.0,1919.292,1919292.0,1919292.0,1919292.0,1919292.0,1919.292,1919.292,1919.292,1919.292,,,,0.042,0.042,0.0,0.0,,,0.0,1.3125,/Users/christiankauten/Documents/Projects/Rack/plugins/Fourier/.build/spec012/confirm-03-short-hop/workload-0095-repeat-01.csv,f19f1725ee79829f7043e859077db0c9fcdb87bde992563ec5e06078b27bf3ca
3aeff8d50243a034,m1-pro-16gb-local,0f705b3ddf2f49b687ba7335a377b24a452e483fc53918a2def94352d5cc6c2a,aligned,fftw-inverse-double,64,0,0,2368,1,37,0,128,throughput,48000,0,steady,1,64,spec012-confirm-03,2,12.775318042652026,ns/engine-sample,1,151552,3.1573333333333333,4096,1936125.0,1936.125,1936125.0,1936125.0,1936125.0,1936125.0,1936.125,1936.125,1936.125,1936.125,,,,0.042,0.042,0.0,0.0,,,0.0,1.3125,/Users/christiankauten/Documents/Projects/Rack/plugins/Fourier/.build/spec012/confirm-03-short-hop/workload-0095-repeat-02.csv,96b81bcadbed282dcb2158f9c3f3ad7abc9eed584b253d20211cec415323a70e
3aeff8d50243a034,m1-pro-16gb-local,128c7424bdb7fa722b6bba96c1b758d7ac5d2780f832d1d3468ea9aecc2e3ec8,aligned,fftw-analysis4-float,64,0,0,2368,1,37,0,128,callback,48000,1,steady,1,64,spec012-confirm-01,0,53.58456503378378,ns/engine-sample,2368,151552,3.1573333333333333,4096,8120848.0,8120.848,3792.0,3834.0,3875.0,9333.0,3.792,3.834,3.875,9.333,1333.3333333333333,0,0.0,0.042,0.042,0.0,1.3229166666666667,,1.3229166666666667,0.0,1.3125,/Users/christiankauten/Documents/Projects/Rack/plugins/Fourier/.build/spec012/confirm-01-short-hop/workload-0059-repeat-00.csv,b3c7ceb35e66cc7ab122bbf04249c30f93d5d11d6bd32a00c78efa4780396719
3aeff8d50243a034,m1-pro-16gb-local,128c7424bdb7fa722b6bba96c1b758d7ac5d2780f832d1d3468ea9aecc2e3ec8,aligned,fftw-analysis4-float,64,0,0,2368,1,37,0,128,callback,48000,1,steady,1,64,spec012-confirm-01,1,53.87825300886824,ns/engine-sample,2368,151552,3.1573333333333333,4096,8165357.0,8165.357,3792.0,3959.0,4167.0,18125.0,3.792,3.959,4.167,18.125,1333.3333333333333,0,0.0,0.042,0.042,0.0,1.3229166666666667,,1.3229166666666667,0.0,1.3125,/Users/christiankauten/Documents/Projects/Rack/plugins/Fourier/.build/spec012/confirm-01-short-hop/workload-0059-repeat-01.csv,f90f5eeb0d9ecc8e6b80c924b67bcee876b6778b853be14814b82e5bbf9cbb4d
3aeff8d50243a034,m1-pro-16gb-local,128c7424bdb7fa722b6bba96c1b758d7ac5d2780f832d1d3468ea9aecc2e3ec8,aligned,fftw-analysis4-float,64,0,0,2368,1,37,0,128,callback,48000,1,steady,1,64,spec012-confirm-01,2,53.432043127111484,ns/engine-sample,2368,151552,3.1573333333333333,4096,8097733.0,8097.733,3792.0,3834.0,3958.0,6458.0,3.792,3.834,3.958,6.458,1333.3333333333333,0,0.0,0.042,0.042,0.0,1.3229166666666667,,1.3229166666666667,0.0,1.3125,/Users/christiankauten/Documents/Projects/Rack/plugins/Fourier/.build/spec012/confirm-01-short-hop/workload-0059-repeat-02.csv,964773f8a60b41641b0a246145eee80ad09074ce18655d795c40f14fb611156e
3aeff8d50243a034,m1-pro-16gb-local,128c7424bdb7fa722b6bba96c1b758d7ac5d2780f832d1d3468ea9aecc2e3ec8,aligned,fftw-analysis4-float,64,0,0,2368,1,37,0,128,callback,48000,1,steady,1,64,spec012-confirm-02,0,53.801249736064186,ns/engine-sample,2368,151552,3.1573333333333333,4096,8153687.0,8153.687,3792.0,3875.0,3959.0,34542.0,3.792,3.875,3.959,34.542,1333.3333333333333,0,0.0,0.042,0.083,0.0,1.3229166666666667,,1.3229166666666667,0.0,1.3125,/Users/christiankauten/Documents/Projects/Rack/plugins/Fourier/.build/spec012/confirm-02-short-hop/workload-0059-repeat-00.csv,061bd6c6652162f8637a4adabb4d242e4db5a1e4fa489e8d38125d42c7f6e5a6
3aeff8d50243a034,m1-pro-16gb-local,128c7424bdb7fa722b6bba96c1b758d7ac5d2780f832d1d3468ea9aecc2e3ec8,aligned,fftw-analysis4-float,64,0,0,2368,1,37,0,128,callback,48000,1,steady,1,64,spec012-confirm-02,1,53.994800464527025,ns/engine-sample,2368,151552,3.1573333333333333,4096,8183020.0,8183.02,3792.0,4000.0,4208.0,5792.0,3.792,4.0,4.208,5.792,1333.3333333333333,0,0.0,0.042,0.042,0.0,1.3229166666666667,,1.3229166666666667,0.0,1.3125,/Users/christiankauten/Documents/Projects/Rack/plugins/Fourier/.build/spec012/confirm-02-short-hop/workload-0059-repeat-01.csv,cf0a29e73576ff30d0f0b7eadeac41f7bad476e48aa7cb79f5c9621899872a16
3aeff8d50243a034,m1-pro-16gb-local,128c7424bdb7fa722b6bba96c1b758d7ac5d2780f832d1d3468ea9aecc2e3ec8,aligned,fftw-analysis4-float,64,0,0,2368,1,37,0,128,callback,48000,1,steady,1,64,spec012-confirm-02,2,53.552100929054056,ns/engine-sample,2368,151552,3.1573333333333333,4096,8115928.0,8115.928,3792.0,3834.0,3875.0,4916.0,3.792,3.834,3.875,4.916,1333.3333333333333,0,0.0,0.042,0.042,0.0,1.3229166666666667,,1.3229166666666667,0.0,1.3125,/Users/christiankauten/Documents/Projects/Rack/plugins/Fourier/.build/spec012/confirm-02-short-hop/workload-0059-repeat-02.csv,511798cb7c4ff663cb6f78ccdf237c1852f83d5eff9272dabe2616c800111935
3aeff8d50243a034,m1-pro-16gb-local,128c7424bdb7fa722b6bba96c1b758d7ac5d2780f832d1d3468ea9aecc2e3ec8,aligned,fftw-analysis4-float,64,0,0,2368,1,37,0,128,callback,48000,1,steady,1,64,spec012-confirm-03,0,54.948453336148646,ns/engine-sample,2368,151552,3.1573333333333333,4096,8327548.0,8327.548,3916.0,3959.0,4042.0,6167.0,3.916,3.959,4.042,6.167,1333.3333333333333,0,0.0,0.042,0.042,0.0,1.3229166666666667,,1.3229166666666667,0.0,1.3125,/Users/christiankauten/Documents/Projects/Rack/plugins/Fourier/.build/spec012/confirm-03-short-hop/workload-0059-repeat-00.csv,08faec675aceb02cd47dea7cb24f93f77b008113e9ed62a32421b6e2ef6ddcf9
3aeff8d50243a034,m1-pro-16gb-local,128c7424bdb7fa722b6bba96c1b758d7ac5d2780f832d1d3468ea9aecc2e3ec8,aligned,fftw-analysis4-float,64,0,0,2368,1,37,0,128,callback,48000,1,steady,1,64,spec012-confirm-03,1,54.153788798564186,ns/engine-sample,2368,151552,3.1573333333333333,4096,8207115.0,8207.115,3834.0,3875.0,4000.0,8917.0,3.834,3.875,4.0,8.917,1333.3333333333333,0,0.0,0.042,0.042,0.0,1.3229166666666667,,1.3229166666666667,0.0,1.3125,/Users/christiankauten/Documents/Projects/Rack/plugins/Fourier/.build/spec012/confirm-03-short-hop/workload-0059-repeat-01.csv,fd7483701ec7a287c9fe8c390f408fd7c2fc1c5a4d9f2d58a2a71defacc83ecc
3aeff8d50243a034,m1-pro-16gb-local,128c7424bdb7fa722b6bba96c1b758d7ac5d2780f832d1d3468ea9aecc2e3ec8,aligned,fftw-analysis4-float,64,0,0,2368,1,37,0,128,callback,48000,1,steady,1,64,spec012-confirm-03,2,54.224127692145274,ns/engine-sample,2368,151552,3.1573333333333333,4096,8217775.0,8217.775,3833.0,3917.0,4083.0,9500.0,3.833,3.917,4.083,9.5,1333.3333333333333,0,0.0,0.042,0.125,0.0,1.3229166666666667,,1.3229166666666667,0.0,1.3125,/Users/christiankauten/Documents/Projects/Rack/plugins/Fourier/.build/spec012/confirm-03-short-hop/workload-0059-repeat-02.csv,3b53cd21b8eef743e82c05f3a48b265e811f6785d5a726d20a84eb675b488ff8
3aeff8d50243a034,m1-pro-16gb-local,12948c408c9088fee33fb9bbe4bf040c856952425b704da64a0e98226e58e239,aligned,fftw-ols-identity-float,64,0,0,2368,1,37,0,128,callback,48000,0,steady,1,64,spec012-confirm-01,0,21.59052338471284,ns/engine-sample,2368,151552,3.1573333333333333,4096,3272087.0,3272.087,1541.0,1542.0,1584.0,1709.0,1.541,1.542,1.584,1.709,1333.3333333333333,0,0.0,0.042,0.042,0.0,0.375,0.75,,0.0,1.3125,/Users/christiankauten/Documents/Projects/Rack/plugins/Fourier/.build/spec012/confirm-01-short-hop/workload-0016-repeat-00.csv,b34de3103f82bbb6b9809ad20a08fb7095f021b4f09ab1da6b89f00e13fc8d6e
3aeff8d50243a034,m1-pro-16gb-local,12948c408c9088fee33fb9bbe4bf040c856952425b704da64a0e98226e58e239,aligned,fftw-ols-identity-float,64,0,0,2368,1,37,0,128,callback,48000,0,steady,1,64,spec012-confirm-01,1,21.684213999155407,ns/engine-sample,2368,151552,3.1573333333333333,4096,3286286.0,3286.286,1541.0,1583.0,1667.0,5583.0,1.541,1.583,1.667,5.583,1333.3333333333333,0,0.0,0.042,0.042,0.0,0.375,0.75,,0.0,1.3125,/Users/christiankauten/Documents/Projects/Rack/plugins/Fourier/.build/spec012/confirm-01-short-hop/workload-0016-repeat-01.csv,3a6548464da30747bcaf917343d0a5b4449145a46656761822ab0c2ae2050208
3aeff8d50243a034,m1-pro-16gb-local,12948c408c9088fee33fb9bbe4bf040c856952425b704da64a0e98226e58e239,aligned,fftw-ols-identity-float,64,0,0,2368,1,37,0,128,callback,48000,0,steady,1,64,spec012-confirm-01,2,21.66037399704392,ns/engine-sample,2368,151552,3.1573333333333333,4096,3282673.0,3282.673,1542.0,1583.0,1584.0,1667.0,1.542,1.583,1.584,1.667,1333.3333333333333,0,0.0,0.042,0.042,0.0,0.375,0.75,,0.0,1.3125,/Users/christiankauten/Documents/Projects/Rack/plugins/Fourier/.build/spec012/confirm-01-short-hop/workload-0016-repeat-02.csv,71700738584f17f844b8ed1300b8822d00ba26751c53153123a8b44d5b2ead21
3aeff8d50243a034,m1-pro-16gb-local,12948c408c9088fee33fb9bbe4bf040c856952425b704da64a0e98226e58e239,aligned,fftw-ols-identity-float,64,0,0,2368,1,37,0,128,callback,48000,0,steady,1,64,spec012-confirm-02,0,21.50728462837838,ns/engine-sample,2368,151552,3.1573333333333333,4096,3259472.0,3259.472,1541.0,1542.0,1666.0,1875.0,1.541,1.542,1.666,1.875,1333.3333333333333,0,0.0,0.042,0.042,0.0,0.375,0.75,,0.0,1.3125,/Users/christiankauten/Documents/Projects/Rack/plugins/Fourier/.build/spec012/confirm-02-short-hop/workload-0016-repeat-00.csv,05ead11bda2d32026c05809f213bae90de6c471f1363427a6466fa57943245e1
3aeff8d50243a034,m1-pro-16gb-local,12948c408c9088fee33fb9bbe4bf040c856952425b704da64a0e98226e58e239,aligned,fftw-ols-identity-float,64,0,0,2368,1,37,0,128,callback,48000,0,steady,1,64,spec012-confirm-02,1,21.71948902027027,ns/engine-sample,2368,151552,3.1573333333333333,4096,3291632.0,3291.632,1542.0,1584.0,1625.0,1792.0,1.542,1.584,1.625,1.792,1333.3333333333333,0,0.0,0.042,0.042,0.0,0.375,0.75,,0.0,1.3125,/Users/christiankauten/Documents/Projects/Rack/plugins/Fourier/.build/spec012/confirm-02-short-hop/workload-0016-repeat-01.csv,d23662ec7915844b225e449c6c428e23ff51ef0665b380f0b50939b80339ccec
3aeff8d50243a034,m1-pro-16gb-local,12948c408c9088fee33fb9bbe4bf040c856952425b704da64a0e98226e58e239,aligned,fftw-ols-identity-float,64,0,0,2368,1,37,0,128,callback,48000,0,steady,1,64,spec012-confirm-02,2,21.63057564400338,ns/engine-sample,2368,151552,3.1573333333333333,4096,3278157.0,3278.157,1541.0,1583.0,1584.0,1709.0,1.541,1.583,1.584,1.709,1333.3333333333333,0,0.0,0.042,0.042,0.0,0.375,0.75,,0.0,1.3125,/Users/christiankauten/Documents/Projects/Rack/plugins/Fourier/.build/spec012/confirm-02-short-hop/workload-0016-repeat-02.csv,28985b32d69caaa7673674d311d271d6ad9ac749dd8a5bb000848abaf7660ada
3aeff8d50243a034,m1-pro-16gb-local,12948c408c9088fee33fb9bbe4bf040c856952425b704da64a0e98226e58e239,aligned,fftw-ols-identity-float,64,0,0,2368,1,37,0,128,callback,48000,0,steady,1,64,spec012-confirm-03,0,21.44756915118243,ns/engine-sample,2368,151552,3.1573333333333333,4096,3250422.0,3250.422,1541.0,1542.0,1583.0,1709.0,1.541,1.542,1.583,1.709,1333.3333333333333,0,0.0,0.042,0.042,0.0,0.375,0.75,,0.0,1.3125,/Users/christiankauten/Documents/Projects/Rack/plugins/Fourier/.build/spec012/confirm-03-short-hop/workload-0016-repeat-00.csv,7a008542af26b71cdbdec01d954181fed717d90eb1824b0f3ff5cf4d5a5e1540
3aeff8d50243a034,m1-pro-16gb-local,12948c408c9088fee33fb9bbe4bf040c856952425b704da64a0e98226e58e239,aligned,fftw-ols-identity-float,64,0,0,2368,1,37,0,128,callback,48000,0,steady,1,64,spec012-confirm-03,1,22.284285261824323,ns/engine-sample,2368,151552,3.1573333333333333,4096,3377228.0,3377.228,1583.0,1625.0,1667.0,8042.0,1.583,1.625,1.667,8.042,1333.3333333333333,0,0.0,0.042,0.042,0.0,0.375,0.75,,0.0,1.3125,/Users/christiankauten/Documents/Projects/Rack/plugins/Fourier/.build/spec012/confirm-03-short-hop/workload-0016-repeat-01.csv,7c20696b701c319c6c1566552152a37a8a614f90bcda64e203d08951a09ff158
3aeff8d50243a034,m1-pro-16gb-local,12948c408c9088fee33fb9bbe4bf040c856952425b704da64a0e98226e58e239,aligned,fftw-ols-identity-float,64,0,0,2368,1,37,0,128,callback,48000,0,steady,1,64,spec012-confirm-03,2,21.867339263091218,ns/engine-sample,2368,151552,3.1573333333333333,4096,3314039.0,3314.039,1542.0,1625.0,1667.0,8291.0,1.542,1.625,1.667,8.291,1333.3333333333333,0,0.0,0.042,0.042,0.0,0.375,0.75,,0.0,1.3125,/Users/christiankauten/Documents/Projects/Rack/plugins/Fourier/.build/spec012/confirm-03-short-hop/workload-0016-repeat-02.csv,6a9bcf178e24f5891fddd0c94e8f55b3d580e22074cfc2f38f1272da014d7b91
3aeff8d50243a034,m1-pro-16gb-local,143ed8f6e687b9f25b1476830c0b0d4a2baf8629d7ae95a424102fd370c62f53,aligned,inverse-stream-incremental-double,64,0,0,2368,1,37,0,128,throughput,48000,0,steady,1,64,spec012-confirm-01,0,44.8707374366554,ns/engine-sample,1,151552,3.1573333333333333,4096,6800250.0,6800.25,6800250.0,6800250.0,6800250.0,6800250.0,6800.25,6800.25,6800.25,6800.25,,,,0.042,0.042,0.75,0.0,,,0.75,2.0625,/Users/christiankauten/Documents/Projects/Rack/plugins/Fourier/.build/spec012/confirm-01-short-hop/workload-0094-repeat-00.csv,c795e362c48c2b630080c455438d6fbd1b3bd0b5146b30cd9c0a76da4167c865
3aeff8d50243a034,m1-pro-16gb-local,143ed8f6e687b9f25b1476830c0b0d4a2baf8629d7ae95a424102fd370c62f53,aligned,inverse-stream-incremental-double,64,0,0,2368,1,37,0,128,throughput,48000,0,steady,1,64,spec012-confirm-01,1,45.691412848395274,ns/engine-sample,1,151552,3.1573333333333333,4096,6924625.0,6924.625,6924625.0,6924625.0,6924625.0,6924625.0,6924.625,6924.625,6924.625,6924.625,,,,0.042,0.042,0.75,0.0,,,0.75,2.0625,/Users/christiankauten/Documents/Projects/Rack/plugins/Fourier/.build/spec012/confirm-01-short-hop/workload-0094-repeat-01.csv,3b7f8181aeb4d4495070b467815591f2e92fea0f132a9c8718bdbc2b79f0bf3f
3aeff8d50243a034,m1-pro-16gb-local,143ed8f6e687b9f25b1476830c0b0d4a2baf8629d7ae95a424102fd370c62f53,aligned,inverse-stream-incremental-double,64,0,0,2368,1,37,0,128,throughput,48000,0,steady,1,64,spec012-confirm-01,2,44.77258630701014,ns/engine-sample,1,151552,3.1573333333333333,4096,6785375.0,6785.375,6785375.0,6785375.0,6785375.0,6785375.0,6785.375,6785.375,6785.375,6785.375,,,,0.042,0.083,0.75,0.0,,,0.75,2.0625,/Users/christiankauten/Documents/Projects/Rack/plugins/Fourier/.build/spec012/confirm-01-short-hop/workload-0094-repeat-02.csv,fb598424d782ca88c8f2f599053ebc8d0950a0bdd88635121188d6efba79ea63
3aeff8d50243a034,m1-pro-16gb-local,143ed8f6e687b9f25b1476830c0b0d4a2baf8629d7ae95a424102fd370c62f53,aligned,inverse-stream-incremental-double,64,0,0,2368,1,37,0,128,throughput,48000,0,steady,1,64,spec012-confirm-02,0,45.6336768897804,ns/engine-sample,1,151552,3.1573333333333333,4096,6915875.0,6915.875,6915875.0,6915875.0,6915875.0,6915875.0,6915.875,6915.875,6915.875,6915.875,,,,0.042,0.042,0.75,0.0,,,0.75,2.0625,/Users/christiankauten/Documents/Projects/Rack/plugins/Fourier/.build/spec012/confirm-02-short-hop/workload-0094-repeat-00.csv,733006b78822d20a84c4c6bd09a46b0b6b0b0423be5813a1281c82dfa6d6b044
3aeff8d50243a034,m1-pro-16gb-local,143ed8f6e687b9f25b1476830c0b0d4a2baf8629d7ae95a424102fd370c62f53,aligned,inverse-stream-incremental-double,64,0,0,2368,1,37,0,128,throughput,48000,0,steady,1,64,spec012-confirm-02,1,44.93975005278716,ns/engine-sample,1,151552,3.1573333333333333,4096,6810709.0,6810.709,6810709.0,6810709.0,6810709.0,6810709.0,6810.709,6810.709,6810.709,6810.709,,,,0.042,0.042,0.75,0.0,,,0.75,2.0625,/Users/christiankauten/Documents/Projects/Rack/plugins/Fourier/.build/spec012/confirm-02-short-hop/workload-0094-repeat-01.csv,f17574ff0c85a7d80f0e7cad9b8312fafb58b135c1c73155ae91101017c1bd18
3aeff8d50243a034,m1-pro-16gb-local,143ed8f6e687b9f25b1476830c0b0d4a2baf8629d7ae95a424102fd370c62f53,aligned,inverse-stream-incremental-double,64,0,0,2368,1,37,0,128,throughput,48000,0,steady,1,64,spec012-confirm-02,2,44.88723342483108,ns/engine-sample,1,151552,3.1573333333333333,4096,6802750.0,6802.75,6802750.0,6802750.0,6802750.0,6802750.0,6802.75,6802.75,6802.75,6802.75,,,,0.042,0.042,0.75,0.0,,,0.75,2.0625,/Users/christiankauten/Documents/Projects/Rack/plugins/Fourier/.build/spec012/confirm-02-short-hop/workload-0094-repeat-02.csv,5198b128a0f24fd409e4c14997a26bd5e42f4cfabdbe124f6985c7d9456b84d8
3aeff8d50243a034,m1-pro-16gb-local,143ed8f6e687b9f25b1476830c0b0d4a2baf8629d7ae95a424102fd370c62f53,aligned,inverse-stream-incremental-double,64,0,0,2368,1,37,0,128,throughput,48000,0,steady,1,64,spec012-confirm-03,0,46.122512404983105,ns/engine-sample,1,151552,3.1573333333333333,4096,6989959.0,6989.959,6989959.0,6989959.0,6989959.0,6989959.0,6989.959,6989.959,6989.959,6989.959,,,,0.042,0.042,0.75,0.0,,,0.75,2.0625,/Users/christiankauten/Documents/Projects/Rack/plugins/Fourier/.build/spec012/confirm-03-short-hop/workload-0094-repeat-00.csv,96a3678130b89a2f939c39b8d86e8dbf3b0688c16cef09bd585ea67c7addde76
3aeff8d50243a034,m1-pro-16gb-local,143ed8f6e687b9f25b1476830c0b0d4a2baf8629d7ae95a424102fd370c62f53,aligned,inverse-stream-incremental-double,64,0,0,2368,1,37,0,128,throughput,48000,0,steady,1,64,spec012-confirm-03,1,45.167665223817565,ns/engine-sample,1,151552,3.1573333333333333,4096,6845250.0,6845.25,6845250.0,6845250.0,6845250.0,6845250.0,6845.25,6845.25,6845.25,6845.25,,,,0.042,0.042,0.75,0.0,,,0.75,2.0625,/Users/christiankauten/Documents/Projects/Rack/plugins/Fourier/.build/spec012/confirm-03-short-hop/workload-0094-repeat-01.csv,7e9cc0c27d85ec5e3043e3bf13230767367f6d6df4caa55d10d96f5888af4ddf
3aeff8d50243a034,m1-pro-16gb-local,143ed8f6e687b9f25b1476830c0b0d4a2baf8629d7ae95a424102fd370c62f53,aligned,inverse-stream-incremental-double,64,0,0,2368,1,37,0,128,throughput,48000,0,steady,1,64,spec012-confirm-03,2,45.0233253272804,ns/engine-sample,1,151552,3.1573333333333333,4096,6823375.0,6823.375,6823375.0,6823375.0,6823375.0,6823375.0,6823.375,6823.375,6823.375,6823.375,,,,0.042,0.083,0.75,0.0,,,0.75,2.0625,/Users/christiankauten/Documents/Projects/Rack/plugins/Fourier/.build/spec012/confirm-03-short-hop/workload-0094-repeat-02.csv,19e20ef049d8a5d58a1ddcdc2311611775cb4c564c9c4ed0a488dc990e53267d
3aeff8d50243a034,m1-pro-16gb-local,165aaff368801eafa50e21d3a815a5811aaff694d094ea7eb5281790a781850a,aligned,inverse-stream-incremental-float,64,0,0,2368,1,37,0,128,throughput,48000,0,steady,1,64,spec012-confirm-01,0,43.3555809227196,ns/engine-sample,1,151552,3.1573333333333333,4096,6570625.0,6570.625,6570625.0,6570625.0,6570625.0,6570625.0,6570.625,6570.625,6570.625,6570.625,,,,0.042,0.042,0.75,0.0,,,0.75,2.0625,/Users/christiankauten/Documents/Projects/Rack/plugins/Fourier/.build/spec012/confirm-01-short-hop/workload-0032-repeat-00.csv,292851746b23952b301187607c63601ba8a3dcba717c7e5b041fb5f2679b10aa
3aeff8d50243a034,m1-pro-16gb-local,165aaff368801eafa50e21d3a815a5811aaff694d094ea7eb5281790a781850a,aligned,inverse-stream-incremental-float,64,0,0,2368,1,37,0,128,throughput,48000,0,steady,1,64,spec012-confirm-01,1,43.730039854307435,ns/engine-sample,1,151552,3.1573333333333333,4096,6627375.0,6627.375,6627375.0,6627375.0,6627375.0,6627375.0,6627.375,6627.375,6627.375,6627.375,,,,0.042,0.042,0.75,0.0,,,0.75,2.0625,/Users/christiankauten/Documents/Projects/Rack/plugins/Fourier/.build/spec012/confirm-01-short-hop/workload-0032-repeat-01.csv,907af31f69fa460d2a03b6eb13ec4eeaf6dcb73524aa90c77a77f3bf8ccc5f9d
3aeff8d50243a034,m1-pro-16gb-local,165aaff368801eafa50e21d3a815a5811aaff694d094ea7eb5281790a781850a,aligned,inverse-stream-incremental-float,64,0,0,2368,1,37,0,128,throughput,48000,0,steady,1,64,spec012-confirm-01,2,44.37860932221284,ns/engine-sample,1,151552,3.1573333333333333,4096,6725667.0,6725.667,6725667.0,6725667.0,6725667.0,6725667.0,6725.667,6725.667,6725.667,6725.667,,,,0.042,0.083,0.75,0.0,,,0.75,2.0625,/Users/christiankauten/Documents/Projects/Rack/plugins/Fourier/.build/spec012/confirm-01-short-hop/workload-0032-repeat-02.csv,6116f6422c0223e2aca68aee8cf90707145f5a38204e84c33fa48711482c2d51
3aeff8d50243a034,m1-pro-16gb-local,165aaff368801eafa50e21d3a815a5811aaff694d094ea7eb5281790a781850a,aligned,inverse-stream-incremental-float,64,0,0,2368,1,37,0,128,throughput,48000,0,steady,1,64,spec012-confirm-02,0,44.36870513091216,ns/engine-sample,1,151552,3.1573333333333333,4096,6724166.0,6724.166,6724166.0,6724166.0,6724166.0,6724166.0,6724.166,6724.166,6724.166,6724.166,,,,0.042,0.042,0.75,0.0,,,0.75,2.0625,/Users/christiankauten/Documents/Projects/Rack/plugins/Fourier/.build/spec012/confirm-02-short-hop/workload-0032-repeat-00.csv,459186a5f17bd0a846387229f771f15a8918f6c04c2b913d531d8435128e7950
3aeff8d50243a034,m1-pro-16gb-local,165aaff368801eafa50e21d3a815a5811aaff694d094ea7eb5281790a781850a,aligned,inverse-stream-incremental-float,64,0,0,2368,1,37,0,128,throughput,48000,0,steady,1,64,spec012-confirm-02,1,44.582605310388516,ns/engine-sample,1,151552,3.1573333333333333,4096,6756583.0,6756.583,6756583.0,6756583.0,6756583.0,6756583.0,6756.583,6756.583,6756.583,6756.583,,,,0.042,0.042,0.75,0.0,,,0.75,2.0625,/Users/christiankauten/Documents/Projects/Rack/plugins/Fourier/.build/spec012/confirm-02-short-hop/workload-0032-repeat-01.csv,587cf3fc2b90d5adea729cc62d8b1825023932ba121f75e7bfd66a7ba02c05fc
3aeff8d50243a034,m1-pro-16gb-local,165aaff368801eafa50e21d3a815a5811aaff694d094ea7eb5281790a781850a,aligned,inverse-stream-incremental-float,64,0,0,2368,1,37,0,128,throughput,48000,0,steady,1,64,spec012-confirm-02,2,43.614020270270274,ns/engine-sample,1,151552,3.1573333333333333,4096,6609792.0,6609.792,6609792.0,6609792.0,6609792.0,6609792.0,6609.792,6609.792,6609.792,6609.792,,,,0.042,0.042,0.75,0.0,,,0.75,2.0625,/Users/christiankauten/Documents/Projects/Rack/plugins/Fourier/.build/spec012/confirm-02-short-hop/workload-0032-repeat-02.csv,e53977a1d189d75046ae818164565adf23106c277fe6abb9e8cd1b381831981e
3aeff8d50243a034,m1-pro-16gb-local,165aaff368801eafa50e21d3a815a5811aaff694d094ea7eb5281790a781850a,aligned,inverse-stream-incremental-float,64,0,0,2368,1,37,0,128,throughput,48000,0,steady,1,64,spec012-confirm-03,0,44.62852354307432,ns/engine-sample,1,151552,3.1573333333333333,4096,6763542.0,6763.542,6763542.0,6763542.0,6763542.0,6763542.0,6763.542,6763.542,6763.542,6763.542,,,,0.042,0.042,0.75,0.0,,,0.75,2.0625,/Users/christiankauten/Documents/Projects/Rack/plugins/Fourier/.build/spec012/confirm-03-short-hop/workload-0032-repeat-00.csv,854fd041da8f3d583189244c524866378e2e441ae3b8e8b7d5ede233d89642cd
3aeff8d50243a034,m1-pro-16gb-local,165aaff368801eafa50e21d3a815a5811aaff694d094ea7eb5281790a781850a,aligned,inverse-stream-incremental-float,64,0,0,2368,1,37,0,128,throughput,48000,0,steady,1,64,spec012-confirm-03,1,43.820767789273646,ns/engine-sample,1,151552,3.1573333333333333,4096,6641125.0,6641.125,6641125.0,6641125.0,6641125.0,6641125.0,6641.125,6641.125,6641.125,6641.125,,,,0.042,0.042,0.75,0.0,,,0.75,2.0625,/Users/christiankauten/Documents/Projects/Rack/plugins/Fourier/.build/spec012/confirm-03-short-hop/workload-0032-repeat-01.csv,c2eac66b477469728d1fd5a9a3c2c3c273124ae342697fdc5732a3296ff29f97
3aeff8d50243a034,m1-pro-16gb-local,165aaff368801eafa50e21d3a815a5811aaff694d094ea7eb5281790a781850a,aligned,inverse-stream-incremental-float,64,0,0,2368,1,37,0,128,throughput,48000,0,steady,1,64,spec012-confirm-03,2,44.153709617820944,ns/engine-sample,1,151552,3.1573333333333333,4096,6691583.0,6691.583,6691583.0,6691583.0,6691583.0,6691583.0,6691.583,6691.583,6691.583,6691.583,,,,0.042,0.042,0.75,0.0,,,0.75,2.0625,/Users/christiankauten/Documents/Projects/Rack/plugins/Fourier/.build/spec012/confirm-03-short-hop/workload-0032-repeat-02.csv,b10cbc266389dccc78a999c62aaf522fb801735bbc42d9d0fb57c419a98c28b9
3aeff8d50243a034,m1-pro-16gb-local,1741092b39951e1ba31557552789af684aceff7f958ffe842b3ec7e511da3172,aligned,vdsp-analysis-double,64,0,0,2368,1,37,0,128,throughput,48000,0,steady,1,64,spec012-confirm-01,0,15.253015466638514,ns/engine-sample,1,151552,3.1573333333333333,4096,2311625.0,2311.625,2311625.0,2311625.0,2311625.0,2311625.0,2311.625,2311.625,2311.625,2311.625,,,,0.042,0.042,0.0,1.3229166666666667,,1.3229166666666667,0.0,1.3125,/Users/christiankauten/Documents/Projects/Rack/plugins/Fourier/.build/spec012/confirm-01-short-hop/workload-0092-repeat-00.csv,eb89a702702e87b6c61a9ce8547bae00d1bfc40148fd05db65e6ca0cd94d6f9e
3aeff8d50243a034,m1-pro-16gb-local,1741092b39951e1ba31557552789af684aceff7f958ffe842b3ec7e511da3172,aligned,vdsp-analysis-double,64,0,0,2368,1,37,0,128,throughput,48000,0,steady,1,64,spec012-confirm-01,1,15.290401974239865,ns/engine-sample,1,151552,3.1573333333333333,4096,2317291.0,2317.291,2317291.0,2317291.0,2317291.0,2317291.0,2317.291,2317.291,2317.291,2317.291,,,,0.042,0.042,0.0,1.3229166666666667,,1.3229166666666667,0.0,1.3125,/Users/christiankauten/Documents/Projects/Rack/plugins/Fourier/.build/spec012/confirm-01-short-hop/workload-0092-repeat-01.csv,d8acb952c270666f49fc793d5c7e0e88863527ba8f9a08280191a2b60bb85313
3aeff8d50243a034,m1-pro-16gb-local,1741092b39951e1ba31557552789af684aceff7f958ffe842b3ec7e511da3172,aligned,vdsp-analysis-double,64,0,0,2368,1,37,0,128,throughput,48000,0,steady,1,64,spec012-confirm-01,2,15.235417546452704,ns/engine-sample,1,151552,3.1573333333333333,4096,2308958.0,2308.958,2308958.0,2308958.0,2308958.0,2308958.0,2308.958,2308.958,2308.958,2308.958,,,,0.042,0.042,0.0,1.3229166666666667,,1.3229166666666667,0.0,1.3125,/Users/christiankauten/Documents/Projects/Rack/plugins/Fourier/.build/spec012/confirm-01-short-hop/workload-0092-repeat-02.csv,44fe1803370b20abb009d63b5c5e7d4718e71aae5669a410c3b4ca25380443a7
3aeff8d50243a034,m1-pro-16gb-local,1741092b39951e1ba31557552789af684aceff7f958ffe842b3ec7e511da3172,aligned,vdsp-analysis-double,64,0,0,2368,1,37,0,128,throughput,48000,0,steady,1,64,spec012-confirm-02,0,15.26126346072635,ns/engine-sample,1,151552,3.1573333333333333,4096,2312875.0,2312.875,2312875.0,2312875.0,2312875.0,2312875.0,2312.875,2312.875,2312.875,2312.875,,,,0.042,0.042,0.0,1.3229166666666667,,1.3229166666666667,0.0,1.3125,/Users/christiankauten/Documents/Projects/Rack/plugins/Fourier/.build/spec012/confirm-02-short-hop/workload-0092-repeat-00.csv,f63db79f7d477483a09592250ee41ee9cb635f033bcb47981839d884fa619e56
3aeff8d50243a034,m1-pro-16gb-local,1741092b39951e1ba31557552789af684aceff7f958ffe842b3ec7e511da3172,aligned,vdsp-analysis-double,64,0,0,2368,1,37,0,128,throughput,48000,0,steady,1,64,spec012-confirm-02,1,15.234322212837839,ns/engine-sample,1,151552,3.1573333333333333,4096,2308792.0,2308.792,2308792.0,2308792.0,2308792.0,2308792.0,2308.792,2308.792,2308.792,2308.792,,,,0.042,0.042,0.0,1.3229166666666667,,1.3229166666666667,0.0,1.3125,/Users/christiankauten/Documents/Projects/Rack/plugins/Fourier/.build/spec012/confirm-02-short-hop/workload-0092-repeat-01.csv,4de2088b2772b4c9f5d65e2afeac2377d2ce6b8c6092a52afdd3d451394ab748
3aeff8d50243a034,m1-pro-16gb-local,1741092b39951e1ba31557552789af684aceff7f958ffe842b3ec7e511da3172,aligned,vdsp-analysis-double,64,0,0,2368,1,37,0,128,throughput,48000,0,steady,1,64,spec012-confirm-02,2,15.225519953547296,ns/engine-sample,1,151552,3.1573333333333333,4096,2307458.0,2307.458,2307458.0,2307458.0,2307458.0,2307458.0,2307.458,2307.458,2307.458,2307.458,,,,0.042,0.042,0.0,1.3229166666666667,,1.3229166666666667,0.0,1.3125,/Users/christiankauten/Documents/Projects/Rack/plugins/Fourier/.build/spec012/confirm-02-short-hop/workload-0092-repeat-02.csv,c55613b17e9cbbedef372ac70482a25ca3af88e99ef3bc834ccea19f55356a4c
3aeff8d50243a034,m1-pro-16gb-local,1741092b39951e1ba31557552789af684aceff7f958ffe842b3ec7e511da3172,aligned,vdsp-analysis-double,64,0,0,2368,1,37,0,128,throughput,48000,0,steady,1,64,spec012-confirm-03,0,15.232949746621621,ns/engine-sample,1,151552,3.1573333333333333,4096,2308584.0,2308.584,2308584.0,2308584.0,2308584.0,2308584.0,2308.584,2308.584,2308.584,2308.584,,,,0.042,0.084,0.0,1.3229166666666667,,1.3229166666666667,0.0,1.3125,/Users/christiankauten/Documents/Projects/Rack/plugins/Fourier/.build/spec012/confirm-03-short-hop/workload-0092-repeat-00.csv,67398c3cc17c9c3eb7d473b689b903c54a3a545f2145e6e47a1efa018d997b89
3aeff8d50243a034,m1-pro-16gb-local,1741092b39951e1ba31557552789af684aceff7f958ffe842b3ec7e511da3172,aligned,vdsp-analysis-double,64,0,0,2368,1,37,0,128,throughput,48000,0,steady,1,64,spec012-confirm-03,1,15.224972286739865,ns/engine-sample,1,151552,3.1573333333333333,4096,2307375.0,2307.375,2307375.0,2307375.0,2307375.0,2307375.0,2307.375,2307.375,2307.375,2307.375,,,,0.042,0.042,0.0,1.3229166666666667,,1.3229166666666667,0.0,1.3125,/Users/christiankauten/Documents/Projects/Rack/plugins/Fourier/.build/spec012/confirm-03-short-hop/workload-0092-repeat-01.csv,01d9ba518659a4d274394e30b0fc817834f4f52689094d5e6ae55f972eb6c166
3aeff8d50243a034,m1-pro-16gb-local,1741092b39951e1ba31557552789af684aceff7f958ffe842b3ec7e511da3172,aligned,vdsp-analysis-double,64,0,0,2368,1,37,0,128,throughput,48000,0,steady,1,64,spec012-confirm-03,2,15.148813608530405,ns/engine-sample,1,151552,3.1573333333333333,4096,2295833.0,2295.833,2295833.0,2295833.0,2295833.0,2295833.0,2295.833,2295.833,2295.833,2295.833,,,,0.042,0.084,0.0,1.3229166666666667,,1.3229166666666667,0.0,1.3125,/Users/christiankauten/Documents/Projects/Rack/plugins/Fourier/.build/spec012/confirm-03-short-hop/workload-0092-repeat-02.csv,1840c59f1c19e49903baf4f746f3ebbc15aa19fbd8c15a7ed9628453143cb5ee
3aeff8d50243a034,m1-pro-16gb-local,17f96f982bafd168209668813887d35cca6844edb109c673e32664ecad0b5578,aligned,core-independent4-simd,64,0,0,2368,1,37,0,128,callback,48000,1,steady,1,64,spec012-confirm-01,0,39.340120882601354,ns/engine-sample,2368,151552,3.1573333333333333,4096,5962074.0,5962.074,2500.0,2625.0,2667.0,3791.0,2.5,2.625,2.667,3.791,1333.3333333333333,0,0.0,0.042,0.042,0.75,1.3229166666666667,,2.072916666666667,0.75,2.0625,/Users/christiankauten/Documents/Projects/Rack/plugins/Fourier/.build/spec012/confirm-01-short-hop/workload-0057-repeat-00.csv,828793773a620929b4b1fa48f1d3f26837203ccada7db5ea148517125cb53f1d
3aeff8d50243a034,m1-pro-16gb-local,17f96f982bafd168209668813887d35cca6844edb109c673e32664ecad0b5578,aligned,core-independent4-simd,64,0,0,2368,1,37,0,128,callback,48000,1,steady,1,64,spec012-confirm-01,1,39.361143369932435,ns/engine-sample,2368,151552,3.1573333333333333,4096,5965260.0,5965.26,2500.0,2625.0,2667.0,3584.0,2.5,2.625,2.667,3.584,1333.3333333333333,0,0.0,0.042,0.084,0.75,1.3229166666666667,,2.072916666666667,0.75,2.0625,/Users/christiankauten/Documents/Projects/Rack/plugins/Fourier/.build/spec012/confirm-01-short-hop/workload-0057-repeat-01.csv,8ca82effa6a9b3ff3ce95d8beb3f52c9273361e6df9e5b158a46279f2511048a
3aeff8d50243a034,m1-pro-16gb-local,17f96f982bafd168209668813887d35cca6844edb109c673e32664ecad0b5578,aligned,core-independent4-simd,64,0,0,2368,1,37,0,128,callback,48000,1,steady,1,64,spec012-confirm-01,2,39.3839672191723,ns/engine-sample,2368,151552,3.1573333333333333,4096,5968719.0,5968.719,2500.0,2625.0,2667.0,3416.0,2.5,2.625,2.667,3.416,1333.3333333333333,0,0.0,0.042,0.042,0.75,1.3229166666666667,,2.072916666666667,0.75,2.0625,/Users/christiankauten/Documents/Projects/Rack/plugins/Fourier/.build/spec012/confirm-01-short-hop/workload-0057-repeat-02.csv,01847c4e6d3cc2e6cfc28333b49d25f532e7af78f5b975f133c760e6a088be1c
3aeff8d50243a034,m1-pro-16gb-local,17f96f982bafd168209668813887d35cca6844edb109c673e32664ecad0b5578,aligned,core-independent4-simd,64,0,0,2368,1,37,0,128,callback,48000,1,steady,1,64,spec012-confirm-02,0,38.81327201224662,ns/engine-sample,2368,151552,3.1573333333333333,4096,5882229.0,5882.229,2459.0,2583.0,2625.0,3458.0,2.459,2.583,2.625,3.458,1333.3333333333333,0,0.0,0.042,0.042,0.75,1.3229166666666667,,2.072916666666667,0.75,2.0625,/Users/christiankauten/Documents/Projects/Rack/plugins/Fourier/.build/spec012/confirm-02-short-hop/workload-0057-repeat-00.csv,b2b196b855d0dbf934ae171f410b8a516f2f249a8609c6dee7893a8577a040b4
3aeff8d50243a034,m1-pro-16gb-local,17f96f982bafd168209668813887d35cca6844edb109c673e32664ecad0b5578,aligned,core-independent4-simd,64,0,0,2368,1,37,0,128,callback,48000,1,steady,1,64,spec012-confirm-02,1,39.38049646326014,ns/engine-sample,2368,151552,3.1573333333333333,4096,5968193.0,5968.193,2500.0,2625.0,2667.0,3458.0,2.5,2.625,2.667,3.458,1333.3333333333333,0,0.0,0.042,0.083,0.75,1.3229166666666667,,2.072916666666667,0.75,2.0625,/Users/christiankauten/Documents/Projects/Rack/plugins/Fourier/.build/spec012/confirm-02-short-hop/workload-0057-repeat-01.csv,35eec960d99997866a06a5238d4db3e61abef584d85253d64b9ef821c7ba7fc2
3aeff8d50243a034,m1-pro-16gb-local,17f96f982bafd168209668813887d35cca6844edb109c673e32664ecad0b5578,aligned,core-independent4-simd,64,0,0,2368,1,37,0,128,callback,48000,1,steady,1,64,spec012-confirm-02,2,38.8367359058277,ns/engine-sample,2368,151552,3.1573333333333333,4096,5885785.0,5885.785,2500.0,2583.0,2625.0,3542.0,2.5,2.583,2.625,3.542,1333.3333333333333,0,0.0,0.042,0.042,0.75,1.3229166666666667,,2.072916666666667,0.75,2.0625,/Users/christiankauten/Documents/Projects/Rack/plugins/Fourier/.build/spec012/confirm-02-short-hop/workload-0057-repeat-02.csv,9c67a7e3d02381f68ae72727d8260891c0a41ec985c9cdb1c4385cac186a680a
3aeff8d50243a034,m1-pro-16gb-local,17f96f982bafd168209668813887d35cca6844edb109c673e32664ecad0b5578,aligned,core-independent4-simd,64,0,0,2368,1,37,0,128,callback,48000,1,steady,1,64,spec012-confirm-03,0,39.0264991554054,ns/engine-sample,2368,151552,3.1573333333333333,4096,5914544.0,5914.544,2500.0,2584.0,2625.0,3750.0,2.5,2.584,2.625,3.75,1333.3333333333333,0,0.0,0.042,0.042,0.75,1.3229166666666667,,2.072916666666667,0.75,2.0625,/Users/christiankauten/Documents/Projects/Rack/plugins/Fourier/.build/spec012/confirm-03-short-hop/workload-0057-repeat-00.csv,7ad69cb985df0342952a7bc46c0e9af128dd4ee0e049b303e42738a713dd9512
3aeff8d50243a034,m1-pro-16gb-local,17f96f982bafd168209668813887d35cca6844edb109c673e32664ecad0b5578,aligned,core-independent4-simd,64,0,0,2368,1,37,0,128,callback,48000,1,steady,1,64,spec012-confirm-03,1,39.528300517314186,ns/engine-sample,2368,151552,3.1573333333333333,4096,5990593.0,5990.593,2541.0,2625.0,2667.0,3333.0,2.541,2.625,2.667,3.333,1333.3333333333333,0,0.0,0.042,0.042,0.75,1.3229166666666667,,2.072916666666667,0.75,2.0625,/Users/christiankauten/Documents/Projects/Rack/plugins/Fourier/.build/spec012/confirm-03-short-hop/workload-0057-repeat-01.csv,d40a71dcc68b42bf3d3e312750beefc046347b6d3d363310514079d7c76a8bfd
3aeff8d50243a034,m1-pro-16gb-local,17f96f982bafd168209668813887d35cca6844edb109c673e32664ecad0b5578,aligned,core-independent4-simd,64,0,0,2368,1,37,0,128,callback,48000,1,steady,1,64,spec012-confirm-03,2,39.32370407516892,ns/engine-sample,2368,151552,3.1573333333333333,4096,5959586.0,5959.586,2500.0,2625.0,2667.0,3541.0,2.5,2.625,2.667,3.541,1333.3333333333333,0,0.0,0.042,0.042,0.75,1.3229166666666667,,2.072916666666667,0.75,2.0625,/Users/christiankauten/Documents/Projects/Rack/plugins/Fourier/.build/spec012/confirm-03-short-hop/workload-0057-repeat-02.csv,c9e79afcfb16be770830e955387680244719278e4ab5b9b8352c34eb5b4dd7d8
3aeff8d50243a034,m1-pro-16gb-local,1ee1fc0905a982a4d8356f1d1affa08cd9ff64358b63ee0f503a68cb4c85903f,aligned,inverse-stream-batch-double,64,0,0,2368,1,37,0,128,throughput,48000,0,steady,1,64,spec012-confirm-01,0,47.89335013724662,ns/engine-sample,1,151552,3.1573333333333333,4096,7258333.0,7258.333,7258333.0,7258333.0,7258333.0,7258333.0,7258.333,7258.333,7258.333,7258.333,,,,0.042,0.083,0.0,0.0,,,0.0,1.3125,/Users/christiankauten/Documents/Projects/Rack/plugins/Fourier/.build/spec012/confirm-01-short-hop/workload-0093-repeat-00.csv,a36f5db3bfc6b913c84507c14cadefcc499affbac6e4b53e266db2e2b0e25919
3aeff8d50243a034,m1-pro-16gb-local,1ee1fc0905a982a4d8356f1d1affa08cd9ff64358b63ee0f503a68cb4c85903f,aligned,inverse-stream-batch-double,64,0,0,2368,1,37,0,128,throughput,48000,0,steady,1,64,spec012-confirm-01,1,47.901050464527025,ns/engine-sample,1,151552,3.1573333333333333,4096,7259500.0,7259.5,7259500.0,7259500.0,7259500.0,7259500.0,7259.5,7259.5,7259.5,7259.5,,,,0.042,0.042,0.0,0.0,,,0.0,1.3125,/Users/christiankauten/Documents/Projects/Rack/plugins/Fourier/.build/spec012/confirm-01-short-hop/workload-0093-repeat-01.csv,fb8e124f429f51c3ebee98115eb81de48bb784f9fcecb59177a6d41848d0215c
3aeff8d50243a034,m1-pro-16gb-local,1ee1fc0905a982a4d8356f1d1affa08cd9ff64358b63ee0f503a68cb4c85903f,aligned,inverse-stream-batch-double,64,0,0,2368,1,37,0,128,throughput,48000,0,steady,1,64,spec012-confirm-01,2,49.84895613386824,ns/engine-sample,1,151552,3.1573333333333333,4096,7554709.0,7554.709,7554709.0,7554709.0,7554709.0,7554709.0,7554.709,7554.709,7554.709,7554.709,,,,0.042,0.042,0.0,0.0,,,0.0,1.3125,/Users/christiankauten/Documents/Projects/Rack/plugins/Fourier/.build/spec012/confirm-01-short-hop/workload-0093-repeat-02.csv,4cd98978b2a8ab6bd9af9d72306d5ff4b0bfc25cb1a30d7baf09a89765a78f97
3aeff8d50243a034,m1-pro-16gb-local,1ee1fc0905a982a4d8356f1d1affa08cd9ff64358b63ee0f503a68cb4c85903f,aligned,inverse-stream-batch-double,64,0,0,2368,1,37,0,128,throughput,48000,0,steady,1,64,spec012-confirm-02,0,49.2221019847973,ns/engine-sample,1,151552,3.1573333333333333,4096,7459708.0,7459.708,7459708.0,7459708.0,7459708.0,7459708.0,7459.708,7459.708,7459.708,7459.708,,,,0.042,0.042,0.0,0.0,,,0.0,1.3125,/Users/christiankauten/Documents/Projects/Rack/plugins/Fourier/.build/spec012/confirm-02-short-hop/workload-0093-repeat-00.csv,68b5baab3a306994a2a38576b497780d8302761a37e14f0b5974fd5fe718de91
3aeff8d50243a034,m1-pro-16gb-local,1ee1fc0905a982a4d8356f1d1affa08cd9ff64358b63ee0f503a68cb4c85903f,aligned,inverse-stream-batch-double,64,0,0,2368,1,37,0,128,throughput,48000,0,steady,1,64,spec012-confirm-02,1,47.82516891891892,ns/engine-sample,1,151552,3.1573333333333333,4096,7248000.0,7248.0,7248000.0,7248000.0,7248000.0,7248000.0,7248.0,7248.0,7248.0,7248.0,,,,0.042,0.042,0.0,0.0,,,0.0,1.3125,/Users/christiankauten/Documents/Projects/Rack/plugins/Fourier/.build/spec012/confirm-02-short-hop/workload-0093-repeat-01.csv,3aa4130724e836955c42985711e790a6621cccb1bd2144c8b4516d7f8d5a9e8b
3aeff8d50243a034,m1-pro-16gb-local,1ee1fc0905a982a4d8356f1d1affa08cd9ff64358b63ee0f503a68cb4c85903f,aligned,inverse-stream-batch-double,64,0,0,2368,1,37,0,128,throughput,48000,0,steady,1,64,spec012-confirm-02,2,48.271385399070944,ns/engine-sample,1,151552,3.1573333333333333,4096,7315625.0,7315.625,7315625.0,7315625.0,7315625.0,7315625.0,7315.625,7315.625,7315.625,7315.625,,,,0.042,0.042,0.0,0.0,,,0.0,1.3125,/Users/christiankauten/Documents/Projects/Rack/plugins/Fourier/.build/spec012/confirm-02-short-hop/workload-0093-repeat-02.csv,015fd2e6580f8c9ed83f01f24c2fdd6685f431b81597785328a8b36ac830f65c
3aeff8d50243a034,m1-pro-16gb-local,1ee1fc0905a982a4d8356f1d1affa08cd9ff64358b63ee0f503a68cb4c85903f,aligned,inverse-stream-batch-double,64,0,0,2368,1,37,0,128,throughput,48000,0,steady,1,64,spec012-confirm-03,0,48.405280035895274,ns/engine-sample,1,151552,3.1573333333333333,4096,7335917.0,7335.917,7335917.0,7335917.0,7335917.0,7335917.0,7335.917,7335.917,7335.917,7335.917,,,,0.042,0.042,0.0,0.0,,,0.0,1.3125,/Users/christiankauten/Documents/Projects/Rack/plugins/Fourier/.build/spec012/confirm-03-short-hop/workload-0093-repeat-00.csv,8ee3c26fdbda1a6c6df2365049e156794ccdd3eb1989cc75c862a112224bfe91
3aeff8d50243a034,m1-pro-16gb-local,1ee1fc0905a982a4d8356f1d1affa08cd9ff64358b63ee0f503a68cb4c85903f,aligned,inverse-stream-batch-double,64,0,0,2368,1,37,0,128,throughput,48000,0,steady,1,64,spec012-confirm-03,1,48.48060731630068,ns/engine-sample,1,151552,3.1573333333333333,4096,7347333.0,7347.333,7347333.0,7347333.0,7347333.0,7347333.0,7347.333,7347.333,7347.333,7347.333,,,,0.042,0.042,0.0,0.0,,,0.0,1.3125,/Users/christiankauten/Documents/Projects/Rack/plugins/Fourier/.build/spec012/confirm-03-short-hop/workload-0093-repeat-01.csv,a0752e762061a80dba7ccbd3a8167241e454d033b04c72818a11ac67fcb78a06
3aeff8d50243a034,m1-pro-16gb-local,1ee1fc0905a982a4d8356f1d1affa08cd9ff64358b63ee0f503a68cb4c85903f,aligned,inverse-stream-batch-double,64,0,0,2368,1,37,0,128,throughput,48000,0,steady,1,64,spec012-confirm-03,2,48.69642762880068,ns/engine-sample,1,151552,3.1573333333333333,4096,7380041.0,7380.041,7380041.0,7380041.0,7380041.0,7380041.0,7380.041,7380.041,7380.041,7380.041,,,,0.042,0.042,0.0,0.0,,,0.0,1.3125,/Users/christiankauten/Documents/Projects/Rack/plugins/Fourier/.build/spec012/confirm-03-short-hop/workload-0093-repeat-02.csv,496218b8aa882e069857fcf22fc0416303d75958099ce250217d51217af6b994
3aeff8d50243a034,m1-pro-16gb-local,203a3e765bedf0c445e16b033d9473b00530dbd8f9589b92441c0e08bdef45d3,aligned,vdsp-inverse-float,64,0,0,2368,1,37,0,128,callback,48000,0,steady,1,64,spec012-confirm-01,0,9.91528980152027,ns/engine-sample,2368,151552,3.1573333333333333,4096,1502682.0,1502.682,667.0,709.0,709.0,8125.0,0.667,0.709,0.709,8.125,1333.3333333333333,0,0.0,0.042,0.042,0.0,0.0,,,0.0,1.3125,/Users/christiankauten/Documents/Projects/Rack/plugins/Fourier/.build/spec012/confirm-01-short-hop/workload-0012-repeat-00.csv,629ba295bab377cfc49006d3f08829bae19e81a681a8b9e93ea331ea99562c60
3aeff8d50243a034,m1-pro-16gb-local,203a3e765bedf0c445e16b033d9473b00530dbd8f9589b92441c0e08bdef45d3,aligned,vdsp-inverse-float,64,0,0,2368,1,37,0,128,callback,48000,0,steady,1,64,spec012-confirm-01,1,9.880489864864865,ns/engine-sample,2368,151552,3.1573333333333333,4096,1497408.0,1497.408,667.0,709.0,709.0,6166.0,0.667,0.709,0.709,6.166,1333.3333333333333,0,0.0,0.042,0.042,0.0,0.0,,,0.0,1.3125,/Users/christiankauten/Documents/Projects/Rack/plugins/Fourier/.build/spec012/confirm-01-short-hop/workload-0012-repeat-01.csv,7b4b52acd4a32a7425ef1781a6146f73702467884f0bba7912a2f9b4d2ced7e9
3aeff8d50243a034,m1-pro-16gb-local,203a3e765bedf0c445e16b033d9473b00530dbd8f9589b92441c0e08bdef45d3,aligned,vdsp-inverse-float,64,0,0,2368,1,37,0,128,callback,48000,0,steady,1,64,spec012-confirm-01,2,9.916319151182432,ns/engine-sample,2368,151552,3.1573333333333333,4096,1502838.0,1502.838,667.0,709.0,709.0,8958.0,0.667,0.709,0.709,8.958,1333.3333333333333,0,0.0,0.042,0.042,0.0,0.0,,,0.0,1.3125,/Users/christiankauten/Documents/Projects/Rack/plugins/Fourier/.build/spec012/confirm-01-short-hop/workload-0012-repeat-02.csv,d093b2109bbf1c3b3283c83f5f628cb2b1487aba57f470188ff74d157606e5c3
3aeff8d50243a034,m1-pro-16gb-local,203a3e765bedf0c445e16b033d9473b00530dbd8f9589b92441c0e08bdef45d3,aligned,vdsp-inverse-float,64,0,0,2368,1,37,0,128,callback,48000,0,steady,1,64,spec012-confirm-02,0,9.88184913429054,ns/engine-sample,2368,151552,3.1573333333333333,4096,1497614.0,1497.614,667.0,709.0,709.0,7334.0,0.667,0.709,0.709,7.334,1333.3333333333333,0,0.0,0.042,0.042,0.0,0.0,,,0.0,1.3125,/Users/christiankauten/Documents/Projects/Rack/plugins/Fourier/.build/spec012/confirm-02-short-hop/workload-0012-repeat-00.csv,974ca4bb5a11061fee7987ea385834afae0eea754a7586baae873f43fef63273
3aeff8d50243a034,m1-pro-16gb-local,203a3e765bedf0c445e16b033d9473b00530dbd8f9589b92441c0e08bdef45d3,aligned,vdsp-inverse-float,64,0,0,2368,1,37,0,128,callback,48000,0,steady,1,64,spec012-confirm-02,1,9.917394689611486,ns/engine-sample,2368,151552,3.1573333333333333,4096,1503001.0,1503.001,667.0,709.0,750.0,5041.0,0.667,0.709,0.75,5.041,1333.3333333333333,0,0.0,0.042,0.042,0.0,0.0,,,0.0,1.3125,/Users/christiankauten/Documents/Projects/Rack/plugins/Fourier/.build/spec012/confirm-02-short-hop/workload-0012-repeat-01.csv,aaf0500c5bd7d9a909eaa86fe5c9ebb24273cb744f729b2d7cb7e35e14edfd7a
3aeff8d50243a034,m1-pro-16gb-local,203a3e765bedf0c445e16b033d9473b00530dbd8f9589b92441c0e08bdef45d3,aligned,vdsp-inverse-float,64,0,0,2368,1,37,0,128,callback,48000,0,steady,1,64,spec012-confirm-02,2,9.905332823057432,ns/engine-sample,2368,151552,3.1573333333333333,4096,1501173.0,1501.173,667.0,709.0,709.0,6750.0,0.667,0.709,0.709,6.75,1333.3333333333333,0,0.0,0.042,0.083,0.0,0.0,,,0.0,1.3125,/Users/christiankauten/Documents/Projects/Rack/plugins/Fourier/.build/spec012/confirm-02-short-hop/workload-0012-repeat-02.csv,688bc83eec9110f4e21c9456155fa637cf59ca04be90bef0a58b75fd146abde0
3aeff8d50243a034,m1-pro-16gb-local,203a3e765bedf0c445e16b033d9473b00530dbd8f9589b92441c0e08bdef45d3,aligned,vdsp-inverse-float,64,0,0,2368,1,37,0,128,callback,48000,0,steady,1,64,spec012-confirm-03,0,9.908123944256756,ns/engine-sample,2368,151552,3.1573333333333333,4096,1501596.0,1501.596,667.0,709.0,709.0,8250.0,0.667,0.709,0.709,8.25,1333.3333333333333,0,0.0,0.042,0.042,0.0,0.0,,,0.0,1.3125,/Users/christiankauten/Documents/Projects/Rack/plugins/Fourier/.build/spec012/confirm-03-short-hop/workload-0012-repeat-00.csv,2635580807a6de5f3d62a83da503b666d7852a42b02ba294636a0b82580acddb
3aeff8d50243a034,m1-pro-16gb-local,203a3e765bedf0c445e16b033d9473b00530dbd8f9589b92441c0e08bdef45d3,aligned,vdsp-inverse-float,64,0,0,2368,1,37,0,128,callback,48000,0,steady,1,64,spec012-confirm-03,1,9.87863571579392,ns/engine-sample,2368,151552,3.1573333333333333,4096,1497127.0,1497.127,667.0,709.0,709.0,7500.0,0.667,0.709,0.709,7.5,1333.3333333333333,0,0.0,0.042,0.042,0.0,0.0,,,0.0,1.3125,/Users/christiankauten/Documents/Projects/Rack/plugins/Fourier/.build/spec012/confirm-03-short-hop/workload-0012-repeat-01.csv,49c33c32e8b65fbdb6bb5789447471b608fd6fff61b794ab82921693af9f8313
3aeff8d50243a034,m1-pro-16gb-local,203a3e765bedf0c445e16b033d9473b00530dbd8f9589b92441c0e08bdef45d3,aligned,vdsp-inverse-float,64,0,0,2368,1,37,0,128,callback,48000,0,steady,1,64,spec012-confirm-03,2,9.887754698057432,ns/engine-sample,2368,151552,3.1573333333333333,4096,1498509.0,1498.509,667.0,709.0,709.0,6209.0,0.667,0.709,0.709,6.209,1333.3333333333333,0,0.0,0.042,0.042,0.0,0.0,,,0.0,1.3125,/Users/christiankauten/Documents/Projects/Rack/plugins/Fourier/.build/spec012/confirm-03-short-hop/workload-0012-repeat-02.csv,7e2d0bc6a5832f5caeb18111a0f04b278589336c02f102f642f6207acf635992
3aeff8d50243a034,m1-pro-16gb-local,2423765b67ab3e882d3030a37ab48695156b4b6e768da1d8fcb5861c2b0f14e7,aligned,ols-identity-batch-float,64,0,0,2368,1,37,0,128,throughput,48000,0,steady,1,64,spec012-confirm-01,0,89.45224741342905,ns/engine-sample,1,151552,3.1573333333333333,4096,13556667.0,13556.667,13556667.0,13556667.0,13556667.0,13556667.0,13556.667,13556.667,13556.667,13556.667,,,,0.042,0.042,0.0,0.375,0.75,,0.0,1.3125,/Users/christiankauten/Documents/Projects/Rack/plugins/Fourier/.build/spec012/confirm-01-short-hop/workload-0036-repeat-00.csv,234e2312298b3ea05eb88e2e2f5afeefcda3cacc265117b777d5a034eeef5f38
3aeff8d50243a034,m1-pro-16gb-local,2423765b67ab3e882d3030a37ab48695156b4b6e768da1d8fcb5861c2b0f14e7,aligned,ols-identity-batch-float,64,0,0,2368,1,37,0,128,throughput,48000,0,steady,1,64,spec012-confirm-01,1,90.27704682221284,ns/engine-sample,1,151552,3.1573333333333333,4096,13681667.0,13681.667,13681667.0,13681667.0,13681667.0,13681667.0,13681.667,13681.667,13681.667,13681.667,,,,0.042,0.042,0.0,0.375,0.75,,0.0,1.3125,/Users/christiankauten/Documents/Projects/Rack/plugins/Fourier/.build/spec012/confirm-01-short-hop/workload-0036-repeat-01.csv,c4684556136ca53f895f1c867c399791bd482a49d94d049f6d966bc69fd6293c
3aeff8d50243a034,m1-pro-16gb-local,2423765b67ab3e882d3030a37ab48695156b4b6e768da1d8fcb5861c2b0f14e7,aligned,ols-identity-batch-float,64,0,0,2368,1,37,0,128,throughput,48000,0,steady,1,64,spec012-confirm-01,2,89.4316208298142,ns/engine-sample,1,151552,3.1573333333333333,4096,13553541.0,13553.541,13553541.0,13553541.0,13553541.0,13553541.0,13553.541,13553.541,13553.541,13553.541,,,,0.042,0.084,0.0,0.375,0.75,,0.0,1.3125,/Users/christiankauten/Documents/Projects/Rack/plugins/Fourier/.build/spec012/confirm-01-short-hop/workload-0036-repeat-02.csv,6acd7be4f71f64aa2a81e31047cb650b9af62f8331eb1619e133bfc83dd88b69
3aeff8d50243a034,m1-pro-16gb-local,2423765b67ab3e882d3030a37ab48695156b4b6e768da1d8fcb5861c2b0f14e7,aligned,ols-identity-batch-float,64,0,0,2368,1,37,0,128,throughput,48000,0,steady,1,64,spec012-confirm-02,0,91.47575089738176,ns/engine-sample,1,151552,3.1573333333333333,4096,13863333.0,13863.333,13863333.0,13863333.0,13863333.0,13863333.0,13863.333,13863.333,13863.333,13863.333,,,,0.042,0.042,0.0,0.375,0.75,,0.0,1.3125,/Users/christiankauten/Documents/Projects/Rack/plugins/Fourier/.build/spec012/confirm-02-short-hop/workload-0036-repeat-00.csv,391f708a22e35021fb9b6ea6333363972301f6687f70d47122777a8e443958bc
3aeff8d50243a034,m1-pro-16gb-local,2423765b67ab3e882d3030a37ab48695156b4b6e768da1d8fcb5861c2b0f14e7,aligned,ols-identity-batch-float,64,0,0,2368,1,37,0,128,throughput,48000,0,steady,1,64,spec012-confirm-02,1,90.87969805743244,ns/engine-sample,1,151552,3.1573333333333333,4096,13773000.0,13773.0,13773000.0,13773000.0,13773000.0,13773000.0,13773.0,13773.0,13773.0,13773.0,,,,0.042,0.042,0.0,0.375,0.75,,0.0,1.3125,/Users/christiankauten/Documents/Projects/Rack/plugins/Fourier/.build/spec012/confirm-02-short-hop/workload-0036-repeat-01.csv,162053576ac3a04057ca3fadc58bc1734ac051aa788df0aa241f5f3ee3d2b163
3aeff8d50243a034,m1-pro-16gb-local,2423765b67ab3e882d3030a37ab48695156b4b6e768da1d8fcb5861c2b0f14e7,aligned,ols-identity-batch-float,64,0,0,2368,1,37,0,128,throughput,48000,0,steady,1,64,spec012-confirm-02,2,90.50056746199324,ns/engine-sample,1,151552,3.1573333333333333,4096,13715542.0,13715.542,13715542.0,13715542.0,13715542.0,13715542.0,13715.542,13715.542,13715.542,13715.542,,,,0.042,0.084,0.0,0.375,0.75,,0.0,1.3125,/Users/christiankauten/Documents/Projects/Rack/plugins/Fourier/.build/spec012/confirm-02-short-hop/workload-0036-repeat-02.csv,e5fb5febf282d9f8b30d35ebb2e09b71f5ef18366b313bb37fafd6bde364ba32
3aeff8d50243a034,m1-pro-16gb-local,2423765b67ab3e882d3030a37ab48695156b4b6e768da1d8fcb5861c2b0f14e7,aligned,ols-identity-batch-float,64,0,0,2368,1,37,0,128,throughput,48000,0,steady,1,64,spec012-confirm-03,0,90.71363624366555,ns/engine-sample,1,151552,3.1573333333333333,4096,13747833.0,13747.833,13747833.0,13747833.0,13747833.0,13747833.0,13747.833,13747.833,13747.833,13747.833,,,,0.042,0.042,0.0,0.375,0.75,,0.0,1.3125,/Users/christiankauten/Documents/Projects/Rack/plugins/Fourier/.build/spec012/confirm-03-short-hop/workload-0036-repeat-00.csv,76243bd48a3812046c0af77d604af15ff73567026df1c80eb2086380bd6b694c
3aeff8d50243a034,m1-pro-16gb-local,2423765b67ab3e882d3030a37ab48695156b4b6e768da1d8fcb5861c2b0f14e7,aligned,ols-identity-batch-float,64,0,0,2368,1,37,0,128,throughput,48000,0,steady,1,64,spec012-confirm-03,1,89.76759132179055,ns/engine-sample,1,151552,3.1573333333333333,4096,13604458.0,13604.458,13604458.0,13604458.0,13604458.0,13604458.0,13604.458,13604.458,13604.458,13604.458,,,,0.042,0.084,0.0,0.375,0.75,,0.0,1.3125,/Users/christiankauten/Documents/Projects/Rack/plugins/Fourier/.build/spec012/confirm-03-short-hop/workload-0036-repeat-01.csv,235ad2542880eadba92e85716aed130c616382002f18db29470dea2d908a8f4e
3aeff8d50243a034,m1-pro-16gb-local,2423765b67ab3e882d3030a37ab48695156b4b6e768da1d8fcb5861c2b0f14e7,aligned,ols-identity-batch-float,64,0,0,2368,1,37,0,128,throughput,48000,0,steady,1,64,spec012-confirm-03,2,91.10156909839527,ns/engine-sample,1,151552,3.1573333333333333,4096,13806625.0,13806.625,13806625.0,13806625.0,13806625.0,13806625.0,13806.625,13806.625,13806.625,13806.625,,,,0.042,0.042,0.0,0.375,0.75,,0.0,1.3125,/Users/christiankauten/Documents/Projects/Rack/plugins/Fourier/.build/spec012/confirm-03-short-hop/workload-0036-repeat-02.csv,15c437eb3cb2e9e4f2684cc16b91dbb2b0ceb4184247a22bc4093e058c983c5c
3aeff8d50243a034,m1-pro-16gb-local,2a0f8a05fdd7e99cbae75454c9e1ac6fd7ccf1421d259857eb5b18fac5b7089d,aligned,fftw-ols-identity-double,64,0,0,2368,1,37,0,128,callback,48000,0,steady,1,64,spec012-confirm-01,0,23.97463576858108,ns/engine-sample,2368,151552,3.1573333333333333,4096,3633404.0,3633.404,1708.0,1750.0,1750.0,9500.0,1.708,1.75,1.75,9.5,1333.3333333333333,0,0.0,0.042,0.042,0.0,0.375,0.75,,0.0,1.3125,/Users/christiankauten/Documents/Projects/Rack/plugins/Fourier/.build/spec012/confirm-01-short-hop/workload-0077-repeat-00.csv,255a14a12b775a89e50e573dfdbe6fda15336f702ebca622308f71b79e388818
3aeff8d50243a034,m1-pro-16gb-local,2a0f8a05fdd7e99cbae75454c9e1ac6fd7ccf1421d259857eb5b18fac5b7089d,aligned,fftw-ols-identity-double,64,0,0,2368,1,37,0,128,callback,48000,0,steady,1,64,spec012-confirm-01,1,23.84788059543919,ns/engine-sample,2368,151552,3.1573333333333333,4096,3614194.0,3614.194,1708.0,1750.0,1750.0,1917.0,1.708,1.75,1.75,1.917,1333.3333333333333,0,0.0,0.042,0.042,0.0,0.375,0.75,,0.0,1.3125,/Users/christiankauten/Documents/Projects/Rack/plugins/Fourier/.build/spec012/confirm-01-short-hop/workload-0077-repeat-01.csv,4437b60cd680b0cee708e401bd346f859179dd148cdeac0a4e0adbf9c2495fe9
3aeff8d50243a034,m1-pro-16gb-local,2a0f8a05fdd7e99cbae75454c9e1ac6fd7ccf1421d259857eb5b18fac5b7089d,aligned,fftw-ols-identity-double,64,0,0,2368,1,37,0,128,callback,48000,0,steady,1,64,spec012-confirm-01,2,23.823413745777028,ns/engine-sample,2368,151552,3.1573333333333333,4096,3610486.0,3610.486,1708.0,1709.0,1750.0,1875.0,1.708,1.709,1.75,1.875,1333.3333333333333,0,0.0,0.042,0.042,0.0,0.375,0.75,,0.0,1.3125,/Users/christiankauten/Documents/Projects/Rack/plugins/Fourier/.build/spec012/confirm-01-short-hop/workload-0077-repeat-02.csv,f77d2a21db484a95fbceacce03753a4f94c7ccb862ea5a1238b9b4afa40e53b7
3aeff8d50243a034,m1-pro-16gb-local,2a0f8a05fdd7e99cbae75454c9e1ac6fd7ccf1421d259857eb5b18fac5b7089d,aligned,fftw-ols-identity-double,64,0,0,2368,1,37,0,128,callback,48000,0,steady,1,64,spec012-confirm-02,0,23.83646537162162,ns/engine-sample,2368,151552,3.1573333333333333,4096,3612464.0,3612.464,1708.0,1709.0,1750.0,9834.0,1.708,1.709,1.75,9.834,1333.3333333333333,0,0.0,0.042,0.042,0.0,0.375,0.75,,0.0,1.3125,/Users/christiankauten/Documents/Projects/Rack/plugins/Fourier/.build/spec012/confirm-02-short-hop/workload-0077-repeat-00.csv,9a1135e4f6449742d82de39ff6779b69b0330d93f3ace177cb3cf27e18d7b197
3aeff8d50243a034,m1-pro-16gb-local,2a0f8a05fdd7e99cbae75454c9e1ac6fd7ccf1421d259857eb5b18fac5b7089d,aligned,fftw-ols-identity-double,64,0,0,2368,1,37,0,128,callback,48000,0,steady,1,64,spec012-confirm-02,1,23.920014252533782,ns/engine-sample,2368,151552,3.1573333333333333,4096,3625126.0,3625.126,1708.0,1750.0,1834.0,2042.0,1.708,1.75,1.834,2.042,1333.3333333333333,0,0.0,0.042,0.084,0.0,0.375,0.75,,0.0,1.3125,/Users/christiankauten/Documents/Projects/Rack/plugins/Fourier/.build/spec012/confirm-02-short-hop/workload-0077-repeat-01.csv,888596d2ea3f1a11dbb265d068827c37f6fd86e837a28cdfc56fd88c3adb8439
3aeff8d50243a034,m1-pro-16gb-local,2a0f8a05fdd7e99cbae75454c9e1ac6fd7ccf1421d259857eb5b18fac5b7089d,aligned,fftw-ols-identity-double,64,0,0,2368,1,37,0,128,callback,48000,0,steady,1,64,spec012-confirm-02,2,23.937110694679053,ns/engine-sample,2368,151552,3.1573333333333333,4096,3627717.0,3627.717,1708.0,1750.0,1834.0,9333.0,1.708,1.75,1.834,9.333,1333.3333333333333,0,0.0,0.042,0.042,0.0,0.375,0.75,,0.0,1.3125,/Users/christiankauten/Documents/Projects/Rack/plugins/Fourier/.build/spec012/confirm-02-short-hop/workload-0077-repeat-02.csv,b017a2d166ce68beb1186c8e93988186a9b0c64422d034bbed530e7e6930135e
3aeff8d50243a034,m1-pro-16gb-local,2a0f8a05fdd7e99cbae75454c9e1ac6fd7ccf1421d259857eb5b18fac5b7089d,aligned,fftw-ols-identity-double,64,0,0,2368,1,37,0,128,callback,48000,0,steady,1,64,spec012-confirm-03,0,23.82743876689189,ns/engine-sample,2368,151552,3.1573333333333333,4096,3611096.0,3611.096,1708.0,1750.0,1750.0,1875.0,1.708,1.75,1.75,1.875,1333.3333333333333,0,0.0,0.042,0.125,0.0,0.375,0.75,,0.0,1.3125,/Users/christiankauten/Documents/Projects/Rack/plugins/Fourier/.build/spec012/confirm-03-short-hop/workload-0077-repeat-00.csv,4e91d4050d7e546615a4c96d0bdb29efaea7dc0be7b1354198fd40ada6962044
3aeff8d50243a034,m1-pro-16gb-local,2a0f8a05fdd7e99cbae75454c9e1ac6fd7ccf1421d259857eb5b18fac5b7089d,aligned,fftw-ols-identity-double,64,0,0,2368,1,37,0,128,callback,48000,0,steady,1,64,spec012-confirm-03,1,24.6248218433277,ns/engine-sample,2368,151552,3.1573333333333333,4096,3731941.0,3731.941,1750.0,1833.0,1917.0,2084.0,1.75,1.833,1.917,2.084,1333.3333333333333,0,0.0,0.042,0.083,0.0,0.375,0.75,,0.0,1.3125,/Users/christiankauten/Documents/Projects/Rack/plugins/Fourier/.build/spec012/confirm-03-short-hop/workload-0077-repeat-01.csv,241456995a5033ca8677f37ec111a829479518f30fa5cc526a5d0f7bf703e810
3aeff8d50243a034,m1-pro-16gb-local,2a0f8a05fdd7e99cbae75454c9e1ac6fd7ccf1421d259857eb5b18fac5b7089d,aligned,fftw-ols-identity-double,64,0,0,2368,1,37,0,128,callback,48000,0,steady,1,64,spec012-confirm-03,2,24.08717139991554,ns/engine-sample,2368,151552,3.1573333333333333,4096,3650459.0,3650.459,1708.0,1750.0,1792.0,1958.0,1.708,1.75,1.792,1.958,1333.3333333333333,0,0.0,0.042,0.042,0.0,0.375,0.75,,0.0,1.3125,/Users/christiankauten/Documents/Projects/Rack/plugins/Fourier/.build/spec012/confirm-03-short-hop/workload-0077-repeat-02.csv,cb068b142f1076ab2af52ad32ceb890defd7adee70b9678776f8da7c75f08d3d
3aeff8d50243a034,m1-pro-16gb-local,2e47d3655018fa9982b8fadcb636dcb12743d6e77713b4c195c791885d692914,aligned,fftw-analysis4-float,64,0,0,2368,1,37,0,128,callback,48000,0,steady,1,64,spec012-confirm-01,0,47.727723817567565,ns/engine-sample,2368,151552,3.1573333333333333,4096,7233232.0,7233.232,3375.0,3458.0,3459.0,4417.0,3.375,3.458,3.459,4.417,1333.3333333333333,0,0.0,0.042,0.083,0.0,1.3229166666666667,,1.3229166666666667,0.0,1.3125,/Users/christiankauten/Documents/Projects/Rack/plugins/Fourier/.build/spec012/confirm-01-short-hop/workload-0049-repeat-00.csv,15f07d3fa610691cf28dfbca453aa87e84fd62b0eca0d9f33625cec468ace692
3aeff8d50243a034,m1-pro-16gb-local,2e47d3655018fa9982b8fadcb636dcb12743d6e77713b4c195c791885d692914,aligned,fftw-analysis4-float,64,0,0,2368,1,37,0,128,callback,48000,0,steady,1,64,spec012-confirm-01,1,47.745176573057435,ns/engine-sample,2368,151552,3.1573333333333333,4096,7235877.0,7235.877,3375.0,3417.0,3500.0,8833.0,3.375,3.417,3.5,8.833,1333.3333333333333,0,0.0,0.042,0.042,0.0,1.3229166666666667,,1.3229166666666667,0.0,1.3125,/Users/christiankauten/Documents/Projects/Rack/plugins/Fourier/.build/spec012/confirm-01-short-hop/workload-0049-repeat-01.csv,85d52cf90b558ca3f246184da3c2136a5a2b5e5215f6e11266c40e79173be1d1
3aeff8d50243a034,m1-pro-16gb-local,2e47d3655018fa9982b8fadcb636dcb12743d6e77713b4c195c791885d692914,aligned,fftw-analysis4-float,64,0,0,2368,1,37,0,128,callback,48000,0,steady,1,64,spec012-confirm-01,2,48.025436813766895,ns/engine-sample,2368,151552,3.1573333333333333,4096,7278351.0,7278.351,3375.0,3417.0,3459.0,27834.0,3.375,3.417,3.459,27.834,1333.3333333333333,0,0.0,0.042,0.042,0.0,1.3229166666666667,,1.3229166666666667,0.0,1.3125,/Users/christiankauten/Documents/Projects/Rack/plugins/Fourier/.build/spec012/confirm-01-short-hop/workload-0049-repeat-02.csv,6ade43d38e4ce194bb489e06203cb114c8267a41823f00f51d06a1584ef63ddd
3aeff8d50243a034,m1-pro-16gb-local,2e47d3655018fa9982b8fadcb636dcb12743d6e77713b4c195c791885d692914,aligned,fftw-analysis4-float,64,0,0,2368,1,37,0,128,callback,48000,0,steady,1,64,spec012-confirm-02,0,47.9158836570946,ns/engine-sample,2368,151552,3.1573333333333333,4096,7261748.0,7261.748,3375.0,3458.0,3583.0,21500.0,3.375,3.458,3.583,21.5,1333.3333333333333,0,0.0,0.042,0.042,0.0,1.3229166666666667,,1.3229166666666667,0.0,1.3125,/Users/christiankauten/Documents/Projects/Rack/plugins/Fourier/.build/spec012/confirm-02-short-hop/workload-0049-repeat-00.csv,7b35c4241c407c92e71e7d7981a98414f28cdc033ebaca122418404dabb125ec
3aeff8d50243a034,m1-pro-16gb-local,2e47d3655018fa9982b8fadcb636dcb12743d6e77713b4c195c791885d692914,aligned,fftw-analysis4-float,64,0,0,2368,1,37,0,128,callback,48000,0,steady,1,64,spec012-confirm-02,1,60.165006070523646,ns/engine-sample,2368,151552,3.1573333333333333,4096,9118127.0,9118.127,4167.0,4209.0,4292.0,29334.0,4.167,4.209,4.292,29.334,1333.3333333333333,0,0.0,0.042,0.042,0.0,1.3229166666666667,,1.3229166666666667,0.0,1.3125,/Users/christiankauten/Documents/Projects/Rack/plugins/Fourier/.build/spec012/confirm-02-short-hop/workload-0049-repeat-01.csv,a3854fd131711e2422571980eda44ca750966f28bed0b93369b75e94ffe45b18
3aeff8d50243a034,m1-pro-16gb-local,2e47d3655018fa9982b8fadcb636dcb12743d6e77713b4c195c791885d692914,aligned,fftw-analysis4-float,64,0,0,2368,1,37,0,128,callback,48000,0,steady,1,64,spec012-confirm-02,2,47.90409232474662,ns/engine-sample,2368,151552,3.1573333333333333,4096,7259961.0,7259.961,3375.0,3458.0,3583.0,7542.0,3.375,3.458,3.583,7.542,1333.3333333333333,0,0.0,0.042,0.042,0.0,1.3229166666666667,,1.3229166666666667,0.0,1.3125,/Users/christiankauten/Documents/Projects/Rack/plugins/Fourier/.build/spec012/confirm-02-short-hop/workload-0049-repeat-02.csv,a3e3089a1d8792cec69fb0ce0db744dfca12899b81b0d6277c6ec39f75b659c9
3aeff8d50243a034,m1-pro-16gb-local,2e47d3655018fa9982b8fadcb636dcb12743d6e77713b4c195c791885d692914,aligned,fftw-analysis4-float,64,0,0,2368,1,37,0,128,callback,48000,0,steady,1,64,spec012-confirm-03,0,47.890862542229726,ns/engine-sample,2368,151552,3.1573333333333333,4096,7257956.0,7257.956,3375.0,3417.0,3541.0,8416.0,3.375,3.417,3.541,8.416,1333.3333333333333,0,0.0,0.042,0.084,0.0,1.3229166666666667,,1.3229166666666667,0.0,1.3125,/Users/christiankauten/Documents/Projects/Rack/plugins/Fourier/.build/spec012/confirm-03-short-hop/workload-0049-repeat-00.csv,f82a5ffe453c56c38b9fa3a574c7439684ac2164e733e5f3ed8480d5e244116d
3aeff8d50243a034,m1-pro-16gb-local,2e47d3655018fa9982b8fadcb636dcb12743d6e77713b4c195c791885d692914,aligned,fftw-analysis4-float,64,0,0,2368,1,37,0,128,callback,48000,0,steady,1,64,spec012-confirm-03,1,49.42555030616554,ns/engine-sample,2368,151552,3.1573333333333333,4096,7490541.0,7490.541,3500.0,3583.0,3625.0,11458.0,3.5,3.583,3.625,11.458,1333.3333333333333,0,0.0,0.042,0.042,0.0,1.3229166666666667,,1.3229166666666667,0.0,1.3125,/Users/christiankauten/Documents/Projects/Rack/plugins/Fourier/.build/spec012/confirm-03-short-hop/workload-0049-repeat-01.csv,bd4443aca1fadae014fc5fa895e2076d07807f286f23d2ba982633585cf94207
3aeff8d50243a034,m1-pro-16gb-local,2e47d3655018fa9982b8fadcb636dcb12743d6e77713b4c195c791885d692914,aligned,fftw-analysis4-float,64,0,0,2368,1,37,0,128,callback,48000,0,steady,1,64,spec012-confirm-03,2,48.631637985641895,ns/engine-sample,2368,151552,3.1573333333333333,4096,7370222.0,7370.222,3458.0,3500.0,3584.0,5917.0,3.458,3.5,3.584,5.917,1333.3333333333333,0,0.0,0.042,0.084,0.0,1.3229166666666667,,1.3229166666666667,0.0,1.3125,/Users/christiankauten/Documents/Projects/Rack/plugins/Fourier/.build/spec012/confirm-03-short-hop/workload-0049-repeat-02.csv,ac42666fc47dfb3f498ca30ecf03d107adf87d678ec99344d6449e6d1babd52f
3aeff8d50243a034,m1-pro-16gb-local,2fd22560fdf091d1cd414fa85daf2e7e008139f33ce7f9ec11d799d44c0f23b8,aligned,core-independent4-simd,64,0,0,2368,1,37,0,128,throughput,48000,1,steady,1,64,spec012-confirm-01,0,39.016311233108105,ns/engine-sample,1,151552,3.1573333333333333,4096,5913000.0,5913.0,5913000.0,5913000.0,5913000.0,5913000.0,5913.0,5913.0,5913.0,5913.0,,,,0.042,0.125,0.75,1.3229166666666667,,2.072916666666667,0.75,2.0625,/Users/christiankauten/Documents/Projects/Rack/plugins/Fourier/.build/spec012/confirm-01-short-hop/workload-0062-repeat-00.csv,6535e50bbb8e5dce85b56c4909f5434510cfd6131cf29476584eafa75d81c385
3aeff8d50243a034,m1-pro-16gb-local,2fd22560fdf091d1cd414fa85daf2e7e008139f33ce7f9ec11d799d44c0f23b8,aligned,core-independent4-simd,64,0,0,2368,1,37,0,128,throughput,48000,1,steady,1,64,spec012-confirm-01,1,38.482943148226354,ns/engine-sample,1,151552,3.1573333333333333,4096,5832167.0,5832.167,5832167.0,5832167.0,5832167.0,5832167.0,5832.167,5832.167,5832.167,5832.167,,,,0.042,0.042,0.75,1.3229166666666667,,2.072916666666667,0.75,2.0625,/Users/christiankauten/Documents/Projects/Rack/plugins/Fourier/.build/spec012/confirm-01-short-hop/workload-0062-repeat-01.csv,c431ae5fd92f32931b8688b5b4e286be31d13d98e6594e47fb8c4909f3237e31
3aeff8d50243a034,m1-pro-16gb-local,2fd22560fdf091d1cd414fa85daf2e7e008139f33ce7f9ec11d799d44c0f23b8,aligned,core-independent4-simd,64,0,0,2368,1,37,0,128,throughput,48000,1,steady,1,64,spec012-confirm-01,2,38.315231735641895,ns/engine-sample,1,151552,3.1573333333333333,4096,5806750.0,5806.75,5806750.0,5806750.0,5806750.0,5806750.0,5806.75,5806.75,5806.75,5806.75,,,,0.042,0.042,0.75,1.3229166666666667,,2.072916666666667,0.75,2.0625,/Users/christiankauten/Documents/Projects/Rack/plugins/Fourier/.build/spec012/confirm-01-short-hop/workload-0062-repeat-02.csv,21d4c7989caf37720397af524cbc12f6fc3c01b07b397de435b404ad31d3766e
3aeff8d50243a034,m1-pro-16gb-local,2fd22560fdf091d1cd414fa85daf2e7e008139f33ce7f9ec11d799d44c0f23b8,aligned,core-independent4-simd,64,0,0,2368,1,37,0,128,throughput,48000,1,steady,1,64,spec012-confirm-02,0,38.94867768158784,ns/engine-sample,1,151552,3.1573333333333333,4096,5902750.0,5902.75,5902750.0,5902750.0,5902750.0,5902750.0,5902.75,5902.75,5902.75,5902.75,,,,0.042,0.042,0.75,1.3229166666666667,,2.072916666666667,0.75,2.0625,/Users/christiankauten/Documents/Projects/Rack/plugins/Fourier/.build/spec012/confirm-02-short-hop/workload-0062-repeat-00.csv,24f444696c728b34ba7dd361857269190cda1f166d832b14e788b2fd12624f2e
3aeff8d50243a034,m1-pro-16gb-local,2fd22560fdf091d1cd414fa85daf2e7e008139f33ce7f9ec11d799d44c0f23b8,aligned,core-independent4-simd,64,0,0,2368,1,37,0,128,throughput,48000,1,steady,1,64,spec012-confirm-02,1,38.886263460726354,ns/engine-sample,1,151552,3.1573333333333333,4096,5893291.0,5893.291,5893291.0,5893291.0,5893291.0,5893291.0,5893.291,5893.291,5893.291,5893.291,,,,0.042,0.042,0.75,1.3229166666666667,,2.072916666666667,0.75,2.0625,/Users/christiankauten/Documents/Projects/Rack/plugins/Fourier/.build/spec012/confirm-02-short-hop/workload-0062-repeat-01.csv,14c2a2b4f20e6ad01deb75f5a079330d0190e26ee03fc1a342f9d42c3f35c95e
3aeff8d50243a034,m1-pro-16gb-local,2fd22560fdf091d1cd414fa85daf2e7e008139f33ce7f9ec11d799d44c0f23b8,aligned,core-independent4-simd,64,0,0,2368,1,37,0,128,throughput,48000,1,steady,1,64,spec012-confirm-02,2,38.935758023648646,ns/engine-sample,1,151552,3.1573333333333333,4096,5900792.0,5900.792,5900792.0,5900792.0,5900792.0,5900792.0,5900.792,5900.792,5900.792,5900.792,,,,0.042,0.042,0.75,1.3229166666666667,,2.072916666666667,0.75,2.0625,/Users/christiankauten/Documents/Projects/Rack/plugins/Fourier/.build/spec012/confirm-02-short-hop/workload-0062-repeat-02.csv,0cafbe038142bcefb47f9ef9d097df673af01d491a7fdbcfc1e457e4d7d1ee84
3aeff8d50243a034,m1-pro-16gb-local,2fd22560fdf091d1cd414fa85daf2e7e008139f33ce7f9ec11d799d44c0f23b8,aligned,core-independent4-simd,64,0,0,2368,1,37,0,128,throughput,48000,1,steady,1,64,spec012-confirm-03,0,38.946203283361484,ns/engine-sample,1,151552,3.1573333333333333,4096,5902375.0,5902.375,5902375.0,5902375.0,5902375.0,5902375.0,5902.375,5902.375,5902.375,5902.375,,,,0.042,0.042,0.75,1.3229166666666667,,2.072916666666667,0.75,2.0625,/Users/christiankauten/Documents/Projects/Rack/plugins/Fourier/.build/spec012/confirm-03-short-hop/workload-0062-repeat-00.csv,d4513c79e9ab24e96204c2497c2d06b0e4d714d865e1b418d7661cbb862eb9fc
3aeff8d50243a034,m1-pro-16gb-local,2fd22560fdf091d1cd414fa85daf2e7e008139f33ce7f9ec11d799d44c0f23b8,aligned,core-independent4-simd,64,0,0,2368,1,37,0,128,throughput,48000,1,steady,1,64,spec012-confirm-03,1,39.54253325591216,ns/engine-sample,1,151552,3.1573333333333333,4096,5992750.0,5992.75,5992750.0,5992750.0,5992750.0,5992750.0,5992.75,5992.75,5992.75,5992.75,,,,0.042,0.042,0.75,1.3229166666666667,,2.072916666666667,0.75,2.0625,/Users/christiankauten/Documents/Projects/Rack/plugins/Fourier/.build/spec012/confirm-03-short-hop/workload-0062-repeat-01.csv,fec95471fcb3430b1e3a675d9dff55e9810e3a04cabb30fb809dd26bb9aa4adf
3aeff8d50243a034,m1-pro-16gb-local,2fd22560fdf091d1cd414fa85daf2e7e008139f33ce7f9ec11d799d44c0f23b8,aligned,core-independent4-simd,64,0,0,2368,1,37,0,128,throughput,48000,1,steady,1,64,spec012-confirm-03,2,39.27749551309122,ns/engine-sample,1,151552,3.1573333333333333,4096,5952583.0,5952.583,5952583.0,5952583.0,5952583.0,5952583.0,5952.583,5952.583,5952.583,5952.583,,,,0.042,0.042,0.75,1.3229166666666667,,2.072916666666667,0.75,2.0625,/Users/christiankauten/Documents/Projects/Rack/plugins/Fourier/.build/spec012/confirm-03-short-hop/workload-0062-repeat-02.csv,602a32e0fc165161d28874d423845334ad82c4de2ab28307589d4d6ebef13e70
3aeff8d50243a034,m1-pro-16gb-local,314b996d5e5902851ff3f3ab1dedb365b6e39645a0c1b4858401a0374c292271,aligned,core-independent4-float,64,0,0,2368,1,37,0,128,throughput,48000,1,steady,1,64,spec012-confirm-01,0,122.0255027977196,ns/engine-sample,1,151552,3.1573333333333333,4096,18493209.0,18493.209,18493209.0,18493209.0,18493209.0,18493209.0,18493.209,18493.209,18493.209,18493.209,,,,0.042,0.042,0.75,1.3229166666666667,,2.072916666666667,0.75,2.0625,/Users/christiankauten/Documents/Projects/Rack/plugins/Fourier/.build/spec012/confirm-01-short-hop/workload-0061-repeat-00.csv,4b5b902b47ebb9b60f566132a38a93a7ccdda4a2c3a859fc95ddcf5cef72d967
3aeff8d50243a034,m1-pro-16gb-local,314b996d5e5902851ff3f3ab1dedb365b6e39645a0c1b4858401a0374c292271,aligned,core-independent4-float,64,0,0,2368,1,37,0,128,throughput,48000,1,steady,1,64,spec012-confirm-01,1,119.8043113914696,ns/engine-sample,1,151552,3.1573333333333333,4096,18156583.0,18156.583,18156583.0,18156583.0,18156583.0,18156583.0,18156.583,18156.583,18156.583,18156.583,,,,0.042,0.042,0.75,1.3229166666666667,,2.072916666666667,0.75,2.0625,/Users/christiankauten/Documents/Projects/Rack/plugins/Fourier/.build/spec012/confirm-01-short-hop/workload-0061-repeat-01.csv,d27b8aef904e02185e0797892a9765f7959424d4081d3fb6a763b94d0ebbbd56
3aeff8d50243a034,m1-pro-16gb-local,314b996d5e5902851ff3f3ab1dedb365b6e39645a0c1b4858401a0374c292271,aligned,core-independent4-float,64,0,0,2368,1,37,0,128,throughput,48000,1,steady,1,64,spec012-confirm-01,2,121.57900918496621,ns/engine-sample,1,151552,3.1573333333333333,4096,18425542.0,18425.542,18425542.0,18425542.0,18425542.0,18425542.0,18425.542,18425.542,18425.542,18425.542,,,,0.042,0.042,0.75,1.3229166666666667,,2.072916666666667,0.75,2.0625,/Users/christiankauten/Documents/Projects/Rack/plugins/Fourier/.build/spec012/confirm-01-short-hop/workload-0061-repeat-02.csv,83d641cbee4d0025781c50412475fa3f30fe4470561ae2b26eb2871dcca083d6
3aeff8d50243a034,m1-pro-16gb-local,314b996d5e5902851ff3f3ab1dedb365b6e39645a0c1b4858401a0374c292271,aligned,core-independent4-float,64,0,0,2368,1,37,0,128,throughput,48000,1,steady,1,64,spec012-confirm-02,0,123.49749260979729,ns/engine-sample,1,151552,3.1573333333333333,4096,18716292.0,18716.292,18716292.0,18716292.0,18716292.0,18716292.0,18716.292,18716.292,18716.292,18716.292,,,,0.042,0.042,0.75,1.3229166666666667,,2.072916666666667,0.75,2.0625,/Users/christiankauten/Documents/Projects/Rack/plugins/Fourier/.build/spec012/confirm-02-short-hop/workload-0061-repeat-00.csv,d86ff5bc82f8224d86d9915d7ee564db4b9e33649cc6d3ac643a8ad7f81648d4
3aeff8d50243a034,m1-pro-16gb-local,314b996d5e5902851ff3f3ab1dedb365b6e39645a0c1b4858401a0374c292271,aligned,core-independent4-float,64,0,0,2368,1,37,0,128,throughput,48000,1,steady,1,64,spec012-confirm-02,1,121.307373046875,ns/engine-sample,1,151552,3.1573333333333333,4096,18384375.0,18384.375,18384375.0,18384375.0,18384375.0,18384375.0,18384.375,18384.375,18384.375,18384.375,,,,0.042,0.125,0.75,1.3229166666666667,,2.072916666666667,0.75,2.0625,/Users/christiankauten/Documents/Projects/Rack/plugins/Fourier/.build/spec012/confirm-02-short-hop/workload-0061-repeat-01.csv,faf463fac6838fb5a155a866a8784695430929da60b80ea0e9ad60d3cc61f34b
3aeff8d50243a034,m1-pro-16gb-local,314b996d5e5902851ff3f3ab1dedb365b6e39645a0c1b4858401a0374c292271,aligned,core-independent4-float,64,0,0,2368,1,37,0,128,throughput,48000,1,steady,1,64,spec012-confirm-02,2,120.48587283572635,ns/engine-sample,1,151552,3.1573333333333333,4096,18259875.0,18259.875,18259875.0,18259875.0,18259875.0,18259875.0,18259.875,18259.875,18259.875,18259.875,,,,0.042,0.042,0.75,1.3229166666666667,,2.072916666666667,0.75,2.0625,/Users/christiankauten/Documents/Projects/Rack/plugins/Fourier/.build/spec012/confirm-02-short-hop/workload-0061-repeat-02.csv,e9648b60dd59f61b0894cfaa4d3045c8412276a8b54be7e95d43d573fa3d1733
3aeff8d50243a034,m1-pro-16gb-local,314b996d5e5902851ff3f3ab1dedb365b6e39645a0c1b4858401a0374c292271,aligned,core-independent4-float,64,0,0,2368,1,37,0,128,throughput,48000,1,steady,1,64,spec012-confirm-03,0,121.46820893158784,ns/engine-sample,1,151552,3.1573333333333333,4096,18408750.0,18408.75,18408750.0,18408750.0,18408750.0,18408750.0,18408.75,18408.75,18408.75,18408.75,,,,0.042,0.042,0.75,1.3229166666666667,,2.072916666666667,0.75,2.0625,/Users/christiankauten/Documents/Projects/Rack/plugins/Fourier/.build/spec012/confirm-03-short-hop/workload-0061-repeat-00.csv,1aa08dd4c089aaa4d10b8a02c5c0c44e7d57b6f25b65d3187972af668f4c6729
3aeff8d50243a034,m1-pro-16gb-local,314b996d5e5902851ff3f3ab1dedb365b6e39645a0c1b4858401a0374c292271,aligned,core-independent4-float,64,0,0,2368,1,37,0,128,throughput,48000,1,steady,1,64,spec012-confirm-03,1,121.39315218538852,ns/engine-sample,1,151552,3.1573333333333333,4096,18397375.0,18397.375,18397375.0,18397375.0,18397375.0,18397375.0,18397.375,18397.375,18397.375,18397.375,,,,0.042,0.042,0.75,1.3229166666666667,,2.072916666666667,0.75,2.0625,/Users/christiankauten/Documents/Projects/Rack/plugins/Fourier/.build/spec012/confirm-03-short-hop/workload-0061-repeat-01.csv,c875de114e842c3730f7c7d889c3e8b866485b38e6d276535bc03e9fff77d6e2
3aeff8d50243a034,m1-pro-16gb-local,314b996d5e5902851ff3f3ab1dedb365b6e39645a0c1b4858401a0374c292271,aligned,core-independent4-float,64,0,0,2368,1,37,0,128,throughput,48000,1,steady,1,64,spec012-confirm-03,2,132.65963497677365,ns/engine-sample,1,151552,3.1573333333333333,4096,20104833.0,20104.833,20104833.0,20104833.0,20104833.0,20104833.0,20104.833,20104.833,20104.833,20104.833,,,,0.042,0.042,0.75,1.3229166666666667,,2.072916666666667,0.75,2.0625,/Users/christiankauten/Documents/Projects/Rack/plugins/Fourier/.build/spec012/confirm-03-short-hop/workload-0061-repeat-02.csv,c1daea456fedb390110742bf8158bd1fc8debac35b125eeadbd472e4a3ecc46c
3aeff8d50243a034,m1-pro-16gb-local,32764f45a55f11a84ade43c0666fbc2ba15d49e3bc860c08af30085b7f11632c,aligned,inverse-stream-batch-float,64,0,0,2368,1,37,0,128,throughput,48000,0,steady,1,64,spec012-confirm-01,0,47.570305901604726,ns/engine-sample,1,151552,3.1573333333333333,4096,7209375.0,7209.375,7209375.0,7209375.0,7209375.0,7209375.0,7209.375,7209.375,7209.375,7209.375,,,,0.042,0.042,0.0,0.0,,,0.0,1.3125,/Users/christiankauten/Documents/Projects/Rack/plugins/Fourier/.build/spec012/confirm-01-short-hop/workload-0031-repeat-00.csv,18c4b6929b32c0458ab4f56744d44485a59a30550822bcb019f644ccf5b4e5f4
3aeff8d50243a034,m1-pro-16gb-local,32764f45a55f11a84ade43c0666fbc2ba15d49e3bc860c08af30085b7f11632c,aligned,inverse-stream-batch-float,64,0,0,2368,1,37,0,128,throughput,48000,0,steady,1,64,spec012-confirm-01,1,47.387470967060814,ns/engine-sample,1,151552,3.1573333333333333,4096,7181666.0,7181.666,7181666.0,7181666.0,7181666.0,7181666.0,7181.666,7181.666,7181.666,7181.666,,,,0.042,0.042,0.0,0.0,,,0.0,1.3125,/Users/christiankauten/Documents/Projects/Rack/plugins/Fourier/.build/spec012/confirm-01-short-hop/workload-0031-repeat-01.csv,693af3206b1a3ec35f80e6eb90b648ac27c346767f98cbe19db0bd9074c1e02b
3aeff8d50243a034,m1-pro-16gb-local,32764f45a55f11a84ade43c0666fbc2ba15d49e3bc860c08af30085b7f11632c,aligned,inverse-stream-batch-float,64,0,0,2368,1,37,0,128,throughput,48000,0,steady,1,64,spec012-confirm-01,2,47.7877758129223,ns/engine-sample,1,151552,3.1573333333333333,4096,7242333.0,7242.333,7242333.0,7242333.0,7242333.0,7242333.0,7242.333,7242.333,7242.333,7242.333,,,,0.042,0.042,0.0,0.0,,,0.0,1.3125,/Users/christiankauten/Documents/Projects/Rack/plugins/Fourier/.build/spec012/confirm-01-short-hop/workload-0031-repeat-02.csv,2e256efad047b93e123d437ec9ebc3c4c064384b7fdc252405a98d5eafb459ce
3aeff8d50243a034,m1-pro-16gb-local,32764f45a55f11a84ade43c0666fbc2ba15d49e3bc860c08af30085b7f11632c,aligned,inverse-stream-batch-float,64,0,0,2368,1,37,0,128,throughput,48000,0,steady,1,64,spec012-confirm-02,0,48.533117345861484,ns/engine-sample,1,151552,3.1573333333333333,4096,7355291.0,7355.291,7355291.0,7355291.0,7355291.0,7355291.0,7355.291,7355.291,7355.291,7355.291,,,,0.042,0.042,0.0,0.0,,,0.0,1.3125,/Users/christiankauten/Documents/Projects/Rack/plugins/Fourier/.build/spec012/confirm-02-short-hop/workload-0031-repeat-00.csv,e28fda5daab5fa8f4edaac111b0ace4e3c505ceb39aa93b99f5f41f5b74cd3d6
3aeff8d50243a034,m1-pro-16gb-local,32764f45a55f11a84ade43c0666fbc2ba15d49e3bc860c08af30085b7f11632c,aligned,inverse-stream-batch-float,64,0,0,2368,1,37,0,128,throughput,48000,0,steady,1,64,spec012-confirm-02,1,47.771556957347975,ns/engine-sample,1,151552,3.1573333333333333,4096,7239875.0,7239.875,7239875.0,7239875.0,7239875.0,7239875.0,7239.875,7239.875,7239.875,7239.875,,,,0.042,0.042,0.0,0.0,,,0.0,1.3125,/Users/christiankauten/Documents/Projects/Rack/plugins/Fourier/.build/spec012/confirm-02-short-hop/workload-0031-repeat-01.csv,7b50f84d5e527141a2b49cde2b7824357598053c1d342bdf639f672fbbb97ccf
3aeff8d50243a034,m1-pro-16gb-local,32764f45a55f11a84ade43c0666fbc2ba15d49e3bc860c08af30085b7f11632c,aligned,inverse-stream-batch-float,64,0,0,2368,1,37,0,128,throughput,48000,0,steady,1,64,spec012-confirm-02,2,47.868606154983105,ns/engine-sample,1,151552,3.1573333333333333,4096,7254583.0,7254.583,7254583.0,7254583.0,7254583.0,7254583.0,7254.583,7254.583,7254.583,7254.583,,,,0.042,0.083,0.0,0.0,,,0.0,1.3125,/Users/christiankauten/Documents/Projects/Rack/plugins/Fourier/.build/spec012/confirm-02-short-hop/workload-0031-repeat-02.csv,74e3e0cfad812003de16961b597306bc7e30058279363aff6bb7d0a5515f2838
3aeff8d50243a034,m1-pro-16gb-local,32764f45a55f11a84ade43c0666fbc2ba15d49e3bc860c08af30085b7f11632c,aligned,inverse-stream-batch-float,64,0,0,2368,1,37,0,128,throughput,48000,0,steady,1,64,spec012-confirm-03,0,48.67361037795608,ns/engine-sample,1,151552,3.1573333333333333,4096,7376583.0,7376.583,7376583.0,7376583.0,7376583.0,7376583.0,7376.583,7376.583,7376.583,7376.583,,,,0.042,0.083,0.0,0.0,,,0.0,1.3125,/Users/christiankauten/Documents/Projects/Rack/plugins/Fourier/.build/spec012/confirm-03-short-hop/workload-0031-repeat-00.csv,f2eb5d453f183fac2b789ae92a4a1dabf1752912bd7f8f4426c7e52b8061f41f
3aeff8d50243a034,m1-pro-16gb-local,32764f45a55f11a84ade43c0666fbc2ba15d49e3bc860c08af30085b7f11632c,aligned,inverse-stream-batch-float,64,0,0,2368,1,37,0,128,throughput,48000,0,steady,1,64,spec012-confirm-03,1,47.51669394003378,ns/engine-sample,1,151552,3.1573333333333333,4096,7201250.0,7201.25,7201250.0,7201250.0,7201250.0,7201250.0,7201.25,7201.25,7201.25,7201.25,,,,0.042,0.042,0.0,0.0,,,0.0,1.3125,/Users/christiankauten/Documents/Projects/Rack/plugins/Fourier/.build/spec012/confirm-03-short-hop/workload-0031-repeat-01.csv,fcc06304c7354e04db31099bfa5eb52ae60a1875d6faef43838c133ad83aa493
3aeff8d50243a034,m1-pro-16gb-local,32764f45a55f11a84ade43c0666fbc2ba15d49e3bc860c08af30085b7f11632c,aligned,inverse-stream-batch-float,64,0,0,2368,1,37,0,128,throughput,48000,0,steady,1,64,spec012-confirm-03,2,47.811694995777025,ns/engine-sample,1,151552,3.1573333333333333,4096,7245958.0,7245.958,7245958.0,7245958.0,7245958.0,7245958.0,7245.958,7245.958,7245.958,7245.958,,,,0.042,0.042,0.0,0.0,,,0.0,1.3125,/Users/christiankauten/Documents/Projects/Rack/plugins/Fourier/.build/spec012/confirm-03-short-hop/workload-0031-repeat-02.csv,9f20223a654f5ab3cac463e331309c659cf2b84ca37d29585efd527337ec2fb2
3aeff8d50243a034,m1-pro-16gb-local,338ed5a209add6883088f99dba5d8ef0c4b67b862cfc5f529fa9f78cdd580a17,aligned,fftw-analysis4-float,64,0,0,2368,1,37,0,128,throughput,48000,0,steady,1,64,spec012-confirm-01,0,47.54445998733108,ns/engine-sample,1,151552,3.1573333333333333,4096,7205458.0,7205.458,7205458.0,7205458.0,7205458.0,7205458.0,7205.458,7205.458,7205.458,7205.458,,,,0.042,0.042,0.0,1.3229166666666667,,1.3229166666666667,0.0,1.3125,/Users/christiankauten/Documents/Projects/Rack/plugins/Fourier/.build/spec012/confirm-01-short-hop/workload-0054-repeat-00.csv,f798a83bc037bd0f5e6e8dd1e872f756ce59f91c8ba3512ef196b498caa5c1a7
3aeff8d50243a034,m1-pro-16gb-local,338ed5a209add6883088f99dba5d8ef0c4b67b862cfc5f529fa9f78cdd580a17,aligned,fftw-analysis4-float,64,0,0,2368,1,37,0,128,throughput,48000,0,steady,1,64,spec012-confirm-01,1,47.505146748310814,ns/engine-sample,1,151552,3.1573333333333333,4096,7199500.0,7199.5,7199500.0,7199500.0,7199500.0,7199500.0,7199.5,7199.5,7199.5,7199.5,,,,0.042,0.042,0.0,1.3229166666666667,,1.3229166666666667,0.0,1.3125,/Users/christiankauten/Documents/Projects/Rack/plugins/Fourier/.build/spec012/confirm-01-short-hop/workload-0054-repeat-01.csv,4b620fa531c7186659f40d39deedb1bb613387fb2216ac675e522785497f5f76
3aeff8d50243a034,m1-pro-16gb-local,338ed5a209add6883088f99dba5d8ef0c4b67b862cfc5f529fa9f78cdd580a17,aligned,fftw-analysis4-float,64,0,0,2368,1,37,0,128,throughput,48000,0,steady,1,64,spec012-confirm-01,2,47.538963524070944,ns/engine-sample,1,151552,3.1573333333333333,4096,7204625.0,7204.625,7204625.0,7204625.0,7204625.0,7204625.0,7204.625,7204.625,7204.625,7204.625,,,,0.042,0.042,0.0,1.3229166666666667,,1.3229166666666667,0.0,1.3125,/Users/christiankauten/Documents/Projects/Rack/plugins/Fourier/.build/spec012/confirm-01-short-hop/workload-0054-repeat-02.csv,d962f235a459a8fc73d31fcccfcbf5bc7c0fefd61a6d9058abc21fc7931f4a66
3aeff8d50243a034,m1-pro-16gb-local,338ed5a209add6883088f99dba5d8ef0c4b67b862cfc5f529fa9f78cdd580a17,aligned,fftw-analysis4-float,64,0,0,2368,1,37,0,128,throughput,48000,0,steady,1,64,spec012-confirm-02,0,47.6629539695946,ns/engine-sample,1,151552,3.1573333333333333,4096,7223416.0,7223.416,7223416.0,7223416.0,7223416.0,7223416.0,7223.416,7223.416,7223.416,7223.416,,,,0.042,0.042,0.0,1.3229166666666667,,1.3229166666666667,0.0,1.3125,/Users/christiankauten/Documents/Projects/Rack/plugins/Fourier/.build/spec012/confirm-02-short-hop/workload-0054-repeat-00.csv,b352d927a5bae1b776f54efcbcb84a3ae3d5218bd791208ffdfa00f7d1c3afa6
3aeff8d50243a034,m1-pro-16gb-local,338ed5a209add6883088f99dba5d8ef0c4b67b862cfc5f529fa9f78cdd580a17,aligned,fftw-analysis4-float,64,0,0,2368,1,37,0,128,throughput,48000,0,steady,1,64,spec012-confirm-02,1,47.543641786317565,ns/engine-sample,1,151552,3.1573333333333333,4096,7205334.0,7205.334,7205334.0,7205334.0,7205334.0,7205334.0,7205.334,7205.334,7205.334,7205.334,,,,0.042,0.042,0.0,1.3229166666666667,,1.3229166666666667,0.0,1.3125,/Users/christiankauten/Documents/Projects/Rack/plugins/Fourier/.build/spec012/confirm-02-short-hop/workload-0054-repeat-01.csv,46c7f1a563801020b862a14aef08c28f2ed7520093e00317ec893ef0106d7c60
3aeff8d50243a034,m1-pro-16gb-local,338ed5a209add6883088f99dba5d8ef0c4b67b862cfc5f529fa9f78cdd580a17,aligned,fftw-analysis4-float,64,0,0,2368,1,37,0,128,throughput,48000,0,steady,1,64,spec012-confirm-02,2,47.485899229307435,ns/engine-sample,1,151552,3.1573333333333333,4096,7196583.0,7196.583,7196583.0,7196583.0,7196583.0,7196583.0,7196.583,7196.583,7196.583,7196.583,,,,0.042,0.042,0.0,1.3229166666666667,,1.3229166666666667,0.0,1.3125,/Users/christiankauten/Documents/Projects/Rack/plugins/Fourier/.build/spec012/confirm-02-short-hop/workload-0054-repeat-02.csv,9aae653289397a0434517b9d99e0dde113e321972bd4d29c2edf66c45b1d0f07
3aeff8d50243a034,m1-pro-16gb-local,338ed5a209add6883088f99dba5d8ef0c4b67b862cfc5f529fa9f78cdd580a17,aligned,fftw-analysis4-float,64,0,0,2368,1,37,0,128,throughput,48000,0,steady,1,64,spec012-confirm-03,0,47.58377982474662,ns/engine-sample,1,151552,3.1573333333333333,4096,7211417.0,7211.417,7211417.0,7211417.0,7211417.0,7211417.0,7211.417,7211.417,7211.417,7211.417,,,,0.042,0.042,0.0,1.3229166666666667,,1.3229166666666667,0.0,1.3125,/Users/christiankauten/Documents/Projects/Rack/plugins/Fourier/.build/spec012/confirm-03-short-hop/workload-0054-repeat-00.csv,db0b76cff959fe5cc473d48abb1b0ecf98b9e9a7cc9e38db94c10e49f0eef425
3aeff8d50243a034,m1-pro-16gb-local,338ed5a209add6883088f99dba5d8ef0c4b67b862cfc5f529fa9f78cdd580a17,aligned,fftw-analysis4-float,64,0,0,2368,1,37,0,128,throughput,48000,0,steady,1,64,spec012-confirm-03,1,47.642611116976354,ns/engine-sample,1,151552,3.1573333333333333,4096,7220333.0,7220.333,7220333.0,7220333.0,7220333.0,7220333.0,7220.333,7220.333,7220.333,7220.333,,,,0.042,0.042,0.0,1.3229166666666667,,1.3229166666666667,0.0,1.3125,/Users/christiankauten/Documents/Projects/Rack/plugins/Fourier/.build/spec012/confirm-03-short-hop/workload-0054-repeat-01.csv,0e29fec867bc58b3d99e8404e540a0e3ec95fe135e1588dde03f25fb34961f07
3aeff8d50243a034,m1-pro-16gb-local,338ed5a209add6883088f99dba5d8ef0c4b67b862cfc5f529fa9f78cdd580a17,aligned,fftw-analysis4-float,64,0,0,2368,1,37,0,128,throughput,48000,0,steady,1,64,spec012-confirm-03,2,48.248291015625,ns/engine-sample,1,151552,3.1573333333333333,4096,7312125.0,7312.125,7312125.0,7312125.0,7312125.0,7312125.0,7312.125,7312.125,7312.125,7312.125,,,,0.042,0.042,0.0,1.3229166666666667,,1.3229166666666667,0.0,1.3125,/Users/christiankauten/Documents/Projects/Rack/plugins/Fourier/.build/spec012/confirm-03-short-hop/workload-0054-repeat-02.csv,a75ebdcf5cf73eef9aa1bae9236946fd8c5bbf7851aca09a96b076b4b00464e1
3aeff8d50243a034,m1-pro-16gb-local,3479f8136f9386494c9c4478c53fb878c7918db64dda3ac55d44e0b84166d0c4,aligned,vdsp-analysis-float,64,0,0,2368,1,37,0,128,throughput,48000,0,steady,1,64,spec012-confirm-01,0,13.01588233741554,ns/engine-sample,1,151552,3.1573333333333333,4096,1972583.0,1972.583,1972583.0,1972583.0,1972583.0,1972583.0,1972.583,1972.583,1972.583,1972.583,,,,0.042,0.042,0.0,1.3229166666666667,,1.3229166666666667,0.0,1.3125,/Users/christiankauten/Documents/Projects/Rack/plugins/Fourier/.build/spec012/confirm-01-short-hop/workload-0028-repeat-00.csv,041e10eead47695781fe7baeb8f50a11efe71aa2a1a18e477ace3a2a442b57aa
3aeff8d50243a034,m1-pro-16gb-local,3479f8136f9386494c9c4478c53fb878c7918db64dda3ac55d44e0b84166d0c4,aligned,vdsp-analysis-float,64,0,0,2368,1,37,0,128,throughput,48000,0,steady,1,64,spec012-confirm-01,1,13.051902977195946,ns/engine-sample,1,151552,3.1573333333333333,4096,1978042.0,1978.042,1978042.0,1978042.0,1978042.0,1978042.0,1978.042,1978.042,1978.042,1978.042,,,,0.042,0.042,0.0,1.3229166666666667,,1.3229166666666667,0.0,1.3125,/Users/christiankauten/Documents/Projects/Rack/plugins/Fourier/.build/spec012/confirm-01-short-hop/workload-0028-repeat-01.csv,6143088832810499ca712a42510838db560400b0d222ec4c078837aba1666164
3aeff8d50243a034,m1-pro-16gb-local,3479f8136f9386494c9c4478c53fb878c7918db64dda3ac55d44e0b84166d0c4,aligned,vdsp-analysis-float,64,0,0,2368,1,37,0,128,throughput,48000,0,steady,1,64,spec012-confirm-01,2,13.142624313766891,ns/engine-sample,1,151552,3.1573333333333333,4096,1991791.0,1991.791,1991791.0,1991791.0,1991791.0,1991791.0,1991.791,1991.791,1991.791,1991.791,,,,0.042,0.042,0.0,1.3229166666666667,,1.3229166666666667,0.0,1.3125,/Users/christiankauten/Documents/Projects/Rack/plugins/Fourier/.build/spec012/confirm-01-short-hop/workload-0028-repeat-02.csv,f1f69e8f542f77bd75c766626799b59635416f0593edb6886401e12a2c8446e3
3aeff8d50243a034,m1-pro-16gb-local,3479f8136f9386494c9c4478c53fb878c7918db64dda3ac55d44e0b84166d0c4,aligned,vdsp-analysis-float,64,0,0,2368,1,37,0,128,throughput,48000,0,steady,1,64,spec012-confirm-02,0,13.023582664695946,ns/engine-sample,1,151552,3.1573333333333333,4096,1973750.0,1973.75,1973750.0,1973750.0,1973750.0,1973750.0,1973.75,1973.75,1973.75,1973.75,,,,0.042,0.084,0.0,1.3229166666666667,,1.3229166666666667,0.0,1.3125,/Users/christiankauten/Documents/Projects/Rack/plugins/Fourier/.build/spec012/confirm-02-short-hop/workload-0028-repeat-00.csv,0eec0f4be3e7ae41099d22b2f5506110d8ffd62be1bab4f4bc6792ebc84eac66
3aeff8d50243a034,m1-pro-16gb-local,3479f8136f9386494c9c4478c53fb878c7918db64dda3ac55d44e0b84166d0c4,aligned,vdsp-analysis-float,64,0,0,2368,1,37,0,128,throughput,48000,0,steady,1,64,spec012-confirm-02,1,13.014239336993244,ns/engine-sample,1,151552,3.1573333333333333,4096,1972334.0,1972.334,1972334.0,1972334.0,1972334.0,1972334.0,1972.334,1972.334,1972.334,1972.334,,,,0.042,0.042,0.0,1.3229166666666667,,1.3229166666666667,0.0,1.3125,/Users/christiankauten/Documents/Projects/Rack/plugins/Fourier/.build/spec012/confirm-02-short-hop/workload-0028-repeat-01.csv,7c459e7d90aa96282e3b2ffbdba77d1acac9e3092a7809f5505e98fd2bbf82ee
3aeff8d50243a034,m1-pro-16gb-local,3479f8136f9386494c9c4478c53fb878c7918db64dda3ac55d44e0b84166d0c4,aligned,vdsp-analysis-float,64,0,0,2368,1,37,0,128,throughput,48000,0,steady,1,64,spec012-confirm-02,2,13.06125290329392,ns/engine-sample,1,151552,3.1573333333333333,4096,1979459.0,1979.459,1979459.0,1979459.0,1979459.0,1979459.0,1979.459,1979.459,1979.459,1979.459,,,,0.042,0.084,0.0,1.3229166666666667,,1.3229166666666667,0.0,1.3125,/Users/christiankauten/Documents/Projects/Rack/plugins/Fourier/.build/spec012/confirm-02-short-hop/workload-0028-repeat-02.csv,e789621b5dbecabb221e3e00708bc52ae9eefab65141b4035b95afd6edd4ddeb
3aeff8d50243a034,m1-pro-16gb-local,3479f8136f9386494c9c4478c53fb878c7918db64dda3ac55d44e0b84166d0c4,aligned,vdsp-analysis-float,64,0,0,2368,1,37,0,128,throughput,48000,0,steady,1,64,spec012-confirm-03,0,13.03128299197635,ns/engine-sample,1,151552,3.1573333333333333,4096,1974917.0,1974.917,1974917.0,1974917.0,1974917.0,1974917.0,1974.917,1974.917,1974.917,1974.917,,,,0.042,0.042,0.0,1.3229166666666667,,1.3229166666666667,0.0,1.3125,/Users/christiankauten/Documents/Projects/Rack/plugins/Fourier/.build/spec012/confirm-03-short-hop/workload-0028-repeat-00.csv,647e40d295a7c8946e635835d812c07507ec337da9ead1f6d9878c8c46f250e9
3aeff8d50243a034,m1-pro-16gb-local,3479f8136f9386494c9c4478c53fb878c7918db64dda3ac55d44e0b84166d0c4,aligned,vdsp-analysis-float,64,0,0,2368,1,37,0,128,throughput,48000,0,steady,1,64,spec012-confirm-03,1,13.530834301097974,ns/engine-sample,1,151552,3.1573333333333333,4096,2050625.0,2050.625,2050625.0,2050625.0,2050625.0,2050625.0,2050.625,2050.625,2050.625,2050.625,,,,0.042,0.042,0.0,1.3229166666666667,,1.3229166666666667,0.0,1.3125,/Users/christiankauten/Documents/Projects/Rack/plugins/Fourier/.build/spec012/confirm-03-short-hop/workload-0028-repeat-01.csv,babc06c118a5a06c9a1add2e749223855b714daf32438b7d18fc66f1b71ae8b9
3aeff8d50243a034,m1-pro-16gb-local,3479f8136f9386494c9c4478c53fb878c7918db64dda3ac55d44e0b84166d0c4,aligned,vdsp-analysis-float,64,0,0,2368,1,37,0,128,throughput,48000,0,steady,1,64,spec012-confirm-03,2,13.291365339949325,ns/engine-sample,1,151552,3.1573333333333333,4096,2014333.0,2014.333,2014333.0,2014333.0,2014333.0,2014333.0,2014.333,2014.333,2014.333,2014.333,,,,0.042,0.042,0.0,1.3229166666666667,,1.3229166666666667,0.0,1.3125,/Users/christiankauten/Documents/Projects/Rack/plugins/Fourier/.build/spec012/confirm-03-short-hop/workload-0028-repeat-02.csv,e48b1b9a6c8c1d0fe099de12992c6302e9f86e3661c5a9ec141dce93be70ca97
3aeff8d50243a034,m1-pro-16gb-local,3a09008861bd66007197b655b4dc5c92349cd17a2f56ef3ada688e3316ec9096,aligned,core-double,64,0,0,2368,1,37,0,128,callback,48000,0,steady,1,64,spec012-confirm-01,0,28.910057274070947,ns/engine-sample,2368,151552,3.1573333333333333,4096,4381377.0,4381.377,1875.0,1958.0,1959.0,6000.0,1.875,1.958,1.959,6.0,1333.3333333333333,0,0.0,0.042,0.042,0.75,1.3229166666666667,,2.072916666666667,0.75,2.0625,/Users/christiankauten/Documents/Projects/Rack/plugins/Fourier/.build/spec012/confirm-01-short-hop/workload-0066-repeat-00.csv,3321c4178c83523e9095a6f6f769ab98c290cc3a556df3f8e354b71bb5c8871f
3aeff8d50243a034,m1-pro-16gb-local,3a09008861bd66007197b655b4dc5c92349cd17a2f56ef3ada688e3316ec9096,aligned,core-double,64,0,0,2368,1,37,0,128,callback,48000,0,steady,1,64,spec012-confirm-01,1,28.426909575591218,ns/engine-sample,2368,151552,3.1573333333333333,4096,4308155.0,4308.155,1833.0,1917.0,2000.0,8458.0,1.833,1.917,2.0,8.458,1333.3333333333333,0,0.0,0.042,0.042,0.75,1.3229166666666667,,2.072916666666667,0.75,2.0625,/Users/christiankauten/Documents/Projects/Rack/plugins/Fourier/.build/spec012/confirm-01-short-hop/workload-0066-repeat-01.csv,d33b6435bdf934bdb7eaaeaa7ebca70684970d493f3738ee205147abbc9dc16a
3aeff8d50243a034,m1-pro-16gb-local,3a09008861bd66007197b655b4dc5c92349cd17a2f56ef3ada688e3316ec9096,aligned,core-double,64,0,0,2368,1,37,0,128,callback,48000,0,steady,1,64,spec012-confirm-01,2,28.33647856841216,ns/engine-sample,2368,151552,3.1573333333333333,4096,4294450.0,4294.45,1833.0,1917.0,1958.0,5667.0,1.833,1.917,1.958,5.667,1333.3333333333333,0,0.0,0.042,0.042,0.75,1.3229166666666667,,2.072916666666667,0.75,2.0625,/Users/christiankauten/Documents/Projects/Rack/plugins/Fourier/.build/spec012/confirm-01-short-hop/workload-0066-repeat-02.csv,691aea002ecf7ff5b8fa034bfe1507e8abc7ee2850754d1db49ae906142b1af3
3aeff8d50243a034,m1-pro-16gb-local,3a09008861bd66007197b655b4dc5c92349cd17a2f56ef3ada688e3316ec9096,aligned,core-double,64,0,0,2368,1,37,0,128,callback,48000,0,steady,1,64,spec012-confirm-02,0,28.3525390625,ns/engine-sample,2368,151552,3.1573333333333333,4096,4296884.0,4296.884,1833.0,1917.0,1917.0,8375.0,1.833,1.917,1.917,8.375,1333.3333333333333,0,0.0,0.042,0.042,0.75,1.3229166666666667,,2.072916666666667,0.75,2.0625,/Users/christiankauten/Documents/Projects/Rack/plugins/Fourier/.build/spec012/confirm-02-short-hop/workload-0066-repeat-00.csv,33739619be8073e8066044cfd83577430caa041e867cdebdb6adffcfd1255680
3aeff8d50243a034,m1-pro-16gb-local,3a09008861bd66007197b655b4dc5c92349cd17a2f56ef3ada688e3316ec9096,aligned,core-double,64,0,0,2368,1,37,0,128,callback,48000,0,steady,1,64,spec012-confirm-02,1,28.96559596706081,ns/engine-sample,2368,151552,3.1573333333333333,4096,4389794.0,4389.794,1875.0,1958.0,1959.0,10875.0,1.875,1.958,1.959,10.875,1333.3333333333333,0,0.0,0.042,0.042,0.75,1.3229166666666667,,2.072916666666667,0.75,2.0625,/Users/christiankauten/Documents/Projects/Rack/plugins/Fourier/.build/spec012/confirm-02-short-hop/workload-0066-repeat-01.csv,54489629f436c623c021aca725cd1a5e2485131c34ae464da29000dfea886a66
3aeff8d50243a034,m1-pro-16gb-local,3a09008861bd66007197b655b4dc5c92349cd17a2f56ef3ada688e3316ec9096,aligned,core-double,64,0,0,2368,1,37,0,128,callback,48000,0,steady,1,64,spec012-confirm-02,2,28.12717087204392,ns/engine-sample,2368,151552,3.1573333333333333,4096,4262729.0,4262.729,1833.0,1875.0,1917.0,6125.0,1.833,1.875,1.917,6.125,1333.3333333333333,0,0.0,0.042,0.042,0.75,1.3229166666666667,,2.072916666666667,0.75,2.0625,/Users/christiankauten/Documents/Projects/Rack/plugins/Fourier/.build/spec012/confirm-02-short-hop/workload-0066-repeat-02.csv,e42743f917f563d0e0866fa3e7c11e1f045df19ee12523517a5da7e5bdc87233
3aeff8d50243a034,m1-pro-16gb-local,3a09008861bd66007197b655b4dc5c92349cd17a2f56ef3ada688e3316ec9096,aligned,core-double,64,0,0,2368,1,37,0,128,callback,48000,0,steady,1,64,spec012-confirm-03,0,28.622169288429053,ns/engine-sample,2368,151552,3.1573333333333333,4096,4337747.0,4337.747,1833.0,1917.0,2041.0,8416.0,1.833,1.917,2.041,8.416,1333.3333333333333,0,0.0,0.042,0.042,0.75,1.3229166666666667,,2.072916666666667,0.75,2.0625,/Users/christiankauten/Documents/Projects/Rack/plugins/Fourier/.build/spec012/confirm-03-short-hop/workload-0066-repeat-00.csv,acea57f35e7cd67ffa5ed03f2c5bd5a46650fa395153dbd392289a5e7d9e3cd8
3aeff8d50243a034,m1-pro-16gb-local,3a09008861bd66007197b655b4dc5c92349cd17a2f56ef3ada688e3316ec9096,aligned,core-double,64,0,0,2368,1,37,0,128,callback,48000,0,steady,1,64,spec012-confirm-03,1,28.31618190456081,ns/engine-sample,2368,151552,3.1573333333333333,4096,4291374.0,4291.374,1833.0,1917.0,1959.0,5958.0,1.833,1.917,1.959,5.958,1333.3333333333333,0,0.0,0.042,5.0,0.75,1.3229166666666667,,2.072916666666667,0.75,2.0625,/Users/christiankauten/Documents/Projects/Rack/plugins/Fourier/.build/spec012/confirm-03-short-hop/workload-0066-repeat-01.csv,4514caceb910bffedf36c1303defea86d9ff96a740f7994599f28dd9cddf42ea
3aeff8d50243a034,m1-pro-16gb-local,3a09008861bd66007197b655b4dc5c92349cd17a2f56ef3ada688e3316ec9096,aligned,core-double,64,0,0,2368,1,37,0,128,callback,48000,0,steady,1,64,spec012-confirm-03,2,28.54225612331081,ns/engine-sample,2368,151552,3.1573333333333333,4096,4325636.0,4325.636,1833.0,1917.0,1958.0,9791.0,1.833,1.917,1.958,9.791,1333.3333333333333,0,0.0,0.042,0.042,0.75,1.3229166666666667,,2.072916666666667,0.75,2.0625,/Users/christiankauten/Documents/Projects/Rack/plugins/Fourier/.build/spec012/confirm-03-short-hop/workload-0066-repeat-02.csv,72d16d2f765263a85b45f6bb272fa92ab78a256b63512f4cb4c7fd1278bd2ea0
3aeff8d50243a034,m1-pro-16gb-local,3b58fe02cbcb06e2dfc312263c697746374216833e99793e4b2ea574ad1592ff,aligned,vdsp-ols-identity-double,64,0,0,2368,1,37,0,128,callback,48000,0,steady,1,64,spec012-confirm-01,0,22.19579418285473,ns/engine-sample,2368,151552,3.1573333333333333,4096,3363817.0,3363.817,1583.0,1625.0,1625.0,7959.0,1.583,1.625,1.625,7.959,1333.3333333333333,0,0.0,0.042,0.042,0.0,0.375,0.75,,0.0,1.3125,/Users/christiankauten/Documents/Projects/Rack/plugins/Fourier/.build/spec012/confirm-01-short-hop/workload-0078-repeat-00.csv,bb4db878487a0cdcf36b0416e7f676a7f7c0b7cf524a28afcc50979391699998
3aeff8d50243a034,m1-pro-16gb-local,3b58fe02cbcb06e2dfc312263c697746374216833e99793e4b2ea574ad1592ff,aligned,vdsp-ols-identity-double,64,0,0,2368,1,37,0,128,callback,48000,0,steady,1,64,spec012-confirm-01,1,22.192508182010137,ns/engine-sample,2368,151552,3.1573333333333333,4096,3363319.0,3363.319,1583.0,1625.0,1625.0,7166.0,1.583,1.625,1.625,7.166,1333.3333333333333,0,0.0,0.042,0.042,0.0,0.375,0.75,,0.0,1.3125,/Users/christiankauten/Documents/Projects/Rack/plugins/Fourier/.build/spec012/confirm-01-short-hop/workload-0078-repeat-01.csv,f9100b9ed4272e5d603254a93a9649d95ccc49a80f540e2097cad8ecf278b7cd
3aeff8d50243a034,m1-pro-16gb-local,3b58fe02cbcb06e2dfc312263c697746374216833e99793e4b2ea574ad1592ff,aligned,vdsp-ols-identity-double,64,0,0,2368,1,37,0,128,callback,48000,0,steady,1,64,spec012-confirm-01,2,22.210092905405407,ns/engine-sample,2368,151552,3.1573333333333333,4096,3365984.0,3365.984,1583.0,1625.0,1625.0,7583.0,1.583,1.625,1.625,7.583,1333.3333333333333,0,0.0,0.042,0.042,0.0,0.375,0.75,,0.0,1.3125,/Users/christiankauten/Documents/Projects/Rack/plugins/Fourier/.build/spec012/confirm-01-short-hop/workload-0078-repeat-02.csv,3ea66977a050519740a2bb0a76f0056d834f950123ca7e95a846a41239f616f3
3aeff8d50243a034,m1-pro-16gb-local,3b58fe02cbcb06e2dfc312263c697746374216833e99793e4b2ea574ad1592ff,aligned,vdsp-ols-identity-double,64,0,0,2368,1,37,0,128,callback,48000,0,steady,1,64,spec012-confirm-02,0,22.20659575591216,ns/engine-sample,2368,151552,3.1573333333333333,4096,3365454.0,3365.454,1583.0,1625.0,1625.0,11625.0,1.583,1.625,1.625,11.625,1333.3333333333333,0,0.0,0.042,0.042,0.0,0.375,0.75,,0.0,1.3125,/Users/christiankauten/Documents/Projects/Rack/plugins/Fourier/.build/spec012/confirm-02-short-hop/workload-0078-repeat-00.csv,93e94acef0244633da5f7bb618c038380410c7d45b2d659a720a67ff162f90c1
3aeff8d50243a034,m1-pro-16gb-local,3b58fe02cbcb06e2dfc312263c697746374216833e99793e4b2ea574ad1592ff,aligned,vdsp-ols-identity-double,64,0,0,2368,1,37,0,128,callback,48000,0,steady,1,64,spec012-confirm-02,1,22.150555584881758,ns/engine-sample,2368,151552,3.1573333333333333,4096,3356961.0,3356.961,1583.0,1584.0,1625.0,8875.0,1.583,1.584,1.625,8.875,1333.3333333333333,0,0.0,0.042,0.042,0.0,0.375,0.75,,0.0,1.3125,/Users/christiankauten/Documents/Projects/Rack/plugins/Fourier/.build/spec012/confirm-02-short-hop/workload-0078-repeat-01.csv,d9b6c3b37ecb75beb343ff424b48cb8db88e89f142f30f2044298bae9abb78f4
3aeff8d50243a034,m1-pro-16gb-local,3b58fe02cbcb06e2dfc312263c697746374216833e99793e4b2ea574ad1592ff,aligned,vdsp-ols-identity-double,64,0,0,2368,1,37,0,128,callback,48000,0,steady,1,64,spec012-confirm-02,2,22.196157094594593,ns/engine-sample,2368,151552,3.1573333333333333,4096,3363872.0,3363.872,1583.0,1625.0,1625.0,4833.0,1.583,1.625,1.625,4.833,1333.3333333333333,0,0.0,0.042,0.042,0.0,0.375,0.75,,0.0,1.3125,/Users/christiankauten/Documents/Projects/Rack/plugins/Fourier/.build/spec012/confirm-02-short-hop/workload-0078-repeat-02.csv,038132214cbfba1262cd9a86d659f4f842d2ece84586f3f5857dd438244a5fbd
3aeff8d50243a034,m1-pro-16gb-local,3b58fe02cbcb06e2dfc312263c697746374216833e99793e4b2ea574ad1592ff,aligned,vdsp-ols-identity-double,64,0,0,2368,1,37,0,128,callback,48000,0,steady,1,64,spec012-confirm-03,0,22.59566353462838,ns/engine-sample,2368,151552,3.1573333333333333,4096,3424418.0,3424.418,1583.0,1625.0,1708.0,23375.0,1.583,1.625,1.708,23.375,1333.3333333333333,0,0.0,0.042,0.042,0.0,0.375,0.75,,0.0,1.3125,/Users/christiankauten/Documents/Projects/Rack/plugins/Fourier/.build/spec012/confirm-03-short-hop/workload-0078-repeat-00.csv,0b23f3779a4a04344960a400673c7d0acb64fd559f783b5bb92bda757aa762f7
3aeff8d50243a034,m1-pro-16gb-local,3b58fe02cbcb06e2dfc312263c697746374216833e99793e4b2ea574ad1592ff,aligned,vdsp-ols-identity-double,64,0,0,2368,1,37,0,128,callback,48000,0,steady,1,64,spec012-confirm-03,1,22.56761375633446,ns/engine-sample,2368,151552,3.1573333333333333,4096,3420167.0,3420.167,1584.0,1625.0,1708.0,8750.0,1.584,1.625,1.708,8.75,1333.3333333333333,0,0.0,0.042,0.042,0.0,0.375,0.75,,0.0,1.3125,/Users/christiankauten/Documents/Projects/Rack/plugins/Fourier/.build/spec012/confirm-03-short-hop/workload-0078-repeat-01.csv,a54d005f3d0609ea789335c8bf720d6bd888f03946aff6f8a025da1c02927c41
3aeff8d50243a034,m1-pro-16gb-local,3b58fe02cbcb06e2dfc312263c697746374216833e99793e4b2ea574ad1592ff,aligned,vdsp-ols-identity-double,64,0,0,2368,1,37,0,128,callback,48000,0,steady,1,64,spec012-confirm-03,2,22.555314347550677,ns/engine-sample,2368,151552,3.1573333333333333,4096,3418303.0,3418.303,1584.0,1625.0,1667.0,6000.0,1.584,1.625,1.667,6.0,1333.3333333333333,0,0.0,0.042,0.084,0.0,0.375,0.75,,0.0,1.3125,/Users/christiankauten/Documents/Projects/Rack/plugins/Fourier/.build/spec012/confirm-03-short-hop/workload-0078-repeat-02.csv,d8fa05a3507f84315452a9848a4797f08b98aa1dc606d467070a2d2622675ead
3aeff8d50243a034,m1-pro-16gb-local,3c7e1fd5272f8867d74a34e6249d7aae4e2cc0b0b80a6bfe057f56c5464b9f2b,aligned,legacy-incremental-double,64,0,0,2368,1,37,0,128,throughput,48000,1,steady,1,64,spec012-confirm-01,0,39.44603172508446,ns/engine-sample,1,151552,3.1573333333333333,4096,5978125.0,5978.125,5978125.0,5978125.0,5978125.0,5978125.0,5978.125,5978.125,5978.125,5978.125,,,,0.042,0.042,0.6458333333333334,1.3229166666666667,,1.96875,0.6458333333333334,1.9583333333333333,/Users/christiankauten/Documents/Projects/Rack/plugins/Fourier/.build/spec012/confirm-01-short-hop/workload-0107-repeat-00.csv,628fb9684178c07d612de1b08e92ed15b37b5c423d03d364f53043d2a75de6e1
3aeff8d50243a034,m1-pro-16gb-local,3c7e1fd5272f8867d74a34e6249d7aae4e2cc0b0b80a6bfe057f56c5464b9f2b,aligned,legacy-incremental-double,64,0,0,2368,1,37,0,128,throughput,48000,1,steady,1,64,spec012-confirm-01,1,39.280794710726354,ns/engine-sample,1,151552,3.1573333333333333,4096,5953083.0,5953.083,5953083.0,5953083.0,5953083.0,5953083.0,5953.083,5953.083,5953.083,5953.083,,,,0.042,0.042,0.6458333333333334,1.3229166666666667,,1.96875,0.6458333333333334,1.9583333333333333,/Users/christiankauten/Documents/Projects/Rack/plugins/Fourier/.build/spec012/confirm-01-short-hop/workload-0107-repeat-01.csv,55a7a2e2b27cd687ed5fd60da444d93e80889732b76fc3f31ef6b040a10a8613
3aeff8d50243a034,m1-pro-16gb-local,3c7e1fd5272f8867d74a34e6249d7aae4e2cc0b0b80a6bfe057f56c5464b9f2b,aligned,legacy-incremental-double,64,0,0,2368,1,37,0,128,throughput,48000,1,steady,1,64,spec012-confirm-01,2,39.034456820101354,ns/engine-sample,1,151552,3.1573333333333333,4096,5915750.0,5915.75,5915750.0,5915750.0,5915750.0,5915750.0,5915.75,5915.75,5915.75,5915.75,,,,0.042,0.042,0.6458333333333334,1.3229166666666667,,1.96875,0.6458333333333334,1.9583333333333333,/Users/christiankauten/Documents/Projects/Rack/plugins/Fourier/.build/spec012/confirm-01-short-hop/workload-0107-repeat-02.csv,31cc4660bb1d832c1045acc60c30b5dbacc8254c5dc13a93b9a67d0d8ebfec63
3aeff8d50243a034,m1-pro-16gb-local,3c7e1fd5272f8867d74a34e6249d7aae4e2cc0b0b80a6bfe057f56c5464b9f2b,aligned,legacy-incremental-double,64,0,0,2368,1,37,0,128,throughput,48000,1,steady,1,64,spec012-confirm-02,0,39.414135082347975,ns/engine-sample,1,151552,3.1573333333333333,4096,5973291.0,5973.291,5973291.0,5973291.0,5973291.0,5973291.0,5973.291,5973.291,5973.291,5973.291,,,,0.042,0.084,0.6458333333333334,1.3229166666666667,,1.96875,0.6458333333333334,1.9583333333333333,/Users/christiankauten/Documents/Projects/Rack/plugins/Fourier/.build/spec012/confirm-02-short-hop/workload-0107-repeat-00.csv,a71a58de12979696a732d26ab7e8c10e22b0e9f7b8e5eac4f404f8180ddbdf8b
3aeff8d50243a034,m1-pro-16gb-local,3c7e1fd5272f8867d74a34e6249d7aae4e2cc0b0b80a6bfe057f56c5464b9f2b,aligned,legacy-incremental-double,64,0,0,2368,1,37,0,128,throughput,48000,1,steady,1,64,spec012-confirm-02,1,39.29756783150338,ns/engine-sample,1,151552,3.1573333333333333,4096,5955625.0,5955.625,5955625.0,5955625.0,5955625.0,5955625.0,5955.625,5955.625,5955.625,5955.625,,,,0.042,0.042,0.6458333333333334,1.3229166666666667,,1.96875,0.6458333333333334,1.9583333333333333,/Users/christiankauten/Documents/Projects/Rack/plugins/Fourier/.build/spec012/confirm-02-short-hop/workload-0107-repeat-01.csv,a4a1bb956956e15d11668e84f9dc352ed0783f53d311f1cb6378ba1aae2a138f
3aeff8d50243a034,m1-pro-16gb-local,3c7e1fd5272f8867d74a34e6249d7aae4e2cc0b0b80a6bfe057f56c5464b9f2b,aligned,legacy-incremental-double,64,0,0,2368,1,37,0,128,throughput,48000,1,steady,1,64,spec012-confirm-02,2,39.0674487964527,ns/engine-sample,1,151552,3.1573333333333333,4096,5920750.0,5920.75,5920750.0,5920750.0,5920750.0,5920750.0,5920.75,5920.75,5920.75,5920.75,,,,0.042,0.042,0.6458333333333334,1.3229166666666667,,1.96875,0.6458333333333334,1.9583333333333333,/Users/christiankauten/Documents/Projects/Rack/plugins/Fourier/.build/spec012/confirm-02-short-hop/workload-0107-repeat-02.csv,c36bfd3c3d70b157a3e41629e450319d85c622d9bd583e8d7dc2f076349cbabb
3aeff8d50243a034,m1-pro-16gb-local,3c7e1fd5272f8867d74a34e6249d7aae4e2cc0b0b80a6bfe057f56c5464b9f2b,aligned,legacy-incremental-double,64,0,0,2368,1,37,0,128,throughput,48000,1,steady,1,64,spec012-confirm-03,0,39.30966269003378,ns/engine-sample,1,151552,3.1573333333333333,4096,5957458.0,5957.458,5957458.0,5957458.0,5957458.0,5957458.0,5957.458,5957.458,5957.458,5957.458,,,,0.042,0.042,0.6458333333333334,1.3229166666666667,,1.96875,0.6458333333333334,1.9583333333333333,/Users/christiankauten/Documents/Projects/Rack/plugins/Fourier/.build/spec012/confirm-03-short-hop/workload-0107-repeat-00.csv,2d0fb8d95bbb819aff0fc9759f53eb2a2524bf537e6a0b4641e6fb303abb860c
3aeff8d50243a034,m1-pro-16gb-local,3c7e1fd5272f8867d74a34e6249d7aae4e2cc0b0b80a6bfe057f56c5464b9f2b,aligned,legacy-incremental-double,64,0,0,2368,1,37,0,128,throughput,48000,1,steady,1,64,spec012-confirm-03,1,39.801520270270274,ns/engine-sample,1,151552,3.1573333333333333,4096,6032000.0,6032.0,6032000.0,6032000.0,6032000.0,6032000.0,6032.0,6032.0,6032.0,6032.0,,,,0.042,0.042,0.6458333333333334,1.3229166666666667,,1.96875,0.6458333333333334,1.9583333333333333,/Users/christiankauten/Documents/Projects/Rack/plugins/Fourier/.build/spec012/confirm-03-short-hop/workload-0107-repeat-01.csv,448af6f340a674acf2a7fe779fffcb504c5ea96003737f381f15c4b6496481af
3aeff8d50243a034,m1-pro-16gb-local,3c7e1fd5272f8867d74a34e6249d7aae4e2cc0b0b80a6bfe057f56c5464b9f2b,aligned,legacy-incremental-double,64,0,0,2368,1,37,0,128,throughput,48000,1,steady,1,64,spec012-confirm-03,2,39.0696460620777,ns/engine-sample,1,151552,3.1573333333333333,4096,5921083.0,5921.083,5921083.0,5921083.0,5921083.0,5921083.0,5921.083,5921.083,5921.083,5921.083,,,,0.042,0.042,0.6458333333333334,1.3229166666666667,,1.96875,0.6458333333333334,1.9583333333333333,/Users/christiankauten/Documents/Projects/Rack/plugins/Fourier/.build/spec012/confirm-03-short-hop/workload-0107-repeat-02.csv,947b5ea380655928c78af1f83e5d3b54fe58a945476975a6639eefce0c18ec6b
3aeff8d50243a034,m1-pro-16gb-local,3de04a4d9c0a29c781906c3b81d36fbbf9cd6661d7c7d7392a1e4830fb799103,aligned,vdsp-analysis-double,64,0,0,2368,1,37,0,128,throughput,48000,1,steady,1,64,spec012-confirm-01,0,16.545746674408782,ns/engine-sample,1,151552,3.1573333333333333,4096,2507541.0,2507.541,2507541.0,2507541.0,2507541.0,2507541.0,2507.541,2507.541,2507.541,2507.541,,,,0.042,0.042,0.0,1.3229166666666667,,1.3229166666666667,0.0,1.3125,/Users/christiankauten/Documents/Projects/Rack/plugins/Fourier/.build/spec012/confirm-01-short-hop/workload-0109-repeat-00.csv,b5c4e9b745fbfe980c0abacc99410347b91559539993f09c4e4fbb0a9b0581cc
3aeff8d50243a034,m1-pro-16gb-local,3de04a4d9c0a29c781906c3b81d36fbbf9cd6661d7c7d7392a1e4830fb799103,aligned,vdsp-analysis-double,64,0,0,2368,1,37,0,128,throughput,48000,1,steady,1,64,spec012-confirm-01,1,16.711537953969593,ns/engine-sample,1,151552,3.1573333333333333,4096,2532667.0,2532.667,2532667.0,2532667.0,2532667.0,2532667.0,2532.667,2532.667,2532.667,2532.667,,,,0.042,0.042,0.0,1.3229166666666667,,1.3229166666666667,0.0,1.3125,/Users/christiankauten/Documents/Projects/Rack/plugins/Fourier/.build/spec012/confirm-01-short-hop/workload-0109-repeat-01.csv,09ace905f3ca0754fa5a25933d1d389712b168e8c387e7ad262e23cb2219b0bb
3aeff8d50243a034,m1-pro-16gb-local,3de04a4d9c0a29c781906c3b81d36fbbf9cd6661d7c7d7392a1e4830fb799103,aligned,vdsp-analysis-double,64,0,0,2368,1,37,0,128,throughput,48000,1,steady,1,64,spec012-confirm-01,2,16.608985694679053,ns/engine-sample,1,151552,3.1573333333333333,4096,2517125.0,2517.125,2517125.0,2517125.0,2517125.0,2517125.0,2517.125,2517.125,2517.125,2517.125,,,,0.042,0.083,0.0,1.3229166666666667,,1.3229166666666667,0.0,1.3125,/Users/christiankauten/Documents/Projects/Rack/plugins/Fourier/.build/spec012/confirm-01-short-hop/workload-0109-repeat-02.csv,77e94ef771eb2034f08ec790374c18ad279feca572b6371c38a940144a274bfe
3aeff8d50243a034,m1-pro-16gb-local,3de04a4d9c0a29c781906c3b81d36fbbf9cd6661d7c7d7392a1e4830fb799103,aligned,vdsp-analysis-double,64,0,0,2368,1,37,0,128,throughput,48000,1,steady,1,64,spec012-confirm-02,0,17.591869457347972,ns/engine-sample,1,151552,3.1573333333333333,4096,2666083.0,2666.083,2666083.0,2666083.0,2666083.0,2666083.0,2666.083,2666.083,2666.083,2666.083,,,,0.042,0.042,0.0,1.3229166666666667,,1.3229166666666667,0.0,1.3125,/Users/christiankauten/Documents/Projects/Rack/plugins/Fourier/.build/spec012/confirm-02-short-hop/workload-0109-repeat-00.csv,59dbf491ec2cb240e4073c74f3efb75a460a77629268ef21e38d08d6173a733f
3aeff8d50243a034,m1-pro-16gb-local,3de04a4d9c0a29c781906c3b81d36fbbf9cd6661d7c7d7392a1e4830fb799103,aligned,vdsp-analysis-double,64,0,0,2368,1,37,0,128,throughput,48000,1,steady,1,64,spec012-confirm-02,1,16.60843802787162,ns/engine-sample,1,151552,3.1573333333333333,4096,2517042.0,2517.042,2517042.0,2517042.0,2517042.0,2517042.0,2517.042,2517.042,2517.042,2517.042,,,,0.042,0.042,0.0,1.3229166666666667,,1.3229166666666667,0.0,1.3125,/Users/christiankauten/Documents/Projects/Rack/plugins/Fourier/.build/spec012/confirm-02-short-hop/workload-0109-repeat-01.csv,7fe941c56b3e330de3a1c9e7d77b4cff3c2316186559cb89421418623d0a9792
3aeff8d50243a034,m1-pro-16gb-local,3de04a4d9c0a29c781906c3b81d36fbbf9cd6661d7c7d7392a1e4830fb799103,aligned,vdsp-analysis-double,64,0,0,2368,1,37,0,128,throughput,48000,1,steady,1,64,spec012-confirm-02,2,16.598540434966218,ns/engine-sample,1,151552,3.1573333333333333,4096,2515542.0,2515.542,2515542.0,2515542.0,2515542.0,2515542.0,2515.542,2515.542,2515.542,2515.542,,,,0.042,0.042,0.0,1.3229166666666667,,1.3229166666666667,0.0,1.3125,/Users/christiankauten/Documents/Projects/Rack/plugins/Fourier/.build/spec012/confirm-02-short-hop/workload-0109-repeat-02.csv,b69ef2f23bddc729e1fea8870f7bc42c29a310c5b282e97a74e73ebe053770b0
3aeff8d50243a034,m1-pro-16gb-local,3de04a4d9c0a29c781906c3b81d36fbbf9cd6661d7c7d7392a1e4830fb799103,aligned,vdsp-analysis-double,64,0,0,2368,1,37,0,128,throughput,48000,1,steady,1,64,spec012-confirm-03,0,17.11651446368243,ns/engine-sample,1,151552,3.1573333333333333,4096,2594042.0,2594.042,2594042.0,2594042.0,2594042.0,2594042.0,2594.042,2594.042,2594.042,2594.042,,,,0.042,0.083,0.0,1.3229166666666667,,1.3229166666666667,0.0,1.3125,/Users/christiankauten/Documents/Projects/Rack/plugins/Fourier/.build/spec012/confirm-03-short-hop/workload-0109-repeat-00.csv,daf60d90fab7a332e8095cb620a4df9e24dc0e66664d2965bf2a6dbdef3f2fc9
3aeff8d50243a034,m1-pro-16gb-local,3de04a4d9c0a29c781906c3b81d36fbbf9cd6661d7c7d7392a1e4830fb799103,aligned,vdsp-analysis-double,64,0,0,2368,1,37,0,128,throughput,48000,1,steady,1,64,spec012-confirm-03,1,16.585066511824323,ns/engine-sample,1,151552,3.1573333333333333,4096,2513500.0,2513.5,2513500.0,2513500.0,2513500.0,2513500.0,2513.5,2513.5,2513.5,2513.5,,,,0.042,0.042,0.0,1.3229166666666667,,1.3229166666666667,0.0,1.3125,/Users/christiankauten/Documents/Projects/Rack/plugins/Fourier/.build/spec012/confirm-03-short-hop/workload-0109-repeat-01.csv,274e94956a4d636be8cfa32155aa8ed71b63babbec827e80a0df0ab069c03c39
3aeff8d50243a034,m1-pro-16gb-local,3de04a4d9c0a29c781906c3b81d36fbbf9cd6661d7c7d7392a1e4830fb799103,aligned,vdsp-analysis-double,64,0,0,2368,1,37,0,128,throughput,48000,1,steady,1,64,spec012-confirm-03,2,16.596336570945947,ns/engine-sample,1,151552,3.1573333333333333,4096,2515208.0,2515.208,2515208.0,2515208.0,2515208.0,2515208.0,2515.208,2515.208,2515.208,2515.208,,,,0.042,0.083,0.0,1.3229166666666667,,1.3229166666666667,0.0,1.3125,/Users/christiankauten/Documents/Projects/Rack/plugins/Fourier/.build/spec012/confirm-03-short-hop/workload-0109-repeat-02.csv,ed6bda132280e1a30ca1c2b23eb845371bc2b5c91a04599f6deedd50f2d88569
3aeff8d50243a034,m1-pro-16gb-local,3e8338b7e5c48123797e93924f2092f73ec226347476d34098e9ed43525ec113,aligned,ols-fir-incremental-double,64,0,0,2368,1,37,0,128,callback,48000,0,steady,1,64,spec012-confirm-01,0,90.26883182010135,ns/engine-sample,2368,151552,3.1573333333333333,4096,13680422.0,13680.422,5750.0,5958.0,6041.0,14084.0,5.75,5.958,6.041,14.084,1333.3333333333333,0,0.0,0.042,0.042,0.75,0.375,1.5,,0.75,2.0625,/Users/christiankauten/Documents/Projects/Rack/plugins/Fourier/.build/spec012/confirm-01-short-hop/workload-0080-repeat-00.csv,1a574730cedcbba9d21bfa1839fd33d31e56a79d3990085e6ba385ac63b127c1
3aeff8d50243a034,m1-pro-16gb-local,3e8338b7e5c48123797e93924f2092f73ec226347476d34098e9ed43525ec113,aligned,ols-fir-incremental-double,64,0,0,2368,1,37,0,128,callback,48000,0,steady,1,64,spec012-confirm-01,1,90.58809517525337,ns/engine-sample,2368,151552,3.1573333333333333,4096,13728807.0,13728.807,5791.0,6000.0,6042.0,11458.0,5.791,6.0,6.042,11.458,1333.3333333333333,0,0.0,0.042,0.042,0.75,0.375,1.5,,0.75,2.0625,/Users/christiankauten/Documents/Projects/Rack/plugins/Fourier/.build/spec012/confirm-01-short-hop/workload-0080-repeat-01.csv,412a5ad90ad545c7b80f65c48b476adf461f4301687578690220b465d194bd6a
3aeff8d50243a034,m1-pro-16gb-local,3e8338b7e5c48123797e93924f2092f73ec226347476d34098e9ed43525ec113,aligned,ols-fir-incremental-double,64,0,0,2368,1,37,0,128,callback,48000,0,steady,1,64,spec012-confirm-01,2,90.12532991976352,ns/engine-sample,2368,151552,3.1573333333333333,4096,13658674.0,13658.674,5750.0,5958.0,6000.0,14250.0,5.75,5.958,6.0,14.25,1333.3333333333333,0,0.0,0.042,0.042,0.75,0.375,1.5,,0.75,2.0625,/Users/christiankauten/Documents/Projects/Rack/plugins/Fourier/.build/spec012/confirm-01-short-hop/workload-0080-repeat-02.csv,fe1ed79c9e611e4bfa19298f6e22c8fc1358d035eefe50fb6a2490a752d52a7b
3aeff8d50243a034,m1-pro-16gb-local,3e8338b7e5c48123797e93924f2092f73ec226347476d34098e9ed43525ec113,aligned,ols-fir-incremental-double,64,0,0,2368,1,37,0,128,callback,48000,0,steady,1,64,spec012-confirm-02,0,91.54583905194256,ns/engine-sample,2368,151552,3.1573333333333333,4096,13873955.0,13873.955,5833.0,6042.0,6084.0,32166.0,5.833,6.042,6.084,32.166,1333.3333333333333,0,0.0,0.042,0.042,0.75,0.375,1.5,,0.75,2.0625,/Users/christiankauten/Documents/Projects/Rack/plugins/Fourier/.build/spec012/confirm-02-short-hop/workload-0080-repeat-00.csv,edc55ee4baf85496ac19f04b55f3fb5016cb0dc42712c580ec9f21e202bfd04f
3aeff8d50243a034,m1-pro-16gb-local,3e8338b7e5c48123797e93924f2092f73ec226347476d34098e9ed43525ec113,aligned,ols-fir-incremental-double,64,0,0,2368,1,37,0,128,callback,48000,0,steady,1,64,spec012-confirm-02,1,90.42122175886824,ns/engine-sample,2368,151552,3.1573333333333333,4096,13703517.0,13703.517,5750.0,5958.0,6042.0,24792.0,5.75,5.958,6.042,24.792,1333.3333333333333,0,0.0,0.042,0.083,0.75,0.375,1.5,,0.75,2.0625,/Users/christiankauten/Documents/Projects/Rack/plugins/Fourier/.build/spec012/confirm-02-short-hop/workload-0080-repeat-01.csv,3e15c260a91641abbe76e30c51e7231d0858603392d2c013b5fc7f4566958775
3aeff8d50243a034,m1-pro-16gb-local,3e8338b7e5c48123797e93924f2092f73ec226347476d34098e9ed43525ec113,aligned,ols-fir-incremental-double,64,0,0,2368,1,37,0,128,callback,48000,0,steady,1,64,spec012-confirm-02,2,90.20517050253379,ns/engine-sample,2368,151552,3.1573333333333333,4096,13670774.0,13670.774,5750.0,5958.0,6000.0,33333.0,5.75,5.958,6.0,33.333,1333.3333333333333,0,0.0,0.042,0.084,0.75,0.375,1.5,,0.75,2.0625,/Users/christiankauten/Documents/Projects/Rack/plugins/Fourier/.build/spec012/confirm-02-short-hop/workload-0080-repeat-02.csv,2a19ec658c708c6f02c297caf484bc0f54595d66b4e9c4f5b8c8258876bf9486
3aeff8d50243a034,m1-pro-16gb-local,3e8338b7e5c48123797e93924f2092f73ec226347476d34098e9ed43525ec113,aligned,ols-fir-incremental-double,64,0,0,2368,1,37,0,128,callback,48000,0,steady,1,64,spec012-confirm-03,0,91.71223078547297,ns/engine-sample,2368,151552,3.1573333333333333,4096,13899172.0,13899.172,5833.0,6084.0,6375.0,19042.0,5.833,6.084,6.375,19.042,1333.3333333333333,0,0.0,0.042,0.042,0.75,0.375,1.5,,0.75,2.0625,/Users/christiankauten/Documents/Projects/Rack/plugins/Fourier/.build/spec012/confirm-03-short-hop/workload-0080-repeat-00.csv,d78902e3ee02f7129805eb05c9eb571ddedb4e51be9f26f9af43ae88acff72e4
3aeff8d50243a034,m1-pro-16gb-local,3e8338b7e5c48123797e93924f2092f73ec226347476d34098e9ed43525ec113,aligned,ols-fir-incremental-double,64,0,0,2368,1,37,0,128,callback,48000,0,steady,1,64,spec012-confirm-03,1,90.99489944045608,ns/engine-sample,2368,151552,3.1573333333333333,4096,13790459.0,13790.459,5833.0,6042.0,6125.0,8417.0,5.833,6.042,6.125,8.417,1333.3333333333333,0,0.0,0.042,0.042,0.75,0.375,1.5,,0.75,2.0625,/Users/christiankauten/Documents/Projects/Rack/plugins/Fourier/.build/spec012/confirm-03-short-hop/workload-0080-repeat-01.csv,9e216cdb7cf6595ad7fb0a88bf14358773ebc7c2ea516a71da61b149298a4a66
3aeff8d50243a034,m1-pro-16gb-local,3e8338b7e5c48123797e93924f2092f73ec226347476d34098e9ed43525ec113,aligned,ols-fir-incremental-double,64,0,0,2368,1,37,0,128,callback,48000,0,steady,1,64,spec012-confirm-03,2,92.49635108741555,ns/engine-sample,2368,151552,3.1573333333333333,4096,14018007.0,14018.007,5916.0,6125.0,6208.0,12333.0,5.916,6.125,6.208,12.333,1333.3333333333333,0,0.0,0.042,0.042,0.75,0.375,1.5,,0.75,2.0625,/Users/christiankauten/Documents/Projects/Rack/plugins/Fourier/.build/spec012/confirm-03-short-hop/workload-0080-repeat-02.csv,8f4ca2803ecb2c0312edae27feb4639d54f204cabbe474f7ade979594b1ff357
3aeff8d50243a034,m1-pro-16gb-local,4015f61603625ef33fd23149274ff2845b75f927059e8a95d825f44aa48ea65a,aligned,vdsp-ols-fir-double,64,0,0,2368,1,37,0,128,throughput,48000,0,steady,1,64,spec012-confirm-01,0,22.13596653293919,ns/engine-sample,1,151552,3.1573333333333333,4096,3354750.0,3354.75,3354750.0,3354750.0,3354750.0,3354750.0,3354.75,3354.75,3354.75,3354.75,,,,0.042,0.042,0.0,0.375,0.75,,0.0,1.3125,/Users/christiankauten/Documents/Projects/Rack/plugins/Fourier/.build/spec012/confirm-01-short-hop/workload-0104-repeat-00.csv,39743cd920e64390121d0904fa247157348ee45454fa6859ba79b3012c2c39c6
3aeff8d50243a034,m1-pro-16gb-local,4015f61603625ef33fd23149274ff2845b75f927059e8a95d825f44aa48ea65a,aligned,vdsp-ols-fir-double,64,0,0,2368,1,37,0,128,throughput,48000,0,steady,1,64,spec012-confirm-01,1,22.072186444256758,ns/engine-sample,1,151552,3.1573333333333333,4096,3345084.0,3345.084,3345084.0,3345084.0,3345084.0,3345084.0,3345.084,3345.084,3345.084,3345.084,,,,0.042,0.042,0.0,0.375,0.75,,0.0,1.3125,/Users/christiankauten/Documents/Projects/Rack/plugins/Fourier/.build/spec012/confirm-01-short-hop/workload-0104-repeat-01.csv,eac736956c8c8adb660e1907b9360626796a3ae75218fe8e4c7aa6460b8292be
3aeff8d50243a034,m1-pro-16gb-local,4015f61603625ef33fd23149274ff2845b75f927059e8a95d825f44aa48ea65a,aligned,vdsp-ols-fir-double,64,0,0,2368,1,37,0,128,throughput,48000,0,steady,1,64,spec012-confirm-01,2,22.10600322001689,ns/engine-sample,1,151552,3.1573333333333333,4096,3350209.0,3350.209,3350209.0,3350209.0,3350209.0,3350209.0,3350.209,3350.209,3350.209,3350.209,,,,0.042,0.042,0.0,0.375,0.75,,0.0,1.3125,/Users/christiankauten/Documents/Projects/Rack/plugins/Fourier/.build/spec012/confirm-01-short-hop/workload-0104-repeat-02.csv,0ed192398cf7bd913c7dbf7521f9c553006b578600e4d302a3ec099f3d730054
3aeff8d50243a034,m1-pro-16gb-local,4015f61603625ef33fd23149274ff2845b75f927059e8a95d825f44aa48ea65a,aligned,vdsp-ols-fir-double,64,0,0,2368,1,37,0,128,throughput,48000,0,steady,1,64,spec012-confirm-02,0,22.091150232263512,ns/engine-sample,1,151552,3.1573333333333333,4096,3347958.0,3347.958,3347958.0,3347958.0,3347958.0,3347958.0,3347.958,3347.958,3347.958,3347.958,,,,0.042,0.042,0.0,0.375,0.75,,0.0,1.3125,/Users/christiankauten/Documents/Projects/Rack/plugins/Fourier/.build/spec012/confirm-02-short-hop/workload-0104-repeat-00.csv,3dd249a6a2808b16e41abdd45efad8fe589b976258140fce89fdb399eec03174
3aeff8d50243a034,m1-pro-16gb-local,4015f61603625ef33fd23149274ff2845b75f927059e8a95d825f44aa48ea65a,aligned,vdsp-ols-fir-double,64,0,0,2368,1,37,0,128,throughput,48000,0,steady,1,64,spec012-confirm-02,1,22.183257231841218,ns/engine-sample,1,151552,3.1573333333333333,4096,3361917.0,3361.917,3361917.0,3361917.0,3361917.0,3361917.0,3361.917,3361.917,3361.917,3361.917,,,,0.042,0.042,0.0,0.375,0.75,,0.0,1.3125,/Users/christiankauten/Documents/Projects/Rack/plugins/Fourier/.build/spec012/confirm-02-short-hop/workload-0104-repeat-01.csv,e87afd57902911b030805568c05eb74acfccc9fce2fcc40ae0d3073e5d7e7037
3aeff8d50243a034,m1-pro-16gb-local,4015f61603625ef33fd23149274ff2845b75f927059e8a95d825f44aa48ea65a,aligned,vdsp-ols-fir-double,64,0,0,2368,1,37,0,128,throughput,48000,0,steady,1,64,spec012-confirm-02,2,22.366356102195947,ns/engine-sample,1,151552,3.1573333333333333,4096,3389666.0,3389.666,3389666.0,3389666.0,3389666.0,3389666.0,3389.666,3389.666,3389.666,3389.666,,,,0.042,0.042,0.0,0.375,0.75,,0.0,1.3125,/Users/christiankauten/Documents/Projects/Rack/plugins/Fourier/.build/spec012/confirm-02-short-hop/workload-0104-repeat-02.csv,23e0b044b32421b2b241cdf9fd73ca712fcad56e712aaea43ebdf5d2dd46bb14
3aeff8d50243a034,m1-pro-16gb-local,4015f61603625ef33fd23149274ff2845b75f927059e8a95d825f44aa48ea65a,aligned,vdsp-ols-fir-double,64,0,0,2368,1,37,0,128,throughput,48000,0,steady,1,64,spec012-confirm-03,0,22.135418866131758,ns/engine-sample,1,151552,3.1573333333333333,4096,3354667.0,3354.667,3354667.0,3354667.0,3354667.0,3354667.0,3354.667,3354.667,3354.667,3354.667,,,,0.042,0.042,0.0,0.375,0.75,,0.0,1.3125,/Users/christiankauten/Documents/Projects/Rack/plugins/Fourier/.build/spec012/confirm-03-short-hop/workload-0104-repeat-00.csv,242801a29bacec6247197ef2fb87594722c9d7fff2753d5dac19300258e6aea9
3aeff8d50243a034,m1-pro-16gb-local,4015f61603625ef33fd23149274ff2845b75f927059e8a95d825f44aa48ea65a,aligned,vdsp-ols-fir-double,64,0,0,2368,1,37,0,128,throughput,48000,0,steady,1,64,spec012-confirm-03,1,22.19260055954392,ns/engine-sample,1,151552,3.1573333333333333,4096,3363333.0,3363.333,3363333.0,3363333.0,3363333.0,3363333.0,3363.333,3363.333,3363.333,3363.333,,,,0.042,0.042,0.0,0.375,0.75,,0.0,1.3125,/Users/christiankauten/Documents/Projects/Rack/plugins/Fourier/.build/spec012/confirm-03-short-hop/workload-0104-repeat-01.csv,2037d8880d7a93c458e47fcde0d08a6db9a7e6954c0f630b9983f3454d7ce4ff
3aeff8d50243a034,m1-pro-16gb-local,4015f61603625ef33fd23149274ff2845b75f927059e8a95d825f44aa48ea65a,aligned,vdsp-ols-fir-double,64,0,0,2368,1,37,0,128,throughput,48000,0,steady,1,64,spec012-confirm-03,2,22.04001266891892,ns/engine-sample,1,151552,3.1573333333333333,4096,3340208.0,3340.208,3340208.0,3340208.0,3340208.0,3340208.0,3340.208,3340.208,3340.208,3340.208,,,,0.042,0.042,0.0,0.375,0.75,,0.0,1.3125,/Users/christiankauten/Documents/Projects/Rack/plugins/Fourier/.build/spec012/confirm-03-short-hop/workload-0104-repeat-02.csv,45138e8ca73e99b2fe27c0cd906619ce303dc607d4e6b09367db8e740dd0a18c
3aeff8d50243a034,m1-pro-16gb-local,42470451f13ee6ee01704af6364bb0b313dd801bcd4b588cb4c8f489e7a671f1,aligned,vdsp-analysis4-float,64,0,0,2368,1,37,0,128,callback,48000,1,steady,1,64,spec012-confirm-01,0,50.12608213682432,ns/engine-sample,2368,151552,3.1573333333333333,4096,7596708.0,7596.708,3542.0,3584.0,3792.0,4125.0,3.542,3.584,3.792,4.125,1333.3333333333333,0,0.0,0.042,0.042,0.0,1.3229166666666667,,1.3229166666666667,0.0,1.3125,/Users/christiankauten/Documents/Projects/Rack/plugins/Fourier/.build/spec012/confirm-01-short-hop/workload-0060-repeat-00.csv,e8155c73ffaed85daf5d99a9e77e3315d0e4f029c9e2a98f3f61ab75d940baed
3aeff8d50243a034,m1-pro-16gb-local,42470451f13ee6ee01704af6364bb0b313dd801bcd4b588cb4c8f489e7a671f1,aligned,vdsp-analysis4-float,64,0,0,2368,1,37,0,128,callback,48000,1,steady,1,64,spec012-confirm-01,1,50.119186813766895,ns/engine-sample,2368,151552,3.1573333333333333,4096,7595663.0,7595.663,3542.0,3584.0,3625.0,3750.0,3.542,3.584,3.625,3.75,1333.3333333333333,0,0.0,0.042,0.084,0.0,1.3229166666666667,,1.3229166666666667,0.0,1.3125,/Users/christiankauten/Documents/Projects/Rack/plugins/Fourier/.build/spec012/confirm-01-short-hop/workload-0060-repeat-01.csv,dff08e2fcf3757f4852896ce3ed1b59b2be242c2b204c29511ad496eecddbd98
3aeff8d50243a034,m1-pro-16gb-local,42470451f13ee6ee01704af6364bb0b313dd801bcd4b588cb4c8f489e7a671f1,aligned,vdsp-analysis4-float,64,0,0,2368,1,37,0,128,callback,48000,1,steady,1,64,spec012-confirm-01,2,50.130799989442565,ns/engine-sample,2368,151552,3.1573333333333333,4096,7597423.0,7597.423,3542.0,3584.0,3625.0,3709.0,3.542,3.584,3.625,3.709,1333.3333333333333,0,0.0,0.042,0.042,0.0,1.3229166666666667,,1.3229166666666667,0.0,1.3125,/Users/christiankauten/Documents/Projects/Rack/plugins/Fourier/.build/spec012/confirm-01-short-hop/workload-0060-repeat-02.csv,befd41cd3ffcb8eaebed610939cd501e9f1bd457c9b067699bf340bdbc21f2ad
3aeff8d50243a034,m1-pro-16gb-local,42470451f13ee6ee01704af6364bb0b313dd801bcd4b588cb4c8f489e7a671f1,aligned,vdsp-analysis4-float,64,0,0,2368,1,37,0,128,callback,48000,1,steady,1,64,spec012-confirm-02,0,50.2039695945946,ns/engine-sample,2368,151552,3.1573333333333333,4096,7608512.0,7608.512,3542.0,3584.0,3750.0,8417.0,3.542,3.584,3.75,8.417,1333.3333333333333,0,0.0,0.042,0.042,0.0,1.3229166666666667,,1.3229166666666667,0.0,1.3125,/Users/christiankauten/Documents/Projects/Rack/plugins/Fourier/.build/spec012/confirm-02-short-hop/workload-0060-repeat-00.csv,2d720af0a70881181475bb2ef6bd046b70a5264b4d52e988a1c9dbd45d88ce81
3aeff8d50243a034,m1-pro-16gb-local,42470451f13ee6ee01704af6364bb0b313dd801bcd4b588cb4c8f489e7a671f1,aligned,vdsp-analysis4-float,64,0,0,2368,1,37,0,128,callback,48000,1,steady,1,64,spec012-confirm-02,1,50.44525971283784,ns/engine-sample,2368,151552,3.1573333333333333,4096,7645080.0,7645.08,3583.0,3625.0,3667.0,3750.0,3.583,3.625,3.667,3.75,1333.3333333333333,0,0.0,0.042,0.042,0.0,1.3229166666666667,,1.3229166666666667,0.0,1.3125,/Users/christiankauten/Documents/Projects/Rack/plugins/Fourier/.build/spec012/confirm-02-short-hop/workload-0060-repeat-01.csv,0670bc8b26989e4b65f7d4b1f3db8d90c41dd1744d7cc2ebb7479bd291b372a5
3aeff8d50243a034,m1-pro-16gb-local,42470451f13ee6ee01704af6364bb0b313dd801bcd4b588cb4c8f489e7a671f1,aligned,vdsp-analysis4-float,64,0,0,2368,1,37,0,128,callback,48000,1,steady,1,64,spec012-confirm-02,2,50.14963180954392,ns/engine-sample,2368,151552,3.1573333333333333,4096,7600277.0,7600.277,3542.0,3584.0,3625.0,4000.0,3.542,3.584,3.625,4.0,1333.3333333333333,0,0.0,0.042,0.042,0.0,1.3229166666666667,,1.3229166666666667,0.0,1.3125,/Users/christiankauten/Documents/Projects/Rack/plugins/Fourier/.build/spec012/confirm-02-short-hop/workload-0060-repeat-02.csv,71658a388d1ba35d14a56b4319a8a0da74fcd96eaec6355350142843dbac20cf
3aeff8d50243a034,m1-pro-16gb-local,42470451f13ee6ee01704af6364bb0b313dd801bcd4b588cb4c8f489e7a671f1,aligned,vdsp-analysis4-float,64,0,0,2368,1,37,0,128,callback,48000,1,steady,1,64,spec012-confirm-03,0,50.03944520692568,ns/engine-sample,2368,151552,3.1573333333333333,4096,7583578.0,7583.578,3542.0,3584.0,3666.0,3709.0,3.542,3.584,3.666,3.709,1333.3333333333333,0,0.0,0.042,0.042,0.0,1.3229166666666667,,1.3229166666666667,0.0,1.3125,/Users/christiankauten/Documents/Projects/Rack/plugins/Fourier/.build/spec012/confirm-03-short-hop/workload-0060-repeat-00.csv,37a6140bce68514a569062e6b742c1102a27c09e03e15223532896f35e911ecc
3aeff8d50243a034,m1-pro-16gb-local,42470451f13ee6ee01704af6364bb0b313dd801bcd4b588cb4c8f489e7a671f1,aligned,vdsp-analysis4-float,64,0,0,2368,1,37,0,128,callback,48000,1,steady,1,64,spec012-confirm-03,1,50.84394135346284,ns/engine-sample,2368,151552,3.1573333333333333,4096,7705501.0,7705.501,3625.0,3666.0,3667.0,4125.0,3.625,3.666,3.667,4.125,1333.3333333333333,0,0.0,0.042,0.042,0.0,1.3229166666666667,,1.3229166666666667,0.0,1.3125,/Users/christiankauten/Documents/Projects/Rack/plugins/Fourier/.build/spec012/confirm-03-short-hop/workload-0060-repeat-01.csv,4de95d5199ee80c6ff433e98c5fc412aa22ef0cdd329bf3b5a6dea97e1bb646c
3aeff8d50243a034,m1-pro-16gb-local,42470451f13ee6ee01704af6364bb0b313dd801bcd4b588cb4c8f489e7a671f1,aligned,vdsp-analysis4-float,64,0,0,2368,1,37,0,128,callback,48000,1,steady,1,64,spec012-confirm-03,2,50.422449060388516,ns/engine-sample,2368,151552,3.1573333333333333,4096,7641623.0,7641.623,3583.0,3625.0,3667.0,3792.0,3.583,3.625,3.667,3.792,1333.3333333333333,0,0.0,0.042,0.042,0.0,1.3229166666666667,,1.3229166666666667,0.0,1.3125,/Users/christiankauten/Documents/Projects/Rack/plugins/Fourier/.build/spec012/confirm-03-short-hop/workload-0060-repeat-02.csv,4fa76753186e1456cfae22fbe25ad6c061f680c83abfe166b3c8d0e9765cfaa7
3aeff8d50243a034,m1-pro-16gb-local,4416f89ab1305858a075c0e8c308ef79e0f08966e1ccae25bbb2d56726d43983,aligned,vdsp-analysis-double,64,0,0,2368,1,37,0,128,callback,48000,1,steady,1,64,spec012-confirm-01,0,16.57717483108108,ns/engine-sample,2368,151552,3.1573333333333333,4096,2512304.0,2512.304,1167.0,1208.0,1209.0,7833.0,1.167,1.208,1.209,7.833,1333.3333333333333,0,0.0,0.042,0.042,0.0,1.3229166666666667,,1.3229166666666667,0.0,1.3125,/Users/christiankauten/Documents/Projects/Rack/plugins/Fourier/.build/spec012/confirm-01-short-hop/workload-0087-repeat-00.csv,7c70e777c72226da983b567fcd338344fa56a776d7d848eb83d4a776fd4e0873
3aeff8d50243a034,m1-pro-16gb-local,4416f89ab1305858a075c0e8c308ef79e0f08966e1ccae25bbb2d56726d43983,aligned,vdsp-analysis-double,64,0,0,2368,1,37,0,128,callback,48000,1,steady,1,64,spec012-confirm-01,1,16.523760821368242,ns/engine-sample,2368,151552,3.1573333333333333,4096,2504209.0,2504.209,1166.0,1167.0,1209.0,8625.0,1.166,1.167,1.209,8.625,1333.3333333333333,0,0.0,0.042,0.042,0.0,1.3229166666666667,,1.3229166666666667,0.0,1.3125,/Users/christiankauten/Documents/Projects/Rack/plugins/Fourier/.build/spec012/confirm-01-short-hop/workload-0087-repeat-01.csv,3ec4cf7ec25c95fb7a8750ac778cd7c1c0cad57743fb0b5ebdec566f558e06fb
3aeff8d50243a034,m1-pro-16gb-local,4416f89ab1305858a075c0e8c308ef79e0f08966e1ccae25bbb2d56726d43983,aligned,vdsp-analysis-double,64,0,0,2368,1,37,0,128,callback,48000,1,steady,1,64,spec012-confirm-01,2,16.56195233319257,ns/engine-sample,2368,151552,3.1573333333333333,4096,2509997.0,2509.997,1166.0,1208.0,1209.0,8500.0,1.166,1.208,1.209,8.5,1333.3333333333333,0,0.0,0.042,0.042,0.0,1.3229166666666667,,1.3229166666666667,0.0,1.3125,/Users/christiankauten/Documents/Projects/Rack/plugins/Fourier/.build/spec012/confirm-01-short-hop/workload-0087-repeat-02.csv,9242563e074b3a8d34ab6e735204c87515fd0275fadd495304d2323df1c5bd7c
3aeff8d50243a034,m1-pro-16gb-local,4416f89ab1305858a075c0e8c308ef79e0f08966e1ccae25bbb2d56726d43983,aligned,vdsp-analysis-double,64,0,0,2368,1,37,0,128,callback,48000,1,steady,1,64,spec012-confirm-02,0,16.612469647381758,ns/engine-sample,2368,151552,3.1573333333333333,4096,2517653.0,2517.653,1166.0,1208.0,1291.0,11041.0,1.166,1.208,1.291,11.041,1333.3333333333333,0,0.0,0.042,0.083,0.0,1.3229166666666667,,1.3229166666666667,0.0,1.3125,/Users/christiankauten/Documents/Projects/Rack/plugins/Fourier/.build/spec012/confirm-02-short-hop/workload-0087-repeat-00.csv,8fb40003d55ac70805be1ebdeed53ae2af3bd2497881862fa8814e1158e0e586
3aeff8d50243a034,m1-pro-16gb-local,4416f89ab1305858a075c0e8c308ef79e0f08966e1ccae25bbb2d56726d43983,aligned,vdsp-analysis-double,64,0,0,2368,1,37,0,128,callback,48000,1,steady,1,64,spec012-confirm-02,1,16.58670291385135,ns/engine-sample,2368,151552,3.1573333333333333,4096,2513748.0,2513.748,1166.0,1208.0,1209.0,10625.0,1.166,1.208,1.209,10.625,1333.3333333333333,0,0.0,0.042,0.042,0.0,1.3229166666666667,,1.3229166666666667,0.0,1.3125,/Users/christiankauten/Documents/Projects/Rack/plugins/Fourier/.build/spec012/confirm-02-short-hop/workload-0087-repeat-01.csv,edfbfdbcb19dcb63b454016e4a067388a82d3d182be4b5179d3945aada04e9a3
3aeff8d50243a034,m1-pro-16gb-local,4416f89ab1305858a075c0e8c308ef79e0f08966e1ccae25bbb2d56726d43983,aligned,vdsp-analysis-double,64,0,0,2368,1,37,0,128,callback,48000,1,steady,1,64,spec012-confirm-02,2,16.54880173141892,ns/engine-sample,2368,151552,3.1573333333333333,4096,2508004.0,2508.004,1166.0,1167.0,1209.0,12292.0,1.166,1.167,1.209,12.292,1333.3333333333333,0,0.0,0.042,0.042,0.0,1.3229166666666667,,1.3229166666666667,0.0,1.3125,/Users/christiankauten/Documents/Projects/Rack/plugins/Fourier/.build/spec012/confirm-02-short-hop/workload-0087-repeat-02.csv,7d154effe96cab2252a6503bca955c36a2230cd7d7837cdd526a0b12a34d6ce8
3aeff8d50243a034,m1-pro-16gb-local,4416f89ab1305858a075c0e8c308ef79e0f08966e1ccae25bbb2d56726d43983,aligned,vdsp-analysis-double,64,0,0,2368,1,37,0,128,callback,48000,1,steady,1,64,spec012-confirm-03,0,17.080190297719593,ns/engine-sample,2368,151552,3.1573333333333333,4096,2588537.0,2588.537,1208.0,1209.0,1250.0,13166.0,1.208,1.209,1.25,13.166,1333.3333333333333,0,0.0,0.042,0.042,0.0,1.3229166666666667,,1.3229166666666667,0.0,1.3125,/Users/christiankauten/Documents/Projects/Rack/plugins/Fourier/.build/spec012/confirm-03-short-hop/workload-0087-repeat-00.csv,2f39f99a97a679776ae83f03f888dac6dfb2a72fd156179932e027ebc013833d
3aeff8d50243a034,m1-pro-16gb-local,4416f89ab1305858a075c0e8c308ef79e0f08966e1ccae25bbb2d56726d43983,aligned,vdsp-analysis-double,64,0,0,2368,1,37,0,128,callback,48000,1,steady,1,64,spec012-confirm-03,1,16.47092087204392,ns/engine-sample,2368,151552,3.1573333333333333,4096,2496201.0,2496.201,1166.0,1167.0,1209.0,1292.0,1.166,1.167,1.209,1.292,1333.3333333333333,0,0.0,0.042,0.125,0.0,1.3229166666666667,,1.3229166666666667,0.0,1.3125,/Users/christiankauten/Documents/Projects/Rack/plugins/Fourier/.build/spec012/confirm-03-short-hop/workload-0087-repeat-01.csv,94416049acddeb16bcc6678681538e2578ca9f1e8cfe0989dddd08ba662c6d27
3aeff8d50243a034,m1-pro-16gb-local,4416f89ab1305858a075c0e8c308ef79e0f08966e1ccae25bbb2d56726d43983,aligned,vdsp-analysis-double,64,0,0,2368,1,37,0,128,callback,48000,1,steady,1,64,spec012-confirm-03,2,16.5153148754223,ns/engine-sample,2368,151552,3.1573333333333333,4096,2502929.0,2502.929,1166.0,1167.0,1209.0,7417.0,1.166,1.167,1.209,7.417,1333.3333333333333,0,0.0,0.042,0.042,0.0,1.3229166666666667,,1.3229166666666667,0.0,1.3125,/Users/christiankauten/Documents/Projects/Rack/plugins/Fourier/.build/spec012/confirm-03-short-hop/workload-0087-repeat-02.csv,4c1e00474161f98109dbeddfc8e997c78724b513ba9d790ec1a89767971fa190
3aeff8d50243a034,m1-pro-16gb-local,4927ed134c16ba39e3242d923d2d3a4a459b12cc0a83dd5b0633b1fb02140e6a,aligned,pffft-analysis4-float,64,0,0,2368,1,37,0,128,callback,48000,1,steady,1,64,spec012-confirm-01,0,49.94216506545608,ns/engine-sample,2368,151552,3.1573333333333333,4096,7568835.0,7568.835,3542.0,3584.0,3625.0,3750.0,3.542,3.584,3.625,3.75,1333.3333333333333,0,0.0,0.042,0.042,0.0,1.3229166666666667,,1.3229166666666667,0.0,1.3125,/Users/christiankauten/Documents/Projects/Rack/plugins/Fourier/.build/spec012/confirm-01-short-hop/workload-0058-repeat-00.csv,04e3a8bcd1d1840afa02c289551a6cf3b6fb99b8d7176767d4600a6d7a66da03
3aeff8d50243a034,m1-pro-16gb-local,4927ed134c16ba39e3242d923d2d3a4a459b12cc0a83dd5b0633b1fb02140e6a,aligned,pffft-analysis4-float,64,0,0,2368,1,37,0,128,callback,48000,1,steady,1,64,spec012-confirm-01,1,49.98909285261824,ns/engine-sample,2368,151552,3.1573333333333333,4096,7575947.0,7575.947,3542.0,3584.0,3625.0,3750.0,3.542,3.584,3.625,3.75,1333.3333333333333,0,0.0,0.042,0.083,0.0,1.3229166666666667,,1.3229166666666667,0.0,1.3125,/Users/christiankauten/Documents/Projects/Rack/plugins/Fourier/.build/spec012/confirm-01-short-hop/workload-0058-repeat-01.csv,e5dc23dda587a3dfc591f1d07453c6874ecbd48e28bf98037cf7971f30430246
3aeff8d50243a034,m1-pro-16gb-local,4927ed134c16ba39e3242d923d2d3a4a459b12cc0a83dd5b0633b1fb02140e6a,aligned,pffft-analysis4-float,64,0,0,2368,1,37,0,128,callback,48000,1,steady,1,64,spec012-confirm-01,2,50.013625686233105,ns/engine-sample,2368,151552,3.1573333333333333,4096,7579665.0,7579.665,3542.0,3584.0,3708.0,3917.0,3.542,3.584,3.708,3.917,1333.3333333333333,0,0.0,0.042,0.042,0.0,1.3229166666666667,,1.3229166666666667,0.0,1.3125,/Users/christiankauten/Documents/Projects/Rack/plugins/Fourier/.build/spec012/confirm-01-short-hop/workload-0058-repeat-02.csv,35a2d7cb2467c6f3d61b227c82082b6b55acdbe8484e23b11ff451387c0a947c
3aeff8d50243a034,m1-pro-16gb-local,4927ed134c16ba39e3242d923d2d3a4a459b12cc0a83dd5b0633b1fb02140e6a,aligned,pffft-analysis4-float,64,0,0,2368,1,37,0,128,callback,48000,1,steady,1,64,spec012-confirm-02,0,49.95588972761824,ns/engine-sample,2368,151552,3.1573333333333333,4096,7570915.0,7570.915,3542.0,3584.0,3708.0,3917.0,3.542,3.584,3.708,3.917,1333.3333333333333,0,0.0,0.042,0.042,0.0,1.3229166666666667,,1.3229166666666667,0.0,1.3125,/Users/christiankauten/Documents/Projects/Rack/plugins/Fourier/.build/spec012/confirm-02-short-hop/workload-0058-repeat-00.csv,36e2f7a4ffe7332f7ec2ec09b63a95e2cd49db7f776cfa358b56c93eea529d6c
3aeff8d50243a034,m1-pro-16gb-local,4927ed134c16ba39e3242d923d2d3a4a459b12cc0a83dd5b0633b1fb02140e6a,aligned,pffft-analysis4-float,64,0,0,2368,1,37,0,128,callback,48000,1,steady,1,64,spec012-confirm-02,1,50.04981788429054,ns/engine-sample,2368,151552,3.1573333333333333,4096,7585150.0,7585.15,3542.0,3584.0,3625.0,3750.0,3.542,3.584,3.625,3.75,1333.3333333333333,0,0.0,0.042,0.125,0.0,1.3229166666666667,,1.3229166666666667,0.0,1.3125,/Users/christiankauten/Documents/Projects/Rack/plugins/Fourier/.build/spec012/confirm-02-short-hop/workload-0058-repeat-01.csv,89a41ecd4ab909e5daf989096112366e665a88dd060081351ea7c68f17ef2135
3aeff8d50243a034,m1-pro-16gb-local,4927ed134c16ba39e3242d923d2d3a4a459b12cc0a83dd5b0633b1fb02140e6a,aligned,pffft-analysis4-float,64,0,0,2368,1,37,0,128,callback,48000,1,steady,1,64,spec012-confirm-02,2,50.085633973817565,ns/engine-sample,2368,151552,3.1573333333333333,4096,7590578.0,7590.578,3542.0,3584.0,3625.0,3750.0,3.542,3.584,3.625,3.75,1333.3333333333333,0,0.0,0.042,0.042,0.0,1.3229166666666667,,1.3229166666666667,0.0,1.3125,/Users/christiankauten/Documents/Projects/Rack/plugins/Fourier/.build/spec012/confirm-02-short-hop/workload-0058-repeat-02.csv,2fe4ebbe937e2439be8821a281809871ae500cd123302fde5d889cc8022260eb
3aeff8d50243a034,m1-pro-16gb-local,4927ed134c16ba39e3242d923d2d3a4a459b12cc0a83dd5b0633b1fb02140e6a,aligned,pffft-analysis4-float,64,0,0,2368,1,37,0,128,callback,48000,1,steady,1,64,spec012-confirm-03,0,51.14030167863176,ns/engine-sample,2368,151552,3.1573333333333333,4096,7750415.0,7750.415,3583.0,3791.0,3959.0,17417.0,3.583,3.791,3.959,17.417,1333.3333333333333,0,0.0,0.042,0.042,0.0,1.3229166666666667,,1.3229166666666667,0.0,1.3125,/Users/christiankauten/Documents/Projects/Rack/plugins/Fourier/.build/spec012/confirm-03-short-hop/workload-0058-repeat-00.csv,19b9e997bab2800b52cde97f1876ed45611d9d61f267f721bb4150a2b04d57c6
3aeff8d50243a034,m1-pro-16gb-local,4927ed134c16ba39e3242d923d2d3a4a459b12cc0a83dd5b0633b1fb02140e6a,aligned,pffft-analysis4-float,64,0,0,2368,1,37,0,128,callback,48000,1,steady,1,64,spec012-confirm-03,1,63.310553473395274,ns/engine-sample,2368,151552,3.1573333333333333,4096,9594841.0,9594.841,4416.0,4459.0,4583.0,13709.0,4.416,4.459,4.583,13.709,1333.3333333333333,0,0.0,0.042,0.042,0.0,1.3229166666666667,,1.3229166666666667,0.0,1.3125,/Users/christiankauten/Documents/Projects/Rack/plugins/Fourier/.build/spec012/confirm-03-short-hop/workload-0058-repeat-01.csv,d6294553a4fb14143f63c93226fefdfe91fa2cb5cee1aeb969531fd3263e528f
3aeff8d50243a034,m1-pro-16gb-local,4927ed134c16ba39e3242d923d2d3a4a459b12cc0a83dd5b0633b1fb02140e6a,aligned,pffft-analysis4-float,64,0,0,2368,1,37,0,128,callback,48000,1,steady,1,64,spec012-confirm-03,2,50.78673986486486,ns/engine-sample,2368,151552,3.1573333333333333,4096,7696832.0,7696.832,3583.0,3666.0,3750.0,22833.0,3.583,3.666,3.75,22.833,1333.3333333333333,0,0.0,0.042,0.042,0.0,1.3229166666666667,,1.3229166666666667,0.0,1.3125,/Users/christiankauten/Documents/Projects/Rack/plugins/Fourier/.build/spec012/confirm-03-short-hop/workload-0058-repeat-02.csv,0106f81cacea91d7ba6efda37a8f2261ab393313e38eba7404034421b9592ff6
3aeff8d50243a034,m1-pro-16gb-local,4f190588d4ab0d1fe96214ae6c3b84e576140a777ef1e5546f6dac2871f9fbb6,aligned,ols-fir-batch-double,64,0,0,2368,1,37,0,128,callback,48000,0,steady,1,64,spec012-confirm-01,0,92.01614627322635,ns/engine-sample,2368,151552,3.1573333333333333,4096,13945231.0,13945.231,6709.0,6792.0,6834.0,16583.0,6.709,6.792,6.834,16.583,1333.3333333333333,0,0.0,0.042,0.042,0.0,0.375,0.75,,0.0,1.3125,/Users/christiankauten/Documents/Projects/Rack/plugins/Fourier/.build/spec012/confirm-01-short-hop/workload-0079-repeat-00.csv,a82a09c90baf2df0e3e075c584163379c669348ef3904df1a87f2403f21ed059
3aeff8d50243a034,m1-pro-16gb-local,4f190588d4ab0d1fe96214ae6c3b84e576140a777ef1e5546f6dac2871f9fbb6,aligned,ols-fir-batch-double,64,0,0,2368,1,37,0,128,callback,48000,0,steady,1,64,spec012-confirm-01,1,92.98128035261824,ns/engine-sample,2368,151552,3.1573333333333333,4096,14091499.0,14091.499,6750.0,6917.0,7208.0,12416.0,6.75,6.917,7.208,12.416,1333.3333333333333,0,0.0,0.042,0.042,0.0,0.375,0.75,,0.0,1.3125,/Users/christiankauten/Documents/Projects/Rack/plugins/Fourier/.build/spec012/confirm-01-short-hop/workload-0079-repeat-01.csv,0e33409f84d161691c4ffe89726be7ef4304a555907537fe42d933fa628cd6cb
3aeff8d50243a034,m1-pro-16gb-local,4f190588d4ab0d1fe96214ae6c3b84e576140a777ef1e5546f6dac2871f9fbb6,aligned,ols-fir-batch-double,64,0,0,2368,1,37,0,128,callback,48000,0,steady,1,64,spec012-confirm-01,2,92.82578256967905,ns/engine-sample,2368,151552,3.1573333333333333,4096,14067933.0,14067.933,6791.0,6875.0,6958.0,11459.0,6.791,6.875,6.958,11.459,1333.3333333333333,0,0.0,0.042,0.125,0.0,0.375,0.75,,0.0,1.3125,/Users/christiankauten/Documents/Projects/Rack/plugins/Fourier/.build/spec012/confirm-01-short-hop/workload-0079-repeat-02.csv,15e9d05e08ef9ef7bda88971dcb1b1fc5134ef3ba6b8e35e5e6e51c91b6fac6d
3aeff8d50243a034,m1-pro-16gb-local,4f190588d4ab0d1fe96214ae6c3b84e576140a777ef1e5546f6dac2871f9fbb6,aligned,ols-fir-batch-double,64,0,0,2368,1,37,0,128,callback,48000,0,steady,1,64,spec012-confirm-02,0,92.05367794552365,ns/engine-sample,2368,151552,3.1573333333333333,4096,13950919.0,13950.919,6708.0,6834.0,6958.0,11417.0,6.708,6.834,6.958,11.417,1333.3333333333333,0,0.0,0.042,0.042,0.0,0.375,0.75,,0.0,1.3125,/Users/christiankauten/Documents/Projects/Rack/plugins/Fourier/.build/spec012/confirm-02-short-hop/workload-0079-repeat-00.csv,38911721458ff24326346f56e143d1facd27a7eb5ec6657edb1c50f3bc1ce28d
3aeff8d50243a034,m1-pro-16gb-local,4f190588d4ab0d1fe96214ae6c3b84e576140a777ef1e5546f6dac2871f9fbb6,aligned,ols-fir-batch-double,64,0,0,2368,1,37,0,128,callback,48000,0,steady,1,64,spec012-confirm-02,1,91.8608200485642,ns/engine-sample,2368,151552,3.1573333333333333,4096,13921691.0,13921.691,6708.0,6792.0,7041.0,30917.0,6.708,6.792,7.041,30.917,1333.3333333333333,0,0.0,0.042,0.042,0.0,0.375,0.75,,0.0,1.3125,/Users/christiankauten/Documents/Projects/Rack/plugins/Fourier/.build/spec012/confirm-02-short-hop/workload-0079-repeat-01.csv,164e85db4783ab499b44b48badfbc2688fcfd2a1452f4a376392c7bfd67442e2
3aeff8d50243a034,m1-pro-16gb-local,4f190588d4ab0d1fe96214ae6c3b84e576140a777ef1e5546f6dac2871f9fbb6,aligned,ols-fir-batch-double,64,0,0,2368,1,37,0,128,callback,48000,0,steady,1,64,spec012-confirm-02,2,91.69878325591216,ns/engine-sample,2368,151552,3.1573333333333333,4096,13897134.0,13897.134,6708.0,6792.0,6875.0,11417.0,6.708,6.792,6.875,11.417,1333.3333333333333,0,0.0,0.042,0.042,0.0,0.375,0.75,,0.0,1.3125,/Users/christiankauten/Documents/Projects/Rack/plugins/Fourier/.build/spec012/confirm-02-short-hop/workload-0079-repeat-02.csv,acb73cb025183a1048725d5ff82a6a1030a4148ab82fa83a07db744863fbd387
3aeff8d50243a034,m1-pro-16gb-local,4f190588d4ab0d1fe96214ae6c3b84e576140a777ef1e5546f6dac2871f9fbb6,aligned,ols-fir-batch-double,64,0,0,2368,1,37,0,128,callback,48000,0,steady,1,64,spec012-confirm-03,0,92.7531540329392,ns/engine-sample,2368,151552,3.1573333333333333,4096,14056926.0,14056.926,6750.0,6834.0,7166.0,29625.0,6.75,6.834,7.166,29.625,1333.3333333333333,0,0.0,0.042,0.042,0.0,0.375,0.75,,0.0,1.3125,/Users/christiankauten/Documents/Projects/Rack/plugins/Fourier/.build/spec012/confirm-03-short-hop/workload-0079-repeat-00.csv,b623326a82aac65f66d9c05967a92d807c64bd0c9cdd81fd0bc845bf4491f6f0
3aeff8d50243a034,m1-pro-16gb-local,4f190588d4ab0d1fe96214ae6c3b84e576140a777ef1e5546f6dac2871f9fbb6,aligned,ols-fir-batch-double,64,0,0,2368,1,37,0,128,callback,48000,0,steady,1,64,spec012-confirm-03,1,93.3401076858108,ns/engine-sample,2368,151552,3.1573333333333333,4096,14145880.0,14145.88,6792.0,6917.0,7000.0,20750.0,6.792,6.917,7.0,20.75,1333.3333333333333,0,0.0,0.042,0.042,0.0,0.375,0.75,,0.0,1.3125,/Users/christiankauten/Documents/Projects/Rack/plugins/Fourier/.build/spec012/confirm-03-short-hop/workload-0079-repeat-01.csv,0a591277de13000f86e20b50704860349b7173c29188244bef98b4d98a2de8d2
3aeff8d50243a034,m1-pro-16gb-local,4f190588d4ab0d1fe96214ae6c3b84e576140a777ef1e5546f6dac2871f9fbb6,aligned,ols-fir-batch-double,64,0,0,2368,1,37,0,128,callback,48000,0,steady,1,64,spec012-confirm-03,2,96.21689585092905,ns/engine-sample,2368,151552,3.1573333333333333,4096,14581863.0,14581.863,6917.0,7208.0,7375.0,36834.0,6.917,7.208,7.375,36.834,1333.3333333333333,0,0.0,0.042,0.042,0.0,0.375,0.75,,0.0,1.3125,/Users/christiankauten/Documents/Projects/Rack/plugins/Fourier/.build/spec012/confirm-03-short-hop/workload-0079-repeat-02.csv,6f00cc579444d67c06e95072fce331fd36783c927a58a1531d1c0215b3fcdee6
3aeff8d50243a034,m1-pro-16gb-local,530f4b7cc308db4344ecdc2c69271ebbc5616ae012d5e7d9504f92928259bbcd,aligned,legacy-incremental-double,64,0,0,2368,1,37,0,128,callback,48000,1,steady,1,64,spec012-confirm-01,0,39.07189611486486,ns/engine-sample,2368,151552,3.1573333333333333,4096,5921424.0,5921.424,2666.0,2709.0,2750.0,9875.0,2.666,2.709,2.75,9.875,1333.3333333333333,0,0.0,0.042,0.125,0.6458333333333334,1.3229166666666667,,1.96875,0.6458333333333334,1.9583333333333333,/Users/christiankauten/Documents/Projects/Rack/plugins/Fourier/.build/spec012/confirm-01-short-hop/workload-0085-repeat-00.csv,f66bec425cfe28cba2e9388d6b14ad641a79ab9c59a87b56e73f97c62c9cad47
3aeff8d50243a034,m1-pro-16gb-local,530f4b7cc308db4344ecdc2c69271ebbc5616ae012d5e7d9504f92928259bbcd,aligned,legacy-incremental-double,64,0,0,2368,1,37,0,128,callback,48000,1,steady,1,64,spec012-confirm-01,1,38.96670449746622,ns/engine-sample,2368,151552,3.1573333333333333,4096,5905482.0,5905.482,2666.0,2708.0,2792.0,8834.0,2.666,2.708,2.792,8.834,1333.3333333333333,0,0.0,0.042,0.083,0.6458333333333334,1.3229166666666667,,1.96875,0.6458333333333334,1.9583333333333333,/Users/christiankauten/Documents/Projects/Rack/plugins/Fourier/.build/spec012/confirm-01-short-hop/workload-0085-repeat-01.csv,de6607732406b7acd3e48afca76ccae8b35217a7525b3cf69c4867cef398efb3
3aeff8d50243a034,m1-pro-16gb-local,530f4b7cc308db4344ecdc2c69271ebbc5616ae012d5e7d9504f92928259bbcd,aligned,legacy-incremental-double,64,0,0,2368,1,37,0,128,callback,48000,1,steady,1,64,spec012-confirm-01,2,39.121845967060814,ns/engine-sample,2368,151552,3.1573333333333333,4096,5928994.0,5928.994,2666.0,2709.0,2750.0,7417.0,2.666,2.709,2.75,7.417,1333.3333333333333,0,0.0,0.042,0.042,0.6458333333333334,1.3229166666666667,,1.96875,0.6458333333333334,1.9583333333333333,/Users/christiankauten/Documents/Projects/Rack/plugins/Fourier/.build/spec012/confirm-01-short-hop/workload-0085-repeat-02.csv,533ab62f5fcf9ba350646fe53066a02da87e00bd7332b5ffe3e1d36cf032ea3b
3aeff8d50243a034,m1-pro-16gb-local,530f4b7cc308db4344ecdc2c69271ebbc5616ae012d5e7d9504f92928259bbcd,aligned,legacy-incremental-double,64,0,0,2368,1,37,0,128,callback,48000,1,steady,1,64,spec012-confirm-02,0,39.22633155616554,ns/engine-sample,2368,151552,3.1573333333333333,4096,5944829.0,5944.829,2666.0,2709.0,2792.0,12875.0,2.666,2.709,2.792,12.875,1333.3333333333333,0,0.0,0.042,0.042,0.6458333333333334,1.3229166666666667,,1.96875,0.6458333333333334,1.9583333333333333,/Users/christiankauten/Documents/Projects/Rack/plugins/Fourier/.build/spec012/confirm-02-short-hop/workload-0085-repeat-00.csv,3977bb9d2c9eb2c9e885caf0b7c8beba655fc041a61ee5ba15ac32e245337aed
3aeff8d50243a034,m1-pro-16gb-local,530f4b7cc308db4344ecdc2c69271ebbc5616ae012d5e7d9504f92928259bbcd,aligned,legacy-incremental-double,64,0,0,2368,1,37,0,128,callback,48000,1,steady,1,64,spec012-confirm-02,1,38.90189505912162,ns/engine-sample,2368,151552,3.1573333333333333,4096,5895660.0,5895.66,2625.0,2708.0,2709.0,12084.0,2.625,2.708,2.709,12.084,1333.3333333333333,0,0.0,0.042,0.042,0.6458333333333334,1.3229166666666667,,1.96875,0.6458333333333334,1.9583333333333333,/Users/christiankauten/Documents/Projects/Rack/plugins/Fourier/.build/spec012/confirm-02-short-hop/workload-0085-repeat-01.csv,bffaa01c6391eb6d4ea9802347ea667218e1631b8cc3d0f42d13da9ed86d9195
3aeff8d50243a034,m1-pro-16gb-local,530f4b7cc308db4344ecdc2c69271ebbc5616ae012d5e7d9504f92928259bbcd,aligned,legacy-incremental-double,64,0,0,2368,1,37,0,128,callback,48000,1,steady,1,64,spec012-confirm-02,2,38.89887299408784,ns/engine-sample,2368,151552,3.1573333333333333,4096,5895202.0,5895.202,2625.0,2708.0,2709.0,13084.0,2.625,2.708,2.709,13.084,1333.3333333333333,0,0.0,0.042,0.042,0.6458333333333334,1.3229166666666667,,1.96875,0.6458333333333334,1.9583333333333333,/Users/christiankauten/Documents/Projects/Rack/plugins/Fourier/.build/spec012/confirm-02-short-hop/workload-0085-repeat-02.csv,6b8f08c95971bc81df2be32a336c9d1866fe0fb91d7ecc92b53c50496d987d42
3aeff8d50243a034,m1-pro-16gb-local,530f4b7cc308db4344ecdc2c69271ebbc5616ae012d5e7d9504f92928259bbcd,aligned,legacy-incremental-double,64,0,0,2368,1,37,0,128,callback,48000,1,steady,1,64,spec012-confirm-03,0,39.64238677153716,ns/engine-sample,2368,151552,3.1573333333333333,4096,6007883.0,6007.883,2666.0,2792.0,2875.0,10625.0,2.666,2.792,2.875,10.625,1333.3333333333333,0,0.0,0.042,0.042,0.6458333333333334,1.3229166666666667,,1.96875,0.6458333333333334,1.9583333333333333,/Users/christiankauten/Documents/Projects/Rack/plugins/Fourier/.build/spec012/confirm-03-short-hop/workload-0085-repeat-00.csv,dc67c5e4bb53c422747ec9ad3d5522d0788719850483d4afbb87c1a15fc869db
3aeff8d50243a034,m1-pro-16gb-local,530f4b7cc308db4344ecdc2c69271ebbc5616ae012d5e7d9504f92928259bbcd,aligned,legacy-incremental-double,64,0,0,2368,1,37,0,128,callback,48000,1,steady,1,64,spec012-confirm-03,1,40.91123838682432,ns/engine-sample,2368,151552,3.1573333333333333,4096,6200180.0,6200.18,2750.0,2875.0,2917.0,3042.0,2.75,2.875,2.917,3.042,1333.3333333333333,0,0.0,0.042,0.125,0.6458333333333334,1.3229166666666667,,1.96875,0.6458333333333334,1.9583333333333333,/Users/christiankauten/Documents/Projects/Rack/plugins/Fourier/.build/spec012/confirm-03-short-hop/workload-0085-repeat-01.csv,444d5e8eb2c9bac3cc79cfd91ff2a09661e2ca445cddc30d0e075428e9352888
3aeff8d50243a034,m1-pro-16gb-local,530f4b7cc308db4344ecdc2c69271ebbc5616ae012d5e7d9504f92928259bbcd,aligned,legacy-incremental-double,64,0,0,2368,1,37,0,128,callback,48000,1,steady,1,64,spec012-confirm-03,2,38.905214051942565,ns/engine-sample,2368,151552,3.1573333333333333,4096,5896163.0,5896.163,2625.0,2708.0,2750.0,11708.0,2.625,2.708,2.75,11.708,1333.3333333333333,0,0.0,0.042,0.042,0.6458333333333334,1.3229166666666667,,1.96875,0.6458333333333334,1.9583333333333333,/Users/christiankauten/Documents/Projects/Rack/plugins/Fourier/.build/spec012/confirm-03-short-hop/workload-0085-repeat-02.csv,42a971b9fc960d5df7ab1cd8fd2f40b3d55cb94afc91b63339a760b6e09da186
3aeff8d50243a034,m1-pro-16gb-local,5630db9cf1329addc088ffea98918c70ab94caac7d6a0ead755e1d39a040a2a2,aligned,vdsp-inverse-float,64,0,0,2368,1,37,0,128,throughput,48000,0,steady,1,64,spec012-confirm-01,0,10.193695893158784,ns/engine-sample,1,151552,3.1573333333333333,4096,1544875.0,1544.875,1544875.0,1544875.0,1544875.0,1544875.0,1544.875,1544.875,1544.875,1544.875,,,,0.042,0.042,0.0,0.0,,,0.0,1.3125,/Users/christiankauten/Documents/Projects/Rack/plugins/Fourier/.build/spec012/confirm-01-short-hop/workload-0035-repeat-00.csv,7038dc1837ebc5088a92f32c01a61f9ba6586308cba29746926f78392392af5e
3aeff8d50243a034,m1-pro-16gb-local,5630db9cf1329addc088ffea98918c70ab94caac7d6a0ead755e1d39a040a2a2,aligned,vdsp-inverse-float,64,0,0,2368,1,37,0,128,throughput,48000,0,steady,1,64,spec012-confirm-01,1,10.167302312077704,ns/engine-sample,1,151552,3.1573333333333333,4096,1540875.0,1540.875,1540875.0,1540875.0,1540875.0,1540875.0,1540.875,1540.875,1540.875,1540.875,,,,0.042,0.042,0.0,0.0,,,0.0,1.3125,/Users/christiankauten/Documents/Projects/Rack/plugins/Fourier/.build/spec012/confirm-01-short-hop/workload-0035-repeat-01.csv,2283e67f9291f2a22c3841b3ccb245e9a9dc39418f9b839baf33e04100cbb82b
3aeff8d50243a034,m1-pro-16gb-local,5630db9cf1329addc088ffea98918c70ab94caac7d6a0ead755e1d39a040a2a2,aligned,vdsp-inverse-float,64,0,0,2368,1,37,0,128,throughput,48000,0,steady,1,64,spec012-confirm-01,2,10.172805373733109,ns/engine-sample,1,151552,3.1573333333333333,4096,1541709.0,1541.709,1541709.0,1541709.0,1541709.0,1541709.0,1541.709,1541.709,1541.709,1541.709,,,,0.042,0.042,0.0,0.0,,,0.0,1.3125,/Users/christiankauten/Documents/Projects/Rack/plugins/Fourier/.build/spec012/confirm-01-short-hop/workload-0035-repeat-02.csv,846dd5cc7828c75a2a119e380ec51974fc3c300b05c53fabed5b77e3a22acd93
3aeff8d50243a034,m1-pro-16gb-local,5630db9cf1329addc088ffea98918c70ab94caac7d6a0ead755e1d39a040a2a2,aligned,vdsp-inverse-float,64,0,0,2368,1,37,0,128,throughput,48000,0,steady,1,64,spec012-confirm-02,0,10.235490128800675,ns/engine-sample,1,151552,3.1573333333333333,4096,1551209.0,1551.209,1551209.0,1551209.0,1551209.0,1551209.0,1551.209,1551.209,1551.209,1551.209,,,,0.042,0.042,0.0,0.0,,,0.0,1.3125,/Users/christiankauten/Documents/Projects/Rack/plugins/Fourier/.build/spec012/confirm-02-short-hop/workload-0035-repeat-00.csv,d6e46ce160c29bd551715dd49705f13300df85d9dc03e820768c225d066b5b90
3aeff8d50243a034,m1-pro-16gb-local,5630db9cf1329addc088ffea98918c70ab94caac7d6a0ead755e1d39a040a2a2,aligned,vdsp-inverse-float,64,0,0,2368,1,37,0,128,throughput,48000,0,steady,1,64,spec012-confirm-02,1,10.160703916807432,ns/engine-sample,1,151552,3.1573333333333333,4096,1539875.0,1539.875,1539875.0,1539875.0,1539875.0,1539875.0,1539.875,1539.875,1539.875,1539.875,,,,0.042,0.042,0.0,0.0,,,0.0,1.3125,/Users/christiankauten/Documents/Projects/Rack/plugins/Fourier/.build/spec012/confirm-02-short-hop/workload-0035-repeat-01.csv,90acc20d86f3ce0f347d8019330d3970b718baadf5242b0c6d0d66625c2853d9
3aeff8d50243a034,m1-pro-16gb-local,5630db9cf1329addc088ffea98918c70ab94caac7d6a0ead755e1d39a040a2a2,aligned,vdsp-inverse-float,64,0,0,2368,1,37,0,128,throughput,48000,0,steady,1,64,spec012-confirm-02,2,10.200571421030405,ns/engine-sample,1,151552,3.1573333333333333,4096,1545917.0,1545.917,1545917.0,1545917.0,1545917.0,1545917.0,1545.917,1545.917,1545.917,1545.917,,,,0.042,0.083,0.0,0.0,,,0.0,1.3125,/Users/christiankauten/Documents/Projects/Rack/plugins/Fourier/.build/spec012/confirm-02-short-hop/workload-0035-repeat-02.csv,256f0129c3dc9c70dc76c5efb27099b09ebe9008b184751d123c586d73902ee2
3aeff8d50243a034,m1-pro-16gb-local,5630db9cf1329addc088ffea98918c70ab94caac7d6a0ead755e1d39a040a2a2,aligned,vdsp-inverse-float,64,0,0,2368,1,37,0,128,throughput,48000,0,steady,1,64,spec012-confirm-03,0,10.159324852195946,ns/engine-sample,1,151552,3.1573333333333333,4096,1539666.0,1539.666,1539666.0,1539666.0,1539666.0,1539666.0,1539.666,1539.666,1539.666,1539.666,,,,0.042,0.042,0.0,0.0,,,0.0,1.3125,/Users/christiankauten/Documents/Projects/Rack/plugins/Fourier/.build/spec012/confirm-03-short-hop/workload-0035-repeat-00.csv,cd84e4ae818f123d34e67136b0bcf3c891cde3b18ae286cbfeda0fa5117f3e42
3aeff8d50243a034,m1-pro-16gb-local,5630db9cf1329addc088ffea98918c70ab94caac7d6a0ead755e1d39a040a2a2,aligned,vdsp-inverse-float,64,0,0,2368,1,37,0,128,throughput,48000,0,steady,1,64,spec012-confirm-03,1,10.87745460304054,ns/engine-sample,1,151552,3.1573333333333333,4096,1648500.0,1648.5,1648500.0,1648500.0,1648500.0,1648500.0,1648.5,1648.5,1648.5,1648.5,,,,0.042,0.042,0.0,0.0,,,0.0,1.3125,/Users/christiankauten/Documents/Projects/Rack/plugins/Fourier/.build/spec012/confirm-03-short-hop/workload-0035-repeat-01.csv,cbe829b7e421fdf1e18dab90fab8f3ec217071df86c572eee3aea61578422a59
3aeff8d50243a034,m1-pro-16gb-local,5630db9cf1329addc088ffea98918c70ab94caac7d6a0ead755e1d39a040a2a2,aligned,vdsp-inverse-float,64,0,0,2368,1,37,0,128,throughput,48000,0,steady,1,64,spec012-confirm-03,2,10.446084512246621,ns/engine-sample,1,151552,3.1573333333333333,4096,1583125.0,1583.125,1583125.0,1583125.0,1583125.0,1583125.0,1583.125,1583.125,1583.125,1583.125,,,,0.042,0.042,0.0,0.0,,,0.0,1.3125,/Users/christiankauten/Documents/Projects/Rack/plugins/Fourier/.build/spec012/confirm-03-short-hop/workload-0035-repeat-02.csv,a60b315769761745ff6235e5a939fb2119837cf5a29c2bb2d7043fdf15a0551d
3aeff8d50243a034,m1-pro-16gb-local,589265664ca4d5d9b72fb5a5ab822f6160b5bef1e087ea0f1ef450915b6c54de,aligned,fftw-ols-identity-double,64,0,0,2368,1,37,0,128,throughput,48000,0,steady,1,64,spec012-confirm-01,0,24.5361328125,ns/engine-sample,1,151552,3.1573333333333333,4096,3718500.0,3718.5,3718500.0,3718500.0,3718500.0,3718500.0,3718.5,3718.5,3718.5,3718.5,,,,0.042,0.084,0.0,0.375,0.75,,0.0,1.3125,/Users/christiankauten/Documents/Projects/Rack/plugins/Fourier/.build/spec012/confirm-01-short-hop/workload-0099-repeat-00.csv,7763c12e7590e83ac58fdd6538d62753f78c9a8170b22bc44105b61a1c7fe02b
3aeff8d50243a034,m1-pro-16gb-local,589265664ca4d5d9b72fb5a5ab822f6160b5bef1e087ea0f1ef450915b6c54de,aligned,fftw-ols-identity-double,64,0,0,2368,1,37,0,128,throughput,48000,0,steady,1,64,spec012-confirm-01,1,23.9186351879223,ns/engine-sample,1,151552,3.1573333333333333,4096,3624917.0,3624.917,3624917.0,3624917.0,3624917.0,3624917.0,3624.917,3624.917,3624.917,3624.917,,,,0.042,0.042,0.0,0.375,0.75,,0.0,1.3125,/Users/christiankauten/Documents/Projects/Rack/plugins/Fourier/.build/spec012/confirm-01-short-hop/workload-0099-repeat-01.csv,096a1254c0582687dbeeea20e8890cbdac9ac3e8c82878664ecbc01d881485a4
3aeff8d50243a034,m1-pro-16gb-local,589265664ca4d5d9b72fb5a5ab822f6160b5bef1e087ea0f1ef450915b6c54de,aligned,fftw-ols-identity-double,64,0,0,2368,1,37,0,128,throughput,48000,0,steady,1,64,spec012-confirm-01,2,23.837798247466218,ns/engine-sample,1,151552,3.1573333333333333,4096,3612666.0,3612.666,3612666.0,3612666.0,3612666.0,3612666.0,3612.666,3612.666,3612.666,3612.666,,,,0.042,0.084,0.0,0.375,0.75,,0.0,1.3125,/Users/christiankauten/Documents/Projects/Rack/plugins/Fourier/.build/spec012/confirm-01-short-hop/workload-0099-repeat-02.csv,a3f09008dea79d00565a92cc724830a0b5f5dfa5556d06da516b80ce21178074
3aeff8d50243a034,m1-pro-16gb-local,589265664ca4d5d9b72fb5a5ab822f6160b5bef1e087ea0f1ef450915b6c54de,aligned,fftw-ols-identity-double,64,0,0,2368,1,37,0,128,throughput,48000,0,steady,1,64,spec012-confirm-02,0,23.88673854518581,ns/engine-sample,1,151552,3.1573333333333333,4096,3620083.0,3620.083,3620083.0,3620083.0,3620083.0,3620083.0,3620.083,3620.083,3620.083,3620.083,,,,0.042,0.042,0.0,0.375,0.75,,0.0,1.3125,/Users/christiankauten/Documents/Projects/Rack/plugins/Fourier/.build/spec012/confirm-02-short-hop/workload-0099-repeat-00.csv,e13215688fb9f792b3e380cced907d273810aa1bf5846930b0d55bfe210c889a
3aeff8d50243a034,m1-pro-16gb-local,589265664ca4d5d9b72fb5a5ab822f6160b5bef1e087ea0f1ef450915b6c54de,aligned,fftw-ols-identity-double,64,0,0,2368,1,37,0,128,throughput,48000,0,steady,1,64,spec012-confirm-02,1,23.85870196368243,ns/engine-sample,1,151552,3.1573333333333333,4096,3615834.0,3615.834,3615834.0,3615834.0,3615834.0,3615834.0,3615.834,3615.834,3615.834,3615.834,,,,0.042,0.084,0.0,0.375,0.75,,0.0,1.3125,/Users/christiankauten/Documents/Projects/Rack/plugins/Fourier/.build/spec012/confirm-02-short-hop/workload-0099-repeat-01.csv,57d9c1aecad8e6502245aa4ee074b656a613932ecc520e3f6c1add182d3e04c1
3aeff8d50243a034,m1-pro-16gb-local,589265664ca4d5d9b72fb5a5ab822f6160b5bef1e087ea0f1ef450915b6c54de,aligned,fftw-ols-identity-double,64,0,0,2368,1,37,0,128,throughput,48000,0,steady,1,64,spec012-confirm-02,2,23.811681798986488,ns/engine-sample,1,151552,3.1573333333333333,4096,3608708.0,3608.708,3608708.0,3608708.0,3608708.0,3608708.0,3608.708,3608.708,3608.708,3608.708,,,,0.042,0.083,0.0,0.375,0.75,,0.0,1.3125,/Users/christiankauten/Documents/Projects/Rack/plugins/Fourier/.build/spec012/confirm-02-short-hop/workload-0099-repeat-02.csv,3fa1dc3289295724dc4cfc5688ab9980fe5d6ce3ef8cdb97b0b24f21a7b1c9b6
3aeff8d50243a034,m1-pro-16gb-local,589265664ca4d5d9b72fb5a5ab822f6160b5bef1e087ea0f1ef450915b6c54de,aligned,fftw-ols-identity-double,64,0,0,2368,1,37,0,128,throughput,48000,0,steady,1,64,spec012-confirm-03,0,24.049230627111488,ns/engine-sample,1,151552,3.1573333333333333,4096,3644709.0,3644.709,3644709.0,3644709.0,3644709.0,3644709.0,3644.709,3644.709,3644.709,3644.709,,,,0.042,0.042,0.0,0.375,0.75,,0.0,1.3125,/Users/christiankauten/Documents/Projects/Rack/plugins/Fourier/.build/spec012/confirm-03-short-hop/workload-0099-repeat-00.csv,807c937ee08b303aa31cb015901fba04bbec35ef8cdf895e3935856a2add5b01
3aeff8d50243a034,m1-pro-16gb-local,589265664ca4d5d9b72fb5a5ab822f6160b5bef1e087ea0f1ef450915b6c54de,aligned,fftw-ols-identity-double,64,0,0,2368,1,37,0,128,throughput,48000,0,steady,1,64,spec012-confirm-03,1,23.79986407305743,ns/engine-sample,1,151552,3.1573333333333333,4096,3606917.0,3606.917,3606917.0,3606917.0,3606917.0,3606917.0,3606.917,3606.917,3606.917,3606.917,,,,0.042,0.083,0.0,0.375,0.75,,0.0,1.3125,/Users/christiankauten/Documents/Projects/Rack/plugins/Fourier/.build/spec012/confirm-03-short-hop/workload-0099-repeat-01.csv,fa473ad4554a45949ec772423bfb0c94579c797f3c2e62c74ce9cb244ee4d50b
3aeff8d50243a034,m1-pro-16gb-local,589265664ca4d5d9b72fb5a5ab822f6160b5bef1e087ea0f1ef450915b6c54de,aligned,fftw-ols-identity-double,64,0,0,2368,1,37,0,128,throughput,48000,0,steady,1,64,spec012-confirm-03,2,23.83203125,ns/engine-sample,1,151552,3.1573333333333333,4096,3611792.0,3611.792,3611792.0,3611792.0,3611792.0,3611792.0,3611.792,3611.792,3611.792,3611.792,,,,0.042,0.042,0.0,0.375,0.75,,0.0,1.3125,/Users/christiankauten/Documents/Projects/Rack/plugins/Fourier/.build/spec012/confirm-03-short-hop/workload-0099-repeat-02.csv,b517a8928347f496b94f99c6191db38d09516dcfef247a01616f853f5e29a096
3aeff8d50243a034,m1-pro-16gb-local,5ad3a8cb7d7c826ceea7398fbcbb0e8bba371ad72856be9659d019f36631a207,aligned,vdsp-ols-identity-float,64,0,0,2368,1,37,0,128,throughput,48000,0,steady,1,64,spec012-confirm-01,0,18.28608002533784,ns/engine-sample,1,151552,3.1573333333333333,4096,2771292.0,2771.292,2771292.0,2771292.0,2771292.0,2771292.0,2771.292,2771.292,2771.292,2771.292,,,,0.042,0.042,0.0,0.375,0.75,,0.0,1.3125,/Users/christiankauten/Documents/Projects/Rack/plugins/Fourier/.build/spec012/confirm-01-short-hop/workload-0040-repeat-00.csv,3ca60f1e5e946739dc749d4ad22c6fc522bc01fe77f6ad75dc0847bfb59cda45
3aeff8d50243a034,m1-pro-16gb-local,5ad3a8cb7d7c826ceea7398fbcbb0e8bba371ad72856be9659d019f36631a207,aligned,vdsp-ols-identity-float,64,0,0,2368,1,37,0,128,throughput,48000,0,steady,1,64,spec012-confirm-01,1,18.345458984375,ns/engine-sample,1,151552,3.1573333333333333,4096,2780291.0,2780.291,2780291.0,2780291.0,2780291.0,2780291.0,2780.291,2780.291,2780.291,2780.291,,,,0.042,0.042,0.0,0.375,0.75,,0.0,1.3125,/Users/christiankauten/Documents/Projects/Rack/plugins/Fourier/.build/spec012/confirm-01-short-hop/workload-0040-repeat-01.csv,23877c813cbc31efff8010b37a13d55d7926d47ebf3c0f56ff725cfc6f1e85ee
3aeff8d50243a034,m1-pro-16gb-local,5ad3a8cb7d7c826ceea7398fbcbb0e8bba371ad72856be9659d019f36631a207,aligned,vdsp-ols-identity-float,64,0,0,2368,1,37,0,128,throughput,48000,0,steady,1,64,spec012-confirm-01,2,18.38642842060811,ns/engine-sample,1,151552,3.1573333333333333,4096,2786500.0,2786.5,2786500.0,2786500.0,2786500.0,2786500.0,2786.5,2786.5,2786.5,2786.5,,,,0.042,0.083,0.0,0.375,0.75,,0.0,1.3125,/Users/christiankauten/Documents/Projects/Rack/plugins/Fourier/.build/spec012/confirm-01-short-hop/workload-0040-repeat-02.csv,78669000e5fa4184e9e7fa4b9a0740ef528b3327338878f42b133ca26df5d083
3aeff8d50243a034,m1-pro-16gb-local,5ad3a8cb7d7c826ceea7398fbcbb0e8bba371ad72856be9659d019f36631a207,aligned,vdsp-ols-identity-float,64,0,0,2368,1,37,0,128,throughput,48000,0,steady,1,64,spec012-confirm-02,0,18.335561391469593,ns/engine-sample,1,151552,3.1573333333333333,4096,2778791.0,2778.791,2778791.0,2778791.0,2778791.0,2778791.0,2778.791,2778.791,2778.791,2778.791,,,,0.042,0.042,0.0,0.375,0.75,,0.0,1.3125,/Users/christiankauten/Documents/Projects/Rack/plugins/Fourier/.build/spec012/confirm-02-short-hop/workload-0040-repeat-00.csv,809b83830000ca229e6fda1c7c614426495312ab8a3dc7c065610231e66ccc1b
3aeff8d50243a034,m1-pro-16gb-local,5ad3a8cb7d7c826ceea7398fbcbb0e8bba371ad72856be9659d019f36631a207,aligned,vdsp-ols-identity-float,64,0,0,2368,1,37,0,128,throughput,48000,0,steady,1,64,spec012-confirm-02,1,18.39824614653716,ns/engine-sample,1,151552,3.1573333333333333,4096,2788291.0,2788.291,2788291.0,2788291.0,2788291.0,2788291.0,2788.291,2788.291,2788.291,2788.291,,,,0.042,0.042,0.0,0.375,0.75,,0.0,1.3125,/Users/christiankauten/Documents/Projects/Rack/plugins/Fourier/.build/spec012/confirm-02-short-hop/workload-0040-repeat-01.csv,1f54e4dc2e2bd02295bfda3d3a014df47843cc37fa5dc72f2da9b8f3fee9b30a
3aeff8d50243a034,m1-pro-16gb-local,5ad3a8cb7d7c826ceea7398fbcbb0e8bba371ad72856be9659d019f36631a207,aligned,vdsp-ols-identity-float,64,0,0,2368,1,37,0,128,throughput,48000,0,steady,1,64,spec012-confirm-02,2,18.363611169763512,ns/engine-sample,1,151552,3.1573333333333333,4096,2783042.0,2783.042,2783042.0,2783042.0,2783042.0,2783042.0,2783.042,2783.042,2783.042,2783.042,,,,0.042,0.042,0.0,0.375,0.75,,0.0,1.3125,/Users/christiankauten/Documents/Projects/Rack/plugins/Fourier/.build/spec012/confirm-02-short-hop/workload-0040-repeat-02.csv,77a9b3d8c460c085389b6c76db2d695ebc0f3385b41bf5ec8e8cf02aa030d03e
3aeff8d50243a034,m1-pro-16gb-local,5ad3a8cb7d7c826ceea7398fbcbb0e8bba371ad72856be9659d019f36631a207,aligned,vdsp-ols-identity-float,64,0,0,2368,1,37,0,128,throughput,48000,0,steady,1,64,spec012-confirm-03,0,18.327042863175677,ns/engine-sample,1,151552,3.1573333333333333,4096,2777500.0,2777.5,2777500.0,2777500.0,2777500.0,2777500.0,2777.5,2777.5,2777.5,2777.5,,,,0.042,0.125,0.0,0.375,0.75,,0.0,1.3125,/Users/christiankauten/Documents/Projects/Rack/plugins/Fourier/.build/spec012/confirm-03-short-hop/workload-0040-repeat-00.csv,aad8da7109deb4f39778d6a48dc668b4f60ce427b5c3aa6dff316e4322910e95
3aeff8d50243a034,m1-pro-16gb-local,5ad3a8cb7d7c826ceea7398fbcbb0e8bba371ad72856be9659d019f36631a207,aligned,vdsp-ols-identity-float,64,0,0,2368,1,37,0,128,throughput,48000,0,steady,1,64,spec012-confirm-03,1,18.83346970016892,ns/engine-sample,1,151552,3.1573333333333333,4096,2854250.0,2854.25,2854250.0,2854250.0,2854250.0,2854250.0,2854.25,2854.25,2854.25,2854.25,,,,0.042,0.042,0.0,0.375,0.75,,0.0,1.3125,/Users/christiankauten/Documents/Projects/Rack/plugins/Fourier/.build/spec012/confirm-03-short-hop/workload-0040-repeat-01.csv,8a8583d2e9f3d4452c07c84962216fade92203a5f5d0489c19808b807bb8da3a
3aeff8d50243a034,m1-pro-16gb-local,5ad3a8cb7d7c826ceea7398fbcbb0e8bba371ad72856be9659d019f36631a207,aligned,vdsp-ols-identity-float,64,0,0,2368,1,37,0,128,throughput,48000,0,steady,1,64,spec012-confirm-03,2,18.79690799197635,ns/engine-sample,1,151552,3.1573333333333333,4096,2848709.0,2848.709,2848709.0,2848709.0,2848709.0,2848709.0,2848.709,2848.709,2848.709,2848.709,,,,0.042,0.042,0.0,0.375,0.75,,0.0,1.3125,/Users/christiankauten/Documents/Projects/Rack/plugins/Fourier/.build/spec012/confirm-03-short-hop/workload-0040-repeat-02.csv,a99cc500957d79b166e1c15fb5d85612b338b5c6a1101f7476bb414424a21971
3aeff8d50243a034,m1-pro-16gb-local,5b24f49a6a1ef1e1a0941cf35d5db8a49c0b5b0bbed74f8608bbe21e2865ab05,aligned,vdsp-analysis4-float,64,0,0,2368,1,37,0,128,callback,48000,0,steady,1,64,spec012-confirm-01,0,44.73449377111486,ns/engine-sample,2368,151552,3.1573333333333333,4096,6779602.0,6779.602,3166.0,3208.0,3291.0,8167.0,3.166,3.208,3.291,8.167,1333.3333333333333,0,0.0,0.042,0.042,0.0,1.3229166666666667,,1.3229166666666667,0.0,1.3125,/Users/christiankauten/Documents/Projects/Rack/plugins/Fourier/.build/spec012/confirm-01-short-hop/workload-0050-repeat-00.csv,df727cc1b675b07876068f01ee93bd8b5f10a180908f9b5c9e2ed3a086cc64a6
3aeff8d50243a034,m1-pro-16gb-local,5b24f49a6a1ef1e1a0941cf35d5db8a49c0b5b0bbed74f8608bbe21e2865ab05,aligned,vdsp-analysis4-float,64,0,0,2368,1,37,0,128,callback,48000,0,steady,1,64,spec012-confirm-01,1,44.676856788429056,ns/engine-sample,2368,151552,3.1573333333333333,4096,6770867.0,6770.867,3166.0,3167.0,3209.0,3333.0,3.166,3.167,3.209,3.333,1333.3333333333333,0,0.0,0.042,0.042,0.0,1.3229166666666667,,1.3229166666666667,0.0,1.3125,/Users/christiankauten/Documents/Projects/Rack/plugins/Fourier/.build/spec012/confirm-01-short-hop/workload-0050-repeat-01.csv,e96e5cfdc79c23dbacb1bab990453e6003fc466f0f50c1820b536c32f7d95978
3aeff8d50243a034,m1-pro-16gb-local,5b24f49a6a1ef1e1a0941cf35d5db8a49c0b5b0bbed74f8608bbe21e2865ab05,aligned,vdsp-analysis4-float,64,0,0,2368,1,37,0,128,callback,48000,0,steady,1,64,spec012-confirm-01,2,44.75510055954392,ns/engine-sample,2368,151552,3.1573333333333333,4096,6782725.0,6782.725,3166.0,3208.0,3292.0,7542.0,3.166,3.208,3.292,7.542,1333.3333333333333,0,0.0,0.042,0.042,0.0,1.3229166666666667,,1.3229166666666667,0.0,1.3125,/Users/christiankauten/Documents/Projects/Rack/plugins/Fourier/.build/spec012/confirm-01-short-hop/workload-0050-repeat-02.csv,7a083e3daf3d15a7919c300ff4b21e923c122619e1460e280d3eb8067e0af98f
3aeff8d50243a034,m1-pro-16gb-local,5b24f49a6a1ef1e1a0941cf35d5db8a49c0b5b0bbed74f8608bbe21e2865ab05,aligned,vdsp-analysis4-float,64,0,0,2368,1,37,0,128,callback,48000,0,steady,1,64,spec012-confirm-02,0,44.739264410895274,ns/engine-sample,2368,151552,3.1573333333333333,4096,6780325.0,6780.325,3166.0,3208.0,3292.0,3334.0,3.166,3.208,3.292,3.334,1333.3333333333333,0,0.0,0.042,0.042,0.0,1.3229166666666667,,1.3229166666666667,0.0,1.3125,/Users/christiankauten/Documents/Projects/Rack/plugins/Fourier/.build/spec012/confirm-02-short-hop/workload-0050-repeat-00.csv,66edfdee042a86cd19c5fa90a059c59e03899fce80d5501dd746f2afed48e49a
3aeff8d50243a034,m1-pro-16gb-local,5b24f49a6a1ef1e1a0941cf35d5db8a49c0b5b0bbed74f8608bbe21e2865ab05,aligned,vdsp-analysis4-float,64,0,0,2368,1,37,0,128,callback,48000,0,steady,1,64,spec012-confirm-02,1,44.64391759923986,ns/engine-sample,2368,151552,3.1573333333333333,4096,6765875.0,6765.875,3166.0,3167.0,3209.0,3334.0,3.166,3.167,3.209,3.334,1333.3333333333333,0,0.0,0.042,0.042,0.0,1.3229166666666667,,1.3229166666666667,0.0,1.3125,/Users/christiankauten/Documents/Projects/Rack/plugins/Fourier/.build/spec012/confirm-02-short-hop/workload-0050-repeat-01.csv,8a1b8dbdd2865002bfaa8fa18bb845c7a203333df19e1ab242ffaf300e0d1b48
3aeff8d50243a034,m1-pro-16gb-local,5b24f49a6a1ef1e1a0941cf35d5db8a49c0b5b0bbed74f8608bbe21e2865ab05,aligned,vdsp-analysis4-float,64,0,0,2368,1,37,0,128,callback,48000,0,steady,1,64,spec012-confirm-02,2,44.79814849028716,ns/engine-sample,2368,151552,3.1573333333333333,4096,6789249.0,6789.249,3166.0,3208.0,3291.0,3334.0,3.166,3.208,3.291,3.334,1333.3333333333333,0,0.0,0.042,0.042,0.0,1.3229166666666667,,1.3229166666666667,0.0,1.3125,/Users/christiankauten/Documents/Projects/Rack/plugins/Fourier/.build/spec012/confirm-02-short-hop/workload-0050-repeat-02.csv,a9afa332c5a3ff23df8a917a555a8d87c3ff78b325f1cf60843dd8be0df1eea6
3aeff8d50243a034,m1-pro-16gb-local,5b24f49a6a1ef1e1a0941cf35d5db8a49c0b5b0bbed74f8608bbe21e2865ab05,aligned,vdsp-analysis4-float,64,0,0,2368,1,37,0,128,callback,48000,0,steady,1,64,spec012-confirm-03,0,44.59797957136824,ns/engine-sample,2368,151552,3.1573333333333333,4096,6758913.0,6758.913,3166.0,3167.0,3209.0,3333.0,3.166,3.167,3.209,3.333,1333.3333333333333,0,0.0,0.042,0.083,0.0,1.3229166666666667,,1.3229166666666667,0.0,1.3125,/Users/christiankauten/Documents/Projects/Rack/plugins/Fourier/.build/spec012/confirm-03-short-hop/workload-0050-repeat-00.csv,c03845d4780e38423b8567ef70bbbda0d5a677fe29de79375a6371c9056cb26f
3aeff8d50243a034,m1-pro-16gb-local,5b24f49a6a1ef1e1a0941cf35d5db8a49c0b5b0bbed74f8608bbe21e2865ab05,aligned,vdsp-analysis4-float,64,0,0,2368,1,37,0,128,callback,48000,0,steady,1,64,spec012-confirm-03,1,45.52450644003378,ns/engine-sample,2368,151552,3.1573333333333333,4096,6899330.0,6899.33,3208.0,3250.0,3292.0,3583.0,3.208,3.25,3.292,3.583,1333.3333333333333,0,0.0,0.042,0.042,0.0,1.3229166666666667,,1.3229166666666667,0.0,1.3125,/Users/christiankauten/Documents/Projects/Rack/plugins/Fourier/.build/spec012/confirm-03-short-hop/workload-0050-repeat-01.csv,4a5e30b6510c6f92ea50df960c24b432dd3850b4584c42d6acf5da48dab02e11
3aeff8d50243a034,m1-pro-16gb-local,5b24f49a6a1ef1e1a0941cf35d5db8a49c0b5b0bbed74f8608bbe21e2865ab05,aligned,vdsp-analysis4-float,64,0,0,2368,1,37,0,128,callback,48000,0,steady,1,64,spec012-confirm-03,2,44.730745882601354,ns/engine-sample,2368,151552,3.1573333333333333,4096,6779034.0,6779.034,3166.0,3208.0,3250.0,3334.0,3.166,3.208,3.25,3.334,1333.3333333333333,0,0.0,0.042,0.042,0.0,1.3229166666666667,,1.3229166666666667,0.0,1.3125,/Users/christiankauten/Documents/Projects/Rack/plugins/Fourier/.build/spec012/confirm-03-short-hop/workload-0050-repeat-02.csv,ef41259899513d715dd36dd7577ac2b84013c6646673b688ea28bddd5892a38f
3aeff8d50243a034,m1-pro-16gb-local,5bd15160ca983856b847e3cda391e30be3f51c22bef5ba6c6eb63e0023ffefc4,aligned,vdsp-ols-identity-double,64,0,0,2368,1,37,0,128,throughput,48000,0,steady,1,64,spec012-confirm-01,0,22.32319599873311,ns/engine-sample,1,151552,3.1573333333333333,4096,3383125.0,3383.125,3383125.0,3383125.0,3383125.0,3383125.0,3383.125,3383.125,3383.125,3383.125,,,,0.042,0.042,0.0,0.375,0.75,,0.0,1.3125,/Users/christiankauten/Documents/Projects/Rack/plugins/Fourier/.build/spec012/confirm-01-short-hop/workload-0100-repeat-00.csv,7c51e4004a8348c84396745f8dfe2c9e77dd99dfcf890594ec426cd539683c07
3aeff8d50243a034,m1-pro-16gb-local,5bd15160ca983856b847e3cda391e30be3f51c22bef5ba6c6eb63e0023ffefc4,aligned,vdsp-ols-identity-double,64,0,0,2368,1,37,0,128,throughput,48000,0,steady,1,64,spec012-confirm-01,1,22.10765281883446,ns/engine-sample,1,151552,3.1573333333333333,4096,3350459.0,3350.459,3350459.0,3350459.0,3350459.0,3350459.0,3350.459,3350.459,3350.459,3350.459,,,,0.042,0.042,0.0,0.375,0.75,,0.0,1.3125,/Users/christiankauten/Documents/Projects/Rack/plugins/Fourier/.build/spec012/confirm-01-short-hop/workload-0100-repeat-01.csv,28b0dd227b4d4b257587930e648f47ef643108b33a677da0f7874d893c8733ed
3aeff8d50243a034,m1-pro-16gb-local,5bd15160ca983856b847e3cda391e30be3f51c22bef5ba6c6eb63e0023ffefc4,aligned,vdsp-ols-identity-double,64,0,0,2368,1,37,0,128,throughput,48000,0,steady,1,64,spec012-confirm-01,2,22.142017261402028,ns/engine-sample,1,151552,3.1573333333333333,4096,3355667.0,3355.667,3355667.0,3355667.0,3355667.0,3355667.0,3355.667,3355.667,3355.667,3355.667,,,,0.042,0.083,0.0,0.375,0.75,,0.0,1.3125,/Users/christiankauten/Documents/Projects/Rack/plugins/Fourier/.build/spec012/confirm-01-short-hop/workload-0100-repeat-02.csv,38bd4c8baae860b54436da62a38df5bd4fdf91facbf677ff06be9b127c4f8cdb
3aeff8d50243a034,m1-pro-16gb-local,5bd15160ca983856b847e3cda391e30be3f51c22bef5ba6c6eb63e0023ffefc4,aligned,vdsp-ols-identity-double,64,0,0,2368,1,37,0,128,throughput,48000,0,steady,1,64,spec012-confirm-02,0,22.10379935599662,ns/engine-sample,1,151552,3.1573333333333333,4096,3349875.0,3349.875,3349875.0,3349875.0,3349875.0,3349875.0,3349.875,3349.875,3349.875,3349.875,,,,0.042,0.083,0.0,0.375,0.75,,0.0,1.3125,/Users/christiankauten/Documents/Projects/Rack/plugins/Fourier/.build/spec012/confirm-02-short-hop/workload-0100-repeat-00.csv,37b8d0db4302b1e8f597650a80a3d47d3f319173c960805777a49e54fe5a0824
3aeff8d50243a034,m1-pro-16gb-local,5bd15160ca983856b847e3cda391e30be3f51c22bef5ba6c6eb63e0023ffefc4,aligned,vdsp-ols-identity-double,64,0,0,2368,1,37,0,128,throughput,48000,0,steady,1,64,spec012-confirm-02,1,22.1486156566723,ns/engine-sample,1,151552,3.1573333333333333,4096,3356667.0,3356.667,3356667.0,3356667.0,3356667.0,3356667.0,3356.667,3356.667,3356.667,3356.667,,,,0.042,0.042,0.0,0.375,0.75,,0.0,1.3125,/Users/christiankauten/Documents/Projects/Rack/plugins/Fourier/.build/spec012/confirm-02-short-hop/workload-0100-repeat-01.csv,4433a345f94bf7b4ee16a163cbceea704915bca28ac0ab189fe2d1458a609cb8
3aeff8d50243a034,m1-pro-16gb-local,5bd15160ca983856b847e3cda391e30be3f51c22bef5ba6c6eb63e0023ffefc4,aligned,vdsp-ols-identity-double,64,0,0,2368,1,37,0,128,throughput,48000,0,steady,1,64,spec012-confirm-02,2,22.148061391469593,ns/engine-sample,1,151552,3.1573333333333333,4096,3356583.0,3356.583,3356583.0,3356583.0,3356583.0,3356583.0,3356.583,3356.583,3356.583,3356.583,,,,0.042,0.042,0.0,0.375,0.75,,0.0,1.3125,/Users/christiankauten/Documents/Projects/Rack/plugins/Fourier/.build/spec012/confirm-02-short-hop/workload-0100-repeat-02.csv,09e65a9b62f22f17beb2365d8210df8465e22d33f14bca881ab422f28d8eb2c2
3aeff8d50243a034,m1-pro-16gb-local,5bd15160ca983856b847e3cda391e30be3f51c22bef5ba6c6eb63e0023ffefc4,aligned,vdsp-ols-identity-double,64,0,0,2368,1,37,0,128,throughput,48000,0,steady,1,64,spec012-confirm-03,0,22.29735008445946,ns/engine-sample,1,151552,3.1573333333333333,4096,3379208.0,3379.208,3379208.0,3379208.0,3379208.0,3379208.0,3379.208,3379.208,3379.208,3379.208,,,,0.042,0.042,0.0,0.375,0.75,,0.0,1.3125,/Users/christiankauten/Documents/Projects/Rack/plugins/Fourier/.build/spec012/confirm-03-short-hop/workload-0100-repeat-00.csv,35307f44a9a9d8daf68d504a2205ed35513b3940877397362897a1b85dc8a071
3aeff8d50243a034,m1-pro-16gb-local,5bd15160ca983856b847e3cda391e30be3f51c22bef5ba6c6eb63e0023ffefc4,aligned,vdsp-ols-identity-double,64,0,0,2368,1,37,0,128,throughput,48000,0,steady,1,64,spec012-confirm-03,1,22.60747466216216,ns/engine-sample,1,151552,3.1573333333333333,4096,3426208.0,3426.208,3426208.0,3426208.0,3426208.0,3426208.0,3426.208,3426.208,3426.208,3426.208,,,,0.042,0.042,0.0,0.375,0.75,,0.0,1.3125,/Users/christiankauten/Documents/Projects/Rack/plugins/Fourier/.build/spec012/confirm-03-short-hop/workload-0100-repeat-01.csv,1491132e1cb76a9f1396221770f541f22aa9fdb964b2cfbeeca931f03ed0d5eb
3aeff8d50243a034,m1-pro-16gb-local,5bd15160ca983856b847e3cda391e30be3f51c22bef5ba6c6eb63e0023ffefc4,aligned,vdsp-ols-identity-double,64,0,0,2368,1,37,0,128,throughput,48000,0,steady,1,64,spec012-confirm-03,2,22.076310441300677,ns/engine-sample,1,151552,3.1573333333333333,4096,3345709.0,3345.709,3345709.0,3345709.0,3345709.0,3345709.0,3345.709,3345.709,3345.709,3345.709,,,,0.042,0.042,0.0,0.375,0.75,,0.0,1.3125,/Users/christiankauten/Documents/Projects/Rack/plugins/Fourier/.build/spec012/confirm-03-short-hop/workload-0100-repeat-02.csv,f491a27b36e7f9adb39f61ff99c298a81c3e95c3c672c504e5a6120f32cb4574
3aeff8d50243a034,m1-pro-16gb-local,5fe72b188a0bb1600d3c28d715422842d701cfa16889fef363cf3e30fb9b8862,aligned,pffft-ols-identity-float,64,0,0,2368,1,37,0,128,throughput,48000,0,steady,1,64,spec012-confirm-01,0,19.91670845650338,ns/engine-sample,1,151552,3.1573333333333333,4096,3018417.0,3018.417,3018417.0,3018417.0,3018417.0,3018417.0,3018.417,3018.417,3018.417,3018.417,,,,0.042,0.042,0.0,0.375,0.75,,0.0,1.3125,/Users/christiankauten/Documents/Projects/Rack/plugins/Fourier/.build/spec012/confirm-01-short-hop/workload-0038-repeat-00.csv,013983bb88e4a477e6c496b7c20b97de3238a86445be8b0e7388fc9f2eb0b637
3aeff8d50243a034,m1-pro-16gb-local,5fe72b188a0bb1600d3c28d715422842d701cfa16889fef363cf3e30fb9b8862,aligned,pffft-ols-identity-float,64,0,0,2368,1,37,0,128,throughput,48000,0,steady,1,64,spec012-confirm-01,1,19.957117029138512,ns/engine-sample,1,151552,3.1573333333333333,4096,3024541.0,3024.541,3024541.0,3024541.0,3024541.0,3024541.0,3024.541,3024.541,3024.541,3024.541,,,,0.042,0.042,0.0,0.375,0.75,,0.0,1.3125,/Users/christiankauten/Documents/Projects/Rack/plugins/Fourier/.build/spec012/confirm-01-short-hop/workload-0038-repeat-01.csv,ff3ab4f71af07c1cdf95e0ac9d3bb085403cf24e141bf4294151c4575349034a
3aeff8d50243a034,m1-pro-16gb-local,5fe72b188a0bb1600d3c28d715422842d701cfa16889fef363cf3e30fb9b8862,aligned,pffft-ols-identity-float,64,0,0,2368,1,37,0,128,throughput,48000,0,steady,1,64,spec012-confirm-01,2,19.87079022381757,ns/engine-sample,1,151552,3.1573333333333333,4096,3011458.0,3011.458,3011458.0,3011458.0,3011458.0,3011458.0,3011.458,3011.458,3011.458,3011.458,,,,0.042,0.042,0.0,0.375,0.75,,0.0,1.3125,/Users/christiankauten/Documents/Projects/Rack/plugins/Fourier/.build/spec012/confirm-01-short-hop/workload-0038-repeat-02.csv,da3dc019730ef47cb15b4bbbe08ee6a46c3cc8c5a8b4c48250011f7de8dd99e0
3aeff8d50243a034,m1-pro-16gb-local,5fe72b188a0bb1600d3c28d715422842d701cfa16889fef363cf3e30fb9b8862,aligned,pffft-ols-identity-float,64,0,0,2368,1,37,0,128,throughput,48000,0,steady,1,64,spec012-confirm-02,0,19.777587890625,ns/engine-sample,1,151552,3.1573333333333333,4096,2997333.0,2997.333,2997333.0,2997333.0,2997333.0,2997333.0,2997.333,2997.333,2997.333,2997.333,,,,0.042,0.042,0.0,0.375,0.75,,0.0,1.3125,/Users/christiankauten/Documents/Projects/Rack/plugins/Fourier/.build/spec012/confirm-02-short-hop/workload-0038-repeat-00.csv,5f1b426d4d9f4cccb7c8cf27f024d70cc50507cf6e45de624b971d5f2ac3e382
3aeff8d50243a034,m1-pro-16gb-local,5fe72b188a0bb1600d3c28d715422842d701cfa16889fef363cf3e30fb9b8862,aligned,pffft-ols-identity-float,64,0,0,2368,1,37,0,128,throughput,48000,0,steady,1,64,spec012-confirm-02,1,19.813331397804053,ns/engine-sample,1,151552,3.1573333333333333,4096,3002750.0,3002.75,3002750.0,3002750.0,3002750.0,3002750.0,3002.75,3002.75,3002.75,3002.75,,,,0.042,0.084,0.0,0.375,0.75,,0.0,1.3125,/Users/christiankauten/Documents/Projects/Rack/plugins/Fourier/.build/spec012/confirm-02-short-hop/workload-0038-repeat-01.csv,2976a722fe61a51656ee0e37c017c7e64a6592536b8951254532855908c207c2
3aeff8d50243a034,m1-pro-16gb-local,5fe72b188a0bb1600d3c28d715422842d701cfa16889fef363cf3e30fb9b8862,aligned,pffft-ols-identity-float,64,0,0,2368,1,37,0,128,throughput,48000,0,steady,1,64,spec012-confirm-02,2,19.84027264569257,ns/engine-sample,1,151552,3.1573333333333333,4096,3006833.0,3006.833,3006833.0,3006833.0,3006833.0,3006833.0,3006.833,3006.833,3006.833,3006.833,,,,0.042,0.042,0.0,0.375,0.75,,0.0,1.3125,/Users/christiankauten/Documents/Projects/Rack/plugins/Fourier/.build/spec012/confirm-02-short-hop/workload-0038-repeat-02.csv,39fb09a7b496182d86a78b0cbd29fe1b5411450f3da39efe7a962a780572a18a
3aeff8d50243a034,m1-pro-16gb-local,5fe72b188a0bb1600d3c28d715422842d701cfa16889fef363cf3e30fb9b8862,aligned,pffft-ols-identity-float,64,0,0,2368,1,37,0,128,throughput,48000,0,steady,1,64,spec012-confirm-03,0,19.80618533572635,ns/engine-sample,1,151552,3.1573333333333333,4096,3001667.0,3001.667,3001667.0,3001667.0,3001667.0,3001667.0,3001.667,3001.667,3001.667,3001.667,,,,0.042,0.042,0.0,0.375,0.75,,0.0,1.3125,/Users/christiankauten/Documents/Projects/Rack/plugins/Fourier/.build/spec012/confirm-03-short-hop/workload-0038-repeat-00.csv,074560001ff683de2d4623507d7a8b14c8150ef5acf4cb575cb7237a5a39df5f
3aeff8d50243a034,m1-pro-16gb-local,5fe72b188a0bb1600d3c28d715422842d701cfa16889fef363cf3e30fb9b8862,aligned,pffft-ols-identity-float,64,0,0,2368,1,37,0,128,throughput,48000,0,steady,1,64,spec012-confirm-03,1,19.9612476245777,ns/engine-sample,1,151552,3.1573333333333333,4096,3025167.0,3025.167,3025167.0,3025167.0,3025167.0,3025167.0,3025.167,3025.167,3025.167,3025.167,,,,0.042,0.083,0.0,0.375,0.75,,0.0,1.3125,/Users/christiankauten/Documents/Projects/Rack/plugins/Fourier/.build/spec012/confirm-03-short-hop/workload-0038-repeat-01.csv,939b8b3eb9cf13a4f94f9a94f38761a4688394ddc09c36fff678038570d185dd
3aeff8d50243a034,m1-pro-16gb-local,5fe72b188a0bb1600d3c28d715422842d701cfa16889fef363cf3e30fb9b8862,aligned,pffft-ols-identity-float,64,0,0,2368,1,37,0,128,throughput,48000,0,steady,1,64,spec012-confirm-03,2,19.862548828125,ns/engine-sample,1,151552,3.1573333333333333,4096,3010209.0,3010.209,3010209.0,3010209.0,3010209.0,3010209.0,3010.209,3010.209,3010.209,3010.209,,,,0.042,0.042,0.0,0.375,0.75,,0.0,1.3125,/Users/christiankauten/Documents/Projects/Rack/plugins/Fourier/.build/spec012/confirm-03-short-hop/workload-0038-repeat-02.csv,8056065c878119db56562ad3a19f696660d1feaa92383bc049b0899da6b3b3f8
3aeff8d50243a034,m1-pro-16gb-local,604c71ff3d3a1988a13db271cce02ff18deeae69b93aae8f6cd7f1c283c12a75,aligned,core-independent4-simd,64,0,0,2368,1,37,0,128,throughput,48000,0,steady,1,64,spec012-confirm-01,0,33.825023754222975,ns/engine-sample,1,151552,3.1573333333333333,4096,5126250.0,5126.25,5126250.0,5126250.0,5126250.0,5126250.0,5126.25,5126.25,5126.25,5126.25,,,,0.042,0.042,0.75,1.3229166666666667,,2.072916666666667,0.75,2.0625,/Users/christiankauten/Documents/Projects/Rack/plugins/Fourier/.build/spec012/confirm-01-short-hop/workload-0052-repeat-00.csv,0d55c1bbbe165441b24c4f73a3f3f891a9583bb5c9703d94980191880e94db80
3aeff8d50243a034,m1-pro-16gb-local,604c71ff3d3a1988a13db271cce02ff18deeae69b93aae8f6cd7f1c283c12a75,aligned,core-independent4-simd,64,0,0,2368,1,37,0,128,throughput,48000,0,steady,1,64,spec012-confirm-01,1,34.04386613175676,ns/engine-sample,1,151552,3.1573333333333333,4096,5159416.0,5159.416,5159416.0,5159416.0,5159416.0,5159416.0,5159.416,5159.416,5159.416,5159.416,,,,0.042,0.042,0.75,1.3229166666666667,,2.072916666666667,0.75,2.0625,/Users/christiankauten/Documents/Projects/Rack/plugins/Fourier/.build/spec012/confirm-01-short-hop/workload-0052-repeat-01.csv,a2bec65dae069fa1e53d1d714630ae9a4778bed71147b36f0c066201b5ffdbf7
3aeff8d50243a034,m1-pro-16gb-local,604c71ff3d3a1988a13db271cce02ff18deeae69b93aae8f6cd7f1c283c12a75,aligned,core-independent4-simd,64,0,0,2368,1,37,0,128,throughput,48000,0,steady,1,64,spec012-confirm-01,2,33.98008604307432,ns/engine-sample,1,151552,3.1573333333333333,4096,5149750.0,5149.75,5149750.0,5149750.0,5149750.0,5149750.0,5149.75,5149.75,5149.75,5149.75,,,,0.042,0.042,0.75,1.3229166666666667,,2.072916666666667,0.75,2.0625,/Users/christiankauten/Documents/Projects/Rack/plugins/Fourier/.build/spec012/confirm-01-short-hop/workload-0052-repeat-02.csv,2f66a1ddfbe8c84d282643e0b6cd649eb3a2438638e6723509e291c2a5e5ff96
3aeff8d50243a034,m1-pro-16gb-local,604c71ff3d3a1988a13db271cce02ff18deeae69b93aae8f6cd7f1c283c12a75,aligned,core-independent4-simd,64,0,0,2368,1,37,0,128,throughput,48000,0,steady,1,64,spec012-confirm-02,0,34.10463075380068,ns/engine-sample,1,151552,3.1573333333333333,4096,5168625.0,5168.625,5168625.0,5168625.0,5168625.0,5168625.0,5168.625,5168.625,5168.625,5168.625,,,,0.042,0.042,0.75,1.3229166666666667,,2.072916666666667,0.75,2.0625,/Users/christiankauten/Documents/Projects/Rack/plugins/Fourier/.build/spec012/confirm-02-short-hop/workload-0052-repeat-00.csv,7045e645e001ebd0591c8bc3434b37388a77c848fef36745d232b5064b0f37cc
3aeff8d50243a034,m1-pro-16gb-local,604c71ff3d3a1988a13db271cce02ff18deeae69b93aae8f6cd7f1c283c12a75,aligned,core-independent4-simd,64,0,0,2368,1,37,0,128,throughput,48000,0,steady,1,64,spec012-confirm-02,1,34.16043998099662,ns/engine-sample,1,151552,3.1573333333333333,4096,5177083.0,5177.083,5177083.0,5177083.0,5177083.0,5177083.0,5177.083,5177.083,5177.083,5177.083,,,,0.042,0.083,0.75,1.3229166666666667,,2.072916666666667,0.75,2.0625,/Users/christiankauten/Documents/Projects/Rack/plugins/Fourier/.build/spec012/confirm-02-short-hop/workload-0052-repeat-01.csv,f21060e650850d9d4432ccb9de95cdccd7135208d9dfbf0da623e7723f8b798e
3aeff8d50243a034,m1-pro-16gb-local,604c71ff3d3a1988a13db271cce02ff18deeae69b93aae8f6cd7f1c283c12a75,aligned,core-independent4-simd,64,0,0,2368,1,37,0,128,throughput,48000,0,steady,1,64,spec012-confirm-02,2,34.041945998733105,ns/engine-sample,1,151552,3.1573333333333333,4096,5159125.0,5159.125,5159125.0,5159125.0,5159125.0,5159125.0,5159.125,5159.125,5159.125,5159.125,,,,0.042,0.042,0.75,1.3229166666666667,,2.072916666666667,0.75,2.0625,/Users/christiankauten/Documents/Projects/Rack/plugins/Fourier/.build/spec012/confirm-02-short-hop/workload-0052-repeat-02.csv,630a8ccc8acbe5ddfd3c581f573324dde815e56eaffad2b3a9f3c48b83125f19
3aeff8d50243a034,m1-pro-16gb-local,604c71ff3d3a1988a13db271cce02ff18deeae69b93aae8f6cd7f1c283c12a75,aligned,core-independent4-simd,64,0,0,2368,1,37,0,128,throughput,48000,0,steady,1,64,spec012-confirm-03,0,34.02490234375,ns/engine-sample,1,151552,3.1573333333333333,4096,5156542.0,5156.542,5156542.0,5156542.0,5156542.0,5156542.0,5156.542,5156.542,5156.542,5156.542,,,,0.042,0.042,0.75,1.3229166666666667,,2.072916666666667,0.75,2.0625,/Users/christiankauten/Documents/Projects/Rack/plugins/Fourier/.build/spec012/confirm-03-short-hop/workload-0052-repeat-00.csv,33e850638568493c6f0ba1a42725a81f112874b1d40b93dfb7e6866b451b8026
3aeff8d50243a034,m1-pro-16gb-local,604c71ff3d3a1988a13db271cce02ff18deeae69b93aae8f6cd7f1c283c12a75,aligned,core-independent4-simd,64,0,0,2368,1,37,0,128,throughput,48000,0,steady,1,64,spec012-confirm-03,1,34.69766152871622,ns/engine-sample,1,151552,3.1573333333333333,4096,5258500.0,5258.5,5258500.0,5258500.0,5258500.0,5258500.0,5258.5,5258.5,5258.5,5258.5,,,,0.042,0.042,0.75,1.3229166666666667,,2.072916666666667,0.75,2.0625,/Users/christiankauten/Documents/Projects/Rack/plugins/Fourier/.build/spec012/confirm-03-short-hop/workload-0052-repeat-01.csv,58480b7d1a270d1e81982d59a5a3810c7245a393a5051201427e8d4ab38c2653
3aeff8d50243a034,m1-pro-16gb-local,604c71ff3d3a1988a13db271cce02ff18deeae69b93aae8f6cd7f1c283c12a75,aligned,core-independent4-simd,64,0,0,2368,1,37,0,128,throughput,48000,0,steady,1,64,spec012-confirm-03,2,35.68109955658784,ns/engine-sample,1,151552,3.1573333333333333,4096,5407542.0,5407.542,5407542.0,5407542.0,5407542.0,5407542.0,5407.542,5407.542,5407.542,5407.542,,,,0.042,0.042,0.75,1.3229166666666667,,2.072916666666667,0.75,2.0625,/Users/christiankauten/Documents/Projects/Rack/plugins/Fourier/.build/spec012/confirm-03-short-hop/workload-0052-repeat-02.csv,b75bd5cafd1d5513821918eaf012b20235bf4ac1a42686fc0a25b395dcf0d556
3aeff8d50243a034,m1-pro-16gb-local,640d4a2c4d6d3b70f5401f5f18c1963c4564928f82671350221bdd58c36b0d64,aligned,pffft-scheduled-batch-float,64,0,0,2368,1,37,0,128,callback,48000,0,steady,1,64,spec012-confirm-01,0,31.468848975929053,ns/engine-sample,2368,151552,3.1573333333333333,4096,4769167.0,4769.167,2250.0,2292.0,2334.0,9792.0,2.25,2.292,2.334,9.792,1333.3333333333333,0,0.0,0.042,0.042,0.0,1.3229166666666667,,1.3229166666666667,0.0,1.3125,/Users/christiankauten/Documents/Projects/Rack/plugins/Fourier/.build/spec012/confirm-01-short-hop/workload-0006-repeat-00.csv,5acd84ab87981c7b9424803513f4e6db79abea8ba477d2bc0b0f84c4ba34c120
3aeff8d50243a034,m1-pro-16gb-local,640d4a2c4d6d3b70f5401f5f18c1963c4564928f82671350221bdd58c36b0d64,aligned,pffft-scheduled-batch-float,64,0,0,2368,1,37,0,128,callback,48000,0,steady,1,64,spec012-confirm-01,1,33.007898279138516,ns/engine-sample,2368,151552,3.1573333333333333,4096,5002413.0,5002.413,2333.0,2500.0,2708.0,16250.0,2.333,2.5,2.708,16.25,1333.3333333333333,0,0.0,0.042,0.042,0.0,1.3229166666666667,,1.3229166666666667,0.0,1.3125,/Users/christiankauten/Documents/Projects/Rack/plugins/Fourier/.build/spec012/confirm-01-short-hop/workload-0006-repeat-01.csv,927d70a5c5facfb4e935b19793f763bebc9b4652bfbdba83a7f1c9a98aba07dc
3aeff8d50243a034,m1-pro-16gb-local,640d4a2c4d6d3b70f5401f5f18c1963c4564928f82671350221bdd58c36b0d64,aligned,pffft-scheduled-batch-float,64,0,0,2368,1,37,0,128,callback,48000,0,steady,1,64,spec012-confirm-01,2,31.460125897381758,ns/engine-sample,2368,151552,3.1573333333333333,4096,4767845.0,4767.845,2250.0,2292.0,2334.0,8417.0,2.25,2.292,2.334,8.417,1333.3333333333333,0,0.0,0.042,0.042,0.0,1.3229166666666667,,1.3229166666666667,0.0,1.3125,/Users/christiankauten/Documents/Projects/Rack/plugins/Fourier/.build/spec012/confirm-01-short-hop/workload-0006-repeat-02.csv,d051d59ec55eedab5f236ae3a6890e44afaf4a6804640b21b1ff1bfab1ece71d
3aeff8d50243a034,m1-pro-16gb-local,640d4a2c4d6d3b70f5401f5f18c1963c4564928f82671350221bdd58c36b0d64,aligned,pffft-scheduled-batch-float,64,0,0,2368,1,37,0,128,callback,48000,0,steady,1,64,spec012-confirm-02,0,31.887325802364863,ns/engine-sample,2368,151552,3.1573333333333333,4096,4832588.0,4832.588,2250.0,2416.0,2417.0,18458.0,2.25,2.416,2.417,18.458,1333.3333333333333,0,0.0,0.042,0.084,0.0,1.3229166666666667,,1.3229166666666667,0.0,1.3125,/Users/christiankauten/Documents/Projects/Rack/plugins/Fourier/.build/spec012/confirm-02-short-hop/workload-0006-repeat-00.csv,fc0543d7029b76061dea2dccbe61ec3124be305ba55fbf90fb50260b794523c7
3aeff8d50243a034,m1-pro-16gb-local,640d4a2c4d6d3b70f5401f5f18c1963c4564928f82671350221bdd58c36b0d64,aligned,pffft-scheduled-batch-float,64,0,0,2368,1,37,0,128,callback,48000,0,steady,1,64,spec012-confirm-02,1,31.44019214527027,ns/engine-sample,2368,151552,3.1573333333333333,4096,4764824.0,4764.824,2250.0,2292.0,2333.0,7625.0,2.25,2.292,2.333,7.625,1333.3333333333333,0,0.0,0.042,0.042,0.0,1.3229166666666667,,1.3229166666666667,0.0,1.3125,/Users/christiankauten/Documents/Projects/Rack/plugins/Fourier/.build/spec012/confirm-02-short-hop/workload-0006-repeat-01.csv,08e946a1f5b86e603e33b3371777ce1b7301fa83c06a91d30010ff57a923562e
3aeff8d50243a034,m1-pro-16gb-local,640d4a2c4d6d3b70f5401f5f18c1963c4564928f82671350221bdd58c36b0d64,aligned,pffft-scheduled-batch-float,64,0,0,2368,1,37,0,128,callback,48000,0,steady,1,64,spec012-confirm-02,2,31.65207321579392,ns/engine-sample,2368,151552,3.1573333333333333,4096,4796935.0,4796.935,2250.0,2292.0,2375.0,27708.0,2.25,2.292,2.375,27.708,1333.3333333333333,0,0.0,0.042,0.042,0.0,1.3229166666666667,,1.3229166666666667,0.0,1.3125,/Users/christiankauten/Documents/Projects/Rack/plugins/Fourier/.build/spec012/confirm-02-short-hop/workload-0006-repeat-02.csv,f463fe3093ca4cd00ad7f202aee98f7da2399a2a9c2a765f4e883ee3555a13b7
3aeff8d50243a034,m1-pro-16gb-local,640d4a2c4d6d3b70f5401f5f18c1963c4564928f82671350221bdd58c36b0d64,aligned,pffft-scheduled-batch-float,64,0,0,2368,1,37,0,128,callback,48000,0,steady,1,64,spec012-confirm-03,0,33.52045502533784,ns/engine-sample,2368,151552,3.1573333333333333,4096,5080092.0,5080.092,2416.0,2458.0,2500.0,9042.0,2.416,2.458,2.5,9.042,1333.3333333333333,0,0.0,0.042,0.042,0.0,1.3229166666666667,,1.3229166666666667,0.0,1.3125,/Users/christiankauten/Documents/Projects/Rack/plugins/Fourier/.build/spec012/confirm-03-short-hop/workload-0006-repeat-00.csv,ee7c668e8beaa73e92cbec3c05b9611c73ca4067b2b0f376be304eac680502cb
3aeff8d50243a034,m1-pro-16gb-local,640d4a2c4d6d3b70f5401f5f18c1963c4564928f82671350221bdd58c36b0d64,aligned,pffft-scheduled-batch-float,64,0,0,2368,1,37,0,128,callback,48000,0,steady,1,64,spec012-confirm-03,1,31.55248363597973,ns/engine-sample,2368,151552,3.1573333333333333,4096,4781842.0,4781.842,2250.0,2292.0,2375.0,13292.0,2.25,2.292,2.375,13.292,1333.3333333333333,0,0.0,0.042,0.042,0.0,1.3229166666666667,,1.3229166666666667,0.0,1.3125,/Users/christiankauten/Documents/Projects/Rack/plugins/Fourier/.build/spec012/confirm-03-short-hop/workload-0006-repeat-01.csv,0f37edba62c4f334e3d2ada386b16da72f6e4cb669760c98d0e6cf9c37b54513
3aeff8d50243a034,m1-pro-16gb-local,640d4a2c4d6d3b70f5401f5f18c1963c4564928f82671350221bdd58c36b0d64,aligned,pffft-scheduled-batch-float,64,0,0,2368,1,37,0,128,callback,48000,0,steady,1,64,spec012-confirm-03,2,31.65745090793919,ns/engine-sample,2368,151552,3.1573333333333333,4096,4797750.0,4797.75,2291.0,2334.0,2334.0,8458.0,2.291,2.334,2.334,8.458,1333.3333333333333,0,0.0,0.042,0.042,0.0,1.3229166666666667,,1.3229166666666667,0.0,1.3125,/Users/christiankauten/Documents/Projects/Rack/plugins/Fourier/.build/spec012/confirm-03-short-hop/workload-0006-repeat-02.csv,d27cbfa9cb66c0340b0c5cf075f69a1045ad3fa4b8dccba31c4a73051e03fe5d
3aeff8d50243a034,m1-pro-16gb-local,6480fc954aaf8b218fad459639dec849094a1296504a391b24039bdafbe77c4c,aligned,vdsp-inverse-double,64,0,0,2368,1,37,0,128,callback,48000,0,steady,1,64,spec012-confirm-01,0,11.54709934543919,ns/engine-sample,2368,151552,3.1573333333333333,4096,1749986.0,1749.986,792.0,833.0,834.0,7791.0,0.792,0.833,0.834,7.791,1333.3333333333333,0,0.0,0.042,0.042,0.0,0.0,,,0.0,1.3125,/Users/christiankauten/Documents/Projects/Rack/plugins/Fourier/.build/spec012/confirm-01-short-hop/workload-0074-repeat-00.csv,a12e16b840a5771d447db349b094f123786377112d68b4c100f136718986bfd0
3aeff8d50243a034,m1-pro-16gb-local,6480fc954aaf8b218fad459639dec849094a1296504a391b24039bdafbe77c4c,aligned,vdsp-inverse-double,64,0,0,2368,1,37,0,128,callback,48000,0,steady,1,64,spec012-confirm-01,1,11.543318464949325,ns/engine-sample,2368,151552,3.1573333333333333,4096,1749413.0,1749.413,792.0,833.0,834.0,9166.0,0.792,0.833,0.834,9.166,1333.3333333333333,0,0.0,0.042,0.042,0.0,0.0,,,0.0,1.3125,/Users/christiankauten/Documents/Projects/Rack/plugins/Fourier/.build/spec012/confirm-01-short-hop/workload-0074-repeat-01.csv,e4210b6c241766aaa02ec77bdf19846326677968076fb079d36321d8f971b590
3aeff8d50243a034,m1-pro-16gb-local,6480fc954aaf8b218fad459639dec849094a1296504a391b24039bdafbe77c4c,aligned,vdsp-inverse-double,64,0,0,2368,1,37,0,128,callback,48000,0,steady,1,64,spec012-confirm-01,2,11.53177127322635,ns/engine-sample,2368,151552,3.1573333333333333,4096,1747663.0,1747.663,792.0,833.0,834.0,9791.0,0.792,0.833,0.834,9.791,1333.3333333333333,0,0.0,0.042,0.042,0.0,0.0,,,0.0,1.3125,/Users/christiankauten/Documents/Projects/Rack/plugins/Fourier/.build/spec012/confirm-01-short-hop/workload-0074-repeat-02.csv,0cd0859dd8f784f7016b62890e79bf0cd4716172253f299f939af82e9d54823a
3aeff8d50243a034,m1-pro-16gb-local,6480fc954aaf8b218fad459639dec849094a1296504a391b24039bdafbe77c4c,aligned,vdsp-inverse-double,64,0,0,2368,1,37,0,128,callback,48000,0,steady,1,64,spec012-confirm-02,0,11.521834089949325,ns/engine-sample,2368,151552,3.1573333333333333,4096,1746157.0,1746.157,792.0,833.0,834.0,7417.0,0.792,0.833,0.834,7.417,1333.3333333333333,0,0.0,0.042,0.083,0.0,0.0,,,0.0,1.3125,/Users/christiankauten/Documents/Projects/Rack/plugins/Fourier/.build/spec012/confirm-02-short-hop/workload-0074-repeat-00.csv,bf7c89ee62f61d87667ac329365a52e5f38d0511fe6a61d15dbd415fda2aa8de
3aeff8d50243a034,m1-pro-16gb-local,6480fc954aaf8b218fad459639dec849094a1296504a391b24039bdafbe77c4c,aligned,vdsp-inverse-double,64,0,0,2368,1,37,0,128,callback,48000,0,steady,1,64,spec012-confirm-02,1,11.506591796875,ns/engine-sample,2368,151552,3.1573333333333333,4096,1743847.0,1743.847,792.0,833.0,834.0,4541.0,0.792,0.833,0.834,4.541,1333.3333333333333,0,0.0,0.042,0.042,0.0,0.0,,,0.0,1.3125,/Users/christiankauten/Documents/Projects/Rack/plugins/Fourier/.build/spec012/confirm-02-short-hop/workload-0074-repeat-01.csv,3840dc46173928719897274aced30dac2c89f759d1a2e9a6b91e68f38a3aacab
3aeff8d50243a034,m1-pro-16gb-local,6480fc954aaf8b218fad459639dec849094a1296504a391b24039bdafbe77c4c,aligned,vdsp-inverse-double,64,0,0,2368,1,37,0,128,callback,48000,0,steady,1,64,spec012-confirm-02,2,11.54147751266892,ns/engine-sample,2368,151552,3.1573333333333333,4096,1749134.0,1749.134,792.0,833.0,834.0,11292.0,0.792,0.833,0.834,11.292,1333.3333333333333,0,0.0,0.042,0.042,0.0,0.0,,,0.0,1.3125,/Users/christiankauten/Documents/Projects/Rack/plugins/Fourier/.build/spec012/confirm-02-short-hop/workload-0074-repeat-02.csv,d5b8b8d53e2c17739bc2919ed30ae419086abdb1f6f524822f2315f11cc63ccf
3aeff8d50243a034,m1-pro-16gb-local,6480fc954aaf8b218fad459639dec849094a1296504a391b24039bdafbe77c4c,aligned,vdsp-inverse-double,64,0,0,2368,1,37,0,128,callback,48000,0,steady,1,64,spec012-confirm-03,0,11.637167440878379,ns/engine-sample,2368,151552,3.1573333333333333,4096,1763636.0,1763.636,792.0,834.0,917.0,2125.0,0.792,0.834,0.917,2.125,1333.3333333333333,0,0.0,0.042,0.042,0.0,0.0,,,0.0,1.3125,/Users/christiankauten/Documents/Projects/Rack/plugins/Fourier/.build/spec012/confirm-03-short-hop/workload-0074-repeat-00.csv,0267aa9aa81f04db89cbe5ca8d422da9ddf72c3943b3c1d2ec95196fc8eda88e
3aeff8d50243a034,m1-pro-16gb-local,6480fc954aaf8b218fad459639dec849094a1296504a391b24039bdafbe77c4c,aligned,vdsp-inverse-double,64,0,0,2368,1,37,0,128,callback,48000,0,steady,1,64,spec012-confirm-03,1,11.487423458614865,ns/engine-sample,2368,151552,3.1573333333333333,4096,1740942.0,1740.942,792.0,833.0,834.0,2208.0,0.792,0.833,0.834,2.208,1333.3333333333333,0,0.0,0.042,0.084,0.0,0.0,,,0.0,1.3125,/Users/christiankauten/Documents/Projects/Rack/plugins/Fourier/.build/spec012/confirm-03-short-hop/workload-0074-repeat-01.csv,2e15e68eb16de3a9a21383e2255ad3be831e9a61b720a40f77681f3c1ea94f3b
3aeff8d50243a034,m1-pro-16gb-local,6480fc954aaf8b218fad459639dec849094a1296504a391b24039bdafbe77c4c,aligned,vdsp-inverse-double,64,0,0,2368,1,37,0,128,callback,48000,0,steady,1,64,spec012-confirm-03,2,11.54026340793919,ns/engine-sample,2368,151552,3.1573333333333333,4096,1748950.0,1748.95,792.0,834.0,875.0,3792.0,0.792,0.834,0.875,3.792,1333.3333333333333,0,0.0,0.042,0.083,0.0,0.0,,,0.0,1.3125,/Users/christiankauten/Documents/Projects/Rack/plugins/Fourier/.build/spec012/confirm-03-short-hop/workload-0074-repeat-02.csv,d8828c161a6227a4195ea4b3e3100d9a84d25c7061a97f209472acb66dc471da
3aeff8d50243a034,m1-pro-16gb-local,6596f72ea0c4fafac7a735e8e2cf834861ee9ce6403d1c3af7ca2dc0ac50b268,aligned,core-double,64,0,0,2368,1,37,0,128,callback,48000,1,steady,1,64,spec012-confirm-01,0,30.31179397170608,ns/engine-sample,2368,151552,3.1573333333333333,4096,4593813.0,4593.813,1958.0,2042.0,2083.0,9250.0,1.958,2.042,2.083,9.25,1333.3333333333333,0,0.0,0.042,0.042,0.75,1.3229166666666667,,2.072916666666667,0.75,2.0625,/Users/christiankauten/Documents/Projects/Rack/plugins/Fourier/.build/spec012/confirm-01-short-hop/workload-0083-repeat-00.csv,d7db120055b2fba81b29a4108378c8bf04cec0340d3277369f3cf1a7e0dc0870
3aeff8d50243a034,m1-pro-16gb-local,6596f72ea0c4fafac7a735e8e2cf834861ee9ce6403d1c3af7ca2dc0ac50b268,aligned,core-double,64,0,0,2368,1,37,0,128,callback,48000,1,steady,1,64,spec012-confirm-01,1,30.606861011402028,ns/engine-sample,2368,151552,3.1573333333333333,4096,4638531.0,4638.531,2000.0,2042.0,2125.0,9667.0,2.0,2.042,2.125,9.667,1333.3333333333333,0,0.0,0.042,0.083,0.75,1.3229166666666667,,2.072916666666667,0.75,2.0625,/Users/christiankauten/Documents/Projects/Rack/plugins/Fourier/.build/spec012/confirm-01-short-hop/workload-0083-repeat-01.csv,4814d3828779467b9e42f15eab273dbd6ffcc9546cd786c0fe135bf9c44f8916
3aeff8d50243a034,m1-pro-16gb-local,6596f72ea0c4fafac7a735e8e2cf834861ee9ce6403d1c3af7ca2dc0ac50b268,aligned,core-double,64,0,0,2368,1,37,0,128,callback,48000,1,steady,1,64,spec012-confirm-01,2,30.29343723606419,ns/engine-sample,2368,151552,3.1573333333333333,4096,4591031.0,4591.031,1958.0,2042.0,2083.0,8750.0,1.958,2.042,2.083,8.75,1333.3333333333333,0,0.0,0.042,0.042,0.75,1.3229166666666667,,2.072916666666667,0.75,2.0625,/Users/christiankauten/Documents/Projects/Rack/plugins/Fourier/.build/spec012/confirm-01-short-hop/workload-0083-repeat-02.csv,f63641bd4a94c3d986ed22713e7456fd6eaf251c399ff6dc2e625fdd54a4fd5b
3aeff8d50243a034,m1-pro-16gb-local,6596f72ea0c4fafac7a735e8e2cf834861ee9ce6403d1c3af7ca2dc0ac50b268,aligned,core-double,64,0,0,2368,1,37,0,128,callback,48000,1,steady,1,64,spec012-confirm-02,0,30.363861908783782,ns/engine-sample,2368,151552,3.1573333333333333,4096,4601704.0,4601.704,1959.0,2042.0,2083.0,7792.0,1.959,2.042,2.083,7.792,1333.3333333333333,0,0.0,0.042,0.042,0.75,1.3229166666666667,,2.072916666666667,0.75,2.0625,/Users/christiankauten/Documents/Projects/Rack/plugins/Fourier/.build/spec012/confirm-02-short-hop/workload-0083-repeat-00.csv,b59bfc6c2308dca887d02ef2ae6bde2dc3f7227a88a32fda18e48e0d237f5f2b
3aeff8d50243a034,m1-pro-16gb-local,6596f72ea0c4fafac7a735e8e2cf834861ee9ce6403d1c3af7ca2dc0ac50b268,aligned,core-double,64,0,0,2368,1,37,0,128,callback,48000,1,steady,1,64,spec012-confirm-02,1,32.147685282939186,ns/engine-sample,2368,151552,3.1573333333333333,4096,4872046.0,4872.046,2083.0,2167.0,2209.0,14000.0,2.083,2.167,2.209,14.0,1333.3333333333333,0,0.0,0.042,0.042,0.75,1.3229166666666667,,2.072916666666667,0.75,2.0625,/Users/christiankauten/Documents/Projects/Rack/plugins/Fourier/.build/spec012/confirm-02-short-hop/workload-0083-repeat-01.csv,8ea709fed5fe4849ba725f16b81c49d1472031ff2da06bfbe59f1aff35690823
3aeff8d50243a034,m1-pro-16gb-local,6596f72ea0c4fafac7a735e8e2cf834861ee9ce6403d1c3af7ca2dc0ac50b268,aligned,core-double,64,0,0,2368,1,37,0,128,callback,48000,1,steady,1,64,spec012-confirm-02,2,30.658592430320947,ns/engine-sample,2368,151552,3.1573333333333333,4096,4646371.0,4646.371,2000.0,2083.0,2084.0,8417.0,2.0,2.083,2.084,8.417,1333.3333333333333,0,0.0,0.042,0.042,0.75,1.3229166666666667,,2.072916666666667,0.75,2.0625,/Users/christiankauten/Documents/Projects/Rack/plugins/Fourier/.build/spec012/confirm-02-short-hop/workload-0083-repeat-02.csv,32787041dc435530be772d2c09ed2e751a65bb3a2deaf09d47ed0af2dce7f021
3aeff8d50243a034,m1-pro-16gb-local,6596f72ea0c4fafac7a735e8e2cf834861ee9ce6403d1c3af7ca2dc0ac50b268,aligned,core-double,64,0,0,2368,1,37,0,128,callback,48000,1,steady,1,64,spec012-confirm-03,0,31.82474662162162,ns/engine-sample,2368,151552,3.1573333333333333,4096,4823104.0,4823.104,2000.0,2125.0,2208.0,53000.0,2.0,2.125,2.208,53.0,1333.3333333333333,0,0.0,0.042,0.042,0.75,1.3229166666666667,,2.072916666666667,0.75,2.0625,/Users/christiankauten/Documents/Projects/Rack/plugins/Fourier/.build/spec012/confirm-03-short-hop/workload-0083-repeat-00.csv,d842e737d96b0a49342cdcc77926dc6e4f3898bb668bc2a5cc7a1e3ee385a6a2
3aeff8d50243a034,m1-pro-16gb-local,6596f72ea0c4fafac7a735e8e2cf834861ee9ce6403d1c3af7ca2dc0ac50b268,aligned,core-double,64,0,0,2368,1,37,0,128,callback,48000,1,steady,1,64,spec012-confirm-03,1,30.609731313344593,ns/engine-sample,2368,151552,3.1573333333333333,4096,4638966.0,4638.966,1959.0,2083.0,2208.0,11875.0,1.959,2.083,2.208,11.875,1333.3333333333333,0,0.0,0.042,0.042,0.75,1.3229166666666667,,2.072916666666667,0.75,2.0625,/Users/christiankauten/Documents/Projects/Rack/plugins/Fourier/.build/spec012/confirm-03-short-hop/workload-0083-repeat-01.csv,b77f8bf2a924e27de7c48dfb97c67f24b71be2a869b1e6678cf7fff80a70d07d
3aeff8d50243a034,m1-pro-16gb-local,6596f72ea0c4fafac7a735e8e2cf834861ee9ce6403d1c3af7ca2dc0ac50b268,aligned,core-double,64,0,0,2368,1,37,0,128,callback,48000,1,steady,1,64,spec012-confirm-03,2,31.14304661106419,ns/engine-sample,2368,151552,3.1573333333333333,4096,4719791.0,4719.791,2000.0,2125.0,2167.0,6750.0,2.0,2.125,2.167,6.75,1333.3333333333333,0,0.0,0.042,0.125,0.75,1.3229166666666667,,2.072916666666667,0.75,2.0625,/Users/christiankauten/Documents/Projects/Rack/plugins/Fourier/.build/spec012/confirm-03-short-hop/workload-0083-repeat-02.csv,4c59eaa7918bbce45b2b8cf4d9e136e47aa2e6c731939e43e8b8e43d82a2e813
3aeff8d50243a034,m1-pro-16gb-local,6febaccf13d2f9d15f875998766f4a01d79018ae81a89ac246e7ea4dca39e422,aligned,vdsp-ols-identity-float,64,0,0,2368,1,37,0,128,callback,48000,0,steady,1,64,spec012-confirm-01,0,18.560546875,ns/engine-sample,2368,151552,3.1573333333333333,4096,2812888.0,2812.888,1292.0,1334.0,1375.0,21000.0,1.292,1.334,1.375,21.0,1333.3333333333333,0,0.0,0.042,0.042,0.0,0.375,0.75,,0.0,1.3125,/Users/christiankauten/Documents/Projects/Rack/plugins/Fourier/.build/spec012/confirm-01-short-hop/workload-0017-repeat-00.csv,b04e30a5871ca2a75d884c134b2442be109bd0d51f428c472da8b0f220e185e6
3aeff8d50243a034,m1-pro-16gb-local,6febaccf13d2f9d15f875998766f4a01d79018ae81a89ac246e7ea4dca39e422,aligned,vdsp-ols-identity-float,64,0,0,2368,1,37,0,128,callback,48000,0,steady,1,64,spec012-confirm-01,1,18.33856366131757,ns/engine-sample,2368,151552,3.1573333333333333,4096,2779246.0,2779.246,1292.0,1334.0,1334.0,10042.0,1.292,1.334,1.334,10.042,1333.3333333333333,0,0.0,0.042,0.084,0.0,0.375,0.75,,0.0,1.3125,/Users/christiankauten/Documents/Projects/Rack/plugins/Fourier/.build/spec012/confirm-01-short-hop/workload-0017-repeat-01.csv,24c3f9de926e13083e41efcd96f1620292317deecabf806becded0c78676736e
3aeff8d50243a034,m1-pro-16gb-local,6febaccf13d2f9d15f875998766f4a01d79018ae81a89ac246e7ea4dca39e422,aligned,vdsp-ols-identity-float,64,0,0,2368,1,37,0,128,callback,48000,0,steady,1,64,spec012-confirm-01,2,18.30755780194257,ns/engine-sample,2368,151552,3.1573333333333333,4096,2774547.0,2774.547,1292.0,1333.0,1334.0,9291.0,1.292,1.333,1.334,9.291,1333.3333333333333,0,0.0,0.042,0.042,0.0,0.375,0.75,,0.0,1.3125,/Users/christiankauten/Documents/Projects/Rack/plugins/Fourier/.build/spec012/confirm-01-short-hop/workload-0017-repeat-02.csv,63eb2b5b83a33831f98a528cad41f97cc5688cd52fc4a366b23100f830a656e3
3aeff8d50243a034,m1-pro-16gb-local,6febaccf13d2f9d15f875998766f4a01d79018ae81a89ac246e7ea4dca39e422,aligned,vdsp-ols-identity-float,64,0,0,2368,1,37,0,128,callback,48000,0,steady,1,64,spec012-confirm-02,0,18.462719066722972,ns/engine-sample,2368,151552,3.1573333333333333,4096,2798062.0,2798.062,1292.0,1334.0,1375.0,10666.0,1.292,1.334,1.375,10.666,1333.3333333333333,0,0.0,0.042,0.042,0.0,0.375,0.75,,0.0,1.3125,/Users/christiankauten/Documents/Projects/Rack/plugins/Fourier/.build/spec012/confirm-02-short-hop/workload-0017-repeat-00.csv,237db03b44a503e4296c0b283e41f24501a3b86e10ec2d1a64c961358b2070fd
3aeff8d50243a034,m1-pro-16gb-local,6febaccf13d2f9d15f875998766f4a01d79018ae81a89ac246e7ea4dca39e422,aligned,vdsp-ols-identity-float,64,0,0,2368,1,37,0,128,callback,48000,0,steady,1,64,spec012-confirm-02,1,18.463491078969593,ns/engine-sample,2368,151552,3.1573333333333333,4096,2798179.0,2798.179,1292.0,1334.0,1375.0,7459.0,1.292,1.334,1.375,7.459,1333.3333333333333,0,0.0,0.042,0.042,0.0,0.375,0.75,,0.0,1.3125,/Users/christiankauten/Documents/Projects/Rack/plugins/Fourier/.build/spec012/confirm-02-short-hop/workload-0017-repeat-01.csv,b9978aaa9b65f69d6841a12bb15953d7fc114398452d2555f58163de17390f75
3aeff8d50243a034,m1-pro-16gb-local,6febaccf13d2f9d15f875998766f4a01d79018ae81a89ac246e7ea4dca39e422,aligned,vdsp-ols-identity-float,64,0,0,2368,1,37,0,128,callback,48000,0,steady,1,64,spec012-confirm-02,2,18.477710620777028,ns/engine-sample,2368,151552,3.1573333333333333,4096,2800334.0,2800.334,1292.0,1334.0,1334.0,7125.0,1.292,1.334,1.334,7.125,1333.3333333333333,0,0.0,0.042,0.042,0.0,0.375,0.75,,0.0,1.3125,/Users/christiankauten/Documents/Projects/Rack/plugins/Fourier/.build/spec012/confirm-02-short-hop/workload-0017-repeat-02.csv,248b73cddae7ea80ee262097e5494b17f83e7d4546a37050d569a1ffa5b752f4
3aeff8d50243a034,m1-pro-16gb-local,6febaccf13d2f9d15f875998766f4a01d79018ae81a89ac246e7ea4dca39e422,aligned,vdsp-ols-identity-float,64,0,0,2368,1,37,0,128,callback,48000,0,steady,1,64,spec012-confirm-03,0,18.43290091849662,ns/engine-sample,2368,151552,3.1573333333333333,4096,2793543.0,2793.543,1292.0,1334.0,1334.0,7292.0,1.292,1.334,1.334,7.292,1333.3333333333333,0,0.0,0.042,0.042,0.0,0.375,0.75,,0.0,1.3125,/Users/christiankauten/Documents/Projects/Rack/plugins/Fourier/.build/spec012/confirm-03-short-hop/workload-0017-repeat-00.csv,fef68ff16b931c7904768897998d0217f83323ef3984a1725a6c527087aa9bd2
3aeff8d50243a034,m1-pro-16gb-local,6febaccf13d2f9d15f875998766f4a01d79018ae81a89ac246e7ea4dca39e422,aligned,vdsp-ols-identity-float,64,0,0,2368,1,37,0,128,callback,48000,0,steady,1,64,spec012-confirm-03,1,18.537934174408782,ns/engine-sample,2368,151552,3.1573333333333333,4096,2809461.0,2809.461,1292.0,1334.0,1375.0,7458.0,1.292,1.334,1.375,7.458,1333.3333333333333,0,0.0,0.042,0.042,0.0,0.375,0.75,,0.0,1.3125,/Users/christiankauten/Documents/Projects/Rack/plugins/Fourier/.build/spec012/confirm-03-short-hop/workload-0017-repeat-01.csv,ab22f31653cb838f6fe442ae0dcb42bbd9de9b5354330a565b576108daa1af3b
3aeff8d50243a034,m1-pro-16gb-local,6febaccf13d2f9d15f875998766f4a01d79018ae81a89ac246e7ea4dca39e422,aligned,vdsp-ols-identity-float,64,0,0,2368,1,37,0,128,callback,48000,0,steady,1,64,spec012-confirm-03,2,18.36741844383446,ns/engine-sample,2368,151552,3.1573333333333333,4096,2783619.0,2783.619,1292.0,1334.0,1334.0,4291.0,1.292,1.334,1.334,4.291,1333.3333333333333,0,0.0,0.042,0.042,0.0,0.375,0.75,,0.0,1.3125,/Users/christiankauten/Documents/Projects/Rack/plugins/Fourier/.build/spec012/confirm-03-short-hop/workload-0017-repeat-02.csv,055c801896cf8203f578df8c4b7902f23c4e0c99721174609a35481439ee9fef
3aeff8d50243a034,m1-pro-16gb-local,701fbe3f56844de719f0af7c7e86c30aca7de02842894661b5269ec6f422b60d,aligned,vdsp-analysis-float,64,0,0,2368,1,37,0,128,callback,48000,0,steady,1,64,spec012-confirm-01,0,13.00585277660473,ns/engine-sample,2368,151552,3.1573333333333333,4096,1971063.0,1971.063,916.0,917.0,917.0,10167.0,0.916,0.917,0.917,10.167,1333.3333333333333,0,0.0,0.042,0.042,0.0,1.3229166666666667,,1.3229166666666667,0.0,1.3125,/Users/christiankauten/Documents/Projects/Rack/plugins/Fourier/.build/spec012/confirm-01-short-hop/workload-0005-repeat-00.csv,e587640d63e62df3b49a7a11d17c105dc9edc9888687dae99169a91594144917
3aeff8d50243a034,m1-pro-16gb-local,701fbe3f56844de719f0af7c7e86c30aca7de02842894661b5269ec6f422b60d,aligned,vdsp-analysis-float,64,0,0,2368,1,37,0,128,callback,48000,0,steady,1,64,spec012-confirm-01,1,12.987885346283784,ns/engine-sample,2368,151552,3.1573333333333333,4096,1968340.0,1968.34,916.0,917.0,917.0,8333.0,0.916,0.917,0.917,8.333,1333.3333333333333,0,0.0,0.042,0.042,0.0,1.3229166666666667,,1.3229166666666667,0.0,1.3125,/Users/christiankauten/Documents/Projects/Rack/plugins/Fourier/.build/spec012/confirm-01-short-hop/workload-0005-repeat-01.csv,3a6970cdb891e36a319bd10768c049984902b0e20461878600d710ff30d3353f
3aeff8d50243a034,m1-pro-16gb-local,701fbe3f56844de719f0af7c7e86c30aca7de02842894661b5269ec6f422b60d,aligned,vdsp-analysis-float,64,0,0,2368,1,37,0,128,callback,48000,0,steady,1,64,spec012-confirm-01,2,12.97241870777027,ns/engine-sample,2368,151552,3.1573333333333333,4096,1965996.0,1965.996,875.0,917.0,958.0,6042.0,0.875,0.917,0.958,6.042,1333.3333333333333,0,0.0,0.042,0.042,0.0,1.3229166666666667,,1.3229166666666667,0.0,1.3125,/Users/christiankauten/Documents/Projects/Rack/plugins/Fourier/.build/spec012/confirm-01-short-hop/workload-0005-repeat-02.csv,8af8e2df4e82c8016add51f5e54154dd3ca27536fc89259bd91ae8c6bbdbd0af
3aeff8d50243a034,m1-pro-16gb-local,701fbe3f56844de719f0af7c7e86c30aca7de02842894661b5269ec6f422b60d,aligned,vdsp-analysis-float,64,0,0,2368,1,37,0,128,callback,48000,0,steady,1,64,spec012-confirm-02,0,13.13818359375,ns/engine-sample,2368,151552,3.1573333333333333,4096,1991118.0,1991.118,916.0,917.0,958.0,21833.0,0.916,0.917,0.958,21.833,1333.3333333333333,0,0.0,0.042,0.042,0.0,1.3229166666666667,,1.3229166666666667,0.0,1.3125,/Users/christiankauten/Documents/Projects/Rack/plugins/Fourier/.build/spec012/confirm-02-short-hop/workload-0005-repeat-00.csv,6d20470c2f459122d8db511878998b3b9bd17b8c2f244621a916293e57fdb8d8
3aeff8d50243a034,m1-pro-16gb-local,701fbe3f56844de719f0af7c7e86c30aca7de02842894661b5269ec6f422b60d,aligned,vdsp-analysis-float,64,0,0,2368,1,37,0,128,callback,48000,0,steady,1,64,spec012-confirm-02,1,13.075241501266891,ns/engine-sample,2368,151552,3.1573333333333333,4096,1981579.0,1981.579,916.0,917.0,917.0,11541.0,0.916,0.917,0.917,11.541,1333.3333333333333,0,0.0,0.042,0.042,0.0,1.3229166666666667,,1.3229166666666667,0.0,1.3125,/Users/christiankauten/Documents/Projects/Rack/plugins/Fourier/.build/spec012/confirm-02-short-hop/workload-0005-repeat-01.csv,27b8228ebf8a6eaed779b3596ab7ea90927cdd6bb803d70423184d265dd402aa
3aeff8d50243a034,m1-pro-16gb-local,701fbe3f56844de719f0af7c7e86c30aca7de02842894661b5269ec6f422b60d,aligned,vdsp-analysis-float,64,0,0,2368,1,37,0,128,callback,48000,0,steady,1,64,spec012-confirm-02,2,12.980396167652026,ns/engine-sample,2368,151552,3.1573333333333333,4096,1967205.0,1967.205,916.0,917.0,917.0,7667.0,0.916,0.917,0.917,7.667,1333.3333333333333,0,0.0,0.042,0.083,0.0,1.3229166666666667,,1.3229166666666667,0.0,1.3125,/Users/christiankauten/Documents/Projects/Rack/plugins/Fourier/.build/spec012/confirm-02-short-hop/workload-0005-repeat-02.csv,0a6abcc96928d3f1497bd766277d3e194e966e5cc1e274a7343e14de9b95504e
3aeff8d50243a034,m1-pro-16gb-local,701fbe3f56844de719f0af7c7e86c30aca7de02842894661b5269ec6f422b60d,aligned,vdsp-analysis-float,64,0,0,2368,1,37,0,128,callback,48000,0,steady,1,64,spec012-confirm-03,0,12.97458298141892,ns/engine-sample,2368,151552,3.1573333333333333,4096,1966324.0,1966.324,875.0,917.0,917.0,9708.0,0.875,0.917,0.917,9.708,1333.3333333333333,0,0.0,0.042,0.042,0.0,1.3229166666666667,,1.3229166666666667,0.0,1.3125,/Users/christiankauten/Documents/Projects/Rack/plugins/Fourier/.build/spec012/confirm-03-short-hop/workload-0005-repeat-00.csv,2897bf103b75e6e6e80900e3dc63da886fba400d661ad824de949331420a2597
3aeff8d50243a034,m1-pro-16gb-local,701fbe3f56844de719f0af7c7e86c30aca7de02842894661b5269ec6f422b60d,aligned,vdsp-analysis-float,64,0,0,2368,1,37,0,128,callback,48000,0,steady,1,64,spec012-confirm-03,1,12.92624313766892,ns/engine-sample,2368,151552,3.1573333333333333,4096,1958998.0,1958.998,875.0,917.0,917.0,1042.0,0.875,0.917,0.917,1.042,1333.3333333333333,0,0.0,0.042,0.042,0.0,1.3229166666666667,,1.3229166666666667,0.0,1.3125,/Users/christiankauten/Documents/Projects/Rack/plugins/Fourier/.build/spec012/confirm-03-short-hop/workload-0005-repeat-01.csv,2799a53dada51c7547b174ad33ddd5f437053c90146f0a85912dbac80fd9ad1b
3aeff8d50243a034,m1-pro-16gb-local,701fbe3f56844de719f0af7c7e86c30aca7de02842894661b5269ec6f422b60d,aligned,vdsp-analysis-float,64,0,0,2368,1,37,0,128,callback,48000,0,steady,1,64,spec012-confirm-03,2,12.983682168496621,ns/engine-sample,2368,151552,3.1573333333333333,4096,1967703.0,1967.703,916.0,917.0,959.0,3291.0,0.916,0.917,0.959,3.291,1333.3333333333333,0,0.0,0.042,0.042,0.0,1.3229166666666667,,1.3229166666666667,0.0,1.3125,/Users/christiankauten/Documents/Projects/Rack/plugins/Fourier/.build/spec012/confirm-03-short-hop/workload-0005-repeat-02.csv,c03e02528156bf147d82034d7b1e4f17e4c4a464b71a0889ea550861dac128ed
3aeff8d50243a034,m1-pro-16gb-local,73ca76f69519bd82c9f10ab23a766f7585cb6bb21575213746a864e103822cda,aligned,core-double,64,0,0,2368,1,37,0,128,throughput,48000,0,steady,1,64,spec012-confirm-01,0,28.40087230785473,ns/engine-sample,1,151552,3.1573333333333333,4096,4304209.0,4304.209,4304209.0,4304209.0,4304209.0,4304209.0,4304.209,4304.209,4304.209,4304.209,,,,0.042,0.042,0.75,1.3229166666666667,,2.072916666666667,0.75,2.0625,/Users/christiankauten/Documents/Projects/Rack/plugins/Fourier/.build/spec012/confirm-01-short-hop/workload-0088-repeat-00.csv,8a49afe74295c742ea15e89f4bb75ff02d07eb9eb6b399a877a0f21a1656e626
3aeff8d50243a034,m1-pro-16gb-local,73ca76f69519bd82c9f10ab23a766f7585cb6bb21575213746a864e103822cda,aligned,core-double,64,0,0,2368,1,37,0,128,throughput,48000,0,steady,1,64,spec012-confirm-01,1,28.228759765625,ns/engine-sample,1,151552,3.1573333333333333,4096,4278125.0,4278.125,4278125.0,4278125.0,4278125.0,4278125.0,4278.125,4278.125,4278.125,4278.125,,,,0.042,0.042,0.75,1.3229166666666667,,2.072916666666667,0.75,2.0625,/Users/christiankauten/Documents/Projects/Rack/plugins/Fourier/.build/spec012/confirm-01-short-hop/workload-0088-repeat-01.csv,be8ec467dd6ecd8aeef7a6fbb89d6a699f943f32533f4097b4119cfd6a81c12d
3aeff8d50243a034,m1-pro-16gb-local,73ca76f69519bd82c9f10ab23a766f7585cb6bb21575213746a864e103822cda,aligned,core-double,64,0,0,2368,1,37,0,128,throughput,48000,0,steady,1,64,spec012-confirm-01,2,28.544110272381758,ns/engine-sample,1,151552,3.1573333333333333,4096,4325917.0,4325.917,4325917.0,4325917.0,4325917.0,4325917.0,4325.917,4325.917,4325.917,4325.917,,,,0.042,0.042,0.75,1.3229166666666667,,2.072916666666667,0.75,2.0625,/Users/christiankauten/Documents/Projects/Rack/plugins/Fourier/.build/spec012/confirm-01-short-hop/workload-0088-repeat-02.csv,4e18d342c310c27d5520ee0a7f32554444f42019a5ff91e18f7f7d16bbeecc20
3aeff8d50243a034,m1-pro-16gb-local,73ca76f69519bd82c9f10ab23a766f7585cb6bb21575213746a864e103822cda,aligned,core-double,64,0,0,2368,1,37,0,128,throughput,48000,0,steady,1,64,spec012-confirm-02,0,28.192468591638512,ns/engine-sample,1,151552,3.1573333333333333,4096,4272625.0,4272.625,4272625.0,4272625.0,4272625.0,4272625.0,4272.625,4272.625,4272.625,4272.625,,,,0.042,0.125,0.75,1.3229166666666667,,2.072916666666667,0.75,2.0625,/Users/christiankauten/Documents/Projects/Rack/plugins/Fourier/.build/spec012/confirm-02-short-hop/workload-0088-repeat-00.csv,ea70a6df84d5b876db7d1a1f9495a6c123db9b5879f9e3d0ed2e3bfdd3967289
3aeff8d50243a034,m1-pro-16gb-local,73ca76f69519bd82c9f10ab23a766f7585cb6bb21575213746a864e103822cda,aligned,core-double,64,0,0,2368,1,37,0,128,throughput,48000,0,steady,1,64,spec012-confirm-02,1,28.395369246199323,ns/engine-sample,1,151552,3.1573333333333333,4096,4303375.0,4303.375,4303375.0,4303375.0,4303375.0,4303375.0,4303.375,4303.375,4303.375,4303.375,,,,0.042,0.042,0.75,1.3229166666666667,,2.072916666666667,0.75,2.0625,/Users/christiankauten/Documents/Projects/Rack/plugins/Fourier/.build/spec012/confirm-02-short-hop/workload-0088-repeat-01.csv,b8d83adf6869527639f5b6c1093deef8363c169f06360312abdf6809d33f1ef5
3aeff8d50243a034,m1-pro-16gb-local,73ca76f69519bd82c9f10ab23a766f7585cb6bb21575213746a864e103822cda,aligned,core-double,64,0,0,2368,1,37,0,128,throughput,48000,0,steady,1,64,spec012-confirm-02,2,28.65133419552365,ns/engine-sample,1,151552,3.1573333333333333,4096,4342167.0,4342.167,4342167.0,4342167.0,4342167.0,4342167.0,4342.167,4342.167,4342.167,4342.167,,,,0.042,0.042,0.75,1.3229166666666667,,2.072916666666667,0.75,2.0625,/Users/christiankauten/Documents/Projects/Rack/plugins/Fourier/.build/spec012/confirm-02-short-hop/workload-0088-repeat-02.csv,f78c695ed6d9c9d419649a62fa8473d67c6b283ec060660f07b1806220fbfab9
3aeff8d50243a034,m1-pro-16gb-local,73ca76f69519bd82c9f10ab23a766f7585cb6bb21575213746a864e103822cda,aligned,core-double,64,0,0,2368,1,37,0,128,throughput,48000,0,steady,1,64,spec012-confirm-03,0,28.924890466638512,ns/engine-sample,1,151552,3.1573333333333333,4096,4383625.0,4383.625,4383625.0,4383625.0,4383625.0,4383625.0,4383.625,4383.625,4383.625,4383.625,,,,0.042,0.042,0.75,1.3229166666666667,,2.072916666666667,0.75,2.0625,/Users/christiankauten/Documents/Projects/Rack/plugins/Fourier/.build/spec012/confirm-03-short-hop/workload-0088-repeat-00.csv,94065cb19895dc31af89de3fb8a9ac6afd175e97627e7765102bc4ac75fc8061
3aeff8d50243a034,m1-pro-16gb-local,73ca76f69519bd82c9f10ab23a766f7585cb6bb21575213746a864e103822cda,aligned,core-double,64,0,0,2368,1,37,0,128,throughput,48000,0,steady,1,64,spec012-confirm-03,1,28.783579233530407,ns/engine-sample,1,151552,3.1573333333333333,4096,4362209.0,4362.209,4362209.0,4362209.0,4362209.0,4362209.0,4362.209,4362.209,4362.209,4362.209,,,,0.042,0.042,0.75,1.3229166666666667,,2.072916666666667,0.75,2.0625,/Users/christiankauten/Documents/Projects/Rack/plugins/Fourier/.build/spec012/confirm-03-short-hop/workload-0088-repeat-01.csv,a6f5f50db0f0d8fa01b8621b3d5463594ccdb0bfa0e5bfe388f8dd316ee54564
3aeff8d50243a034,m1-pro-16gb-local,73ca76f69519bd82c9f10ab23a766f7585cb6bb21575213746a864e103822cda,aligned,core-double,64,0,0,2368,1,37,0,128,throughput,48000,0,steady,1,64,spec012-confirm-03,2,28.644458667652028,ns/engine-sample,1,151552,3.1573333333333333,4096,4341125.0,4341.125,4341125.0,4341125.0,4341125.0,4341125.0,4341.125,4341.125,4341.125,4341.125,,,,0.042,0.084,0.75,1.3229166666666667,,2.072916666666667,0.75,2.0625,/Users/christiankauten/Documents/Projects/Rack/plugins/Fourier/.build/spec012/confirm-03-short-hop/workload-0088-repeat-02.csv,4df20f4265690959c6be1fafac8689c2062cbc1b9d7c20ef0fed1f9285f99f75
3aeff8d50243a034,m1-pro-16gb-local,749e54e86eb069cec76ef9a3794ea578b6c0f5733ae95b1db4bcb9fd235b615b,aligned,inverse-stream-batch-float,64,0,0,2368,1,37,0,128,callback,48000,0,steady,1,64,spec012-confirm-01,0,46.903069573479726,ns/engine-sample,2368,151552,3.1573333333333333,4096,7108254.0,7108.254,3416.0,3459.0,3500.0,9834.0,3.416,3.459,3.5,9.834,1333.3333333333333,0,0.0,0.042,0.042,0.0,0.0,,,0.0,1.3125,/Users/christiankauten/Documents/Projects/Rack/plugins/Fourier/.build/spec012/confirm-01-short-hop/workload-0008-repeat-00.csv,70640c0624eb8a125a9edc740aae2905ca58783e13ab51026a441b3424246723
3aeff8d50243a034,m1-pro-16gb-local,749e54e86eb069cec76ef9a3794ea578b6c0f5733ae95b1db4bcb9fd235b615b,aligned,inverse-stream-batch-float,64,0,0,2368,1,37,0,128,callback,48000,0,steady,1,64,spec012-confirm-01,1,47.703580289273646,ns/engine-sample,2368,151552,3.1573333333333333,4096,7229573.0,7229.573,3458.0,3542.0,3625.0,3917.0,3.458,3.542,3.625,3.917,1333.3333333333333,0,0.0,0.042,0.083,0.0,0.0,,,0.0,1.3125,/Users/christiankauten/Documents/Projects/Rack/plugins/Fourier/.build/spec012/confirm-01-short-hop/workload-0008-repeat-01.csv,cd300098fbf5c2684cab21af8219939b553205d4b040fb478b6b551ad946a8f2
3aeff8d50243a034,m1-pro-16gb-local,749e54e86eb069cec76ef9a3794ea578b6c0f5733ae95b1db4bcb9fd235b615b,aligned,inverse-stream-batch-float,64,0,0,2368,1,37,0,128,callback,48000,0,steady,1,64,spec012-confirm-01,2,47.027389938766895,ns/engine-sample,2368,151552,3.1573333333333333,4096,7127095.0,7127.095,3416.0,3500.0,3541.0,7542.0,3.416,3.5,3.541,7.542,1333.3333333333333,0,0.0,0.042,0.042,0.0,0.0,,,0.0,1.3125,/Users/christiankauten/Documents/Projects/Rack/plugins/Fourier/.build/spec012/confirm-01-short-hop/workload-0008-repeat-02.csv,a22c1d8813925156d9a417dbf2da990199df1e6e4a1393baa0f5b6d1d49cdb80
3aeff8d50243a034,m1-pro-16gb-local,749e54e86eb069cec76ef9a3794ea578b6c0f5733ae95b1db4bcb9fd235b615b,aligned,inverse-stream-batch-float,64,0,0,2368,1,37,0,128,callback,48000,0,steady,1,64,spec012-confirm-02,0,49.45993454391892,ns/engine-sample,2368,151552,3.1573333333333333,4096,7495752.0,7495.752,3500.0,3750.0,3833.0,15708.0,3.5,3.75,3.833,15.708,1333.3333333333333,0,0.0,0.042,0.083,0.0,0.0,,,0.0,1.3125,/Users/christiankauten/Documents/Projects/Rack/plugins/Fourier/.build/spec012/confirm-02-short-hop/workload-0008-repeat-00.csv,5e0dfd6ec25fe54e1aa434b361fe51c134c705340911c112dc9c54b3e30ee072
3aeff8d50243a034,m1-pro-16gb-local,749e54e86eb069cec76ef9a3794ea578b6c0f5733ae95b1db4bcb9fd235b615b,aligned,inverse-stream-batch-float,64,0,0,2368,1,37,0,128,callback,48000,0,steady,1,64,spec012-confirm-02,1,47.8799949852196,ns/engine-sample,2368,151552,3.1573333333333333,4096,7256309.0,7256.309,3458.0,3583.0,3666.0,6833.0,3.458,3.583,3.666,6.833,1333.3333333333333,0,0.0,0.042,0.042,0.0,0.0,,,0.0,1.3125,/Users/christiankauten/Documents/Projects/Rack/plugins/Fourier/.build/spec012/confirm-02-short-hop/workload-0008-repeat-01.csv,1a081373690623c7a921a120743dd535aed23c0725bfe538f71adb58eab91f52
3aeff8d50243a034,m1-pro-16gb-local,749e54e86eb069cec76ef9a3794ea578b6c0f5733ae95b1db4bcb9fd235b615b,aligned,inverse-stream-batch-float,64,0,0,2368,1,37,0,128,callback,48000,0,steady,1,64,spec012-confirm-02,2,47.063918654983105,ns/engine-sample,2368,151552,3.1573333333333333,4096,7132631.0,7132.631,3416.0,3500.0,3625.0,10333.0,3.416,3.5,3.625,10.333,1333.3333333333333,0,0.0,0.042,0.042,0.0,0.0,,,0.0,1.3125,/Users/christiankauten/Documents/Projects/Rack/plugins/Fourier/.build/spec012/confirm-02-short-hop/workload-0008-repeat-02.csv,6c0a7014385338b7c679e360af8d7bc2384d48a4cdcb4ab160204711023dac7a
3aeff8d50243a034,m1-pro-16gb-local,749e54e86eb069cec76ef9a3794ea578b6c0f5733ae95b1db4bcb9fd235b615b,aligned,inverse-stream-batch-float,64,0,0,2368,1,37,0,128,callback,48000,0,steady,1,64,spec012-confirm-03,0,48.09688423775338,ns/engine-sample,2368,151552,3.1573333333333333,4096,7289179.0,7289.179,3500.0,3542.0,3584.0,9917.0,3.5,3.542,3.584,9.917,1333.3333333333333,0,0.0,0.042,0.084,0.0,0.0,,,0.0,1.3125,/Users/christiankauten/Documents/Projects/Rack/plugins/Fourier/.build/spec012/confirm-03-short-hop/workload-0008-repeat-00.csv,f67b79bb91f10c4c8f5eedd1e924887ba02ac1e385bdacee631d0880258f0e38
3aeff8d50243a034,m1-pro-16gb-local,749e54e86eb069cec76ef9a3794ea578b6c0f5733ae95b1db4bcb9fd235b615b,aligned,inverse-stream-batch-float,64,0,0,2368,1,37,0,128,callback,48000,0,steady,1,64,spec012-confirm-03,1,48.349820523648646,ns/engine-sample,2368,151552,3.1573333333333333,4096,7327512.0,7327.512,3500.0,3584.0,3625.0,10875.0,3.5,3.584,3.625,10.875,1333.3333333333333,0,0.0,0.042,0.042,0.0,0.0,,,0.0,1.3125,/Users/christiankauten/Documents/Projects/Rack/plugins/Fourier/.build/spec012/confirm-03-short-hop/workload-0008-repeat-01.csv,69975de359012d67713e86c7a5894d41c4a088c4b3d28a10cfde26583c944b7e
3aeff8d50243a034,m1-pro-16gb-local,749e54e86eb069cec76ef9a3794ea578b6c0f5733ae95b1db4bcb9fd235b615b,aligned,inverse-stream-batch-float,64,0,0,2368,1,37,0,128,callback,48000,0,steady,1,64,spec012-confirm-03,2,47.358253272804056,ns/engine-sample,2368,151552,3.1573333333333333,4096,7177238.0,7177.238,3417.0,3500.0,3584.0,12625.0,3.417,3.5,3.584,12.625,1333.3333333333333,0,0.0,0.042,0.042,0.0,0.0,,,0.0,1.3125,/Users/christiankauten/Documents/Projects/Rack/plugins/Fourier/.build/spec012/confirm-03-short-hop/workload-0008-repeat-02.csv,d799332972d7617a731ffcdcaeb729e00d0f4d537b03ebadcd07a53b25c9bbec
3aeff8d50243a034,m1-pro-16gb-local,7baa0a4ad1feabe35ab02b6799c52485e39753ebf1aac1b7eaf0dbb6e975fed7,aligned,fftw-analysis-double,64,0,0,2368,1,37,0,128,callback,48000,0,steady,1,64,spec012-confirm-01,0,14.985278980152026,ns/engine-sample,2368,151552,3.1573333333333333,4096,2271049.0,2271.049,1042.0,1084.0,1084.0,11709.0,1.042,1.084,1.084,11.709,1333.3333333333333,0,0.0,0.042,0.125,0.0,1.3229166666666667,,1.3229166666666667,0.0,1.3125,/Users/christiankauten/Documents/Projects/Rack/plugins/Fourier/.build/spec012/confirm-01-short-hop/workload-0069-repeat-00.csv,ed27fc6c49d1156f7018b3160af2c75caafb67456fe1274bcf7ec422383d68a0
3aeff8d50243a034,m1-pro-16gb-local,7baa0a4ad1feabe35ab02b6799c52485e39753ebf1aac1b7eaf0dbb6e975fed7,aligned,fftw-analysis-double,64,0,0,2368,1,37,0,128,callback,48000,0,steady,1,64,spec012-confirm-01,1,14.997248469172296,ns/engine-sample,2368,151552,3.1573333333333333,4096,2272863.0,2272.863,1042.0,1084.0,1084.0,8083.0,1.042,1.084,1.084,8.083,1333.3333333333333,0,0.0,0.042,0.042,0.0,1.3229166666666667,,1.3229166666666667,0.0,1.3125,/Users/christiankauten/Documents/Projects/Rack/plugins/Fourier/.build/spec012/confirm-01-short-hop/workload-0069-repeat-01.csv,92eb15cd2560bcb8c42b7e1beafffd30a8a624a89d27221b8f70c6a9a1d7d1ab
3aeff8d50243a034,m1-pro-16gb-local,7baa0a4ad1feabe35ab02b6799c52485e39753ebf1aac1b7eaf0dbb6e975fed7,aligned,fftw-analysis-double,64,0,0,2368,1,37,0,128,callback,48000,0,steady,1,64,spec012-confirm-01,2,15.19603172508446,ns/engine-sample,2368,151552,3.1573333333333333,4096,2302989.0,2302.989,1042.0,1125.0,1166.0,6500.0,1.042,1.125,1.166,6.5,1333.3333333333333,0,0.0,0.042,0.084,0.0,1.3229166666666667,,1.3229166666666667,0.0,1.3125,/Users/christiankauten/Documents/Projects/Rack/plugins/Fourier/.build/spec012/confirm-01-short-hop/workload-0069-repeat-02.csv,3d8fe5def7dea0444b20937c2b83ddb2be784a9993600ae34556812a19d86a3b
3aeff8d50243a034,m1-pro-16gb-local,7baa0a4ad1feabe35ab02b6799c52485e39753ebf1aac1b7eaf0dbb6e975fed7,aligned,fftw-analysis-double,64,0,0,2368,1,37,0,128,callback,48000,0,steady,1,64,spec012-confirm-02,0,15.011474609375,ns/engine-sample,2368,151552,3.1573333333333333,4096,2275019.0,2275.019,1042.0,1084.0,1084.0,7708.0,1.042,1.084,1.084,7.708,1333.3333333333333,0,0.0,0.042,0.125,0.0,1.3229166666666667,,1.3229166666666667,0.0,1.3125,/Users/christiankauten/Documents/Projects/Rack/plugins/Fourier/.build/spec012/confirm-02-short-hop/workload-0069-repeat-00.csv,d485df9ff5085c13bf024f599b4b4a8eaf817938c015997a3082d32840712298
3aeff8d50243a034,m1-pro-16gb-local,7baa0a4ad1feabe35ab02b6799c52485e39753ebf1aac1b7eaf0dbb6e975fed7,aligned,fftw-analysis-double,64,0,0,2368,1,37,0,128,callback,48000,0,steady,1,64,spec012-confirm-02,1,15.044057485219595,ns/engine-sample,2368,151552,3.1573333333333333,4096,2279957.0,2279.957,1042.0,1084.0,1084.0,6125.0,1.042,1.084,1.084,6.125,1333.3333333333333,0,0.0,0.042,0.042,0.0,1.3229166666666667,,1.3229166666666667,0.0,1.3125,/Users/christiankauten/Documents/Projects/Rack/plugins/Fourier/.build/spec012/confirm-02-short-hop/workload-0069-repeat-01.csv,6d165c407028a5a51ac52f076e1ebe6a5d41d1f26a8f70e4331fa6f7291ec9c9
3aeff8d50243a034,m1-pro-16gb-local,7baa0a4ad1feabe35ab02b6799c52485e39753ebf1aac1b7eaf0dbb6e975fed7,aligned,fftw-analysis-double,64,0,0,2368,1,37,0,128,callback,48000,0,steady,1,64,spec012-confirm-02,2,14.995664854307432,ns/engine-sample,2368,151552,3.1573333333333333,4096,2272623.0,2272.623,1042.0,1084.0,1125.0,5208.0,1.042,1.084,1.125,5.208,1333.3333333333333,0,0.0,0.042,0.042,0.0,1.3229166666666667,,1.3229166666666667,0.0,1.3125,/Users/christiankauten/Documents/Projects/Rack/plugins/Fourier/.build/spec012/confirm-02-short-hop/workload-0069-repeat-02.csv,770ddc9192aa89a6f8c005aec4a0b5c9894a31f8f8fae0fcbaa16a6057a9fae3
3aeff8d50243a034,m1-pro-16gb-local,7baa0a4ad1feabe35ab02b6799c52485e39753ebf1aac1b7eaf0dbb6e975fed7,aligned,fftw-analysis-double,64,0,0,2368,1,37,0,128,callback,48000,0,steady,1,64,spec012-confirm-03,0,14.945378483952704,ns/engine-sample,2368,151552,3.1573333333333333,4096,2265002.0,2265.002,1042.0,1084.0,1084.0,1209.0,1.042,1.084,1.084,1.209,1333.3333333333333,0,0.0,0.042,0.042,0.0,1.3229166666666667,,1.3229166666666667,0.0,1.3125,/Users/christiankauten/Documents/Projects/Rack/plugins/Fourier/.build/spec012/confirm-03-short-hop/workload-0069-repeat-00.csv,47eb9f801505fca79b4d34c378ee74e9978fde058758c8c834e7672a4de90ec7
3aeff8d50243a034,m1-pro-16gb-local,7baa0a4ad1feabe35ab02b6799c52485e39753ebf1aac1b7eaf0dbb6e975fed7,aligned,fftw-analysis-double,64,0,0,2368,1,37,0,128,callback,48000,0,steady,1,64,spec012-confirm-03,1,15.854076488597974,ns/engine-sample,2368,151552,3.1573333333333333,4096,2402717.0,2402.717,1083.0,1125.0,1250.0,14334.0,1.083,1.125,1.25,14.334,1333.3333333333333,0,0.0,0.042,0.042,0.0,1.3229166666666667,,1.3229166666666667,0.0,1.3125,/Users/christiankauten/Documents/Projects/Rack/plugins/Fourier/.build/spec012/confirm-03-short-hop/workload-0069-repeat-01.csv,f6b26c439226b04b0c2bec1f6063c1eaa9ec573fa550a48431052aeca4dadb31
3aeff8d50243a034,m1-pro-16gb-local,7baa0a4ad1feabe35ab02b6799c52485e39753ebf1aac1b7eaf0dbb6e975fed7,aligned,fftw-analysis-double,64,0,0,2368,1,37,0,128,callback,48000,0,steady,1,64,spec012-confirm-03,2,14.998469172297296,ns/engine-sample,2368,151552,3.1573333333333333,4096,2273048.0,2273.048,1042.0,1084.0,1125.0,6916.0,1.042,1.084,1.125,6.916,1333.3333333333333,0,0.0,0.042,0.042,0.0,1.3229166666666667,,1.3229166666666667,0.0,1.3125,/Users/christiankauten/Documents/Projects/Rack/plugins/Fourier/.build/spec012/confirm-03-short-hop/workload-0069-repeat-02.csv,236c93d42560fbfe38f41e335fd7ace9aef30b288372108c789b2754a82fafa9
3aeff8d50243a034,m1-pro-16gb-local,7c71e379d4c8a6420385cd0c6cd10fd8ba275e2ff25c5c4fdddb9da37aea276c,aligned,legacy-incremental-float,64,0,0,2368,1,37,0,128,callback,48000,0,steady,1,64,spec012-confirm-01,0,27.78559174408784,ns/engine-sample,2368,151552,3.1573333333333333,4096,4210962.0,4210.962,1833.0,1875.0,1875.0,9417.0,1.833,1.875,1.875,9.417,1333.3333333333333,0,0.0,0.042,0.042,0.6458333333333334,1.3229166666666667,,1.96875,0.6458333333333334,1.9583333333333333,/Users/christiankauten/Documents/Projects/Rack/plugins/Fourier/.build/spec012/confirm-01-short-hop/workload-0002-repeat-00.csv,88315fba08c5aa9d1828a7ac0a413f17bc296d67d814e2663c822b46a24f449f
3aeff8d50243a034,m1-pro-16gb-local,7c71e379d4c8a6420385cd0c6cd10fd8ba275e2ff25c5c4fdddb9da37aea276c,aligned,legacy-incremental-float,64,0,0,2368,1,37,0,128,callback,48000,0,steady,1,64,spec012-confirm-01,1,28.014232738597972,ns/engine-sample,2368,151552,3.1573333333333333,4096,4245613.0,4245.613,1833.0,1875.0,1917.0,8750.0,1.833,1.875,1.917,8.75,1333.3333333333333,0,0.0,0.042,0.042,0.6458333333333334,1.3229166666666667,,1.96875,0.6458333333333334,1.9583333333333333,/Users/christiankauten/Documents/Projects/Rack/plugins/Fourier/.build/spec012/confirm-01-short-hop/workload-0002-repeat-01.csv,651e1e1ddb124d51f391451ee38a0675d3df333ab96c1fd942ca8a6e1add375a
3aeff8d50243a034,m1-pro-16gb-local,7c71e379d4c8a6420385cd0c6cd10fd8ba275e2ff25c5c4fdddb9da37aea276c,aligned,legacy-incremental-float,64,0,0,2368,1,37,0,128,callback,48000,0,steady,1,64,spec012-confirm-01,2,27.88348553631757,ns/engine-sample,2368,151552,3.1573333333333333,4096,4225798.0,4225.798,1833.0,1875.0,1917.0,2208.0,1.833,1.875,1.917,2.208,1333.3333333333333,0,0.0,0.042,0.042,0.6458333333333334,1.3229166666666667,,1.96875,0.6458333333333334,1.9583333333333333,/Users/christiankauten/Documents/Projects/Rack/plugins/Fourier/.build/spec012/confirm-01-short-hop/workload-0002-repeat-02.csv,a08da1590a86199226e1fb0d1658a5dbdbf97aa3662184800161ee4d379d22f1
3aeff8d50243a034,m1-pro-16gb-local,7c71e379d4c8a6420385cd0c6cd10fd8ba275e2ff25c5c4fdddb9da37aea276c,aligned,legacy-incremental-float,64,0,0,2368,1,37,0,128,callback,48000,0,steady,1,64,spec012-confirm-02,0,28.082196209881758,ns/engine-sample,2368,151552,3.1573333333333333,4096,4255913.0,4255.913,1833.0,1875.0,2000.0,11750.0,1.833,1.875,2.0,11.75,1333.3333333333333,0,0.0,0.042,0.042,0.6458333333333334,1.3229166666666667,,1.96875,0.6458333333333334,1.9583333333333333,/Users/christiankauten/Documents/Projects/Rack/plugins/Fourier/.build/spec012/confirm-02-short-hop/workload-0002-repeat-00.csv,e60a35c6a8f29d2ee9e90afd82296a7ea5a798c0d2d4aae61fa408e0f2dafe50
3aeff8d50243a034,m1-pro-16gb-local,7c71e379d4c8a6420385cd0c6cd10fd8ba275e2ff25c5c4fdddb9da37aea276c,aligned,legacy-incremental-float,64,0,0,2368,1,37,0,128,callback,48000,0,steady,1,64,spec012-confirm-02,1,27.94456028293919,ns/engine-sample,2368,151552,3.1573333333333333,4096,4235054.0,4235.054,1833.0,1875.0,1917.0,8042.0,1.833,1.875,1.917,8.042,1333.3333333333333,0,0.0,0.042,0.042,0.6458333333333334,1.3229166666666667,,1.96875,0.6458333333333334,1.9583333333333333,/Users/christiankauten/Documents/Projects/Rack/plugins/Fourier/.build/spec012/confirm-02-short-hop/workload-0002-repeat-01.csv,72d6c062190d2a107d1efead7dc2433093cccd9c407ca710c6e451d4705ac53c
3aeff8d50243a034,m1-pro-16gb-local,7c71e379d4c8a6420385cd0c6cd10fd8ba275e2ff25c5c4fdddb9da37aea276c,aligned,legacy-incremental-float,64,0,0,2368,1,37,0,128,callback,48000,0,steady,1,64,spec012-confirm-02,2,28.057478621199323,ns/engine-sample,2368,151552,3.1573333333333333,4096,4252167.0,4252.167,1833.0,1875.0,1959.0,5833.0,1.833,1.875,1.959,5.833,1333.3333333333333,0,0.0,0.042,0.042,0.6458333333333334,1.3229166666666667,,1.96875,0.6458333333333334,1.9583333333333333,/Users/christiankauten/Documents/Projects/Rack/plugins/Fourier/.build/spec012/confirm-02-short-hop/workload-0002-repeat-02.csv,b0e1d4fedf6a0b13b685956dd87013dddc4f65c129a4cb99d36d0016301778c9
3aeff8d50243a034,m1-pro-16gb-local,7c71e379d4c8a6420385cd0c6cd10fd8ba275e2ff25c5c4fdddb9da37aea276c,aligned,legacy-incremental-float,64,0,0,2368,1,37,0,128,callback,48000,0,steady,1,64,spec012-confirm-03,0,28.02982474662162,ns/engine-sample,2368,151552,3.1573333333333333,4096,4247976.0,4247.976,1833.0,1875.0,1917.0,11709.0,1.833,1.875,1.917,11.709,1333.3333333333333,0,0.0,0.042,0.042,0.6458333333333334,1.3229166666666667,,1.96875,0.6458333333333334,1.9583333333333333,/Users/christiankauten/Documents/Projects/Rack/plugins/Fourier/.build/spec012/confirm-03-short-hop/workload-0002-repeat-00.csv,d6cf86539b4dcf9cd956027263776557fa45d5970c1e6c1740b4a20aa73bb545
3aeff8d50243a034,m1-pro-16gb-local,7c71e379d4c8a6420385cd0c6cd10fd8ba275e2ff25c5c4fdddb9da37aea276c,aligned,legacy-incremental-float,64,0,0,2368,1,37,0,128,callback,48000,0,steady,1,64,spec012-confirm-03,1,29.535512563344593,ns/engine-sample,2368,151552,3.1573333333333333,4096,4476166.0,4476.166,1875.0,2000.0,2166.0,13417.0,1.875,2.0,2.166,13.417,1333.3333333333333,0,0.0,0.042,0.042,0.6458333333333334,1.3229166666666667,,1.96875,0.6458333333333334,1.9583333333333333,/Users/christiankauten/Documents/Projects/Rack/plugins/Fourier/.build/spec012/confirm-03-short-hop/workload-0002-repeat-01.csv,436ebbee7cc89f6b2073f5bb756f6e37107456ee7db9e213b5a692cc23639f58
3aeff8d50243a034,m1-pro-16gb-local,7c71e379d4c8a6420385cd0c6cd10fd8ba275e2ff25c5c4fdddb9da37aea276c,aligned,legacy-incremental-float,64,0,0,2368,1,37,0,128,callback,48000,0,steady,1,64,spec012-confirm-03,2,28.224530194256758,ns/engine-sample,2368,151552,3.1573333333333333,4096,4277484.0,4277.484,1833.0,1916.0,1917.0,7917.0,1.833,1.916,1.917,7.917,1333.3333333333333,0,0.0,0.042,0.042,0.6458333333333334,1.3229166666666667,,1.96875,0.6458333333333334,1.9583333333333333,/Users/christiankauten/Documents/Projects/Rack/plugins/Fourier/.build/spec012/confirm-03-short-hop/workload-0002-repeat-02.csv,c3894e022aa8484d530fec65f47b146bdc559060240f9f6cb4bdfc6899259f0d
3aeff8d50243a034,m1-pro-16gb-local,7cf4353c8935a5355acf65df1fe7742f3fd0f043e2cf2f01f65314b1473b3662,aligned,ols-identity-incremental-float,64,0,0,2368,1,37,0,128,callback,48000,0,steady,1,64,spec012-confirm-01,0,87.65741791596284,ns/engine-sample,2368,151552,3.1573333333333333,4096,13284657.0,13284.657,5584.0,5792.0,5875.0,9500.0,5.584,5.792,5.875,9.5,1333.3333333333333,0,0.0,0.042,0.042,0.75,0.375,1.5,,0.75,2.0625,/Users/christiankauten/Documents/Projects/Rack/plugins/Fourier/.build/spec012/confirm-01-short-hop/workload-0014-repeat-00.csv,7129e6fa053aa73aeeba3e50240f561eefb351dab3231bc419c1086aca2a5a8d
3aeff8d50243a034,m1-pro-16gb-local,7cf4353c8935a5355acf65df1fe7742f3fd0f043e2cf2f01f65314b1473b3662,aligned,ols-identity-incremental-float,64,0,0,2368,1,37,0,128,callback,48000,0,steady,1,64,spec012-confirm-01,1,87.5067237647804,ns/engine-sample,2368,151552,3.1573333333333333,4096,13261819.0,13261.819,5583.0,5791.0,5834.0,9708.0,5.583,5.791,5.834,9.708,1333.3333333333333,0,0.0,0.042,0.042,0.75,0.375,1.5,,0.75,2.0625,/Users/christiankauten/Documents/Projects/Rack/plugins/Fourier/.build/spec012/confirm-01-short-hop/workload-0014-repeat-01.csv,4def25f3f64091612047eca2b96c42860fb1a91072ac9c84d459a56d831fb15c
3aeff8d50243a034,m1-pro-16gb-local,7cf4353c8935a5355acf65df1fe7742f3fd0f043e2cf2f01f65314b1473b3662,aligned,ols-identity-incremental-float,64,0,0,2368,1,37,0,128,callback,48000,0,steady,1,64,spec012-confirm-01,2,88.75360272381756,ns/engine-sample,2368,151552,3.1573333333333333,4096,13450786.0,13450.786,5667.0,5875.0,5917.0,8792.0,5.667,5.875,5.917,8.792,1333.3333333333333,0,0.0,0.042,0.042,0.75,0.375,1.5,,0.75,2.0625,/Users/christiankauten/Documents/Projects/Rack/plugins/Fourier/.build/spec012/confirm-01-short-hop/workload-0014-repeat-02.csv,89f604808a9a0c09d0ef6c14b9ba1073c25b185af688305aad3480a680acb5b8
3aeff8d50243a034,m1-pro-16gb-local,7cf4353c8935a5355acf65df1fe7742f3fd0f043e2cf2f01f65314b1473b3662,aligned,ols-identity-incremental-float,64,0,0,2368,1,37,0,128,callback,48000,0,steady,1,64,spec012-confirm-02,0,87.94446130701013,ns/engine-sample,2368,151552,3.1573333333333333,4096,13328159.0,13328.159,5625.0,5833.0,5875.0,9875.0,5.625,5.833,5.875,9.875,1333.3333333333333,0,0.0,0.042,0.042,0.75,0.375,1.5,,0.75,2.0625,/Users/christiankauten/Documents/Projects/Rack/plugins/Fourier/.build/spec012/confirm-02-short-hop/workload-0014-repeat-00.csv,73a8f870e16466b80906ce105d24bfb87e7f1d4f29c0ab3b1b9c614db0df12b2
3aeff8d50243a034,m1-pro-16gb-local,7cf4353c8935a5355acf65df1fe7742f3fd0f043e2cf2f01f65314b1473b3662,aligned,ols-identity-incremental-float,64,0,0,2368,1,37,0,128,callback,48000,0,steady,1,64,spec012-confirm-02,1,87.7001755173142,ns/engine-sample,2368,151552,3.1573333333333333,4096,13291137.0,13291.137,5584.0,5792.0,5875.0,9333.0,5.584,5.792,5.875,9.333,1333.3333333333333,0,0.0,0.042,0.042,0.75,0.375,1.5,,0.75,2.0625,/Users/christiankauten/Documents/Projects/Rack/plugins/Fourier/.build/spec012/confirm-02-short-hop/workload-0014-repeat-01.csv,511f73a3a68330de1f57a5b38886e7e19d7a37a637bbd2f8bd522f2d87688eb4
3aeff8d50243a034,m1-pro-16gb-local,7cf4353c8935a5355acf65df1fe7742f3fd0f043e2cf2f01f65314b1473b3662,aligned,ols-identity-incremental-float,64,0,0,2368,1,37,0,128,callback,48000,0,steady,1,64,spec012-confirm-02,2,88.58736935177365,ns/engine-sample,2368,151552,3.1573333333333333,4096,13425593.0,13425.593,5666.0,5875.0,6000.0,11958.0,5.666,5.875,6.0,11.958,1333.3333333333333,0,0.0,0.042,0.042,0.75,0.375,1.5,,0.75,2.0625,/Users/christiankauten/Documents/Projects/Rack/plugins/Fourier/.build/spec012/confirm-02-short-hop/workload-0014-repeat-02.csv,9f4f25fc33f462d7be24bc3e3f3d7fdb15c7f5fa6dee7bed96facae613d5bcb2
3aeff8d50243a034,m1-pro-16gb-local,7cf4353c8935a5355acf65df1fe7742f3fd0f043e2cf2f01f65314b1473b3662,aligned,ols-identity-incremental-float,64,0,0,2368,1,37,0,128,callback,48000,0,steady,1,64,spec012-confirm-03,0,87.92931798986487,ns/engine-sample,2368,151552,3.1573333333333333,4096,13325864.0,13325.864,5625.0,5833.0,6084.0,9084.0,5.625,5.833,6.084,9.084,1333.3333333333333,0,0.0,0.042,0.042,0.75,0.375,1.5,,0.75,2.0625,/Users/christiankauten/Documents/Projects/Rack/plugins/Fourier/.build/spec012/confirm-03-short-hop/workload-0014-repeat-00.csv,3fa4b40abd86d6b11a86ab68284b3f66bdb84b3d110a7d5d601b5ddec9fd0b70
3aeff8d50243a034,m1-pro-16gb-local,7cf4353c8935a5355acf65df1fe7742f3fd0f043e2cf2f01f65314b1473b3662,aligned,ols-identity-incremental-float,64,0,0,2368,1,37,0,128,callback,48000,0,steady,1,64,spec012-confirm-03,1,88.38556403082771,ns/engine-sample,2368,151552,3.1573333333333333,4096,13395009.0,13395.009,5625.0,5875.0,5917.0,12875.0,5.625,5.875,5.917,12.875,1333.3333333333333,0,0.0,0.042,0.083,0.75,0.375,1.5,,0.75,2.0625,/Users/christiankauten/Documents/Projects/Rack/plugins/Fourier/.build/spec012/confirm-03-short-hop/workload-0014-repeat-01.csv,f55dba7f673fc9c3bfbf1e25d64d1b0dadf2a629f3d385b2e924c3c0d81c5628
3aeff8d50243a034,m1-pro-16gb-local,7cf4353c8935a5355acf65df1fe7742f3fd0f043e2cf2f01f65314b1473b3662,aligned,ols-identity-incremental-float,64,0,0,2368,1,37,0,128,callback,48000,0,steady,1,64,spec012-confirm-03,2,91.74130991342905,ns/engine-sample,2368,151552,3.1573333333333333,4096,13903579.0,13903.579,5834.0,6084.0,6250.0,9291.0,5.834,6.084,6.25,9.291,1333.3333333333333,0,0.0,0.042,0.042,0.75,0.375,1.5,,0.75,2.0625,/Users/christiankauten/Documents/Projects/Rack/plugins/Fourier/.build/spec012/confirm-03-short-hop/workload-0014-repeat-02.csv,91256710b82a56dbbc2bf72638c1c97dcba984800eb38cda8544b4b3155e037f
3aeff8d50243a034,m1-pro-16gb-local,7e907da240088355620c10a3c06e32b7cef476249714144da9da55abe6edddf8,aligned,legacy-batch-double,64,0,0,2368,1,37,0,128,callback,48000,0,steady,1,64,spec012-confirm-01,0,31.37326462204392,ns/engine-sample,2368,151552,3.1573333333333333,4096,4754681.0,4754.681,2250.0,2292.0,2334.0,9500.0,2.25,2.292,2.334,9.5,1333.3333333333333,0,0.0,0.042,0.042,0.0,1.3229166666666667,,1.3229166666666667,0.0,1.3125,/Users/christiankauten/Documents/Projects/Rack/plugins/Fourier/.build/spec012/confirm-01-short-hop/workload-0067-repeat-00.csv,48b26cc8ad2b469ce648cadfd891dcd0f89af218cb250e8afacc556687acbd3d
3aeff8d50243a034,m1-pro-16gb-local,7e907da240088355620c10a3c06e32b7cef476249714144da9da55abe6edddf8,aligned,legacy-batch-double,64,0,0,2368,1,37,0,128,callback,48000,0,steady,1,64,spec012-confirm-01,1,31.1262866870777,ns/engine-sample,2368,151552,3.1573333333333333,4096,4717251.0,4717.251,2250.0,2292.0,2333.0,6500.0,2.25,2.292,2.333,6.5,1333.3333333333333,0,0.0,0.042,0.042,0.0,1.3229166666666667,,1.3229166666666667,0.0,1.3125,/Users/christiankauten/Documents/Projects/Rack/plugins/Fourier/.build/spec012/confirm-01-short-hop/workload-0067-repeat-01.csv,a6b1f0e0270f5f02ab1dcf3b35b1eb557ebf5506d89e3345244089a56e629ed6
3aeff8d50243a034,m1-pro-16gb-local,7e907da240088355620c10a3c06e32b7cef476249714144da9da55abe6edddf8,aligned,legacy-batch-double,64,0,0,2368,1,37,0,128,callback,48000,0,steady,1,64,spec012-confirm-01,2,31.166173986486488,ns/engine-sample,2368,151552,3.1573333333333333,4096,4723296.0,4723.296,2250.0,2292.0,2333.0,9583.0,2.25,2.292,2.333,9.583,1333.3333333333333,0,0.0,0.042,0.042,0.0,1.3229166666666667,,1.3229166666666667,0.0,1.3125,/Users/christiankauten/Documents/Projects/Rack/plugins/Fourier/.build/spec012/confirm-01-short-hop/workload-0067-repeat-02.csv,11730bf41bb2b5293fe51592e442d2187258c1eed8cab1c990ffc818d3732bdd
3aeff8d50243a034,m1-pro-16gb-local,7e907da240088355620c10a3c06e32b7cef476249714144da9da55abe6edddf8,aligned,legacy-batch-double,64,0,0,2368,1,37,0,128,callback,48000,0,steady,1,64,spec012-confirm-02,0,31.55565086570946,ns/engine-sample,2368,151552,3.1573333333333333,4096,4782322.0,4782.322,2250.0,2292.0,2375.0,6458.0,2.25,2.292,2.375,6.458,1333.3333333333333,0,0.0,0.042,0.042,0.0,1.3229166666666667,,1.3229166666666667,0.0,1.3125,/Users/christiankauten/Documents/Projects/Rack/plugins/Fourier/.build/spec012/confirm-02-short-hop/workload-0067-repeat-00.csv,25e726c68a720707120627736352c3bf998df9303a9b04f722a4f81a66289a1d
3aeff8d50243a034,m1-pro-16gb-local,7e907da240088355620c10a3c06e32b7cef476249714144da9da55abe6edddf8,aligned,legacy-batch-double,64,0,0,2368,1,37,0,128,callback,48000,0,steady,1,64,spec012-confirm-02,1,31.418859533361488,ns/engine-sample,2368,151552,3.1573333333333333,4096,4761591.0,4761.591,2250.0,2292.0,2417.0,6375.0,2.25,2.292,2.417,6.375,1333.3333333333333,0,0.0,0.042,0.042,0.0,1.3229166666666667,,1.3229166666666667,0.0,1.3125,/Users/christiankauten/Documents/Projects/Rack/plugins/Fourier/.build/spec012/confirm-02-short-hop/workload-0067-repeat-01.csv,3de26577c497b976dcb4f7cd626592dbed8fa855633c06bec6e876aa899070eb
3aeff8d50243a034,m1-pro-16gb-local,7e907da240088355620c10a3c06e32b7cef476249714144da9da55abe6edddf8,aligned,legacy-batch-double,64,0,0,2368,1,37,0,128,callback,48000,0,steady,1,64,spec012-confirm-02,2,31.392663904138512,ns/engine-sample,2368,151552,3.1573333333333333,4096,4757621.0,4757.621,2250.0,2292.0,2334.0,10375.0,2.25,2.292,2.334,10.375,1333.3333333333333,0,0.0,0.042,0.042,0.0,1.3229166666666667,,1.3229166666666667,0.0,1.3125,/Users/christiankauten/Documents/Projects/Rack/plugins/Fourier/.build/spec012/confirm-02-short-hop/workload-0067-repeat-02.csv,1b69d4fd73c67e8ca4b87a07eb03b235405a3a54a2862caffdb35a564bddb7f5
3aeff8d50243a034,m1-pro-16gb-local,7e907da240088355620c10a3c06e32b7cef476249714144da9da55abe6edddf8,aligned,legacy-batch-double,64,0,0,2368,1,37,0,128,callback,48000,0,steady,1,64,spec012-confirm-03,0,31.880232527449323,ns/engine-sample,2368,151552,3.1573333333333333,4096,4831513.0,4831.513,2250.0,2375.0,2459.0,9292.0,2.25,2.375,2.459,9.292,1333.3333333333333,0,0.0,0.042,0.083,0.0,1.3229166666666667,,1.3229166666666667,0.0,1.3125,/Users/christiankauten/Documents/Projects/Rack/plugins/Fourier/.build/spec012/confirm-03-short-hop/workload-0067-repeat-00.csv,1c484889f9c423f9b4fbcaf3338ecc12fb04f7db4d8d3b397c0077e0080207f0
3aeff8d50243a034,m1-pro-16gb-local,7e907da240088355620c10a3c06e32b7cef476249714144da9da55abe6edddf8,aligned,legacy-batch-double,64,0,0,2368,1,37,0,128,callback,48000,0,steady,1,64,spec012-confirm-03,1,31.850915857263512,ns/engine-sample,2368,151552,3.1573333333333333,4096,4827070.0,4827.07,2250.0,2333.0,2417.0,16834.0,2.25,2.333,2.417,16.834,1333.3333333333333,0,0.0,0.042,0.042,0.0,1.3229166666666667,,1.3229166666666667,0.0,1.3125,/Users/christiankauten/Documents/Projects/Rack/plugins/Fourier/.build/spec012/confirm-03-short-hop/workload-0067-repeat-01.csv,a5e28721d6c1decf8a0b552429255c6abb45c2572343383ecca6283952990543
3aeff8d50243a034,m1-pro-16gb-local,7e907da240088355620c10a3c06e32b7cef476249714144da9da55abe6edddf8,aligned,legacy-batch-double,64,0,0,2368,1,37,0,128,callback,48000,0,steady,1,64,spec012-confirm-03,2,31.36376953125,ns/engine-sample,2368,151552,3.1573333333333333,4096,4753242.0,4753.242,2250.0,2292.0,2375.0,10542.0,2.25,2.292,2.375,10.542,1333.3333333333333,0,0.0,0.042,0.042,0.0,1.3229166666666667,,1.3229166666666667,0.0,1.3125,/Users/christiankauten/Documents/Projects/Rack/plugins/Fourier/.build/spec012/confirm-03-short-hop/workload-0067-repeat-02.csv,22d4846e6f9096f1dcff242b13320c6c4bd8aa67ef4d024fcd4d04d3331a798d
3aeff8d50243a034,m1-pro-16gb-local,8203e6914dcb75ed24813aff2373eff4b4804db3663a370fadf0dcd12f1d6cf1,aligned,legacy-batch-double,64,0,0,2368,1,37,0,128,throughput,48000,0,steady,1,64,spec012-confirm-01,0,31.362172719594593,ns/engine-sample,1,151552,3.1573333333333333,4096,4753000.0,4753.0,4753000.0,4753000.0,4753000.0,4753000.0,4753.0,4753.0,4753.0,4753.0,,,,0.042,0.042,0.0,1.3229166666666667,,1.3229166666666667,0.0,1.3125,/Users/christiankauten/Documents/Projects/Rack/plugins/Fourier/.build/spec012/confirm-01-short-hop/workload-0089-repeat-00.csv,320592e7e66b6bda88949eb1bb08acc08fdec1f263e3e7b2bfdae9315cb6067d
3aeff8d50243a034,m1-pro-16gb-local,8203e6914dcb75ed24813aff2373eff4b4804db3663a370fadf0dcd12f1d6cf1,aligned,legacy-batch-double,64,0,0,2368,1,37,0,128,throughput,48000,0,steady,1,64,spec012-confirm-01,1,31.361895586993242,ns/engine-sample,1,151552,3.1573333333333333,4096,4752958.0,4752.958,4752958.0,4752958.0,4752958.0,4752958.0,4752.958,4752.958,4752.958,4752.958,,,,0.042,0.042,0.0,1.3229166666666667,,1.3229166666666667,0.0,1.3125,/Users/christiankauten/Documents/Projects/Rack/plugins/Fourier/.build/spec012/confirm-01-short-hop/workload-0089-repeat-01.csv,00e6c2c9518ea07a5f55c47a26f4e13b50ca5db097936b6103b028ed9daf3084
3aeff8d50243a034,m1-pro-16gb-local,8203e6914dcb75ed24813aff2373eff4b4804db3663a370fadf0dcd12f1d6cf1,aligned,legacy-batch-double,64,0,0,2368,1,37,0,128,throughput,48000,0,steady,1,64,spec012-confirm-01,2,31.43998099662162,ns/engine-sample,1,151552,3.1573333333333333,4096,4764792.0,4764.792,4764792.0,4764792.0,4764792.0,4764792.0,4764.792,4764.792,4764.792,4764.792,,,,0.042,0.042,0.0,1.3229166666666667,,1.3229166666666667,0.0,1.3125,/Users/christiankauten/Documents/Projects/Rack/plugins/Fourier/.build/spec012/confirm-01-short-hop/workload-0089-repeat-02.csv,43d23d5246016437791edbc43d88109805b828cf7a1cfeca412fec3f6d3e5d0d
3aeff8d50243a034,m1-pro-16gb-local,8203e6914dcb75ed24813aff2373eff4b4804db3663a370fadf0dcd12f1d6cf1,aligned,legacy-batch-double,64,0,0,2368,1,37,0,128,throughput,48000,0,steady,1,64,spec012-confirm-02,0,31.168621991131758,ns/engine-sample,1,151552,3.1573333333333333,4096,4723667.0,4723.667,4723667.0,4723667.0,4723667.0,4723667.0,4723.667,4723.667,4723.667,4723.667,,,,0.042,0.125,0.0,1.3229166666666667,,1.3229166666666667,0.0,1.3125,/Users/christiankauten/Documents/Projects/Rack/plugins/Fourier/.build/spec012/confirm-02-short-hop/workload-0089-repeat-00.csv,055475ecf079fab2808b1af3cb20282eb85d42d222e4d19b12295538b6df01a4
3aeff8d50243a034,m1-pro-16gb-local,8203e6914dcb75ed24813aff2373eff4b4804db3663a370fadf0dcd12f1d6cf1,aligned,legacy-batch-double,64,0,0,2368,1,37,0,128,throughput,48000,0,steady,1,64,spec012-confirm-02,1,31.26484638935811,ns/engine-sample,1,151552,3.1573333333333333,4096,4738250.0,4738.25,4738250.0,4738250.0,4738250.0,4738250.0,4738.25,4738.25,4738.25,4738.25,,,,0.042,0.042,0.0,1.3229166666666667,,1.3229166666666667,0.0,1.3125,/Users/christiankauten/Documents/Projects/Rack/plugins/Fourier/.build/spec012/confirm-02-short-hop/workload-0089-repeat-01.csv,4cef9bef965a42a001da2cc38185834ce3bf8a8a276f8bd67e2103d5c1a57c7c
3aeff8d50243a034,m1-pro-16gb-local,8203e6914dcb75ed24813aff2373eff4b4804db3663a370fadf0dcd12f1d6cf1,aligned,legacy-batch-double,64,0,0,2368,1,37,0,128,throughput,48000,0,steady,1,64,spec012-confirm-02,2,31.222781619510137,ns/engine-sample,1,151552,3.1573333333333333,4096,4731875.0,4731.875,4731875.0,4731875.0,4731875.0,4731875.0,4731.875,4731.875,4731.875,4731.875,,,,0.042,0.042,0.0,1.3229166666666667,,1.3229166666666667,0.0,1.3125,/Users/christiankauten/Documents/Projects/Rack/plugins/Fourier/.build/spec012/confirm-02-short-hop/workload-0089-repeat-02.csv,e9eed0e38350eec359071c2accbb5aa5a6018d096a10d59352b31a790bf42a6f
3aeff8d50243a034,m1-pro-16gb-local,8203e6914dcb75ed24813aff2373eff4b4804db3663a370fadf0dcd12f1d6cf1,aligned,legacy-batch-double,64,0,0,2368,1,37,0,128,throughput,48000,0,steady,1,64,spec012-confirm-03,0,31.292889569256758,ns/engine-sample,1,151552,3.1573333333333333,4096,4742500.0,4742.5,4742500.0,4742500.0,4742500.0,4742500.0,4742.5,4742.5,4742.5,4742.5,,,,0.042,0.042,0.0,1.3229166666666667,,1.3229166666666667,0.0,1.3125,/Users/christiankauten/Documents/Projects/Rack/plugins/Fourier/.build/spec012/confirm-03-short-hop/workload-0089-repeat-00.csv,341d66b771b4e2955cadd5661d36b782048d5ecaae05ac874596b7115ea680c1
3aeff8d50243a034,m1-pro-16gb-local,8203e6914dcb75ed24813aff2373eff4b4804db3663a370fadf0dcd12f1d6cf1,aligned,legacy-batch-double,64,0,0,2368,1,37,0,128,throughput,48000,0,steady,1,64,spec012-confirm-03,1,31.41825907939189,ns/engine-sample,1,151552,3.1573333333333333,4096,4761500.0,4761.5,4761500.0,4761500.0,4761500.0,4761500.0,4761.5,4761.5,4761.5,4761.5,,,,0.042,0.042,0.0,1.3229166666666667,,1.3229166666666667,0.0,1.3125,/Users/christiankauten/Documents/Projects/Rack/plugins/Fourier/.build/spec012/confirm-03-short-hop/workload-0089-repeat-01.csv,c3bd160ad3ca1ab822a4dc20390ef304588eaad81d588f182ddd42bc48616cbc
3aeff8d50243a034,m1-pro-16gb-local,8203e6914dcb75ed24813aff2373eff4b4804db3663a370fadf0dcd12f1d6cf1,aligned,legacy-batch-double,64,0,0,2368,1,37,0,128,throughput,48000,0,steady,1,64,spec012-confirm-03,2,31.21728515625,ns/engine-sample,1,151552,3.1573333333333333,4096,4731042.0,4731.042,4731042.0,4731042.0,4731042.0,4731042.0,4731.042,4731.042,4731.042,4731.042,,,,0.042,0.084,0.0,1.3229166666666667,,1.3229166666666667,0.0,1.3125,/Users/christiankauten/Documents/Projects/Rack/plugins/Fourier/.build/spec012/confirm-03-short-hop/workload-0089-repeat-02.csv,a298a3a714f16719e9a63d2f6995f8253f254ccf805e441c04d36cd23da26d60
3aeff8d50243a034,m1-pro-16gb-local,828ad0953241be848356e24cde7caa23afb8f23d778bcfb6ed1b967121f9efde,aligned,ols-fir-incremental-double,64,0,0,2368,1,37,0,128,throughput,48000,0,steady,1,64,spec012-confirm-01,0,89.63892261402027,ns/engine-sample,1,151552,3.1573333333333333,4096,13584958.0,13584.958,13584958.0,13584958.0,13584958.0,13584958.0,13584.958,13584.958,13584.958,13584.958,,,,0.042,0.042,0.75,0.375,1.5,,0.75,2.0625,/Users/christiankauten/Documents/Projects/Rack/plugins/Fourier/.build/spec012/confirm-01-short-hop/workload-0102-repeat-00.csv,b36a45dbac35310d5b1a32067b379a5939c15d2f9fed86af11a696a21de35e54
3aeff8d50243a034,m1-pro-16gb-local,828ad0953241be848356e24cde7caa23afb8f23d778bcfb6ed1b967121f9efde,aligned,ols-fir-incremental-double,64,0,0,2368,1,37,0,128,throughput,48000,0,steady,1,64,spec012-confirm-01,1,89.99853515625,ns/engine-sample,1,151552,3.1573333333333333,4096,13639458.0,13639.458,13639458.0,13639458.0,13639458.0,13639458.0,13639.458,13639.458,13639.458,13639.458,,,,0.042,0.042,0.75,0.375,1.5,,0.75,2.0625,/Users/christiankauten/Documents/Projects/Rack/plugins/Fourier/.build/spec012/confirm-01-short-hop/workload-0102-repeat-01.csv,7d9bbacd13dfecc0b26d5edc3e86a6725e588da5382227b47c8757ed76e09b2b
3aeff8d50243a034,m1-pro-16gb-local,828ad0953241be848356e24cde7caa23afb8f23d778bcfb6ed1b967121f9efde,aligned,ols-fir-incremental-double,64,0,0,2368,1,37,0,128,throughput,48000,0,steady,1,64,spec012-confirm-01,2,91.45705764358108,ns/engine-sample,1,151552,3.1573333333333333,4096,13860500.0,13860.5,13860500.0,13860500.0,13860500.0,13860500.0,13860.5,13860.5,13860.5,13860.5,,,,0.042,0.042,0.75,0.375,1.5,,0.75,2.0625,/Users/christiankauten/Documents/Projects/Rack/plugins/Fourier/.build/spec012/confirm-01-short-hop/workload-0102-repeat-02.csv,4e3497a38174f946cb72f03f68eb3e64a76f5c88f23665d6a7703d87cfd5a40e
3aeff8d50243a034,m1-pro-16gb-local,828ad0953241be848356e24cde7caa23afb8f23d778bcfb6ed1b967121f9efde,aligned,ols-fir-incremental-double,64,0,0,2368,1,37,0,128,throughput,48000,0,steady,1,64,spec012-confirm-02,0,89.86272038640203,ns/engine-sample,1,151552,3.1573333333333333,4096,13618875.0,13618.875,13618875.0,13618875.0,13618875.0,13618875.0,13618.875,13618.875,13618.875,13618.875,,,,0.042,0.042,0.75,0.375,1.5,,0.75,2.0625,/Users/christiankauten/Documents/Projects/Rack/plugins/Fourier/.build/spec012/confirm-02-short-hop/workload-0102-repeat-00.csv,c11463e91e3b03f58e0a1834d68c5c139bbcb6efd8725ef2223d91721a294689
3aeff8d50243a034,m1-pro-16gb-local,828ad0953241be848356e24cde7caa23afb8f23d778bcfb6ed1b967121f9efde,aligned,ols-fir-incremental-double,64,0,0,2368,1,37,0,128,throughput,48000,0,steady,1,64,spec012-confirm-02,1,90.69989178631756,ns/engine-sample,1,151552,3.1573333333333333,4096,13745750.0,13745.75,13745750.0,13745750.0,13745750.0,13745750.0,13745.75,13745.75,13745.75,13745.75,,,,0.042,0.042,0.75,0.375,1.5,,0.75,2.0625,/Users/christiankauten/Documents/Projects/Rack/plugins/Fourier/.build/spec012/confirm-02-short-hop/workload-0102-repeat-01.csv,270f944ad79b28752432e21facd66867113d72be8b4831e5d6258e8265e618bd
3aeff8d50243a034,m1-pro-16gb-local,828ad0953241be848356e24cde7caa23afb8f23d778bcfb6ed1b967121f9efde,aligned,ols-fir-incremental-double,64,0,0,2368,1,37,0,128,throughput,48000,0,steady,1,64,spec012-confirm-02,2,90.06754777238176,ns/engine-sample,1,151552,3.1573333333333333,4096,13649917.0,13649.917,13649917.0,13649917.0,13649917.0,13649917.0,13649.917,13649.917,13649.917,13649.917,,,,0.042,0.042,0.75,0.375,1.5,,0.75,2.0625,/Users/christiankauten/Documents/Projects/Rack/plugins/Fourier/.build/spec012/confirm-02-short-hop/workload-0102-repeat-02.csv,5b91c5aa17559ee5a7847c0c7f4282e788d38461c2d6ca264f9c5d8eebbac378
3aeff8d50243a034,m1-pro-16gb-local,828ad0953241be848356e24cde7caa23afb8f23d778bcfb6ed1b967121f9efde,aligned,ols-fir-incremental-double,64,0,0,2368,1,37,0,128,throughput,48000,0,steady,1,64,spec012-confirm-03,0,92.23236908783784,ns/engine-sample,1,151552,3.1573333333333333,4096,13978000.0,13978.0,13978000.0,13978000.0,13978000.0,13978000.0,13978.0,13978.0,13978.0,13978.0,,,,0.042,0.042,0.75,0.375,1.5,,0.75,2.0625,/Users/christiankauten/Documents/Projects/Rack/plugins/Fourier/.build/spec012/confirm-03-short-hop/workload-0102-repeat-00.csv,cdc8457a10ece85fea0172fc7a803c62b1393173ab50f40f4c815f2a438d490c
3aeff8d50243a034,m1-pro-16gb-local,828ad0953241be848356e24cde7caa23afb8f23d778bcfb6ed1b967121f9efde,aligned,ols-fir-incremental-double,64,0,0,2368,1,37,0,128,throughput,48000,0,steady,1,64,spec012-confirm-03,1,90.54977829391892,ns/engine-sample,1,151552,3.1573333333333333,4096,13723000.0,13723.0,13723000.0,13723000.0,13723000.0,13723000.0,13723.0,13723.0,13723.0,13723.0,,,,0.042,0.042,0.75,0.375,1.5,,0.75,2.0625,/Users/christiankauten/Documents/Projects/Rack/plugins/Fourier/.build/spec012/confirm-03-short-hop/workload-0102-repeat-01.csv,0310273c1f5fe2194c8dde42b98f7d8db069af58a01ef521f497b0929bc3dabf
3aeff8d50243a034,m1-pro-16gb-local,828ad0953241be848356e24cde7caa23afb8f23d778bcfb6ed1b967121f9efde,aligned,ols-fir-incremental-double,64,0,0,2368,1,37,0,128,throughput,48000,0,steady,1,64,spec012-confirm-03,2,91.94451409417229,ns/engine-sample,1,151552,3.1573333333333333,4096,13934375.0,13934.375,13934375.0,13934375.0,13934375.0,13934375.0,13934.375,13934.375,13934.375,13934.375,,,,0.042,0.042,0.75,0.375,1.5,,0.75,2.0625,/Users/christiankauten/Documents/Projects/Rack/plugins/Fourier/.build/spec012/confirm-03-short-hop/workload-0102-repeat-02.csv,c772da8c5154b3fa8ad2e1012e826f2b974042aaf43e9c39246719773610ff70
3aeff8d50243a034,m1-pro-16gb-local,82fe6c260969229c484f361621f32cb62b1e1ed91d652b856b48172ca558d3b7,aligned,ols-identity-incremental-float,64,0,0,2368,1,37,0,128,throughput,48000,0,steady,1,64,spec012-confirm-01,0,88.31182036528716,ns/engine-sample,1,151552,3.1573333333333333,4096,13383833.0,13383.833,13383833.0,13383833.0,13383833.0,13383833.0,13383.833,13383.833,13383.833,13383.833,,,,0.042,0.042,0.75,0.375,1.5,,0.75,2.0625,/Users/christiankauten/Documents/Projects/Rack/plugins/Fourier/.build/spec012/confirm-01-short-hop/workload-0037-repeat-00.csv,9054b31105410237b9be6d76a7cec90245c233707b49fe51bed569dd0a3f9e53
3aeff8d50243a034,m1-pro-16gb-local,82fe6c260969229c484f361621f32cb62b1e1ed91d652b856b48172ca558d3b7,aligned,ols-identity-incremental-float,64,0,0,2368,1,37,0,128,throughput,48000,0,steady,1,64,spec012-confirm-01,1,87.60551493876689,ns/engine-sample,1,151552,3.1573333333333333,4096,13276791.0,13276.791,13276791.0,13276791.0,13276791.0,13276791.0,13276.791,13276.791,13276.791,13276.791,,,,0.042,0.042,0.75,0.375,1.5,,0.75,2.0625,/Users/christiankauten/Documents/Projects/Rack/plugins/Fourier/.build/spec012/confirm-01-short-hop/workload-0037-repeat-01.csv,d3915b04e03d961fe8cd52c1dd4676da74e64284b1ffa53217660a5e84b98a2a
3aeff8d50243a034,m1-pro-16gb-local,82fe6c260969229c484f361621f32cb62b1e1ed91d652b856b48172ca558d3b7,aligned,ols-identity-incremental-float,64,0,0,2368,1,37,0,128,throughput,48000,0,steady,1,64,spec012-confirm-01,2,87.67865155194256,ns/engine-sample,1,151552,3.1573333333333333,4096,13287875.0,13287.875,13287875.0,13287875.0,13287875.0,13287875.0,13287.875,13287.875,13287.875,13287.875,,,,0.042,0.042,0.75,0.375,1.5,,0.75,2.0625,/Users/christiankauten/Documents/Projects/Rack/plugins/Fourier/.build/spec012/confirm-01-short-hop/workload-0037-repeat-02.csv,0b25b847c34354da805ea0e16ed7f8fd4659baa849121a808cbd238a8b4d1c6a
3aeff8d50243a034,m1-pro-16gb-local,82fe6c260969229c484f361621f32cb62b1e1ed91d652b856b48172ca558d3b7,aligned,ols-identity-incremental-float,64,0,0,2368,1,37,0,128,throughput,48000,0,steady,1,64,spec012-confirm-02,0,90.31278373099663,ns/engine-sample,1,151552,3.1573333333333333,4096,13687083.0,13687.083,13687083.0,13687083.0,13687083.0,13687083.0,13687.083,13687.083,13687.083,13687.083,,,,0.042,0.042,0.75,0.375,1.5,,0.75,2.0625,/Users/christiankauten/Documents/Projects/Rack/plugins/Fourier/.build/spec012/confirm-02-short-hop/workload-0037-repeat-00.csv,030e18da40aac966f9fd66ba4fec62cccd389102ec8709a1f86e1668d9da55f3
3aeff8d50243a034,m1-pro-16gb-local,82fe6c260969229c484f361621f32cb62b1e1ed91d652b856b48172ca558d3b7,aligned,ols-identity-incremental-float,64,0,0,2368,1,37,0,128,throughput,48000,0,steady,1,64,spec012-confirm-02,1,88.1531883445946,ns/engine-sample,1,151552,3.1573333333333333,4096,13359792.0,13359.792,13359792.0,13359792.0,13359792.0,13359792.0,13359.792,13359.792,13359.792,13359.792,,,,0.042,0.083,0.75,0.375,1.5,,0.75,2.0625,/Users/christiankauten/Documents/Projects/Rack/plugins/Fourier/.build/spec012/confirm-02-short-hop/workload-0037-repeat-01.csv,e7df9a9966d53dc7c044fc79a6c59fc25d2e55abd44296c5d0f0bb64171aac79
3aeff8d50243a034,m1-pro-16gb-local,82fe6c260969229c484f361621f32cb62b1e1ed91d652b856b48172ca558d3b7,aligned,ols-identity-incremental-float,64,0,0,2368,1,37,0,128,throughput,48000,0,steady,1,64,spec012-confirm-02,2,87.41196421030405,ns/engine-sample,1,151552,3.1573333333333333,4096,13247458.0,13247.458,13247458.0,13247458.0,13247458.0,13247458.0,13247.458,13247.458,13247.458,13247.458,,,,0.042,0.042,0.75,0.375,1.5,,0.75,2.0625,/Users/christiankauten/Documents/Projects/Rack/plugins/Fourier/.build/spec012/confirm-02-short-hop/workload-0037-repeat-02.csv,3de0ce1a2db00bc2fe31b4d599a85cd6c9ae0a873af49977fa8a40073f8ca75b
3aeff8d50243a034,m1-pro-16gb-local,82fe6c260969229c484f361621f32cb62b1e1ed91d652b856b48172ca558d3b7,aligned,ols-identity-incremental-float,64,0,0,2368,1,37,0,128,throughput,48000,0,steady,1,64,spec012-confirm-03,0,87.31628747888513,ns/engine-sample,1,151552,3.1573333333333333,4096,13232958.0,13232.958,13232958.0,13232958.0,13232958.0,13232958.0,13232.958,13232.958,13232.958,13232.958,,,,0.042,0.042,0.75,0.375,1.5,,0.75,2.0625,/Users/christiankauten/Documents/Projects/Rack/plugins/Fourier/.build/spec012/confirm-03-short-hop/workload-0037-repeat-00.csv,e1730da4be4bb7d20bfb451ab29a75a5f1fb35cc7c0ad87bf49f6576759e6fa6
3aeff8d50243a034,m1-pro-16gb-local,82fe6c260969229c484f361621f32cb62b1e1ed91d652b856b48172ca558d3b7,aligned,ols-identity-incremental-float,64,0,0,2368,1,37,0,128,throughput,48000,0,steady,1,64,spec012-confirm-03,1,87.61761639569256,ns/engine-sample,1,151552,3.1573333333333333,4096,13278625.0,13278.625,13278625.0,13278625.0,13278625.0,13278625.0,13278.625,13278.625,13278.625,13278.625,,,,0.042,0.042,0.75,0.375,1.5,,0.75,2.0625,/Users/christiankauten/Documents/Projects/Rack/plugins/Fourier/.build/spec012/confirm-03-short-hop/workload-0037-repeat-01.csv,eb90d45ffeb5014ab5c3becb951834ef0a06778411a7790aaaadb8dca5561463
3aeff8d50243a034,m1-pro-16gb-local,82fe6c260969229c484f361621f32cb62b1e1ed91d652b856b48172ca558d3b7,aligned,ols-identity-incremental-float,64,0,0,2368,1,37,0,128,throughput,48000,0,steady,1,64,spec012-confirm-03,2,88.62469647381756,ns/engine-sample,1,151552,3.1573333333333333,4096,13431250.0,13431.25,13431250.0,13431250.0,13431250.0,13431250.0,13431.25,13431.25,13431.25,13431.25,,,,0.042,0.042,0.75,0.375,1.5,,0.75,2.0625,/Users/christiankauten/Documents/Projects/Rack/plugins/Fourier/.build/spec012/confirm-03-short-hop/workload-0037-repeat-02.csv,025ca9cf0ebfbea51ee5cb7bb9019a74bd5652acf9e027d1e6878fcf0f81ab6c
3aeff8d50243a034,m1-pro-16gb-local,83dec512b419afb4303aa30886ebc9b871ea54d5dc96d2b9b2107136dc09e133,aligned,ols-identity-incremental-double,64,0,0,2368,1,37,0,128,callback,48000,0,steady,1,64,spec012-confirm-01,0,91.19755595439189,ns/engine-sample,2368,151552,3.1573333333333333,4096,13821172.0,13821.172,5833.0,6041.0,6084.0,15292.0,5.833,6.041,6.084,15.292,1333.3333333333333,0,0.0,0.042,0.042,0.75,0.375,1.5,,0.75,2.0625,/Users/christiankauten/Documents/Projects/Rack/plugins/Fourier/.build/spec012/confirm-01-short-hop/workload-0076-repeat-00.csv,cdcfd0e4e9dc211f6fb874dd56fafbe3eb9e559c10773d99b38976e161ff46d1
3aeff8d50243a034,m1-pro-16gb-local,83dec512b419afb4303aa30886ebc9b871ea54d5dc96d2b9b2107136dc09e133,aligned,ols-identity-incremental-double,64,0,0,2368,1,37,0,128,callback,48000,0,steady,1,64,spec012-confirm-01,1,90.75635425464527,ns/engine-sample,2368,151552,3.1573333333333333,4096,13754307.0,13754.307,5792.0,6000.0,6250.0,12083.0,5.792,6.0,6.25,12.083,1333.3333333333333,0,0.0,0.042,0.084,0.75,0.375,1.5,,0.75,2.0625,/Users/christiankauten/Documents/Projects/Rack/plugins/Fourier/.build/spec012/confirm-01-short-hop/workload-0076-repeat-01.csv,867dda410f1bf300c9560a7e4a7291e3c927d21642c8cb5a3f74adc8001ceb15
3aeff8d50243a034,m1-pro-16gb-local,83dec512b419afb4303aa30886ebc9b871ea54d5dc96d2b9b2107136dc09e133,aligned,ols-identity-incremental-double,64,0,0,2368,1,37,0,128,callback,48000,0,steady,1,64,spec012-confirm-01,2,90.21577412373311,ns/engine-sample,2368,151552,3.1573333333333333,4096,13672381.0,13672.381,5750.0,5958.0,6000.0,31917.0,5.75,5.958,6.0,31.917,1333.3333333333333,0,0.0,0.042,0.042,0.75,0.375,1.5,,0.75,2.0625,/Users/christiankauten/Documents/Projects/Rack/plugins/Fourier/.build/spec012/confirm-01-short-hop/workload-0076-repeat-02.csv,771a646a3ee57d4c849311bbf3607fb0bc0c5c05fdb5a687b0bbf973071137c8
3aeff8d50243a034,m1-pro-16gb-local,83dec512b419afb4303aa30886ebc9b871ea54d5dc96d2b9b2107136dc09e133,aligned,ols-identity-incremental-double,64,0,0,2368,1,37,0,128,callback,48000,0,steady,1,64,spec012-confirm-02,0,90.36923300253379,ns/engine-sample,2368,151552,3.1573333333333333,4096,13695638.0,13695.638,5750.0,5959.0,6041.0,12000.0,5.75,5.959,6.041,12.0,1333.3333333333333,0,0.0,0.042,0.042,0.75,0.375,1.5,,0.75,2.0625,/Users/christiankauten/Documents/Projects/Rack/plugins/Fourier/.build/spec012/confirm-02-short-hop/workload-0076-repeat-00.csv,be139b1bb818531d164eefb99b7c8f47b2b5dadea9f9971b5e6f137e63bd4073
3aeff8d50243a034,m1-pro-16gb-local,83dec512b419afb4303aa30886ebc9b871ea54d5dc96d2b9b2107136dc09e133,aligned,ols-identity-incremental-double,64,0,0,2368,1,37,0,128,callback,48000,0,steady,1,64,spec012-confirm-02,1,90.15712758657095,ns/engine-sample,2368,151552,3.1573333333333333,4096,13663493.0,13663.493,5750.0,5958.0,6042.0,17083.0,5.75,5.958,6.042,17.083,1333.3333333333333,0,0.0,0.042,0.042,0.75,0.375,1.5,,0.75,2.0625,/Users/christiankauten/Documents/Projects/Rack/plugins/Fourier/.build/spec012/confirm-02-short-hop/workload-0076-repeat-01.csv,b943957918e86f49f21b9af385b48c4c293ec355d2f3a309bb43dce214576dca
3aeff8d50243a034,m1-pro-16gb-local,83dec512b419afb4303aa30886ebc9b871ea54d5dc96d2b9b2107136dc09e133,aligned,ols-identity-incremental-double,64,0,0,2368,1,37,0,128,callback,48000,0,steady,1,64,spec012-confirm-02,2,90.86291173986487,ns/engine-sample,2368,151552,3.1573333333333333,4096,13770456.0,13770.456,5791.0,6000.0,6083.0,28625.0,5.791,6.0,6.083,28.625,1333.3333333333333,0,0.0,0.042,0.042,0.75,0.375,1.5,,0.75,2.0625,/Users/christiankauten/Documents/Projects/Rack/plugins/Fourier/.build/spec012/confirm-02-short-hop/workload-0076-repeat-02.csv,fb9822e30ebb25af919c9b60a547d4302426014c0e5fc484f05c65ad4c4c2eea
3aeff8d50243a034,m1-pro-16gb-local,83dec512b419afb4303aa30886ebc9b871ea54d5dc96d2b9b2107136dc09e133,aligned,ols-identity-incremental-double,64,0,0,2368,1,37,0,128,callback,48000,0,steady,1,64,spec012-confirm-03,0,90.08319916596284,ns/engine-sample,2368,151552,3.1573333333333333,4096,13652289.0,13652.289,5750.0,5958.0,6084.0,11542.0,5.75,5.958,6.084,11.542,1333.3333333333333,0,0.0,0.042,0.042,0.75,0.375,1.5,,0.75,2.0625,/Users/christiankauten/Documents/Projects/Rack/plugins/Fourier/.build/spec012/confirm-03-short-hop/workload-0076-repeat-00.csv,3fb0292950dac1fe6a664ad2d78bdcd9bccedf3944e1a683e6741ff5ae0cbc63
3aeff8d50243a034,m1-pro-16gb-local,83dec512b419afb4303aa30886ebc9b871ea54d5dc96d2b9b2107136dc09e133,aligned,ols-identity-incremental-double,64,0,0,2368,1,37,0,128,callback,48000,0,steady,1,64,spec012-confirm-03,1,91.68649704391892,ns/engine-sample,2368,151552,3.1573333333333333,4096,13895272.0,13895.272,5875.0,6083.0,6167.0,13625.0,5.875,6.083,6.167,13.625,1333.3333333333333,0,0.0,0.042,0.042,0.75,0.375,1.5,,0.75,2.0625,/Users/christiankauten/Documents/Projects/Rack/plugins/Fourier/.build/spec012/confirm-03-short-hop/workload-0076-repeat-01.csv,abf25084fe07b28a084961b214edf544175b2cb2391659dd593a9dbdec074d01
3aeff8d50243a034,m1-pro-16gb-local,83dec512b419afb4303aa30886ebc9b871ea54d5dc96d2b9b2107136dc09e133,aligned,ols-identity-incremental-double,64,0,0,2368,1,37,0,128,callback,48000,0,steady,1,64,spec012-confirm-03,2,91.07780167863176,ns/engine-sample,2368,151552,3.1573333333333333,4096,13803023.0,13803.023,5833.0,6042.0,6166.0,14917.0,5.833,6.042,6.166,14.917,1333.3333333333333,0,0.0,0.042,0.042,0.75,0.375,1.5,,0.75,2.0625,/Users/christiankauten/Documents/Projects/Rack/plugins/Fourier/.build/spec012/confirm-03-short-hop/workload-0076-repeat-02.csv,ac91bbca9af12487566d143108270e6a6e44a5d5b1add46d09b420e6d643840a
3aeff8d50243a034,m1-pro-16gb-local,8446f4a46c6c73cc9102829ddf9ea67af1fd15a560a6db5dbee8fefca3540254,aligned,pffft-inverse-float,64,0,0,2368,1,37,0,128,throughput,48000,0,steady,1,64,spec012-confirm-01,0,11.035268422719595,ns/engine-sample,1,151552,3.1573333333333333,4096,1672417.0,1672.417,1672417.0,1672417.0,1672417.0,1672417.0,1672.417,1672.417,1672.417,1672.417,,,,0.042,0.042,0.0,0.0,,,0.0,1.3125,/Users/christiankauten/Documents/Projects/Rack/plugins/Fourier/.build/spec012/confirm-01-short-hop/workload-0033-repeat-00.csv,a988abb24bda680a7b07ece9c81e9cb7f8753ea8ed5e1f9a7edd21337bf3167e
3aeff8d50243a034,m1-pro-16gb-local,8446f4a46c6c73cc9102829ddf9ea67af1fd15a560a6db5dbee8fefca3540254,aligned,pffft-inverse-float,64,0,0,2368,1,37,0,128,throughput,48000,0,steady,1,64,spec012-confirm-01,1,11.032516891891891,ns/engine-sample,1,151552,3.1573333333333333,4096,1672000.0,1672.0,1672000.0,1672000.0,1672000.0,1672000.0,1672.0,1672.0,1672.0,1672.0,,,,0.042,0.042,0.0,0.0,,,0.0,1.3125,/Users/christiankauten/Documents/Projects/Rack/plugins/Fourier/.build/spec012/confirm-01-short-hop/workload-0033-repeat-01.csv,f1f47981cdbcc8f615a2a88faba202770329cb4aaa1ae44599c296f4bc7e1cb3
3aeff8d50243a034,m1-pro-16gb-local,8446f4a46c6c73cc9102829ddf9ea67af1fd15a560a6db5dbee8fefca3540254,aligned,pffft-inverse-float,64,0,0,2368,1,37,0,128,throughput,48000,0,steady,1,64,spec012-confirm-01,2,11.028947160050675,ns/engine-sample,1,151552,3.1573333333333333,4096,1671459.0,1671.459,1671459.0,1671459.0,1671459.0,1671459.0,1671.459,1671.459,1671.459,1671.459,,,,0.042,0.042,0.0,0.0,,,0.0,1.3125,/Users/christiankauten/Documents/Projects/Rack/plugins/Fourier/.build/spec012/confirm-01-short-hop/workload-0033-repeat-02.csv,e9b682381b2635c9352b71a274f253100c33f40a85c469ce1b8943776e401b9b
3aeff8d50243a034,m1-pro-16gb-local,8446f4a46c6c73cc9102829ddf9ea67af1fd15a560a6db5dbee8fefca3540254,aligned,pffft-inverse-float,64,0,0,2368,1,37,0,128,throughput,48000,0,steady,1,64,spec012-confirm-02,0,11.017393369932432,ns/engine-sample,1,151552,3.1573333333333333,4096,1669708.0,1669.708,1669708.0,1669708.0,1669708.0,1669708.0,1669.708,1669.708,1669.708,1669.708,,,,0.042,0.042,0.0,0.0,,,0.0,1.3125,/Users/christiankauten/Documents/Projects/Rack/plugins/Fourier/.build/spec012/confirm-02-short-hop/workload-0033-repeat-00.csv,affe2f91ac26a1e143c153aaa84980f08f1eb6ad834e42533c47d51e7d15a87d
3aeff8d50243a034,m1-pro-16gb-local,8446f4a46c6c73cc9102829ddf9ea67af1fd15a560a6db5dbee8fefca3540254,aligned,pffft-inverse-float,64,0,0,2368,1,37,0,128,throughput,48000,0,steady,1,64,spec012-confirm-02,1,11.040487753378379,ns/engine-sample,1,151552,3.1573333333333333,4096,1673208.0,1673.208,1673208.0,1673208.0,1673208.0,1673208.0,1673.208,1673.208,1673.208,1673.208,,,,0.042,0.042,0.0,0.0,,,0.0,1.3125,/Users/christiankauten/Documents/Projects/Rack/plugins/Fourier/.build/spec012/confirm-02-short-hop/workload-0033-repeat-01.csv,2094072a12dc031239e03e5efffcc1238cb4f0b0d3fb90202e9238498c75f274
3aeff8d50243a034,m1-pro-16gb-local,8446f4a46c6c73cc9102829ddf9ea67af1fd15a560a6db5dbee8fefca3540254,aligned,pffft-inverse-float,64,0,0,2368,1,37,0,128,throughput,48000,0,steady,1,64,spec012-confirm-02,2,11.01024730785473,ns/engine-sample,1,151552,3.1573333333333333,4096,1668625.0,1668.625,1668625.0,1668625.0,1668625.0,1668625.0,1668.625,1668.625,1668.625,1668.625,,,,0.042,0.042,0.0,0.0,,,0.0,1.3125,/Users/christiankauten/Documents/Projects/Rack/plugins/Fourier/.build/spec012/confirm-02-short-hop/workload-0033-repeat-02.csv,b1fe32bbb28547169ad1f937a29e63f735c9ccca1f7de0568b5157bd66d54ba3
3aeff8d50243a034,m1-pro-16gb-local,8446f4a46c6c73cc9102829ddf9ea67af1fd15a560a6db5dbee8fefca3540254,aligned,pffft-inverse-float,64,0,0,2368,1,37,0,128,throughput,48000,0,steady,1,64,spec012-confirm-03,0,10.994305584881756,ns/engine-sample,1,151552,3.1573333333333333,4096,1666209.0,1666.209,1666209.0,1666209.0,1666209.0,1666209.0,1666.209,1666.209,1666.209,1666.209,,,,0.042,0.042,0.0,0.0,,,0.0,1.3125,/Users/christiankauten/Documents/Projects/Rack/plugins/Fourier/.build/spec012/confirm-03-short-hop/workload-0033-repeat-00.csv,9300beaa274e497777c6f7c8d386e16fb4412cee506fbe9cec7c4949448a904c
3aeff8d50243a034,m1-pro-16gb-local,8446f4a46c6c73cc9102829ddf9ea67af1fd15a560a6db5dbee8fefca3540254,aligned,pffft-inverse-float,64,0,0,2368,1,37,0,128,throughput,48000,0,steady,1,64,spec012-confirm-03,1,10.982474662162161,ns/engine-sample,1,151552,3.1573333333333333,4096,1664416.0,1664.416,1664416.0,1664416.0,1664416.0,1664416.0,1664.416,1664.416,1664.416,1664.416,,,,0.042,0.042,0.0,0.0,,,0.0,1.3125,/Users/christiankauten/Documents/Projects/Rack/plugins/Fourier/.build/spec012/confirm-03-short-hop/workload-0033-repeat-01.csv,ea73c4b99442b39fb64b3f1d7bab2a553b234150b8e1c738a8bc868aa9cf4a76
3aeff8d50243a034,m1-pro-16gb-local,8446f4a46c6c73cc9102829ddf9ea67af1fd15a560a6db5dbee8fefca3540254,aligned,pffft-inverse-float,64,0,0,2368,1,37,0,128,throughput,48000,0,steady,1,64,spec012-confirm-03,2,10.961036475929054,ns/engine-sample,1,151552,3.1573333333333333,4096,1661167.0,1661.167,1661167.0,1661167.0,1661167.0,1661167.0,1661.167,1661.167,1661.167,1661.167,,,,0.042,0.042,0.0,0.0,,,0.0,1.3125,/Users/christiankauten/Documents/Projects/Rack/plugins/Fourier/.build/spec012/confirm-03-short-hop/workload-0033-repeat-02.csv,6cb2a1a50bb449680f16058809eb5968a3d9c4e6c36ec6e89761ed896fb3b543
3aeff8d50243a034,m1-pro-16gb-local,8bf0d8e6ed85898dd9093212190f041f8c055e5d16f5068b855787a2e715a5ec,aligned,inverse-stream-incremental-float,64,0,0,2368,1,37,0,128,callback,48000,0,steady,1,64,spec012-confirm-01,0,43.804383973817565,ns/engine-sample,2368,151552,3.1573333333333333,4096,6638642.0,6638.642,2750.0,3000.0,3083.0,8416.0,2.75,3.0,3.083,8.416,1333.3333333333333,0,0.0,0.042,0.042,0.75,0.0,,,0.75,2.0625,/Users/christiankauten/Documents/Projects/Rack/plugins/Fourier/.build/spec012/confirm-01-short-hop/workload-0009-repeat-00.csv,b29521799499907b1cf88221126a58c48b749248a23d43a4fd5d2e8175525061
3aeff8d50243a034,m1-pro-16gb-local,8bf0d8e6ed85898dd9093212190f041f8c055e5d16f5068b855787a2e715a5ec,aligned,inverse-stream-incremental-float,64,0,0,2368,1,37,0,128,callback,48000,0,steady,1,64,spec012-confirm-01,1,44.26486618454392,ns/engine-sample,2368,151552,3.1573333333333333,4096,6708429.0,6708.429,2792.0,3042.0,3084.0,10667.0,2.792,3.042,3.084,10.667,1333.3333333333333,0,0.0,0.042,0.042,0.75,0.0,,,0.75,2.0625,/Users/christiankauten/Documents/Projects/Rack/plugins/Fourier/.build/spec012/confirm-01-short-hop/workload-0009-repeat-01.csv,58cae7d976a8f8c80ac142038654d1e6a944013af7c9fc49eef5fedf8d4d527d
3aeff8d50243a034,m1-pro-16gb-local,8bf0d8e6ed85898dd9093212190f041f8c055e5d16f5068b855787a2e715a5ec,aligned,inverse-stream-incremental-float,64,0,0,2368,1,37,0,128,callback,48000,0,steady,1,64,spec012-confirm-01,2,44.467384132179056,ns/engine-sample,2368,151552,3.1573333333333333,4096,6739121.0,6739.121,2792.0,3042.0,3084.0,30292.0,2.792,3.042,3.084,30.292,1333.3333333333333,0,0.0,0.042,0.042,0.75,0.0,,,0.75,2.0625,/Users/christiankauten/Documents/Projects/Rack/plugins/Fourier/.build/spec012/confirm-01-short-hop/workload-0009-repeat-02.csv,7ec8252e3ef35defbbd5b144059134ff289f0d0db17c4e4ef250d53bb2f1f143
3aeff8d50243a034,m1-pro-16gb-local,8bf0d8e6ed85898dd9093212190f041f8c055e5d16f5068b855787a2e715a5ec,aligned,inverse-stream-incremental-float,64,0,0,2368,1,37,0,128,callback,48000,0,steady,1,64,spec012-confirm-02,0,44.003747888513516,ns/engine-sample,2368,151552,3.1573333333333333,4096,6668856.0,6668.856,2791.0,3042.0,3083.0,13041.0,2.791,3.042,3.083,13.041,1333.3333333333333,0,0.0,0.042,0.042,0.75,0.0,,,0.75,2.0625,/Users/christiankauten/Documents/Projects/Rack/plugins/Fourier/.build/spec012/confirm-02-short-hop/workload-0009-repeat-00.csv,50aea957464d471ed700995afd0644ed93a8840f0df2b6b8b248cd2cf381a8c3
3aeff8d50243a034,m1-pro-16gb-local,8bf0d8e6ed85898dd9093212190f041f8c055e5d16f5068b855787a2e715a5ec,aligned,inverse-stream-incremental-float,64,0,0,2368,1,37,0,128,callback,48000,0,steady,1,64,spec012-confirm-02,1,45.02304159628378,ns/engine-sample,2368,151552,3.1573333333333333,4096,6823332.0,6823.332,2834.0,3084.0,3167.0,13167.0,2.834,3.084,3.167,13.167,1333.3333333333333,0,0.0,0.042,0.042,0.75,0.0,,,0.75,2.0625,/Users/christiankauten/Documents/Projects/Rack/plugins/Fourier/.build/spec012/confirm-02-short-hop/workload-0009-repeat-01.csv,46be92e63c617537a169048ede68aaf40cbd3aea39da9a9dbd71cc779330a4f9
3aeff8d50243a034,m1-pro-16gb-local,8bf0d8e6ed85898dd9093212190f041f8c055e5d16f5068b855787a2e715a5ec,aligned,inverse-stream-incremental-float,64,0,0,2368,1,37,0,128,callback,48000,0,steady,1,64,spec012-confirm-02,2,44.06069863809122,ns/engine-sample,2368,151552,3.1573333333333333,4096,6677487.0,6677.487,2792.0,3042.0,3083.0,6833.0,2.792,3.042,3.083,6.833,1333.3333333333333,0,0.0,0.042,0.042,0.75,0.0,,,0.75,2.0625,/Users/christiankauten/Documents/Projects/Rack/plugins/Fourier/.build/spec012/confirm-02-short-hop/workload-0009-repeat-02.csv,24b9fed6aaf42272c74c47d91bc9a2a1127a1249ea3f8695a363b8f1de4e2368
3aeff8d50243a034,m1-pro-16gb-local,8bf0d8e6ed85898dd9093212190f041f8c055e5d16f5068b855787a2e715a5ec,aligned,inverse-stream-incremental-float,64,0,0,2368,1,37,0,128,callback,48000,0,steady,1,64,spec012-confirm-03,0,44.722412109375,ns/engine-sample,2368,151552,3.1573333333333333,4096,6777771.0,6777.771,2833.0,3084.0,3125.0,12458.0,2.833,3.084,3.125,12.458,1333.3333333333333,0,0.0,0.042,0.042,0.75,0.0,,,0.75,2.0625,/Users/christiankauten/Documents/Projects/Rack/plugins/Fourier/.build/spec012/confirm-03-short-hop/workload-0009-repeat-00.csv,15a5e1e68946b6eda71b7cf520d2aaa3763ad690345968d0f107a178bde2cfdf
3aeff8d50243a034,m1-pro-16gb-local,8bf0d8e6ed85898dd9093212190f041f8c055e5d16f5068b855787a2e715a5ec,aligned,inverse-stream-incremental-float,64,0,0,2368,1,37,0,128,callback,48000,0,steady,1,64,spec012-confirm-03,1,45.22071632179054,ns/engine-sample,2368,151552,3.1573333333333333,4096,6853290.0,6853.29,2834.0,3125.0,3208.0,6000.0,2.834,3.125,3.208,6.0,1333.3333333333333,0,0.0,0.042,0.042,0.75,0.0,,,0.75,2.0625,/Users/christiankauten/Documents/Projects/Rack/plugins/Fourier/.build/spec012/confirm-03-short-hop/workload-0009-repeat-01.csv,ddddfd1bdadc593e58788a8d221da4c7083af4ba7a2faba08bd41d10253fe571
3aeff8d50243a034,m1-pro-16gb-local,8bf0d8e6ed85898dd9093212190f041f8c055e5d16f5068b855787a2e715a5ec,aligned,inverse-stream-incremental-float,64,0,0,2368,1,37,0,128,callback,48000,0,steady,1,64,spec012-confirm-03,2,44.3922680004223,ns/engine-sample,2368,151552,3.1573333333333333,4096,6727737.0,6727.737,2792.0,3083.0,3125.0,11125.0,2.792,3.083,3.125,11.125,1333.3333333333333,0,0.0,0.042,0.042,0.75,0.0,,,0.75,2.0625,/Users/christiankauten/Documents/Projects/Rack/plugins/Fourier/.build/spec012/confirm-03-short-hop/workload-0009-repeat-02.csv,71b8133b4a29bb7194e139e5cc52cfe88b356f1d29927c3f489a425384f57fed
3aeff8d50243a034,m1-pro-16gb-local,8df0debc7ccb56b734d6272312f147b837b6d457d592c9329a9a0546682f2803,aligned,fftw-ols-fir-double,64,0,0,2368,1,37,0,128,callback,48000,0,steady,1,64,spec012-confirm-01,0,23.836768897804053,ns/engine-sample,2368,151552,3.1573333333333333,4096,3612510.0,3612.51,1708.0,1709.0,1750.0,10459.0,1.708,1.709,1.75,10.459,1333.3333333333333,0,0.0,0.042,0.042,0.0,0.375,0.75,,0.0,1.3125,/Users/christiankauten/Documents/Projects/Rack/plugins/Fourier/.build/spec012/confirm-01-short-hop/workload-0081-repeat-00.csv,78794abbb64053a52d4c2ab49fc511d9c5e04507f4c1b07345b238b76d1a623c
3aeff8d50243a034,m1-pro-16gb-local,8df0debc7ccb56b734d6272312f147b837b6d457d592c9329a9a0546682f2803,aligned,fftw-ols-fir-double,64,0,0,2368,1,37,0,128,callback,48000,0,steady,1,64,spec012-confirm-01,1,23.831707928631758,ns/engine-sample,2368,151552,3.1573333333333333,4096,3611743.0,3611.743,1708.0,1709.0,1750.0,7792.0,1.708,1.709,1.75,7.792,1333.3333333333333,0,0.0,0.042,0.042,0.0,0.375,0.75,,0.0,1.3125,/Users/christiankauten/Documents/Projects/Rack/plugins/Fourier/.build/spec012/confirm-01-short-hop/workload-0081-repeat-01.csv,950984d71aa87754b2dcd77b009841939894e6680f74b9cdad5d15d0ad2b8d19
3aeff8d50243a034,m1-pro-16gb-local,8df0debc7ccb56b734d6272312f147b837b6d457d592c9329a9a0546682f2803,aligned,fftw-ols-fir-double,64,0,0,2368,1,37,0,128,callback,48000,0,steady,1,64,spec012-confirm-01,2,23.82222603462838,ns/engine-sample,2368,151552,3.1573333333333333,4096,3610306.0,3610.306,1708.0,1709.0,1750.0,10708.0,1.708,1.709,1.75,10.708,1333.3333333333333,0,0.0,0.042,0.042,0.0,0.375,0.75,,0.0,1.3125,/Users/christiankauten/Documents/Projects/Rack/plugins/Fourier/.build/spec012/confirm-01-short-hop/workload-0081-repeat-02.csv,3035ab5133146b3e772fbdad2ec57e70e93e52b866e1b9f6379808678411f49a
3aeff8d50243a034,m1-pro-16gb-local,8df0debc7ccb56b734d6272312f147b837b6d457d592c9329a9a0546682f2803,aligned,fftw-ols-fir-double,64,0,0,2368,1,37,0,128,callback,48000,0,steady,1,64,spec012-confirm-02,0,23.867834142736488,ns/engine-sample,2368,151552,3.1573333333333333,4096,3617218.0,3617.218,1708.0,1709.0,1750.0,10583.0,1.708,1.709,1.75,10.583,1333.3333333333333,0,0.0,0.042,0.042,0.0,0.375,0.75,,0.0,1.3125,/Users/christiankauten/Documents/Projects/Rack/plugins/Fourier/.build/spec012/confirm-02-short-hop/workload-0081-repeat-00.csv,af7113c153499a470d2bd1a77bfdbd18b71d985358201183cdcdd75a9990cdf3
3aeff8d50243a034,m1-pro-16gb-local,8df0debc7ccb56b734d6272312f147b837b6d457d592c9329a9a0546682f2803,aligned,fftw-ols-fir-double,64,0,0,2368,1,37,0,128,callback,48000,0,steady,1,64,spec012-confirm-02,1,23.897078230574323,ns/engine-sample,2368,151552,3.1573333333333333,4096,3621650.0,3621.65,1708.0,1750.0,1750.0,5875.0,1.708,1.75,1.75,5.875,1333.3333333333333,0,0.0,0.042,0.042,0.0,0.375,0.75,,0.0,1.3125,/Users/christiankauten/Documents/Projects/Rack/plugins/Fourier/.build/spec012/confirm-02-short-hop/workload-0081-repeat-01.csv,15d47b5b6cca8ca5fa7b209dcd89a4dde310acdbeefd73d181dac059d3f93f39
3aeff8d50243a034,m1-pro-16gb-local,8df0debc7ccb56b734d6272312f147b837b6d457d592c9329a9a0546682f2803,aligned,fftw-ols-fir-double,64,0,0,2368,1,37,0,128,callback,48000,0,steady,1,64,spec012-confirm-02,2,23.84518185177365,ns/engine-sample,2368,151552,3.1573333333333333,4096,3613785.0,3613.785,1708.0,1709.0,1750.0,10500.0,1.708,1.709,1.75,10.5,1333.3333333333333,0,0.0,0.042,0.042,0.0,0.375,0.75,,0.0,1.3125,/Users/christiankauten/Documents/Projects/Rack/plugins/Fourier/.build/spec012/confirm-02-short-hop/workload-0081-repeat-02.csv,649727fd57fb6362ac556bd6aa62c332cd06be4a9ce704ac4200f17632b240a5
3aeff8d50243a034,m1-pro-16gb-local,8df0debc7ccb56b734d6272312f147b837b6d457d592c9329a9a0546682f2803,aligned,fftw-ols-fir-double,64,0,0,2368,1,37,0,128,callback,48000,0,steady,1,64,spec012-confirm-03,0,23.939077016469593,ns/engine-sample,2368,151552,3.1573333333333333,4096,3628015.0,3628.015,1708.0,1750.0,1750.0,10542.0,1.708,1.75,1.75,10.542,1333.3333333333333,0,0.0,0.042,0.042,0.0,0.375,0.75,,0.0,1.3125,/Users/christiankauten/Documents/Projects/Rack/plugins/Fourier/.build/spec012/confirm-03-short-hop/workload-0081-repeat-00.csv,2f78b672fcfb6e138f24b6d04765b5db9c2d776a4726b305b6ffe0a11571762c
3aeff8d50243a034,m1-pro-16gb-local,8df0debc7ccb56b734d6272312f147b837b6d457d592c9329a9a0546682f2803,aligned,fftw-ols-fir-double,64,0,0,2368,1,37,0,128,callback,48000,0,steady,1,64,spec012-confirm-03,1,23.796531883445947,ns/engine-sample,2368,151552,3.1573333333333333,4096,3606412.0,3606.412,1708.0,1709.0,1750.0,1875.0,1.708,1.709,1.75,1.875,1333.3333333333333,0,0.0,0.042,0.042,0.0,0.375,0.75,,0.0,1.3125,/Users/christiankauten/Documents/Projects/Rack/plugins/Fourier/.build/spec012/confirm-03-short-hop/workload-0081-repeat-01.csv,c2418e53cf264e092ed7191e4fc1327c51c29cc3cd9887c80a95b8302494822e
3aeff8d50243a034,m1-pro-16gb-local,8df0debc7ccb56b734d6272312f147b837b6d457d592c9329a9a0546682f2803,aligned,fftw-ols-fir-double,64,0,0,2368,1,37,0,128,callback,48000,0,steady,1,64,spec012-confirm-03,2,23.85420845650338,ns/engine-sample,2368,151552,3.1573333333333333,4096,3615153.0,3615.153,1708.0,1750.0,1792.0,2000.0,1.708,1.75,1.792,2.0,1333.3333333333333,0,0.0,0.042,0.042,0.0,0.375,0.75,,0.0,1.3125,/Users/christiankauten/Documents/Projects/Rack/plugins/Fourier/.build/spec012/confirm-03-short-hop/workload-0081-repeat-02.csv,279e8e4faa779f6d404cd439aa37525f14b3d33f129f924f94f1955c257dd063
3aeff8d50243a034,m1-pro-16gb-local,8edc996c43d4eb7c54d3bde78bb261c8049d6b04717b15c7bf5a082c17f3cc3b,aligned,pffft-analysis-float,64,0,0,2368,1,37,0,128,callback,48000,0,steady,1,64,spec012-confirm-01,0,13.624557907516891,ns/engine-sample,2368,151552,3.1573333333333333,4096,2064829.0,2064.829,958.0,959.0,959.0,9834.0,0.958,0.959,0.959,9.834,1333.3333333333333,0,0.0,0.042,0.042,0.0,1.3229166666666667,,1.3229166666666667,0.0,1.3125,/Users/christiankauten/Documents/Projects/Rack/plugins/Fourier/.build/spec012/confirm-01-short-hop/workload-0003-repeat-00.csv,4a7895b2dead71d3b7080104cf107f48b4c22e0d1b7e5741629b52be354d2cc6
3aeff8d50243a034,m1-pro-16gb-local,8edc996c43d4eb7c54d3bde78bb261c8049d6b04717b15c7bf5a082c17f3cc3b,aligned,pffft-analysis-float,64,0,0,2368,1,37,0,128,callback,48000,0,steady,1,64,spec012-confirm-01,1,13.589434649493244,ns/engine-sample,2368,151552,3.1573333333333333,4096,2059506.0,2059.506,958.0,959.0,959.0,4792.0,0.958,0.959,0.959,4.792,1333.3333333333333,0,0.0,0.042,0.042,0.0,1.3229166666666667,,1.3229166666666667,0.0,1.3125,/Users/christiankauten/Documents/Projects/Rack/plugins/Fourier/.build/spec012/confirm-01-short-hop/workload-0003-repeat-01.csv,e922084e42eba23ed8347682971980a273871ef55fbac53c031634687a47ce94
3aeff8d50243a034,m1-pro-16gb-local,8edc996c43d4eb7c54d3bde78bb261c8049d6b04717b15c7bf5a082c17f3cc3b,aligned,pffft-analysis-float,64,0,0,2368,1,37,0,128,callback,48000,0,steady,1,64,spec012-confirm-01,2,13.610041437922296,ns/engine-sample,2368,151552,3.1573333333333333,4096,2062629.0,2062.629,958.0,959.0,959.0,7917.0,0.958,0.959,0.959,7.917,1333.3333333333333,0,0.0,0.042,0.084,0.0,1.3229166666666667,,1.3229166666666667,0.0,1.3125,/Users/christiankauten/Documents/Projects/Rack/plugins/Fourier/.build/spec012/confirm-01-short-hop/workload-0003-repeat-02.csv,779af527811227c64881b6e2b2ea899ad4cb2cc59c48dce2894947752f35c2c0
3aeff8d50243a034,m1-pro-16gb-local,8edc996c43d4eb7c54d3bde78bb261c8049d6b04717b15c7bf5a082c17f3cc3b,aligned,pffft-analysis-float,64,0,0,2368,1,37,0,128,callback,48000,0,steady,1,64,spec012-confirm-02,0,13.62984982052365,ns/engine-sample,2368,151552,3.1573333333333333,4096,2065631.0,2065.631,917.0,959.0,1000.0,9292.0,0.917,0.959,1.0,9.292,1333.3333333333333,0,0.0,0.042,0.084,0.0,1.3229166666666667,,1.3229166666666667,0.0,1.3125,/Users/christiankauten/Documents/Projects/Rack/plugins/Fourier/.build/spec012/confirm-02-short-hop/workload-0003-repeat-00.csv,6170df6d2d8d4f1ac74301a8cb9d8978fb3c1892fd5bfbd5f52889dcfcd3e0eb
3aeff8d50243a034,m1-pro-16gb-local,8edc996c43d4eb7c54d3bde78bb261c8049d6b04717b15c7bf5a082c17f3cc3b,aligned,pffft-analysis-float,64,0,0,2368,1,37,0,128,callback,48000,0,steady,1,64,spec012-confirm-02,1,13.552853146114865,ns/engine-sample,2368,151552,3.1573333333333333,4096,2053962.0,2053.962,917.0,959.0,959.0,4541.0,0.917,0.959,0.959,4.541,1333.3333333333333,0,0.0,0.042,0.042,0.0,1.3229166666666667,,1.3229166666666667,0.0,1.3125,/Users/christiankauten/Documents/Projects/Rack/plugins/Fourier/.build/spec012/confirm-02-short-hop/workload-0003-repeat-01.csv,f47a92ecae7ac557b17386f59388d30314a67b25de894c0a46741c3e54e9cc0e
3aeff8d50243a034,m1-pro-16gb-local,8edc996c43d4eb7c54d3bde78bb261c8049d6b04717b15c7bf5a082c17f3cc3b,aligned,pffft-analysis-float,64,0,0,2368,1,37,0,128,callback,48000,0,steady,1,64,spec012-confirm-02,2,13.453791437922296,ns/engine-sample,2368,151552,3.1573333333333333,4096,2038949.0,2038.949,917.0,959.0,1000.0,7667.0,0.917,0.959,1.0,7.667,1333.3333333333333,0,0.0,0.042,0.083,0.0,1.3229166666666667,,1.3229166666666667,0.0,1.3125,/Users/christiankauten/Documents/Projects/Rack/plugins/Fourier/.build/spec012/confirm-02-short-hop/workload-0003-repeat-02.csv,942e3efb3a949a1e1e2e33ade639d2fff04ca6099f9748878268ba69bdf55955
3aeff8d50243a034,m1-pro-16gb-local,8edc996c43d4eb7c54d3bde78bb261c8049d6b04717b15c7bf5a082c17f3cc3b,aligned,pffft-analysis-float,64,0,0,2368,1,37,0,128,callback,48000,0,steady,1,64,spec012-confirm-03,0,13.416800834037161,ns/engine-sample,2368,151552,3.1573333333333333,4096,2033343.0,2033.343,917.0,959.0,959.0,4291.0,0.917,0.959,0.959,4.291,1333.3333333333333,0,0.0,0.042,0.042,0.0,1.3229166666666667,,1.3229166666666667,0.0,1.3125,/Users/christiankauten/Documents/Projects/Rack/plugins/Fourier/.build/spec012/confirm-03-short-hop/workload-0003-repeat-00.csv,48f1d29233484cd6c5f93d8ecc9523557607779e0ed519752ecb88b574e9e799
3aeff8d50243a034,m1-pro-16gb-local,8edc996c43d4eb7c54d3bde78bb261c8049d6b04717b15c7bf5a082c17f3cc3b,aligned,pffft-analysis-float,64,0,0,2368,1,37,0,128,callback,48000,0,steady,1,64,spec012-confirm-03,1,13.950512035472974,ns/engine-sample,2368,151552,3.1573333333333333,4096,2114228.0,2114.228,958.0,1000.0,1125.0,1250.0,0.958,1.0,1.125,1.25,1333.3333333333333,0,0.0,0.042,0.042,0.0,1.3229166666666667,,1.3229166666666667,0.0,1.3125,/Users/christiankauten/Documents/Projects/Rack/plugins/Fourier/.build/spec012/confirm-03-short-hop/workload-0003-repeat-01.csv,1bedaf668ff89dc54a9b84ea8c012a9ab9e00435da24f6c5fbac24e70cdc2820
3aeff8d50243a034,m1-pro-16gb-local,8edc996c43d4eb7c54d3bde78bb261c8049d6b04717b15c7bf5a082c17f3cc3b,aligned,pffft-analysis-float,64,0,0,2368,1,37,0,128,callback,48000,0,steady,1,64,spec012-confirm-03,2,13.622730152027026,ns/engine-sample,2368,151552,3.1573333333333333,4096,2064552.0,2064.552,958.0,959.0,1042.0,1167.0,0.958,0.959,1.042,1.167,1333.3333333333333,0,0.0,0.042,0.042,0.0,1.3229166666666667,,1.3229166666666667,0.0,1.3125,/Users/christiankauten/Documents/Projects/Rack/plugins/Fourier/.build/spec012/confirm-03-short-hop/workload-0003-repeat-02.csv,d9f3e4495fd45f76af4a01959d29c0aafa64fbbe52f9b85e1d2f6d3eed64acbd
3aeff8d50243a034,m1-pro-16gb-local,935da6a3d55b505701304f68edcbbc2cd23dc9328c3bc816c8518b126de70e3e,aligned,inverse-stream-incremental-double,64,0,0,2368,1,37,0,128,callback,48000,0,steady,1,64,spec012-confirm-01,0,45.187994879645274,ns/engine-sample,2368,151552,3.1573333333333333,4096,6848331.0,6848.331,2875.0,3125.0,3166.0,7834.0,2.875,3.125,3.166,7.834,1333.3333333333333,0,0.0,0.042,0.042,0.75,0.0,,,0.75,2.0625,/Users/christiankauten/Documents/Projects/Rack/plugins/Fourier/.build/spec012/confirm-01-short-hop/workload-0072-repeat-00.csv,e9f6807b037859d877558d9a7fb9625bbede6d3889b0acf4aaf1312566a475fe
3aeff8d50243a034,m1-pro-16gb-local,935da6a3d55b505701304f68edcbbc2cd23dc9328c3bc816c8518b126de70e3e,aligned,inverse-stream-incremental-double,64,0,0,2368,1,37,0,128,callback,48000,0,steady,1,64,spec012-confirm-01,1,45.01485298775338,ns/engine-sample,2368,151552,3.1573333333333333,4096,6822091.0,6822.091,2834.0,3125.0,3166.0,12166.0,2.834,3.125,3.166,12.166,1333.3333333333333,0,0.0,0.042,0.042,0.75,0.0,,,0.75,2.0625,/Users/christiankauten/Documents/Projects/Rack/plugins/Fourier/.build/spec012/confirm-01-short-hop/workload-0072-repeat-01.csv,de249439a7c640ed9e554e1e4d6a66233cb42f6ce11e7f62b35b0a238f247d61
3aeff8d50243a034,m1-pro-16gb-local,935da6a3d55b505701304f68edcbbc2cd23dc9328c3bc816c8518b126de70e3e,aligned,inverse-stream-incremental-double,64,0,0,2368,1,37,0,128,callback,48000,0,steady,1,64,spec012-confirm-01,2,45.107362489442565,ns/engine-sample,2368,151552,3.1573333333333333,4096,6836111.0,6836.111,2875.0,3125.0,3125.0,7416.0,2.875,3.125,3.125,7.416,1333.3333333333333,0,0.0,0.042,0.042,0.75,0.0,,,0.75,2.0625,/Users/christiankauten/Documents/Projects/Rack/plugins/Fourier/.build/spec012/confirm-01-short-hop/workload-0072-repeat-02.csv,abdc2cf8020eb8c9a982e72119ec1ed978d543bd44293c28abe5f4f1c7161e3d
3aeff8d50243a034,m1-pro-16gb-local,935da6a3d55b505701304f68edcbbc2cd23dc9328c3bc816c8518b126de70e3e,aligned,inverse-stream-incremental-double,64,0,0,2368,1,37,0,128,callback,48000,0,steady,1,64,spec012-confirm-02,0,45.854076488597975,ns/engine-sample,2368,151552,3.1573333333333333,4096,6949277.0,6949.277,2916.0,3167.0,3250.0,8625.0,2.916,3.167,3.25,8.625,1333.3333333333333,0,0.0,0.042,0.042,0.75,0.0,,,0.75,2.0625,/Users/christiankauten/Documents/Projects/Rack/plugins/Fourier/.build/spec012/confirm-02-short-hop/workload-0072-repeat-00.csv,d2b8c652bedb5708f8b8d9000032f6824d0d4f75ecd16331aa46993ecaf6c63c
3aeff8d50243a034,m1-pro-16gb-local,935da6a3d55b505701304f68edcbbc2cd23dc9328c3bc816c8518b126de70e3e,aligned,inverse-stream-incremental-double,64,0,0,2368,1,37,0,128,callback,48000,0,steady,1,64,spec012-confirm-02,1,45.1204735008446,ns/engine-sample,2368,151552,3.1573333333333333,4096,6838098.0,6838.098,2834.0,3125.0,3167.0,9958.0,2.834,3.125,3.167,9.958,1333.3333333333333,0,0.0,0.042,0.042,0.75,0.0,,,0.75,2.0625,/Users/christiankauten/Documents/Projects/Rack/plugins/Fourier/.build/spec012/confirm-02-short-hop/workload-0072-repeat-01.csv,797d5b8efe55f99e912aec3a1e04a8b4d689738315737c9b06c96f90b3fd6528
3aeff8d50243a034,m1-pro-16gb-local,935da6a3d55b505701304f68edcbbc2cd23dc9328c3bc816c8518b126de70e3e,aligned,inverse-stream-incremental-double,64,0,0,2368,1,37,0,128,callback,48000,0,steady,1,64,spec012-confirm-02,2,45.590081292229726,ns/engine-sample,2368,151552,3.1573333333333333,4096,6909268.0,6909.268,2875.0,3125.0,3208.0,8959.0,2.875,3.125,3.208,8.959,1333.3333333333333,0,0.0,0.042,0.042,0.75,0.0,,,0.75,2.0625,/Users/christiankauten/Documents/Projects/Rack/plugins/Fourier/.build/spec012/confirm-02-short-hop/workload-0072-repeat-02.csv,130c97f11864190d083a738d0097f343d86af169356d47fe575fde5feec63cdb
3aeff8d50243a034,m1-pro-16gb-local,935da6a3d55b505701304f68edcbbc2cd23dc9328c3bc816c8518b126de70e3e,aligned,inverse-stream-incremental-double,64,0,0,2368,1,37,0,128,callback,48000,0,steady,1,64,spec012-confirm-03,0,45.16034760346284,ns/engine-sample,2368,151552,3.1573333333333333,4096,6844141.0,6844.141,2834.0,3125.0,3167.0,11375.0,2.834,3.125,3.167,11.375,1333.3333333333333,0,0.0,0.042,0.083,0.75,0.0,,,0.75,2.0625,/Users/christiankauten/Documents/Projects/Rack/plugins/Fourier/.build/spec012/confirm-03-short-hop/workload-0072-repeat-00.csv,db3447dfa0b4bd9ea81bada0709191378bf0b2e460cf8382cadc112dd58e606b
3aeff8d50243a034,m1-pro-16gb-local,935da6a3d55b505701304f68edcbbc2cd23dc9328c3bc816c8518b126de70e3e,aligned,inverse-stream-incremental-double,64,0,0,2368,1,37,0,128,callback,48000,0,steady,1,64,spec012-confirm-03,1,45.276195629222975,ns/engine-sample,2368,151552,3.1573333333333333,4096,6861698.0,6861.698,2875.0,3125.0,3250.0,8959.0,2.875,3.125,3.25,8.959,1333.3333333333333,0,0.0,0.042,0.042,0.75,0.0,,,0.75,2.0625,/Users/christiankauten/Documents/Projects/Rack/plugins/Fourier/.build/spec012/confirm-03-short-hop/workload-0072-repeat-01.csv,c6f62f58a6a68af26d6b4e49d5bce5f49d3cf46fe0234ee4c7ee217ee86c2cb1
3aeff8d50243a034,m1-pro-16gb-local,935da6a3d55b505701304f68edcbbc2cd23dc9328c3bc816c8518b126de70e3e,aligned,inverse-stream-incremental-double,64,0,0,2368,1,37,0,128,callback,48000,0,steady,1,64,spec012-confirm-03,2,45.43501900337838,ns/engine-sample,2368,151552,3.1573333333333333,4096,6885768.0,6885.768,2875.0,3125.0,3208.0,10417.0,2.875,3.125,3.208,10.417,1333.3333333333333,0,0.0,0.042,0.042,0.75,0.0,,,0.75,2.0625,/Users/christiankauten/Documents/Projects/Rack/plugins/Fourier/.build/spec012/confirm-03-short-hop/workload-0072-repeat-02.csv,1f9d3fbbf34786871f6bbbe591741e94c022aff91036b2928ee745c844bb965c
3aeff8d50243a034,m1-pro-16gb-local,940abdf1b0fe290f61f1309c50d16ecf1fdb43298a87c9a8ef06a45f1745d512,aligned,ols-fir-batch-double,64,0,0,2368,1,37,0,128,throughput,48000,0,steady,1,64,spec012-confirm-01,0,92.01792124155405,ns/engine-sample,1,151552,3.1573333333333333,4096,13945500.0,13945.5,13945500.0,13945500.0,13945500.0,13945500.0,13945.5,13945.5,13945.5,13945.5,,,,0.042,0.042,0.0,0.375,0.75,,0.0,1.3125,/Users/christiankauten/Documents/Projects/Rack/plugins/Fourier/.build/spec012/confirm-01-short-hop/workload-0101-repeat-00.csv,e4f09dedea0af5be774377ba886e5549939d38c9a5f8fde1fe7bcc72ec6f1685
3aeff8d50243a034,m1-pro-16gb-local,940abdf1b0fe290f61f1309c50d16ecf1fdb43298a87c9a8ef06a45f1745d512,aligned,ols-fir-batch-double,64,0,0,2368,1,37,0,128,throughput,48000,0,steady,1,64,spec012-confirm-01,1,91.45238597972973,ns/engine-sample,1,151552,3.1573333333333333,4096,13859792.0,13859.792,13859792.0,13859792.0,13859792.0,13859792.0,13859.792,13859.792,13859.792,13859.792,,,,0.042,0.042,0.0,0.375,0.75,,0.0,1.3125,/Users/christiankauten/Documents/Projects/Rack/plugins/Fourier/.build/spec012/confirm-01-short-hop/workload-0101-repeat-01.csv,89bdd6a523fbff37220aab9e5cd667ac53a70d060270deb5a6e949df911861da
3aeff8d50243a034,m1-pro-16gb-local,940abdf1b0fe290f61f1309c50d16ecf1fdb43298a87c9a8ef06a45f1745d512,aligned,ols-fir-batch-double,64,0,0,2368,1,37,0,128,throughput,48000,0,steady,1,64,spec012-confirm-01,2,92.14741474873311,ns/engine-sample,1,151552,3.1573333333333333,4096,13965125.0,13965.125,13965125.0,13965125.0,13965125.0,13965125.0,13965.125,13965.125,13965.125,13965.125,,,,0.042,0.042,0.0,0.375,0.75,,0.0,1.3125,/Users/christiankauten/Documents/Projects/Rack/plugins/Fourier/.build/spec012/confirm-01-short-hop/workload-0101-repeat-02.csv,765babf605bb3575c92d3606b070955419cea4164eef6c45e486c32ad26047ae
3aeff8d50243a034,m1-pro-16gb-local,940abdf1b0fe290f61f1309c50d16ecf1fdb43298a87c9a8ef06a45f1745d512,aligned,ols-fir-batch-double,64,0,0,2368,1,37,0,128,throughput,48000,0,steady,1,64,spec012-confirm-02,0,94.18466928842905,ns/engine-sample,1,151552,3.1573333333333333,4096,14273875.0,14273.875,14273875.0,14273875.0,14273875.0,14273875.0,14273.875,14273.875,14273.875,14273.875,,,,0.042,6.417,0.0,0.375,0.75,,0.0,1.3125,/Users/christiankauten/Documents/Projects/Rack/plugins/Fourier/.build/spec012/confirm-02-short-hop/workload-0101-repeat-00.csv,14b97a5822b0ab2e39f7ba150f880ef2a23c16a2aea8df02e6ad6acbc0eb357a
3aeff8d50243a034,m1-pro-16gb-local,940abdf1b0fe290f61f1309c50d16ecf1fdb43298a87c9a8ef06a45f1745d512,aligned,ols-fir-batch-double,64,0,0,2368,1,37,0,128,throughput,48000,0,steady,1,64,spec012-confirm-02,1,92.47733451224663,ns/engine-sample,1,151552,3.1573333333333333,4096,14015125.0,14015.125,14015125.0,14015125.0,14015125.0,14015125.0,14015.125,14015.125,14015.125,14015.125,,,,0.042,0.083,0.0,0.375,0.75,,0.0,1.3125,/Users/christiankauten/Documents/Projects/Rack/plugins/Fourier/.build/spec012/confirm-02-short-hop/workload-0101-repeat-01.csv,58b756b39514d183f6791a11859fbb15d0de8ed9f7ddf53035ced3c674ce02fa
3aeff8d50243a034,m1-pro-16gb-local,940abdf1b0fe290f61f1309c50d16ecf1fdb43298a87c9a8ef06a45f1745d512,aligned,ols-fir-batch-double,64,0,0,2368,1,37,0,128,throughput,48000,0,steady,1,64,spec012-confirm-02,2,91.892822265625,ns/engine-sample,1,151552,3.1573333333333333,4096,13926541.0,13926.541,13926541.0,13926541.0,13926541.0,13926541.0,13926.541,13926.541,13926.541,13926.541,,,,0.042,0.042,0.0,0.375,0.75,,0.0,1.3125,/Users/christiankauten/Documents/Projects/Rack/plugins/Fourier/.build/spec012/confirm-02-short-hop/workload-0101-repeat-02.csv,493a188f7b9dacee7468b15b73e53e485ae59f936e19402c5e5aa61f192c147a
3aeff8d50243a034,m1-pro-16gb-local,940abdf1b0fe290f61f1309c50d16ecf1fdb43298a87c9a8ef06a45f1745d512,aligned,ols-fir-batch-double,64,0,0,2368,1,37,0,128,throughput,48000,0,steady,1,64,spec012-confirm-03,0,91.56950749577703,ns/engine-sample,1,151552,3.1573333333333333,4096,13877542.0,13877.542,13877542.0,13877542.0,13877542.0,13877542.0,13877.542,13877.542,13877.542,13877.542,,,,0.042,0.042,0.0,0.375,0.75,,0.0,1.3125,/Users/christiankauten/Documents/Projects/Rack/plugins/Fourier/.build/spec012/confirm-03-short-hop/workload-0101-repeat-00.csv,3ecf9c37d3c2050fc1c5772722efbeaedb173916ccccff4e03db696a84dc62eb
3aeff8d50243a034,m1-pro-16gb-local,940abdf1b0fe290f61f1309c50d16ecf1fdb43298a87c9a8ef06a45f1745d512,aligned,ols-fir-batch-double,64,0,0,2368,1,37,0,128,throughput,48000,0,steady,1,64,spec012-confirm-03,1,91.99592879011824,ns/engine-sample,1,151552,3.1573333333333333,4096,13942167.0,13942.167,13942167.0,13942167.0,13942167.0,13942167.0,13942.167,13942.167,13942.167,13942.167,,,,0.042,0.042,0.0,0.375,0.75,,0.0,1.3125,/Users/christiankauten/Documents/Projects/Rack/plugins/Fourier/.build/spec012/confirm-03-short-hop/workload-0101-repeat-01.csv,319b83df43fed491fb183a9f984c79ecb7a6014c3f858f9a9097081a0ea09e06
3aeff8d50243a034,m1-pro-16gb-local,940abdf1b0fe290f61f1309c50d16ecf1fdb43298a87c9a8ef06a45f1745d512,aligned,ols-fir-batch-double,64,0,0,2368,1,37,0,128,throughput,48000,0,steady,1,64,spec012-confirm-03,2,92.4149268897804,ns/engine-sample,1,151552,3.1573333333333333,4096,14005667.0,14005.667,14005667.0,14005667.0,14005667.0,14005667.0,14005.667,14005.667,14005.667,14005.667,,,,0.042,0.042,0.0,0.375,0.75,,0.0,1.3125,/Users/christiankauten/Documents/Projects/Rack/plugins/Fourier/.build/spec012/confirm-03-short-hop/workload-0101-repeat-02.csv,e057593432f88aef04b311d3e6ef128e6158fd2faa02f1c905d5f580f9c0492f
3aeff8d50243a034,m1-pro-16gb-local,96325714c3a92afd3f5f949f7715f60a0a4318714f766a91121c54922b7fcf07,aligned,ols-fir-incremental-float,64,0,0,2368,1,37,0,128,callback,48000,0,steady,1,64,spec012-confirm-01,0,88.91234691722973,ns/engine-sample,2368,151552,3.1573333333333333,4096,13474844.0,13474.844,5667.0,5875.0,6041.0,10584.0,5.667,5.875,6.041,10.584,1333.3333333333333,0,0.0,0.042,0.042,0.75,0.375,1.5,,0.75,2.0625,/Users/christiankauten/Documents/Projects/Rack/plugins/Fourier/.build/spec012/confirm-01-short-hop/workload-0019-repeat-00.csv,6ead8ba8aa705818a04a94bf5310466b547d6ec017fc5156ff4b64ccdd49e10c
3aeff8d50243a034,m1-pro-16gb-local,96325714c3a92afd3f5f949f7715f60a0a4318714f766a91121c54922b7fcf07,aligned,ols-fir-incremental-float,64,0,0,2368,1,37,0,128,callback,48000,0,steady,1,64,spec012-confirm-01,1,87.93420080236487,ns/engine-sample,2368,151552,3.1573333333333333,4096,13326604.0,13326.604,5625.0,5792.0,5875.0,12875.0,5.625,5.792,5.875,12.875,1333.3333333333333,0,0.0,0.042,0.042,0.75,0.375,1.5,,0.75,2.0625,/Users/christiankauten/Documents/Projects/Rack/plugins/Fourier/.build/spec012/confirm-01-short-hop/workload-0019-repeat-01.csv,a4c034b7c10a0ef9e951db217b5ae2a46fb05b55cbc99642dcb5e5f5c01b9bf0
3aeff8d50243a034,m1-pro-16gb-local,96325714c3a92afd3f5f949f7715f60a0a4318714f766a91121c54922b7fcf07,aligned,ols-fir-incremental-float,64,0,0,2368,1,37,0,128,callback,48000,0,steady,1,64,spec012-confirm-01,2,87.62765255489865,ns/engine-sample,2368,151552,3.1573333333333333,4096,13280146.0,13280.146,5584.0,5792.0,5917.0,12208.0,5.584,5.792,5.917,12.208,1333.3333333333333,0,0.0,0.042,0.042,0.75,0.375,1.5,,0.75,2.0625,/Users/christiankauten/Documents/Projects/Rack/plugins/Fourier/.build/spec012/confirm-01-short-hop/workload-0019-repeat-02.csv,4772cca36200e72a5a12613af630beb8a351392dbaf2ef3ef0cd02b55196b61a
3aeff8d50243a034,m1-pro-16gb-local,96325714c3a92afd3f5f949f7715f60a0a4318714f766a91121c54922b7fcf07,aligned,ols-fir-incremental-float,64,0,0,2368,1,37,0,128,callback,48000,0,steady,1,64,spec012-confirm-02,0,88.30246384079392,ns/engine-sample,2368,151552,3.1573333333333333,4096,13382415.0,13382.415,5625.0,5833.0,5875.0,29875.0,5.625,5.833,5.875,29.875,1333.3333333333333,0,0.0,0.042,0.083,0.75,0.375,1.5,,0.75,2.0625,/Users/christiankauten/Documents/Projects/Rack/plugins/Fourier/.build/spec012/confirm-02-short-hop/workload-0019-repeat-00.csv,95ff7460b4ba1b2e5f5f2eb48029859031e4ca047221bfcd4aa2b2ae1db1d7b2
3aeff8d50243a034,m1-pro-16gb-local,96325714c3a92afd3f5f949f7715f60a0a4318714f766a91121c54922b7fcf07,aligned,ols-fir-incremental-float,64,0,0,2368,1,37,0,128,callback,48000,0,steady,1,64,spec012-confirm-02,1,89.93668839738176,ns/engine-sample,2368,151552,3.1573333333333333,4096,13630085.0,13630.085,5667.0,5958.0,6291.0,30959.0,5.667,5.958,6.291,30.959,1333.3333333333333,0,0.0,0.042,0.042,0.75,0.375,1.5,,0.75,2.0625,/Users/christiankauten/Documents/Projects/Rack/plugins/Fourier/.build/spec012/confirm-02-short-hop/workload-0019-repeat-01.csv,078c4e81f9588a02fab3a4ac9f219c775c01769222cfcf8b1a1ea20c3ed65e2f
3aeff8d50243a034,m1-pro-16gb-local,96325714c3a92afd3f5f949f7715f60a0a4318714f766a91121c54922b7fcf07,aligned,ols-fir-incremental-float,64,0,0,2368,1,37,0,128,callback,48000,0,steady,1,64,spec012-confirm-02,2,89.05499102618244,ns/engine-sample,2368,151552,3.1573333333333333,4096,13496462.0,13496.462,5667.0,5875.0,5959.0,9125.0,5.667,5.875,5.959,9.125,1333.3333333333333,0,0.0,0.042,0.042,0.75,0.375,1.5,,0.75,2.0625,/Users/christiankauten/Documents/Projects/Rack/plugins/Fourier/.build/spec012/confirm-02-short-hop/workload-0019-repeat-02.csv,8805d5af439d4b7f501f6f480181ad4b847b05f844e7da1745941d8e20202c50
3aeff8d50243a034,m1-pro-16gb-local,96325714c3a92afd3f5f949f7715f60a0a4318714f766a91121c54922b7fcf07,aligned,ols-fir-incremental-float,64,0,0,2368,1,37,0,128,callback,48000,0,steady,1,64,spec012-confirm-03,0,88.14508551520271,ns/engine-sample,2368,151552,3.1573333333333333,4096,13358564.0,13358.564,5584.0,5792.0,5916.0,24292.0,5.584,5.792,5.916,24.292,1333.3333333333333,0,0.0,0.042,0.042,0.75,0.375,1.5,,0.75,2.0625,/Users/christiankauten/Documents/Projects/Rack/plugins/Fourier/.build/spec012/confirm-03-short-hop/workload-0019-repeat-00.csv,15e03e1c58df3c4ee893157d16b7e644b81d206c9ffd34ed0c7e19107af6426d
3aeff8d50243a034,m1-pro-16gb-local,96325714c3a92afd3f5f949f7715f60a0a4318714f766a91121c54922b7fcf07,aligned,ols-fir-incremental-float,64,0,0,2368,1,37,0,128,callback,48000,0,steady,1,64,spec012-confirm-03,1,87.70261032516892,ns/engine-sample,2368,151552,3.1573333333333333,4096,13291506.0,13291.506,5584.0,5792.0,5917.0,11792.0,5.584,5.792,5.917,11.792,1333.3333333333333,0,0.0,0.042,0.083,0.75,0.375,1.5,,0.75,2.0625,/Users/christiankauten/Documents/Projects/Rack/plugins/Fourier/.build/spec012/confirm-03-short-hop/workload-0019-repeat-01.csv,78d5ee86a52bd8d6754f34d0a417098472518527ae62774fb9200f4a8786fe1a
3aeff8d50243a034,m1-pro-16gb-local,96325714c3a92afd3f5f949f7715f60a0a4318714f766a91121c54922b7fcf07,aligned,ols-fir-incremental-float,64,0,0,2368,1,37,0,128,callback,48000,0,steady,1,64,spec012-confirm-03,2,89.03495829814189,ns/engine-sample,2368,151552,3.1573333333333333,4096,13493426.0,13493.426,5667.0,5875.0,5959.0,12833.0,5.667,5.875,5.959,12.833,1333.3333333333333,0,0.0,0.042,0.042,0.75,0.375,1.5,,0.75,2.0625,/Users/christiankauten/Documents/Projects/Rack/plugins/Fourier/.build/spec012/confirm-03-short-hop/workload-0019-repeat-02.csv,9724b79bcfd55437663256ed6187689a729c4c4492be29ca793a98957e6dce62
3aeff8d50243a034,m1-pro-16gb-local,963e7655cedbe17b0368a4f81cc8e3673c09aab9984798756846e51d3e817fcf,aligned,pffft-analysis4-float,64,0,0,2368,1,37,0,128,throughput,48000,0,steady,1,64,spec012-confirm-01,0,44.300801045185814,ns/engine-sample,1,151552,3.1573333333333333,4096,6713875.0,6713.875,6713875.0,6713875.0,6713875.0,6713875.0,6713.875,6713.875,6713.875,6713.875,,,,0.042,0.042,0.0,1.3229166666666667,,1.3229166666666667,0.0,1.3125,/Users/christiankauten/Documents/Projects/Rack/plugins/Fourier/.build/spec012/confirm-01-short-hop/workload-0053-repeat-00.csv,33977fcc18017b1f83c5c9432a1a31e661f4c40dc71b290c1a2696131e059724
3aeff8d50243a034,m1-pro-16gb-local,963e7655cedbe17b0368a4f81cc8e3673c09aab9984798756846e51d3e817fcf,aligned,pffft-analysis4-float,64,0,0,2368,1,37,0,128,throughput,48000,0,steady,1,64,spec012-confirm-01,1,44.29530458192568,ns/engine-sample,1,151552,3.1573333333333333,4096,6713042.0,6713.042,6713042.0,6713042.0,6713042.0,6713042.0,6713.042,6713.042,6713.042,6713.042,,,,0.042,0.042,0.0,1.3229166666666667,,1.3229166666666667,0.0,1.3125,/Users/christiankauten/Documents/Projects/Rack/plugins/Fourier/.build/spec012/confirm-01-short-hop/workload-0053-repeat-01.csv,e6aa7fffd9166a901e03a0e53270fbb937fbe832e34a33c86cd0b2d1f794390b
3aeff8d50243a034,m1-pro-16gb-local,963e7655cedbe17b0368a4f81cc8e3673c09aab9984798756846e51d3e817fcf,aligned,pffft-analysis4-float,64,0,0,2368,1,37,0,128,throughput,48000,0,steady,1,64,spec012-confirm-01,2,44.39757970861486,ns/engine-sample,1,151552,3.1573333333333333,4096,6728542.0,6728.542,6728542.0,6728542.0,6728542.0,6728542.0,6728.542,6728.542,6728.542,6728.542,,,,0.042,0.042,0.0,1.3229166666666667,,1.3229166666666667,0.0,1.3125,/Users/christiankauten/Documents/Projects/Rack/plugins/Fourier/.build/spec012/confirm-01-short-hop/workload-0053-repeat-02.csv,8aa51467f48297f07e2227f738ade4dc235a2a66e8799c6356072d8dc34c417b
3aeff8d50243a034,m1-pro-16gb-local,963e7655cedbe17b0368a4f81cc8e3673c09aab9984798756846e51d3e817fcf,aligned,pffft-analysis4-float,64,0,0,2368,1,37,0,128,throughput,48000,0,steady,1,64,spec012-confirm-02,0,44.37805505701014,ns/engine-sample,1,151552,3.1573333333333333,4096,6725583.0,6725.583,6725583.0,6725583.0,6725583.0,6725583.0,6725.583,6725.583,6725.583,6725.583,,,,0.042,0.042,0.0,1.3229166666666667,,1.3229166666666667,0.0,1.3125,/Users/christiankauten/Documents/Projects/Rack/plugins/Fourier/.build/spec012/confirm-02-short-hop/workload-0053-repeat-00.csv,0d3b38285ae4cbca557b8a6c5a9c4083f34ae03a47a38758ba793fd9a6cfdc2f
3aeff8d50243a034,m1-pro-16gb-local,963e7655cedbe17b0368a4f81cc8e3673c09aab9984798756846e51d3e817fcf,aligned,pffft-analysis4-float,64,0,0,2368,1,37,0,128,throughput,48000,0,steady,1,64,spec012-confirm-02,1,44.429192620354726,ns/engine-sample,1,151552,3.1573333333333333,4096,6733333.0,6733.333,6733333.0,6733333.0,6733333.0,6733333.0,6733.333,6733.333,6733.333,6733.333,,,,0.042,0.042,0.0,1.3229166666666667,,1.3229166666666667,0.0,1.3125,/Users/christiankauten/Documents/Projects/Rack/plugins/Fourier/.build/spec012/confirm-02-short-hop/workload-0053-repeat-01.csv,486895f7d81e18039c2b92ec1c00a9b9c6dc63e9c6975c85469dbe471fd7b98f
3aeff8d50243a034,m1-pro-16gb-local,963e7655cedbe17b0368a4f81cc8e3673c09aab9984798756846e51d3e817fcf,aligned,pffft-analysis4-float,64,0,0,2368,1,37,0,128,throughput,48000,0,steady,1,64,spec012-confirm-02,2,44.528722814611484,ns/engine-sample,1,151552,3.1573333333333333,4096,6748417.0,6748.417,6748417.0,6748417.0,6748417.0,6748417.0,6748.417,6748.417,6748.417,6748.417,,,,0.042,0.042,0.0,1.3229166666666667,,1.3229166666666667,0.0,1.3125,/Users/christiankauten/Documents/Projects/Rack/plugins/Fourier/.build/spec012/confirm-02-short-hop/workload-0053-repeat-02.csv,d7b87029bd8e7c80dda39eb666131586cb2793cf2bae0e09617faeb4eb742818
3aeff8d50243a034,m1-pro-16gb-local,963e7655cedbe17b0368a4f81cc8e3673c09aab9984798756846e51d3e817fcf,aligned,pffft-analysis4-float,64,0,0,2368,1,37,0,128,throughput,48000,0,steady,1,64,spec012-confirm-03,0,44.557861328125,ns/engine-sample,1,151552,3.1573333333333333,4096,6752833.0,6752.833,6752833.0,6752833.0,6752833.0,6752833.0,6752.833,6752.833,6752.833,6752.833,,,,0.042,0.042,0.0,1.3229166666666667,,1.3229166666666667,0.0,1.3125,/Users/christiankauten/Documents/Projects/Rack/plugins/Fourier/.build/spec012/confirm-03-short-hop/workload-0053-repeat-00.csv,f18c511887ff3a925192ee58015008133291eb0b521ee1cdf6552a306c175ecd
3aeff8d50243a034,m1-pro-16gb-local,963e7655cedbe17b0368a4f81cc8e3673c09aab9984798756846e51d3e817fcf,aligned,pffft-analysis4-float,64,0,0,2368,1,37,0,128,throughput,48000,0,steady,1,64,spec012-confirm-03,1,44.40912690033784,ns/engine-sample,1,151552,3.1573333333333333,4096,6730292.0,6730.292,6730292.0,6730292.0,6730292.0,6730292.0,6730.292,6730.292,6730.292,6730.292,,,,0.042,0.042,0.0,1.3229166666666667,,1.3229166666666667,0.0,1.3125,/Users/christiankauten/Documents/Projects/Rack/plugins/Fourier/.build/spec012/confirm-03-short-hop/workload-0053-repeat-01.csv,c3510669b301f3c87f0bf99c24ec47de1e0854ee1cccc6bc85a98e15c9aeb6f5
3aeff8d50243a034,m1-pro-16gb-local,963e7655cedbe17b0368a4f81cc8e3673c09aab9984798756846e51d3e817fcf,aligned,pffft-analysis4-float,64,0,0,2368,1,37,0,128,throughput,48000,0,steady,1,64,spec012-confirm-03,2,44.790184227195944,ns/engine-sample,1,151552,3.1573333333333333,4096,6788042.0,6788.042,6788042.0,6788042.0,6788042.0,6788042.0,6788.042,6788.042,6788.042,6788.042,,,,0.042,0.042,0.0,1.3229166666666667,,1.3229166666666667,0.0,1.3125,/Users/christiankauten/Documents/Projects/Rack/plugins/Fourier/.build/spec012/confirm-03-short-hop/workload-0053-repeat-02.csv,42dcfa453dbe66d4824025aa95522a5ee5ee34be073effb0ae31cd161a33ccac
3aeff8d50243a034,m1-pro-16gb-local,97c91833ab1f1093e382adf28098f22677b17d13dd1f0473f6979090dd838d7f,aligned,core-independent4-float,64,0,0,2368,1,37,0,128,callback,48000,0,steady,1,64,spec012-confirm-01,0,111.08550200591216,ns/engine-sample,2368,151552,3.1573333333333333,4096,16835230.0,16835.23,7083.0,7292.0,9958.0,13125.0,7.083,7.292,9.958,13.125,1333.3333333333333,0,0.0,0.042,0.083,0.75,1.3229166666666667,,2.072916666666667,0.75,2.0625,/Users/christiankauten/Documents/Projects/Rack/plugins/Fourier/.build/spec012/confirm-01-short-hop/workload-0046-repeat-00.csv,a5e8774fedfe70bb59c1da3332df07739c345783257b9447ce8f7f975ef70ef5
3aeff8d50243a034,m1-pro-16gb-local,97c91833ab1f1093e382adf28098f22677b17d13dd1f0473f6979090dd838d7f,aligned,core-independent4-float,64,0,0,2368,1,37,0,128,callback,48000,0,steady,1,64,spec012-confirm-01,1,111.39290804476352,ns/engine-sample,2368,151552,3.1573333333333333,4096,16881818.0,16881.818,7125.0,7375.0,7500.0,16709.0,7.125,7.375,7.5,16.709,1333.3333333333333,0,0.0,0.042,0.042,0.75,1.3229166666666667,,2.072916666666667,0.75,2.0625,/Users/christiankauten/Documents/Projects/Rack/plugins/Fourier/.build/spec012/confirm-01-short-hop/workload-0046-repeat-01.csv,17ebc6f81aeaa337353986daf497e3785eaa2c699d1f6e85840ff253a332d8b9
3aeff8d50243a034,m1-pro-16gb-local,97c91833ab1f1093e382adf28098f22677b17d13dd1f0473f6979090dd838d7f,aligned,core-independent4-float,64,0,0,2368,1,37,0,128,callback,48000,0,steady,1,64,spec012-confirm-01,2,109.06022355363176,ns/engine-sample,2368,151552,3.1573333333333333,4096,16528295.0,16528.295,7000.0,7208.0,7333.0,9084.0,7.0,7.208,7.333,9.084,1333.3333333333333,0,0.0,0.042,0.083,0.75,1.3229166666666667,,2.072916666666667,0.75,2.0625,/Users/christiankauten/Documents/Projects/Rack/plugins/Fourier/.build/spec012/confirm-01-short-hop/workload-0046-repeat-02.csv,ab36eb140d1bd669c5304e2502f314088ec47e855966aef8be9ff792e9b10dd2
3aeff8d50243a034,m1-pro-16gb-local,97c91833ab1f1093e382adf28098f22677b17d13dd1f0473f6979090dd838d7f,aligned,core-independent4-float,64,0,0,2368,1,37,0,128,callback,48000,0,steady,1,64,spec012-confirm-02,0,111.15474556587837,ns/engine-sample,2368,151552,3.1573333333333333,4096,16845724.0,16845.724,7125.0,7333.0,7542.0,12208.0,7.125,7.333,7.542,12.208,1333.3333333333333,0,0.0,0.042,0.042,0.75,1.3229166666666667,,2.072916666666667,0.75,2.0625,/Users/christiankauten/Documents/Projects/Rack/plugins/Fourier/.build/spec012/confirm-02-short-hop/workload-0046-repeat-00.csv,29e26f49eb5b79460d7205fe762ed3331fa603f6600995baad99bbe04175478b
3aeff8d50243a034,m1-pro-16gb-local,97c91833ab1f1093e382adf28098f22677b17d13dd1f0473f6979090dd838d7f,aligned,core-independent4-float,64,0,0,2368,1,37,0,128,callback,48000,0,steady,1,64,spec012-confirm-02,1,126.15031804265203,ns/engine-sample,2368,151552,3.1573333333333333,4096,19118333.0,19118.333,7500.0,10791.0,11208.0,30750.0,7.5,10.791,11.208,30.75,1333.3333333333333,0,0.0,0.042,0.042,0.75,1.3229166666666667,,2.072916666666667,0.75,2.0625,/Users/christiankauten/Documents/Projects/Rack/plugins/Fourier/.build/spec012/confirm-02-short-hop/workload-0046-repeat-01.csv,3c6eeb1c82935f370bd8e5c7cbad53a6af3980d00fed9dce1a4c8ffde1762562
3aeff8d50243a034,m1-pro-16gb-local,97c91833ab1f1093e382adf28098f22677b17d13dd1f0473f6979090dd838d7f,aligned,core-independent4-float,64,0,0,2368,1,37,0,128,callback,48000,0,steady,1,64,spec012-confirm-02,2,110.33747492609797,ns/engine-sample,2368,151552,3.1573333333333333,4096,16721865.0,16721.865,7083.0,7291.0,7375.0,9500.0,7.083,7.291,7.375,9.5,1333.3333333333333,0,0.0,0.042,0.042,0.75,1.3229166666666667,,2.072916666666667,0.75,2.0625,/Users/christiankauten/Documents/Projects/Rack/plugins/Fourier/.build/spec012/confirm-02-short-hop/workload-0046-repeat-02.csv,f90b4aaf64a3de1f59e29c1ab8bacc30b8ad92da4321733453ff0173de0794fa
3aeff8d50243a034,m1-pro-16gb-local,97c91833ab1f1093e382adf28098f22677b17d13dd1f0473f6979090dd838d7f,aligned,core-independent4-float,64,0,0,2368,1,37,0,128,callback,48000,0,steady,1,64,spec012-confirm-03,0,110.62904481630068,ns/engine-sample,2368,151552,3.1573333333333333,4096,16766053.0,16766.053,7084.0,7333.0,7416.0,8917.0,7.084,7.333,7.416,8.917,1333.3333333333333,0,0.0,0.042,0.042,0.75,1.3229166666666667,,2.072916666666667,0.75,2.0625,/Users/christiankauten/Documents/Projects/Rack/plugins/Fourier/.build/spec012/confirm-03-short-hop/workload-0046-repeat-00.csv,bc54965637eebca2c76d33a305b7b57d69de2d79587de529c26d1aa639b1a0d9
3aeff8d50243a034,m1-pro-16gb-local,97c91833ab1f1093e382adf28098f22677b17d13dd1f0473f6979090dd838d7f,aligned,core-independent4-float,64,0,0,2368,1,37,0,128,callback,48000,0,steady,1,64,spec012-confirm-03,1,111.3436378272804,ns/engine-sample,2368,151552,3.1573333333333333,4096,16874351.0,16874.351,7125.0,7375.0,7500.0,12209.0,7.125,7.375,7.5,12.209,1333.3333333333333,0,0.0,0.042,0.083,0.75,1.3229166666666667,,2.072916666666667,0.75,2.0625,/Users/christiankauten/Documents/Projects/Rack/plugins/Fourier/.build/spec012/confirm-03-short-hop/workload-0046-repeat-01.csv,f87b8bce7e72bea25594e8f53956bc219ad7e060a84731fbc75a597c0cea108c
3aeff8d50243a034,m1-pro-16gb-local,97c91833ab1f1093e382adf28098f22677b17d13dd1f0473f6979090dd838d7f,aligned,core-independent4-float,64,0,0,2368,1,37,0,128,callback,48000,0,steady,1,64,spec012-confirm-03,2,113.08791701858108,ns/engine-sample,2368,151552,3.1573333333333333,4096,17138700.0,17138.7,7250.0,7458.0,7542.0,12000.0,7.25,7.458,7.542,12.0,1333.3333333333333,0,0.0,0.042,0.042,0.75,1.3229166666666667,,2.072916666666667,0.75,2.0625,/Users/christiankauten/Documents/Projects/Rack/plugins/Fourier/.build/spec012/confirm-03-short-hop/workload-0046-repeat-02.csv,7535fa9fe2af03d92710cf2a94b60ea9f924b83858b0bcaeaceef2349d67927e
3aeff8d50243a034,m1-pro-16gb-local,9814ace7b1298d8141376b3e659973c20c2eb5c9f32aa5cf75711401870c30c8,aligned,fftw-inverse-double,64,0,0,2368,1,37,0,128,callback,48000,0,steady,1,64,spec012-confirm-01,0,12.465694942989865,ns/engine-sample,2368,151552,3.1573333333333333,4096,1889201.0,1889.201,875.0,875.0,916.0,8333.0,0.875,0.875,0.916,8.333,1333.3333333333333,0,0.0,0.042,0.042,0.0,0.0,,,0.0,1.3125,/Users/christiankauten/Documents/Projects/Rack/plugins/Fourier/.build/spec012/confirm-01-short-hop/workload-0073-repeat-00.csv,f7baab48f61b554146c3d4eefcd9d7df2992f177bd8e1d9f5306eeefc9a4474f
3aeff8d50243a034,m1-pro-16gb-local,9814ace7b1298d8141376b3e659973c20c2eb5c9f32aa5cf75711401870c30c8,aligned,fftw-inverse-double,64,0,0,2368,1,37,0,128,callback,48000,0,steady,1,64,spec012-confirm-01,1,12.460845122466216,ns/engine-sample,2368,151552,3.1573333333333333,4096,1888466.0,1888.466,875.0,875.0,917.0,5542.0,0.875,0.875,0.917,5.542,1333.3333333333333,0,0.0,0.042,0.042,0.0,0.0,,,0.0,1.3125,/Users/christiankauten/Documents/Projects/Rack/plugins/Fourier/.build/spec012/confirm-01-short-hop/workload-0073-repeat-01.csv,e6f05cc38deacb40e65ec2ffd7ae0f0dbc020cc7aad863f1d89c24ccd45507f7
3aeff8d50243a034,m1-pro-16gb-local,9814ace7b1298d8141376b3e659973c20c2eb5c9f32aa5cf75711401870c30c8,aligned,fftw-inverse-double,64,0,0,2368,1,37,0,128,callback,48000,0,steady,1,64,spec012-confirm-01,2,12.487482844172296,ns/engine-sample,2368,151552,3.1573333333333333,4096,1892503.0,1892.503,875.0,875.0,917.0,7916.0,0.875,0.875,0.917,7.916,1333.3333333333333,0,0.0,0.042,0.042,0.0,0.0,,,0.0,1.3125,/Users/christiankauten/Documents/Projects/Rack/plugins/Fourier/.build/spec012/confirm-01-short-hop/workload-0073-repeat-02.csv,ffd691dc811a5aa1e3dbe07c995267fd7288379a453ff8946e7281dccbe4ca97
3aeff8d50243a034,m1-pro-16gb-local,9814ace7b1298d8141376b3e659973c20c2eb5c9f32aa5cf75711401870c30c8,aligned,fftw-inverse-double,64,0,0,2368,1,37,0,128,callback,48000,0,steady,1,64,spec012-confirm-02,0,12.462039432010135,ns/engine-sample,2368,151552,3.1573333333333333,4096,1888647.0,1888.647,875.0,875.0,917.0,8042.0,0.875,0.875,0.917,8.042,1333.3333333333333,0,0.0,0.042,0.042,0.0,0.0,,,0.0,1.3125,/Users/christiankauten/Documents/Projects/Rack/plugins/Fourier/.build/spec012/confirm-02-short-hop/workload-0073-repeat-00.csv,25f00ae3c442cc3e2395ccadb1699b98f233fd12cd46ce0249bda3ba39301a33
3aeff8d50243a034,m1-pro-16gb-local,9814ace7b1298d8141376b3e659973c20c2eb5c9f32aa5cf75711401870c30c8,aligned,fftw-inverse-double,64,0,0,2368,1,37,0,128,callback,48000,0,steady,1,64,spec012-confirm-02,1,12.45361328125,ns/engine-sample,2368,151552,3.1573333333333333,4096,1887370.0,1887.37,875.0,875.0,917.0,7042.0,0.875,0.875,0.917,7.042,1333.3333333333333,0,0.0,0.042,0.042,0.0,0.0,,,0.0,1.3125,/Users/christiankauten/Documents/Projects/Rack/plugins/Fourier/.build/spec012/confirm-02-short-hop/workload-0073-repeat-01.csv,19701daa7d224d2ed80520c735c3c814d933474453fedf4be737b8e6c832130c
3aeff8d50243a034,m1-pro-16gb-local,9814ace7b1298d8141376b3e659973c20c2eb5c9f32aa5cf75711401870c30c8,aligned,fftw-inverse-double,64,0,0,2368,1,37,0,128,callback,48000,0,steady,1,64,spec012-confirm-02,2,12.667803790118244,ns/engine-sample,2368,151552,3.1573333333333333,4096,1919831.0,1919.831,875.0,917.0,959.0,2792.0,0.875,0.917,0.959,2.792,1333.3333333333333,0,0.0,0.042,0.042,0.0,0.0,,,0.0,1.3125,/Users/christiankauten/Documents/Projects/Rack/plugins/Fourier/.build/spec012/confirm-02-short-hop/workload-0073-repeat-02.csv,d780eb1fef70c8c247d32b1472721d7c5593f061edcf8e7fac24fa92bc55b284
3aeff8d50243a034,m1-pro-16gb-local,9814ace7b1298d8141376b3e659973c20c2eb5c9f32aa5cf75711401870c30c8,aligned,fftw-inverse-double,64,0,0,2368,1,37,0,128,callback,48000,0,steady,1,64,spec012-confirm-03,0,12.423227671030405,ns/engine-sample,2368,151552,3.1573333333333333,4096,1882765.0,1882.765,875.0,875.0,917.0,1417.0,0.875,0.875,0.917,1.417,1333.3333333333333,0,0.0,0.042,0.042,0.0,0.0,,,0.0,1.3125,/Users/christiankauten/Documents/Projects/Rack/plugins/Fourier/.build/spec012/confirm-03-short-hop/workload-0073-repeat-00.csv,dd34bcfd31b6178f01642f9eed0eb186522de3cc0b22b0e9bb5464d344df45cd
3aeff8d50243a034,m1-pro-16gb-local,9814ace7b1298d8141376b3e659973c20c2eb5c9f32aa5cf75711401870c30c8,aligned,fftw-inverse-double,64,0,0,2368,1,37,0,128,callback,48000,0,steady,1,64,spec012-confirm-03,1,12.418773754222974,ns/engine-sample,2368,151552,3.1573333333333333,4096,1882090.0,1882.09,875.0,875.0,917.0,1125.0,0.875,0.875,0.917,1.125,1333.3333333333333,0,0.0,0.042,0.042,0.0,0.0,,,0.0,1.3125,/Users/christiankauten/Documents/Projects/Rack/plugins/Fourier/.build/spec012/confirm-03-short-hop/workload-0073-repeat-01.csv,75a793a69a95b47bf961d0896ad127777244265d7d75815a4a40965034aace6c
3aeff8d50243a034,m1-pro-16gb-local,9814ace7b1298d8141376b3e659973c20c2eb5c9f32aa5cf75711401870c30c8,aligned,fftw-inverse-double,64,0,0,2368,1,37,0,128,callback,48000,0,steady,1,64,spec012-confirm-03,2,12.446407833614865,ns/engine-sample,2368,151552,3.1573333333333333,4096,1886278.0,1886.278,875.0,875.0,917.0,4875.0,0.875,0.875,0.917,4.875,1333.3333333333333,0,0.0,0.042,0.042,0.0,0.0,,,0.0,1.3125,/Users/christiankauten/Documents/Projects/Rack/plugins/Fourier/.build/spec012/confirm-03-short-hop/workload-0073-repeat-02.csv,a6cd34505f5a281db63c26b74e9d1f0d2d0dce4c9f9e19fdc71791702e8cf991
3aeff8d50243a034,m1-pro-16gb-local,9a58ed2e77e70523c10fed3cc41dc0f88922140c49088aef2ef969b498fb7246,aligned,pffft-scheduled-batch-float,64,0,0,2368,1,37,0,128,throughput,48000,0,steady,1,64,spec012-confirm-01,0,31.591189822635137,ns/engine-sample,1,151552,3.1573333333333333,4096,4787708.0,4787.708,4787708.0,4787708.0,4787708.0,4787708.0,4787.708,4787.708,4787.708,4787.708,,,,0.042,0.042,0.0,1.3229166666666667,,1.3229166666666667,0.0,1.3125,/Users/christiankauten/Documents/Projects/Rack/plugins/Fourier/.build/spec012/confirm-01-short-hop/workload-0029-repeat-00.csv,8c0c0d9aed7ed82926b9241d9859fa27014cf2cb7130c97397dfacf320a3ef4d
3aeff8d50243a034,m1-pro-16gb-local,9a58ed2e77e70523c10fed3cc41dc0f88922140c49088aef2ef969b498fb7246,aligned,pffft-scheduled-batch-float,64,0,0,2368,1,37,0,128,throughput,48000,0,steady,1,64,spec012-confirm-01,1,31.576343433277028,ns/engine-sample,1,151552,3.1573333333333333,4096,4785458.0,4785.458,4785458.0,4785458.0,4785458.0,4785458.0,4785.458,4785.458,4785.458,4785.458,,,,0.042,0.042,0.0,1.3229166666666667,,1.3229166666666667,0.0,1.3125,/Users/christiankauten/Documents/Projects/Rack/plugins/Fourier/.build/spec012/confirm-01-short-hop/workload-0029-repeat-01.csv,1f694f779da08210b8a59c0d756d0647bdcb055b3b726285a24d2b9b1e1619c7
3aeff8d50243a034,m1-pro-16gb-local,9a58ed2e77e70523c10fed3cc41dc0f88922140c49088aef2ef969b498fb7246,aligned,pffft-scheduled-batch-float,64,0,0,2368,1,37,0,128,throughput,48000,0,steady,1,64,spec012-confirm-01,2,31.54610298775338,ns/engine-sample,1,151552,3.1573333333333333,4096,4780875.0,4780.875,4780875.0,4780875.0,4780875.0,4780875.0,4780.875,4780.875,4780.875,4780.875,,,,0.042,0.042,0.0,1.3229166666666667,,1.3229166666666667,0.0,1.3125,/Users/christiankauten/Documents/Projects/Rack/plugins/Fourier/.build/spec012/confirm-01-short-hop/workload-0029-repeat-02.csv,b35011e6d81f3832b2c1d1cae14b56d58d2cb11865910512fdaa4cc08e73279c
3aeff8d50243a034,m1-pro-16gb-local,9a58ed2e77e70523c10fed3cc41dc0f88922140c49088aef2ef969b498fb7246,aligned,pffft-scheduled-batch-float,64,0,0,2368,1,37,0,128,throughput,48000,0,steady,1,64,spec012-confirm-02,0,31.5906421558277,ns/engine-sample,1,151552,3.1573333333333333,4096,4787625.0,4787.625,4787625.0,4787625.0,4787625.0,4787625.0,4787.625,4787.625,4787.625,4787.625,,,,0.042,0.042,0.0,1.3229166666666667,,1.3229166666666667,0.0,1.3125,/Users/christiankauten/Documents/Projects/Rack/plugins/Fourier/.build/spec012/confirm-02-short-hop/workload-0029-repeat-00.csv,86700fa6abb81241f5a5c24e9d56c7cb25647885377a7e3a079ed627a75e044f
3aeff8d50243a034,m1-pro-16gb-local,9a58ed2e77e70523c10fed3cc41dc0f88922140c49088aef2ef969b498fb7246,aligned,pffft-scheduled-batch-float,64,0,0,2368,1,37,0,128,throughput,48000,0,steady,1,64,spec012-confirm-02,1,31.540877058699323,ns/engine-sample,1,151552,3.1573333333333333,4096,4780083.0,4780.083,4780083.0,4780083.0,4780083.0,4780083.0,4780.083,4780.083,4780.083,4780.083,,,,0.042,0.084,0.0,1.3229166666666667,,1.3229166666666667,0.0,1.3125,/Users/christiankauten/Documents/Projects/Rack/plugins/Fourier/.build/spec012/confirm-02-short-hop/workload-0029-repeat-01.csv,5c2bebfa2ff3cb22ae6921818317d7da9395b18516b076f656fa9e7e1c5033c0
3aeff8d50243a034,m1-pro-16gb-local,9a58ed2e77e70523c10fed3cc41dc0f88922140c49088aef2ef969b498fb7246,aligned,pffft-scheduled-batch-float,64,0,0,2368,1,37,0,128,throughput,48000,0,steady,1,64,spec012-confirm-02,2,31.545825855152028,ns/engine-sample,1,151552,3.1573333333333333,4096,4780833.0,4780.833,4780833.0,4780833.0,4780833.0,4780833.0,4780.833,4780.833,4780.833,4780.833,,,,0.042,0.042,0.0,1.3229166666666667,,1.3229166666666667,0.0,1.3125,/Users/christiankauten/Documents/Projects/Rack/plugins/Fourier/.build/spec012/confirm-02-short-hop/workload-0029-repeat-02.csv,625235eec957e791defc34e3bd82518021ef07957ffa10afbc7fc975042b1bf0
3aeff8d50243a034,m1-pro-16gb-local,9a58ed2e77e70523c10fed3cc41dc0f88922140c49088aef2ef969b498fb7246,aligned,pffft-scheduled-batch-float,64,0,0,2368,1,37,0,128,throughput,48000,0,steady,1,64,spec012-confirm-03,0,31.59861301731419,ns/engine-sample,1,151552,3.1573333333333333,4096,4788833.0,4788.833,4788833.0,4788833.0,4788833.0,4788833.0,4788.833,4788.833,4788.833,4788.833,,,,0.042,0.042,0.0,1.3229166666666667,,1.3229166666666667,0.0,1.3125,/Users/christiankauten/Documents/Projects/Rack/plugins/Fourier/.build/spec012/confirm-03-short-hop/workload-0029-repeat-00.csv,fd08172f7bf5ddda91f5b8ad7d051841af161654ca9eeadcb8c5767c6b56424d
3aeff8d50243a034,m1-pro-16gb-local,9a58ed2e77e70523c10fed3cc41dc0f88922140c49088aef2ef969b498fb7246,aligned,pffft-scheduled-batch-float,64,0,0,2368,1,37,0,128,throughput,48000,0,steady,1,64,spec012-confirm-03,1,31.636553790118242,ns/engine-sample,1,151552,3.1573333333333333,4096,4794583.0,4794.583,4794583.0,4794583.0,4794583.0,4794583.0,4794.583,4794.583,4794.583,4794.583,,,,0.042,0.084,0.0,1.3229166666666667,,1.3229166666666667,0.0,1.3125,/Users/christiankauten/Documents/Projects/Rack/plugins/Fourier/.build/spec012/confirm-03-short-hop/workload-0029-repeat-01.csv,060de7b1c91c39caf5017e4ee5c1e07a3d3e2b76a5e0558737baefe7f2e22a1c
3aeff8d50243a034,m1-pro-16gb-local,9a58ed2e77e70523c10fed3cc41dc0f88922140c49088aef2ef969b498fb7246,aligned,pffft-scheduled-batch-float,64,0,0,2368,1,37,0,128,throughput,48000,0,steady,1,64,spec012-confirm-03,2,31.78611961570946,ns/engine-sample,1,151552,3.1573333333333333,4096,4817250.0,4817.25,4817250.0,4817250.0,4817250.0,4817250.0,4817.25,4817.25,4817.25,4817.25,,,,0.042,0.042,0.0,1.3229166666666667,,1.3229166666666667,0.0,1.3125,/Users/christiankauten/Documents/Projects/Rack/plugins/Fourier/.build/spec012/confirm-03-short-hop/workload-0029-repeat-02.csv,fbeb95e4a4cb39bde7f00f561dad6c4887b900851187e92ead31ddf094172f9f
3aeff8d50243a034,m1-pro-16gb-local,a27c6c6108f2a68af575f84806de0f41fe23e7e8efce3fcbc9840ed587a653be,aligned,inverse-stream-batch-double,64,0,0,2368,1,37,0,128,callback,48000,0,steady,1,64,spec012-confirm-01,0,47.822516364020274,ns/engine-sample,2368,151552,3.1573333333333333,4096,7247598.0,7247.598,3458.0,3542.0,3625.0,11583.0,3.458,3.542,3.625,11.583,1333.3333333333333,0,0.0,0.042,0.042,0.0,0.0,,,0.0,1.3125,/Users/christiankauten/Documents/Projects/Rack/plugins/Fourier/.build/spec012/confirm-01-short-hop/workload-0071-repeat-00.csv,57c5cb400e10ea27ccdb5807dac9c7a9ea0de73e4676ddee0f5b234ba24e1ab5
3aeff8d50243a034,m1-pro-16gb-local,a27c6c6108f2a68af575f84806de0f41fe23e7e8efce3fcbc9840ed587a653be,aligned,inverse-stream-batch-double,64,0,0,2368,1,37,0,128,callback,48000,0,steady,1,64,spec012-confirm-01,1,48.950538429054056,ns/engine-sample,2368,151552,3.1573333333333333,4096,7418552.0,7418.552,3500.0,3625.0,3708.0,28000.0,3.5,3.625,3.708,28.0,1333.3333333333333,0,0.0,0.042,0.042,0.0,0.0,,,0.0,1.3125,/Users/christiankauten/Documents/Projects/Rack/plugins/Fourier/.build/spec012/confirm-01-short-hop/workload-0071-repeat-01.csv,c00547e546fd72f365c6da6e68a4de4039c26f283f550ced0b5af7c33c4116d0
3aeff8d50243a034,m1-pro-16gb-local,a27c6c6108f2a68af575f84806de0f41fe23e7e8efce3fcbc9840ed587a653be,aligned,inverse-stream-batch-double,64,0,0,2368,1,37,0,128,callback,48000,0,steady,1,64,spec012-confirm-01,2,47.76175834037162,ns/engine-sample,2368,151552,3.1573333333333333,4096,7238390.0,7238.39,3458.0,3541.0,3542.0,12958.0,3.458,3.541,3.542,12.958,1333.3333333333333,0,0.0,0.042,0.042,0.0,0.0,,,0.0,1.3125,/Users/christiankauten/Documents/Projects/Rack/plugins/Fourier/.build/spec012/confirm-01-short-hop/workload-0071-repeat-02.csv,ae6c51d7608d97059d135b41364b18579aa6566ee4e57facbeec4c608e648aca
3aeff8d50243a034,m1-pro-16gb-local,a27c6c6108f2a68af575f84806de0f41fe23e7e8efce3fcbc9840ed587a653be,aligned,inverse-stream-batch-double,64,0,0,2368,1,37,0,128,callback,48000,0,steady,1,64,spec012-confirm-02,0,48.44767472550676,ns/engine-sample,2368,151552,3.1573333333333333,4096,7342342.0,7342.342,3500.0,3584.0,3666.0,10875.0,3.5,3.584,3.666,10.875,1333.3333333333333,0,0.0,0.042,0.084,0.0,0.0,,,0.0,1.3125,/Users/christiankauten/Documents/Projects/Rack/plugins/Fourier/.build/spec012/confirm-02-short-hop/workload-0071-repeat-00.csv,b2df781ad27e6e56f2f7488e383c8d306b9b1f0be123fa05a7b542c3554e437b
3aeff8d50243a034,m1-pro-16gb-local,a27c6c6108f2a68af575f84806de0f41fe23e7e8efce3fcbc9840ed587a653be,aligned,inverse-stream-batch-double,64,0,0,2368,1,37,0,128,callback,48000,0,steady,1,64,spec012-confirm-02,1,48.29237489442568,ns/engine-sample,2368,151552,3.1573333333333333,4096,7318806.0,7318.806,3500.0,3584.0,3667.0,9959.0,3.5,3.584,3.667,9.959,1333.3333333333333,0,0.0,0.042,0.042,0.0,0.0,,,0.0,1.3125,/Users/christiankauten/Documents/Projects/Rack/plugins/Fourier/.build/spec012/confirm-02-short-hop/workload-0071-repeat-01.csv,f1f991f16af8e38542aeff2e2dbbc89ccdf72980109547cdd4731148c9bf0aa3
3aeff8d50243a034,m1-pro-16gb-local,a27c6c6108f2a68af575f84806de0f41fe23e7e8efce3fcbc9840ed587a653be,aligned,inverse-stream-batch-double,64,0,0,2368,1,37,0,128,callback,48000,0,steady,1,64,spec012-confirm-02,2,48.56725744298986,ns/engine-sample,2368,151552,3.1573333333333333,4096,7360465.0,7360.465,3500.0,3584.0,3667.0,11750.0,3.5,3.584,3.667,11.75,1333.3333333333333,0,0.0,0.042,0.042,0.0,0.0,,,0.0,1.3125,/Users/christiankauten/Documents/Projects/Rack/plugins/Fourier/.build/spec012/confirm-02-short-hop/workload-0071-repeat-02.csv,6199918e82fa7a4a0744348ac48d7c86aead81fe9f85bd0d79977e6f37599d08
3aeff8d50243a034,m1-pro-16gb-local,a27c6c6108f2a68af575f84806de0f41fe23e7e8efce3fcbc9840ed587a653be,aligned,inverse-stream-batch-double,64,0,0,2368,1,37,0,128,callback,48000,0,steady,1,64,spec012-confirm-03,0,47.83024308488176,ns/engine-sample,2368,151552,3.1573333333333333,4096,7248769.0,7248.769,3458.0,3542.0,3583.0,5666.0,3.458,3.542,3.583,5.666,1333.3333333333333,0,0.0,0.042,0.042,0.0,0.0,,,0.0,1.3125,/Users/christiankauten/Documents/Projects/Rack/plugins/Fourier/.build/spec012/confirm-03-short-hop/workload-0071-repeat-00.csv,2eafbf4fb425acf9da17c71cc2d4ba95afc726f2153ded550de5eeae9de209cc
3aeff8d50243a034,m1-pro-16gb-local,a27c6c6108f2a68af575f84806de0f41fe23e7e8efce3fcbc9840ed587a653be,aligned,inverse-stream-batch-double,64,0,0,2368,1,37,0,128,callback,48000,0,steady,1,64,spec012-confirm-03,1,48.3316551414696,ns/engine-sample,2368,151552,3.1573333333333333,4096,7324759.0,7324.759,3500.0,3584.0,3667.0,12292.0,3.5,3.584,3.667,12.292,1333.3333333333333,0,0.0,0.042,0.042,0.0,0.0,,,0.0,1.3125,/Users/christiankauten/Documents/Projects/Rack/plugins/Fourier/.build/spec012/confirm-03-short-hop/workload-0071-repeat-01.csv,46c2501d703c628fd25b0e323625b84a3f2dfe1d8b41de6eb64e35b010a6872b
3aeff8d50243a034,m1-pro-16gb-local,a27c6c6108f2a68af575f84806de0f41fe23e7e8efce3fcbc9840ed587a653be,aligned,inverse-stream-batch-double,64,0,0,2368,1,37,0,128,callback,48000,0,steady,1,64,spec012-confirm-03,2,48.69761533994932,ns/engine-sample,2368,151552,3.1573333333333333,4096,7380221.0,7380.221,3500.0,3625.0,3791.0,7666.0,3.5,3.625,3.791,7.666,1333.3333333333333,0,0.0,0.042,0.042,0.0,0.0,,,0.0,1.3125,/Users/christiankauten/Documents/Projects/Rack/plugins/Fourier/.build/spec012/confirm-03-short-hop/workload-0071-repeat-02.csv,8bedd89f0ebf066585548d31457e833e03db76786702d326776d2f0f2735beed
3aeff8d50243a034,m1-pro-16gb-local,a2d3c888fc1ca5d228eb0f9f0cd984929eb1fbd58526963e173060467f2d4545,aligned,vdsp-analysis4-float,64,0,0,2368,1,37,0,128,throughput,48000,1,steady,1,64,spec012-confirm-01,0,50.142300992398646,ns/engine-sample,1,151552,3.1573333333333333,4096,7599166.0,7599.166,7599166.0,7599166.0,7599166.0,7599166.0,7599.166,7599.166,7599.166,7599.166,,,,0.042,0.042,0.0,1.3229166666666667,,1.3229166666666667,0.0,1.3125,/Users/christiankauten/Documents/Projects/Rack/plugins/Fourier/.build/spec012/confirm-01-short-hop/workload-0065-repeat-00.csv,2b6d0c8450662107c121612b8253d23556acd19bb6b539e7dff979c8335ac342
3aeff8d50243a034,m1-pro-16gb-local,a2d3c888fc1ca5d228eb0f9f0cd984929eb1fbd58526963e173060467f2d4545,aligned,vdsp-analysis4-float,64,0,0,2368,1,37,0,128,throughput,48000,1,steady,1,64,spec012-confirm-01,1,49.876445048564186,ns/engine-sample,1,151552,3.1573333333333333,4096,7558875.0,7558.875,7558875.0,7558875.0,7558875.0,7558875.0,7558.875,7558.875,7558.875,7558.875,,,,0.042,0.042,0.0,1.3229166666666667,,1.3229166666666667,0.0,1.3125,/Users/christiankauten/Documents/Projects/Rack/plugins/Fourier/.build/spec012/confirm-01-short-hop/workload-0065-repeat-01.csv,2e1ad136c6fe5f4bb57af28db4feff701cc3c365ebd76b651900828ede086cb8
3aeff8d50243a034,m1-pro-16gb-local,a2d3c888fc1ca5d228eb0f9f0cd984929eb1fbd58526963e173060467f2d4545,aligned,vdsp-analysis4-float,64,0,0,2368,1,37,0,128,throughput,48000,1,steady,1,64,spec012-confirm-01,2,49.898985166807435,ns/engine-sample,1,151552,3.1573333333333333,4096,7562291.0,7562.291,7562291.0,7562291.0,7562291.0,7562291.0,7562.291,7562.291,7562.291,7562.291,,,,0.042,0.083,0.0,1.3229166666666667,,1.3229166666666667,0.0,1.3125,/Users/christiankauten/Documents/Projects/Rack/plugins/Fourier/.build/spec012/confirm-01-short-hop/workload-0065-repeat-02.csv,1ebe54fbbada4f6ce8ce76c19da17bcbd198b3bbacc35079fe5c117a7fda5990
3aeff8d50243a034,m1-pro-16gb-local,a2d3c888fc1ca5d228eb0f9f0cd984929eb1fbd58526963e173060467f2d4545,aligned,vdsp-analysis4-float,64,0,0,2368,1,37,0,128,throughput,48000,1,steady,1,64,spec012-confirm-02,0,49.81870908994932,ns/engine-sample,1,151552,3.1573333333333333,4096,7550125.0,7550.125,7550125.0,7550125.0,7550125.0,7550125.0,7550.125,7550.125,7550.125,7550.125,,,,0.042,0.042,0.0,1.3229166666666667,,1.3229166666666667,0.0,1.3125,/Users/christiankauten/Documents/Projects/Rack/plugins/Fourier/.build/spec012/confirm-02-short-hop/workload-0065-repeat-00.csv,9b06c577815b518e722bace0f265ae8d60741220ca9c713907a542a9bd33439b
3aeff8d50243a034,m1-pro-16gb-local,a2d3c888fc1ca5d228eb0f9f0cd984929eb1fbd58526963e173060467f2d4545,aligned,vdsp-analysis4-float,64,0,0,2368,1,37,0,128,throughput,48000,1,steady,1,64,spec012-confirm-02,1,50.09254249366554,ns/engine-sample,1,151552,3.1573333333333333,4096,7591625.0,7591.625,7591625.0,7591625.0,7591625.0,7591625.0,7591.625,7591.625,7591.625,7591.625,,,,0.042,0.042,0.0,1.3229166666666667,,1.3229166666666667,0.0,1.3125,/Users/christiankauten/Documents/Projects/Rack/plugins/Fourier/.build/spec012/confirm-02-short-hop/workload-0065-repeat-01.csv,c4f5953fc4316d0e5cf0d4e984b5579ec3e185cc611dcac4024cfa7d6640e318
3aeff8d50243a034,m1-pro-16gb-local,a2d3c888fc1ca5d228eb0f9f0cd984929eb1fbd58526963e173060467f2d4545,aligned,vdsp-analysis4-float,64,0,0,2368,1,37,0,128,throughput,48000,1,steady,1,64,spec012-confirm-02,2,50.013909417229726,ns/engine-sample,1,151552,3.1573333333333333,4096,7579708.0,7579.708,7579708.0,7579708.0,7579708.0,7579708.0,7579.708,7579.708,7579.708,7579.708,,,,0.042,0.042,0.0,1.3229166666666667,,1.3229166666666667,0.0,1.3125,/Users/christiankauten/Documents/Projects/Rack/plugins/Fourier/.build/spec012/confirm-02-short-hop/workload-0065-repeat-02.csv,f63919e552d913841ba4145a0fba1f49da78e81857b8a9a6462da02da33749f0
3aeff8d50243a034,m1-pro-16gb-local,a2d3c888fc1ca5d228eb0f9f0cd984929eb1fbd58526963e173060467f2d4545,aligned,vdsp-analysis4-float,64,0,0,2368,1,37,0,128,throughput,48000,1,steady,1,64,spec012-confirm-03,0,50.212138407939186,ns/engine-sample,1,151552,3.1573333333333333,4096,7609750.0,7609.75,7609750.0,7609750.0,7609750.0,7609750.0,7609.75,7609.75,7609.75,7609.75,,,,0.042,0.083,0.0,1.3229166666666667,,1.3229166666666667,0.0,1.3125,/Users/christiankauten/Documents/Projects/Rack/plugins/Fourier/.build/spec012/confirm-03-short-hop/workload-0065-repeat-00.csv,35aa44c9f6f010991dccba1f9a3d696bdfb3d682b16b57f845269fc1d283ce69
3aeff8d50243a034,m1-pro-16gb-local,a2d3c888fc1ca5d228eb0f9f0cd984929eb1fbd58526963e173060467f2d4545,aligned,vdsp-analysis4-float,64,0,0,2368,1,37,0,128,throughput,48000,1,steady,1,64,spec012-confirm-03,1,49.90751029349662,ns/engine-sample,1,151552,3.1573333333333333,4096,7563583.0,7563.583,7563583.0,7563583.0,7563583.0,7563583.0,7563.583,7563.583,7563.583,7563.583,,,,0.042,0.042,0.0,1.3229166666666667,,1.3229166666666667,0.0,1.3125,/Users/christiankauten/Documents/Projects/Rack/plugins/Fourier/.build/spec012/confirm-03-short-hop/workload-0065-repeat-01.csv,4ae3b1dbd2cc588e0bfa7cda02a615ccfd72cdd074b71e245f575a9399abfe04
3aeff8d50243a034,m1-pro-16gb-local,a2d3c888fc1ca5d228eb0f9f0cd984929eb1fbd58526963e173060467f2d4545,aligned,vdsp-analysis4-float,64,0,0,2368,1,37,0,128,throughput,48000,1,steady,1,64,spec012-confirm-03,2,50.37654402449324,ns/engine-sample,1,151552,3.1573333333333333,4096,7634666.0,7634.666,7634666.0,7634666.0,7634666.0,7634666.0,7634.666,7634.666,7634.666,7634.666,,,,0.042,0.042,0.0,1.3229166666666667,,1.3229166666666667,0.0,1.3125,/Users/christiankauten/Documents/Projects/Rack/plugins/Fourier/.build/spec012/confirm-03-short-hop/workload-0065-repeat-02.csv,9dc231190c075729ba514e7dbd472e96493c4e969a9db87c1fce3f1d1a765cfa
3aeff8d50243a034,m1-pro-16gb-local,a92f70322438da018a6b50fae37c3c8f8d8fcbc6c863fbe96b5ec23e89e97f33,aligned,fftw-ols-fir-float,64,0,0,2368,1,37,0,128,throughput,48000,0,steady,1,64,spec012-confirm-01,0,21.485199799408782,ns/engine-sample,1,151552,3.1573333333333333,4096,3256125.0,3256.125,3256125.0,3256125.0,3256125.0,3256125.0,3256.125,3256.125,3256.125,3256.125,,,,0.042,0.042,0.0,0.375,0.75,,0.0,1.3125,/Users/christiankauten/Documents/Projects/Rack/plugins/Fourier/.build/spec012/confirm-01-short-hop/workload-0044-repeat-00.csv,c129d02c4bc508942c329c6b33b7e6144c0723441c7a6589417c07abadf33708
3aeff8d50243a034,m1-pro-16gb-local,a92f70322438da018a6b50fae37c3c8f8d8fcbc6c863fbe96b5ec23e89e97f33,aligned,fftw-ols-fir-float,64,0,0,2368,1,37,0,128,throughput,48000,0,steady,1,64,spec012-confirm-01,1,21.998779296875,ns/engine-sample,1,151552,3.1573333333333333,4096,3333959.0,3333.959,3333959.0,3333959.0,3333959.0,3333959.0,3333.959,3333.959,3333.959,3333.959,,,,0.042,0.042,0.0,0.375,0.75,,0.0,1.3125,/Users/christiankauten/Documents/Projects/Rack/plugins/Fourier/.build/spec012/confirm-01-short-hop/workload-0044-repeat-01.csv,b370bcec8109f5e4676bd72df04c5b9c312efdd9b51f82cbe97ef1372f5071ee
3aeff8d50243a034,m1-pro-16gb-local,a92f70322438da018a6b50fae37c3c8f8d8fcbc6c863fbe96b5ec23e89e97f33,aligned,fftw-ols-fir-float,64,0,0,2368,1,37,0,128,throughput,48000,0,steady,1,64,spec012-confirm-01,2,21.372479413006758,ns/engine-sample,1,151552,3.1573333333333333,4096,3239042.0,3239.042,3239042.0,3239042.0,3239042.0,3239042.0,3239.042,3239.042,3239.042,3239.042,,,,0.042,0.042,0.0,0.375,0.75,,0.0,1.3125,/Users/christiankauten/Documents/Projects/Rack/plugins/Fourier/.build/spec012/confirm-01-short-hop/workload-0044-repeat-02.csv,022fde473fb1d88b0eb9d4c9d1deaaa1931de932bd8e5dfe167dc2463db100be
3aeff8d50243a034,m1-pro-16gb-local,a92f70322438da018a6b50fae37c3c8f8d8fcbc6c863fbe96b5ec23e89e97f33,aligned,fftw-ols-fir-float,64,0,0,2368,1,37,0,128,throughput,48000,0,steady,1,64,spec012-confirm-02,0,21.417566247888512,ns/engine-sample,1,151552,3.1573333333333333,4096,3245875.0,3245.875,3245875.0,3245875.0,3245875.0,3245875.0,3245.875,3245.875,3245.875,3245.875,,,,0.042,0.042,0.0,0.375,0.75,,0.0,1.3125,/Users/christiankauten/Documents/Projects/Rack/plugins/Fourier/.build/spec012/confirm-02-short-hop/workload-0044-repeat-00.csv,29dd88ce07d26917d9d173ea88581649f1559383eff0f66e0f7b8f568b59b4c2
3aeff8d50243a034,m1-pro-16gb-local,a92f70322438da018a6b50fae37c3c8f8d8fcbc6c863fbe96b5ec23e89e97f33,aligned,fftw-ols-fir-float,64,0,0,2368,1,37,0,128,throughput,48000,0,steady,1,64,spec012-confirm-02,1,21.59819731841216,ns/engine-sample,1,151552,3.1573333333333333,4096,3273250.0,3273.25,3273250.0,3273250.0,3273250.0,3273250.0,3273.25,3273.25,3273.25,3273.25,,,,0.042,0.083,0.0,0.375,0.75,,0.0,1.3125,/Users/christiankauten/Documents/Projects/Rack/plugins/Fourier/.build/spec012/confirm-02-short-hop/workload-0044-repeat-01.csv,77053cd3ab08c05be3f80909dbc268320ea31024ace31ef721047fd508730961
3aeff8d50243a034,m1-pro-16gb-local,a92f70322438da018a6b50fae37c3c8f8d8fcbc6c863fbe96b5ec23e89e97f33,aligned,fftw-ols-fir-float,64,0,0,2368,1,37,0,128,throughput,48000,0,steady,1,64,spec012-confirm-02,2,21.38429713893581,ns/engine-sample,1,151552,3.1573333333333333,4096,3240833.0,3240.833,3240833.0,3240833.0,3240833.0,3240833.0,3240.833,3240.833,3240.833,3240.833,,,,0.042,0.042,0.0,0.375,0.75,,0.0,1.3125,/Users/christiankauten/Documents/Projects/Rack/plugins/Fourier/.build/spec012/confirm-02-short-hop/workload-0044-repeat-02.csv,4d1fba7f999709f0dbbc95679592c279ca10fed631ba7e0ad8712c0d38e6731f
3aeff8d50243a034,m1-pro-16gb-local,a92f70322438da018a6b50fae37c3c8f8d8fcbc6c863fbe96b5ec23e89e97f33,aligned,fftw-ols-fir-float,64,0,0,2368,1,37,0,128,throughput,48000,0,steady,1,64,spec012-confirm-03,0,22.12332400760135,ns/engine-sample,1,151552,3.1573333333333333,4096,3352834.0,3352.834,3352834.0,3352834.0,3352834.0,3352834.0,3352.834,3352.834,3352.834,3352.834,,,,0.042,0.042,0.0,0.375,0.75,,0.0,1.3125,/Users/christiankauten/Documents/Projects/Rack/plugins/Fourier/.build/spec012/confirm-03-short-hop/workload-0044-repeat-00.csv,634f2c5a58200ade43eb2a18ff1acc386a2e86d6afa2379a90fad3c1b01acf90
3aeff8d50243a034,m1-pro-16gb-local,a92f70322438da018a6b50fae37c3c8f8d8fcbc6c863fbe96b5ec23e89e97f33,aligned,fftw-ols-fir-float,64,0,0,2368,1,37,0,128,throughput,48000,0,steady,1,64,spec012-confirm-03,1,22.089223500844593,ns/engine-sample,1,151552,3.1573333333333333,4096,3347666.0,3347.666,3347666.0,3347666.0,3347666.0,3347666.0,3347.666,3347.666,3347.666,3347.666,,,,0.042,0.084,0.0,0.375,0.75,,0.0,1.3125,/Users/christiankauten/Documents/Projects/Rack/plugins/Fourier/.build/spec012/confirm-03-short-hop/workload-0044-repeat-01.csv,b940341ab95c0f20e625ab5f8349174b661e1e8cc4889537d732911f379f6b9f
3aeff8d50243a034,m1-pro-16gb-local,a92f70322438da018a6b50fae37c3c8f8d8fcbc6c863fbe96b5ec23e89e97f33,aligned,fftw-ols-fir-float,64,0,0,2368,1,37,0,128,throughput,48000,0,steady,1,64,spec012-confirm-03,2,21.47172587626689,ns/engine-sample,1,151552,3.1573333333333333,4096,3254083.0,3254.083,3254083.0,3254083.0,3254083.0,3254083.0,3254.083,3254.083,3254.083,3254.083,,,,0.042,0.042,0.0,0.375,0.75,,0.0,1.3125,/Users/christiankauten/Documents/Projects/Rack/plugins/Fourier/.build/spec012/confirm-03-short-hop/workload-0044-repeat-02.csv,802902702e78b7c46b7c0798a6c2dbd8388431a0c3e3f005232c598115ce54d7
3aeff8d50243a034,m1-pro-16gb-local,abc35f87d130ded079250725a0ef8ccdbc407315b39bce3ce7d7611148f859a3,aligned,legacy-incremental-double,64,0,0,2368,1,37,0,128,callback,48000,0,steady,1,64,spec012-confirm-01,0,29.1683910472973,ns/engine-sample,2368,151552,3.1573333333333333,4096,4420528.0,4420.528,1917.0,1959.0,2042.0,5500.0,1.917,1.959,2.042,5.5,1333.3333333333333,0,0.0,0.042,0.042,0.6458333333333334,1.3229166666666667,,1.96875,0.6458333333333334,1.9583333333333333,/Users/christiankauten/Documents/Projects/Rack/plugins/Fourier/.build/spec012/confirm-01-short-hop/workload-0068-repeat-00.csv,27497767879d02b4501423a5680e3f1609fd295b493859e80080813cf37afeb3
3aeff8d50243a034,m1-pro-16gb-local,abc35f87d130ded079250725a0ef8ccdbc407315b39bce3ce7d7611148f859a3,aligned,legacy-incremental-double,64,0,0,2368,1,37,0,128,callback,48000,0,steady,1,64,spec012-confirm-01,1,29.26458905194257,ns/engine-sample,2368,151552,3.1573333333333333,4096,4435107.0,4435.107,1917.0,2000.0,2000.0,9541.0,1.917,2.0,2.0,9.541,1333.3333333333333,0,0.0,0.042,0.042,0.6458333333333334,1.3229166666666667,,1.96875,0.6458333333333334,1.9583333333333333,/Users/christiankauten/Documents/Projects/Rack/plugins/Fourier/.build/spec012/confirm-01-short-hop/workload-0068-repeat-01.csv,65e279eaf6269d871c7365880be4dc514abeb6cc33599ba8d27247ae325821ae
3aeff8d50243a034,m1-pro-16gb-local,abc35f87d130ded079250725a0ef8ccdbc407315b39bce3ce7d7611148f859a3,aligned,legacy-incremental-double,64,0,0,2368,1,37,0,128,callback,48000,0,steady,1,64,spec012-confirm-01,2,29.67703494510135,ns/engine-sample,2368,151552,3.1573333333333333,4096,4497614.0,4497.614,1958.0,2000.0,2042.0,23417.0,1.958,2.0,2.042,23.417,1333.3333333333333,0,0.0,0.042,0.042,0.6458333333333334,1.3229166666666667,,1.96875,0.6458333333333334,1.9583333333333333,/Users/christiankauten/Documents/Projects/Rack/plugins/Fourier/.build/spec012/confirm-01-short-hop/workload-0068-repeat-02.csv,f54ca4015f9c21d6fe93832add4254645f53b317f7b0ab44122cff387feff482
3aeff8d50243a034,m1-pro-16gb-local,abc35f87d130ded079250725a0ef8ccdbc407315b39bce3ce7d7611148f859a3,aligned,legacy-incremental-double,64,0,0,2368,1,37,0,128,callback,48000,0,steady,1,64,spec012-confirm-02,0,29.920284786739863,ns/engine-sample,2368,151552,3.1573333333333333,4096,4534479.0,4534.479,1958.0,2042.0,2125.0,12375.0,1.958,2.042,2.125,12.375,1333.3333333333333,0,0.0,0.042,0.042,0.6458333333333334,1.3229166666666667,,1.96875,0.6458333333333334,1.9583333333333333,/Users/christiankauten/Documents/Projects/Rack/plugins/Fourier/.build/spec012/confirm-02-short-hop/workload-0068-repeat-00.csv,4ea610fcf44e1bd2b8b900a8d7ec8c289bfe994cda5ea38c9b917e2063c9eaa3
3aeff8d50243a034,m1-pro-16gb-local,abc35f87d130ded079250725a0ef8ccdbc407315b39bce3ce7d7611148f859a3,aligned,legacy-incremental-double,64,0,0,2368,1,37,0,128,callback,48000,0,steady,1,64,spec012-confirm-02,1,29.52193966427365,ns/engine-sample,2368,151552,3.1573333333333333,4096,4474109.0,4474.109,1958.0,2000.0,2042.0,11208.0,1.958,2.0,2.042,11.208,1333.3333333333333,0,0.0,0.042,0.042,0.6458333333333334,1.3229166666666667,,1.96875,0.6458333333333334,1.9583333333333333,/Users/christiankauten/Documents/Projects/Rack/plugins/Fourier/.build/spec012/confirm-02-short-hop/workload-0068-repeat-01.csv,94efa22e19c66601862188df9f188dc7b939bf4598a218c91241f1647b324efb
3aeff8d50243a034,m1-pro-16gb-local,abc35f87d130ded079250725a0ef8ccdbc407315b39bce3ce7d7611148f859a3,aligned,legacy-incremental-double,64,0,0,2368,1,37,0,128,callback,48000,0,steady,1,64,spec012-confirm-02,2,29.098045555320947,ns/engine-sample,2368,151552,3.1573333333333333,4096,4409867.0,4409.867,1916.0,1959.0,2000.0,6875.0,1.916,1.959,2.0,6.875,1333.3333333333333,0,0.0,0.042,0.042,0.6458333333333334,1.3229166666666667,,1.96875,0.6458333333333334,1.9583333333333333,/Users/christiankauten/Documents/Projects/Rack/plugins/Fourier/.build/spec012/confirm-02-short-hop/workload-0068-repeat-02.csv,31bf527b0d0edbf2f6720a37d3f86e642665fa724bdd8ef616ef29c5012a26a7
3aeff8d50243a034,m1-pro-16gb-local,abc35f87d130ded079250725a0ef8ccdbc407315b39bce3ce7d7611148f859a3,aligned,legacy-incremental-double,64,0,0,2368,1,37,0,128,callback,48000,0,steady,1,64,spec012-confirm-03,0,29.512833878800677,ns/engine-sample,2368,151552,3.1573333333333333,4096,4472729.0,4472.729,1958.0,2000.0,2041.0,8416.0,1.958,2.0,2.041,8.416,1333.3333333333333,0,0.0,0.042,0.042,0.6458333333333334,1.3229166666666667,,1.96875,0.6458333333333334,1.9583333333333333,/Users/christiankauten/Documents/Projects/Rack/plugins/Fourier/.build/spec012/confirm-03-short-hop/workload-0068-repeat-00.csv,79c4d8658943ec03a48d1fd0e9876d5577601f006f368cd00af2a38770f4151d
3aeff8d50243a034,m1-pro-16gb-local,abc35f87d130ded079250725a0ef8ccdbc407315b39bce3ce7d7611148f859a3,aligned,legacy-incremental-double,64,0,0,2368,1,37,0,128,callback,48000,0,steady,1,64,spec012-confirm-03,1,30.07085356841216,ns/engine-sample,2368,151552,3.1573333333333333,4096,4557298.0,4557.298,2000.0,2042.0,2042.0,2625.0,2.0,2.042,2.042,2.625,1333.3333333333333,0,0.0,0.042,0.042,0.6458333333333334,1.3229166666666667,,1.96875,0.6458333333333334,1.9583333333333333,/Users/christiankauten/Documents/Projects/Rack/plugins/Fourier/.build/spec012/confirm-03-short-hop/workload-0068-repeat-01.csv,bfe53c0dd3d46b99e73a9fff25ea4cd955f6948feafad9db70857f81dc9df303
3aeff8d50243a034,m1-pro-16gb-local,abc35f87d130ded079250725a0ef8ccdbc407315b39bce3ce7d7611148f859a3,aligned,legacy-incremental-double,64,0,0,2368,1,37,0,128,callback,48000,0,steady,1,64,spec012-confirm-03,2,155.04386613175674,ns/engine-sample,2368,151552,3.1573333333333333,4096,23497208.0,23497.208,9875.0,10416.0,10750.0,27500.0,9.875,10.416,10.75,27.5,1333.3333333333333,0,0.0,0.042,0.125,0.6458333333333334,1.3229166666666667,,1.96875,0.6458333333333334,1.9583333333333333,/Users/christiankauten/Documents/Projects/Rack/plugins/Fourier/.build/spec012/confirm-03-short-hop/workload-0068-repeat-02.csv,c68deef08ee1e27698b70dc539562b6a51d2cb142d2c145b8505be7980e9f397
3aeff8d50243a034,m1-pro-16gb-local,add8ae46a4e15c63561c1b3651379b7e99b4c8b7470b37c04dc7f931df3bb0f6,aligned,fftw-analysis-double,64,0,0,2368,1,37,0,128,callback,48000,1,steady,1,64,spec012-confirm-01,0,16.349780933277028,ns/engine-sample,2368,151552,3.1573333333333333,4096,2477842.0,2477.842,1125.0,1167.0,1208.0,9000.0,1.125,1.167,1.208,9.0,1333.3333333333333,0,0.0,0.042,0.083,0.0,1.3229166666666667,,1.3229166666666667,0.0,1.3125,/Users/christiankauten/Documents/Projects/Rack/plugins/Fourier/.build/spec012/confirm-01-short-hop/workload-0086-repeat-00.csv,a81bee0626ece82512a7b17f9918df191c6e271b73813a5a0c046b0ab3d79e29
3aeff8d50243a034,m1-pro-16gb-local,add8ae46a4e15c63561c1b3651379b7e99b4c8b7470b37c04dc7f931df3bb0f6,aligned,fftw-analysis-double,64,0,0,2368,1,37,0,128,callback,48000,1,steady,1,64,spec012-confirm-01,1,16.388988597972972,ns/engine-sample,2368,151552,3.1573333333333333,4096,2483784.0,2483.784,1166.0,1167.0,1250.0,1583.0,1.166,1.167,1.25,1.583,1333.3333333333333,0,0.0,0.042,0.042,0.0,1.3229166666666667,,1.3229166666666667,0.0,1.3125,/Users/christiankauten/Documents/Projects/Rack/plugins/Fourier/.build/spec012/confirm-01-short-hop/workload-0086-repeat-01.csv,73154533db04ac14c939daedda02876c9647fdfd7a29788464315037896e1527
3aeff8d50243a034,m1-pro-16gb-local,add8ae46a4e15c63561c1b3651379b7e99b4c8b7470b37c04dc7f931df3bb0f6,aligned,fftw-analysis-double,64,0,0,2368,1,37,0,128,callback,48000,1,steady,1,64,spec012-confirm-01,2,16.364581133868242,ns/engine-sample,2368,151552,3.1573333333333333,4096,2480085.0,2480.085,1125.0,1167.0,1167.0,11084.0,1.125,1.167,1.167,11.084,1333.3333333333333,0,0.0,0.042,0.042,0.0,1.3229166666666667,,1.3229166666666667,0.0,1.3125,/Users/christiankauten/Documents/Projects/Rack/plugins/Fourier/.build/spec012/confirm-01-short-hop/workload-0086-repeat-02.csv,6f90f91a74a5c3e58d5fc92344d99b2dbfb7d290c6138363b436822869935fd8
3aeff8d50243a034,m1-pro-16gb-local,add8ae46a4e15c63561c1b3651379b7e99b4c8b7470b37c04dc7f931df3bb0f6,aligned,fftw-analysis-double,64,0,0,2368,1,37,0,128,callback,48000,1,steady,1,64,spec012-confirm-02,0,16.317534575591218,ns/engine-sample,2368,151552,3.1573333333333333,4096,2472955.0,2472.955,1125.0,1167.0,1291.0,1334.0,1.125,1.167,1.291,1.334,1333.3333333333333,0,0.0,0.042,0.083,0.0,1.3229166666666667,,1.3229166666666667,0.0,1.3125,/Users/christiankauten/Documents/Projects/Rack/plugins/Fourier/.build/spec012/confirm-02-short-hop/workload-0086-repeat-00.csv,a8d5207292e83ddaaba23d7a587fb25ec06d2fd9afb55224992ca9250eba44a8
3aeff8d50243a034,m1-pro-16gb-local,add8ae46a4e15c63561c1b3651379b7e99b4c8b7470b37c04dc7f931df3bb0f6,aligned,fftw-analysis-double,64,0,0,2368,1,37,0,128,callback,48000,1,steady,1,64,spec012-confirm-02,1,16.370189769847972,ns/engine-sample,2368,151552,3.1573333333333333,4096,2480935.0,2480.935,1166.0,1167.0,1167.0,1584.0,1.166,1.167,1.167,1.584,1333.3333333333333,0,0.0,0.042,0.042,0.0,1.3229166666666667,,1.3229166666666667,0.0,1.3125,/Users/christiankauten/Documents/Projects/Rack/plugins/Fourier/.build/spec012/confirm-02-short-hop/workload-0086-repeat-01.csv,52ad0090e46a16414b67d19b5d328633d3677267b92a3082a45581828fd95385
3aeff8d50243a034,m1-pro-16gb-local,add8ae46a4e15c63561c1b3651379b7e99b4c8b7470b37c04dc7f931df3bb0f6,aligned,fftw-analysis-double,64,0,0,2368,1,37,0,128,callback,48000,1,steady,1,64,spec012-confirm-02,2,16.309253589527028,ns/engine-sample,2368,151552,3.1573333333333333,4096,2471700.0,2471.7,1125.0,1167.0,1167.0,8459.0,1.125,1.167,1.167,8.459,1333.3333333333333,0,0.0,0.042,0.042,0.0,1.3229166666666667,,1.3229166666666667,0.0,1.3125,/Users/christiankauten/Documents/Projects/Rack/plugins/Fourier/.build/spec012/confirm-02-short-hop/workload-0086-repeat-02.csv,d35a2c52b8dd1cc3ff9e53b72dbc706c4d00d8ff50d4befab0cc3b8c81f6c8d0
3aeff8d50243a034,m1-pro-16gb-local,add8ae46a4e15c63561c1b3651379b7e99b4c8b7470b37c04dc7f931df3bb0f6,aligned,fftw-analysis-double,64,0,0,2368,1,37,0,128,callback,48000,1,steady,1,64,spec012-confirm-03,0,16.297488650760137,ns/engine-sample,2368,151552,3.1573333333333333,4096,2469917.0,2469.917,1125.0,1167.0,1167.0,1583.0,1.125,1.167,1.167,1.583,1333.3333333333333,0,0.0,0.042,0.042,0.0,1.3229166666666667,,1.3229166666666667,0.0,1.3125,/Users/christiankauten/Documents/Projects/Rack/plugins/Fourier/.build/spec012/confirm-03-short-hop/workload-0086-repeat-00.csv,808349d86bcdfaa771908c5a2697364e12b8f535c36cc3555db001e562eba4f8
3aeff8d50243a034,m1-pro-16gb-local,add8ae46a4e15c63561c1b3651379b7e99b4c8b7470b37c04dc7f931df3bb0f6,aligned,fftw-analysis-double,64,0,0,2368,1,37,0,128,callback,48000,1,steady,1,64,spec012-confirm-03,1,16.306739600929053,ns/engine-sample,2368,151552,3.1573333333333333,4096,2471319.0,2471.319,1125.0,1167.0,1208.0,1292.0,1.125,1.167,1.208,1.292,1333.3333333333333,0,0.0,0.042,0.083,0.0,1.3229166666666667,,1.3229166666666667,0.0,1.3125,/Users/christiankauten/Documents/Projects/Rack/plugins/Fourier/.build/spec012/confirm-03-short-hop/workload-0086-repeat-01.csv,89e397f1bb70ea739acc08b57504b6c73e31f446258b436d48ddb161fb0cb89c
3aeff8d50243a034,m1-pro-16gb-local,add8ae46a4e15c63561c1b3651379b7e99b4c8b7470b37c04dc7f931df3bb0f6,aligned,fftw-analysis-double,64,0,0,2368,1,37,0,128,callback,48000,1,steady,1,64,spec012-confirm-03,2,16.65239653716216,ns/engine-sample,2368,151552,3.1573333333333333,4096,2523704.0,2523.704,1166.0,1250.0,1250.0,9167.0,1.166,1.25,1.25,9.167,1333.3333333333333,0,0.0,0.042,0.125,0.0,1.3229166666666667,,1.3229166666666667,0.0,1.3125,/Users/christiankauten/Documents/Projects/Rack/plugins/Fourier/.build/spec012/confirm-03-short-hop/workload-0086-repeat-02.csv,852fac35f7e9a294ddf3b1ea37a955be8cdfd97764d735ce455c8a6276926db3
3aeff8d50243a034,m1-pro-16gb-local,ae066dc9bed6c6760cd7ce7377936843f6cdda73bc5de6269a42fa73cc4bba3f,aligned,fftw-ols-fir-float,64,0,0,2368,1,37,0,128,callback,48000,0,steady,1,64,spec012-confirm-01,0,21.44606471706081,ns/engine-sample,2368,151552,3.1573333333333333,4096,3250194.0,3250.194,1541.0,1542.0,1583.0,1708.0,1.541,1.542,1.583,1.708,1333.3333333333333,0,0.0,0.042,0.042,0.0,0.375,0.75,,0.0,1.3125,/Users/christiankauten/Documents/Projects/Rack/plugins/Fourier/.build/spec012/confirm-01-short-hop/workload-0021-repeat-00.csv,ac5657f9c61099efcdb2180d866f6b44fc87820f57150b794a628963d8ed0cf7
3aeff8d50243a034,m1-pro-16gb-local,ae066dc9bed6c6760cd7ce7377936843f6cdda73bc5de6269a42fa73cc4bba3f,aligned,fftw-ols-fir-float,64,0,0,2368,1,37,0,128,callback,48000,0,steady,1,64,spec012-confirm-01,1,21.760102143158782,ns/engine-sample,2368,151552,3.1573333333333333,4096,3297787.0,3297.787,1541.0,1584.0,1708.0,9625.0,1.541,1.584,1.708,9.625,1333.3333333333333,0,0.0,0.042,0.042,0.0,0.375,0.75,,0.0,1.3125,/Users/christiankauten/Documents/Projects/Rack/plugins/Fourier/.build/spec012/confirm-01-short-hop/workload-0021-repeat-01.csv,468200ad5bd4ac24116bdcaa3389fb701569324b03c4705142ef150d2cb34fbf
3aeff8d50243a034,m1-pro-16gb-local,ae066dc9bed6c6760cd7ce7377936843f6cdda73bc5de6269a42fa73cc4bba3f,aligned,fftw-ols-fir-float,64,0,0,2368,1,37,0,128,callback,48000,0,steady,1,64,spec012-confirm-01,2,21.56251319679054,ns/engine-sample,2368,151552,3.1573333333333333,4096,3267842.0,3267.842,1541.0,1542.0,1584.0,1709.0,1.541,1.542,1.584,1.709,1333.3333333333333,0,0.0,0.042,0.042,0.0,0.375,0.75,,0.0,1.3125,/Users/christiankauten/Documents/Projects/Rack/plugins/Fourier/.build/spec012/confirm-01-short-hop/workload-0021-repeat-02.csv,ad77a62e8b990d8bb48939256f28476b0c90e4f2566bfe755b5eed74a1595ad2
3aeff8d50243a034,m1-pro-16gb-local,ae066dc9bed6c6760cd7ce7377936843f6cdda73bc5de6269a42fa73cc4bba3f,aligned,fftw-ols-fir-float,64,0,0,2368,1,37,0,128,callback,48000,0,steady,1,64,spec012-confirm-02,0,21.75508736275338,ns/engine-sample,2368,151552,3.1573333333333333,4096,3297027.0,3297.027,1541.0,1584.0,1667.0,11708.0,1.541,1.584,1.667,11.708,1333.3333333333333,0,0.0,0.042,0.042,0.0,0.375,0.75,,0.0,1.3125,/Users/christiankauten/Documents/Projects/Rack/plugins/Fourier/.build/spec012/confirm-02-short-hop/workload-0021-repeat-00.csv,6c13467f966ce83d836aec908869c5dd27a87dedb07cc8684a6bfcfd2822ccb9
3aeff8d50243a034,m1-pro-16gb-local,ae066dc9bed6c6760cd7ce7377936843f6cdda73bc5de6269a42fa73cc4bba3f,aligned,fftw-ols-fir-float,64,0,0,2368,1,37,0,128,callback,48000,0,steady,1,64,spec012-confirm-02,1,21.65043681376689,ns/engine-sample,2368,151552,3.1573333333333333,4096,3281167.0,3281.167,1541.0,1542.0,1625.0,9875.0,1.541,1.542,1.625,9.875,1333.3333333333333,0,0.0,0.042,21.25,0.0,0.375,0.75,,0.0,1.3125,/Users/christiankauten/Documents/Projects/Rack/plugins/Fourier/.build/spec012/confirm-02-short-hop/workload-0021-repeat-01.csv,8ab742d504b716ea859a739874a50172d8e1b50c08d59863dd08588726588a61
3aeff8d50243a034,m1-pro-16gb-local,ae066dc9bed6c6760cd7ce7377936843f6cdda73bc5de6269a42fa73cc4bba3f,aligned,fftw-ols-fir-float,64,0,0,2368,1,37,0,128,callback,48000,0,steady,1,64,spec012-confirm-02,2,21.5487621410473,ns/engine-sample,2368,151552,3.1573333333333333,4096,3265758.0,3265.758,1541.0,1542.0,1584.0,1709.0,1.541,1.542,1.584,1.709,1333.3333333333333,0,0.0,0.042,0.042,0.0,0.375,0.75,,0.0,1.3125,/Users/christiankauten/Documents/Projects/Rack/plugins/Fourier/.build/spec012/confirm-02-short-hop/workload-0021-repeat-02.csv,13a34f3dac820d5539cd61ab5640b9d2f1eb582e4524ab35153847fd76e3872a
3aeff8d50243a034,m1-pro-16gb-local,ae066dc9bed6c6760cd7ce7377936843f6cdda73bc5de6269a42fa73cc4bba3f,aligned,fftw-ols-fir-float,64,0,0,2368,1,37,0,128,callback,48000,0,steady,1,64,spec012-confirm-03,0,21.612647804054053,ns/engine-sample,2368,151552,3.1573333333333333,4096,3275440.0,3275.44,1541.0,1583.0,1667.0,8959.0,1.541,1.583,1.667,8.959,1333.3333333333333,0,0.0,0.042,0.042,0.0,0.375,0.75,,0.0,1.3125,/Users/christiankauten/Documents/Projects/Rack/plugins/Fourier/.build/spec012/confirm-03-short-hop/workload-0021-repeat-00.csv,83474dfd1fa68c3b1580726dac15625607345f2bdaedb7c84db7f7e88dd708c8
3aeff8d50243a034,m1-pro-16gb-local,ae066dc9bed6c6760cd7ce7377936843f6cdda73bc5de6269a42fa73cc4bba3f,aligned,fftw-ols-fir-float,64,0,0,2368,1,37,0,128,callback,48000,0,steady,1,64,spec012-confirm-03,1,21.4712573902027,ns/engine-sample,2368,151552,3.1573333333333333,4096,3254012.0,3254.012,1541.0,1542.0,1584.0,1709.0,1.541,1.542,1.584,1.709,1333.3333333333333,0,0.0,0.042,0.042,0.0,0.375,0.75,,0.0,1.3125,/Users/christiankauten/Documents/Projects/Rack/plugins/Fourier/.build/spec012/confirm-03-short-hop/workload-0021-repeat-01.csv,adf45cdfa18fbf005e9b275964f823048b0dd6f29fa2b5f808a344a24e347bd7
3aeff8d50243a034,m1-pro-16gb-local,ae066dc9bed6c6760cd7ce7377936843f6cdda73bc5de6269a42fa73cc4bba3f,aligned,fftw-ols-fir-float,64,0,0,2368,1,37,0,128,callback,48000,0,steady,1,64,spec012-confirm-03,2,21.759884396114863,ns/engine-sample,2368,151552,3.1573333333333333,4096,3297754.0,3297.754,1541.0,1583.0,1667.0,8125.0,1.541,1.583,1.667,8.125,1333.3333333333333,0,0.0,0.042,0.042,0.0,0.375,0.75,,0.0,1.3125,/Users/christiankauten/Documents/Projects/Rack/plugins/Fourier/.build/spec012/confirm-03-short-hop/workload-0021-repeat-02.csv,2d0b994d7de40a80672bdc9fa64824f93222fee7b4e7027b1dc9b5833d2e70a1
3aeff8d50243a034,m1-pro-16gb-local,af0c790b88249f9ac98b9187c8add11e9b83cf93117183805ba6b641038bd004,aligned,pffft-ols-fir-float,64,0,0,2368,1,37,0,128,throughput,48000,0,steady,1,64,spec012-confirm-01,0,19.955474028716218,ns/engine-sample,1,151552,3.1573333333333333,4096,3024292.0,3024.292,3024292.0,3024292.0,3024292.0,3024292.0,3024.292,3024.292,3024.292,3024.292,,,,0.042,0.042,0.0,0.375,0.75,,0.0,1.3125,/Users/christiankauten/Documents/Projects/Rack/plugins/Fourier/.build/spec012/confirm-01-short-hop/workload-0043-repeat-00.csv,20919d041e72eb33ac85c5096b4e07d92eec05b00421b024a70d09fc3835eb00
3aeff8d50243a034,m1-pro-16gb-local,af0c790b88249f9ac98b9187c8add11e9b83cf93117183805ba6b641038bd004,aligned,pffft-ols-fir-float,64,0,0,2368,1,37,0,128,throughput,48000,0,steady,1,64,spec012-confirm-01,1,19.71023147170608,ns/engine-sample,1,151552,3.1573333333333333,4096,2987125.0,2987.125,2987125.0,2987125.0,2987125.0,2987125.0,2987.125,2987.125,2987.125,2987.125,,,,0.042,0.042,0.0,0.375,0.75,,0.0,1.3125,/Users/christiankauten/Documents/Projects/Rack/plugins/Fourier/.build/spec012/confirm-01-short-hop/workload-0043-repeat-01.csv,b2ee692dd2368d4035c5d79fccb306de28441830c766952224dad1bf6d80c55c
3aeff8d50243a034,m1-pro-16gb-local,af0c790b88249f9ac98b9187c8add11e9b83cf93117183805ba6b641038bd004,aligned,pffft-ols-fir-float,64,0,0,2368,1,37,0,128,throughput,48000,0,steady,1,64,spec012-confirm-01,2,19.882891680743242,ns/engine-sample,1,151552,3.1573333333333333,4096,3013292.0,3013.292,3013292.0,3013292.0,3013292.0,3013292.0,3013.292,3013.292,3013.292,3013.292,,,,0.042,0.042,0.0,0.375,0.75,,0.0,1.3125,/Users/christiankauten/Documents/Projects/Rack/plugins/Fourier/.build/spec012/confirm-01-short-hop/workload-0043-repeat-02.csv,579e3017a87bb73487d876ccbba562595a4bc0910aeef8c5034c66fa72ce13fd
3aeff8d50243a034,m1-pro-16gb-local,af0c790b88249f9ac98b9187c8add11e9b83cf93117183805ba6b641038bd004,aligned,pffft-ols-fir-float,64,0,0,2368,1,37,0,128,throughput,48000,0,steady,1,64,spec012-confirm-02,0,19.750369510135137,ns/engine-sample,1,151552,3.1573333333333333,4096,2993208.0,2993.208,2993208.0,2993208.0,2993208.0,2993208.0,2993.208,2993.208,2993.208,2993.208,,,,0.042,0.042,0.0,0.375,0.75,,0.0,1.3125,/Users/christiankauten/Documents/Projects/Rack/plugins/Fourier/.build/spec012/confirm-02-short-hop/workload-0043-repeat-00.csv,9dfa78d4d22e7b3abf70c713c6ccee73e06dbc83c806a32aa4ec86cbabb81c99
3aeff8d50243a034,m1-pro-16gb-local,af0c790b88249f9ac98b9187c8add11e9b83cf93117183805ba6b641038bd004,aligned,pffft-ols-fir-float,64,0,0,2368,1,37,0,128,throughput,48000,0,steady,1,64,spec012-confirm-02,1,19.739647117820947,ns/engine-sample,1,151552,3.1573333333333333,4096,2991583.0,2991.583,2991583.0,2991583.0,2991583.0,2991583.0,2991.583,2991.583,2991.583,2991.583,,,,0.042,0.042,0.0,0.375,0.75,,0.0,1.3125,/Users/christiankauten/Documents/Projects/Rack/plugins/Fourier/.build/spec012/confirm-02-short-hop/workload-0043-repeat-01.csv,4975331678b5a8ca2e2909dacfcad296c4c043762ae04c819b7a2b7dffab40dd
3aeff8d50243a034,m1-pro-16gb-local,af0c790b88249f9ac98b9187c8add11e9b83cf93117183805ba6b641038bd004,aligned,pffft-ols-fir-float,64,0,0,2368,1,37,0,128,throughput,48000,0,steady,1,64,spec012-confirm-02,2,19.733055320945947,ns/engine-sample,1,151552,3.1573333333333333,4096,2990584.0,2990.584,2990584.0,2990584.0,2990584.0,2990584.0,2990.584,2990.584,2990.584,2990.584,,,,0.042,0.042,0.0,0.375,0.75,,0.0,1.3125,/Users/christiankauten/Documents/Projects/Rack/plugins/Fourier/.build/spec012/confirm-02-short-hop/workload-0043-repeat-02.csv,3635a1a2e7cef6a04a4c875af59854ae1e0b176343973a49cb185de7258f80b6
3aeff8d50243a034,m1-pro-16gb-local,af0c790b88249f9ac98b9187c8add11e9b83cf93117183805ba6b641038bd004,aligned,pffft-ols-fir-float,64,0,0,2368,1,37,0,128,throughput,48000,0,steady,1,64,spec012-confirm-03,0,20.138302364864863,ns/engine-sample,1,151552,3.1573333333333333,4096,3052000.0,3052.0,3052000.0,3052000.0,3052000.0,3052000.0,3052.0,3052.0,3052.0,3052.0,,,,0.042,0.042,0.0,0.375,0.75,,0.0,1.3125,/Users/christiankauten/Documents/Projects/Rack/plugins/Fourier/.build/spec012/confirm-03-short-hop/workload-0043-repeat-00.csv,7dc0edfffe7298ee06bf8386fe7abeed810cc854c211e8607c848161b5dc18ce
3aeff8d50243a034,m1-pro-16gb-local,af0c790b88249f9ac98b9187c8add11e9b83cf93117183805ba6b641038bd004,aligned,pffft-ols-fir-float,64,0,0,2368,1,37,0,128,throughput,48000,0,steady,1,64,spec012-confirm-03,1,19.830922719594593,ns/engine-sample,1,151552,3.1573333333333333,4096,3005416.0,3005.416,3005416.0,3005416.0,3005416.0,3005416.0,3005.416,3005.416,3005.416,3005.416,,,,0.042,0.042,0.0,0.375,0.75,,0.0,1.3125,/Users/christiankauten/Documents/Projects/Rack/plugins/Fourier/.build/spec012/confirm-03-short-hop/workload-0043-repeat-01.csv,d25f71ca4da1eb0a1ae96b27f51c45910ca1df8c30dbddf827a467d7fa5e270c
3aeff8d50243a034,m1-pro-16gb-local,af0c790b88249f9ac98b9187c8add11e9b83cf93117183805ba6b641038bd004,aligned,pffft-ols-fir-float,64,0,0,2368,1,37,0,128,throughput,48000,0,steady,1,64,spec012-confirm-03,2,20.483068517736488,ns/engine-sample,1,151552,3.1573333333333333,4096,3104250.0,3104.25,3104250.0,3104250.0,3104250.0,3104250.0,3104.25,3104.25,3104.25,3104.25,,,,0.042,0.084,0.0,0.375,0.75,,0.0,1.3125,/Users/christiankauten/Documents/Projects/Rack/plugins/Fourier/.build/spec012/confirm-03-short-hop/workload-0043-repeat-02.csv,f74d3d932d7c763dc14e0c516a5f1d8af19766db3da94a72d9ec55d8da79eec5
3aeff8d50243a034,m1-pro-16gb-local,b1db7f4523044a2a00766d52f92ee5814a975b7f269f2e42580db984904c2b34,aligned,legacy-batch-double,64,0,0,2368,1,37,0,128,throughput,48000,1,steady,1,64,spec012-confirm-01,0,41.341968433277025,ns/engine-sample,1,151552,3.1573333333333333,4096,6265458.0,6265.458,6265458.0,6265458.0,6265458.0,6265458.0,6265.458,6265.458,6265.458,6265.458,,,,0.042,0.083,0.0,1.3229166666666667,,1.3229166666666667,0.0,1.3125,/Users/christiankauten/Documents/Projects/Rack/plugins/Fourier/.build/spec012/confirm-01-short-hop/workload-0106-repeat-00.csv,15a8c4a6edc37c4b374ec7b516c020e3b5658b3e0457225fd01ce78a20c3a1f8
3aeff8d50243a034,m1-pro-16gb-local,b1db7f4523044a2a00766d52f92ee5814a975b7f269f2e42580db984904c2b34,aligned,legacy-batch-double,64,0,0,2368,1,37,0,128,throughput,48000,1,steady,1,64,spec012-confirm-01,1,41.54267182221284,ns/engine-sample,1,151552,3.1573333333333333,4096,6295875.0,6295.875,6295875.0,6295875.0,6295875.0,6295875.0,6295.875,6295.875,6295.875,6295.875,,,,0.042,0.042,0.0,1.3229166666666667,,1.3229166666666667,0.0,1.3125,/Users/christiankauten/Documents/Projects/Rack/plugins/Fourier/.build/spec012/confirm-01-short-hop/workload-0106-repeat-01.csv,fa53d6f2735ac2df3b725e18c5891a0224c7713be4c2d145a630184f778059c8
3aeff8d50243a034,m1-pro-16gb-local,b1db7f4523044a2a00766d52f92ee5814a975b7f269f2e42580db984904c2b34,aligned,legacy-batch-double,64,0,0,2368,1,37,0,128,throughput,48000,1,steady,1,64,spec012-confirm-01,2,40.857811180320944,ns/engine-sample,1,151552,3.1573333333333333,4096,6192083.0,6192.083,6192083.0,6192083.0,6192083.0,6192083.0,6192.083,6192.083,6192.083,6192.083,,,,0.042,0.042,0.0,1.3229166666666667,,1.3229166666666667,0.0,1.3125,/Users/christiankauten/Documents/Projects/Rack/plugins/Fourier/.build/spec012/confirm-01-short-hop/workload-0106-repeat-02.csv,488825210627c0f3c17b861d35b7f3e48348b14d80735a60f9f827655b2b0444
3aeff8d50243a034,m1-pro-16gb-local,b1db7f4523044a2a00766d52f92ee5814a975b7f269f2e42580db984904c2b34,aligned,legacy-batch-double,64,0,0,2368,1,37,0,128,throughput,48000,1,steady,1,64,spec012-confirm-02,0,40.94166358741554,ns/engine-sample,1,151552,3.1573333333333333,4096,6204791.0,6204.791,6204791.0,6204791.0,6204791.0,6204791.0,6204.791,6204.791,6204.791,6204.791,,,,0.042,0.042,0.0,1.3229166666666667,,1.3229166666666667,0.0,1.3125,/Users/christiankauten/Documents/Projects/Rack/plugins/Fourier/.build/spec012/confirm-02-short-hop/workload-0106-repeat-00.csv,b700c4a217fb0a4d74e17a8b0c33da248b3e2380e0169af32f1a4529701f6677
3aeff8d50243a034,m1-pro-16gb-local,b1db7f4523044a2a00766d52f92ee5814a975b7f269f2e42580db984904c2b34,aligned,legacy-batch-double,64,0,0,2368,1,37,0,128,throughput,48000,1,steady,1,64,spec012-confirm-02,1,41.133294182854726,ns/engine-sample,1,151552,3.1573333333333333,4096,6233833.0,6233.833,6233833.0,6233833.0,6233833.0,6233833.0,6233.833,6233.833,6233.833,6233.833,,,,0.042,0.042,0.0,1.3229166666666667,,1.3229166666666667,0.0,1.3125,/Users/christiankauten/Documents/Projects/Rack/plugins/Fourier/.build/spec012/confirm-02-short-hop/workload-0106-repeat-01.csv,2f622ec16447e5ef16ca90abd159dfdf60c19cd376935a89167effaa7cc70d01
3aeff8d50243a034,m1-pro-16gb-local,b1db7f4523044a2a00766d52f92ee5814a975b7f269f2e42580db984904c2b34,aligned,legacy-batch-double,64,0,0,2368,1,37,0,128,throughput,48000,1,steady,1,64,spec012-confirm-02,2,41.27406434755068,ns/engine-sample,1,151552,3.1573333333333333,4096,6255167.0,6255.167,6255167.0,6255167.0,6255167.0,6255167.0,6255.167,6255.167,6255.167,6255.167,,,,0.042,0.042,0.0,1.3229166666666667,,1.3229166666666667,0.0,1.3125,/Users/christiankauten/Documents/Projects/Rack/plugins/Fourier/.build/spec012/confirm-02-short-hop/workload-0106-repeat-02.csv,9a02a9b948b1f01cd14b87eba0e2ea9750b6cc184533968f589de158935fce57
3aeff8d50243a034,m1-pro-16gb-local,b1db7f4523044a2a00766d52f92ee5814a975b7f269f2e42580db984904c2b34,aligned,legacy-batch-double,64,0,0,2368,1,37,0,128,throughput,48000,1,steady,1,64,spec012-confirm-03,0,41.98393950591216,ns/engine-sample,1,151552,3.1573333333333333,4096,6362750.0,6362.75,6362750.0,6362750.0,6362750.0,6362750.0,6362.75,6362.75,6362.75,6362.75,,,,0.042,0.084,0.0,1.3229166666666667,,1.3229166666666667,0.0,1.3125,/Users/christiankauten/Documents/Projects/Rack/plugins/Fourier/.build/spec012/confirm-03-short-hop/workload-0106-repeat-00.csv,00f5b2a1975ec7eb1e6191254de65284ef0495ae1eae0f67578a5561a75e435d
3aeff8d50243a034,m1-pro-16gb-local,b1db7f4523044a2a00766d52f92ee5814a975b7f269f2e42580db984904c2b34,aligned,legacy-batch-double,64,0,0,2368,1,37,0,128,throughput,48000,1,steady,1,64,spec012-confirm-03,1,213.51059702280406,ns/engine-sample,1,151552,3.1573333333333333,4096,32357958.0,32357.958,32357958.0,32357958.0,32357958.0,32357958.0,32357.958,32357.958,32357.958,32357.958,,,,0.042,0.083,0.0,1.3229166666666667,,1.3229166666666667,0.0,1.3125,/Users/christiankauten/Documents/Projects/Rack/plugins/Fourier/.build/spec012/confirm-03-short-hop/workload-0106-repeat-01.csv,9334149ddf9ef254112c06d748bd54da5662edbda36091775bbbca12ae927d03
3aeff8d50243a034,m1-pro-16gb-local,b1db7f4523044a2a00766d52f92ee5814a975b7f269f2e42580db984904c2b34,aligned,legacy-batch-double,64,0,0,2368,1,37,0,128,throughput,48000,1,steady,1,64,spec012-confirm-03,2,40.913349873310814,ns/engine-sample,1,151552,3.1573333333333333,4096,6200500.0,6200.5,6200500.0,6200500.0,6200500.0,6200500.0,6200.5,6200.5,6200.5,6200.5,,,,0.042,0.083,0.0,1.3229166666666667,,1.3229166666666667,0.0,1.3125,/Users/christiankauten/Documents/Projects/Rack/plugins/Fourier/.build/spec012/confirm-03-short-hop/workload-0106-repeat-02.csv,9d015856c19b739a08b8d735a38a19f8e2878c01004bb1a73b826e1ec9c0c1b6
3aeff8d50243a034,m1-pro-16gb-local,b5852bfdb7b7a585ae75601535c3eb3d3b58dee2880d3e2937d0274a7257ef83,aligned,pffft-analysis-float,64,0,0,2368,1,37,0,128,throughput,48000,0,steady,1,64,spec012-confirm-01,0,13.46017868454392,ns/engine-sample,1,151552,3.1573333333333333,4096,2039917.0,2039.917,2039917.0,2039917.0,2039917.0,2039917.0,2039.917,2039.917,2039.917,2039.917,,,,0.042,0.042,0.0,1.3229166666666667,,1.3229166666666667,0.0,1.3125,/Users/christiankauten/Documents/Projects/Rack/plugins/Fourier/.build/spec012/confirm-01-short-hop/workload-0026-repeat-00.csv,77201cf0262085409436fab5ae73658cc769ecde2e87e7ff5acfd423f4f597a3
3aeff8d50243a034,m1-pro-16gb-local,b5852bfdb7b7a585ae75601535c3eb3d3b58dee2880d3e2937d0274a7257ef83,aligned,pffft-analysis-float,64,0,0,2368,1,37,0,128,throughput,48000,0,steady,1,64,spec012-confirm-01,1,13.48409786739865,ns/engine-sample,1,151552,3.1573333333333333,4096,2043542.0,2043.542,2043542.0,2043542.0,2043542.0,2043542.0,2043.542,2043.542,2043.542,2043.542,,,,0.042,0.042,0.0,1.3229166666666667,,1.3229166666666667,0.0,1.3125,/Users/christiankauten/Documents/Projects/Rack/plugins/Fourier/.build/spec012/confirm-01-short-hop/workload-0026-repeat-01.csv,de2e61f48f98e04dd68a27c2fda1549186ac729415f27929475bef8546417ed3
3aeff8d50243a034,m1-pro-16gb-local,b5852bfdb7b7a585ae75601535c3eb3d3b58dee2880d3e2937d0274a7257ef83,aligned,pffft-analysis-float,64,0,0,2368,1,37,0,128,throughput,48000,0,steady,1,64,spec012-confirm-01,2,13.435982369087839,ns/engine-sample,1,151552,3.1573333333333333,4096,2036250.0,2036.25,2036250.0,2036250.0,2036250.0,2036250.0,2036.25,2036.25,2036.25,2036.25,,,,0.042,0.125,0.0,1.3229166666666667,,1.3229166666666667,0.0,1.3125,/Users/christiankauten/Documents/Projects/Rack/plugins/Fourier/.build/spec012/confirm-01-short-hop/workload-0026-repeat-02.csv,b971d17e50b25064d5f5454cb956a485c69b4cdff3ab966672bd770a06302260
3aeff8d50243a034,m1-pro-16gb-local,b5852bfdb7b7a585ae75601535c3eb3d3b58dee2880d3e2937d0274a7257ef83,aligned,pffft-analysis-float,64,0,0,2368,1,37,0,128,throughput,48000,0,steady,1,64,spec012-confirm-02,0,13.247928103885135,ns/engine-sample,1,151552,3.1573333333333333,4096,2007750.0,2007.75,2007750.0,2007750.0,2007750.0,2007750.0,2007.75,2007.75,2007.75,2007.75,,,,0.042,0.042,0.0,1.3229166666666667,,1.3229166666666667,0.0,1.3125,/Users/christiankauten/Documents/Projects/Rack/plugins/Fourier/.build/spec012/confirm-02-short-hop/workload-0026-repeat-00.csv,80baedd6db6b2cb33636928e68c7fa7cb75fe55133ae5956817e53a68e8d37aa
3aeff8d50243a034,m1-pro-16gb-local,b5852bfdb7b7a585ae75601535c3eb3d3b58dee2880d3e2937d0274a7257ef83,aligned,pffft-analysis-float,64,0,0,2368,1,37,0,128,throughput,48000,0,steady,1,64,spec012-confirm-02,1,13.452755489864865,ns/engine-sample,1,151552,3.1573333333333333,4096,2038792.0,2038.792,2038792.0,2038792.0,2038792.0,2038792.0,2038.792,2038.792,2038.792,2038.792,,,,0.042,0.042,0.0,1.3229166666666667,,1.3229166666666667,0.0,1.3125,/Users/christiankauten/Documents/Projects/Rack/plugins/Fourier/.build/spec012/confirm-02-short-hop/workload-0026-repeat-01.csv,70dc242b9e0cfa77b300bbbf9f7ca851998ce828d0fe3d6c994181854b42755c
3aeff8d50243a034,m1-pro-16gb-local,b5852bfdb7b7a585ae75601535c3eb3d3b58dee2880d3e2937d0274a7257ef83,aligned,pffft-analysis-float,64,0,0,2368,1,37,0,128,throughput,48000,0,steady,1,64,spec012-confirm-02,2,13.507739917652026,ns/engine-sample,1,151552,3.1573333333333333,4096,2047125.0,2047.125,2047125.0,2047125.0,2047125.0,2047125.0,2047.125,2047.125,2047.125,2047.125,,,,0.042,0.084,0.0,1.3229166666666667,,1.3229166666666667,0.0,1.3125,/Users/christiankauten/Documents/Projects/Rack/plugins/Fourier/.build/spec012/confirm-02-short-hop/workload-0026-repeat-02.csv,34ee6abfc1260b3519bc8d0eed109eac8b8caba6ff698d932d1889afc90b40e0
3aeff8d50243a034,m1-pro-16gb-local,b5852bfdb7b7a585ae75601535c3eb3d3b58dee2880d3e2937d0274a7257ef83,aligned,pffft-analysis-float,64,0,0,2368,1,37,0,128,throughput,48000,0,steady,1,64,spec012-confirm-03,0,13.54100902660473,ns/engine-sample,1,151552,3.1573333333333333,4096,2052167.0,2052.167,2052167.0,2052167.0,2052167.0,2052167.0,2052.167,2052.167,2052.167,2052.167,,,,0.042,0.042,0.0,1.3229166666666667,,1.3229166666666667,0.0,1.3125,/Users/christiankauten/Documents/Projects/Rack/plugins/Fourier/.build/spec012/confirm-03-short-hop/workload-0026-repeat-00.csv,08ba27627d979f4ef5df50d7e682cc47fe6aaf18a448483e10f4d18959c4ccdd
3aeff8d50243a034,m1-pro-16gb-local,b5852bfdb7b7a585ae75601535c3eb3d3b58dee2880d3e2937d0274a7257ef83,aligned,pffft-analysis-float,64,0,0,2368,1,37,0,128,throughput,48000,0,steady,1,64,spec012-confirm-03,1,13.482718802787161,ns/engine-sample,1,151552,3.1573333333333333,4096,2043333.0,2043.333,2043333.0,2043333.0,2043333.0,2043333.0,2043.333,2043.333,2043.333,2043.333,,,,0.042,0.042,0.0,1.3229166666666667,,1.3229166666666667,0.0,1.3125,/Users/christiankauten/Documents/Projects/Rack/plugins/Fourier/.build/spec012/confirm-03-short-hop/workload-0026-repeat-01.csv,8120d275dbd5061f56d0956f3bb4a4d42436935ff4ac20db2fb32dd44db80974
3aeff8d50243a034,m1-pro-16gb-local,b5852bfdb7b7a585ae75601535c3eb3d3b58dee2880d3e2937d0274a7257ef83,aligned,pffft-analysis-float,64,0,0,2368,1,37,0,128,throughput,48000,0,steady,1,64,spec012-confirm-03,2,14.642934438344595,ns/engine-sample,1,151552,3.1573333333333333,4096,2219166.0,2219.166,2219166.0,2219166.0,2219166.0,2219166.0,2219.166,2219.166,2219.166,2219.166,,,,0.042,0.042,0.0,1.3229166666666667,,1.3229166666666667,0.0,1.3125,/Users/christiankauten/Documents/Projects/Rack/plugins/Fourier/.build/spec012/confirm-03-short-hop/workload-0026-repeat-02.csv,9a989a8b50548bfd1fca816e03a2edcb7e130ae33c3014924eebb25189693485
3aeff8d50243a034,m1-pro-16gb-local,b8bdf3a084dc823e9091ab4464750696a8f84bb34a1cc134278b3ebdbbc5ffa2,aligned,fftw-inverse-float,64,0,0,2368,1,37,0,128,throughput,48000,0,steady,1,64,spec012-confirm-01,0,11.799026076858109,ns/engine-sample,1,151552,3.1573333333333333,4096,1788166.0,1788.166,1788166.0,1788166.0,1788166.0,1788166.0,1788.166,1788.166,1788.166,1788.166,,,,0.042,0.042,0.0,0.0,,,0.0,1.3125,/Users/christiankauten/Documents/Projects/Rack/plugins/Fourier/.build/spec012/confirm-01-short-hop/workload-0034-repeat-00.csv,47c3bba2a1466e3f27f52ec9a2ce53a67d5b8a226021068b042c212b708be112
3aeff8d50243a034,m1-pro-16gb-local,b8bdf3a084dc823e9091ab4464750696a8f84bb34a1cc134278b3ebdbbc5ffa2,aligned,fftw-inverse-float,64,0,0,2368,1,37,0,128,throughput,48000,0,steady,1,64,spec012-confirm-01,1,11.756967905405405,ns/engine-sample,1,151552,3.1573333333333333,4096,1781792.0,1781.792,1781792.0,1781792.0,1781792.0,1781792.0,1781.792,1781.792,1781.792,1781.792,,,,0.042,0.042,0.0,0.0,,,0.0,1.3125,/Users/christiankauten/Documents/Projects/Rack/plugins/Fourier/.build/spec012/confirm-01-short-hop/workload-0034-repeat-01.csv,96634bb011a4b1e750b77cb89fa0b186a23af6752aa274e09d7bfdb65445ee49
3aeff8d50243a034,m1-pro-16gb-local,b8bdf3a084dc823e9091ab4464750696a8f84bb34a1cc134278b3ebdbbc5ffa2,aligned,fftw-inverse-float,64,0,0,2368,1,37,0,128,throughput,48000,0,steady,1,64,spec012-confirm-01,2,11.77950802364865,ns/engine-sample,1,151552,3.1573333333333333,4096,1785208.0,1785.208,1785208.0,1785208.0,1785208.0,1785208.0,1785.208,1785.208,1785.208,1785.208,,,,0.042,0.042,0.0,0.0,,,0.0,1.3125,/Users/christiankauten/Documents/Projects/Rack/plugins/Fourier/.build/spec012/confirm-01-short-hop/workload-0034-repeat-02.csv,0c98390f1006e341c288b339f69d1807174026c923ee9635654876d9f166b1cb
3aeff8d50243a034,m1-pro-16gb-local,b8bdf3a084dc823e9091ab4464750696a8f84bb34a1cc134278b3ebdbbc5ffa2,aligned,fftw-inverse-float,64,0,0,2368,1,37,0,128,throughput,48000,0,steady,1,64,spec012-confirm-02,0,11.770158097550675,ns/engine-sample,1,151552,3.1573333333333333,4096,1783791.0,1783.791,1783791.0,1783791.0,1783791.0,1783791.0,1783.791,1783.791,1783.791,1783.791,,,,0.042,0.042,0.0,0.0,,,0.0,1.3125,/Users/christiankauten/Documents/Projects/Rack/plugins/Fourier/.build/spec012/confirm-02-short-hop/workload-0034-repeat-00.csv,d02e64fce1f3b0f58ba7e701152a622a36f033d677524512423807e2e9469b32
3aeff8d50243a034,m1-pro-16gb-local,b8bdf3a084dc823e9091ab4464750696a8f84bb34a1cc134278b3ebdbbc5ffa2,aligned,fftw-inverse-float,64,0,0,2368,1,37,0,128,throughput,48000,0,steady,1,64,spec012-confirm-02,1,11.759719436233109,ns/engine-sample,1,151552,3.1573333333333333,4096,1782209.0,1782.209,1782209.0,1782209.0,1782209.0,1782209.0,1782.209,1782.209,1782.209,1782.209,,,,0.042,0.083,0.0,0.0,,,0.0,1.3125,/Users/christiankauten/Documents/Projects/Rack/plugins/Fourier/.build/spec012/confirm-02-short-hop/workload-0034-repeat-01.csv,ea2b27bf957dd2ab417d96c5c618f9b2fce3e846af140ec12bd04a5548c65364
3aeff8d50243a034,m1-pro-16gb-local,b8bdf3a084dc823e9091ab4464750696a8f84bb34a1cc134278b3ebdbbc5ffa2,aligned,fftw-inverse-float,64,0,0,2368,1,37,0,128,throughput,48000,0,steady,1,64,spec012-confirm-02,2,11.88865867820946,ns/engine-sample,1,151552,3.1573333333333333,4096,1801750.0,1801.75,1801750.0,1801750.0,1801750.0,1801750.0,1801.75,1801.75,1801.75,1801.75,,,,0.042,0.042,0.0,0.0,,,0.0,1.3125,/Users/christiankauten/Documents/Projects/Rack/plugins/Fourier/.build/spec012/confirm-02-short-hop/workload-0034-repeat-02.csv,e1c578d8fed9199db656f956b0f98dc76ffb9caaf864068aba729f5a697e6313
3aeff8d50243a034,m1-pro-16gb-local,b8bdf3a084dc823e9091ab4464750696a8f84bb34a1cc134278b3ebdbbc5ffa2,aligned,fftw-inverse-float,64,0,0,2368,1,37,0,128,throughput,48000,0,steady,1,64,spec012-confirm-03,0,11.711874472128379,ns/engine-sample,1,151552,3.1573333333333333,4096,1774958.0,1774.958,1774958.0,1774958.0,1774958.0,1774958.0,1774.958,1774.958,1774.958,1774.958,,,,0.042,0.083,0.0,0.0,,,0.0,1.3125,/Users/christiankauten/Documents/Projects/Rack/plugins/Fourier/.build/spec012/confirm-03-short-hop/workload-0034-repeat-00.csv,d9eff4c181bf7ade8190b8381cb12d6b0398e7cbce0d815a4c93e481ad1f3492
3aeff8d50243a034,m1-pro-16gb-local,b8bdf3a084dc823e9091ab4464750696a8f84bb34a1cc134278b3ebdbbc5ffa2,aligned,fftw-inverse-float,64,0,0,2368,1,37,0,128,throughput,48000,0,steady,1,64,spec012-confirm-03,1,11.717925200591216,ns/engine-sample,1,151552,3.1573333333333333,4096,1775875.0,1775.875,1775875.0,1775875.0,1775875.0,1775875.0,1775.875,1775.875,1775.875,1775.875,,,,0.042,0.125,0.0,0.0,,,0.0,1.3125,/Users/christiankauten/Documents/Projects/Rack/plugins/Fourier/.build/spec012/confirm-03-short-hop/workload-0034-repeat-01.csv,0c77b30bf539f00a164d6c1d0b6be7463b1673ffe3b643843152c0208e73da4f
3aeff8d50243a034,m1-pro-16gb-local,b8bdf3a084dc823e9091ab4464750696a8f84bb34a1cc134278b3ebdbbc5ffa2,aligned,fftw-inverse-float,64,0,0,2368,1,37,0,128,throughput,48000,0,steady,1,64,spec012-confirm-03,2,11.71242873733108,ns/engine-sample,1,151552,3.1573333333333333,4096,1775042.0,1775.042,1775042.0,1775042.0,1775042.0,1775042.0,1775.042,1775.042,1775.042,1775.042,,,,0.042,0.042,0.0,0.0,,,0.0,1.3125,/Users/christiankauten/Documents/Projects/Rack/plugins/Fourier/.build/spec012/confirm-03-short-hop/workload-0034-repeat-02.csv,89a5a8de0659fd9854b0b163b22913ef2e4e6d582a101f7182c948ec7b655c8b
3aeff8d50243a034,m1-pro-16gb-local,b99c817361da0c7edf682b4e1a99e2259b9c69057081388affb3f8368d46fd70,aligned,legacy-incremental-float,64,0,0,2368,1,37,0,128,throughput,48000,0,steady,1,64,spec012-confirm-01,0,27.757251636402028,ns/engine-sample,1,151552,3.1573333333333333,4096,4206667.0,4206.667,4206667.0,4206667.0,4206667.0,4206667.0,4206.667,4206.667,4206.667,4206.667,,,,0.042,0.042,0.6458333333333334,1.3229166666666667,,1.96875,0.6458333333333334,1.9583333333333333,/Users/christiankauten/Documents/Projects/Rack/plugins/Fourier/.build/spec012/confirm-01-short-hop/workload-0025-repeat-00.csv,cafb69e35db54941a3246fb60ef3030d96abd4ebcc8230b5b73fd79ab1d0c4ad
3aeff8d50243a034,m1-pro-16gb-local,b99c817361da0c7edf682b4e1a99e2259b9c69057081388affb3f8368d46fd70,aligned,legacy-incremental-float,64,0,0,2368,1,37,0,128,throughput,48000,0,steady,1,64,spec012-confirm-01,1,27.913409258868242,ns/engine-sample,1,151552,3.1573333333333333,4096,4230333.0,4230.333,4230333.0,4230333.0,4230333.0,4230333.0,4230.333,4230.333,4230.333,4230.333,,,,0.042,0.042,0.6458333333333334,1.3229166666666667,,1.96875,0.6458333333333334,1.9583333333333333,/Users/christiankauten/Documents/Projects/Rack/plugins/Fourier/.build/spec012/confirm-01-short-hop/workload-0025-repeat-01.csv,c7b78ae1aeaf2abb81617c0e66f6e8bb8501dbc1d6de2b739820d68227ec7c8a
3aeff8d50243a034,m1-pro-16gb-local,b99c817361da0c7edf682b4e1a99e2259b9c69057081388affb3f8368d46fd70,aligned,legacy-incremental-float,64,0,0,2368,1,37,0,128,throughput,48000,0,steady,1,64,spec012-confirm-01,2,27.94283150337838,ns/engine-sample,1,151552,3.1573333333333333,4096,4234792.0,4234.792,4234792.0,4234792.0,4234792.0,4234792.0,4234.792,4234.792,4234.792,4234.792,,,,0.042,0.042,0.6458333333333334,1.3229166666666667,,1.96875,0.6458333333333334,1.9583333333333333,/Users/christiankauten/Documents/Projects/Rack/plugins/Fourier/.build/spec012/confirm-01-short-hop/workload-0025-repeat-02.csv,5df6c974ac585979eb1dbd4361d77f3000000c606fc9b7d9916932cf21426d20
3aeff8d50243a034,m1-pro-16gb-local,b99c817361da0c7edf682b4e1a99e2259b9c69057081388affb3f8368d46fd70,aligned,legacy-incremental-float,64,0,0,2368,1,37,0,128,throughput,48000,0,steady,1,64,spec012-confirm-02,0,28.083872202280407,ns/engine-sample,1,151552,3.1573333333333333,4096,4256167.0,4256.167,4256167.0,4256167.0,4256167.0,4256167.0,4256.167,4256.167,4256.167,4256.167,,,,0.042,0.042,0.6458333333333334,1.3229166666666667,,1.96875,0.6458333333333334,1.9583333333333333,/Users/christiankauten/Documents/Projects/Rack/plugins/Fourier/.build/spec012/confirm-02-short-hop/workload-0025-repeat-00.csv,54d3bc41ca9f3b0cd715bf147a835f39c74bc37cd651e7ddb0c91786879b6aca
3aeff8d50243a034,m1-pro-16gb-local,b99c817361da0c7edf682b4e1a99e2259b9c69057081388affb3f8368d46fd70,aligned,legacy-incremental-float,64,0,0,2368,1,37,0,128,throughput,48000,0,steady,1,64,spec012-confirm-02,1,28.09101826435811,ns/engine-sample,1,151552,3.1573333333333333,4096,4257250.0,4257.25,4257250.0,4257250.0,4257250.0,4257250.0,4257.25,4257.25,4257.25,4257.25,,,,0.042,0.042,0.6458333333333334,1.3229166666666667,,1.96875,0.6458333333333334,1.9583333333333333,/Users/christiankauten/Documents/Projects/Rack/plugins/Fourier/.build/spec012/confirm-02-short-hop/workload-0025-repeat-01.csv,0f5a5d4e35e8bb9b94550f41706c819f175f7dd076445b56e893d41aef109c66
3aeff8d50243a034,m1-pro-16gb-local,b99c817361da0c7edf682b4e1a99e2259b9c69057081388affb3f8368d46fd70,aligned,legacy-incremental-float,64,0,0,2368,1,37,0,128,throughput,48000,0,steady,1,64,spec012-confirm-02,2,27.89361407305743,ns/engine-sample,1,151552,3.1573333333333333,4096,4227333.0,4227.333,4227333.0,4227333.0,4227333.0,4227333.0,4227.333,4227.333,4227.333,4227.333,,,,0.042,0.042,0.6458333333333334,1.3229166666666667,,1.96875,0.6458333333333334,1.9583333333333333,/Users/christiankauten/Documents/Projects/Rack/plugins/Fourier/.build/spec012/confirm-02-short-hop/workload-0025-repeat-02.csv,08a8b531ecec881806ed9777725c4c398648d860420d528ebd6a129649d94222
3aeff8d50243a034,m1-pro-16gb-local,b99c817361da0c7edf682b4e1a99e2259b9c69057081388affb3f8368d46fd70,aligned,legacy-incremental-float,64,0,0,2368,1,37,0,128,throughput,48000,0,steady,1,64,spec012-confirm-03,0,27.682742557010137,ns/engine-sample,1,151552,3.1573333333333333,4096,4195375.0,4195.375,4195375.0,4195375.0,4195375.0,4195375.0,4195.375,4195.375,4195.375,4195.375,,,,0.042,0.042,0.6458333333333334,1.3229166666666667,,1.96875,0.6458333333333334,1.9583333333333333,/Users/christiankauten/Documents/Projects/Rack/plugins/Fourier/.build/spec012/confirm-03-short-hop/workload-0025-repeat-00.csv,fbf38d26b02537a38642460e23f39a0fd0bd38d96a361120bd961be196eb0745
3aeff8d50243a034,m1-pro-16gb-local,b99c817361da0c7edf682b4e1a99e2259b9c69057081388affb3f8368d46fd70,aligned,legacy-incremental-float,64,0,0,2368,1,37,0,128,throughput,48000,0,steady,1,64,spec012-confirm-03,1,28.354129275760137,ns/engine-sample,1,151552,3.1573333333333333,4096,4297125.0,4297.125,4297125.0,4297125.0,4297125.0,4297125.0,4297.125,4297.125,4297.125,4297.125,,,,0.042,0.083,0.6458333333333334,1.3229166666666667,,1.96875,0.6458333333333334,1.9583333333333333,/Users/christiankauten/Documents/Projects/Rack/plugins/Fourier/.build/spec012/confirm-03-short-hop/workload-0025-repeat-01.csv,6d28ac3ef6bd69330f45672b65287f89acdc8075da939a31d86a356ce26ab73a
3aeff8d50243a034,m1-pro-16gb-local,b99c817361da0c7edf682b4e1a99e2259b9c69057081388affb3f8368d46fd70,aligned,legacy-incremental-float,64,0,0,2368,1,37,0,128,throughput,48000,0,steady,1,64,spec012-confirm-03,2,27.989838471283782,ns/engine-sample,1,151552,3.1573333333333333,4096,4241916.0,4241.916,4241916.0,4241916.0,4241916.0,4241916.0,4241.916,4241.916,4241.916,4241.916,,,,0.042,0.042,0.6458333333333334,1.3229166666666667,,1.96875,0.6458333333333334,1.9583333333333333,/Users/christiankauten/Documents/Projects/Rack/plugins/Fourier/.build/spec012/confirm-03-short-hop/workload-0025-repeat-02.csv,118363b93a0d514a9b1ada0584490c18f6715f560ab06fff0106cd3357db576a
3aeff8d50243a034,m1-pro-16gb-local,bb8c9cba93e04a128ba6a0372ee7128e635adc853eca7fa6ddad7f69393e97bb,aligned,fftw-ols-identity-float,64,0,0,2368,1,37,0,128,throughput,48000,0,steady,1,64,spec012-confirm-01,0,21.609744510135137,ns/engine-sample,1,151552,3.1573333333333333,4096,3275000.0,3275.0,3275000.0,3275000.0,3275000.0,3275000.0,3275.0,3275.0,3275.0,3275.0,,,,0.042,0.084,0.0,0.375,0.75,,0.0,1.3125,/Users/christiankauten/Documents/Projects/Rack/plugins/Fourier/.build/spec012/confirm-01-short-hop/workload-0039-repeat-00.csv,3ef5f51165de9f64ec94fbd4476b3e68b92a1f5fea0f17fbce6b5cca591b69a1
3aeff8d50243a034,m1-pro-16gb-local,bb8c9cba93e04a128ba6a0372ee7128e635adc853eca7fa6ddad7f69393e97bb,aligned,fftw-ols-identity-float,64,0,0,2368,1,37,0,128,throughput,48000,0,steady,1,64,spec012-confirm-01,1,21.62129170185811,ns/engine-sample,1,151552,3.1573333333333333,4096,3276750.0,3276.75,3276750.0,3276750.0,3276750.0,3276750.0,3276.75,3276.75,3276.75,3276.75,,,,0.042,0.042,0.0,0.375,0.75,,0.0,1.3125,/Users/christiankauten/Documents/Projects/Rack/plugins/Fourier/.build/spec012/confirm-01-short-hop/workload-0039-repeat-01.csv,aa12d74dac43414487146df3f02f18066a144c374428895ff09e800e2ec50b71
3aeff8d50243a034,m1-pro-16gb-local,bb8c9cba93e04a128ba6a0372ee7128e635adc853eca7fa6ddad7f69393e97bb,aligned,fftw-ols-identity-float,64,0,0,2368,1,37,0,128,throughput,48000,0,steady,1,64,spec012-confirm-01,2,21.55146088471284,ns/engine-sample,1,151552,3.1573333333333333,4096,3266167.0,3266.167,3266167.0,3266167.0,3266167.0,3266167.0,3266.167,3266.167,3266.167,3266.167,,,,0.042,0.042,0.0,0.375,0.75,,0.0,1.3125,/Users/christiankauten/Documents/Projects/Rack/plugins/Fourier/.build/spec012/confirm-01-short-hop/workload-0039-repeat-02.csv,2d13063eb0b30c7069a5123df432d763ce6108f08bdbc14662dfbb77fcfb7c34
3aeff8d50243a034,m1-pro-16gb-local,bb8c9cba93e04a128ba6a0372ee7128e635adc853eca7fa6ddad7f69393e97bb,aligned,fftw-ols-identity-float,64,0,0,2368,1,37,0,128,throughput,48000,0,steady,1,64,spec012-confirm-02,0,21.56712547508446,ns/engine-sample,1,151552,3.1573333333333333,4096,3268541.0,3268.541,3268541.0,3268541.0,3268541.0,3268541.0,3268.541,3268.541,3268.541,3268.541,,,,0.042,0.042,0.0,0.375,0.75,,0.0,1.3125,/Users/christiankauten/Documents/Projects/Rack/plugins/Fourier/.build/spec012/confirm-02-short-hop/workload-0039-repeat-00.csv,010295c28f702c8fdfeaa4d61d0344cccbd9adc96825677cc51fb770ac6df0fd
3aeff8d50243a034,m1-pro-16gb-local,bb8c9cba93e04a128ba6a0372ee7128e635adc853eca7fa6ddad7f69393e97bb,aligned,fftw-ols-identity-float,64,0,0,2368,1,37,0,128,throughput,48000,0,steady,1,64,spec012-confirm-02,1,21.5852710620777,ns/engine-sample,1,151552,3.1573333333333333,4096,3271291.0,3271.291,3271291.0,3271291.0,3271291.0,3271291.0,3271.291,3271.291,3271.291,3271.291,,,,0.042,0.042,0.0,0.375,0.75,,0.0,1.3125,/Users/christiankauten/Documents/Projects/Rack/plugins/Fourier/.build/spec012/confirm-02-short-hop/workload-0039-repeat-01.csv,69f558f97a4ef607cd4b1026943bc00fbbe5547393817b6e4029c0dc1a758c3b
3aeff8d50243a034,m1-pro-16gb-local,bb8c9cba93e04a128ba6a0372ee7128e635adc853eca7fa6ddad7f69393e97bb,aligned,fftw-ols-identity-float,64,0,0,2368,1,37,0,128,throughput,48000,0,steady,1,64,spec012-confirm-02,2,21.376049144847972,ns/engine-sample,1,151552,3.1573333333333333,4096,3239583.0,3239.583,3239583.0,3239583.0,3239583.0,3239583.0,3239.583,3239.583,3239.583,3239.583,,,,0.042,0.042,0.0,0.375,0.75,,0.0,1.3125,/Users/christiankauten/Documents/Projects/Rack/plugins/Fourier/.build/spec012/confirm-02-short-hop/workload-0039-repeat-02.csv,a3de1661a8411e5e5b6c0bdf019a66971fec6eb65f14160e3bbbbf24e70eeeaa
3aeff8d50243a034,m1-pro-16gb-local,bb8c9cba93e04a128ba6a0372ee7128e635adc853eca7fa6ddad7f69393e97bb,aligned,fftw-ols-identity-float,64,0,0,2368,1,37,0,128,throughput,48000,0,steady,1,64,spec012-confirm-03,0,21.55200855152027,ns/engine-sample,1,151552,3.1573333333333333,4096,3266250.0,3266.25,3266250.0,3266250.0,3266250.0,3266250.0,3266.25,3266.25,3266.25,3266.25,,,,0.042,0.167,0.0,0.375,0.75,,0.0,1.3125,/Users/christiankauten/Documents/Projects/Rack/plugins/Fourier/.build/spec012/confirm-03-short-hop/workload-0039-repeat-00.csv,318edf255f23982cda9c8b82ef94a52a80a17f194e2f21b1b944f050b05a1ec7
3aeff8d50243a034,m1-pro-16gb-local,bb8c9cba93e04a128ba6a0372ee7128e635adc853eca7fa6ddad7f69393e97bb,aligned,fftw-ols-identity-float,64,0,0,2368,1,37,0,128,throughput,48000,0,steady,1,64,spec012-confirm-03,1,21.553381017736488,ns/engine-sample,1,151552,3.1573333333333333,4096,3266458.0,3266.458,3266458.0,3266458.0,3266458.0,3266458.0,3266.458,3266.458,3266.458,3266.458,,,,0.042,0.084,0.0,0.375,0.75,,0.0,1.3125,/Users/christiankauten/Documents/Projects/Rack/plugins/Fourier/.build/spec012/confirm-03-short-hop/workload-0039-repeat-01.csv,4badd40149035397fd7f07ef4ecc5d489f54afd78cacbd995320dc643ee012cc
3aeff8d50243a034,m1-pro-16gb-local,bb8c9cba93e04a128ba6a0372ee7128e635adc853eca7fa6ddad7f69393e97bb,aligned,fftw-ols-identity-float,64,0,0,2368,1,37,0,128,throughput,48000,0,steady,1,64,spec012-confirm-03,2,21.396398595861488,ns/engine-sample,1,151552,3.1573333333333333,4096,3242667.0,3242.667,3242667.0,3242667.0,3242667.0,3242667.0,3242.667,3242.667,3242.667,3242.667,,,,0.042,0.042,0.0,0.375,0.75,,0.0,1.3125,/Users/christiankauten/Documents/Projects/Rack/plugins/Fourier/.build/spec012/confirm-03-short-hop/workload-0039-repeat-02.csv,8c553e8590101cb8a926ec6245f7062830e48bf75cf60bda29ecfce207e50577
3aeff8d50243a034,m1-pro-16gb-local,bcd493e4b84f1c0dabeefd7d3044c5c35b7d6abac3f51a3a147f085cbe68c7c1,aligned,vdsp-ols-fir-float,64,0,0,2368,1,37,0,128,callback,48000,0,steady,1,64,spec012-confirm-01,0,18.31597735430743,ns/engine-sample,2368,151552,3.1573333333333333,4096,2775823.0,2775.823,1292.0,1333.0,1334.0,6042.0,1.292,1.333,1.334,6.042,1333.3333333333333,0,0.0,0.042,0.042,0.0,0.375,0.75,,0.0,1.3125,/Users/christiankauten/Documents/Projects/Rack/plugins/Fourier/.build/spec012/confirm-01-short-hop/workload-0022-repeat-00.csv,be9d881bb2145ef3ca021bbef42634ec33b4c45974b183471b91c7ef1434e3d2
3aeff8d50243a034,m1-pro-16gb-local,bcd493e4b84f1c0dabeefd7d3044c5c35b7d6abac3f51a3a147f085cbe68c7c1,aligned,vdsp-ols-fir-float,64,0,0,2368,1,37,0,128,callback,48000,0,steady,1,64,spec012-confirm-01,1,18.30592799831081,ns/engine-sample,2368,151552,3.1573333333333333,4096,2774300.0,2774.3,1292.0,1333.0,1334.0,10667.0,1.292,1.333,1.334,10.667,1333.3333333333333,0,0.0,0.042,0.042,0.0,0.375,0.75,,0.0,1.3125,/Users/christiankauten/Documents/Projects/Rack/plugins/Fourier/.build/spec012/confirm-01-short-hop/workload-0022-repeat-01.csv,a7d17c1ea1e0e0e22bedaac346c13240bfa8b1c982167b120383bb1ec7f36a95
3aeff8d50243a034,m1-pro-16gb-local,bcd493e4b84f1c0dabeefd7d3044c5c35b7d6abac3f51a3a147f085cbe68c7c1,aligned,vdsp-ols-fir-float,64,0,0,2368,1,37,0,128,callback,48000,0,steady,1,64,spec012-confirm-01,2,18.30126293285473,ns/engine-sample,2368,151552,3.1573333333333333,4096,2773593.0,2773.593,1292.0,1333.0,1334.0,8625.0,1.292,1.333,1.334,8.625,1333.3333333333333,0,0.0,0.042,0.042,0.0,0.375,0.75,,0.0,1.3125,/Users/christiankauten/Documents/Projects/Rack/plugins/Fourier/.build/spec012/confirm-01-short-hop/workload-0022-repeat-02.csv,c44b7ca239300a11acadcdcbebbd8e2adb70907bbcfee15cd35f3ce61513f3fa
3aeff8d50243a034,m1-pro-16gb-local,bcd493e4b84f1c0dabeefd7d3044c5c35b7d6abac3f51a3a147f085cbe68c7c1,aligned,vdsp-ols-fir-float,64,0,0,2368,1,37,0,128,callback,48000,0,steady,1,64,spec012-confirm-02,0,18.28778241131757,ns/engine-sample,2368,151552,3.1573333333333333,4096,2771550.0,2771.55,1292.0,1333.0,1334.0,8125.0,1.292,1.333,1.334,8.125,1333.3333333333333,0,0.0,0.042,0.083,0.0,0.375,0.75,,0.0,1.3125,/Users/christiankauten/Documents/Projects/Rack/plugins/Fourier/.build/spec012/confirm-02-short-hop/workload-0022-repeat-00.csv,dcf1809b169314b12a05b11661a84211c06b6536089e49af2a298b0fd4d3c8b3
3aeff8d50243a034,m1-pro-16gb-local,bcd493e4b84f1c0dabeefd7d3044c5c35b7d6abac3f51a3a147f085cbe68c7c1,aligned,vdsp-ols-fir-float,64,0,0,2368,1,37,0,128,callback,48000,0,steady,1,64,spec012-confirm-02,1,18.35321869721284,ns/engine-sample,2368,151552,3.1573333333333333,4096,2781467.0,2781.467,1292.0,1334.0,1417.0,4250.0,1.292,1.334,1.417,4.25,1333.3333333333333,0,0.0,0.042,0.042,0.0,0.375,0.75,,0.0,1.3125,/Users/christiankauten/Documents/Projects/Rack/plugins/Fourier/.build/spec012/confirm-02-short-hop/workload-0022-repeat-01.csv,cf12d140b4e32e090c327cd8a56d6d9fecc8e1f58a98d4c2722fb3cf4a104ecd
3aeff8d50243a034,m1-pro-16gb-local,bcd493e4b84f1c0dabeefd7d3044c5c35b7d6abac3f51a3a147f085cbe68c7c1,aligned,vdsp-ols-fir-float,64,0,0,2368,1,37,0,128,callback,48000,0,steady,1,64,spec012-confirm-02,2,18.30912822001689,ns/engine-sample,2368,151552,3.1573333333333333,4096,2774785.0,2774.785,1292.0,1333.0,1334.0,7125.0,1.292,1.333,1.334,7.125,1333.3333333333333,0,0.0,0.042,0.042,0.0,0.375,0.75,,0.0,1.3125,/Users/christiankauten/Documents/Projects/Rack/plugins/Fourier/.build/spec012/confirm-02-short-hop/workload-0022-repeat-02.csv,183a3af7e827b7f4271c8d2d5110b788c428365676c9a0a70f199ca25dcd3e1e
3aeff8d50243a034,m1-pro-16gb-local,bcd493e4b84f1c0dabeefd7d3044c5c35b7d6abac3f51a3a147f085cbe68c7c1,aligned,vdsp-ols-fir-float,64,0,0,2368,1,37,0,128,callback,48000,0,steady,1,64,spec012-confirm-03,0,19.21048880912162,ns/engine-sample,2368,151552,3.1573333333333333,4096,2911388.0,2911.388,1292.0,1375.0,1541.0,15208.0,1.292,1.375,1.541,15.208,1333.3333333333333,0,0.0,0.042,0.042,0.0,0.375,0.75,,0.0,1.3125,/Users/christiankauten/Documents/Projects/Rack/plugins/Fourier/.build/spec012/confirm-03-short-hop/workload-0022-repeat-00.csv,cd6b350a581e1a90a41f456c832deb406ad28c0d9872d9d296628ebd7d469afd
3aeff8d50243a034,m1-pro-16gb-local,bcd493e4b84f1c0dabeefd7d3044c5c35b7d6abac3f51a3a147f085cbe68c7c1,aligned,vdsp-ols-fir-float,64,0,0,2368,1,37,0,128,callback,48000,0,steady,1,64,spec012-confirm-03,1,18.29205157305743,ns/engine-sample,2368,151552,3.1573333333333333,4096,2772197.0,2772.197,1292.0,1333.0,1375.0,6334.0,1.292,1.333,1.375,6.334,1333.3333333333333,0,0.0,0.042,0.042,0.0,0.375,0.75,,0.0,1.3125,/Users/christiankauten/Documents/Projects/Rack/plugins/Fourier/.build/spec012/confirm-03-short-hop/workload-0022-repeat-01.csv,abd8288a3bf4d8fd236e58b2895fa731c2c9d5315e6b0adba6fcd9cabfaf10e6
3aeff8d50243a034,m1-pro-16gb-local,bcd493e4b84f1c0dabeefd7d3044c5c35b7d6abac3f51a3a147f085cbe68c7c1,aligned,vdsp-ols-fir-float,64,0,0,2368,1,37,0,128,callback,48000,0,steady,1,64,spec012-confirm-03,2,18.28223316089527,ns/engine-sample,2368,151552,3.1573333333333333,4096,2770709.0,2770.709,1292.0,1333.0,1334.0,5042.0,1.292,1.333,1.334,5.042,1333.3333333333333,0,0.0,0.042,0.042,0.0,0.375,0.75,,0.0,1.3125,/Users/christiankauten/Documents/Projects/Rack/plugins/Fourier/.build/spec012/confirm-03-short-hop/workload-0022-repeat-02.csv,ba03ebdd67917b761f592809de69239b82584295a7478db931f82d46766bd3f9
3aeff8d50243a034,m1-pro-16gb-local,bf3cc7a88bb1a7e42d3338d8644cf7b2d71fd6d8a9217f7c9a12cefd25a5f2af,aligned,pffft-inverse-float,64,0,0,2368,1,37,0,128,callback,48000,0,steady,1,64,spec012-confirm-01,0,10.757997255067568,ns/engine-sample,2368,151552,3.1573333333333333,4096,1630396.0,1630.396,750.0,750.0,792.0,4541.0,0.75,0.75,0.792,4.541,1333.3333333333333,0,0.0,0.042,0.042,0.0,0.0,,,0.0,1.3125,/Users/christiankauten/Documents/Projects/Rack/plugins/Fourier/.build/spec012/confirm-01-short-hop/workload-0010-repeat-00.csv,e83e7a9a974c160a7b1b8f65d61d061d2cb751e8cc74381c323f1aa2d57af616
3aeff8d50243a034,m1-pro-16gb-local,bf3cc7a88bb1a7e42d3338d8644cf7b2d71fd6d8a9217f7c9a12cefd25a5f2af,aligned,pffft-inverse-float,64,0,0,2368,1,37,0,128,callback,48000,0,steady,1,64,spec012-confirm-01,1,10.790916649070946,ns/engine-sample,2368,151552,3.1573333333333333,4096,1635385.0,1635.385,750.0,750.0,792.0,11500.0,0.75,0.75,0.792,11.5,1333.3333333333333,0,0.0,0.042,0.042,0.0,0.0,,,0.0,1.3125,/Users/christiankauten/Documents/Projects/Rack/plugins/Fourier/.build/spec012/confirm-01-short-hop/workload-0010-repeat-01.csv,6437e4e569e68ba1ad032dced0654a923b98f3b95cf77cf046a3f29c1fc4bc06
3aeff8d50243a034,m1-pro-16gb-local,bf3cc7a88bb1a7e42d3338d8644cf7b2d71fd6d8a9217f7c9a12cefd25a5f2af,aligned,pffft-inverse-float,64,0,0,2368,1,37,0,128,callback,48000,0,steady,1,64,spec012-confirm-01,2,10.815053578969595,ns/engine-sample,2368,151552,3.1573333333333333,4096,1639043.0,1639.043,750.0,750.0,792.0,7708.0,0.75,0.75,0.792,7.708,1333.3333333333333,0,0.0,0.042,0.042,0.0,0.0,,,0.0,1.3125,/Users/christiankauten/Documents/Projects/Rack/plugins/Fourier/.build/spec012/confirm-01-short-hop/workload-0010-repeat-02.csv,be5ca56c3fc86d3f05743d01a5e5bebd3e96b07ac7b61c77cbd09b3bd3bc26bf
3aeff8d50243a034,m1-pro-16gb-local,bf3cc7a88bb1a7e42d3338d8644cf7b2d71fd6d8a9217f7c9a12cefd25a5f2af,aligned,pffft-inverse-float,64,0,0,2368,1,37,0,128,callback,48000,0,steady,1,64,spec012-confirm-02,0,10.744694890202704,ns/engine-sample,2368,151552,3.1573333333333333,4096,1628380.0,1628.38,750.0,750.0,791.0,5083.0,0.75,0.75,0.791,5.083,1333.3333333333333,0,0.0,0.042,0.042,0.0,0.0,,,0.0,1.3125,/Users/christiankauten/Documents/Projects/Rack/plugins/Fourier/.build/spec012/confirm-02-short-hop/workload-0010-repeat-00.csv,819b3ccd38d04d2b26d671bc9106f66ccfb3f16f81b0ec8039ffc97dcea1d261
3aeff8d50243a034,m1-pro-16gb-local,bf3cc7a88bb1a7e42d3338d8644cf7b2d71fd6d8a9217f7c9a12cefd25a5f2af,aligned,pffft-inverse-float,64,0,0,2368,1,37,0,128,callback,48000,0,steady,1,64,spec012-confirm-02,1,10.760445259712839,ns/engine-sample,2368,151552,3.1573333333333333,4096,1630767.0,1630.767,750.0,750.0,750.0,9917.0,0.75,0.75,0.75,9.917,1333.3333333333333,0,0.0,0.042,0.042,0.0,0.0,,,0.0,1.3125,/Users/christiankauten/Documents/Projects/Rack/plugins/Fourier/.build/spec012/confirm-02-short-hop/workload-0010-repeat-01.csv,c1734c14d7e2680349f7c0ca1c711a8d7353e093bfeef8fc06664d04da818bd9
3aeff8d50243a034,m1-pro-16gb-local,bf3cc7a88bb1a7e42d3338d8644cf7b2d71fd6d8a9217f7c9a12cefd25a5f2af,aligned,pffft-inverse-float,64,0,0,2368,1,37,0,128,callback,48000,0,steady,1,64,spec012-confirm-02,2,10.69629566089527,ns/engine-sample,2368,151552,3.1573333333333333,4096,1621045.0,1621.045,750.0,750.0,750.0,1084.0,0.75,0.75,0.75,1.084,1333.3333333333333,0,0.0,0.042,0.042,0.0,0.0,,,0.0,1.3125,/Users/christiankauten/Documents/Projects/Rack/plugins/Fourier/.build/spec012/confirm-02-short-hop/workload-0010-repeat-02.csv,b4d8f753171c368b903188fb7b735b52b09fe841ce34f9ea49a9f9eb2e86f6ba
3aeff8d50243a034,m1-pro-16gb-local,bf3cc7a88bb1a7e42d3338d8644cf7b2d71fd6d8a9217f7c9a12cefd25a5f2af,aligned,pffft-inverse-float,64,0,0,2368,1,37,0,128,callback,48000,0,steady,1,64,spec012-confirm-03,0,10.793410842483109,ns/engine-sample,2368,151552,3.1573333333333333,4096,1635763.0,1635.763,750.0,750.0,792.0,11166.0,0.75,0.75,0.792,11.166,1333.3333333333333,0,0.0,0.042,0.042,0.0,0.0,,,0.0,1.3125,/Users/christiankauten/Documents/Projects/Rack/plugins/Fourier/.build/spec012/confirm-03-short-hop/workload-0010-repeat-00.csv,7a212f0b9a9917dabf4dc4d91467db676f3dec180c842fd2599b28eea0432ba8
3aeff8d50243a034,m1-pro-16gb-local,bf3cc7a88bb1a7e42d3338d8644cf7b2d71fd6d8a9217f7c9a12cefd25a5f2af,aligned,pffft-inverse-float,64,0,0,2368,1,37,0,128,callback,48000,0,steady,1,64,spec012-confirm-03,1,11.044295027449325,ns/engine-sample,2368,151552,3.1573333333333333,4096,1673785.0,1673.785,750.0,792.0,792.0,1042.0,0.75,0.792,0.792,1.042,1333.3333333333333,0,0.0,0.042,0.042,0.0,0.0,,,0.0,1.3125,/Users/christiankauten/Documents/Projects/Rack/plugins/Fourier/.build/spec012/confirm-03-short-hop/workload-0010-repeat-01.csv,81b7c1d4ba4431ec91b6d0eab504367d35d1087041dd3cd1405f56cfeaf4d51e
3aeff8d50243a034,m1-pro-16gb-local,bf3cc7a88bb1a7e42d3338d8644cf7b2d71fd6d8a9217f7c9a12cefd25a5f2af,aligned,pffft-inverse-float,64,0,0,2368,1,37,0,128,callback,48000,0,steady,1,64,spec012-confirm-03,2,10.960389833192568,ns/engine-sample,2368,151552,3.1573333333333333,4096,1661069.0,1661.069,750.0,792.0,792.0,5791.0,0.75,0.792,0.792,5.791,1333.3333333333333,0,0.0,0.042,0.042,0.0,0.0,,,0.0,1.3125,/Users/christiankauten/Documents/Projects/Rack/plugins/Fourier/.build/spec012/confirm-03-short-hop/workload-0010-repeat-02.csv,1a57f2e60092e886a7d1ac71756dedc89686e8a951eb11f6e9c0a8e5a5117cd1
3aeff8d50243a034,m1-pro-16gb-local,c0fd837e221164a1585377ed9274f8a9b79004dfaa4b9d6d728707d14cd6e741,aligned,core-independent4-simd,64,0,0,2368,1,37,0,128,callback,48000,0,steady,1,64,spec012-confirm-01,0,34.48135293496622,ns/engine-sample,2368,151552,3.1573333333333333,4096,5225718.0,5225.718,2208.0,2333.0,2375.0,3250.0,2.208,2.333,2.375,3.25,1333.3333333333333,0,0.0,0.042,0.042,0.75,1.3229166666666667,,2.072916666666667,0.75,2.0625,/Users/christiankauten/Documents/Projects/Rack/plugins/Fourier/.build/spec012/confirm-01-short-hop/workload-0047-repeat-00.csv,802fca23f1002a0d94eb433324cfcee813388fbf9fc8777c656bb869e53c2f50
3aeff8d50243a034,m1-pro-16gb-local,c0fd837e221164a1585377ed9274f8a9b79004dfaa4b9d6d728707d14cd6e741,aligned,core-independent4-simd,64,0,0,2368,1,37,0,128,callback,48000,0,steady,1,64,spec012-confirm-01,1,34.9791358741554,ns/engine-sample,2368,151552,3.1573333333333333,4096,5301158.0,5301.158,2250.0,2375.0,2500.0,3166.0,2.25,2.375,2.5,3.166,1333.3333333333333,0,0.0,0.042,0.042,0.75,1.3229166666666667,,2.072916666666667,0.75,2.0625,/Users/christiankauten/Documents/Projects/Rack/plugins/Fourier/.build/spec012/confirm-01-short-hop/workload-0047-repeat-01.csv,1bc7c9a00da6661cf0af84bdfc1b65ba66a7854cb3e08c269ce05e9a21ca7260
3aeff8d50243a034,m1-pro-16gb-local,c0fd837e221164a1585377ed9274f8a9b79004dfaa4b9d6d728707d14cd6e741,aligned,core-independent4-simd,64,0,0,2368,1,37,0,128,callback,48000,0,steady,1,64,spec012-confirm-01,2,34.339889938766895,ns/engine-sample,2368,151552,3.1573333333333333,4096,5204279.0,5204.279,2208.0,2292.0,2375.0,3250.0,2.208,2.292,2.375,3.25,1333.3333333333333,0,0.0,0.042,0.083,0.75,1.3229166666666667,,2.072916666666667,0.75,2.0625,/Users/christiankauten/Documents/Projects/Rack/plugins/Fourier/.build/spec012/confirm-01-short-hop/workload-0047-repeat-02.csv,48c8b05816eff864052ab57238176b6143dc5b288e23b965d19f11c53f907a0d
3aeff8d50243a034,m1-pro-16gb-local,c0fd837e221164a1585377ed9274f8a9b79004dfaa4b9d6d728707d14cd6e741,aligned,core-independent4-simd,64,0,0,2368,1,37,0,128,callback,48000,0,steady,1,64,spec012-confirm-02,0,34.616151551942565,ns/engine-sample,2368,151552,3.1573333333333333,4096,5246147.0,5246.147,2208.0,2333.0,2375.0,3375.0,2.208,2.333,2.375,3.375,1333.3333333333333,0,0.0,0.042,0.042,0.75,1.3229166666666667,,2.072916666666667,0.75,2.0625,/Users/christiankauten/Documents/Projects/Rack/plugins/Fourier/.build/spec012/confirm-02-short-hop/workload-0047-repeat-00.csv,6c256f0cd1eaa519ecd71e48d0659fd521f4016eda26fc3814931d4158dee66a
3aeff8d50243a034,m1-pro-16gb-local,c0fd837e221164a1585377ed9274f8a9b79004dfaa4b9d6d728707d14cd6e741,aligned,core-independent4-simd,64,0,0,2368,1,37,0,128,callback,48000,0,steady,1,64,spec012-confirm-02,1,34.260220914273646,ns/engine-sample,2368,151552,3.1573333333333333,4096,5192205.0,5192.205,2167.0,2292.0,2375.0,3208.0,2.167,2.292,2.375,3.208,1333.3333333333333,0,0.0,0.042,0.042,0.75,1.3229166666666667,,2.072916666666667,0.75,2.0625,/Users/christiankauten/Documents/Projects/Rack/plugins/Fourier/.build/spec012/confirm-02-short-hop/workload-0047-repeat-01.csv,d9a0a054b801942ffc51c6facd95b1be0576ffb521364bb4374eebc552edf7c8
3aeff8d50243a034,m1-pro-16gb-local,c0fd837e221164a1585377ed9274f8a9b79004dfaa4b9d6d728707d14cd6e741,aligned,core-independent4-simd,64,0,0,2368,1,37,0,128,callback,48000,0,steady,1,64,spec012-confirm-02,2,34.35164168074324,ns/engine-sample,2368,151552,3.1573333333333333,4096,5206060.0,5206.06,2208.0,2333.0,2375.0,3250.0,2.208,2.333,2.375,3.25,1333.3333333333333,0,0.0,0.042,0.042,0.75,1.3229166666666667,,2.072916666666667,0.75,2.0625,/Users/christiankauten/Documents/Projects/Rack/plugins/Fourier/.build/spec012/confirm-02-short-hop/workload-0047-repeat-02.csv,33771e2eac93295fd27d58bc0c15a065f4f212cdbffa70494fdb332f3c9019e9
3aeff8d50243a034,m1-pro-16gb-local,c0fd837e221164a1585377ed9274f8a9b79004dfaa4b9d6d728707d14cd6e741,aligned,core-independent4-simd,64,0,0,2368,1,37,0,128,callback,48000,0,steady,1,64,spec012-confirm-03,0,35.10189901815878,ns/engine-sample,2368,151552,3.1573333333333333,4096,5319763.0,5319.763,2250.0,2375.0,2458.0,3417.0,2.25,2.375,2.458,3.417,1333.3333333333333,0,0.0,0.042,0.042,0.75,1.3229166666666667,,2.072916666666667,0.75,2.0625,/Users/christiankauten/Documents/Projects/Rack/plugins/Fourier/.build/spec012/confirm-03-short-hop/workload-0047-repeat-00.csv,77a6f24aa0860b7747a2d7a03a48d5e66183d31f095fd717f4da1bd1aa98ed34
3aeff8d50243a034,m1-pro-16gb-local,c0fd837e221164a1585377ed9274f8a9b79004dfaa4b9d6d728707d14cd6e741,aligned,core-independent4-simd,64,0,0,2368,1,37,0,128,callback,48000,0,steady,1,64,spec012-confirm-03,1,35.05327544341216,ns/engine-sample,2368,151552,3.1573333333333333,4096,5312394.0,5312.394,2250.0,2375.0,2500.0,3209.0,2.25,2.375,2.5,3.209,1333.3333333333333,0,0.0,0.042,0.042,0.75,1.3229166666666667,,2.072916666666667,0.75,2.0625,/Users/christiankauten/Documents/Projects/Rack/plugins/Fourier/.build/spec012/confirm-03-short-hop/workload-0047-repeat-01.csv,c48d1cefceb3dfcf518bf67c900d7e04d0e0eac9586636450d53c0610dafb9ae
3aeff8d50243a034,m1-pro-16gb-local,c0fd837e221164a1585377ed9274f8a9b79004dfaa4b9d6d728707d14cd6e741,aligned,core-independent4-simd,64,0,0,2368,1,37,0,128,callback,48000,0,steady,1,64,spec012-confirm-03,2,35.09268105996622,ns/engine-sample,2368,151552,3.1573333333333333,4096,5318366.0,5318.366,2250.0,2375.0,2458.0,22833.0,2.25,2.375,2.458,22.833,1333.3333333333333,0,0.0,0.042,0.125,0.75,1.3229166666666667,,2.072916666666667,0.75,2.0625,/Users/christiankauten/Documents/Projects/Rack/plugins/Fourier/.build/spec012/confirm-03-short-hop/workload-0047-repeat-02.csv,7efe1ab58037da746081b023be3c41389df465f2b20992242594861a5f75a563
3aeff8d50243a034,m1-pro-16gb-local,c895619937c80a7ae998d3d5df22b4f9307cb710f1ac4ab5695b6cf379040913,aligned,pffft-hybrid-float,64,0,0,2368,1,37,0,128,callback,48000,0,steady,1,64,spec012-confirm-01,0,26.928057696368242,ns/engine-sample,2368,151552,3.1573333333333333,4096,4081001.0,4081.001,1750.0,1750.0,1792.0,9209.0,1.75,1.75,1.792,9.209,1333.3333333333333,0,0.0,0.042,0.042,0.75,1.3229166666666667,,2.072916666666667,0.75,2.0625,/Users/christiankauten/Documents/Projects/Rack/plugins/Fourier/.build/spec012/confirm-01-short-hop/workload-0007-repeat-00.csv,1a2042eded70b7a4a4bc074b4de9799531046f265c25a9a7a88e6484db03cb26
3aeff8d50243a034,m1-pro-16gb-local,c895619937c80a7ae998d3d5df22b4f9307cb710f1ac4ab5695b6cf379040913,aligned,pffft-hybrid-float,64,0,0,2368,1,37,0,128,callback,48000,0,steady,1,64,spec012-confirm-01,1,27.122802734375,ns/engine-sample,2368,151552,3.1573333333333333,4096,4110515.0,4110.515,1750.0,1792.0,1833.0,6458.0,1.75,1.792,1.833,6.458,1333.3333333333333,0,0.0,0.042,0.042,0.75,1.3229166666666667,,2.072916666666667,0.75,2.0625,/Users/christiankauten/Documents/Projects/Rack/plugins/Fourier/.build/spec012/confirm-01-short-hop/workload-0007-repeat-01.csv,f0eb9f78e0827ddbbe17cb54b6d342ded03fa15b894e40ed438910deb382e746
3aeff8d50243a034,m1-pro-16gb-local,c895619937c80a7ae998d3d5df22b4f9307cb710f1ac4ab5695b6cf379040913,aligned,pffft-hybrid-float,64,0,0,2368,1,37,0,128,callback,48000,0,steady,1,64,spec012-confirm-01,2,26.93792889569257,ns/engine-sample,2368,151552,3.1573333333333333,4096,4082497.0,4082.497,1750.0,1750.0,1792.0,11375.0,1.75,1.75,1.792,11.375,1333.3333333333333,0,0.0,0.042,0.042,0.75,1.3229166666666667,,2.072916666666667,0.75,2.0625,/Users/christiankauten/Documents/Projects/Rack/plugins/Fourier/.build/spec012/confirm-01-short-hop/workload-0007-repeat-02.csv,16c7801bea992bc5267dbad671b97191204c8b1b30375262092da08b826aa23f
3aeff8d50243a034,m1-pro-16gb-local,c895619937c80a7ae998d3d5df22b4f9307cb710f1ac4ab5695b6cf379040913,aligned,pffft-hybrid-float,64,0,0,2368,1,37,0,128,callback,48000,0,steady,1,64,spec012-confirm-02,0,26.93408203125,ns/engine-sample,2368,151552,3.1573333333333333,4096,4081914.0,4081.914,1750.0,1750.0,1792.0,10291.0,1.75,1.75,1.792,10.291,1333.3333333333333,0,0.0,0.042,0.042,0.75,1.3229166666666667,,2.072916666666667,0.75,2.0625,/Users/christiankauten/Documents/Projects/Rack/plugins/Fourier/.build/spec012/confirm-02-short-hop/workload-0007-repeat-00.csv,36d0bd251094c7b036c0ba62471278cbeb9f5244612b2ac78b90ce756d7516e5
3aeff8d50243a034,m1-pro-16gb-local,c895619937c80a7ae998d3d5df22b4f9307cb710f1ac4ab5695b6cf379040913,aligned,pffft-hybrid-float,64,0,0,2368,1,37,0,128,callback,48000,0,steady,1,64,spec012-confirm-02,1,26.992603198902028,ns/engine-sample,2368,151552,3.1573333333333333,4096,4090783.0,4090.783,1750.0,1791.0,1792.0,6709.0,1.75,1.791,1.792,6.709,1333.3333333333333,0,0.0,0.042,0.042,0.75,1.3229166666666667,,2.072916666666667,0.75,2.0625,/Users/christiankauten/Documents/Projects/Rack/plugins/Fourier/.build/spec012/confirm-02-short-hop/workload-0007-repeat-01.csv,525f4f7055e6d1baaa1dcb8e9c892ab83ee19d1cb87ac4d9c692edf3cf387956
3aeff8d50243a034,m1-pro-16gb-local,c895619937c80a7ae998d3d5df22b4f9307cb710f1ac4ab5695b6cf379040913,aligned,pffft-hybrid-float,64,0,0,2368,1,37,0,128,callback,48000,0,steady,1,64,spec012-confirm-02,2,26.99908282305743,ns/engine-sample,2368,151552,3.1573333333333333,4096,4091765.0,4091.765,1750.0,1792.0,1834.0,6417.0,1.75,1.792,1.834,6.417,1333.3333333333333,0,0.0,0.042,0.042,0.75,1.3229166666666667,,2.072916666666667,0.75,2.0625,/Users/christiankauten/Documents/Projects/Rack/plugins/Fourier/.build/spec012/confirm-02-short-hop/workload-0007-repeat-02.csv,0cd960e68e0476059039bfc6a87ed6ba5153576118cb090ad57d567d4ab0d351
3aeff8d50243a034,m1-pro-16gb-local,c895619937c80a7ae998d3d5df22b4f9307cb710f1ac4ab5695b6cf379040913,aligned,pffft-hybrid-float,64,0,0,2368,1,37,0,128,callback,48000,0,steady,1,64,spec012-confirm-03,0,27.3837230785473,ns/engine-sample,2368,151552,3.1573333333333333,4096,4150058.0,4150.058,1750.0,1834.0,1875.0,2208.0,1.75,1.834,1.875,2.208,1333.3333333333333,0,0.0,0.042,0.083,0.75,1.3229166666666667,,2.072916666666667,0.75,2.0625,/Users/christiankauten/Documents/Projects/Rack/plugins/Fourier/.build/spec012/confirm-03-short-hop/workload-0007-repeat-00.csv,37d040a794fcfa19bc39993ec662f9e8a940b9c0c0081d09600683ee0830d78e
3aeff8d50243a034,m1-pro-16gb-local,c895619937c80a7ae998d3d5df22b4f9307cb710f1ac4ab5695b6cf379040913,aligned,pffft-hybrid-float,64,0,0,2368,1,37,0,128,callback,48000,0,steady,1,64,spec012-confirm-03,1,27.0101879222973,ns/engine-sample,2368,151552,3.1573333333333333,4096,4093448.0,4093.448,1750.0,1791.0,1875.0,12250.0,1.75,1.791,1.875,12.25,1333.3333333333333,0,0.0,0.042,0.042,0.75,1.3229166666666667,,2.072916666666667,0.75,2.0625,/Users/christiankauten/Documents/Projects/Rack/plugins/Fourier/.build/spec012/confirm-03-short-hop/workload-0007-repeat-01.csv,e0f2908ed97eefe3591385f0f3fb3db812cb01eb29d7df5ba6e2621fc0e94e76
3aeff8d50243a034,m1-pro-16gb-local,c895619937c80a7ae998d3d5df22b4f9307cb710f1ac4ab5695b6cf379040913,aligned,pffft-hybrid-float,64,0,0,2368,1,37,0,128,callback,48000,0,steady,1,64,spec012-confirm-03,2,26.91231392525338,ns/engine-sample,2368,151552,3.1573333333333333,4096,4078615.0,4078.615,1750.0,1750.0,1792.0,4792.0,1.75,1.75,1.792,4.792,1333.3333333333333,0,0.0,0.042,0.042,0.75,1.3229166666666667,,2.072916666666667,0.75,2.0625,/Users/christiankauten/Documents/Projects/Rack/plugins/Fourier/.build/spec012/confirm-03-short-hop/workload-0007-repeat-02.csv,9c037959ee846fbbbd9dc8babf1a50a994780e009fee6b50330b02be648f405e
3aeff8d50243a034,m1-pro-16gb-local,ca541c12c56a830ecbe3b9911bf8b1da03ae3f61bfb9fd44ec072a6f173c1b48,aligned,core-float,64,0,0,2368,1,37,0,128,callback,48000,0,steady,1,64,spec012-confirm-01,0,26.284984691722972,ns/engine-sample,2368,151552,3.1573333333333333,4096,3983542.0,3983.542,1667.0,1750.0,1792.0,9208.0,1.667,1.75,1.792,9.208,1333.3333333333333,0,0.0,0.042,0.084,0.75,1.3229166666666667,,2.072916666666667,0.75,2.0625,/Users/christiankauten/Documents/Projects/Rack/plugins/Fourier/.build/spec012/confirm-01-short-hop/workload-0000-repeat-00.csv,3bc8cd3fcad475c2ef10474351632010633449a6546a28818cb34a6cc5ff7c8e
3aeff8d50243a034,m1-pro-16gb-local,ca541c12c56a830ecbe3b9911bf8b1da03ae3f61bfb9fd44ec072a6f173c1b48,aligned,core-float,64,0,0,2368,1,37,0,128,callback,48000,0,steady,1,64,spec012-confirm-01,1,26.26242477829392,ns/engine-sample,2368,151552,3.1573333333333333,4096,3980123.0,3980.123,1667.0,1750.0,1791.0,5708.0,1.667,1.75,1.791,5.708,1333.3333333333333,0,0.0,0.042,0.042,0.75,1.3229166666666667,,2.072916666666667,0.75,2.0625,/Users/christiankauten/Documents/Projects/Rack/plugins/Fourier/.build/spec012/confirm-01-short-hop/workload-0000-repeat-01.csv,46e77884bf682d489eb00643cdf69c889ec61a136a2c67bbdf0114c1a4ba2a2a
3aeff8d50243a034,m1-pro-16gb-local,ca541c12c56a830ecbe3b9911bf8b1da03ae3f61bfb9fd44ec072a6f173c1b48,aligned,core-float,64,0,0,2368,1,37,0,128,callback,48000,0,steady,1,64,spec012-confirm-01,2,26.33912452491554,ns/engine-sample,2368,151552,3.1573333333333333,4096,3991747.0,3991.747,1667.0,1750.0,1792.0,7625.0,1.667,1.75,1.792,7.625,1333.3333333333333,0,0.0,0.042,0.083,0.75,1.3229166666666667,,2.072916666666667,0.75,2.0625,/Users/christiankauten/Documents/Projects/Rack/plugins/Fourier/.build/spec012/confirm-01-short-hop/workload-0000-repeat-02.csv,2bb2059308f032813363979cacc784164cc164e79e2405603d799a5bdf29ac6e
3aeff8d50243a034,m1-pro-16gb-local,ca541c12c56a830ecbe3b9911bf8b1da03ae3f61bfb9fd44ec072a6f173c1b48,aligned,core-float,64,0,0,2368,1,37,0,128,callback,48000,0,steady,1,64,spec012-confirm-02,0,26.494952227618242,ns/engine-sample,2368,151552,3.1573333333333333,4096,4015363.0,4015.363,1708.0,1750.0,1792.0,9750.0,1.708,1.75,1.792,9.75,1333.3333333333333,0,0.0,0.042,0.083,0.75,1.3229166666666667,,2.072916666666667,0.75,2.0625,/Users/christiankauten/Documents/Projects/Rack/plugins/Fourier/.build/spec012/confirm-02-short-hop/workload-0000-repeat-00.csv,05d243c14240c3a6e6658f9184694f2432c65855c8ae16e3abed7606aba899f1
3aeff8d50243a034,m1-pro-16gb-local,ca541c12c56a830ecbe3b9911bf8b1da03ae3f61bfb9fd44ec072a6f173c1b48,aligned,core-float,64,0,0,2368,1,37,0,128,callback,48000,0,steady,1,64,spec012-confirm-02,1,26.581404402449323,ns/engine-sample,2368,151552,3.1573333333333333,4096,4028465.0,4028.465,1708.0,1750.0,1792.0,7167.0,1.708,1.75,1.792,7.167,1333.3333333333333,0,0.0,0.042,0.042,0.75,1.3229166666666667,,2.072916666666667,0.75,2.0625,/Users/christiankauten/Documents/Projects/Rack/plugins/Fourier/.build/spec012/confirm-02-short-hop/workload-0000-repeat-01.csv,e0b7b1d2a5e7ab92fa069507b0bccb11b10e582e2f9d7444e57814a27d81989b
3aeff8d50243a034,m1-pro-16gb-local,ca541c12c56a830ecbe3b9911bf8b1da03ae3f61bfb9fd44ec072a6f173c1b48,aligned,core-float,64,0,0,2368,1,37,0,128,callback,48000,0,steady,1,64,spec012-confirm-02,2,26.64717720650338,ns/engine-sample,2368,151552,3.1573333333333333,4096,4038433.0,4038.433,1708.0,1750.0,1792.0,8833.0,1.708,1.75,1.792,8.833,1333.3333333333333,0,0.0,0.042,0.042,0.75,1.3229166666666667,,2.072916666666667,0.75,2.0625,/Users/christiankauten/Documents/Projects/Rack/plugins/Fourier/.build/spec012/confirm-02-short-hop/workload-0000-repeat-02.csv,d1ba7be6b851205301cfcaf9c7e8ab251021a6cf751249eaca0dffd6975e82dc
3aeff8d50243a034,m1-pro-16gb-local,ca541c12c56a830ecbe3b9911bf8b1da03ae3f61bfb9fd44ec072a6f173c1b48,aligned,core-float,64,0,0,2368,1,37,0,128,callback,48000,0,steady,1,64,spec012-confirm-03,0,27.027007231841218,ns/engine-sample,2368,151552,3.1573333333333333,4096,4095997.0,4095.997,1708.0,1792.0,1916.0,25458.0,1.708,1.792,1.916,25.458,1333.3333333333333,0,0.0,0.042,0.042,0.75,1.3229166666666667,,2.072916666666667,0.75,2.0625,/Users/christiankauten/Documents/Projects/Rack/plugins/Fourier/.build/spec012/confirm-03-short-hop/workload-0000-repeat-00.csv,aed6cbec5f4bf52fa7e4e32d6eeffd6d30be1b64403354c27a57e8ddf9aacafb
3aeff8d50243a034,m1-pro-16gb-local,ca541c12c56a830ecbe3b9911bf8b1da03ae3f61bfb9fd44ec072a6f173c1b48,aligned,core-float,64,0,0,2368,1,37,0,128,callback,48000,0,steady,1,64,spec012-confirm-03,1,27.19456688133446,ns/engine-sample,2368,151552,3.1573333333333333,4096,4121391.0,4121.391,1709.0,1833.0,1917.0,15125.0,1.709,1.833,1.917,15.125,1333.3333333333333,0,0.0,0.042,0.042,0.75,1.3229166666666667,,2.072916666666667,0.75,2.0625,/Users/christiankauten/Documents/Projects/Rack/plugins/Fourier/.build/spec012/confirm-03-short-hop/workload-0000-repeat-01.csv,dd19c78aceca0ee720449bd095ab2ad1eea19cfd77b3bc65e71929b095145f68
3aeff8d50243a034,m1-pro-16gb-local,ca541c12c56a830ecbe3b9911bf8b1da03ae3f61bfb9fd44ec072a6f173c1b48,aligned,core-float,64,0,0,2368,1,37,0,128,callback,48000,0,steady,1,64,spec012-confirm-03,2,27.03268185177365,ns/engine-sample,2368,151552,3.1573333333333333,4096,4096857.0,4096.857,1708.0,1792.0,1875.0,15500.0,1.708,1.792,1.875,15.5,1333.3333333333333,0,0.0,0.042,0.042,0.75,1.3229166666666667,,2.072916666666667,0.75,2.0625,/Users/christiankauten/Documents/Projects/Rack/plugins/Fourier/.build/spec012/confirm-03-short-hop/workload-0000-repeat-02.csv,5db4e9fbb7f912705022d8caf07b2ebf4f99722ab9bd6782d19ba28a488ddcae
3aeff8d50243a034,m1-pro-16gb-local,cb3c0f4b4671335db71b108631734b730ccb4a7ea6e04930f239d20b1423307e,aligned,fftw-analysis-float,64,0,0,2368,1,37,0,128,callback,48000,0,steady,1,64,spec012-confirm-01,0,13.91849002322635,ns/engine-sample,2368,151552,3.1573333333333333,4096,2109375.0,2109.375,958.0,1000.0,1000.0,7708.0,0.958,1.0,1.0,7.708,1333.3333333333333,0,0.0,0.042,0.042,0.0,1.3229166666666667,,1.3229166666666667,0.0,1.3125,/Users/christiankauten/Documents/Projects/Rack/plugins/Fourier/.build/spec012/confirm-01-short-hop/workload-0004-repeat-00.csv,fc262539191792edad84478595f64b4b73b1049f6acb7ff2baf728f0e75d426a
3aeff8d50243a034,m1-pro-16gb-local,cb3c0f4b4671335db71b108631734b730ccb4a7ea6e04930f239d20b1423307e,aligned,fftw-analysis-float,64,0,0,2368,1,37,0,128,callback,48000,0,steady,1,64,spec012-confirm-01,1,13.91378536739865,ns/engine-sample,2368,151552,3.1573333333333333,4096,2108662.0,2108.662,958.0,1000.0,1000.0,8542.0,0.958,1.0,1.0,8.542,1333.3333333333333,0,0.0,0.042,0.042,0.0,1.3229166666666667,,1.3229166666666667,0.0,1.3125,/Users/christiankauten/Documents/Projects/Rack/plugins/Fourier/.build/spec012/confirm-01-short-hop/workload-0004-repeat-01.csv,026afded45fd5352c2e815284908e2f0e2bf57d6b669e4fdfe58960a3e6b69e3
3aeff8d50243a034,m1-pro-16gb-local,cb3c0f4b4671335db71b108631734b730ccb4a7ea6e04930f239d20b1423307e,aligned,fftw-analysis-float,64,0,0,2368,1,37,0,128,callback,48000,0,steady,1,64,spec012-confirm-01,2,13.865834828969595,ns/engine-sample,2368,151552,3.1573333333333333,4096,2101395.0,2101.395,958.0,1000.0,1041.0,1125.0,0.958,1.0,1.041,1.125,1333.3333333333333,0,0.0,0.042,0.042,0.0,1.3229166666666667,,1.3229166666666667,0.0,1.3125,/Users/christiankauten/Documents/Projects/Rack/plugins/Fourier/.build/spec012/confirm-01-short-hop/workload-0004-repeat-02.csv,90d2fbd47116c0036da964a31199adbe151e9929c940c010372605f77dc176b6
3aeff8d50243a034,m1-pro-16gb-local,cb3c0f4b4671335db71b108631734b730ccb4a7ea6e04930f239d20b1423307e,aligned,fftw-analysis-float,64,0,0,2368,1,37,0,128,callback,48000,0,steady,1,64,spec012-confirm-02,0,13.904224292652026,ns/engine-sample,2368,151552,3.1573333333333333,4096,2107213.0,2107.213,958.0,1000.0,1000.0,8000.0,0.958,1.0,1.0,8.0,1333.3333333333333,0,0.0,0.042,0.042,0.0,1.3229166666666667,,1.3229166666666667,0.0,1.3125,/Users/christiankauten/Documents/Projects/Rack/plugins/Fourier/.build/spec012/confirm-02-short-hop/workload-0004-repeat-00.csv,235841f6dfe845548dabd18e9daf99c6dbf5fff07a5fbed10005b2aac19c3f88
3aeff8d50243a034,m1-pro-16gb-local,cb3c0f4b4671335db71b108631734b730ccb4a7ea6e04930f239d20b1423307e,aligned,fftw-analysis-float,64,0,0,2368,1,37,0,128,callback,48000,0,steady,1,64,spec012-confirm-02,1,13.896774704391891,ns/engine-sample,2368,151552,3.1573333333333333,4096,2106084.0,2106.084,958.0,1000.0,1000.0,7042.0,0.958,1.0,1.0,7.042,1333.3333333333333,0,0.0,0.042,0.042,0.0,1.3229166666666667,,1.3229166666666667,0.0,1.3125,/Users/christiankauten/Documents/Projects/Rack/plugins/Fourier/.build/spec012/confirm-02-short-hop/workload-0004-repeat-01.csv,48b36466e77d2d3cc8444ae637d5fbb0d29d0e3fbc3be0d5b819a10b2a3212ab
3aeff8d50243a034,m1-pro-16gb-local,cb3c0f4b4671335db71b108631734b730ccb4a7ea6e04930f239d20b1423307e,aligned,fftw-analysis-float,64,0,0,2368,1,37,0,128,callback,48000,0,steady,1,64,spec012-confirm-02,2,13.839546822212839,ns/engine-sample,2368,151552,3.1573333333333333,4096,2097411.0,2097.411,958.0,1000.0,1000.0,1167.0,0.958,1.0,1.0,1.167,1333.3333333333333,0,0.0,0.042,0.042,0.0,1.3229166666666667,,1.3229166666666667,0.0,1.3125,/Users/christiankauten/Documents/Projects/Rack/plugins/Fourier/.build/spec012/confirm-02-short-hop/workload-0004-repeat-02.csv,683169e538ca2bc214c05b05e1acb589b25d8e4504f2a09b0edbd17391e87829
3aeff8d50243a034,m1-pro-16gb-local,cb3c0f4b4671335db71b108631734b730ccb4a7ea6e04930f239d20b1423307e,aligned,fftw-analysis-float,64,0,0,2368,1,37,0,128,callback,48000,0,steady,1,64,spec012-confirm-03,0,14.263097814611486,ns/engine-sample,2368,151552,3.1573333333333333,4096,2161601.0,2161.601,1000.0,1041.0,1042.0,1125.0,1.0,1.041,1.042,1.125,1333.3333333333333,0,0.0,0.042,0.042,0.0,1.3229166666666667,,1.3229166666666667,0.0,1.3125,/Users/christiankauten/Documents/Projects/Rack/plugins/Fourier/.build/spec012/confirm-03-short-hop/workload-0004-repeat-00.csv,ae0b0e7a9a1c9df06f5516762c9dea845ee95029b199b7588efa12f53a1ceca3
3aeff8d50243a034,m1-pro-16gb-local,cb3c0f4b4671335db71b108631734b730ccb4a7ea6e04930f239d20b1423307e,aligned,fftw-analysis-float,64,0,0,2368,1,37,0,128,callback,48000,0,steady,1,64,spec012-confirm-03,1,13.846105627111486,ns/engine-sample,2368,151552,3.1573333333333333,4096,2098405.0,2098.405,958.0,1000.0,1000.0,1125.0,0.958,1.0,1.0,1.125,1333.3333333333333,0,0.0,0.042,0.042,0.0,1.3229166666666667,,1.3229166666666667,0.0,1.3125,/Users/christiankauten/Documents/Projects/Rack/plugins/Fourier/.build/spec012/confirm-03-short-hop/workload-0004-repeat-01.csv,2a6f4276ff45c1bd7470b0a074ebc1c428a0d59e4d2493dc6ea4205b6083e25d
3aeff8d50243a034,m1-pro-16gb-local,cb3c0f4b4671335db71b108631734b730ccb4a7ea6e04930f239d20b1423307e,aligned,fftw-analysis-float,64,0,0,2368,1,37,0,128,callback,48000,0,steady,1,64,spec012-confirm-03,2,13.849411423141891,ns/engine-sample,2368,151552,3.1573333333333333,4096,2098906.0,2098.906,958.0,1000.0,1000.0,1125.0,0.958,1.0,1.0,1.125,1333.3333333333333,0,0.0,0.042,0.042,0.0,1.3229166666666667,,1.3229166666666667,0.0,1.3125,/Users/christiankauten/Documents/Projects/Rack/plugins/Fourier/.build/spec012/confirm-03-short-hop/workload-0004-repeat-02.csv,0a6161a67f4c61821cedd44fdfb1381339072a0f44496c89ae1e11f44dc35599
3aeff8d50243a034,m1-pro-16gb-local,cbd4b55808a4ce920ab2510078b731f033312f3e0977f7db7c642288851cfcc7,aligned,vdsp-inverse-double,64,0,0,2368,1,37,0,128,throughput,48000,0,steady,1,64,spec012-confirm-01,0,11.77346389358108,ns/engine-sample,1,151552,3.1573333333333333,4096,1784292.0,1784.292,1784292.0,1784292.0,1784292.0,1784292.0,1784.292,1784.292,1784.292,1784.292,,,,0.042,0.042,0.0,0.0,,,0.0,1.3125,/Users/christiankauten/Documents/Projects/Rack/plugins/Fourier/.build/spec012/confirm-01-short-hop/workload-0096-repeat-00.csv,ea15454a312f440458874429a2911658bdb99d869e8af79f5f330c5f0ef2d7c4
3aeff8d50243a034,m1-pro-16gb-local,cbd4b55808a4ce920ab2510078b731f033312f3e0977f7db7c642288851cfcc7,aligned,vdsp-inverse-double,64,0,0,2368,1,37,0,128,throughput,48000,0,steady,1,64,spec012-confirm-01,1,11.839447846283784,ns/engine-sample,1,151552,3.1573333333333333,4096,1794292.0,1794.292,1794292.0,1794292.0,1794292.0,1794292.0,1794.292,1794.292,1794.292,1794.292,,,,0.042,0.042,0.0,0.0,,,0.0,1.3125,/Users/christiankauten/Documents/Projects/Rack/plugins/Fourier/.build/spec012/confirm-01-short-hop/workload-0096-repeat-01.csv,04fa517a3745e4fb978acaf40f178791aac86f6e073f31a61398a178ecce9e5c
3aeff8d50243a034,m1-pro-16gb-local,cbd4b55808a4ce920ab2510078b731f033312f3e0977f7db7c642288851cfcc7,aligned,vdsp-inverse-double,64,0,0,2368,1,37,0,128,throughput,48000,0,steady,1,64,spec012-confirm-01,2,11.78611301731419,ns/engine-sample,1,151552,3.1573333333333333,4096,1786209.0,1786.209,1786209.0,1786209.0,1786209.0,1786209.0,1786.209,1786.209,1786.209,1786.209,,,,0.042,0.042,0.0,0.0,,,0.0,1.3125,/Users/christiankauten/Documents/Projects/Rack/plugins/Fourier/.build/spec012/confirm-01-short-hop/workload-0096-repeat-02.csv,99147b9967bcf2f264aad902928e7f9b73c4bcbe97ef66813a7dacfd1ef2c2af
3aeff8d50243a034,m1-pro-16gb-local,cbd4b55808a4ce920ab2510078b731f033312f3e0977f7db7c642288851cfcc7,aligned,vdsp-inverse-double,64,0,0,2368,1,37,0,128,throughput,48000,0,steady,1,64,spec012-confirm-02,0,11.78170528927365,ns/engine-sample,1,151552,3.1573333333333333,4096,1785541.0,1785.541,1785541.0,1785541.0,1785541.0,1785541.0,1785.541,1785.541,1785.541,1785.541,,,,0.042,0.042,0.0,0.0,,,0.0,1.3125,/Users/christiankauten/Documents/Projects/Rack/plugins/Fourier/.build/spec012/confirm-02-short-hop/workload-0096-repeat-00.csv,bc3b4d65fe61dbbf25876d26245dc33f81b3fc16767074e5637db46378b65c7a
3aeff8d50243a034,m1-pro-16gb-local,cbd4b55808a4ce920ab2510078b731f033312f3e0977f7db7c642288851cfcc7,aligned,vdsp-inverse-double,64,0,0,2368,1,37,0,128,throughput,48000,0,steady,1,64,spec012-confirm-02,1,11.83202465160473,ns/engine-sample,1,151552,3.1573333333333333,4096,1793167.0,1793.167,1793167.0,1793167.0,1793167.0,1793167.0,1793.167,1793.167,1793.167,1793.167,,,,0.042,0.042,0.0,0.0,,,0.0,1.3125,/Users/christiankauten/Documents/Projects/Rack/plugins/Fourier/.build/spec012/confirm-02-short-hop/workload-0096-repeat-01.csv,f9da85590170314278f28f94197919d99914d1bc0fc882b6901431fdff9cff80
3aeff8d50243a034,m1-pro-16gb-local,cbd4b55808a4ce920ab2510078b731f033312f3e0977f7db7c642288851cfcc7,aligned,vdsp-inverse-double,64,0,0,2368,1,37,0,128,throughput,48000,0,steady,1,64,spec012-confirm-02,2,11.803427206503379,ns/engine-sample,1,151552,3.1573333333333333,4096,1788833.0,1788.833,1788833.0,1788833.0,1788833.0,1788833.0,1788.833,1788.833,1788.833,1788.833,,,,0.042,0.042,0.0,0.0,,,0.0,1.3125,/Users/christiankauten/Documents/Projects/Rack/plugins/Fourier/.build/spec012/confirm-02-short-hop/workload-0096-repeat-02.csv,12b1625fce48fbf10fc82537d59e7c8ff052c2445e8c54c72c6e07bd1aba86ff
3aeff8d50243a034,m1-pro-16gb-local,cbd4b55808a4ce920ab2510078b731f033312f3e0977f7db7c642288851cfcc7,aligned,vdsp-inverse-double,64,0,0,2368,1,37,0,128,throughput,48000,0,steady,1,64,spec012-confirm-03,0,12.087983002533784,ns/engine-sample,1,151552,3.1573333333333333,4096,1831958.0,1831.958,1831958.0,1831958.0,1831958.0,1831958.0,1831.958,1831.958,1831.958,1831.958,,,,0.042,0.042,0.0,0.0,,,0.0,1.3125,/Users/christiankauten/Documents/Projects/Rack/plugins/Fourier/.build/spec012/confirm-03-short-hop/workload-0096-repeat-00.csv,1c3dd811ff0c881a3c3bfc93e61a62a9a2b3eac4b3c0979534ca6d36b053a960
3aeff8d50243a034,m1-pro-16gb-local,cbd4b55808a4ce920ab2510078b731f033312f3e0977f7db7c642288851cfcc7,aligned,vdsp-inverse-double,64,0,0,2368,1,37,0,128,throughput,48000,0,steady,1,64,spec012-confirm-03,1,11.764113967483109,ns/engine-sample,1,151552,3.1573333333333333,4096,1782875.0,1782.875,1782875.0,1782875.0,1782875.0,1782875.0,1782.875,1782.875,1782.875,1782.875,,,,0.042,0.125,0.0,0.0,,,0.0,1.3125,/Users/christiankauten/Documents/Projects/Rack/plugins/Fourier/.build/spec012/confirm-03-short-hop/workload-0096-repeat-01.csv,8f6214d49cd0322d5ed38bfc57951a50fc0aee73f9efc612d05700651a4154b3
3aeff8d50243a034,m1-pro-16gb-local,cbd4b55808a4ce920ab2510078b731f033312f3e0977f7db7c642288851cfcc7,aligned,vdsp-inverse-double,64,0,0,2368,1,37,0,128,throughput,48000,0,steady,1,64,spec012-confirm-03,2,11.739647117820946,ns/engine-sample,1,151552,3.1573333333333333,4096,1779167.0,1779.167,1779167.0,1779167.0,1779167.0,1779167.0,1779.167,1779.167,1779.167,1779.167,,,,0.042,0.042,0.0,0.0,,,0.0,1.3125,/Users/christiankauten/Documents/Projects/Rack/plugins/Fourier/.build/spec012/confirm-03-short-hop/workload-0096-repeat-02.csv,2d0e691e19163ade78e8a374b2506704ca603ed3124ccbabeafa2faf92b62b3c
3aeff8d50243a034,m1-pro-16gb-local,cbe45b1f9a1e02590154cfad800ca724e884985dda0834e4c3b3441bc7c8abcc,aligned,legacy-batch-float,64,0,0,2368,1,37,0,128,callback,48000,0,steady,1,64,spec012-confirm-01,0,29.62375950168919,ns/engine-sample,2368,151552,3.1573333333333333,4096,4489540.0,4489.54,2125.0,2167.0,2209.0,12542.0,2.125,2.167,2.209,12.542,1333.3333333333333,0,0.0,0.042,0.042,0.0,1.3229166666666667,,1.3229166666666667,0.0,1.3125,/Users/christiankauten/Documents/Projects/Rack/plugins/Fourier/.build/spec012/confirm-01-short-hop/workload-0001-repeat-00.csv,29982e14942103cb9660e1d1c271e7adafc2e1828e6084f410eaa55d0d4e3dcb
3aeff8d50243a034,m1-pro-16gb-local,cbe45b1f9a1e02590154cfad800ca724e884985dda0834e4c3b3441bc7c8abcc,aligned,legacy-batch-float,64,0,0,2368,1,37,0,128,callback,48000,0,steady,1,64,spec012-confirm-01,1,29.88310942778716,ns/engine-sample,2368,151552,3.1573333333333333,4096,4528845.0,4528.845,2125.0,2167.0,2209.0,10333.0,2.125,2.167,2.209,10.333,1333.3333333333333,0,0.0,0.042,0.042,0.0,1.3229166666666667,,1.3229166666666667,0.0,1.3125,/Users/christiankauten/Documents/Projects/Rack/plugins/Fourier/.build/spec012/confirm-01-short-hop/workload-0001-repeat-01.csv,ee7deb0f624d7340916a6aafa2daf58ff777658106388119f66b06f0cada55db
3aeff8d50243a034,m1-pro-16gb-local,cbe45b1f9a1e02590154cfad800ca724e884985dda0834e4c3b3441bc7c8abcc,aligned,legacy-batch-float,64,0,0,2368,1,37,0,128,callback,48000,0,steady,1,64,spec012-confirm-01,2,29.622730152027028,ns/engine-sample,2368,151552,3.1573333333333333,4096,4489384.0,4489.384,2125.0,2167.0,2209.0,8958.0,2.125,2.167,2.209,8.958,1333.3333333333333,0,0.0,0.042,0.042,0.0,1.3229166666666667,,1.3229166666666667,0.0,1.3125,/Users/christiankauten/Documents/Projects/Rack/plugins/Fourier/.build/spec012/confirm-01-short-hop/workload-0001-repeat-02.csv,586c79a29fd79db222066a6eeec37f5026b3d2ed2dadc7cc162115cbc811f32d
3aeff8d50243a034,m1-pro-16gb-local,cbe45b1f9a1e02590154cfad800ca724e884985dda0834e4c3b3441bc7c8abcc,aligned,legacy-batch-float,64,0,0,2368,1,37,0,128,callback,48000,0,steady,1,64,spec012-confirm-02,0,29.730594119510137,ns/engine-sample,2368,151552,3.1573333333333333,4096,4505731.0,4505.731,2125.0,2167.0,2208.0,9542.0,2.125,2.167,2.208,9.542,1333.3333333333333,0,0.0,0.042,0.083,0.0,1.3229166666666667,,1.3229166666666667,0.0,1.3125,/Users/christiankauten/Documents/Projects/Rack/plugins/Fourier/.build/spec012/confirm-02-short-hop/workload-0001-repeat-00.csv,0061d5045b83119f764941d2751c6d7a9a2b020871cd1f32f61086a22ea14315
3aeff8d50243a034,m1-pro-16gb-local,cbe45b1f9a1e02590154cfad800ca724e884985dda0834e4c3b3441bc7c8abcc,aligned,legacy-batch-float,64,0,0,2368,1,37,0,128,callback,48000,0,steady,1,64,spec012-confirm-02,1,29.60910446579392,ns/engine-sample,2368,151552,3.1573333333333333,4096,4487319.0,4487.319,2125.0,2167.0,2209.0,11000.0,2.125,2.167,2.209,11.0,1333.3333333333333,0,0.0,0.042,0.042,0.0,1.3229166666666667,,1.3229166666666667,0.0,1.3125,/Users/christiankauten/Documents/Projects/Rack/plugins/Fourier/.build/spec012/confirm-02-short-hop/workload-0001-repeat-01.csv,70a3f845de67977f43eb70ebf888b2c25b464de419a12465b9b99abdcef90af0
3aeff8d50243a034,m1-pro-16gb-local,cbe45b1f9a1e02590154cfad800ca724e884985dda0834e4c3b3441bc7c8abcc,aligned,legacy-batch-float,64,0,0,2368,1,37,0,128,callback,48000,0,steady,1,64,spec012-confirm-02,2,29.807973500844593,ns/engine-sample,2368,151552,3.1573333333333333,4096,4517458.0,4517.458,2125.0,2167.0,2209.0,6833.0,2.125,2.167,2.209,6.833,1333.3333333333333,0,0.0,0.042,0.042,0.0,1.3229166666666667,,1.3229166666666667,0.0,1.3125,/Users/christiankauten/Documents/Projects/Rack/plugins/Fourier/.build/spec012/confirm-02-short-hop/workload-0001-repeat-02.csv,25e11dd5f535a4b5a7c59b53801557d66c6cfa5bab5666ddc398f0f06ff9f9ee
3aeff8d50243a034,m1-pro-16gb-local,cbe45b1f9a1e02590154cfad800ca724e884985dda0834e4c3b3441bc7c8abcc,aligned,legacy-batch-float,64,0,0,2368,1,37,0,128,callback,48000,0,steady,1,64,spec012-confirm-03,0,29.98020481418919,ns/engine-sample,2368,151552,3.1573333333333333,4096,4543560.0,4543.56,2166.0,2208.0,2292.0,11417.0,2.166,2.208,2.292,11.417,1333.3333333333333,0,0.0,0.042,0.042,0.0,1.3229166666666667,,1.3229166666666667,0.0,1.3125,/Users/christiankauten/Documents/Projects/Rack/plugins/Fourier/.build/spec012/confirm-03-short-hop/workload-0001-repeat-00.csv,d9340a5e23a12500f049d29db6512b25fb74a2fa463ff340b3420ba7c5ed4426
3aeff8d50243a034,m1-pro-16gb-local,cbe45b1f9a1e02590154cfad800ca724e884985dda0834e4c3b3441bc7c8abcc,aligned,legacy-batch-float,64,0,0,2368,1,37,0,128,callback,48000,0,steady,1,64,spec012-confirm-03,1,29.871753589527028,ns/engine-sample,2368,151552,3.1573333333333333,4096,4527124.0,4527.124,2125.0,2208.0,2250.0,5292.0,2.125,2.208,2.25,5.292,1333.3333333333333,0,0.0,0.042,0.083,0.0,1.3229166666666667,,1.3229166666666667,0.0,1.3125,/Users/christiankauten/Documents/Projects/Rack/plugins/Fourier/.build/spec012/confirm-03-short-hop/workload-0001-repeat-01.csv,d1128d4b04ef1cd39942d2acb08da8e6242e5a8c25661d7b09900828f08fb037
3aeff8d50243a034,m1-pro-16gb-local,cbe45b1f9a1e02590154cfad800ca724e884985dda0834e4c3b3441bc7c8abcc,aligned,legacy-batch-float,64,0,0,2368,1,37,0,128,callback,48000,0,steady,1,64,spec012-confirm-03,2,29.671267947635137,ns/engine-sample,2368,151552,3.1573333333333333,4096,4496740.0,4496.74,2125.0,2167.0,2209.0,9333.0,2.125,2.167,2.209,9.333,1333.3333333333333,0,0.0,0.042,0.042,0.0,1.3229166666666667,,1.3229166666666667,0.0,1.3125,/Users/christiankauten/Documents/Projects/Rack/plugins/Fourier/.build/spec012/confirm-03-short-hop/workload-0001-repeat-02.csv,7b3d16aac5a3107a8748b98ef26272890bae68ceffd65be0344006aa0e715eff
3aeff8d50243a034,m1-pro-16gb-local,cec436e8bda8beaa5d2b8992dc4c84f1146520f1fbd9dd50071b805ba4b51139,aligned,fftw-analysis-double,64,0,0,2368,1,37,0,128,throughput,48000,1,steady,1,64,spec012-confirm-01,0,16.406639305320947,ns/engine-sample,1,151552,3.1573333333333333,4096,2486459.0,2486.459,2486459.0,2486459.0,2486459.0,2486459.0,2486.459,2486.459,2486.459,2486.459,,,,0.042,0.042,0.0,1.3229166666666667,,1.3229166666666667,0.0,1.3125,/Users/christiankauten/Documents/Projects/Rack/plugins/Fourier/.build/spec012/confirm-01-short-hop/workload-0108-repeat-00.csv,2bc613fbb8dd6a5577bdee676bef07d236998bb1f1d8f4e7e8150834ee2440ce
3aeff8d50243a034,m1-pro-16gb-local,cec436e8bda8beaa5d2b8992dc4c84f1146520f1fbd9dd50071b805ba4b51139,aligned,fftw-analysis-double,64,0,0,2368,1,37,0,128,throughput,48000,1,steady,1,64,spec012-confirm-01,1,16.366771801097972,ns/engine-sample,1,151552,3.1573333333333333,4096,2480417.0,2480.417,2480417.0,2480417.0,2480417.0,2480417.0,2480.417,2480.417,2480.417,2480.417,,,,0.042,0.042,0.0,1.3229166666666667,,1.3229166666666667,0.0,1.3125,/Users/christiankauten/Documents/Projects/Rack/plugins/Fourier/.build/spec012/confirm-01-short-hop/workload-0108-repeat-01.csv,7ec1121f1907738d04684ad42bf04134e9a3c7cd38c2f2dd72a9e3e7f2471f11
3aeff8d50243a034,m1-pro-16gb-local,cec436e8bda8beaa5d2b8992dc4c84f1146520f1fbd9dd50071b805ba4b51139,aligned,fftw-analysis-double,64,0,0,2368,1,37,0,128,throughput,48000,1,steady,1,64,spec012-confirm-01,2,16.463543866131758,ns/engine-sample,1,151552,3.1573333333333333,4096,2495083.0,2495.083,2495083.0,2495083.0,2495083.0,2495083.0,2495.083,2495.083,2495.083,2495.083,,,,0.042,0.042,0.0,1.3229166666666667,,1.3229166666666667,0.0,1.3125,/Users/christiankauten/Documents/Projects/Rack/plugins/Fourier/.build/spec012/confirm-01-short-hop/workload-0108-repeat-02.csv,06b55d5f9b43ec0a34a679db33a1483f19e046f950896348a8099051ddf459fb
3aeff8d50243a034,m1-pro-16gb-local,cec436e8bda8beaa5d2b8992dc4c84f1146520f1fbd9dd50071b805ba4b51139,aligned,fftw-analysis-double,64,0,0,2368,1,37,0,128,throughput,48000,1,steady,1,64,spec012-confirm-02,0,16.340925886824323,ns/engine-sample,1,151552,3.1573333333333333,4096,2476500.0,2476.5,2476500.0,2476500.0,2476500.0,2476500.0,2476.5,2476.5,2476.5,2476.5,,,,0.042,0.042,0.0,1.3229166666666667,,1.3229166666666667,0.0,1.3125,/Users/christiankauten/Documents/Projects/Rack/plugins/Fourier/.build/spec012/confirm-02-short-hop/workload-0108-repeat-00.csv,b8a7b3194941d829e6a83650fd85b34509999a310cb6f63a3533c2cbdc981a43
3aeff8d50243a034,m1-pro-16gb-local,cec436e8bda8beaa5d2b8992dc4c84f1146520f1fbd9dd50071b805ba4b51139,aligned,fftw-analysis-double,64,0,0,2368,1,37,0,128,throughput,48000,1,steady,1,64,spec012-confirm-02,1,16.389034786739863,ns/engine-sample,1,151552,3.1573333333333333,4096,2483791.0,2483.791,2483791.0,2483791.0,2483791.0,2483791.0,2483.791,2483.791,2483.791,2483.791,,,,0.042,0.042,0.0,1.3229166666666667,,1.3229166666666667,0.0,1.3125,/Users/christiankauten/Documents/Projects/Rack/plugins/Fourier/.build/spec012/confirm-02-short-hop/workload-0108-repeat-01.csv,0ba99a77a90908fca881c76d296c98031ad6fb3f3a25f2a41d1f7a8b52fdee64
3aeff8d50243a034,m1-pro-16gb-local,cec436e8bda8beaa5d2b8992dc4c84f1146520f1fbd9dd50071b805ba4b51139,aligned,fftw-analysis-double,64,0,0,2368,1,37,0,128,throughput,48000,1,steady,1,64,spec012-confirm-02,2,16.41845703125,ns/engine-sample,1,151552,3.1573333333333333,4096,2488250.0,2488.25,2488250.0,2488250.0,2488250.0,2488250.0,2488.25,2488.25,2488.25,2488.25,,,,0.042,0.083,0.0,1.3229166666666667,,1.3229166666666667,0.0,1.3125,/Users/christiankauten/Documents/Projects/Rack/plugins/Fourier/.build/spec012/confirm-02-short-hop/workload-0108-repeat-02.csv,2eacc3e9783589b29b84b9de0ee3626d0ae7e3b3fb72b67bafeaee166dc39b64
3aeff8d50243a034,m1-pro-16gb-local,cec436e8bda8beaa5d2b8992dc4c84f1146520f1fbd9dd50071b805ba4b51139,aligned,fftw-analysis-double,64,0,0,2368,1,37,0,128,throughput,48000,1,steady,1,64,spec012-confirm-03,0,16.586993243243242,ns/engine-sample,1,151552,3.1573333333333333,4096,2513792.0,2513.792,2513792.0,2513792.0,2513792.0,2513792.0,2513.792,2513.792,2513.792,2513.792,,,,0.042,0.042,0.0,1.3229166666666667,,1.3229166666666667,0.0,1.3125,/Users/christiankauten/Documents/Projects/Rack/plugins/Fourier/.build/spec012/confirm-03-short-hop/workload-0108-repeat-00.csv,bf45bfa25702d56eb0b314a86ed4627a1b702d7d204564228cd94be677d4d460
3aeff8d50243a034,m1-pro-16gb-local,cec436e8bda8beaa5d2b8992dc4c84f1146520f1fbd9dd50071b805ba4b51139,aligned,fftw-analysis-double,64,0,0,2368,1,37,0,128,throughput,48000,1,steady,1,64,spec012-confirm-03,1,16.546023807010137,ns/engine-sample,1,151552,3.1573333333333333,4096,2507583.0,2507.583,2507583.0,2507583.0,2507583.0,2507583.0,2507.583,2507.583,2507.583,2507.583,,,,0.042,0.042,0.0,1.3229166666666667,,1.3229166666666667,0.0,1.3125,/Users/christiankauten/Documents/Projects/Rack/plugins/Fourier/.build/spec012/confirm-03-short-hop/workload-0108-repeat-01.csv,66e128ecc68435e6186c106bae3b6b5319422295a8d4ad99b0c77d989411f127
3aeff8d50243a034,m1-pro-16gb-local,cec436e8bda8beaa5d2b8992dc4c84f1146520f1fbd9dd50071b805ba4b51139,aligned,fftw-analysis-double,64,0,0,2368,1,37,0,128,throughput,48000,1,steady,1,64,spec012-confirm-03,2,16.410756703969593,ns/engine-sample,1,151552,3.1573333333333333,4096,2487083.0,2487.083,2487083.0,2487083.0,2487083.0,2487083.0,2487.083,2487.083,2487.083,2487.083,,,,0.042,0.042,0.0,1.3229166666666667,,1.3229166666666667,0.0,1.3125,/Users/christiankauten/Documents/Projects/Rack/plugins/Fourier/.build/spec012/confirm-03-short-hop/workload-0108-repeat-02.csv,ef1cc5ef8f4124f96f7fd853fba1598233bb9a80c8d0f7f558c12c0bfc8216bd
3aeff8d50243a034,m1-pro-16gb-local,cec9d4e6755505bb72dc9f42c7e8b609a31cf49be97728b1dc611d9d26d75103,aligned,fftw-inverse-float,64,0,0,2368,1,37,0,128,callback,48000,0,steady,1,64,spec012-confirm-01,0,11.513091216216216,ns/engine-sample,2368,151552,3.1573333333333333,4096,1744832.0,1744.832,792.0,833.0,834.0,7333.0,0.792,0.833,0.834,7.333,1333.3333333333333,0,0.0,0.042,0.042,0.0,0.0,,,0.0,1.3125,/Users/christiankauten/Documents/Projects/Rack/plugins/Fourier/.build/spec012/confirm-01-short-hop/workload-0011-repeat-00.csv,ffedb4bcccca0bbaec3ccd912378d53cb2d1efc6c80d0ab5f4968fc6196eff88
3aeff8d50243a034,m1-pro-16gb-local,cec9d4e6755505bb72dc9f42c7e8b609a31cf49be97728b1dc611d9d26d75103,aligned,fftw-inverse-float,64,0,0,2368,1,37,0,128,callback,48000,0,steady,1,64,spec012-confirm-01,1,11.45924171241554,ns/engine-sample,2368,151552,3.1573333333333333,4096,1736671.0,1736.671,792.0,833.0,834.0,875.0,0.792,0.833,0.834,0.875,1333.3333333333333,0,0.0,0.042,0.042,0.0,0.0,,,0.0,1.3125,/Users/christiankauten/Documents/Projects/Rack/plugins/Fourier/.build/spec012/confirm-01-short-hop/workload-0011-repeat-01.csv,044edea590cea07db71710e1fa2e96b35fe5f7ed3860dda47f38960751d834e5
3aeff8d50243a034,m1-pro-16gb-local,cec9d4e6755505bb72dc9f42c7e8b609a31cf49be97728b1dc611d9d26d75103,aligned,fftw-inverse-float,64,0,0,2368,1,37,0,128,callback,48000,0,steady,1,64,spec012-confirm-01,2,11.46607764991554,ns/engine-sample,2368,151552,3.1573333333333333,4096,1737707.0,1737.707,792.0,833.0,834.0,959.0,0.792,0.833,0.834,0.959,1333.3333333333333,0,0.0,0.042,0.042,0.0,0.0,,,0.0,1.3125,/Users/christiankauten/Documents/Projects/Rack/plugins/Fourier/.build/spec012/confirm-01-short-hop/workload-0011-repeat-02.csv,93eb8b3d9463f1075af046e85c21c3ad72e7961854957eedec739a920c07dc89
3aeff8d50243a034,m1-pro-16gb-local,cec9d4e6755505bb72dc9f42c7e8b609a31cf49be97728b1dc611d9d26d75103,aligned,fftw-inverse-float,64,0,0,2368,1,37,0,128,callback,48000,0,steady,1,64,spec012-confirm-02,0,11.505179740287161,ns/engine-sample,2368,151552,3.1573333333333333,4096,1743633.0,1743.633,792.0,833.0,834.0,6250.0,0.792,0.833,0.834,6.25,1333.3333333333333,0,0.0,0.042,0.042,0.0,0.0,,,0.0,1.3125,/Users/christiankauten/Documents/Projects/Rack/plugins/Fourier/.build/spec012/confirm-02-short-hop/workload-0011-repeat-00.csv,a68335a8a96b5fe04d46753febec458f94be2b4176801284c3991bc0e4c32f3f
3aeff8d50243a034,m1-pro-16gb-local,cec9d4e6755505bb72dc9f42c7e8b609a31cf49be97728b1dc611d9d26d75103,aligned,fftw-inverse-float,64,0,0,2368,1,37,0,128,callback,48000,0,steady,1,64,spec012-confirm-02,1,11.505668021537161,ns/engine-sample,2368,151552,3.1573333333333333,4096,1743707.0,1743.707,792.0,833.0,834.0,7625.0,0.792,0.833,0.834,7.625,1333.3333333333333,0,0.0,0.042,0.042,0.0,0.0,,,0.0,1.3125,/Users/christiankauten/Documents/Projects/Rack/plugins/Fourier/.build/spec012/confirm-02-short-hop/workload-0011-repeat-01.csv,4f154006d3bec007313e41eb18ce735491a1c6597e9518643e5608c49894a1a0
3aeff8d50243a034,m1-pro-16gb-local,cec9d4e6755505bb72dc9f42c7e8b609a31cf49be97728b1dc611d9d26d75103,aligned,fftw-inverse-float,64,0,0,2368,1,37,0,128,callback,48000,0,steady,1,64,spec012-confirm-02,2,11.491323110219595,ns/engine-sample,2368,151552,3.1573333333333333,4096,1741533.0,1741.533,792.0,833.0,834.0,6042.0,0.792,0.833,0.834,6.042,1333.3333333333333,0,0.0,0.042,0.042,0.0,0.0,,,0.0,1.3125,/Users/christiankauten/Documents/Projects/Rack/plugins/Fourier/.build/spec012/confirm-02-short-hop/workload-0011-repeat-02.csv,b7c6dabccb3ca563afd1aab9bd42ccd5a3d1d48558d0465beef8f12607fb0a31
3aeff8d50243a034,m1-pro-16gb-local,cec9d4e6755505bb72dc9f42c7e8b609a31cf49be97728b1dc611d9d26d75103,aligned,fftw-inverse-float,64,0,0,2368,1,37,0,128,callback,48000,0,steady,1,64,spec012-confirm-03,0,11.860958614864865,ns/engine-sample,2368,151552,3.1573333333333333,4096,1797552.0,1797.552,792.0,875.0,875.0,5500.0,0.792,0.875,0.875,5.5,1333.3333333333333,0,0.0,0.042,0.042,0.0,0.0,,,0.0,1.3125,/Users/christiankauten/Documents/Projects/Rack/plugins/Fourier/.build/spec012/confirm-03-short-hop/workload-0011-repeat-00.csv,043f8fa6e4ac3c4b9b8c1089f93e420d513ac00c72ac10e7ef8c0f0b0b907afa
3aeff8d50243a034,m1-pro-16gb-local,cec9d4e6755505bb72dc9f42c7e8b609a31cf49be97728b1dc611d9d26d75103,aligned,fftw-inverse-float,64,0,0,2368,1,37,0,128,callback,48000,0,steady,1,64,spec012-confirm-03,1,11.57345333614865,ns/engine-sample,2368,151552,3.1573333333333333,4096,1753980.0,1753.98,792.0,834.0,834.0,6583.0,0.792,0.834,0.834,6.583,1333.3333333333333,0,0.0,0.042,0.042,0.0,0.0,,,0.0,1.3125,/Users/christiankauten/Documents/Projects/Rack/plugins/Fourier/.build/spec012/confirm-03-short-hop/workload-0011-repeat-01.csv,63c82c2249e4c9da6604e92b7e48502bf80d65665e317a47740fe921116f69e8
3aeff8d50243a034,m1-pro-16gb-local,cec9d4e6755505bb72dc9f42c7e8b609a31cf49be97728b1dc611d9d26d75103,aligned,fftw-inverse-float,64,0,0,2368,1,37,0,128,callback,48000,0,steady,1,64,spec012-confirm-03,2,11.459155933277026,ns/engine-sample,2368,151552,3.1573333333333333,4096,1736658.0,1736.658,792.0,833.0,834.0,958.0,0.792,0.833,0.834,0.958,1333.3333333333333,0,0.0,0.042,0.042,0.0,0.0,,,0.0,1.3125,/Users/christiankauten/Documents/Projects/Rack/plugins/Fourier/.build/spec012/confirm-03-short-hop/workload-0011-repeat-02.csv,19d136bd47b4182973bab4b5a6138d9ab68b0ab5ddb61a1d43588443b17aa2f1
3aeff8d50243a034,m1-pro-16gb-local,cf75aa3e3d7bf4bcb15e1aaa334f75ff7f16bd82702137d019500ec8a4fff2fe,aligned,legacy-batch-double,64,0,0,2368,1,37,0,128,callback,48000,1,steady,1,64,spec012-confirm-01,0,40.94006677576014,ns/engine-sample,2368,151552,3.1573333333333333,4096,6204549.0,6204.549,2958.0,3000.0,3042.0,10416.0,2.958,3.0,3.042,10.416,1333.3333333333333,0,0.0,0.042,0.042,0.0,1.3229166666666667,,1.3229166666666667,0.0,1.3125,/Users/christiankauten/Documents/Projects/Rack/plugins/Fourier/.build/spec012/confirm-01-short-hop/workload-0084-repeat-00.csv,2661fd2099a27f5c709b2f7268fb94b4c987c19f41e973d80e2a17ce6b64d118
3aeff8d50243a034,m1-pro-16gb-local,cf75aa3e3d7bf4bcb15e1aaa334f75ff7f16bd82702137d019500ec8a4fff2fe,aligned,legacy-batch-double,64,0,0,2368,1,37,0,128,callback,48000,1,steady,1,64,spec012-confirm-01,1,41.007739917652025,ns/engine-sample,2368,151552,3.1573333333333333,4096,6214805.0,6214.805,2958.0,3000.0,3083.0,8500.0,2.958,3.0,3.083,8.5,1333.3333333333333,0,0.0,0.042,0.042,0.0,1.3229166666666667,,1.3229166666666667,0.0,1.3125,/Users/christiankauten/Documents/Projects/Rack/plugins/Fourier/.build/spec012/confirm-01-short-hop/workload-0084-repeat-01.csv,aa334fc2ebea4f20e2d3020351b969d0b896333330180bf6e8412041037289f4
3aeff8d50243a034,m1-pro-16gb-local,cf75aa3e3d7bf4bcb15e1aaa334f75ff7f16bd82702137d019500ec8a4fff2fe,aligned,legacy-batch-double,64,0,0,2368,1,37,0,128,callback,48000,1,steady,1,64,spec012-confirm-01,2,41.052252692145274,ns/engine-sample,2368,151552,3.1573333333333333,4096,6221551.0,6221.551,2958.0,3000.0,3083.0,12291.0,2.958,3.0,3.083,12.291,1333.3333333333333,0,0.0,0.042,0.083,0.0,1.3229166666666667,,1.3229166666666667,0.0,1.3125,/Users/christiankauten/Documents/Projects/Rack/plugins/Fourier/.build/spec012/confirm-01-short-hop/workload-0084-repeat-02.csv,0081ac29c8b64f1048924204e4813ee602e4c6b70fa1d751f83abbc7b5a86bab
3aeff8d50243a034,m1-pro-16gb-local,cf75aa3e3d7bf4bcb15e1aaa334f75ff7f16bd82702137d019500ec8a4fff2fe,aligned,legacy-batch-double,64,0,0,2368,1,37,0,128,callback,48000,1,steady,1,64,spec012-confirm-02,0,41.093565244932435,ns/engine-sample,2368,151552,3.1573333333333333,4096,6227812.0,6227.812,2959.0,3000.0,3125.0,6166.0,2.959,3.0,3.125,6.166,1333.3333333333333,0,0.0,0.042,0.042,0.0,1.3229166666666667,,1.3229166666666667,0.0,1.3125,/Users/christiankauten/Documents/Projects/Rack/plugins/Fourier/.build/spec012/confirm-02-short-hop/workload-0084-repeat-00.csv,c9c7250721e4fa4af7d826576b49b3b5c98b167bf134fa57684af251d2f05915
3aeff8d50243a034,m1-pro-16gb-local,cf75aa3e3d7bf4bcb15e1aaa334f75ff7f16bd82702137d019500ec8a4fff2fe,aligned,legacy-batch-double,64,0,0,2368,1,37,0,128,callback,48000,1,steady,1,64,spec012-confirm-02,1,41.099424619932435,ns/engine-sample,2368,151552,3.1573333333333333,4096,6228700.0,6228.7,2958.0,3042.0,3125.0,13208.0,2.958,3.042,3.125,13.208,1333.3333333333333,0,0.0,0.042,0.083,0.0,1.3229166666666667,,1.3229166666666667,0.0,1.3125,/Users/christiankauten/Documents/Projects/Rack/plugins/Fourier/.build/spec012/confirm-02-short-hop/workload-0084-repeat-01.csv,64880c0f7d087874c2fa794115829f96bae5d67335fd37ed127bc91b4cab2ee7
3aeff8d50243a034,m1-pro-16gb-local,cf75aa3e3d7bf4bcb15e1aaa334f75ff7f16bd82702137d019500ec8a4fff2fe,aligned,legacy-batch-double,64,0,0,2368,1,37,0,128,callback,48000,1,steady,1,64,spec012-confirm-02,2,40.998812288851354,ns/engine-sample,2368,151552,3.1573333333333333,4096,6213452.0,6213.452,2958.0,3041.0,3125.0,12542.0,2.958,3.041,3.125,12.542,1333.3333333333333,0,0.0,0.042,0.042,0.0,1.3229166666666667,,1.3229166666666667,0.0,1.3125,/Users/christiankauten/Documents/Projects/Rack/plugins/Fourier/.build/spec012/confirm-02-short-hop/workload-0084-repeat-02.csv,e7826d601e9096305383d34eead8a12c214a346db33cc17706948b97f7bb1b29
3aeff8d50243a034,m1-pro-16gb-local,cf75aa3e3d7bf4bcb15e1aaa334f75ff7f16bd82702137d019500ec8a4fff2fe,aligned,legacy-batch-double,64,0,0,2368,1,37,0,128,callback,48000,1,steady,1,64,spec012-confirm-03,0,41.135016364020274,ns/engine-sample,2368,151552,3.1573333333333333,4096,6234094.0,6234.094,2958.0,3083.0,3208.0,10125.0,2.958,3.083,3.208,10.125,1333.3333333333333,0,0.0,0.042,0.083,0.0,1.3229166666666667,,1.3229166666666667,0.0,1.3125,/Users/christiankauten/Documents/Projects/Rack/plugins/Fourier/.build/spec012/confirm-03-short-hop/workload-0084-repeat-00.csv,0d377366f8bd28d337ddccc37ca082eeb7ca43ef3e87286d3a77fc8ca8fb3103
3aeff8d50243a034,m1-pro-16gb-local,cf75aa3e3d7bf4bcb15e1aaa334f75ff7f16bd82702137d019500ec8a4fff2fe,aligned,legacy-batch-double,64,0,0,2368,1,37,0,128,callback,48000,1,steady,1,64,spec012-confirm-03,1,41.070655616554056,ns/engine-sample,2368,151552,3.1573333333333333,4096,6224340.0,6224.34,2958.0,3000.0,3083.0,11375.0,2.958,3.0,3.083,11.375,1333.3333333333333,0,0.0,0.042,0.042,0.0,1.3229166666666667,,1.3229166666666667,0.0,1.3125,/Users/christiankauten/Documents/Projects/Rack/plugins/Fourier/.build/spec012/confirm-03-short-hop/workload-0084-repeat-01.csv,79f50f92b49de2aa2cf3a56035e4fb1c9395f6a825ec774934158bc40b2bd028
3aeff8d50243a034,m1-pro-16gb-local,cf75aa3e3d7bf4bcb15e1aaa334f75ff7f16bd82702137d019500ec8a4fff2fe,aligned,legacy-batch-double,64,0,0,2368,1,37,0,128,callback,48000,1,steady,1,64,spec012-confirm-03,2,41.002923089104726,ns/engine-sample,2368,151552,3.1573333333333333,4096,6214075.0,6214.075,2958.0,3000.0,3083.0,7292.0,2.958,3.0,3.083,7.292,1333.3333333333333,0,0.0,0.042,0.042,0.0,1.3229166666666667,,1.3229166666666667,0.0,1.3125,/Users/christiankauten/Documents/Projects/Rack/plugins/Fourier/.build/spec012/confirm-03-short-hop/workload-0084-repeat-02.csv,3242cb18b28be3509999fe30b0ffc66b425cf313a91a54e918c2514ab4e5d74b
3aeff8d50243a034,m1-pro-16gb-local,d043628b9fe101fbc9fec230293e61f4b0562a1b5d1c29c055c5f33837b9eb64,aligned,core-independent4-float,64,0,0,2368,1,37,0,128,throughput,48000,0,steady,1,64,spec012-confirm-01,0,112.41136375633445,ns/engine-sample,1,151552,3.1573333333333333,4096,17036167.0,17036.167,17036167.0,17036167.0,17036167.0,17036167.0,17036.167,17036.167,17036.167,17036.167,,,,0.042,0.042,0.75,1.3229166666666667,,2.072916666666667,0.75,2.0625,/Users/christiankauten/Documents/Projects/Rack/plugins/Fourier/.build/spec012/confirm-01-short-hop/workload-0051-repeat-00.csv,d840401be475694470e7ab4cc1f1b359a143f9a66a1cd15cf2dcb69889a056c4
3aeff8d50243a034,m1-pro-16gb-local,d043628b9fe101fbc9fec230293e61f4b0562a1b5d1c29c055c5f33837b9eb64,aligned,core-independent4-float,64,0,0,2368,1,37,0,128,throughput,48000,0,steady,1,64,spec012-confirm-01,1,113.56855732685811,ns/engine-sample,1,151552,3.1573333333333333,4096,17211542.0,17211.542,17211542.0,17211542.0,17211542.0,17211542.0,17211.542,17211.542,17211.542,17211.542,,,,0.042,0.042,0.75,1.3229166666666667,,2.072916666666667,0.75,2.0625,/Users/christiankauten/Documents/Projects/Rack/plugins/Fourier/.build/spec012/confirm-01-short-hop/workload-0051-repeat-01.csv,ca9d5364113688c27ac3e0463c5dc1746e603bf100339484a55b5f4c947dd1c9
3aeff8d50243a034,m1-pro-16gb-local,d043628b9fe101fbc9fec230293e61f4b0562a1b5d1c29c055c5f33837b9eb64,aligned,core-independent4-float,64,0,0,2368,1,37,0,128,throughput,48000,0,steady,1,64,spec012-confirm-01,2,119.33637959248311,ns/engine-sample,1,151552,3.1573333333333333,4096,18085667.0,18085.667,18085667.0,18085667.0,18085667.0,18085667.0,18085.667,18085.667,18085.667,18085.667,,,,0.042,0.042,0.75,1.3229166666666667,,2.072916666666667,0.75,2.0625,/Users/christiankauten/Documents/Projects/Rack/plugins/Fourier/.build/spec012/confirm-01-short-hop/workload-0051-repeat-02.csv,7e8766ab87bd2a8ab5cc9206067b2e440941700c3f402ba22c2e381e32c079f4
3aeff8d50243a034,m1-pro-16gb-local,d043628b9fe101fbc9fec230293e61f4b0562a1b5d1c29c055c5f33837b9eb64,aligned,core-independent4-float,64,0,0,2368,1,37,0,128,throughput,48000,0,steady,1,64,spec012-confirm-02,0,111.63082638302365,ns/engine-sample,1,151552,3.1573333333333333,4096,16917875.0,16917.875,16917875.0,16917875.0,16917875.0,16917875.0,16917.875,16917.875,16917.875,16917.875,,,,0.042,0.042,0.75,1.3229166666666667,,2.072916666666667,0.75,2.0625,/Users/christiankauten/Documents/Projects/Rack/plugins/Fourier/.build/spec012/confirm-02-short-hop/workload-0051-repeat-00.csv,8681fb1fa58b2bd4f516ec429f4b578018318ee19209f2286ce494f76e212220
3aeff8d50243a034,m1-pro-16gb-local,d043628b9fe101fbc9fec230293e61f4b0562a1b5d1c29c055c5f33837b9eb64,aligned,core-independent4-float,64,0,0,2368,1,37,0,128,throughput,48000,0,steady,1,64,spec012-confirm-02,1,109.1973975929054,ns/engine-sample,1,151552,3.1573333333333333,4096,16549084.0,16549.084,16549084.0,16549084.0,16549084.0,16549084.0,16549.084,16549.084,16549.084,16549.084,,,,0.042,0.083,0.75,1.3229166666666667,,2.072916666666667,0.75,2.0625,/Users/christiankauten/Documents/Projects/Rack/plugins/Fourier/.build/spec012/confirm-02-short-hop/workload-0051-repeat-01.csv,117104dfcc171ac6a6b4740c66c14603f31e8ed1555510f6064d6a5c8573838e
3aeff8d50243a034,m1-pro-16gb-local,d043628b9fe101fbc9fec230293e61f4b0562a1b5d1c29c055c5f33837b9eb64,aligned,core-independent4-float,64,0,0,2368,1,37,0,128,throughput,48000,0,steady,1,64,spec012-confirm-02,2,113.9611618454392,ns/engine-sample,1,151552,3.1573333333333333,4096,17271042.0,17271.042,17271042.0,17271042.0,17271042.0,17271042.0,17271.042,17271.042,17271.042,17271.042,,,,0.042,0.042,0.75,1.3229166666666667,,2.072916666666667,0.75,2.0625,/Users/christiankauten/Documents/Projects/Rack/plugins/Fourier/.build/spec012/confirm-02-short-hop/workload-0051-repeat-02.csv,c88182fe519f40b8095d8d43835772c74b38c3c0b08edf4e0ddd581e3f110ea2
3aeff8d50243a034,m1-pro-16gb-local,d043628b9fe101fbc9fec230293e61f4b0562a1b5d1c29c055c5f33837b9eb64,aligned,core-independent4-float,64,0,0,2368,1,37,0,128,throughput,48000,0,steady,1,64,spec012-confirm-03,0,114.59268105996621,ns/engine-sample,1,151552,3.1573333333333333,4096,17366750.0,17366.75,17366750.0,17366750.0,17366750.0,17366750.0,17366.75,17366.75,17366.75,17366.75,,,,0.042,0.083,0.75,1.3229166666666667,,2.072916666666667,0.75,2.0625,/Users/christiankauten/Documents/Projects/Rack/plugins/Fourier/.build/spec012/confirm-03-short-hop/workload-0051-repeat-00.csv,846dd903f9ba76101d7336aa00f9f2537ccd80b5fbc10b4061ba3517ecc9609c
3aeff8d50243a034,m1-pro-16gb-local,d043628b9fe101fbc9fec230293e61f4b0562a1b5d1c29c055c5f33837b9eb64,aligned,core-independent4-float,64,0,0,2368,1,37,0,128,throughput,48000,0,steady,1,64,spec012-confirm-03,1,113.85916385135135,ns/engine-sample,1,151552,3.1573333333333333,4096,17255584.0,17255.584,17255584.0,17255584.0,17255584.0,17255584.0,17255.584,17255.584,17255.584,17255.584,,,,0.042,0.042,0.75,1.3229166666666667,,2.072916666666667,0.75,2.0625,/Users/christiankauten/Documents/Projects/Rack/plugins/Fourier/.build/spec012/confirm-03-short-hop/workload-0051-repeat-01.csv,5d34f20c6bfe48ddc9fa584f01f3a8f5fa91bc07009b5eb20198a7eae95cfb76
3aeff8d50243a034,m1-pro-16gb-local,d043628b9fe101fbc9fec230293e61f4b0562a1b5d1c29c055c5f33837b9eb64,aligned,core-independent4-float,64,0,0,2368,1,37,0,128,throughput,48000,0,steady,1,64,spec012-confirm-03,2,110.20860166807432,ns/engine-sample,1,151552,3.1573333333333333,4096,16702334.0,16702.334,16702334.0,16702334.0,16702334.0,16702334.0,16702.334,16702.334,16702.334,16702.334,,,,0.042,0.042,0.75,1.3229166666666667,,2.072916666666667,0.75,2.0625,/Users/christiankauten/Documents/Projects/Rack/plugins/Fourier/.build/spec012/confirm-03-short-hop/workload-0051-repeat-02.csv,7e9a00aac3cb8608c0c1dac2c217a5d99aa9b9d064f832eb24e3936eb96670ae
3aeff8d50243a034,m1-pro-16gb-local,d1756a479e5c0aa002e4852ab966c7926cd5c5d438155e38966c1ee687d21edb,aligned,legacy-incremental-double,64,0,0,2368,1,37,0,128,throughput,48000,0,steady,1,64,spec012-confirm-01,0,30.86811787373311,ns/engine-sample,1,151552,3.1573333333333333,4096,4678125.0,4678.125,4678125.0,4678125.0,4678125.0,4678125.0,4678.125,4678.125,4678.125,4678.125,,,,0.042,0.042,0.6458333333333334,1.3229166666666667,,1.96875,0.6458333333333334,1.9583333333333333,/Users/christiankauten/Documents/Projects/Rack/plugins/Fourier/.build/spec012/confirm-01-short-hop/workload-0090-repeat-00.csv,13f93a879d425b4fb125547e9e1d0c9f438bbdecc5fc895115ad8aa30ea14621
3aeff8d50243a034,m1-pro-16gb-local,d1756a479e5c0aa002e4852ab966c7926cd5c5d438155e38966c1ee687d21edb,aligned,legacy-incremental-double,64,0,0,2368,1,37,0,128,throughput,48000,0,steady,1,64,spec012-confirm-01,1,29.371931746199323,ns/engine-sample,1,151552,3.1573333333333333,4096,4451375.0,4451.375,4451375.0,4451375.0,4451375.0,4451375.0,4451.375,4451.375,4451.375,4451.375,,,,0.042,0.042,0.6458333333333334,1.3229166666666667,,1.96875,0.6458333333333334,1.9583333333333333,/Users/christiankauten/Documents/Projects/Rack/plugins/Fourier/.build/spec012/confirm-01-short-hop/workload-0090-repeat-01.csv,0677dd7093c0c0798916e572d15b026185459c099833474abe82f930a2914774
3aeff8d50243a034,m1-pro-16gb-local,d1756a479e5c0aa002e4852ab966c7926cd5c5d438155e38966c1ee687d21edb,aligned,legacy-incremental-double,64,0,0,2368,1,37,0,128,throughput,48000,0,steady,1,64,spec012-confirm-01,2,29.4189453125,ns/engine-sample,1,151552,3.1573333333333333,4096,4458500.0,4458.5,4458500.0,4458500.0,4458500.0,4458500.0,4458.5,4458.5,4458.5,4458.5,,,,0.042,0.042,0.6458333333333334,1.3229166666666667,,1.96875,0.6458333333333334,1.9583333333333333,/Users/christiankauten/Documents/Projects/Rack/plugins/Fourier/.build/spec012/confirm-01-short-hop/workload-0090-repeat-02.csv,53e21d4e3f3ead8e4f3b4f6f1f1c50a19b2f83b20ba70a65bbfb9f86abfddb03
3aeff8d50243a034,m1-pro-16gb-local,d1756a479e5c0aa002e4852ab966c7926cd5c5d438155e38966c1ee687d21edb,aligned,legacy-incremental-double,64,0,0,2368,1,37,0,128,throughput,48000,0,steady,1,64,spec012-confirm-02,0,29.19267974028716,ns/engine-sample,1,151552,3.1573333333333333,4096,4424209.0,4424.209,4424209.0,4424209.0,4424209.0,4424209.0,4424.209,4424.209,4424.209,4424.209,,,,0.042,0.042,0.6458333333333334,1.3229166666666667,,1.96875,0.6458333333333334,1.9583333333333333,/Users/christiankauten/Documents/Projects/Rack/plugins/Fourier/.build/spec012/confirm-02-short-hop/workload-0090-repeat-00.csv,f8cdaa9577966cb9a6f56e83b2792e37530ab6315b23894c6289a02ec66b1b29
3aeff8d50243a034,m1-pro-16gb-local,d1756a479e5c0aa002e4852ab966c7926cd5c5d438155e38966c1ee687d21edb,aligned,legacy-incremental-double,64,0,0,2368,1,37,0,128,throughput,48000,0,steady,1,64,spec012-confirm-02,1,29.15500950168919,ns/engine-sample,1,151552,3.1573333333333333,4096,4418500.0,4418.5,4418500.0,4418500.0,4418500.0,4418500.0,4418.5,4418.5,4418.5,4418.5,,,,0.042,0.042,0.6458333333333334,1.3229166666666667,,1.96875,0.6458333333333334,1.9583333333333333,/Users/christiankauten/Documents/Projects/Rack/plugins/Fourier/.build/spec012/confirm-02-short-hop/workload-0090-repeat-01.csv,960ae4d6df50b808aaece1f294ea3091c6a9ec6e9b2db1f38f32f939220ae544
3aeff8d50243a034,m1-pro-16gb-local,d1756a479e5c0aa002e4852ab966c7926cd5c5d438155e38966c1ee687d21edb,aligned,legacy-incremental-double,64,0,0,2368,1,37,0,128,throughput,48000,0,steady,1,64,spec012-confirm-02,2,29.650713946368242,ns/engine-sample,1,151552,3.1573333333333333,4096,4493625.0,4493.625,4493625.0,4493625.0,4493625.0,4493625.0,4493.625,4493.625,4493.625,4493.625,,,,0.042,0.042,0.6458333333333334,1.3229166666666667,,1.96875,0.6458333333333334,1.9583333333333333,/Users/christiankauten/Documents/Projects/Rack/plugins/Fourier/.build/spec012/confirm-02-short-hop/workload-0090-repeat-02.csv,a62eaedf5bb3e30292a4e3b9bcdd4a2f710b4fbb7b5f7db2403ba82dca65e968
3aeff8d50243a034,m1-pro-16gb-local,d1756a479e5c0aa002e4852ab966c7926cd5c5d438155e38966c1ee687d21edb,aligned,legacy-incremental-double,64,0,0,2368,1,37,0,128,throughput,48000,0,steady,1,64,spec012-confirm-03,0,29.498673722550677,ns/engine-sample,1,151552,3.1573333333333333,4096,4470583.0,4470.583,4470583.0,4470583.0,4470583.0,4470583.0,4470.583,4470.583,4470.583,4470.583,,,,0.042,0.042,0.6458333333333334,1.3229166666666667,,1.96875,0.6458333333333334,1.9583333333333333,/Users/christiankauten/Documents/Projects/Rack/plugins/Fourier/.build/spec012/confirm-03-short-hop/workload-0090-repeat-00.csv,5d4bd7f04d4e0fa8261768aede471268e42597e81b0c15b5d4fb42873b3fa966
3aeff8d50243a034,m1-pro-16gb-local,d1756a479e5c0aa002e4852ab966c7926cd5c5d438155e38966c1ee687d21edb,aligned,legacy-incremental-double,64,0,0,2368,1,37,0,128,throughput,48000,0,steady,1,64,spec012-confirm-03,1,29.834096547719593,ns/engine-sample,1,151552,3.1573333333333333,4096,4521417.0,4521.417,4521417.0,4521417.0,4521417.0,4521417.0,4521.417,4521.417,4521.417,4521.417,,,,0.042,0.042,0.6458333333333334,1.3229166666666667,,1.96875,0.6458333333333334,1.9583333333333333,/Users/christiankauten/Documents/Projects/Rack/plugins/Fourier/.build/spec012/confirm-03-short-hop/workload-0090-repeat-01.csv,f6ba837cb7ab5c41d747bb506453a6a392d2b554f0ab32dba322f15da47f194a
3aeff8d50243a034,m1-pro-16gb-local,d1756a479e5c0aa002e4852ab966c7926cd5c5d438155e38966c1ee687d21edb,aligned,legacy-incremental-double,64,0,0,2368,1,37,0,128,throughput,48000,0,steady,1,64,spec012-confirm-03,2,29.80495143581081,ns/engine-sample,1,151552,3.1573333333333333,4096,4517000.0,4517.0,4517000.0,4517000.0,4517000.0,4517000.0,4517.0,4517.0,4517.0,4517.0,,,,0.042,0.042,0.6458333333333334,1.3229166666666667,,1.96875,0.6458333333333334,1.9583333333333333,/Users/christiankauten/Documents/Projects/Rack/plugins/Fourier/.build/spec012/confirm-03-short-hop/workload-0090-repeat-02.csv,11df9cec6986ab9f7708b869a9e86b6ea6c858cc503e67d8a4d55ac1a2f5cbe4
3aeff8d50243a034,m1-pro-16gb-local,d1c2d52aa6a9c8330772ee007bc29541d047cc36cf71e7fb9af2343e78a116c4,aligned,ols-fir-batch-float,64,0,0,2368,1,37,0,128,throughput,48000,0,steady,1,64,spec012-confirm-01,0,89.74889806798987,ns/engine-sample,1,151552,3.1573333333333333,4096,13601625.0,13601.625,13601625.0,13601625.0,13601625.0,13601625.0,13601.625,13601.625,13601.625,13601.625,,,,0.042,0.042,0.0,0.375,0.75,,0.0,1.3125,/Users/christiankauten/Documents/Projects/Rack/plugins/Fourier/.build/spec012/confirm-01-short-hop/workload-0041-repeat-00.csv,f19dd84e29fc788c11d5c130b4ee499765827aa2f08333c4232e06fb0160a1db
3aeff8d50243a034,m1-pro-16gb-local,d1c2d52aa6a9c8330772ee007bc29541d047cc36cf71e7fb9af2343e78a116c4,aligned,ols-fir-batch-float,64,0,0,2368,1,37,0,128,throughput,48000,0,steady,1,64,spec012-confirm-01,1,90.35209697001689,ns/engine-sample,1,151552,3.1573333333333333,4096,13693041.0,13693.041,13693041.0,13693041.0,13693041.0,13693041.0,13693.041,13693.041,13693.041,13693.041,,,,0.042,0.042,0.0,0.375,0.75,,0.0,1.3125,/Users/christiankauten/Documents/Projects/Rack/plugins/Fourier/.build/spec012/confirm-01-short-hop/workload-0041-repeat-01.csv,16e9feccbbc96a97a40228e553e60ca650e8ed9042e5774d0cad383976445321
3aeff8d50243a034,m1-pro-16gb-local,d1c2d52aa6a9c8330772ee007bc29541d047cc36cf71e7fb9af2343e78a116c4,aligned,ols-fir-batch-float,64,0,0,2368,1,37,0,128,throughput,48000,0,steady,1,64,spec012-confirm-01,2,89.44729861697635,ns/engine-sample,1,151552,3.1573333333333333,4096,13555917.0,13555.917,13555917.0,13555917.0,13555917.0,13555917.0,13555.917,13555.917,13555.917,13555.917,,,,0.042,0.042,0.0,0.375,0.75,,0.0,1.3125,/Users/christiankauten/Documents/Projects/Rack/plugins/Fourier/.build/spec012/confirm-01-short-hop/workload-0041-repeat-02.csv,544ae1ebe2d873357b3422bf1de2989dd2e619ca655c9a973aed5a15596d8380
3aeff8d50243a034,m1-pro-16gb-local,d1c2d52aa6a9c8330772ee007bc29541d047cc36cf71e7fb9af2343e78a116c4,aligned,ols-fir-batch-float,64,0,0,2368,1,37,0,128,throughput,48000,0,steady,1,64,spec012-confirm-02,0,89.93337600295608,ns/engine-sample,1,151552,3.1573333333333333,4096,13629583.0,13629.583,13629583.0,13629583.0,13629583.0,13629583.0,13629.583,13629.583,13629.583,13629.583,,,,0.042,0.042,0.0,0.375,0.75,,0.0,1.3125,/Users/christiankauten/Documents/Projects/Rack/plugins/Fourier/.build/spec012/confirm-02-short-hop/workload-0041-repeat-00.csv,94a670c57f513f178d5654c5a8e305ffab2f98e2fc61bd370f0ab725ab626b27
3aeff8d50243a034,m1-pro-16gb-local,d1c2d52aa6a9c8330772ee007bc29541d047cc36cf71e7fb9af2343e78a116c4,aligned,ols-fir-batch-float,64,0,0,2368,1,37,0,128,throughput,48000,0,steady,1,64,spec012-confirm-02,1,90.75350374788852,ns/engine-sample,1,151552,3.1573333333333333,4096,13753875.0,13753.875,13753875.0,13753875.0,13753875.0,13753875.0,13753.875,13753.875,13753.875,13753.875,,,,0.042,0.042,0.0,0.375,0.75,,0.0,1.3125,/Users/christiankauten/Documents/Projects/Rack/plugins/Fourier/.build/spec012/confirm-02-short-hop/workload-0041-repeat-01.csv,bdc8062b23fc46b4663529ba54006967968d137e3e86c654e9ac09cfa18e3638
3aeff8d50243a034,m1-pro-16gb-local,d1c2d52aa6a9c8330772ee007bc29541d047cc36cf71e7fb9af2343e78a116c4,aligned,ols-fir-batch-float,64,0,0,2368,1,37,0,128,throughput,48000,0,steady,1,64,spec012-confirm-02,2,89.76044525971284,ns/engine-sample,1,151552,3.1573333333333333,4096,13603375.0,13603.375,13603375.0,13603375.0,13603375.0,13603375.0,13603.375,13603.375,13603.375,13603.375,,,,0.042,0.042,0.0,0.375,0.75,,0.0,1.3125,/Users/christiankauten/Documents/Projects/Rack/plugins/Fourier/.build/spec012/confirm-02-short-hop/workload-0041-repeat-02.csv,625702a3c6eaf45cce5f005a2b407ed1cfb6b2bbb22f70bcb8a5daa4fccf6e63
3aeff8d50243a034,m1-pro-16gb-local,d1c2d52aa6a9c8330772ee007bc29541d047cc36cf71e7fb9af2343e78a116c4,aligned,ols-fir-batch-float,64,0,0,2368,1,37,0,128,throughput,48000,0,steady,1,64,spec012-confirm-03,0,92.27003272804055,ns/engine-sample,1,151552,3.1573333333333333,4096,13983708.0,13983.708,13983708.0,13983708.0,13983708.0,13983708.0,13983.708,13983.708,13983.708,13983.708,,,,0.042,0.083,0.0,0.375,0.75,,0.0,1.3125,/Users/christiankauten/Documents/Projects/Rack/plugins/Fourier/.build/spec012/confirm-03-short-hop/workload-0041-repeat-00.csv,446f7cfbb9f23c0387e21a738d6495e7c4cd98b821fe58dfef31df7c4c503116
3aeff8d50243a034,m1-pro-16gb-local,d1c2d52aa6a9c8330772ee007bc29541d047cc36cf71e7fb9af2343e78a116c4,aligned,ols-fir-batch-float,64,0,0,2368,1,37,0,128,throughput,48000,0,steady,1,64,spec012-confirm-03,1,90.74058408994932,ns/engine-sample,1,151552,3.1573333333333333,4096,13751917.0,13751.917,13751917.0,13751917.0,13751917.0,13751917.0,13751.917,13751.917,13751.917,13751.917,,,,0.042,0.042,0.0,0.375,0.75,,0.0,1.3125,/Users/christiankauten/Documents/Projects/Rack/plugins/Fourier/.build/spec012/confirm-03-short-hop/workload-0041-repeat-01.csv,1b1f03f8f956a2924498ecaecc0d3e31ac069db28e7536dd8fc574a8db25f0e5
3aeff8d50243a034,m1-pro-16gb-local,d1c2d52aa6a9c8330772ee007bc29541d047cc36cf71e7fb9af2343e78a116c4,aligned,ols-fir-batch-float,64,0,0,2368,1,37,0,128,throughput,48000,0,steady,1,64,spec012-confirm-03,2,90.34384897592905,ns/engine-sample,1,151552,3.1573333333333333,4096,13691791.0,13691.791,13691791.0,13691791.0,13691791.0,13691791.0,13691.791,13691.791,13691.791,13691.791,,,,0.042,0.167,0.0,0.375,0.75,,0.0,1.3125,/Users/christiankauten/Documents/Projects/Rack/plugins/Fourier/.build/spec012/confirm-03-short-hop/workload-0041-repeat-02.csv,0ee35b1398b1b6f30181e3f800ffe58ff3f94dcb9e1d2e7ace3fa97d5b9e1791
3aeff8d50243a034,m1-pro-16gb-local,d1f02a2d4f017cc4893f6a6ccee90a873066afcfdab410eb581b5086ba1b1b1f,aligned,pffft-hybrid-float,64,0,0,2368,1,37,0,128,throughput,48000,0,steady,1,64,spec012-confirm-01,0,26.939327755489863,ns/engine-sample,1,151552,3.1573333333333333,4096,4082709.0,4082.709,4082709.0,4082709.0,4082709.0,4082709.0,4082.709,4082.709,4082.709,4082.709,,,,0.042,0.042,0.75,1.3229166666666667,,2.072916666666667,0.75,2.0625,/Users/christiankauten/Documents/Projects/Rack/plugins/Fourier/.build/spec012/confirm-01-short-hop/workload-0030-repeat-00.csv,a661d5cc94a1a93edde4ad2f41659eb08a1835ac2e20a37156d2f66e2a5b93ec
3aeff8d50243a034,m1-pro-16gb-local,d1f02a2d4f017cc4893f6a6ccee90a873066afcfdab410eb581b5086ba1b1b1f,aligned,pffft-hybrid-float,64,0,0,2368,1,37,0,128,throughput,48000,0,steady,1,64,spec012-confirm-01,1,26.92117557010135,ns/engine-sample,1,151552,3.1573333333333333,4096,4079958.0,4079.958,4079958.0,4079958.0,4079958.0,4079958.0,4079.958,4079.958,4079.958,4079.958,,,,0.042,0.042,0.75,1.3229166666666667,,2.072916666666667,0.75,2.0625,/Users/christiankauten/Documents/Projects/Rack/plugins/Fourier/.build/spec012/confirm-01-short-hop/workload-0030-repeat-01.csv,7ed09d45cf09c469fe1b91f0bc76457d06a66466200a67eae8abc35bf6d87fd1
3aeff8d50243a034,m1-pro-16gb-local,d1f02a2d4f017cc4893f6a6ccee90a873066afcfdab410eb581b5086ba1b1b1f,aligned,pffft-hybrid-float,64,0,0,2368,1,37,0,128,throughput,48000,0,steady,1,64,spec012-confirm-01,2,26.87251900337838,ns/engine-sample,1,151552,3.1573333333333333,4096,4072584.0,4072.584,4072584.0,4072584.0,4072584.0,4072584.0,4072.584,4072.584,4072.584,4072.584,,,,0.042,0.042,0.75,1.3229166666666667,,2.072916666666667,0.75,2.0625,/Users/christiankauten/Documents/Projects/Rack/plugins/Fourier/.build/spec012/confirm-01-short-hop/workload-0030-repeat-02.csv,d20963de9c4f68aaef4b404cdc87ced11cbbae17e635c5a197ac948431eabca6
3aeff8d50243a034,m1-pro-16gb-local,d1f02a2d4f017cc4893f6a6ccee90a873066afcfdab410eb581b5086ba1b1b1f,aligned,pffft-hybrid-float,64,0,0,2368,1,37,0,128,throughput,48000,0,steady,1,64,spec012-confirm-02,0,26.87498680320946,ns/engine-sample,1,151552,3.1573333333333333,4096,4072958.0,4072.958,4072958.0,4072958.0,4072958.0,4072958.0,4072.958,4072.958,4072.958,4072.958,,,,0.042,0.042,0.75,1.3229166666666667,,2.072916666666667,0.75,2.0625,/Users/christiankauten/Documents/Projects/Rack/plugins/Fourier/.build/spec012/confirm-02-short-hop/workload-0030-repeat-00.csv,fb1ca2ba4b0b0b2c3d048902cee5c201ec5323296ee72cce90f10b5d3fb693b9
3aeff8d50243a034,m1-pro-16gb-local,d1f02a2d4f017cc4893f6a6ccee90a873066afcfdab410eb581b5086ba1b1b1f,aligned,pffft-hybrid-float,64,0,0,2368,1,37,0,128,throughput,48000,0,steady,1,64,spec012-confirm-02,1,26.89698585304054,ns/engine-sample,1,151552,3.1573333333333333,4096,4076292.0,4076.292,4076292.0,4076292.0,4076292.0,4076292.0,4076.292,4076.292,4076.292,4076.292,,,,0.042,0.042,0.75,1.3229166666666667,,2.072916666666667,0.75,2.0625,/Users/christiankauten/Documents/Projects/Rack/plugins/Fourier/.build/spec012/confirm-02-short-hop/workload-0030-repeat-01.csv,7cc8032dd0ce98a0bc60fadd5f06762f84cb5c7fc19ffd3530b8fc68a5f54053
3aeff8d50243a034,m1-pro-16gb-local,d1f02a2d4f017cc4893f6a6ccee90a873066afcfdab410eb581b5086ba1b1b1f,aligned,pffft-hybrid-float,64,0,0,2368,1,37,0,128,throughput,48000,0,steady,1,64,spec012-confirm-02,2,26.88406619510135,ns/engine-sample,1,151552,3.1573333333333333,4096,4074334.0,4074.334,4074334.0,4074334.0,4074334.0,4074334.0,4074.334,4074.334,4074.334,4074.334,,,,0.042,0.042,0.75,1.3229166666666667,,2.072916666666667,0.75,2.0625,/Users/christiankauten/Documents/Projects/Rack/plugins/Fourier/.build/spec012/confirm-02-short-hop/workload-0030-repeat-02.csv,68ec74bdef545eafd800c2f5560b92959d04352fd86e205d61c85cadd012acb3
3aeff8d50243a034,m1-pro-16gb-local,d1f02a2d4f017cc4893f6a6ccee90a873066afcfdab410eb581b5086ba1b1b1f,aligned,pffft-hybrid-float,64,0,0,2368,1,37,0,128,throughput,48000,0,steady,1,64,spec012-confirm-03,0,26.882416596283782,ns/engine-sample,1,151552,3.1573333333333333,4096,4074084.0,4074.084,4074084.0,4074084.0,4074084.0,4074084.0,4074.084,4074.084,4074.084,4074.084,,,,0.042,0.042,0.75,1.3229166666666667,,2.072916666666667,0.75,2.0625,/Users/christiankauten/Documents/Projects/Rack/plugins/Fourier/.build/spec012/confirm-03-short-hop/workload-0030-repeat-00.csv,d0d67969a077ae3c21564033191c942847fa3ef6c3b97190126948f6477935ac
3aeff8d50243a034,m1-pro-16gb-local,d1f02a2d4f017cc4893f6a6ccee90a873066afcfdab410eb581b5086ba1b1b1f,aligned,pffft-hybrid-float,64,0,0,2368,1,37,0,128,throughput,48000,0,steady,1,64,spec012-confirm-03,1,26.941247888513512,ns/engine-sample,1,151552,3.1573333333333333,4096,4083000.0,4083.0,4083000.0,4083000.0,4083000.0,4083000.0,4083.0,4083.0,4083.0,4083.0,,,,0.042,0.042,0.75,1.3229166666666667,,2.072916666666667,0.75,2.0625,/Users/christiankauten/Documents/Projects/Rack/plugins/Fourier/.build/spec012/confirm-03-short-hop/workload-0030-repeat-01.csv,ab769563d903a64ae57bbb0d331d20e8c2bf03dad29936f73fe388f74a4118ae
3aeff8d50243a034,m1-pro-16gb-local,d1f02a2d4f017cc4893f6a6ccee90a873066afcfdab410eb581b5086ba1b1b1f,aligned,pffft-hybrid-float,64,0,0,2368,1,37,0,128,throughput,48000,0,steady,1,64,spec012-confirm-03,2,28.2315112964527,ns/engine-sample,1,151552,3.1573333333333333,4096,4278542.0,4278.542,4278542.0,4278542.0,4278542.0,4278542.0,4278.542,4278.542,4278.542,4278.542,,,,0.042,0.042,0.75,1.3229166666666667,,2.072916666666667,0.75,2.0625,/Users/christiankauten/Documents/Projects/Rack/plugins/Fourier/.build/spec012/confirm-03-short-hop/workload-0030-repeat-02.csv,1074ba543d43aef0317e0475342ddb4aaebcc316fbc9949170b39746e5869afd
3aeff8d50243a034,m1-pro-16gb-local,db41af6d4f23b0632c1adef6671af39d500222929c2dbec6fea27543544e02a3,aligned,vdsp-analysis-double,64,0,0,2368,1,37,0,128,callback,48000,0,steady,1,64,spec012-confirm-01,0,15.24972286739865,ns/engine-sample,2368,151552,3.1573333333333333,4096,2311126.0,2311.126,1042.0,1084.0,1084.0,10625.0,1.042,1.084,1.084,10.625,1333.3333333333333,0,0.0,0.042,0.042,0.0,1.3229166666666667,,1.3229166666666667,0.0,1.3125,/Users/christiankauten/Documents/Projects/Rack/plugins/Fourier/.build/spec012/confirm-01-short-hop/workload-0070-repeat-00.csv,21a7ab42c68f6b00335c3b08570c8d4b1ace3d308ce895466c94b1b13d695e8c
3aeff8d50243a034,m1-pro-16gb-local,db41af6d4f23b0632c1adef6671af39d500222929c2dbec6fea27543544e02a3,aligned,vdsp-analysis-double,64,0,0,2368,1,37,0,128,callback,48000,0,steady,1,64,spec012-confirm-01,1,15.32936549831081,ns/engine-sample,2368,151552,3.1573333333333333,4096,2323196.0,2323.196,1083.0,1125.0,1166.0,5250.0,1.083,1.125,1.166,5.25,1333.3333333333333,0,0.0,0.042,0.042,0.0,1.3229166666666667,,1.3229166666666667,0.0,1.3125,/Users/christiankauten/Documents/Projects/Rack/plugins/Fourier/.build/spec012/confirm-01-short-hop/workload-0070-repeat-01.csv,27e9bf7423b5e92ff7189ee439b58109ea6ff6e4cfb8d72840101daa7eb6cc87
3aeff8d50243a034,m1-pro-16gb-local,db41af6d4f23b0632c1adef6671af39d500222929c2dbec6fea27543544e02a3,aligned,vdsp-analysis-double,64,0,0,2368,1,37,0,128,callback,48000,0,steady,1,64,spec012-confirm-01,2,15.198301573057432,ns/engine-sample,2368,151552,3.1573333333333333,4096,2303333.0,2303.333,1042.0,1084.0,1084.0,11500.0,1.042,1.084,1.084,11.5,1333.3333333333333,0,0.0,0.042,0.083,0.0,1.3229166666666667,,1.3229166666666667,0.0,1.3125,/Users/christiankauten/Documents/Projects/Rack/plugins/Fourier/.build/spec012/confirm-01-short-hop/workload-0070-repeat-02.csv,a505716a8aa7ffad1874998d20e2ddb08ce3bb900892daaec938f0c81f854972
3aeff8d50243a034,m1-pro-16gb-local,db41af6d4f23b0632c1adef6671af39d500222929c2dbec6fea27543544e02a3,aligned,vdsp-analysis-double,64,0,0,2368,1,37,0,128,callback,48000,0,steady,1,64,spec012-confirm-02,0,15.216975031672296,ns/engine-sample,2368,151552,3.1573333333333333,4096,2306163.0,2306.163,1042.0,1084.0,1084.0,6333.0,1.042,1.084,1.084,6.333,1333.3333333333333,0,0.0,0.042,0.042,0.0,1.3229166666666667,,1.3229166666666667,0.0,1.3125,/Users/christiankauten/Documents/Projects/Rack/plugins/Fourier/.build/spec012/confirm-02-short-hop/workload-0070-repeat-00.csv,818b3aea87152865100bb0d0a749f3c3a41472e978618490ba7b31f4d0b6735d
3aeff8d50243a034,m1-pro-16gb-local,db41af6d4f23b0632c1adef6671af39d500222929c2dbec6fea27543544e02a3,aligned,vdsp-analysis-double,64,0,0,2368,1,37,0,128,callback,48000,0,steady,1,64,spec012-confirm-02,1,15.175471125422296,ns/engine-sample,2368,151552,3.1573333333333333,4096,2299873.0,2299.873,1042.0,1084.0,1084.0,8208.0,1.042,1.084,1.084,8.208,1333.3333333333333,0,0.0,0.042,0.083,0.0,1.3229166666666667,,1.3229166666666667,0.0,1.3125,/Users/christiankauten/Documents/Projects/Rack/plugins/Fourier/.build/spec012/confirm-02-short-hop/workload-0070-repeat-01.csv,893704cc47ab6dcf66a3774c81afcb30c3114b017393818a8a8d845439832c1c
3aeff8d50243a034,m1-pro-16gb-local,db41af6d4f23b0632c1adef6671af39d500222929c2dbec6fea27543544e02a3,aligned,vdsp-analysis-double,64,0,0,2368,1,37,0,128,callback,48000,0,steady,1,64,spec012-confirm-02,2,15.168826541385135,ns/engine-sample,2368,151552,3.1573333333333333,4096,2298866.0,2298.866,1042.0,1084.0,1084.0,7250.0,1.042,1.084,1.084,7.25,1333.3333333333333,0,0.0,0.042,0.083,0.0,1.3229166666666667,,1.3229166666666667,0.0,1.3125,/Users/christiankauten/Documents/Projects/Rack/plugins/Fourier/.build/spec012/confirm-02-short-hop/workload-0070-repeat-02.csv,91bc9b60e3b51ea3aa956d73073c2d1cfb3d0c96acf6875d10c9a927396b88a1
3aeff8d50243a034,m1-pro-16gb-local,db41af6d4f23b0632c1adef6671af39d500222929c2dbec6fea27543544e02a3,aligned,vdsp-analysis-double,64,0,0,2368,1,37,0,128,callback,48000,0,steady,1,64,spec012-confirm-03,0,15.59449561866554,ns/engine-sample,2368,151552,3.1573333333333333,4096,2363377.0,2363.377,1083.0,1125.0,1125.0,18083.0,1.083,1.125,1.125,18.083,1333.3333333333333,0,0.0,0.042,0.084,0.0,1.3229166666666667,,1.3229166666666667,0.0,1.3125,/Users/christiankauten/Documents/Projects/Rack/plugins/Fourier/.build/spec012/confirm-03-short-hop/workload-0070-repeat-00.csv,fceb63ab371a7cb2c4c5b7abda694cd700cbdff62fe41615e5e7caf0d03d76c9
3aeff8d50243a034,m1-pro-16gb-local,db41af6d4f23b0632c1adef6671af39d500222929c2dbec6fea27543544e02a3,aligned,vdsp-analysis-double,64,0,0,2368,1,37,0,128,callback,48000,0,steady,1,64,spec012-confirm-03,1,15.59840186866554,ns/engine-sample,2368,151552,3.1573333333333333,4096,2363969.0,2363.969,1083.0,1125.0,1125.0,1250.0,1.083,1.125,1.125,1.25,1333.3333333333333,0,0.0,0.042,0.042,0.0,1.3229166666666667,,1.3229166666666667,0.0,1.3125,/Users/christiankauten/Documents/Projects/Rack/plugins/Fourier/.build/spec012/confirm-03-short-hop/workload-0070-repeat-01.csv,9983503601950a741de8e5b8254dbe77ebf27dec5cb1beb9248c9bb8e5dd2cdb
3aeff8d50243a034,m1-pro-16gb-local,db41af6d4f23b0632c1adef6671af39d500222929c2dbec6fea27543544e02a3,aligned,vdsp-analysis-double,64,0,0,2368,1,37,0,128,callback,48000,0,steady,1,64,spec012-confirm-03,2,15.212323163006756,ns/engine-sample,2368,151552,3.1573333333333333,4096,2305458.0,2305.458,1042.0,1084.0,1167.0,1333.0,1.042,1.084,1.167,1.333,1333.3333333333333,0,0.0,0.042,0.042,0.0,1.3229166666666667,,1.3229166666666667,0.0,1.3125,/Users/christiankauten/Documents/Projects/Rack/plugins/Fourier/.build/spec012/confirm-03-short-hop/workload-0070-repeat-02.csv,61c5ec737e7e734879bf1059f2106d32007a5471741444ab3a1563c01074d885
3aeff8d50243a034,m1-pro-16gb-local,dbf01dea2e11d0a99b39072f9af113720148002aaa63d2601ea3a064bbeb65cb,aligned,pffft-analysis4-float,64,0,0,2368,1,37,0,128,callback,48000,0,steady,1,64,spec012-confirm-01,0,44.577089051942565,ns/engine-sample,2368,151552,3.1573333333333333,4096,6755747.0,6755.747,3166.0,3167.0,3250.0,3334.0,3.166,3.167,3.25,3.334,1333.3333333333333,0,0.0,0.042,0.042,0.0,1.3229166666666667,,1.3229166666666667,0.0,1.3125,/Users/christiankauten/Documents/Projects/Rack/plugins/Fourier/.build/spec012/confirm-01-short-hop/workload-0048-repeat-00.csv,4a7e6a52491c856d69a21cb89cd957d5da7089370ffd56c27c26bfd75c6173eb
3aeff8d50243a034,m1-pro-16gb-local,dbf01dea2e11d0a99b39072f9af113720148002aaa63d2601ea3a064bbeb65cb,aligned,pffft-analysis4-float,64,0,0,2368,1,37,0,128,callback,48000,0,steady,1,64,spec012-confirm-01,1,44.628180426520274,ns/engine-sample,2368,151552,3.1573333333333333,4096,6763490.0,6763.49,3166.0,3167.0,3209.0,17542.0,3.166,3.167,3.209,17.542,1333.3333333333333,0,0.0,0.042,0.042,0.0,1.3229166666666667,,1.3229166666666667,0.0,1.3125,/Users/christiankauten/Documents/Projects/Rack/plugins/Fourier/.build/spec012/confirm-01-short-hop/workload-0048-repeat-01.csv,2b80313e49ccc5e8f9bd26f0d4a5661352fe7b688ca3b64ef0780d2a5459295b
3aeff8d50243a034,m1-pro-16gb-local,dbf01dea2e11d0a99b39072f9af113720148002aaa63d2601ea3a064bbeb65cb,aligned,pffft-analysis4-float,64,0,0,2368,1,37,0,128,callback,48000,0,steady,1,64,spec012-confirm-01,2,44.493454391891895,ns/engine-sample,2368,151552,3.1573333333333333,4096,6743072.0,6743.072,3125.0,3167.0,3209.0,3333.0,3.125,3.167,3.209,3.333,1333.3333333333333,0,0.0,0.042,0.042,0.0,1.3229166666666667,,1.3229166666666667,0.0,1.3125,/Users/christiankauten/Documents/Projects/Rack/plugins/Fourier/.build/spec012/confirm-01-short-hop/workload-0048-repeat-02.csv,693989083f5c45a0eb5f252cd9479c3103395154e4840469871b9eab3660b296
3aeff8d50243a034,m1-pro-16gb-local,dbf01dea2e11d0a99b39072f9af113720148002aaa63d2601ea3a064bbeb65cb,aligned,pffft-analysis4-float,64,0,0,2368,1,37,0,128,callback,48000,0,steady,1,64,spec012-confirm-02,0,44.500059385557435,ns/engine-sample,2368,151552,3.1573333333333333,4096,6744073.0,6744.073,3125.0,3167.0,3209.0,3416.0,3.125,3.167,3.209,3.416,1333.3333333333333,0,0.0,0.042,0.042,0.0,1.3229166666666667,,1.3229166666666667,0.0,1.3125,/Users/christiankauten/Documents/Projects/Rack/plugins/Fourier/.build/spec012/confirm-02-short-hop/workload-0048-repeat-00.csv,02b641a7a953bcc299eadf831c8131173a609f1600aeb3de83808249b2300fcc
3aeff8d50243a034,m1-pro-16gb-local,dbf01dea2e11d0a99b39072f9af113720148002aaa63d2601ea3a064bbeb65cb,aligned,pffft-analysis4-float,64,0,0,2368,1,37,0,128,callback,48000,0,steady,1,64,spec012-confirm-02,1,44.564011032516895,ns/engine-sample,2368,151552,3.1573333333333333,4096,6753765.0,6753.765,3166.0,3167.0,3209.0,3375.0,3.166,3.167,3.209,3.375,1333.3333333333333,0,0.0,0.042,0.042,0.0,1.3229166666666667,,1.3229166666666667,0.0,1.3125,/Users/christiankauten/Documents/Projects/Rack/plugins/Fourier/.build/spec012/confirm-02-short-hop/workload-0048-repeat-01.csv,29c24fcf3b9d77c412fca507e36a4e5c991247b12cf02edaba02865d8c3033e2
3aeff8d50243a034,m1-pro-16gb-local,dbf01dea2e11d0a99b39072f9af113720148002aaa63d2601ea3a064bbeb65cb,aligned,pffft-analysis4-float,64,0,0,2368,1,37,0,128,callback,48000,0,steady,1,64,spec012-confirm-02,2,44.705289273648646,ns/engine-sample,2368,151552,3.1573333333333333,4096,6775176.0,6775.176,3166.0,3167.0,3291.0,26375.0,3.166,3.167,3.291,26.375,1333.3333333333333,0,0.0,0.042,0.042,0.0,1.3229166666666667,,1.3229166666666667,0.0,1.3125,/Users/christiankauten/Documents/Projects/Rack/plugins/Fourier/.build/spec012/confirm-02-short-hop/workload-0048-repeat-02.csv,90ae01a0b6771bd59405541d187cf750bd487c6b849797d6068439d3ca13ec06
3aeff8d50243a034,m1-pro-16gb-local,dbf01dea2e11d0a99b39072f9af113720148002aaa63d2601ea3a064bbeb65cb,aligned,pffft-analysis4-float,64,0,0,2368,1,37,0,128,callback,48000,0,steady,1,64,spec012-confirm-03,0,44.72447080869932,ns/engine-sample,2368,151552,3.1573333333333333,4096,6778083.0,6778.083,3166.0,3209.0,3375.0,3750.0,3.166,3.209,3.375,3.75,1333.3333333333333,0,0.0,0.042,0.042,0.0,1.3229166666666667,,1.3229166666666667,0.0,1.3125,/Users/christiankauten/Documents/Projects/Rack/plugins/Fourier/.build/spec012/confirm-03-short-hop/workload-0048-repeat-00.csv,372fab3ba697455a5a786beeffa8b6d945dc23f48863e76f3d8f4741e09177ad
3aeff8d50243a034,m1-pro-16gb-local,dbf01dea2e11d0a99b39072f9af113720148002aaa63d2601ea3a064bbeb65cb,aligned,pffft-analysis4-float,64,0,0,2368,1,37,0,128,callback,48000,0,steady,1,64,spec012-confirm-03,1,44.54775918496622,ns/engine-sample,2368,151552,3.1573333333333333,4096,6751302.0,6751.302,3166.0,3167.0,3209.0,3625.0,3.166,3.167,3.209,3.625,1333.3333333333333,0,0.0,0.042,0.042,0.0,1.3229166666666667,,1.3229166666666667,0.0,1.3125,/Users/christiankauten/Documents/Projects/Rack/plugins/Fourier/.build/spec012/confirm-03-short-hop/workload-0048-repeat-01.csv,9a87c406e3fba55aadfdc0f133e5b3a06bbf4a13d096819e5a22c9153eff76a7
3aeff8d50243a034,m1-pro-16gb-local,dbf01dea2e11d0a99b39072f9af113720148002aaa63d2601ea3a064bbeb65cb,aligned,pffft-analysis4-float,64,0,0,2368,1,37,0,128,callback,48000,0,steady,1,64,spec012-confirm-03,2,44.68063766891892,ns/engine-sample,2368,151552,3.1573333333333333,4096,6771440.0,6771.44,3166.0,3250.0,3292.0,3625.0,3.166,3.25,3.292,3.625,1333.3333333333333,0,0.0,0.042,0.042,0.0,1.3229166666666667,,1.3229166666666667,0.0,1.3125,/Users/christiankauten/Documents/Projects/Rack/plugins/Fourier/.build/spec012/confirm-03-short-hop/workload-0048-repeat-02.csv,99743894f2d94f88977c0337fafbc0359b12725e67c19b8188bbd13cd3a81a0b
3aeff8d50243a034,m1-pro-16gb-local,de5b9787b0fce0b1ab1944b81d5acfc7df881fff69a88352bf6775028e5d7790,aligned,pffft-analysis4-float,64,0,0,2368,1,37,0,128,throughput,48000,1,steady,1,64,spec012-confirm-01,0,49.865174989442565,ns/engine-sample,1,151552,3.1573333333333333,4096,7557167.0,7557.167,7557167.0,7557167.0,7557167.0,7557167.0,7557.167,7557.167,7557.167,7557.167,,,,0.042,0.042,0.0,1.3229166666666667,,1.3229166666666667,0.0,1.3125,/Users/christiankauten/Documents/Projects/Rack/plugins/Fourier/.build/spec012/confirm-01-short-hop/workload-0063-repeat-00.csv,06e1d8caab7923eb19ee7a6c1455246e66632a7c1caf610da827af7bbf3e731a
3aeff8d50243a034,m1-pro-16gb-local,de5b9787b0fce0b1ab1944b81d5acfc7df881fff69a88352bf6775028e5d7790,aligned,pffft-analysis4-float,64,0,0,2368,1,37,0,128,throughput,48000,1,steady,1,64,spec012-confirm-01,1,49.84922666807432,ns/engine-sample,1,151552,3.1573333333333333,4096,7554750.0,7554.75,7554750.0,7554750.0,7554750.0,7554750.0,7554.75,7554.75,7554.75,7554.75,,,,0.042,0.042,0.0,1.3229166666666667,,1.3229166666666667,0.0,1.3125,/Users/christiankauten/Documents/Projects/Rack/plugins/Fourier/.build/spec012/confirm-01-short-hop/workload-0063-repeat-01.csv,3851e73390231f734015351a00b27b9be47fda0a0087fd6b7ed5370d675ce140
3aeff8d50243a034,m1-pro-16gb-local,de5b9787b0fce0b1ab1944b81d5acfc7df881fff69a88352bf6775028e5d7790,aligned,pffft-analysis4-float,64,0,0,2368,1,37,0,128,throughput,48000,1,steady,1,64,spec012-confirm-01,2,49.7763671875,ns/engine-sample,1,151552,3.1573333333333333,4096,7543708.0,7543.708,7543708.0,7543708.0,7543708.0,7543708.0,7543.708,7543.708,7543.708,7543.708,,,,0.042,0.042,0.0,1.3229166666666667,,1.3229166666666667,0.0,1.3125,/Users/christiankauten/Documents/Projects/Rack/plugins/Fourier/.build/spec012/confirm-01-short-hop/workload-0063-repeat-02.csv,746d902341e8ec9fd241929a4189a836f431a6af83ae09a4a1b6643ccac1e608
3aeff8d50243a034,m1-pro-16gb-local,de5b9787b0fce0b1ab1944b81d5acfc7df881fff69a88352bf6775028e5d7790,aligned,pffft-analysis4-float,64,0,0,2368,1,37,0,128,throughput,48000,1,steady,1,64,spec012-confirm-02,0,49.717806429476354,ns/engine-sample,1,151552,3.1573333333333333,4096,7534833.0,7534.833,7534833.0,7534833.0,7534833.0,7534833.0,7534.833,7534.833,7534.833,7534.833,,,,0.042,0.042,0.0,1.3229166666666667,,1.3229166666666667,0.0,1.3125,/Users/christiankauten/Documents/Projects/Rack/plugins/Fourier/.build/spec012/confirm-02-short-hop/workload-0063-repeat-00.csv,3032d11959388759ab8c9bcd0ac303a4848b650b305be5793f86f7def7c77e86
3aeff8d50243a034,m1-pro-16gb-local,de5b9787b0fce0b1ab1944b81d5acfc7df881fff69a88352bf6775028e5d7790,aligned,pffft-analysis4-float,64,0,0,2368,1,37,0,128,throughput,48000,1,steady,1,64,spec012-confirm-02,1,49.79863677153716,ns/engine-sample,1,151552,3.1573333333333333,4096,7547083.0,7547.083,7547083.0,7547083.0,7547083.0,7547083.0,7547.083,7547.083,7547.083,7547.083,,,,0.042,0.042,0.0,1.3229166666666667,,1.3229166666666667,0.0,1.3125,/Users/christiankauten/Documents/Projects/Rack/plugins/Fourier/.build/spec012/confirm-02-short-hop/workload-0063-repeat-01.csv,d9ba0fb93816a5e905ae2541e83cc419a3a7c59b198d90e2c916b5da5b8e8e60
3aeff8d50243a034,m1-pro-16gb-local,de5b9787b0fce0b1ab1944b81d5acfc7df881fff69a88352bf6775028e5d7790,aligned,pffft-analysis4-float,64,0,0,2368,1,37,0,128,throughput,48000,1,steady,1,64,spec012-confirm-02,2,49.768943992820944,ns/engine-sample,1,151552,3.1573333333333333,4096,7542583.0,7542.583,7542583.0,7542583.0,7542583.0,7542583.0,7542.583,7542.583,7542.583,7542.583,,,,0.042,0.042,0.0,1.3229166666666667,,1.3229166666666667,0.0,1.3125,/Users/christiankauten/Documents/Projects/Rack/plugins/Fourier/.build/spec012/confirm-02-short-hop/workload-0063-repeat-02.csv,cf57f82e3ee0105cfd4a836fbbfb4bad46a4718e2087ed1376ab5161ef1136c6
3aeff8d50243a034,m1-pro-16gb-local,de5b9787b0fce0b1ab1944b81d5acfc7df881fff69a88352bf6775028e5d7790,aligned,pffft-analysis4-float,64,0,0,2368,1,37,0,128,throughput,48000,1,steady,1,64,spec012-confirm-03,0,50.781527132601354,ns/engine-sample,1,151552,3.1573333333333333,4096,7696042.0,7696.042,7696042.0,7696042.0,7696042.0,7696042.0,7696.042,7696.042,7696.042,7696.042,,,,0.042,0.084,0.0,1.3229166666666667,,1.3229166666666667,0.0,1.3125,/Users/christiankauten/Documents/Projects/Rack/plugins/Fourier/.build/spec012/confirm-03-short-hop/workload-0063-repeat-00.csv,60fdd7797ef61086fca65d4ade1fd695143416c0e259e0962bbba1ef20918f2e
3aeff8d50243a034,m1-pro-16gb-local,de5b9787b0fce0b1ab1944b81d5acfc7df881fff69a88352bf6775028e5d7790,aligned,pffft-analysis4-float,64,0,0,2368,1,37,0,128,throughput,48000,1,steady,1,64,spec012-confirm-03,1,50.69657279349662,ns/engine-sample,1,151552,3.1573333333333333,4096,7683167.0,7683.167,7683167.0,7683167.0,7683167.0,7683167.0,7683.167,7683.167,7683.167,7683.167,,,,0.042,0.042,0.0,1.3229166666666667,,1.3229166666666667,0.0,1.3125,/Users/christiankauten/Documents/Projects/Rack/plugins/Fourier/.build/spec012/confirm-03-short-hop/workload-0063-repeat-01.csv,cbcb7fedd94f04a686b708b4399b20e7a46f0cda0785bc1634b1f06062fd8764
3aeff8d50243a034,m1-pro-16gb-local,de5b9787b0fce0b1ab1944b81d5acfc7df881fff69a88352bf6775028e5d7790,aligned,pffft-analysis4-float,64,0,0,2368,1,37,0,128,throughput,48000,1,steady,1,64,spec012-confirm-03,2,50.36252243454392,ns/engine-sample,1,151552,3.1573333333333333,4096,7632541.0,7632.541,7632541.0,7632541.0,7632541.0,7632541.0,7632.541,7632.541,7632.541,7632.541,,,,0.042,0.042,0.0,1.3229166666666667,,1.3229166666666667,0.0,1.3125,/Users/christiankauten/Documents/Projects/Rack/plugins/Fourier/.build/spec012/confirm-03-short-hop/workload-0063-repeat-02.csv,c94a8cce253a8f6cb3eef6dd16f27591c83ce46591d3410e1e9f25452d82687f
3aeff8d50243a034,m1-pro-16gb-local,e226d1bd84fd98126c3fb15cf27e1054577bd8daabd6d6e1b66e7fc9a7dc0362,aligned,ols-identity-batch-float,64,0,0,2368,1,37,0,128,callback,48000,0,steady,1,64,spec012-confirm-01,0,90.15421109586148,ns/engine-sample,2368,151552,3.1573333333333333,4096,13663051.0,13663.051,6583.0,6667.0,6875.0,15458.0,6.583,6.667,6.875,15.458,1333.3333333333333,0,0.0,0.042,0.042,0.0,0.375,0.75,,0.0,1.3125,/Users/christiankauten/Documents/Projects/Rack/plugins/Fourier/.build/spec012/confirm-01-short-hop/workload-0013-repeat-00.csv,d2ffc1da9e7c21fba0b9699721d34f7f349e8eed23cdd39fd0ccc7e804ddf258
3aeff8d50243a034,m1-pro-16gb-local,e226d1bd84fd98126c3fb15cf27e1054577bd8daabd6d6e1b66e7fc9a7dc0362,aligned,ols-identity-batch-float,64,0,0,2368,1,37,0,128,callback,48000,0,steady,1,64,spec012-confirm-01,1,89.69478462837837,ns/engine-sample,2368,151552,3.1573333333333333,4096,13593424.0,13593.424,6542.0,6625.0,6709.0,10375.0,6.542,6.625,6.709,10.375,1333.3333333333333,0,0.0,0.042,0.042,0.0,0.375,0.75,,0.0,1.3125,/Users/christiankauten/Documents/Projects/Rack/plugins/Fourier/.build/spec012/confirm-01-short-hop/workload-0013-repeat-01.csv,7a500566159151c41ee7d6901e767c6bd59322123974abd156b9abcc39c0a9bc
3aeff8d50243a034,m1-pro-16gb-local,e226d1bd84fd98126c3fb15cf27e1054577bd8daabd6d6e1b66e7fc9a7dc0362,aligned,ols-identity-batch-float,64,0,0,2368,1,37,0,128,callback,48000,0,steady,1,64,spec012-confirm-01,2,91.87008419552365,ns/engine-sample,2368,151552,3.1573333333333333,4096,13923095.0,13923.095,6667.0,6875.0,6959.0,12084.0,6.667,6.875,6.959,12.084,1333.3333333333333,0,0.0,0.042,0.042,0.0,0.375,0.75,,0.0,1.3125,/Users/christiankauten/Documents/Projects/Rack/plugins/Fourier/.build/spec012/confirm-01-short-hop/workload-0013-repeat-02.csv,3a2290548cc34e11bd2321bf4532121b990386458c9f17bec886015a86f904e5
3aeff8d50243a034,m1-pro-16gb-local,e226d1bd84fd98126c3fb15cf27e1054577bd8daabd6d6e1b66e7fc9a7dc0362,aligned,ols-identity-batch-float,64,0,0,2368,1,37,0,128,callback,48000,0,steady,1,64,spec012-confirm-02,0,91.39035446579392,ns/engine-sample,2368,151552,3.1573333333333333,4096,13850391.0,13850.391,6666.0,6792.0,6875.0,13542.0,6.666,6.792,6.875,13.542,1333.3333333333333,0,0.0,0.042,0.042,0.0,0.375,0.75,,0.0,1.3125,/Users/christiankauten/Documents/Projects/Rack/plugins/Fourier/.build/spec012/confirm-02-short-hop/workload-0013-repeat-00.csv,ad1d3e2a48d10e1da02e06d4504f30341768a2b644981828ba667eb8d759dbd2
3aeff8d50243a034,m1-pro-16gb-local,e226d1bd84fd98126c3fb15cf27e1054577bd8daabd6d6e1b66e7fc9a7dc0362,aligned,ols-identity-batch-float,64,0,0,2368,1,37,0,128,callback,48000,0,steady,1,64,spec012-confirm-02,1,91.65768845016892,ns/engine-sample,2368,151552,3.1573333333333333,4096,13890906.0,13890.906,6667.0,6792.0,6875.0,13542.0,6.667,6.792,6.875,13.542,1333.3333333333333,0,0.0,0.042,0.042,0.0,0.375,0.75,,0.0,1.3125,/Users/christiankauten/Documents/Projects/Rack/plugins/Fourier/.build/spec012/confirm-02-short-hop/workload-0013-repeat-01.csv,39c9b998b54b903fbfecd9e34f60977a9af2d37ce65126d0fbeec6e92ed505f5
3aeff8d50243a034,m1-pro-16gb-local,e226d1bd84fd98126c3fb15cf27e1054577bd8daabd6d6e1b66e7fc9a7dc0362,aligned,ols-identity-batch-float,64,0,0,2368,1,37,0,128,callback,48000,0,steady,1,64,spec012-confirm-02,2,90.9350783889358,ns/engine-sample,2368,151552,3.1573333333333333,4096,13781393.0,13781.393,6625.0,6750.0,6833.0,15792.0,6.625,6.75,6.833,15.792,1333.3333333333333,0,0.0,0.042,0.042,0.0,0.375,0.75,,0.0,1.3125,/Users/christiankauten/Documents/Projects/Rack/plugins/Fourier/.build/spec012/confirm-02-short-hop/workload-0013-repeat-02.csv,e713779759e6ea6986f3dbb019e30f5232a6f65ca82be8ab53e8bd73440a44f7
3aeff8d50243a034,m1-pro-16gb-local,e226d1bd84fd98126c3fb15cf27e1054577bd8daabd6d6e1b66e7fc9a7dc0362,aligned,ols-identity-batch-float,64,0,0,2368,1,37,0,128,callback,48000,0,steady,1,64,spec012-confirm-03,0,90.69962125211148,ns/engine-sample,2368,151552,3.1573333333333333,4096,13745709.0,13745.709,6583.0,6792.0,6917.0,8875.0,6.583,6.792,6.917,8.875,1333.3333333333333,0,0.0,0.042,0.083,0.0,0.375,0.75,,0.0,1.3125,/Users/christiankauten/Documents/Projects/Rack/plugins/Fourier/.build/spec012/confirm-03-short-hop/workload-0013-repeat-00.csv,bf6c76d51809521405f910afff39ebf293971667f9c1c915cf970d6de6d9833d
3aeff8d50243a034,m1-pro-16gb-local,e226d1bd84fd98126c3fb15cf27e1054577bd8daabd6d6e1b66e7fc9a7dc0362,aligned,ols-identity-batch-float,64,0,0,2368,1,37,0,128,callback,48000,0,steady,1,64,spec012-confirm-03,1,91.91901789484797,ns/engine-sample,2368,151552,3.1573333333333333,4096,13930511.0,13930.511,6667.0,6834.0,6917.0,22708.0,6.667,6.834,6.917,22.708,1333.3333333333333,0,0.0,0.042,0.083,0.0,0.375,0.75,,0.0,1.3125,/Users/christiankauten/Documents/Projects/Rack/plugins/Fourier/.build/spec012/confirm-03-short-hop/workload-0013-repeat-01.csv,e74bd0e7b49989b3310058c3cf1b10b0651068a14e457de9b0874b641562e90f
3aeff8d50243a034,m1-pro-16gb-local,e226d1bd84fd98126c3fb15cf27e1054577bd8daabd6d6e1b66e7fc9a7dc0362,aligned,ols-identity-batch-float,64,0,0,2368,1,37,0,128,callback,48000,0,steady,1,64,spec012-confirm-03,2,91.14745433910473,ns/engine-sample,2368,151552,3.1573333333333333,4096,13813579.0,13813.579,6625.0,6792.0,6875.0,25625.0,6.625,6.792,6.875,25.625,1333.3333333333333,0,0.0,0.042,0.042,0.0,0.375,0.75,,0.0,1.3125,/Users/christiankauten/Documents/Projects/Rack/plugins/Fourier/.build/spec012/confirm-03-short-hop/workload-0013-repeat-02.csv,89843bfdcee4ba72f3145e07b962fe311d28e795b6ad3362acea6fe389989a25
3aeff8d50243a034,m1-pro-16gb-local,e23b3a01b42ae5610d0b445e4eecfa294d11c8b6ff957c0056d9f915e29f5d60,aligned,vdsp-ols-fir-float,64,0,0,2368,1,37,0,128,throughput,48000,0,steady,1,64,spec012-confirm-01,0,18.276730099239863,ns/engine-sample,1,151552,3.1573333333333333,4096,2769875.0,2769.875,2769875.0,2769875.0,2769875.0,2769875.0,2769.875,2769.875,2769.875,2769.875,,,,0.042,0.042,0.0,0.375,0.75,,0.0,1.3125,/Users/christiankauten/Documents/Projects/Rack/plugins/Fourier/.build/spec012/confirm-01-short-hop/workload-0045-repeat-00.csv,74280a425de6a621bc90bb6c62f2b7638a4f534a7856018508ba22882b631aaa
3aeff8d50243a034,m1-pro-16gb-local,e23b3a01b42ae5610d0b445e4eecfa294d11c8b6ff957c0056d9f915e29f5d60,aligned,vdsp-ols-fir-float,64,0,0,2368,1,37,0,128,throughput,48000,0,steady,1,64,spec012-confirm-01,1,18.28608002533784,ns/engine-sample,1,151552,3.1573333333333333,4096,2771292.0,2771.292,2771292.0,2771292.0,2771292.0,2771292.0,2771.292,2771.292,2771.292,2771.292,,,,0.042,0.042,0.0,0.375,0.75,,0.0,1.3125,/Users/christiankauten/Documents/Projects/Rack/plugins/Fourier/.build/spec012/confirm-01-short-hop/workload-0045-repeat-01.csv,acb620bf46b3db8d110a8277785df4a68b1b831bb78b44fcd937c9d8a3535c0b
3aeff8d50243a034,m1-pro-16gb-local,e23b3a01b42ae5610d0b445e4eecfa294d11c8b6ff957c0056d9f915e29f5d60,aligned,vdsp-ols-fir-float,64,0,0,2368,1,37,0,128,throughput,48000,0,steady,1,64,spec012-confirm-01,2,18.44581397804054,ns/engine-sample,1,151552,3.1573333333333333,4096,2795500.0,2795.5,2795500.0,2795500.0,2795500.0,2795500.0,2795.5,2795.5,2795.5,2795.5,,,,0.042,0.042,0.0,0.375,0.75,,0.0,1.3125,/Users/christiankauten/Documents/Projects/Rack/plugins/Fourier/.build/spec012/confirm-01-short-hop/workload-0045-repeat-02.csv,d1a2839fdf7bd96a3df1ca9f5ff9b9227303668283573b9dd1ee78691e17b5f0
3aeff8d50243a034,m1-pro-16gb-local,e23b3a01b42ae5610d0b445e4eecfa294d11c8b6ff957c0056d9f915e29f5d60,aligned,vdsp-ols-fir-float,64,0,0,2368,1,37,0,128,throughput,48000,0,steady,1,64,spec012-confirm-02,0,18.2772777660473,ns/engine-sample,1,151552,3.1573333333333333,4096,2769958.0,2769.958,2769958.0,2769958.0,2769958.0,2769958.0,2769.958,2769.958,2769.958,2769.958,,,,0.042,0.042,0.0,0.375,0.75,,0.0,1.3125,/Users/christiankauten/Documents/Projects/Rack/plugins/Fourier/.build/spec012/confirm-02-short-hop/workload-0045-repeat-00.csv,33be70371a27a25936f7b39be4f5b7efb8a44575d265b222af08d7b6ca344e4a
3aeff8d50243a034,m1-pro-16gb-local,e23b3a01b42ae5610d0b445e4eecfa294d11c8b6ff957c0056d9f915e29f5d60,aligned,vdsp-ols-fir-float,64,0,0,2368,1,37,0,128,throughput,48000,0,steady,1,64,spec012-confirm-02,1,18.263533308699323,ns/engine-sample,1,151552,3.1573333333333333,4096,2767875.0,2767.875,2767875.0,2767875.0,2767875.0,2767875.0,2767.875,2767.875,2767.875,2767.875,,,,0.042,0.042,0.0,0.375,0.75,,0.0,1.3125,/Users/christiankauten/Documents/Projects/Rack/plugins/Fourier/.build/spec012/confirm-02-short-hop/workload-0045-repeat-01.csv,14d6ea50fc6c91670bac66316dd52eb0afe6b13038fbd09fa1f7ad04b38177c4
3aeff8d50243a034,m1-pro-16gb-local,e23b3a01b42ae5610d0b445e4eecfa294d11c8b6ff957c0056d9f915e29f5d60,aligned,vdsp-ols-fir-float,64,0,0,2368,1,37,0,128,throughput,48000,0,steady,1,64,spec012-confirm-02,2,18.62424778293919,ns/engine-sample,1,151552,3.1573333333333333,4096,2822542.0,2822.542,2822542.0,2822542.0,2822542.0,2822542.0,2822.542,2822.542,2822.542,2822.542,,,,0.042,0.084,0.0,0.375,0.75,,0.0,1.3125,/Users/christiankauten/Documents/Projects/Rack/plugins/Fourier/.build/spec012/confirm-02-short-hop/workload-0045-repeat-02.csv,ee4e0fb1fb0b07ddbf6305e9eb98bfd831f014ec7e35fbaad645d1ace18ae259
3aeff8d50243a034,m1-pro-16gb-local,e23b3a01b42ae5610d0b445e4eecfa294d11c8b6ff957c0056d9f915e29f5d60,aligned,vdsp-ols-fir-float,64,0,0,2368,1,37,0,128,throughput,48000,0,steady,1,64,spec012-confirm-03,0,18.31742240287162,ns/engine-sample,1,151552,3.1573333333333333,4096,2776042.0,2776.042,2776042.0,2776042.0,2776042.0,2776042.0,2776.042,2776.042,2776.042,2776.042,,,,0.042,0.042,0.0,0.375,0.75,,0.0,1.3125,/Users/christiankauten/Documents/Projects/Rack/plugins/Fourier/.build/spec012/confirm-03-short-hop/workload-0045-repeat-00.csv,36fb514ab3c5c990ed058952e35db093614b23e4f5008a068ef61b0254e9164d
3aeff8d50243a034,m1-pro-16gb-local,e23b3a01b42ae5610d0b445e4eecfa294d11c8b6ff957c0056d9f915e29f5d60,aligned,vdsp-ols-fir-float,64,0,0,2368,1,37,0,128,throughput,48000,0,steady,1,64,spec012-confirm-03,1,18.38725322001689,ns/engine-sample,1,151552,3.1573333333333333,4096,2786625.0,2786.625,2786625.0,2786625.0,2786625.0,2786625.0,2786.625,2786.625,2786.625,2786.625,,,,0.042,0.042,0.0,0.375,0.75,,0.0,1.3125,/Users/christiankauten/Documents/Projects/Rack/plugins/Fourier/.build/spec012/confirm-03-short-hop/workload-0045-repeat-01.csv,437c411ed2b1167f6a18e6806c4829a70be8d020eb393bc78b8bfc166ec44f31
3aeff8d50243a034,m1-pro-16gb-local,e23b3a01b42ae5610d0b445e4eecfa294d11c8b6ff957c0056d9f915e29f5d60,aligned,vdsp-ols-fir-float,64,0,0,2368,1,37,0,128,throughput,48000,0,steady,1,64,spec012-confirm-03,2,18.829345703125,ns/engine-sample,1,151552,3.1573333333333333,4096,2853625.0,2853.625,2853625.0,2853625.0,2853625.0,2853625.0,2853.625,2853.625,2853.625,2853.625,,,,0.042,0.042,0.0,0.375,0.75,,0.0,1.3125,/Users/christiankauten/Documents/Projects/Rack/plugins/Fourier/.build/spec012/confirm-03-short-hop/workload-0045-repeat-02.csv,90a871a27423ef1e5e1d4059e746e12de258f3de3c1cbd6ea1d882980511ae35
3aeff8d50243a034,m1-pro-16gb-local,e42b71b5a47e1bc0b945aac7ad07f87a3527482cd6c9419dd4081697f8d201e1,aligned,core-float,64,0,0,2368,1,37,0,128,throughput,48000,0,steady,1,64,spec012-confirm-01,0,26.34326831714527,ns/engine-sample,1,151552,3.1573333333333333,4096,3992375.0,3992.375,3992375.0,3992375.0,3992375.0,3992375.0,3992.375,3992.375,3992.375,3992.375,,,,0.042,0.042,0.75,1.3229166666666667,,2.072916666666667,0.75,2.0625,/Users/christiankauten/Documents/Projects/Rack/plugins/Fourier/.build/spec012/confirm-01-short-hop/workload-0023-repeat-00.csv,24978aa2d4b0c1086d2a548a4a885480288fb720170bea37f0b61c815eacbb5b
3aeff8d50243a034,m1-pro-16gb-local,e42b71b5a47e1bc0b945aac7ad07f87a3527482cd6c9419dd4081697f8d201e1,aligned,core-float,64,0,0,2368,1,37,0,128,throughput,48000,0,steady,1,64,spec012-confirm-01,1,26.327049461570947,ns/engine-sample,1,151552,3.1573333333333333,4096,3989917.0,3989.917,3989917.0,3989917.0,3989917.0,3989917.0,3989.917,3989.917,3989.917,3989.917,,,,0.042,0.042,0.75,1.3229166666666667,,2.072916666666667,0.75,2.0625,/Users/christiankauten/Documents/Projects/Rack/plugins/Fourier/.build/spec012/confirm-01-short-hop/workload-0023-repeat-01.csv,cd3f068a977acc44de8741702f0a01107043c8439dc44dac2f13e553ab65373f
3aeff8d50243a034,m1-pro-16gb-local,e42b71b5a47e1bc0b945aac7ad07f87a3527482cd6c9419dd4081697f8d201e1,aligned,core-float,64,0,0,2368,1,37,0,128,throughput,48000,0,steady,1,64,spec012-confirm-01,2,26.237423458614863,ns/engine-sample,1,151552,3.1573333333333333,4096,3976334.0,3976.334,3976334.0,3976334.0,3976334.0,3976334.0,3976.334,3976.334,3976.334,3976.334,,,,0.042,0.042,0.75,1.3229166666666667,,2.072916666666667,0.75,2.0625,/Users/christiankauten/Documents/Projects/Rack/plugins/Fourier/.build/spec012/confirm-01-short-hop/workload-0023-repeat-02.csv,3c2f494031a06ef6006c119dbf0fd3e32718075ccb6fc64136dbbd70a68b84ab
3aeff8d50243a034,m1-pro-16gb-local,e42b71b5a47e1bc0b945aac7ad07f87a3527482cd6c9419dd4081697f8d201e1,aligned,core-float,64,0,0,2368,1,37,0,128,throughput,48000,0,steady,1,64,spec012-confirm-02,0,26.016924883868242,ns/engine-sample,1,151552,3.1573333333333333,4096,3942917.0,3942.917,3942917.0,3942917.0,3942917.0,3942917.0,3942.917,3942.917,3942.917,3942.917,,,,0.042,0.042,0.75,1.3229166666666667,,2.072916666666667,0.75,2.0625,/Users/christiankauten/Documents/Projects/Rack/plugins/Fourier/.build/spec012/confirm-02-short-hop/workload-0023-repeat-00.csv,46ffdbda051e6a95f1689a1e2d760d7e889fe83726ee50fc7c8b598dcb0d8067
3aeff8d50243a034,m1-pro-16gb-local,e42b71b5a47e1bc0b945aac7ad07f87a3527482cd6c9419dd4081697f8d201e1,aligned,core-float,64,0,0,2368,1,37,0,128,throughput,48000,0,steady,1,64,spec012-confirm-02,1,26.669334617820947,ns/engine-sample,1,151552,3.1573333333333333,4096,4041791.0,4041.791,4041791.0,4041791.0,4041791.0,4041791.0,4041.791,4041.791,4041.791,4041.791,,,,0.042,0.042,0.75,1.3229166666666667,,2.072916666666667,0.75,2.0625,/Users/christiankauten/Documents/Projects/Rack/plugins/Fourier/.build/spec012/confirm-02-short-hop/workload-0023-repeat-01.csv,f9516a790991e4c130887cc78918facdae84453359f6a64eb9afd4429f7398e0
3aeff8d50243a034,m1-pro-16gb-local,e42b71b5a47e1bc0b945aac7ad07f87a3527482cd6c9419dd4081697f8d201e1,aligned,core-float,64,0,0,2368,1,37,0,128,throughput,48000,0,steady,1,64,spec012-confirm-02,2,26.292130753800677,ns/engine-sample,1,151552,3.1573333333333333,4096,3984625.0,3984.625,3984625.0,3984625.0,3984625.0,3984625.0,3984.625,3984.625,3984.625,3984.625,,,,0.042,0.042,0.75,1.3229166666666667,,2.072916666666667,0.75,2.0625,/Users/christiankauten/Documents/Projects/Rack/plugins/Fourier/.build/spec012/confirm-02-short-hop/workload-0023-repeat-02.csv,4f62318a104690ca6210055175a4679c78f8b2b829c8e8b36a7d41888bfffb33
3aeff8d50243a034,m1-pro-16gb-local,e42b71b5a47e1bc0b945aac7ad07f87a3527482cd6c9419dd4081697f8d201e1,aligned,core-float,64,0,0,2368,1,37,0,128,throughput,48000,0,steady,1,64,spec012-confirm-03,0,25.969357052364863,ns/engine-sample,1,151552,3.1573333333333333,4096,3935708.0,3935.708,3935708.0,3935708.0,3935708.0,3935708.0,3935.708,3935.708,3935.708,3935.708,,,,0.042,0.084,0.75,1.3229166666666667,,2.072916666666667,0.75,2.0625,/Users/christiankauten/Documents/Projects/Rack/plugins/Fourier/.build/spec012/confirm-03-short-hop/workload-0023-repeat-00.csv,6e56bac77baa715a74f219fbd76f4c575f01ae7ecfcde4f3b67ce17d292d7f42
3aeff8d50243a034,m1-pro-16gb-local,e42b71b5a47e1bc0b945aac7ad07f87a3527482cd6c9419dd4081697f8d201e1,aligned,core-float,64,0,0,2368,1,37,0,128,throughput,48000,0,steady,1,64,spec012-confirm-03,1,26.97506466427365,ns/engine-sample,1,151552,3.1573333333333333,4096,4088125.0,4088.125,4088125.0,4088125.0,4088125.0,4088125.0,4088.125,4088.125,4088.125,4088.125,,,,0.042,0.042,0.75,1.3229166666666667,,2.072916666666667,0.75,2.0625,/Users/christiankauten/Documents/Projects/Rack/plugins/Fourier/.build/spec012/confirm-03-short-hop/workload-0023-repeat-01.csv,72af4fc75591f3c51da3de3289e37918e8fc46d4be8083478a93f2cd028c97e2
3aeff8d50243a034,m1-pro-16gb-local,e42b71b5a47e1bc0b945aac7ad07f87a3527482cd6c9419dd4081697f8d201e1,aligned,core-float,64,0,0,2368,1,37,0,128,throughput,48000,0,steady,1,64,spec012-confirm-03,2,26.165659311655407,ns/engine-sample,1,151552,3.1573333333333333,4096,3965458.0,3965.458,3965458.0,3965458.0,3965458.0,3965458.0,3965.458,3965.458,3965.458,3965.458,,,,0.042,0.042,0.75,1.3229166666666667,,2.072916666666667,0.75,2.0625,/Users/christiankauten/Documents/Projects/Rack/plugins/Fourier/.build/spec012/confirm-03-short-hop/workload-0023-repeat-02.csv,4a448fa67ceaf1d55c2ef8f2d5208aac65b00fc713936024ef37ac615c3ae7e8
3aeff8d50243a034,m1-pro-16gb-local,e88493df204530ee8baa423d9ea4fb812a76bd938d5e6112478ca422e71d81c3,aligned,ols-identity-incremental-double,64,0,0,2368,1,37,0,128,throughput,48000,0,steady,1,64,spec012-confirm-01,0,90.81591137035473,ns/engine-sample,1,151552,3.1573333333333333,4096,13763333.0,13763.333,13763333.0,13763333.0,13763333.0,13763333.0,13763.333,13763.333,13763.333,13763.333,,,,0.042,0.042,0.75,0.375,1.5,,0.75,2.0625,/Users/christiankauten/Documents/Projects/Rack/plugins/Fourier/.build/spec012/confirm-01-short-hop/workload-0098-repeat-00.csv,bb6d47368e1f422632f489c0e99db0bd432921edfcde257816d9146f24be7bc3
3aeff8d50243a034,m1-pro-16gb-local,e88493df204530ee8baa423d9ea4fb812a76bd938d5e6112478ca422e71d81c3,aligned,ols-identity-incremental-double,64,0,0,2368,1,37,0,128,throughput,48000,0,steady,1,64,spec012-confirm-01,1,90.70868744721284,ns/engine-sample,1,151552,3.1573333333333333,4096,13747083.0,13747.083,13747083.0,13747083.0,13747083.0,13747083.0,13747.083,13747.083,13747.083,13747.083,,,,0.042,0.042,0.75,0.375,1.5,,0.75,2.0625,/Users/christiankauten/Documents/Projects/Rack/plugins/Fourier/.build/spec012/confirm-01-short-hop/workload-0098-repeat-01.csv,05046a401be8f28015bbaaf933af63864383a9f638094f98355c094add9faed6
3aeff8d50243a034,m1-pro-16gb-local,e88493df204530ee8baa423d9ea4fb812a76bd938d5e6112478ca422e71d81c3,aligned,ols-identity-incremental-double,64,0,0,2368,1,37,0,128,throughput,48000,0,steady,1,64,spec012-confirm-01,2,91.0402634079392,ns/engine-sample,1,151552,3.1573333333333333,4096,13797334.0,13797.334,13797334.0,13797334.0,13797334.0,13797334.0,13797.334,13797.334,13797.334,13797.334,,,,0.042,0.042,0.75,0.375,1.5,,0.75,2.0625,/Users/christiankauten/Documents/Projects/Rack/plugins/Fourier/.build/spec012/confirm-01-short-hop/workload-0098-repeat-02.csv,775d2b897b6b2cb60822ff68251b1f41336514e90a2605c7e0b227e3793c002a
3aeff8d50243a034,m1-pro-16gb-local,e88493df204530ee8baa423d9ea4fb812a76bd938d5e6112478ca422e71d81c3,aligned,ols-identity-incremental-double,64,0,0,2368,1,37,0,128,throughput,48000,0,steady,1,64,spec012-confirm-02,0,91.7847801414696,ns/engine-sample,1,151552,3.1573333333333333,4096,13910167.0,13910.167,13910167.0,13910167.0,13910167.0,13910167.0,13910.167,13910.167,13910.167,13910.167,,,,0.042,0.042,0.75,0.375,1.5,,0.75,2.0625,/Users/christiankauten/Documents/Projects/Rack/plugins/Fourier/.build/spec012/confirm-02-short-hop/workload-0098-repeat-00.csv,127bb63cd1859ce4fc6e3c569d91d3e6bc8e61f9fc11dfe9e39aca0d7e1125c6
3aeff8d50243a034,m1-pro-16gb-local,e88493df204530ee8baa423d9ea4fb812a76bd938d5e6112478ca422e71d81c3,aligned,ols-identity-incremental-double,64,0,0,2368,1,37,0,128,throughput,48000,0,steady,1,64,spec012-confirm-02,1,92.54028980152027,ns/engine-sample,1,151552,3.1573333333333333,4096,14024666.0,14024.666,14024666.0,14024666.0,14024666.0,14024666.0,14024.666,14024.666,14024.666,14024.666,,,,0.042,0.042,0.75,0.375,1.5,,0.75,2.0625,/Users/christiankauten/Documents/Projects/Rack/plugins/Fourier/.build/spec012/confirm-02-short-hop/workload-0098-repeat-01.csv,6c34a26c55b806f1620a46d3b7ffec1523a371260e073567ee3d1c1159fe12b5
3aeff8d50243a034,m1-pro-16gb-local,e88493df204530ee8baa423d9ea4fb812a76bd938d5e6112478ca422e71d81c3,aligned,ols-identity-incremental-double,64,0,0,2368,1,37,0,128,throughput,48000,0,steady,1,64,spec012-confirm-02,2,90.96052839949324,ns/engine-sample,1,151552,3.1573333333333333,4096,13785250.0,13785.25,13785250.0,13785250.0,13785250.0,13785250.0,13785.25,13785.25,13785.25,13785.25,,,,0.042,0.042,0.75,0.375,1.5,,0.75,2.0625,/Users/christiankauten/Documents/Projects/Rack/plugins/Fourier/.build/spec012/confirm-02-short-hop/workload-0098-repeat-02.csv,5406846a4ebf362acb7e2299a472e88cf142c206f8d0e3acc5c715696ad890ea
3aeff8d50243a034,m1-pro-16gb-local,e88493df204530ee8baa423d9ea4fb812a76bd938d5e6112478ca422e71d81c3,aligned,ols-identity-incremental-double,64,0,0,2368,1,37,0,128,throughput,48000,0,steady,1,64,spec012-confirm-03,0,91.44523331925676,ns/engine-sample,1,151552,3.1573333333333333,4096,13858708.0,13858.708,13858708.0,13858708.0,13858708.0,13858708.0,13858.708,13858.708,13858.708,13858.708,,,,0.042,0.083,0.75,0.375,1.5,,0.75,2.0625,/Users/christiankauten/Documents/Projects/Rack/plugins/Fourier/.build/spec012/confirm-03-short-hop/workload-0098-repeat-00.csv,3c99c7459f30646f4ee03207f372c78ce55b550713f980b022601e2bb0c27ea4
3aeff8d50243a034,m1-pro-16gb-local,e88493df204530ee8baa423d9ea4fb812a76bd938d5e6112478ca422e71d81c3,aligned,ols-identity-incremental-double,64,0,0,2368,1,37,0,128,throughput,48000,0,steady,1,64,spec012-confirm-03,1,95.95771748310811,ns/engine-sample,1,151552,3.1573333333333333,4096,14542584.0,14542.584,14542584.0,14542584.0,14542584.0,14542584.0,14542.584,14542.584,14542.584,14542.584,,,,0.042,0.042,0.75,0.375,1.5,,0.75,2.0625,/Users/christiankauten/Documents/Projects/Rack/plugins/Fourier/.build/spec012/confirm-03-short-hop/workload-0098-repeat-01.csv,99ded04ef459516452b201be6804b7a03a97a18b231425373a281da97da93c89
3aeff8d50243a034,m1-pro-16gb-local,e88493df204530ee8baa423d9ea4fb812a76bd938d5e6112478ca422e71d81c3,aligned,ols-identity-incremental-double,64,0,0,2368,1,37,0,128,throughput,48000,0,steady,1,64,spec012-confirm-03,2,91.16645111908784,ns/engine-sample,1,151552,3.1573333333333333,4096,13816458.0,13816.458,13816458.0,13816458.0,13816458.0,13816458.0,13816.458,13816.458,13816.458,13816.458,,,,0.042,0.042,0.75,0.375,1.5,,0.75,2.0625,/Users/christiankauten/Documents/Projects/Rack/plugins/Fourier/.build/spec012/confirm-03-short-hop/workload-0098-repeat-02.csv,783c2c2bdf162996a898787155e47ea3f27d58b79eeeb3fa3a3d5e83abec954e
3aeff8d50243a034,m1-pro-16gb-local,e892bc8146c42f4e07f2b9e7d97644a5d8007b3996daefa46163c2e11b00b03f,aligned,core-double,64,0,0,2368,1,37,0,128,throughput,48000,1,steady,1,64,spec012-confirm-01,0,30.18408862964527,ns/engine-sample,1,151552,3.1573333333333333,4096,4574459.0,4574.459,4574459.0,4574459.0,4574459.0,4574459.0,4574.459,4574.459,4574.459,4574.459,,,,0.042,0.042,0.75,1.3229166666666667,,2.072916666666667,0.75,2.0625,/Users/christiankauten/Documents/Projects/Rack/plugins/Fourier/.build/spec012/confirm-01-short-hop/workload-0105-repeat-00.csv,6386a10b94814eaf846f8bb86ae49d57baf4a6a7f3696ee125dbfecd24b0e5b6
3aeff8d50243a034,m1-pro-16gb-local,e892bc8146c42f4e07f2b9e7d97644a5d8007b3996daefa46163c2e11b00b03f,aligned,core-double,64,0,0,2368,1,37,0,128,throughput,48000,1,steady,1,64,spec012-confirm-01,1,30.189855627111488,ns/engine-sample,1,151552,3.1573333333333333,4096,4575333.0,4575.333,4575333.0,4575333.0,4575333.0,4575333.0,4575.333,4575.333,4575.333,4575.333,,,,0.042,0.042,0.75,1.3229166666666667,,2.072916666666667,0.75,2.0625,/Users/christiankauten/Documents/Projects/Rack/plugins/Fourier/.build/spec012/confirm-01-short-hop/workload-0105-repeat-01.csv,f62278908a74b79d1344ec67310d66f509ae5be73d0f0667c20df857e6ffaa85
3aeff8d50243a034,m1-pro-16gb-local,e892bc8146c42f4e07f2b9e7d97644a5d8007b3996daefa46163c2e11b00b03f,aligned,core-double,64,0,0,2368,1,37,0,128,throughput,48000,1,steady,1,64,spec012-confirm-01,2,30.394683013091218,ns/engine-sample,1,151552,3.1573333333333333,4096,4606375.0,4606.375,4606375.0,4606375.0,4606375.0,4606375.0,4606.375,4606.375,4606.375,4606.375,,,,0.042,0.083,0.75,1.3229166666666667,,2.072916666666667,0.75,2.0625,/Users/christiankauten/Documents/Projects/Rack/plugins/Fourier/.build/spec012/confirm-01-short-hop/workload-0105-repeat-02.csv,944b19983ff757a3f209f41046cc19ac1dd87ec6157f679169c3c7d890ab5696
3aeff8d50243a034,m1-pro-16gb-local,e892bc8146c42f4e07f2b9e7d97644a5d8007b3996daefa46163c2e11b00b03f,aligned,core-double,64,0,0,2368,1,37,0,128,throughput,48000,1,steady,1,64,spec012-confirm-02,0,30.619305584881758,ns/engine-sample,1,151552,3.1573333333333333,4096,4640417.0,4640.417,4640417.0,4640417.0,4640417.0,4640417.0,4640.417,4640.417,4640.417,4640.417,,,,0.042,0.042,0.75,1.3229166666666667,,2.072916666666667,0.75,2.0625,/Users/christiankauten/Documents/Projects/Rack/plugins/Fourier/.build/spec012/confirm-02-short-hop/workload-0105-repeat-00.csv,c7258092e23e2ef0f872c51f4b4afae01c76b8f14c543312072342f7e1f66caf
3aeff8d50243a034,m1-pro-16gb-local,e892bc8146c42f4e07f2b9e7d97644a5d8007b3996daefa46163c2e11b00b03f,aligned,core-double,64,0,0,2368,1,37,0,128,throughput,48000,1,steady,1,64,spec012-confirm-02,1,30.120849609375,ns/engine-sample,1,151552,3.1573333333333333,4096,4564875.0,4564.875,4564875.0,4564875.0,4564875.0,4564875.0,4564.875,4564.875,4564.875,4564.875,,,,0.042,0.042,0.75,1.3229166666666667,,2.072916666666667,0.75,2.0625,/Users/christiankauten/Documents/Projects/Rack/plugins/Fourier/.build/spec012/confirm-02-short-hop/workload-0105-repeat-01.csv,17c21b7c64995ecd52e99a2f527a3c2733c79fae78f2152f5af26834c8e342b7
3aeff8d50243a034,m1-pro-16gb-local,e892bc8146c42f4e07f2b9e7d97644a5d8007b3996daefa46163c2e11b00b03f,aligned,core-double,64,0,0,2368,1,37,0,128,throughput,48000,1,steady,1,64,spec012-confirm-02,2,30.253094647381758,ns/engine-sample,1,151552,3.1573333333333333,4096,4584917.0,4584.917,4584917.0,4584917.0,4584917.0,4584917.0,4584.917,4584.917,4584.917,4584.917,,,,0.042,0.042,0.75,1.3229166666666667,,2.072916666666667,0.75,2.0625,/Users/christiankauten/Documents/Projects/Rack/plugins/Fourier/.build/spec012/confirm-02-short-hop/workload-0105-repeat-02.csv,aea3e4144789cd8d29a8c0bbf5c8f1c82caf56bb4a595f2f8b2ed3a47f2830e6
3aeff8d50243a034,m1-pro-16gb-local,e892bc8146c42f4e07f2b9e7d97644a5d8007b3996daefa46163c2e11b00b03f,aligned,core-double,64,0,0,2368,1,37,0,128,throughput,48000,1,steady,1,64,spec012-confirm-03,0,31.10648490287162,ns/engine-sample,1,151552,3.1573333333333333,4096,4714250.0,4714.25,4714250.0,4714250.0,4714250.0,4714250.0,4714.25,4714.25,4714.25,4714.25,,,,0.042,0.042,0.75,1.3229166666666667,,2.072916666666667,0.75,2.0625,/Users/christiankauten/Documents/Projects/Rack/plugins/Fourier/.build/spec012/confirm-03-short-hop/workload-0105-repeat-00.csv,8e5fce1512d484ca636ac67b2612fcdcb7a591388cfa2559a5efb03a61a0b494
3aeff8d50243a034,m1-pro-16gb-local,e892bc8146c42f4e07f2b9e7d97644a5d8007b3996daefa46163c2e11b00b03f,aligned,core-double,64,0,0,2368,1,37,0,128,throughput,48000,1,steady,1,64,spec012-confirm-03,1,30.24264278927365,ns/engine-sample,1,151552,3.1573333333333333,4096,4583333.0,4583.333,4583333.0,4583333.0,4583333.0,4583333.0,4583.333,4583.333,4583.333,4583.333,,,,0.042,0.042,0.75,1.3229166666666667,,2.072916666666667,0.75,2.0625,/Users/christiankauten/Documents/Projects/Rack/plugins/Fourier/.build/spec012/confirm-03-short-hop/workload-0105-repeat-01.csv,db6a72e893d86cf4b9717ba2e9a009e7c260700bc1f5da77dc7bdf5a36b48472
3aeff8d50243a034,m1-pro-16gb-local,e892bc8146c42f4e07f2b9e7d97644a5d8007b3996daefa46163c2e11b00b03f,aligned,core-double,64,0,0,2368,1,37,0,128,throughput,48000,1,steady,1,64,spec012-confirm-03,2,30.285532358530407,ns/engine-sample,1,151552,3.1573333333333333,4096,4589833.0,4589.833,4589833.0,4589833.0,4589833.0,4589833.0,4589.833,4589.833,4589.833,4589.833,,,,0.042,0.042,0.75,1.3229166666666667,,2.072916666666667,0.75,2.0625,/Users/christiankauten/Documents/Projects/Rack/plugins/Fourier/.build/spec012/confirm-03-short-hop/workload-0105-repeat-02.csv,f15a88787c93bd116ce6b8fff1c6e985a39cfa86151c3cae4031699072ebe29e
3aeff8d50243a034,m1-pro-16gb-local,eb73fa121feb1d923f1ed5c99ddf91f348e54c90b36bd37d3c07537c77462016,aligned,fftw-analysis-float,64,0,0,2368,1,37,0,128,throughput,48000,0,steady,1,64,spec012-confirm-01,0,13.960000527871621,ns/engine-sample,1,151552,3.1573333333333333,4096,2115666.0,2115.666,2115666.0,2115666.0,2115666.0,2115666.0,2115.666,2115.666,2115.666,2115.666,,,,0.042,0.042,0.0,1.3229166666666667,,1.3229166666666667,0.0,1.3125,/Users/christiankauten/Documents/Projects/Rack/plugins/Fourier/.build/spec012/confirm-01-short-hop/workload-0027-repeat-00.csv,5c285684ce60e2d5c61c0d91bb83f38555495070570beb842d41fbe3d4533e32
3aeff8d50243a034,m1-pro-16gb-local,eb73fa121feb1d923f1ed5c99ddf91f348e54c90b36bd37d3c07537c77462016,aligned,fftw-analysis-float,64,0,0,2368,1,37,0,128,throughput,48000,0,steady,1,64,spec012-confirm-01,1,13.957803262246621,ns/engine-sample,1,151552,3.1573333333333333,4096,2115333.0,2115.333,2115333.0,2115333.0,2115333.0,2115333.0,2115.333,2115.333,2115.333,2115.333,,,,0.042,0.042,0.0,1.3229166666666667,,1.3229166666666667,0.0,1.3125,/Users/christiankauten/Documents/Projects/Rack/plugins/Fourier/.build/spec012/confirm-01-short-hop/workload-0027-repeat-01.csv,12793920922fa04a6d8b60352bd7c103a6860d2cc6f03f3a98e5cbc270ffc34b
3aeff8d50243a034,m1-pro-16gb-local,eb73fa121feb1d923f1ed5c99ddf91f348e54c90b36bd37d3c07537c77462016,aligned,fftw-analysis-float,64,0,0,2368,1,37,0,128,throughput,48000,0,steady,1,64,spec012-confirm-01,2,13.943781672297296,ns/engine-sample,1,151552,3.1573333333333333,4096,2113208.0,2113.208,2113208.0,2113208.0,2113208.0,2113208.0,2113.208,2113.208,2113.208,2113.208,,,,0.042,0.042,0.0,1.3229166666666667,,1.3229166666666667,0.0,1.3125,/Users/christiankauten/Documents/Projects/Rack/plugins/Fourier/.build/spec012/confirm-01-short-hop/workload-0027-repeat-02.csv,d356d03b2c4f7bb0514a1bde4c9ef00cb3725eea467883338f549df0a2647310
3aeff8d50243a034,m1-pro-16gb-local,eb73fa121feb1d923f1ed5c99ddf91f348e54c90b36bd37d3c07537c77462016,aligned,fftw-analysis-float,64,0,0,2368,1,37,0,128,throughput,48000,0,steady,1,64,spec012-confirm-02,0,14.04440720016892,ns/engine-sample,1,151552,3.1573333333333333,4096,2128458.0,2128.458,2128458.0,2128458.0,2128458.0,2128458.0,2128.458,2128.458,2128.458,2128.458,,,,0.042,0.042,0.0,1.3229166666666667,,1.3229166666666667,0.0,1.3125,/Users/christiankauten/Documents/Projects/Rack/plugins/Fourier/.build/spec012/confirm-02-short-hop/workload-0027-repeat-00.csv,0ec8e7da4bf52e8975bacba1b48fc3f79464bc6460039620d835a769ae9a06fd
3aeff8d50243a034,m1-pro-16gb-local,eb73fa121feb1d923f1ed5c99ddf91f348e54c90b36bd37d3c07537c77462016,aligned,fftw-analysis-float,64,0,0,2368,1,37,0,128,throughput,48000,0,steady,1,64,spec012-confirm-02,1,13.936081345016891,ns/engine-sample,1,151552,3.1573333333333333,4096,2112041.0,2112.041,2112041.0,2112041.0,2112041.0,2112041.0,2112.041,2112.041,2112.041,2112.041,,,,0.042,0.042,0.0,1.3229166666666667,,1.3229166666666667,0.0,1.3125,/Users/christiankauten/Documents/Projects/Rack/plugins/Fourier/.build/spec012/confirm-02-short-hop/workload-0027-repeat-01.csv,ef8d55fdba8025148033ae6676de6270af8e81b0c1c930dffcbd34aba1ffbe5f
3aeff8d50243a034,m1-pro-16gb-local,eb73fa121feb1d923f1ed5c99ddf91f348e54c90b36bd37d3c07537c77462016,aligned,fftw-analysis-float,64,0,0,2368,1,37,0,128,throughput,48000,0,steady,1,64,spec012-confirm-02,2,13.917117557010135,ns/engine-sample,1,151552,3.1573333333333333,4096,2109167.0,2109.167,2109167.0,2109167.0,2109167.0,2109167.0,2109.167,2109.167,2109.167,2109.167,,,,0.042,0.042,0.0,1.3229166666666667,,1.3229166666666667,0.0,1.3125,/Users/christiankauten/Documents/Projects/Rack/plugins/Fourier/.build/spec012/confirm-02-short-hop/workload-0027-repeat-02.csv,f36d78ac086cb00882dfce04fda875be56b09d217149b9c58e615f0f48608582
3aeff8d50243a034,m1-pro-16gb-local,eb73fa121feb1d923f1ed5c99ddf91f348e54c90b36bd37d3c07537c77462016,aligned,fftw-analysis-float,64,0,0,2368,1,37,0,128,throughput,48000,0,steady,1,64,spec012-confirm-03,0,13.91629275760135,ns/engine-sample,1,151552,3.1573333333333333,4096,2109042.0,2109.042,2109042.0,2109042.0,2109042.0,2109042.0,2109.042,2109.042,2109.042,2109.042,,,,0.042,0.042,0.0,1.3229166666666667,,1.3229166666666667,0.0,1.3125,/Users/christiankauten/Documents/Projects/Rack/plugins/Fourier/.build/spec012/confirm-03-short-hop/workload-0027-repeat-00.csv,2d8f8bbde6e5c3c75905216d0471f80fc7228a0a3cc5d3764b32ebcb5e8c3dc6
3aeff8d50243a034,m1-pro-16gb-local,eb73fa121feb1d923f1ed5c99ddf91f348e54c90b36bd37d3c07537c77462016,aligned,fftw-analysis-float,64,0,0,2368,1,37,0,128,throughput,48000,0,steady,1,64,spec012-confirm-03,1,14.208542282516891,ns/engine-sample,1,151552,3.1573333333333333,4096,2153333.0,2153.333,2153333.0,2153333.0,2153333.0,2153333.0,2153.333,2153.333,2153.333,2153.333,,,,0.042,0.042,0.0,1.3229166666666667,,1.3229166666666667,0.0,1.3125,/Users/christiankauten/Documents/Projects/Rack/plugins/Fourier/.build/spec012/confirm-03-short-hop/workload-0027-repeat-01.csv,4447fd9d88a883db85e40e37fdbdf68c89b6d58b6511ba24b1a2045db04be1e3
3aeff8d50243a034,m1-pro-16gb-local,eb73fa121feb1d923f1ed5c99ddf91f348e54c90b36bd37d3c07537c77462016,aligned,fftw-analysis-float,64,0,0,2368,1,37,0,128,throughput,48000,0,steady,1,64,spec012-confirm-03,2,14.135412267736486,ns/engine-sample,1,151552,3.1573333333333333,4096,2142250.0,2142.25,2142250.0,2142250.0,2142250.0,2142250.0,2142.25,2142.25,2142.25,2142.25,,,,0.042,0.042,0.0,1.3229166666666667,,1.3229166666666667,0.0,1.3125,/Users/christiankauten/Documents/Projects/Rack/plugins/Fourier/.build/spec012/confirm-03-short-hop/workload-0027-repeat-02.csv,e69686153fff8c3d5112964460e0ebd1cd37c150fb83bbddb84770eb47571ddc
3aeff8d50243a034,m1-pro-16gb-local,ee7ff05d8bc36b01653921a4dce1170a4e7ed47f8a4cdf85daf5ff9a592f9c91,aligned,pffft-ols-fir-float,64,0,0,2368,1,37,0,128,callback,48000,0,steady,1,64,spec012-confirm-01,0,19.80879170185811,ns/engine-sample,2368,151552,3.1573333333333333,4096,3002062.0,3002.062,1416.0,1417.0,1541.0,5250.0,1.416,1.417,1.541,5.25,1333.3333333333333,0,0.0,0.042,0.042,0.0,0.375,0.75,,0.0,1.3125,/Users/christiankauten/Documents/Projects/Rack/plugins/Fourier/.build/spec012/confirm-01-short-hop/workload-0020-repeat-00.csv,53e80575c93e0b68a29c7763ea4b5ccec600b068b69f1a9c20b8e99d3a627b65
3aeff8d50243a034,m1-pro-16gb-local,ee7ff05d8bc36b01653921a4dce1170a4e7ed47f8a4cdf85daf5ff9a592f9c91,aligned,pffft-ols-fir-float,64,0,0,2368,1,37,0,128,callback,48000,0,steady,1,64,spec012-confirm-01,1,19.844370249155407,ns/engine-sample,2368,151552,3.1573333333333333,4096,3007454.0,3007.454,1416.0,1417.0,1542.0,7083.0,1.416,1.417,1.542,7.083,1333.3333333333333,0,0.0,0.042,0.042,0.0,0.375,0.75,,0.0,1.3125,/Users/christiankauten/Documents/Projects/Rack/plugins/Fourier/.build/spec012/confirm-01-short-hop/workload-0020-repeat-01.csv,ee457259803390c54ca24243090766252a49ef090e8b131f3f5050e5613e126e
3aeff8d50243a034,m1-pro-16gb-local,ee7ff05d8bc36b01653921a4dce1170a4e7ed47f8a4cdf85daf5ff9a592f9c91,aligned,pffft-ols-fir-float,64,0,0,2368,1,37,0,128,callback,48000,0,steady,1,64,spec012-confirm-01,2,19.741864178631758,ns/engine-sample,2368,151552,3.1573333333333333,4096,2991919.0,2991.919,1375.0,1417.0,1458.0,7334.0,1.375,1.417,1.458,7.334,1333.3333333333333,0,0.0,0.042,0.083,0.0,0.375,0.75,,0.0,1.3125,/Users/christiankauten/Documents/Projects/Rack/plugins/Fourier/.build/spec012/confirm-01-short-hop/workload-0020-repeat-02.csv,a30706d2e3895feef1ad5499d37e0674d1dbb347a17356440035f932a1a307e3
3aeff8d50243a034,m1-pro-16gb-local,ee7ff05d8bc36b01653921a4dce1170a4e7ed47f8a4cdf85daf5ff9a592f9c91,aligned,pffft-ols-fir-float,64,0,0,2368,1,37,0,128,callback,48000,0,steady,1,64,spec012-confirm-02,0,19.76367847339527,ns/engine-sample,2368,151552,3.1573333333333333,4096,2995225.0,2995.225,1416.0,1417.0,1458.0,6500.0,1.416,1.417,1.458,6.5,1333.3333333333333,0,0.0,0.042,0.042,0.0,0.375,0.75,,0.0,1.3125,/Users/christiankauten/Documents/Projects/Rack/plugins/Fourier/.build/spec012/confirm-02-short-hop/workload-0020-repeat-00.csv,a3a938d5f5b91ea1a7cca33fc8ffedc433564e489fb3849e8c78d00eef00f1b4
3aeff8d50243a034,m1-pro-16gb-local,ee7ff05d8bc36b01653921a4dce1170a4e7ed47f8a4cdf85daf5ff9a592f9c91,aligned,pffft-ols-fir-float,64,0,0,2368,1,37,0,128,callback,48000,0,steady,1,64,spec012-confirm-02,1,19.752612964527028,ns/engine-sample,2368,151552,3.1573333333333333,4096,2993548.0,2993.548,1375.0,1417.0,1417.0,10708.0,1.375,1.417,1.417,10.708,1333.3333333333333,0,0.0,0.042,0.042,0.0,0.375,0.75,,0.0,1.3125,/Users/christiankauten/Documents/Projects/Rack/plugins/Fourier/.build/spec012/confirm-02-short-hop/workload-0020-repeat-01.csv,c20abca51c2003cd3e58da98ab24adf19ffd0da9f4599ee3613480bb0096abb0
3aeff8d50243a034,m1-pro-16gb-local,ee7ff05d8bc36b01653921a4dce1170a4e7ed47f8a4cdf85daf5ff9a592f9c91,aligned,pffft-ols-fir-float,64,0,0,2368,1,37,0,128,callback,48000,0,steady,1,64,spec012-confirm-02,2,19.778650232263512,ns/engine-sample,2368,151552,3.1573333333333333,4096,2997494.0,2997.494,1416.0,1417.0,1458.0,10916.0,1.416,1.417,1.458,10.916,1333.3333333333333,0,0.0,0.042,0.042,0.0,0.375,0.75,,0.0,1.3125,/Users/christiankauten/Documents/Projects/Rack/plugins/Fourier/.build/spec012/confirm-02-short-hop/workload-0020-repeat-02.csv,8109afd6821e4ac81d812d5ce44ca2c1b5b1bc7570f97eeaa104b5c9abdccbc5
3aeff8d50243a034,m1-pro-16gb-local,ee7ff05d8bc36b01653921a4dce1170a4e7ed47f8a4cdf85daf5ff9a592f9c91,aligned,pffft-ols-fir-float,64,0,0,2368,1,37,0,128,callback,48000,0,steady,1,64,spec012-confirm-03,0,19.783592430320947,ns/engine-sample,2368,151552,3.1573333333333333,4096,2998243.0,2998.243,1416.0,1417.0,1500.0,9375.0,1.416,1.417,1.5,9.375,1333.3333333333333,0,0.0,0.042,0.042,0.0,0.375,0.75,,0.0,1.3125,/Users/christiankauten/Documents/Projects/Rack/plugins/Fourier/.build/spec012/confirm-03-short-hop/workload-0020-repeat-00.csv,9e24f5067be028ffbefc02b5cf89c711a2152cff07c37ba882d10d33ef2e11bc
3aeff8d50243a034,m1-pro-16gb-local,ee7ff05d8bc36b01653921a4dce1170a4e7ed47f8a4cdf85daf5ff9a592f9c91,aligned,pffft-ols-fir-float,64,0,0,2368,1,37,0,128,callback,48000,0,steady,1,64,spec012-confirm-03,1,19.76910235430743,ns/engine-sample,2368,151552,3.1573333333333333,4096,2996047.0,2996.047,1416.0,1417.0,1417.0,9792.0,1.416,1.417,1.417,9.792,1333.3333333333333,0,0.0,0.042,0.042,0.0,0.375,0.75,,0.0,1.3125,/Users/christiankauten/Documents/Projects/Rack/plugins/Fourier/.build/spec012/confirm-03-short-hop/workload-0020-repeat-01.csv,a9c98be30586109eab6a885c2f93fe7b010f09d78292773667deca96462b227d
3aeff8d50243a034,m1-pro-16gb-local,ee7ff05d8bc36b01653921a4dce1170a4e7ed47f8a4cdf85daf5ff9a592f9c91,aligned,pffft-ols-fir-float,64,0,0,2368,1,37,0,128,callback,48000,0,steady,1,64,spec012-confirm-03,2,19.73393290751689,ns/engine-sample,2368,151552,3.1573333333333333,4096,2990717.0,2990.717,1416.0,1417.0,1417.0,1833.0,1.416,1.417,1.417,1.833,1333.3333333333333,0,0.0,0.042,0.042,0.0,0.375,0.75,,0.0,1.3125,/Users/christiankauten/Documents/Projects/Rack/plugins/Fourier/.build/spec012/confirm-03-short-hop/workload-0020-repeat-02.csv,760c99d4dcdacf398f517c210ab21a5ff8f13cb4e7ff2a26df95a756df7863da
3aeff8d50243a034,m1-pro-16gb-local,f0d65c65d93a848533e4b1f9fc76e931ffa205a6da67e5ba062688f770260b50,aligned,vdsp-analysis4-float,64,0,0,2368,1,37,0,128,throughput,48000,0,steady,1,64,spec012-confirm-01,0,44.43441854940878,ns/engine-sample,1,151552,3.1573333333333333,4096,6734125.0,6734.125,6734125.0,6734125.0,6734125.0,6734125.0,6734.125,6734.125,6734.125,6734.125,,,,0.042,0.042,0.0,1.3229166666666667,,1.3229166666666667,0.0,1.3125,/Users/christiankauten/Documents/Projects/Rack/plugins/Fourier/.build/spec012/confirm-01-short-hop/workload-0055-repeat-00.csv,d65469cb85aa1c59314246cd20c469ae5ea2e6e4a44c4d81c8f01a2e9c0e1b3f
3aeff8d50243a034,m1-pro-16gb-local,f0d65c65d93a848533e4b1f9fc76e931ffa205a6da67e5ba062688f770260b50,aligned,vdsp-analysis4-float,64,0,0,2368,1,37,0,128,throughput,48000,0,steady,1,64,spec012-confirm-01,1,44.529547614020274,ns/engine-sample,1,151552,3.1573333333333333,4096,6748542.0,6748.542,6748542.0,6748542.0,6748542.0,6748542.0,6748.542,6748.542,6748.542,6748.542,,,,0.042,0.042,0.0,1.3229166666666667,,1.3229166666666667,0.0,1.3125,/Users/christiankauten/Documents/Projects/Rack/plugins/Fourier/.build/spec012/confirm-01-short-hop/workload-0055-repeat-01.csv,6b47446499ca438e89ffe79a99c05de2038f0b737d3b6a4036ede8c244793f0d
3aeff8d50243a034,m1-pro-16gb-local,f0d65c65d93a848533e4b1f9fc76e931ffa205a6da67e5ba062688f770260b50,aligned,vdsp-analysis4-float,64,0,0,2368,1,37,0,128,throughput,48000,0,steady,1,64,spec012-confirm-01,2,45.01480020059122,ns/engine-sample,1,151552,3.1573333333333333,4096,6822083.0,6822.083,6822083.0,6822083.0,6822083.0,6822083.0,6822.083,6822.083,6822.083,6822.083,,,,0.042,0.042,0.0,1.3229166666666667,,1.3229166666666667,0.0,1.3125,/Users/christiankauten/Documents/Projects/Rack/plugins/Fourier/.build/spec012/confirm-01-short-hop/workload-0055-repeat-02.csv,f617f4cf622719eafb179f3703f9bb0bdc5e13173a2b81873466ee817ed63c13
3aeff8d50243a034,m1-pro-16gb-local,f0d65c65d93a848533e4b1f9fc76e931ffa205a6da67e5ba062688f770260b50,aligned,vdsp-analysis4-float,64,0,0,2368,1,37,0,128,throughput,48000,0,steady,1,64,spec012-confirm-02,0,44.46218459670608,ns/engine-sample,1,151552,3.1573333333333333,4096,6738333.0,6738.333,6738333.0,6738333.0,6738333.0,6738333.0,6738.333,6738.333,6738.333,6738.333,,,,0.042,0.042,0.0,1.3229166666666667,,1.3229166666666667,0.0,1.3125,/Users/christiankauten/Documents/Projects/Rack/plugins/Fourier/.build/spec012/confirm-02-short-hop/workload-0055-repeat-00.csv,10b709bfdc7c147a99842d90eb1913a898b901fd946a7dc2b478891430e8e23b
3aeff8d50243a034,m1-pro-16gb-local,f0d65c65d93a848533e4b1f9fc76e931ffa205a6da67e5ba062688f770260b50,aligned,vdsp-analysis4-float,64,0,0,2368,1,37,0,128,throughput,48000,0,steady,1,64,spec012-confirm-02,1,44.49050490920608,ns/engine-sample,1,151552,3.1573333333333333,4096,6742625.0,6742.625,6742625.0,6742625.0,6742625.0,6742625.0,6742.625,6742.625,6742.625,6742.625,,,,0.042,0.083,0.0,1.3229166666666667,,1.3229166666666667,0.0,1.3125,/Users/christiankauten/Documents/Projects/Rack/plugins/Fourier/.build/spec012/confirm-02-short-hop/workload-0055-repeat-01.csv,e3cc16fd6d4761fd74d53caddef109dcdd0a35ba5f346f82eefb680c7df7c1b2
3aeff8d50243a034,m1-pro-16gb-local,f0d65c65d93a848533e4b1f9fc76e931ffa205a6da67e5ba062688f770260b50,aligned,vdsp-analysis4-float,64,0,0,2368,1,37,0,128,throughput,48000,0,steady,1,64,spec012-confirm-02,2,44.50095016891892,ns/engine-sample,1,151552,3.1573333333333333,4096,6744208.0,6744.208,6744208.0,6744208.0,6744208.0,6744208.0,6744.208,6744.208,6744.208,6744.208,,,,0.042,0.042,0.0,1.3229166666666667,,1.3229166666666667,0.0,1.3125,/Users/christiankauten/Documents/Projects/Rack/plugins/Fourier/.build/spec012/confirm-02-short-hop/workload-0055-repeat-02.csv,5e1aa476b930838ab88c821b8dd6667682bdbc096877b682faff77bba7634651
3aeff8d50243a034,m1-pro-16gb-local,f0d65c65d93a848533e4b1f9fc76e931ffa205a6da67e5ba062688f770260b50,aligned,vdsp-analysis4-float,64,0,0,2368,1,37,0,128,throughput,48000,0,steady,1,64,spec012-confirm-03,0,44.560335726351354,ns/engine-sample,1,151552,3.1573333333333333,4096,6753208.0,6753.208,6753208.0,6753208.0,6753208.0,6753208.0,6753.208,6753.208,6753.208,6753.208,,,,0.042,0.083,0.0,1.3229166666666667,,1.3229166666666667,0.0,1.3125,/Users/christiankauten/Documents/Projects/Rack/plugins/Fourier/.build/spec012/confirm-03-short-hop/workload-0055-repeat-00.csv,a1ab2a6ef6f83c2e7ca12aa56cfd2529fb74fe100c1bf62d130ae2cb62d7e1b8
3aeff8d50243a034,m1-pro-16gb-local,f0d65c65d93a848533e4b1f9fc76e931ffa205a6da67e5ba062688f770260b50,aligned,vdsp-analysis4-float,64,0,0,2368,1,37,0,128,throughput,48000,0,steady,1,64,spec012-confirm-03,1,45.14951963682432,ns/engine-sample,1,151552,3.1573333333333333,4096,6842500.0,6842.5,6842500.0,6842500.0,6842500.0,6842500.0,6842.5,6842.5,6842.5,6842.5,,,,0.042,0.042,0.0,1.3229166666666667,,1.3229166666666667,0.0,1.3125,/Users/christiankauten/Documents/Projects/Rack/plugins/Fourier/.build/spec012/confirm-03-short-hop/workload-0055-repeat-01.csv,f96fdcfe80c921031094b585f6dfbd85cdb7187a4d5f2e5de6ae5bf589c2aed1
3aeff8d50243a034,m1-pro-16gb-local,f0d65c65d93a848533e4b1f9fc76e931ffa205a6da67e5ba062688f770260b50,aligned,vdsp-analysis4-float,64,0,0,2368,1,37,0,128,throughput,48000,0,steady,1,64,spec012-confirm-03,2,44.904831345016895,ns/engine-sample,1,151552,3.1573333333333333,4096,6805417.0,6805.417,6805417.0,6805417.0,6805417.0,6805417.0,6805.417,6805.417,6805.417,6805.417,,,,0.042,0.084,0.0,1.3229166666666667,,1.3229166666666667,0.0,1.3125,/Users/christiankauten/Documents/Projects/Rack/plugins/Fourier/.build/spec012/confirm-03-short-hop/workload-0055-repeat-02.csv,33ea0b00b4e71851c90e0d2ee25ba97cc211487b772e773152c987af4c888504
3aeff8d50243a034,m1-pro-16gb-local,f7069f5055666396ebcd17343a968a4ddc10e2437276ed08654597dfd1d7de29,aligned,vdsp-ols-fir-double,64,0,0,2368,1,37,0,128,callback,48000,0,steady,1,64,spec012-confirm-01,0,22.17802470439189,ns/engine-sample,2368,151552,3.1573333333333333,4096,3361124.0,3361.124,1583.0,1625.0,1625.0,5167.0,1.583,1.625,1.625,5.167,1333.3333333333333,0,0.0,0.042,0.042,0.0,0.375,0.75,,0.0,1.3125,/Users/christiankauten/Documents/Projects/Rack/plugins/Fourier/.build/spec012/confirm-01-short-hop/workload-0082-repeat-00.csv,3989f6747a70cd322ebb56a48ace4ddcfc1804cf6c70f6c284ecfd653cc37ff3
3aeff8d50243a034,m1-pro-16gb-local,f7069f5055666396ebcd17343a968a4ddc10e2437276ed08654597dfd1d7de29,aligned,vdsp-ols-fir-double,64,0,0,2368,1,37,0,128,callback,48000,0,steady,1,64,spec012-confirm-01,1,22.22047877956081,ns/engine-sample,2368,151552,3.1573333333333333,4096,3367558.0,3367.558,1583.0,1625.0,1708.0,9875.0,1.583,1.625,1.708,9.875,1333.3333333333333,0,0.0,0.042,0.042,0.0,0.375,0.75,,0.0,1.3125,/Users/christiankauten/Documents/Projects/Rack/plugins/Fourier/.build/spec012/confirm-01-short-hop/workload-0082-repeat-01.csv,fb514d00f1575d31ae71aec91aea9faf7faeb3e49408e47f9a4a5f16cffc466f
3aeff8d50243a034,m1-pro-16gb-local,f7069f5055666396ebcd17343a968a4ddc10e2437276ed08654597dfd1d7de29,aligned,vdsp-ols-fir-double,64,0,0,2368,1,37,0,128,callback,48000,0,steady,1,64,spec012-confirm-01,2,22.09175728462838,ns/engine-sample,2368,151552,3.1573333333333333,4096,3348050.0,3348.05,1583.0,1584.0,1625.0,7000.0,1.583,1.584,1.625,7.0,1333.3333333333333,0,0.0,0.042,0.042,0.0,0.375,0.75,,0.0,1.3125,/Users/christiankauten/Documents/Projects/Rack/plugins/Fourier/.build/spec012/confirm-01-short-hop/workload-0082-repeat-02.csv,fb7c4997b4ed03fb3e6b51c3d1abaf142aaa6d6573b897c4c15bb5a0145bf110
3aeff8d50243a034,m1-pro-16gb-local,f7069f5055666396ebcd17343a968a4ddc10e2437276ed08654597dfd1d7de29,aligned,vdsp-ols-fir-double,64,0,0,2368,1,37,0,128,callback,48000,0,steady,1,64,spec012-confirm-02,0,22.1199390308277,ns/engine-sample,2368,151552,3.1573333333333333,4096,3352321.0,3352.321,1583.0,1584.0,1625.0,7834.0,1.583,1.584,1.625,7.834,1333.3333333333333,0,0.0,0.042,0.042,0.0,0.375,0.75,,0.0,1.3125,/Users/christiankauten/Documents/Projects/Rack/plugins/Fourier/.build/spec012/confirm-02-short-hop/workload-0082-repeat-00.csv,d0dbe06e444ab4384d5e507dbc3659e383ff33da3e3863edd39ddee26a6e8031
3aeff8d50243a034,m1-pro-16gb-local,f7069f5055666396ebcd17343a968a4ddc10e2437276ed08654597dfd1d7de29,aligned,vdsp-ols-fir-double,64,0,0,2368,1,37,0,128,callback,48000,0,steady,1,64,spec012-confirm-02,1,22.215721336570947,ns/engine-sample,2368,151552,3.1573333333333333,4096,3366837.0,3366.837,1583.0,1625.0,1625.0,10875.0,1.583,1.625,1.625,10.875,1333.3333333333333,0,0.0,0.042,0.042,0.0,0.375,0.75,,0.0,1.3125,/Users/christiankauten/Documents/Projects/Rack/plugins/Fourier/.build/spec012/confirm-02-short-hop/workload-0082-repeat-01.csv,bd69d02d6c389f36f3cc19662b942a7f76956089a690ab49452bf3c7c7cb25f2
3aeff8d50243a034,m1-pro-16gb-local,f7069f5055666396ebcd17343a968a4ddc10e2437276ed08654597dfd1d7de29,aligned,vdsp-ols-fir-double,64,0,0,2368,1,37,0,128,callback,48000,0,steady,1,64,spec012-confirm-02,2,22.10575907939189,ns/engine-sample,2368,151552,3.1573333333333333,4096,3350172.0,3350.172,1583.0,1584.0,1625.0,6792.0,1.583,1.584,1.625,6.792,1333.3333333333333,0,0.0,0.042,0.042,0.0,0.375,0.75,,0.0,1.3125,/Users/christiankauten/Documents/Projects/Rack/plugins/Fourier/.build/spec012/confirm-02-short-hop/workload-0082-repeat-02.csv,64e55a60508058fba93a57cc09c8ca7da2e44103e81afd6ba00729c0a6d7dc97
3aeff8d50243a034,m1-pro-16gb-local,f7069f5055666396ebcd17343a968a4ddc10e2437276ed08654597dfd1d7de29,aligned,vdsp-ols-fir-double,64,0,0,2368,1,37,0,128,callback,48000,0,steady,1,64,spec012-confirm-03,0,22.19966084248311,ns/engine-sample,2368,151552,3.1573333333333333,4096,3364403.0,3364.403,1583.0,1625.0,1625.0,7875.0,1.583,1.625,1.625,7.875,1333.3333333333333,0,0.0,0.042,0.042,0.0,0.375,0.75,,0.0,1.3125,/Users/christiankauten/Documents/Projects/Rack/plugins/Fourier/.build/spec012/confirm-03-short-hop/workload-0082-repeat-00.csv,dd864a585be8687c8173dbeae9406708c3bed4f96c3c9e177d854b1bb8cce21d
3aeff8d50243a034,m1-pro-16gb-local,f7069f5055666396ebcd17343a968a4ddc10e2437276ed08654597dfd1d7de29,aligned,vdsp-ols-fir-double,64,0,0,2368,1,37,0,128,callback,48000,0,steady,1,64,spec012-confirm-03,1,22.229340424408782,ns/engine-sample,2368,151552,3.1573333333333333,4096,3368901.0,3368.901,1583.0,1625.0,1625.0,10000.0,1.583,1.625,1.625,10.0,1333.3333333333333,0,0.0,0.042,0.042,0.0,0.375,0.75,,0.0,1.3125,/Users/christiankauten/Documents/Projects/Rack/plugins/Fourier/.build/spec012/confirm-03-short-hop/workload-0082-repeat-01.csv,5fa5004ad847aacf5e0c6e9db35079446db560fc57084ba619b012093df0681f
3aeff8d50243a034,m1-pro-16gb-local,f7069f5055666396ebcd17343a968a4ddc10e2437276ed08654597dfd1d7de29,aligned,vdsp-ols-fir-double,64,0,0,2368,1,37,0,128,callback,48000,0,steady,1,64,spec012-confirm-03,2,22.14716400971284,ns/engine-sample,2368,151552,3.1573333333333333,4096,3356447.0,3356.447,1583.0,1625.0,1625.0,1750.0,1.583,1.625,1.625,1.75,1333.3333333333333,0,0.0,0.042,0.042,0.0,0.375,0.75,,0.0,1.3125,/Users/christiankauten/Documents/Projects/Rack/plugins/Fourier/.build/spec012/confirm-03-short-hop/workload-0082-repeat-02.csv,da1a2935dff65aa6f751d74edabf855128918bfccaf873e8ae8f0d197ee245f3
3aeff8d50243a034,m1-pro-16gb-local,fc209c933c1f56f1ae52cd6cd76493ec9bdf58c3aa6ada4c1ca4cfe714522187,aligned,ols-fir-incremental-float,64,0,0,2368,1,37,0,128,throughput,48000,0,steady,1,64,spec012-confirm-01,0,87.68965107685811,ns/engine-sample,1,151552,3.1573333333333333,4096,13289542.0,13289.542,13289542.0,13289542.0,13289542.0,13289542.0,13289.542,13289.542,13289.542,13289.542,,,,0.042,0.042,0.75,0.375,1.5,,0.75,2.0625,/Users/christiankauten/Documents/Projects/Rack/plugins/Fourier/.build/spec012/confirm-01-short-hop/workload-0042-repeat-00.csv,407d2a405af3cf18cdb50a397e83d704e96db8241c76fe8b82d83335d2ca61b7
3aeff8d50243a034,m1-pro-16gb-local,fc209c933c1f56f1ae52cd6cd76493ec9bdf58c3aa6ada4c1ca4cfe714522187,aligned,ols-fir-incremental-float,64,0,0,2368,1,37,0,128,throughput,48000,0,steady,1,64,spec012-confirm-01,1,88.03359243032095,ns/engine-sample,1,151552,3.1573333333333333,4096,13341667.0,13341.667,13341667.0,13341667.0,13341667.0,13341667.0,13341.667,13341.667,13341.667,13341.667,,,,0.042,0.042,0.75,0.375,1.5,,0.75,2.0625,/Users/christiankauten/Documents/Projects/Rack/plugins/Fourier/.build/spec012/confirm-01-short-hop/workload-0042-repeat-01.csv,ae7a2ee98b525b25062cca469ee8de53f6a65cf1b516e07ddcee5b90e7853061
3aeff8d50243a034,m1-pro-16gb-local,fc209c933c1f56f1ae52cd6cd76493ec9bdf58c3aa6ada4c1ca4cfe714522187,aligned,ols-fir-incremental-float,64,0,0,2368,1,37,0,128,throughput,48000,0,steady,1,64,spec012-confirm-01,2,88.47650311444256,ns/engine-sample,1,151552,3.1573333333333333,4096,13408791.0,13408.791,13408791.0,13408791.0,13408791.0,13408791.0,13408.791,13408.791,13408.791,13408.791,,,,0.042,0.042,0.75,0.375,1.5,,0.75,2.0625,/Users/christiankauten/Documents/Projects/Rack/plugins/Fourier/.build/spec012/confirm-01-short-hop/workload-0042-repeat-02.csv,a992623010b2ded40da7f665ec26ccc6cca5193093d7381295b21da591bd42f5
3aeff8d50243a034,m1-pro-16gb-local,fc209c933c1f56f1ae52cd6cd76493ec9bdf58c3aa6ada4c1ca4cfe714522187,aligned,ols-fir-incremental-float,64,0,0,2368,1,37,0,128,throughput,48000,0,steady,1,64,spec012-confirm-02,0,87.43451092694256,ns/engine-sample,1,151552,3.1573333333333333,4096,13250875.0,13250.875,13250875.0,13250875.0,13250875.0,13250875.0,13250.875,13250.875,13250.875,13250.875,,,,0.042,0.042,0.75,0.375,1.5,,0.75,2.0625,/Users/christiankauten/Documents/Projects/Rack/plugins/Fourier/.build/spec012/confirm-02-short-hop/workload-0042-repeat-00.csv,dc2d9aec979070cdd0b79c462d4e442267ec15036b07a71a3e162d5194b1bb7b
3aeff8d50243a034,m1-pro-16gb-local,fc209c933c1f56f1ae52cd6cd76493ec9bdf58c3aa6ada4c1ca4cfe714522187,aligned,ols-fir-incremental-float,64,0,0,2368,1,37,0,128,throughput,48000,0,steady,1,64,spec012-confirm-02,1,87.0842483108108,ns/engine-sample,1,151552,3.1573333333333333,4096,13197792.0,13197.792,13197792.0,13197792.0,13197792.0,13197792.0,13197.792,13197.792,13197.792,13197.792,,,,0.042,0.042,0.75,0.375,1.5,,0.75,2.0625,/Users/christiankauten/Documents/Projects/Rack/plugins/Fourier/.build/spec012/confirm-02-short-hop/workload-0042-repeat-01.csv,17199397be52695ea5db0e23e0e5972bde19e57c096a9a699e238a14982d39b4
3aeff8d50243a034,m1-pro-16gb-local,fc209c933c1f56f1ae52cd6cd76493ec9bdf58c3aa6ada4c1ca4cfe714522187,aligned,ols-fir-incremental-float,64,0,0,2368,1,37,0,128,throughput,48000,0,steady,1,64,spec012-confirm-02,2,87.64208984375,ns/engine-sample,1,151552,3.1573333333333333,4096,13282334.0,13282.334,13282334.0,13282334.0,13282334.0,13282334.0,13282.334,13282.334,13282.334,13282.334,,,,0.042,0.042,0.75,0.375,1.5,,0.75,2.0625,/Users/christiankauten/Documents/Projects/Rack/plugins/Fourier/.build/spec012/confirm-02-short-hop/workload-0042-repeat-02.csv,2c29bc4244859238a7977a61f2fe03c4aaa87dcfed3d10da8c3df9bf372d8087
3aeff8d50243a034,m1-pro-16gb-local,fc209c933c1f56f1ae52cd6cd76493ec9bdf58c3aa6ada4c1ca4cfe714522187,aligned,ols-fir-incremental-float,64,0,0,2368,1,37,0,128,throughput,48000,0,steady,1,64,spec012-confirm-03,0,87.47905009501689,ns/engine-sample,1,151552,3.1573333333333333,4096,13257625.0,13257.625,13257625.0,13257625.0,13257625.0,13257625.0,13257.625,13257.625,13257.625,13257.625,,,,0.042,0.083,0.75,0.375,1.5,,0.75,2.0625,/Users/christiankauten/Documents/Projects/Rack/plugins/Fourier/.build/spec012/confirm-03-short-hop/workload-0042-repeat-00.csv,ecd5fc4b04acacf412298c029108c1e1276cdc8963f856a2559950cc8542deb4
3aeff8d50243a034,m1-pro-16gb-local,fc209c933c1f56f1ae52cd6cd76493ec9bdf58c3aa6ada4c1ca4cfe714522187,aligned,ols-fir-incremental-float,64,0,0,2368,1,37,0,128,throughput,48000,0,steady,1,64,spec012-confirm-03,1,88.28955737964527,ns/engine-sample,1,151552,3.1573333333333333,4096,13380459.0,13380.459,13380459.0,13380459.0,13380459.0,13380459.0,13380.459,13380.459,13380.459,13380.459,,,,0.042,0.042,0.75,0.375,1.5,,0.75,2.0625,/Users/christiankauten/Documents/Projects/Rack/plugins/Fourier/.build/spec012/confirm-03-short-hop/workload-0042-repeat-01.csv,4b4db288d77bedc2c1e6104eb2792004f3811942180b92c425507f251b42b2bd
3aeff8d50243a034,m1-pro-16gb-local,fc209c933c1f56f1ae52cd6cd76493ec9bdf58c3aa6ada4c1ca4cfe714522187,aligned,ols-fir-incremental-float,64,0,0,2368,1,37,0,128,throughput,48000,0,steady,1,64,spec012-confirm-03,2,88.10149651604729,ns/engine-sample,1,151552,3.1573333333333333,4096,13351958.0,13351.958,13351958.0,13351958.0,13351958.0,13351958.0,13351.958,13351.958,13351.958,13351.958,,,,0.042,0.042,0.75,0.375,1.5,,0.75,2.0625,/Users/christiankauten/Documents/Projects/Rack/plugins/Fourier/.build/spec012/confirm-03-short-hop/workload-0042-repeat-02.csv,22a2aed6417c09f915f483e88505a739bda0cf9655602c529eba2ff6d7e7e166
3aeff8d50243a034,m1-pro-16gb-local,fd4a22b3e6882ac848ed437968beef226f244bc6eb2291ee329769520dce056c,aligned,ols-identity-batch-double,64,0,0,2368,1,37,0,128,callback,48000,0,steady,1,64,spec012-confirm-01,0,91.84615841427365,ns/engine-sample,2368,151552,3.1573333333333333,4096,13919469.0,13919.469,6708.0,6792.0,6875.0,23917.0,6.708,6.792,6.875,23.917,1333.3333333333333,0,0.0,0.042,0.042,0.0,0.375,0.75,,0.0,1.3125,/Users/christiankauten/Documents/Projects/Rack/plugins/Fourier/.build/spec012/confirm-01-short-hop/workload-0075-repeat-00.csv,b495f9b05a7ec510a2a30ac3ef7427046de284d4af02bcad6721343cf2d403ba
3aeff8d50243a034,m1-pro-16gb-local,fd4a22b3e6882ac848ed437968beef226f244bc6eb2291ee329769520dce056c,aligned,ols-identity-batch-double,64,0,0,2368,1,37,0,128,callback,48000,0,steady,1,64,spec012-confirm-01,1,93.32446948902027,ns/engine-sample,2368,151552,3.1573333333333333,4096,14143510.0,14143.51,6792.0,6958.0,7000.0,12667.0,6.792,6.958,7.0,12.667,1333.3333333333333,0,0.0,0.042,0.042,0.0,0.375,0.75,,0.0,1.3125,/Users/christiankauten/Documents/Projects/Rack/plugins/Fourier/.build/spec012/confirm-01-short-hop/workload-0075-repeat-01.csv,7727c4a74637685196e71ece5d0d8bfdc96e00bd136a1319e5ba1b0218b6309a
3aeff8d50243a034,m1-pro-16gb-local,fd4a22b3e6882ac848ed437968beef226f244bc6eb2291ee329769520dce056c,aligned,ols-identity-batch-double,64,0,0,2368,1,37,0,128,callback,48000,0,steady,1,64,spec012-confirm-01,2,92.20517710092905,ns/engine-sample,2368,151552,3.1573333333333333,4096,13973879.0,13973.879,6708.0,6833.0,6917.0,34208.0,6.708,6.833,6.917,34.208,1333.3333333333333,0,0.0,0.042,0.042,0.0,0.375,0.75,,0.0,1.3125,/Users/christiankauten/Documents/Projects/Rack/plugins/Fourier/.build/spec012/confirm-01-short-hop/workload-0075-repeat-02.csv,32fad61bf7a50c7233be4cf1192d49050ff5517e217e4655522aae5b239c4879
3aeff8d50243a034,m1-pro-16gb-local,fd4a22b3e6882ac848ed437968beef226f244bc6eb2291ee329769520dce056c,aligned,ols-identity-batch-double,64,0,0,2368,1,37,0,128,callback,48000,0,steady,1,64,spec012-confirm-02,0,92.5220848289696,ns/engine-sample,2368,151552,3.1573333333333333,4096,14021907.0,14021.907,6708.0,6792.0,6875.0,35292.0,6.708,6.792,6.875,35.292,1333.3333333333333,0,0.0,0.042,0.042,0.0,0.375,0.75,,0.0,1.3125,/Users/christiankauten/Documents/Projects/Rack/plugins/Fourier/.build/spec012/confirm-02-short-hop/workload-0075-repeat-00.csv,5b69468dc91dd462abe3a4f7b573bc3092c079cbe3af529128bb3fc51985d0e7
3aeff8d50243a034,m1-pro-16gb-local,fd4a22b3e6882ac848ed437968beef226f244bc6eb2291ee329769520dce056c,aligned,ols-identity-batch-double,64,0,0,2368,1,37,0,128,callback,48000,0,steady,1,64,spec012-confirm-02,1,91.85476272170608,ns/engine-sample,2368,151552,3.1573333333333333,4096,13920773.0,13920.773,6708.0,6792.0,6875.0,13167.0,6.708,6.792,6.875,13.167,1333.3333333333333,0,0.0,0.042,0.042,0.0,0.375,0.75,,0.0,1.3125,/Users/christiankauten/Documents/Projects/Rack/plugins/Fourier/.build/spec012/confirm-02-short-hop/workload-0075-repeat-01.csv,476b5ae37592b8710fc6cf97dad538eb5ae352b83b2a27a91d98829764c12ace
3aeff8d50243a034,m1-pro-16gb-local,fd4a22b3e6882ac848ed437968beef226f244bc6eb2291ee329769520dce056c,aligned,ols-identity-batch-double,64,0,0,2368,1,37,0,128,callback,48000,0,steady,1,64,spec012-confirm-02,2,92.46933725717905,ns/engine-sample,2368,151552,3.1573333333333333,4096,14013913.0,14013.913,6750.0,6875.0,6917.0,11459.0,6.75,6.875,6.917,11.459,1333.3333333333333,0,0.0,0.042,0.042,0.0,0.375,0.75,,0.0,1.3125,/Users/christiankauten/Documents/Projects/Rack/plugins/Fourier/.build/spec012/confirm-02-short-hop/workload-0075-repeat-02.csv,c49cde9495509b3df737edb9839e3cbd124f558f4a7a313978b616abb8495590
3aeff8d50243a034,m1-pro-16gb-local,fd4a22b3e6882ac848ed437968beef226f244bc6eb2291ee329769520dce056c,aligned,ols-identity-batch-double,64,0,0,2368,1,37,0,128,callback,48000,0,steady,1,64,spec012-confirm-03,0,93.88124868032095,ns/engine-sample,2368,151552,3.1573333333333333,4096,14227891.0,14227.891,6833.0,6959.0,7042.0,14042.0,6.833,6.959,7.042,14.042,1333.3333333333333,0,0.0,0.042,0.042,0.0,0.375,0.75,,0.0,1.3125,/Users/christiankauten/Documents/Projects/Rack/plugins/Fourier/.build/spec012/confirm-03-short-hop/workload-0075-repeat-00.csv,35b0746f18b206251bce933bcea9017bcab6790f8b7c4c348239c6dc2bdb3949
3aeff8d50243a034,m1-pro-16gb-local,fd4a22b3e6882ac848ed437968beef226f244bc6eb2291ee329769520dce056c,aligned,ols-identity-batch-double,64,0,0,2368,1,37,0,128,callback,48000,0,steady,1,64,spec012-confirm-03,1,93.40924567145271,ns/engine-sample,2368,151552,3.1573333333333333,4096,14156358.0,14156.358,6791.0,6917.0,7084.0,27459.0,6.791,6.917,7.084,27.459,1333.3333333333333,0,0.0,0.042,0.042,0.0,0.375,0.75,,0.0,1.3125,/Users/christiankauten/Documents/Projects/Rack/plugins/Fourier/.build/spec012/confirm-03-short-hop/workload-0075-repeat-01.csv,f4d678ce6714ecb9232de7537e3f5ec6a0285f57ff3e293c192009a14dadd4ff
3aeff8d50243a034,m1-pro-16gb-local,fd4a22b3e6882ac848ed437968beef226f244bc6eb2291ee329769520dce056c,aligned,ols-identity-batch-double,64,0,0,2368,1,37,0,128,callback,48000,0,steady,1,64,spec012-confirm-03,2,94.26289986275337,ns/engine-sample,2368,151552,3.1573333333333333,4096,14285731.0,14285.731,6875.0,7000.0,7083.0,12708.0,6.875,7.0,7.083,12.708,1333.3333333333333,0,0.0,0.042,0.042,0.0,0.375,0.75,,0.0,1.3125,/Users/christiankauten/Documents/Projects/Rack/plugins/Fourier/.build/spec012/confirm-03-short-hop/workload-0075-repeat-02.csv,57bcce8732ac5dfb03f877860af7144449b485dc870df2bfc706ca80b3520496
3aeff8d50243a034,m1-pro-16gb-local,ff89007723e34601c6bda6a41d53e1e37563e1feaff5902b44d4a8eea4c9aa16,aligned,fftw-analysis-double,64,0,0,2368,1,37,0,128,throughput,48000,0,steady,1,64,spec012-confirm-01,0,15.07128246410473,ns/engine-sample,1,151552,3.1573333333333333,4096,2284083.0,2284.083,2284083.0,2284083.0,2284083.0,2284083.0,2284.083,2284.083,2284.083,2284.083,,,,0.042,0.083,0.0,1.3229166666666667,,1.3229166666666667,0.0,1.3125,/Users/christiankauten/Documents/Projects/Rack/plugins/Fourier/.build/spec012/confirm-01-short-hop/workload-0091-repeat-00.csv,54d92b455ab5cdbf95b7d297cbe282b237529d94e205aaf8c6ec435a5caa264f
3aeff8d50243a034,m1-pro-16gb-local,ff89007723e34601c6bda6a41d53e1e37563e1feaff5902b44d4a8eea4c9aa16,aligned,fftw-analysis-double,64,0,0,2368,1,37,0,128,throughput,48000,0,steady,1,64,spec012-confirm-01,1,15.001174514358109,ns/engine-sample,1,151552,3.1573333333333333,4096,2273458.0,2273.458,2273458.0,2273458.0,2273458.0,2273458.0,2273.458,2273.458,2273.458,2273.458,,,,0.042,0.042,0.0,1.3229166666666667,,1.3229166666666667,0.0,1.3125,/Users/christiankauten/Documents/Projects/Rack/plugins/Fourier/.build/spec012/confirm-01-short-hop/workload-0091-repeat-01.csv,5f819d18086308356d67a95c5953eecfd618f12ee500f5ed4d727bc96c746da3
3aeff8d50243a034,m1-pro-16gb-local,ff89007723e34601c6bda6a41d53e1e37563e1feaff5902b44d4a8eea4c9aa16,aligned,fftw-analysis-double,64,0,0,2368,1,37,0,128,throughput,48000,0,steady,1,64,spec012-confirm-01,2,15.04764041385135,ns/engine-sample,1,151552,3.1573333333333333,4096,2280500.0,2280.5,2280500.0,2280500.0,2280500.0,2280500.0,2280.5,2280.5,2280.5,2280.5,,,,0.042,0.042,0.0,1.3229166666666667,,1.3229166666666667,0.0,1.3125,/Users/christiankauten/Documents/Projects/Rack/plugins/Fourier/.build/spec012/confirm-01-short-hop/workload-0091-repeat-02.csv,a844e7993a71ed1442c908f374a94581542a54681b6eb24c6183f5c5061d8aa3
3aeff8d50243a034,m1-pro-16gb-local,ff89007723e34601c6bda6a41d53e1e37563e1feaff5902b44d4a8eea4c9aa16,aligned,fftw-analysis-double,64,0,0,2368,1,37,0,128,throughput,48000,0,steady,1,64,spec012-confirm-02,0,15.085033519847974,ns/engine-sample,1,151552,3.1573333333333333,4096,2286167.0,2286.167,2286167.0,2286167.0,2286167.0,2286167.0,2286.167,2286.167,2286.167,2286.167,,,,0.042,0.042,0.0,1.3229166666666667,,1.3229166666666667,0.0,1.3125,/Users/christiankauten/Documents/Projects/Rack/plugins/Fourier/.build/spec012/confirm-02-short-hop/workload-0091-repeat-00.csv,1734b4a4ed57faddc125a0dd5582448f19b824107fcf0ca33443ad29f41828a6
3aeff8d50243a034,m1-pro-16gb-local,ff89007723e34601c6bda6a41d53e1e37563e1feaff5902b44d4a8eea4c9aa16,aligned,fftw-analysis-double,64,0,0,2368,1,37,0,128,throughput,48000,0,steady,1,64,spec012-confirm-02,1,15.451244457347974,ns/engine-sample,1,151552,3.1573333333333333,4096,2341667.0,2341.667,2341667.0,2341667.0,2341667.0,2341667.0,2341.667,2341.667,2341.667,2341.667,,,,0.042,0.042,0.0,1.3229166666666667,,1.3229166666666667,0.0,1.3125,/Users/christiankauten/Documents/Projects/Rack/plugins/Fourier/.build/spec012/confirm-02-short-hop/workload-0091-repeat-01.csv,76a012180e3ca9813777fd5b0ccee7e2f98b9939f6d77a06af5accf52c9d66f2
3aeff8d50243a034,m1-pro-16gb-local,ff89007723e34601c6bda6a41d53e1e37563e1feaff5902b44d4a8eea4c9aa16,aligned,fftw-analysis-double,64,0,0,2368,1,37,0,128,throughput,48000,0,steady,1,64,spec012-confirm-02,2,15.023991765202704,ns/engine-sample,1,151552,3.1573333333333333,4096,2276916.0,2276.916,2276916.0,2276916.0,2276916.0,2276916.0,2276.916,2276.916,2276.916,2276.916,,,,0.042,0.042,0.0,1.3229166666666667,,1.3229166666666667,0.0,1.3125,/Users/christiankauten/Documents/Projects/Rack/plugins/Fourier/.build/spec012/confirm-02-short-hop/workload-0091-repeat-02.csv,efb2bf02897765ee6535f0b204ec69fb7ec3e9435ea3b0032b8cc867cf351b1b
3aeff8d50243a034,m1-pro-16gb-local,ff89007723e34601c6bda6a41d53e1e37563e1feaff5902b44d4a8eea4c9aa16,aligned,fftw-analysis-double,64,0,0,2368,1,37,0,128,throughput,48000,0,steady,1,64,spec012-confirm-03,0,15.013546505489865,ns/engine-sample,1,151552,3.1573333333333333,4096,2275333.0,2275.333,2275333.0,2275333.0,2275333.0,2275333.0,2275.333,2275.333,2275.333,2275.333,,,,0.042,0.042,0.0,1.3229166666666667,,1.3229166666666667,0.0,1.3125,/Users/christiankauten/Documents/Projects/Rack/plugins/Fourier/.build/spec012/confirm-03-short-hop/workload-0091-repeat-00.csv,d1203d2f5c2f11d9c61e781fac69822c85e617a69505b5c519469fab13106f8f
3aeff8d50243a034,m1-pro-16gb-local,ff89007723e34601c6bda6a41d53e1e37563e1feaff5902b44d4a8eea4c9aa16,aligned,fftw-analysis-double,64,0,0,2368,1,37,0,128,throughput,48000,0,steady,1,64,spec012-confirm-03,1,15.201330236486486,ns/engine-sample,1,151552,3.1573333333333333,4096,2303792.0,2303.792,2303792.0,2303792.0,2303792.0,2303792.0,2303.792,2303.792,2303.792,2303.792,,,,0.042,0.083,0.0,1.3229166666666667,,1.3229166666666667,0.0,1.3125,/Users/christiankauten/Documents/Projects/Rack/plugins/Fourier/.build/spec012/confirm-03-short-hop/workload-0091-repeat-01.csv,ad3810f9e5f4372d7197726535343a6d2f9a70d5184dd62da9cdb126b0d27fa6
3aeff8d50243a034,m1-pro-16gb-local,ff89007723e34601c6bda6a41d53e1e37563e1feaff5902b44d4a8eea4c9aa16,aligned,fftw-analysis-double,64,0,0,2368,1,37,0,128,throughput,48000,0,steady,1,64,spec012-confirm-03,2,14.965437605574325,ns/engine-sample,1,151552,3.1573333333333333,4096,2268042.0,2268.042,2268042.0,2268042.0,2268042.0,2268042.0,2268.042,2268.042,2268.042,2268.042,,,,0.042,0.042,0.0,1.3229166666666667,,1.3229166666666667,0.0,1.3125,/Users/christiankauten/Documents/Projects/Rack/plugins/Fourier/.build/spec012/confirm-03-short-hop/workload-0091-repeat-02.csv,cda51283872c5ca202fa166a7d9dfa6761e8082c52de80f8ed55b608eb2f1f46
