stratum,host,config_sha256,alignment,backend,block,cache_mib,callback_offset,callbacks,count,hop,load,n,pass_name,rate,smooth,state,voices,warm_hops,session,repeat,cost,cost_unit,observations,observation_window_samples,observation_window_seconds,publication_audit_rows,timed_total_ns,timed_total_us,p50_ns,p95_ns,p99_ns,observed_max_ns,p50_us,p95_us,p99_us,observed_max_us,callback_budget_us,observed_compute_budget_exceedances,compute_budget_exceedance_fraction,timer_p99_us,timer_max_us,publication_delay_ms,center_offset_ms,playback_delay_ms,spectrum_center_age_ms,callback_visible_age_min_ms,callback_visible_age_max_ms,raw,raw_sha256
3aeff8d50243a034,m1-pro-16gb-local,012ed4fee23d75cc02a470e4fd6068a8ca13c278e6afe1d2113e15cbc11946e0,aligned,inverse-stream-batch-float,1,0,0,65536,1,1024,0,2048,callback,48000,0,steady,1,64,spec012-confirm-01,0,52.9429931640625,ns/engine-sample,65536,65536,1.3653333333333333,64,3469672.0,3469.672,0.0,42.0,42.0,38292.0,0.0,0.042,0.042,38.292,20.833333333333332,64,0.0009765625,0.042,0.042,0.0,0.0,,,0.0,0.0,/Users/christiankauten/Documents/Projects/Rack/plugins/Fourier/.build/spec012/confirm-01-single-sample/workload-0008-repeat-00.csv,ea49c2b74ce04ff3f0ad21add1643d8a2fec11b0d4004e2c07facc86f6b2827f
3aeff8d50243a034,m1-pro-16gb-local,012ed4fee23d75cc02a470e4fd6068a8ca13c278e6afe1d2113e15cbc11946e0,aligned,inverse-stream-batch-float,1,0,0,65536,1,1024,0,2048,callback,48000,0,steady,1,64,spec012-confirm-01,1,55.42143249511719,ns/engine-sample,65536,65536,1.3653333333333333,64,3632099.0,3632.099,0.0,42.0,42.0,40459.0,0.0,0.042,0.042,40.459,20.833333333333332,64,0.0009765625,0.042,0.084,0.0,0.0,,,0.0,0.0,/Users/christiankauten/Documents/Projects/Rack/plugins/Fourier/.build/spec012/confirm-01-single-sample/workload-0008-repeat-01.csv,c20662d220053079d4199a65ab54dc9bfb372e1580390768309280d387f81ef8
3aeff8d50243a034,m1-pro-16gb-local,012ed4fee23d75cc02a470e4fd6068a8ca13c278e6afe1d2113e15cbc11946e0,aligned,inverse-stream-batch-float,1,0,0,65536,1,1024,0,2048,callback,48000,0,steady,1,64,spec012-confirm-01,2,52.446075439453125,ns/engine-sample,65536,65536,1.3653333333333333,64,3437106.0,3437.106,0.0,42.0,42.0,37000.0,0.0,0.042,0.042,37.0,20.833333333333332,64,0.0009765625,0.042,0.042,0.0,0.0,,,0.0,0.0,/Users/christiankauten/Documents/Projects/Rack/plugins/Fourier/.build/spec012/confirm-01-single-sample/workload-0008-repeat-02.csv,d19bb0e596a83d63f263cadac8e7421d8f3ad9ae3cde96fe36ac3b1dedd475cd
3aeff8d50243a034,m1-pro-16gb-local,012ed4fee23d75cc02a470e4fd6068a8ca13c278e6afe1d2113e15cbc11946e0,aligned,inverse-stream-batch-float,1,0,0,65536,1,1024,0,2048,callback,48000,0,steady,1,64,spec012-confirm-02,0,54.880889892578125,ns/engine-sample,65536,65536,1.3653333333333333,64,3596674.0,3596.674,0.0,42.0,42.0,42542.0,0.0,0.042,0.042,42.542,20.833333333333332,64,0.0009765625,0.042,0.042,0.0,0.0,,,0.0,0.0,/Users/christiankauten/Documents/Projects/Rack/plugins/Fourier/.build/spec012/confirm-02-single-sample/workload-0008-repeat-00.csv,6984ed5d7cffbce5c56c75f25901ee559b5445adec104779457508554231c8df
3aeff8d50243a034,m1-pro-16gb-local,012ed4fee23d75cc02a470e4fd6068a8ca13c278e6afe1d2113e15cbc11946e0,aligned,inverse-stream-batch-float,1,0,0,65536,1,1024,0,2048,callback,48000,0,steady,1,64,spec012-confirm-02,1,52.52386474609375,ns/engine-sample,65536,65536,1.3653333333333333,64,3442204.0,3442.204,0.0,42.0,42.0,38459.0,0.0,0.042,0.042,38.459,20.833333333333332,64,0.0009765625,0.042,0.042,0.0,0.0,,,0.0,0.0,/Users/christiankauten/Documents/Projects/Rack/plugins/Fourier/.build/spec012/confirm-02-single-sample/workload-0008-repeat-01.csv,56b1034e1842b4231e6a6885fa686e7e1f5a01cb787c889a89140a78fc6f62d3
3aeff8d50243a034,m1-pro-16gb-local,012ed4fee23d75cc02a470e4fd6068a8ca13c278e6afe1d2113e15cbc11946e0,aligned,inverse-stream-batch-float,1,0,0,65536,1,1024,0,2048,callback,48000,0,steady,1,64,spec012-confirm-02,2,54.13458251953125,ns/engine-sample,65536,65536,1.3653333333333333,64,3547764.0,3547.764,0.0,42.0,42.0,45209.0,0.0,0.042,0.042,45.209,20.833333333333332,65,0.0009918212890625,0.042,0.042,0.0,0.0,,,0.0,0.0,/Users/christiankauten/Documents/Projects/Rack/plugins/Fourier/.build/spec012/confirm-02-single-sample/workload-0008-repeat-02.csv,5f1613d51cd8dc1b8cc263a10b14ea26af94826485c8395bdcd15e531e198556
3aeff8d50243a034,m1-pro-16gb-local,012ed4fee23d75cc02a470e4fd6068a8ca13c278e6afe1d2113e15cbc11946e0,aligned,inverse-stream-batch-float,1,0,0,65536,1,1024,0,2048,callback,48000,0,steady,1,64,spec012-confirm-03,0,55.98320007324219,ns/engine-sample,65536,65536,1.3653333333333333,64,3668915.0,3668.915,0.0,42.0,42.0,41791.0,0.0,0.042,0.042,41.791,20.833333333333332,64,0.0009765625,0.042,0.042,0.0,0.0,,,0.0,0.0,/Users/christiankauten/Documents/Projects/Rack/plugins/Fourier/.build/spec012/confirm-03-single-sample/workload-0008-repeat-00.csv,f4ffacab3ab832483fff8d52455344d0a2f018358ca86fb1434c416c164b267c
3aeff8d50243a034,m1-pro-16gb-local,012ed4fee23d75cc02a470e4fd6068a8ca13c278e6afe1d2113e15cbc11946e0,aligned,inverse-stream-batch-float,1,0,0,65536,1,1024,0,2048,callback,48000,0,steady,1,64,spec012-confirm-03,1,53.74131774902344,ns/engine-sample,65536,65536,1.3653333333333333,64,3521991.0,3521.991,0.0,42.0,42.0,39042.0,0.0,0.042,0.042,39.042,20.833333333333332,64,0.0009765625,0.042,0.042,0.0,0.0,,,0.0,0.0,/Users/christiankauten/Documents/Projects/Rack/plugins/Fourier/.build/spec012/confirm-03-single-sample/workload-0008-repeat-01.csv,08b239a095d8f06a1f6e8f8ec37ebcb23d0fd4c6c90b9751aa63f6153a16f619
3aeff8d50243a034,m1-pro-16gb-local,012ed4fee23d75cc02a470e4fd6068a8ca13c278e6afe1d2113e15cbc11946e0,aligned,inverse-stream-batch-float,1,0,0,65536,1,1024,0,2048,callback,48000,0,steady,1,64,spec012-confirm-03,2,53.67341613769531,ns/engine-sample,65536,65536,1.3653333333333333,64,3517541.0,3517.541,0.0,42.0,42.0,37542.0,0.0,0.042,0.042,37.542,20.833333333333332,64,0.0009765625,0.042,0.042,0.0,0.0,,,0.0,0.0,/Users/christiankauten/Documents/Projects/Rack/plugins/Fourier/.build/spec012/confirm-03-single-sample/workload-0008-repeat-02.csv,0bed4713ac45f50ea8671984216a32330b3dd6e3e54dffed985e15652941a0c1
3aeff8d50243a034,m1-pro-16gb-local,0461a2ece11fd57183199cd87cf63ef181977d9765308d6b027337a3fa267b61,aligned,legacy-incremental-float,1,0,0,65536,1,1024,0,2048,throughput,48000,0,steady,1,64,spec012-confirm-01,0,21.634429931640625,ns/engine-sample,1,65536,1.3653333333333333,64,1417834.0,1417.834,1417834.0,1417834.0,1417834.0,1417834.0,1417.834,1417.834,1417.834,1417.834,,,,0.042,0.042,21.3125,21.322916666666668,,42.63541666666667,21.3125,21.3125,/Users/christiankauten/Documents/Projects/Rack/plugins/Fourier/.build/spec012/confirm-01-single-sample/workload-0025-repeat-00.csv,9941e9a596b2c487fd482b7acd3a23905bc34d46c1334034dd521b03f2664a74
3aeff8d50243a034,m1-pro-16gb-local,0461a2ece11fd57183199cd87cf63ef181977d9765308d6b027337a3fa267b61,aligned,legacy-incremental-float,1,0,0,65536,1,1024,0,2048,throughput,48000,0,steady,1,64,spec012-confirm-01,1,22.209808349609375,ns/engine-sample,1,65536,1.3653333333333333,64,1455542.0,1455.542,1455542.0,1455542.0,1455542.0,1455542.0,1455.542,1455.542,1455.542,1455.542,,,,0.042,0.042,21.3125,21.322916666666668,,42.63541666666667,21.3125,21.3125,/Users/christiankauten/Documents/Projects/Rack/plugins/Fourier/.build/spec012/confirm-01-single-sample/workload-0025-repeat-01.csv,253a73edaee99e7135a0fa1aa623e2016b761a94afbd121127a96bf9d09ce7b6
3aeff8d50243a034,m1-pro-16gb-local,0461a2ece11fd57183199cd87cf63ef181977d9765308d6b027337a3fa267b61,aligned,legacy-incremental-float,1,0,0,65536,1,1024,0,2048,throughput,48000,0,steady,1,64,spec012-confirm-01,2,22.444412231445312,ns/engine-sample,1,65536,1.3653333333333333,64,1470917.0,1470.917,1470917.0,1470917.0,1470917.0,1470917.0,1470.917,1470.917,1470.917,1470.917,,,,0.042,0.042,21.3125,21.322916666666668,,42.63541666666667,21.3125,21.3125,/Users/christiankauten/Documents/Projects/Rack/plugins/Fourier/.build/spec012/confirm-01-single-sample/workload-0025-repeat-02.csv,10b41806b6a619518430dc3f655301a85f2d7b2c06f3f816845b87985111ddd2
3aeff8d50243a034,m1-pro-16gb-local,0461a2ece11fd57183199cd87cf63ef181977d9765308d6b027337a3fa267b61,aligned,legacy-incremental-float,1,0,0,65536,1,1024,0,2048,throughput,48000,0,steady,1,64,spec012-confirm-02,0,22.303909301757812,ns/engine-sample,1,65536,1.3653333333333333,64,1461709.0,1461.709,1461709.0,1461709.0,1461709.0,1461709.0,1461.709,1461.709,1461.709,1461.709,,,,0.042,0.042,21.3125,21.322916666666668,,42.63541666666667,21.3125,21.3125,/Users/christiankauten/Documents/Projects/Rack/plugins/Fourier/.build/spec012/confirm-02-single-sample/workload-0025-repeat-00.csv,4ec785c0d862a1176e00845b5886bbd0fd1d05f8e8c66608c27c0ca991e0e1f9
3aeff8d50243a034,m1-pro-16gb-local,0461a2ece11fd57183199cd87cf63ef181977d9765308d6b027337a3fa267b61,aligned,legacy-incremental-float,1,0,0,65536,1,1024,0,2048,throughput,48000,0,steady,1,64,spec012-confirm-02,1,22.3541259765625,ns/engine-sample,1,65536,1.3653333333333333,64,1465000.0,1465.0,1465000.0,1465000.0,1465000.0,1465000.0,1465.0,1465.0,1465.0,1465.0,,,,0.042,0.042,21.3125,21.322916666666668,,42.63541666666667,21.3125,21.3125,/Users/christiankauten/Documents/Projects/Rack/plugins/Fourier/.build/spec012/confirm-02-single-sample/workload-0025-repeat-01.csv,bd126ac97dbf100277bd1c34ecb91b6c3518ad83727a6abaf6588fc40767c1fb
3aeff8d50243a034,m1-pro-16gb-local,0461a2ece11fd57183199cd87cf63ef181977d9765308d6b027337a3fa267b61,aligned,legacy-incremental-float,1,0,0,65536,1,1024,0,2048,throughput,48000,0,steady,1,64,spec012-confirm-02,2,36.087677001953125,ns/engine-sample,1,65536,1.3653333333333333,64,2365042.0,2365.042,2365042.0,2365042.0,2365042.0,2365042.0,2365.042,2365.042,2365.042,2365.042,,,,0.042,0.042,21.3125,21.322916666666668,,42.63541666666667,21.3125,21.3125,/Users/christiankauten/Documents/Projects/Rack/plugins/Fourier/.build/spec012/confirm-02-single-sample/workload-0025-repeat-02.csv,f938767b278a946aeb5dd43887d9303e62047b486a29bbecebb28a5554ec9178
3aeff8d50243a034,m1-pro-16gb-local,0461a2ece11fd57183199cd87cf63ef181977d9765308d6b027337a3fa267b61,aligned,legacy-incremental-float,1,0,0,65536,1,1024,0,2048,throughput,48000,0,steady,1,64,spec012-confirm-03,0,21.834060668945312,ns/engine-sample,1,65536,1.3653333333333333,64,1430917.0,1430.917,1430917.0,1430917.0,1430917.0,1430917.0,1430.917,1430.917,1430.917,1430.917,,,,0.042,0.042,21.3125,21.322916666666668,,42.63541666666667,21.3125,21.3125,/Users/christiankauten/Documents/Projects/Rack/plugins/Fourier/.build/spec012/confirm-03-single-sample/workload-0025-repeat-00.csv,095e18d85be085f5b5427136ec0a28e4c4a66666154f52d93574c8dd65413a85
3aeff8d50243a034,m1-pro-16gb-local,0461a2ece11fd57183199cd87cf63ef181977d9765308d6b027337a3fa267b61,aligned,legacy-incremental-float,1,0,0,65536,1,1024,0,2048,throughput,48000,0,steady,1,64,spec012-confirm-03,1,23.516326904296875,ns/engine-sample,1,65536,1.3653333333333333,64,1541166.0,1541.166,1541166.0,1541166.0,1541166.0,1541166.0,1541.166,1541.166,1541.166,1541.166,,,,0.042,0.084,21.3125,21.322916666666668,,42.63541666666667,21.3125,21.3125,/Users/christiankauten/Documents/Projects/Rack/plugins/Fourier/.build/spec012/confirm-03-single-sample/workload-0025-repeat-01.csv,b861fdd275dd8fe72ea7c0cf2f6870eb9e94026caf9d9553740ce4e049cb4b28
3aeff8d50243a034,m1-pro-16gb-local,0461a2ece11fd57183199cd87cf63ef181977d9765308d6b027337a3fa267b61,aligned,legacy-incremental-float,1,0,0,65536,1,1024,0,2048,throughput,48000,0,steady,1,64,spec012-confirm-03,2,21.895095825195312,ns/engine-sample,1,65536,1.3653333333333333,64,1434917.0,1434.917,1434917.0,1434917.0,1434917.0,1434917.0,1434.917,1434.917,1434.917,1434.917,,,,0.042,0.042,21.3125,21.322916666666668,,42.63541666666667,21.3125,21.3125,/Users/christiankauten/Documents/Projects/Rack/plugins/Fourier/.build/spec012/confirm-03-single-sample/workload-0025-repeat-02.csv,f1d7cb76fd26fb4a3677984e5fde08a20b79404fb7c30804cf7fc2c4b1242e56
3aeff8d50243a034,m1-pro-16gb-local,09e29d3313d5ba73d5aac06b244b6091199ea5db8c0385c9e6a5feedf7911b51,aligned,pffft-ols-fir-float,1,0,0,65536,1,1024,0,2048,throughput,48000,0,steady,1,64,spec012-confirm-01,0,15.298843383789062,ns/engine-sample,1,65536,1.3653333333333333,64,1002625.0,1002.625,1002625.0,1002625.0,1002625.0,1002625.0,1002.625,1002.625,1002.625,1002.625,,,,0.042,0.042,0.0,10.65625,21.3125,,0.0,0.0,/Users/christiankauten/Documents/Projects/Rack/plugins/Fourier/.build/spec012/confirm-01-single-sample/workload-0043-repeat-00.csv,77138ad72c7dc0d131ed26e7ff5d3953f8407123c6cefb8bf78cbac0969fb216
3aeff8d50243a034,m1-pro-16gb-local,09e29d3313d5ba73d5aac06b244b6091199ea5db8c0385c9e6a5feedf7911b51,aligned,pffft-ols-fir-float,1,0,0,65536,1,1024,0,2048,throughput,48000,0,steady,1,64,spec012-confirm-01,1,15.1246337890625,ns/engine-sample,1,65536,1.3653333333333333,64,991208.0,991.208,991208.0,991208.0,991208.0,991208.0,991.208,991.208,991.208,991.208,,,,0.042,0.042,0.0,10.65625,21.3125,,0.0,0.0,/Users/christiankauten/Documents/Projects/Rack/plugins/Fourier/.build/spec012/confirm-01-single-sample/workload-0043-repeat-01.csv,94b7138637bff16916fc954fecd72bdb3c3133834ca6647e7771c7086ad27b27
3aeff8d50243a034,m1-pro-16gb-local,09e29d3313d5ba73d5aac06b244b6091199ea5db8c0385c9e6a5feedf7911b51,aligned,pffft-ols-fir-float,1,0,0,65536,1,1024,0,2048,throughput,48000,0,steady,1,64,spec012-confirm-01,2,15.37005615234375,ns/engine-sample,1,65536,1.3653333333333333,64,1007292.0,1007.292,1007292.0,1007292.0,1007292.0,1007292.0,1007.292,1007.292,1007.292,1007.292,,,,0.042,0.042,0.0,10.65625,21.3125,,0.0,0.0,/Users/christiankauten/Documents/Projects/Rack/plugins/Fourier/.build/spec012/confirm-01-single-sample/workload-0043-repeat-02.csv,0a60615546d56368db0ab17c381b861b59c458671ee662359480aba137112bf2
3aeff8d50243a034,m1-pro-16gb-local,09e29d3313d5ba73d5aac06b244b6091199ea5db8c0385c9e6a5feedf7911b51,aligned,pffft-ols-fir-float,1,0,0,65536,1,1024,0,2048,throughput,48000,0,steady,1,64,spec012-confirm-02,0,15.929550170898438,ns/engine-sample,1,65536,1.3653333333333333,64,1043959.0,1043.959,1043959.0,1043959.0,1043959.0,1043959.0,1043.959,1043.959,1043.959,1043.959,,,,0.042,0.042,0.0,10.65625,21.3125,,0.0,0.0,/Users/christiankauten/Documents/Projects/Rack/plugins/Fourier/.build/spec012/confirm-02-single-sample/workload-0043-repeat-00.csv,c6880527ff060df5da4ebe0a030d0b0f2072a21a226e2d3a7e5f666fc0622ee5
3aeff8d50243a034,m1-pro-16gb-local,09e29d3313d5ba73d5aac06b244b6091199ea5db8c0385c9e6a5feedf7911b51,aligned,pffft-ols-fir-float,1,0,0,65536,1,1024,0,2048,throughput,48000,0,steady,1,64,spec012-confirm-02,1,15.29693603515625,ns/engine-sample,1,65536,1.3653333333333333,64,1002500.0,1002.5,1002500.0,1002500.0,1002500.0,1002500.0,1002.5,1002.5,1002.5,1002.5,,,,0.042,0.042,0.0,10.65625,21.3125,,0.0,0.0,/Users/christiankauten/Documents/Projects/Rack/plugins/Fourier/.build/spec012/confirm-02-single-sample/workload-0043-repeat-01.csv,7f51314dfde50cdba71938b6751b3591eab311c7197c42590b382d0e9b69b295
3aeff8d50243a034,m1-pro-16gb-local,09e29d3313d5ba73d5aac06b244b6091199ea5db8c0385c9e6a5feedf7911b51,aligned,pffft-ols-fir-float,1,0,0,65536,1,1024,0,2048,throughput,48000,0,steady,1,64,spec012-confirm-02,2,15.537261962890625,ns/engine-sample,1,65536,1.3653333333333333,64,1018250.0,1018.25,1018250.0,1018250.0,1018250.0,1018250.0,1018.25,1018.25,1018.25,1018.25,,,,0.042,0.042,0.0,10.65625,21.3125,,0.0,0.0,/Users/christiankauten/Documents/Projects/Rack/plugins/Fourier/.build/spec012/confirm-02-single-sample/workload-0043-repeat-02.csv,81706f310aa2248a0ac310bb8826093b5bd950a520ceed0c1373941fdbacec45
3aeff8d50243a034,m1-pro-16gb-local,09e29d3313d5ba73d5aac06b244b6091199ea5db8c0385c9e6a5feedf7911b51,aligned,pffft-ols-fir-float,1,0,0,65536,1,1024,0,2048,throughput,48000,0,steady,1,64,spec012-confirm-03,0,15.426010131835938,ns/engine-sample,1,65536,1.3653333333333333,64,1010959.0,1010.959,1010959.0,1010959.0,1010959.0,1010959.0,1010.959,1010.959,1010.959,1010.959,,,,0.042,0.042,0.0,10.65625,21.3125,,0.0,0.0,/Users/christiankauten/Documents/Projects/Rack/plugins/Fourier/.build/spec012/confirm-03-single-sample/workload-0043-repeat-00.csv,8351731452b2e6b7b2189d7832af04c6ac5a939fa825e63dc0b0f5a6b6a42ae0
3aeff8d50243a034,m1-pro-16gb-local,09e29d3313d5ba73d5aac06b244b6091199ea5db8c0385c9e6a5feedf7911b51,aligned,pffft-ols-fir-float,1,0,0,65536,1,1024,0,2048,throughput,48000,0,steady,1,64,spec012-confirm-03,1,15.043258666992188,ns/engine-sample,1,65536,1.3653333333333333,64,985875.0,985.875,985875.0,985875.0,985875.0,985875.0,985.875,985.875,985.875,985.875,,,,0.042,0.042,0.0,10.65625,21.3125,,0.0,0.0,/Users/christiankauten/Documents/Projects/Rack/plugins/Fourier/.build/spec012/confirm-03-single-sample/workload-0043-repeat-01.csv,3cec5a139abebebb9cecf8c9a843fedfd1ec39f978712018f2c9828790d4e72f
3aeff8d50243a034,m1-pro-16gb-local,09e29d3313d5ba73d5aac06b244b6091199ea5db8c0385c9e6a5feedf7911b51,aligned,pffft-ols-fir-float,1,0,0,65536,1,1024,0,2048,throughput,48000,0,steady,1,64,spec012-confirm-03,2,15.763595581054688,ns/engine-sample,1,65536,1.3653333333333333,64,1033083.0,1033.083,1033083.0,1033083.0,1033083.0,1033083.0,1033.083,1033.083,1033.083,1033.083,,,,0.042,0.042,0.0,10.65625,21.3125,,0.0,0.0,/Users/christiankauten/Documents/Projects/Rack/plugins/Fourier/.build/spec012/confirm-03-single-sample/workload-0043-repeat-02.csv,856f2b2326a42e65b8b41135b25cf490010cc5c58dddbe72d1a45401378d93c3
3aeff8d50243a034,m1-pro-16gb-local,0b2e8d8785d33c046a885b9028294bda658ebb66caad9e44af912436e8bef8e7,aligned,pffft-ols-fir-float,1,0,0,65536,1,1024,0,2048,callback,48000,0,steady,1,64,spec012-confirm-01,0,29.17535400390625,ns/engine-sample,65536,65536,1.3653333333333333,64,1912036.0,1912.036,0.0,42.0,42.0,11083.0,0.0,0.042,0.042,11.083,20.833333333333332,0,0.0,0.042,0.042,0.0,10.65625,21.3125,,0.0,0.0,/Users/christiankauten/Documents/Projects/Rack/plugins/Fourier/.build/spec012/confirm-01-single-sample/workload-0020-repeat-00.csv,ae74a37ce1ced705e2b8825c7341287fd64a244830fd7a607ea67941d16e8cd7
3aeff8d50243a034,m1-pro-16gb-local,0b2e8d8785d33c046a885b9028294bda658ebb66caad9e44af912436e8bef8e7,aligned,pffft-ols-fir-float,1,0,0,65536,1,1024,0,2048,callback,48000,0,steady,1,64,spec012-confirm-01,1,30.051712036132812,ns/engine-sample,65536,65536,1.3653333333333333,64,1969469.0,1969.469,0.0,42.0,42.0,10875.0,0.0,0.042,0.042,10.875,20.833333333333332,0,0.0,0.042,0.042,0.0,10.65625,21.3125,,0.0,0.0,/Users/christiankauten/Documents/Projects/Rack/plugins/Fourier/.build/spec012/confirm-01-single-sample/workload-0020-repeat-01.csv,9e135276d97850748dbcc2a93d39b63ecaa7b87416a339cacd0edd88a283ce94
3aeff8d50243a034,m1-pro-16gb-local,0b2e8d8785d33c046a885b9028294bda658ebb66caad9e44af912436e8bef8e7,aligned,pffft-ols-fir-float,1,0,0,65536,1,1024,0,2048,callback,48000,0,steady,1,64,spec012-confirm-01,2,29.117095947265625,ns/engine-sample,65536,65536,1.3653333333333333,64,1908218.0,1908.218,0.0,42.0,42.0,10459.0,0.0,0.042,0.042,10.459,20.833333333333332,0,0.0,0.042,0.042,0.0,10.65625,21.3125,,0.0,0.0,/Users/christiankauten/Documents/Projects/Rack/plugins/Fourier/.build/spec012/confirm-01-single-sample/workload-0020-repeat-02.csv,2649754467627c5cd1e383cc20a1279455f725a49f31d4cce0e24d21acc2bf43
3aeff8d50243a034,m1-pro-16gb-local,0b2e8d8785d33c046a885b9028294bda658ebb66caad9e44af912436e8bef8e7,aligned,pffft-ols-fir-float,1,0,0,65536,1,1024,0,2048,callback,48000,0,steady,1,64,spec012-confirm-02,0,29.911590576171875,ns/engine-sample,65536,65536,1.3653333333333333,64,1960286.0,1960.286,0.0,42.0,42.0,19834.0,0.0,0.042,0.042,19.834,20.833333333333332,0,0.0,0.042,0.042,0.0,10.65625,21.3125,,0.0,0.0,/Users/christiankauten/Documents/Projects/Rack/plugins/Fourier/.build/spec012/confirm-02-single-sample/workload-0020-repeat-00.csv,e3dcdd61abe46c23aa18462c43f06dba0a853bdacf50d2805c7bd1a29e55828e
3aeff8d50243a034,m1-pro-16gb-local,0b2e8d8785d33c046a885b9028294bda658ebb66caad9e44af912436e8bef8e7,aligned,pffft-ols-fir-float,1,0,0,65536,1,1024,0,2048,callback,48000,0,steady,1,64,spec012-confirm-02,1,29.133285522460938,ns/engine-sample,65536,65536,1.3653333333333333,64,1909279.0,1909.279,0.0,42.0,42.0,10709.0,0.0,0.042,0.042,10.709,20.833333333333332,0,0.0,0.042,0.042,0.0,10.65625,21.3125,,0.0,0.0,/Users/christiankauten/Documents/Projects/Rack/plugins/Fourier/.build/spec012/confirm-02-single-sample/workload-0020-repeat-01.csv,629f10e9fcdad77011b6ff1ca5f6e14d6237b682016fdc8ae8af135653a375d2
3aeff8d50243a034,m1-pro-16gb-local,0b2e8d8785d33c046a885b9028294bda658ebb66caad9e44af912436e8bef8e7,aligned,pffft-ols-fir-float,1,0,0,65536,1,1024,0,2048,callback,48000,0,steady,1,64,spec012-confirm-02,2,29.994857788085938,ns/engine-sample,65536,65536,1.3653333333333333,64,1965743.0,1965.743,0.0,42.0,42.0,10833.0,0.0,0.042,0.042,10.833,20.833333333333332,0,0.0,0.042,0.042,0.0,10.65625,21.3125,,0.0,0.0,/Users/christiankauten/Documents/Projects/Rack/plugins/Fourier/.build/spec012/confirm-02-single-sample/workload-0020-repeat-02.csv,b21cb722d19faa45b8d6684ea87a9143d85f12cbaa313cf6345a7c8aee316429
3aeff8d50243a034,m1-pro-16gb-local,0b2e8d8785d33c046a885b9028294bda658ebb66caad9e44af912436e8bef8e7,aligned,pffft-ols-fir-float,1,0,0,65536,1,1024,0,2048,callback,48000,0,steady,1,64,spec012-confirm-03,0,29.8035888671875,ns/engine-sample,65536,65536,1.3653333333333333,64,1953208.0,1953.208,0.0,42.0,42.0,10834.0,0.0,0.042,0.042,10.834,20.833333333333332,0,0.0,0.042,0.042,0.0,10.65625,21.3125,,0.0,0.0,/Users/christiankauten/Documents/Projects/Rack/plugins/Fourier/.build/spec012/confirm-03-single-sample/workload-0020-repeat-00.csv,162135b8411028cd2680fc4d46145547d1834250b1b4f1b2bbc51c11f0dec1bb
3aeff8d50243a034,m1-pro-16gb-local,0b2e8d8785d33c046a885b9028294bda658ebb66caad9e44af912436e8bef8e7,aligned,pffft-ols-fir-float,1,0,0,65536,1,1024,0,2048,callback,48000,0,steady,1,64,spec012-confirm-03,1,29.168487548828125,ns/engine-sample,65536,65536,1.3653333333333333,64,1911586.0,1911.586,0.0,42.0,42.0,10875.0,0.0,0.042,0.042,10.875,20.833333333333332,0,0.0,0.042,0.042,0.0,10.65625,21.3125,,0.0,0.0,/Users/christiankauten/Documents/Projects/Rack/plugins/Fourier/.build/spec012/confirm-03-single-sample/workload-0020-repeat-01.csv,8ae71acba4d66e5642d97d34cdd1719ac462e986d0554e45dbeb9784c156e233
3aeff8d50243a034,m1-pro-16gb-local,0b2e8d8785d33c046a885b9028294bda658ebb66caad9e44af912436e8bef8e7,aligned,pffft-ols-fir-float,1,0,0,65536,1,1024,0,2048,callback,48000,0,steady,1,64,spec012-confirm-03,2,30.770950317382812,ns/engine-sample,65536,65536,1.3653333333333333,64,2016605.0,2016.605,0.0,42.0,42.0,11584.0,0.0,0.042,0.042,11.584,20.833333333333332,0,0.0,0.042,0.042,0.0,10.65625,21.3125,,0.0,0.0,/Users/christiankauten/Documents/Projects/Rack/plugins/Fourier/.build/spec012/confirm-03-single-sample/workload-0020-repeat-02.csv,b1e893a3d812bc3b9feae2b3d67ec4f405fe6475b7045a7f362c6306ed4686ab
3aeff8d50243a034,m1-pro-16gb-local,0c9a705ab0e85a609737635797877217fb5f5493b3280d427f7665df2f01bd8b,aligned,core-float,1,0,0,65536,1,1024,0,2048,callback,48000,0,steady,1,64,spec012-confirm-01,0,26.620071411132812,ns/engine-sample,65536,65536,1.3653333333333333,64,1744573.0,1744.573,41.0,42.0,42.0,209.0,0.041,0.042,0.042,0.209,20.833333333333332,0,0.0,0.042,0.042,21.3125,21.322916666666668,,42.63541666666667,21.3125,21.3125,/Users/christiankauten/Documents/Projects/Rack/plugins/Fourier/.build/spec012/confirm-01-single-sample/workload-0000-repeat-00.csv,a6822a5114b8b77fc4583fde2cef4372a3b877643d5708bacb75009058723402
3aeff8d50243a034,m1-pro-16gb-local,0c9a705ab0e85a609737635797877217fb5f5493b3280d427f7665df2f01bd8b,aligned,core-float,1,0,0,65536,1,1024,0,2048,callback,48000,0,steady,1,64,spec012-confirm-01,1,26.55224609375,ns/engine-sample,65536,65536,1.3653333333333333,64,1740128.0,1740.128,41.0,42.0,42.0,458.0,0.041,0.042,0.042,0.458,20.833333333333332,0,0.0,0.042,0.042,21.3125,21.322916666666668,,42.63541666666667,21.3125,21.3125,/Users/christiankauten/Documents/Projects/Rack/plugins/Fourier/.build/spec012/confirm-01-single-sample/workload-0000-repeat-01.csv,26961c32ebbfdd1a992de50bb48b39daab8effe2f579d76e0698b1ee189a3cc8
3aeff8d50243a034,m1-pro-16gb-local,0c9a705ab0e85a609737635797877217fb5f5493b3280d427f7665df2f01bd8b,aligned,core-float,1,0,0,65536,1,1024,0,2048,callback,48000,0,steady,1,64,spec012-confirm-01,2,26.580581665039062,ns/engine-sample,65536,65536,1.3653333333333333,64,1741985.0,1741.985,41.0,42.0,42.0,416.0,0.041,0.042,0.042,0.416,20.833333333333332,0,0.0,0.042,0.083,21.3125,21.322916666666668,,42.63541666666667,21.3125,21.3125,/Users/christiankauten/Documents/Projects/Rack/plugins/Fourier/.build/spec012/confirm-01-single-sample/workload-0000-repeat-02.csv,7088a6fbbe8b6e3c30cfe9bf0c9947a026df664ae8f356b248f10b511d61461b
3aeff8d50243a034,m1-pro-16gb-local,0c9a705ab0e85a609737635797877217fb5f5493b3280d427f7665df2f01bd8b,aligned,core-float,1,0,0,65536,1,1024,0,2048,callback,48000,0,steady,1,64,spec012-confirm-02,0,26.630233764648438,ns/engine-sample,65536,65536,1.3653333333333333,64,1745239.0,1745.239,41.0,42.0,42.0,459.0,0.041,0.042,0.042,0.459,20.833333333333332,0,0.0,0.042,0.042,21.3125,21.322916666666668,,42.63541666666667,21.3125,21.3125,/Users/christiankauten/Documents/Projects/Rack/plugins/Fourier/.build/spec012/confirm-02-single-sample/workload-0000-repeat-00.csv,829772ac05e664b6e53094c1f4f72245f562bae0ca32cb9ceec1222408f66597
3aeff8d50243a034,m1-pro-16gb-local,0c9a705ab0e85a609737635797877217fb5f5493b3280d427f7665df2f01bd8b,aligned,core-float,1,0,0,65536,1,1024,0,2048,callback,48000,0,steady,1,64,spec012-confirm-02,1,27.36065673828125,ns/engine-sample,65536,65536,1.3653333333333333,64,1793108.0,1793.108,41.0,42.0,42.0,250.0,0.041,0.042,0.042,0.25,20.833333333333332,0,0.0,0.042,0.042,21.3125,21.322916666666668,,42.63541666666667,21.3125,21.3125,/Users/christiankauten/Documents/Projects/Rack/plugins/Fourier/.build/spec012/confirm-02-single-sample/workload-0000-repeat-01.csv,77faa6c75c0298cee3fbedd1bd183ced6b82943a8f17a1d0bbb7c8d00c9986e3
3aeff8d50243a034,m1-pro-16gb-local,0c9a705ab0e85a609737635797877217fb5f5493b3280d427f7665df2f01bd8b,aligned,core-float,1,0,0,65536,1,1024,0,2048,callback,48000,0,steady,1,64,spec012-confirm-02,2,27.613296508789062,ns/engine-sample,65536,65536,1.3653333333333333,64,1809665.0,1809.665,41.0,42.0,42.0,209.0,0.041,0.042,0.042,0.209,20.833333333333332,0,0.0,0.042,0.042,21.3125,21.322916666666668,,42.63541666666667,21.3125,21.3125,/Users/christiankauten/Documents/Projects/Rack/plugins/Fourier/.build/spec012/confirm-02-single-sample/workload-0000-repeat-02.csv,d9338470ac4ead4d6422836bec01b0c3d84c0cca9fd1f6bd3b57d4e0d5c9b5ca
3aeff8d50243a034,m1-pro-16gb-local,0c9a705ab0e85a609737635797877217fb5f5493b3280d427f7665df2f01bd8b,aligned,core-float,1,0,0,65536,1,1024,0,2048,callback,48000,0,steady,1,64,spec012-confirm-03,0,27.006607055664062,ns/engine-sample,65536,65536,1.3653333333333333,64,1769905.0,1769.905,41.0,42.0,42.0,333.0,0.041,0.042,0.042,0.333,20.833333333333332,0,0.0,0.042,0.042,21.3125,21.322916666666668,,42.63541666666667,21.3125,21.3125,/Users/christiankauten/Documents/Projects/Rack/plugins/Fourier/.build/spec012/confirm-03-single-sample/workload-0000-repeat-00.csv,c7dcf3060055653060714369277cd30d5fd726d4996bb76cad3b8ae4a37dd594
3aeff8d50243a034,m1-pro-16gb-local,0c9a705ab0e85a609737635797877217fb5f5493b3280d427f7665df2f01bd8b,aligned,core-float,1,0,0,65536,1,1024,0,2048,callback,48000,0,steady,1,64,spec012-confirm-03,1,26.59490966796875,ns/engine-sample,65536,65536,1.3653333333333333,64,1742924.0,1742.924,41.0,42.0,42.0,375.0,0.041,0.042,0.042,0.375,20.833333333333332,0,0.0,0.042,0.042,21.3125,21.322916666666668,,42.63541666666667,21.3125,21.3125,/Users/christiankauten/Documents/Projects/Rack/plugins/Fourier/.build/spec012/confirm-03-single-sample/workload-0000-repeat-01.csv,d3c23af860de536dcbb38f491b4829f60d55f43a80f329ad10e374ad8555ecf7
3aeff8d50243a034,m1-pro-16gb-local,0c9a705ab0e85a609737635797877217fb5f5493b3280d427f7665df2f01bd8b,aligned,core-float,1,0,0,65536,1,1024,0,2048,callback,48000,0,steady,1,64,spec012-confirm-03,2,28.474014282226562,ns/engine-sample,65536,65536,1.3653333333333333,64,1866073.0,1866.073,41.0,42.0,42.0,8750.0,0.041,0.042,0.042,8.75,20.833333333333332,0,0.0,0.042,0.042,21.3125,21.322916666666668,,42.63541666666667,21.3125,21.3125,/Users/christiankauten/Documents/Projects/Rack/plugins/Fourier/.build/spec012/confirm-03-single-sample/workload-0000-repeat-02.csv,3bf786d96b8797ddc663112afc50130d38d37fea62a82c9d996269a0e5cfcdc7
3aeff8d50243a034,m1-pro-16gb-local,127b8cc3268dc849eaad96f3d40a251428ef2b5c8fe172b6bd17c5a273c57350,aligned,ols-identity-batch-float,1,0,0,65536,1,1024,0,2048,callback,48000,0,steady,1,64,spec012-confirm-01,0,87.45240783691406,ns/engine-sample,65536,65536,1.3653333333333333,64,5731281.0,5731.281,0.0,42.0,42.0,71500.0,0.0,0.042,0.042,71.5,20.833333333333332,64,0.0009765625,0.042,0.084,0.0,10.65625,21.3125,,0.0,0.0,/Users/christiankauten/Documents/Projects/Rack/plugins/Fourier/.build/spec012/confirm-01-single-sample/workload-0013-repeat-00.csv,b5d3f517580e308af6a06d453d9e49755a25848c2b305c7c2062d381d5310e52
3aeff8d50243a034,m1-pro-16gb-local,127b8cc3268dc849eaad96f3d40a251428ef2b5c8fe172b6bd17c5a273c57350,aligned,ols-identity-batch-float,1,0,0,65536,1,1024,0,2048,callback,48000,0,steady,1,64,spec012-confirm-01,1,87.8082275390625,ns/engine-sample,65536,65536,1.3653333333333333,64,5754600.0,5754.6,0.0,42.0,42.0,72292.0,0.0,0.042,0.042,72.292,20.833333333333332,64,0.0009765625,0.042,0.042,0.0,10.65625,21.3125,,0.0,0.0,/Users/christiankauten/Documents/Projects/Rack/plugins/Fourier/.build/spec012/confirm-01-single-sample/workload-0013-repeat-01.csv,725ea9c73527afec99a7edccefa77d499a2354990a1a87a16d214cb0934df30a
3aeff8d50243a034,m1-pro-16gb-local,127b8cc3268dc849eaad96f3d40a251428ef2b5c8fe172b6bd17c5a273c57350,aligned,ols-identity-batch-float,1,0,0,65536,1,1024,0,2048,callback,48000,0,steady,1,64,spec012-confirm-01,2,87.54890441894531,ns/engine-sample,65536,65536,1.3653333333333333,64,5737605.0,5737.605,0.0,42.0,42.0,77041.0,0.0,0.042,0.042,77.041,20.833333333333332,64,0.0009765625,0.042,0.083,0.0,10.65625,21.3125,,0.0,0.0,/Users/christiankauten/Documents/Projects/Rack/plugins/Fourier/.build/spec012/confirm-01-single-sample/workload-0013-repeat-02.csv,1d339ba18da057445e306ec5215dd8bd9fda6dce1ef293fe652b9e6baa67fa55
3aeff8d50243a034,m1-pro-16gb-local,127b8cc3268dc849eaad96f3d40a251428ef2b5c8fe172b6bd17c5a273c57350,aligned,ols-identity-batch-float,1,0,0,65536,1,1024,0,2048,callback,48000,0,steady,1,64,spec012-confirm-02,0,90.91195678710938,ns/engine-sample,65536,65536,1.3653333333333333,64,5958006.0,5958.006,41.0,42.0,42.0,76334.0,0.041,0.042,0.042,76.334,20.833333333333332,64,0.0009765625,0.042,0.042,0.0,10.65625,21.3125,,0.0,0.0,/Users/christiankauten/Documents/Projects/Rack/plugins/Fourier/.build/spec012/confirm-02-single-sample/workload-0013-repeat-00.csv,78a5db688170e3260b9ad4594e09b969de0ba57f5bad623c2473ff68738aa0f0
3aeff8d50243a034,m1-pro-16gb-local,127b8cc3268dc849eaad96f3d40a251428ef2b5c8fe172b6bd17c5a273c57350,aligned,ols-identity-batch-float,1,0,0,65536,1,1024,0,2048,callback,48000,0,steady,1,64,spec012-confirm-02,1,88.72787475585938,ns/engine-sample,65536,65536,1.3653333333333333,64,5814870.0,5814.87,0.0,42.0,42.0,79083.0,0.0,0.042,0.042,79.083,20.833333333333332,64,0.0009765625,0.042,0.042,0.0,10.65625,21.3125,,0.0,0.0,/Users/christiankauten/Documents/Projects/Rack/plugins/Fourier/.build/spec012/confirm-02-single-sample/workload-0013-repeat-01.csv,d37559020e107e1bf88a1a4d6edabd4afa1913c9e328449bd46107c860032108
3aeff8d50243a034,m1-pro-16gb-local,127b8cc3268dc849eaad96f3d40a251428ef2b5c8fe172b6bd17c5a273c57350,aligned,ols-identity-batch-float,1,0,0,65536,1,1024,0,2048,callback,48000,0,steady,1,64,spec012-confirm-02,2,91.8883056640625,ns/engine-sample,65536,65536,1.3653333333333333,64,6021992.0,6021.992,41.0,42.0,42.0,102084.0,0.041,0.042,0.042,102.084,20.833333333333332,64,0.0009765625,0.042,0.083,0.0,10.65625,21.3125,,0.0,0.0,/Users/christiankauten/Documents/Projects/Rack/plugins/Fourier/.build/spec012/confirm-02-single-sample/workload-0013-repeat-02.csv,877719b197a6b399eabdb30241be2aebce60edcdd75d2cfbb96e6af9121ae749
3aeff8d50243a034,m1-pro-16gb-local,127b8cc3268dc849eaad96f3d40a251428ef2b5c8fe172b6bd17c5a273c57350,aligned,ols-identity-batch-float,1,0,0,65536,1,1024,0,2048,callback,48000,0,steady,1,64,spec012-confirm-03,0,88.44548034667969,ns/engine-sample,65536,65536,1.3653333333333333,64,5796363.0,5796.363,0.0,42.0,42.0,74959.0,0.0,0.042,0.042,74.959,20.833333333333332,64,0.0009765625,0.042,0.042,0.0,10.65625,21.3125,,0.0,0.0,/Users/christiankauten/Documents/Projects/Rack/plugins/Fourier/.build/spec012/confirm-03-single-sample/workload-0013-repeat-00.csv,6a16fef6832a9519eaf5cdb33b6831419c6d9689d40bea5f7b14869eefa05424
3aeff8d50243a034,m1-pro-16gb-local,127b8cc3268dc849eaad96f3d40a251428ef2b5c8fe172b6bd17c5a273c57350,aligned,ols-identity-batch-float,1,0,0,65536,1,1024,0,2048,callback,48000,0,steady,1,64,spec012-confirm-03,1,92.49154663085938,ns/engine-sample,65536,65536,1.3653333333333333,64,6061526.0,6061.526,41.0,42.0,42.0,81209.0,0.041,0.042,0.042,81.209,20.833333333333332,64,0.0009765625,0.042,0.042,0.0,10.65625,21.3125,,0.0,0.0,/Users/christiankauten/Documents/Projects/Rack/plugins/Fourier/.build/spec012/confirm-03-single-sample/workload-0013-repeat-01.csv,8b6b862f3768b4efd8a3a9391e6d22bb8b7ba3f5ff2c9bef91eab50aea29ade3
3aeff8d50243a034,m1-pro-16gb-local,127b8cc3268dc849eaad96f3d40a251428ef2b5c8fe172b6bd17c5a273c57350,aligned,ols-identity-batch-float,1,0,0,65536,1,1024,0,2048,callback,48000,0,steady,1,64,spec012-confirm-03,2,91.62486267089844,ns/engine-sample,65536,65536,1.3653333333333333,64,6004727.0,6004.727,0.0,42.0,42.0,75542.0,0.0,0.042,0.042,75.542,20.833333333333332,64,0.0009765625,0.042,0.083,0.0,10.65625,21.3125,,0.0,0.0,/Users/christiankauten/Documents/Projects/Rack/plugins/Fourier/.build/spec012/confirm-03-single-sample/workload-0013-repeat-02.csv,57a3277e0fac879489b2bf9347f7b67d9da96a42c13db5f48f2d9755d81c4d6a
3aeff8d50243a034,m1-pro-16gb-local,14c3514a4dc743a3a286be3d5201cb70fae2771d14fbe8b5837779ac7cdc53f1,aligned,pffft-analysis-float,1,0,0,65536,1,1024,0,2048,throughput,48000,0,steady,1,64,spec012-confirm-01,0,9.852096557617188,ns/engine-sample,1,65536,1.3653333333333333,64,645667.0,645.667,645667.0,645667.0,645667.0,645667.0,645.667,645.667,645.667,645.667,,,,0.042,0.042,0.0,21.322916666666668,,21.322916666666668,0.0,0.0,/Users/christiankauten/Documents/Projects/Rack/plugins/Fourier/.build/spec012/confirm-01-single-sample/workload-0026-repeat-00.csv,0a0d09641147e21705b37d4b22a0aca63a440e61690b7548ca4710205473495d
3aeff8d50243a034,m1-pro-16gb-local,14c3514a4dc743a3a286be3d5201cb70fae2771d14fbe8b5837779ac7cdc53f1,aligned,pffft-analysis-float,1,0,0,65536,1,1024,0,2048,throughput,48000,0,steady,1,64,spec012-confirm-01,1,10.096237182617188,ns/engine-sample,1,65536,1.3653333333333333,64,661667.0,661.667,661667.0,661667.0,661667.0,661667.0,661.667,661.667,661.667,661.667,,,,0.042,0.042,0.0,21.322916666666668,,21.322916666666668,0.0,0.0,/Users/christiankauten/Documents/Projects/Rack/plugins/Fourier/.build/spec012/confirm-01-single-sample/workload-0026-repeat-01.csv,42fe4fd7bc38fccd1387fd80543bcba8569c318c0412c70346b1b42be29f480b
3aeff8d50243a034,m1-pro-16gb-local,14c3514a4dc743a3a286be3d5201cb70fae2771d14fbe8b5837779ac7cdc53f1,aligned,pffft-analysis-float,1,0,0,65536,1,1024,0,2048,throughput,48000,0,steady,1,64,spec012-confirm-01,2,9.787887573242188,ns/engine-sample,1,65536,1.3653333333333333,64,641459.0,641.459,641459.0,641459.0,641459.0,641459.0,641.459,641.459,641.459,641.459,,,,0.042,0.042,0.0,21.322916666666668,,21.322916666666668,0.0,0.0,/Users/christiankauten/Documents/Projects/Rack/plugins/Fourier/.build/spec012/confirm-01-single-sample/workload-0026-repeat-02.csv,c4f9c1142b4e64fa84825d9997dd80a4c89fcc8c8cdd42a935a3a14ab3410e07
3aeff8d50243a034,m1-pro-16gb-local,14c3514a4dc743a3a286be3d5201cb70fae2771d14fbe8b5837779ac7cdc53f1,aligned,pffft-analysis-float,1,0,0,65536,1,1024,0,2048,throughput,48000,0,steady,1,64,spec012-confirm-02,0,10.1134033203125,ns/engine-sample,1,65536,1.3653333333333333,64,662792.0,662.792,662792.0,662792.0,662792.0,662792.0,662.792,662.792,662.792,662.792,,,,0.042,0.042,0.0,21.322916666666668,,21.322916666666668,0.0,0.0,/Users/christiankauten/Documents/Projects/Rack/plugins/Fourier/.build/spec012/confirm-02-single-sample/workload-0026-repeat-00.csv,c7d0970772c0d8f13eadf62760b5bcd53967624f04781b379cd062d2a727047f
3aeff8d50243a034,m1-pro-16gb-local,14c3514a4dc743a3a286be3d5201cb70fae2771d14fbe8b5837779ac7cdc53f1,aligned,pffft-analysis-float,1,0,0,65536,1,1024,0,2048,throughput,48000,0,steady,1,64,spec012-confirm-02,1,9.784072875976562,ns/engine-sample,1,65536,1.3653333333333333,64,641209.0,641.209,641209.0,641209.0,641209.0,641209.0,641.209,641.209,641.209,641.209,,,,0.042,0.042,0.0,21.322916666666668,,21.322916666666668,0.0,0.0,/Users/christiankauten/Documents/Projects/Rack/plugins/Fourier/.build/spec012/confirm-02-single-sample/workload-0026-repeat-01.csv,7b10c9581390a8d616e0d3c5adb824770d3afd12bc2df47e25743ea8babbe2ea
3aeff8d50243a034,m1-pro-16gb-local,14c3514a4dc743a3a286be3d5201cb70fae2771d14fbe8b5837779ac7cdc53f1,aligned,pffft-analysis-float,1,0,0,65536,1,1024,0,2048,throughput,48000,0,steady,1,64,spec012-confirm-02,2,10.069534301757812,ns/engine-sample,1,65536,1.3653333333333333,64,659917.0,659.917,659917.0,659917.0,659917.0,659917.0,659.917,659.917,659.917,659.917,,,,0.042,0.042,0.0,21.322916666666668,,21.322916666666668,0.0,0.0,/Users/christiankauten/Documents/Projects/Rack/plugins/Fourier/.build/spec012/confirm-02-single-sample/workload-0026-repeat-02.csv,6635666117e480d54137b9948ddaf9dc8a723db2959bfcb528850684ab7c2190
3aeff8d50243a034,m1-pro-16gb-local,14c3514a4dc743a3a286be3d5201cb70fae2771d14fbe8b5837779ac7cdc53f1,aligned,pffft-analysis-float,1,0,0,65536,1,1024,0,2048,throughput,48000,0,steady,1,64,spec012-confirm-03,0,10.459259033203125,ns/engine-sample,1,65536,1.3653333333333333,64,685458.0,685.458,685458.0,685458.0,685458.0,685458.0,685.458,685.458,685.458,685.458,,,,0.042,0.042,0.0,21.322916666666668,,21.322916666666668,0.0,0.0,/Users/christiankauten/Documents/Projects/Rack/plugins/Fourier/.build/spec012/confirm-03-single-sample/workload-0026-repeat-00.csv,65b71dc12b87aa87aa916f3a8773a60e429c702d7bb0753f2f95b2534f3603a2
3aeff8d50243a034,m1-pro-16gb-local,14c3514a4dc743a3a286be3d5201cb70fae2771d14fbe8b5837779ac7cdc53f1,aligned,pffft-analysis-float,1,0,0,65536,1,1024,0,2048,throughput,48000,0,steady,1,64,spec012-confirm-03,1,9.804397583007812,ns/engine-sample,1,65536,1.3653333333333333,64,642541.0,642.541,642541.0,642541.0,642541.0,642541.0,642.541,642.541,642.541,642.541,,,,0.042,0.042,0.0,21.322916666666668,,21.322916666666668,0.0,0.0,/Users/christiankauten/Documents/Projects/Rack/plugins/Fourier/.build/spec012/confirm-03-single-sample/workload-0026-repeat-01.csv,da91683946f928fc4c780c1b16c53d7bfb90269964da91f070ae85c034538840
3aeff8d50243a034,m1-pro-16gb-local,14c3514a4dc743a3a286be3d5201cb70fae2771d14fbe8b5837779ac7cdc53f1,aligned,pffft-analysis-float,1,0,0,65536,1,1024,0,2048,throughput,48000,0,steady,1,64,spec012-confirm-03,2,9.813949584960938,ns/engine-sample,1,65536,1.3653333333333333,64,643167.0,643.167,643167.0,643167.0,643167.0,643167.0,643.167,643.167,643.167,643.167,,,,0.042,0.042,0.0,21.322916666666668,,21.322916666666668,0.0,0.0,/Users/christiankauten/Documents/Projects/Rack/plugins/Fourier/.build/spec012/confirm-03-single-sample/workload-0026-repeat-02.csv,21ecf6a2eb38034e8ed0cd2219789ab3a2fd3368fd5dfaf8b5b27d3660e87724
3aeff8d50243a034,m1-pro-16gb-local,1a08b1697f2c6c677a348e5fee98e55805da2c961e64719bff625ef9e2827c8e,aligned,ols-fir-incremental-float,1,0,0,65536,1,1024,0,2048,callback,48000,0,steady,1,64,spec012-confirm-01,0,76.69326782226562,ns/engine-sample,65536,65536,1.3653333333333333,64,5026170.0,5026.17,83.0,84.0,125.0,3750.0,0.083,0.084,0.125,3.75,20.833333333333332,0,0.0,0.042,0.042,21.3125,10.65625,42.625,,21.3125,21.3125,/Users/christiankauten/Documents/Projects/Rack/plugins/Fourier/.build/spec012/confirm-01-single-sample/workload-0019-repeat-00.csv,ddb2084efa61bb32f7043901ada7c7046dd5ec04828876e5932008fb0e03c762
3aeff8d50243a034,m1-pro-16gb-local,1a08b1697f2c6c677a348e5fee98e55805da2c961e64719bff625ef9e2827c8e,aligned,ols-fir-incremental-float,1,0,0,65536,1,1024,0,2048,callback,48000,0,steady,1,64,spec012-confirm-01,1,77.78643798828125,ns/engine-sample,65536,65536,1.3653333333333333,64,5097812.0,5097.812,83.0,125.0,167.0,4375.0,0.083,0.125,0.167,4.375,20.833333333333332,0,0.0,0.042,0.042,21.3125,10.65625,42.625,,21.3125,21.3125,/Users/christiankauten/Documents/Projects/Rack/plugins/Fourier/.build/spec012/confirm-01-single-sample/workload-0019-repeat-01.csv,a227d7d3c52e659e9350f8c8d8f5e7d37750defecfbed5154245dbabae557e2e
3aeff8d50243a034,m1-pro-16gb-local,1a08b1697f2c6c677a348e5fee98e55805da2c961e64719bff625ef9e2827c8e,aligned,ols-fir-incremental-float,1,0,0,65536,1,1024,0,2048,callback,48000,0,steady,1,64,spec012-confirm-01,2,76.66563415527344,ns/engine-sample,65536,65536,1.3653333333333333,64,5024359.0,5024.359,83.0,84.0,125.0,5125.0,0.083,0.084,0.125,5.125,20.833333333333332,0,0.0,0.042,0.042,21.3125,10.65625,42.625,,21.3125,21.3125,/Users/christiankauten/Documents/Projects/Rack/plugins/Fourier/.build/spec012/confirm-01-single-sample/workload-0019-repeat-02.csv,720fabbec73fef1eed316944567232b32f82c5d996a6dd7ebcb72ece078840b8
3aeff8d50243a034,m1-pro-16gb-local,1a08b1697f2c6c677a348e5fee98e55805da2c961e64719bff625ef9e2827c8e,aligned,ols-fir-incremental-float,1,0,0,65536,1,1024,0,2048,callback,48000,0,steady,1,64,spec012-confirm-02,0,79.49227905273438,ns/engine-sample,65536,65536,1.3653333333333333,64,5209606.0,5209.606,83.0,125.0,166.0,13125.0,0.083,0.125,0.166,13.125,20.833333333333332,0,0.0,0.042,0.042,21.3125,10.65625,42.625,,21.3125,21.3125,/Users/christiankauten/Documents/Projects/Rack/plugins/Fourier/.build/spec012/confirm-02-single-sample/workload-0019-repeat-00.csv,074d34c857de9b6e8993d77d006e3f44f61270fe57c5feab20434ee1e0632e69
3aeff8d50243a034,m1-pro-16gb-local,1a08b1697f2c6c677a348e5fee98e55805da2c961e64719bff625ef9e2827c8e,aligned,ols-fir-incremental-float,1,0,0,65536,1,1024,0,2048,callback,48000,0,steady,1,64,spec012-confirm-02,1,79.05343627929688,ns/engine-sample,65536,65536,1.3653333333333333,64,5180846.0,5180.846,83.0,125.0,125.0,4083.0,0.083,0.125,0.125,4.083,20.833333333333332,0,0.0,0.042,0.042,21.3125,10.65625,42.625,,21.3125,21.3125,/Users/christiankauten/Documents/Projects/Rack/plugins/Fourier/.build/spec012/confirm-02-single-sample/workload-0019-repeat-01.csv,e48db29ec2988b7bdd10a073ed0d21681acd0b00552ae70f91e2bed6f00ae720
3aeff8d50243a034,m1-pro-16gb-local,1a08b1697f2c6c677a348e5fee98e55805da2c961e64719bff625ef9e2827c8e,aligned,ols-fir-incremental-float,1,0,0,65536,1,1024,0,2048,callback,48000,0,steady,1,64,spec012-confirm-02,2,78.57333374023438,ns/engine-sample,65536,65536,1.3653333333333333,64,5149382.0,5149.382,83.0,125.0,125.0,5000.0,0.083,0.125,0.125,5.0,20.833333333333332,0,0.0,0.042,0.042,21.3125,10.65625,42.625,,21.3125,21.3125,/Users/christiankauten/Documents/Projects/Rack/plugins/Fourier/.build/spec012/confirm-02-single-sample/workload-0019-repeat-02.csv,dcd251a77a514716e86cb3f8688bd7320ff0e7c76b64941d9d81553a4974bec9
3aeff8d50243a034,m1-pro-16gb-local,1a08b1697f2c6c677a348e5fee98e55805da2c961e64719bff625ef9e2827c8e,aligned,ols-fir-incremental-float,1,0,0,65536,1,1024,0,2048,callback,48000,0,steady,1,64,spec012-confirm-03,0,77.95634460449219,ns/engine-sample,65536,65536,1.3653333333333333,64,5108947.0,5108.947,83.0,125.0,125.0,5250.0,0.083,0.125,0.125,5.25,20.833333333333332,0,0.0,0.042,0.042,21.3125,10.65625,42.625,,21.3125,21.3125,/Users/christiankauten/Documents/Projects/Rack/plugins/Fourier/.build/spec012/confirm-03-single-sample/workload-0019-repeat-00.csv,f7778a33f321ed4a8e69bbc636603ba92075f2f0d35505976870aef36c69f44e
3aeff8d50243a034,m1-pro-16gb-local,1a08b1697f2c6c677a348e5fee98e55805da2c961e64719bff625ef9e2827c8e,aligned,ols-fir-incremental-float,1,0,0,65536,1,1024,0,2048,callback,48000,0,steady,1,64,spec012-confirm-03,1,82.1199951171875,ns/engine-sample,65536,65536,1.3653333333333333,64,5381816.0,5381.816,83.0,125.0,167.0,9166.0,0.083,0.125,0.167,9.166,20.833333333333332,0,0.0,0.042,0.042,21.3125,10.65625,42.625,,21.3125,21.3125,/Users/christiankauten/Documents/Projects/Rack/plugins/Fourier/.build/spec012/confirm-03-single-sample/workload-0019-repeat-01.csv,0ff91459e8aa45b5bc28dff445eec852788e2e5df98ff9e03aaf0ec11ee1e468
3aeff8d50243a034,m1-pro-16gb-local,1a08b1697f2c6c677a348e5fee98e55805da2c961e64719bff625ef9e2827c8e,aligned,ols-fir-incremental-float,1,0,0,65536,1,1024,0,2048,callback,48000,0,steady,1,64,spec012-confirm-03,2,77.62992858886719,ns/engine-sample,65536,65536,1.3653333333333333,64,5087555.0,5087.555,83.0,125.0,125.0,7750.0,0.083,0.125,0.125,7.75,20.833333333333332,0,0.0,0.042,0.042,21.3125,10.65625,42.625,,21.3125,21.3125,/Users/christiankauten/Documents/Projects/Rack/plugins/Fourier/.build/spec012/confirm-03-single-sample/workload-0019-repeat-02.csv,6b4e34f4b6897f5d538806b3d2a5a749c9a07652b7b2ea4c6d4ab2aad6de6547
3aeff8d50243a034,m1-pro-16gb-local,1e841b0df73802e9857b436e6e6d475c3ecd464d5c868643859ed22747623150,aligned,vdsp-ols-identity-float,1,0,0,65536,1,1024,0,2048,callback,48000,0,steady,1,64,spec012-confirm-01,0,27.566635131835938,ns/engine-sample,65536,65536,1.3653333333333333,64,1806607.0,1806.607,0.0,42.0,42.0,9000.0,0.0,0.042,0.042,9.0,20.833333333333332,0,0.0,0.042,0.042,0.0,10.65625,21.3125,,0.0,0.0,/Users/christiankauten/Documents/Projects/Rack/plugins/Fourier/.build/spec012/confirm-01-single-sample/workload-0017-repeat-00.csv,7149c6b30461b355b1819fa8d96a372d190e8c7448f575648ab8b3d68ec5deef
3aeff8d50243a034,m1-pro-16gb-local,1e841b0df73802e9857b436e6e6d475c3ecd464d5c868643859ed22747623150,aligned,vdsp-ols-identity-float,1,0,0,65536,1,1024,0,2048,callback,48000,0,steady,1,64,spec012-confirm-01,1,29.333221435546875,ns/engine-sample,65536,65536,1.3653333333333333,64,1922382.0,1922.382,0.0,42.0,42.0,10084.0,0.0,0.042,0.042,10.084,20.833333333333332,0,0.0,0.042,0.042,0.0,10.65625,21.3125,,0.0,0.0,/Users/christiankauten/Documents/Projects/Rack/plugins/Fourier/.build/spec012/confirm-01-single-sample/workload-0017-repeat-01.csv,016f2272bc36933b1803829e461d9c5d8671ed5710416b6835f88bcf624d4477
3aeff8d50243a034,m1-pro-16gb-local,1e841b0df73802e9857b436e6e6d475c3ecd464d5c868643859ed22747623150,aligned,vdsp-ols-identity-float,1,0,0,65536,1,1024,0,2048,callback,48000,0,steady,1,64,spec012-confirm-01,2,27.720474243164062,ns/engine-sample,65536,65536,1.3653333333333333,64,1816689.0,1816.689,0.0,42.0,42.0,9042.0,0.0,0.042,0.042,9.042,20.833333333333332,0,0.0,0.042,0.084,0.0,10.65625,21.3125,,0.0,0.0,/Users/christiankauten/Documents/Projects/Rack/plugins/Fourier/.build/spec012/confirm-01-single-sample/workload-0017-repeat-02.csv,48f0347d20d365faca2b458d837bb09a39648da8b0f63237f23a1498b870f753
3aeff8d50243a034,m1-pro-16gb-local,1e841b0df73802e9857b436e6e6d475c3ecd464d5c868643859ed22747623150,aligned,vdsp-ols-identity-float,1,0,0,65536,1,1024,0,2048,callback,48000,0,steady,1,64,spec012-confirm-02,0,27.674118041992188,ns/engine-sample,65536,65536,1.3653333333333333,64,1813651.0,1813.651,0.0,42.0,42.0,9084.0,0.0,0.042,0.042,9.084,20.833333333333332,0,0.0,0.042,0.042,0.0,10.65625,21.3125,,0.0,0.0,/Users/christiankauten/Documents/Projects/Rack/plugins/Fourier/.build/spec012/confirm-02-single-sample/workload-0017-repeat-00.csv,bebbbc545b84559bf8cb436a63e38c8ade1f23003f0c8324eb3ed33160798f96
3aeff8d50243a034,m1-pro-16gb-local,1e841b0df73802e9857b436e6e6d475c3ecd464d5c868643859ed22747623150,aligned,vdsp-ols-identity-float,1,0,0,65536,1,1024,0,2048,callback,48000,0,steady,1,64,spec012-confirm-02,1,30.59991455078125,ns/engine-sample,65536,65536,1.3653333333333333,64,2005396.0,2005.396,41.0,42.0,42.0,9959.0,0.041,0.042,0.042,9.959,20.833333333333332,0,0.0,0.042,0.042,0.0,10.65625,21.3125,,0.0,0.0,/Users/christiankauten/Documents/Projects/Rack/plugins/Fourier/.build/spec012/confirm-02-single-sample/workload-0017-repeat-01.csv,9403df0bd7c7a2515943f0b126c127917c076b2a402485511cd0df321300ae8e
3aeff8d50243a034,m1-pro-16gb-local,1e841b0df73802e9857b436e6e6d475c3ecd464d5c868643859ed22747623150,aligned,vdsp-ols-identity-float,1,0,0,65536,1,1024,0,2048,callback,48000,0,steady,1,64,spec012-confirm-02,2,29.605010986328125,ns/engine-sample,65536,65536,1.3653333333333333,64,1940194.0,1940.194,0.0,42.0,42.0,9959.0,0.0,0.042,0.042,9.959,20.833333333333332,0,0.0,0.042,0.042,0.0,10.65625,21.3125,,0.0,0.0,/Users/christiankauten/Documents/Projects/Rack/plugins/Fourier/.build/spec012/confirm-02-single-sample/workload-0017-repeat-02.csv,59a340c608b26ef5a286e3139840f7eb6bec5a48d426045b0d5c4ba20158d21f
3aeff8d50243a034,m1-pro-16gb-local,1e841b0df73802e9857b436e6e6d475c3ecd464d5c868643859ed22747623150,aligned,vdsp-ols-identity-float,1,0,0,65536,1,1024,0,2048,callback,48000,0,steady,1,64,spec012-confirm-03,0,29.790557861328125,ns/engine-sample,65536,65536,1.3653333333333333,64,1952354.0,1952.354,0.0,42.0,42.0,9500.0,0.0,0.042,0.042,9.5,20.833333333333332,0,0.0,0.042,0.083,0.0,10.65625,21.3125,,0.0,0.0,/Users/christiankauten/Documents/Projects/Rack/plugins/Fourier/.build/spec012/confirm-03-single-sample/workload-0017-repeat-00.csv,5b1cf5ff12e323ea0dded2c26fa31ffb16ff43b30a2b4459a89ad1e8274d6110
3aeff8d50243a034,m1-pro-16gb-local,1e841b0df73802e9857b436e6e6d475c3ecd464d5c868643859ed22747623150,aligned,vdsp-ols-identity-float,1,0,0,65536,1,1024,0,2048,callback,48000,0,steady,1,64,spec012-confirm-03,1,27.886947631835938,ns/engine-sample,65536,65536,1.3653333333333333,64,1827599.0,1827.599,0.0,42.0,42.0,9834.0,0.0,0.042,0.042,9.834,20.833333333333332,0,0.0,0.042,0.042,0.0,10.65625,21.3125,,0.0,0.0,/Users/christiankauten/Documents/Projects/Rack/plugins/Fourier/.build/spec012/confirm-03-single-sample/workload-0017-repeat-01.csv,81414dd7ba601c40dd6754b310e119bc1e12a29d99974b470b3907eb06c7e728
3aeff8d50243a034,m1-pro-16gb-local,1e841b0df73802e9857b436e6e6d475c3ecd464d5c868643859ed22747623150,aligned,vdsp-ols-identity-float,1,0,0,65536,1,1024,0,2048,callback,48000,0,steady,1,64,spec012-confirm-03,2,27.612579345703125,ns/engine-sample,65536,65536,1.3653333333333333,64,1809618.0,1809.618,0.0,42.0,42.0,9208.0,0.0,0.042,0.042,9.208,20.833333333333332,0,0.0,0.042,0.042,0.0,10.65625,21.3125,,0.0,0.0,/Users/christiankauten/Documents/Projects/Rack/plugins/Fourier/.build/spec012/confirm-03-single-sample/workload-0017-repeat-02.csv,38536345eaa4a4c71e8d4f9df305c4237a9d2a57ef1c6e058637aa3bec51220e
3aeff8d50243a034,m1-pro-16gb-local,21571c647cd801963dcb1c7f31c1b0e5f95e68c2fd101c3e8a3a61affa0c32a7,aligned,ols-fir-batch-float,1,0,0,65536,1,1024,0,2048,callback,48000,0,steady,1,64,spec012-confirm-01,0,90.44245910644531,ns/engine-sample,65536,65536,1.3653333333333333,64,5927237.0,5927.237,0.0,42.0,42.0,74708.0,0.0,0.042,0.042,74.708,20.833333333333332,64,0.0009765625,0.042,0.042,0.0,10.65625,21.3125,,0.0,0.0,/Users/christiankauten/Documents/Projects/Rack/plugins/Fourier/.build/spec012/confirm-01-single-sample/workload-0018-repeat-00.csv,3f04badf9f7e6dde841f1dbdd0696819f9008fa0e9e64c5238601e70cade3ddc
3aeff8d50243a034,m1-pro-16gb-local,21571c647cd801963dcb1c7f31c1b0e5f95e68c2fd101c3e8a3a61affa0c32a7,aligned,ols-fir-batch-float,1,0,0,65536,1,1024,0,2048,callback,48000,0,steady,1,64,spec012-confirm-01,1,88.755615234375,ns/engine-sample,65536,65536,1.3653333333333333,64,5816688.0,5816.688,0.0,42.0,42.0,72875.0,0.0,0.042,0.042,72.875,20.833333333333332,64,0.0009765625,0.042,0.042,0.0,10.65625,21.3125,,0.0,0.0,/Users/christiankauten/Documents/Projects/Rack/plugins/Fourier/.build/spec012/confirm-01-single-sample/workload-0018-repeat-01.csv,41b03ff2234ee4791e922babd1c444d933f967472572ad181f0c7d0f22f00a01
3aeff8d50243a034,m1-pro-16gb-local,21571c647cd801963dcb1c7f31c1b0e5f95e68c2fd101c3e8a3a61affa0c32a7,aligned,ols-fir-batch-float,1,0,0,65536,1,1024,0,2048,callback,48000,0,steady,1,64,spec012-confirm-01,2,87.59341430664062,ns/engine-sample,65536,65536,1.3653333333333333,64,5740522.0,5740.522,0.0,42.0,42.0,73458.0,0.0,0.042,0.042,73.458,20.833333333333332,64,0.0009765625,0.042,0.042,0.0,10.65625,21.3125,,0.0,0.0,/Users/christiankauten/Documents/Projects/Rack/plugins/Fourier/.build/spec012/confirm-01-single-sample/workload-0018-repeat-02.csv,d6d28bff3a85eda33e532aba8a381e8ed8b09bc36dfd06ca6bea8b9658e75d5f
3aeff8d50243a034,m1-pro-16gb-local,21571c647cd801963dcb1c7f31c1b0e5f95e68c2fd101c3e8a3a61affa0c32a7,aligned,ols-fir-batch-float,1,0,0,65536,1,1024,0,2048,callback,48000,0,steady,1,64,spec012-confirm-02,0,90.21144104003906,ns/engine-sample,65536,65536,1.3653333333333333,64,5912097.0,5912.097,0.0,42.0,42.0,74083.0,0.0,0.042,0.042,74.083,20.833333333333332,64,0.0009765625,0.042,0.042,0.0,10.65625,21.3125,,0.0,0.0,/Users/christiankauten/Documents/Projects/Rack/plugins/Fourier/.build/spec012/confirm-02-single-sample/workload-0018-repeat-00.csv,6055f57349f7f26a9ee9e34e39200b49c12edf6ecf265fd87dc8f20d9cd5d889
3aeff8d50243a034,m1-pro-16gb-local,21571c647cd801963dcb1c7f31c1b0e5f95e68c2fd101c3e8a3a61affa0c32a7,aligned,ols-fir-batch-float,1,0,0,65536,1,1024,0,2048,callback,48000,0,steady,1,64,spec012-confirm-02,1,87.53297424316406,ns/engine-sample,65536,65536,1.3653333333333333,64,5736561.0,5736.561,0.0,42.0,42.0,72208.0,0.0,0.042,0.042,72.208,20.833333333333332,64,0.0009765625,0.042,0.042,0.0,10.65625,21.3125,,0.0,0.0,/Users/christiankauten/Documents/Projects/Rack/plugins/Fourier/.build/spec012/confirm-02-single-sample/workload-0018-repeat-01.csv,b9a453416c06d987089e45e105cb9ebec4d6310afcb594aa0a04936996de2b7b
3aeff8d50243a034,m1-pro-16gb-local,21571c647cd801963dcb1c7f31c1b0e5f95e68c2fd101c3e8a3a61affa0c32a7,aligned,ols-fir-batch-float,1,0,0,65536,1,1024,0,2048,callback,48000,0,steady,1,64,spec012-confirm-02,2,89.73530578613281,ns/engine-sample,65536,65536,1.3653333333333333,64,5880893.0,5880.893,0.0,42.0,42.0,84584.0,0.0,0.042,0.042,84.584,20.833333333333332,64,0.0009765625,0.042,0.083,0.0,10.65625,21.3125,,0.0,0.0,/Users/christiankauten/Documents/Projects/Rack/plugins/Fourier/.build/spec012/confirm-02-single-sample/workload-0018-repeat-02.csv,5ecfe2e283603b6c96a60fbdc017bae5ab593997868e4e711261d2f0db622819
3aeff8d50243a034,m1-pro-16gb-local,21571c647cd801963dcb1c7f31c1b0e5f95e68c2fd101c3e8a3a61affa0c32a7,aligned,ols-fir-batch-float,1,0,0,65536,1,1024,0,2048,callback,48000,0,steady,1,64,spec012-confirm-03,0,87.73294067382812,ns/engine-sample,65536,65536,1.3653333333333333,64,5749666.0,5749.666,0.0,42.0,42.0,71042.0,0.0,0.042,0.042,71.042,20.833333333333332,64,0.0009765625,0.042,0.042,0.0,10.65625,21.3125,,0.0,0.0,/Users/christiankauten/Documents/Projects/Rack/plugins/Fourier/.build/spec012/confirm-03-single-sample/workload-0018-repeat-00.csv,79d89d18e40c4d56ddb25997973b23a8df1c1f97e08fc9e9ea38233d6a075035
3aeff8d50243a034,m1-pro-16gb-local,21571c647cd801963dcb1c7f31c1b0e5f95e68c2fd101c3e8a3a61affa0c32a7,aligned,ols-fir-batch-float,1,0,0,65536,1,1024,0,2048,callback,48000,0,steady,1,64,spec012-confirm-03,1,89.51737976074219,ns/engine-sample,65536,65536,1.3653333333333333,64,5866611.0,5866.611,0.0,42.0,42.0,77875.0,0.0,0.042,0.042,77.875,20.833333333333332,64,0.0009765625,0.042,0.042,0.0,10.65625,21.3125,,0.0,0.0,/Users/christiankauten/Documents/Projects/Rack/plugins/Fourier/.build/spec012/confirm-03-single-sample/workload-0018-repeat-01.csv,b2a06d3754f811473a90345d1088ff2a249bbfa58b865a9d96f7009710a12237
3aeff8d50243a034,m1-pro-16gb-local,21571c647cd801963dcb1c7f31c1b0e5f95e68c2fd101c3e8a3a61affa0c32a7,aligned,ols-fir-batch-float,1,0,0,65536,1,1024,0,2048,callback,48000,0,steady,1,64,spec012-confirm-03,2,87.89111328125,ns/engine-sample,65536,65536,1.3653333333333333,64,5760032.0,5760.032,0.0,42.0,42.0,86750.0,0.0,0.042,0.042,86.75,20.833333333333332,64,0.0009765625,0.042,0.083,0.0,10.65625,21.3125,,0.0,0.0,/Users/christiankauten/Documents/Projects/Rack/plugins/Fourier/.build/spec012/confirm-03-single-sample/workload-0018-repeat-02.csv,96543756b003b48a695b748416f8a0f5c8d182e1eba8851d30720222633cf432
3aeff8d50243a034,m1-pro-16gb-local,2e554bacc72e99d2aa428ec45afd6d8fb824ab89a0b6c0ccf27814d354d36875,aligned,pffft-scheduled-batch-float,1,0,0,65536,1,1024,0,2048,callback,48000,0,steady,1,64,spec012-confirm-01,0,33.741851806640625,ns/engine-sample,65536,65536,1.3653333333333333,64,2211306.0,2211.306,0.0,42.0,42.0,16000.0,0.0,0.042,0.042,16.0,20.833333333333332,0,0.0,0.042,0.042,0.0,21.322916666666668,,21.322916666666668,0.0,0.0,/Users/christiankauten/Documents/Projects/Rack/plugins/Fourier/.build/spec012/confirm-01-single-sample/workload-0006-repeat-00.csv,de97f968fe30d0999e9f87dcd354c81d93e90b6d77e71db081ba03e60e2d30f9
3aeff8d50243a034,m1-pro-16gb-local,2e554bacc72e99d2aa428ec45afd6d8fb824ab89a0b6c0ccf27814d354d36875,aligned,pffft-scheduled-batch-float,1,0,0,65536,1,1024,0,2048,callback,48000,0,steady,1,64,spec012-confirm-01,1,34.831939697265625,ns/engine-sample,65536,65536,1.3653333333333333,64,2282746.0,2282.746,0.0,42.0,42.0,17041.0,0.0,0.042,0.042,17.041,20.833333333333332,0,0.0,0.042,0.084,0.0,21.322916666666668,,21.322916666666668,0.0,0.0,/Users/christiankauten/Documents/Projects/Rack/plugins/Fourier/.build/spec012/confirm-01-single-sample/workload-0006-repeat-01.csv,76bedaf1a6816592f8d685a8a6519d95c88740d5a26c3d6088ab4d874c3b48ee
3aeff8d50243a034,m1-pro-16gb-local,2e554bacc72e99d2aa428ec45afd6d8fb824ab89a0b6c0ccf27814d354d36875,aligned,pffft-scheduled-batch-float,1,0,0,65536,1,1024,0,2048,callback,48000,0,steady,1,64,spec012-confirm-01,2,34.78875732421875,ns/engine-sample,65536,65536,1.3653333333333333,64,2279916.0,2279.916,0.0,42.0,42.0,20500.0,0.0,0.042,0.042,20.5,20.833333333333332,0,0.0,0.042,0.083,0.0,21.322916666666668,,21.322916666666668,0.0,0.0,/Users/christiankauten/Documents/Projects/Rack/plugins/Fourier/.build/spec012/confirm-01-single-sample/workload-0006-repeat-02.csv,f55f02f5aa9124a6815c900b0960b4b92dacb8767b8e2ef10a70c6c9e479ca6d
3aeff8d50243a034,m1-pro-16gb-local,2e554bacc72e99d2aa428ec45afd6d8fb824ab89a0b6c0ccf27814d354d36875,aligned,pffft-scheduled-batch-float,1,0,0,65536,1,1024,0,2048,callback,48000,0,steady,1,64,spec012-confirm-02,0,34.7298583984375,ns/engine-sample,65536,65536,1.3653333333333333,64,2276056.0,2276.056,0.0,42.0,42.0,16459.0,0.0,0.042,0.042,16.459,20.833333333333332,0,0.0,0.042,0.042,0.0,21.322916666666668,,21.322916666666668,0.0,0.0,/Users/christiankauten/Documents/Projects/Rack/plugins/Fourier/.build/spec012/confirm-02-single-sample/workload-0006-repeat-00.csv,1a047a66ec894faeb356bf282bb60887fd7c6098e7746eb88e0eac7390fab4f1
3aeff8d50243a034,m1-pro-16gb-local,2e554bacc72e99d2aa428ec45afd6d8fb824ab89a0b6c0ccf27814d354d36875,aligned,pffft-scheduled-batch-float,1,0,0,65536,1,1024,0,2048,callback,48000,0,steady,1,64,spec012-confirm-02,1,33.736358642578125,ns/engine-sample,65536,65536,1.3653333333333333,64,2210946.0,2210.946,0.0,42.0,42.0,16041.0,0.0,0.042,0.042,16.041,20.833333333333332,0,0.0,0.042,0.042,0.0,21.322916666666668,,21.322916666666668,0.0,0.0,/Users/christiankauten/Documents/Projects/Rack/plugins/Fourier/.build/spec012/confirm-02-single-sample/workload-0006-repeat-01.csv,d41b72fdc029b27235a9961f90487cf4abe1f5c4a6885e1089e1f5abfab58e6f
3aeff8d50243a034,m1-pro-16gb-local,2e554bacc72e99d2aa428ec45afd6d8fb824ab89a0b6c0ccf27814d354d36875,aligned,pffft-scheduled-batch-float,1,0,0,65536,1,1024,0,2048,callback,48000,0,steady,1,64,spec012-confirm-02,2,33.759429931640625,ns/engine-sample,65536,65536,1.3653333333333333,64,2212458.0,2212.458,0.0,42.0,42.0,16000.0,0.0,0.042,0.042,16.0,20.833333333333332,0,0.0,0.042,0.042,0.0,21.322916666666668,,21.322916666666668,0.0,0.0,/Users/christiankauten/Documents/Projects/Rack/plugins/Fourier/.build/spec012/confirm-02-single-sample/workload-0006-repeat-02.csv,185074325bf75c90ff6c4f5d0642335d9ef29e76af9a1e9be11339bf1eeaa0f5
3aeff8d50243a034,m1-pro-16gb-local,2e554bacc72e99d2aa428ec45afd6d8fb824ab89a0b6c0ccf27814d354d36875,aligned,pffft-scheduled-batch-float,1,0,0,65536,1,1024,0,2048,callback,48000,0,steady,1,64,spec012-confirm-03,0,36.04563903808594,ns/engine-sample,65536,65536,1.3653333333333333,64,2362287.0,2362.287,0.0,42.0,42.0,17125.0,0.0,0.042,0.042,17.125,20.833333333333332,0,0.0,0.042,0.042,0.0,21.322916666666668,,21.322916666666668,0.0,0.0,/Users/christiankauten/Documents/Projects/Rack/plugins/Fourier/.build/spec012/confirm-03-single-sample/workload-0006-repeat-00.csv,da264c98d7a529e20beaeac4b32f58d203967424d248e0c96df81dd5b82b6d56
3aeff8d50243a034,m1-pro-16gb-local,2e554bacc72e99d2aa428ec45afd6d8fb824ab89a0b6c0ccf27814d354d36875,aligned,pffft-scheduled-batch-float,1,0,0,65536,1,1024,0,2048,callback,48000,0,steady,1,64,spec012-confirm-03,1,34.21363830566406,ns/engine-sample,65536,65536,1.3653333333333333,64,2242225.0,2242.225,0.0,42.0,42.0,16958.0,0.0,0.042,0.042,16.958,20.833333333333332,0,0.0,0.042,0.042,0.0,21.322916666666668,,21.322916666666668,0.0,0.0,/Users/christiankauten/Documents/Projects/Rack/plugins/Fourier/.build/spec012/confirm-03-single-sample/workload-0006-repeat-01.csv,8dfb9bdd5be3136cfc6edcd38a1179d912601cfb937578d430c799027451a3e0
3aeff8d50243a034,m1-pro-16gb-local,2e554bacc72e99d2aa428ec45afd6d8fb824ab89a0b6c0ccf27814d354d36875,aligned,pffft-scheduled-batch-float,1,0,0,65536,1,1024,0,2048,callback,48000,0,steady,1,64,spec012-confirm-03,2,34.44425964355469,ns/engine-sample,65536,65536,1.3653333333333333,64,2257339.0,2257.339,0.0,42.0,42.0,17416.0,0.0,0.042,0.042,17.416,20.833333333333332,0,0.0,0.042,0.042,0.0,21.322916666666668,,21.322916666666668,0.0,0.0,/Users/christiankauten/Documents/Projects/Rack/plugins/Fourier/.build/spec012/confirm-03-single-sample/workload-0006-repeat-02.csv,cbcbffe2942c2c68efe92c5e1e6703b95f53627c5d8b30aa07a32e13dfa686a6
3aeff8d50243a034,m1-pro-16gb-local,335b8c6aaea2d415afaf5adb052ff17b38bfa33037014ede02ff079977a7dd2d,aligned,inverse-stream-incremental-float,1,0,0,65536,1,1024,0,2048,callback,48000,0,steady,1,64,spec012-confirm-01,0,39.399505615234375,ns/engine-sample,65536,65536,1.3653333333333333,64,2582086.0,2582.086,42.0,42.0,83.0,2667.0,0.042,0.042,0.083,2.667,20.833333333333332,0,0.0,0.042,0.042,21.3125,0.0,,,21.3125,21.3125,/Users/christiankauten/Documents/Projects/Rack/plugins/Fourier/.build/spec012/confirm-01-single-sample/workload-0009-repeat-00.csv,3abdee9ba094cb150104b16ef500a15ce4ff7d479bcef7def173fc0d9ba4676e
3aeff8d50243a034,m1-pro-16gb-local,335b8c6aaea2d415afaf5adb052ff17b38bfa33037014ede02ff079977a7dd2d,aligned,inverse-stream-incremental-float,1,0,0,65536,1,1024,0,2048,callback,48000,0,steady,1,64,spec012-confirm-01,1,39.41815185546875,ns/engine-sample,65536,65536,1.3653333333333333,64,2583308.0,2583.308,42.0,42.0,83.0,6958.0,0.042,0.042,0.083,6.958,20.833333333333332,0,0.0,0.042,0.042,21.3125,0.0,,,21.3125,21.3125,/Users/christiankauten/Documents/Projects/Rack/plugins/Fourier/.build/spec012/confirm-01-single-sample/workload-0009-repeat-01.csv,151525c40b6132321c4d98115b4237ea2ce1e936288510c5664d8b73f44bbf49
3aeff8d50243a034,m1-pro-16gb-local,335b8c6aaea2d415afaf5adb052ff17b38bfa33037014ede02ff079977a7dd2d,aligned,inverse-stream-incremental-float,1,0,0,65536,1,1024,0,2048,callback,48000,0,steady,1,64,spec012-confirm-01,2,39.18621826171875,ns/engine-sample,65536,65536,1.3653333333333333,64,2568108.0,2568.108,42.0,42.0,83.0,3000.0,0.042,0.042,0.083,3.0,20.833333333333332,0,0.0,0.042,0.083,21.3125,0.0,,,21.3125,21.3125,/Users/christiankauten/Documents/Projects/Rack/plugins/Fourier/.build/spec012/confirm-01-single-sample/workload-0009-repeat-02.csv,a64e1ed1ab7313f0e5afbbad5edee1985d42077b44a3a6731459f5e467a72842
3aeff8d50243a034,m1-pro-16gb-local,335b8c6aaea2d415afaf5adb052ff17b38bfa33037014ede02ff079977a7dd2d,aligned,inverse-stream-incremental-float,1,0,0,65536,1,1024,0,2048,callback,48000,0,steady,1,64,spec012-confirm-02,0,40.31300354003906,ns/engine-sample,65536,65536,1.3653333333333333,64,2641953.0,2641.953,42.0,42.0,84.0,2875.0,0.042,0.042,0.084,2.875,20.833333333333332,0,0.0,0.042,0.042,21.3125,0.0,,,21.3125,21.3125,/Users/christiankauten/Documents/Projects/Rack/plugins/Fourier/.build/spec012/confirm-02-single-sample/workload-0009-repeat-00.csv,02c8c4039ef55ea334136b2a8e70e7d381fbeb64ec6a54d6c8f0fc188ad07326
3aeff8d50243a034,m1-pro-16gb-local,335b8c6aaea2d415afaf5adb052ff17b38bfa33037014ede02ff079977a7dd2d,aligned,inverse-stream-incremental-float,1,0,0,65536,1,1024,0,2048,callback,48000,0,steady,1,64,spec012-confirm-02,1,39.70405578613281,ns/engine-sample,65536,65536,1.3653333333333333,64,2602045.0,2602.045,42.0,42.0,84.0,7458.0,0.042,0.042,0.084,7.458,20.833333333333332,0,0.0,0.042,0.042,21.3125,0.0,,,21.3125,21.3125,/Users/christiankauten/Documents/Projects/Rack/plugins/Fourier/.build/spec012/confirm-02-single-sample/workload-0009-repeat-01.csv,d10e5875661d36aa4ee3d9acfa4f6fcaeca69d67116a72895a06c3d29178ec47
3aeff8d50243a034,m1-pro-16gb-local,335b8c6aaea2d415afaf5adb052ff17b38bfa33037014ede02ff079977a7dd2d,aligned,inverse-stream-incremental-float,1,0,0,65536,1,1024,0,2048,callback,48000,0,steady,1,64,spec012-confirm-02,2,40.021575927734375,ns/engine-sample,65536,65536,1.3653333333333333,64,2622854.0,2622.854,42.0,42.0,84.0,2792.0,0.042,0.042,0.084,2.792,20.833333333333332,0,0.0,0.042,0.042,21.3125,0.0,,,21.3125,21.3125,/Users/christiankauten/Documents/Projects/Rack/plugins/Fourier/.build/spec012/confirm-02-single-sample/workload-0009-repeat-02.csv,25dc3519207fe1b72021296e88d4c4486931651c10a15152b8f95dafdefd9127
3aeff8d50243a034,m1-pro-16gb-local,335b8c6aaea2d415afaf5adb052ff17b38bfa33037014ede02ff079977a7dd2d,aligned,inverse-stream-incremental-float,1,0,0,65536,1,1024,0,2048,callback,48000,0,steady,1,64,spec012-confirm-03,0,39.79975891113281,ns/engine-sample,65536,65536,1.3653333333333333,64,2608317.0,2608.317,42.0,42.0,83.0,2750.0,0.042,0.042,0.083,2.75,20.833333333333332,0,0.0,0.042,0.042,21.3125,0.0,,,21.3125,21.3125,/Users/christiankauten/Documents/Projects/Rack/plugins/Fourier/.build/spec012/confirm-03-single-sample/workload-0009-repeat-00.csv,49b5f27ead7bb6947d5cf9e367c782eaaaebda918c3d1f38bab5b8c756d7de31
3aeff8d50243a034,m1-pro-16gb-local,335b8c6aaea2d415afaf5adb052ff17b38bfa33037014ede02ff079977a7dd2d,aligned,inverse-stream-incremental-float,1,0,0,65536,1,1024,0,2048,callback,48000,0,steady,1,64,spec012-confirm-03,1,39.41191101074219,ns/engine-sample,65536,65536,1.3653333333333333,64,2582899.0,2582.899,42.0,42.0,83.0,2792.0,0.042,0.042,0.083,2.792,20.833333333333332,0,0.0,0.042,0.042,21.3125,0.0,,,21.3125,21.3125,/Users/christiankauten/Documents/Projects/Rack/plugins/Fourier/.build/spec012/confirm-03-single-sample/workload-0009-repeat-01.csv,a001d8e474936495f935fe2664d4fef1fb915f3eeb49a94431d0ff2d3110443f
3aeff8d50243a034,m1-pro-16gb-local,335b8c6aaea2d415afaf5adb052ff17b38bfa33037014ede02ff079977a7dd2d,aligned,inverse-stream-incremental-float,1,0,0,65536,1,1024,0,2048,callback,48000,0,steady,1,64,spec012-confirm-03,2,40.1978759765625,ns/engine-sample,65536,65536,1.3653333333333333,64,2634408.0,2634.408,42.0,42.0,84.0,2750.0,0.042,0.042,0.084,2.75,20.833333333333332,0,0.0,0.042,0.042,21.3125,0.0,,,21.3125,21.3125,/Users/christiankauten/Documents/Projects/Rack/plugins/Fourier/.build/spec012/confirm-03-single-sample/workload-0009-repeat-02.csv,98dec2d04fb3f4ddb3eef09a2a156a97904d73550c332463932c548e9a3f7d1e
3aeff8d50243a034,m1-pro-16gb-local,4a9241f6e9322f8b08cb96ca61a0ee461ff6e2cd15fdaad849ead2ce045472e8,aligned,vdsp-inverse-float,1,0,0,65536,1,1024,0,2048,callback,48000,0,steady,1,64,spec012-confirm-01,0,21.683502197265625,ns/engine-sample,65536,65536,1.3653333333333333,64,1421050.0,1421.05,0.0,42.0,42.0,19125.0,0.0,0.042,0.042,19.125,20.833333333333332,0,0.0,0.042,0.083,0.0,0.0,,,0.0,0.0,/Users/christiankauten/Documents/Projects/Rack/plugins/Fourier/.build/spec012/confirm-01-single-sample/workload-0012-repeat-00.csv,09b1a6f3fda0083119ac2721c38fdb94f5deeaa75b9977212f41ac2b9925edbd
3aeff8d50243a034,m1-pro-16gb-local,4a9241f6e9322f8b08cb96ca61a0ee461ff6e2cd15fdaad849ead2ce045472e8,aligned,vdsp-inverse-float,1,0,0,65536,1,1024,0,2048,callback,48000,0,steady,1,64,spec012-confirm-01,1,23.605743408203125,ns/engine-sample,65536,65536,1.3653333333333333,64,1547026.0,1547.026,0.0,42.0,42.0,3542.0,0.0,0.042,0.042,3.542,20.833333333333332,0,0.0,0.042,0.042,0.0,0.0,,,0.0,0.0,/Users/christiankauten/Documents/Projects/Rack/plugins/Fourier/.build/spec012/confirm-01-single-sample/workload-0012-repeat-01.csv,b6a3d73158f4a225da50428e0b96c09644a4eff408895857801d2104674187b7
3aeff8d50243a034,m1-pro-16gb-local,4a9241f6e9322f8b08cb96ca61a0ee461ff6e2cd15fdaad849ead2ce045472e8,aligned,vdsp-inverse-float,1,0,0,65536,1,1024,0,2048,callback,48000,0,steady,1,64,spec012-confirm-01,2,21.32208251953125,ns/engine-sample,65536,65536,1.3653333333333333,64,1397364.0,1397.364,0.0,42.0,42.0,3625.0,0.0,0.042,0.042,3.625,20.833333333333332,0,0.0,0.042,0.042,0.0,0.0,,,0.0,0.0,/Users/christiankauten/Documents/Projects/Rack/plugins/Fourier/.build/spec012/confirm-01-single-sample/workload-0012-repeat-02.csv,36ada79e7e977daf5272a971be082dbe24415fee0eff19cc48e347182e90b92e
3aeff8d50243a034,m1-pro-16gb-local,4a9241f6e9322f8b08cb96ca61a0ee461ff6e2cd15fdaad849ead2ce045472e8,aligned,vdsp-inverse-float,1,0,0,65536,1,1024,0,2048,callback,48000,0,steady,1,64,spec012-confirm-02,0,23.052642822265625,ns/engine-sample,65536,65536,1.3653333333333333,64,1510778.0,1510.778,0.0,42.0,42.0,10750.0,0.0,0.042,0.042,10.75,20.833333333333332,0,0.0,0.042,42.416,0.0,0.0,,,0.0,0.0,/Users/christiankauten/Documents/Projects/Rack/plugins/Fourier/.build/spec012/confirm-02-single-sample/workload-0012-repeat-00.csv,9a8022a4322da8f426f93943e9fd15fa3cce918d37584d9ed116c53adaf52133
3aeff8d50243a034,m1-pro-16gb-local,4a9241f6e9322f8b08cb96ca61a0ee461ff6e2cd15fdaad849ead2ce045472e8,aligned,vdsp-inverse-float,1,0,0,65536,1,1024,0,2048,callback,48000,0,steady,1,64,spec012-confirm-02,1,23.489395141601562,ns/engine-sample,65536,65536,1.3653333333333333,64,1539401.0,1539.401,0.0,42.0,42.0,3583.0,0.0,0.042,0.042,3.583,20.833333333333332,0,0.0,0.042,0.042,0.0,0.0,,,0.0,0.0,/Users/christiankauten/Documents/Projects/Rack/plugins/Fourier/.build/spec012/confirm-02-single-sample/workload-0012-repeat-01.csv,65dd6105dbe349964c8cdd5b6b63dbf0be05c44a56c492939c46e036b3d411e7
3aeff8d50243a034,m1-pro-16gb-local,4a9241f6e9322f8b08cb96ca61a0ee461ff6e2cd15fdaad849ead2ce045472e8,aligned,vdsp-inverse-float,1,0,0,65536,1,1024,0,2048,callback,48000,0,steady,1,64,spec012-confirm-02,2,21.41546630859375,ns/engine-sample,65536,65536,1.3653333333333333,64,1403484.0,1403.484,0.0,42.0,42.0,3458.0,0.0,0.042,0.042,3.458,20.833333333333332,0,0.0,0.042,0.042,0.0,0.0,,,0.0,0.0,/Users/christiankauten/Documents/Projects/Rack/plugins/Fourier/.build/spec012/confirm-02-single-sample/workload-0012-repeat-02.csv,edab3dbbcf44f93327788f7259a9e9d76c418d8324fea86e214693ef514b4024
3aeff8d50243a034,m1-pro-16gb-local,4a9241f6e9322f8b08cb96ca61a0ee461ff6e2cd15fdaad849ead2ce045472e8,aligned,vdsp-inverse-float,1,0,0,65536,1,1024,0,2048,callback,48000,0,steady,1,64,spec012-confirm-03,0,23.01190185546875,ns/engine-sample,65536,65536,1.3653333333333333,64,1508108.0,1508.108,0.0,42.0,42.0,58083.0,0.0,0.042,0.042,58.083,20.833333333333332,2,3.0517578125e-05,0.042,0.083,0.0,0.0,,,0.0,0.0,/Users/christiankauten/Documents/Projects/Rack/plugins/Fourier/.build/spec012/confirm-03-single-sample/workload-0012-repeat-00.csv,9da1450db28f239c53f3a8a079fa107d3b7d4a82e7563bc7066faace112368fb
3aeff8d50243a034,m1-pro-16gb-local,4a9241f6e9322f8b08cb96ca61a0ee461ff6e2cd15fdaad849ead2ce045472e8,aligned,vdsp-inverse-float,1,0,0,65536,1,1024,0,2048,callback,48000,0,steady,1,64,spec012-confirm-03,1,21.31219482421875,ns/engine-sample,65536,65536,1.3653333333333333,64,1396716.0,1396.716,0.0,42.0,42.0,3417.0,0.0,0.042,0.042,3.417,20.833333333333332,0,0.0,0.042,0.042,0.0,0.0,,,0.0,0.0,/Users/christiankauten/Documents/Projects/Rack/plugins/Fourier/.build/spec012/confirm-03-single-sample/workload-0012-repeat-01.csv,dc323c12ccfc0675ad4d975438aaf7e5e2ae572ae392720b305ea5b12d3cf9f9
3aeff8d50243a034,m1-pro-16gb-local,4a9241f6e9322f8b08cb96ca61a0ee461ff6e2cd15fdaad849ead2ce045472e8,aligned,vdsp-inverse-float,1,0,0,65536,1,1024,0,2048,callback,48000,0,steady,1,64,spec012-confirm-03,2,21.477951049804688,ns/engine-sample,65536,65536,1.3653333333333333,64,1407579.0,1407.579,0.0,42.0,42.0,3541.0,0.0,0.042,0.042,3.541,20.833333333333332,0,0.0,0.042,0.042,0.0,0.0,,,0.0,0.0,/Users/christiankauten/Documents/Projects/Rack/plugins/Fourier/.build/spec012/confirm-03-single-sample/workload-0012-repeat-02.csv,93938b1580e4c66dbae1d629aececf02d107acaed19863aaf6a446a8add6e9ac
3aeff8d50243a034,m1-pro-16gb-local,4abad2bebd3027d668f718f5095d2916bfd427ab9fd98c31a50506f0cee73bb7,aligned,fftw-analysis-float,1,0,0,65536,1,1024,0,2048,throughput,48000,0,steady,1,64,spec012-confirm-01,0,10.571807861328125,ns/engine-sample,1,65536,1.3653333333333333,64,692834.0,692.834,692834.0,692834.0,692834.0,692834.0,692.834,692.834,692.834,692.834,,,,0.042,0.042,0.0,21.322916666666668,,21.322916666666668,0.0,0.0,/Users/christiankauten/Documents/Projects/Rack/plugins/Fourier/.build/spec012/confirm-01-single-sample/workload-0027-repeat-00.csv,ad889e8c2a085fac543b64855065fa146ff4e36e4da036c7975a316eb8a18ed9
3aeff8d50243a034,m1-pro-16gb-local,4abad2bebd3027d668f718f5095d2916bfd427ab9fd98c31a50506f0cee73bb7,aligned,fftw-analysis-float,1,0,0,65536,1,1024,0,2048,throughput,48000,0,steady,1,64,spec012-confirm-01,1,10.522216796875,ns/engine-sample,1,65536,1.3653333333333333,64,689584.0,689.584,689584.0,689584.0,689584.0,689584.0,689.584,689.584,689.584,689.584,,,,0.042,0.042,0.0,21.322916666666668,,21.322916666666668,0.0,0.0,/Users/christiankauten/Documents/Projects/Rack/plugins/Fourier/.build/spec012/confirm-01-single-sample/workload-0027-repeat-01.csv,bf9b79812b793fcc712fde6bf3b96629e2e62ad81fe7c5053e92b037e1930007
3aeff8d50243a034,m1-pro-16gb-local,4abad2bebd3027d668f718f5095d2916bfd427ab9fd98c31a50506f0cee73bb7,aligned,fftw-analysis-float,1,0,0,65536,1,1024,0,2048,throughput,48000,0,steady,1,64,spec012-confirm-01,2,10.522216796875,ns/engine-sample,1,65536,1.3653333333333333,64,689584.0,689.584,689584.0,689584.0,689584.0,689584.0,689.584,689.584,689.584,689.584,,,,0.042,0.042,0.0,21.322916666666668,,21.322916666666668,0.0,0.0,/Users/christiankauten/Documents/Projects/Rack/plugins/Fourier/.build/spec012/confirm-01-single-sample/workload-0027-repeat-02.csv,f038d33b56e891dab6f7f70a38d98571d5b076c4a7a2496a7826fe10ff3c0d90
3aeff8d50243a034,m1-pro-16gb-local,4abad2bebd3027d668f718f5095d2916bfd427ab9fd98c31a50506f0cee73bb7,aligned,fftw-analysis-float,1,0,0,65536,1,1024,0,2048,throughput,48000,0,steady,1,64,spec012-confirm-02,0,10.5927734375,ns/engine-sample,1,65536,1.3653333333333333,64,694208.0,694.208,694208.0,694208.0,694208.0,694208.0,694.208,694.208,694.208,694.208,,,,0.042,0.042,0.0,21.322916666666668,,21.322916666666668,0.0,0.0,/Users/christiankauten/Documents/Projects/Rack/plugins/Fourier/.build/spec012/confirm-02-single-sample/workload-0027-repeat-00.csv,6031cef7fa905e50630b7d31c71805d04524fb2e9c40aecbce92984d3d09a567
3aeff8d50243a034,m1-pro-16gb-local,4abad2bebd3027d668f718f5095d2916bfd427ab9fd98c31a50506f0cee73bb7,aligned,fftw-analysis-float,1,0,0,65536,1,1024,0,2048,throughput,48000,0,steady,1,64,spec012-confirm-02,1,10.518386840820312,ns/engine-sample,1,65536,1.3653333333333333,64,689333.0,689.333,689333.0,689333.0,689333.0,689333.0,689.333,689.333,689.333,689.333,,,,0.042,0.042,0.0,21.322916666666668,,21.322916666666668,0.0,0.0,/Users/christiankauten/Documents/Projects/Rack/plugins/Fourier/.build/spec012/confirm-02-single-sample/workload-0027-repeat-01.csv,ec94dc61aebb04643fa19dd95860103cbd33586384172f495c14e3e3fd1b6a80
3aeff8d50243a034,m1-pro-16gb-local,4abad2bebd3027d668f718f5095d2916bfd427ab9fd98c31a50506f0cee73bb7,aligned,fftw-analysis-float,1,0,0,65536,1,1024,0,2048,throughput,48000,0,steady,1,64,spec012-confirm-02,2,10.878250122070312,ns/engine-sample,1,65536,1.3653333333333333,64,712917.0,712.917,712917.0,712917.0,712917.0,712917.0,712.917,712.917,712.917,712.917,,,,0.042,0.042,0.0,21.322916666666668,,21.322916666666668,0.0,0.0,/Users/christiankauten/Documents/Projects/Rack/plugins/Fourier/.build/spec012/confirm-02-single-sample/workload-0027-repeat-02.csv,7865f512a8af5f382ee2d41323cf9a9494c0ad7af52d9fe8555fda85498aed79
3aeff8d50243a034,m1-pro-16gb-local,4abad2bebd3027d668f718f5095d2916bfd427ab9fd98c31a50506f0cee73bb7,aligned,fftw-analysis-float,1,0,0,65536,1,1024,0,2048,throughput,48000,0,steady,1,64,spec012-confirm-03,0,10.861083984375,ns/engine-sample,1,65536,1.3653333333333333,64,711792.0,711.792,711792.0,711792.0,711792.0,711792.0,711.792,711.792,711.792,711.792,,,,0.042,0.042,0.0,21.322916666666668,,21.322916666666668,0.0,0.0,/Users/christiankauten/Documents/Projects/Rack/plugins/Fourier/.build/spec012/confirm-03-single-sample/workload-0027-repeat-00.csv,8dd026d631b7cac1901c60caf58ac85a5a0cf06f5c9660a30ecc66de94b2e7e2
3aeff8d50243a034,m1-pro-16gb-local,4abad2bebd3027d668f718f5095d2916bfd427ab9fd98c31a50506f0cee73bb7,aligned,fftw-analysis-float,1,0,0,65536,1,1024,0,2048,throughput,48000,0,steady,1,64,spec012-confirm-03,1,10.566070556640625,ns/engine-sample,1,65536,1.3653333333333333,64,692458.0,692.458,692458.0,692458.0,692458.0,692458.0,692.458,692.458,692.458,692.458,,,,0.042,0.042,0.0,21.322916666666668,,21.322916666666668,0.0,0.0,/Users/christiankauten/Documents/Projects/Rack/plugins/Fourier/.build/spec012/confirm-03-single-sample/workload-0027-repeat-01.csv,fc65edd98c2fb378aba10b106e1795f81665dc5846e95e62d2c2f742a5d27c86
3aeff8d50243a034,m1-pro-16gb-local,4abad2bebd3027d668f718f5095d2916bfd427ab9fd98c31a50506f0cee73bb7,aligned,fftw-analysis-float,1,0,0,65536,1,1024,0,2048,throughput,48000,0,steady,1,64,spec012-confirm-03,2,11.1846923828125,ns/engine-sample,1,65536,1.3653333333333333,64,733000.0,733.0,733000.0,733000.0,733000.0,733000.0,733.0,733.0,733.0,733.0,,,,0.042,0.042,0.0,21.322916666666668,,21.322916666666668,0.0,0.0,/Users/christiankauten/Documents/Projects/Rack/plugins/Fourier/.build/spec012/confirm-03-single-sample/workload-0027-repeat-02.csv,7ef9dff657c67d829b8314bd2b7ae1cb5bca8d4ab0d810683bd301c83e40ab28
3aeff8d50243a034,m1-pro-16gb-local,50f84ff0c8a8b63fd1c50b6204b511da5d22c1ce75b0d98c03ec17a3bf2bb449,aligned,vdsp-analysis-float,1,0,0,65536,1,1024,0,2048,callback,48000,0,steady,1,64,spec012-confirm-01,0,23.388534545898438,ns/engine-sample,65536,65536,1.3653333333333333,64,1532791.0,1532.791,0.0,42.0,42.0,4666.0,0.0,0.042,0.042,4.666,20.833333333333332,0,0.0,0.042,0.042,0.0,21.322916666666668,,21.322916666666668,0.0,0.0,/Users/christiankauten/Documents/Projects/Rack/plugins/Fourier/.build/spec012/confirm-01-single-sample/workload-0005-repeat-00.csv,159381df9e89d1863de0a1b42f85867f644e61b50aaca60dc16baf281b191dac
3aeff8d50243a034,m1-pro-16gb-local,50f84ff0c8a8b63fd1c50b6204b511da5d22c1ce75b0d98c03ec17a3bf2bb449,aligned,vdsp-analysis-float,1,0,0,65536,1,1024,0,2048,callback,48000,0,steady,1,64,spec012-confirm-01,1,23.27239990234375,ns/engine-sample,65536,65536,1.3653333333333333,64,1525180.0,1525.18,0.0,42.0,42.0,4708.0,0.0,0.042,0.042,4.708,20.833333333333332,0,0.0,0.042,0.042,0.0,21.322916666666668,,21.322916666666668,0.0,0.0,/Users/christiankauten/Documents/Projects/Rack/plugins/Fourier/.build/spec012/confirm-01-single-sample/workload-0005-repeat-01.csv,5df746609cc8544aff6e42b4448c67300dbc626f622acea5dd6cdcb84e7f8f80
3aeff8d50243a034,m1-pro-16gb-local,50f84ff0c8a8b63fd1c50b6204b511da5d22c1ce75b0d98c03ec17a3bf2bb449,aligned,vdsp-analysis-float,1,0,0,65536,1,1024,0,2048,callback,48000,0,steady,1,64,spec012-confirm-01,2,23.339584350585938,ns/engine-sample,65536,65536,1.3653333333333333,64,1529583.0,1529.583,0.0,42.0,42.0,5916.0,0.0,0.042,0.042,5.916,20.833333333333332,0,0.0,0.042,0.042,0.0,21.322916666666668,,21.322916666666668,0.0,0.0,/Users/christiankauten/Documents/Projects/Rack/plugins/Fourier/.build/spec012/confirm-01-single-sample/workload-0005-repeat-02.csv,fbd47a95da3b206b047927fb31201ae6687b344b573cbbd532041ae7f451c23b
3aeff8d50243a034,m1-pro-16gb-local,50f84ff0c8a8b63fd1c50b6204b511da5d22c1ce75b0d98c03ec17a3bf2bb449,aligned,vdsp-analysis-float,1,0,0,65536,1,1024,0,2048,callback,48000,0,steady,1,64,spec012-confirm-02,0,23.990142822265625,ns/engine-sample,65536,65536,1.3653333333333333,64,1572218.0,1572.218,0.0,42.0,42.0,4750.0,0.0,0.042,0.042,4.75,20.833333333333332,0,0.0,0.042,0.042,0.0,21.322916666666668,,21.322916666666668,0.0,0.0,/Users/christiankauten/Documents/Projects/Rack/plugins/Fourier/.build/spec012/confirm-02-single-sample/workload-0005-repeat-00.csv,38f2769823ad5f74633c194063898fbb2b263eba8acbbc01e3aca66c1c9045fc
3aeff8d50243a034,m1-pro-16gb-local,50f84ff0c8a8b63fd1c50b6204b511da5d22c1ce75b0d98c03ec17a3bf2bb449,aligned,vdsp-analysis-float,1,0,0,65536,1,1024,0,2048,callback,48000,0,steady,1,64,spec012-confirm-02,1,24.01361083984375,ns/engine-sample,65536,65536,1.3653333333333333,64,1573756.0,1573.756,0.0,42.0,42.0,4750.0,0.0,0.042,0.042,4.75,20.833333333333332,0,0.0,0.042,0.042,0.0,21.322916666666668,,21.322916666666668,0.0,0.0,/Users/christiankauten/Documents/Projects/Rack/plugins/Fourier/.build/spec012/confirm-02-single-sample/workload-0005-repeat-01.csv,21a7c6a4159a6b805329a55d85cf3c0cf5689495ee1c72cf40e8679c73d2472f
3aeff8d50243a034,m1-pro-16gb-local,50f84ff0c8a8b63fd1c50b6204b511da5d22c1ce75b0d98c03ec17a3bf2bb449,aligned,vdsp-analysis-float,1,0,0,65536,1,1024,0,2048,callback,48000,0,steady,1,64,spec012-confirm-02,2,23.791854858398438,ns/engine-sample,65536,65536,1.3653333333333333,64,1559223.0,1559.223,0.0,42.0,42.0,6250.0,0.0,0.042,0.042,6.25,20.833333333333332,0,0.0,0.042,0.084,0.0,21.322916666666668,,21.322916666666668,0.0,0.0,/Users/christiankauten/Documents/Projects/Rack/plugins/Fourier/.build/spec012/confirm-02-single-sample/workload-0005-repeat-02.csv,b53dc3ffae65ba7e17754bad8848b5fcfd71951336f8f555489a5bb4499fa90f
3aeff8d50243a034,m1-pro-16gb-local,50f84ff0c8a8b63fd1c50b6204b511da5d22c1ce75b0d98c03ec17a3bf2bb449,aligned,vdsp-analysis-float,1,0,0,65536,1,1024,0,2048,callback,48000,0,steady,1,64,spec012-confirm-03,0,24.511795043945312,ns/engine-sample,65536,65536,1.3653333333333333,64,1606405.0,1606.405,0.0,42.0,42.0,5125.0,0.0,0.042,0.042,5.125,20.833333333333332,0,0.0,0.042,0.042,0.0,21.322916666666668,,21.322916666666668,0.0,0.0,/Users/christiankauten/Documents/Projects/Rack/plugins/Fourier/.build/spec012/confirm-03-single-sample/workload-0005-repeat-00.csv,8d1efb90ccbb82f80ef704ac57f702e52b57389491266506b1c6e3431f8e3123
3aeff8d50243a034,m1-pro-16gb-local,50f84ff0c8a8b63fd1c50b6204b511da5d22c1ce75b0d98c03ec17a3bf2bb449,aligned,vdsp-analysis-float,1,0,0,65536,1,1024,0,2048,callback,48000,0,steady,1,64,spec012-confirm-03,1,25.76837158203125,ns/engine-sample,65536,65536,1.3653333333333333,64,1688756.0,1688.756,41.0,42.0,42.0,5042.0,0.041,0.042,0.042,5.042,20.833333333333332,0,0.0,0.042,0.042,0.0,21.322916666666668,,21.322916666666668,0.0,0.0,/Users/christiankauten/Documents/Projects/Rack/plugins/Fourier/.build/spec012/confirm-03-single-sample/workload-0005-repeat-01.csv,dc2ea229785d1b267b680b17a54956797d51a5a6f8ad040059e851bb3170e6e6
3aeff8d50243a034,m1-pro-16gb-local,50f84ff0c8a8b63fd1c50b6204b511da5d22c1ce75b0d98c03ec17a3bf2bb449,aligned,vdsp-analysis-float,1,0,0,65536,1,1024,0,2048,callback,48000,0,steady,1,64,spec012-confirm-03,2,23.416397094726562,ns/engine-sample,65536,65536,1.3653333333333333,64,1534617.0,1534.617,0.0,42.0,42.0,9125.0,0.0,0.042,0.042,9.125,20.833333333333332,0,0.0,0.042,0.083,0.0,21.322916666666668,,21.322916666666668,0.0,0.0,/Users/christiankauten/Documents/Projects/Rack/plugins/Fourier/.build/spec012/confirm-03-single-sample/workload-0005-repeat-02.csv,7bd27db6930c17f3da3afd126c18f75c7a8487d0ffd63ab389e09825dddf05e0
3aeff8d50243a034,m1-pro-16gb-local,5479e316c2ea47dc5a5448d77e814d8b852c7230dcdc348073e8cc9532810f57,aligned,inverse-stream-incremental-float,1,0,0,65536,1,1024,0,2048,throughput,48000,0,steady,1,64,spec012-confirm-01,0,35.282135009765625,ns/engine-sample,1,65536,1.3653333333333333,64,2312250.0,2312.25,2312250.0,2312250.0,2312250.0,2312250.0,2312.25,2312.25,2312.25,2312.25,,,,0.042,0.042,21.3125,0.0,,,21.3125,21.3125,/Users/christiankauten/Documents/Projects/Rack/plugins/Fourier/.build/spec012/confirm-01-single-sample/workload-0032-repeat-00.csv,3efe65bcf98aada5d0e4787e1355397bd990e42d06d61e5e166f7e128e77b129
3aeff8d50243a034,m1-pro-16gb-local,5479e316c2ea47dc5a5448d77e814d8b852c7230dcdc348073e8cc9532810f57,aligned,inverse-stream-incremental-float,1,0,0,65536,1,1024,0,2048,throughput,48000,0,steady,1,64,spec012-confirm-01,1,36.38331604003906,ns/engine-sample,1,65536,1.3653333333333333,64,2384417.0,2384.417,2384417.0,2384417.0,2384417.0,2384417.0,2384.417,2384.417,2384.417,2384.417,,,,0.042,0.042,21.3125,0.0,,,21.3125,21.3125,/Users/christiankauten/Documents/Projects/Rack/plugins/Fourier/.build/spec012/confirm-01-single-sample/workload-0032-repeat-01.csv,974eb0f083d4766a1da7acd85ba624ac739f0296488cc639a51d3f14c8d2ec35
3aeff8d50243a034,m1-pro-16gb-local,5479e316c2ea47dc5a5448d77e814d8b852c7230dcdc348073e8cc9532810f57,aligned,inverse-stream-incremental-float,1,0,0,65536,1,1024,0,2048,throughput,48000,0,steady,1,64,spec012-confirm-01,2,35.311370849609375,ns/engine-sample,1,65536,1.3653333333333333,64,2314166.0,2314.166,2314166.0,2314166.0,2314166.0,2314166.0,2314.166,2314.166,2314.166,2314.166,,,,0.042,0.042,21.3125,0.0,,,21.3125,21.3125,/Users/christiankauten/Documents/Projects/Rack/plugins/Fourier/.build/spec012/confirm-01-single-sample/workload-0032-repeat-02.csv,a7be6a9ee3577b7b53c6daf7ca6f10b9af81be3114b583dc93a1f155b2b76d06
3aeff8d50243a034,m1-pro-16gb-local,5479e316c2ea47dc5a5448d77e814d8b852c7230dcdc348073e8cc9532810f57,aligned,inverse-stream-incremental-float,1,0,0,65536,1,1024,0,2048,throughput,48000,0,steady,1,64,spec012-confirm-02,0,35.28594970703125,ns/engine-sample,1,65536,1.3653333333333333,64,2312500.0,2312.5,2312500.0,2312500.0,2312500.0,2312500.0,2312.5,2312.5,2312.5,2312.5,,,,0.042,0.042,21.3125,0.0,,,21.3125,21.3125,/Users/christiankauten/Documents/Projects/Rack/plugins/Fourier/.build/spec012/confirm-02-single-sample/workload-0032-repeat-00.csv,3ad651080f5a1d4f50d8ed327e3d873d102e439e758a1aa7d3176e63fc2fdc96
3aeff8d50243a034,m1-pro-16gb-local,5479e316c2ea47dc5a5448d77e814d8b852c7230dcdc348073e8cc9532810f57,aligned,inverse-stream-incremental-float,1,0,0,65536,1,1024,0,2048,throughput,48000,0,steady,1,64,spec012-confirm-02,1,36.35406494140625,ns/engine-sample,1,65536,1.3653333333333333,64,2382500.0,2382.5,2382500.0,2382500.0,2382500.0,2382500.0,2382.5,2382.5,2382.5,2382.5,,,,0.042,0.042,21.3125,0.0,,,21.3125,21.3125,/Users/christiankauten/Documents/Projects/Rack/plugins/Fourier/.build/spec012/confirm-02-single-sample/workload-0032-repeat-01.csv,0f3712bc187f72c74e58e8e5ff5e71098e77b63d511b191c62d3049e6bf6d0aa
3aeff8d50243a034,m1-pro-16gb-local,5479e316c2ea47dc5a5448d77e814d8b852c7230dcdc348073e8cc9532810f57,aligned,inverse-stream-incremental-float,1,0,0,65536,1,1024,0,2048,throughput,48000,0,steady,1,64,spec012-confirm-02,2,36.738067626953125,ns/engine-sample,1,65536,1.3653333333333333,64,2407666.0,2407.666,2407666.0,2407666.0,2407666.0,2407666.0,2407.666,2407.666,2407.666,2407.666,,,,0.042,0.042,21.3125,0.0,,,21.3125,21.3125,/Users/christiankauten/Documents/Projects/Rack/plugins/Fourier/.build/spec012/confirm-02-single-sample/workload-0032-repeat-02.csv,eee310244f2e2021b05527a7aef6716c9714941e465649fb127f762fd703589f
3aeff8d50243a034,m1-pro-16gb-local,5479e316c2ea47dc5a5448d77e814d8b852c7230dcdc348073e8cc9532810f57,aligned,inverse-stream-incremental-float,1,0,0,65536,1,1024,0,2048,throughput,48000,0,steady,1,64,spec012-confirm-03,0,35.58476257324219,ns/engine-sample,1,65536,1.3653333333333333,64,2332083.0,2332.083,2332083.0,2332083.0,2332083.0,2332083.0,2332.083,2332.083,2332.083,2332.083,,,,0.042,0.042,21.3125,0.0,,,21.3125,21.3125,/Users/christiankauten/Documents/Projects/Rack/plugins/Fourier/.build/spec012/confirm-03-single-sample/workload-0032-repeat-00.csv,6065a058e555b3b0b15669cfaa39071f93e6dd0938536abf3c3a959fa8030a1f
3aeff8d50243a034,m1-pro-16gb-local,5479e316c2ea47dc5a5448d77e814d8b852c7230dcdc348073e8cc9532810f57,aligned,inverse-stream-incremental-float,1,0,0,65536,1,1024,0,2048,throughput,48000,0,steady,1,64,spec012-confirm-03,1,38.15269470214844,ns/engine-sample,1,65536,1.3653333333333333,64,2500375.0,2500.375,2500375.0,2500375.0,2500375.0,2500375.0,2500.375,2500.375,2500.375,2500.375,,,,0.042,0.042,21.3125,0.0,,,21.3125,21.3125,/Users/christiankauten/Documents/Projects/Rack/plugins/Fourier/.build/spec012/confirm-03-single-sample/workload-0032-repeat-01.csv,72d7eb61dddb758719562dbf2825f997ab5e4890a18b24d46c14219bfcbc0ff6
3aeff8d50243a034,m1-pro-16gb-local,5479e316c2ea47dc5a5448d77e814d8b852c7230dcdc348073e8cc9532810f57,aligned,inverse-stream-incremental-float,1,0,0,65536,1,1024,0,2048,throughput,48000,0,steady,1,64,spec012-confirm-03,2,35.90838623046875,ns/engine-sample,1,65536,1.3653333333333333,64,2353292.0,2353.292,2353292.0,2353292.0,2353292.0,2353292.0,2353.292,2353.292,2353.292,2353.292,,,,0.042,0.042,21.3125,0.0,,,21.3125,21.3125,/Users/christiankauten/Documents/Projects/Rack/plugins/Fourier/.build/spec012/confirm-03-single-sample/workload-0032-repeat-02.csv,ceebf59f5120d3949b4e688d8e84eb513fc862507812ff90558ddd74dbdbaeaf
3aeff8d50243a034,m1-pro-16gb-local,565cb7b126f0e2a22863872869a1802904e9e8d834b288512c04a6f1bf23d706,aligned,fftw-ols-fir-float,1,0,0,65536,1,1024,0,2048,callback,48000,0,steady,1,64,spec012-confirm-01,0,32.26397705078125,ns/engine-sample,65536,65536,1.3653333333333333,64,2114452.0,2114.452,0.0,42.0,42.0,15958.0,0.0,0.042,0.042,15.958,20.833333333333332,0,0.0,0.042,0.084,0.0,10.65625,21.3125,,0.0,0.0,/Users/christiankauten/Documents/Projects/Rack/plugins/Fourier/.build/spec012/confirm-01-single-sample/workload-0021-repeat-00.csv,ee273eb86ffd371b08b0aac92b6da240394606d0f1d04dd7022828cc9d3309b2
3aeff8d50243a034,m1-pro-16gb-local,565cb7b126f0e2a22863872869a1802904e9e8d834b288512c04a6f1bf23d706,aligned,fftw-ols-fir-float,1,0,0,65536,1,1024,0,2048,callback,48000,0,steady,1,64,spec012-confirm-01,1,30.5640869140625,ns/engine-sample,65536,65536,1.3653333333333333,64,2003048.0,2003.048,0.0,42.0,42.0,12084.0,0.0,0.042,0.042,12.084,20.833333333333332,0,0.0,0.042,0.125,0.0,10.65625,21.3125,,0.0,0.0,/Users/christiankauten/Documents/Projects/Rack/plugins/Fourier/.build/spec012/confirm-01-single-sample/workload-0021-repeat-01.csv,8d45e5b4e690f72610b723b2d25e24d7767a00f7942a3bbaf23fede874c1744c
3aeff8d50243a034,m1-pro-16gb-local,565cb7b126f0e2a22863872869a1802904e9e8d834b288512c04a6f1bf23d706,aligned,fftw-ols-fir-float,1,0,0,65536,1,1024,0,2048,callback,48000,0,steady,1,64,spec012-confirm-01,2,30.599380493164062,ns/engine-sample,65536,65536,1.3653333333333333,64,2005361.0,2005.361,0.0,42.0,42.0,12208.0,0.0,0.042,0.042,12.208,20.833333333333332,0,0.0,0.042,0.042,0.0,10.65625,21.3125,,0.0,0.0,/Users/christiankauten/Documents/Projects/Rack/plugins/Fourier/.build/spec012/confirm-01-single-sample/workload-0021-repeat-02.csv,be126fdc23259caa0ebd6043533b2546e0702d139e6ac484108ceedb3eaedc0c
3aeff8d50243a034,m1-pro-16gb-local,565cb7b126f0e2a22863872869a1802904e9e8d834b288512c04a6f1bf23d706,aligned,fftw-ols-fir-float,1,0,0,65536,1,1024,0,2048,callback,48000,0,steady,1,64,spec012-confirm-02,0,30.588226318359375,ns/engine-sample,65536,65536,1.3653333333333333,64,2004630.0,2004.63,0.0,42.0,42.0,12084.0,0.0,0.042,0.042,12.084,20.833333333333332,0,0.0,0.042,0.042,0.0,10.65625,21.3125,,0.0,0.0,/Users/christiankauten/Documents/Projects/Rack/plugins/Fourier/.build/spec012/confirm-02-single-sample/workload-0021-repeat-00.csv,88412226fac6a93704e3c674e2fe692ef2371a606fc8f6fe4a201607d7019ed5
3aeff8d50243a034,m1-pro-16gb-local,565cb7b126f0e2a22863872869a1802904e9e8d834b288512c04a6f1bf23d706,aligned,fftw-ols-fir-float,1,0,0,65536,1,1024,0,2048,callback,48000,0,steady,1,64,spec012-confirm-02,1,31.600906372070312,ns/engine-sample,65536,65536,1.3653333333333333,64,2070997.0,2070.997,0.0,42.0,42.0,12417.0,0.0,0.042,0.042,12.417,20.833333333333332,0,0.0,0.042,0.042,0.0,10.65625,21.3125,,0.0,0.0,/Users/christiankauten/Documents/Projects/Rack/plugins/Fourier/.build/spec012/confirm-02-single-sample/workload-0021-repeat-01.csv,cada909f65c796d57729c398a6e61f1c96420126cbaf1f8986740fb926702303
3aeff8d50243a034,m1-pro-16gb-local,565cb7b126f0e2a22863872869a1802904e9e8d834b288512c04a6f1bf23d706,aligned,fftw-ols-fir-float,1,0,0,65536,1,1024,0,2048,callback,48000,0,steady,1,64,spec012-confirm-02,2,30.854812622070312,ns/engine-sample,65536,65536,1.3653333333333333,64,2022101.0,2022.101,0.0,42.0,42.0,14084.0,0.0,0.042,0.042,14.084,20.833333333333332,0,0.0,0.042,0.166,0.0,10.65625,21.3125,,0.0,0.0,/Users/christiankauten/Documents/Projects/Rack/plugins/Fourier/.build/spec012/confirm-02-single-sample/workload-0021-repeat-02.csv,78e17a4c2d6a7d141f401efe2c554c9e232a507a9cf8bde00b62d27bc9dfd7ea
3aeff8d50243a034,m1-pro-16gb-local,565cb7b126f0e2a22863872869a1802904e9e8d834b288512c04a6f1bf23d706,aligned,fftw-ols-fir-float,1,0,0,65536,1,1024,0,2048,callback,48000,0,steady,1,64,spec012-confirm-03,0,30.768447875976562,ns/engine-sample,65536,65536,1.3653333333333333,64,2016441.0,2016.441,0.0,42.0,42.0,12917.0,0.0,0.042,0.042,12.917,20.833333333333332,0,0.0,0.042,0.042,0.0,10.65625,21.3125,,0.0,0.0,/Users/christiankauten/Documents/Projects/Rack/plugins/Fourier/.build/spec012/confirm-03-single-sample/workload-0021-repeat-00.csv,7b125c502643980f242c4500a5d817da9666951d3bfb9051bcfa3b734ff2f529
3aeff8d50243a034,m1-pro-16gb-local,565cb7b126f0e2a22863872869a1802904e9e8d834b288512c04a6f1bf23d706,aligned,fftw-ols-fir-float,1,0,0,65536,1,1024,0,2048,callback,48000,0,steady,1,64,spec012-confirm-03,1,30.64654541015625,ns/engine-sample,65536,65536,1.3653333333333333,64,2008452.0,2008.452,0.0,42.0,42.0,14333.0,0.0,0.042,0.042,14.333,20.833333333333332,0,0.0,0.042,0.084,0.0,10.65625,21.3125,,0.0,0.0,/Users/christiankauten/Documents/Projects/Rack/plugins/Fourier/.build/spec012/confirm-03-single-sample/workload-0021-repeat-01.csv,3df217c3398b8e58b1db5ade43b7757835cafcfcb9beb0b28b3b698cef2cbbf0
3aeff8d50243a034,m1-pro-16gb-local,565cb7b126f0e2a22863872869a1802904e9e8d834b288512c04a6f1bf23d706,aligned,fftw-ols-fir-float,1,0,0,65536,1,1024,0,2048,callback,48000,0,steady,1,64,spec012-confirm-03,2,31.308349609375,ns/engine-sample,65536,65536,1.3653333333333333,64,2051824.0,2051.824,0.0,42.0,42.0,12375.0,0.0,0.042,0.042,12.375,20.833333333333332,0,0.0,0.042,0.125,0.0,10.65625,21.3125,,0.0,0.0,/Users/christiankauten/Documents/Projects/Rack/plugins/Fourier/.build/spec012/confirm-03-single-sample/workload-0021-repeat-02.csv,2530c82113936165958ff0baac886667c0c7dd21f86db41aaf632753d3d3dc95
3aeff8d50243a034,m1-pro-16gb-local,5a9553c3aa621e8371aa0c9441fb5844a8006434699a49a305f87ba82e36fa6d,aligned,legacy-batch-float,1,0,0,65536,1,1024,0,2048,throughput,48000,0,steady,1,64,spec012-confirm-01,0,23.938491821289062,ns/engine-sample,1,65536,1.3653333333333333,64,1568833.0,1568.833,1568833.0,1568833.0,1568833.0,1568833.0,1568.833,1568.833,1568.833,1568.833,,,,0.042,0.084,0.0,21.322916666666668,,21.322916666666668,0.0,0.0,/Users/christiankauten/Documents/Projects/Rack/plugins/Fourier/.build/spec012/confirm-01-single-sample/workload-0024-repeat-00.csv,08a5a5e89a0ad09435d5e9d840804627e0daae40b86f477b6d47c2abd217e033
3aeff8d50243a034,m1-pro-16gb-local,5a9553c3aa621e8371aa0c9441fb5844a8006434699a49a305f87ba82e36fa6d,aligned,legacy-batch-float,1,0,0,65536,1,1024,0,2048,throughput,48000,0,steady,1,64,spec012-confirm-01,1,23.905426025390625,ns/engine-sample,1,65536,1.3653333333333333,64,1566666.0,1566.666,1566666.0,1566666.0,1566666.0,1566666.0,1566.666,1566.666,1566.666,1566.666,,,,0.042,0.042,0.0,21.322916666666668,,21.322916666666668,0.0,0.0,/Users/christiankauten/Documents/Projects/Rack/plugins/Fourier/.build/spec012/confirm-01-single-sample/workload-0024-repeat-01.csv,991635fd9e77243c7601106efdf3a0f9b7cb7428a2347330903e1a04f5ca12fc
3aeff8d50243a034,m1-pro-16gb-local,5a9553c3aa621e8371aa0c9441fb5844a8006434699a49a305f87ba82e36fa6d,aligned,legacy-batch-float,1,0,0,65536,1,1024,0,2048,throughput,48000,0,steady,1,64,spec012-confirm-01,2,23.82659912109375,ns/engine-sample,1,65536,1.3653333333333333,64,1561500.0,1561.5,1561500.0,1561500.0,1561500.0,1561500.0,1561.5,1561.5,1561.5,1561.5,,,,0.042,0.042,0.0,21.322916666666668,,21.322916666666668,0.0,0.0,/Users/christiankauten/Documents/Projects/Rack/plugins/Fourier/.build/spec012/confirm-01-single-sample/workload-0024-repeat-02.csv,8580daedd359b0e37ede9c19141a46bf96a14cb0299b448e0427deebd3c26ad6
3aeff8d50243a034,m1-pro-16gb-local,5a9553c3aa621e8371aa0c9441fb5844a8006434699a49a305f87ba82e36fa6d,aligned,legacy-batch-float,1,0,0,65536,1,1024,0,2048,throughput,48000,0,steady,1,64,spec012-confirm-02,0,38.760498046875,ns/engine-sample,1,65536,1.3653333333333333,64,2540208.0,2540.208,2540208.0,2540208.0,2540208.0,2540208.0,2540.208,2540.208,2540.208,2540.208,,,,0.042,0.084,0.0,21.322916666666668,,21.322916666666668,0.0,0.0,/Users/christiankauten/Documents/Projects/Rack/plugins/Fourier/.build/spec012/confirm-02-single-sample/workload-0024-repeat-00.csv,06a273d09e96da1ac8bab422d5fd068c6091fff81c8319122ee81912554639bd
3aeff8d50243a034,m1-pro-16gb-local,5a9553c3aa621e8371aa0c9441fb5844a8006434699a49a305f87ba82e36fa6d,aligned,legacy-batch-float,1,0,0,65536,1,1024,0,2048,throughput,48000,0,steady,1,64,spec012-confirm-02,1,23.665115356445312,ns/engine-sample,1,65536,1.3653333333333333,64,1550917.0,1550.917,1550917.0,1550917.0,1550917.0,1550917.0,1550.917,1550.917,1550.917,1550.917,,,,0.042,0.042,0.0,21.322916666666668,,21.322916666666668,0.0,0.0,/Users/christiankauten/Documents/Projects/Rack/plugins/Fourier/.build/spec012/confirm-02-single-sample/workload-0024-repeat-01.csv,5073554e54f651664977920c21056e9f1383cff814ea444db390b2d6d65834e7
3aeff8d50243a034,m1-pro-16gb-local,5a9553c3aa621e8371aa0c9441fb5844a8006434699a49a305f87ba82e36fa6d,aligned,legacy-batch-float,1,0,0,65536,1,1024,0,2048,throughput,48000,0,steady,1,64,spec012-confirm-02,2,24.023681640625,ns/engine-sample,1,65536,1.3653333333333333,64,1574416.0,1574.416,1574416.0,1574416.0,1574416.0,1574416.0,1574.416,1574.416,1574.416,1574.416,,,,0.042,0.084,0.0,21.322916666666668,,21.322916666666668,0.0,0.0,/Users/christiankauten/Documents/Projects/Rack/plugins/Fourier/.build/spec012/confirm-02-single-sample/workload-0024-repeat-02.csv,87cb7651e2ab3477b5c6f3377c11ebde20ba616d93f263cdd02c879d8c22dd2c
3aeff8d50243a034,m1-pro-16gb-local,5a9553c3aa621e8371aa0c9441fb5844a8006434699a49a305f87ba82e36fa6d,aligned,legacy-batch-float,1,0,0,65536,1,1024,0,2048,throughput,48000,0,steady,1,64,spec012-confirm-03,0,25.379180908203125,ns/engine-sample,1,65536,1.3653333333333333,64,1663250.0,1663.25,1663250.0,1663250.0,1663250.0,1663250.0,1663.25,1663.25,1663.25,1663.25,,,,0.042,0.042,0.0,21.322916666666668,,21.322916666666668,0.0,0.0,/Users/christiankauten/Documents/Projects/Rack/plugins/Fourier/.build/spec012/confirm-03-single-sample/workload-0024-repeat-00.csv,322b4d0287dec568018e4e706e8ef7e400aadccd0d16f9dd1ef360b53947b8d2
3aeff8d50243a034,m1-pro-16gb-local,5a9553c3aa621e8371aa0c9441fb5844a8006434699a49a305f87ba82e36fa6d,aligned,legacy-batch-float,1,0,0,65536,1,1024,0,2048,throughput,48000,0,steady,1,64,spec012-confirm-03,1,24.3345947265625,ns/engine-sample,1,65536,1.3653333333333333,64,1594792.0,1594.792,1594792.0,1594792.0,1594792.0,1594792.0,1594.792,1594.792,1594.792,1594.792,,,,0.042,0.042,0.0,21.322916666666668,,21.322916666666668,0.0,0.0,/Users/christiankauten/Documents/Projects/Rack/plugins/Fourier/.build/spec012/confirm-03-single-sample/workload-0024-repeat-01.csv,bc1ec29686b4f4a901bfb6cbd88d193819118966828a843f90de5c56abaafd96
3aeff8d50243a034,m1-pro-16gb-local,5a9553c3aa621e8371aa0c9441fb5844a8006434699a49a305f87ba82e36fa6d,aligned,legacy-batch-float,1,0,0,65536,1,1024,0,2048,throughput,48000,0,steady,1,64,spec012-confirm-03,2,23.695632934570312,ns/engine-sample,1,65536,1.3653333333333333,64,1552917.0,1552.917,1552917.0,1552917.0,1552917.0,1552917.0,1552.917,1552.917,1552.917,1552.917,,,,0.042,0.042,0.0,21.322916666666668,,21.322916666666668,0.0,0.0,/Users/christiankauten/Documents/Projects/Rack/plugins/Fourier/.build/spec012/confirm-03-single-sample/workload-0024-repeat-02.csv,e6f70badc10f68185cd3b7c3ba8218c30d14a111d6fab3498ee07f9e2df2b730
3aeff8d50243a034,m1-pro-16gb-local,5f6b18e083591eb8da452ccd776db655d6e7dc875bb60fe6095218c49fbc0715,aligned,legacy-batch-float,1,0,0,65536,1,1024,0,2048,callback,48000,0,steady,1,64,spec012-confirm-01,0,37.53153991699219,ns/engine-sample,65536,65536,1.3653333333333333,64,2459667.0,2459.667,0.0,42.0,42.0,20542.0,0.0,0.042,0.042,20.542,20.833333333333332,0,0.0,0.042,0.042,0.0,21.322916666666668,,21.322916666666668,0.0,0.0,/Users/christiankauten/Documents/Projects/Rack/plugins/Fourier/.build/spec012/confirm-01-single-sample/workload-0001-repeat-00.csv,f1309770c8e02a60c21b9ff92019f64d8dbb06fe5c1f67440cfb2b43ab4ee2e0
3aeff8d50243a034,m1-pro-16gb-local,5f6b18e083591eb8da452ccd776db655d6e7dc875bb60fe6095218c49fbc0715,aligned,legacy-batch-float,1,0,0,65536,1,1024,0,2048,callback,48000,0,steady,1,64,spec012-confirm-01,1,38.594482421875,ns/engine-sample,65536,65536,1.3653333333333333,64,2529328.0,2529.328,0.0,42.0,42.0,20292.0,0.0,0.042,0.042,20.292,20.833333333333332,0,0.0,0.042,0.083,0.0,21.322916666666668,,21.322916666666668,0.0,0.0,/Users/christiankauten/Documents/Projects/Rack/plugins/Fourier/.build/spec012/confirm-01-single-sample/workload-0001-repeat-01.csv,9aaaae4dde9955810f347f4124922deecd664ec34fe05dbd46479a51a1d7cb16
3aeff8d50243a034,m1-pro-16gb-local,5f6b18e083591eb8da452ccd776db655d6e7dc875bb60fe6095218c49fbc0715,aligned,legacy-batch-float,1,0,0,65536,1,1024,0,2048,callback,48000,0,steady,1,64,spec012-confirm-01,2,37.443511962890625,ns/engine-sample,65536,65536,1.3653333333333333,64,2453898.0,2453.898,0.0,42.0,42.0,23666.0,0.0,0.042,0.042,23.666,20.833333333333332,1,1.52587890625e-05,0.042,0.042,0.0,21.322916666666668,,21.322916666666668,0.0,0.0,/Users/christiankauten/Documents/Projects/Rack/plugins/Fourier/.build/spec012/confirm-01-single-sample/workload-0001-repeat-02.csv,0076e4f48c6078b5c408a96f933f3e8603dbbe6974b861cf17c6546862764d32
3aeff8d50243a034,m1-pro-16gb-local,5f6b18e083591eb8da452ccd776db655d6e7dc875bb60fe6095218c49fbc0715,aligned,legacy-batch-float,1,0,0,65536,1,1024,0,2048,callback,48000,0,steady,1,64,spec012-confirm-02,0,37.91352844238281,ns/engine-sample,65536,65536,1.3653333333333333,64,2484701.0,2484.701,0.0,42.0,42.0,22125.0,0.0,0.042,0.042,22.125,20.833333333333332,1,1.52587890625e-05,0.042,0.042,0.0,21.322916666666668,,21.322916666666668,0.0,0.0,/Users/christiankauten/Documents/Projects/Rack/plugins/Fourier/.build/spec012/confirm-02-single-sample/workload-0001-repeat-00.csv,f8cc2206e00c9fbfb0b3eabf9fce0908d0dd4e07277b0f362291a033e81427db
3aeff8d50243a034,m1-pro-16gb-local,5f6b18e083591eb8da452ccd776db655d6e7dc875bb60fe6095218c49fbc0715,aligned,legacy-batch-float,1,0,0,65536,1,1024,0,2048,callback,48000,0,steady,1,64,spec012-confirm-02,1,37.43536376953125,ns/engine-sample,65536,65536,1.3653333333333333,64,2453364.0,2453.364,0.0,42.0,42.0,20833.0,0.0,0.042,0.042,20.833,20.833333333333332,0,0.0,0.042,0.042,0.0,21.322916666666668,,21.322916666666668,0.0,0.0,/Users/christiankauten/Documents/Projects/Rack/plugins/Fourier/.build/spec012/confirm-02-single-sample/workload-0001-repeat-01.csv,9280ba012f1aac088dd2c3054c31d88129ee13a4f796b36585d17fc785ba4019
3aeff8d50243a034,m1-pro-16gb-local,5f6b18e083591eb8da452ccd776db655d6e7dc875bb60fe6095218c49fbc0715,aligned,legacy-batch-float,1,0,0,65536,1,1024,0,2048,callback,48000,0,steady,1,64,spec012-confirm-02,2,50.12730407714844,ns/engine-sample,65536,65536,1.3653333333333333,64,3285143.0,3285.143,0.0,42.0,42.0,34625.0,0.0,0.042,0.042,34.625,20.833333333333332,64,0.0009765625,0.042,0.042,0.0,21.322916666666668,,21.322916666666668,0.0,0.0,/Users/christiankauten/Documents/Projects/Rack/plugins/Fourier/.build/spec012/confirm-02-single-sample/workload-0001-repeat-02.csv,ac6d6afcb446ee86ba4bd03fed92b8304bf2d50bba0aabecbb25dec2a24cf0ed
3aeff8d50243a034,m1-pro-16gb-local,5f6b18e083591eb8da452ccd776db655d6e7dc875bb60fe6095218c49fbc0715,aligned,legacy-batch-float,1,0,0,65536,1,1024,0,2048,callback,48000,0,steady,1,64,spec012-confirm-03,0,37.35664367675781,ns/engine-sample,65536,65536,1.3653333333333333,64,2448205.0,2448.205,0.0,42.0,42.0,19584.0,0.0,0.042,0.042,19.584,20.833333333333332,0,0.0,0.042,0.042,0.0,21.322916666666668,,21.322916666666668,0.0,0.0,/Users/christiankauten/Documents/Projects/Rack/plugins/Fourier/.build/spec012/confirm-03-single-sample/workload-0001-repeat-00.csv,f81abb5ff9f7931bda1a6100acd1bb702b193e1ace3da07a61bdd563ddd1a4f5
3aeff8d50243a034,m1-pro-16gb-local,5f6b18e083591eb8da452ccd776db655d6e7dc875bb60fe6095218c49fbc0715,aligned,legacy-batch-float,1,0,0,65536,1,1024,0,2048,callback,48000,0,steady,1,64,spec012-confirm-03,1,38.798583984375,ns/engine-sample,65536,65536,1.3653333333333333,64,2542704.0,2542.704,0.0,42.0,42.0,20875.0,0.0,0.042,0.042,20.875,20.833333333333332,1,1.52587890625e-05,0.042,0.042,0.0,21.322916666666668,,21.322916666666668,0.0,0.0,/Users/christiankauten/Documents/Projects/Rack/plugins/Fourier/.build/spec012/confirm-03-single-sample/workload-0001-repeat-01.csv,ed3cecd5bad8493a84ef4508cde424655c58d05c28b10ef63e2f9d48c26036cf
3aeff8d50243a034,m1-pro-16gb-local,5f6b18e083591eb8da452ccd776db655d6e7dc875bb60fe6095218c49fbc0715,aligned,legacy-batch-float,1,0,0,65536,1,1024,0,2048,callback,48000,0,steady,1,64,spec012-confirm-03,2,37.872833251953125,ns/engine-sample,65536,65536,1.3653333333333333,64,2482034.0,2482.034,0.0,42.0,42.0,20209.0,0.0,0.042,0.042,20.209,20.833333333333332,0,0.0,0.042,0.042,0.0,21.322916666666668,,21.322916666666668,0.0,0.0,/Users/christiankauten/Documents/Projects/Rack/plugins/Fourier/.build/spec012/confirm-03-single-sample/workload-0001-repeat-02.csv,bca43d4be675102132b9aafcf11d0ccc5d27f96f9f03221a94c8eecc94e6c0c9
3aeff8d50243a034,m1-pro-16gb-local,69ff0f3083e8e43cef7b98b38492320c780b633bba6639f399345f00819dbb51,aligned,vdsp-ols-fir-float,1,0,0,65536,1,1024,0,2048,throughput,48000,0,steady,1,64,spec012-confirm-01,0,14.284759521484375,ns/engine-sample,1,65536,1.3653333333333333,64,936166.0,936.166,936166.0,936166.0,936166.0,936166.0,936.166,936.166,936.166,936.166,,,,0.042,0.042,0.0,10.65625,21.3125,,0.0,0.0,/Users/christiankauten/Documents/Projects/Rack/plugins/Fourier/.build/spec012/confirm-01-single-sample/workload-0045-repeat-00.csv,4cd9e589f6b12de494677d2fa26d8ca93b1d6162672d5c3d44819c24517d2935
3aeff8d50243a034,m1-pro-16gb-local,69ff0f3083e8e43cef7b98b38492320c780b633bba6639f399345f00819dbb51,aligned,vdsp-ols-fir-float,1,0,0,65536,1,1024,0,2048,throughput,48000,0,steady,1,64,spec012-confirm-01,1,14.656692504882812,ns/engine-sample,1,65536,1.3653333333333333,64,960541.0,960.541,960541.0,960541.0,960541.0,960541.0,960.541,960.541,960.541,960.541,,,,0.042,0.042,0.0,10.65625,21.3125,,0.0,0.0,/Users/christiankauten/Documents/Projects/Rack/plugins/Fourier/.build/spec012/confirm-01-single-sample/workload-0045-repeat-01.csv,ae6e55625aa717048223b74707ce5a3816c5339a30e595769392a78105a7da34
3aeff8d50243a034,m1-pro-16gb-local,69ff0f3083e8e43cef7b98b38492320c780b633bba6639f399345f00819dbb51,aligned,vdsp-ols-fir-float,1,0,0,65536,1,1024,0,2048,throughput,48000,0,steady,1,64,spec012-confirm-01,2,13.858795166015625,ns/engine-sample,1,65536,1.3653333333333333,64,908250.0,908.25,908250.0,908250.0,908250.0,908250.0,908.25,908.25,908.25,908.25,,,,0.042,0.042,0.0,10.65625,21.3125,,0.0,0.0,/Users/christiankauten/Documents/Projects/Rack/plugins/Fourier/.build/spec012/confirm-01-single-sample/workload-0045-repeat-02.csv,5ff362b2ab0534bcb77408dc9b87f0f8831ba5ee2a0127ec1ab6013549eba50d
3aeff8d50243a034,m1-pro-16gb-local,69ff0f3083e8e43cef7b98b38492320c780b633bba6639f399345f00819dbb51,aligned,vdsp-ols-fir-float,1,0,0,65536,1,1024,0,2048,throughput,48000,0,steady,1,64,spec012-confirm-02,0,14.078140258789062,ns/engine-sample,1,65536,1.3653333333333333,64,922625.0,922.625,922625.0,922625.0,922625.0,922625.0,922.625,922.625,922.625,922.625,,,,0.042,0.042,0.0,10.65625,21.3125,,0.0,0.0,/Users/christiankauten/Documents/Projects/Rack/plugins/Fourier/.build/spec012/confirm-02-single-sample/workload-0045-repeat-00.csv,8b587a48f14cc99bb4b8945ecb8a97a9eef38ef92840d87abb642789f14f636f
3aeff8d50243a034,m1-pro-16gb-local,69ff0f3083e8e43cef7b98b38492320c780b633bba6639f399345f00819dbb51,aligned,vdsp-ols-fir-float,1,0,0,65536,1,1024,0,2048,throughput,48000,0,steady,1,64,spec012-confirm-02,1,16.39111328125,ns/engine-sample,1,65536,1.3653333333333333,64,1074208.0,1074.208,1074208.0,1074208.0,1074208.0,1074208.0,1074.208,1074.208,1074.208,1074.208,,,,0.042,0.042,0.0,10.65625,21.3125,,0.0,0.0,/Users/christiankauten/Documents/Projects/Rack/plugins/Fourier/.build/spec012/confirm-02-single-sample/workload-0045-repeat-01.csv,cf0f75d862091c860b2901fdc4c7652e6c828ffe371382cfff085393079cd769
3aeff8d50243a034,m1-pro-16gb-local,69ff0f3083e8e43cef7b98b38492320c780b633bba6639f399345f00819dbb51,aligned,vdsp-ols-fir-float,1,0,0,65536,1,1024,0,2048,throughput,48000,0,steady,1,64,spec012-confirm-02,2,14.1754150390625,ns/engine-sample,1,65536,1.3653333333333333,64,929000.0,929.0,929000.0,929000.0,929000.0,929000.0,929.0,929.0,929.0,929.0,,,,0.042,0.042,0.0,10.65625,21.3125,,0.0,0.0,/Users/christiankauten/Documents/Projects/Rack/plugins/Fourier/.build/spec012/confirm-02-single-sample/workload-0045-repeat-02.csv,17c61ee84be2478abb5fa04387116c941011e8760cea8b1fd9889e80c0b18775
3aeff8d50243a034,m1-pro-16gb-local,69ff0f3083e8e43cef7b98b38492320c780b633bba6639f399345f00819dbb51,aligned,vdsp-ols-fir-float,1,0,0,65536,1,1024,0,2048,throughput,48000,0,steady,1,64,spec012-confirm-03,0,15.968948364257812,ns/engine-sample,1,65536,1.3653333333333333,64,1046541.0,1046.541,1046541.0,1046541.0,1046541.0,1046541.0,1046.541,1046.541,1046.541,1046.541,,,,0.042,0.083,0.0,10.65625,21.3125,,0.0,0.0,/Users/christiankauten/Documents/Projects/Rack/plugins/Fourier/.build/spec012/confirm-03-single-sample/workload-0045-repeat-00.csv,5b544b0c418c467835fef0c8e672238aff82f293a37563cb8157eedc2f00f817
3aeff8d50243a034,m1-pro-16gb-local,69ff0f3083e8e43cef7b98b38492320c780b633bba6639f399345f00819dbb51,aligned,vdsp-ols-fir-float,1,0,0,65536,1,1024,0,2048,throughput,48000,0,steady,1,64,spec012-confirm-03,1,13.741165161132812,ns/engine-sample,1,65536,1.3653333333333333,64,900541.0,900.541,900541.0,900541.0,900541.0,900541.0,900.541,900.541,900.541,900.541,,,,0.042,0.042,0.0,10.65625,21.3125,,0.0,0.0,/Users/christiankauten/Documents/Projects/Rack/plugins/Fourier/.build/spec012/confirm-03-single-sample/workload-0045-repeat-01.csv,ba760cf5716a58e90d038a431fe376ef9a5a8752e5313baee7a454329931f80a
3aeff8d50243a034,m1-pro-16gb-local,69ff0f3083e8e43cef7b98b38492320c780b633bba6639f399345f00819dbb51,aligned,vdsp-ols-fir-float,1,0,0,65536,1,1024,0,2048,throughput,48000,0,steady,1,64,spec012-confirm-03,2,14.623641967773438,ns/engine-sample,1,65536,1.3653333333333333,64,958375.0,958.375,958375.0,958375.0,958375.0,958375.0,958.375,958.375,958.375,958.375,,,,0.042,0.042,0.0,10.65625,21.3125,,0.0,0.0,/Users/christiankauten/Documents/Projects/Rack/plugins/Fourier/.build/spec012/confirm-03-single-sample/workload-0045-repeat-02.csv,645626af84735fef2cb88006bad90b266af65cd42873b33ea07801186ae83218
3aeff8d50243a034,m1-pro-16gb-local,6c98532d1fa5d393e9da150e6faf134d217528addf37e949c50c479215b0c11b,aligned,inverse-stream-batch-float,1,0,0,65536,1,1024,0,2048,throughput,48000,0,steady,1,64,spec012-confirm-01,0,38.077667236328125,ns/engine-sample,1,65536,1.3653333333333333,64,2495458.0,2495.458,2495458.0,2495458.0,2495458.0,2495458.0,2495.458,2495.458,2495.458,2495.458,,,,0.042,0.042,0.0,0.0,,,0.0,0.0,/Users/christiankauten/Documents/Projects/Rack/plugins/Fourier/.build/spec012/confirm-01-single-sample/workload-0031-repeat-00.csv,c176d541b524b01e7388572adfa53233af2c5ff7ee23701d52ab11281a07590f
3aeff8d50243a034,m1-pro-16gb-local,6c98532d1fa5d393e9da150e6faf134d217528addf37e949c50c479215b0c11b,aligned,inverse-stream-batch-float,1,0,0,65536,1,1024,0,2048,throughput,48000,0,steady,1,64,spec012-confirm-01,1,38.58375549316406,ns/engine-sample,1,65536,1.3653333333333333,64,2528625.0,2528.625,2528625.0,2528625.0,2528625.0,2528625.0,2528.625,2528.625,2528.625,2528.625,,,,0.042,0.042,0.0,0.0,,,0.0,0.0,/Users/christiankauten/Documents/Projects/Rack/plugins/Fourier/.build/spec012/confirm-01-single-sample/workload-0031-repeat-01.csv,6331ebdaa3fc9d89d87561d48f44731a378c027ca00fd4aefc9540d2bbedd50c
3aeff8d50243a034,m1-pro-16gb-local,6c98532d1fa5d393e9da150e6faf134d217528addf37e949c50c479215b0c11b,aligned,inverse-stream-batch-float,1,0,0,65536,1,1024,0,2048,throughput,48000,0,steady,1,64,spec012-confirm-01,2,38.52272033691406,ns/engine-sample,1,65536,1.3653333333333333,64,2524625.0,2524.625,2524625.0,2524625.0,2524625.0,2524625.0,2524.625,2524.625,2524.625,2524.625,,,,0.042,0.042,0.0,0.0,,,0.0,0.0,/Users/christiankauten/Documents/Projects/Rack/plugins/Fourier/.build/spec012/confirm-01-single-sample/workload-0031-repeat-02.csv,d3968f41975f7ce5650e6661b365c19980c7061ca01e85281c30774b6f9bf0b7
3aeff8d50243a034,m1-pro-16gb-local,6c98532d1fa5d393e9da150e6faf134d217528addf37e949c50c479215b0c11b,aligned,inverse-stream-batch-float,1,0,0,65536,1,1024,0,2048,throughput,48000,0,steady,1,64,spec012-confirm-02,0,39.2672119140625,ns/engine-sample,1,65536,1.3653333333333333,64,2573416.0,2573.416,2573416.0,2573416.0,2573416.0,2573416.0,2573.416,2573.416,2573.416,2573.416,,,,0.042,0.042,0.0,0.0,,,0.0,0.0,/Users/christiankauten/Documents/Projects/Rack/plugins/Fourier/.build/spec012/confirm-02-single-sample/workload-0031-repeat-00.csv,a138b5f63bdc7b7e880aab764f31839d0d31f3e2db876affc94df275d0127b40
3aeff8d50243a034,m1-pro-16gb-local,6c98532d1fa5d393e9da150e6faf134d217528addf37e949c50c479215b0c11b,aligned,inverse-stream-batch-float,1,0,0,65536,1,1024,0,2048,throughput,48000,0,steady,1,64,spec012-confirm-02,1,38.86985778808594,ns/engine-sample,1,65536,1.3653333333333333,64,2547375.0,2547.375,2547375.0,2547375.0,2547375.0,2547375.0,2547.375,2547.375,2547.375,2547.375,,,,0.042,0.042,0.0,0.0,,,0.0,0.0,/Users/christiankauten/Documents/Projects/Rack/plugins/Fourier/.build/spec012/confirm-02-single-sample/workload-0031-repeat-01.csv,7ad221b9a9ed138b6279753d33449656e32d0e99f966253ed1482186c163c1f6
3aeff8d50243a034,m1-pro-16gb-local,6c98532d1fa5d393e9da150e6faf134d217528addf37e949c50c479215b0c11b,aligned,inverse-stream-batch-float,1,0,0,65536,1,1024,0,2048,throughput,48000,0,steady,1,64,spec012-confirm-02,2,38.8641357421875,ns/engine-sample,1,65536,1.3653333333333333,64,2547000.0,2547.0,2547000.0,2547000.0,2547000.0,2547000.0,2547.0,2547.0,2547.0,2547.0,,,,0.042,0.083,0.0,0.0,,,0.0,0.0,/Users/christiankauten/Documents/Projects/Rack/plugins/Fourier/.build/spec012/confirm-02-single-sample/workload-0031-repeat-02.csv,2773738ba20dc286d7a0086e1fa8a32f12b3dae78107ae503ae91fb3dda4840f
3aeff8d50243a034,m1-pro-16gb-local,6c98532d1fa5d393e9da150e6faf134d217528addf37e949c50c479215b0c11b,aligned,inverse-stream-batch-float,1,0,0,65536,1,1024,0,2048,throughput,48000,0,steady,1,64,spec012-confirm-03,0,39.612457275390625,ns/engine-sample,1,65536,1.3653333333333333,64,2596042.0,2596.042,2596042.0,2596042.0,2596042.0,2596042.0,2596.042,2596.042,2596.042,2596.042,,,,0.042,0.042,0.0,0.0,,,0.0,0.0,/Users/christiankauten/Documents/Projects/Rack/plugins/Fourier/.build/spec012/confirm-03-single-sample/workload-0031-repeat-00.csv,ecf401bc2e677516f97215e6a7881d849837798a57931281e1cb962aa092e47a
3aeff8d50243a034,m1-pro-16gb-local,6c98532d1fa5d393e9da150e6faf134d217528addf37e949c50c479215b0c11b,aligned,inverse-stream-batch-float,1,0,0,65536,1,1024,0,2048,throughput,48000,0,steady,1,64,spec012-confirm-03,1,38.79864501953125,ns/engine-sample,1,65536,1.3653333333333333,64,2542708.0,2542.708,2542708.0,2542708.0,2542708.0,2542708.0,2542.708,2542.708,2542.708,2542.708,,,,0.042,0.042,0.0,0.0,,,0.0,0.0,/Users/christiankauten/Documents/Projects/Rack/plugins/Fourier/.build/spec012/confirm-03-single-sample/workload-0031-repeat-01.csv,750018442f11b2e505246da7517ff98642bd909031b9ecdb3284b18ce30c6de2
3aeff8d50243a034,m1-pro-16gb-local,6c98532d1fa5d393e9da150e6faf134d217528addf37e949c50c479215b0c11b,aligned,inverse-stream-batch-float,1,0,0,65536,1,1024,0,2048,throughput,48000,0,steady,1,64,spec012-confirm-03,2,38.5863037109375,ns/engine-sample,1,65536,1.3653333333333333,64,2528792.0,2528.792,2528792.0,2528792.0,2528792.0,2528792.0,2528.792,2528.792,2528.792,2528.792,,,,0.042,0.084,0.0,0.0,,,0.0,0.0,/Users/christiankauten/Documents/Projects/Rack/plugins/Fourier/.build/spec012/confirm-03-single-sample/workload-0031-repeat-02.csv,49386c53e395466139ac30e24ce1ee47015177475efec6820f73bed06cd49376
3aeff8d50243a034,m1-pro-16gb-local,6e37c3ed1a063d5bb71fc4fbf43cd636b0df33ad7a4214147359a1808f3e4eeb,aligned,pffft-inverse-float,1,0,0,65536,1,1024,0,2048,throughput,48000,0,steady,1,64,spec012-confirm-01,0,8.841827392578125,ns/engine-sample,1,65536,1.3653333333333333,64,579458.0,579.458,579458.0,579458.0,579458.0,579458.0,579.458,579.458,579.458,579.458,,,,0.042,0.125,0.0,0.0,,,0.0,0.0,/Users/christiankauten/Documents/Projects/Rack/plugins/Fourier/.build/spec012/confirm-01-single-sample/workload-0033-repeat-00.csv,03a98d2874afe732e44633b26ef5379286a9cbe743f6ae025963c7c96f3fd61f
3aeff8d50243a034,m1-pro-16gb-local,6e37c3ed1a063d5bb71fc4fbf43cd636b0df33ad7a4214147359a1808f3e4eeb,aligned,pffft-inverse-float,1,0,0,65536,1,1024,0,2048,throughput,48000,0,steady,1,64,spec012-confirm-01,1,8.841842651367188,ns/engine-sample,1,65536,1.3653333333333333,64,579459.0,579.459,579459.0,579459.0,579459.0,579459.0,579.459,579.459,579.459,579.459,,,,0.042,0.084,0.0,0.0,,,0.0,0.0,/Users/christiankauten/Documents/Projects/Rack/plugins/Fourier/.build/spec012/confirm-01-single-sample/workload-0033-repeat-01.csv,bce1468134cb3968c764f5f7f72e09929151265c01f4a2573d431d1590731522
3aeff8d50243a034,m1-pro-16gb-local,6e37c3ed1a063d5bb71fc4fbf43cd636b0df33ad7a4214147359a1808f3e4eeb,aligned,pffft-inverse-float,1,0,0,65536,1,1024,0,2048,throughput,48000,0,steady,1,64,spec012-confirm-01,2,8.884429931640625,ns/engine-sample,1,65536,1.3653333333333333,64,582250.0,582.25,582250.0,582250.0,582250.0,582250.0,582.25,582.25,582.25,582.25,,,,0.042,0.083,0.0,0.0,,,0.0,0.0,/Users/christiankauten/Documents/Projects/Rack/plugins/Fourier/.build/spec012/confirm-01-single-sample/workload-0033-repeat-02.csv,82ca9e33e1e8e2996632faff769190a0733c831273dc8a5fe07b120022cb57ec
3aeff8d50243a034,m1-pro-16gb-local,6e37c3ed1a063d5bb71fc4fbf43cd636b0df33ad7a4214147359a1808f3e4eeb,aligned,pffft-inverse-float,1,0,0,65536,1,1024,0,2048,throughput,48000,0,steady,1,64,spec012-confirm-02,0,8.8564453125,ns/engine-sample,1,65536,1.3653333333333333,64,580416.0,580.416,580416.0,580416.0,580416.0,580416.0,580.416,580.416,580.416,580.416,,,,0.042,0.042,0.0,0.0,,,0.0,0.0,/Users/christiankauten/Documents/Projects/Rack/plugins/Fourier/.build/spec012/confirm-02-single-sample/workload-0033-repeat-00.csv,c1bd2b01b0b515afa6de5fdac6983998bc5894eec23e3527777e49fc301f9da7
3aeff8d50243a034,m1-pro-16gb-local,6e37c3ed1a063d5bb71fc4fbf43cd636b0df33ad7a4214147359a1808f3e4eeb,aligned,pffft-inverse-float,1,0,0,65536,1,1024,0,2048,throughput,48000,0,steady,1,64,spec012-confirm-02,1,9.018569946289062,ns/engine-sample,1,65536,1.3653333333333333,64,591041.0,591.041,591041.0,591041.0,591041.0,591041.0,591.041,591.041,591.041,591.041,,,,0.042,0.042,0.0,0.0,,,0.0,0.0,/Users/christiankauten/Documents/Projects/Rack/plugins/Fourier/.build/spec012/confirm-02-single-sample/workload-0033-repeat-01.csv,fd1222553a2bc3afecaed5e2c347793815d67c4621e37928ba9b96d86b815ec9
3aeff8d50243a034,m1-pro-16gb-local,6e37c3ed1a063d5bb71fc4fbf43cd636b0df33ad7a4214147359a1808f3e4eeb,aligned,pffft-inverse-float,1,0,0,65536,1,1024,0,2048,throughput,48000,0,steady,1,64,spec012-confirm-02,2,8.87298583984375,ns/engine-sample,1,65536,1.3653333333333333,64,581500.0,581.5,581500.0,581500.0,581500.0,581500.0,581.5,581.5,581.5,581.5,,,,0.042,0.042,0.0,0.0,,,0.0,0.0,/Users/christiankauten/Documents/Projects/Rack/plugins/Fourier/.build/spec012/confirm-02-single-sample/workload-0033-repeat-02.csv,dd38a9d7e01cadd21460f7a14407bf8b392afd7df24e72fb126d80d6d016dd47
3aeff8d50243a034,m1-pro-16gb-local,6e37c3ed1a063d5bb71fc4fbf43cd636b0df33ad7a4214147359a1808f3e4eeb,aligned,pffft-inverse-float,1,0,0,65536,1,1024,0,2048,throughput,48000,0,steady,1,64,spec012-confirm-03,0,8.852005004882812,ns/engine-sample,1,65536,1.3653333333333333,64,580125.0,580.125,580125.0,580125.0,580125.0,580125.0,580.125,580.125,580.125,580.125,,,,0.042,0.083,0.0,0.0,,,0.0,0.0,/Users/christiankauten/Documents/Projects/Rack/plugins/Fourier/.build/spec012/confirm-03-single-sample/workload-0033-repeat-00.csv,d99970080de8cbcb7b7f81acc82f32b104b33f1e475adb9c3464febad2679609
3aeff8d50243a034,m1-pro-16gb-local,6e37c3ed1a063d5bb71fc4fbf43cd636b0df33ad7a4214147359a1808f3e4eeb,aligned,pffft-inverse-float,1,0,0,65536,1,1024,0,2048,throughput,48000,0,steady,1,64,spec012-confirm-03,1,8.834213256835938,ns/engine-sample,1,65536,1.3653333333333333,64,578959.0,578.959,578959.0,578959.0,578959.0,578959.0,578.959,578.959,578.959,578.959,,,,0.042,0.042,0.0,0.0,,,0.0,0.0,/Users/christiankauten/Documents/Projects/Rack/plugins/Fourier/.build/spec012/confirm-03-single-sample/workload-0033-repeat-01.csv,1a4e78bbf35a7cd6ce4849807ea56dbb5ae4ec1cf423f307052c58176487a758
3aeff8d50243a034,m1-pro-16gb-local,6e37c3ed1a063d5bb71fc4fbf43cd636b0df33ad7a4214147359a1808f3e4eeb,aligned,pffft-inverse-float,1,0,0,65536,1,1024,0,2048,throughput,48000,0,steady,1,64,spec012-confirm-03,2,8.85009765625,ns/engine-sample,1,65536,1.3653333333333333,64,580000.0,580.0,580000.0,580000.0,580000.0,580000.0,580.0,580.0,580.0,580.0,,,,0.042,0.084,0.0,0.0,,,0.0,0.0,/Users/christiankauten/Documents/Projects/Rack/plugins/Fourier/.build/spec012/confirm-03-single-sample/workload-0033-repeat-02.csv,11be1e6b3ac994d7f0e835bcb17e3978e02c28d34fdb0d910eb15ef5f5dd2abb
3aeff8d50243a034,m1-pro-16gb-local,83763c3468fb1542aae7f3762d4a8b4c62ad7ebbc2909a8705f01310aac9a7e3,aligned,ols-identity-incremental-float,1,0,0,65536,1,1024,0,2048,throughput,48000,0,steady,1,64,spec012-confirm-01,0,73.97589111328125,ns/engine-sample,1,65536,1.3653333333333333,64,4848084.0,4848.084,4848084.0,4848084.0,4848084.0,4848084.0,4848.084,4848.084,4848.084,4848.084,,,,0.042,0.042,21.3125,10.65625,42.625,,21.3125,21.3125,/Users/christiankauten/Documents/Projects/Rack/plugins/Fourier/.build/spec012/confirm-01-single-sample/workload-0037-repeat-00.csv,d21121a23d0d96021fbe826aea3f1598ffabd8675573218cc644cf0043a98884
3aeff8d50243a034,m1-pro-16gb-local,83763c3468fb1542aae7f3762d4a8b4c62ad7ebbc2909a8705f01310aac9a7e3,aligned,ols-identity-incremental-float,1,0,0,65536,1,1024,0,2048,throughput,48000,0,steady,1,64,spec012-confirm-01,1,73.67959594726562,ns/engine-sample,1,65536,1.3653333333333333,64,4828666.0,4828.666,4828666.0,4828666.0,4828666.0,4828666.0,4828.666,4828.666,4828.666,4828.666,,,,0.042,0.042,21.3125,10.65625,42.625,,21.3125,21.3125,/Users/christiankauten/Documents/Projects/Rack/plugins/Fourier/.build/spec012/confirm-01-single-sample/workload-0037-repeat-01.csv,d3727596060b0ebd2b88acbdbe0524da6aad5e551e693c906cb36bc313d21aa6
3aeff8d50243a034,m1-pro-16gb-local,83763c3468fb1542aae7f3762d4a8b4c62ad7ebbc2909a8705f01310aac9a7e3,aligned,ols-identity-incremental-float,1,0,0,65536,1,1024,0,2048,throughput,48000,0,steady,1,64,spec012-confirm-01,2,80.12518310546875,ns/engine-sample,1,65536,1.3653333333333333,64,5251084.0,5251.084,5251084.0,5251084.0,5251084.0,5251084.0,5251.084,5251.084,5251.084,5251.084,,,,0.042,0.042,21.3125,10.65625,42.625,,21.3125,21.3125,/Users/christiankauten/Documents/Projects/Rack/plugins/Fourier/.build/spec012/confirm-01-single-sample/workload-0037-repeat-02.csv,f7304ed3021b4847f7a60c41f956fb9b6681a4b57b3673bddff5c38e5ee2ab1c
3aeff8d50243a034,m1-pro-16gb-local,83763c3468fb1542aae7f3762d4a8b4c62ad7ebbc2909a8705f01310aac9a7e3,aligned,ols-identity-incremental-float,1,0,0,65536,1,1024,0,2048,throughput,48000,0,steady,1,64,spec012-confirm-02,0,76.87887573242188,ns/engine-sample,1,65536,1.3653333333333333,64,5038334.0,5038.334,5038334.0,5038334.0,5038334.0,5038334.0,5038.334,5038.334,5038.334,5038.334,,,,0.042,0.042,21.3125,10.65625,42.625,,21.3125,21.3125,/Users/christiankauten/Documents/Projects/Rack/plugins/Fourier/.build/spec012/confirm-02-single-sample/workload-0037-repeat-00.csv,b548f188c5cd764bbdedcba6c3e9c9db4eecee97be22352e25ec7f2039624bb7
3aeff8d50243a034,m1-pro-16gb-local,83763c3468fb1542aae7f3762d4a8b4c62ad7ebbc2909a8705f01310aac9a7e3,aligned,ols-identity-incremental-float,1,0,0,65536,1,1024,0,2048,throughput,48000,0,steady,1,64,spec012-confirm-02,1,75.39939880371094,ns/engine-sample,1,65536,1.3653333333333333,64,4941375.0,4941.375,4941375.0,4941375.0,4941375.0,4941375.0,4941.375,4941.375,4941.375,4941.375,,,,0.042,0.042,21.3125,10.65625,42.625,,21.3125,21.3125,/Users/christiankauten/Documents/Projects/Rack/plugins/Fourier/.build/spec012/confirm-02-single-sample/workload-0037-repeat-01.csv,41276346ede07cd246c83a01b028ab9658d97c82a2c392fc18de4e99e8cbd26f
3aeff8d50243a034,m1-pro-16gb-local,83763c3468fb1542aae7f3762d4a8b4c62ad7ebbc2909a8705f01310aac9a7e3,aligned,ols-identity-incremental-float,1,0,0,65536,1,1024,0,2048,throughput,48000,0,steady,1,64,spec012-confirm-02,2,74.923828125,ns/engine-sample,1,65536,1.3653333333333333,64,4910208.0,4910.208,4910208.0,4910208.0,4910208.0,4910208.0,4910.208,4910.208,4910.208,4910.208,,,,0.042,0.042,21.3125,10.65625,42.625,,21.3125,21.3125,/Users/christiankauten/Documents/Projects/Rack/plugins/Fourier/.build/spec012/confirm-02-single-sample/workload-0037-repeat-02.csv,59a1c35582ed84b35a9b36d99d89f4867a310d291779ebf57ba9f80a485659a5
3aeff8d50243a034,m1-pro-16gb-local,83763c3468fb1542aae7f3762d4a8b4c62ad7ebbc2909a8705f01310aac9a7e3,aligned,ols-identity-incremental-float,1,0,0,65536,1,1024,0,2048,throughput,48000,0,steady,1,64,spec012-confirm-03,0,79.20010375976562,ns/engine-sample,1,65536,1.3653333333333333,64,5190458.0,5190.458,5190458.0,5190458.0,5190458.0,5190458.0,5190.458,5190.458,5190.458,5190.458,,,,0.042,0.042,21.3125,10.65625,42.625,,21.3125,21.3125,/Users/christiankauten/Documents/Projects/Rack/plugins/Fourier/.build/spec012/confirm-03-single-sample/workload-0037-repeat-00.csv,93a9b0309c179a8298486a0d9574d21e648c8de8418a18de3bc2a448d5541b7b
3aeff8d50243a034,m1-pro-16gb-local,83763c3468fb1542aae7f3762d4a8b4c62ad7ebbc2909a8705f01310aac9a7e3,aligned,ols-identity-incremental-float,1,0,0,65536,1,1024,0,2048,throughput,48000,0,steady,1,64,spec012-confirm-03,1,76.0040283203125,ns/engine-sample,1,65536,1.3653333333333333,64,4981000.0,4981.0,4981000.0,4981000.0,4981000.0,4981000.0,4981.0,4981.0,4981.0,4981.0,,,,0.042,0.042,21.3125,10.65625,42.625,,21.3125,21.3125,/Users/christiankauten/Documents/Projects/Rack/plugins/Fourier/.build/spec012/confirm-03-single-sample/workload-0037-repeat-01.csv,fb101a53b724940c2e9ae12919cbdcdeda6d5f0818a822fe456421169c45d069
3aeff8d50243a034,m1-pro-16gb-local,83763c3468fb1542aae7f3762d4a8b4c62ad7ebbc2909a8705f01310aac9a7e3,aligned,ols-identity-incremental-float,1,0,0,65536,1,1024,0,2048,throughput,48000,0,steady,1,64,spec012-confirm-03,2,74.3319091796875,ns/engine-sample,1,65536,1.3653333333333333,64,4871416.0,4871.416,4871416.0,4871416.0,4871416.0,4871416.0,4871.416,4871.416,4871.416,4871.416,,,,0.042,0.042,21.3125,10.65625,42.625,,21.3125,21.3125,/Users/christiankauten/Documents/Projects/Rack/plugins/Fourier/.build/spec012/confirm-03-single-sample/workload-0037-repeat-02.csv,bc7df44a10cab6d399fcdfbf2240cb7c3eb9b68976a9e607d411cc685cc27d71
3aeff8d50243a034,m1-pro-16gb-local,847bef36fcffc246e7d61478bd56368309c9b31f22c37ee546274044bc42c824,aligned,fftw-ols-identity-float,1,0,0,65536,1,1024,0,2048,throughput,48000,0,steady,1,64,spec012-confirm-01,0,16.985565185546875,ns/engine-sample,1,65536,1.3653333333333333,64,1113166.0,1113.166,1113166.0,1113166.0,1113166.0,1113166.0,1113.166,1113.166,1113.166,1113.166,,,,0.042,0.083,0.0,10.65625,21.3125,,0.0,0.0,/Users/christiankauten/Documents/Projects/Rack/plugins/Fourier/.build/spec012/confirm-01-single-sample/workload-0039-repeat-00.csv,c9e4ea19bcc484c73ad845a5a62a60dde28984e81a9534174c0681dec1e6a7c8
3aeff8d50243a034,m1-pro-16gb-local,847bef36fcffc246e7d61478bd56368309c9b31f22c37ee546274044bc42c824,aligned,fftw-ols-identity-float,1,0,0,65536,1,1024,0,2048,throughput,48000,0,steady,1,64,spec012-confirm-01,1,17.040252685546875,ns/engine-sample,1,65536,1.3653333333333333,64,1116750.0,1116.75,1116750.0,1116750.0,1116750.0,1116750.0,1116.75,1116.75,1116.75,1116.75,,,,0.042,0.042,0.0,10.65625,21.3125,,0.0,0.0,/Users/christiankauten/Documents/Projects/Rack/plugins/Fourier/.build/spec012/confirm-01-single-sample/workload-0039-repeat-01.csv,9797872ff20a8b63db680190173eb7189ecbf5fe340be60c3402944f16399442
3aeff8d50243a034,m1-pro-16gb-local,847bef36fcffc246e7d61478bd56368309c9b31f22c37ee546274044bc42c824,aligned,fftw-ols-identity-float,1,0,0,65536,1,1024,0,2048,throughput,48000,0,steady,1,64,spec012-confirm-01,2,16.934722900390625,ns/engine-sample,1,65536,1.3653333333333333,64,1109834.0,1109.834,1109834.0,1109834.0,1109834.0,1109834.0,1109.834,1109.834,1109.834,1109.834,,,,0.042,0.042,0.0,10.65625,21.3125,,0.0,0.0,/Users/christiankauten/Documents/Projects/Rack/plugins/Fourier/.build/spec012/confirm-01-single-sample/workload-0039-repeat-02.csv,e3ba2915b9ba7149f2bb2d06d174dd7f7c5cd8655066505d188b7045b74a2c09
3aeff8d50243a034,m1-pro-16gb-local,847bef36fcffc246e7d61478bd56368309c9b31f22c37ee546274044bc42c824,aligned,fftw-ols-identity-float,1,0,0,65536,1,1024,0,2048,throughput,48000,0,steady,1,64,spec012-confirm-02,0,17.351791381835938,ns/engine-sample,1,65536,1.3653333333333333,64,1137167.0,1137.167,1137167.0,1137167.0,1137167.0,1137167.0,1137.167,1137.167,1137.167,1137.167,,,,0.042,0.042,0.0,10.65625,21.3125,,0.0,0.0,/Users/christiankauten/Documents/Projects/Rack/plugins/Fourier/.build/spec012/confirm-02-single-sample/workload-0039-repeat-00.csv,614221f9f22edd514166286930326dc328485cb49ac967509bca4b232bfd67b8
3aeff8d50243a034,m1-pro-16gb-local,847bef36fcffc246e7d61478bd56368309c9b31f22c37ee546274044bc42c824,aligned,fftw-ols-identity-float,1,0,0,65536,1,1024,0,2048,throughput,48000,0,steady,1,64,spec012-confirm-02,1,16.976028442382812,ns/engine-sample,1,65536,1.3653333333333333,64,1112541.0,1112.541,1112541.0,1112541.0,1112541.0,1112541.0,1112.541,1112.541,1112.541,1112.541,,,,0.042,0.042,0.0,10.65625,21.3125,,0.0,0.0,/Users/christiankauten/Documents/Projects/Rack/plugins/Fourier/.build/spec012/confirm-02-single-sample/workload-0039-repeat-01.csv,a452198b0ef74069e2b40a8cd06eeef043f7a122225b2b1ca250dcdc259fe101
3aeff8d50243a034,m1-pro-16gb-local,847bef36fcffc246e7d61478bd56368309c9b31f22c37ee546274044bc42c824,aligned,fftw-ols-identity-float,1,0,0,65536,1,1024,0,2048,throughput,48000,0,steady,1,64,spec012-confirm-02,2,17.240524291992188,ns/engine-sample,1,65536,1.3653333333333333,64,1129875.0,1129.875,1129875.0,1129875.0,1129875.0,1129875.0,1129.875,1129.875,1129.875,1129.875,,,,0.042,0.042,0.0,10.65625,21.3125,,0.0,0.0,/Users/christiankauten/Documents/Projects/Rack/plugins/Fourier/.build/spec012/confirm-02-single-sample/workload-0039-repeat-02.csv,6ea557d0cd3fdbce23039f8f607dfa6c1978e8a3a4572a00816652da85be62e9
3aeff8d50243a034,m1-pro-16gb-local,847bef36fcffc246e7d61478bd56368309c9b31f22c37ee546274044bc42c824,aligned,fftw-ols-identity-float,1,0,0,65536,1,1024,0,2048,throughput,48000,0,steady,1,64,spec012-confirm-03,0,17.206817626953125,ns/engine-sample,1,65536,1.3653333333333333,64,1127666.0,1127.666,1127666.0,1127666.0,1127666.0,1127666.0,1127.666,1127.666,1127.666,1127.666,,,,0.042,0.042,0.0,10.65625,21.3125,,0.0,0.0,/Users/christiankauten/Documents/Projects/Rack/plugins/Fourier/.build/spec012/confirm-03-single-sample/workload-0039-repeat-00.csv,d4e68a44911ef17ac6eee2b7ab30a1f73c5bfb5b00e0e5475a3ca369d9e27805
3aeff8d50243a034,m1-pro-16gb-local,847bef36fcffc246e7d61478bd56368309c9b31f22c37ee546274044bc42c824,aligned,fftw-ols-identity-float,1,0,0,65536,1,1024,0,2048,throughput,48000,0,steady,1,64,spec012-confirm-03,1,17.236083984375,ns/engine-sample,1,65536,1.3653333333333333,64,1129584.0,1129.584,1129584.0,1129584.0,1129584.0,1129584.0,1129.584,1129.584,1129.584,1129.584,,,,0.042,0.042,0.0,10.65625,21.3125,,0.0,0.0,/Users/christiankauten/Documents/Projects/Rack/plugins/Fourier/.build/spec012/confirm-03-single-sample/workload-0039-repeat-01.csv,698523723246ec67a948eebcfae7662a27dc684ad74f2315c931c968a56090b4
3aeff8d50243a034,m1-pro-16gb-local,847bef36fcffc246e7d61478bd56368309c9b31f22c37ee546274044bc42c824,aligned,fftw-ols-identity-float,1,0,0,65536,1,1024,0,2048,throughput,48000,0,steady,1,64,spec012-confirm-03,2,17.343521118164062,ns/engine-sample,1,65536,1.3653333333333333,64,1136625.0,1136.625,1136625.0,1136625.0,1136625.0,1136625.0,1136.625,1136.625,1136.625,1136.625,,,,0.042,0.042,0.0,10.65625,21.3125,,0.0,0.0,/Users/christiankauten/Documents/Projects/Rack/plugins/Fourier/.build/spec012/confirm-03-single-sample/workload-0039-repeat-02.csv,af97d086e0c6e260ea286e7e2f61aabe07ec596f0dc5cd631d2bbb234ae4265d
3aeff8d50243a034,m1-pro-16gb-local,85aebdd80f8d0e942b7e9311441343bedfa8ca35aacc6068d3b344e93ce5043a,aligned,fftw-ols-fir-float,1,0,0,65536,1,1024,0,2048,throughput,48000,0,steady,1,64,spec012-confirm-01,0,17.031982421875,ns/engine-sample,1,65536,1.3653333333333333,64,1116208.0,1116.208,1116208.0,1116208.0,1116208.0,1116208.0,1116.208,1116.208,1116.208,1116.208,,,,0.042,0.042,0.0,10.65625,21.3125,,0.0,0.0,/Users/christiankauten/Documents/Projects/Rack/plugins/Fourier/.build/spec012/confirm-01-single-sample/workload-0044-repeat-00.csv,1efedd2205c18fc2c5167d91bfb4d0d65eb7a6281d9d29d2bcdf762c3b72982a
3aeff8d50243a034,m1-pro-16gb-local,85aebdd80f8d0e942b7e9311441343bedfa8ca35aacc6068d3b344e93ce5043a,aligned,fftw-ols-fir-float,1,0,0,65536,1,1024,0,2048,throughput,48000,0,steady,1,64,spec012-confirm-01,1,16.793563842773438,ns/engine-sample,1,65536,1.3653333333333333,64,1100583.0,1100.583,1100583.0,1100583.0,1100583.0,1100583.0,1100.583,1100.583,1100.583,1100.583,,,,0.042,0.042,0.0,10.65625,21.3125,,0.0,0.0,/Users/christiankauten/Documents/Projects/Rack/plugins/Fourier/.build/spec012/confirm-01-single-sample/workload-0044-repeat-01.csv,97a5fd1cd2222dda1e0520d658eb19c2007ae0382e52240b00f2de5b8f3d2688
3aeff8d50243a034,m1-pro-16gb-local,85aebdd80f8d0e942b7e9311441343bedfa8ca35aacc6068d3b344e93ce5043a,aligned,fftw-ols-fir-float,1,0,0,65536,1,1024,0,2048,throughput,48000,0,steady,1,64,spec012-confirm-01,2,16.969680786132812,ns/engine-sample,1,65536,1.3653333333333333,64,1112125.0,1112.125,1112125.0,1112125.0,1112125.0,1112125.0,1112.125,1112.125,1112.125,1112.125,,,,0.042,0.042,0.0,10.65625,21.3125,,0.0,0.0,/Users/christiankauten/Documents/Projects/Rack/plugins/Fourier/.build/spec012/confirm-01-single-sample/workload-0044-repeat-02.csv,010956174abf2eb10d67d8d6aaa3841810f5b3816604e09f13648d4d6c15e624
3aeff8d50243a034,m1-pro-16gb-local,85aebdd80f8d0e942b7e9311441343bedfa8ca35aacc6068d3b344e93ce5043a,aligned,fftw-ols-fir-float,1,0,0,65536,1,1024,0,2048,throughput,48000,0,steady,1,64,spec012-confirm-02,0,17.088577270507812,ns/engine-sample,1,65536,1.3653333333333333,64,1119917.0,1119.917,1119917.0,1119917.0,1119917.0,1119917.0,1119.917,1119.917,1119.917,1119.917,,,,0.042,0.042,0.0,10.65625,21.3125,,0.0,0.0,/Users/christiankauten/Documents/Projects/Rack/plugins/Fourier/.build/spec012/confirm-02-single-sample/workload-0044-repeat-00.csv,cafcbe117f5a441ddd3b9bdffe4b0a70f296bd1be6849e7a2a8adeda44758980
3aeff8d50243a034,m1-pro-16gb-local,85aebdd80f8d0e942b7e9311441343bedfa8ca35aacc6068d3b344e93ce5043a,aligned,fftw-ols-fir-float,1,0,0,65536,1,1024,0,2048,throughput,48000,0,steady,1,64,spec012-confirm-02,1,17.365142822265625,ns/engine-sample,1,65536,1.3653333333333333,64,1138042.0,1138.042,1138042.0,1138042.0,1138042.0,1138042.0,1138.042,1138.042,1138.042,1138.042,,,,0.042,0.042,0.0,10.65625,21.3125,,0.0,0.0,/Users/christiankauten/Documents/Projects/Rack/plugins/Fourier/.build/spec012/confirm-02-single-sample/workload-0044-repeat-01.csv,0611a15ea9fa78c6852364337d2d4cb33a6f2a0bb2a0276c4613c974ff1e7899
3aeff8d50243a034,m1-pro-16gb-local,85aebdd80f8d0e942b7e9311441343bedfa8ca35aacc6068d3b344e93ce5043a,aligned,fftw-ols-fir-float,1,0,0,65536,1,1024,0,2048,throughput,48000,0,steady,1,64,spec012-confirm-02,2,17.050430297851562,ns/engine-sample,1,65536,1.3653333333333333,64,1117417.0,1117.417,1117417.0,1117417.0,1117417.0,1117417.0,1117.417,1117.417,1117.417,1117.417,,,,0.042,0.042,0.0,10.65625,21.3125,,0.0,0.0,/Users/christiankauten/Documents/Projects/Rack/plugins/Fourier/.build/spec012/confirm-02-single-sample/workload-0044-repeat-02.csv,0a1cdd454066bb59acf2928362782a867ec8f3055c870ecef659ee2520ae2e4b
3aeff8d50243a034,m1-pro-16gb-local,85aebdd80f8d0e942b7e9311441343bedfa8ca35aacc6068d3b344e93ce5043a,aligned,fftw-ols-fir-float,1,0,0,65536,1,1024,0,2048,throughput,48000,0,steady,1,64,spec012-confirm-03,0,17.359420776367188,ns/engine-sample,1,65536,1.3653333333333333,64,1137667.0,1137.667,1137667.0,1137667.0,1137667.0,1137667.0,1137.667,1137.667,1137.667,1137.667,,,,0.042,0.042,0.0,10.65625,21.3125,,0.0,0.0,/Users/christiankauten/Documents/Projects/Rack/plugins/Fourier/.build/spec012/confirm-03-single-sample/workload-0044-repeat-00.csv,38b3cfe7419988f8ad3933905d7454239fb5e462ae84f6b61d6e10e13f471e53
3aeff8d50243a034,m1-pro-16gb-local,85aebdd80f8d0e942b7e9311441343bedfa8ca35aacc6068d3b344e93ce5043a,aligned,fftw-ols-fir-float,1,0,0,65536,1,1024,0,2048,throughput,48000,0,steady,1,64,spec012-confirm-03,1,16.969680786132812,ns/engine-sample,1,65536,1.3653333333333333,64,1112125.0,1112.125,1112125.0,1112125.0,1112125.0,1112125.0,1112.125,1112.125,1112.125,1112.125,,,,0.042,0.084,0.0,10.65625,21.3125,,0.0,0.0,/Users/christiankauten/Documents/Projects/Rack/plugins/Fourier/.build/spec012/confirm-03-single-sample/workload-0044-repeat-01.csv,77e125551a07b5bdb669ac93a359d9a3cb7145d7be3b1b4bf14af0d76090de3f
3aeff8d50243a034,m1-pro-16gb-local,85aebdd80f8d0e942b7e9311441343bedfa8ca35aacc6068d3b344e93ce5043a,aligned,fftw-ols-fir-float,1,0,0,65536,1,1024,0,2048,throughput,48000,0,steady,1,64,spec012-confirm-03,2,17.082855224609375,ns/engine-sample,1,65536,1.3653333333333333,64,1119542.0,1119.542,1119542.0,1119542.0,1119542.0,1119542.0,1119.542,1119.542,1119.542,1119.542,,,,0.042,0.042,0.0,10.65625,21.3125,,0.0,0.0,/Users/christiankauten/Documents/Projects/Rack/plugins/Fourier/.build/spec012/confirm-03-single-sample/workload-0044-repeat-02.csv,25efee639c7d644f436cc440690fba0d0dd6ef33aa1de92fabe4d54f6bcd8be7
3aeff8d50243a034,m1-pro-16gb-local,87b03b7e77c68935c7c1109ec6ab27d68088beae55f7c2e748a98d284920aff5,aligned,fftw-analysis-float,1,0,0,65536,1,1024,0,2048,callback,48000,0,steady,1,64,spec012-confirm-01,0,24.3175048828125,ns/engine-sample,65536,65536,1.3653333333333333,64,1593672.0,1593.672,0.0,42.0,42.0,5625.0,0.0,0.042,0.042,5.625,20.833333333333332,0,0.0,0.042,0.042,0.0,21.322916666666668,,21.322916666666668,0.0,0.0,/Users/christiankauten/Documents/Projects/Rack/plugins/Fourier/.build/spec012/confirm-01-single-sample/workload-0004-repeat-00.csv,d32fa65ab1cf63ffbfc0aa4358689bd084020471657da315e1947377061eedc2
3aeff8d50243a034,m1-pro-16gb-local,87b03b7e77c68935c7c1109ec6ab27d68088beae55f7c2e748a98d284920aff5,aligned,fftw-analysis-float,1,0,0,65536,1,1024,0,2048,callback,48000,0,steady,1,64,spec012-confirm-01,1,25.939926147460938,ns/engine-sample,65536,65536,1.3653333333333333,64,1699999.0,1699.999,0.0,42.0,42.0,6625.0,0.0,0.042,0.042,6.625,20.833333333333332,0,0.0,0.042,0.042,0.0,21.322916666666668,,21.322916666666668,0.0,0.0,/Users/christiankauten/Documents/Projects/Rack/plugins/Fourier/.build/spec012/confirm-01-single-sample/workload-0004-repeat-01.csv,445991a25d49aaf2707f1c3c26aa0cb82ce71dda1a4e6ad53ef661f90b693292
3aeff8d50243a034,m1-pro-16gb-local,87b03b7e77c68935c7c1109ec6ab27d68088beae55f7c2e748a98d284920aff5,aligned,fftw-analysis-float,1,0,0,65536,1,1024,0,2048,callback,48000,0,steady,1,64,spec012-confirm-01,2,25.120162963867188,ns/engine-sample,65536,65536,1.3653333333333333,64,1646275.0,1646.275,0.0,42.0,42.0,6208.0,0.0,0.042,0.042,6.208,20.833333333333332,0,0.0,0.042,0.042,0.0,21.322916666666668,,21.322916666666668,0.0,0.0,/Users/christiankauten/Documents/Projects/Rack/plugins/Fourier/.build/spec012/confirm-01-single-sample/workload-0004-repeat-02.csv,bb41d978b75be21103d19a309d732ddf4d5d0e4904bbd2fbbe726e0293b27a7d
3aeff8d50243a034,m1-pro-16gb-local,87b03b7e77c68935c7c1109ec6ab27d68088beae55f7c2e748a98d284920aff5,aligned,fftw-analysis-float,1,0,0,65536,1,1024,0,2048,callback,48000,0,steady,1,64,spec012-confirm-02,0,24.32452392578125,ns/engine-sample,65536,65536,1.3653333333333333,64,1594132.0,1594.132,0.0,42.0,42.0,5709.0,0.0,0.042,0.042,5.709,20.833333333333332,0,0.0,0.042,0.042,0.0,21.322916666666668,,21.322916666666668,0.0,0.0,/Users/christiankauten/Documents/Projects/Rack/plugins/Fourier/.build/spec012/confirm-02-single-sample/workload-0004-repeat-00.csv,0fbe4890050c15c8cea7078e9759ee2c60f4b551f33f5aa665c330698a426c03
3aeff8d50243a034,m1-pro-16gb-local,87b03b7e77c68935c7c1109ec6ab27d68088beae55f7c2e748a98d284920aff5,aligned,fftw-analysis-float,1,0,0,65536,1,1024,0,2048,callback,48000,0,steady,1,64,spec012-confirm-02,1,24.32989501953125,ns/engine-sample,65536,65536,1.3653333333333333,64,1594484.0,1594.484,0.0,42.0,42.0,5625.0,0.0,0.042,0.042,5.625,20.833333333333332,0,0.0,0.042,0.042,0.0,21.322916666666668,,21.322916666666668,0.0,0.0,/Users/christiankauten/Documents/Projects/Rack/plugins/Fourier/.build/spec012/confirm-02-single-sample/workload-0004-repeat-01.csv,10c9d2bc9918deb4cee84188e1c8c2a37aefe33172148719d7ebbdd330f4e2ff
3aeff8d50243a034,m1-pro-16gb-local,87b03b7e77c68935c7c1109ec6ab27d68088beae55f7c2e748a98d284920aff5,aligned,fftw-analysis-float,1,0,0,65536,1,1024,0,2048,callback,48000,0,steady,1,64,spec012-confirm-02,2,24.252349853515625,ns/engine-sample,65536,65536,1.3653333333333333,64,1589402.0,1589.402,0.0,42.0,42.0,5708.0,0.0,0.042,0.042,5.708,20.833333333333332,0,0.0,0.042,0.125,0.0,21.322916666666668,,21.322916666666668,0.0,0.0,/Users/christiankauten/Documents/Projects/Rack/plugins/Fourier/.build/spec012/confirm-02-single-sample/workload-0004-repeat-02.csv,99f3b82d5ef1031fae64eb07a42274c6bf1eccd20df083e8d94ae483989a072d
3aeff8d50243a034,m1-pro-16gb-local,87b03b7e77c68935c7c1109ec6ab27d68088beae55f7c2e748a98d284920aff5,aligned,fftw-analysis-float,1,0,0,65536,1,1024,0,2048,callback,48000,0,steady,1,64,spec012-confirm-03,0,24.623016357421875,ns/engine-sample,65536,65536,1.3653333333333333,64,1613694.0,1613.694,0.0,42.0,42.0,18542.0,0.0,0.042,0.042,18.542,20.833333333333332,0,0.0,0.042,0.166,0.0,21.322916666666668,,21.322916666666668,0.0,0.0,/Users/christiankauten/Documents/Projects/Rack/plugins/Fourier/.build/spec012/confirm-03-single-sample/workload-0004-repeat-00.csv,8f1b9ac10e419a8f105758c2125a646b56198940f691438f0bc5141d524958c1
3aeff8d50243a034,m1-pro-16gb-local,87b03b7e77c68935c7c1109ec6ab27d68088beae55f7c2e748a98d284920aff5,aligned,fftw-analysis-float,1,0,0,65536,1,1024,0,2048,callback,48000,0,steady,1,64,spec012-confirm-03,1,24.2393798828125,ns/engine-sample,65536,65536,1.3653333333333333,64,1588552.0,1588.552,0.0,42.0,42.0,5667.0,0.0,0.042,0.042,5.667,20.833333333333332,0,0.0,0.042,0.042,0.0,21.322916666666668,,21.322916666666668,0.0,0.0,/Users/christiankauten/Documents/Projects/Rack/plugins/Fourier/.build/spec012/confirm-03-single-sample/workload-0004-repeat-01.csv,82ef1ae1ad2fb06503f96a341751c1ed41a2a6a986b697195a4d3be1d4fec206
3aeff8d50243a034,m1-pro-16gb-local,87b03b7e77c68935c7c1109ec6ab27d68088beae55f7c2e748a98d284920aff5,aligned,fftw-analysis-float,1,0,0,65536,1,1024,0,2048,callback,48000,0,steady,1,64,spec012-confirm-03,2,24.673416137695312,ns/engine-sample,65536,65536,1.3653333333333333,64,1616997.0,1616.997,0.0,42.0,42.0,5709.0,0.0,0.042,0.042,5.709,20.833333333333332,0,0.0,0.042,0.042,0.0,21.322916666666668,,21.322916666666668,0.0,0.0,/Users/christiankauten/Documents/Projects/Rack/plugins/Fourier/.build/spec012/confirm-03-single-sample/workload-0004-repeat-02.csv,ec1d1fddf5ab13674919ba27954a9a56c72a81954432443a308d1eb5eb95b754
3aeff8d50243a034,m1-pro-16gb-local,a4ad6df91e6a8a42d5a4787b2d73229e65f34a0779f7cc7b8350428bf84c4629,aligned,fftw-ols-identity-float,1,0,0,65536,1,1024,0,2048,callback,48000,0,steady,1,64,spec012-confirm-01,0,30.708892822265625,ns/engine-sample,65536,65536,1.3653333333333333,64,2012538.0,2012.538,0.0,42.0,42.0,12125.0,0.0,0.042,0.042,12.125,20.833333333333332,0,0.0,0.042,0.042,0.0,10.65625,21.3125,,0.0,0.0,/Users/christiankauten/Documents/Projects/Rack/plugins/Fourier/.build/spec012/confirm-01-single-sample/workload-0016-repeat-00.csv,c9ac57436ca4b9b372de776f562c25dc6af337afbf43b71dacc9364535ba776f
3aeff8d50243a034,m1-pro-16gb-local,a4ad6df91e6a8a42d5a4787b2d73229e65f34a0779f7cc7b8350428bf84c4629,aligned,fftw-ols-identity-float,1,0,0,65536,1,1024,0,2048,callback,48000,0,steady,1,64,spec012-confirm-01,1,31.142669677734375,ns/engine-sample,65536,65536,1.3653333333333333,64,2040966.0,2040.966,0.0,42.0,42.0,28708.0,0.0,0.042,0.042,28.708,20.833333333333332,1,1.52587890625e-05,0.042,0.042,0.0,10.65625,21.3125,,0.0,0.0,/Users/christiankauten/Documents/Projects/Rack/plugins/Fourier/.build/spec012/confirm-01-single-sample/workload-0016-repeat-01.csv,9987f1c0eadf3fd11a6227699a2d8655c99b97ec784e621ac8ec2af2f0217392
3aeff8d50243a034,m1-pro-16gb-local,a4ad6df91e6a8a42d5a4787b2d73229e65f34a0779f7cc7b8350428bf84c4629,aligned,fftw-ols-identity-float,1,0,0,65536,1,1024,0,2048,callback,48000,0,steady,1,64,spec012-confirm-01,2,30.775436401367188,ns/engine-sample,65536,65536,1.3653333333333333,64,2016899.0,2016.899,0.0,42.0,42.0,12083.0,0.0,0.042,0.042,12.083,20.833333333333332,0,0.0,0.042,0.042,0.0,10.65625,21.3125,,0.0,0.0,/Users/christiankauten/Documents/Projects/Rack/plugins/Fourier/.build/spec012/confirm-01-single-sample/workload-0016-repeat-02.csv,0a531220f92ab31dea233c983e7c2616a0802c96d96d643f7cfe5372bedc2fc8
3aeff8d50243a034,m1-pro-16gb-local,a4ad6df91e6a8a42d5a4787b2d73229e65f34a0779f7cc7b8350428bf84c4629,aligned,fftw-ols-identity-float,1,0,0,65536,1,1024,0,2048,callback,48000,0,steady,1,64,spec012-confirm-02,0,30.877899169921875,ns/engine-sample,65536,65536,1.3653333333333333,64,2023614.0,2023.614,0.0,42.0,42.0,13083.0,0.0,0.042,0.042,13.083,20.833333333333332,0,0.0,0.042,0.042,0.0,10.65625,21.3125,,0.0,0.0,/Users/christiankauten/Documents/Projects/Rack/plugins/Fourier/.build/spec012/confirm-02-single-sample/workload-0016-repeat-00.csv,befeed8f59a80e8d6db5595b32a65d9b1fd8a2bafadbc3f96c07f8971e1d10e0
3aeff8d50243a034,m1-pro-16gb-local,a4ad6df91e6a8a42d5a4787b2d73229e65f34a0779f7cc7b8350428bf84c4629,aligned,fftw-ols-identity-float,1,0,0,65536,1,1024,0,2048,callback,48000,0,steady,1,64,spec012-confirm-02,1,31.62762451171875,ns/engine-sample,65536,65536,1.3653333333333333,64,2072748.0,2072.748,0.0,42.0,42.0,12917.0,0.0,0.042,0.042,12.917,20.833333333333332,0,0.0,0.042,0.042,0.0,10.65625,21.3125,,0.0,0.0,/Users/christiankauten/Documents/Projects/Rack/plugins/Fourier/.build/spec012/confirm-02-single-sample/workload-0016-repeat-01.csv,276fa2b7e14f0c67840405bcbbd46724de42bd3143bc70d1e22e4a58bac31f09
3aeff8d50243a034,m1-pro-16gb-local,a4ad6df91e6a8a42d5a4787b2d73229e65f34a0779f7cc7b8350428bf84c4629,aligned,fftw-ols-identity-float,1,0,0,65536,1,1024,0,2048,callback,48000,0,steady,1,64,spec012-confirm-02,2,31.766799926757812,ns/engine-sample,65536,65536,1.3653333333333333,64,2081869.0,2081.869,0.0,42.0,42.0,19875.0,0.0,0.042,0.042,19.875,20.833333333333332,0,0.0,0.042,0.042,0.0,10.65625,21.3125,,0.0,0.0,/Users/christiankauten/Documents/Projects/Rack/plugins/Fourier/.build/spec012/confirm-02-single-sample/workload-0016-repeat-02.csv,37b7084391b6bd75833605c8b8cac764d46e51c92fbbf555cbb3f8db5ea175ae
3aeff8d50243a034,m1-pro-16gb-local,a4ad6df91e6a8a42d5a4787b2d73229e65f34a0779f7cc7b8350428bf84c4629,aligned,fftw-ols-identity-float,1,0,0,65536,1,1024,0,2048,callback,48000,0,steady,1,64,spec012-confirm-03,0,31.673568725585938,ns/engine-sample,65536,65536,1.3653333333333333,64,2075759.0,2075.759,0.0,42.0,42.0,12542.0,0.0,0.042,0.042,12.542,20.833333333333332,0,0.0,0.042,0.083,0.0,10.65625,21.3125,,0.0,0.0,/Users/christiankauten/Documents/Projects/Rack/plugins/Fourier/.build/spec012/confirm-03-single-sample/workload-0016-repeat-00.csv,368d9409a53885300fa5598f595ea13b6650f9c6a1448a2eeb2b72cb664b4314
3aeff8d50243a034,m1-pro-16gb-local,a4ad6df91e6a8a42d5a4787b2d73229e65f34a0779f7cc7b8350428bf84c4629,aligned,fftw-ols-identity-float,1,0,0,65536,1,1024,0,2048,callback,48000,0,steady,1,64,spec012-confirm-03,1,31.583770751953125,ns/engine-sample,65536,65536,1.3653333333333333,64,2069874.0,2069.874,0.0,42.0,42.0,45375.0,0.0,0.042,0.042,45.375,20.833333333333332,1,1.52587890625e-05,0.042,0.083,0.0,10.65625,21.3125,,0.0,0.0,/Users/christiankauten/Documents/Projects/Rack/plugins/Fourier/.build/spec012/confirm-03-single-sample/workload-0016-repeat-01.csv,98a58c4ecb79796a719b1c0982843d45d5ac86da9025d4c491f0fbd0de0d5139
3aeff8d50243a034,m1-pro-16gb-local,a4ad6df91e6a8a42d5a4787b2d73229e65f34a0779f7cc7b8350428bf84c4629,aligned,fftw-ols-identity-float,1,0,0,65536,1,1024,0,2048,callback,48000,0,steady,1,64,spec012-confirm-03,2,31.96173095703125,ns/engine-sample,65536,65536,1.3653333333333333,64,2094644.0,2094.644,0.0,42.0,42.0,19250.0,0.0,0.042,0.042,19.25,20.833333333333332,0,0.0,0.042,0.042,0.0,10.65625,21.3125,,0.0,0.0,/Users/christiankauten/Documents/Projects/Rack/plugins/Fourier/.build/spec012/confirm-03-single-sample/workload-0016-repeat-02.csv,4cc24dd8e341c314bb2f565bcdc6c74687135e2412f5a2aa914ba5d0f3280b2f
3aeff8d50243a034,m1-pro-16gb-local,a8fa439e98a0bd4b9c5f068de3328a88eda98062949a4bebea79eb0090c96b70,aligned,pffft-hybrid-float,1,0,0,65536,1,1024,0,2048,callback,48000,0,steady,1,64,spec012-confirm-01,0,24.543792724609375,ns/engine-sample,65536,65536,1.3653333333333333,64,1608502.0,1608.502,41.0,42.0,42.0,1917.0,0.041,0.042,0.042,1.917,20.833333333333332,0,0.0,0.042,0.042,21.3125,21.322916666666668,,42.63541666666667,21.3125,21.3125,/Users/christiankauten/Documents/Projects/Rack/plugins/Fourier/.build/spec012/confirm-01-single-sample/workload-0007-repeat-00.csv,e1f7f00cd4f9ddeceb1228ae0c16be18ffb7248d85a0af35572debee57b70990
3aeff8d50243a034,m1-pro-16gb-local,a8fa439e98a0bd4b9c5f068de3328a88eda98062949a4bebea79eb0090c96b70,aligned,pffft-hybrid-float,1,0,0,65536,1,1024,0,2048,callback,48000,0,steady,1,64,spec012-confirm-01,1,24.419509887695312,ns/engine-sample,65536,65536,1.3653333333333333,64,1600357.0,1600.357,41.0,42.0,42.0,1917.0,0.041,0.042,0.042,1.917,20.833333333333332,0,0.0,0.042,0.083,21.3125,21.322916666666668,,42.63541666666667,21.3125,21.3125,/Users/christiankauten/Documents/Projects/Rack/plugins/Fourier/.build/spec012/confirm-01-single-sample/workload-0007-repeat-01.csv,af57965d8194e57ecc5a26441bd7ebbcd89f07802e4bced43c92e2bbcc7a9eb5
3aeff8d50243a034,m1-pro-16gb-local,a8fa439e98a0bd4b9c5f068de3328a88eda98062949a4bebea79eb0090c96b70,aligned,pffft-hybrid-float,1,0,0,65536,1,1024,0,2048,callback,48000,0,steady,1,64,spec012-confirm-01,2,25.308029174804688,ns/engine-sample,65536,65536,1.3653333333333333,64,1658587.0,1658.587,41.0,42.0,42.0,2209.0,0.041,0.042,0.042,2.209,20.833333333333332,0,0.0,0.042,0.083,21.3125,21.322916666666668,,42.63541666666667,21.3125,21.3125,/Users/christiankauten/Documents/Projects/Rack/plugins/Fourier/.build/spec012/confirm-01-single-sample/workload-0007-repeat-02.csv,9b4878e85ae9b8795218d31bd42be1350c0ea4a0578a8b56f5ea7256484304f4
3aeff8d50243a034,m1-pro-16gb-local,a8fa439e98a0bd4b9c5f068de3328a88eda98062949a4bebea79eb0090c96b70,aligned,pffft-hybrid-float,1,0,0,65536,1,1024,0,2048,callback,48000,0,steady,1,64,spec012-confirm-02,0,25.104415893554688,ns/engine-sample,65536,65536,1.3653333333333333,64,1645243.0,1645.243,41.0,42.0,42.0,31625.0,0.041,0.042,0.042,31.625,20.833333333333332,1,1.52587890625e-05,0.042,0.125,21.3125,21.322916666666668,,42.63541666666667,21.3125,21.3125,/Users/christiankauten/Documents/Projects/Rack/plugins/Fourier/.build/spec012/confirm-02-single-sample/workload-0007-repeat-00.csv,90409e004702e0f6a0b96020cc03ed62e2bc17e08bb059514b014de00aa6e4d7
3aeff8d50243a034,m1-pro-16gb-local,a8fa439e98a0bd4b9c5f068de3328a88eda98062949a4bebea79eb0090c96b70,aligned,pffft-hybrid-float,1,0,0,65536,1,1024,0,2048,callback,48000,0,steady,1,64,spec012-confirm-02,1,25.2110595703125,ns/engine-sample,65536,65536,1.3653333333333333,64,1652232.0,1652.232,41.0,42.0,42.0,25917.0,0.041,0.042,0.042,25.917,20.833333333333332,1,1.52587890625e-05,0.042,0.042,21.3125,21.322916666666668,,42.63541666666667,21.3125,21.3125,/Users/christiankauten/Documents/Projects/Rack/plugins/Fourier/.build/spec012/confirm-02-single-sample/workload-0007-repeat-01.csv,9e8472d8681b1b34e58e7d1b868e9878a0e158e65b8388c8085b28847a345270
3aeff8d50243a034,m1-pro-16gb-local,a8fa439e98a0bd4b9c5f068de3328a88eda98062949a4bebea79eb0090c96b70,aligned,pffft-hybrid-float,1,0,0,65536,1,1024,0,2048,callback,48000,0,steady,1,64,spec012-confirm-02,2,24.582260131835938,ns/engine-sample,65536,65536,1.3653333333333333,64,1611023.0,1611.023,41.0,42.0,42.0,1959.0,0.041,0.042,0.042,1.959,20.833333333333332,0,0.0,0.042,0.042,21.3125,21.322916666666668,,42.63541666666667,21.3125,21.3125,/Users/christiankauten/Documents/Projects/Rack/plugins/Fourier/.build/spec012/confirm-02-single-sample/workload-0007-repeat-02.csv,84cfdd62a10274a6c315ba77bc1c35ae812708285f0d53ea42567c24a8a68a5d
3aeff8d50243a034,m1-pro-16gb-local,a8fa439e98a0bd4b9c5f068de3328a88eda98062949a4bebea79eb0090c96b70,aligned,pffft-hybrid-float,1,0,0,65536,1,1024,0,2048,callback,48000,0,steady,1,64,spec012-confirm-03,0,24.907730102539062,ns/engine-sample,65536,65536,1.3653333333333333,64,1632353.0,1632.353,41.0,42.0,42.0,1917.0,0.041,0.042,0.042,1.917,20.833333333333332,0,0.0,0.042,0.042,21.3125,21.322916666666668,,42.63541666666667,21.3125,21.3125,/Users/christiankauten/Documents/Projects/Rack/plugins/Fourier/.build/spec012/confirm-03-single-sample/workload-0007-repeat-00.csv,8f6cb6ce2200e239b0981dfe808f63cdd30511ad46e79038b1b2cfcb4f17681b
3aeff8d50243a034,m1-pro-16gb-local,a8fa439e98a0bd4b9c5f068de3328a88eda98062949a4bebea79eb0090c96b70,aligned,pffft-hybrid-float,1,0,0,65536,1,1024,0,2048,callback,48000,0,steady,1,64,spec012-confirm-03,1,24.659912109375,ns/engine-sample,65536,65536,1.3653333333333333,64,1616112.0,1616.112,41.0,42.0,42.0,2083.0,0.041,0.042,0.042,2.083,20.833333333333332,0,0.0,0.042,0.125,21.3125,21.322916666666668,,42.63541666666667,21.3125,21.3125,/Users/christiankauten/Documents/Projects/Rack/plugins/Fourier/.build/spec012/confirm-03-single-sample/workload-0007-repeat-01.csv,444cb8b5f622f4b50fca3578ca9fc67becedf951610bb0c48aafe81cef25cab9
3aeff8d50243a034,m1-pro-16gb-local,a8fa439e98a0bd4b9c5f068de3328a88eda98062949a4bebea79eb0090c96b70,aligned,pffft-hybrid-float,1,0,0,65536,1,1024,0,2048,callback,48000,0,steady,1,64,spec012-confirm-03,2,24.425308227539062,ns/engine-sample,65536,65536,1.3653333333333333,64,1600737.0,1600.737,41.0,42.0,42.0,1958.0,0.041,0.042,0.042,1.958,20.833333333333332,0,0.0,0.042,0.042,21.3125,21.322916666666668,,42.63541666666667,21.3125,21.3125,/Users/christiankauten/Documents/Projects/Rack/plugins/Fourier/.build/spec012/confirm-03-single-sample/workload-0007-repeat-02.csv,b6ae269046e6508b2b503cdfbce5bf06d17b7f0cd78a39438c058a2e49757b6b
3aeff8d50243a034,m1-pro-16gb-local,aa746b7ed398fbbe0fdacbec227224e34a8c80f6a1f4867acfd0c766da6d9545,aligned,vdsp-analysis-float,1,0,0,65536,1,1024,0,2048,throughput,48000,0,steady,1,64,spec012-confirm-01,0,9.6588134765625,ns/engine-sample,1,65536,1.3653333333333333,64,633000.0,633.0,633000.0,633000.0,633000.0,633000.0,633.0,633.0,633.0,633.0,,,,0.042,0.042,0.0,21.322916666666668,,21.322916666666668,0.0,0.0,/Users/christiankauten/Documents/Projects/Rack/plugins/Fourier/.build/spec012/confirm-01-single-sample/workload-0028-repeat-00.csv,7bc4eb5d90dae233ad663b4dbe2343dbf25b94bdc2d68b3633d50914879c321d
3aeff8d50243a034,m1-pro-16gb-local,aa746b7ed398fbbe0fdacbec227224e34a8c80f6a1f4867acfd0c766da6d9545,aligned,vdsp-analysis-float,1,0,0,65536,1,1024,0,2048,throughput,48000,0,steady,1,64,spec012-confirm-01,1,9.5977783203125,ns/engine-sample,1,65536,1.3653333333333333,64,629000.0,629.0,629000.0,629000.0,629000.0,629000.0,629.0,629.0,629.0,629.0,,,,0.042,0.042,0.0,21.322916666666668,,21.322916666666668,0.0,0.0,/Users/christiankauten/Documents/Projects/Rack/plugins/Fourier/.build/spec012/confirm-01-single-sample/workload-0028-repeat-01.csv,cf0773d1f42f91b717d9c8a05a0239df0d6f543044907536ba39a5acef6e051f
3aeff8d50243a034,m1-pro-16gb-local,aa746b7ed398fbbe0fdacbec227224e34a8c80f6a1f4867acfd0c766da6d9545,aligned,vdsp-analysis-float,1,0,0,65536,1,1024,0,2048,throughput,48000,0,steady,1,64,spec012-confirm-01,2,9.575515747070312,ns/engine-sample,1,65536,1.3653333333333333,64,627541.0,627.541,627541.0,627541.0,627541.0,627541.0,627.541,627.541,627.541,627.541,,,,0.042,0.042,0.0,21.322916666666668,,21.322916666666668,0.0,0.0,/Users/christiankauten/Documents/Projects/Rack/plugins/Fourier/.build/spec012/confirm-01-single-sample/workload-0028-repeat-02.csv,ab4f5c0dc1998cece63002a3d3bc9b216de9f48743241a70eedbd5f11ff5e2d7
3aeff8d50243a034,m1-pro-16gb-local,aa746b7ed398fbbe0fdacbec227224e34a8c80f6a1f4867acfd0c766da6d9545,aligned,vdsp-analysis-float,1,0,0,65536,1,1024,0,2048,throughput,48000,0,steady,1,64,spec012-confirm-02,0,9.67724609375,ns/engine-sample,1,65536,1.3653333333333333,64,634208.0,634.208,634208.0,634208.0,634208.0,634208.0,634.208,634.208,634.208,634.208,,,,0.042,0.042,0.0,21.322916666666668,,21.322916666666668,0.0,0.0,/Users/christiankauten/Documents/Projects/Rack/plugins/Fourier/.build/spec012/confirm-02-single-sample/workload-0028-repeat-00.csv,1706eb3e537982dbf5bb399cae1d4c01932492071b90b6cbcad077206af0ca88
3aeff8d50243a034,m1-pro-16gb-local,aa746b7ed398fbbe0fdacbec227224e34a8c80f6a1f4867acfd0c766da6d9545,aligned,vdsp-analysis-float,1,0,0,65536,1,1024,0,2048,throughput,48000,0,steady,1,64,spec012-confirm-02,1,9.674072265625,ns/engine-sample,1,65536,1.3653333333333333,64,634000.0,634.0,634000.0,634000.0,634000.0,634000.0,634.0,634.0,634.0,634.0,,,,0.042,0.083,0.0,21.322916666666668,,21.322916666666668,0.0,0.0,/Users/christiankauten/Documents/Projects/Rack/plugins/Fourier/.build/spec012/confirm-02-single-sample/workload-0028-repeat-01.csv,6df49fd9f2324b727df6dfe1b9e3568a67bd88ab55e0b5caa0973d780c41452d
3aeff8d50243a034,m1-pro-16gb-local,aa746b7ed398fbbe0fdacbec227224e34a8c80f6a1f4867acfd0c766da6d9545,aligned,vdsp-analysis-float,1,0,0,65536,1,1024,0,2048,throughput,48000,0,steady,1,64,spec012-confirm-02,2,9.658187866210938,ns/engine-sample,1,65536,1.3653333333333333,64,632959.0,632.959,632959.0,632959.0,632959.0,632959.0,632.959,632.959,632.959,632.959,,,,0.042,0.042,0.0,21.322916666666668,,21.322916666666668,0.0,0.0,/Users/christiankauten/Documents/Projects/Rack/plugins/Fourier/.build/spec012/confirm-02-single-sample/workload-0028-repeat-02.csv,9b2a5d1f973b3620dd756bddd1f306320d1ee80d6498a3ab82090a8ba474e728
3aeff8d50243a034,m1-pro-16gb-local,aa746b7ed398fbbe0fdacbec227224e34a8c80f6a1f4867acfd0c766da6d9545,aligned,vdsp-analysis-float,1,0,0,65536,1,1024,0,2048,throughput,48000,0,steady,1,64,spec012-confirm-03,0,11.564254760742188,ns/engine-sample,1,65536,1.3653333333333333,64,757875.0,757.875,757875.0,757875.0,757875.0,757875.0,757.875,757.875,757.875,757.875,,,,0.042,0.084,0.0,21.322916666666668,,21.322916666666668,0.0,0.0,/Users/christiankauten/Documents/Projects/Rack/plugins/Fourier/.build/spec012/confirm-03-single-sample/workload-0028-repeat-00.csv,3cc2f8d935a87f38b22ecd50ead91dc5f49d054838d53076ce0a9ec3dd9424dc
3aeff8d50243a034,m1-pro-16gb-local,aa746b7ed398fbbe0fdacbec227224e34a8c80f6a1f4867acfd0c766da6d9545,aligned,vdsp-analysis-float,1,0,0,65536,1,1024,0,2048,throughput,48000,0,steady,1,64,spec012-confirm-03,1,11.4320068359375,ns/engine-sample,1,65536,1.3653333333333333,64,749208.0,749.208,749208.0,749208.0,749208.0,749208.0,749.208,749.208,749.208,749.208,,,,0.042,0.125,0.0,21.322916666666668,,21.322916666666668,0.0,0.0,/Users/christiankauten/Documents/Projects/Rack/plugins/Fourier/.build/spec012/confirm-03-single-sample/workload-0028-repeat-01.csv,6118271d9a3e5b85f0fbd035a59462cbb5772af4bb683803ea9649d07a906ad7
3aeff8d50243a034,m1-pro-16gb-local,aa746b7ed398fbbe0fdacbec227224e34a8c80f6a1f4867acfd0c766da6d9545,aligned,vdsp-analysis-float,1,0,0,65536,1,1024,0,2048,throughput,48000,0,steady,1,64,spec012-confirm-03,2,9.56854248046875,ns/engine-sample,1,65536,1.3653333333333333,64,627084.0,627.084,627084.0,627084.0,627084.0,627084.0,627.084,627.084,627.084,627.084,,,,0.042,0.042,0.0,21.322916666666668,,21.322916666666668,0.0,0.0,/Users/christiankauten/Documents/Projects/Rack/plugins/Fourier/.build/spec012/confirm-03-single-sample/workload-0028-repeat-02.csv,a823c8b37b7dc9224a8c12157780884bcec67f297b6587f712ac7c0cdbee3ecc
3aeff8d50243a034,m1-pro-16gb-local,afd2baec87c7b2adedfbbb068c0a666ad87bd7925e2ef39b6b70c1dc8b44bea8,aligned,fftw-inverse-float,1,0,0,65536,1,1024,0,2048,throughput,48000,0,steady,1,64,spec012-confirm-01,0,9.737014770507812,ns/engine-sample,1,65536,1.3653333333333333,64,638125.0,638.125,638125.0,638125.0,638125.0,638125.0,638.125,638.125,638.125,638.125,,,,0.042,0.042,0.0,0.0,,,0.0,0.0,/Users/christiankauten/Documents/Projects/Rack/plugins/Fourier/.build/spec012/confirm-01-single-sample/workload-0034-repeat-00.csv,a0a52c2482a66f7fde3309c024f7e396be70897cbfde72a47d8e63a54cdf0c77
3aeff8d50243a034,m1-pro-16gb-local,afd2baec87c7b2adedfbbb068c0a666ad87bd7925e2ef39b6b70c1dc8b44bea8,aligned,fftw-inverse-float,1,0,0,65536,1,1024,0,2048,throughput,48000,0,steady,1,64,spec012-confirm-01,1,9.634017944335938,ns/engine-sample,1,65536,1.3653333333333333,64,631375.0,631.375,631375.0,631375.0,631375.0,631375.0,631.375,631.375,631.375,631.375,,,,0.042,0.042,0.0,0.0,,,0.0,0.0,/Users/christiankauten/Documents/Projects/Rack/plugins/Fourier/.build/spec012/confirm-01-single-sample/workload-0034-repeat-01.csv,4b47f3ac367e8ebb7a0c083edabae86efa26f2ca9105570e05f0be408622604e
3aeff8d50243a034,m1-pro-16gb-local,afd2baec87c7b2adedfbbb068c0a666ad87bd7925e2ef39b6b70c1dc8b44bea8,aligned,fftw-inverse-float,1,0,0,65536,1,1024,0,2048,throughput,48000,0,steady,1,64,spec012-confirm-01,2,9.676620483398438,ns/engine-sample,1,65536,1.3653333333333333,64,634167.0,634.167,634167.0,634167.0,634167.0,634167.0,634.167,634.167,634.167,634.167,,,,0.042,0.042,0.0,0.0,,,0.0,0.0,/Users/christiankauten/Documents/Projects/Rack/plugins/Fourier/.build/spec012/confirm-01-single-sample/workload-0034-repeat-02.csv,43b3a497941496a6816170b735a8c005c112dc752ed7c2e8eb2480c449568912
3aeff8d50243a034,m1-pro-16gb-local,afd2baec87c7b2adedfbbb068c0a666ad87bd7925e2ef39b6b70c1dc8b44bea8,aligned,fftw-inverse-float,1,0,0,65536,1,1024,0,2048,throughput,48000,0,steady,1,64,spec012-confirm-02,0,9.733200073242188,ns/engine-sample,1,65536,1.3653333333333333,64,637875.0,637.875,637875.0,637875.0,637875.0,637875.0,637.875,637.875,637.875,637.875,,,,0.042,0.042,0.0,0.0,,,0.0,0.0,/Users/christiankauten/Documents/Projects/Rack/plugins/Fourier/.build/spec012/confirm-02-single-sample/workload-0034-repeat-00.csv,8407414589549fbb91393240386ed2efc695d6c204c35464627cb582290d71eb
3aeff8d50243a034,m1-pro-16gb-local,afd2baec87c7b2adedfbbb068c0a666ad87bd7925e2ef39b6b70c1dc8b44bea8,aligned,fftw-inverse-float,1,0,0,65536,1,1024,0,2048,throughput,48000,0,steady,1,64,spec012-confirm-02,1,9.668350219726562,ns/engine-sample,1,65536,1.3653333333333333,64,633625.0,633.625,633625.0,633625.0,633625.0,633625.0,633.625,633.625,633.625,633.625,,,,0.042,0.042,0.0,0.0,,,0.0,0.0,/Users/christiankauten/Documents/Projects/Rack/plugins/Fourier/.build/spec012/confirm-02-single-sample/workload-0034-repeat-01.csv,1ea18aebde18443c216f19f00f025f10f1a2395aea0d52998fa43cd7676f81b1
3aeff8d50243a034,m1-pro-16gb-local,afd2baec87c7b2adedfbbb068c0a666ad87bd7925e2ef39b6b70c1dc8b44bea8,aligned,fftw-inverse-float,1,0,0,65536,1,1024,0,2048,throughput,48000,0,steady,1,64,spec012-confirm-02,2,9.642913818359375,ns/engine-sample,1,65536,1.3653333333333333,64,631958.0,631.958,631958.0,631958.0,631958.0,631958.0,631.958,631.958,631.958,631.958,,,,0.042,0.042,0.0,0.0,,,0.0,0.0,/Users/christiankauten/Documents/Projects/Rack/plugins/Fourier/.build/spec012/confirm-02-single-sample/workload-0034-repeat-02.csv,bcbf7d70bc5556eb488e6d6f12a63c3b9ab84b7e8cca50193b5f8f875c226687
3aeff8d50243a034,m1-pro-16gb-local,afd2baec87c7b2adedfbbb068c0a666ad87bd7925e2ef39b6b70c1dc8b44bea8,aligned,fftw-inverse-float,1,0,0,65536,1,1024,0,2048,throughput,48000,0,steady,1,64,spec012-confirm-03,0,9.663894653320312,ns/engine-sample,1,65536,1.3653333333333333,64,633333.0,633.333,633333.0,633333.0,633333.0,633333.0,633.333,633.333,633.333,633.333,,,,0.042,0.042,0.0,0.0,,,0.0,0.0,/Users/christiankauten/Documents/Projects/Rack/plugins/Fourier/.build/spec012/confirm-03-single-sample/workload-0034-repeat-00.csv,1ec8def649eaca844b3f462134081f9127830357bad86673c10b51773db6a6fd
3aeff8d50243a034,m1-pro-16gb-local,afd2baec87c7b2adedfbbb068c0a666ad87bd7925e2ef39b6b70c1dc8b44bea8,aligned,fftw-inverse-float,1,0,0,65536,1,1024,0,2048,throughput,48000,0,steady,1,64,spec012-confirm-03,1,9.6556396484375,ns/engine-sample,1,65536,1.3653333333333333,64,632792.0,632.792,632792.0,632792.0,632792.0,632792.0,632.792,632.792,632.792,632.792,,,,0.042,0.042,0.0,0.0,,,0.0,0.0,/Users/christiankauten/Documents/Projects/Rack/plugins/Fourier/.build/spec012/confirm-03-single-sample/workload-0034-repeat-01.csv,9253945f961c6575ec4eda44dc108347fc4cc98b15b0f6419ebfb0ab60cedf7a
3aeff8d50243a034,m1-pro-16gb-local,afd2baec87c7b2adedfbbb068c0a666ad87bd7925e2ef39b6b70c1dc8b44bea8,aligned,fftw-inverse-float,1,0,0,65536,1,1024,0,2048,throughput,48000,0,steady,1,64,spec012-confirm-03,2,9.6282958984375,ns/engine-sample,1,65536,1.3653333333333333,64,631000.0,631.0,631000.0,631000.0,631000.0,631000.0,631.0,631.0,631.0,631.0,,,,0.042,0.042,0.0,0.0,,,0.0,0.0,/Users/christiankauten/Documents/Projects/Rack/plugins/Fourier/.build/spec012/confirm-03-single-sample/workload-0034-repeat-02.csv,251430324bbc92ee97b917185909d45b17f690385d9af9ab10f32ae709384462
3aeff8d50243a034,m1-pro-16gb-local,b893917263d2509118b4cfb1515d8f3585364559236cf8302f38fd3f0d0f42e0,aligned,pffft-hybrid-float,1,0,0,65536,1,1024,0,2048,throughput,48000,0,steady,1,64,spec012-confirm-01,0,15.834808349609375,ns/engine-sample,1,65536,1.3653333333333333,64,1037750.0,1037.75,1037750.0,1037750.0,1037750.0,1037750.0,1037.75,1037.75,1037.75,1037.75,,,,0.042,0.083,21.3125,21.322916666666668,,42.63541666666667,21.3125,21.3125,/Users/christiankauten/Documents/Projects/Rack/plugins/Fourier/.build/spec012/confirm-01-single-sample/workload-0030-repeat-00.csv,5ebd2cd8bb10a68804637071818ea2ce6365c672a4b66d181c61aa4ee9a31fea
3aeff8d50243a034,m1-pro-16gb-local,b893917263d2509118b4cfb1515d8f3585364559236cf8302f38fd3f0d0f42e0,aligned,pffft-hybrid-float,1,0,0,65536,1,1024,0,2048,throughput,48000,0,steady,1,64,spec012-confirm-01,1,16.015365600585938,ns/engine-sample,1,65536,1.3653333333333333,64,1049583.0,1049.583,1049583.0,1049583.0,1049583.0,1049583.0,1049.583,1049.583,1049.583,1049.583,,,,0.042,0.042,21.3125,21.322916666666668,,42.63541666666667,21.3125,21.3125,/Users/christiankauten/Documents/Projects/Rack/plugins/Fourier/.build/spec012/confirm-01-single-sample/workload-0030-repeat-01.csv,d5da68bc7259ec0ce64420e367bece455f1fa6b1b4e46f6322cb6158d9717c82
3aeff8d50243a034,m1-pro-16gb-local,b893917263d2509118b4cfb1515d8f3585364559236cf8302f38fd3f0d0f42e0,aligned,pffft-hybrid-float,1,0,0,65536,1,1024,0,2048,throughput,48000,0,steady,1,64,spec012-confirm-01,2,15.986770629882812,ns/engine-sample,1,65536,1.3653333333333333,64,1047709.0,1047.709,1047709.0,1047709.0,1047709.0,1047709.0,1047.709,1047.709,1047.709,1047.709,,,,0.042,0.042,21.3125,21.322916666666668,,42.63541666666667,21.3125,21.3125,/Users/christiankauten/Documents/Projects/Rack/plugins/Fourier/.build/spec012/confirm-01-single-sample/workload-0030-repeat-02.csv,ebf6eb33c09a912d9efc58ecc8bb518b8514db4c506a2ddcbef30b118625e40b
3aeff8d50243a034,m1-pro-16gb-local,b893917263d2509118b4cfb1515d8f3585364559236cf8302f38fd3f0d0f42e0,aligned,pffft-hybrid-float,1,0,0,65536,1,1024,0,2048,throughput,48000,0,steady,1,64,spec012-confirm-02,0,15.90283203125,ns/engine-sample,1,65536,1.3653333333333333,64,1042208.0,1042.208,1042208.0,1042208.0,1042208.0,1042208.0,1042.208,1042.208,1042.208,1042.208,,,,0.042,0.042,21.3125,21.322916666666668,,42.63541666666667,21.3125,21.3125,/Users/christiankauten/Documents/Projects/Rack/plugins/Fourier/.build/spec012/confirm-02-single-sample/workload-0030-repeat-00.csv,1c237504cef523faae997a5dc98488e8909268af82264e9da3ea8cc9aca35b70
3aeff8d50243a034,m1-pro-16gb-local,b893917263d2509118b4cfb1515d8f3585364559236cf8302f38fd3f0d0f42e0,aligned,pffft-hybrid-float,1,0,0,65536,1,1024,0,2048,throughput,48000,0,steady,1,64,spec012-confirm-02,1,16.360595703125,ns/engine-sample,1,65536,1.3653333333333333,64,1072208.0,1072.208,1072208.0,1072208.0,1072208.0,1072208.0,1072.208,1072.208,1072.208,1072.208,,,,0.042,0.042,21.3125,21.322916666666668,,42.63541666666667,21.3125,21.3125,/Users/christiankauten/Documents/Projects/Rack/plugins/Fourier/.build/spec012/confirm-02-single-sample/workload-0030-repeat-01.csv,6016fe18995e86e15e72e6a8b1e198301cc5e285f5d06bea06274709874f53e5
3aeff8d50243a034,m1-pro-16gb-local,b893917263d2509118b4cfb1515d8f3585364559236cf8302f38fd3f0d0f42e0,aligned,pffft-hybrid-float,1,0,0,65536,1,1024,0,2048,throughput,48000,0,steady,1,64,spec012-confirm-02,2,16.908645629882812,ns/engine-sample,1,65536,1.3653333333333333,64,1108125.0,1108.125,1108125.0,1108125.0,1108125.0,1108125.0,1108.125,1108.125,1108.125,1108.125,,,,0.042,0.042,21.3125,21.322916666666668,,42.63541666666667,21.3125,21.3125,/Users/christiankauten/Documents/Projects/Rack/plugins/Fourier/.build/spec012/confirm-02-single-sample/workload-0030-repeat-02.csv,5601a7d91f72508483a8463937ca8a991745d1c9cf0f9174199e3d868da7c986
3aeff8d50243a034,m1-pro-16gb-local,b893917263d2509118b4cfb1515d8f3585364559236cf8302f38fd3f0d0f42e0,aligned,pffft-hybrid-float,1,0,0,65536,1,1024,0,2048,throughput,48000,0,steady,1,64,spec012-confirm-03,0,15.867874145507812,ns/engine-sample,1,65536,1.3653333333333333,64,1039917.0,1039.917,1039917.0,1039917.0,1039917.0,1039917.0,1039.917,1039.917,1039.917,1039.917,,,,0.042,0.083,21.3125,21.322916666666668,,42.63541666666667,21.3125,21.3125,/Users/christiankauten/Documents/Projects/Rack/plugins/Fourier/.build/spec012/confirm-03-single-sample/workload-0030-repeat-00.csv,2d3909321987dcedbdac6f8dda0b8fedf4d5f9cb8e8c43e88df609bf69385df0
3aeff8d50243a034,m1-pro-16gb-local,b893917263d2509118b4cfb1515d8f3585364559236cf8302f38fd3f0d0f42e0,aligned,pffft-hybrid-float,1,0,0,65536,1,1024,0,2048,throughput,48000,0,steady,1,64,spec012-confirm-03,1,16.5010986328125,ns/engine-sample,1,65536,1.3653333333333333,64,1081416.0,1081.416,1081416.0,1081416.0,1081416.0,1081416.0,1081.416,1081.416,1081.416,1081.416,,,,0.042,0.042,21.3125,21.322916666666668,,42.63541666666667,21.3125,21.3125,/Users/christiankauten/Documents/Projects/Rack/plugins/Fourier/.build/spec012/confirm-03-single-sample/workload-0030-repeat-01.csv,f59d72951184db5771532b4e0fe7f51bb80ce2df8ff9b6df2ce46c3fcfe51d00
3aeff8d50243a034,m1-pro-16gb-local,b893917263d2509118b4cfb1515d8f3585364559236cf8302f38fd3f0d0f42e0,aligned,pffft-hybrid-float,1,0,0,65536,1,1024,0,2048,throughput,48000,0,steady,1,64,spec012-confirm-03,2,15.962600708007812,ns/engine-sample,1,65536,1.3653333333333333,64,1046125.0,1046.125,1046125.0,1046125.0,1046125.0,1046125.0,1046.125,1046.125,1046.125,1046.125,,,,0.042,0.042,21.3125,21.322916666666668,,42.63541666666667,21.3125,21.3125,/Users/christiankauten/Documents/Projects/Rack/plugins/Fourier/.build/spec012/confirm-03-single-sample/workload-0030-repeat-02.csv,7db2d2be08a6ba318b3bfa9de81ba7b9d329056f84178f3a96e5493611fc6aff
3aeff8d50243a034,m1-pro-16gb-local,bae613077f2da7789eab7f0409ae84c5aec2f1e4070aa4806d228ed0794a048b,aligned,legacy-incremental-float,1,0,0,65536,1,1024,0,2048,callback,48000,0,steady,1,64,spec012-confirm-01,0,28.3045654296875,ns/engine-sample,65536,65536,1.3653333333333333,64,1854968.0,1854.968,41.0,42.0,42.0,3042.0,0.041,0.042,0.042,3.042,20.833333333333332,0,0.0,0.042,0.042,21.3125,21.322916666666668,,42.63541666666667,21.3125,21.3125,/Users/christiankauten/Documents/Projects/Rack/plugins/Fourier/.build/spec012/confirm-01-single-sample/workload-0002-repeat-00.csv,3f0256ea406de3921a0e660fbb5c3dabb53ac42799a327602286f20091b8ba33
3aeff8d50243a034,m1-pro-16gb-local,bae613077f2da7789eab7f0409ae84c5aec2f1e4070aa4806d228ed0794a048b,aligned,legacy-incremental-float,1,0,0,65536,1,1024,0,2048,callback,48000,0,steady,1,64,spec012-confirm-01,1,28.241500854492188,ns/engine-sample,65536,65536,1.3653333333333333,64,1850835.0,1850.835,41.0,42.0,42.0,3000.0,0.041,0.042,0.042,3.0,20.833333333333332,0,0.0,0.042,0.042,21.3125,21.322916666666668,,42.63541666666667,21.3125,21.3125,/Users/christiankauten/Documents/Projects/Rack/plugins/Fourier/.build/spec012/confirm-01-single-sample/workload-0002-repeat-01.csv,19222cf972814622a461dad35a9cd55b89c277c9d346b8a72d8e64411d65d688
3aeff8d50243a034,m1-pro-16gb-local,bae613077f2da7789eab7f0409ae84c5aec2f1e4070aa4806d228ed0794a048b,aligned,legacy-incremental-float,1,0,0,65536,1,1024,0,2048,callback,48000,0,steady,1,64,spec012-confirm-01,2,30.426651000976562,ns/engine-sample,65536,65536,1.3653333333333333,64,1994041.0,1994.041,41.0,42.0,42.0,9916.0,0.041,0.042,0.042,9.916,20.833333333333332,0,0.0,0.042,0.042,21.3125,21.322916666666668,,42.63541666666667,21.3125,21.3125,/Users/christiankauten/Documents/Projects/Rack/plugins/Fourier/.build/spec012/confirm-01-single-sample/workload-0002-repeat-02.csv,f79d12365b9772527d1c414f428a973817c2e1068bd21a8c868364c75068c598
3aeff8d50243a034,m1-pro-16gb-local,bae613077f2da7789eab7f0409ae84c5aec2f1e4070aa4806d228ed0794a048b,aligned,legacy-incremental-float,1,0,0,65536,1,1024,0,2048,callback,48000,0,steady,1,64,spec012-confirm-02,0,28.94049072265625,ns/engine-sample,65536,65536,1.3653333333333333,64,1896644.0,1896.644,41.0,42.0,42.0,3167.0,0.041,0.042,0.042,3.167,20.833333333333332,0,0.0,0.042,0.042,21.3125,21.322916666666668,,42.63541666666667,21.3125,21.3125,/Users/christiankauten/Documents/Projects/Rack/plugins/Fourier/.build/spec012/confirm-02-single-sample/workload-0002-repeat-00.csv,00a18e60846c6589fb22fa231691161f795e72ef04b3d0c60be019408898cd27
3aeff8d50243a034,m1-pro-16gb-local,bae613077f2da7789eab7f0409ae84c5aec2f1e4070aa4806d228ed0794a048b,aligned,legacy-incremental-float,1,0,0,65536,1,1024,0,2048,callback,48000,0,steady,1,64,spec012-confirm-02,1,28.3280029296875,ns/engine-sample,65536,65536,1.3653333333333333,64,1856504.0,1856.504,41.0,42.0,42.0,3167.0,0.041,0.042,0.042,3.167,20.833333333333332,0,0.0,0.042,0.042,21.3125,21.322916666666668,,42.63541666666667,21.3125,21.3125,/Users/christiankauten/Documents/Projects/Rack/plugins/Fourier/.build/spec012/confirm-02-single-sample/workload-0002-repeat-01.csv,eaefb0fdd4725427f00a27f5205a41fdeff0cc2e4b4006af254286ef8fd7b4d7
3aeff8d50243a034,m1-pro-16gb-local,bae613077f2da7789eab7f0409ae84c5aec2f1e4070aa4806d228ed0794a048b,aligned,legacy-incremental-float,1,0,0,65536,1,1024,0,2048,callback,48000,0,steady,1,64,spec012-confirm-02,2,28.247146606445312,ns/engine-sample,65536,65536,1.3653333333333333,64,1851205.0,1851.205,41.0,42.0,42.0,3042.0,0.041,0.042,0.042,3.042,20.833333333333332,0,0.0,0.042,0.083,21.3125,21.322916666666668,,42.63541666666667,21.3125,21.3125,/Users/christiankauten/Documents/Projects/Rack/plugins/Fourier/.build/spec012/confirm-02-single-sample/workload-0002-repeat-02.csv,4f8de2c48a79b1257d0d137b8088c2658f5b1ab6f15748bc56bc5bb71edcc718
3aeff8d50243a034,m1-pro-16gb-local,bae613077f2da7789eab7f0409ae84c5aec2f1e4070aa4806d228ed0794a048b,aligned,legacy-incremental-float,1,0,0,65536,1,1024,0,2048,callback,48000,0,steady,1,64,spec012-confirm-03,0,28.94537353515625,ns/engine-sample,65536,65536,1.3653333333333333,64,1896964.0,1896.964,41.0,42.0,42.0,3166.0,0.041,0.042,0.042,3.166,20.833333333333332,0,0.0,0.042,0.125,21.3125,21.322916666666668,,42.63541666666667,21.3125,21.3125,/Users/christiankauten/Documents/Projects/Rack/plugins/Fourier/.build/spec012/confirm-03-single-sample/workload-0002-repeat-00.csv,3bb76c997d164ab28c36128de493816ee5c33909b3ce2444ff926cf581493176
3aeff8d50243a034,m1-pro-16gb-local,bae613077f2da7789eab7f0409ae84c5aec2f1e4070aa4806d228ed0794a048b,aligned,legacy-incremental-float,1,0,0,65536,1,1024,0,2048,callback,48000,0,steady,1,64,spec012-confirm-03,1,29.696151733398438,ns/engine-sample,65536,65536,1.3653333333333333,64,1946167.0,1946.167,41.0,42.0,42.0,3209.0,0.041,0.042,0.042,3.209,20.833333333333332,0,0.0,0.042,0.042,21.3125,21.322916666666668,,42.63541666666667,21.3125,21.3125,/Users/christiankauten/Documents/Projects/Rack/plugins/Fourier/.build/spec012/confirm-03-single-sample/workload-0002-repeat-01.csv,74fdf69a543f41c8e43c7931907fb6609f63010695743a018a0a6fc00614a178
3aeff8d50243a034,m1-pro-16gb-local,bae613077f2da7789eab7f0409ae84c5aec2f1e4070aa4806d228ed0794a048b,aligned,legacy-incremental-float,1,0,0,65536,1,1024,0,2048,callback,48000,0,steady,1,64,spec012-confirm-03,2,28.62335205078125,ns/engine-sample,65536,65536,1.3653333333333333,64,1875860.0,1875.86,41.0,42.0,42.0,3167.0,0.041,0.042,0.042,3.167,20.833333333333332,0,0.0,0.042,0.042,21.3125,21.322916666666668,,42.63541666666667,21.3125,21.3125,/Users/christiankauten/Documents/Projects/Rack/plugins/Fourier/.build/spec012/confirm-03-single-sample/workload-0002-repeat-02.csv,adad53e9afbcf92e54fdc93b6e10af4d600263e5875d0f12180c8b6f3a61360b
3aeff8d50243a034,m1-pro-16gb-local,c566a465c174ffbbc4c390428621974a25dbd2634128bb2a394298a418d3cd69,aligned,ols-fir-incremental-float,1,0,0,65536,1,1024,0,2048,throughput,48000,0,steady,1,64,spec012-confirm-01,0,73.44119262695312,ns/engine-sample,1,65536,1.3653333333333333,64,4813042.0,4813.042,4813042.0,4813042.0,4813042.0,4813042.0,4813.042,4813.042,4813.042,4813.042,,,,0.042,0.084,21.3125,10.65625,42.625,,21.3125,21.3125,/Users/christiankauten/Documents/Projects/Rack/plugins/Fourier/.build/spec012/confirm-01-single-sample/workload-0042-repeat-00.csv,5c7b0f4282c08c6444efd2cd2f1ef65a428976d68fa30a2f50bdc1d857633545
3aeff8d50243a034,m1-pro-16gb-local,c566a465c174ffbbc4c390428621974a25dbd2634128bb2a394298a418d3cd69,aligned,ols-fir-incremental-float,1,0,0,65536,1,1024,0,2048,throughput,48000,0,steady,1,64,spec012-confirm-01,1,75.01728820800781,ns/engine-sample,1,65536,1.3653333333333333,64,4916333.0,4916.333,4916333.0,4916333.0,4916333.0,4916333.0,4916.333,4916.333,4916.333,4916.333,,,,0.042,0.042,21.3125,10.65625,42.625,,21.3125,21.3125,/Users/christiankauten/Documents/Projects/Rack/plugins/Fourier/.build/spec012/confirm-01-single-sample/workload-0042-repeat-01.csv,3f80a189a360c41c061b9434b61e9e7ad16fb6b8b558ae8d00ea14eb5d296d38
3aeff8d50243a034,m1-pro-16gb-local,c566a465c174ffbbc4c390428621974a25dbd2634128bb2a394298a418d3cd69,aligned,ols-fir-incremental-float,1,0,0,65536,1,1024,0,2048,throughput,48000,0,steady,1,64,spec012-confirm-01,2,73.37570190429688,ns/engine-sample,1,65536,1.3653333333333333,64,4808750.0,4808.75,4808750.0,4808750.0,4808750.0,4808750.0,4808.75,4808.75,4808.75,4808.75,,,,0.042,0.042,21.3125,10.65625,42.625,,21.3125,21.3125,/Users/christiankauten/Documents/Projects/Rack/plugins/Fourier/.build/spec012/confirm-01-single-sample/workload-0042-repeat-02.csv,29bf7247d59414a1d214ee89940de5441c5a9ab8aff66462328e75a0b7c9ee84
3aeff8d50243a034,m1-pro-16gb-local,c566a465c174ffbbc4c390428621974a25dbd2634128bb2a394298a418d3cd69,aligned,ols-fir-incremental-float,1,0,0,65536,1,1024,0,2048,throughput,48000,0,steady,1,64,spec012-confirm-02,0,73.72982788085938,ns/engine-sample,1,65536,1.3653333333333333,64,4831958.0,4831.958,4831958.0,4831958.0,4831958.0,4831958.0,4831.958,4831.958,4831.958,4831.958,,,,0.042,0.042,21.3125,10.65625,42.625,,21.3125,21.3125,/Users/christiankauten/Documents/Projects/Rack/plugins/Fourier/.build/spec012/confirm-02-single-sample/workload-0042-repeat-00.csv,928e9e42e12614b448e555a50079daf1a8b72d1997f9ad8e6dd68116452fbd6e
3aeff8d50243a034,m1-pro-16gb-local,c566a465c174ffbbc4c390428621974a25dbd2634128bb2a394298a418d3cd69,aligned,ols-fir-incremental-float,1,0,0,65536,1,1024,0,2048,throughput,48000,0,steady,1,64,spec012-confirm-02,1,77.02890014648438,ns/engine-sample,1,65536,1.3653333333333333,64,5048166.0,5048.166,5048166.0,5048166.0,5048166.0,5048166.0,5048.166,5048.166,5048.166,5048.166,,,,0.042,0.042,21.3125,10.65625,42.625,,21.3125,21.3125,/Users/christiankauten/Documents/Projects/Rack/plugins/Fourier/.build/spec012/confirm-02-single-sample/workload-0042-repeat-01.csv,856e47f4cc8cc215ce09c8b2ed8a985bcf334b40b854e1d71f6aef82dfdc204c
3aeff8d50243a034,m1-pro-16gb-local,c566a465c174ffbbc4c390428621974a25dbd2634128bb2a394298a418d3cd69,aligned,ols-fir-incremental-float,1,0,0,65536,1,1024,0,2048,throughput,48000,0,steady,1,64,spec012-confirm-02,2,76.6512451171875,ns/engine-sample,1,65536,1.3653333333333333,64,5023416.0,5023.416,5023416.0,5023416.0,5023416.0,5023416.0,5023.416,5023.416,5023.416,5023.416,,,,0.042,0.042,21.3125,10.65625,42.625,,21.3125,21.3125,/Users/christiankauten/Documents/Projects/Rack/plugins/Fourier/.build/spec012/confirm-02-single-sample/workload-0042-repeat-02.csv,7f1e9667203186c6b3fb58f7a07cd64c9b1d25686531b62bd64369e265f7e1c3
3aeff8d50243a034,m1-pro-16gb-local,c566a465c174ffbbc4c390428621974a25dbd2634128bb2a394298a418d3cd69,aligned,ols-fir-incremental-float,1,0,0,65536,1,1024,0,2048,throughput,48000,0,steady,1,64,spec012-confirm-03,0,74.25117492675781,ns/engine-sample,1,65536,1.3653333333333333,64,4866125.0,4866.125,4866125.0,4866125.0,4866125.0,4866125.0,4866.125,4866.125,4866.125,4866.125,,,,0.042,0.042,21.3125,10.65625,42.625,,21.3125,21.3125,/Users/christiankauten/Documents/Projects/Rack/plugins/Fourier/.build/spec012/confirm-03-single-sample/workload-0042-repeat-00.csv,49c35598b5f39b5766fb66e17136c348b43b089dd07e8f2a43c4475609f5f3b8
3aeff8d50243a034,m1-pro-16gb-local,c566a465c174ffbbc4c390428621974a25dbd2634128bb2a394298a418d3cd69,aligned,ols-fir-incremental-float,1,0,0,65536,1,1024,0,2048,throughput,48000,0,steady,1,64,spec012-confirm-03,1,75.83808898925781,ns/engine-sample,1,65536,1.3653333333333333,64,4970125.0,4970.125,4970125.0,4970125.0,4970125.0,4970125.0,4970.125,4970.125,4970.125,4970.125,,,,0.042,0.042,21.3125,10.65625,42.625,,21.3125,21.3125,/Users/christiankauten/Documents/Projects/Rack/plugins/Fourier/.build/spec012/confirm-03-single-sample/workload-0042-repeat-01.csv,3a336d0cc33c36ae14136d2f2cd9174006965c074ee97d7659ce3bd94cb9f531
3aeff8d50243a034,m1-pro-16gb-local,c566a465c174ffbbc4c390428621974a25dbd2634128bb2a394298a418d3cd69,aligned,ols-fir-incremental-float,1,0,0,65536,1,1024,0,2048,throughput,48000,0,steady,1,64,spec012-confirm-03,2,79.11555480957031,ns/engine-sample,1,65536,1.3653333333333333,64,5184917.0,5184.917,5184917.0,5184917.0,5184917.0,5184917.0,5184.917,5184.917,5184.917,5184.917,,,,0.042,0.042,21.3125,10.65625,42.625,,21.3125,21.3125,/Users/christiankauten/Documents/Projects/Rack/plugins/Fourier/.build/spec012/confirm-03-single-sample/workload-0042-repeat-02.csv,d110d3414c2a844cbf3e13fa88c11b334c62d710b52241591fb9c4b3f3240134
3aeff8d50243a034,m1-pro-16gb-local,d01c52d3895989fe5f26921cdc8ad2d6a8b079b68f9afd9374c732d8fdbaf953,aligned,pffft-scheduled-batch-float,1,0,0,65536,1,1024,0,2048,throughput,48000,0,steady,1,64,spec012-confirm-01,0,20.524337768554688,ns/engine-sample,1,65536,1.3653333333333333,64,1345083.0,1345.083,1345083.0,1345083.0,1345083.0,1345083.0,1345.083,1345.083,1345.083,1345.083,,,,0.042,0.042,0.0,21.322916666666668,,21.322916666666668,0.0,0.0,/Users/christiankauten/Documents/Projects/Rack/plugins/Fourier/.build/spec012/confirm-01-single-sample/workload-0029-repeat-00.csv,c80edca10eb50479940d0b55be374ee631adc38da081a870a07b6183c9fd9123
3aeff8d50243a034,m1-pro-16gb-local,d01c52d3895989fe5f26921cdc8ad2d6a8b079b68f9afd9374c732d8fdbaf953,aligned,pffft-scheduled-batch-float,1,0,0,65536,1,1024,0,2048,throughput,48000,0,steady,1,64,spec012-confirm-01,1,20.669937133789062,ns/engine-sample,1,65536,1.3653333333333333,64,1354625.0,1354.625,1354625.0,1354625.0,1354625.0,1354625.0,1354.625,1354.625,1354.625,1354.625,,,,0.042,0.042,0.0,21.322916666666668,,21.322916666666668,0.0,0.0,/Users/christiankauten/Documents/Projects/Rack/plugins/Fourier/.build/spec012/confirm-01-single-sample/workload-0029-repeat-01.csv,18bfb15300c14b5702839ae3b55aed19779b0a54b4473e2d4995400161960dce
3aeff8d50243a034,m1-pro-16gb-local,d01c52d3895989fe5f26921cdc8ad2d6a8b079b68f9afd9374c732d8fdbaf953,aligned,pffft-scheduled-batch-float,1,0,0,65536,1,1024,0,2048,throughput,48000,0,steady,1,64,spec012-confirm-01,2,20.646408081054688,ns/engine-sample,1,65536,1.3653333333333333,64,1353083.0,1353.083,1353083.0,1353083.0,1353083.0,1353083.0,1353.083,1353.083,1353.083,1353.083,,,,0.042,0.042,0.0,21.322916666666668,,21.322916666666668,0.0,0.0,/Users/christiankauten/Documents/Projects/Rack/plugins/Fourier/.build/spec012/confirm-01-single-sample/workload-0029-repeat-02.csv,a197d9de1edb3103c44e1bafb793708eb897728e12fc9b8efab729acd392dd3d
3aeff8d50243a034,m1-pro-16gb-local,d01c52d3895989fe5f26921cdc8ad2d6a8b079b68f9afd9374c732d8fdbaf953,aligned,pffft-scheduled-batch-float,1,0,0,65536,1,1024,0,2048,throughput,48000,0,steady,1,64,spec012-confirm-02,0,20.5262451171875,ns/engine-sample,1,65536,1.3653333333333333,64,1345208.0,1345.208,1345208.0,1345208.0,1345208.0,1345208.0,1345.208,1345.208,1345.208,1345.208,,,,0.042,0.042,0.0,21.322916666666668,,21.322916666666668,0.0,0.0,/Users/christiankauten/Documents/Projects/Rack/plugins/Fourier/.build/spec012/confirm-02-single-sample/workload-0029-repeat-00.csv,255254429be4a1468f61bc78b3fc68d3641deae0afc6da49f32bc60f6d1d9bc9
3aeff8d50243a034,m1-pro-16gb-local,d01c52d3895989fe5f26921cdc8ad2d6a8b079b68f9afd9374c732d8fdbaf953,aligned,pffft-scheduled-batch-float,1,0,0,65536,1,1024,0,2048,throughput,48000,0,steady,1,64,spec012-confirm-02,1,21.091461181640625,ns/engine-sample,1,65536,1.3653333333333333,64,1382250.0,1382.25,1382250.0,1382250.0,1382250.0,1382250.0,1382.25,1382.25,1382.25,1382.25,,,,0.042,0.042,0.0,21.322916666666668,,21.322916666666668,0.0,0.0,/Users/christiankauten/Documents/Projects/Rack/plugins/Fourier/.build/spec012/confirm-02-single-sample/workload-0029-repeat-01.csv,36ca6004f0ee4ab0ce25efc6d442b5b0a06857c0222825add794429365089221
3aeff8d50243a034,m1-pro-16gb-local,d01c52d3895989fe5f26921cdc8ad2d6a8b079b68f9afd9374c732d8fdbaf953,aligned,pffft-scheduled-batch-float,1,0,0,65536,1,1024,0,2048,throughput,48000,0,steady,1,64,spec012-confirm-02,2,20.9439697265625,ns/engine-sample,1,65536,1.3653333333333333,64,1372584.0,1372.584,1372584.0,1372584.0,1372584.0,1372584.0,1372.584,1372.584,1372.584,1372.584,,,,0.042,0.042,0.0,21.322916666666668,,21.322916666666668,0.0,0.0,/Users/christiankauten/Documents/Projects/Rack/plugins/Fourier/.build/spec012/confirm-02-single-sample/workload-0029-repeat-02.csv,d318b20a764a17a28778a21b4857f78cb1138aef22f979bda6b8ec4108b4c640
3aeff8d50243a034,m1-pro-16gb-local,d01c52d3895989fe5f26921cdc8ad2d6a8b079b68f9afd9374c732d8fdbaf953,aligned,pffft-scheduled-batch-float,1,0,0,65536,1,1024,0,2048,throughput,48000,0,steady,1,64,spec012-confirm-03,0,20.56884765625,ns/engine-sample,1,65536,1.3653333333333333,64,1348000.0,1348.0,1348000.0,1348000.0,1348000.0,1348000.0,1348.0,1348.0,1348.0,1348.0,,,,0.042,0.042,0.0,21.322916666666668,,21.322916666666668,0.0,0.0,/Users/christiankauten/Documents/Projects/Rack/plugins/Fourier/.build/spec012/confirm-03-single-sample/workload-0029-repeat-00.csv,d4f9f4b6ab2059ddb336adae34ec78c6f938d60bf9695ac5d874e7b856ec065f
3aeff8d50243a034,m1-pro-16gb-local,d01c52d3895989fe5f26921cdc8ad2d6a8b079b68f9afd9374c732d8fdbaf953,aligned,pffft-scheduled-batch-float,1,0,0,65536,1,1024,0,2048,throughput,48000,0,steady,1,64,spec012-confirm-03,1,20.523696899414062,ns/engine-sample,1,65536,1.3653333333333333,64,1345041.0,1345.041,1345041.0,1345041.0,1345041.0,1345041.0,1345.041,1345.041,1345.041,1345.041,,,,0.042,0.042,0.0,21.322916666666668,,21.322916666666668,0.0,0.0,/Users/christiankauten/Documents/Projects/Rack/plugins/Fourier/.build/spec012/confirm-03-single-sample/workload-0029-repeat-01.csv,fb2c297d58546924dcb1d46eff02ae86e71215a13d75acf498cd7aa7d4532542
3aeff8d50243a034,m1-pro-16gb-local,d01c52d3895989fe5f26921cdc8ad2d6a8b079b68f9afd9374c732d8fdbaf953,aligned,pffft-scheduled-batch-float,1,0,0,65536,1,1024,0,2048,throughput,48000,0,steady,1,64,spec012-confirm-03,2,20.734786987304688,ns/engine-sample,1,65536,1.3653333333333333,64,1358875.0,1358.875,1358875.0,1358875.0,1358875.0,1358875.0,1358.875,1358.875,1358.875,1358.875,,,,0.042,0.042,0.0,21.322916666666668,,21.322916666666668,0.0,0.0,/Users/christiankauten/Documents/Projects/Rack/plugins/Fourier/.build/spec012/confirm-03-single-sample/workload-0029-repeat-02.csv,4ba36c06097ac14cc55333df726dd25b037b310c3891be951d20472649665533
3aeff8d50243a034,m1-pro-16gb-local,d587231a88cf141f5bde976cd87b4ec37b503644f147fd2d3962779368cf39bc,aligned,pffft-ols-identity-float,1,0,0,65536,1,1024,0,2048,callback,48000,0,steady,1,64,spec012-confirm-01,0,29.151397705078125,ns/engine-sample,65536,65536,1.3653333333333333,64,1910466.0,1910.466,0.0,42.0,42.0,10542.0,0.0,0.042,0.042,10.542,20.833333333333332,0,0.0,0.042,0.042,0.0,10.65625,21.3125,,0.0,0.0,/Users/christiankauten/Documents/Projects/Rack/plugins/Fourier/.build/spec012/confirm-01-single-sample/workload-0015-repeat-00.csv,1d7d718fdc90ce4a91a8db4a0c125fb7e9c74643090efa4d1cf4cf967ce92d44
3aeff8d50243a034,m1-pro-16gb-local,d587231a88cf141f5bde976cd87b4ec37b503644f147fd2d3962779368cf39bc,aligned,pffft-ols-identity-float,1,0,0,65536,1,1024,0,2048,callback,48000,0,steady,1,64,spec012-confirm-01,1,29.121292114257812,ns/engine-sample,65536,65536,1.3653333333333333,64,1908493.0,1908.493,0.0,42.0,42.0,10667.0,0.0,0.042,0.042,10.667,20.833333333333332,0,0.0,0.042,0.042,0.0,10.65625,21.3125,,0.0,0.0,/Users/christiankauten/Documents/Projects/Rack/plugins/Fourier/.build/spec012/confirm-01-single-sample/workload-0015-repeat-01.csv,181ee09359c41b327be2d1ca993186f0f98fcf1fb9c41b4e6566bdf68a43b32e
3aeff8d50243a034,m1-pro-16gb-local,d587231a88cf141f5bde976cd87b4ec37b503644f147fd2d3962779368cf39bc,aligned,pffft-ols-identity-float,1,0,0,65536,1,1024,0,2048,callback,48000,0,steady,1,64,spec012-confirm-01,2,29.203536987304688,ns/engine-sample,65536,65536,1.3653333333333333,64,1913883.0,1913.883,0.0,42.0,42.0,10792.0,0.0,0.042,0.042,10.792,20.833333333333332,0,0.0,0.042,0.084,0.0,10.65625,21.3125,,0.0,0.0,/Users/christiankauten/Documents/Projects/Rack/plugins/Fourier/.build/spec012/confirm-01-single-sample/workload-0015-repeat-02.csv,b9bf86312953a7ade64eef0908e492789181d708da60de303dbb11f65ade9036
3aeff8d50243a034,m1-pro-16gb-local,d587231a88cf141f5bde976cd87b4ec37b503644f147fd2d3962779368cf39bc,aligned,pffft-ols-identity-float,1,0,0,65536,1,1024,0,2048,callback,48000,0,steady,1,64,spec012-confirm-02,0,29.63836669921875,ns/engine-sample,65536,65536,1.3653333333333333,64,1942380.0,1942.38,0.0,42.0,42.0,10625.0,0.0,0.042,0.042,10.625,20.833333333333332,0,0.0,0.042,0.042,0.0,10.65625,21.3125,,0.0,0.0,/Users/christiankauten/Documents/Projects/Rack/plugins/Fourier/.build/spec012/confirm-02-single-sample/workload-0015-repeat-00.csv,5182b66ce477904d80758fd47f316584be37ae708ca6fe4a4b3c10a13bdb0cc8
3aeff8d50243a034,m1-pro-16gb-local,d587231a88cf141f5bde976cd87b4ec37b503644f147fd2d3962779368cf39bc,aligned,pffft-ols-identity-float,1,0,0,65536,1,1024,0,2048,callback,48000,0,steady,1,64,spec012-confirm-02,1,29.235794067382812,ns/engine-sample,65536,65536,1.3653333333333333,64,1915997.0,1915.997,0.0,42.0,42.0,15958.0,0.0,0.042,0.042,15.958,20.833333333333332,0,0.0,0.042,0.042,0.0,10.65625,21.3125,,0.0,0.0,/Users/christiankauten/Documents/Projects/Rack/plugins/Fourier/.build/spec012/confirm-02-single-sample/workload-0015-repeat-01.csv,f7ea0bfa4b758eff34fe8ae5b0005ca65d256db033828b33f0b27e526defaf7d
3aeff8d50243a034,m1-pro-16gb-local,d587231a88cf141f5bde976cd87b4ec37b503644f147fd2d3962779368cf39bc,aligned,pffft-ols-identity-float,1,0,0,65536,1,1024,0,2048,callback,48000,0,steady,1,64,spec012-confirm-02,2,30.00384521484375,ns/engine-sample,65536,65536,1.3653333333333333,64,1966332.0,1966.332,0.0,42.0,42.0,11458.0,0.0,0.042,0.042,11.458,20.833333333333332,0,0.0,0.042,0.042,0.0,10.65625,21.3125,,0.0,0.0,/Users/christiankauten/Documents/Projects/Rack/plugins/Fourier/.build/spec012/confirm-02-single-sample/workload-0015-repeat-02.csv,9fd18220b71cf75790b2f35081028a8fa93abd9a484767982cfc05b17770fc45
3aeff8d50243a034,m1-pro-16gb-local,d587231a88cf141f5bde976cd87b4ec37b503644f147fd2d3962779368cf39bc,aligned,pffft-ols-identity-float,1,0,0,65536,1,1024,0,2048,callback,48000,0,steady,1,64,spec012-confirm-03,0,29.244949340820312,ns/engine-sample,65536,65536,1.3653333333333333,64,1916597.0,1916.597,0.0,42.0,42.0,17584.0,0.0,0.042,0.042,17.584,20.833333333333332,0,0.0,0.042,0.042,0.0,10.65625,21.3125,,0.0,0.0,/Users/christiankauten/Documents/Projects/Rack/plugins/Fourier/.build/spec012/confirm-03-single-sample/workload-0015-repeat-00.csv,d9191bf5c8f8c394cf58a92be50d4cfed3723eefedb590c0d150f6b115bdc386
3aeff8d50243a034,m1-pro-16gb-local,d587231a88cf141f5bde976cd87b4ec37b503644f147fd2d3962779368cf39bc,aligned,pffft-ols-identity-float,1,0,0,65536,1,1024,0,2048,callback,48000,0,steady,1,64,spec012-confirm-03,1,29.567352294921875,ns/engine-sample,65536,65536,1.3653333333333333,64,1937726.0,1937.726,0.0,42.0,42.0,10709.0,0.0,0.042,0.042,10.709,20.833333333333332,0,0.0,0.042,0.042,0.0,10.65625,21.3125,,0.0,0.0,/Users/christiankauten/Documents/Projects/Rack/plugins/Fourier/.build/spec012/confirm-03-single-sample/workload-0015-repeat-01.csv,703516dfa32c8460931bb6c205ac136a5930049981bf8b8a64e046299603d98c
3aeff8d50243a034,m1-pro-16gb-local,d587231a88cf141f5bde976cd87b4ec37b503644f147fd2d3962779368cf39bc,aligned,pffft-ols-identity-float,1,0,0,65536,1,1024,0,2048,callback,48000,0,steady,1,64,spec012-confirm-03,2,29.152801513671875,ns/engine-sample,65536,65536,1.3653333333333333,64,1910558.0,1910.558,0.0,42.0,42.0,10792.0,0.0,0.042,0.042,10.792,20.833333333333332,0,0.0,0.042,0.042,0.0,10.65625,21.3125,,0.0,0.0,/Users/christiankauten/Documents/Projects/Rack/plugins/Fourier/.build/spec012/confirm-03-single-sample/workload-0015-repeat-02.csv,c3f8be14076cfa850dd4eb045f25de7d73b6f09f12685c4953c702e8449e7a9a
3aeff8d50243a034,m1-pro-16gb-local,d6d341b29a0bdb69faed620a55e9e783279a000b87d77d0a4b0688d80ce9171f,aligned,ols-identity-batch-float,1,0,0,65536,1,1024,0,2048,throughput,48000,0,steady,1,64,spec012-confirm-01,0,73.37887573242188,ns/engine-sample,1,65536,1.3653333333333333,64,4808958.0,4808.958,4808958.0,4808958.0,4808958.0,4808958.0,4808.958,4808.958,4808.958,4808.958,,,,0.042,0.042,0.0,10.65625,21.3125,,0.0,0.0,/Users/christiankauten/Documents/Projects/Rack/plugins/Fourier/.build/spec012/confirm-01-single-sample/workload-0036-repeat-00.csv,583b0c19188f793e21af6f46e40739c6fd9f038878a79ff22f0a65e1e2b567ce
3aeff8d50243a034,m1-pro-16gb-local,d6d341b29a0bdb69faed620a55e9e783279a000b87d77d0a4b0688d80ce9171f,aligned,ols-identity-batch-float,1,0,0,65536,1,1024,0,2048,throughput,48000,0,steady,1,64,spec012-confirm-01,1,73.55244445800781,ns/engine-sample,1,65536,1.3653333333333333,64,4820333.0,4820.333,4820333.0,4820333.0,4820333.0,4820333.0,4820.333,4820.333,4820.333,4820.333,,,,0.042,0.042,0.0,10.65625,21.3125,,0.0,0.0,/Users/christiankauten/Documents/Projects/Rack/plugins/Fourier/.build/spec012/confirm-01-single-sample/workload-0036-repeat-01.csv,f5ae78b06cf34b28ba15221ab5412dd96e41fc8602d2fe8680f03c273f6d9e77
3aeff8d50243a034,m1-pro-16gb-local,d6d341b29a0bdb69faed620a55e9e783279a000b87d77d0a4b0688d80ce9171f,aligned,ols-identity-batch-float,1,0,0,65536,1,1024,0,2048,throughput,48000,0,steady,1,64,spec012-confirm-01,2,73.82647705078125,ns/engine-sample,1,65536,1.3653333333333333,64,4838292.0,4838.292,4838292.0,4838292.0,4838292.0,4838292.0,4838.292,4838.292,4838.292,4838.292,,,,0.042,0.042,0.0,10.65625,21.3125,,0.0,0.0,/Users/christiankauten/Documents/Projects/Rack/plugins/Fourier/.build/spec012/confirm-01-single-sample/workload-0036-repeat-02.csv,e2ddb1dd45c74b0e3baa0ce352f75609bf426e7f16bcf7f465b6445530007fe2
3aeff8d50243a034,m1-pro-16gb-local,d6d341b29a0bdb69faed620a55e9e783279a000b87d77d0a4b0688d80ce9171f,aligned,ols-identity-batch-float,1,0,0,65536,1,1024,0,2048,throughput,48000,0,steady,1,64,spec012-confirm-02,0,77.18022155761719,ns/engine-sample,1,65536,1.3653333333333333,64,5058083.0,5058.083,5058083.0,5058083.0,5058083.0,5058083.0,5058.083,5058.083,5058.083,5058.083,,,,0.042,0.042,0.0,10.65625,21.3125,,0.0,0.0,/Users/christiankauten/Documents/Projects/Rack/plugins/Fourier/.build/spec012/confirm-02-single-sample/workload-0036-repeat-00.csv,70ab881b4889245814e2851e46f9ae7e43eca6072817de73290d47c74acf6c9d
3aeff8d50243a034,m1-pro-16gb-local,d6d341b29a0bdb69faed620a55e9e783279a000b87d77d0a4b0688d80ce9171f,aligned,ols-identity-batch-float,1,0,0,65536,1,1024,0,2048,throughput,48000,0,steady,1,64,spec012-confirm-02,1,74.20413208007812,ns/engine-sample,1,65536,1.3653333333333333,64,4863042.0,4863.042,4863042.0,4863042.0,4863042.0,4863042.0,4863.042,4863.042,4863.042,4863.042,,,,0.042,0.042,0.0,10.65625,21.3125,,0.0,0.0,/Users/christiankauten/Documents/Projects/Rack/plugins/Fourier/.build/spec012/confirm-02-single-sample/workload-0036-repeat-01.csv,9e8e04be232576ed73d5c0988f454fc5708e371b4130de32e988bb9c40107e86
3aeff8d50243a034,m1-pro-16gb-local,d6d341b29a0bdb69faed620a55e9e783279a000b87d77d0a4b0688d80ce9171f,aligned,ols-identity-batch-float,1,0,0,65536,1,1024,0,2048,throughput,48000,0,steady,1,64,spec012-confirm-02,2,75.01411437988281,ns/engine-sample,1,65536,1.3653333333333333,64,4916125.0,4916.125,4916125.0,4916125.0,4916125.0,4916125.0,4916.125,4916.125,4916.125,4916.125,,,,0.042,0.042,0.0,10.65625,21.3125,,0.0,0.0,/Users/christiankauten/Documents/Projects/Rack/plugins/Fourier/.build/spec012/confirm-02-single-sample/workload-0036-repeat-02.csv,e402202d31715229fa63c129b1b192a113897ab84c81eacbcdee8748b9c4ff62
3aeff8d50243a034,m1-pro-16gb-local,d6d341b29a0bdb69faed620a55e9e783279a000b87d77d0a4b0688d80ce9171f,aligned,ols-identity-batch-float,1,0,0,65536,1,1024,0,2048,throughput,48000,0,steady,1,64,spec012-confirm-03,0,78.9000244140625,ns/engine-sample,1,65536,1.3653333333333333,64,5170792.0,5170.792,5170792.0,5170792.0,5170792.0,5170792.0,5170.792,5170.792,5170.792,5170.792,,,,0.042,0.042,0.0,10.65625,21.3125,,0.0,0.0,/Users/christiankauten/Documents/Projects/Rack/plugins/Fourier/.build/spec012/confirm-03-single-sample/workload-0036-repeat-00.csv,caa489850f3e440719796bb27ee9093801ff96a65787effebc2cb9f92ad0e679
3aeff8d50243a034,m1-pro-16gb-local,d6d341b29a0bdb69faed620a55e9e783279a000b87d77d0a4b0688d80ce9171f,aligned,ols-identity-batch-float,1,0,0,65536,1,1024,0,2048,throughput,48000,0,steady,1,64,spec012-confirm-03,1,74.92701721191406,ns/engine-sample,1,65536,1.3653333333333333,64,4910417.0,4910.417,4910417.0,4910417.0,4910417.0,4910417.0,4910.417,4910.417,4910.417,4910.417,,,,0.042,0.042,0.0,10.65625,21.3125,,0.0,0.0,/Users/christiankauten/Documents/Projects/Rack/plugins/Fourier/.build/spec012/confirm-03-single-sample/workload-0036-repeat-01.csv,3280a5873e9466274d9320a195383a8356832e7d371d5ed92199380979f85c74
3aeff8d50243a034,m1-pro-16gb-local,d6d341b29a0bdb69faed620a55e9e783279a000b87d77d0a4b0688d80ce9171f,aligned,ols-identity-batch-float,1,0,0,65536,1,1024,0,2048,throughput,48000,0,steady,1,64,spec012-confirm-03,2,75.9093017578125,ns/engine-sample,1,65536,1.3653333333333333,64,4974792.0,4974.792,4974792.0,4974792.0,4974792.0,4974792.0,4974.792,4974.792,4974.792,4974.792,,,,0.042,0.042,0.0,10.65625,21.3125,,0.0,0.0,/Users/christiankauten/Documents/Projects/Rack/plugins/Fourier/.build/spec012/confirm-03-single-sample/workload-0036-repeat-02.csv,6d98ad70611ab3f7dbd1770dbafe60cf604677904b9f5eb5d359b5c307069498
3aeff8d50243a034,m1-pro-16gb-local,d9351ab3beddf7b01c673402dc51b1abbab1a95f8c4e4c1bdc8fca501395266b,aligned,vdsp-inverse-float,1,0,0,65536,1,1024,0,2048,throughput,48000,0,steady,1,64,spec012-confirm-01,0,8.226394653320312,ns/engine-sample,1,65536,1.3653333333333333,64,539125.0,539.125,539125.0,539125.0,539125.0,539125.0,539.125,539.125,539.125,539.125,,,,0.042,0.042,0.0,0.0,,,0.0,0.0,/Users/christiankauten/Documents/Projects/Rack/plugins/Fourier/.build/spec012/confirm-01-single-sample/workload-0035-repeat-00.csv,fb6de2f64126c4e498a77d0e43057f8e5a67ac816fc3c9e8f588fc05d5db3d8f
3aeff8d50243a034,m1-pro-16gb-local,d9351ab3beddf7b01c673402dc51b1abbab1a95f8c4e4c1bdc8fca501395266b,aligned,vdsp-inverse-float,1,0,0,65536,1,1024,0,2048,throughput,48000,0,steady,1,64,spec012-confirm-01,1,8.227676391601562,ns/engine-sample,1,65536,1.3653333333333333,64,539209.0,539.209,539209.0,539209.0,539209.0,539209.0,539.209,539.209,539.209,539.209,,,,0.042,0.042,0.0,0.0,,,0.0,0.0,/Users/christiankauten/Documents/Projects/Rack/plugins/Fourier/.build/spec012/confirm-01-single-sample/workload-0035-repeat-01.csv,b6d5a770f5877085e520ec4f4fa8a2dabe7f10f06f20325df45f0fbe70f21035
3aeff8d50243a034,m1-pro-16gb-local,d9351ab3beddf7b01c673402dc51b1abbab1a95f8c4e4c1bdc8fca501395266b,aligned,vdsp-inverse-float,1,0,0,65536,1,1024,0,2048,throughput,48000,0,steady,1,64,spec012-confirm-01,2,9.577438354492188,ns/engine-sample,1,65536,1.3653333333333333,64,627667.0,627.667,627667.0,627667.0,627667.0,627667.0,627.667,627.667,627.667,627.667,,,,0.042,0.083,0.0,0.0,,,0.0,0.0,/Users/christiankauten/Documents/Projects/Rack/plugins/Fourier/.build/spec012/confirm-01-single-sample/workload-0035-repeat-02.csv,9dc91f6ef702e8c9c82b2fac941b2be098e0947d4abf3ad3f5b47bb9027e69bf
3aeff8d50243a034,m1-pro-16gb-local,d9351ab3beddf7b01c673402dc51b1abbab1a95f8c4e4c1bdc8fca501395266b,aligned,vdsp-inverse-float,1,0,0,65536,1,1024,0,2048,throughput,48000,0,steady,1,64,spec012-confirm-02,0,8.528396606445312,ns/engine-sample,1,65536,1.3653333333333333,64,558917.0,558.917,558917.0,558917.0,558917.0,558917.0,558.917,558.917,558.917,558.917,,,,0.042,0.042,0.0,0.0,,,0.0,0.0,/Users/christiankauten/Documents/Projects/Rack/plugins/Fourier/.build/spec012/confirm-02-single-sample/workload-0035-repeat-00.csv,f7cd7c7fa85d7dd58d547b6c8d6b518af77656133b24f8e5684feaf0ebb7b883
3aeff8d50243a034,m1-pro-16gb-local,d9351ab3beddf7b01c673402dc51b1abbab1a95f8c4e4c1bdc8fca501395266b,aligned,vdsp-inverse-float,1,0,0,65536,1,1024,0,2048,throughput,48000,0,steady,1,64,spec012-confirm-02,1,9.827926635742188,ns/engine-sample,1,65536,1.3653333333333333,64,644083.0,644.083,644083.0,644083.0,644083.0,644083.0,644.083,644.083,644.083,644.083,,,,0.042,0.042,0.0,0.0,,,0.0,0.0,/Users/christiankauten/Documents/Projects/Rack/plugins/Fourier/.build/spec012/confirm-02-single-sample/workload-0035-repeat-01.csv,2478e03f9bfad0d6ade4d8cfe04d7e18dc48f0431f8c8901cd876c17e3097615
3aeff8d50243a034,m1-pro-16gb-local,d9351ab3beddf7b01c673402dc51b1abbab1a95f8c4e4c1bdc8fca501395266b,aligned,vdsp-inverse-float,1,0,0,65536,1,1024,0,2048,throughput,48000,0,steady,1,64,spec012-confirm-02,2,9.331375122070312,ns/engine-sample,1,65536,1.3653333333333333,64,611541.0,611.541,611541.0,611541.0,611541.0,611541.0,611.541,611.541,611.541,611.541,,,,0.042,0.084,0.0,0.0,,,0.0,0.0,/Users/christiankauten/Documents/Projects/Rack/plugins/Fourier/.build/spec012/confirm-02-single-sample/workload-0035-repeat-02.csv,69477e976d18138e8399eca0a8549399f4e07764e3c83d07f9c9607e76807e19
3aeff8d50243a034,m1-pro-16gb-local,d9351ab3beddf7b01c673402dc51b1abbab1a95f8c4e4c1bdc8fca501395266b,aligned,vdsp-inverse-float,1,0,0,65536,1,1024,0,2048,throughput,48000,0,steady,1,64,spec012-confirm-03,0,8.292526245117188,ns/engine-sample,1,65536,1.3653333333333333,64,543459.0,543.459,543459.0,543459.0,543459.0,543459.0,543.459,543.459,543.459,543.459,,,,0.042,0.042,0.0,0.0,,,0.0,0.0,/Users/christiankauten/Documents/Projects/Rack/plugins/Fourier/.build/spec012/confirm-03-single-sample/workload-0035-repeat-00.csv,c4d1e6d1d0297d257bd5bb1db015fdf8c7491cd83b6529958819274c8c528283
3aeff8d50243a034,m1-pro-16gb-local,d9351ab3beddf7b01c673402dc51b1abbab1a95f8c4e4c1bdc8fca501395266b,aligned,vdsp-inverse-float,1,0,0,65536,1,1024,0,2048,throughput,48000,0,steady,1,64,spec012-confirm-03,1,9.569793701171875,ns/engine-sample,1,65536,1.3653333333333333,64,627166.0,627.166,627166.0,627166.0,627166.0,627166.0,627.166,627.166,627.166,627.166,,,,0.042,0.042,0.0,0.0,,,0.0,0.0,/Users/christiankauten/Documents/Projects/Rack/plugins/Fourier/.build/spec012/confirm-03-single-sample/workload-0035-repeat-01.csv,704a962c3ee250ce70a071cc3cd9729a513f5a499c2b82041223d20f9a9c0333
3aeff8d50243a034,m1-pro-16gb-local,d9351ab3beddf7b01c673402dc51b1abbab1a95f8c4e4c1bdc8fca501395266b,aligned,vdsp-inverse-float,1,0,0,65536,1,1024,0,2048,throughput,48000,0,steady,1,64,spec012-confirm-03,2,8.385330200195312,ns/engine-sample,1,65536,1.3653333333333333,64,549541.0,549.541,549541.0,549541.0,549541.0,549541.0,549.541,549.541,549.541,549.541,,,,0.042,0.125,0.0,0.0,,,0.0,0.0,/Users/christiankauten/Documents/Projects/Rack/plugins/Fourier/.build/spec012/confirm-03-single-sample/workload-0035-repeat-02.csv,15e47f07782850945a6af237cc65aca503032ef905b46455885d13819434b73b
3aeff8d50243a034,m1-pro-16gb-local,e06b568347326b84b9cbe93ad9a7d9e679f09be42ec32969a7706b44fabdbc5b,aligned,pffft-inverse-float,1,0,0,65536,1,1024,0,2048,callback,48000,0,steady,1,64,spec012-confirm-01,0,22.801422119140625,ns/engine-sample,65536,65536,1.3653333333333333,64,1494314.0,1494.314,0.0,42.0,42.0,4417.0,0.0,0.042,0.042,4.417,20.833333333333332,0,0.0,0.042,0.125,0.0,0.0,,,0.0,0.0,/Users/christiankauten/Documents/Projects/Rack/plugins/Fourier/.build/spec012/confirm-01-single-sample/workload-0010-repeat-00.csv,f21d971f24e1861158761662e4b5b4a877f390b584e1217d115a36249e5ac9db
3aeff8d50243a034,m1-pro-16gb-local,e06b568347326b84b9cbe93ad9a7d9e679f09be42ec32969a7706b44fabdbc5b,aligned,pffft-inverse-float,1,0,0,65536,1,1024,0,2048,callback,48000,0,steady,1,64,spec012-confirm-01,1,22.06817626953125,ns/engine-sample,65536,65536,1.3653333333333333,64,1446260.0,1446.26,0.0,42.0,42.0,4375.0,0.0,0.042,0.042,4.375,20.833333333333332,0,0.0,0.042,0.042,0.0,0.0,,,0.0,0.0,/Users/christiankauten/Documents/Projects/Rack/plugins/Fourier/.build/spec012/confirm-01-single-sample/workload-0010-repeat-01.csv,680b23f3496656973e8b69b15cb3ba6689dee8c781ab5ab50c56b48788549a89
3aeff8d50243a034,m1-pro-16gb-local,e06b568347326b84b9cbe93ad9a7d9e679f09be42ec32969a7706b44fabdbc5b,aligned,pffft-inverse-float,1,0,0,65536,1,1024,0,2048,callback,48000,0,steady,1,64,spec012-confirm-01,2,22.092926025390625,ns/engine-sample,65536,65536,1.3653333333333333,64,1447882.0,1447.882,0.0,42.0,42.0,5583.0,0.0,0.042,0.042,5.583,20.833333333333332,0,0.0,0.042,0.042,0.0,0.0,,,0.0,0.0,/Users/christiankauten/Documents/Projects/Rack/plugins/Fourier/.build/spec012/confirm-01-single-sample/workload-0010-repeat-02.csv,6f0b3d70913fbab2d1560fcf4eca511120c583251b811c5b191714b689bda6bf
3aeff8d50243a034,m1-pro-16gb-local,e06b568347326b84b9cbe93ad9a7d9e679f09be42ec32969a7706b44fabdbc5b,aligned,pffft-inverse-float,1,0,0,65536,1,1024,0,2048,callback,48000,0,steady,1,64,spec012-confirm-02,0,21.9822998046875,ns/engine-sample,65536,65536,1.3653333333333333,64,1440632.0,1440.632,0.0,42.0,42.0,4083.0,0.0,0.042,0.042,4.083,20.833333333333332,0,0.0,0.042,0.042,0.0,0.0,,,0.0,0.0,/Users/christiankauten/Documents/Projects/Rack/plugins/Fourier/.build/spec012/confirm-02-single-sample/workload-0010-repeat-00.csv,2f48f117a3400474933ac431cd908262087ce6ae47db965d54dd01afb55e9a66
3aeff8d50243a034,m1-pro-16gb-local,e06b568347326b84b9cbe93ad9a7d9e679f09be42ec32969a7706b44fabdbc5b,aligned,pffft-inverse-float,1,0,0,65536,1,1024,0,2048,callback,48000,0,steady,1,64,spec012-confirm-02,1,23.408584594726562,ns/engine-sample,65536,65536,1.3653333333333333,64,1534105.0,1534.105,0.0,42.0,42.0,5667.0,0.0,0.042,0.042,5.667,20.833333333333332,0,0.0,0.042,0.042,0.0,0.0,,,0.0,0.0,/Users/christiankauten/Documents/Projects/Rack/plugins/Fourier/.build/spec012/confirm-02-single-sample/workload-0010-repeat-01.csv,f150b8f0932dc2e133b66cf346d234ae391d66003194fbe42bede316295fddcb
3aeff8d50243a034,m1-pro-16gb-local,e06b568347326b84b9cbe93ad9a7d9e679f09be42ec32969a7706b44fabdbc5b,aligned,pffft-inverse-float,1,0,0,65536,1,1024,0,2048,callback,48000,0,steady,1,64,spec012-confirm-02,2,22.24908447265625,ns/engine-sample,65536,65536,1.3653333333333333,64,1458116.0,1458.116,0.0,42.0,42.0,7167.0,0.0,0.042,0.042,7.167,20.833333333333332,0,0.0,0.042,0.042,0.0,0.0,,,0.0,0.0,/Users/christiankauten/Documents/Projects/Rack/plugins/Fourier/.build/spec012/confirm-02-single-sample/workload-0010-repeat-02.csv,54e1c8395ce42981a23f026e92edaa4354c5a7906842587da4b8f9d142551b52
3aeff8d50243a034,m1-pro-16gb-local,e06b568347326b84b9cbe93ad9a7d9e679f09be42ec32969a7706b44fabdbc5b,aligned,pffft-inverse-float,1,0,0,65536,1,1024,0,2048,callback,48000,0,steady,1,64,spec012-confirm-03,0,22.7613525390625,ns/engine-sample,65536,65536,1.3653333333333333,64,1491688.0,1491.688,0.0,42.0,42.0,4458.0,0.0,0.042,0.042,4.458,20.833333333333332,0,0.0,0.042,0.042,0.0,0.0,,,0.0,0.0,/Users/christiankauten/Documents/Projects/Rack/plugins/Fourier/.build/spec012/confirm-03-single-sample/workload-0010-repeat-00.csv,415f2df3fb0aab0c45bcb93c8495b6c801620bab656b1cd1fb41e8b701cfe0b2
3aeff8d50243a034,m1-pro-16gb-local,e06b568347326b84b9cbe93ad9a7d9e679f09be42ec32969a7706b44fabdbc5b,aligned,pffft-inverse-float,1,0,0,65536,1,1024,0,2048,callback,48000,0,steady,1,64,spec012-confirm-03,1,22.158248901367188,ns/engine-sample,65536,65536,1.3653333333333333,64,1452163.0,1452.163,0.0,42.0,42.0,4250.0,0.0,0.042,0.042,4.25,20.833333333333332,0,0.0,0.042,0.125,0.0,0.0,,,0.0,0.0,/Users/christiankauten/Documents/Projects/Rack/plugins/Fourier/.build/spec012/confirm-03-single-sample/workload-0010-repeat-01.csv,a86d9479befdd611019713d40889b4994866e21bf59a10a1efda76b2c16abcc1
3aeff8d50243a034,m1-pro-16gb-local,e06b568347326b84b9cbe93ad9a7d9e679f09be42ec32969a7706b44fabdbc5b,aligned,pffft-inverse-float,1,0,0,65536,1,1024,0,2048,callback,48000,0,steady,1,64,spec012-confirm-03,2,22.02301025390625,ns/engine-sample,65536,65536,1.3653333333333333,64,1443300.0,1443.3,0.0,42.0,42.0,4167.0,0.0,0.042,0.042,4.167,20.833333333333332,0,0.0,0.042,0.042,0.0,0.0,,,0.0,0.0,/Users/christiankauten/Documents/Projects/Rack/plugins/Fourier/.build/spec012/confirm-03-single-sample/workload-0010-repeat-02.csv,788991408b524adf87f756d5c6521017868f7544f62ceca7425997728d80e9b7
3aeff8d50243a034,m1-pro-16gb-local,e7b58d28053da7528e79f9a537dc65b08329ae158046583b9d6e101ee929cf46,aligned,vdsp-ols-identity-float,1,0,0,65536,1,1024,0,2048,throughput,48000,0,steady,1,64,spec012-confirm-01,0,13.785675048828125,ns/engine-sample,1,65536,1.3653333333333333,64,903458.0,903.458,903458.0,903458.0,903458.0,903458.0,903.458,903.458,903.458,903.458,,,,0.042,0.042,0.0,10.65625,21.3125,,0.0,0.0,/Users/christiankauten/Documents/Projects/Rack/plugins/Fourier/.build/spec012/confirm-01-single-sample/workload-0040-repeat-00.csv,901078661e049259cfb30973353cdaa94f0e848da41802340a59e90b9ad50624
3aeff8d50243a034,m1-pro-16gb-local,e7b58d28053da7528e79f9a537dc65b08329ae158046583b9d6e101ee929cf46,aligned,vdsp-ols-identity-float,1,0,0,65536,1,1024,0,2048,throughput,48000,0,steady,1,64,spec012-confirm-01,1,13.845443725585938,ns/engine-sample,1,65536,1.3653333333333333,64,907375.0,907.375,907375.0,907375.0,907375.0,907375.0,907.375,907.375,907.375,907.375,,,,0.042,0.042,0.0,10.65625,21.3125,,0.0,0.0,/Users/christiankauten/Documents/Projects/Rack/plugins/Fourier/.build/spec012/confirm-01-single-sample/workload-0040-repeat-01.csv,b632ef27af3cf0afad2d9862c92656edd873e8ab803a51b800e8128c38960957
3aeff8d50243a034,m1-pro-16gb-local,e7b58d28053da7528e79f9a537dc65b08329ae158046583b9d6e101ee929cf46,aligned,vdsp-ols-identity-float,1,0,0,65536,1,1024,0,2048,throughput,48000,0,steady,1,64,spec012-confirm-01,2,13.760894775390625,ns/engine-sample,1,65536,1.3653333333333333,64,901834.0,901.834,901834.0,901834.0,901834.0,901834.0,901.834,901.834,901.834,901.834,,,,0.042,0.042,0.0,10.65625,21.3125,,0.0,0.0,/Users/christiankauten/Documents/Projects/Rack/plugins/Fourier/.build/spec012/confirm-01-single-sample/workload-0040-repeat-02.csv,b06d10ce4d70c1c8921ec4a2cf3ce8f64c1e29dba735fe1d03b3d871b5bccc0a
3aeff8d50243a034,m1-pro-16gb-local,e7b58d28053da7528e79f9a537dc65b08329ae158046583b9d6e101ee929cf46,aligned,vdsp-ols-identity-float,1,0,0,65536,1,1024,0,2048,throughput,48000,0,steady,1,64,spec012-confirm-02,0,16.31927490234375,ns/engine-sample,1,65536,1.3653333333333333,64,1069500.0,1069.5,1069500.0,1069500.0,1069500.0,1069500.0,1069.5,1069.5,1069.5,1069.5,,,,0.042,0.042,0.0,10.65625,21.3125,,0.0,0.0,/Users/christiankauten/Documents/Projects/Rack/plugins/Fourier/.build/spec012/confirm-02-single-sample/workload-0040-repeat-00.csv,ea56f4cc43ccbeb9958b028d651d25f1a35958f6be98949fa8a685499268869f
3aeff8d50243a034,m1-pro-16gb-local,e7b58d28053da7528e79f9a537dc65b08329ae158046583b9d6e101ee929cf46,aligned,vdsp-ols-identity-float,1,0,0,65536,1,1024,0,2048,throughput,48000,0,steady,1,64,spec012-confirm-02,1,13.837814331054688,ns/engine-sample,1,65536,1.3653333333333333,64,906875.0,906.875,906875.0,906875.0,906875.0,906875.0,906.875,906.875,906.875,906.875,,,,0.042,0.042,0.0,10.65625,21.3125,,0.0,0.0,/Users/christiankauten/Documents/Projects/Rack/plugins/Fourier/.build/spec012/confirm-02-single-sample/workload-0040-repeat-01.csv,c0c8e172449c961eb1c50743abeb8dcd1b0bde553b2a960d8136cd9f3f35cd5d
3aeff8d50243a034,m1-pro-16gb-local,e7b58d28053da7528e79f9a537dc65b08329ae158046583b9d6e101ee929cf46,aligned,vdsp-ols-identity-float,1,0,0,65536,1,1024,0,2048,throughput,48000,0,steady,1,64,spec012-confirm-02,2,14.076873779296875,ns/engine-sample,1,65536,1.3653333333333333,64,922542.0,922.542,922542.0,922542.0,922542.0,922542.0,922.542,922.542,922.542,922.542,,,,0.042,0.042,0.0,10.65625,21.3125,,0.0,0.0,/Users/christiankauten/Documents/Projects/Rack/plugins/Fourier/.build/spec012/confirm-02-single-sample/workload-0040-repeat-02.csv,a79c9327246ed8ebd4b7ff1e5490ad241a95cfe58e491566efd71a50b9eeead5
3aeff8d50243a034,m1-pro-16gb-local,e7b58d28053da7528e79f9a537dc65b08329ae158046583b9d6e101ee929cf46,aligned,vdsp-ols-identity-float,1,0,0,65536,1,1024,0,2048,throughput,48000,0,steady,1,64,spec012-confirm-03,0,13.707489013671875,ns/engine-sample,1,65536,1.3653333333333333,64,898334.0,898.334,898334.0,898334.0,898334.0,898334.0,898.334,898.334,898.334,898.334,,,,0.042,0.042,0.0,10.65625,21.3125,,0.0,0.0,/Users/christiankauten/Documents/Projects/Rack/plugins/Fourier/.build/spec012/confirm-03-single-sample/workload-0040-repeat-00.csv,2d9ad3c6966fb362ee764c6ac574644df31eb97f1dabd27ffdfe7a6c4e8c1fe9
3aeff8d50243a034,m1-pro-16gb-local,e7b58d28053da7528e79f9a537dc65b08329ae158046583b9d6e101ee929cf46,aligned,vdsp-ols-identity-float,1,0,0,65536,1,1024,0,2048,throughput,48000,0,steady,1,64,spec012-confirm-03,1,13.704940795898438,ns/engine-sample,1,65536,1.3653333333333333,64,898167.0,898.167,898167.0,898167.0,898167.0,898167.0,898.167,898.167,898.167,898.167,,,,0.042,0.042,0.0,10.65625,21.3125,,0.0,0.0,/Users/christiankauten/Documents/Projects/Rack/plugins/Fourier/.build/spec012/confirm-03-single-sample/workload-0040-repeat-01.csv,7b71183d87606008d741f5ebb8bf83078b1808dd43adc8a115d5906272daf264
3aeff8d50243a034,m1-pro-16gb-local,e7b58d28053da7528e79f9a537dc65b08329ae158046583b9d6e101ee929cf46,aligned,vdsp-ols-identity-float,1,0,0,65536,1,1024,0,2048,throughput,48000,0,steady,1,64,spec012-confirm-03,2,15.6707763671875,ns/engine-sample,1,65536,1.3653333333333333,64,1027000.0,1027.0,1027000.0,1027000.0,1027000.0,1027000.0,1027.0,1027.0,1027.0,1027.0,,,,0.042,0.042,0.0,10.65625,21.3125,,0.0,0.0,/Users/christiankauten/Documents/Projects/Rack/plugins/Fourier/.build/spec012/confirm-03-single-sample/workload-0040-repeat-02.csv,b01bc0f8b2d9c8421d08db4a1e4fbe0c6bf17f71034b1739b3720433eef65ef7
3aeff8d50243a034,m1-pro-16gb-local,eaba24a30b14dca78395242ffada6fa853819bbb2a84a3a8f53e93885c866e2e,aligned,pffft-ols-identity-float,1,0,0,65536,1,1024,0,2048,throughput,48000,0,steady,1,64,spec012-confirm-01,0,15.31536865234375,ns/engine-sample,1,65536,1.3653333333333333,64,1003708.0,1003.708,1003708.0,1003708.0,1003708.0,1003708.0,1003.708,1003.708,1003.708,1003.708,,,,0.042,0.042,0.0,10.65625,21.3125,,0.0,0.0,/Users/christiankauten/Documents/Projects/Rack/plugins/Fourier/.build/spec012/confirm-01-single-sample/workload-0038-repeat-00.csv,6f4b5470a9f47cdb4eb0166c6bc5ae711b27dcadb75767eb293ff940357aad83
3aeff8d50243a034,m1-pro-16gb-local,eaba24a30b14dca78395242ffada6fa853819bbb2a84a3a8f53e93885c866e2e,aligned,pffft-ols-identity-float,1,0,0,65536,1,1024,0,2048,throughput,48000,0,steady,1,64,spec012-confirm-01,1,15.215560913085938,ns/engine-sample,1,65536,1.3653333333333333,64,997167.0,997.167,997167.0,997167.0,997167.0,997167.0,997.167,997.167,997.167,997.167,,,,0.042,0.042,0.0,10.65625,21.3125,,0.0,0.0,/Users/christiankauten/Documents/Projects/Rack/plugins/Fourier/.build/spec012/confirm-01-single-sample/workload-0038-repeat-01.csv,402b57cb023728d82c3c8313da44ce1256c7797ca9065ac0b63c9e005892b1ad
3aeff8d50243a034,m1-pro-16gb-local,eaba24a30b14dca78395242ffada6fa853819bbb2a84a3a8f53e93885c866e2e,aligned,pffft-ols-identity-float,1,0,0,65536,1,1024,0,2048,throughput,48000,0,steady,1,64,spec012-confirm-01,2,15.338897705078125,ns/engine-sample,1,65536,1.3653333333333333,64,1005250.0,1005.25,1005250.0,1005250.0,1005250.0,1005250.0,1005.25,1005.25,1005.25,1005.25,,,,0.042,0.042,0.0,10.65625,21.3125,,0.0,0.0,/Users/christiankauten/Documents/Projects/Rack/plugins/Fourier/.build/spec012/confirm-01-single-sample/workload-0038-repeat-02.csv,0421752ee96437975c8c5c2634963de69665614da032d4333d07f87511a8d427
3aeff8d50243a034,m1-pro-16gb-local,eaba24a30b14dca78395242ffada6fa853819bbb2a84a3a8f53e93885c866e2e,aligned,pffft-ols-identity-float,1,0,0,65536,1,1024,0,2048,throughput,48000,0,steady,1,64,spec012-confirm-02,0,15.673324584960938,ns/engine-sample,1,65536,1.3653333333333333,64,1027167.0,1027.167,1027167.0,1027167.0,1027167.0,1027167.0,1027.167,1027.167,1027.167,1027.167,,,,0.042,0.042,0.0,10.65625,21.3125,,0.0,0.0,/Users/christiankauten/Documents/Projects/Rack/plugins/Fourier/.build/spec012/confirm-02-single-sample/workload-0038-repeat-00.csv,99dc76954248ae85f29557bd0066e7fafc92879a9a25ea11bcb58a67e6f54e72
3aeff8d50243a034,m1-pro-16gb-local,eaba24a30b14dca78395242ffada6fa853819bbb2a84a3a8f53e93885c866e2e,aligned,pffft-ols-identity-float,1,0,0,65536,1,1024,0,2048,throughput,48000,0,steady,1,64,spec012-confirm-02,1,15.181228637695312,ns/engine-sample,1,65536,1.3653333333333333,64,994917.0,994.917,994917.0,994917.0,994917.0,994917.0,994.917,994.917,994.917,994.917,,,,0.042,0.042,0.0,10.65625,21.3125,,0.0,0.0,/Users/christiankauten/Documents/Projects/Rack/plugins/Fourier/.build/spec012/confirm-02-single-sample/workload-0038-repeat-01.csv,cfbefc1e76e81882d6dc035d65522fa0f31e111bdae9c64c0d6f546134ebb4e6
3aeff8d50243a034,m1-pro-16gb-local,eaba24a30b14dca78395242ffada6fa853819bbb2a84a3a8f53e93885c866e2e,aligned,pffft-ols-identity-float,1,0,0,65536,1,1024,0,2048,throughput,48000,0,steady,1,64,spec012-confirm-02,2,15.669509887695312,ns/engine-sample,1,65536,1.3653333333333333,64,1026917.0,1026.917,1026917.0,1026917.0,1026917.0,1026917.0,1026.917,1026.917,1026.917,1026.917,,,,0.042,0.083,0.0,10.65625,21.3125,,0.0,0.0,/Users/christiankauten/Documents/Projects/Rack/plugins/Fourier/.build/spec012/confirm-02-single-sample/workload-0038-repeat-02.csv,094b97629a545ec7060ad5854d44fd793a1b5c495847f6e1d4fe01eb29939888
3aeff8d50243a034,m1-pro-16gb-local,eaba24a30b14dca78395242ffada6fa853819bbb2a84a3a8f53e93885c866e2e,aligned,pffft-ols-identity-float,1,0,0,65536,1,1024,0,2048,throughput,48000,0,steady,1,64,spec012-confirm-03,0,15.430450439453125,ns/engine-sample,1,65536,1.3653333333333333,64,1011250.0,1011.25,1011250.0,1011250.0,1011250.0,1011250.0,1011.25,1011.25,1011.25,1011.25,,,,0.042,0.042,0.0,10.65625,21.3125,,0.0,0.0,/Users/christiankauten/Documents/Projects/Rack/plugins/Fourier/.build/spec012/confirm-03-single-sample/workload-0038-repeat-00.csv,a9cad659a58bdeff4547602eb48fba9be9ab4cf685f2a71e3cf66d8e17907d32
3aeff8d50243a034,m1-pro-16gb-local,eaba24a30b14dca78395242ffada6fa853819bbb2a84a3a8f53e93885c866e2e,aligned,pffft-ols-identity-float,1,0,0,65536,1,1024,0,2048,throughput,48000,0,steady,1,64,spec012-confirm-03,1,15.230178833007812,ns/engine-sample,1,65536,1.3653333333333333,64,998125.0,998.125,998125.0,998125.0,998125.0,998125.0,998.125,998.125,998.125,998.125,,,,0.042,0.084,0.0,10.65625,21.3125,,0.0,0.0,/Users/christiankauten/Documents/Projects/Rack/plugins/Fourier/.build/spec012/confirm-03-single-sample/workload-0038-repeat-01.csv,fb831ed91ea2723cc30e264aa32c113dee80325e6bdb9a055255f59891e49496
3aeff8d50243a034,m1-pro-16gb-local,eaba24a30b14dca78395242ffada6fa853819bbb2a84a3a8f53e93885c866e2e,aligned,pffft-ols-identity-float,1,0,0,65536,1,1024,0,2048,throughput,48000,0,steady,1,64,spec012-confirm-03,2,16.180038452148438,ns/engine-sample,1,65536,1.3653333333333333,64,1060375.0,1060.375,1060375.0,1060375.0,1060375.0,1060375.0,1060.375,1060.375,1060.375,1060.375,,,,0.042,0.042,0.0,10.65625,21.3125,,0.0,0.0,/Users/christiankauten/Documents/Projects/Rack/plugins/Fourier/.build/spec012/confirm-03-single-sample/workload-0038-repeat-02.csv,da0603749c58c9386fb82b9d2500eb20cbfce70754a2cbc363bf60426e08f94f
3aeff8d50243a034,m1-pro-16gb-local,ee65ff2a5dd03eb0fd36ce67d0ff50f46fbcc7ea79b3fd485f3e451f2ec5c5ac,aligned,vdsp-ols-fir-float,1,0,0,65536,1,1024,0,2048,callback,48000,0,steady,1,64,spec012-confirm-01,0,27.712997436523438,ns/engine-sample,65536,65536,1.3653333333333333,64,1816199.0,1816.199,0.0,42.0,42.0,9416.0,0.0,0.042,0.042,9.416,20.833333333333332,0,0.0,0.042,0.042,0.0,10.65625,21.3125,,0.0,0.0,/Users/christiankauten/Documents/Projects/Rack/plugins/Fourier/.build/spec012/confirm-01-single-sample/workload-0022-repeat-00.csv,099c0ed884a6efb4bc90f7cb213a4d1ec97e14156e7819892e8c73539bf47425
3aeff8d50243a034,m1-pro-16gb-local,ee65ff2a5dd03eb0fd36ce67d0ff50f46fbcc7ea79b3fd485f3e451f2ec5c5ac,aligned,vdsp-ols-fir-float,1,0,0,65536,1,1024,0,2048,callback,48000,0,steady,1,64,spec012-confirm-01,1,27.655120849609375,ns/engine-sample,65536,65536,1.3653333333333333,64,1812406.0,1812.406,0.0,42.0,42.0,9042.0,0.0,0.042,0.042,9.042,20.833333333333332,0,0.0,0.042,0.042,0.0,10.65625,21.3125,,0.0,0.0,/Users/christiankauten/Documents/Projects/Rack/plugins/Fourier/.build/spec012/confirm-01-single-sample/workload-0022-repeat-01.csv,51bee019d7f493a0a8be12abd669a337f09359c99b56746c98dc22e2a6793c9b
3aeff8d50243a034,m1-pro-16gb-local,ee65ff2a5dd03eb0fd36ce67d0ff50f46fbcc7ea79b3fd485f3e451f2ec5c5ac,aligned,vdsp-ols-fir-float,1,0,0,65536,1,1024,0,2048,callback,48000,0,steady,1,64,spec012-confirm-01,2,27.646240234375,ns/engine-sample,65536,65536,1.3653333333333333,64,1811824.0,1811.824,0.0,42.0,42.0,9333.0,0.0,0.042,0.042,9.333,20.833333333333332,0,0.0,0.042,0.042,0.0,10.65625,21.3125,,0.0,0.0,/Users/christiankauten/Documents/Projects/Rack/plugins/Fourier/.build/spec012/confirm-01-single-sample/workload-0022-repeat-02.csv,4d2fe406648b85cdbff3c0c6abd13c90a585a842ed3bed837de0cf6f7050469a
3aeff8d50243a034,m1-pro-16gb-local,ee65ff2a5dd03eb0fd36ce67d0ff50f46fbcc7ea79b3fd485f3e451f2ec5c5ac,aligned,vdsp-ols-fir-float,1,0,0,65536,1,1024,0,2048,callback,48000,0,steady,1,64,spec012-confirm-02,0,27.755645751953125,ns/engine-sample,65536,65536,1.3653333333333333,64,1818994.0,1818.994,0.0,42.0,42.0,9209.0,0.0,0.042,0.042,9.209,20.833333333333332,0,0.0,0.042,0.042,0.0,10.65625,21.3125,,0.0,0.0,/Users/christiankauten/Documents/Projects/Rack/plugins/Fourier/.build/spec012/confirm-02-single-sample/workload-0022-repeat-00.csv,1ca7711baf69757ed623505378d71e23fecae5f8c425397c65597156da951362
3aeff8d50243a034,m1-pro-16gb-local,ee65ff2a5dd03eb0fd36ce67d0ff50f46fbcc7ea79b3fd485f3e451f2ec5c5ac,aligned,vdsp-ols-fir-float,1,0,0,65536,1,1024,0,2048,callback,48000,0,steady,1,64,spec012-confirm-02,1,29.204788208007812,ns/engine-sample,65536,65536,1.3653333333333333,64,1913965.0,1913.965,0.0,42.0,42.0,20417.0,0.0,0.042,0.042,20.417,20.833333333333332,0,0.0,0.042,0.042,0.0,10.65625,21.3125,,0.0,0.0,/Users/christiankauten/Documents/Projects/Rack/plugins/Fourier/.build/spec012/confirm-02-single-sample/workload-0022-repeat-01.csv,bda4892c513f3e58005259e405643ac0dfc18d121d81adf1bef070c0728f44cb
3aeff8d50243a034,m1-pro-16gb-local,ee65ff2a5dd03eb0fd36ce67d0ff50f46fbcc7ea79b3fd485f3e451f2ec5c5ac,aligned,vdsp-ols-fir-float,1,0,0,65536,1,1024,0,2048,callback,48000,0,steady,1,64,spec012-confirm-02,2,28.55950927734375,ns/engine-sample,65536,65536,1.3653333333333333,64,1871676.0,1871.676,0.0,42.0,42.0,9375.0,0.0,0.042,0.042,9.375,20.833333333333332,0,0.0,0.042,0.042,0.0,10.65625,21.3125,,0.0,0.0,/Users/christiankauten/Documents/Projects/Rack/plugins/Fourier/.build/spec012/confirm-02-single-sample/workload-0022-repeat-02.csv,7efc3c03528736af3d3a6775bb935446e2fb4cab16a49974ba75445b873cfb7e
3aeff8d50243a034,m1-pro-16gb-local,ee65ff2a5dd03eb0fd36ce67d0ff50f46fbcc7ea79b3fd485f3e451f2ec5c5ac,aligned,vdsp-ols-fir-float,1,0,0,65536,1,1024,0,2048,callback,48000,0,steady,1,64,spec012-confirm-03,0,29.251876831054688,ns/engine-sample,65536,65536,1.3653333333333333,64,1917051.0,1917.051,0.0,42.0,42.0,9791.0,0.0,0.042,0.042,9.791,20.833333333333332,0,0.0,0.042,0.083,0.0,10.65625,21.3125,,0.0,0.0,/Users/christiankauten/Documents/Projects/Rack/plugins/Fourier/.build/spec012/confirm-03-single-sample/workload-0022-repeat-00.csv,6784c2b119a7ba3c2b563fc1f166f4fe9f5326ca61a86f8f7b044cf3d17dd520
3aeff8d50243a034,m1-pro-16gb-local,ee65ff2a5dd03eb0fd36ce67d0ff50f46fbcc7ea79b3fd485f3e451f2ec5c5ac,aligned,vdsp-ols-fir-float,1,0,0,65536,1,1024,0,2048,callback,48000,0,steady,1,64,spec012-confirm-03,1,27.765289306640625,ns/engine-sample,65536,65536,1.3653333333333333,64,1819626.0,1819.626,0.0,42.0,42.0,9292.0,0.0,0.042,0.042,9.292,20.833333333333332,0,0.0,0.042,0.042,0.0,10.65625,21.3125,,0.0,0.0,/Users/christiankauten/Documents/Projects/Rack/plugins/Fourier/.build/spec012/confirm-03-single-sample/workload-0022-repeat-01.csv,10b8425eafe39f2a601f4af06ba9990ab8d8927056fdd7e036f1446f581cad0a
3aeff8d50243a034,m1-pro-16gb-local,ee65ff2a5dd03eb0fd36ce67d0ff50f46fbcc7ea79b3fd485f3e451f2ec5c5ac,aligned,vdsp-ols-fir-float,1,0,0,65536,1,1024,0,2048,callback,48000,0,steady,1,64,spec012-confirm-03,2,29.62158203125,ns/engine-sample,65536,65536,1.3653333333333333,64,1941280.0,1941.28,0.0,42.0,42.0,9709.0,0.0,0.042,0.042,9.709,20.833333333333332,0,0.0,0.042,0.167,0.0,10.65625,21.3125,,0.0,0.0,/Users/christiankauten/Documents/Projects/Rack/plugins/Fourier/.build/spec012/confirm-03-single-sample/workload-0022-repeat-02.csv,1c8e47229c41d71468fff8a7a05d830fa221511374bf7970cdc977600a87081f
3aeff8d50243a034,m1-pro-16gb-local,efc43fab13b15b7ac24a02a17c9e63354c2eda0913f4f418d7da09e01fc5743f,aligned,fftw-inverse-float,1,0,0,65536,1,1024,0,2048,callback,48000,0,steady,1,64,spec012-confirm-01,0,23.70220947265625,ns/engine-sample,65536,65536,1.3653333333333333,64,1553348.0,1553.348,0.0,42.0,42.0,5334.0,0.0,0.042,0.042,5.334,20.833333333333332,0,0.0,0.042,0.083,0.0,0.0,,,0.0,0.0,/Users/christiankauten/Documents/Projects/Rack/plugins/Fourier/.build/spec012/confirm-01-single-sample/workload-0011-repeat-00.csv,6a1d85379de7761bdd297eb6302c44d8b0c0a1ea831c44ab833487e4cac066b5
3aeff8d50243a034,m1-pro-16gb-local,efc43fab13b15b7ac24a02a17c9e63354c2eda0913f4f418d7da09e01fc5743f,aligned,fftw-inverse-float,1,0,0,65536,1,1024,0,2048,callback,48000,0,steady,1,64,spec012-confirm-01,1,22.946151733398438,ns/engine-sample,65536,65536,1.3653333333333333,64,1503799.0,1503.799,0.0,42.0,42.0,5042.0,0.0,0.042,0.042,5.042,20.833333333333332,0,0.0,0.042,0.042,0.0,0.0,,,0.0,0.0,/Users/christiankauten/Documents/Projects/Rack/plugins/Fourier/.build/spec012/confirm-01-single-sample/workload-0011-repeat-01.csv,b87ba2025e22521bcc93661ba8d03669b2ce2031fdb125b9dd3e764c1957e557
3aeff8d50243a034,m1-pro-16gb-local,efc43fab13b15b7ac24a02a17c9e63354c2eda0913f4f418d7da09e01fc5743f,aligned,fftw-inverse-float,1,0,0,65536,1,1024,0,2048,callback,48000,0,steady,1,64,spec012-confirm-01,2,23.049530029296875,ns/engine-sample,65536,65536,1.3653333333333333,64,1510574.0,1510.574,0.0,42.0,42.0,5208.0,0.0,0.042,0.042,5.208,20.833333333333332,0,0.0,0.042,0.042,0.0,0.0,,,0.0,0.0,/Users/christiankauten/Documents/Projects/Rack/plugins/Fourier/.build/spec012/confirm-01-single-sample/workload-0011-repeat-02.csv,18ca71743bb5c857b3778623ecf91789fcda7fe412106a1f28a2ab7c1c36f790
3aeff8d50243a034,m1-pro-16gb-local,efc43fab13b15b7ac24a02a17c9e63354c2eda0913f4f418d7da09e01fc5743f,aligned,fftw-inverse-float,1,0,0,65536,1,1024,0,2048,callback,48000,0,steady,1,64,spec012-confirm-02,0,22.92242431640625,ns/engine-sample,65536,65536,1.3653333333333333,64,1502244.0,1502.244,0.0,42.0,42.0,4917.0,0.0,0.042,0.042,4.917,20.833333333333332,0,0.0,0.042,0.042,0.0,0.0,,,0.0,0.0,/Users/christiankauten/Documents/Projects/Rack/plugins/Fourier/.build/spec012/confirm-02-single-sample/workload-0011-repeat-00.csv,296a94069a7fb314ede82e18b00d2f6458cffde77ae67e443cdfd40e8b146968
3aeff8d50243a034,m1-pro-16gb-local,efc43fab13b15b7ac24a02a17c9e63354c2eda0913f4f418d7da09e01fc5743f,aligned,fftw-inverse-float,1,0,0,65536,1,1024,0,2048,callback,48000,0,steady,1,64,spec012-confirm-02,1,22.976593017578125,ns/engine-sample,65536,65536,1.3653333333333333,64,1505794.0,1505.794,0.0,42.0,42.0,5042.0,0.0,0.042,0.042,5.042,20.833333333333332,0,0.0,0.042,0.042,0.0,0.0,,,0.0,0.0,/Users/christiankauten/Documents/Projects/Rack/plugins/Fourier/.build/spec012/confirm-02-single-sample/workload-0011-repeat-01.csv,e4d5deb8ff1180c7928a3624410df52dcec74412cf25b3367ef49f9301352663
3aeff8d50243a034,m1-pro-16gb-local,efc43fab13b15b7ac24a02a17c9e63354c2eda0913f4f418d7da09e01fc5743f,aligned,fftw-inverse-float,1,0,0,65536,1,1024,0,2048,callback,48000,0,steady,1,64,spec012-confirm-02,2,22.929046630859375,ns/engine-sample,65536,65536,1.3653333333333333,64,1502678.0,1502.678,0.0,42.0,42.0,5250.0,0.0,0.042,0.042,5.25,20.833333333333332,0,0.0,0.042,0.042,0.0,0.0,,,0.0,0.0,/Users/christiankauten/Documents/Projects/Rack/plugins/Fourier/.build/spec012/confirm-02-single-sample/workload-0011-repeat-02.csv,026df211964b91dfaa059855427a8bee1fca17ea06dee52bdae863b3e3a99d2d
3aeff8d50243a034,m1-pro-16gb-local,efc43fab13b15b7ac24a02a17c9e63354c2eda0913f4f418d7da09e01fc5743f,aligned,fftw-inverse-float,1,0,0,65536,1,1024,0,2048,callback,48000,0,steady,1,64,spec012-confirm-03,0,22.930465698242188,ns/engine-sample,65536,65536,1.3653333333333333,64,1502771.0,1502.771,0.0,42.0,42.0,5042.0,0.0,0.042,0.042,5.042,20.833333333333332,0,0.0,0.042,0.042,0.0,0.0,,,0.0,0.0,/Users/christiankauten/Documents/Projects/Rack/plugins/Fourier/.build/spec012/confirm-03-single-sample/workload-0011-repeat-00.csv,b9738f86278b896fcbba2fdfe8800dbeb139a06c6f0613f2587eafc13dc5e380
3aeff8d50243a034,m1-pro-16gb-local,efc43fab13b15b7ac24a02a17c9e63354c2eda0913f4f418d7da09e01fc5743f,aligned,fftw-inverse-float,1,0,0,65536,1,1024,0,2048,callback,48000,0,steady,1,64,spec012-confirm-03,1,24.512435913085938,ns/engine-sample,65536,65536,1.3653333333333333,64,1606447.0,1606.447,0.0,42.0,42.0,19250.0,0.0,0.042,0.042,19.25,20.833333333333332,0,0.0,0.042,0.042,0.0,0.0,,,0.0,0.0,/Users/christiankauten/Documents/Projects/Rack/plugins/Fourier/.build/spec012/confirm-03-single-sample/workload-0011-repeat-01.csv,660cc4b0e08d85511d8af01ecf98c400b9118572571f01b0fb7dda8907e5b64f
3aeff8d50243a034,m1-pro-16gb-local,efc43fab13b15b7ac24a02a17c9e63354c2eda0913f4f418d7da09e01fc5743f,aligned,fftw-inverse-float,1,0,0,65536,1,1024,0,2048,callback,48000,0,steady,1,64,spec012-confirm-03,2,22.943374633789062,ns/engine-sample,65536,65536,1.3653333333333333,64,1503617.0,1503.617,0.0,42.0,42.0,5083.0,0.0,0.042,0.042,5.083,20.833333333333332,0,0.0,0.042,0.042,0.0,0.0,,,0.0,0.0,/Users/christiankauten/Documents/Projects/Rack/plugins/Fourier/.build/spec012/confirm-03-single-sample/workload-0011-repeat-02.csv,50161d2d1e74b8f13097d71fa6011c460a5ab0e30f73f17f5427a3abab096f61
3aeff8d50243a034,m1-pro-16gb-local,f0b5b042e6652115a256077d3682296059adbe8c2baf85550a9816aa2549dd99,aligned,pffft-analysis-float,1,0,0,65536,1,1024,0,2048,callback,48000,0,steady,1,64,spec012-confirm-01,0,23.95196533203125,ns/engine-sample,65536,65536,1.3653333333333333,64,1569716.0,1569.716,0.0,42.0,42.0,4958.0,0.0,0.042,0.042,4.958,20.833333333333332,0,0.0,0.042,0.042,0.0,21.322916666666668,,21.322916666666668,0.0,0.0,/Users/christiankauten/Documents/Projects/Rack/plugins/Fourier/.build/spec012/confirm-01-single-sample/workload-0003-repeat-00.csv,0655d7d8ef4856500670f48a8fd92490a3d443f1241c63dbd746778d2b082f93
3aeff8d50243a034,m1-pro-16gb-local,f0b5b042e6652115a256077d3682296059adbe8c2baf85550a9816aa2549dd99,aligned,pffft-analysis-float,1,0,0,65536,1,1024,0,2048,callback,48000,0,steady,1,64,spec012-confirm-01,1,23.187286376953125,ns/engine-sample,65536,65536,1.3653333333333333,64,1519602.0,1519.602,0.0,42.0,42.0,4791.0,0.0,0.042,0.042,4.791,20.833333333333332,0,0.0,0.042,0.042,0.0,21.322916666666668,,21.322916666666668,0.0,0.0,/Users/christiankauten/Documents/Projects/Rack/plugins/Fourier/.build/spec012/confirm-01-single-sample/workload-0003-repeat-01.csv,233078fbcf971a941ff37685df8178c77dda5793b588c51d81880b5f6e6dce3b
3aeff8d50243a034,m1-pro-16gb-local,f0b5b042e6652115a256077d3682296059adbe8c2baf85550a9816aa2549dd99,aligned,pffft-analysis-float,1,0,0,65536,1,1024,0,2048,callback,48000,0,steady,1,64,spec012-confirm-01,2,23.27386474609375,ns/engine-sample,65536,65536,1.3653333333333333,64,1525276.0,1525.276,0.0,42.0,42.0,4792.0,0.0,0.042,0.042,4.792,20.833333333333332,0,0.0,0.042,0.083,0.0,21.322916666666668,,21.322916666666668,0.0,0.0,/Users/christiankauten/Documents/Projects/Rack/plugins/Fourier/.build/spec012/confirm-01-single-sample/workload-0003-repeat-02.csv,bfdb36a6202f4b568d8fc7bc938ce4d43f5ff4e1c52e7bbdbb1c3985938963e8
3aeff8d50243a034,m1-pro-16gb-local,f0b5b042e6652115a256077d3682296059adbe8c2baf85550a9816aa2549dd99,aligned,pffft-analysis-float,1,0,0,65536,1,1024,0,2048,callback,48000,0,steady,1,64,spec012-confirm-02,0,23.379898071289062,ns/engine-sample,65536,65536,1.3653333333333333,64,1532225.0,1532.225,0.0,42.0,42.0,4916.0,0.0,0.042,0.042,4.916,20.833333333333332,0,0.0,0.042,0.042,0.0,21.322916666666668,,21.322916666666668,0.0,0.0,/Users/christiankauten/Documents/Projects/Rack/plugins/Fourier/.build/spec012/confirm-02-single-sample/workload-0003-repeat-00.csv,976e643d846f60936e38d9549865af79c37866b701f753522133cb436b0e0500
3aeff8d50243a034,m1-pro-16gb-local,f0b5b042e6652115a256077d3682296059adbe8c2baf85550a9816aa2549dd99,aligned,pffft-analysis-float,1,0,0,65536,1,1024,0,2048,callback,48000,0,steady,1,64,spec012-confirm-02,1,23.096817016601562,ns/engine-sample,65536,65536,1.3653333333333333,64,1513673.0,1513.673,0.0,42.0,42.0,4709.0,0.0,0.042,0.042,4.709,20.833333333333332,0,0.0,0.042,0.042,0.0,21.322916666666668,,21.322916666666668,0.0,0.0,/Users/christiankauten/Documents/Projects/Rack/plugins/Fourier/.build/spec012/confirm-02-single-sample/workload-0003-repeat-01.csv,f72d362aeb1536303e5bac917be59bdedefb50a0d6d499cce90ab8f810fea050
3aeff8d50243a034,m1-pro-16gb-local,f0b5b042e6652115a256077d3682296059adbe8c2baf85550a9816aa2549dd99,aligned,pffft-analysis-float,1,0,0,65536,1,1024,0,2048,callback,48000,0,steady,1,64,spec012-confirm-02,2,23.747543334960938,ns/engine-sample,65536,65536,1.3653333333333333,64,1556319.0,1556.319,0.0,42.0,42.0,5375.0,0.0,0.042,0.042,5.375,20.833333333333332,0,0.0,0.042,0.042,0.0,21.322916666666668,,21.322916666666668,0.0,0.0,/Users/christiankauten/Documents/Projects/Rack/plugins/Fourier/.build/spec012/confirm-02-single-sample/workload-0003-repeat-02.csv,647a4f0e66c6b17c6e0c471d5240187b50e7f50a395709c2fee16e9ae0ffeb54
3aeff8d50243a034,m1-pro-16gb-local,f0b5b042e6652115a256077d3682296059adbe8c2baf85550a9816aa2549dd99,aligned,pffft-analysis-float,1,0,0,65536,1,1024,0,2048,callback,48000,0,steady,1,64,spec012-confirm-03,0,23.307510375976562,ns/engine-sample,65536,65536,1.3653333333333333,64,1527481.0,1527.481,0.0,42.0,42.0,4834.0,0.0,0.042,0.042,4.834,20.833333333333332,0,0.0,0.042,0.042,0.0,21.322916666666668,,21.322916666666668,0.0,0.0,/Users/christiankauten/Documents/Projects/Rack/plugins/Fourier/.build/spec012/confirm-03-single-sample/workload-0003-repeat-00.csv,72516c2c4ab832fb9cefeb0d38cefe5ecb9c6ecfcf553828caa83b0da5a38235
3aeff8d50243a034,m1-pro-16gb-local,f0b5b042e6652115a256077d3682296059adbe8c2baf85550a9816aa2549dd99,aligned,pffft-analysis-float,1,0,0,65536,1,1024,0,2048,callback,48000,0,steady,1,64,spec012-confirm-03,1,23.236175537109375,ns/engine-sample,65536,65536,1.3653333333333333,64,1522806.0,1522.806,0.0,42.0,42.0,4750.0,0.0,0.042,0.042,4.75,20.833333333333332,0,0.0,0.042,0.042,0.0,21.322916666666668,,21.322916666666668,0.0,0.0,/Users/christiankauten/Documents/Projects/Rack/plugins/Fourier/.build/spec012/confirm-03-single-sample/workload-0003-repeat-01.csv,aebcc66297bb228ac5146ed118901aa6e4b89531f7a920e2a700ce100294f5fa
3aeff8d50243a034,m1-pro-16gb-local,f0b5b042e6652115a256077d3682296059adbe8c2baf85550a9816aa2549dd99,aligned,pffft-analysis-float,1,0,0,65536,1,1024,0,2048,callback,48000,0,steady,1,64,spec012-confirm-03,2,23.283767700195312,ns/engine-sample,65536,65536,1.3653333333333333,64,1525925.0,1525.925,0.0,42.0,42.0,4958.0,0.0,0.042,0.042,4.958,20.833333333333332,0,0.0,0.042,0.042,0.0,21.322916666666668,,21.322916666666668,0.0,0.0,/Users/christiankauten/Documents/Projects/Rack/plugins/Fourier/.build/spec012/confirm-03-single-sample/workload-0003-repeat-02.csv,954c40ef31b416f39272f66a001d926f3fa3cba36351e7d960484cb291153f07
3aeff8d50243a034,m1-pro-16gb-local,f0d6062ca44017ab4d900854d20d74a493619925d66547f1d92706b45823faeb,aligned,ols-fir-batch-float,1,0,0,65536,1,1024,0,2048,throughput,48000,0,steady,1,64,spec012-confirm-01,0,76.12101745605469,ns/engine-sample,1,65536,1.3653333333333333,64,4988667.0,4988.667,4988667.0,4988667.0,4988667.0,4988667.0,4988.667,4988.667,4988.667,4988.667,,,,0.042,0.042,0.0,10.65625,21.3125,,0.0,0.0,/Users/christiankauten/Documents/Projects/Rack/plugins/Fourier/.build/spec012/confirm-01-single-sample/workload-0041-repeat-00.csv,bff449cf3d3a98f02b1865a8f534d5150d0c7258d947b85156e0535c6117dbf7
3aeff8d50243a034,m1-pro-16gb-local,f0d6062ca44017ab4d900854d20d74a493619925d66547f1d92706b45823faeb,aligned,ols-fir-batch-float,1,0,0,65536,1,1024,0,2048,throughput,48000,0,steady,1,64,spec012-confirm-01,1,75.198486328125,ns/engine-sample,1,65536,1.3653333333333333,64,4928208.0,4928.208,4928208.0,4928208.0,4928208.0,4928208.0,4928.208,4928.208,4928.208,4928.208,,,,0.042,0.042,0.0,10.65625,21.3125,,0.0,0.0,/Users/christiankauten/Documents/Projects/Rack/plugins/Fourier/.build/spec012/confirm-01-single-sample/workload-0041-repeat-01.csv,b69cf42c515b13a543d113964b62d61b70c3c71b72e68c239c7ee22b48a0e477
3aeff8d50243a034,m1-pro-16gb-local,f0d6062ca44017ab4d900854d20d74a493619925d66547f1d92706b45823faeb,aligned,ols-fir-batch-float,1,0,0,65536,1,1024,0,2048,throughput,48000,0,steady,1,64,spec012-confirm-01,2,73.66688537597656,ns/engine-sample,1,65536,1.3653333333333333,64,4827833.0,4827.833,4827833.0,4827833.0,4827833.0,4827833.0,4827.833,4827.833,4827.833,4827.833,,,,0.042,0.042,0.0,10.65625,21.3125,,0.0,0.0,/Users/christiankauten/Documents/Projects/Rack/plugins/Fourier/.build/spec012/confirm-01-single-sample/workload-0041-repeat-02.csv,3c8fe67533280b1041882eb3b1b0cc50df343928cb96feeaf0a14cf1f40ba124
3aeff8d50243a034,m1-pro-16gb-local,f0d6062ca44017ab4d900854d20d74a493619925d66547f1d92706b45823faeb,aligned,ols-fir-batch-float,1,0,0,65536,1,1024,0,2048,throughput,48000,0,steady,1,64,spec012-confirm-02,0,74.15008544921875,ns/engine-sample,1,65536,1.3653333333333333,64,4859500.0,4859.5,4859500.0,4859500.0,4859500.0,4859500.0,4859.5,4859.5,4859.5,4859.5,,,,0.042,0.042,0.0,10.65625,21.3125,,0.0,0.0,/Users/christiankauten/Documents/Projects/Rack/plugins/Fourier/.build/spec012/confirm-02-single-sample/workload-0041-repeat-00.csv,f754b75b540df46eabc81b93223e874959648a6352b3bccf50a5b3372bdea584
3aeff8d50243a034,m1-pro-16gb-local,f0d6062ca44017ab4d900854d20d74a493619925d66547f1d92706b45823faeb,aligned,ols-fir-batch-float,1,0,0,65536,1,1024,0,2048,throughput,48000,0,steady,1,64,spec012-confirm-02,1,74.77633666992188,ns/engine-sample,1,65536,1.3653333333333333,64,4900542.0,4900.542,4900542.0,4900542.0,4900542.0,4900542.0,4900.542,4900.542,4900.542,4900.542,,,,0.042,0.042,0.0,10.65625,21.3125,,0.0,0.0,/Users/christiankauten/Documents/Projects/Rack/plugins/Fourier/.build/spec012/confirm-02-single-sample/workload-0041-repeat-01.csv,c89edefa9885a69a85291cc2f2b2172fefd70c1cb728d7a29451200085179c6d
3aeff8d50243a034,m1-pro-16gb-local,f0d6062ca44017ab4d900854d20d74a493619925d66547f1d92706b45823faeb,aligned,ols-fir-batch-float,1,0,0,65536,1,1024,0,2048,throughput,48000,0,steady,1,64,spec012-confirm-02,2,73.90594482421875,ns/engine-sample,1,65536,1.3653333333333333,64,4843500.0,4843.5,4843500.0,4843500.0,4843500.0,4843500.0,4843.5,4843.5,4843.5,4843.5,,,,0.042,0.042,0.0,10.65625,21.3125,,0.0,0.0,/Users/christiankauten/Documents/Projects/Rack/plugins/Fourier/.build/spec012/confirm-02-single-sample/workload-0041-repeat-02.csv,92dde264630058b56b62927eee5d46227d5b94fb02fe1d7736e3f240ca61374c
3aeff8d50243a034,m1-pro-16gb-local,f0d6062ca44017ab4d900854d20d74a493619925d66547f1d92706b45823faeb,aligned,ols-fir-batch-float,1,0,0,65536,1,1024,0,2048,throughput,48000,0,steady,1,64,spec012-confirm-03,0,74.65553283691406,ns/engine-sample,1,65536,1.3653333333333333,64,4892625.0,4892.625,4892625.0,4892625.0,4892625.0,4892625.0,4892.625,4892.625,4892.625,4892.625,,,,0.042,0.042,0.0,10.65625,21.3125,,0.0,0.0,/Users/christiankauten/Documents/Projects/Rack/plugins/Fourier/.build/spec012/confirm-03-single-sample/workload-0041-repeat-00.csv,a08dcfea583b1813d601481fe42bd584da2c07ff3a03822f68d22e7cc8ac4275
3aeff8d50243a034,m1-pro-16gb-local,f0d6062ca44017ab4d900854d20d74a493619925d66547f1d92706b45823faeb,aligned,ols-fir-batch-float,1,0,0,65536,1,1024,0,2048,throughput,48000,0,steady,1,64,spec012-confirm-03,1,76.92337036132812,ns/engine-sample,1,65536,1.3653333333333333,64,5041250.0,5041.25,5041250.0,5041250.0,5041250.0,5041250.0,5041.25,5041.25,5041.25,5041.25,,,,0.042,0.042,0.0,10.65625,21.3125,,0.0,0.0,/Users/christiankauten/Documents/Projects/Rack/plugins/Fourier/.build/spec012/confirm-03-single-sample/workload-0041-repeat-01.csv,919757dc7b3175c8c3dd2e16cbc77c2acd9b18e8912e8b62036b22b34ad41ef1
3aeff8d50243a034,m1-pro-16gb-local,f0d6062ca44017ab4d900854d20d74a493619925d66547f1d92706b45823faeb,aligned,ols-fir-batch-float,1,0,0,65536,1,1024,0,2048,throughput,48000,0,steady,1,64,spec012-confirm-03,2,75.01283264160156,ns/engine-sample,1,65536,1.3653333333333333,64,4916041.0,4916.041,4916041.0,4916041.0,4916041.0,4916041.0,4916.041,4916.041,4916.041,4916.041,,,,0.042,0.042,0.0,10.65625,21.3125,,0.0,0.0,/Users/christiankauten/Documents/Projects/Rack/plugins/Fourier/.build/spec012/confirm-03-single-sample/workload-0041-repeat-02.csv,a1a274d6837456e683f3f337ec8081221e358ab8fc22523e4367251340a2df73
3aeff8d50243a034,m1-pro-16gb-local,f96d8235ebc53f1cf5a2b1f97727ad99b4d43eddd6fc5851933651dae4fdb7bc,aligned,ols-identity-incremental-float,1,0,0,65536,1,1024,0,2048,callback,48000,0,steady,1,64,spec012-confirm-01,0,77.63217163085938,ns/engine-sample,65536,65536,1.3653333333333333,64,5087702.0,5087.702,83.0,125.0,208.0,28042.0,0.083,0.125,0.208,28.042,20.833333333333332,1,1.52587890625e-05,0.042,0.042,21.3125,10.65625,42.625,,21.3125,21.3125,/Users/christiankauten/Documents/Projects/Rack/plugins/Fourier/.build/spec012/confirm-01-single-sample/workload-0014-repeat-00.csv,1aa79d6f70a65c816be13a0b6090f922bde409947d36b95f2b345b7bb62a65b1
3aeff8d50243a034,m1-pro-16gb-local,f96d8235ebc53f1cf5a2b1f97727ad99b4d43eddd6fc5851933651dae4fdb7bc,aligned,ols-identity-incremental-float,1,0,0,65536,1,1024,0,2048,callback,48000,0,steady,1,64,spec012-confirm-01,1,79.38192749023438,ns/engine-sample,65536,65536,1.3653333333333333,64,5202374.0,5202.374,83.0,125.0,167.0,4208.0,0.083,0.125,0.167,4.208,20.833333333333332,0,0.0,0.042,0.084,21.3125,10.65625,42.625,,21.3125,21.3125,/Users/christiankauten/Documents/Projects/Rack/plugins/Fourier/.build/spec012/confirm-01-single-sample/workload-0014-repeat-01.csv,ca7fdf0e38dcbb89ea8fd50a359f05b9a33c79e46460c06cfb44137e036ae6b5
3aeff8d50243a034,m1-pro-16gb-local,f96d8235ebc53f1cf5a2b1f97727ad99b4d43eddd6fc5851933651dae4fdb7bc,aligned,ols-identity-incremental-float,1,0,0,65536,1,1024,0,2048,callback,48000,0,steady,1,64,spec012-confirm-01,2,77.03814697265625,ns/engine-sample,65536,65536,1.3653333333333333,64,5048772.0,5048.772,83.0,84.0,167.0,4709.0,0.083,0.084,0.167,4.709,20.833333333333332,0,0.0,0.042,0.042,21.3125,10.65625,42.625,,21.3125,21.3125,/Users/christiankauten/Documents/Projects/Rack/plugins/Fourier/.build/spec012/confirm-01-single-sample/workload-0014-repeat-02.csv,bd7772669e0cc1a158db04a0ee90e6cd6327d31246c42cb4b9a94e8a20cd2b7d
3aeff8d50243a034,m1-pro-16gb-local,f96d8235ebc53f1cf5a2b1f97727ad99b4d43eddd6fc5851933651dae4fdb7bc,aligned,ols-identity-incremental-float,1,0,0,65536,1,1024,0,2048,callback,48000,0,steady,1,64,spec012-confirm-02,0,100.13125610351562,ns/engine-sample,65536,65536,1.3653333333333333,64,6562202.0,6562.202,83.0,292.0,458.0,5000.0,0.083,0.292,0.458,5.0,20.833333333333332,0,0.0,0.042,0.084,21.3125,10.65625,42.625,,21.3125,21.3125,/Users/christiankauten/Documents/Projects/Rack/plugins/Fourier/.build/spec012/confirm-02-single-sample/workload-0014-repeat-00.csv,ee7e2e788e07763848b2b49a16aa72d5860d1eb78bbcb492869dc79d687c6ac3
3aeff8d50243a034,m1-pro-16gb-local,f96d8235ebc53f1cf5a2b1f97727ad99b4d43eddd6fc5851933651dae4fdb7bc,aligned,ols-identity-incremental-float,1,0,0,65536,1,1024,0,2048,callback,48000,0,steady,1,64,spec012-confirm-02,1,77.32240295410156,ns/engine-sample,65536,65536,1.3653333333333333,64,5067401.0,5067.401,83.0,84.0,125.0,8875.0,0.083,0.084,0.125,8.875,20.833333333333332,0,0.0,0.042,0.042,21.3125,10.65625,42.625,,21.3125,21.3125,/Users/christiankauten/Documents/Projects/Rack/plugins/Fourier/.build/spec012/confirm-02-single-sample/workload-0014-repeat-01.csv,47464bdca67240b006a0e349e5ee71551e5f1c98190e534158a70050ce8183bb
3aeff8d50243a034,m1-pro-16gb-local,f96d8235ebc53f1cf5a2b1f97727ad99b4d43eddd6fc5851933651dae4fdb7bc,aligned,ols-identity-incremental-float,1,0,0,65536,1,1024,0,2048,callback,48000,0,steady,1,64,spec012-confirm-02,2,77.9097900390625,ns/engine-sample,65536,65536,1.3653333333333333,64,5105896.0,5105.896,83.0,125.0,125.0,9709.0,0.083,0.125,0.125,9.709,20.833333333333332,0,0.0,0.042,0.042,21.3125,10.65625,42.625,,21.3125,21.3125,/Users/christiankauten/Documents/Projects/Rack/plugins/Fourier/.build/spec012/confirm-02-single-sample/workload-0014-repeat-02.csv,4d38ee63a8b8b62bcd4fa4abdae447e93afaf3a6f3f364e085cde2adea3f322d
3aeff8d50243a034,m1-pro-16gb-local,f96d8235ebc53f1cf5a2b1f97727ad99b4d43eddd6fc5851933651dae4fdb7bc,aligned,ols-identity-incremental-float,1,0,0,65536,1,1024,0,2048,callback,48000,0,steady,1,64,spec012-confirm-03,0,81.66279602050781,ns/engine-sample,65536,65536,1.3653333333333333,64,5351853.0,5351.853,83.0,125.0,167.0,6750.0,0.083,0.125,0.167,6.75,20.833333333333332,0,0.0,0.042,0.042,21.3125,10.65625,42.625,,21.3125,21.3125,/Users/christiankauten/Documents/Projects/Rack/plugins/Fourier/.build/spec012/confirm-03-single-sample/workload-0014-repeat-00.csv,a821e7e3157dcad402ebd9f0c17c13e2b69aab7babbab088a9dc901caaadf02e
3aeff8d50243a034,m1-pro-16gb-local,f96d8235ebc53f1cf5a2b1f97727ad99b4d43eddd6fc5851933651dae4fdb7bc,aligned,ols-identity-incremental-float,1,0,0,65536,1,1024,0,2048,callback,48000,0,steady,1,64,spec012-confirm-03,1,78.43905639648438,ns/engine-sample,65536,65536,1.3653333333333333,64,5140582.0,5140.582,83.0,125.0,166.0,3834.0,0.083,0.125,0.166,3.834,20.833333333333332,0,0.0,0.042,0.042,21.3125,10.65625,42.625,,21.3125,21.3125,/Users/christiankauten/Documents/Projects/Rack/plugins/Fourier/.build/spec012/confirm-03-single-sample/workload-0014-repeat-01.csv,a5dc2b13097bb8c6916128e72bc6537881abfe22125e4710896fc66fdea97a9c
3aeff8d50243a034,m1-pro-16gb-local,f96d8235ebc53f1cf5a2b1f97727ad99b4d43eddd6fc5851933651dae4fdb7bc,aligned,ols-identity-incremental-float,1,0,0,65536,1,1024,0,2048,callback,48000,0,steady,1,64,spec012-confirm-03,2,78.18516540527344,ns/engine-sample,65536,65536,1.3653333333333333,64,5123943.0,5123.943,83.0,125.0,125.0,30208.0,0.083,0.125,0.125,30.208,20.833333333333332,1,1.52587890625e-05,0.042,0.042,21.3125,10.65625,42.625,,21.3125,21.3125,/Users/christiankauten/Documents/Projects/Rack/plugins/Fourier/.build/spec012/confirm-03-single-sample/workload-0014-repeat-02.csv,b7fe2e0dd17a4a1c8593bfb2e264b9cf2ba466ee7f5d67377b0ed08c510ad76b
3aeff8d50243a034,m1-pro-16gb-local,fd335a43fdf070645446c9f209dd2119a4e33eb3de711fb1fa7230e5e78d3615,aligned,core-float,1,0,0,65536,1,1024,0,2048,throughput,48000,0,steady,1,64,spec012-confirm-01,0,20.226791381835938,ns/engine-sample,1,65536,1.3653333333333333,64,1325583.0,1325.583,1325583.0,1325583.0,1325583.0,1325583.0,1325.583,1325.583,1325.583,1325.583,,,,0.042,0.042,21.3125,21.322916666666668,,42.63541666666667,21.3125,21.3125,/Users/christiankauten/Documents/Projects/Rack/plugins/Fourier/.build/spec012/confirm-01-single-sample/workload-0023-repeat-00.csv,1779c3e0903430db98fd63b5fa0482eedad972a05f36b4b53bfb0e11f75b9b81
3aeff8d50243a034,m1-pro-16gb-local,fd335a43fdf070645446c9f209dd2119a4e33eb3de711fb1fa7230e5e78d3615,aligned,core-float,1,0,0,65536,1,1024,0,2048,throughput,48000,0,steady,1,64,spec012-confirm-01,1,20.76849365234375,ns/engine-sample,1,65536,1.3653333333333333,64,1361084.0,1361.084,1361084.0,1361084.0,1361084.0,1361084.0,1361.084,1361.084,1361.084,1361.084,,,,0.042,0.042,21.3125,21.322916666666668,,42.63541666666667,21.3125,21.3125,/Users/christiankauten/Documents/Projects/Rack/plugins/Fourier/.build/spec012/confirm-01-single-sample/workload-0023-repeat-01.csv,e72bcc72c99220fb255af506432d730e378633bac036845bdcdb685d4401a989
3aeff8d50243a034,m1-pro-16gb-local,fd335a43fdf070645446c9f209dd2119a4e33eb3de711fb1fa7230e5e78d3615,aligned,core-float,1,0,0,65536,1,1024,0,2048,throughput,48000,0,steady,1,64,spec012-confirm-01,2,20.261764526367188,ns/engine-sample,1,65536,1.3653333333333333,64,1327875.0,1327.875,1327875.0,1327875.0,1327875.0,1327875.0,1327.875,1327.875,1327.875,1327.875,,,,0.042,0.084,21.3125,21.322916666666668,,42.63541666666667,21.3125,21.3125,/Users/christiankauten/Documents/Projects/Rack/plugins/Fourier/.build/spec012/confirm-01-single-sample/workload-0023-repeat-02.csv,199a60c26af75f8e989770aecdac1566d4045023546db2e0c1d940e393c4d4bc
3aeff8d50243a034,m1-pro-16gb-local,fd335a43fdf070645446c9f209dd2119a4e33eb3de711fb1fa7230e5e78d3615,aligned,core-float,1,0,0,65536,1,1024,0,2048,throughput,48000,0,steady,1,64,spec012-confirm-02,0,20.551681518554688,ns/engine-sample,1,65536,1.3653333333333333,64,1346875.0,1346.875,1346875.0,1346875.0,1346875.0,1346875.0,1346.875,1346.875,1346.875,1346.875,,,,0.042,0.083,21.3125,21.322916666666668,,42.63541666666667,21.3125,21.3125,/Users/christiankauten/Documents/Projects/Rack/plugins/Fourier/.build/spec012/confirm-02-single-sample/workload-0023-repeat-00.csv,1f1468d384484668e87df51fa19cc60aabbc6a7dc17875d0067fa2b46bc17e50
3aeff8d50243a034,m1-pro-16gb-local,fd335a43fdf070645446c9f209dd2119a4e33eb3de711fb1fa7230e5e78d3615,aligned,core-float,1,0,0,65536,1,1024,0,2048,throughput,48000,0,steady,1,64,spec012-confirm-02,1,20.169570922851562,ns/engine-sample,1,65536,1.3653333333333333,64,1321833.0,1321.833,1321833.0,1321833.0,1321833.0,1321833.0,1321.833,1321.833,1321.833,1321.833,,,,0.042,0.042,21.3125,21.322916666666668,,42.63541666666667,21.3125,21.3125,/Users/christiankauten/Documents/Projects/Rack/plugins/Fourier/.build/spec012/confirm-02-single-sample/workload-0023-repeat-01.csv,e80a69608f183e400d1a34f500d97e078a2d6cadd521f7db97903a8a0a428df1
3aeff8d50243a034,m1-pro-16gb-local,fd335a43fdf070645446c9f209dd2119a4e33eb3de711fb1fa7230e5e78d3615,aligned,core-float,1,0,0,65536,1,1024,0,2048,throughput,48000,0,steady,1,64,spec012-confirm-02,2,20.797088623046875,ns/engine-sample,1,65536,1.3653333333333333,64,1362958.0,1362.958,1362958.0,1362958.0,1362958.0,1362958.0,1362.958,1362.958,1362.958,1362.958,,,,0.042,0.042,21.3125,21.322916666666668,,42.63541666666667,21.3125,21.3125,/Users/christiankauten/Documents/Projects/Rack/plugins/Fourier/.build/spec012/confirm-02-single-sample/workload-0023-repeat-02.csv,23efd7f4d207266a41c48504d2226f69ca67089341a981fb01b67c3cddd3a878
3aeff8d50243a034,m1-pro-16gb-local,fd335a43fdf070645446c9f209dd2119a4e33eb3de711fb1fa7230e5e78d3615,aligned,core-float,1,0,0,65536,1,1024,0,2048,throughput,48000,0,steady,1,64,spec012-confirm-03,0,20.172760009765625,ns/engine-sample,1,65536,1.3653333333333333,64,1322042.0,1322.042,1322042.0,1322042.0,1322042.0,1322042.0,1322.042,1322.042,1322.042,1322.042,,,,0.042,0.042,21.3125,21.322916666666668,,42.63541666666667,21.3125,21.3125,/Users/christiankauten/Documents/Projects/Rack/plugins/Fourier/.build/spec012/confirm-03-single-sample/workload-0023-repeat-00.csv,a1c02a9c77c929e32ff71031236e362b822ef1b53a778ce0076b46524c817cf7
3aeff8d50243a034,m1-pro-16gb-local,fd335a43fdf070645446c9f209dd2119a4e33eb3de711fb1fa7230e5e78d3615,aligned,core-float,1,0,0,65536,1,1024,0,2048,throughput,48000,0,steady,1,64,spec012-confirm-03,1,20.18609619140625,ns/engine-sample,1,65536,1.3653333333333333,64,1322916.0,1322.916,1322916.0,1322916.0,1322916.0,1322916.0,1322.916,1322.916,1322.916,1322.916,,,,0.042,0.083,21.3125,21.322916666666668,,42.63541666666667,21.3125,21.3125,/Users/christiankauten/Documents/Projects/Rack/plugins/Fourier/.build/spec012/confirm-03-single-sample/workload-0023-repeat-01.csv,886365c4480375aed7fffd561613d598355d9ea5a6a82a1d0dd831fb7a68938d
3aeff8d50243a034,m1-pro-16gb-local,fd335a43fdf070645446c9f209dd2119a4e33eb3de711fb1fa7230e5e78d3615,aligned,core-float,1,0,0,65536,1,1024,0,2048,throughput,48000,0,steady,1,64,spec012-confirm-03,2,20.218536376953125,ns/engine-sample,1,65536,1.3653333333333333,64,1325042.0,1325.042,1325042.0,1325042.0,1325042.0,1325042.0,1325.042,1325.042,1325.042,1325.042,,,,0.042,0.042,21.3125,21.322916666666668,,42.63541666666667,21.3125,21.3125,/Users/christiankauten/Documents/Projects/Rack/plugins/Fourier/.build/spec012/confirm-03-single-sample/workload-0023-repeat-02.csv,dd34dd6a5f5279d8b26aa2df832196a53a5cd16a3adc93d904055c01790c034c
