stratum,backend,boundary,operation,precision,n,hop,block,channels,mode,state,callback_offset,cost_unit,mean_session_cost,session_min,session_max,sessions,processes,publication_delay_samples,center_offset_samples,playback_delay_samples,cpp_live_heap_bytes_min,cpp_live_heap_bytes_max,native_memory,max_abs_error,max_relative_l2,max_relative_linf,legacy_pointwise_failures,numerical_status,callback_visible_age_min,callback_visible_age_max,config_sha256,host,rate,count,alignment,load,smooth,voices,cache_mib,warm_hops,callbacks,mean_serial_audio_time_percent,callback_budget_us,median_session_p99_us,session_p99_min_us,session_p99_max_us,observed_callback_max_us,p99_budget_percent,process_observations_min,process_observations_max,observation_window_seconds,publication_delay_ms,center_offset_ms,playback_delay_ms,spectrum_center_age_ms
3aeff8d50243a034,vdsp-analysis-float,analysis,analysis,float,2048,1024,64,1,callback,steady,0,ns/engine-sample,96.67033619350858,96.2747262318929,97.4253667195638,3,9,0,1023.5,-1,70232,70232,provider-specific or unknown; see evidence.json,6.103515625e-05,1.4261480916057953e-07,1.1945004482661556e-07,0,per-run numerical report; see reference coverage,63.0,63.0,009d7b61a717f4f53f20bb2e394f42e8e06f2d899238a6720113010a23290739,m1-pro-16gb-local,48000,1,aligned,64,0,1,0,64,8192,0.4640176137288411,1333.3333333333333,10.334,10.334,11.625,67.208,0.7750500000000001,8192,8192,10.922666666666666,0.0,21.322916666666668,,21.322916666666668
3aeff8d50243a034,vdsp-inverse-float,inverse-job,inverse,float,2048,1024,64,1,throughput,steady,0,ns/engine-sample,8.520974477132162,8.285443623860678,8.670992533365885,3,9,0,0,-1,98576,98576,provider-specific or unknown; see evidence.json,1.2287812012345967e-07,unavailable,unavailable,unavailable,per-run numerical report; see reference coverage,63.0,63.0,022c4a5655420456d2d6077ac307d2256aa1d25a618c7bf64a943db387b11798,m1-pro-16gb-local,96000,1,aligned,0,0,1,0,64,8192,0.08180135498046875,,,,,,,1,1,5.461333333333333,0.0,0.0,,
3aeff8d50243a034,inverse-stream-incremental-float,inverse-job,inverse,float,2048,257,64,1,throughput,steady,0,ns/engine-sample,139.07940935068092,136.72065246027884,142.3721906412127,3,9,256,0,-1,139600,139600,provider-specific or unknown; see evidence.json,4.053554221172817e-07,unavailable,unavailable,unavailable,per-run numerical report; see reference coverage,256.0,319.0,03d7d882e0aace42578fa61daf478265da335cdcf1cb2e6a89d5bc7faa31a1c8,m1-pro-16gb-local,48000,1,aligned,0,0,1,0,64,2056,0.6675811648832685,,,,,,,1,1,2.7413333333333334,5.333333333333333,0.0,,
3aeff8d50243a034,fftw-analysis4-float,analysis,analysis,float,4096,1024,64,4,throughput,steady,0,ns/engine-sample,67.29203690422905,66.52386983235677,67.69503529866536,3,9,0,2047.5,-1,493928,493928,provider-specific or unknown; see evidence.json,0.0001220703125,2.4467895026414383e-07,2.6760688263493586e-07,0,per-run numerical report; see reference coverage,63.0,63.0,03deb72494e1dfe6cac3a44f78feacce56ec6ff0eee50111d8d39c7212e1e2d9,m1-pro-16gb-local,48000,1,aligned,0,1,1,0,64,8192,0.3230017771402995,,,,,,,1,1,10.922666666666666,0.0,42.65625,,42.65625
3aeff8d50243a034,ols-fir-incremental-float,chain,fir,float,2048,1024,64,1,callback,steady,0,ns/engine-sample,87.07566218905978,85.0974547068278,88.79632949829102,3,9,1023,511.5,2046,164304,164304,provider-specific or unknown; see evidence.json,1.5557269250621175e-07,unavailable,unavailable,unavailable,per-run numerical report; see reference coverage,1023.0,1023.0,045f1ea26c8161041bcefee4d4a43412890b1dd4daf5824ab760388976f7d016,m1-pro-16gb-local,48000,1,aligned,0,0,1,32,64,8192,0.417963178507487,1333.3333333333333,10.0,9.667,11.416,250.541,0.75,8192,8192,10.922666666666666,21.3125,10.65625,42.625,
3aeff8d50243a034,fftw-analysis-float,analysis,analysis,float,2048,1024,64,1,callback,steady,0,ns/engine-sample,10.641070259941948,10.54261589050293,10.734623591105143,3,9,0,1023.5,-1,62032,62032,provider-specific or unknown; see evidence.json,0.0001220703125,1.6833401972470574e-07,2.3817976355656692e-07,0,per-run numerical report; see reference coverage,63.0,63.0,055982466e719345eda4c36f5d0f8366d81513db43718e465545aa218fcdf302,m1-pro-16gb-local,96000,1,aligned,0,0,1,0,64,8192,0.1021542744954427,666.6666666666666,5.75,5.709,5.833,47.0,0.8625,8192,8192,5.461333333333333,0.0,10.661458333333334,,10.661458333333334
3aeff8d50243a034,pffft-ols-fir-float,chain,fir,float,2048,1024,64,1,callback,steady,1,ns/engine-sample,15.432952245076496,15.279099146525065,15.600346247355143,3,9,0,511.5,1023,90424,90424,provider-specific or unknown; see evidence.json,1.5359765370703826e-07,unavailable,unavailable,unavailable,per-run numerical report; see reference coverage,0.0,0.0,05f7a47b27ec34440d20dbcbaff97429748620c2a9e3c31c687a93e25cd3168b,m1-pro-16gb-local,48000,1,aligned,0,0,1,0,64,8192,0.07407817077636719,1333.3333333333333,10.583,10.375,10.583,61.542,0.793725,8192,8192,10.922666666666666,0.0,10.65625,21.3125,
3aeff8d50243a034,ols-identity-batch-float,chain,identity,float,2048,1024,64,1,callback,steady,0,ns/engine-sample,163.16182051764594,161.57341448465982,165.51601854960123,3,9,0,511.5,1023,164304,164304,provider-specific or unknown; see evidence.json,3.2098083124765253e-07,unavailable,unavailable,unavailable,per-run numerical report; see reference coverage,63.0,63.0,06306760797a5a982e0240f5504e7b29d0994e1dc7ba1af55e4dbcd73311e6d5,m1-pro-16gb-local,48000,1,aligned,64,0,1,0,64,8192,0.7831767384847005,1333.3333333333333,77.083,76.292,77.708,213.958,5.781225,8192,8192,10.922666666666666,0.0,10.65625,21.3125,
3aeff8d50243a034,pffft-scheduled-batch-float,analysis,analysis,float,2048,1024,64,16,callback,steady,0,ns/engine-sample,301.2102216084798,297.67581876118976,304.85278638203937,3,9,0,1023.5,-1,66184,66184,provider-specific or unknown; see evidence.json,6.103515625e-05,1.2019560717045903e-07,1.191954924079027e-07,0,per-run numerical report; see reference coverage,63.0,63.0,067da08fa9d416b636365dee5827415823caeadbd97a938d7bc65ca93aa6f7bf,m1-pro-16gb-local,48000,16,staggered,0,0,1,0,64,8192,1.445809063720703,1333.3333333333333,21.625,19.417,22.375,146.0,1.6218750000000002,8192,8192,10.922666666666666,0.0,21.322916666666668,,21.322916666666668
3aeff8d50243a034,ols-identity-batch-float,chain,identity,float,2048,1024,64,1,throughput,steady,0,ns/engine-sample,75.71250406901042,73.851744333903,78.16897519429524,3,9,0,511.5,1023,164304,164304,provider-specific or unknown; see evidence.json,3.2098083124765253e-07,unavailable,unavailable,unavailable,per-run numerical report; see reference coverage,63.0,63.0,06ccd4a929e0d5a31ff4b138503e077aec239f5181e63a343a0dd5429d3be9be,m1-pro-16gb-local,96000,1,aligned,0,0,1,0,64,8192,0.7268400390625,,,,,,,1,1,5.461333333333333,0.0,5.328125,10.65625,
3aeff8d50243a034,pffft-analysis-float,analysis,analysis,float,2048,1024,64,1,callback,steady,0,ns/engine-sample,95.78267267015245,94.70588493347168,97.33948961893718,3,9,0,1023.5,-1,62032,62032,provider-specific or unknown; see evidence.json,6.103515625e-05,1.2019560717045903e-07,1.191954924079027e-07,0,per-run numerical report; see reference coverage,63.0,63.0,06d881343844894307207b336d9884e91ffb3fa7ae6d2f76b543d40d431f5183,m1-pro-16gb-local,48000,1,aligned,64,0,1,0,64,8192,0.45975682881673174,1333.3333333333333,10.542,10.5,10.75,108.958,0.7906500000000001,8192,8192,10.922666666666666,0.0,21.322916666666668,,21.322916666666668
3aeff8d50243a034,ols-fir-incremental-float,chain,fir,float,2048,1024,64,4,throughput,steady,0,ns/engine-sample,319.19810507032605,305.93122418721515,341.22485542297363,3,9,1023,511.5,2046,164304,164304,provider-specific or unknown; see evidence.json,1.5557269250621175e-07,unavailable,unavailable,unavailable,per-run numerical report; see reference coverage,1023.0,1023.0,0844578f07c2717ecee081662e8faf53ea813e66e1413428e3b01a349799d242,m1-pro-16gb-local,48000,4,staggered,0,0,1,0,64,8192,1.532150904337565,,,,,,,1,1,10.922666666666666,21.3125,10.65625,42.625,
3aeff8d50243a034,fftw-ols-fir-double,chain,fir,double,16384,1024,64,1,throughput,steady,0,ns/engine-sample,284.56278186374243,282.2294235229492,286.392874399821,3,9,0,511.5,1023,1327432,1327432,provider-specific or unknown; see evidence.json,2.592584715281538e-16,unavailable,unavailable,unavailable,per-run numerical report; see reference coverage,63.0,63.0,08d6c865584d5a58cb767db859d98960f2f3a074263b779c81d2bd0dc775dfa4,m1-pro-16gb-local,48000,1,aligned,0,0,1,0,64,8192,1.3659013529459636,,,,,,,1,1,10.922666666666666,0.0,10.65625,21.3125,
3aeff8d50243a034,pffft-analysis4-float,analysis,analysis,float,16384,1024,64,4,throughput,steady,0,ns/engine-sample,197.96142747667102,196.95342890421549,199.1847890218099,3,9,0,8191.5,-1,1968488,1968488,provider-specific or unknown; see evidence.json,0.000244140625,4.760566616868116e-07,1.933175160941665e-07,0,per-run numerical report; see reference coverage,63.0,63.0,0a4ec0561751892c4903cf59d76e4e216fcddf6d0fda62a0763f3102c7b7a207,m1-pro-16gb-local,48000,1,aligned,0,1,1,0,64,8192,0.9502148518880209,,,,,,,1,1,10.922666666666666,0.0,170.65625,,170.65625
3aeff8d50243a034,pffft-analysis4-float,analysis,analysis,float,4096,1024,64,4,throughput,steady,0,ns/engine-sample,52.93567127651639,51.903115590413414,53.8458563486735,3,9,0,2047.5,-1,493928,493928,provider-specific or unknown; see evidence.json,0.000244140625,1.8801844052971052e-07,2.383212460769344e-07,0,per-run numerical report; see reference coverage,63.0,63.0,0b1084aea1ea6b4b8079c048c165e9e05428e0e792a55ad57622598afa05111b,m1-pro-16gb-local,48000,1,aligned,0,0,1,0,64,8192,0.25409122212727864,,,,,,,1,1,10.922666666666666,0.0,42.65625,,42.65625
3aeff8d50243a034,vdsp-analysis4-float,analysis,analysis,float,16384,1024,64,4,throughput,steady,0,ns/engine-sample,205.15855111016168,202.11686007181802,210.62567456563315,3,9,0,8191.5,-1,2230664,2230664,provider-specific or unknown; see evidence.json,0.000244140625,4.773181165095097e-07,1.933175160941665e-07,0,per-run numerical report; see reference coverage,63.0,63.0,0b3986fd932d4e65c50deb1bb289d06620ddb7f7df9beac86601b28a44bfa37d,m1-pro-16gb-local,48000,1,aligned,0,1,1,0,64,8192,0.984761045328776,,,,,,,1,1,10.922666666666666,0.0,170.65625,,170.65625
3aeff8d50243a034,fftw-rfft-double,transform,rfft,double,2048,1024,64,1,complete,steady,0,ns/transform,4109.828776041666,4022.0589192708335,4178.071614583333,3,9,0,0,-1,32864,32864,provider-specific or unknown; see evidence.json,1.2695481455351037e-10,unavailable,unavailable,unavailable,per-run numerical report; see reference coverage,unavailable,unavailable,0b89870ed04de773905dd45e3d7c44e6dd84c5c6b0a2e277d3fb2828aa901303,m1-pro-16gb-local,48000,1,aligned,0,0,1,0,64,1024,,,,,,,,1024,1024,,0.0,0.0,,
3aeff8d50243a034,pffft-hybrid-float,analysis,analysis,float,2048,1024,64,16,throughput,steady,0,ns/engine-sample,296.64477602640784,275.87988599141437,331.10486157735187,3,9,1023,1023.5,-1,66184,66184,provider-specific or unknown; see evidence.json,6.103515625e-05,1.2019560717045903e-07,1.191954924079027e-07,0,per-run numerical report; see reference coverage,1023.0,1023.0,0c2fa7b80162d8ebf5a12a2873a1c969f2b0e7f0794ad9f890a00502514859e8,m1-pro-16gb-local,48000,16,staggered,0,0,1,0,64,8192,1.4238949249267576,,,,,,,1,1,10.922666666666666,21.3125,21.322916666666668,,42.63541666666667
3aeff8d50243a034,legacy-incremental-double,analysis,analysis,double,16384,1024,64,1,callback,steady,0,ns/engine-sample,212.47898377312555,200.20936139424643,233.51281865437826,3,9,1023,8191.5,-1,1311328,1311328,provider-specific or unknown; see evidence.json,1.814992600657206e-12,4.297985314237632e-16,4.4286390503187525e-16,0,per-run numerical report; see reference coverage,1023.0,1023.0,0cba0ef0fa895be56707120d5897e38fb4296aa191f2531bfd1140320439f36e,m1-pro-16gb-local,48000,1,aligned,0,0,1,0,64,8192,1.0198991221110025,1333.3333333333333,38.583,38.209,39.416,1246.042,2.8937250000000003,8192,8192,10.922666666666666,21.3125,170.65625,,191.96875
3aeff8d50243a034,core-double,analysis,analysis,double,2048,1024,64,1,callback,steady,0,ns/engine-sample,23.60597546895345,23.315746307373047,23.856523513793945,3,9,1023,1023.5,-1,868904,868904,provider-specific or unknown; see evidence.json,1.1368683772161603e-13,3.219600349678962e-16,2.7772024739903173e-16,0,per-run numerical report; see reference coverage,1023.0,1023.0,0cba23d3e08555e757f1a281f8663e41a917e1c1c720ba7fda6474605cfb0d33,m1-pro-16gb-local,48000,1,aligned,0,1,1,0,64,8192,0.11330868225097657,1333.3333333333333,2.708,2.667,2.75,127.5,0.20310000000000003,8192,8192,10.922666666666666,21.3125,21.322916666666668,,42.63541666666667
3aeff8d50243a034,ols-identity-incremental-float,chain,identity,float,2048,1024,64,4,callback,steady,0,ns/engine-sample,307.77035586039227,303.43657811482746,310.4895159403483,3,9,1023,511.5,2046,164304,164304,provider-specific or unknown; see evidence.json,3.2098083124765253e-07,unavailable,unavailable,unavailable,per-run numerical report; see reference coverage,1023.0,1023.0,0cc82c98065f3e483219fab0136712593d75c3189de7629db737f26640ff66ed,m1-pro-16gb-local,48000,4,aligned,0,0,1,0,64,8192,1.4772977081298828,1333.3333333333333,34.167,33.417,35.084,214.875,2.562525,8192,8192,10.922666666666666,21.3125,10.65625,42.625,
3aeff8d50243a034,ifft-double,transform,ifft,double,4096,1024,64,1,complete,steady,0,ns/transform,73494.49978298611,72503.38020833333,74373.41861979167,3,9,0,0,-1,196744,196744,provider-specific or unknown; see evidence.json,7.614632826957571e-14,unavailable,unavailable,unavailable,per-run numerical report; see reference coverage,unavailable,unavailable,0d0926f910b2724176229cc8d258db0a33bce8c34ce1eb6159ba5047d8a2a242,m1-pro-16gb-local,48000,1,aligned,0,0,1,0,64,1024,,,,,,,,1024,1024,,0.0,0.0,,
3aeff8d50243a034,legacy-incremental-float,analysis,analysis,float,2048,1024,64,16,throughput,steady,0,ns/engine-sample,363.6312484741211,357.1512705485026,370.4917697906494,3,9,1023,1023.5,-1,90712,90712,provider-specific or unknown; see evidence.json,0.00014317035675048828,2.15934702845581e-07,2.794693895227653e-07,0,per-run numerical report; see reference coverage,1023.0,1023.0,0d49e104da9838319acca04e04363e811365be0ddd269fefa0f5f1beeebadad5,m1-pro-16gb-local,48000,16,aligned,0,0,1,0,64,8192,1.7454299926757812,,,,,,,1,1,10.922666666666666,21.3125,21.322916666666668,,42.63541666666667
3aeff8d50243a034,ols-identity-incremental-float,chain,identity,float,2048,1024,64,1,callback,steady,63,ns/engine-sample,75.84396998087566,74.2505874633789,76.73618698120117,3,9,1023,511.5,2046,164304,164304,provider-specific or unknown; see evidence.json,3.2098083124765253e-07,unavailable,unavailable,unavailable,per-run numerical report; see reference coverage,1086.0,1086.0,0d85ab837caed8d930caa09ed0a2e48810201503dace327423211cda177c93ad,m1-pro-16gb-local,48000,1,aligned,0,0,1,0,64,8192,0.36405105590820314,1333.3333333333333,8.292,8.125,8.708,139.208,0.6219000000000001,8192,8192,10.922666666666666,21.3125,10.65625,42.625,
3aeff8d50243a034,fftw-analysis-float,analysis,analysis,float,2048,1024,64,16,callback,steady,0,ns/engine-sample,145.2972526550293,144.6959482828776,146.15571657816568,3,9,0,1023.5,-1,62032,62032,provider-specific or unknown; see evidence.json,0.0001220703125,1.6833401972470574e-07,2.3817976355656692e-07,0,per-run numerical report; see reference coverage,63.0,63.0,0de29c352b30eacc221bfb977f1e1d79b1268bf7f62722bb2d1b9b160c064ca1,m1-pro-16gb-local,48000,16,staggered,0,0,1,0,64,8192,0.6974268127441406,1333.3333333333333,9.542,9.375,9.958,34.959,0.7156500000000001,8192,8192,10.922666666666666,0.0,21.322916666666668,,21.322916666666668
3aeff8d50243a034,legacy-batch-float,analysis,analysis,float,2048,1024,64,1,throughput,startup,0,ns/engine-sample,24.3195251888699,23.93362299601237,24.53724543253581,3,9,0,1023.5,-1,90680,90680,provider-specific or unknown; see evidence.json,0.00014317035675048828,2.846948243165582e-07,6.468453835776953e-07,0,per-run numerical report; see reference coverage,63.0,63.0,0e3c8ce20bcb751a9626ddaa932c42c58b6e3a40353e9ee8354ff09bf750a70e,m1-pro-16gb-local,48000,1,aligned,0,0,1,0,64,8192,0.11673372090657551,,,,,,,1,1,10.922666666666666,0.0,21.322916666666668,,21.322916666666668
3aeff8d50243a034,fftw-analysis4-float,analysis,analysis,float,2048,1024,64,4,callback,steady,0,ns/engine-sample,40.11072561475966,39.289093017578125,41.15407053629557,3,9,0,1023.5,-1,248168,248168,provider-specific or unknown; see evidence.json,9.1552734375e-05,2.196775752540109e-07,2.385487837033649e-07,0,per-run numerical report; see reference coverage,63.0,63.0,0e5a5a575d49e41ddea336bb44e7309f5502f503279f877670b2bab597574d88,m1-pro-16gb-local,48000,1,aligned,0,1,1,0,64,8192,0.19253148295084635,1333.3333333333333,27.375,26.542,27.708,95.458,2.053125,8192,8192,10.922666666666666,0.0,21.322916666666668,,21.322916666666668
3aeff8d50243a034,legacy-batch-float,analysis,analysis,float,2048,1024,64,16,callback,steady,0,ns/engine-sample,369.8624971177843,361.98832003275555,379.1872088114421,3,9,0,1023.5,-1,90680,90680,provider-specific or unknown; see evidence.json,0.00014317035675048828,2.15934702845581e-07,2.794693895227653e-07,0,per-run numerical report; see reference coverage,63.0,63.0,0e6f4bec7fee6b12740ae776c3993bb1f7af5e4b94f8381c5a461ffe71fb7923,m1-pro-16gb-local,48000,16,aligned,0,0,1,0,64,8192,1.7753399861653645,1333.3333333333333,324.167,315.958,338.959,1463.667,24.312525,8192,8192,10.922666666666666,0.0,21.322916666666668,,21.322916666666668
3aeff8d50243a034,vdsp-ols-fir-float,chain,fir,float,2048,1024,64,1,throughput,startup,0,ns/engine-sample,14.675687789916992,13.760540008544922,15.433735529581705,3,9,0,511.5,1023,106816,106816,provider-specific or unknown; see evidence.json,2.0061301597706915e-07,unavailable,unavailable,unavailable,per-run numerical report; see reference coverage,63.0,63.0,0e9beaaeaa7a004106c2486ade2f6d9d06d8d7940a42df925da98e94a0d0d1da,m1-pro-16gb-local,48000,1,aligned,0,0,1,0,64,8192,0.07044330139160156,,,,,,,1,1,10.922666666666666,0.0,10.65625,21.3125,
3aeff8d50243a034,vdsp-ols-fir-float,chain,fir,float,2048,1024,64,1,throughput,steady,0,ns/engine-sample,14.330166710747612,13.899115244547525,14.727274576822916,3,9,0,511.5,1023,106816,106816,provider-specific or unknown; see evidence.json,2.0061301597706915e-07,unavailable,unavailable,unavailable,per-run numerical report; see reference coverage,63.0,63.0,0f317da2304335c9fc774fa5dc89203e7060c0b544c48722af5b51ddb5ed9cd0,m1-pro-16gb-local,48000,1,aligned,0,0,1,32,64,8192,0.06878480021158853,,,,,,,1,1,10.922666666666666,0.0,10.65625,21.3125,
3aeff8d50243a034,ols-identity-incremental-float,chain,identity,float,2048,1024,64,16,throughput,steady,0,ns/engine-sample,1296.6446255577935,1251.625961303711,1361.5528475443523,3,9,1023,511.5,2046,164304,164304,provider-specific or unknown; see evidence.json,3.2098083124765253e-07,unavailable,unavailable,unavailable,per-run numerical report; see reference coverage,1023.0,1023.0,0f5124a60413ca79ba16fd98e858509549d0b8b9eda33cb2e60f7f2892e35d2c,m1-pro-16gb-local,48000,16,staggered,0,0,1,0,64,8192,6.223894202677409,,,,,,,1,1,10.922666666666666,21.3125,10.65625,42.625,
3aeff8d50243a034,inverse-stream-incremental-float,inverse-job,inverse,float,2048,1024,64,1,callback,startup,0,ns/engine-sample,36.70731586880154,36.23334757486979,37.181447982788086,3,9,1023,0,-1,139600,139600,provider-specific or unknown; see evidence.json,4.053554221172817e-07,unavailable,unavailable,unavailable,per-run numerical report; see reference coverage,1023.0,1023.0,0f98ba6676da33f897fa6c5e77490ee5a7ca43b2b438d44c1490d47b07ccf4dd,m1-pro-16gb-local,48000,1,aligned,0,0,1,0,64,8192,0.17619511617024738,1333.3333333333333,4.875,4.833,4.958,108.209,0.36562500000000003,8192,8192,10.922666666666666,21.3125,0.0,,
3aeff8d50243a034,pffft-ols-identity-float,chain,identity,float,2048,1024,64,1,callback,steady,0,ns/engine-sample,15.555895275539822,15.381891250610352,15.762248992919922,3,9,0,511.5,1023,90424,90424,provider-specific or unknown; see evidence.json,3.223614157832344e-07,unavailable,unavailable,unavailable,per-run numerical report; see reference coverage,63.0,63.0,0ffe15023a3a7f2c773f63632e355396685279f67228ee70b53b8daa9584ba11,m1-pro-16gb-local,96000,1,aligned,0,0,1,0,64,8192,0.14933659464518229,666.6666666666666,10.667,10.417,10.667,127.666,1.6000500000000002,8192,8192,5.461333333333333,0.0,5.328125,10.65625,
3aeff8d50243a034,ols-fir-batch-float,chain,fir,float,2048,1024,64,1,callback,steady,0,ns/engine-sample,82.7219123840332,80.78893852233887,83.71524492899577,3,9,0,511.5,1023,164304,164304,provider-specific or unknown; see evidence.json,1.5557269250621175e-07,unavailable,unavailable,unavailable,per-run numerical report; see reference coverage,63.0,63.0,10099a6c14750143472f6c612fd9e8c789c03a9f1fc271de3a7939aadf16af0c,m1-pro-16gb-local,48000,1,aligned,0,0,1,32,64,8192,0.3970651794433594,1333.3333333333333,76.584,74.625,77.125,274.125,5.7438,8192,8192,10.922666666666666,0.0,10.65625,21.3125,
3aeff8d50243a034,fftw-ols-fir-float,chain,fir,float,2048,1024,64,4,callback,steady,0,ns/engine-sample,66.00553131103516,65.32111549377441,66.43264452616374,3,9,0,511.5,1023,90424,90424,provider-specific or unknown; see evidence.json,1.8128045553567063e-07,unavailable,unavailable,unavailable,per-run numerical report; see reference coverage,63.0,63.0,108a74206fa1bdb12fd85037fa3034619e694e0e3a92e4f1bce329e1dc2d3d30,m1-pro-16gb-local,48000,4,staggered,0,0,1,0,64,8192,0.31682655029296874,1333.3333333333333,13.458,13.334,13.833,172.833,1.00935,8192,8192,10.922666666666666,0.0,10.65625,21.3125,
3aeff8d50243a034,vdsp-ols-identity-float,chain,identity,float,2048,1024,64,4,throughput,steady,0,ns/engine-sample,58.54849497477213,57.82617505391439,59.34638468424479,3,9,0,511.5,1023,106816,106816,provider-specific or unknown; see evidence.json,3.9384264027830795e-07,unavailable,unavailable,unavailable,per-run numerical report; see reference coverage,63.0,63.0,1119e5cf908851a157d36d1b6c75fe234e5b5bf4051619f639f59666b0e2066b,m1-pro-16gb-local,48000,4,aligned,0,0,1,0,64,8192,0.28103277587890624,,,,,,,1,1,10.922666666666666,0.0,10.65625,21.3125,
3aeff8d50243a034,fftw-ols-identity-float,chain,identity,float,2048,1024,64,1,throughput,steady,0,ns/engine-sample,103.5521649254693,101.80589930216472,105.8742733001709,3,9,0,511.5,1023,90424,90424,provider-specific or unknown; see evidence.json,3.157499577355338e-07,unavailable,unavailable,unavailable,per-run numerical report; see reference coverage,63.0,63.0,11ade037ae2388e4fcf4fa5d48f2dc44473253a5fc61d8e5e3dab2015056a82b,m1-pro-16gb-local,48000,1,aligned,64,0,1,0,64,8192,0.4970503916422526,,,,,,,1,1,10.922666666666666,0.0,10.65625,21.3125,
3aeff8d50243a034,pffft-analysis-float,analysis,analysis,float,2048,1024,64,4,callback,steady,0,ns/engine-sample,32.57298278808594,32.165130615234375,32.83692423502604,3,9,0,1023.5,-1,62032,62032,provider-specific or unknown; see evidence.json,6.103515625e-05,1.2019560717045903e-07,1.191954924079027e-07,0,per-run numerical report; see reference coverage,63.0,63.0,11de4b8dd7eb6ad94734fcbe99b0fab953f9f0b2fb8885b1539699f780ce07e8,m1-pro-16gb-local,48000,4,aligned,0,0,1,0,64,8192,0.1563503173828125,1333.3333333333333,19.333,18.959,19.334,40.375,1.449975,8192,8192,10.922666666666666,0.0,21.322916666666668,,21.322916666666668
3aeff8d50243a034,legacy-incremental-double,analysis,analysis,double,4096,1024,64,1,throughput,steady,0,ns/engine-sample,47.55635558234321,46.8990535736084,48.55428695678711,3,9,1023,2047.5,-1,328288,328288,provider-specific or unknown; see evidence.json,4.0811798385220754e-13,3.8438517172008793e-16,3.983007059197205e-16,0,per-run numerical report; see reference coverage,1023.0,1023.0,121c544bfccce68a8398a710fd98338b0a77c0af29afc8134947ea4930a7d79e,m1-pro-16gb-local,48000,1,aligned,0,0,1,0,64,8192,0.2282705067952474,,,,,,,1,1,10.922666666666666,21.3125,42.65625,,63.96875
3aeff8d50243a034,inverse-stream-batch-float,inverse-job,inverse,float,2048,1024,64,16,callback,steady,0,ns/engine-sample,610.3840872446697,603.162852605184,614.9841225941976,3,9,0,0,-1,139600,139600,provider-specific or unknown; see evidence.json,4.053554221172817e-07,unavailable,unavailable,unavailable,per-run numerical report; see reference coverage,63.0,63.0,1253c4107d51fb20022ed8b169a25bf9784692bb863f3e5a43e8e4eab445b830,m1-pro-16gb-local,48000,16,staggered,0,0,1,0,64,8192,2.9298436187744143,1333.3333333333333,43.292,42.708,53.458,173.5,3.2469,8192,8192,10.922666666666666,0.0,0.0,,
3aeff8d50243a034,vdsp-ols-identity-double,chain,identity,double,16384,1024,64,1,callback,steady,0,ns/engine-sample,192.7451638115777,189.98709360758463,195.18667030334473,3,9,0,511.5,1023,1589584,1589584,provider-specific or unknown; see evidence.json,5.398084850998442e-16,unavailable,unavailable,unavailable,per-run numerical report; see reference coverage,63.0,63.0,12f74bf964783384fc22827e6a9ca647b4059f70bc72190beb71a5ffbafb032c,m1-pro-16gb-local,48000,1,aligned,0,0,1,0,64,8192,0.9251767862955729,1333.3333333333333,195.084,194.708,196.625,715.541,14.631300000000001,8192,8192,10.922666666666666,0.0,10.65625,21.3125,
3aeff8d50243a034,pffft-hybrid-float,analysis,analysis,float,2048,1024,64,4,callback,steady,0,ns/engine-sample,71.89461602105035,65.00056711832683,75.67194557189941,3,9,1023,1023.5,-1,66184,66184,provider-specific or unknown; see evidence.json,6.103515625e-05,1.2019560717045903e-07,1.191954924079027e-07,0,per-run numerical report; see reference coverage,1023.0,1023.0,1321da8f1ac922cbf20772d02aefd04575036d235add186e4837dfcd8a52921d,m1-pro-16gb-local,48000,4,staggered,0,0,1,0,64,8192,0.34509415690104167,1333.3333333333333,5.625,5.584,5.709,62.542,0.421875,8192,8192,10.922666666666666,21.3125,21.322916666666668,,42.63541666666667
3aeff8d50243a034,core-double,analysis,analysis,double,2048,1024,64,1,throughput,steady,0,ns/engine-sample,23.261405520968967,22.978888193766277,23.487567901611328,3,9,1023,1023.5,-1,868904,868904,provider-specific or unknown; see evidence.json,1.1368683772161603e-13,3.219600349678962e-16,2.7772024739903173e-16,0,per-run numerical report; see reference coverage,1023.0,1023.0,1435103fa28d31c814cca1e94031b105a9d6e5c1cf80fa5af33e8dcac6f2e6e6,m1-pro-16gb-local,48000,1,aligned,0,1,1,0,64,8192,0.11165474650065105,,,,,,,1,1,10.922666666666666,21.3125,21.322916666666668,,42.63541666666667
3aeff8d50243a034,core-double,analysis,analysis,double,16384,1024,64,1,throughput,steady,0,ns/engine-sample,129.7661192152235,129.39858373006186,130.1260248819987,3,9,1023,8191.5,-1,926248,926248,provider-specific or unknown; see evidence.json,1.814992600657206e-12,4.297985314237632e-16,4.4286390503187525e-16,0,per-run numerical report; see reference coverage,1023.0,1023.0,144e61ea29e3f651e2595cf9eb04a2bbc21f9b5e61661a3b62a576b43958121a,m1-pro-16gb-local,48000,1,aligned,0,0,1,0,64,8192,0.6228773722330728,,,,,,,1,1,10.922666666666666,21.3125,170.65625,,191.96875
3aeff8d50243a034,vdsp-inverse-float,inverse-job,inverse,float,2048,1024,64,4,throughput,steady,0,ns/engine-sample,28.260522418551975,28.09347089131673,28.444210052490234,3,9,0,0,-1,98576,98576,provider-specific or unknown; see evidence.json,1.2287812012345967e-07,unavailable,unavailable,unavailable,per-run numerical report; see reference coverage,63.0,63.0,146ab10bac8371979b8a1c3d03e7c3ca7d1ece0450e80b693afc64a60623f7ab,m1-pro-16gb-local,48000,4,staggered,0,0,1,0,64,8192,0.13565050760904948,,,,,,,1,1,10.922666666666666,0.0,0.0,,
3aeff8d50243a034,fftw-analysis-double,analysis,analysis,double,16384,1024,64,1,callback,steady,0,ns/engine-sample,73.02754931979709,72.1488577524821,73.89345995585124,3,9,0,8191.5,-1,787048,787048,provider-specific or unknown; see evidence.json,1.8189894035458565e-12,3.6758452903216344e-16,4.437932630125926e-16,0,per-run numerical report; see reference coverage,63.0,63.0,14b96722384ab105b4ab917f8bbdcebda0e142247055a3b77b2d6732c3e7d79b,m1-pro-16gb-local,48000,1,aligned,0,0,1,0,64,8192,0.35053223673502604,1333.3333333333333,69.541,68.209,71.125,202.875,5.215575,8192,8192,10.922666666666666,0.0,170.65625,,170.65625
3aeff8d50243a034,vdsp-rfft-double,transform,rfft,double,16384,1024,64,1,complete,steady,0,ns/transform,40626.21755642361,40408.061848958336,40777.4208984375,3,9,0,0,-1,393320,393320,provider-specific or unknown; see evidence.json,7.555137052018793e-09,unavailable,unavailable,unavailable,per-run numerical report; see reference coverage,unavailable,unavailable,14fdaaed2b82f2dd07ba588aa141a8a51a5fbfaaee3450e596a6f25cb6e66b5c,m1-pro-16gb-local,48000,1,aligned,0,0,1,0,64,1024,,,,,,,,1024,1024,,0.0,0.0,,
3aeff8d50243a034,pffft-inverse-float,inverse-job,inverse,float,2048,1024,64,1,callback,steady,63,ns/engine-sample,8.711541493733725,8.576569239298502,8.786554336547852,3,9,0,0,-1,82184,82184,provider-specific or unknown; see evidence.json,1.884864389012364e-07,unavailable,unavailable,unavailable,per-run numerical report; see reference coverage,62.0,62.0,14ff73149e6303a65c88e9ec718175a7f70a270b8043be1c9f4e8b6348b843e3,m1-pro-16gb-local,48000,1,aligned,0,0,1,0,64,8192,0.04181539916992188,1333.3333333333333,4.209,4.125,4.25,54.958,0.315675,8192,8192,10.922666666666666,0.0,0.0,,
3aeff8d50243a034,inverse-stream-batch-float,inverse-job,inverse,float,2048,1024,64,4,throughput,steady,0,ns/engine-sample,153.26610332065158,151.83745511372885,155.417018254598,3,9,0,0,-1,139600,139600,provider-specific or unknown; see evidence.json,4.053554221172817e-07,unavailable,unavailable,unavailable,per-run numerical report; see reference coverage,63.0,63.0,152d29c8c1c48774d677c3c1ffa5bf6b36a31b71f9a0f84d7949d09400a54bfb,m1-pro-16gb-local,48000,4,aligned,0,0,1,0,64,8192,0.7356772959391277,,,,,,,1,1,10.922666666666666,0.0,0.0,,
3aeff8d50243a034,fftw-analysis-float,analysis,analysis,float,2048,1024,64,1,throughput,steady,0,ns/engine-sample,11.258513344658745,10.525093078613281,12.448601404825846,3,9,0,1023.5,-1,62032,62032,provider-specific or unknown; see evidence.json,0.0001220703125,1.6833401972470574e-07,2.3817976355656692e-07,0,per-run numerical report; see reference coverage,63.0,63.0,155bc26a3ba3c4651dded28d95160762b7a52be4c47c52d0b8150531ee80ec9a,m1-pro-16gb-local,96000,1,aligned,0,0,1,0,64,8192,0.10808172810872395,,,,,,,1,1,5.461333333333333,0.0,10.661458333333334,,10.661458333333334
3aeff8d50243a034,vdsp-rfft-double,transform,rfft,double,128,37,64,1,complete,steady,0,ns/transform,201.04112413194446,196.39713541666666,203.44954427083334,3,9,0,0,-1,3176,3176,provider-specific or unknown; see evidence.json,2.61985556760212e-13,unavailable,unavailable,unavailable,per-run numerical report; see reference coverage,unavailable,unavailable,157f28c8b3a3dd0bbf463f5e234e8259c54b27b2c641158abac892a2000b834f,m1-pro-16gb-local,48000,1,aligned,0,0,1,0,64,1024,,,,,,,,1024,1024,,0.0,0.0,,
3aeff8d50243a034,fftw-analysis-float,analysis,analysis,float,2048,257,64,1,callback,steady,0,ns/engine-sample,26.837454063986165,26.147246879053178,27.29595036883917,3,9,0,1023.5,-1,62032,62032,provider-specific or unknown; see evidence.json,9.1552734375e-05,1.2480637872939636e-07,1.7890490518487288e-07,0,per-run numerical report; see reference coverage,0.0,63.0,16f5f104b7693a2d4dd6cf56635f346a3295afc4c65ded5ff36537fa358788c5,m1-pro-16gb-local,48000,1,aligned,0,0,1,0,64,2056,0.1288197795071336,1333.3333333333333,5.917,5.75,5.917,27.083,0.4437750000000001,2056,2056,2.7413333333333334,0.0,21.322916666666668,,21.322916666666668
3aeff8d50243a034,vdsp-analysis-double,analysis,analysis,double,4096,1024,64,1,throughput,steady,0,ns/engine-sample,18.80049705505371,18.526474634806316,18.993536631266277,3,9,0,2047.5,-1,230000,230000,provider-specific or unknown; see evidence.json,2.6267876762631204e-13,3.247884615238052e-16,2.563856981535519e-16,0,per-run numerical report; see reference coverage,63.0,63.0,171f8c1a309af3286abbafad51e2325d11fb751b7bf845dc76e1f712630ca33b,m1-pro-16gb-local,48000,1,aligned,0,0,1,0,64,8192,0.09024238586425781,,,,,,,1,1,10.922666666666666,0.0,42.65625,,42.65625
3aeff8d50243a034,inverse-stream-incremental-float,inverse-job,inverse,float,2048,1024,64,4,throughput,steady,0,ns/engine-sample,149.45656310187445,147.23952674865723,150.74499448140463,3,9,1023,0,-1,139600,139600,provider-specific or unknown; see evidence.json,4.053554221172817e-07,unavailable,unavailable,unavailable,per-run numerical report; see reference coverage,1023.0,1023.0,17c5dcbedcd5f93782ae74e05083cb25d90086253fff3114ea836382a6f47018,m1-pro-16gb-local,48000,4,aligned,0,0,1,0,64,8192,0.7173915028889973,,,,,,,1,1,10.922666666666666,21.3125,0.0,,
3aeff8d50243a034,pffft-scheduled-batch-float,analysis,analysis,float,2048,1024,64,16,throughput,steady,0,ns/engine-sample,298.90587573581274,295.0679194132487,301.0757490793864,3,9,0,1023.5,-1,66184,66184,provider-specific or unknown; see evidence.json,6.103515625e-05,1.2019560717045903e-07,1.191954924079027e-07,0,per-run numerical report; see reference coverage,63.0,63.0,18443a7dbdbdf2d0e222d39bad26de5d7554ea7d7304307c0d4d823e86193cf5,m1-pro-16gb-local,48000,16,aligned,0,0,1,0,64,8192,1.4347482035319012,,,,,,,1,1,10.922666666666666,0.0,21.322916666666668,,21.322916666666668
3aeff8d50243a034,legacy-incremental-float,analysis,analysis,float,2048,1024,64,16,callback,steady,0,ns/engine-sample,400.10565821329754,392.5452251434326,404.4346173604329,3,9,1023,1023.5,-1,90712,90712,provider-specific or unknown; see evidence.json,0.00014317035675048828,2.15934702845581e-07,2.794693895227653e-07,0,per-run numerical report; see reference coverage,1023.0,1023.0,18c4fc9ccb063cff258cb426737873a1320a43bb304e0af59980cbdf4ce3bd52,m1-pro-16gb-local,48000,16,staggered,0,0,1,0,64,8192,1.920507159423828,1333.3333333333333,28.459,26.875,38.375,180.667,2.1344250000000002,8192,8192,10.922666666666666,21.3125,21.322916666666668,,42.63541666666667
3aeff8d50243a034,fftw-ols-fir-float,chain,fir,float,2048,257,64,1,callback,steady,0,ns/engine-sample,49.99468864840035,49.289860469357976,50.603591622081716,3,9,0,128.0,256,84288,84288,provider-specific or unknown; see evidence.json,1.802055038524486e-07,unavailable,unavailable,unavailable,per-run numerical report; see reference coverage,0.0,63.0,1952529d375009996e05951f351b55585379c44e0034daf0be878187d2d6e4a3,m1-pro-16gb-local,48000,1,aligned,0,0,1,0,64,2056,0.2399745055123217,1333.3333333333333,11.875,11.667,11.917,63.167,0.890625,2056,2056,2.7413333333333334,0.0,2.6666666666666665,5.333333333333333,
3aeff8d50243a034,ols-identity-batch-float,chain,identity,float,2048,1024,64,1,callback,steady,63,ns/engine-sample,76.89785978529189,74.23633639017741,79.5959898630778,3,9,0,511.5,1023,164304,164304,provider-specific or unknown; see evidence.json,3.2098083124765253e-07,unavailable,unavailable,unavailable,per-run numerical report; see reference coverage,62.0,62.0,19d7884bf76bad96bb46cd308a9f7c115a5cf9b69a2d3143acaceb33d3148288,m1-pro-16gb-local,48000,1,aligned,0,0,1,0,64,8192,0.36910972696940103,1333.3333333333333,71.333,70.75,73.25,238.5,5.349975000000001,8192,8192,10.922666666666666,0.0,10.65625,21.3125,
3aeff8d50243a034,inverse-stream-batch-float,inverse-job,inverse,float,2048,1024,64,1,callback,steady,0,ns/engine-sample,44.265099631415474,44.19949531555176,44.31988334655762,3,9,0,0,-1,139600,139600,provider-specific or unknown; see evidence.json,4.053554221172817e-07,unavailable,unavailable,unavailable,per-run numerical report; see reference coverage,63.0,63.0,19d87b3740c21a5e913775348665d70ec56758f8aa0c76cb93a58d9e087c4a8d,m1-pro-16gb-local,48000,1,aligned,0,0,1,32,64,8192,0.2124724782307943,1333.3333333333333,39.5,39.459,40.292,91.167,2.9625000000000004,8192,8192,10.922666666666666,0.0,0.0,,
3aeff8d50243a034,pffft-inverse-float,inverse-job,inverse,float,2048,1024,64,16,throughput,steady,0,ns/engine-sample,87.95385890536838,76.4167308807373,109.90269978841145,3,9,0,0,-1,82184,82184,provider-specific or unknown; see evidence.json,1.884864389012364e-07,unavailable,unavailable,unavailable,per-run numerical report; see reference coverage,63.0,63.0,1a17741806a26249d2b81809ee8a9cb33a9ed7da40e74f273c673f2ac2d5c061,m1-pro-16gb-local,48000,16,aligned,0,0,1,0,64,8192,0.4221785227457683,,,,,,,1,1,10.922666666666666,0.0,0.0,,
3aeff8d50243a034,vdsp-inverse-double,inverse-job,inverse,double,4096,1024,64,1,callback,steady,0,ns/engine-sample,16.37610944112142,15.950040181477865,16.669682184855144,3,9,0,0,-1,393488,393488,provider-specific or unknown; see evidence.json,3.5283439685664285e-15,unavailable,unavailable,unavailable,per-run numerical report; see reference coverage,63.0,63.0,1a3ef4317d0cd9c7f0967fcb6e3dc479fa60a7019a826008c877f9596ed15713,m1-pro-16gb-local,48000,1,aligned,0,0,1,0,64,8192,0.07860532531738282,1333.3333333333333,11.625,11.458,12.167,118.625,0.8718750000000001,8192,8192,10.922666666666666,0.0,0.0,,
3aeff8d50243a034,vdsp-ols-identity-float,chain,identity,float,2048,1024,64,1,callback,steady,1,ns/engine-sample,14.723257488674587,14.234217325846354,15.624425888061523,3,9,0,511.5,1023,106816,106816,provider-specific or unknown; see evidence.json,3.9384264027830795e-07,unavailable,unavailable,unavailable,per-run numerical report; see reference coverage,0.0,0.0,1aab4826d1b33e866801a129de060c5176b30d29d5070635c6f66b6a793c1b04,m1-pro-16gb-local,48000,1,aligned,0,0,1,0,64,8192,0.07067163594563802,1333.3333333333333,9.375,9.208,10.5,110.875,0.703125,8192,8192,10.922666666666666,0.0,10.65625,21.3125,
3aeff8d50243a034,fftw-analysis4-float,analysis,analysis,float,4096,1024,64,4,throughput,steady,0,ns/engine-sample,62.022456063164604,60.41741371154785,63.19459215799967,3,9,0,2047.5,-1,493928,493928,provider-specific or unknown; see evidence.json,0.0001220703125,1.3651676763092507e-07,1.1926465943052198e-07,0,per-run numerical report; see reference coverage,63.0,63.0,1b114d2d4625dd5c922fd9fdd90d2871411305b7cb1260ee40681fab20b44064,m1-pro-16gb-local,48000,1,aligned,0,0,1,0,64,8192,0.29770778910319007,,,,,,,1,1,10.922666666666666,0.0,42.65625,,42.65625
3aeff8d50243a034,pffft-scheduled-batch-float,analysis,analysis,float,2048,1024,64,1,callback,steady,0,ns/engine-sample,108.30971060858833,107.30368487040202,109.14287439982097,3,9,0,1023.5,-1,66184,66184,provider-specific or unknown; see evidence.json,6.103515625e-05,1.2019560717045903e-07,1.191954924079027e-07,0,per-run numerical report; see reference coverage,63.0,63.0,1b62cd724e4ef0a5ab2e1f6ed7d803637c4bf24c5f630fa953d04e7217adadbb,m1-pro-16gb-local,48000,1,aligned,64,0,1,0,64,8192,0.519886610921224,1333.3333333333333,22.208,21.75,22.875,126.625,1.6656000000000002,8192,8192,10.922666666666666,0.0,21.322916666666668,,21.322916666666668
3aeff8d50243a034,fftw-inverse-float,inverse-job,inverse,float,2048,257,64,1,callback,steady,0,ns/engine-sample,23.009344263402507,22.672503242542152,23.240806886348896,3,9,0,0,-1,82184,82184,provider-specific or unknown; see evidence.json,1.3328003944934608e-07,unavailable,unavailable,unavailable,per-run numerical report; see reference coverage,0.0,63.0,1bdfa00778956e9d0a03c3175b307c0d9536fd2a4f41f130060f5e1370b1b44b,m1-pro-16gb-local,48000,1,aligned,0,0,1,0,64,2056,0.11044485246433204,1333.3333333333333,5.042,4.917,5.167,25.917,0.37815,2056,2056,2.7413333333333334,0.0,0.0,,
3aeff8d50243a034,ols-fir-incremental-float,chain,fir,float,2048,1024,64,16,callback,steady,0,ns/engine-sample,1359.914682176378,1254.1070283253987,1436.1912047068279,3,9,1023,511.5,2046,164304,164304,provider-specific or unknown; see evidence.json,1.5557269250621175e-07,unavailable,unavailable,unavailable,per-run numerical report; see reference coverage,1023.0,1023.0,1be41fcf805b42118a233cd05bd1519fa3e9a787e448f8e88933df9a1cde2d4e,m1-pro-16gb-local,48000,16,staggered,0,0,1,0,64,8192,6.527590474446614,1333.3333333333333,101.125,85.041,130.75,425.166,7.5843750000000005,8192,8192,10.922666666666666,21.3125,10.65625,42.625,
3aeff8d50243a034,vdsp-ols-identity-double,chain,identity,double,2048,1024,64,1,throughput,steady,0,ns/engine-sample,18.859386020236546,18.672571182250977,18.98699378967285,3,9,0,511.5,1023,213328,213328,provider-specific or unknown; see evidence.json,5.578801654593729e-16,unavailable,unavailable,unavailable,per-run numerical report; see reference coverage,63.0,63.0,1c3f0a0b8fd8068c600a9df062073d4cf4b2aeab77c7963197ae69abdd928f1e,m1-pro-16gb-local,48000,1,aligned,0,0,1,0,64,8192,0.09052505289713542,,,,,,,1,1,10.922666666666666,0.0,10.65625,21.3125,
3aeff8d50243a034,fftw-ols-fir-double,chain,fir,double,2048,1024,64,1,throughput,steady,0,ns/engine-sample,24.26927163865831,22.229724248250324,28.00295066833496,3,9,0,511.5,1023,180552,180552,provider-specific or unknown; see evidence.json,2.2591401799415137e-16,unavailable,unavailable,unavailable,per-run numerical report; see reference coverage,63.0,63.0,1d3410537c3266a9ee14b9756c4cb630512d29858c8ce7d4f57ce1f85338092f,m1-pro-16gb-local,48000,1,aligned,0,0,1,0,64,8192,0.11649250386555988,,,,,,,1,1,10.922666666666666,0.0,10.65625,21.3125,
3aeff8d50243a034,inverse-stream-incremental-float,inverse-job,inverse,float,2048,1024,64,16,throughput,steady,0,ns/engine-sample,632.8709826999241,623.0587698618571,644.4994602203369,3,9,1023,0,-1,139600,139600,provider-specific or unknown; see evidence.json,4.053554221172817e-07,unavailable,unavailable,unavailable,per-run numerical report; see reference coverage,1023.0,1023.0,1d67a3c921acd982a523d0193f63df33dc751f4d84236b27313f1c633cd1a1f3,m1-pro-16gb-local,48000,16,staggered,0,0,1,0,64,8192,3.0377807169596354,,,,,,,1,1,10.922666666666666,21.3125,0.0,,
3aeff8d50243a034,pffft-inverse-float,inverse-job,inverse,float,2048,1024,64,16,callback,steady,0,ns/engine-sample,76.50621944003635,76.00603294372559,76.76774215698242,3,9,0,0,-1,82184,82184,provider-specific or unknown; see evidence.json,1.884864389012364e-07,unavailable,unavailable,unavailable,per-run numerical report; see reference coverage,63.0,63.0,1d827f0fd4fd244e9742b3f73551e5bedce678e93c4eaf8120f95a9cb07ee547,m1-pro-16gb-local,48000,16,staggered,0,0,1,0,64,8192,0.36722985331217445,1333.3333333333333,5.125,5.0,5.166,30.292,0.384375,8192,8192,10.922666666666666,0.0,0.0,,
3aeff8d50243a034,inverse-stream-batch-float,inverse-job,inverse,float,2048,1024,64,1,throughput,steady,0,ns/engine-sample,39.17431788974338,38.66585032145182,39.99559020996094,3,9,0,0,-1,139600,139600,provider-specific or unknown; see evidence.json,4.053554221172817e-07,unavailable,unavailable,unavailable,per-run numerical report; see reference coverage,63.0,63.0,1dcc3033b5c854978e9af3732a37b88a2b3f9f487945bb6911438c59f9db8884,m1-pro-16gb-local,96000,1,aligned,0,0,1,0,64,8192,0.37607345174153645,,,,,,,1,1,5.461333333333333,0.0,0.0,,
3aeff8d50243a034,inverse-stream-incremental-float,inverse-job,inverse,float,2048,1024,64,1,callback,steady,0,ns/engine-sample,46.89268387688531,45.15031433105469,47.99986203511556,3,9,1023,0,-1,139600,139600,provider-specific or unknown; see evidence.json,4.053554221172817e-07,unavailable,unavailable,unavailable,per-run numerical report; see reference coverage,1023.0,1023.0,1e3bc40dbade6cb917e20e36248c44721530cea36533affc98b80f38e3d60a97,m1-pro-16gb-local,48000,1,aligned,0,0,1,32,64,8192,0.22508488260904946,1333.3333333333333,6.958,6.5,7.042,233.0,0.52185,8192,8192,10.922666666666666,21.3125,0.0,,
3aeff8d50243a034,fftw-analysis-float,analysis,analysis,float,2048,1024,64,1,callback,steady,63,ns/engine-sample,10.675279193454319,10.540072123209635,10.762790044148764,3,9,0,1023.5,-1,62032,62032,provider-specific or unknown; see evidence.json,0.0001220703125,1.6833401972470574e-07,2.3817976355656692e-07,0,per-run numerical report; see reference coverage,62.0,62.0,1e4247d38586f65ddc4a4dc453729e71491f9d09757c1553cf979345afedcb58,m1-pro-16gb-local,48000,1,aligned,0,0,1,0,64,8192,0.05124134012858073,1333.3333333333333,5.833,5.709,5.834,31.75,0.437475,8192,8192,10.922666666666666,0.0,21.322916666666668,,21.322916666666668
3aeff8d50243a034,fftw-ols-identity-float,chain,identity,float,2048,1024,64,1,throughput,steady,0,ns/engine-sample,17.209521187676323,16.944435119628906,17.39811897277832,3,9,0,511.5,1023,90424,90424,provider-specific or unknown; see evidence.json,3.157499577355338e-07,unavailable,unavailable,unavailable,per-run numerical report; see reference coverage,63.0,63.0,1e8fc7d5222284921724d58297d948155de5f2d95157b4990f527f950869853d,m1-pro-16gb-local,48000,1,aligned,0,0,1,32,64,8192,0.08260570170084636,,,,,,,1,1,10.922666666666666,0.0,10.65625,21.3125,
3aeff8d50243a034,pffft-ols-fir-float,chain,fir,float,2048,1024,64,1,throughput,steady,0,ns/engine-sample,100.62201817830403,99.84498596191406,101.32349904378255,3,9,0,511.5,1023,90424,90424,provider-specific or unknown; see evidence.json,1.5359765370703826e-07,unavailable,unavailable,unavailable,per-run numerical report; see reference coverage,63.0,63.0,1ea8e0783e5d0657c4f1e0f016b2ff54b5253dbb659e32ffc31c63b31b292a82,m1-pro-16gb-local,48000,1,aligned,64,0,1,0,64,8192,0.4829856872558594,,,,,,,1,1,10.922666666666666,0.0,10.65625,21.3125,
3aeff8d50243a034,pffft-hybrid-float,analysis,analysis,float,2048,1024,64,1,callback,steady,15,ns/engine-sample,16.17144669426812,16.102460225423176,16.27855173746745,3,9,1023,1023.5,-1,66184,66184,provider-specific or unknown; see evidence.json,6.103515625e-05,1.2019560717045903e-07,1.191954924079027e-07,0,per-run numerical report; see reference coverage,1038.0,1038.0,1ff789474ce6041f8d62151dd4ec588a07612abf7e03e5a034799b0096546f15,m1-pro-16gb-local,48000,1,aligned,0,0,1,0,64,8192,0.07762294413248698,1333.3333333333333,2.625,2.625,2.667,13.291,0.19687500000000002,8192,8192,10.922666666666666,21.3125,21.322916666666668,,42.63541666666667
3aeff8d50243a034,ols-identity-incremental-float,chain,identity,float,2048,1024,64,1,callback,steady,0,ns/engine-sample,87.03720813327365,85.64503606160481,88.78936513264973,3,9,1023,511.5,2046,164304,164304,provider-specific or unknown; see evidence.json,3.2098083124765253e-07,unavailable,unavailable,unavailable,per-run numerical report; see reference coverage,1023.0,1023.0,1ffd145b16804c9489fc1837a60ce1e71668563c8ead0f649b4641d538f695c8,m1-pro-16gb-local,48000,1,aligned,0,0,1,32,64,8192,0.41777859903971354,1333.3333333333333,10.083,9.584,10.166,300.167,0.756225,8192,8192,10.922666666666666,21.3125,10.65625,42.625,
3aeff8d50243a034,pffft-scheduled-batch-float,analysis,analysis,float,2048,257,64,1,callback,steady,0,ns/engine-sample,66.67263074875703,66.07892550259403,67.22775312094683,3,9,0,1023.5,-1,63116,63116,provider-specific or unknown; see evidence.json,6.103515625e-05,1.1750411814622872e-07,1.1932655908502303e-07,0,per-run numerical report; see reference coverage,0.0,63.0,203b87e6a9dbc5dfe9dfe5bafc9bda5a9c1cc164660150feecee5b4eb92b9635,m1-pro-16gb-local,48000,1,aligned,0,0,1,0,64,2056,0.3200286275940337,1333.3333333333333,16.375,16.041,16.584,62.708,1.2281250000000001,2056,2056,2.7413333333333334,0.0,21.322916666666668,,21.322916666666668
3aeff8d50243a034,ols-fir-batch-double,chain,fir,double,16384,1024,64,1,throughput,steady,0,ns/engine-sample,775.643180847168,756.7686506907145,799.0361576080322,3,9,0,511.5,1023,2130400,2130400,provider-specific or unknown; see evidence.json,2.8186454099711016e-16,unavailable,unavailable,unavailable,per-run numerical report; see reference coverage,63.0,63.0,20552f88edfdecc79e45ceb90ddfa71fa34bb7ba558f28a97829c15e467469de,m1-pro-16gb-local,48000,1,aligned,0,0,1,0,64,8192,3.7230872680664064,,,,,,,1,1,10.922666666666666,0.0,10.65625,21.3125,
3aeff8d50243a034,fftw-ols-identity-float,chain,identity,float,2048,1024,64,1,callback,steady,0,ns/engine-sample,24.83418846130371,23.274505615234375,26.199127197265625,3,9,0,511.5,1023,90424,90424,provider-specific or unknown; see evidence.json,3.157499577355338e-07,unavailable,unavailable,unavailable,per-run numerical report; see reference coverage,63.0,63.0,2080c82142cccf2adefcd27d4e87c797c9b47658aac558947e8f20eabead67cc,m1-pro-16gb-local,48000,1,aligned,0,0,1,32,64,8192,0.11920410461425782,1333.3333333333333,16.708,16.541,23.042,119.041,1.2531,8192,8192,10.922666666666666,0.0,10.65625,21.3125,
3aeff8d50243a034,vdsp-ols-identity-double,chain,identity,double,16384,1024,64,1,throughput,steady,0,ns/engine-sample,190.749354256524,188.48866907755533,192.46196746826172,3,9,0,511.5,1023,1589584,1589584,provider-specific or unknown; see evidence.json,5.398084850998442e-16,unavailable,unavailable,unavailable,per-run numerical report; see reference coverage,63.0,63.0,20be44289167b3ced38721f803c5d2881e80cde736a753687182797c1f16afa4,m1-pro-16gb-local,48000,1,aligned,0,0,1,0,64,8192,0.915596900431315,,,,,,,1,1,10.922666666666666,0.0,10.65625,21.3125,
3aeff8d50243a034,pffft-analysis-float,analysis,analysis,float,2048,1024,64,1,callback,steady,1,ns/engine-sample,10.228223164876303,9.972295125325521,10.518657684326172,3,9,0,1023.5,-1,62032,62032,provider-specific or unknown; see evidence.json,6.103515625e-05,1.2019560717045903e-07,1.191954924079027e-07,0,per-run numerical report; see reference coverage,0.0,0.0,21bb4ac5de9e6f61a10d0073732d0883649d2b780dd67d42504d296d35f58e19,m1-pro-16gb-local,48000,1,aligned,0,0,1,0,64,8192,0.04909547119140625,1333.3333333333333,4.833,4.792,4.917,69.125,0.36247500000000005,8192,8192,10.922666666666666,0.0,21.322916666666668,,21.322916666666668
3aeff8d50243a034,legacy-incremental-float,analysis,analysis,float,2048,257,64,1,callback,steady,0,ns/engine-sample,77.09879789504971,76.42074264348248,78.05895093628405,3,9,255,1023.5,-1,90712,90712,provider-specific or unknown; see evidence.json,0.00015395879745483398,2.450622728504207e-07,3.00340987553129e-07,0,per-run numerical report; see reference coverage,255.0,318.0,2200e774b201eb395535521e9879ad5fa76333c466cc6111b9c02673a9df851b,m1-pro-16gb-local,48000,1,aligned,0,0,1,0,64,2056,0.3700742298962386,1333.3333333333333,9.292,9.125,9.292,65.458,0.6969000000000001,2056,2056,2.7413333333333334,5.3125,21.322916666666668,,26.635416666666668
3aeff8d50243a034,ols-identity-incremental-double,chain,identity,double,16384,1024,64,1,throughput,steady,0,ns/engine-sample,757.2138131459554,749.8752536773682,763.4459069569906,3,9,1023,511.5,2046,2130400,2130400,provider-specific or unknown; see evidence.json,6.004449063730082e-16,unavailable,unavailable,unavailable,per-run numerical report; see reference coverage,1023.0,1023.0,23343ed1967c0840d403946dd845097f941509e992c22a952cc1ccc44e8a9e83,m1-pro-16gb-local,48000,1,aligned,0,0,1,0,64,8192,3.634626303100586,,,,,,,1,1,10.922666666666666,21.3125,10.65625,42.625,
3aeff8d50243a034,ols-identity-incremental-float,chain,identity,float,2048,1024,64,1,callback,steady,0,ns/engine-sample,75.20415496826172,73.85825538635254,76.21877352396648,3,9,1023,511.5,2046,164304,164304,provider-specific or unknown; see evidence.json,3.2098083124765253e-07,unavailable,unavailable,unavailable,per-run numerical report; see reference coverage,1023.0,1023.0,23655a1146a541e52c5507b15a8049e59fc437cc74b2021185cc70dbab9440a4,m1-pro-16gb-local,96000,1,aligned,0,0,1,0,64,8192,0.7219598876953125,666.6666666666666,8.209,8.083,8.417,49.791,1.23135,8192,8192,5.461333333333333,10.65625,5.328125,21.3125,
3aeff8d50243a034,vdsp-inverse-float,inverse-job,inverse,float,2048,1024,64,4,callback,steady,0,ns/engine-sample,27.929967244466145,27.762744267781574,28.029232660929363,3,9,0,0,-1,98576,98576,provider-specific or unknown; see evidence.json,1.2287812012345967e-07,unavailable,unavailable,unavailable,per-run numerical report; see reference coverage,63.0,63.0,238d6c3d4fb833f2050a9872597a3209eb11b81bd2b4e2befa9dc071ba86aa8a,m1-pro-16gb-local,48000,4,staggered,0,0,1,0,64,8192,0.1340638427734375,1333.3333333333333,5.0,5.0,5.041,118.417,0.375,8192,8192,10.922666666666666,0.0,0.0,,
3aeff8d50243a034,legacy-incremental-double,analysis,analysis,double,2048,1024,64,1,throughput,steady,0,ns/engine-sample,29.6847472720676,29.479477564493816,30.058146794637043,3,9,1023,1023.5,-1,164448,164448,provider-specific or unknown; see evidence.json,1.7053025658242404e-13,3.61715475006514e-16,4.162828984679217e-16,0,per-run numerical report; see reference coverage,1023.0,1023.0,239ba6e6382443828317950fa61bc3309e28404f47dc48a21d2a9fda9648a1c3,m1-pro-16gb-local,48000,1,aligned,0,1,1,0,64,8192,0.14248678690592448,,,,,,,1,1,10.922666666666666,21.3125,21.322916666666668,,42.63541666666667
3aeff8d50243a034,pffft-hybrid-float,analysis,analysis,float,2048,257,64,1,callback,steady,0,ns/engine-sample,62.02425995730653,61.62389297584306,62.22899440661479,3,9,256,1023.5,-1,63116,63116,provider-specific or unknown; see evidence.json,6.103515625e-05,1.1750411814622872e-07,1.1932655908502303e-07,0,per-run numerical report; see reference coverage,256.0,319.0,240e9e9f277586dc87f2190fd4bd2aaf8f19455532f0b527c3c2d31477056e40,m1-pro-16gb-local,48000,1,aligned,0,0,1,0,64,2056,0.29771644779507134,1333.3333333333333,5.292,5.25,5.333,36.459,0.39690000000000003,2056,2056,2.7413333333333334,5.333333333333333,21.322916666666668,,26.65625
3aeff8d50243a034,ols-identity-incremental-float,chain,identity,float,2048,1024,64,16,throughput,steady,0,ns/engine-sample,1224.241380267673,1209.851397196452,1234.82852490743,3,9,1023,511.5,2046,164304,164304,provider-specific or unknown; see evidence.json,3.2098083124765253e-07,unavailable,unavailable,unavailable,per-run numerical report; see reference coverage,1023.0,1023.0,2521f9e76d23ec3c5eaeb18ae5c4a2c5142cfba3acc6b03dc5df96580b02f950,m1-pro-16gb-local,48000,16,aligned,0,0,1,0,64,8192,5.876358625284831,,,,,,,1,1,10.922666666666666,21.3125,10.65625,42.625,
3aeff8d50243a034,ols-fir-incremental-float,chain,fir,float,2048,1024,64,1,throughput,steady,0,ns/engine-sample,75.59316211276584,74.17220560709636,76.96297391255696,3,9,1023,511.5,2046,164304,164304,provider-specific or unknown; see evidence.json,1.5557269250621175e-07,unavailable,unavailable,unavailable,per-run numerical report; see reference coverage,1023.0,1023.0,260db7b73b7eadd03fb40964064cf66061e699b3017a789152ec8bf7ba5111cc,m1-pro-16gb-local,48000,1,aligned,0,0,1,32,64,8192,0.36284717814127604,,,,,,,1,1,10.922666666666666,21.3125,10.65625,42.625,
3aeff8d50243a034,legacy-batch-float,analysis,analysis,float,2048,1024,64,1,callback,steady,1,ns/engine-sample,24.097149742974175,23.81645393371582,24.35086949666341,3,9,0,1023.5,-1,90680,90680,provider-specific or unknown; see evidence.json,0.00014317035675048828,2.15934702845581e-07,2.794693895227653e-07,0,per-run numerical report; see reference coverage,0.0,0.0,267ceb31ea6102a70ad617648b403bf74177f754ef6ee56436aea680119d0dc0,m1-pro-16gb-local,48000,1,aligned,0,0,1,0,64,8192,0.11566631876627605,1333.3333333333333,19.791,19.5,19.916,47.792,1.4843250000000001,8192,8192,10.922666666666666,0.0,21.322916666666668,,21.322916666666668
3aeff8d50243a034,ols-identity-batch-double,chain,identity,double,4096,1024,64,1,throughput,steady,0,ns/engine-sample,156.92007954915366,155.15915489196777,158.12177085876465,3,9,0,511.5,1023,557536,557536,provider-specific or unknown; see evidence.json,5.613217783960923e-16,unavailable,unavailable,unavailable,per-run numerical report; see reference coverage,63.0,63.0,26d1f44624620b7c6bcca8d4a8d9e3f541f34b4c8df7e686f3130a234ff2e1e2,m1-pro-16gb-local,48000,1,aligned,0,0,1,0,64,8192,0.7532163818359375,,,,,,,1,1,10.922666666666666,0.0,10.65625,21.3125,
3aeff8d50243a034,legacy-incremental-float,analysis,analysis,float,2048,1024,64,1,callback,steady,0,ns/engine-sample,30.209618886311848,28.990314483642578,31.287099202473957,3,9,1023,1023.5,-1,90712,90712,provider-specific or unknown; see evidence.json,0.00014317035675048828,2.15934702845581e-07,2.794693895227653e-07,0,per-run numerical report; see reference coverage,1023.0,1023.0,281c4ec0ed70e112997a43a7b2e7f9f4632e5cdfd2624dc227f21ac8edbd7d4b,m1-pro-16gb-local,48000,1,aligned,0,0,1,32,64,8192,0.14500617065429688,1333.3333333333333,5.542,5.375,5.958,118.542,0.4156500000000001,8192,8192,10.922666666666666,21.3125,21.322916666666668,,42.63541666666667
3aeff8d50243a034,fftw-ols-identity-float,chain,identity,float,2048,1024,64,16,throughput,steady,0,ns/engine-sample,328.95932409498425,325.44189008076984,334.15063285827637,3,9,0,511.5,1023,90424,90424,provider-specific or unknown; see evidence.json,3.157499577355338e-07,unavailable,unavailable,unavailable,per-run numerical report; see reference coverage,63.0,63.0,28ef7ead06e965bd98f7ba8223273ab672854eee22f5a6624be27298f6679b44,m1-pro-16gb-local,48000,16,aligned,0,0,1,0,64,8192,1.5790047556559244,,,,,,,1,1,10.922666666666666,0.0,10.65625,21.3125,
3aeff8d50243a034,vdsp-ols-identity-float,chain,identity,float,2048,257,64,1,callback,steady,0,ns/engine-sample,38.40253289829226,37.27160090385863,39.101174914883266,3,9,0,128.0,256,100680,100680,provider-specific or unknown; see evidence.json,3.8921706391192856e-07,unavailable,unavailable,unavailable,per-run numerical report; see reference coverage,0.0,63.0,2a00cd3acd676520d602e87853aaa96cef880c3855dd5a41f4d8fcd4c5c6115c,m1-pro-16gb-local,48000,1,aligned,0,0,1,0,64,2056,0.18433215791180282,1333.3333333333333,8.583,8.458,8.958,38.833,0.643725,2056,2056,2.7413333333333334,0.0,2.6666666666666665,5.333333333333333,
3aeff8d50243a034,vdsp-analysis-float,analysis,analysis,float,2048,1024,64,1,throughput,steady,0,ns/engine-sample,95.45204374525282,93.3338794708252,97.42530250549316,3,9,0,1023.5,-1,70232,70232,provider-specific or unknown; see evidence.json,6.103515625e-05,1.4261480916057953e-07,1.1945004482661556e-07,0,per-run numerical report; see reference coverage,63.0,63.0,2b04ba00d09cac63981e2375679c84f4656512f2937b5abb019a83331f6a2395,m1-pro-16gb-local,48000,1,aligned,64,0,1,0,64,8192,0.45816980997721357,,,,,,,1,1,10.922666666666666,0.0,21.322916666666668,,21.322916666666668
3aeff8d50243a034,ols-fir-batch-double,chain,fir,double,4096,1024,64,1,callback,steady,0,ns/engine-sample,158.0163343217638,155.12085342407227,159.9598159790039,3,9,0,511.5,1023,557536,557536,provider-specific or unknown; see evidence.json,2.3714374201337736e-16,unavailable,unavailable,unavailable,per-run numerical report; see reference coverage,63.0,63.0,2b467fa3e0ab260c04e93524f6a9bf6c81f011a5acf9ecc3f9eab964bab31571,m1-pro-16gb-local,48000,1,aligned,0,0,1,0,64,8192,0.7584784047444663,1333.3333333333333,158.5,152.875,160.542,297.25,11.887500000000001,8192,8192,10.922666666666666,0.0,10.65625,21.3125,
3aeff8d50243a034,core-double,analysis,analysis,double,16384,1024,64,1,throughput,steady,0,ns/engine-sample,138.32241524590387,137.8966967264811,138.95040130615234,3,9,1023,8191.5,-1,926248,926248,provider-specific or unknown; see evidence.json,2.2737367544323206e-13,4.030308441665974e-16,6.941482600222331e-17,0,per-run numerical report; see reference coverage,1023.0,1023.0,2b78569d1a60131bf3b681ea1b85fb8689759747006d65219fa98c307becb723,m1-pro-16gb-local,48000,1,aligned,0,1,1,0,64,8192,0.6639475931803386,,,,,,,1,1,10.922666666666666,21.3125,170.65625,,191.96875
3aeff8d50243a034,core-float,analysis,analysis,float,2048,257,64,1,callback,steady,0,ns/engine-sample,60.13418044747082,58.859291403210115,61.348872203307394,3,9,256,1023.5,-1,562712,562712,provider-specific or unknown; see evidence.json,0.00015395879745483398,2.450622728504207e-07,3.00340987553129e-07,0,per-run numerical report; see reference coverage,256.0,319.0,2bbb65135a9f08b115ff741e9e057e4e3b441b56851000f0686ff869c6b58f60,m1-pro-16gb-local,48000,1,aligned,0,0,1,0,64,2056,0.2886440661478599,1333.3333333333333,4.875,4.75,5.083,57.458,0.36562500000000003,2056,2056,2.7413333333333334,5.333333333333333,21.322916666666668,,26.65625
3aeff8d50243a034,inverse-stream-incremental-float,inverse-job,inverse,float,2048,1024,64,16,callback,steady,0,ns/engine-sample,625.0391820271809,621.5919958750407,627.9795977274576,3,9,1023,0,-1,139600,139600,provider-specific or unknown; see evidence.json,4.053554221172817e-07,unavailable,unavailable,unavailable,per-run numerical report; see reference coverage,1023.0,1023.0,2c2278da6fe5125947b909dceafb51531956e4f04849001365e93fbb3c199c6d,m1-pro-16gb-local,48000,16,staggered,0,0,1,0,64,8192,3.0001880737304685,1333.3333333333333,44.25,43.125,45.333,115.292,3.31875,8192,8192,10.922666666666666,21.3125,0.0,,
3aeff8d50243a034,fftw-analysis-float,analysis,analysis,float,2048,257,64,1,callback,live,0,ns/engine-sample,87.06348120676611,86.29496747324903,88.03350204685474,3,9,0,1023.5,-1,62032,62032,provider-specific or unknown; see evidence.json,9.1552734375e-05,1.5987648234456596e-07,2.0750217185606543e-07,0,per-run numerical report; see reference coverage,0.0,63.0,2c70a17c75cee422e81123e16effc4926ca7bdcc6b1b1d5fd099ad3359564b13,m1-pro-16gb-local,48000,1,aligned,0,1,1,0,64,2056,0.41790470979247735,1333.3333333333333,25.916,25.375,26.25,48.708,1.9437,2056,2056,2.7413333333333334,0.0,21.322916666666668,,21.322916666666668
3aeff8d50243a034,ols-fir-incremental-float,chain,fir,float,2048,1024,64,16,throughput,steady,0,ns/engine-sample,1323.1728346082898,1293.429957707723,1340.875202178955,3,9,1023,511.5,2046,164304,164304,provider-specific or unknown; see evidence.json,1.5557269250621175e-07,unavailable,unavailable,unavailable,per-run numerical report; see reference coverage,1023.0,1023.0,2c7fcbd98054b1b02dd0b9739455d33165d779038bc0496817d81fef7b7580ba,m1-pro-16gb-local,48000,16,staggered,0,0,1,0,64,8192,6.351229606119792,,,,,,,1,1,10.922666666666666,21.3125,10.65625,42.625,
3aeff8d50243a034,ols-fir-incremental-float,chain,fir,float,2048,1024,64,4,throughput,steady,0,ns/engine-sample,321.9197406768799,301.1670633951823,359.61151059468585,3,9,1023,511.5,2046,164304,164304,provider-specific or unknown; see evidence.json,1.5557269250621175e-07,unavailable,unavailable,unavailable,per-run numerical report; see reference coverage,1023.0,1023.0,2c8c51b27e52dbc753008a38d20936b18f9b0e278a5ad689226c60604b7d532e,m1-pro-16gb-local,48000,4,aligned,0,0,1,0,64,8192,1.5452147552490234,,,,,,,1,1,10.922666666666666,21.3125,10.65625,42.625,
3aeff8d50243a034,fftw-ols-identity-double,chain,identity,double,16384,1024,64,1,throughput,steady,0,ns/engine-sample,285.423376083374,282.7555872599284,287.9820664723714,3,9,0,511.5,1023,1327432,1327432,provider-specific or unknown; see evidence.json,5.613217783960923e-16,unavailable,unavailable,unavailable,per-run numerical report; see reference coverage,63.0,63.0,2d8d39c713f2641e81e4d2e966d135b741c31ec5963e9b0c21f8ff1010523431,m1-pro-16gb-local,48000,1,aligned,0,0,1,0,64,8192,1.3700322052001954,,,,,,,1,1,10.922666666666666,0.0,10.65625,21.3125,
3aeff8d50243a034,pffft-analysis4-float,analysis,analysis,float,4096,1024,64,4,callback,steady,0,ns/engine-sample,59.62070443895128,58.09719276428223,60.57326062520345,3,9,0,2047.5,-1,493928,493928,provider-specific or unknown; see evidence.json,0.0001220703125,2.42455867837636e-07,2.3837086860079995e-07,0,per-run numerical report; see reference coverage,63.0,63.0,2e00d5786811111ea6faab97b75de40aaaa1e6ee3ece6ae513a62187c1635eac,m1-pro-16gb-local,48000,1,aligned,0,1,1,0,64,8192,0.2861793813069662,1333.3333333333333,45.5,44.417,46.417,230.584,3.4125,8192,8192,10.922666666666666,0.0,42.65625,,42.65625
3aeff8d50243a034,ols-fir-incremental-double,chain,fir,double,4096,1024,64,1,callback,steady,0,ns/engine-sample,158.20039812723795,155.4057299296061,160.2197437286377,3,9,1023,511.5,2046,557536,557536,provider-specific or unknown; see evidence.json,2.3714374201337736e-16,unavailable,unavailable,unavailable,per-run numerical report; see reference coverage,1023.0,1023.0,2ecdf18a30b2a046e53cb0540880768e1ce5ea11acd6f461298ceb38d10b347d,m1-pro-16gb-local,48000,1,aligned,0,0,1,0,64,8192,0.7593619110107422,1333.3333333333333,18.625,18.583,19.125,229.583,1.396875,8192,8192,10.922666666666666,21.3125,10.65625,42.625,
3aeff8d50243a034,fftw-inverse-float,inverse-job,inverse,float,2048,1024,64,4,throughput,steady,0,ns/engine-sample,30.681813134087456,30.432939529418945,30.881616592407227,3,9,0,0,-1,82184,82184,provider-specific or unknown; see evidence.json,1.3328003944934608e-07,unavailable,unavailable,unavailable,per-run numerical report; see reference coverage,63.0,63.0,2f68ab547e1c8ce72945fae08cd854ec6eac1a051e6d03f90b6d96f451ab7347,m1-pro-16gb-local,48000,4,aligned,0,0,1,0,64,8192,0.1472727030436198,,,,,,,1,1,10.922666666666666,0.0,0.0,,
3aeff8d50243a034,core-float,analysis,analysis,float,2048,1024,64,1,callback,steady,0,ns/engine-sample,144.38951958550348,142.98186238606772,145.62227821350098,3,9,1023,1023.5,-1,565780,565780,provider-specific or unknown; see evidence.json,0.00014317035675048828,2.15934702845581e-07,2.794693895227653e-07,0,per-run numerical report; see reference coverage,1023.0,1023.0,2f95c1b17c3a1e132b3663cdb89aa6462b17cddb17a2b41e11fb916717149372,m1-pro-16gb-local,48000,1,aligned,64,0,1,0,64,8192,0.6930696940104167,1333.3333333333333,10.208,9.959,10.333,54.167,0.7656000000000001,8192,8192,10.922666666666666,21.3125,21.322916666666668,,42.63541666666667
3aeff8d50243a034,vdsp-ols-fir-float,chain,fir,float,2048,1024,64,1,callback,steady,0,ns/engine-sample,20.345110787285698,18.307462692260742,21.7093022664388,3,9,0,511.5,1023,106816,106816,provider-specific or unknown; see evidence.json,2.0061301597706915e-07,unavailable,unavailable,unavailable,per-run numerical report; see reference coverage,63.0,63.0,2fa100ec5ecdd2bfa749536bf63045d635e2ecc8890658f1f88560379144358a,m1-pro-16gb-local,48000,1,aligned,0,0,1,32,64,8192,0.09765653177897135,1333.3333333333333,13.916,11.875,13.958,162.292,1.0437,8192,8192,10.922666666666666,0.0,10.65625,21.3125,
3aeff8d50243a034,fftw-analysis-double,analysis,analysis,double,4096,1024,64,1,callback,steady,0,ns/engine-sample,21.467900806003147,21.053743362426758,21.7419376373291,3,9,0,2047.5,-1,197224,197224,provider-specific or unknown; see evidence.json,2.2737367544323206e-13,3.245919868453618e-16,2.776360223258794e-16,0,per-run numerical report; see reference coverage,63.0,63.0,2fb2f427d405ec8455ad6c959b3b4ed2ae63d033fe41d4437fefedec43875266,m1-pro-16gb-local,48000,1,aligned,0,1,1,0,64,8192,0.1030459238688151,1333.3333333333333,16.75,16.375,16.75,98.958,1.25625,8192,8192,10.922666666666666,0.0,42.65625,,42.65625
3aeff8d50243a034,legacy-batch-double,analysis,analysis,double,2048,1024,64,1,callback,steady,0,ns/engine-sample,31.430416954888237,30.744792938232422,32.26908938090006,3,9,0,1023.5,-1,164416,164416,provider-specific or unknown; see evidence.json,1.7053025658242404e-13,3.61715475006514e-16,4.162828984679217e-16,0,per-run numerical report; see reference coverage,63.0,63.0,302f4ee071ffdaf9a3c66a2417f05650680a5156b1dcd8821a3a6df864bb2d3f,m1-pro-16gb-local,48000,1,aligned,0,1,1,0,64,8192,0.15086600138346354,1333.3333333333333,27.292,26.875,27.583,140.333,2.0469,8192,8192,10.922666666666666,0.0,21.322916666666668,,21.322916666666668
3aeff8d50243a034,ols-identity-batch-float,chain,identity,float,2048,1024,64,1,callback,steady,15,ns/engine-sample,75.45586352878146,74.68256759643555,76.39764467875163,3,9,0,511.5,1023,164304,164304,provider-specific or unknown; see evidence.json,3.2098083124765253e-07,unavailable,unavailable,unavailable,per-run numerical report; see reference coverage,14.0,14.0,3033e2608ed932832d0b9863c203920c2bfefe5b3a0bd9c48387f0b9763d03a8,m1-pro-16gb-local,48000,1,aligned,0,0,1,0,64,8192,0.36218814493815105,1333.3333333333333,72.417,70.958,73.083,185.375,5.431275,8192,8192,10.922666666666666,0.0,10.65625,21.3125,
3aeff8d50243a034,core-independent4-simd,analysis,analysis,float,16384,1024,64,4,throughput,steady,0,ns/engine-sample,233.15397029452853,229.69208908081055,236.6059888203939,3,9,1023,8191.5,-1,1393240,1393240,provider-specific or unknown; see evidence.json,0.001253366470336914,2.961409002204232e-07,3.0600464083390225e-07,21888,per-run numerical report; see reference coverage,1023.0,1023.0,30eb3e56f116ad2903a270e0ba0b9e78befa2215d76b9e0f33f24151cb424fe8,m1-pro-16gb-local,48000,1,aligned,0,0,1,0,64,8192,1.119139057413737,,,,,,,1,1,10.922666666666666,21.3125,170.65625,,191.96875
3aeff8d50243a034,vdsp-analysis-double,analysis,analysis,double,4096,1024,64,1,throughput,steady,0,ns/engine-sample,21.119435416327583,20.269737879435223,22.079997380574543,3,9,0,2047.5,-1,230000,230000,provider-specific or unknown; see evidence.json,2.2737367544323206e-13,3.1419646252675526e-16,2.776360223258794e-16,0,per-run numerical report; see reference coverage,63.0,63.0,310013fd8b0f383b024385179729d8888bcc34c09af89ae34c0324061d1a355d,m1-pro-16gb-local,48000,1,aligned,0,1,1,0,64,8192,0.1013732899983724,,,,,,,1,1,10.922666666666666,0.0,42.65625,,42.65625
3aeff8d50243a034,vdsp-analysis4-float,analysis,analysis,float,4096,1024,64,4,throughput,steady,0,ns/engine-sample,57.27089754740397,56.08942794799805,59.35480817159017,3,9,0,2047.5,-1,559496,559496,provider-specific or unknown; see evidence.json,0.000244140625,2.1376234128583156e-07,2.382412459445384e-07,0,per-run numerical report; see reference coverage,63.0,63.0,315e4b8ab9703ee62da7843816bbf0bb59753495b170ce443de58ead7d6be60c,m1-pro-16gb-local,48000,1,aligned,0,0,1,0,64,8192,0.2749003082275391,,,,,,,1,1,10.922666666666666,0.0,42.65625,,42.65625
3aeff8d50243a034,fftw-ols-fir-float,chain,fir,float,2048,1024,64,1,throughput,steady,0,ns/engine-sample,111.24304474724663,101.96071179707845,128.37025833129883,3,9,0,511.5,1023,90424,90424,provider-specific or unknown; see evidence.json,1.8128045553567063e-07,unavailable,unavailable,unavailable,per-run numerical report; see reference coverage,63.0,63.0,319d1ceb88f780eacbf10e83c0a04a6a76a53a66d623fff225634a0871fb7248,m1-pro-16gb-local,48000,1,aligned,64,0,1,0,64,8192,0.5339666147867838,,,,,,,1,1,10.922666666666666,0.0,10.65625,21.3125,
3aeff8d50243a034,ols-fir-batch-float,chain,fir,float,2048,1024,64,1,callback,steady,0,ns/engine-sample,161.34443537394205,158.648312886556,163.1615358988444,3,9,0,511.5,1023,164304,164304,provider-specific or unknown; see evidence.json,1.5557269250621175e-07,unavailable,unavailable,unavailable,per-run numerical report; see reference coverage,63.0,63.0,31e1cfa329f068cf93ae1eb4f43545c717e3a45ceaa671aa23d9d5d09bd239d2,m1-pro-16gb-local,48000,1,aligned,64,0,1,0,64,8192,0.7744532897949219,1333.3333333333333,77.375,75.541,77.875,181.875,5.8031250000000005,8192,8192,10.922666666666666,0.0,10.65625,21.3125,
3aeff8d50243a034,legacy-batch-double,analysis,analysis,double,2048,1024,64,1,throughput,steady,0,ns/engine-sample,31.589702394273548,30.995925267537434,32.05951054890951,3,9,0,1023.5,-1,164416,164416,provider-specific or unknown; see evidence.json,1.7053025658242404e-13,3.61715475006514e-16,4.162828984679217e-16,0,per-run numerical report; see reference coverage,63.0,63.0,330d1513e6b9d1d0bc820fab965e3d16a2018e103bc554a3f16904a94ece447e,m1-pro-16gb-local,48000,1,aligned,0,1,1,0,64,8192,0.15163057149251305,,,,,,,1,1,10.922666666666666,0.0,21.322916666666668,,21.322916666666668
3aeff8d50243a034,pffft-ols-identity-float,chain,identity,float,2048,1024,64,1,callback,steady,15,ns/engine-sample,15.549523883395725,15.234062830607096,15.709070205688477,3,9,0,511.5,1023,90424,90424,provider-specific or unknown; see evidence.json,3.223614157832344e-07,unavailable,unavailable,unavailable,per-run numerical report; see reference coverage,14.0,14.0,33d2dcdac9231b1585da454a314539866d3bf636f649bac01c306c19233054a9,m1-pro-16gb-local,48000,1,aligned,0,0,1,0,64,8192,0.07463771464029947,1333.3333333333333,10.667,10.375,10.709,29.0,0.8000250000000001,8192,8192,10.922666666666666,0.0,10.65625,21.3125,
3aeff8d50243a034,inverse-stream-incremental-double,inverse-job,inverse,double,16384,1024,64,1,callback,steady,0,ns/engine-sample,391.189889272054,385.4659703572591,399.85254224141437,3,9,1023,0,-1,2097488,2097488,provider-specific or unknown; see evidence.json,3.433175098891678e-15,unavailable,unavailable,unavailable,per-run numerical report; see reference coverage,1023.0,1023.0,345f0ce42ffa680da75bb79c6ea5b0c4cc90739ba9df871a20e55f0421e41725,m1-pro-16gb-local,48000,1,aligned,0,0,1,0,64,8192,1.8777114685058593,1333.3333333333333,69.667,69.25,73.334,836.0,5.2250250000000005,8192,8192,10.922666666666666,21.3125,0.0,,
3aeff8d50243a034,ols-identity-batch-float,chain,identity,float,2048,1024,64,1,callback,steady,1,ns/engine-sample,75.47895770602756,74.26800028483073,76.51528104146321,3,9,0,511.5,1023,164304,164304,provider-specific or unknown; see evidence.json,3.2098083124765253e-07,unavailable,unavailable,unavailable,per-run numerical report; see reference coverage,0.0,0.0,346796d78ff2895d8f46cd23be49a4a3da57ce7c16f260f8ee74497e3a667037,m1-pro-16gb-local,48000,1,aligned,0,0,1,0,64,8192,0.36229899698893225,1333.3333333333333,71.417,70.042,73.375,201.5,5.356275,8192,8192,10.922666666666666,0.0,10.65625,21.3125,
3aeff8d50243a034,vdsp-ols-identity-float,chain,identity,float,2048,1024,64,1,callback,steady,0,ns/engine-sample,102.32115470038521,98.58193270365398,106.46440569559734,3,9,0,511.5,1023,106816,106816,provider-specific or unknown; see evidence.json,3.9384264027830795e-07,unavailable,unavailable,unavailable,per-run numerical report; see reference coverage,63.0,63.0,34f0f70911ab946112ba62703e01cbee5c2f63f427e2edfb516813196c6ff866,m1-pro-16gb-local,48000,1,aligned,64,0,1,0,64,8192,0.491141542561849,1333.3333333333333,16.459,14.375,16.542,135.458,1.234425,8192,8192,10.922666666666666,0.0,10.65625,21.3125,
3aeff8d50243a034,pffft-scheduled-batch-float,analysis,analysis,float,2048,1024,64,1,throughput,steady,0,ns/engine-sample,106.95240232679579,105.18439547220866,108.13954162597656,3,9,0,1023.5,-1,66184,66184,provider-specific or unknown; see evidence.json,6.103515625e-05,1.2019560717045903e-07,1.191954924079027e-07,0,per-run numerical report; see reference coverage,63.0,63.0,3554bd1a0560ad8c55872bbe409b6dcad68626b8b932601693af0d3650095e45,m1-pro-16gb-local,48000,1,aligned,64,0,1,0,64,8192,0.5133715311686198,,,,,,,1,1,10.922666666666666,0.0,21.322916666666668,,21.322916666666668
3aeff8d50243a034,fftw-analysis-float,analysis,analysis,float,2048,1024,64,1,throughput,steady,0,ns/engine-sample,10.767450968424479,10.676251093546549,10.906219482421875,3,9,0,1023.5,-1,62032,62032,provider-specific or unknown; see evidence.json,0.0001220703125,1.6833401972470574e-07,2.3817976355656692e-07,0,per-run numerical report; see reference coverage,63.0,63.0,355c1cd8372dbbacf3ac9868020644b8a0f72f041aaed667545710ad7d3e5e45,m1-pro-16gb-local,48000,1,aligned,0,0,1,32,64,8192,0.0516837646484375,,,,,,,1,1,10.922666666666666,0.0,21.322916666666668,,21.322916666666668
3aeff8d50243a034,vdsp-ols-fir-float,chain,fir,float,2048,1024,64,1,callback,steady,0,ns/engine-sample,15.057160907321506,14.098713556925455,15.691587448120117,3,9,0,511.5,1023,106816,106816,provider-specific or unknown; see evidence.json,2.0061301597706915e-07,unavailable,unavailable,unavailable,per-run numerical report; see reference coverage,63.0,63.0,3575f9276f3cba4296e2a7a3a6df9b811389ac99095e0dea3322be0b2adf1165,m1-pro-16gb-local,96000,1,aligned,0,0,1,0,64,8192,0.14454874471028645,666.6666666666666,10.625,9.042,10.667,26.0,1.59375,8192,8192,5.461333333333333,0.0,5.328125,10.65625,
3aeff8d50243a034,core-independent4-simd,analysis,analysis,float,16384,1024,64,4,callback,steady,0,ns/engine-sample,230.95116763644748,228.53627268473306,232.91008313496908,3,9,1023,8191.5,-1,1393240,1393240,provider-specific or unknown; see evidence.json,0.001253366470336914,2.961409002204232e-07,3.0600464083390225e-07,21888,per-run numerical report; see reference coverage,1023.0,1023.0,35e9129365cbf78f8be00c470b98541275dbf43553f6405e22dd2745eb3dc976,m1-pro-16gb-local,48000,1,aligned,0,0,1,0,64,8192,1.108565604654948,1333.3333333333333,30.125,29.542,30.167,141.25,2.259375,8192,8192,10.922666666666666,21.3125,170.65625,,191.96875
3aeff8d50243a034,pffft-inverse-float,inverse-job,inverse,float,2048,1024,64,16,throughput,steady,0,ns/engine-sample,77.2034503089057,76.52213859558105,77.7313175201416,3,9,0,0,-1,82184,82184,provider-specific or unknown; see evidence.json,1.884864389012364e-07,unavailable,unavailable,unavailable,per-run numerical report; see reference coverage,63.0,63.0,35f9cfad12c6820e93d42ee8a3575d5b11e6757f8ad2fa9accb7110ecbbbab77,m1-pro-16gb-local,48000,16,staggered,0,0,1,0,64,8192,0.37057656148274737,,,,,,,1,1,10.922666666666666,0.0,0.0,,
3aeff8d50243a034,fftw-fft-double,transform,fft,double,128,37,64,1,complete,steady,0,ns/transform,283.19737413194446,276.0462239583333,293.1458333333333,3,9,0,0,-1,2144,2144,provider-specific or unknown; see evidence.json,5.752518395960491e-13,unavailable,unavailable,unavailable,per-run numerical report; see reference coverage,unavailable,unavailable,36268df4d6ae5ae8a3004f7fd9fa812073f62999f5e36f8ed3fe9f6d2a9be8a5,m1-pro-16gb-local,48000,1,aligned,0,0,1,0,64,1024,,,,,,,,1024,1024,,0.0,0.0,,
3aeff8d50243a034,vdsp-analysis-double,analysis,analysis,double,16384,1024,64,1,throughput,steady,0,ns/engine-sample,72.69659762912326,64.25576718648274,88.61266263326009,3,9,0,8191.5,-1,918128,918128,provider-specific or unknown; see evidence.json,1.0869083411080283e-12,3.186239242737019e-16,2.6518065070475417e-16,0,per-run numerical report; see reference coverage,63.0,63.0,3693590afa278123e1d8d99901c30011a2d9ead1cb18051095079534001a1acd,m1-pro-16gb-local,48000,1,aligned,0,0,1,0,64,8192,0.34894366861979165,,,,,,,1,1,10.922666666666666,0.0,170.65625,,170.65625
3aeff8d50243a034,core-double,analysis,analysis,double,16384,1024,64,1,callback,steady,0,ns/engine-sample,139.35832744174533,138.50864791870117,140.96582094828287,3,9,1023,8191.5,-1,926248,926248,provider-specific or unknown; see evidence.json,2.2737367544323206e-13,4.030308441665974e-16,6.941482600222331e-17,0,per-run numerical report; see reference coverage,1023.0,1023.0,37891f348b130e874c326542e5db8cdead89443b5673ee0dba57ca309401e099,m1-pro-16gb-local,48000,1,aligned,0,1,1,0,64,8192,0.6689199717203776,1333.3333333333333,19.458,19.417,19.625,71.625,1.4593500000000001,8192,8192,10.922666666666666,21.3125,170.65625,,191.96875
3aeff8d50243a034,fftw-ols-fir-float,chain,fir,float,2048,1024,64,1,throughput,startup,0,ns/engine-sample,17.353816774156357,16.92755953470866,17.592641194661457,3,9,0,511.5,1023,90424,90424,provider-specific or unknown; see evidence.json,1.8128045553567063e-07,unavailable,unavailable,unavailable,per-run numerical report; see reference coverage,63.0,63.0,37d572934aa4826e996db52cef32dd681fc35ffc9502647daed9af8e989fac83,m1-pro-16gb-local,48000,1,aligned,0,0,1,0,64,8192,0.08329832051595051,,,,,,,1,1,10.922666666666666,0.0,10.65625,21.3125,
3aeff8d50243a034,inverse-stream-batch-float,inverse-job,inverse,float,2048,1024,64,1,callback,steady,63,ns/engine-sample,38.67495197719998,38.435620625813804,38.910552978515625,3,9,0,0,-1,139600,139600,provider-specific or unknown; see evidence.json,4.053554221172817e-07,unavailable,unavailable,unavailable,per-run numerical report; see reference coverage,62.0,62.0,37d66890b39a66a7852826e2e501e24381182ffa269facaf89fd5bf68f136653,m1-pro-16gb-local,48000,1,aligned,0,0,1,0,64,8192,0.1856397694905599,1333.3333333333333,34.958,34.542,35.167,80.5,2.6218500000000002,8192,8192,10.922666666666666,0.0,0.0,,
3aeff8d50243a034,pffft-scheduled-batch-float,analysis,analysis,float,2048,1024,64,1,callback,startup,0,ns/engine-sample,20.8389835357666,20.489110946655273,21.310008366902668,3,9,0,1023.5,-1,66184,66184,provider-specific or unknown; see evidence.json,6.103515625e-05,1.2019560717045903e-07,2.1561512785923178e-07,0,per-run numerical report; see reference coverage,63.0,63.0,388b2a37a7673d865c896b2e7c53646b9a2f86b6e78e009a64516ffc8d63825a,m1-pro-16gb-local,48000,1,aligned,0,0,1,0,64,8192,0.10002712097167969,1333.3333333333333,16.292,16.0,16.5,52.708,1.2219000000000002,8192,8192,10.922666666666666,0.0,21.322916666666668,,21.322916666666668
3aeff8d50243a034,fft-double,transform,fft,double,2048,1024,64,1,complete,steady,0,ns/transform,16739.482964409723,16480.482096354168,17029.435546875,3,9,0,0,-1,65640,65640,provider-specific or unknown; see evidence.json,1.0791007404550687e-10,unavailable,unavailable,unavailable,per-run numerical report; see reference coverage,unavailable,unavailable,388ea5ed92d3bd49177fc91ae908639f2904aef1670c438a049d417fa3be47fb,m1-pro-16gb-local,48000,1,aligned,0,0,1,0,64,1024,,,,,,,,1024,1024,,0.0,0.0,,
3aeff8d50243a034,legacy-incremental-double,analysis,analysis,double,16384,1024,64,1,throughput,steady,0,ns/engine-sample,242.3778199089898,239.3488089243571,244.0373102823893,3,9,1023,8191.5,-1,1311328,1311328,provider-specific or unknown; see evidence.json,9.094947017729282e-13,4.327177849018965e-16,2.776044068802886e-16,0,per-run numerical report; see reference coverage,1023.0,1023.0,38aad9c692de519641a07a4cdda3dddc942885bab55679cb6d4f99884f702074,m1-pro-16gb-local,48000,1,aligned,0,1,1,0,64,8192,1.163413535563151,,,,,,,1,1,10.922666666666666,21.3125,170.65625,,191.96875
3aeff8d50243a034,ols-fir-incremental-double,chain,fir,double,16384,1024,64,1,throughput,steady,0,ns/engine-sample,759.6133374108208,746.2176742553711,769.9522711435953,3,9,1023,511.5,2046,2130400,2130400,provider-specific or unknown; see evidence.json,2.8186454099711016e-16,unavailable,unavailable,unavailable,per-run numerical report; see reference coverage,1023.0,1023.0,397e90a6a163e7360e962f81e918f7a803ecddf932d84fceb5f3c23b1dc06735,m1-pro-16gb-local,48000,1,aligned,0,0,1,0,64,8192,3.6461440195719397,,,,,,,1,1,10.922666666666666,21.3125,10.65625,42.625,
3aeff8d50243a034,ols-fir-incremental-float,chain,fir,float,2048,257,64,1,throughput,steady,0,ns/engine-sample,280.36519553204715,275.46408631241894,283.1587908357653,3,9,256,128.0,512,152032,152032,provider-specific or unknown; see evidence.json,1.5840151945667458e-07,unavailable,unavailable,unavailable,per-run numerical report; see reference coverage,256.0,319.0,399278d6825917078061136730993b0cc3f75a9bd0b1b7e2be76cd2bf0be1964,m1-pro-16gb-local,48000,1,aligned,0,0,1,0,64,2056,1.3457529385538263,,,,,,,1,1,2.7413333333333334,5.333333333333333,2.6666666666666665,10.666666666666666,
3aeff8d50243a034,pffft-ols-identity-float,chain,identity,float,2048,257,64,1,throughput,steady,0,ns/engine-sample,42.369921706117594,41.86003870784695,43.13309622243839,3,9,0,128.0,256,84288,84288,provider-specific or unknown; see evidence.json,3.725290298461914e-07,unavailable,unavailable,unavailable,per-run numerical report; see reference coverage,0.0,63.0,3a050d46af8ea493a43cce9d22e8e956fa28ccab301d32a3f697cdd1fad4b3a1,m1-pro-16gb-local,48000,1,aligned,0,0,1,0,64,2056,0.20337562418936445,,,,,,,1,1,2.7413333333333334,0.0,2.6666666666666665,5.333333333333333,
3aeff8d50243a034,fftw-ols-identity-double,chain,identity,double,2048,1024,64,1,throughput,steady,0,ns/engine-sample,22.928061803181965,22.25939432779948,23.520894368489582,3,9,0,511.5,1023,180552,180552,provider-specific or unknown; see evidence.json,4.718447854656915e-16,unavailable,unavailable,unavailable,per-run numerical report; see reference coverage,63.0,63.0,3a1a8005f41ef95044a1f778e8c084243e8db91fe6428710ba90b54e6ba57eb3,m1-pro-16gb-local,48000,1,aligned,0,0,1,0,64,8192,0.11005469665527344,,,,,,,1,1,10.922666666666666,0.0,10.65625,21.3125,
3aeff8d50243a034,ols-fir-batch-float,chain,fir,float,2048,1024,64,16,throughput,steady,0,ns/engine-sample,1228.2755904727512,1183.530066172282,1272.3552379608154,3,9,0,511.5,1023,164304,164304,provider-specific or unknown; see evidence.json,1.5557269250621175e-07,unavailable,unavailable,unavailable,per-run numerical report; see reference coverage,63.0,63.0,3aa9fd7519eba2dde5441d9dc0a34e9c97ee96d978346c6611b44c7ad1e80acb,m1-pro-16gb-local,48000,16,staggered,0,0,1,0,64,8192,5.895722834269206,,,,,,,1,1,10.922666666666666,0.0,10.65625,21.3125,
3aeff8d50243a034,ols-identity-incremental-float,chain,identity,float,2048,1024,64,1,throughput,steady,0,ns/engine-sample,75.51466072930229,73.8554261525472,76.71716435750325,3,9,1023,511.5,2046,164304,164304,provider-specific or unknown; see evidence.json,3.2098083124765253e-07,unavailable,unavailable,unavailable,per-run numerical report; see reference coverage,1023.0,1023.0,3ab2d6284529d760b96862d554e2be0a94e0ccbbadbb2a1b69c326623c8c4ed0,m1-pro-16gb-local,96000,1,aligned,0,0,1,0,64,8192,0.7249407430013021,,,,,,,1,1,5.461333333333333,10.65625,5.328125,21.3125,
3aeff8d50243a034,legacy-batch-float,analysis,analysis,float,2048,1024,64,1,callback,steady,15,ns/engine-sample,24.305965635511612,23.926223119099934,24.659685770670574,3,9,0,1023.5,-1,90680,90680,provider-specific or unknown; see evidence.json,0.00014317035675048828,2.15934702845581e-07,2.794693895227653e-07,0,per-run numerical report; see reference coverage,14.0,14.0,3ae2da336da3483f8618948860deed789befd381ed7d40b05bea007be8ed2b67,m1-pro-16gb-local,48000,1,aligned,0,0,1,0,64,8192,0.11666863505045574,1333.3333333333333,19.834,19.583,19.917,123.375,1.4875500000000001,8192,8192,10.922666666666666,0.0,21.322916666666668,,21.322916666666668
3aeff8d50243a034,ols-fir-incremental-float,chain,fir,float,2048,1024,64,1,throughput,startup,0,ns/engine-sample,74.38608445061577,73.81229909261067,75.2393143971761,3,9,1023,511.5,2046,164304,164304,provider-specific or unknown; see evidence.json,1.5557269250621175e-07,unavailable,unavailable,unavailable,per-run numerical report; see reference coverage,1023.0,1023.0,3b8dadc945468a7b9f83eb78273a97a4cf71511980e82fa133f8eb94253e586f,m1-pro-16gb-local,48000,1,aligned,0,0,1,0,64,8192,0.3570532053629557,,,,,,,1,1,10.922666666666666,21.3125,10.65625,42.625,
3aeff8d50243a034,rfft-double,transform,rfft,double,4096,1024,64,1,complete,steady,0,ns/transform,37846.51736111111,37493.5439453125,38427.666015625,3,9,0,0,-1,229584,229584,provider-specific or unknown; see evidence.json,3.777345365608118e-10,unavailable,unavailable,unavailable,per-run numerical report; see reference coverage,unavailable,unavailable,3b9506df9da247ff82bd96eda09e419fc50e59785a834e14080163d4a7d2817f,m1-pro-16gb-local,48000,1,aligned,0,0,1,0,64,1024,,,,,,,,1024,1024,,0.0,0.0,,
3aeff8d50243a034,pffft-inverse-float,inverse-job,inverse,float,2048,1024,64,1,throughput,steady,0,ns/engine-sample,8.978896247016058,8.878893534342447,9.093416213989258,3,9,0,0,-1,82184,82184,provider-specific or unknown; see evidence.json,1.884864389012364e-07,unavailable,unavailable,unavailable,per-run numerical report; see reference coverage,63.0,63.0,3bcef513866586fc5b3f1ee50503fbca9d7b5e6f37cb7dad5c1bb8d17a902bb9,m1-pro-16gb-local,48000,1,aligned,0,0,1,32,64,8192,0.043098701985677085,,,,,,,1,1,10.922666666666666,0.0,0.0,,
3aeff8d50243a034,fftw-ols-identity-float,chain,identity,float,2048,257,64,1,callback,steady,0,ns/engine-sample,49.990227619703845,49.12009565499351,50.49125780236705,3,9,0,128.0,256,84288,84288,provider-specific or unknown; see evidence.json,3.653064482023183e-07,unavailable,unavailable,unavailable,per-run numerical report; see reference coverage,0.0,63.0,3d177237b0cda1440762c964ed725b6de0e9510ff0df78d1148aafb1064be103,m1-pro-16gb-local,48000,1,aligned,0,0,1,0,64,2056,0.23995309257457847,1333.3333333333333,11.834,11.625,12.334,67.375,0.8875500000000002,2056,2056,2.7413333333333334,0.0,2.6666666666666665,5.333333333333333,
3aeff8d50243a034,ols-fir-incremental-float,chain,fir,float,2048,1024,64,1,callback,steady,63,ns/engine-sample,74.80766783820258,74.38260205586751,75.15846570332845,3,9,1023,511.5,2046,164304,164304,provider-specific or unknown; see evidence.json,1.5557269250621175e-07,unavailable,unavailable,unavailable,per-run numerical report; see reference coverage,1086.0,1086.0,3d305557b1ca5c50b4b166010eeb5082bd2cf8bf68a979ed43ec222282e3e620,m1-pro-16gb-local,48000,1,aligned,0,0,1,0,64,8192,0.35907680562337235,1333.3333333333333,8.25,8.125,8.25,27.958,0.61875,8192,8192,10.922666666666666,21.3125,10.65625,42.625,
3aeff8d50243a034,ols-identity-batch-float,chain,identity,float,2048,1024,64,4,callback,steady,0,ns/engine-sample,300.1117335425483,292.78926785786945,306.570260365804,3,9,0,511.5,1023,164304,164304,provider-specific or unknown; see evidence.json,3.2098083124765253e-07,unavailable,unavailable,unavailable,per-run numerical report; see reference coverage,63.0,63.0,3d42791d709a83616d14c0ac40bedaf4b5bf486a5461e95125187a14eabe132b,m1-pro-16gb-local,48000,4,staggered,0,0,1,0,64,8192,1.440536321004232,1333.3333333333333,75.083,72.958,76.833,197.25,5.631225000000001,8192,8192,10.922666666666666,0.0,10.65625,21.3125,
3aeff8d50243a034,legacy-batch-float,analysis,analysis,float,2048,1024,64,1,callback,steady,0,ns/engine-sample,108.1625124613444,107.06527264912923,108.89402389526367,3,9,0,1023.5,-1,90680,90680,provider-specific or unknown; see evidence.json,0.00014317035675048828,2.15934702845581e-07,2.794693895227653e-07,0,per-run numerical report; see reference coverage,63.0,63.0,3daaa29b54919b82d68b6abbfc4055b8872e667764972d8a4048884ca1189aa3,m1-pro-16gb-local,48000,1,aligned,64,0,1,0,64,8192,0.5191800598144531,1333.3333333333333,25.167,24.833,25.458,120.083,1.887525,8192,8192,10.922666666666666,0.0,21.322916666666668,,21.322916666666668
3aeff8d50243a034,core-float,analysis,analysis,float,2048,1024,64,16,throughput,steady,0,ns/engine-sample,367.97110239664715,364.5848166147868,374.2173779805501,3,9,1023,1023.5,-1,565780,565780,provider-specific or unknown; see evidence.json,0.00014317035675048828,2.15934702845581e-07,2.794693895227653e-07,0,per-run numerical report; see reference coverage,1023.0,1023.0,3dc07fd09aa6bd77be336103978bc98a766ab24084333f153e2646e97b18308a,m1-pro-16gb-local,48000,16,staggered,0,0,1,0,64,8192,1.7662612915039062,,,,,,,1,1,10.922666666666666,21.3125,21.322916666666668,,42.63541666666667
3aeff8d50243a034,fftw-rfft-double,transform,rfft,double,16384,1024,64,1,complete,steady,0,ns/transform,49188.36306423611,48973.874674479164,49443.7294921875,3,9,0,0,-1,262240,262240,provider-specific or unknown; see evidence.json,7.555503300464323e-09,unavailable,unavailable,unavailable,per-run numerical report; see reference coverage,unavailable,unavailable,3e167d5d0e20e457f3a9cdbc2e312dd3df474f2009d7258e09bfdfc4e43eddc4,m1-pro-16gb-local,48000,1,aligned,0,0,1,0,64,1024,,,,,,,,1024,1024,,0.0,0.0,,
3aeff8d50243a034,fftw-ols-identity-float,chain,identity,float,2048,1024,64,1,callback,startup,0,ns/engine-sample,17.37036853366428,17.031770706176758,17.612209955851238,3,9,0,511.5,1023,90424,90424,provider-specific or unknown; see evidence.json,3.157499577355338e-07,unavailable,unavailable,unavailable,per-run numerical report; see reference coverage,63.0,63.0,3e1ea09c5580915fc653b43fa4f6565c4c9815f6c6cec92dfad2a89c12f0ab92,m1-pro-16gb-local,48000,1,aligned,0,0,1,0,64,8192,0.08337776896158854,1333.3333333333333,12.375,12.125,12.459,30.667,0.9281250000000001,8192,8192,10.922666666666666,0.0,10.65625,21.3125,
3aeff8d50243a034,vdsp-ifft-double,transform,ifft,double,2048,1024,64,1,complete,steady,0,ns/transform,5188.011284722222,5120.158203125,5243.175130208333,3,9,0,0,-1,65640,65640,provider-specific or unknown; see evidence.json,5.4993311295192083e-14,unavailable,unavailable,unavailable,per-run numerical report; see reference coverage,unavailable,unavailable,3e3e35050fb4a80d895b0550fec542deab93b8fba24f6fd5297421442771acc5,m1-pro-16gb-local,48000,1,aligned,0,0,1,0,64,1024,,,,,,,,1024,1024,,0.0,0.0,,
3aeff8d50243a034,pffft-ols-identity-float,chain,identity,float,2048,1024,64,1,callback,steady,0,ns/engine-sample,130.92108726501465,99.76922416687012,191.71922874450684,3,9,0,511.5,1023,90424,90424,provider-specific or unknown; see evidence.json,3.223614157832344e-07,unavailable,unavailable,unavailable,per-run numerical report; see reference coverage,63.0,63.0,3e905342b7d901b9f5dcef60aaffdbc9c53a6c0c3f78d078cdfea6af231367f0,m1-pro-16gb-local,48000,1,aligned,64,0,1,0,64,8192,0.6284212188720704,1333.3333333333333,16.292,15.917,16.459,81245.416,1.2219000000000002,8192,8192,10.922666666666666,0.0,10.65625,21.3125,
3aeff8d50243a034,legacy-batch-float,analysis,analysis,float,2048,1024,64,16,throughput,steady,0,ns/engine-sample,364.4161665174696,359.2787316640218,368.9623680114746,3,9,0,1023.5,-1,90680,90680,provider-specific or unknown; see evidence.json,0.00014317035675048828,2.15934702845581e-07,2.794693895227653e-07,0,per-run numerical report; see reference coverage,63.0,63.0,3f755635e63ed48d8fb891b6e99a6227a4fdf56d5b254bcd32f24982e9727c85,m1-pro-16gb-local,48000,16,aligned,0,0,1,0,64,8192,1.7491975992838542,,,,,,,1,1,10.922666666666666,0.0,21.322916666666668,,21.322916666666668
3aeff8d50243a034,ols-fir-incremental-float,chain,fir,float,2048,1024,64,1,callback,steady,15,ns/engine-sample,75.22960175408258,74.14482816060384,76.4986178080241,3,9,1023,511.5,2046,164304,164304,provider-specific or unknown; see evidence.json,1.5557269250621175e-07,unavailable,unavailable,unavailable,per-run numerical report; see reference coverage,1038.0,1038.0,3fad145e9baf909bcbc25beffdd2cb8de889a9585efea1c783882f77d17ccf34,m1-pro-16gb-local,48000,1,aligned,0,0,1,0,64,8192,0.3611020884195964,1333.3333333333333,6.875,6.75,7.125,97.125,0.515625,8192,8192,10.922666666666666,21.3125,10.65625,42.625,
3aeff8d50243a034,inverse-stream-incremental-float,inverse-job,inverse,float,2048,1024,64,1,throughput,steady,0,ns/engine-sample,36.59221861097548,35.53483200073242,37.31385930379232,3,9,1023,0,-1,139600,139600,provider-specific or unknown; see evidence.json,4.053554221172817e-07,unavailable,unavailable,unavailable,per-run numerical report; see reference coverage,1023.0,1023.0,3fb3c8be03c856b75020402fd6ab5ecd102c18357563c6e176887765e3b43a27,m1-pro-16gb-local,96000,1,aligned,0,0,1,0,64,8192,0.3512852986653646,,,,,,,1,1,5.461333333333333,10.65625,0.0,,
3aeff8d50243a034,pffft-hybrid-float,analysis,analysis,float,2048,1024,64,1,callback,steady,63,ns/engine-sample,16.284615410698784,15.996127446492514,16.553213755289715,3,9,1023,1023.5,-1,66184,66184,provider-specific or unknown; see evidence.json,6.103515625e-05,1.2019560717045903e-07,1.191954924079027e-07,0,per-run numerical report; see reference coverage,1086.0,1086.0,405eccb88be770076569b3c611500655c971b95e410751e8b33db18e5248a09a,m1-pro-16gb-local,48000,1,aligned,0,0,1,0,64,8192,0.07816615397135417,1333.3333333333333,2.667,2.625,2.667,118.208,0.200025,8192,8192,10.922666666666666,21.3125,21.322916666666668,,42.63541666666667
3aeff8d50243a034,pffft-ols-identity-float,chain,identity,float,2048,1024,64,16,throughput,steady,0,ns/engine-sample,309.5067077212864,307.1640860239665,312.63944816589355,3,9,0,511.5,1023,90424,90424,provider-specific or unknown; see evidence.json,3.223614157832344e-07,unavailable,unavailable,unavailable,per-run numerical report; see reference coverage,63.0,63.0,406d3c86b87f93b0c2105926245282c27b093cd3b2864512071bdf477cd12b5e,m1-pro-16gb-local,48000,16,aligned,0,0,1,0,64,8192,1.4856321970621746,,,,,,,1,1,10.922666666666666,0.0,10.65625,21.3125,
3aeff8d50243a034,legacy-batch-float,analysis,analysis,float,2048,1024,64,16,throughput,steady,0,ns/engine-sample,384.48813184102374,359.3679796854655,425.96989186604816,3,9,0,1023.5,-1,90680,90680,provider-specific or unknown; see evidence.json,0.00014317035675048828,2.15934702845581e-07,2.794693895227653e-07,0,per-run numerical report; see reference coverage,63.0,63.0,408dfe133a204a1dce3362386ebd2323a4867415f2763b3da619421770c2adf3,m1-pro-16gb-local,48000,16,staggered,0,0,1,0,64,8192,1.845543032836914,,,,,,,1,1,10.922666666666666,0.0,21.322916666666668,,21.322916666666668
3aeff8d50243a034,ols-fir-incremental-float,chain,fir,float,2048,1024,64,4,callback,steady,0,ns/engine-sample,310.0596978929308,308.16908073425293,312.5111624399821,3,9,1023,511.5,2046,164304,164304,provider-specific or unknown; see evidence.json,1.5557269250621175e-07,unavailable,unavailable,unavailable,per-run numerical report; see reference coverage,1023.0,1023.0,41fde319596768f05288a0c3800390ce176070c327a2e473a57c19d9f534d19c,m1-pro-16gb-local,48000,4,staggered,0,0,1,0,64,8192,1.4882865498860678,1333.3333333333333,24.833,23.75,25.541,156.167,1.8624750000000003,8192,8192,10.922666666666666,21.3125,10.65625,42.625,
3aeff8d50243a034,vdsp-analysis-float,analysis,analysis,float,2048,1024,64,4,throughput,steady,0,ns/engine-sample,38.841945224338104,38.34682019551595,39.70408503214518,3,9,0,1023.5,-1,70232,70232,provider-specific or unknown; see evidence.json,6.103515625e-05,1.4261480916057953e-07,1.1945004482661556e-07,0,per-run numerical report; see reference coverage,63.0,63.0,41ffb1786d99e5705aa0c2ca26e84c2f7310cf4b7bf7dfc28b03757d3df58a79,m1-pro-16gb-local,48000,4,aligned,0,0,1,0,64,8192,0.1864413370768229,,,,,,,1,1,10.922666666666666,0.0,21.322916666666668,,21.322916666666668
3aeff8d50243a034,pffft-analysis-float,analysis,analysis,float,2048,1024,64,4,callback,steady,0,ns/engine-sample,32.75446997748481,32.11733055114746,33.46059608459473,3,9,0,1023.5,-1,62032,62032,provider-specific or unknown; see evidence.json,6.103515625e-05,1.2019560717045903e-07,1.191954924079027e-07,0,per-run numerical report; see reference coverage,63.0,63.0,423737af80e6384e843254b86aab6df093c966f908632acbd15d675fb0ca75c4,m1-pro-16gb-local,48000,4,staggered,0,0,1,0,64,8192,0.15722145589192707,1333.3333333333333,5.667,5.542,6.084,26.084,0.42502500000000004,8192,8192,10.922666666666666,0.0,21.322916666666668,,21.322916666666668
3aeff8d50243a034,fftw-analysis-double,analysis,analysis,double,2048,1024,64,1,throughput,steady,0,ns/engine-sample,13.944131427341038,13.83320426940918,14.069266001383463,3,9,0,1023.5,-1,98920,98920,provider-specific or unknown; see evidence.json,1.1368683772161603e-13,3.133469837818251e-16,2.777202473906963e-16,0,per-run numerical report; see reference coverage,63.0,63.0,42a95543da4a6d9ae1be51bd967d6c2a30be6db2da978bf91a3e46c5282168d3,m1-pro-16gb-local,48000,1,aligned,0,1,1,0,64,8192,0.06693183085123698,,,,,,,1,1,10.922666666666666,0.0,21.322916666666668,,21.322916666666668
3aeff8d50243a034,ols-fir-batch-float,chain,fir,float,2048,257,64,1,throughput,steady,0,ns/engine-sample,275.0198943471682,271.0936258714332,277.2086449213684,3,9,0,128.0,256,152032,152032,provider-specific or unknown; see evidence.json,1.5840151945667458e-07,unavailable,unavailable,unavailable,per-run numerical report; see reference coverage,0.0,63.0,439d632c449be8386c16386ff8ac167a5e3a3576f6462dc5819830f0fee21400,m1-pro-16gb-local,48000,1,aligned,0,0,1,0,64,2056,1.3200954928664073,,,,,,,1,1,2.7413333333333334,0.0,2.6666666666666665,5.333333333333333,
3aeff8d50243a034,pffft-analysis-float,analysis,analysis,float,2048,1024,64,16,callback,steady,0,ns/engine-sample,132.61814541286893,130.13318634033203,133.94055302937826,3,9,0,1023.5,-1,62032,62032,provider-specific or unknown; see evidence.json,6.103515625e-05,1.2019560717045903e-07,1.191954924079027e-07,0,per-run numerical report; see reference coverage,63.0,63.0,43db4283046a2370a78c35cf15a1f8deb6fbe562c6b34a6fd178f288f6bc6f00,m1-pro-16gb-local,48000,16,aligned,0,0,1,0,64,8192,0.6365670979817708,1333.3333333333333,77.459,77.208,77.542,147.541,5.809425,8192,8192,10.922666666666666,0.0,21.322916666666668,,21.322916666666668
3aeff8d50243a034,vdsp-ols-fir-float,chain,fir,float,2048,1024,64,1,throughput,steady,0,ns/engine-sample,99.00904570685492,97.90799331665039,99.70919227600098,3,9,0,511.5,1023,106816,106816,provider-specific or unknown; see evidence.json,2.0061301597706915e-07,unavailable,unavailable,unavailable,per-run numerical report; see reference coverage,63.0,63.0,43ff6a7a92f823b6b3b0c4fcdcf3ca886241d80599f0bf9d3eb74e078bb6f7a3,m1-pro-16gb-local,48000,1,aligned,64,0,1,0,64,8192,0.4752434193929036,,,,,,,1,1,10.922666666666666,0.0,10.65625,21.3125,
3aeff8d50243a034,core-float,analysis,analysis,float,2048,1024,64,1,callback,startup,0,ns/engine-sample,20.566709306504993,20.299050013224285,20.857681274414062,3,9,1023,1023.5,-1,565780,565780,provider-specific or unknown; see evidence.json,0.00014317035675048828,2.846948243165582e-07,6.468453835776953e-07,0,per-run numerical report; see reference coverage,1023.0,1023.0,44781031b278b547cedce015394bf45caa0e9c0128afcf1805e4fde6e0544019,m1-pro-16gb-local,48000,1,aligned,0,0,1,0,64,8192,0.09872020467122396,1333.3333333333333,1.917,1.875,1.959,41.75,0.143775,8192,8192,10.922666666666666,21.3125,21.322916666666668,,42.63541666666667
3aeff8d50243a034,vdsp-analysis4-float,analysis,analysis,float,4096,1024,64,4,callback,steady,0,ns/engine-sample,58.38706927829318,56.68212000528971,59.34775161743164,3,9,0,2047.5,-1,559496,559496,provider-specific or unknown; see evidence.json,0.000244140625,2.1376234128583156e-07,2.382412459445384e-07,0,per-run numerical report; see reference coverage,63.0,63.0,45a1f97022b12ec483149774dc3a7b542105f3519ef07daa1ec15245e27c1471,m1-pro-16gb-local,48000,1,aligned,0,0,1,0,64,8192,0.2802579325358073,1333.3333333333333,43.917,42.291,44.042,110.875,3.293775,8192,8192,10.922666666666666,0.0,42.65625,,42.65625
3aeff8d50243a034,pffft-inverse-float,inverse-job,inverse,float,2048,1024,64,1,callback,steady,0,ns/engine-sample,8.779557545979818,8.58421770731608,9.115968704223633,3,9,0,0,-1,82184,82184,provider-specific or unknown; see evidence.json,1.884864389012364e-07,unavailable,unavailable,unavailable,per-run numerical report; see reference coverage,63.0,63.0,46e6f1828ec63124a3e9485a2581f31cbe063d24a20da2a0ba2d3dd65f0cfca8,m1-pro-16gb-local,96000,1,aligned,0,0,1,0,64,8192,0.08428375244140625,666.6666666666666,4.167,4.125,4.25,348.125,0.62505,8192,8192,5.461333333333333,0.0,0.0,,
3aeff8d50243a034,vdsp-ols-fir-double,chain,fir,double,4096,1024,64,1,throughput,steady,0,ns/engine-sample,34.497437371148,33.91695022583008,35.05174255371094,3,9,0,511.5,1023,409936,409936,provider-specific or unknown; see evidence.json,2.5476231888929306e-16,unavailable,unavailable,unavailable,per-run numerical report; see reference coverage,63.0,63.0,47224398f197ee987b305b1c8058b9b00abcea6b03f3f9d1525985d459112fd3,m1-pro-16gb-local,48000,1,aligned,0,0,1,0,64,8192,0.1655876993815104,,,,,,,1,1,10.922666666666666,0.0,10.65625,21.3125,
3aeff8d50243a034,fftw-analysis-double,analysis,analysis,double,16384,1024,64,1,callback,steady,0,ns/engine-sample,79.4617093404134,78.58192443847656,80.62568092346191,3,9,0,8191.5,-1,787048,787048,provider-specific or unknown; see evidence.json,4.547473508864641e-13,3.948758081424129e-16,1.3878163651865983e-16,0,per-run numerical report; see reference coverage,63.0,63.0,4746400282f8e750f525e4d2cef9db2eca254c6b9cbe938cc5734c26511f70fd,m1-pro-16gb-local,48000,1,aligned,0,1,1,0,64,8192,0.38141620483398436,1333.3333333333333,75.833,75.667,78.792,195.833,5.687475,8192,8192,10.922666666666666,0.0,170.65625,,170.65625
3aeff8d50243a034,vdsp-ifft-double,transform,ifft,double,4096,1024,64,1,complete,steady,0,ns/transform,11058.578993055557,10941.265625,11135.130208333334,3,9,0,0,-1,131176,131176,provider-specific or unknown; see evidence.json,7.61463546887877e-14,unavailable,unavailable,unavailable,per-run numerical report; see reference coverage,unavailable,unavailable,474bf8c25e1b0f7d9b26343840441982470bc3c859dce85a1d1f65b3a645c07d,m1-pro-16gb-local,48000,1,aligned,0,0,1,0,64,1024,,,,,,,,1024,1024,,0.0,0.0,,
3aeff8d50243a034,fftw-inverse-float,inverse-job,inverse,float,2048,257,64,1,throughput,steady,0,ns/engine-sample,23.21651061932555,22.901403919422826,23.45438655155642,3,9,0,0,-1,82184,82184,provider-specific or unknown; see evidence.json,1.3328003944934608e-07,unavailable,unavailable,unavailable,per-run numerical report; see reference coverage,0.0,63.0,4773130d77ec7b942de5dc2bfa49f0226b732ed1fc56e6e506932d44d6b9df73,m1-pro-16gb-local,48000,1,aligned,0,0,1,0,64,2056,0.11143925097276264,,,,,,,1,1,2.7413333333333334,0.0,0.0,,
3aeff8d50243a034,fftw-inverse-float,inverse-job,inverse,float,2048,1024,64,1,throughput,steady,0,ns/engine-sample,9.879933251274956,9.683158874511719,10.244024912516275,3,9,0,0,-1,82184,82184,provider-specific or unknown; see evidence.json,1.3328003944934608e-07,unavailable,unavailable,unavailable,per-run numerical report; see reference coverage,63.0,63.0,47e9480a208ded593951a7a7a6351a26b3486e662108302e5afc6962f44bdc0f,m1-pro-16gb-local,48000,1,aligned,0,0,1,32,64,8192,0.04742367960611979,,,,,,,1,1,10.922666666666666,0.0,0.0,,
3aeff8d50243a034,inverse-stream-batch-float,inverse-job,inverse,float,2048,1024,64,16,throughput,steady,0,ns/engine-sample,621.9404012891981,611.1114298502604,633.7870763142904,3,9,0,0,-1,139600,139600,provider-specific or unknown; see evidence.json,4.053554221172817e-07,unavailable,unavailable,unavailable,per-run numerical report; see reference coverage,63.0,63.0,482d894eeed129736447ccca518f827689d23f452f05dcdaff8d72b53e79f804,m1-pro-16gb-local,48000,16,staggered,0,0,1,0,64,8192,2.985313926188151,,,,,,,1,1,10.922666666666666,0.0,0.0,,
3aeff8d50243a034,ols-identity-batch-float,chain,identity,float,2048,1024,64,16,throughput,steady,0,ns/engine-sample,1205.1036273108589,1183.867878595988,1228.2111644744873,3,9,0,511.5,1023,164304,164304,provider-specific or unknown; see evidence.json,3.2098083124765253e-07,unavailable,unavailable,unavailable,per-run numerical report; see reference coverage,63.0,63.0,484194065c720bbd3deccaf9724dd1e9bb2fe67e288ddd0f9303eccc38339d3a,m1-pro-16gb-local,48000,16,staggered,0,0,1,0,64,8192,5.784497411092123,,,,,,,1,1,10.922666666666666,0.0,10.65625,21.3125,
3aeff8d50243a034,pffft-hybrid-float,analysis,analysis,float,2048,1024,64,1,throughput,steady,0,ns/engine-sample,16.15871302286784,15.858279546101889,16.405925750732422,3,9,1023,1023.5,-1,66184,66184,provider-specific or unknown; see evidence.json,6.103515625e-05,1.2019560717045903e-07,1.191954924079027e-07,0,per-run numerical report; see reference coverage,1023.0,1023.0,484856b40c045f8148abd8aeb7871d0d2bd5b798b5a5967b9c29dc50ab88ab1a,m1-pro-16gb-local,96000,1,aligned,0,0,1,0,64,8192,0.15512364501953124,,,,,,,1,1,5.461333333333333,10.65625,10.661458333333334,,21.317708333333336
3aeff8d50243a034,vdsp-ols-fir-float,chain,fir,float,2048,1024,64,1,callback,startup,0,ns/engine-sample,14.45796373155382,13.726814905802408,14.935503005981445,3,9,0,511.5,1023,106816,106816,provider-specific or unknown; see evidence.json,2.0061301597706915e-07,unavailable,unavailable,unavailable,per-run numerical report; see reference coverage,63.0,63.0,486487f83dd98bb02f6ded875ecf62a3eae7ae1bf9c603d898a9b14c00b98338,m1-pro-16gb-local,48000,1,aligned,0,0,1,0,64,8192,0.06939822591145833,1333.3333333333333,9.042,8.875,9.084,34.208,0.67815,8192,8192,10.922666666666666,0.0,10.65625,21.3125,
3aeff8d50243a034,pffft-ols-fir-float,chain,fir,float,2048,1024,64,16,callback,steady,0,ns/engine-sample,316.06022855970593,310.7758680979411,322.50175221761066,3,9,0,511.5,1023,90424,90424,provider-specific or unknown; see evidence.json,1.5359765370703826e-07,unavailable,unavailable,unavailable,per-run numerical report; see reference coverage,63.0,63.0,48d0fc584b0152373f2da71f357776859fd3f62795835d039781d780783fb146,m1-pro-16gb-local,48000,16,aligned,0,0,1,0,64,8192,1.5170890970865885,1333.3333333333333,180.333,178.208,182.875,3572.042,13.524975,8192,8192,10.922666666666666,0.0,10.65625,21.3125,
3aeff8d50243a034,ols-identity-incremental-float,chain,identity,float,2048,1024,64,1,callback,steady,1,ns/engine-sample,75.16455671522353,74.26333427429199,76.4455057779948,3,9,1023,511.5,2046,164304,164304,provider-specific or unknown; see evidence.json,3.2098083124765253e-07,unavailable,unavailable,unavailable,per-run numerical report; see reference coverage,1024.0,1024.0,48e59a7cc8f2dd73f4856ae4914f34cca73228f7efce26be09f177a720a3dd8e,m1-pro-16gb-local,48000,1,aligned,0,0,1,0,64,8192,0.3607898722330729,1333.3333333333333,6.625,6.459,7.042,127.166,0.496875,8192,8192,10.922666666666666,21.3125,10.65625,42.625,
3aeff8d50243a034,pffft-ols-fir-float,chain,fir,float,2048,1024,64,16,callback,steady,0,ns/engine-sample,232.6151269276937,231.46270243326822,233.26877403259277,3,9,0,511.5,1023,90424,90424,provider-specific or unknown; see evidence.json,1.5359765370703826e-07,unavailable,unavailable,unavailable,per-run numerical report; see reference coverage,63.0,63.0,48e7c790d34d60dee9e84395e8481c15d19b648047bc0b6bdf49273b40e09482,m1-pro-16gb-local,48000,16,staggered,0,0,1,0,64,8192,1.1165526092529297,1333.3333333333333,15.875,15.375,16.125,110.375,1.190625,8192,8192,10.922666666666666,0.0,10.65625,21.3125,
3aeff8d50243a034,pffft-analysis4-float,analysis,analysis,float,2048,1024,64,4,throughput,steady,0,ns/engine-sample,33.947979609171554,32.345851262410484,35.99529774983724,3,9,0,1023.5,-1,248168,248168,provider-specific or unknown; see evidence.json,6.103515625e-05,1.369317643585563e-07,1.192814319545056e-07,0,per-run numerical report; see reference coverage,63.0,63.0,491602deac746e3f9dc1688c5b5d96c60cad74fc015231f84c7cdce0f2dd30b8,m1-pro-16gb-local,48000,1,aligned,0,0,1,0,64,8192,0.16295030212402345,,,,,,,1,1,10.922666666666666,0.0,21.322916666666668,,21.322916666666668
3aeff8d50243a034,vdsp-ols-fir-double,chain,fir,double,4096,1024,64,1,callback,steady,0,ns/engine-sample,34.72859043545193,33.95509338378906,35.171305338541664,3,9,0,511.5,1023,409936,409936,provider-specific or unknown; see evidence.json,2.5476231888929306e-16,unavailable,unavailable,unavailable,per-run numerical report; see reference coverage,63.0,63.0,49a2fa1c1558aab91198c1eaac7586868e491140ae749f837b7914904aa0e5a0,m1-pro-16gb-local,48000,1,aligned,0,0,1,0,64,8192,0.16669723409016926,1333.3333333333333,30.958,30.167,31.166,139.25,2.3218500000000004,8192,8192,10.922666666666666,0.0,10.65625,21.3125,
3aeff8d50243a034,pffft-inverse-float,inverse-job,inverse,float,2048,257,64,1,callback,steady,0,ns/engine-sample,25.667732314634673,19.54550958576524,37.75641668693255,3,9,0,0,-1,82184,82184,provider-specific or unknown; see evidence.json,1.884864389012364e-07,unavailable,unavailable,unavailable,per-run numerical report; see reference coverage,0.0,63.0,49cf6630fdeaa82947481f3a0c4fdae397bbc4c5380e9e73b809204936edc199,m1-pro-16gb-local,48000,1,aligned,0,0,1,0,64,2056,0.12320511511024644,1333.3333333333333,4.167,4.125,4.291,707.958,0.312525,2056,2056,2.7413333333333334,0.0,0.0,,
3aeff8d50243a034,vdsp-ols-fir-float,chain,fir,float,2048,1024,64,1,callback,steady,1,ns/engine-sample,15.446957694159613,14.51698366800944,16.37193997701009,3,9,0,511.5,1023,106816,106816,provider-specific or unknown; see evidence.json,2.0061301597706915e-07,unavailable,unavailable,unavailable,per-run numerical report; see reference coverage,0.0,0.0,4a13a2273e646e7a76369c3925eba44f48e3c4c74c76879996da7159226675f5,m1-pro-16gb-local,48000,1,aligned,0,0,1,0,64,8192,0.07414539693196613,1333.3333333333333,10.5,9.125,10.584,36.583,0.7875000000000001,8192,8192,10.922666666666666,0.0,10.65625,21.3125,
3aeff8d50243a034,ols-fir-incremental-float,chain,fir,float,2048,1024,64,1,callback,startup,0,ns/engine-sample,74.77211846245659,73.9382209777832,75.69685300191243,3,9,1023,511.5,2046,164304,164304,provider-specific or unknown; see evidence.json,1.5557269250621175e-07,unavailable,unavailable,unavailable,per-run numerical report; see reference coverage,1023.0,1023.0,4a2df2f1c2869e5fb485510ecfbff4c0d6b0c52a3b61df51dda9f19df6382b82,m1-pro-16gb-local,48000,1,aligned,0,0,1,0,64,8192,0.35890616861979163,1333.3333333333333,8.25,8.125,8.291,62.917,0.61875,8192,8192,10.922666666666666,21.3125,10.65625,42.625,
3aeff8d50243a034,fftw-inverse-float,inverse-job,inverse,float,2048,1024,64,1,throughput,steady,0,ns/engine-sample,90.32471126980252,89.4451675415039,90.77146339416504,3,9,0,0,-1,82184,82184,provider-specific or unknown; see evidence.json,1.3328003944934608e-07,unavailable,unavailable,unavailable,per-run numerical report; see reference coverage,63.0,63.0,4a50ad104d51d81a13ba6f36fe607a6f6c7353d71705b9196c67d323369719b2,m1-pro-16gb-local,48000,1,aligned,64,0,1,0,64,8192,0.43355861409505203,,,,,,,1,1,10.922666666666666,0.0,0.0,,
3aeff8d50243a034,ols-identity-incremental-float,chain,identity,float,2048,1024,64,4,throughput,steady,0,ns/engine-sample,305.5660014682346,302.02539761861163,308.64315478007,3,9,1023,511.5,2046,164304,164304,provider-specific or unknown; see evidence.json,3.2098083124765253e-07,unavailable,unavailable,unavailable,per-run numerical report; see reference coverage,1023.0,1023.0,4a8703e494d4c42c3126e70c291aca9115965e68f6a402c0c50be00c1f3681cf,m1-pro-16gb-local,48000,4,aligned,0,0,1,0,64,8192,1.4667168070475263,,,,,,,1,1,10.922666666666666,21.3125,10.65625,42.625,
3aeff8d50243a034,pffft-scheduled-batch-float,analysis,analysis,float,2048,1024,64,4,callback,steady,0,ns/engine-sample,75.70095994737413,74.50848325093587,77.30876859029134,3,9,0,1023.5,-1,66184,66184,provider-specific or unknown; see evidence.json,6.103515625e-05,1.2019560717045903e-07,1.191954924079027e-07,0,per-run numerical report; see reference coverage,63.0,63.0,4abf3724519f08fe3aa6ed561213923d948320e90353df18dc24e1bf06d88148,m1-pro-16gb-local,48000,4,staggered,0,0,1,0,64,8192,0.3633646077473959,1333.3333333333333,17.084,16.709,17.125,73.542,1.2813,8192,8192,10.922666666666666,0.0,21.322916666666668,,21.322916666666668
3aeff8d50243a034,vdsp-ols-identity-float,chain,identity,float,2048,1024,64,16,callback,steady,0,ns/engine-sample,237.49359194437665,235.93347104390463,238.41029485066733,3,9,0,511.5,1023,106816,106816,provider-specific or unknown; see evidence.json,3.9384264027830795e-07,unavailable,unavailable,unavailable,per-run numerical report; see reference coverage,63.0,63.0,4ae7b68ec05bda97ac8cf8fb10445cbc2452241a36911299582a0dd60acacf96,m1-pro-16gb-local,48000,16,staggered,0,0,1,0,64,8192,1.1399692413330078,1333.3333333333333,16.25,16.042,20.709,265.084,1.21875,8192,8192,10.922666666666666,0.0,10.65625,21.3125,
3aeff8d50243a034,fftw-ols-fir-float,chain,fir,float,2048,1024,64,1,throughput,steady,0,ns/engine-sample,17.132299847073025,16.898366928100586,17.46673075358073,3,9,0,511.5,1023,90424,90424,provider-specific or unknown; see evidence.json,1.8128045553567063e-07,unavailable,unavailable,unavailable,per-run numerical report; see reference coverage,63.0,63.0,4aecb2115f2ac78d898fb4045a87abefc42185d22103747feea080def82b28ba,m1-pro-16gb-local,48000,1,aligned,0,0,1,32,64,8192,0.08223503926595052,,,,,,,1,1,10.922666666666666,0.0,10.65625,21.3125,
3aeff8d50243a034,fftw-ols-fir-float,chain,fir,float,2048,1024,64,1,callback,steady,0,ns/engine-sample,23.97193209330241,23.154104232788086,25.42234484354655,3,9,0,511.5,1023,90424,90424,provider-specific or unknown; see evidence.json,1.8128045553567063e-07,unavailable,unavailable,unavailable,per-run numerical report; see reference coverage,63.0,63.0,4b34dcd6ad04d3d4a2bbdff787f0d018cee4d869381725a3ffd19416c5ced9f6,m1-pro-16gb-local,48000,1,aligned,0,0,1,32,64,8192,0.11506527404785157,1333.3333333333333,16.166,16.125,17.625,145.708,1.21245,8192,8192,10.922666666666666,0.0,10.65625,21.3125,
3aeff8d50243a034,fftw-analysis-double,analysis,analysis,double,4096,1024,64,1,callback,steady,0,ns/engine-sample,19.935417387220596,19.589073181152344,20.246182123819988,3,9,0,2047.5,-1,197224,197224,provider-specific or unknown; see evidence.json,2.2737367544323206e-13,2.75471053698325e-16,2.2194729412135142e-16,0,per-run numerical report; see reference coverage,63.0,63.0,4b6a57f0671937c3d35c83991c6bd219b10096774d933a7b75b7fb7cb4ed732b,m1-pro-16gb-local,48000,1,aligned,0,0,1,0,64,8192,0.09569000345865886,1333.3333333333333,15.208,14.917,15.833,43.917,1.1406,8192,8192,10.922666666666666,0.0,42.65625,,42.65625
3aeff8d50243a034,core-float,analysis,analysis,float,2048,1024,64,1,throughput,startup,0,ns/engine-sample,20.50053638882107,20.305633544921875,20.65740712483724,3,9,1023,1023.5,-1,565780,565780,provider-specific or unknown; see evidence.json,0.00014317035675048828,2.846948243165582e-07,6.468453835776953e-07,0,per-run numerical report; see reference coverage,1023.0,1023.0,4b6b370efa44d7ae4dd53aac78ff9de4fe64fe70d367d1e2e0dabf619addd92f,m1-pro-16gb-local,48000,1,aligned,0,0,1,0,64,8192,0.09840257466634116,,,,,,,1,1,10.922666666666666,21.3125,21.322916666666668,,42.63541666666667
3aeff8d50243a034,fftw-fft-double,transform,fft,double,4096,1024,64,1,complete,steady,0,ns/transform,17475.279296875,17232.4423828125,17708.829427083332,3,9,0,0,-1,65632,65632,provider-specific or unknown; see evidence.json,3.0363237300006386e-10,unavailable,unavailable,unavailable,per-run numerical report; see reference coverage,unavailable,unavailable,4b7500c3ebcbfc9e8251758b0cc401b41a3e0cb44dec30f5d41e9743035b68ac,m1-pro-16gb-local,48000,1,aligned,0,0,1,0,64,1024,,,,,,,,1024,1024,,0.0,0.0,,
3aeff8d50243a034,ifft-double,transform,ifft,double,128,37,64,1,complete,steady,0,ns/transform,1372.8062065972222,1357.7747395833333,1387.068359375,3,9,0,0,-1,6280,6280,provider-specific or unknown; see evidence.json,1.840967115842334e-15,unavailable,unavailable,unavailable,per-run numerical report; see reference coverage,unavailable,unavailable,4b85efb374698eb0d12e526fa442a5c2688f5d3543f1e1a118380cd4f0d864a8,m1-pro-16gb-local,48000,1,aligned,0,0,1,0,64,1024,,,,,,,,1024,1024,,0.0,0.0,,
3aeff8d50243a034,pffft-hybrid-float,analysis,analysis,float,2048,1024,64,1,throughput,startup,0,ns/engine-sample,16.144946840074326,15.956189473470053,16.454432169596355,3,9,1023,1023.5,-1,66184,66184,provider-specific or unknown; see evidence.json,6.103515625e-05,1.2019560717045903e-07,2.1561512785923178e-07,0,per-run numerical report; see reference coverage,1023.0,1023.0,4ba46460261cb1959f06f387864dcd5da3342bbb7b6a75173ffaa8da247067cb,m1-pro-16gb-local,48000,1,aligned,0,0,1,0,64,8192,0.07749574483235676,,,,,,,1,1,10.922666666666666,21.3125,21.322916666666668,,42.63541666666667
3aeff8d50243a034,fftw-analysis4-float,analysis,analysis,float,4096,1024,64,4,callback,steady,0,ns/engine-sample,61.58685111999512,60.44408925374349,62.91208839416504,3,9,0,2047.5,-1,493928,493928,provider-specific or unknown; see evidence.json,0.0001220703125,1.3651676763092507e-07,1.1926465943052198e-07,0,per-run numerical report; see reference coverage,63.0,63.0,4bbcf0876339385a17b8a9a4455d59c123ff100fa800abcef2f09bb07bfe49fc,m1-pro-16gb-local,48000,1,aligned,0,0,1,0,64,8192,0.2956168853759766,1333.3333333333333,47.417,46.667,47.917,277.584,3.556275,8192,8192,10.922666666666666,0.0,42.65625,,42.65625
3aeff8d50243a034,vdsp-analysis4-float,analysis,analysis,float,2048,1024,64,4,throughput,steady,0,ns/engine-sample,41.36253229777018,41.06561279296875,41.94786771138509,3,9,0,1023.5,-1,280968,280968,provider-specific or unknown; see evidence.json,9.1552734375e-05,2.131888687558105e-07,2.3848573008709736e-07,0,per-run numerical report; see reference coverage,63.0,63.0,4c45545b2728099845a6d11a5f51b7cacaf83d7be199e248099c59713ad40164,m1-pro-16gb-local,48000,1,aligned,0,1,1,0,64,8192,0.19854015502929687,,,,,,,1,1,10.922666666666666,0.0,21.322916666666668,,21.322916666666668
3aeff8d50243a034,core-double,analysis,analysis,double,2048,1024,64,1,callback,steady,0,ns/engine-sample,21.736834420098198,21.494845708211262,21.87477429707845,3,9,1023,1023.5,-1,868904,868904,provider-specific or unknown; see evidence.json,2.464140003155535e-13,4.3806019490456896e-16,4.812022594134366e-16,0,per-run numerical report; see reference coverage,1023.0,1023.0,4cd2e9e322353a24a882218c2e9dda2cfcf0a764ac37a9871e0eab16a7d1b68c,m1-pro-16gb-local,48000,1,aligned,0,0,1,0,64,8192,0.10433680521647135,1333.3333333333333,2.458,2.375,2.459,21.709,0.18435,8192,8192,10.922666666666666,21.3125,21.322916666666668,,42.63541666666667
3aeff8d50243a034,vdsp-inverse-double,inverse-job,inverse,double,16384,1024,64,1,callback,steady,0,ns/engine-sample,88.2700646718343,86.13968276977539,89.94288126627605,3,9,0,0,-1,1573136,1573136,provider-specific or unknown; see evidence.json,3.66205343881779e-15,unavailable,unavailable,unavailable,per-run numerical report; see reference coverage,63.0,63.0,4cfc8056e0722dcb9c0b8b5c47283965c3d70c11c1ad5d2bc83c87ac8f70d123,m1-pro-16gb-local,48000,1,aligned,0,0,1,0,64,8192,0.4236963104248047,1333.3333333333333,88.458,86.959,88.958,203.583,6.6343499999999995,8192,8192,10.922666666666666,0.0,0.0,,
3aeff8d50243a034,vdsp-analysis-float,analysis,analysis,float,2048,1024,64,1,callback,steady,15,ns/engine-sample,10.021371205647787,9.623013178507486,10.292222340901693,3,9,0,1023.5,-1,70232,70232,provider-specific or unknown; see evidence.json,6.103515625e-05,1.4261480916057953e-07,1.1945004482661556e-07,0,per-run numerical report; see reference coverage,14.0,14.0,4e059c150ecc952bbfaf0e448ec9df8267678412169964727662340a0fb8768c,m1-pro-16gb-local,48000,1,aligned,0,0,1,0,64,8192,0.048102581787109376,1333.3333333333333,4.875,4.75,4.875,23.666,0.36562500000000003,8192,8192,10.922666666666666,0.0,21.322916666666668,,21.322916666666668
3aeff8d50243a034,legacy-batch-float,analysis,analysis,float,2048,257,64,1,callback,steady,0,ns/engine-sample,80.44974144103978,79.14941026264592,81.55526761105708,3,9,0,1023.5,-1,90680,90680,provider-specific or unknown; see evidence.json,0.00015395879745483398,2.450622728504207e-07,3.00340987553129e-07,0,per-run numerical report; see reference coverage,0.0,63.0,4f1c45781e5adc2622a5f19a1439b0c04124b8a5225ea586542148895c761fd3,m1-pro-16gb-local,48000,1,aligned,0,0,1,0,64,2056,0.3861587589169909,1333.3333333333333,19.958,19.708,19.959,94.625,1.49685,2056,2056,2.7413333333333334,0.0,21.322916666666668,,21.322916666666668
3aeff8d50243a034,pffft-hybrid-float,analysis,analysis,float,2048,1024,64,1,callback,startup,0,ns/engine-sample,16.1884028116862,16.020057678222656,16.279349009195965,3,9,1023,1023.5,-1,66184,66184,provider-specific or unknown; see evidence.json,6.103515625e-05,1.2019560717045903e-07,2.1561512785923178e-07,0,per-run numerical report; see reference coverage,1023.0,1023.0,4f1ebcce77922c64c5364269cb8357a7cba27fe3cbb24df45aadb6da49df8cc3,m1-pro-16gb-local,48000,1,aligned,0,0,1,0,64,8192,0.07770433349609375,1333.3333333333333,2.625,2.584,2.625,16.583,0.19687500000000002,8192,8192,10.922666666666666,21.3125,21.322916666666668,,42.63541666666667
3aeff8d50243a034,fftw-ols-fir-float,chain,fir,float,2048,1024,64,1,callback,steady,15,ns/engine-sample,17.232704374525284,17.082443237304688,17.355892817179363,3,9,0,511.5,1023,90424,90424,provider-specific or unknown; see evidence.json,1.8128045553567063e-07,unavailable,unavailable,unavailable,per-run numerical report; see reference coverage,14.0,14.0,4f9a7f0591b14b17d8e177934dad1479fb0a8cbf022cf256f0e30295cb335dd9,m1-pro-16gb-local,48000,1,aligned,0,0,1,0,64,8192,0.08271698099772136,1333.3333333333333,12.209,12.125,12.375,71.167,0.9156750000000001,8192,8192,10.922666666666666,0.0,10.65625,21.3125,
3aeff8d50243a034,pffft-inverse-float,inverse-job,inverse,float,2048,1024,64,1,callback,steady,0,ns/engine-sample,12.773947185940212,12.090014775594076,13.333243687947592,3,9,0,0,-1,82184,82184,provider-specific or unknown; see evidence.json,1.884864389012364e-07,unavailable,unavailable,unavailable,per-run numerical report; see reference coverage,63.0,63.0,4f9ebdd368de5553a35062e6ed1478ea2d07034a0893a54468106b22b596f9a9,m1-pro-16gb-local,48000,1,aligned,0,0,1,32,64,8192,0.061314946492513026,1333.3333333333333,7.083,6.834,7.208,32.084,0.531225,8192,8192,10.922666666666666,0.0,0.0,,
3aeff8d50243a034,core-independent4-simd,analysis,analysis,float,4096,1024,64,4,callback,steady,0,ns/engine-sample,52.62824143303765,47.12191390991211,62.63123321533203,3,9,1023,2047.5,-1,1294936,1294936,provider-specific or unknown; see evidence.json,0.00031951069831848145,2.7942757904711543e-07,3.12241851333567e-07,72,per-run numerical report; see reference coverage,1023.0,1023.0,4fb3f4b0f3ef4f8b512482a3a6315c4cb61069cf6be8d56553acab4575547e1a,m1-pro-16gb-local,48000,1,aligned,0,0,1,0,64,8192,0.2526155588785807,1333.3333333333333,4.583,4.5,4.584,1045.25,0.343725,8192,8192,10.922666666666666,21.3125,42.65625,,63.96875
3aeff8d50243a034,ols-identity-batch-float,chain,identity,float,2048,1024,64,1,callback,startup,0,ns/engine-sample,75.13696246676975,74.086851755778,75.67505836486816,3,9,0,511.5,1023,164304,164304,provider-specific or unknown; see evidence.json,3.2098083124765253e-07,unavailable,unavailable,unavailable,per-run numerical report; see reference coverage,63.0,63.0,4fcd44673cea634d45f35a251280442e7dc954dd66ae2cafec3b852b1085ec40,m1-pro-16gb-local,48000,1,aligned,0,0,1,0,64,8192,0.36065741984049476,1333.3333333333333,71.334,69.958,72.125,185.833,5.35005,8192,8192,10.922666666666666,0.0,10.65625,21.3125,
3aeff8d50243a034,vdsp-inverse-float,inverse-job,inverse,float,2048,1024,64,1,callback,steady,0,ns/engine-sample,90.13433625962999,88.03753916422527,91.35124015808105,3,9,0,0,-1,98576,98576,provider-specific or unknown; see evidence.json,1.2287812012345967e-07,unavailable,unavailable,unavailable,per-run numerical report; see reference coverage,63.0,63.0,5019bcdc7fcc21ae1ceb14952aa37aeb018277a242f03d74e669a0c26d1307ac,m1-pro-16gb-local,48000,1,aligned,64,0,1,0,64,8192,0.4326448140462239,1333.3333333333333,8.75,8.583,8.834,71.167,0.65625,8192,8192,10.922666666666666,0.0,0.0,,
3aeff8d50243a034,fftw-ols-fir-float,chain,fir,float,2048,1024,64,1,callback,steady,1,ns/engine-sample,17.31118604871962,16.98497200012207,17.694368998209637,3,9,0,511.5,1023,90424,90424,provider-specific or unknown; see evidence.json,1.8128045553567063e-07,unavailable,unavailable,unavailable,per-run numerical report; see reference coverage,0.0,0.0,501f118fadfcf06fd6d001118a01a0a451d5d526d436a6d0faed329d14cf3052,m1-pro-16gb-local,48000,1,aligned,0,0,1,0,64,8192,0.08309369303385418,1333.3333333333333,12.375,12.167,12.417,112.083,0.9281250000000001,8192,8192,10.922666666666666,0.0,10.65625,21.3125,
3aeff8d50243a034,ols-fir-incremental-float,chain,fir,float,2048,1024,64,1,callback,steady,0,ns/engine-sample,206.6567136976454,201.97712071736655,213.00964419047037,3,9,1023,511.5,2046,164304,164304,provider-specific or unknown; see evidence.json,1.5557269250621175e-07,unavailable,unavailable,unavailable,per-run numerical report; see reference coverage,1023.0,1023.0,50324bf6ab32a9c5d631437a1db2f2ec266d28170a5d114c117fdd5b4b3bc5f3,m1-pro-16gb-local,48000,1,aligned,64,0,1,0,64,8192,0.9919522257486979,1333.3333333333333,16.625,16.208,16.791,1235.041,1.2468750000000002,8192,8192,10.922666666666666,21.3125,10.65625,42.625,
3aeff8d50243a034,legacy-batch-double,analysis,analysis,double,16384,1024,64,1,throughput,steady,0,ns/engine-sample,241.5594433678521,238.9009526570638,243.19325510660806,3,9,0,8191.5,-1,1311296,1311296,provider-specific or unknown; see evidence.json,9.094947017729282e-13,4.327177849018965e-16,2.776044068802886e-16,0,per-run numerical report; see reference coverage,63.0,63.0,504d572f991ad343e28e0a20f697b6d554b81aabc3e8343232130d128663c664,m1-pro-16gb-local,48000,1,aligned,0,1,1,0,64,8192,1.15948532816569,,,,,,,1,1,10.922666666666666,0.0,170.65625,,170.65625
3aeff8d50243a034,core-independent4-float,analysis,analysis,float,2048,1024,64,4,throughput,steady,0,ns/engine-sample,89.73492495218913,86.9823824564616,92.58831850687663,3,9,1023,1023.5,-1,2263160,2263160,provider-specific or unknown; see evidence.json,9.1552734375e-05,2.0685806321099332e-07,2.3848573008709736e-07,0,per-run numerical report; see reference coverage,1023.0,1023.0,50e028ef4ae2eebe24453c4f0bb708244b0a3e3a8c6d6facbe9272bcb4d36e4d,m1-pro-16gb-local,48000,1,aligned,0,1,1,0,64,8192,0.4307276397705078,,,,,,,1,1,10.922666666666666,21.3125,21.322916666666668,,42.63541666666667
3aeff8d50243a034,vdsp-inverse-float,inverse-job,inverse,float,2048,1024,64,4,throughput,steady,0,ns/engine-sample,28.353011025322807,28.086397171020508,28.612560907999676,3,9,0,0,-1,98576,98576,provider-specific or unknown; see evidence.json,1.2287812012345967e-07,unavailable,unavailable,unavailable,per-run numerical report; see reference coverage,63.0,63.0,5129dc1f04890b06ede731b7755baa364e2585ef924c5a8958bb8de91985b23a,m1-pro-16gb-local,48000,4,aligned,0,0,1,0,64,8192,0.13609445292154948,,,,,,,1,1,10.922666666666666,0.0,0.0,,
3aeff8d50243a034,legacy-batch-float,analysis,analysis,float,2048,1024,64,1,throughput,steady,0,ns/engine-sample,25.802108976576065,24.29617754618327,28.528186798095703,3,9,0,1023.5,-1,90680,90680,provider-specific or unknown; see evidence.json,0.00014317035675048828,2.15934702845581e-07,2.794693895227653e-07,0,per-run numerical report; see reference coverage,63.0,63.0,51cbdba40f4070c0eeb3602384d07242d42572591ccc9e8699db2d95ed060d21,m1-pro-16gb-local,48000,1,aligned,0,0,1,32,64,8192,0.12385012308756511,,,,,,,1,1,10.922666666666666,0.0,21.322916666666668,,21.322916666666668
3aeff8d50243a034,fftw-ols-fir-double,chain,fir,double,16384,1024,64,1,callback,steady,0,ns/engine-sample,285.73398802015515,282.26392046610516,288.6142470041911,3,9,0,511.5,1023,1327432,1327432,provider-specific or unknown; see evidence.json,2.592584715281538e-16,unavailable,unavailable,unavailable,per-run numerical report; see reference coverage,63.0,63.0,51f71adfbf0a784d8692e8538b9455fc2056fa81e481da03ebac034d9aa7c5ed,m1-pro-16gb-local,48000,1,aligned,0,0,1,0,64,8192,1.3715231424967447,1333.3333333333333,289.083,285.292,294.291,453.5,21.681225,8192,8192,10.922666666666666,0.0,10.65625,21.3125,
3aeff8d50243a034,inverse-stream-batch-float,inverse-job,inverse,float,2048,1024,64,1,callback,steady,15,ns/engine-sample,38.863375981648765,38.408088048299156,39.632216135660805,3,9,0,0,-1,139600,139600,provider-specific or unknown; see evidence.json,4.053554221172817e-07,unavailable,unavailable,unavailable,per-run numerical report; see reference coverage,14.0,14.0,522b162956ada2f42136ff0b2331e5436ccefb9a4c7421634b992cd086c14ec8,m1-pro-16gb-local,48000,1,aligned,0,0,1,0,64,8192,0.18654420471191407,1333.3333333333333,34.917,34.417,35.625,145.0,2.618775,8192,8192,10.922666666666666,0.0,0.0,,
3aeff8d50243a034,inverse-stream-incremental-float,inverse-job,inverse,float,2048,257,64,1,callback,steady,0,ns/engine-sample,139.14916622757244,138.36456053420883,140.4380015807393,3,9,256,0,-1,139600,139600,provider-specific or unknown; see evidence.json,4.053554221172817e-07,unavailable,unavailable,unavailable,per-run numerical report; see reference coverage,256.0,319.0,529ad8b4b1e15428da5ed3a6f21c40cd936d44c8750046037383e0aca396b32a,m1-pro-16gb-local,48000,1,aligned,0,0,1,0,64,2056,0.6679159978923477,1333.3333333333333,12.833,12.666,12.833,130.5,0.962475,2056,2056,2.7413333333333334,5.333333333333333,0.0,,
3aeff8d50243a034,fftw-analysis-float,analysis,analysis,float,2048,1024,64,4,callback,steady,0,ns/engine-sample,37.55872196621365,37.16393152872721,38.18721135457357,3,9,0,1023.5,-1,62032,62032,provider-specific or unknown; see evidence.json,0.0001220703125,1.6833401972470574e-07,2.3817976355656692e-07,0,per-run numerical report; see reference coverage,63.0,63.0,52e656d0a5eb109092514e1929187f5687518007c5f42d9e2b68b298f659d46e,m1-pro-16gb-local,48000,4,staggered,0,0,1,0,64,8192,0.18028186543782554,1333.3333333333333,6.75,6.667,6.75,183.0,0.50625,8192,8192,10.922666666666666,0.0,21.322916666666668,,21.322916666666668
3aeff8d50243a034,vdsp-analysis-double,analysis,analysis,double,2048,1024,64,1,throughput,steady,0,ns/engine-sample,13.506368637084961,13.344394048055014,13.795164108276367,3,9,0,1023.5,-1,115312,115312,provider-specific or unknown; see evidence.json,1.1368683772161603e-13,3.249746369777945e-16,2.775254044535426e-16,0,per-run numerical report; see reference coverage,63.0,63.0,5391f3b86d32ed3ba61ff079ef5e3b59cb31fa1f0a26bbe362d486734c4ed7bc,m1-pro-16gb-local,48000,1,aligned,0,1,1,0,64,8192,0.06483056945800782,,,,,,,1,1,10.922666666666666,0.0,21.322916666666668,,21.322916666666668
3aeff8d50243a034,vdsp-analysis-float,analysis,analysis,float,2048,1024,64,4,callback,steady,0,ns/engine-sample,38.332786348130966,37.815372467041016,38.78359921773275,3,9,0,1023.5,-1,70232,70232,provider-specific or unknown; see evidence.json,6.103515625e-05,1.4261480916057953e-07,1.1945004482661556e-07,0,per-run numerical report; see reference coverage,63.0,63.0,53e6eea53daed1276a573d2c85a2b37dc8814ab8fe32c2afa5e86f404cfd1ccd,m1-pro-16gb-local,48000,4,staggered,0,0,1,0,64,8192,0.18399737447102865,1333.3333333333333,6.75,6.709,7.042,31.542,0.50625,8192,8192,10.922666666666666,0.0,21.322916666666668,,21.322916666666668
3aeff8d50243a034,fftw-ols-identity-float,chain,identity,float,2048,1024,64,1,callback,steady,0,ns/engine-sample,103.47823482089572,101.60296122233073,104.48938941955566,3,9,0,511.5,1023,90424,90424,provider-specific or unknown; see evidence.json,3.157499577355338e-07,unavailable,unavailable,unavailable,per-run numerical report; see reference coverage,63.0,63.0,54581616479d6392ab3406cbe42047c499c670240146dafc96ab46e38d8fcc32,m1-pro-16gb-local,48000,1,aligned,64,0,1,0,64,8192,0.4966955271402995,1333.3333333333333,18.0,17.625,18.083,133.125,1.35,8192,8192,10.922666666666666,0.0,10.65625,21.3125,
3aeff8d50243a034,vdsp-ols-identity-float,chain,identity,float,2048,1024,64,1,throughput,steady,0,ns/engine-sample,14.722011778089735,13.902690251668295,15.533844629923502,3,9,0,511.5,1023,106816,106816,provider-specific or unknown; see evidence.json,3.9384264027830795e-07,unavailable,unavailable,unavailable,per-run numerical report; see reference coverage,63.0,63.0,5484d4d0e6bb7c0ce65e4cda4c79fc4e6cb5f913ede089dc5f56256739c2faa9,m1-pro-16gb-local,48000,1,aligned,0,0,1,32,64,8192,0.07066565653483073,,,,,,,1,1,10.922666666666666,0.0,10.65625,21.3125,
3aeff8d50243a034,pffft-ols-identity-float,chain,identity,float,2048,1024,64,4,throughput,steady,0,ns/engine-sample,59.484667460123696,58.53801345825195,60.1323184967041,3,9,0,511.5,1023,90424,90424,provider-specific or unknown; see evidence.json,3.223614157832344e-07,unavailable,unavailable,unavailable,per-run numerical report; see reference coverage,63.0,63.0,54cbbf7535d7f9996485dcc8af51f16927959772040b5a0905d5482d214b22b8,m1-pro-16gb-local,48000,4,staggered,0,0,1,0,64,8192,0.28552640380859373,,,,,,,1,1,10.922666666666666,0.0,10.65625,21.3125,
3aeff8d50243a034,ols-fir-incremental-double,chain,fir,double,16384,1024,64,1,callback,steady,0,ns/engine-sample,766.5694823794895,755.941754659017,780.5981438954672,3,9,1023,511.5,2046,2130400,2130400,provider-specific or unknown; see evidence.json,2.8186454099711016e-16,unavailable,unavailable,unavailable,per-run numerical report; see reference coverage,1023.0,1023.0,54e14cafecb995fb4eb7b42ce7e50608fc97f5e9b3610e6760f13e3e542e64b4,m1-pro-16gb-local,48000,1,aligned,0,0,1,0,64,8192,3.679533515421549,1333.3333333333333,111.958,102.167,113.25,259.917,8.39685,8192,8192,10.922666666666666,21.3125,10.65625,42.625,
3aeff8d50243a034,core-float,analysis,analysis,float,2048,1024,64,1,callback,steady,0,ns/engine-sample,31.930803298950195,30.92433484395345,33.031569163004555,3,9,1023,1023.5,-1,565780,565780,provider-specific or unknown; see evidence.json,0.00014317035675048828,2.15934702845581e-07,2.794693895227653e-07,0,per-run numerical report; see reference coverage,1023.0,1023.0,5540608da83cf421d2313f86f63f6f866b76f49633326610834a85ee1640ec8c,m1-pro-16gb-local,48000,1,aligned,0,0,1,32,64,8192,0.15326785583496094,1333.3333333333333,4.333,4.125,4.792,59.75,0.324975,8192,8192,10.922666666666666,21.3125,21.322916666666668,,42.63541666666667
3aeff8d50243a034,vdsp-ols-identity-double,chain,identity,double,4096,1024,64,1,throughput,steady,0,ns/engine-sample,34.56749704149034,34.081617991129555,35.05982208251953,3,9,0,511.5,1023,409936,409936,provider-specific or unknown; see evidence.json,5.933464366067994e-16,unavailable,unavailable,unavailable,per-run numerical report; see reference coverage,63.0,63.0,557d0acaf2d44155268a186c679b8a1dd5520d50d4a3e06ebf1baa661a89def5,m1-pro-16gb-local,48000,1,aligned,0,0,1,0,64,8192,0.16592398579915363,,,,,,,1,1,10.922666666666666,0.0,10.65625,21.3125,
3aeff8d50243a034,pffft-ols-identity-float,chain,identity,float,2048,1024,64,1,callback,steady,1,ns/engine-sample,15.463664372762045,15.315746943155924,15.595470428466797,3,9,0,511.5,1023,90424,90424,provider-specific or unknown; see evidence.json,3.223614157832344e-07,unavailable,unavailable,unavailable,per-run numerical report; see reference coverage,0.0,0.0,55e5995fad0c72f730147173d6f1e98dbf5cc88ceae8e1f93de35ff344feb618,m1-pro-16gb-local,48000,1,aligned,0,0,1,0,64,8192,0.07422558898925781,1333.3333333333333,10.625,10.417,10.625,30.583,0.796875,8192,8192,10.922666666666666,0.0,10.65625,21.3125,
3aeff8d50243a034,vdsp-inverse-double,inverse-job,inverse,double,2048,1024,64,1,callback,steady,0,ns/engine-sample,10.073530832926433,9.950047810872396,10.140694936116537,3,9,0,0,-1,196880,196880,provider-specific or unknown; see evidence.json,3.5055632627505204e-15,unavailable,unavailable,unavailable,per-run numerical report; see reference coverage,63.0,63.0,55e8ed0cf0aabededc2f868d9f7d0b4ed948d4b258995306ce1cf8af488bbacc,m1-pro-16gb-local,48000,1,aligned,0,0,1,0,64,8192,0.04835294799804688,1333.3333333333333,5.625,5.542,5.667,29.5,0.421875,8192,8192,10.922666666666666,0.0,0.0,,
3aeff8d50243a034,vdsp-analysis-float,analysis,analysis,float,2048,1024,64,1,callback,steady,1,ns/engine-sample,10.328936258951822,10.18390146891276,10.616847356160482,3,9,0,1023.5,-1,70232,70232,provider-specific or unknown; see evidence.json,6.103515625e-05,1.4261480916057953e-07,1.1945004482661556e-07,0,per-run numerical report; see reference coverage,0.0,0.0,55ee121ba71e2913b7e9040ac63701f198f9a25021aa316288ccf4434f5bc11b,m1-pro-16gb-local,48000,1,aligned,0,0,1,0,64,8192,0.04957889404296875,1333.3333333333333,4.875,4.791,5.542,18.208,0.36562500000000003,8192,8192,10.922666666666666,0.0,21.322916666666668,,21.322916666666668
3aeff8d50243a034,vdsp-inverse-float,inverse-job,inverse,float,2048,1024,64,1,callback,steady,15,ns/engine-sample,8.286823272705078,7.89909299214681,8.636216481526693,3,9,0,0,-1,98576,98576,provider-specific or unknown; see evidence.json,1.2287812012345967e-07,unavailable,unavailable,unavailable,per-run numerical report; see reference coverage,14.0,14.0,55f9d7307d24f7d7695367006c0bfe9eae0e6a893fb87b062c4c7a84ab0f5174,m1-pro-16gb-local,48000,1,aligned,0,0,1,0,64,8192,0.03977675170898438,1333.3333333333333,3.417,3.417,4.0,9.916,0.25627500000000003,8192,8192,10.922666666666666,0.0,0.0,,
3aeff8d50243a034,core-double,analysis,analysis,double,4096,1024,64,1,throughput,steady,0,ns/engine-sample,36.22956636216905,35.84822082519531,36.63102722167969,3,9,1023,2047.5,-1,877096,877096,provider-specific or unknown; see evidence.json,4.0811798385220754e-13,3.8438517172008793e-16,3.983007059197205e-16,0,per-run numerical report; see reference coverage,1023.0,1023.0,5644854519d6af4cb40b074b482d317582e4880bb3780e3de2719fd610c8cfa8,m1-pro-16gb-local,48000,1,aligned,0,0,1,0,64,8192,0.17390191853841144,,,,,,,1,1,10.922666666666666,21.3125,42.65625,,63.96875
3aeff8d50243a034,legacy-batch-float,analysis,analysis,float,2048,1024,64,4,throughput,steady,0,ns/engine-sample,91.5063665178087,90.9605827331543,92.40330632527669,3,9,0,1023.5,-1,90680,90680,provider-specific or unknown; see evidence.json,0.00014317035675048828,2.15934702845581e-07,2.794693895227653e-07,0,per-run numerical report; see reference coverage,63.0,63.0,5774d8f21a03c2d22a596d3ed3e057f9af7d9509603f0611f74ac695aa6734d5,m1-pro-16gb-local,48000,4,aligned,0,0,1,0,64,8192,0.4392305592854817,,,,,,,1,1,10.922666666666666,0.0,21.322916666666668,,21.322916666666668
3aeff8d50243a034,fftw-analysis4-float,analysis,analysis,float,16384,1024,64,4,throughput,steady,0,ns/engine-sample,200.2941148546007,198.35005823771158,202.11686070760092,3,9,0,8191.5,-1,1968488,1968488,provider-specific or unknown; see evidence.json,0.00048828125,1.4032947548751327e-07,1.1921739028840833e-07,0,per-run numerical report; see reference coverage,63.0,63.0,57fadf0327018f47dad137064cb32f923bffe4c17327d3338bc29480a92f9abc,m1-pro-16gb-local,48000,1,aligned,0,0,1,0,64,8192,0.9614117513020835,,,,,,,1,1,10.922666666666666,0.0,170.65625,,170.65625
3aeff8d50243a034,ols-identity-batch-double,chain,identity,double,2048,1024,64,1,callback,steady,0,ns/engine-sample,77.63749228583443,76.05161730448405,78.82939211527507,3,9,0,511.5,1023,295392,295392,provider-specific or unknown; see evidence.json,5.881301029635769e-16,unavailable,unavailable,unavailable,per-run numerical report; see reference coverage,63.0,63.0,58255369c5bdcf376b4e39eeea581cabf908ff7826adc5f157336e475e4d7fae,m1-pro-16gb-local,48000,1,aligned,0,0,1,0,64,8192,0.3726599629720052,1333.3333333333333,74.0,72.25,74.125,306.334,5.550000000000001,8192,8192,10.922666666666666,0.0,10.65625,21.3125,
3aeff8d50243a034,core-float,analysis,analysis,float,2048,1024,64,1,callback,steady,63,ns/engine-sample,20.60030068291558,20.284915288289387,20.87930170694987,3,9,1023,1023.5,-1,565780,565780,provider-specific or unknown; see evidence.json,0.00014317035675048828,2.15934702845581e-07,2.794693895227653e-07,0,per-run numerical report; see reference coverage,1086.0,1086.0,584918544db6dde2d3a76c205dc88832ff50320c2da0ca0bda8bd8b7a51fdaca,m1-pro-16gb-local,48000,1,aligned,0,0,1,0,64,8192,0.0988814432779948,1333.3333333333333,1.917,1.917,2.0,48.0,0.143775,8192,8192,10.922666666666666,21.3125,21.322916666666668,,42.63541666666667
3aeff8d50243a034,pffft-inverse-float,inverse-job,inverse,float,2048,1024,64,4,callback,steady,0,ns/engine-sample,27.383003658718533,26.731855392456055,27.75108591715495,3,9,0,0,-1,82184,82184,provider-specific or unknown; see evidence.json,1.884864389012364e-07,unavailable,unavailable,unavailable,per-run numerical report; see reference coverage,63.0,63.0,584ff69e45d1596d364ba8b301c92dab77d73a087f5c295e334b3ff2885fe2ac,m1-pro-16gb-local,48000,4,staggered,0,0,1,0,64,8192,0.13143841756184896,1333.3333333333333,4.833,4.75,5.083,106.25,0.36247500000000005,8192,8192,10.922666666666666,0.0,0.0,,
3aeff8d50243a034,vdsp-analysis-double,analysis,analysis,double,2048,1024,64,1,callback,steady,0,ns/engine-sample,13.248418384128147,13.015082041422525,13.53119977315267,3,9,0,1023.5,-1,115312,115312,provider-specific or unknown; see evidence.json,1.1368683772161603e-13,3.249746369777945e-16,2.775254044535426e-16,0,per-run numerical report; see reference coverage,63.0,63.0,58ba2fb37b5d4258eb7d04e3962c6beffe039e21882f6231e1592dd8de9a039a,m1-pro-16gb-local,48000,1,aligned,0,1,1,0,64,8192,0.0635924082438151,1333.3333333333333,8.75,8.584,8.75,124.417,0.65625,8192,8192,10.922666666666666,0.0,21.322916666666668,,21.322916666666668
3aeff8d50243a034,fftw-analysis-float,analysis,analysis,float,2048,1024,64,1,callback,startup,0,ns/engine-sample,10.804964065551758,10.564313252766928,10.987422943115234,3,9,0,1023.5,-1,62032,62032,provider-specific or unknown; see evidence.json,0.0001220703125,1.6833401972470574e-07,2.3817976355656692e-07,0,per-run numerical report; see reference coverage,63.0,63.0,59be42a87092d763b32a1683ecfed3f1b1db77cacfbb543ba09e4cab041313d3,m1-pro-16gb-local,48000,1,aligned,0,0,1,0,64,8192,0.051863827514648436,1333.3333333333333,5.916,5.709,6.083,32.875,0.44370000000000004,8192,8192,10.922666666666666,0.0,21.322916666666668,,21.322916666666668
3aeff8d50243a034,inverse-stream-incremental-double,inverse-job,inverse,double,16384,1024,64,1,throughput,steady,0,ns/engine-sample,389.4346735212538,381.52247047424316,402.2781588236491,3,9,1023,0,-1,2097488,2097488,provider-specific or unknown; see evidence.json,3.433175098891678e-15,unavailable,unavailable,unavailable,per-run numerical report; see reference coverage,1023.0,1023.0,59c13b8df854006d94eea8f015574d7611ce6a3be96b525c717e6eddbaeefe6f,m1-pro-16gb-local,48000,1,aligned,0,0,1,0,64,8192,1.8692864329020185,,,,,,,1,1,10.922666666666666,21.3125,0.0,,
3aeff8d50243a034,vdsp-fft-double,transform,fft,double,16384,1024,64,1,complete,steady,0,ns/transform,83624.56597222222,82350.29915364583,84273.26106770833,3,9,0,0,-1,524392,524392,provider-specific or unknown; see evidence.json,6.119289503180695e-09,unavailable,unavailable,unavailable,per-run numerical report; see reference coverage,unavailable,unavailable,59cc7f7d8e2c34f7ce7eb596f310d2f8937d85c7703c77f23ab4cca314ef9d5f,m1-pro-16gb-local,48000,1,aligned,0,0,1,0,64,1024,,,,,,,,1024,1024,,0.0,0.0,,
3aeff8d50243a034,ols-fir-batch-float,chain,fir,float,2048,1024,64,1,callback,steady,15,ns/engine-sample,77.6138392554389,75.43154652913411,81.45406087239583,3,9,0,511.5,1023,164304,164304,provider-specific or unknown; see evidence.json,1.5557269250621175e-07,unavailable,unavailable,unavailable,per-run numerical report; see reference coverage,14.0,14.0,5a17e52eab57ff41fccbbe6f3afb9bbcc647eac6a6db36647d81ea87df5f2e81,m1-pro-16gb-local,48000,1,aligned,0,0,1,0,64,8192,0.37254642842610675,1333.3333333333333,71.5,71.334,71.958,1374.167,5.362500000000001,8192,8192,10.922666666666666,0.0,10.65625,21.3125,
3aeff8d50243a034,fftw-analysis-double,analysis,analysis,double,2048,1024,64,1,callback,steady,0,ns/engine-sample,13.255884382459852,13.00637690226237,13.500596364339193,3,9,0,1023.5,-1,98920,98920,provider-specific or unknown; see evidence.json,1.1368683772161603e-13,3.133469837818251e-16,2.777202473906963e-16,0,per-run numerical report; see reference coverage,63.0,63.0,5b1df6a19bd03cc247ce3682dec6052c9cc08b09b7ba6a6d85285dac608fd09d,m1-pro-16gb-local,48000,1,aligned,0,1,1,0,64,8192,0.06362824503580729,1333.3333333333333,8.792,8.541,8.834,26.042,0.6594000000000001,8192,8192,10.922666666666666,0.0,21.322916666666668,,21.322916666666668
3aeff8d50243a034,pffft-scheduled-batch-float,analysis,analysis,float,2048,1024,64,4,throughput,steady,0,ns/engine-sample,75.33018726772733,74.38368352254231,75.8976936340332,3,9,0,1023.5,-1,66184,66184,provider-specific or unknown; see evidence.json,6.103515625e-05,1.2019560717045903e-07,1.191954924079027e-07,0,per-run numerical report; see reference coverage,63.0,63.0,5b67718a481a9852d6b86954dd61640a2409168b31ac171eb6008c9aa1c22724,m1-pro-16gb-local,48000,4,staggered,0,0,1,0,64,8192,0.36158489888509115,,,,,,,1,1,10.922666666666666,0.0,21.322916666666668,,21.322916666666668
3aeff8d50243a034,core-independent4-simd,analysis,analysis,float,4096,1024,64,4,throughput,steady,0,ns/engine-sample,53.2759821150038,52.64544423421224,53.834702809651695,3,9,1023,2047.5,-1,1294936,1294936,provider-specific or unknown; see evidence.json,9.1552734375e-05,2.495112458583044e-07,1.7872329550029254e-07,0,per-run numerical report; see reference coverage,1023.0,1023.0,5c09fb184d543e605efd848f822edcc9271e6f06976ebc1bc017d49215b96763,m1-pro-16gb-local,48000,1,aligned,0,1,1,0,64,8192,0.2557247141520182,,,,,,,1,1,10.922666666666666,21.3125,42.65625,,63.96875
3aeff8d50243a034,pffft-analysis-float,analysis,analysis,float,2048,1024,64,16,throughput,steady,0,ns/engine-sample,137.11413680182562,133.32237180074057,139.5006980895996,3,9,0,1023.5,-1,62032,62032,provider-specific or unknown; see evidence.json,6.103515625e-05,1.2019560717045903e-07,1.191954924079027e-07,0,per-run numerical report; see reference coverage,63.0,63.0,5c5b0c2ce472bac9b45452e42068059bb08901f1de353e0bd173e237b5e21815,m1-pro-16gb-local,48000,16,aligned,0,0,1,0,64,8192,0.658147856648763,,,,,,,1,1,10.922666666666666,0.0,21.322916666666668,,21.322916666666668
3aeff8d50243a034,inverse-stream-batch-float,inverse-job,inverse,float,2048,1024,64,4,callback,steady,0,ns/engine-sample,154.69194327460394,153.32364082336426,156.43218676249185,3,9,0,0,-1,139600,139600,provider-specific or unknown; see evidence.json,4.053554221172817e-07,unavailable,unavailable,unavailable,per-run numerical report; see reference coverage,63.0,63.0,5cc94619d595754b2e2cc6808b83fcc18860653cbb230ac2b9aa75a138343feb,m1-pro-16gb-local,48000,4,aligned,0,0,1,0,64,8192,0.742521327718099,1333.3333333333333,146.625,145.875,150.959,285.5,10.996875000000001,8192,8192,10.922666666666666,0.0,0.0,,
3aeff8d50243a034,vdsp-ols-identity-float,chain,identity,float,2048,1024,64,16,throughput,steady,0,ns/engine-sample,234.89277436998157,232.82400703430176,238.65654754638672,3,9,0,511.5,1023,106816,106816,provider-specific or unknown; see evidence.json,3.9384264027830795e-07,unavailable,unavailable,unavailable,per-run numerical report; see reference coverage,63.0,63.0,5ce4e118e910c38fa71e338eeb7a6943b258305c9bf810f69688499649f256a3,m1-pro-16gb-local,48000,16,staggered,0,0,1,0,64,8192,1.1274853169759116,,,,,,,1,1,10.922666666666666,0.0,10.65625,21.3125,
3aeff8d50243a034,ols-identity-batch-float,chain,identity,float,2048,1024,64,1,callback,steady,0,ns/engine-sample,84.4631298912896,82.64782905578613,86.93477376302083,3,9,0,511.5,1023,164304,164304,provider-specific or unknown; see evidence.json,3.2098083124765253e-07,unavailable,unavailable,unavailable,per-run numerical report; see reference coverage,63.0,63.0,5cfbc4bbb9a7b9e93483a4e884f94eb6c54891a4fd85eb4f61c92098b690eb1a,m1-pro-16gb-local,48000,1,aligned,0,0,1,32,64,8192,0.4054230234781901,1333.3333333333333,76.25,75.459,77.208,295.084,5.71875,8192,8192,10.922666666666666,0.0,10.65625,21.3125,
3aeff8d50243a034,ols-fir-incremental-float,chain,fir,float,2048,1024,64,1,throughput,steady,0,ns/engine-sample,204.00493219163684,201.61660512288412,206.31845792134604,3,9,1023,511.5,2046,164304,164304,provider-specific or unknown; see evidence.json,1.5557269250621175e-07,unavailable,unavailable,unavailable,per-run numerical report; see reference coverage,1023.0,1023.0,5d4e7d33750eede2c0c4993e42b6e4b04c18cc10c07926b285ea1412b851302b,m1-pro-16gb-local,48000,1,aligned,64,0,1,0,64,8192,0.9792236745198568,,,,,,,1,1,10.922666666666666,21.3125,10.65625,42.625,
3aeff8d50243a034,ols-identity-incremental-float,chain,identity,float,2048,1024,64,16,callback,steady,0,ns/engine-sample,1278.0726721021865,1251.3073495229085,1301.9760309855144,3,9,1023,511.5,2046,164304,164304,provider-specific or unknown; see evidence.json,3.2098083124765253e-07,unavailable,unavailable,unavailable,per-run numerical report; see reference coverage,1023.0,1023.0,5d67c3a4a927cac1372dffe9c39cdc76bced078c34f19ee4386bb0b2376937bd,m1-pro-16gb-local,48000,16,staggered,0,0,1,0,64,8192,6.134748826090496,1333.3333333333333,90.375,84.167,103.875,434.834,6.778125,8192,8192,10.922666666666666,21.3125,10.65625,42.625,
3aeff8d50243a034,fftw-inverse-float,inverse-job,inverse,float,2048,1024,64,1,callback,steady,63,ns/engine-sample,9.442932764689127,9.393115361531576,9.521776835123697,3,9,0,0,-1,82184,82184,provider-specific or unknown; see evidence.json,1.3328003944934608e-07,unavailable,unavailable,unavailable,per-run numerical report; see reference coverage,62.0,62.0,5d921244a7f8203f857c50cfe23e0d545714d7721f90f7dc81df20bf0d372f24,m1-pro-16gb-local,48000,1,aligned,0,0,1,0,64,8192,0.04532607727050781,1333.3333333333333,4.958,4.958,5.042,23.75,0.37185,8192,8192,10.922666666666666,0.0,0.0,,
3aeff8d50243a034,fftw-analysis-double,analysis,analysis,double,4096,1024,64,1,throughput,steady,0,ns/engine-sample,19.90357165866428,19.701533635457356,20.049492518107098,3,9,0,2047.5,-1,197224,197224,provider-specific or unknown; see evidence.json,2.2737367544323206e-13,2.75471053698325e-16,2.2194729412135142e-16,0,per-run numerical report; see reference coverage,63.0,63.0,5e4181af9f99036f312dbbed93689071386b503be7191aa5d2ba4ff036937aa7,m1-pro-16gb-local,48000,1,aligned,0,0,1,0,64,8192,0.09553714396158854,,,,,,,1,1,10.922666666666666,0.0,42.65625,,42.65625
3aeff8d50243a034,ols-fir-batch-float,chain,fir,float,2048,1024,64,4,callback,steady,0,ns/engine-sample,300.02788734436035,293.1030610402425,305.13284492492676,3,9,0,511.5,1023,164304,164304,provider-specific or unknown; see evidence.json,1.5557269250621175e-07,unavailable,unavailable,unavailable,per-run numerical report; see reference coverage,63.0,63.0,5e5627b15ffc3161453d2d1501a00e669e6355dec8c518a91cafe831e8b88bc8,m1-pro-16gb-local,48000,4,staggered,0,0,1,0,64,8192,1.4401338592529296,1333.3333333333333,75.5,72.792,75.917,185.083,5.6625000000000005,8192,8192,10.922666666666666,0.0,10.65625,21.3125,
3aeff8d50243a034,fftw-analysis-float,analysis,analysis,float,2048,1024,64,4,throughput,steady,0,ns/engine-sample,36.602170096503365,36.2941951751709,36.8286501566569,3,9,0,1023.5,-1,62032,62032,provider-specific or unknown; see evidence.json,0.0001220703125,1.6833401972470574e-07,2.3817976355656692e-07,0,per-run numerical report; see reference coverage,63.0,63.0,5efc44692f01c7fc9558cebf5d4cefe8b26bdaacf39ba699f28cdb9019c39cb6,m1-pro-16gb-local,48000,4,aligned,0,0,1,0,64,8192,0.17569041646321615,,,,,,,1,1,10.922666666666666,0.0,21.322916666666668,,21.322916666666668
3aeff8d50243a034,ols-fir-batch-float,chain,fir,float,2048,1024,64,1,callback,steady,0,ns/engine-sample,75.63399251302083,74.28780110677083,76.6751168568929,3,9,0,511.5,1023,164304,164304,provider-specific or unknown; see evidence.json,1.5557269250621175e-07,unavailable,unavailable,unavailable,per-run numerical report; see reference coverage,63.0,63.0,5fbc7e26a5b0960393b16be89c7812507f48788b762bcacfc285a027f5dd6646,m1-pro-16gb-local,96000,1,aligned,0,0,1,0,64,8192,0.726086328125,666.6666666666666,71.458,70.0,71.542,263.084,10.7187,8192,8192,5.461333333333333,0.0,5.328125,10.65625,
3aeff8d50243a034,ols-fir-incremental-float,chain,fir,float,2048,1024,64,1,callback,steady,0,ns/engine-sample,75.5793211195204,74.99248949686687,76.63135210673015,3,9,1023,511.5,2046,164304,164304,provider-specific or unknown; see evidence.json,1.5557269250621175e-07,unavailable,unavailable,unavailable,per-run numerical report; see reference coverage,1023.0,1023.0,6034e3326fbdbd59ff76deaf13bbeb715321f06b0f1de386009e00b59b0f1537,m1-pro-16gb-local,96000,1,aligned,0,0,1,0,64,8192,0.7255614827473958,666.6666666666666,8.333,8.25,8.458,118.584,1.24995,8192,8192,5.461333333333333,10.65625,5.328125,21.3125,
3aeff8d50243a034,inverse-stream-incremental-double,inverse-job,inverse,double,4096,1024,64,1,throughput,steady,0,ns/engine-sample,76.06743007236057,75.09300422668457,77.67285283406575,3,9,1023,0,-1,524624,524624,provider-specific or unknown; see evidence.json,3.3196643116110042e-15,unavailable,unavailable,unavailable,per-run numerical report; see reference coverage,1023.0,1023.0,60525b274233e70f49237ff3fad47676d955471467caa18c1a65dc5fb9874aa5,m1-pro-16gb-local,48000,1,aligned,0,0,1,0,64,8192,0.36512366434733073,,,,,,,1,1,10.922666666666666,21.3125,0.0,,
3aeff8d50243a034,pffft-ols-identity-float,chain,identity,float,2048,1024,64,4,throughput,steady,0,ns/engine-sample,59.391436682807075,58.6810105641683,59.99967829386393,3,9,0,511.5,1023,90424,90424,provider-specific or unknown; see evidence.json,3.223614157832344e-07,unavailable,unavailable,unavailable,per-run numerical report; see reference coverage,63.0,63.0,61569b96b7cb8ab3e33e8d71beb0e4fd7f1aa72f321d690b69186f2ddb360500,m1-pro-16gb-local,48000,4,aligned,0,0,1,0,64,8192,0.285078896077474,,,,,,,1,1,10.922666666666666,0.0,10.65625,21.3125,
3aeff8d50243a034,pffft-inverse-float,inverse-job,inverse,float,2048,1024,64,1,callback,startup,0,ns/engine-sample,8.715613894992405,8.598458607991537,8.870168050130209,3,9,0,0,-1,82184,82184,provider-specific or unknown; see evidence.json,1.884864389012364e-07,unavailable,unavailable,unavailable,per-run numerical report; see reference coverage,63.0,63.0,61d020b1fd6908cf4aa461265212c7476032e7da328847b317454c2c7c1e962e,m1-pro-16gb-local,48000,1,aligned,0,0,1,0,64,8192,0.04183494669596354,1333.3333333333333,4.125,4.125,4.208,16.917,0.309375,8192,8192,10.922666666666666,0.0,0.0,,
3aeff8d50243a034,ols-identity-incremental-float,chain,identity,float,2048,1024,64,4,throughput,steady,0,ns/engine-sample,326.81378597683374,307.38796106974286,363.66449483235675,3,9,1023,511.5,2046,164304,164304,provider-specific or unknown; see evidence.json,3.2098083124765253e-07,unavailable,unavailable,unavailable,per-run numerical report; see reference coverage,1023.0,1023.0,61dc92edb4e3cfb80f3c74e935a6d8b346914d128e4ccca1bdd3a35b7bf8be80,m1-pro-16gb-local,48000,4,staggered,0,0,1,0,64,8192,1.5687061726888019,,,,,,,1,1,10.922666666666666,21.3125,10.65625,42.625,
3aeff8d50243a034,fftw-rfft-double,transform,rfft,double,4096,1024,64,1,complete,steady,0,ns/transform,9843.540798611111,9714.134765625,9910.435872395834,3,9,0,0,-1,65632,65632,provider-specific or unknown; see evidence.json,3.777931454827336e-10,unavailable,unavailable,unavailable,per-run numerical report; see reference coverage,unavailable,unavailable,6202ef1aeaa064703873cc59c10c5955a7d4f15dd0f02385c9dbf9202b0c42f7,m1-pro-16gb-local,48000,1,aligned,0,0,1,0,64,1024,,,,,,,,1024,1024,,0.0,0.0,,
3aeff8d50243a034,vdsp-inverse-float,inverse-job,inverse,float,2048,1024,64,1,callback,steady,0,ns/engine-sample,8.584429846869575,8.34337043762207,8.949758529663086,3,9,0,0,-1,98576,98576,provider-specific or unknown; see evidence.json,1.2287812012345967e-07,unavailable,unavailable,unavailable,per-run numerical report; see reference coverage,63.0,63.0,62e778f346917290fb5de5a2c79310d7c9d46ce3ace266a18ac2d5b9d7996523,m1-pro-16gb-local,96000,1,aligned,0,0,1,0,64,8192,0.08241052652994793,666.6666666666666,3.542,3.417,4.042,118.334,0.5313,8192,8192,5.461333333333333,0.0,0.0,,
3aeff8d50243a034,pffft-scheduled-batch-float,analysis,analysis,float,2048,1024,64,1,throughput,steady,0,ns/engine-sample,21.175808588663738,20.557404200236004,22.02728017171224,3,9,0,1023.5,-1,66184,66184,provider-specific or unknown; see evidence.json,6.103515625e-05,1.2019560717045903e-07,1.191954924079027e-07,0,per-run numerical report; see reference coverage,63.0,63.0,6382623eb0fcd7c4f19d27a5ec6f0e837f3da14861801240e9181efde01ed723,m1-pro-16gb-local,96000,1,aligned,0,0,1,0,64,8192,0.2032877624511719,,,,,,,1,1,5.461333333333333,0.0,10.661458333333334,,10.661458333333334
3aeff8d50243a034,pffft-hybrid-float,analysis,analysis,float,2048,1024,64,4,throughput,steady,0,ns/engine-sample,74.98255454169379,68.18188540140788,78.55182202657063,3,9,1023,1023.5,-1,66184,66184,provider-specific or unknown; see evidence.json,6.103515625e-05,1.2019560717045903e-07,1.191954924079027e-07,0,per-run numerical report; see reference coverage,1023.0,1023.0,63840c8d5aad5a13ff8f85d5e8cd30b76c778ca58d05bb7867e237566f75aa5e,m1-pro-16gb-local,48000,4,aligned,0,0,1,0,64,8192,0.3599162618001302,,,,,,,1,1,10.922666666666666,21.3125,21.322916666666668,,42.63541666666667
3aeff8d50243a034,legacy-incremental-double,analysis,analysis,double,4096,1024,64,1,callback,steady,0,ns/engine-sample,58.27013185289171,57.401102701822914,58.99625714619955,3,9,1023,2047.5,-1,328288,328288,provider-specific or unknown; see evidence.json,2.2737367544323206e-13,3.71011878287106e-16,2.7776258686538934e-16,0,per-run numerical report; see reference coverage,1023.0,1023.0,646aaf84e86e4f159c26c24385c761a9b0ce2388e8be9b300270a02f6886ef76,m1-pro-16gb-local,48000,1,aligned,0,1,1,0,64,8192,0.27969663289388025,1333.3333333333333,20.292,20.0,20.333,63.959,1.5219,8192,8192,10.922666666666666,21.3125,42.65625,,63.96875
3aeff8d50243a034,fftw-inverse-double,inverse-job,inverse,double,2048,1024,64,1,throughput,steady,0,ns/engine-sample,12.373156229654947,12.210846583048502,12.505610783894857,3,9,0,0,-1,164104,164104,provider-specific or unknown; see evidence.json,3.3661002731378914e-15,unavailable,unavailable,unavailable,per-run numerical report; see reference coverage,63.0,63.0,64b2d385e3fc347a78fda098d49efc8818c8acdb27fab2e26ff5168dd28ed67c,m1-pro-16gb-local,48000,1,aligned,0,0,1,0,64,8192,0.05939114990234375,,,,,,,1,1,10.922666666666666,0.0,0.0,,
3aeff8d50243a034,ols-identity-batch-float,chain,identity,float,2048,1024,64,1,callback,steady,0,ns/engine-sample,74.88661490546332,74.32751782735188,75.36612510681152,3,9,0,511.5,1023,164304,164304,provider-specific or unknown; see evidence.json,3.2098083124765253e-07,unavailable,unavailable,unavailable,per-run numerical report; see reference coverage,63.0,63.0,64c43841d226014ca12a1f9e5342138a1395a0a4e9fcc2c90cff3288990e00c6,m1-pro-16gb-local,96000,1,aligned,0,0,1,0,64,8192,0.7189115030924479,666.6666666666666,71.458,70.542,71.75,127.291,10.7187,8192,8192,5.461333333333333,0.0,5.328125,10.65625,
3aeff8d50243a034,pffft-hybrid-float,analysis,analysis,float,2048,1024,64,1,throughput,steady,0,ns/engine-sample,16.127815670437283,15.880266825358072,16.331672032674152,3,9,1023,1023.5,-1,66184,66184,provider-specific or unknown; see evidence.json,6.103515625e-05,1.2019560717045903e-07,1.191954924079027e-07,0,per-run numerical report; see reference coverage,1023.0,1023.0,665eb289dcc240b34754a59eeab1afbb9a88c2791875ba4262883a737aba4eea,m1-pro-16gb-local,48000,1,aligned,0,0,1,32,64,8192,0.07741351521809896,,,,,,,1,1,10.922666666666666,21.3125,21.322916666666668,,42.63541666666667
3aeff8d50243a034,legacy-batch-double,analysis,analysis,double,16384,1024,64,1,callback,steady,0,ns/engine-sample,198.7133642832438,196.21342913309732,200.7093620300293,3,9,0,8191.5,-1,1311296,1311296,provider-specific or unknown; see evidence.json,1.814992600657206e-12,4.297985314237632e-16,4.4286390503187525e-16,0,per-run numerical report; see reference coverage,63.0,63.0,67046e3ddc37accd5499a8813e98189e6abab6b3c5910eb67769e62efd47ee92,m1-pro-16gb-local,48000,1,aligned,0,0,1,0,64,8192,0.9538241485595703,1333.3333333333333,199.833,196.459,200.167,409.834,14.987475,8192,8192,10.922666666666666,0.0,170.65625,,170.65625
3aeff8d50243a034,inverse-stream-batch-double,inverse-job,inverse,double,4096,1024,64,1,throughput,steady,0,ns/engine-sample,90.22838995191786,84.46576881408691,100.01103083292644,3,9,0,0,-1,524624,524624,provider-specific or unknown; see evidence.json,3.3196643116110042e-15,unavailable,unavailable,unavailable,per-run numerical report; see reference coverage,63.0,63.0,67137dcadbfa1b4fe09de69b49b70b3b72ffd79e01abedca2324a629e3656b8b,m1-pro-16gb-local,48000,1,aligned,0,0,1,0,64,8192,0.4330962717692058,,,,,,,1,1,10.922666666666666,0.0,0.0,,
3aeff8d50243a034,fftw-inverse-float,inverse-job,inverse,float,2048,1024,64,16,throughput,steady,0,ns/engine-sample,89.62989722357857,88.66824022928874,90.25070381164551,3,9,0,0,-1,82184,82184,provider-specific or unknown; see evidence.json,1.3328003944934608e-07,unavailable,unavailable,unavailable,per-run numerical report; see reference coverage,63.0,63.0,67ba69a5c2f310f44f91bbce135adf80ac8c2b84d6be038c8503b5e111e429ba,m1-pro-16gb-local,48000,16,aligned,0,0,1,0,64,8192,0.43022350667317716,,,,,,,1,1,10.922666666666666,0.0,0.0,,
3aeff8d50243a034,ols-fir-batch-float,chain,fir,float,2048,1024,64,1,throughput,steady,0,ns/engine-sample,76.81782171461317,73.96451632181804,81.39710998535156,3,9,0,511.5,1023,164304,164304,provider-specific or unknown; see evidence.json,1.5557269250621175e-07,unavailable,unavailable,unavailable,per-run numerical report; see reference coverage,63.0,63.0,67c99c145fb9d13e02d57695ec768ca2f4d78cf25b2298d9cead5fae85769415,m1-pro-16gb-local,96000,1,aligned,0,0,1,0,64,8192,0.7374510884602864,,,,,,,1,1,5.461333333333333,0.0,5.328125,10.65625,
3aeff8d50243a034,vdsp-ols-fir-float,chain,fir,float,2048,1024,64,1,callback,steady,15,ns/engine-sample,14.825160556369358,13.890007019042969,15.421561559041342,3,9,0,511.5,1023,106816,106816,provider-specific or unknown; see evidence.json,2.0061301597706915e-07,unavailable,unavailable,unavailable,per-run numerical report; see reference coverage,14.0,14.0,6814dd40151e022996ef8240a8b396a4290b67c257aac8c226d486b8bbdad2d1,m1-pro-16gb-local,48000,1,aligned,0,0,1,0,64,8192,0.07116077067057291,1333.3333333333333,9.875,8.958,10.542,41.666,0.7406250000000001,8192,8192,10.922666666666666,0.0,10.65625,21.3125,
3aeff8d50243a034,fftw-analysis-float,analysis,analysis,float,2048,1024,64,1,callback,steady,15,ns/engine-sample,10.738928900824652,10.552364349365234,10.877436319986979,3,9,0,1023.5,-1,62032,62032,provider-specific or unknown; see evidence.json,0.0001220703125,1.6833401972470574e-07,2.3817976355656692e-07,0,per-run numerical report; see reference coverage,14.0,14.0,68394a47b75ca7eafb3ef0afd9c3504cab8833f2b77b00b0ddd6437807dd36a4,m1-pro-16gb-local,48000,1,aligned,0,0,1,0,64,8192,0.05154685872395833,1333.3333333333333,5.875,5.75,5.875,52.625,0.44062500000000004,8192,8192,10.922666666666666,0.0,21.322916666666668,,21.322916666666668
3aeff8d50243a034,legacy-incremental-float,analysis,analysis,float,2048,1024,64,1,throughput,steady,0,ns/engine-sample,22.05237600538466,21.965608596801758,22.221459070841473,3,9,1023,1023.5,-1,90712,90712,provider-specific or unknown; see evidence.json,0.00014317035675048828,2.15934702845581e-07,2.794693895227653e-07,0,per-run numerical report; see reference coverage,1023.0,1023.0,686402ae620e4700ddad2d01d45155f5eac336ff3cb4c6f70cc954838b393685,m1-pro-16gb-local,96000,1,aligned,0,0,1,0,64,8192,0.21170280965169272,,,,,,,1,1,5.461333333333333,10.65625,10.661458333333334,,21.317708333333336
3aeff8d50243a034,core-float,analysis,analysis,float,2048,1024,64,1,throughput,steady,0,ns/engine-sample,20.476606369018555,20.38878885904948,20.531654357910156,3,9,1023,1023.5,-1,565780,565780,provider-specific or unknown; see evidence.json,0.00014317035675048828,2.15934702845581e-07,2.794693895227653e-07,0,per-run numerical report; see reference coverage,1023.0,1023.0,6979b9ac7cf0642f691905e77ce21dea1c3aec29138097a337c2bd94b0615e0f,m1-pro-16gb-local,96000,1,aligned,0,0,1,0,64,8192,0.19657542114257812,,,,,,,1,1,5.461333333333333,10.65625,10.661458333333334,,21.317708333333336
3aeff8d50243a034,core-independent4-simd,analysis,analysis,float,4096,1024,64,4,callback,steady,0,ns/engine-sample,53.771824306911896,53.50362904866537,54.207237243652344,3,9,1023,2047.5,-1,1294936,1294936,provider-specific or unknown; see evidence.json,9.1552734375e-05,2.495112458583044e-07,1.7872329550029254e-07,0,per-run numerical report; see reference coverage,1023.0,1023.0,697cd03e4d8955a964c9c18d76b198f7a03fc7c795dc674e4e40a7cab45b8dae,m1-pro-16gb-local,48000,1,aligned,0,1,1,0,64,8192,0.2581047566731771,1333.3333333333333,4.584,4.584,4.584,47.666,0.3438,8192,8192,10.922666666666666,21.3125,42.65625,,63.96875
3aeff8d50243a034,fftw-analysis4-float,analysis,analysis,float,16384,1024,64,4,callback,steady,0,ns/engine-sample,227.41431448194714,225.7594451904297,229.3249626159668,3,9,0,8191.5,-1,1968488,1968488,provider-specific or unknown; see evidence.json,0.000244140625,4.6850485636593685e-07,1.932994112196584e-07,0,per-run numerical report; see reference coverage,63.0,63.0,69db6942daf7ecd3ba5098489d4a839b3cf590a52e1791ce14ab4335746c8abf,m1-pro-16gb-local,48000,1,aligned,0,1,1,0,64,8192,1.0915887095133463,1333.3333333333333,217.625,216.25,218.5,378.334,16.321875000000002,8192,8192,10.922666666666666,0.0,170.65625,,170.65625
3aeff8d50243a034,pffft-ols-identity-float,chain,identity,float,2048,1024,64,4,callback,steady,0,ns/engine-sample,59.08536042107476,58.65972582499186,59.32744916280111,3,9,0,511.5,1023,90424,90424,provider-specific or unknown; see evidence.json,3.223614157832344e-07,unavailable,unavailable,unavailable,per-run numerical report; see reference coverage,63.0,63.0,6b7b26cdd68d8986326481d0d5304836d214ae23ff90ebfa0f20ff9d76655daf,m1-pro-16gb-local,48000,4,staggered,0,0,1,0,64,8192,0.28360973002115886,1333.3333333333333,11.792,11.75,12.292,68.917,0.8844000000000001,8192,8192,10.922666666666666,0.0,10.65625,21.3125,
3aeff8d50243a034,ols-fir-incremental-double,chain,fir,double,4096,1024,64,1,throughput,steady,0,ns/engine-sample,160.2722536722819,154.99684524536133,169.17326672871908,3,9,1023,511.5,2046,557536,557536,provider-specific or unknown; see evidence.json,2.3714374201337736e-16,unavailable,unavailable,unavailable,per-run numerical report; see reference coverage,1023.0,1023.0,6b9decc88190d46ae0061dbaf8b3420c47556cce5d76badbc75ba0a1f27d11d3,m1-pro-16gb-local,48000,1,aligned,0,0,1,0,64,8192,0.7693068176269531,,,,,,,1,1,10.922666666666666,21.3125,10.65625,42.625,
3aeff8d50243a034,fftw-ols-fir-float,chain,fir,float,2048,1024,64,1,callback,steady,0,ns/engine-sample,17.378897772894966,17.217601140340168,17.513381322224934,3,9,0,511.5,1023,90424,90424,provider-specific or unknown; see evidence.json,1.8128045553567063e-07,unavailable,unavailable,unavailable,per-run numerical report; see reference coverage,63.0,63.0,6bb3e1f389429861eafcb5216b43939b34f415c604dd7964fcbbd9c94ae1d995,m1-pro-16gb-local,96000,1,aligned,0,0,1,0,64,8192,0.16683741861979168,666.6666666666666,12.334,12.166,12.458,34.041,1.8501000000000003,8192,8192,5.461333333333333,0.0,5.328125,10.65625,
3aeff8d50243a034,ols-identity-incremental-double,chain,identity,double,2048,1024,64,1,callback,steady,0,ns/engine-sample,78.04824320475261,77.0048999786377,79.11564254760742,3,9,1023,511.5,2046,295392,295392,provider-specific or unknown; see evidence.json,5.881301029635769e-16,unavailable,unavailable,unavailable,per-run numerical report; see reference coverage,1023.0,1023.0,6c51387b11fb205c3dfff1b989d0e238460e8245a6b57aa9b509805a1bb40283,m1-pro-16gb-local,48000,1,aligned,0,0,1,0,64,8192,0.3746315673828125,1333.3333333333333,9.208,9.042,9.459,114.583,0.6906,8192,8192,10.922666666666666,21.3125,10.65625,42.625,
3aeff8d50243a034,fftw-ifft-double,transform,ifft,double,4096,1024,64,1,complete,steady,0,ns/transform,17408.489691840277,17178.2314453125,17608.798177083332,3,9,0,0,-1,65632,65632,provider-specific or unknown; see evidence.json,7.614629496847213e-14,unavailable,unavailable,unavailable,per-run numerical report; see reference coverage,unavailable,unavailable,6c8e55955ab675fcd7e51605a9a5a9ec406eab11ffe7e14176f0ad4e3482c1eb,m1-pro-16gb-local,48000,1,aligned,0,0,1,0,64,1024,,,,,,,,1024,1024,,0.0,0.0,,
3aeff8d50243a034,inverse-stream-incremental-float,inverse-job,inverse,float,2048,1024,64,4,callback,steady,0,ns/engine-sample,151.59224065144858,148.84983698527017,152.97957801818848,3,9,1023,0,-1,139600,139600,provider-specific or unknown; see evidence.json,4.053554221172817e-07,unavailable,unavailable,unavailable,per-run numerical report; see reference coverage,1023.0,1023.0,6d2ed03b9573cce5e67495b5deb135ca4ebf5abfea93dff23b177e736a470ad5,m1-pro-16gb-local,48000,4,staggered,0,0,1,0,64,8192,0.7276427551269531,1333.3333333333333,13.166,12.625,13.167,139.542,0.9874499999999999,8192,8192,10.922666666666666,21.3125,0.0,,
3aeff8d50243a034,pffft-ols-fir-float,chain,fir,float,2048,1024,64,1,callback,startup,0,ns/engine-sample,15.406410429212782,15.30520502726237,15.53226089477539,3,9,0,511.5,1023,90424,90424,provider-specific or unknown; see evidence.json,1.5359765370703826e-07,unavailable,unavailable,unavailable,per-run numerical report; see reference coverage,63.0,63.0,6d33a12b44709636ffb7ffc17110e3d2d90f53bfab4fedd96e52b71dca6bb173,m1-pro-16gb-local,48000,1,aligned,0,0,1,0,64,8192,0.07395077006022135,1333.3333333333333,10.541,10.375,10.75,37.708,0.790575,8192,8192,10.922666666666666,0.0,10.65625,21.3125,
3aeff8d50243a034,fftw-analysis-float,analysis,analysis,float,2048,1024,64,4,callback,steady,0,ns/engine-sample,36.99794960021973,36.52966499328613,37.5691032409668,3,9,0,1023.5,-1,62032,62032,provider-specific or unknown; see evidence.json,0.0001220703125,1.6833401972470574e-07,2.3817976355656692e-07,0,per-run numerical report; see reference coverage,63.0,63.0,6dd8cff92511f35fb9b73d0bfcfc96897011d55361f1dd6f88b8c93c496ac8f3,m1-pro-16gb-local,48000,4,aligned,0,0,1,0,64,8192,0.1775901580810547,1333.3333333333333,23.166,23.125,23.334,45.208,1.73745,8192,8192,10.922666666666666,0.0,21.322916666666668,,21.322916666666668
3aeff8d50243a034,fftw-inverse-float,inverse-job,inverse,float,2048,1024,64,1,callback,steady,0,ns/engine-sample,13.544363021850586,13.009595235188803,14.240631103515625,3,9,0,0,-1,82184,82184,provider-specific or unknown; see evidence.json,1.3328003944934608e-07,unavailable,unavailable,unavailable,per-run numerical report; see reference coverage,63.0,63.0,6e0030bd6cab5ad7a5b6935ca06432cc9b39163dca15214671fb00379e3658e1,m1-pro-16gb-local,48000,1,aligned,0,0,1,32,64,8192,0.0650129425048828,1333.3333333333333,7.917,7.75,8.584,67.625,0.593775,8192,8192,10.922666666666666,0.0,0.0,,
3aeff8d50243a034,fftw-ols-identity-float,chain,identity,float,2048,1024,64,16,throughput,steady,0,ns/engine-sample,263.1565642886692,260.271390914917,266.01923815409344,3,9,0,511.5,1023,90424,90424,provider-specific or unknown; see evidence.json,3.157499577355338e-07,unavailable,unavailable,unavailable,per-run numerical report; see reference coverage,63.0,63.0,6e190cf3044cd16505180af8e1c94e5fd11ff48244fa8fd12d1c68f23b76f82d,m1-pro-16gb-local,48000,16,staggered,0,0,1,0,64,8192,1.2631515085856122,,,,,,,1,1,10.922666666666666,0.0,10.65625,21.3125,
3aeff8d50243a034,inverse-stream-incremental-float,inverse-job,inverse,float,2048,1024,64,1,callback,steady,1,ns/engine-sample,36.86779106987847,36.2353146870931,37.229396184285484,3,9,1023,0,-1,139600,139600,provider-specific or unknown; see evidence.json,4.053554221172817e-07,unavailable,unavailable,unavailable,per-run numerical report; see reference coverage,1024.0,1024.0,6e757ef61451b5b540258855bcd922cbf486c19e42e6a0e7cd6f932346d1fd19,m1-pro-16gb-local,48000,1,aligned,0,0,1,0,64,8192,0.17696539713541667,1333.3333333333333,3.375,3.333,3.417,42.625,0.253125,8192,8192,10.922666666666666,21.3125,0.0,,
3aeff8d50243a034,rfft-double,transform,rfft,double,128,37,64,1,complete,steady,0,ns/transform,766.8243272569445,756.2770182291666,780.4365234375,3,9,0,0,-1,7376,7376,provider-specific or unknown; see evidence.json,1.9585290785784035e-13,unavailable,unavailable,unavailable,per-run numerical report; see reference coverage,unavailable,unavailable,6e99696af6920f187aa0205bbf161ef0632aab01a3ea87949d66ab484d967d2b,m1-pro-16gb-local,48000,1,aligned,0,0,1,0,64,1024,,,,,,,,1024,1024,,0.0,0.0,,
3aeff8d50243a034,core-float,analysis,analysis,float,2048,1024,64,4,throughput,steady,0,ns/engine-sample,85.61998833550348,84.66153717041016,86.11196899414062,3,9,1023,1023.5,-1,565780,565780,provider-specific or unknown; see evidence.json,0.00014317035675048828,2.15934702845581e-07,2.794693895227653e-07,0,per-run numerical report; see reference coverage,1023.0,1023.0,6f3eb77c9327027269f484b84b4a2bdf63270b45059eb84e3eb8fd38a1a6382b,m1-pro-16gb-local,48000,4,aligned,0,0,1,0,64,8192,0.4109759440104167,,,,,,,1,1,10.922666666666666,21.3125,21.322916666666668,,42.63541666666667
3aeff8d50243a034,vdsp-inverse-float,inverse-job,inverse,float,2048,257,64,1,throughput,steady,0,ns/engine-sample,17.499771164342846,17.137025271562905,17.841687945849547,3,9,0,0,-1,98576,98576,provider-specific or unknown; see evidence.json,1.2287812012345967e-07,unavailable,unavailable,unavailable,per-run numerical report; see reference coverage,0.0,63.0,6fa8d3b7dc7b7a24c998c4e465237fa4b48da96e8ed97af8ad0eaf5a6546dabb,m1-pro-16gb-local,48000,1,aligned,0,0,1,0,64,2056,0.08399890158884565,,,,,,,1,1,2.7413333333333334,0.0,0.0,,
3aeff8d50243a034,pffft-inverse-float,inverse-job,inverse,float,2048,1024,64,4,callback,steady,0,ns/engine-sample,27.282366434733074,26.725418090820312,27.783945083618164,3,9,0,0,-1,82184,82184,provider-specific or unknown; see evidence.json,1.884864389012364e-07,unavailable,unavailable,unavailable,per-run numerical report; see reference coverage,63.0,63.0,70a8b93b632f086804069e4fc7f069a8271abb07123ce9f738e9fd7121101b51,m1-pro-16gb-local,48000,4,aligned,0,0,1,0,64,8192,0.13095535888671875,1333.3333333333333,16.75,16.542,17.375,107.25,1.25625,8192,8192,10.922666666666666,0.0,0.0,,
3aeff8d50243a034,ols-fir-incremental-float,chain,fir,float,2048,1024,64,16,callback,steady,0,ns/engine-sample,1231.7746918996174,1211.1874542236328,1245.8478444417317,3,9,1023,511.5,2046,164304,164304,provider-specific or unknown; see evidence.json,1.5557269250621175e-07,unavailable,unavailable,unavailable,per-run numerical report; see reference coverage,1023.0,1023.0,712c7bbb36949a673454e633aa901765972602a6ee79645a032ecdc635907af9,m1-pro-16gb-local,48000,16,aligned,0,0,1,0,64,8192,5.912518521118164,1333.3333333333333,141.958,134.834,142.0,1112.667,10.64685,8192,8192,10.922666666666666,21.3125,10.65625,42.625,
3aeff8d50243a034,vdsp-ols-fir-float,chain,fir,float,2048,257,64,1,callback,steady,0,ns/engine-sample,39.5081983962927,38.66035890888457,40.892015746595334,3,9,0,128.0,256,100680,100680,provider-specific or unknown; see evidence.json,1.9371509552001953e-07,unavailable,unavailable,unavailable,per-run numerical report; see reference coverage,0.0,63.0,713137b73a4f575cd4d25f2bf6d9452ed4ea238117c1a404216578c20b7f5994,m1-pro-16gb-local,48000,1,aligned,0,0,1,0,64,2056,0.18963935230220497,1333.3333333333333,8.959,8.5,10.041,28.125,0.671925,2056,2056,2.7413333333333334,0.0,2.6666666666666665,5.333333333333333,
3aeff8d50243a034,fft-double,transform,fft,double,16384,1024,64,1,complete,steady,0,ns/transform,198071.6962890625,196037.05533854166,200173.7236328125,3,9,0,0,-1,524392,524392,provider-specific or unknown; see evidence.json,6.119288761028468e-09,unavailable,unavailable,unavailable,per-run numerical report; see reference coverage,unavailable,unavailable,7172cea04c523d9634939ef5e84983f34b8c451b1217b04735efced5d0f38555,m1-pro-16gb-local,48000,1,aligned,0,0,1,0,64,1024,,,,,,,,1024,1024,,0.0,0.0,,
3aeff8d50243a034,core-independent4-simd,analysis,analysis,float,2048,1024,64,4,callback,steady,0,ns/engine-sample,26.155938890245228,25.84415117899577,26.314613978068035,3,9,1023,1023.5,-1,1278552,1278552,provider-specific or unknown; see evidence.json,0.00015050172805786133,2.5872356094212497e-07,2.9382413314372786e-07,0,per-run numerical report; see reference coverage,1023.0,1023.0,719a35670850fc5a882492254f41ee6bbc8812e84af9ccafeb586581978b8797,m1-pro-16gb-local,48000,1,aligned,0,0,1,0,64,8192,0.1255485066731771,1333.3333333333333,2.542,2.5,2.542,47.166,0.19065000000000001,8192,8192,10.922666666666666,21.3125,21.322916666666668,,42.63541666666667
3aeff8d50243a034,pffft-analysis4-float,analysis,analysis,float,2048,1024,64,4,throughput,steady,0,ns/engine-sample,35.8088813357883,35.664320627848305,35.9825553894043,3,9,0,1023.5,-1,248168,248168,provider-specific or unknown; see evidence.json,9.1552734375e-05,2.190635744974899e-07,2.3824968439858474e-07,0,per-run numerical report; see reference coverage,63.0,63.0,71a27a6d83524183fd034fe8236a1527b2c10f7738698e1dc833c025188cafd4,m1-pro-16gb-local,48000,1,aligned,0,1,1,0,64,8192,0.17188263041178384,,,,,,,1,1,10.922666666666666,0.0,21.322916666666668,,21.322916666666668
3aeff8d50243a034,fftw-ols-fir-float,chain,fir,float,2048,1024,64,16,throughput,steady,0,ns/engine-sample,327.9158272213406,324.24529393513996,331.17993609110516,3,9,0,511.5,1023,90424,90424,provider-specific or unknown; see evidence.json,1.8128045553567063e-07,unavailable,unavailable,unavailable,per-run numerical report; see reference coverage,63.0,63.0,723fb557c7129848786a42d0881cb65eef5dc237a6c3825777ee391771b0dd3e,m1-pro-16gb-local,48000,16,aligned,0,0,1,0,64,8192,1.5739959706624347,,,,,,,1,1,10.922666666666666,0.0,10.65625,21.3125,
3aeff8d50243a034,vdsp-fft-double,transform,fft,double,4096,1024,64,1,complete,steady,0,ns/transform,11111.565321180555,11000.449869791666,11266.371419270834,3,9,0,0,-1,131176,131176,provider-specific or unknown; see evidence.json,3.036321927845823e-10,unavailable,unavailable,unavailable,per-run numerical report; see reference coverage,unavailable,unavailable,729eae7d8532f34e7df82ba5fc66ae4e7c4e6550e33a5d051a5fd058d6b924ac,m1-pro-16gb-local,48000,1,aligned,0,0,1,0,64,1024,,,,,,,,1024,1024,,0.0,0.0,,
3aeff8d50243a034,pffft-ols-fir-float,chain,fir,float,2048,1024,64,1,throughput,steady,0,ns/engine-sample,15.397001266479492,15.29892349243164,15.496756871541342,3,9,0,511.5,1023,90424,90424,provider-specific or unknown; see evidence.json,1.5359765370703826e-07,unavailable,unavailable,unavailable,per-run numerical report; see reference coverage,63.0,63.0,72a72edb6b69bfe15ee8abaf654905a3f3db08a4a9f9bd30f6db0dd2a3d72802,m1-pro-16gb-local,96000,1,aligned,0,0,1,0,64,8192,0.14781121215820311,,,,,,,1,1,5.461333333333333,0.0,5.328125,10.65625,
3aeff8d50243a034,legacy-batch-double,analysis,analysis,double,4096,1024,64,1,throughput,steady,0,ns/engine-sample,62.71046172247993,58.50895245869955,70.40532366434734,3,9,0,2047.5,-1,328256,328256,provider-specific or unknown; see evidence.json,2.2737367544323206e-13,3.71011878287106e-16,2.7776258686538934e-16,0,per-run numerical report; see reference coverage,63.0,63.0,72fc6953b99b631e7c3ffecaf2042cb563e2b6065b77ab1ad84bcb45f4d02f91,m1-pro-16gb-local,48000,1,aligned,0,1,1,0,64,8192,0.30101021626790364,,,,,,,1,1,10.922666666666666,0.0,42.65625,,42.65625
3aeff8d50243a034,core-independent4-simd,analysis,analysis,float,2048,1024,64,4,throughput,steady,0,ns/engine-sample,29.063216103447807,28.434329350789387,29.54239336649577,3,9,1023,1023.5,-1,1278552,1278552,provider-specific or unknown; see evidence.json,9.1552734375e-05,1.905761057758214e-07,2.3848573008709736e-07,0,per-run numerical report; see reference coverage,1023.0,1023.0,731bbfa9a55f2687ca6c3815dd7808ba67e419b3515d22bb82921ea5f42e3154,m1-pro-16gb-local,48000,1,aligned,0,1,1,0,64,8192,0.1395034372965495,,,,,,,1,1,10.922666666666666,21.3125,21.322916666666668,,42.63541666666667
3aeff8d50243a034,core-independent4-float,analysis,analysis,float,4096,1024,64,4,throughput,steady,0,ns/engine-sample,165.23687065972223,153.98112932840982,184.56617991129556,3,9,1023,2047.5,-1,2279544,2279544,provider-specific or unknown; see evidence.json,9.1552734375e-05,2.445939656201334e-07,2.679595416819999e-07,0,per-run numerical report; see reference coverage,1023.0,1023.0,74bcec6c06cc9af4c48665a5136fbec28dcdfc87317ad63b69558890c443a754,m1-pro-16gb-local,48000,1,aligned,0,1,1,0,64,8192,0.7931369791666667,,,,,,,1,1,10.922666666666666,21.3125,42.65625,,63.96875
3aeff8d50243a034,legacy-batch-float,analysis,analysis,float,2048,1024,64,4,callback,steady,0,ns/engine-sample,91.48219256930881,91.04767926534016,92.19979985555013,3,9,0,1023.5,-1,90680,90680,provider-specific or unknown; see evidence.json,0.00014317035675048828,2.15934702845581e-07,2.794693895227653e-07,0,per-run numerical report; see reference coverage,63.0,63.0,750532cbfa3ef464795a74ca6edd43786c1a65e3aa3649efb1c29bca1d9ed498,m1-pro-16gb-local,48000,4,aligned,0,0,1,0,64,8192,0.43911452433268233,1333.3333333333333,80.583,80.292,81.0,206.25,6.043725,8192,8192,10.922666666666666,0.0,21.322916666666668,,21.322916666666668
3aeff8d50243a034,vdsp-analysis4-float,analysis,analysis,float,16384,1024,64,4,callback,steady,0,ns/engine-sample,203.54440879821777,201.47658093770346,204.82379659016928,3,9,0,8191.5,-1,2230664,2230664,provider-specific or unknown; see evidence.json,0.000244140625,4.773181165095097e-07,1.933175160941665e-07,0,per-run numerical report; see reference coverage,63.0,63.0,750d09278c4fced238aa1de9986ed53d658245a260296dfac821339b41aa6af5,m1-pro-16gb-local,48000,1,aligned,0,1,1,0,64,8192,0.9770131622314453,1333.3333333333333,193.333,193.083,195.875,365.208,14.499975000000001,8192,8192,10.922666666666666,0.0,170.65625,,170.65625
3aeff8d50243a034,fftw-analysis-float,analysis,analysis,float,2048,1024,64,1,callback,steady,0,ns/engine-sample,96.22723155551486,94.3075065612793,98.58051681518555,3,9,0,1023.5,-1,62032,62032,provider-specific or unknown; see evidence.json,0.0001220703125,1.6833401972470574e-07,2.3817976355656692e-07,0,per-run numerical report; see reference coverage,63.0,63.0,755b2f9a8782093012427068a1236d42c5bbd5bfb7db6d2668119f2b30193404,m1-pro-16gb-local,48000,1,aligned,64,0,1,0,64,8192,0.46189071146647137,1333.3333333333333,11.416,11.125,11.417,124.084,0.8562,8192,8192,10.922666666666666,0.0,21.322916666666668,,21.322916666666668
3aeff8d50243a034,fftw-inverse-float,inverse-job,inverse,float,2048,1024,64,4,callback,steady,0,ns/engine-sample,31.966486612955727,30.718962987263996,34.38961092631022,3,9,0,0,-1,82184,82184,provider-specific or unknown; see evidence.json,1.3328003944934608e-07,unavailable,unavailable,unavailable,per-run numerical report; see reference coverage,63.0,63.0,7618d83f64a3a884af9a842d67582cd28fc77a2821d5424455fd7c8689020271,m1-pro-16gb-local,48000,4,staggered,0,0,1,0,64,8192,0.1534391357421875,1333.3333333333333,5.708,5.625,5.709,2150.042,0.4281,8192,8192,10.922666666666666,0.0,0.0,,
3aeff8d50243a034,vdsp-ols-fir-float,chain,fir,float,2048,1024,64,4,throughput,steady,0,ns/engine-sample,61.82714695400662,59.41814867655436,66.15408198038737,3,9,0,511.5,1023,106816,106816,provider-specific or unknown; see evidence.json,2.0061301597706915e-07,unavailable,unavailable,unavailable,per-run numerical report; see reference coverage,63.0,63.0,76875b7747ee9157f5c4129b9dcb42af231d657cb6543f1cf00ffdcdd930f0b2,m1-pro-16gb-local,48000,4,staggered,0,0,1,0,64,8192,0.29677030537923177,,,,,,,1,1,10.922666666666666,0.0,10.65625,21.3125,
3aeff8d50243a034,vdsp-ols-fir-float,chain,fir,float,2048,257,64,1,throughput,steady,0,ns/engine-sample,40.47485003242542,39.576323869163424,41.05014287451362,3,9,0,128.0,256,100680,100680,provider-specific or unknown; see evidence.json,1.9371509552001953e-07,unavailable,unavailable,unavailable,per-run numerical report; see reference coverage,0.0,63.0,76b6459ee07bc81fd607331fa6155fd4038ac3999509b006d55c71d300e2ed75,m1-pro-16gb-local,48000,1,aligned,0,0,1,0,64,2056,0.19427928015564203,,,,,,,1,1,2.7413333333333334,0.0,2.6666666666666665,5.333333333333333,
3aeff8d50243a034,ols-identity-batch-double,chain,identity,double,16384,1024,64,1,throughput,steady,0,ns/engine-sample,767.0093288421631,761.2051703135172,770.3325214385986,3,9,0,511.5,1023,2130400,2130400,provider-specific or unknown; see evidence.json,6.004449063730082e-16,unavailable,unavailable,unavailable,per-run numerical report; see reference coverage,63.0,63.0,76b71bec4314ae18762b6a66c65fe3764d18399ee1c80540e4e536259fd0f880,m1-pro-16gb-local,48000,1,aligned,0,0,1,0,64,8192,3.681644778442383,,,,,,,1,1,10.922666666666666,0.0,10.65625,21.3125,
3aeff8d50243a034,inverse-stream-batch-float,inverse-job,inverse,float,2048,1024,64,4,throughput,steady,0,ns/engine-sample,152.92478476630316,151.62046750386557,153.6983642578125,3,9,0,0,-1,139600,139600,provider-specific or unknown; see evidence.json,4.053554221172817e-07,unavailable,unavailable,unavailable,per-run numerical report; see reference coverage,63.0,63.0,7711a460d77913a36c6df5e7634599193a43265317f69048ff17a4bac6e1c2d4,m1-pro-16gb-local,48000,4,staggered,0,0,1,0,64,8192,0.7340389668782552,,,,,,,1,1,10.922666666666666,0.0,0.0,,
3aeff8d50243a034,inverse-stream-batch-float,inverse-job,inverse,float,2048,257,64,1,throughput,steady,0,ns/engine-sample,142.8909441877432,141.14114684662775,144.6508390077821,3,9,0,0,-1,139600,139600,provider-specific or unknown; see evidence.json,4.053554221172817e-07,unavailable,unavailable,unavailable,per-run numerical report; see reference coverage,0.0,63.0,77c5f554ddd564ab76bf75a781902c2b6facc658db3d2014902c2acc8a199378,m1-pro-16gb-local,48000,1,aligned,0,0,1,0,64,2056,0.6858765321011674,,,,,,,1,1,2.7413333333333334,0.0,0.0,,
3aeff8d50243a034,vdsp-analysis-float,analysis,analysis,float,2048,1024,64,1,throughput,steady,0,ns/engine-sample,10.477145300971136,9.788936614990234,11.406050364176432,3,9,0,1023.5,-1,70232,70232,provider-specific or unknown; see evidence.json,6.103515625e-05,1.4261480916057953e-07,1.1945004482661556e-07,0,per-run numerical report; see reference coverage,63.0,63.0,77de844dbd2252612a3dca6504e507346b90ba59c1afd0e2e15ad5eec7e83aa5,m1-pro-16gb-local,48000,1,aligned,0,0,1,32,64,8192,0.05029029744466146,,,,,,,1,1,10.922666666666666,0.0,21.322916666666668,,21.322916666666668
3aeff8d50243a034,core-independent4-float,analysis,analysis,float,2048,1024,64,4,callback,steady,0,ns/engine-sample,92.28253746032715,87.26824124654134,97.69260724385579,3,9,1023,1023.5,-1,2263160,2263160,provider-specific or unknown; see evidence.json,9.1552734375e-05,2.0685806321099332e-07,2.3848573008709736e-07,0,per-run numerical report; see reference coverage,1023.0,1023.0,7874abb080c02fa1e8c9eeb8621c4d75c6f1e3563fc538e3b198d9fb316ae5b9,m1-pro-16gb-local,48000,1,aligned,0,1,1,0,64,8192,0.4429561798095703,1333.3333333333333,9.166,8.583,9.666,1240.917,0.68745,8192,8192,10.922666666666666,21.3125,21.322916666666668,,42.63541666666667
3aeff8d50243a034,ols-fir-batch-double,chain,fir,double,2048,1024,64,1,callback,steady,0,ns/engine-sample,77.60032759772407,76.66733423868816,78.53001467386882,3,9,0,511.5,1023,295392,295392,provider-specific or unknown; see evidence.json,2.482534153247273e-16,unavailable,unavailable,unavailable,per-run numerical report; see reference coverage,63.0,63.0,788a8549fbc1b80a89872a979431b031cc2f46a8c0209c4a017681ffb16b7de8,m1-pro-16gb-local,48000,1,aligned,0,0,1,0,64,8192,0.37248157246907554,1333.3333333333333,73.625,73.417,74.417,673.792,5.5218750000000005,8192,8192,10.922666666666666,0.0,10.65625,21.3125,
3aeff8d50243a034,fftw-inverse-float,inverse-job,inverse,float,2048,1024,64,4,callback,steady,0,ns/engine-sample,30.566868252224392,30.21172587076823,30.875057220458984,3,9,0,0,-1,82184,82184,provider-specific or unknown; see evidence.json,1.3328003944934608e-07,unavailable,unavailable,unavailable,per-run numerical report; see reference coverage,63.0,63.0,78c8145c3a1c1e4ec840760f3a40e6d7f5711806a522fbce6d377c2f23e2adbb,m1-pro-16gb-local,48000,4,aligned,0,0,1,0,64,8192,0.14672096761067707,1333.3333333333333,20.292,19.958,20.5,64.416,1.5219,8192,8192,10.922666666666666,0.0,0.0,,
3aeff8d50243a034,vdsp-analysis-double,analysis,analysis,double,2048,1024,64,1,callback,steady,0,ns/engine-sample,11.701176961263021,11.355684916178385,12.274598439534506,3,9,0,1023.5,-1,115312,115312,provider-specific or unknown; see evidence.json,2.1374568781595826e-13,4.0376099680173296e-16,4.171017682331349e-16,0,per-run numerical report; see reference coverage,63.0,63.0,791bc2c45e46278c34e1b0c283116ae7e2e105e15c948aaeea8c8718b99d38a8,m1-pro-16gb-local,48000,1,aligned,0,0,1,0,64,8192,0.0561656494140625,1333.3333333333333,6.667,6.542,6.75,225.084,0.500025,8192,8192,10.922666666666666,0.0,21.322916666666668,,21.322916666666668
3aeff8d50243a034,pffft-analysis-float,analysis,analysis,float,2048,1024,64,1,throughput,startup,0,ns/engine-sample,10.050808800591364,9.819454193115234,10.393222173055014,3,9,0,1023.5,-1,62032,62032,provider-specific or unknown; see evidence.json,6.103515625e-05,1.2019560717045903e-07,2.1561512785923178e-07,0,per-run numerical report; see reference coverage,63.0,63.0,7920e99ba4bfd79a4db31a14bc7f395df68d9fe52fe98a8731258dccf7bbc7f4,m1-pro-16gb-local,48000,1,aligned,0,0,1,0,64,8192,0.04824388224283854,,,,,,,1,1,10.922666666666666,0.0,21.322916666666668,,21.322916666666668
3aeff8d50243a034,fftw-inverse-float,inverse-job,inverse,float,2048,1024,64,1,callback,steady,0,ns/engine-sample,92.48510127597385,90.1746171315511,96.79270617167155,3,9,0,0,-1,82184,82184,provider-specific or unknown; see evidence.json,1.3328003944934608e-07,unavailable,unavailable,unavailable,per-run numerical report; see reference coverage,63.0,63.0,79990b42d5d25e17699d63397086f2b9f0e9fc5750c43c5da131bd4784405241,m1-pro-16gb-local,48000,1,aligned,64,0,1,0,64,8192,0.4439284861246745,1333.3333333333333,10.291,10.125,10.709,1210.875,0.771825,8192,8192,10.922666666666666,0.0,0.0,,
3aeff8d50243a034,inverse-stream-incremental-double,inverse-job,inverse,double,2048,1024,64,1,throughput,steady,0,ns/engine-sample,39.53326182895236,37.431928634643555,42.52327791849772,3,9,1023,0,-1,262480,262480,provider-specific or unknown; see evidence.json,3.254984763414886e-15,unavailable,unavailable,unavailable,per-run numerical report; see reference coverage,1023.0,1023.0,7a8cba4c7dbb45afdb7f623a0107eb2adc230905050cbdb917de84a3c66b7403,m1-pro-16gb-local,48000,1,aligned,0,0,1,0,64,8192,0.18975965677897133,,,,,,,1,1,10.922666666666666,21.3125,0.0,,
3aeff8d50243a034,fftw-ifft-double,transform,ifft,double,2048,1024,64,1,complete,steady,0,ns/transform,7201.509006076389,7075.653971354167,7290.706380208333,3,9,0,0,-1,32864,32864,provider-specific or unknown; see evidence.json,5.4995239535278826e-14,unavailable,unavailable,unavailable,per-run numerical report; see reference coverage,unavailable,unavailable,7a9d6f9fcc5129c88b03145b917bf1de3543bbc2c12c57547230e4b05ce2f453,m1-pro-16gb-local,48000,1,aligned,0,0,1,0,64,1024,,,,,,,,1024,1024,,0.0,0.0,,
3aeff8d50243a034,fftw-inverse-double,inverse-job,inverse,double,4096,1024,64,1,throughput,steady,0,ns/engine-sample,22.255711873372395,21.99133237202962,22.403266270955402,3,9,0,0,-1,327944,327944,provider-specific or unknown; see evidence.json,3.332634513908225e-15,unavailable,unavailable,unavailable,per-run numerical report; see reference coverage,63.0,63.0,7aebc519b4778972894967e7e0b9458fd3902e61409ac2c6d61357c67fa0da22,m1-pro-16gb-local,48000,1,aligned,0,0,1,0,64,8192,0.1068274169921875,,,,,,,1,1,10.922666666666666,0.0,0.0,,
3aeff8d50243a034,vdsp-ols-identity-double,chain,identity,double,2048,1024,64,1,callback,steady,0,ns/engine-sample,18.863381915622288,18.60461171468099,19.04633331298828,3,9,0,511.5,1023,213328,213328,provider-specific or unknown; see evidence.json,5.578801654593729e-16,unavailable,unavailable,unavailable,per-run numerical report; see reference coverage,63.0,63.0,7beb078a3ffe4ccd25bc46f64968c3dc049d98532fe559a0df8d761486e39598,m1-pro-16gb-local,48000,1,aligned,0,0,1,0,64,8192,0.09054423319498697,1333.3333333333333,14.208,13.875,14.208,72.916,1.0656,8192,8192,10.922666666666666,0.0,10.65625,21.3125,
3aeff8d50243a034,core-independent4-float,analysis,analysis,float,16384,1024,64,4,throughput,steady,0,ns/engine-sample,531.3096398247612,525.911808013916,540.0966002146403,3,9,1023,8191.5,-1,2377848,2377848,provider-specific or unknown; see evidence.json,0.0011550188064575195,3.1531550417092065e-07,2.817738172062864e-07,22392,per-run numerical report; see reference coverage,1023.0,1023.0,7bf33271261293e07dd94296b4141b10ec5673c5a0ef3e5a2790d2182312d70c,m1-pro-16gb-local,48000,1,aligned,0,0,1,0,64,8192,2.550286271158854,,,,,,,1,1,10.922666666666666,21.3125,170.65625,,191.96875
3aeff8d50243a034,vdsp-ols-identity-float,chain,identity,float,2048,1024,64,1,throughput,startup,0,ns/engine-sample,14.434452480740017,13.949261983235678,14.735539754231771,3,9,0,511.5,1023,106816,106816,provider-specific or unknown; see evidence.json,3.9384264027830795e-07,unavailable,unavailable,unavailable,per-run numerical report; see reference coverage,63.0,63.0,7c50bbc21d4b317a572e9ebc5815533538f54d91a4058df7bec3f2af581a8554,m1-pro-16gb-local,48000,1,aligned,0,0,1,0,64,8192,0.06928537190755209,,,,,,,1,1,10.922666666666666,0.0,10.65625,21.3125,
3aeff8d50243a034,vdsp-analysis4-float,analysis,analysis,float,16384,1024,64,4,callback,steady,0,ns/engine-sample,177.54555151197644,176.04224713643393,179.86513392130533,3,9,0,8191.5,-1,2230664,2230664,provider-specific or unknown; see evidence.json,0.000732421875,1.7728594758948674e-07,1.7887301059673527e-07,504,per-run numerical report; see reference coverage,63.0,63.0,7c6c8e6f34acc0cfe72fb0aed37b3b42fbf28b28a3d58aee405d9472acaf9dc9,m1-pro-16gb-local,48000,1,aligned,0,0,1,0,64,8192,0.852218647257487,1333.3333333333333,168.208,165.208,169.292,273.792,12.6156,8192,8192,10.922666666666666,0.0,170.65625,,170.65625
3aeff8d50243a034,ols-identity-incremental-float,chain,identity,float,2048,1024,64,1,throughput,steady,0,ns/engine-sample,75.62202835083008,74.4379088083903,76.57413991292317,3,9,1023,511.5,2046,164304,164304,provider-specific or unknown; see evidence.json,3.2098083124765253e-07,unavailable,unavailable,unavailable,per-run numerical report; see reference coverage,1023.0,1023.0,7c71f8527e332bbd4621e42116b5276476a57092add9d6fd656d9215659d9937,m1-pro-16gb-local,48000,1,aligned,0,0,1,32,64,8192,0.3629857360839844,,,,,,,1,1,10.922666666666666,21.3125,10.65625,42.625,
3aeff8d50243a034,vdsp-analysis-float,analysis,analysis,float,2048,1024,64,16,throughput,steady,0,ns/engine-sample,151.04541969299316,149.04438145955405,152.08824412027994,3,9,0,1023.5,-1,70232,70232,provider-specific or unknown; see evidence.json,6.103515625e-05,1.4261480916057953e-07,1.1945004482661556e-07,0,per-run numerical report; see reference coverage,63.0,63.0,7ca5993023e9822350d09a041af7341de93d6ab0ab12b8116e22715b71e75aa8,m1-pro-16gb-local,48000,16,staggered,0,0,1,0,64,8192,0.7250180145263672,,,,,,,1,1,10.922666666666666,0.0,21.322916666666668,,21.322916666666668
3aeff8d50243a034,ols-fir-batch-double,chain,fir,double,2048,1024,64,1,throughput,steady,0,ns/engine-sample,77.39816750420465,76.74527168273926,78.21843338012695,3,9,0,511.5,1023,295392,295392,provider-specific or unknown; see evidence.json,2.482534153247273e-16,unavailable,unavailable,unavailable,per-run numerical report; see reference coverage,63.0,63.0,7cd282cb43d20d6b3c2f0c88e7a35ae5c7735b91f209e0b8ce2a1b7356638953,m1-pro-16gb-local,48000,1,aligned,0,0,1,0,64,8192,0.37151120402018234,,,,,,,1,1,10.922666666666666,0.0,10.65625,21.3125,
3aeff8d50243a034,fftw-inverse-float,inverse-job,inverse,float,2048,1024,64,1,callback,steady,15,ns/engine-sample,9.499475691053602,9.364880243937174,9.68039321899414,3,9,0,0,-1,82184,82184,provider-specific or unknown; see evidence.json,1.3328003944934608e-07,unavailable,unavailable,unavailable,per-run numerical report; see reference coverage,14.0,14.0,7d5e87578b6cf136a0d1c189e0488b9f682ae1dcebd0e7c74bfd3ae3748c7499,m1-pro-16gb-local,48000,1,aligned,0,0,1,0,64,8192,0.04559748331705729,1333.3333333333333,5.0,4.958,5.0,32.459,0.375,8192,8192,10.922666666666666,0.0,0.0,,
3aeff8d50243a034,ols-identity-batch-float,chain,identity,float,2048,1024,64,4,throughput,steady,0,ns/engine-sample,298.28002717759875,295.6367594401042,302.11615562438965,3,9,0,511.5,1023,164304,164304,provider-specific or unknown; see evidence.json,3.2098083124765253e-07,unavailable,unavailable,unavailable,per-run numerical report; see reference coverage,63.0,63.0,7db3f1d398b896a1c535ac45187977cf638816feb97785ecf12d4701bf410045,m1-pro-16gb-local,48000,4,aligned,0,0,1,0,64,8192,1.431744130452474,,,,,,,1,1,10.922666666666666,0.0,10.65625,21.3125,
3aeff8d50243a034,pffft-analysis-float,analysis,analysis,float,2048,257,64,1,callback,live,0,ns/engine-sample,86.26199233949416,82.46836494811933,89.40431967412451,3,9,0,1023.5,-1,62032,62032,provider-specific or unknown; see evidence.json,6.103515625e-05,1.5300358942822182e-07,1.3854867492047307e-07,0,per-run numerical report; see reference coverage,0.0,63.0,7dba9c59bff6c14058b4957187b1cb9a4ca0b353d8176f2f8ab397d0b65c4a40,m1-pro-16gb-local,48000,1,aligned,0,1,1,0,64,2056,0.41405756322957193,1333.3333333333333,24.875,24.791,26.167,484.166,1.865625,2056,2056,2.7413333333333334,0.0,21.322916666666668,,21.322916666666668
3aeff8d50243a034,pffft-scheduled-batch-float,analysis,analysis,float,2048,1024,64,1,throughput,startup,0,ns/engine-sample,20.68878067864312,20.580795288085938,20.769330342610676,3,9,0,1023.5,-1,66184,66184,provider-specific or unknown; see evidence.json,6.103515625e-05,1.2019560717045903e-07,2.1561512785923178e-07,0,per-run numerical report; see reference coverage,63.0,63.0,7e1628b8645af0b7519c9219c26c95910fea48041bdf629edad106b04020b618,m1-pro-16gb-local,48000,1,aligned,0,0,1,0,64,8192,0.09930614725748697,,,,,,,1,1,10.922666666666666,0.0,21.322916666666668,,21.322916666666668
3aeff8d50243a034,vdsp-ols-fir-float,chain,fir,float,2048,1024,64,1,throughput,steady,0,ns/engine-sample,14.709030999077692,13.700988133748373,16.218556086222332,3,9,0,511.5,1023,106816,106816,provider-specific or unknown; see evidence.json,2.0061301597706915e-07,unavailable,unavailable,unavailable,per-run numerical report; see reference coverage,63.0,63.0,7e25a31d39f7ac732060da4e5f1499e223db7fe7bf1904684058b28da9d5f1cf,m1-pro-16gb-local,96000,1,aligned,0,0,1,0,64,8192,0.14120669759114585,,,,,,,1,1,5.461333333333333,0.0,5.328125,10.65625,
3aeff8d50243a034,pffft-analysis-float,analysis,analysis,float,2048,1024,64,16,callback,steady,0,ns/engine-sample,130.43590609232584,128.3004061381022,131.8701712290446,3,9,0,1023.5,-1,62032,62032,provider-specific or unknown; see evidence.json,6.103515625e-05,1.2019560717045903e-07,1.191954924079027e-07,0,per-run numerical report; see reference coverage,63.0,63.0,7e586fa75dd6977c78b30bb957c2d5717d25d3d04fe4ac67edf72efee6975f27,m1-pro-16gb-local,48000,16,staggered,0,0,1,0,64,8192,0.626092349243164,1333.3333333333333,8.709,8.458,9.25,107.917,0.6531750000000001,8192,8192,10.922666666666666,0.0,21.322916666666668,,21.322916666666668
3aeff8d50243a034,vdsp-ols-identity-float,chain,identity,float,2048,1024,64,1,throughput,steady,0,ns/engine-sample,14.515082041422525,13.736566543579102,15.715280532836914,3,9,0,511.5,1023,106816,106816,provider-specific or unknown; see evidence.json,3.9384264027830795e-07,unavailable,unavailable,unavailable,per-run numerical report; see reference coverage,63.0,63.0,7e69863d3a2f92586cfa4d35c4e5057e1d276d84aa7aa828e353201a0dc189c5,m1-pro-16gb-local,96000,1,aligned,0,0,1,0,64,8192,0.13934478759765626,,,,,,,1,1,5.461333333333333,0.0,5.328125,10.65625,
3aeff8d50243a034,fftw-analysis-double,analysis,analysis,double,4096,1024,64,1,throughput,steady,0,ns/engine-sample,21.458183924357098,21.366622924804688,21.511686325073242,3,9,0,2047.5,-1,197224,197224,provider-specific or unknown; see evidence.json,2.2737367544323206e-13,3.245919868453618e-16,2.776360223258794e-16,0,per-run numerical report; see reference coverage,63.0,63.0,7ed11aad1971ae0929e52fe33a8ca4961b87967f3903e576387e6b791e26462f,m1-pro-16gb-local,48000,1,aligned,0,1,1,0,64,8192,0.10299928283691406,,,,,,,1,1,10.922666666666666,0.0,42.65625,,42.65625
3aeff8d50243a034,vdsp-ols-fir-float,chain,fir,float,2048,1024,64,1,callback,steady,63,ns/engine-sample,14.480547375149197,13.746082305908203,14.863481521606445,3,9,0,511.5,1023,106816,106816,provider-specific or unknown; see evidence.json,2.0061301597706915e-07,unavailable,unavailable,unavailable,per-run numerical report; see reference coverage,62.0,62.0,7f37eddbc5f491f6684592e04110ec672e1f0520f733bb884dcb2299332410c4,m1-pro-16gb-local,48000,1,aligned,0,0,1,0,64,8192,0.06950662740071616,1333.3333333333333,9.125,8.875,9.458,41.417,0.6843750000000001,8192,8192,10.922666666666666,0.0,10.65625,21.3125,
3aeff8d50243a034,legacy-incremental-float,analysis,analysis,float,2048,1024,64,16,callback,steady,0,ns/engine-sample,361.6114796532525,356.2481575012207,367.0805435180664,3,9,1023,1023.5,-1,90712,90712,provider-specific or unknown; see evidence.json,0.00014317035675048828,2.15934702845581e-07,2.794693895227653e-07,0,per-run numerical report; see reference coverage,1023.0,1023.0,7fc31815c1196e03a469c2f2a5342e59fad35e9911b2a9ecd32b51aa2f27c2bb,m1-pro-16gb-local,48000,16,aligned,0,0,1,0,64,8192,1.735735102335612,1333.3333333333333,64.875,64.791,67.0,263.208,4.8656250000000005,8192,8192,10.922666666666666,21.3125,21.322916666666668,,42.63541666666667
3aeff8d50243a034,core-double,analysis,analysis,double,16384,1024,64,1,callback,steady,0,ns/engine-sample,146.17629538642035,128.97055180867514,178.11980819702148,3,9,1023,8191.5,-1,926248,926248,provider-specific or unknown; see evidence.json,1.814992600657206e-12,4.297985314237632e-16,4.4286390503187525e-16,0,per-run numerical report; see reference coverage,1023.0,1023.0,7ffaf783f58158495f1c45601e9e5fb2d6f34eb0cf0c18cd90e3d4037d7a6707,m1-pro-16gb-local,48000,1,aligned,0,0,1,0,64,8192,0.7016462178548176,1333.3333333333333,17.917,17.75,18.042,35355.583,1.3437750000000002,8192,8192,10.922666666666666,21.3125,170.65625,,191.96875
3aeff8d50243a034,vdsp-inverse-float,inverse-job,inverse,float,2048,1024,64,1,callback,steady,0,ns/engine-sample,12.26978980170356,11.726324717203775,13.052676518758139,3,9,0,0,-1,98576,98576,provider-specific or unknown; see evidence.json,1.2287812012345967e-07,unavailable,unavailable,unavailable,per-run numerical report; see reference coverage,63.0,63.0,80372292c790e5129a5eb7a0e7c86dce843873633c8d343293a4fc3c49ed3aa1,m1-pro-16gb-local,48000,1,aligned,0,0,1,32,64,8192,0.05889499104817709,1333.3333333333333,8.459,5.709,9.25,38.916,0.634425,8192,8192,10.922666666666666,0.0,0.0,,
3aeff8d50243a034,pffft-analysis-float,analysis,analysis,float,2048,257,64,1,callback,steady,0,ns/engine-sample,23.059540335873326,22.85617552285992,23.36651365920882,3,9,0,1023.5,-1,62032,62032,provider-specific or unknown; see evidence.json,6.103515625e-05,1.1750411814622872e-07,1.1932655908502303e-07,0,per-run numerical report; see reference coverage,0.0,63.0,806a97139d4b7b99e3169908c249c682191ca1577c9a5bfbb50fe5fa52df945f,m1-pro-16gb-local,48000,1,aligned,0,0,1,0,64,2056,0.11068579361219197,1333.3333333333333,4.917,4.916,4.917,35.042,0.368775,2056,2056,2.7413333333333334,0.0,21.322916666666668,,21.322916666666668
3aeff8d50243a034,fftw-analysis-float,analysis,analysis,float,2048,1024,64,1,throughput,steady,0,ns/engine-sample,95.39451450771756,94.19531313578288,96.40714836120605,3,9,0,1023.5,-1,62032,62032,provider-specific or unknown; see evidence.json,0.0001220703125,1.6833401972470574e-07,2.3817976355656692e-07,0,per-run numerical report; see reference coverage,63.0,63.0,80951e037b56f74c7017f53d6eac0f000cd8e619056a1ab6117af5ccb6d5db65,m1-pro-16gb-local,48000,1,aligned,64,0,1,0,64,8192,0.45789366963704425,,,,,,,1,1,10.922666666666666,0.0,21.322916666666668,,21.322916666666668
3aeff8d50243a034,ols-identity-incremental-double,chain,identity,double,4096,1024,64,1,callback,steady,0,ns/engine-sample,160.79877705044217,154.87448120117188,171.18427721659342,3,9,1023,511.5,2046,557536,557536,provider-specific or unknown; see evidence.json,5.613217783960923e-16,unavailable,unavailable,unavailable,per-run numerical report; see reference coverage,1023.0,1023.0,8286c76fa1cd1f2b06406f2a42c01a67f5e465fbdbc073e75369f91bb610f9de,m1-pro-16gb-local,48000,1,aligned,0,0,1,0,64,8192,0.7718341298421224,1333.3333333333333,18.542,18.5,20.167,1690.708,1.3906500000000002,8192,8192,10.922666666666666,21.3125,10.65625,42.625,
3aeff8d50243a034,core-float,analysis,analysis,float,2048,1024,64,1,throughput,steady,0,ns/engine-sample,20.629070705837673,20.33262825012207,21.025339762369793,3,9,1023,1023.5,-1,565780,565780,provider-specific or unknown; see evidence.json,0.00014317035675048828,2.15934702845581e-07,2.794693895227653e-07,0,per-run numerical report; see reference coverage,1023.0,1023.0,82a8c7a54d3efead320cd850b2a9b51ace02594a5a6da70a5d8c5d161f6b1fdc,m1-pro-16gb-local,48000,1,aligned,0,0,1,32,64,8192,0.09901953938802084,,,,,,,1,1,10.922666666666666,21.3125,21.322916666666668,,42.63541666666667
3aeff8d50243a034,legacy-batch-double,analysis,analysis,double,4096,1024,64,1,callback,steady,0,ns/engine-sample,48.42333793640137,48.1986083984375,48.81311289469401,3,9,0,2047.5,-1,328256,328256,provider-specific or unknown; see evidence.json,4.0811798385220754e-13,3.8438517172008793e-16,3.983007059197205e-16,0,per-run numerical report; see reference coverage,63.0,63.0,82e92bb370dbf2d30946df5228dbc85ba45b0318fb8ef3d7592d790106065b6f,m1-pro-16gb-local,48000,1,aligned,0,0,1,0,64,8192,0.23243202209472658,1333.3333333333333,44.75,44.542,44.792,133.084,3.35625,8192,8192,10.922666666666666,0.0,42.65625,,42.65625
3aeff8d50243a034,pffft-inverse-float,inverse-job,inverse,float,2048,1024,64,1,callback,steady,0,ns/engine-sample,92.01864348517523,88.51590347290039,97.45858510335286,3,9,0,0,-1,82184,82184,provider-specific or unknown; see evidence.json,1.884864389012364e-07,unavailable,unavailable,unavailable,per-run numerical report; see reference coverage,63.0,63.0,83448f9ce8142e71a0b008b36b852a14552f518e2f7c3f296fb840af4e1cb992,m1-pro-16gb-local,48000,1,aligned,64,0,1,0,64,8192,0.4416894887288411,1333.3333333333333,9.334,9.25,9.916,158.916,0.7000500000000001,8192,8192,10.922666666666666,0.0,0.0,,
3aeff8d50243a034,fftw-ols-identity-float,chain,identity,float,2048,1024,64,4,callback,steady,0,ns/engine-sample,66.36625862121582,65.16402180989583,67.43580627441406,3,9,0,511.5,1023,90424,90424,provider-specific or unknown; see evidence.json,3.157499577355338e-07,unavailable,unavailable,unavailable,per-run numerical report; see reference coverage,63.0,63.0,83af728f9d16770abf5dab1701767ecfef09386af2cfbb04042324b95cbfcc33,m1-pro-16gb-local,48000,4,staggered,0,0,1,0,64,8192,0.3185580413818359,1333.3333333333333,13.5,13.167,13.542,136.208,1.0125,8192,8192,10.922666666666666,0.0,10.65625,21.3125,
3aeff8d50243a034,vdsp-inverse-float,inverse-job,inverse,float,2048,1024,64,1,callback,startup,0,ns/engine-sample,8.54526456197103,7.915478388468425,8.871520360310873,3,9,0,0,-1,98576,98576,provider-specific or unknown; see evidence.json,1.2287812012345967e-07,unavailable,unavailable,unavailable,per-run numerical report; see reference coverage,63.0,63.0,83bfbde4258c7782a519194a2247473a2c27e33cf8e6b4959c0842b0462408e4,m1-pro-16gb-local,48000,1,aligned,0,0,1,0,64,8192,0.04101726989746094,1333.3333333333333,3.667,3.417,4.083,138.0,0.275025,8192,8192,10.922666666666666,0.0,0.0,,
3aeff8d50243a034,inverse-stream-incremental-float,inverse-job,inverse,float,2048,1024,64,4,callback,steady,0,ns/engine-sample,158.3035642835829,150.43620173136392,170.72990862528482,3,9,1023,0,-1,139600,139600,provider-specific or unknown; see evidence.json,4.053554221172817e-07,unavailable,unavailable,unavailable,per-run numerical report; see reference coverage,1023.0,1023.0,83dc9a2fa4878bce71c96bacfccf0382448d12f0c385acf995cf0d923864efc1,m1-pro-16gb-local,48000,4,aligned,0,0,1,0,64,8192,0.7598571085611978,1333.3333333333333,21.416,20.75,21.75,1837.833,1.6062,8192,8192,10.922666666666666,21.3125,0.0,,
3aeff8d50243a034,core-double,analysis,analysis,double,2048,1024,64,1,throughput,steady,0,ns/engine-sample,21.82035975986057,21.390518188476562,22.28408368428548,3,9,1023,1023.5,-1,868904,868904,provider-specific or unknown; see evidence.json,2.464140003155535e-13,4.3806019490456896e-16,4.812022594134366e-16,0,per-run numerical report; see reference coverage,1023.0,1023.0,84cd6aaa9d85ac268ac7e90fe0e848805ac6571b47cb6907d730edef61a4e937,m1-pro-16gb-local,48000,1,aligned,0,0,1,0,64,8192,0.10473772684733072,,,,,,,1,1,10.922666666666666,21.3125,21.322916666666668,,42.63541666666667
3aeff8d50243a034,ols-identity-batch-float,chain,identity,float,2048,1024,64,1,throughput,steady,0,ns/engine-sample,74.8918588426378,73.85953267415364,75.41709518432617,3,9,0,511.5,1023,164304,164304,provider-specific or unknown; see evidence.json,3.2098083124765253e-07,unavailable,unavailable,unavailable,per-run numerical report; see reference coverage,63.0,63.0,8570a811637d6a940af83612ce72c0c4af38c041b12da8cc82a4deee86b48ecb,m1-pro-16gb-local,48000,1,aligned,0,0,1,32,64,8192,0.35948092244466145,,,,,,,1,1,10.922666666666666,0.0,10.65625,21.3125,
3aeff8d50243a034,vdsp-analysis-float,analysis,analysis,float,2048,1024,64,1,callback,steady,0,ns/engine-sample,14.870353698730469,14.376442591349283,15.639891306559244,3,9,0,1023.5,-1,70232,70232,provider-specific or unknown; see evidence.json,6.103515625e-05,1.4261480916057953e-07,1.1945004482661556e-07,0,per-run numerical report; see reference coverage,63.0,63.0,857fa8a980d5ad0de493125cb5a36ad2db5d7284d17f256f7eba29a5aeef8996,m1-pro-16gb-local,48000,1,aligned,0,0,1,32,64,8192,0.07137769775390625,1333.3333333333333,7.791,7.292,9.334,60.791,0.5843250000000001,8192,8192,10.922666666666666,0.0,21.322916666666668,,21.322916666666668
3aeff8d50243a034,core-double,analysis,analysis,double,4096,1024,64,1,throughput,steady,0,ns/engine-sample,39.413708157009545,38.65835444132487,40.09972635904948,3,9,1023,2047.5,-1,877096,877096,provider-specific or unknown; see evidence.json,2.2737367544323206e-13,3.373146478399172e-16,2.776360223258794e-16,0,per-run numerical report; see reference coverage,1023.0,1023.0,858cef035921bd169f6b66869513662517244416acf2509004a31ee0e2630407,m1-pro-16gb-local,48000,1,aligned,0,1,1,0,64,8192,0.18918579915364583,,,,,,,1,1,10.922666666666666,21.3125,42.65625,,63.96875
3aeff8d50243a034,vdsp-inverse-double,inverse-job,inverse,double,2048,1024,64,1,throughput,steady,0,ns/engine-sample,10.362668991088867,10.211387634277344,10.473993301391602,3,9,0,0,-1,196880,196880,provider-specific or unknown; see evidence.json,3.5055632627505204e-15,unavailable,unavailable,unavailable,per-run numerical report; see reference coverage,63.0,63.0,860eb3913ed0b3184e2f525d722d83985f1b703a91790e7f279d6f36ebdd3d94,m1-pro-16gb-local,48000,1,aligned,0,0,1,0,64,8192,0.04974081115722656,,,,,,,1,1,10.922666666666666,0.0,0.0,,
3aeff8d50243a034,ols-fir-batch-float,chain,fir,float,2048,1024,64,4,throughput,steady,0,ns/engine-sample,300.11328972710504,295.9935932159424,304.922077814738,3,9,0,511.5,1023,164304,164304,provider-specific or unknown; see evidence.json,1.5557269250621175e-07,unavailable,unavailable,unavailable,per-run numerical report; see reference coverage,63.0,63.0,861bcf401cf106a3c67a43a5f0d2313a86ad9f4be8cc92d619e0d1ebbd125f36,m1-pro-16gb-local,48000,4,aligned,0,0,1,0,64,8192,1.4405437906901042,,,,,,,1,1,10.922666666666666,0.0,10.65625,21.3125,
3aeff8d50243a034,ols-identity-incremental-float,chain,identity,float,2048,1024,64,4,callback,steady,0,ns/engine-sample,311.7696526845296,305.75061289469403,318.2717342376709,3,9,1023,511.5,2046,164304,164304,provider-specific or unknown; see evidence.json,3.2098083124765253e-07,unavailable,unavailable,unavailable,per-run numerical report; see reference coverage,1023.0,1023.0,86568209020542c2408befeb310c197cba679e9849b2af207a638900a347780b,m1-pro-16gb-local,48000,4,staggered,0,0,1,0,64,8192,1.4964943328857423,1333.3333333333333,24.0,23.917,27.542,134.375,1.8,8192,8192,10.922666666666666,21.3125,10.65625,42.625,
3aeff8d50243a034,core-float,analysis,analysis,float,2048,1024,64,1,callback,steady,0,ns/engine-sample,20.57689030965169,20.29918670654297,20.729032516479492,3,9,1023,1023.5,-1,565780,565780,provider-specific or unknown; see evidence.json,0.00014317035675048828,2.15934702845581e-07,2.794693895227653e-07,0,per-run numerical report; see reference coverage,1023.0,1023.0,86796059ae1a502c65d040d31ed6d095b66f8cecfc46f70fdb231df65f5d2bc0,m1-pro-16gb-local,96000,1,aligned,0,0,1,0,64,8192,0.19753814697265626,666.6666666666666,1.917,1.875,1.958,24.167,0.28755,8192,8192,5.461333333333333,10.65625,10.661458333333334,,21.317708333333336
3aeff8d50243a034,fftw-inverse-float,inverse-job,inverse,float,2048,1024,64,1,throughput,steady,0,ns/engine-sample,9.743416680230034,9.64204470316569,9.799639383951822,3,9,0,0,-1,82184,82184,provider-specific or unknown; see evidence.json,1.3328003944934608e-07,unavailable,unavailable,unavailable,per-run numerical report; see reference coverage,63.0,63.0,87b1bbfa560925e06bcbd6affa0ed732ba8d9749cf1bd21ea527a039195e17fe,m1-pro-16gb-local,96000,1,aligned,0,0,1,0,64,8192,0.09353680013020832,,,,,,,1,1,5.461333333333333,0.0,0.0,,
3aeff8d50243a034,inverse-stream-incremental-float,inverse-job,inverse,float,2048,1024,64,1,throughput,steady,0,ns/engine-sample,36.379417207505966,36.13689295450846,36.86316808064779,3,9,1023,0,-1,139600,139600,provider-specific or unknown; see evidence.json,4.053554221172817e-07,unavailable,unavailable,unavailable,per-run numerical report; see reference coverage,1023.0,1023.0,8833d483d20d0c71ea3722c8f9c9beb1cb6cb02f8b3377dafb539c0942fdaccd,m1-pro-16gb-local,48000,1,aligned,0,0,1,32,64,8192,0.17462120259602865,,,,,,,1,1,10.922666666666666,21.3125,0.0,,
3aeff8d50243a034,vdsp-ols-identity-double,chain,identity,double,4096,1024,64,1,callback,steady,0,ns/engine-sample,34.46878348456489,33.915215810139976,34.7681516011556,3,9,0,511.5,1023,409936,409936,provider-specific or unknown; see evidence.json,5.933464366067994e-16,unavailable,unavailable,unavailable,per-run numerical report; see reference coverage,63.0,63.0,8840e9237e549c6e9c323bd819a0cab02617daccc2f050784463770b21f02907,m1-pro-16gb-local,48000,1,aligned,0,0,1,0,64,8192,0.16545016072591145,1333.3333333333333,30.791,30.167,30.791,55.417,2.309325,8192,8192,10.922666666666666,0.0,10.65625,21.3125,
3aeff8d50243a034,core-independent4-simd,analysis,analysis,float,16384,1024,64,4,throughput,steady,0,ns/engine-sample,253.07362174987793,249.54152043660483,255.7099927266439,3,9,1023,8191.5,-1,1393240,1393240,provider-specific or unknown; see evidence.json,0.000244140625,4.644672159538135e-07,1.9339963782049824e-07,0,per-run numerical report; see reference coverage,1023.0,1023.0,88b20ee7b5b50ed8f2ef3c0f0b17cfe25ec598939f7eff67ee711ea9cb0fcfd7,m1-pro-16gb-local,48000,1,aligned,0,1,1,0,64,8192,1.214753384399414,,,,,,,1,1,10.922666666666666,21.3125,170.65625,,191.96875
3aeff8d50243a034,fftw-inverse-float,inverse-job,inverse,float,2048,1024,64,16,callback,steady,0,ns/engine-sample,90.86499298943414,89.63480059305827,92.059019724528,3,9,0,0,-1,82184,82184,provider-specific or unknown; see evidence.json,1.3328003944934608e-07,unavailable,unavailable,unavailable,per-run numerical report; see reference coverage,63.0,63.0,896a935c465453c99448fcfc8f4ad8990c15a0cf44442413c4c5ec4245130bca,m1-pro-16gb-local,48000,16,aligned,0,0,1,0,64,8192,0.4361519663492839,1333.3333333333333,79.417,79.042,79.5,213.667,5.956275,8192,8192,10.922666666666666,0.0,0.0,,
3aeff8d50243a034,fftw-ols-identity-float,chain,identity,float,2048,1024,64,4,throughput,steady,0,ns/engine-sample,69.35596487257216,65.71367073059082,76.07081158955891,3,9,0,511.5,1023,90424,90424,provider-specific or unknown; see evidence.json,3.157499577355338e-07,unavailable,unavailable,unavailable,per-run numerical report; see reference coverage,63.0,63.0,897fe9f609d7777945467858aa7d5ae8053904c33f6a0666e6a9fbe0cdc55c71,m1-pro-16gb-local,48000,4,staggered,0,0,1,0,64,8192,0.33290863138834637,,,,,,,1,1,10.922666666666666,0.0,10.65625,21.3125,
3aeff8d50243a034,ols-identity-batch-float,chain,identity,float,2048,1024,64,16,throughput,steady,0,ns/engine-sample,1304.3694758945041,1188.2301438649495,1425.7545731862385,3,9,0,511.5,1023,164304,164304,provider-specific or unknown; see evidence.json,3.2098083124765253e-07,unavailable,unavailable,unavailable,per-run numerical report; see reference coverage,63.0,63.0,8a1142688e08777fd72833de2654b7b528937d7032281b06cecf74abbaf3fd90,m1-pro-16gb-local,48000,16,aligned,0,0,1,0,64,8192,6.260973484293619,,,,,,,1,1,10.922666666666666,0.0,10.65625,21.3125,
3aeff8d50243a034,legacy-batch-float,analysis,analysis,float,2048,1024,64,16,callback,steady,0,ns/engine-sample,362.72686831156415,358.9056167602539,365.6846345265706,3,9,0,1023.5,-1,90680,90680,provider-specific or unknown; see evidence.json,0.00014317035675048828,2.15934702845581e-07,2.794693895227653e-07,0,per-run numerical report; see reference coverage,63.0,63.0,8b06731760ae0533898c770ee1d5c7ab0fbff8ec00db0997309a51b3ee1b57be,m1-pro-16gb-local,48000,16,staggered,0,0,1,0,64,8192,1.7410889678955077,1333.3333333333333,24.416,23.958,24.625,111.417,1.8312,8192,8192,10.922666666666666,0.0,21.322916666666668,,21.322916666666668
3aeff8d50243a034,ols-fir-incremental-float,chain,fir,float,2048,1024,64,16,throughput,steady,0,ns/engine-sample,1222.572874493069,1205.25670115153,1231.5106391906738,3,9,1023,511.5,2046,164304,164304,provider-specific or unknown; see evidence.json,1.5557269250621175e-07,unavailable,unavailable,unavailable,per-run numerical report; see reference coverage,1023.0,1023.0,8b79568f3d7bfbf6452a92541c38d4771b0bf315c768251ef2c65e439ca6a6b6,m1-pro-16gb-local,48000,16,aligned,0,0,1,0,64,8192,5.868349797566732,,,,,,,1,1,10.922666666666666,21.3125,10.65625,42.625,
3aeff8d50243a034,ols-identity-batch-float,chain,identity,float,2048,257,64,1,callback,steady,0,ns/engine-sample,274.03460822659963,270.76890047422177,276.10023255107006,3,9,0,128.0,256,152032,152032,provider-specific or unknown; see evidence.json,3.604110077048972e-07,unavailable,unavailable,unavailable,per-run numerical report; see reference coverage,0.0,63.0,8b7f62c429ecb5afdaab0a341a2e31e6957a8c3e4564bf22669e6824010b6697,m1-pro-16gb-local,48000,1,aligned,0,0,1,0,64,2056,1.3153661194876782,1333.3333333333333,71.5,70.625,71.709,175.875,5.362500000000001,2056,2056,2.7413333333333334,0.0,2.6666666666666665,5.333333333333333,
3aeff8d50243a034,vdsp-ols-identity-float,chain,identity,float,2048,1024,64,1,callback,steady,15,ns/engine-sample,14.728764851888021,13.983847300211588,15.474781036376953,3,9,0,511.5,1023,106816,106816,provider-specific or unknown; see evidence.json,3.9384264027830795e-07,unavailable,unavailable,unavailable,per-run numerical report; see reference coverage,14.0,14.0,8b824f9435d60d990ad65ff0a57f555464c52005ebdf4dc700aa4b2077e91c22,m1-pro-16gb-local,48000,1,aligned,0,0,1,0,64,8192,0.0706980712890625,1333.3333333333333,9.042,9.042,10.542,21.75,0.67815,8192,8192,10.922666666666666,0.0,10.65625,21.3125,
3aeff8d50243a034,vdsp-inverse-float,inverse-job,inverse,float,2048,1024,64,1,callback,steady,1,ns/engine-sample,8.126609378390842,7.891546249389648,8.382956822713217,3,9,0,0,-1,98576,98576,provider-specific or unknown; see evidence.json,1.2287812012345967e-07,unavailable,unavailable,unavailable,per-run numerical report; see reference coverage,0.0,0.0,8b961a8fc12823627765a47b17f590763087a6e38e6c5f12e87635155228dbd9,m1-pro-16gb-local,48000,1,aligned,0,0,1,0,64,8192,0.03900772501627604,1333.3333333333333,3.417,3.417,3.459,25.166,0.25627500000000003,8192,8192,10.922666666666666,0.0,0.0,,
3aeff8d50243a034,vdsp-analysis4-float,analysis,analysis,float,4096,1024,64,4,throughput,steady,0,ns/engine-sample,62.963591469658745,62.48905881245931,63.81530253092448,3,9,0,2047.5,-1,559496,559496,provider-specific or unknown; see evidence.json,0.0001220703125,2.624269772835138e-07,2.3836413554147512e-07,0,per-run numerical report; see reference coverage,63.0,63.0,8bbfe198e509b95d96d098bb9c40ee553f3f7e6c9268f2613502e75946f9a020,m1-pro-16gb-local,48000,1,aligned,0,1,1,0,64,8192,0.30222523905436194,,,,,,,1,1,10.922666666666666,0.0,42.65625,,42.65625
3aeff8d50243a034,vdsp-analysis4-float,analysis,analysis,float,2048,1024,64,4,callback,steady,0,ns/engine-sample,37.44112883673774,36.971900939941406,38.09244918823242,3,9,0,1023.5,-1,280968,280968,provider-specific or unknown; see evidence.json,6.765127182006836e-05,1.600900504170092e-07,1.321731601414126e-07,0,per-run numerical report; see reference coverage,63.0,63.0,8be69fb28fe991ac75d115dbd201555c7a449f531c2189cec9e43de4f1d2f39c,m1-pro-16gb-local,48000,1,aligned,0,0,1,0,64,8192,0.17971741841634115,1333.3333333333333,22.0,21.584,22.125,119.875,1.6500000000000001,8192,8192,10.922666666666666,0.0,21.322916666666668,,21.322916666666668
3aeff8d50243a034,core-float,analysis,analysis,float,2048,1024,64,4,throughput,steady,0,ns/engine-sample,85.55092663235135,82.00740814208984,91.39076932271321,3,9,1023,1023.5,-1,565780,565780,provider-specific or unknown; see evidence.json,0.00014317035675048828,2.15934702845581e-07,2.794693895227653e-07,0,per-run numerical report; see reference coverage,1023.0,1023.0,8bfc44b4d198b718646bae018716cf6641ea28264a9155447d929805084d6dac,m1-pro-16gb-local,48000,4,staggered,0,0,1,0,64,8192,0.4106444478352865,,,,,,,1,1,10.922666666666666,21.3125,21.322916666666668,,42.63541666666667
3aeff8d50243a034,fftw-ols-identity-double,chain,identity,double,2048,1024,64,1,callback,steady,0,ns/engine-sample,22.557747734917534,22.372037251790363,22.834773381551106,3,9,0,511.5,1023,180552,180552,provider-specific or unknown; see evidence.json,4.718447854656915e-16,unavailable,unavailable,unavailable,per-run numerical report; see reference coverage,63.0,63.0,8c2e729837cc0e2b55b8330cf53c48ca658c4703d9aaaf8e26d200cc177e0f8c,m1-pro-16gb-local,48000,1,aligned,0,0,1,0,64,8192,0.10827718912760417,1333.3333333333333,17.958,17.666,18.167,41.75,1.34685,8192,8192,10.922666666666666,0.0,10.65625,21.3125,
3aeff8d50243a034,pffft-ols-identity-float,chain,identity,float,2048,257,64,1,callback,steady,0,ns/engine-sample,42.661774143428445,42.05348167963683,43.004785282911804,3,9,0,128.0,256,84288,84288,provider-specific or unknown; see evidence.json,3.725290298461914e-07,unavailable,unavailable,unavailable,per-run numerical report; see reference coverage,0.0,63.0,8c56e9c88dd5b933f4e63c0e303cb427863bc4e3c1fbc661f668586ed46b1032,m1-pro-16gb-local,48000,1,aligned,0,0,1,0,64,2056,0.20477651588845652,1333.3333333333333,10.125,9.875,10.25,23.875,0.759375,2056,2056,2.7413333333333334,0.0,2.6666666666666665,5.333333333333333,
3aeff8d50243a034,vdsp-ols-fir-float,chain,fir,float,2048,1024,64,16,callback,steady,0,ns/engine-sample,235.77373462253146,233.23667081197104,237.26470120747885,3,9,0,511.5,1023,106816,106816,provider-specific or unknown; see evidence.json,2.0061301597706915e-07,unavailable,unavailable,unavailable,per-run numerical report; see reference coverage,63.0,63.0,8d2836fc546ff873ea045af810e6e08b512d5ceb01dab54a0e9d705b90f66abd,m1-pro-16gb-local,48000,16,staggered,0,0,1,0,64,8192,1.131713926188151,1333.3333333333333,16.0,15.875,16.0,97.541,1.2000000000000002,8192,8192,10.922666666666666,0.0,10.65625,21.3125,
3aeff8d50243a034,fftw-ols-fir-float,chain,fir,float,2048,1024,64,16,throughput,steady,0,ns/engine-sample,261.67844835917157,259.9690221150716,262.58704376220703,3,9,0,511.5,1023,90424,90424,provider-specific or unknown; see evidence.json,1.8128045553567063e-07,unavailable,unavailable,unavailable,per-run numerical report; see reference coverage,63.0,63.0,8d338b85f3442da94c3ac8c001bd6d5fdde826b8ce9f492ba4c9920718f51e29,m1-pro-16gb-local,48000,16,staggered,0,0,1,0,64,8192,1.2560565521240235,,,,,,,1,1,10.922666666666666,0.0,10.65625,21.3125,
3aeff8d50243a034,pffft-hybrid-float,analysis,analysis,float,2048,1024,64,16,callback,steady,0,ns/engine-sample,283.00764677259656,272.406795501709,288.6585464477539,3,9,1023,1023.5,-1,66184,66184,provider-specific or unknown; see evidence.json,6.103515625e-05,1.2019560717045903e-07,1.191954924079027e-07,0,per-run numerical report; see reference coverage,1023.0,1023.0,8d5a7e22d7339e3b5ab05036ceb84c335771c097aca0662681a042d1f54cd139,m1-pro-16gb-local,48000,16,staggered,0,0,1,0,64,8192,1.3584367045084635,1333.3333333333333,19.584,18.291,21.084,295.917,1.4688,8192,8192,10.922666666666666,21.3125,21.322916666666668,,42.63541666666667
3aeff8d50243a034,fftw-fft-double,transform,fft,double,16384,1024,64,1,complete,steady,0,ns/transform,134984.33311631944,133034.45182291666,136886.26920572916,3,9,0,0,-1,262240,262240,provider-specific or unknown; see evidence.json,6.1192893660731215e-09,unavailable,unavailable,unavailable,per-run numerical report; see reference coverage,unavailable,unavailable,8d5b26b435711861d87ba2d16cc835424a8b70eca721ef0d50ca91c2af8b64a5,m1-pro-16gb-local,48000,1,aligned,0,0,1,0,64,1024,,,,,,,,1024,1024,,0.0,0.0,,
3aeff8d50243a034,fftw-ols-fir-float,chain,fir,float,2048,1024,64,1,callback,steady,63,ns/engine-sample,17.232812033759224,17.107664744059246,17.32748794555664,3,9,0,511.5,1023,90424,90424,provider-specific or unknown; see evidence.json,1.8128045553567063e-07,unavailable,unavailable,unavailable,per-run numerical report; see reference coverage,62.0,62.0,8dce8aa3047b313afc7f6d5d4c39c41ed119c0a2300eb38b8b630ab7d94740b0,m1-pro-16gb-local,48000,1,aligned,0,0,1,0,64,8192,0.08271749776204428,1333.3333333333333,12.209,12.208,12.375,46.792,0.9156750000000001,8192,8192,10.922666666666666,0.0,10.65625,21.3125,
3aeff8d50243a034,fftw-analysis-double,analysis,analysis,double,16384,1024,64,1,throughput,steady,0,ns/engine-sample,72.58714569939508,71.94458134969075,73.01751772562663,3,9,0,8191.5,-1,787048,787048,provider-specific or unknown; see evidence.json,1.8189894035458565e-12,3.6758452903216344e-16,4.437932630125926e-16,0,per-run numerical report; see reference coverage,63.0,63.0,8dd8a51da3b26bd93bd4167e80612e5e755d27de7d5218d5b3616c0bab72b7e6,m1-pro-16gb-local,48000,1,aligned,0,0,1,0,64,8192,0.3484182993570964,,,,,,,1,1,10.922666666666666,0.0,170.65625,,170.65625
3aeff8d50243a034,pffft-ols-identity-float,chain,identity,float,2048,1024,64,1,callback,startup,0,ns/engine-sample,15.580718570285374,15.290239969889322,15.762331008911133,3,9,0,511.5,1023,90424,90424,provider-specific or unknown; see evidence.json,3.223614157832344e-07,unavailable,unavailable,unavailable,per-run numerical report; see reference coverage,63.0,63.0,8e22d9439d66f168aaefeab2d0fc9cd16e51ae71a0931a4108f1c630de252ad8,m1-pro-16gb-local,48000,1,aligned,0,0,1,0,64,8192,0.07478744913736979,1333.3333333333333,10.667,10.375,10.708,41.334,0.8000250000000001,8192,8192,10.922666666666666,0.0,10.65625,21.3125,
3aeff8d50243a034,fftw-analysis-float,analysis,analysis,float,2048,257,64,1,throughput,steady,0,ns/engine-sample,26.34797881539127,26.154610996271078,26.45965061608301,3,9,0,1023.5,-1,62032,62032,provider-specific or unknown; see evidence.json,9.1552734375e-05,1.2480637872939636e-07,1.7890490518487288e-07,0,per-run numerical report; see reference coverage,0.0,63.0,8e250110df4efc298cc192591e7879a64228b275b48d455d7e63bc139c1887da,m1-pro-16gb-local,48000,1,aligned,0,0,1,0,64,2056,0.12647029831387807,,,,,,,1,1,2.7413333333333334,0.0,21.322916666666668,,21.322916666666668
3aeff8d50243a034,pffft-hybrid-float,analysis,analysis,float,2048,257,64,1,throughput,steady,0,ns/engine-sample,62.56783415072417,61.997679555771725,63.25817728599222,3,9,256,1023.5,-1,63116,63116,provider-specific or unknown; see evidence.json,6.103515625e-05,1.1750411814622872e-07,1.1932655908502303e-07,0,per-run numerical report; see reference coverage,256.0,319.0,8fcdedce7f449be417137170739b6431769834d68d5cc710aef2eea920329675,m1-pro-16gb-local,48000,1,aligned,0,0,1,0,64,2056,0.300325603923476,,,,,,,1,1,2.7413333333333334,5.333333333333333,21.322916666666668,,26.65625
3aeff8d50243a034,vdsp-analysis-float,analysis,analysis,float,2048,1024,64,1,callback,startup,0,ns/engine-sample,10.216863420274523,9.658512751261393,10.74317741394043,3,9,0,1023.5,-1,70232,70232,provider-specific or unknown; see evidence.json,6.103515625e-05,1.4261480916057953e-07,3.2342269178884765e-07,0,per-run numerical report; see reference coverage,63.0,63.0,9060fb36025bd4b3949edb38c1091a9e7c97cceed0688421df20a1893ab1336c,m1-pro-16gb-local,48000,1,aligned,0,0,1,0,64,8192,0.049040944417317704,1333.3333333333333,4.833,4.75,4.834,43.459,0.36247500000000005,8192,8192,10.922666666666666,0.0,21.322916666666668,,21.322916666666668
3aeff8d50243a034,ols-identity-batch-float,chain,identity,float,2048,1024,64,16,callback,steady,0,ns/engine-sample,1250.52581553989,1195.811315536499,1280.771411259969,3,9,0,511.5,1023,164304,164304,provider-specific or unknown; see evidence.json,3.2098083124765253e-07,unavailable,unavailable,unavailable,per-run numerical report; see reference coverage,63.0,63.0,9064969b400be3b7cc76f4ea67cc7d6751eae3f9031e23ddf0b61d091079537c,m1-pro-16gb-local,48000,16,aligned,0,0,1,0,64,8192,6.002523914591471,1333.3333333333333,1161.0,1133.291,1163.042,1671.334,87.075,8192,8192,10.922666666666666,0.0,10.65625,21.3125,
3aeff8d50243a034,fftw-analysis4-float,analysis,analysis,float,16384,1024,64,4,callback,steady,0,ns/engine-sample,201.214722527398,198.3503589630127,205.07561747233072,3,9,0,8191.5,-1,1968488,1968488,provider-specific or unknown; see evidence.json,0.00048828125,1.4032947548751327e-07,1.1921739028840833e-07,0,per-run numerical report; see reference coverage,63.0,63.0,90c167168d174e38290c4700ce7386fcf302563a07a08928595a9439b1220d52,m1-pro-16gb-local,48000,1,aligned,0,0,1,0,64,8192,0.9658306681315103,1333.3333333333333,190.25,187.916,199.125,556.917,14.26875,8192,8192,10.922666666666666,0.0,170.65625,,170.65625
3aeff8d50243a034,pffft-ols-fir-float,chain,fir,float,2048,1024,64,16,throughput,steady,0,ns/engine-sample,312.63379690382214,309.32444953918457,315.4020303090413,3,9,0,511.5,1023,90424,90424,provider-specific or unknown; see evidence.json,1.5359765370703826e-07,unavailable,unavailable,unavailable,per-run numerical report; see reference coverage,63.0,63.0,911acbb9838a3087a60d713363f82d9e41537e47fe3801fccd9aaddaa2d7b78f,m1-pro-16gb-local,48000,16,aligned,0,0,1,0,64,8192,1.5006422251383462,,,,,,,1,1,10.922666666666666,0.0,10.65625,21.3125,
3aeff8d50243a034,ols-fir-batch-float,chain,fir,float,2048,1024,64,4,callback,steady,0,ns/engine-sample,344.57319407992895,299.46249707539874,384.72315470377606,3,9,0,511.5,1023,164304,164304,provider-specific or unknown; see evidence.json,1.5557269250621175e-07,unavailable,unavailable,unavailable,per-run numerical report; see reference coverage,63.0,63.0,917e2b42b925169e3cd1b57506084a3752c9f3930807549d1557f178048c985d,m1-pro-16gb-local,48000,4,aligned,0,0,1,0,64,8192,1.653951331583659,1333.3333333333333,288.125,285.875,289.583,976.083,21.609375,8192,8192,10.922666666666666,0.0,10.65625,21.3125,
3aeff8d50243a034,legacy-batch-double,analysis,analysis,double,4096,1024,64,1,callback,steady,0,ns/engine-sample,58.78396436903212,58.231736501057945,59.234008153279625,3,9,0,2047.5,-1,328256,328256,provider-specific or unknown; see evidence.json,2.2737367544323206e-13,3.71011878287106e-16,2.7776258686538934e-16,0,per-run numerical report; see reference coverage,63.0,63.0,91f9c28918959f1e76a37df8aad5085766ea357cbb044b76e53f3391b239a158,m1-pro-16gb-local,48000,1,aligned,0,1,1,0,64,8192,0.28216302897135415,1333.3333333333333,55.584,54.791,55.709,81.375,4.1688,8192,8192,10.922666666666666,0.0,42.65625,,42.65625
3aeff8d50243a034,ols-fir-batch-float,chain,fir,float,2048,1024,64,16,throughput,steady,0,ns/engine-sample,1210.1909408569336,1196.1132418314617,1227.0541458129883,3,9,0,511.5,1023,164304,164304,provider-specific or unknown; see evidence.json,1.5557269250621175e-07,unavailable,unavailable,unavailable,per-run numerical report; see reference coverage,63.0,63.0,931f2986a98fd186c0a0c5401c87263f4e1ab28945b5f3bb171e80e0c6f892d7,m1-pro-16gb-local,48000,16,aligned,0,0,1,0,64,8192,5.808916516113281,,,,,,,1,1,10.922666666666666,0.0,10.65625,21.3125,
3aeff8d50243a034,vdsp-analysis-float,analysis,analysis,float,2048,1024,64,4,callback,steady,0,ns/engine-sample,38.384873708089195,38.04483985900879,38.617286682128906,3,9,0,1023.5,-1,70232,70232,provider-specific or unknown; see evidence.json,6.103515625e-05,1.4261480916057953e-07,1.1945004482661556e-07,0,per-run numerical report; see reference coverage,63.0,63.0,93da7899178673a9e2077b6efbfe98ad89aa4933ad6a14d3a3e7a95d500db2d2,m1-pro-16gb-local,48000,4,aligned,0,0,1,0,64,8192,0.18424739379882812,1333.3333333333333,21.667,21.209,21.875,73.75,1.625025,8192,8192,10.922666666666666,0.0,21.322916666666668,,21.322916666666668
3aeff8d50243a034,ols-identity-incremental-float,chain,identity,float,2048,1024,64,1,callback,steady,0,ns/engine-sample,205.4761411878798,201.59196790059408,210.7334098815918,3,9,1023,511.5,2046,164304,164304,provider-specific or unknown; see evidence.json,3.2098083124765253e-07,unavailable,unavailable,unavailable,per-run numerical report; see reference coverage,1023.0,1023.0,94097b5560c45252b0d03ebdabeb53d4e6e21b1f085671c00a59cd5f85ab45b1,m1-pro-16gb-local,48000,1,aligned,64,0,1,0,64,8192,0.9862854777018231,1333.3333333333333,16.584,16.208,17.375,81.791,1.2438000000000002,8192,8192,10.922666666666666,21.3125,10.65625,42.625,
3aeff8d50243a034,fftw-inverse-float,inverse-job,inverse,float,2048,1024,64,1,callback,steady,1,ns/engine-sample,9.532238642374674,9.440525690714518,9.618593215942383,3,9,0,0,-1,82184,82184,provider-specific or unknown; see evidence.json,1.3328003944934608e-07,unavailable,unavailable,unavailable,per-run numerical report; see reference coverage,0.0,0.0,9419bf142db8866f8c89fa7dce72e8ca8599ca47070206dc76cb07d014c9cb6b,m1-pro-16gb-local,48000,1,aligned,0,0,1,0,64,8192,0.04575474548339844,1333.3333333333333,4.959,4.958,5.0,79.833,0.371925,8192,8192,10.922666666666666,0.0,0.0,,
3aeff8d50243a034,fftw-analysis-float,analysis,analysis,float,2048,1024,64,1,callback,steady,1,ns/engine-sample,10.697628021240234,10.611806869506836,10.778577168782553,3,9,0,1023.5,-1,62032,62032,provider-specific or unknown; see evidence.json,0.0001220703125,1.6833401972470574e-07,2.3817976355656692e-07,0,per-run numerical report; see reference coverage,0.0,0.0,9498f229c937976e97a36e08e544874806017fbe7aea080a7473035a05df23cb,m1-pro-16gb-local,48000,1,aligned,0,0,1,0,64,8192,0.051348614501953126,1333.3333333333333,5.834,5.75,5.875,27.25,0.43755,8192,8192,10.922666666666666,0.0,21.322916666666668,,21.322916666666668
3aeff8d50243a034,legacy-incremental-float,analysis,analysis,float,2048,1024,64,1,callback,steady,63,ns/engine-sample,22.071718215942383,21.85982894897461,22.284279505411785,3,9,1023,1023.5,-1,90712,90712,provider-specific or unknown; see evidence.json,0.00014317035675048828,2.15934702845581e-07,2.794693895227653e-07,0,per-run numerical report; see reference coverage,1086.0,1086.0,94d2946decad5b03ac35c5c2e0f242d79d168e3a816f0c89d29eed6ea6ad4234,m1-pro-16gb-local,48000,1,aligned,0,0,1,0,64,8192,0.10594424743652343,1333.3333333333333,6.75,6.625,6.792,33.625,0.50625,8192,8192,10.922666666666666,21.3125,21.322916666666668,,42.63541666666667
3aeff8d50243a034,ols-identity-incremental-double,chain,identity,double,2048,1024,64,1,throughput,steady,0,ns/engine-sample,87.00655153062608,76.40703582763672,106.05173619588216,3,9,1023,511.5,2046,295392,295392,provider-specific or unknown; see evidence.json,5.881301029635769e-16,unavailable,unavailable,unavailable,per-run numerical report; see reference coverage,1023.0,1023.0,94ec5a4ac26d133edd65709fdafafb523286f92871f3d1cb780328de14f91603,m1-pro-16gb-local,48000,1,aligned,0,0,1,0,64,8192,0.41763144734700525,,,,,,,1,1,10.922666666666666,21.3125,10.65625,42.625,
3aeff8d50243a034,inverse-stream-batch-double,inverse-job,inverse,double,16384,1024,64,1,throughput,steady,0,ns/engine-sample,409.09120750427246,403.9594326019287,413.1234753926595,3,9,0,0,-1,2097488,2097488,provider-specific or unknown; see evidence.json,3.433175098891678e-15,unavailable,unavailable,unavailable,per-run numerical report; see reference coverage,63.0,63.0,9563ca04b5b4c08a73961111cc873d667f5511379152aa8fe90502f361710bb1,m1-pro-16gb-local,48000,1,aligned,0,0,1,0,64,8192,1.9636377960205078,,,,,,,1,1,10.922666666666666,0.0,0.0,,
3aeff8d50243a034,pffft-scheduled-batch-float,analysis,analysis,float,2048,1024,64,4,throughput,steady,0,ns/engine-sample,80.10259373982747,75.45818201700847,89.14542198181152,3,9,0,1023.5,-1,66184,66184,provider-specific or unknown; see evidence.json,6.103515625e-05,1.2019560717045903e-07,1.191954924079027e-07,0,per-run numerical report; see reference coverage,63.0,63.0,95ace4eec5a6118a1e9c479b24777cfa6173fc45a1e1a5cf7db0e2cb152be683,m1-pro-16gb-local,48000,4,aligned,0,0,1,0,64,8192,0.3844924499511719,,,,,,,1,1,10.922666666666666,0.0,21.322916666666668,,21.322916666666668
3aeff8d50243a034,vdsp-inverse-float,inverse-job,inverse,float,2048,1024,64,1,throughput,startup,0,ns/engine-sample,8.564003838433159,8.396069208780924,8.658646901448568,3,9,0,0,-1,98576,98576,provider-specific or unknown; see evidence.json,1.2287812012345967e-07,unavailable,unavailable,unavailable,per-run numerical report; see reference coverage,63.0,63.0,95c03647ec6b6426bf0f7d1b4b9156170536db2d29bf48696ae9ecc0cdfb34c8,m1-pro-16gb-local,48000,1,aligned,0,0,1,0,64,8192,0.04110721842447916,,,,,,,1,1,10.922666666666666,0.0,0.0,,
3aeff8d50243a034,legacy-batch-float,analysis,analysis,float,2048,1024,64,1,callback,steady,0,ns/engine-sample,24.278112199571396,23.88139279683431,24.709577560424805,3,9,0,1023.5,-1,90680,90680,provider-specific or unknown; see evidence.json,0.00014317035675048828,2.15934702845581e-07,2.794693895227653e-07,0,per-run numerical report; see reference coverage,63.0,63.0,9671277882ca2ee1f2dc7f52462606872278b6a717759b6574bb656c747c5e8c,m1-pro-16gb-local,96000,1,aligned,0,0,1,0,64,8192,0.2330698771158854,666.6666666666666,19.875,19.542,20.292,47.333,2.98125,8192,8192,5.461333333333333,0.0,10.661458333333334,,10.661458333333334
3aeff8d50243a034,pffft-inverse-float,inverse-job,inverse,float,2048,1024,64,1,throughput,steady,0,ns/engine-sample,8.948616875542534,8.841116587320963,9.033732096354166,3,9,0,0,-1,82184,82184,provider-specific or unknown; see evidence.json,1.884864389012364e-07,unavailable,unavailable,unavailable,per-run numerical report; see reference coverage,63.0,63.0,9683a76291d66a6b1d13e485ca09491113d496762d559b7d526594fa1365d72c,m1-pro-16gb-local,96000,1,aligned,0,0,1,0,64,8192,0.08590672200520832,,,,,,,1,1,5.461333333333333,0.0,0.0,,
3aeff8d50243a034,pffft-analysis-float,analysis,analysis,float,2048,1024,64,1,throughput,steady,0,ns/engine-sample,95.78618261549208,94.42080370585124,97.87262725830078,3,9,0,1023.5,-1,62032,62032,provider-specific or unknown; see evidence.json,6.103515625e-05,1.2019560717045903e-07,1.191954924079027e-07,0,per-run numerical report; see reference coverage,63.0,63.0,96f1b80868777aeaada260630715c73eb2ef2551d79da8b269afb626c507bb49,m1-pro-16gb-local,48000,1,aligned,64,0,1,0,64,8192,0.459773676554362,,,,,,,1,1,10.922666666666666,0.0,21.322916666666668,,21.322916666666668
3aeff8d50243a034,pffft-inverse-float,inverse-job,inverse,float,2048,1024,64,1,callback,steady,1,ns/engine-sample,8.74875979953342,8.571004867553711,8.881008783976236,3,9,0,0,-1,82184,82184,provider-specific or unknown; see evidence.json,1.884864389012364e-07,unavailable,unavailable,unavailable,per-run numerical report; see reference coverage,0.0,0.0,9764e71335aea5bdbd56b376716095e97b8827d047584fcf125dec9c0818ebd1,m1-pro-16gb-local,48000,1,aligned,0,0,1,0,64,8192,0.04199404703776042,1333.3333333333333,4.208,4.125,4.209,33.75,0.31560000000000005,8192,8192,10.922666666666666,0.0,0.0,,
3aeff8d50243a034,ifft-double,transform,ifft,double,2048,1024,64,1,complete,steady,0,ns/transform,34099.98122829861,33477.648763020836,34937.741861979164,3,9,0,0,-1,98440,98440,provider-specific or unknown; see evidence.json,5.4991559408964847e-14,unavailable,unavailable,unavailable,per-run numerical report; see reference coverage,unavailable,unavailable,9784292880df6410e38734c4191bf0111b2d407a3ec50c8f395fb7df4e4bd5fa,m1-pro-16gb-local,48000,1,aligned,0,0,1,0,64,1024,,,,,,,,1024,1024,,0.0,0.0,,
3aeff8d50243a034,legacy-incremental-float,analysis,analysis,float,2048,1024,64,4,throughput,steady,0,ns/engine-sample,96.23584916856554,93.11593882242839,100.97214889526367,3,9,1023,1023.5,-1,90712,90712,provider-specific or unknown; see evidence.json,0.00014317035675048828,2.15934702845581e-07,2.794693895227653e-07,0,per-run numerical report; see reference coverage,1023.0,1023.0,97c04318d17ca9998b7ed1ded81e6cffa4dc6f3196ab3f4eef583c5806ce4541,m1-pro-16gb-local,48000,4,staggered,0,0,1,0,64,8192,0.46193207600911457,,,,,,,1,1,10.922666666666666,21.3125,21.322916666666668,,42.63541666666667
3aeff8d50243a034,ols-fir-incremental-float,chain,fir,float,2048,257,64,1,callback,steady,0,ns/engine-sample,280.19769374189366,277.41866792315176,283.04612262889106,3,9,256,128.0,512,152032,152032,provider-specific or unknown; see evidence.json,1.5840151945667458e-07,unavailable,unavailable,unavailable,per-run numerical report; see reference coverage,256.0,319.0,97c68b752a3ce23125b2b6b0e48ee1c8ed20aea068df9e5fed39a4fec4c5e1a3,m1-pro-16gb-local,48000,1,aligned,0,0,1,0,64,2056,1.3449489299610895,1333.3333333333333,21.875,21.75,24.5,66.959,1.640625,2056,2056,2.7413333333333334,5.333333333333333,2.6666666666666665,10.666666666666666,
3aeff8d50243a034,vdsp-analysis-float,analysis,analysis,float,2048,1024,64,4,throughput,steady,0,ns/engine-sample,38.570244471232094,38.37717882792155,38.848955154418945,3,9,0,1023.5,-1,70232,70232,provider-specific or unknown; see evidence.json,6.103515625e-05,1.4261480916057953e-07,1.1945004482661556e-07,0,per-run numerical report; see reference coverage,63.0,63.0,97e44c4ee18b296c43c93866a8b9593c2479480827885614d9f6e2a2831de660,m1-pro-16gb-local,48000,4,staggered,0,0,1,0,64,8192,0.18513717346191405,,,,,,,1,1,10.922666666666666,0.0,21.322916666666668,,21.322916666666668
3aeff8d50243a034,fftw-ifft-double,transform,ifft,double,16384,1024,64,1,complete,steady,0,ns/transform,134997.2673611111,133365.33854166666,136415.939453125,3,9,0,0,-1,262240,262240,provider-specific or unknown; see evidence.json,3.7661781862919494e-13,unavailable,unavailable,unavailable,per-run numerical report; see reference coverage,unavailable,unavailable,982640ea8855a0f151c0cf1107c2423449a3a928412c7046a4ffd23a8ec1bd6b,m1-pro-16gb-local,48000,1,aligned,0,0,1,0,64,1024,,,,,,,,1024,1024,,0.0,0.0,,
3aeff8d50243a034,legacy-incremental-float,analysis,analysis,float,2048,1024,64,1,callback,steady,1,ns/engine-sample,22.293397267659504,22.26353581746419,22.322804133097332,3,9,1023,1023.5,-1,90712,90712,provider-specific or unknown; see evidence.json,0.00014317035675048828,2.15934702845581e-07,2.794693895227653e-07,0,per-run numerical report; see reference coverage,1024.0,1024.0,9867f3f81acc100df335bd175fd78f463d994e8b52df1c6667482ef1f5de5ed7,m1-pro-16gb-local,48000,1,aligned,0,0,1,0,64,8192,0.10700830688476562,1333.3333333333333,6.708,6.625,6.709,28.959,0.5031,8192,8192,10.922666666666666,21.3125,21.322916666666668,,42.63541666666667
3aeff8d50243a034,fftw-inverse-double,inverse-job,inverse,double,4096,1024,64,1,callback,steady,0,ns/engine-sample,21.88519838121202,21.608405431111652,22.0704771677653,3,9,0,0,-1,327944,327944,provider-specific or unknown; see evidence.json,3.332634513908225e-15,unavailable,unavailable,unavailable,per-run numerical report; see reference coverage,63.0,63.0,987d115e69186c8360042aa4c35d24602fc99e639df10e97b7ace97bdbbe00ba,m1-pro-16gb-local,48000,1,aligned,0,0,1,0,64,8192,0.1050489522298177,1333.3333333333333,17.75,17.417,18.042,42.333,1.33125,8192,8192,10.922666666666666,0.0,0.0,,
3aeff8d50243a034,fftw-inverse-float,inverse-job,inverse,float,2048,1024,64,1,callback,startup,0,ns/engine-sample,9.516597112019857,9.366832733154297,9.592170079549154,3,9,0,0,-1,82184,82184,provider-specific or unknown; see evidence.json,1.3328003944934608e-07,unavailable,unavailable,unavailable,per-run numerical report; see reference coverage,63.0,63.0,9887efbe71f3907ceae7972222be1e2f2c8315724d65f37368aad9d1d5160869,m1-pro-16gb-local,48000,1,aligned,0,0,1,0,64,8192,0.045679666137695314,1333.3333333333333,5.042,4.917,5.084,42.25,0.37815,8192,8192,10.922666666666666,0.0,0.0,,
3aeff8d50243a034,ols-fir-batch-double,chain,fir,double,16384,1024,64,1,callback,steady,0,ns/engine-sample,792.1937736935085,767.6333281199137,836.5963172912598,3,9,0,511.5,1023,2130400,2130400,provider-specific or unknown; see evidence.json,2.8186454099711016e-16,unavailable,unavailable,unavailable,per-run numerical report; see reference coverage,63.0,63.0,98eb33be59a9abf695b7e7909e75164889610ed25d7f88f824b123c44cae67d6,m1-pro-16gb-local,48000,1,aligned,0,0,1,0,64,8192,3.8025301137288414,1333.3333333333333,784.416,782.166,785.875,4325.291,58.83120000000001,8192,8192,10.922666666666666,0.0,10.65625,21.3125,
3aeff8d50243a034,inverse-stream-batch-float,inverse-job,inverse,float,2048,1024,64,16,throughput,steady,0,ns/engine-sample,629.4221791161431,601.8913580576578,669.3331667582194,3,9,0,0,-1,139600,139600,provider-specific or unknown; see evidence.json,4.053554221172817e-07,unavailable,unavailable,unavailable,per-run numerical report; see reference coverage,63.0,63.0,992f0e9ba84310743768719791633f81e924baae38b86d472a8668f785518044,m1-pro-16gb-local,48000,16,aligned,0,0,1,0,64,8192,3.0212264597574867,,,,,,,1,1,10.922666666666666,0.0,0.0,,
3aeff8d50243a034,ols-fir-incremental-double,chain,fir,double,2048,1024,64,1,callback,steady,0,ns/engine-sample,78.04859966701932,76.94668261210124,79.84290504455566,3,9,1023,511.5,2046,295392,295392,provider-specific or unknown; see evidence.json,2.482534153247273e-16,unavailable,unavailable,unavailable,per-run numerical report; see reference coverage,1023.0,1023.0,99fd8a058672fd7f7e08f36c5631f2193affd2836b4bd4aadf0810080dd84c55,m1-pro-16gb-local,48000,1,aligned,0,0,1,0,64,8192,0.37463327840169275,1333.3333333333333,9.291,9.167,9.583,114.666,0.696825,8192,8192,10.922666666666666,21.3125,10.65625,42.625,
3aeff8d50243a034,inverse-stream-incremental-float,inverse-job,inverse,float,2048,1024,64,1,throughput,startup,0,ns/engine-sample,36.07660738627116,35.416046778361,36.61754353841146,3,9,1023,0,-1,139600,139600,provider-specific or unknown; see evidence.json,4.053554221172817e-07,unavailable,unavailable,unavailable,per-run numerical report; see reference coverage,1023.0,1023.0,9a45c2bfd49e15eb77c3f0f5341ab930be24f34d77068ffc5d616dbfb8e6b4f9,m1-pro-16gb-local,48000,1,aligned,0,0,1,0,64,8192,0.17316771545410156,,,,,,,1,1,10.922666666666666,21.3125,0.0,,
3aeff8d50243a034,fftw-inverse-double,inverse-job,inverse,double,2048,1024,64,1,callback,steady,0,ns/engine-sample,12.159455405341255,11.900644302368164,12.314861297607422,3,9,0,0,-1,164104,164104,provider-specific or unknown; see evidence.json,3.3661002731378914e-15,unavailable,unavailable,unavailable,per-run numerical report; see reference coverage,63.0,63.0,9af16c96ac37444ae44b57457eb3e4a0cb56c9a9e0267cf77e098a924733e427,m1-pro-16gb-local,48000,1,aligned,0,0,1,0,64,8192,0.058365385945638025,1333.3333333333333,7.709,7.583,7.833,24.0,0.578175,8192,8192,10.922666666666666,0.0,0.0,,
3aeff8d50243a034,vdsp-inverse-float,inverse-job,inverse,float,2048,257,64,1,callback,steady,0,ns/engine-sample,17.557479970546908,16.967468182555123,17.8687099748703,3,9,0,0,-1,98576,98576,provider-specific or unknown; see evidence.json,1.2287812012345967e-07,unavailable,unavailable,unavailable,per-run numerical report; see reference coverage,0.0,63.0,9b1aba6c06c0b30085fb1d87a898095b73311cbb00ba7af0020c5e7555d904c6,m1-pro-16gb-local,48000,1,aligned,0,0,1,0,64,2056,0.08427590385862516,1333.3333333333333,3.5,3.459,3.5,19.291,0.2625,2056,2056,2.7413333333333334,0.0,0.0,,
3aeff8d50243a034,legacy-batch-float,analysis,analysis,float,2048,1024,64,4,throughput,steady,0,ns/engine-sample,91.46224127875433,90.66528701782227,91.92260106404622,3,9,0,1023.5,-1,90680,90680,provider-specific or unknown; see evidence.json,0.00014317035675048828,2.15934702845581e-07,2.794693895227653e-07,0,per-run numerical report; see reference coverage,63.0,63.0,9b4d7e2c4e7a00ae183fb729512a7ff5bacb60f42d9b01ec567e5e4db8b425cf,m1-pro-16gb-local,48000,4,staggered,0,0,1,0,64,8192,0.4390187581380208,,,,,,,1,1,10.922666666666666,0.0,21.322916666666668,,21.322916666666668
3aeff8d50243a034,legacy-incremental-float,analysis,analysis,float,2048,1024,64,1,throughput,steady,0,ns/engine-sample,24.13173951043023,21.798478444417317,27.803314844767254,3,9,1023,1023.5,-1,90712,90712,provider-specific or unknown; see evidence.json,0.00014317035675048828,2.15934702845581e-07,2.794693895227653e-07,0,per-run numerical report; see reference coverage,1023.0,1023.0,9b744ccb3fb639bb642b91c2eed650c7c2a465407191f9ac50a5cc8b379752fb,m1-pro-16gb-local,48000,1,aligned,0,0,1,32,64,8192,0.11583234965006511,,,,,,,1,1,10.922666666666666,21.3125,21.322916666666668,,42.63541666666667
3aeff8d50243a034,core-independent4-simd,analysis,analysis,float,2048,1024,64,4,callback,steady,0,ns/engine-sample,31.651645872328018,28.730946222941082,36.75385411580404,3,9,1023,1023.5,-1,1278552,1278552,provider-specific or unknown; see evidence.json,9.1552734375e-05,1.905761057758214e-07,2.3848573008709736e-07,0,per-run numerical report; see reference coverage,1023.0,1023.0,9be93d37124a38dff11e7c546a984b03c2468a2c1bf52ccd77a01623bd1aa9be,m1-pro-16gb-local,48000,1,aligned,0,1,1,0,64,8192,0.15192790018717447,1333.3333333333333,2.5,2.5,2.542,1486.75,0.1875,8192,8192,10.922666666666666,21.3125,21.322916666666668,,42.63541666666667
3aeff8d50243a034,fftw-fft-double,transform,fft,double,2048,1024,64,1,complete,steady,0,ns/transform,7170.1494140625,7069.881184895833,7240.751302083333,3,9,0,0,-1,32864,32864,provider-specific or unknown; see evidence.json,1.0791057098399186e-10,unavailable,unavailable,unavailable,per-run numerical report; see reference coverage,unavailable,unavailable,9c0828850f0fe768a476ffb85b86ed9976e7167bdec35b6c8dbb02af58ce1e7f,m1-pro-16gb-local,48000,1,aligned,0,0,1,0,64,1024,,,,,,,,1024,1024,,0.0,0.0,,
3aeff8d50243a034,core-independent4-simd,analysis,analysis,float,2048,1024,64,4,throughput,steady,0,ns/engine-sample,26.300677405463325,25.82351303100586,26.636494318644207,3,9,1023,1023.5,-1,1278552,1278552,provider-specific or unknown; see evidence.json,0.00015050172805786133,2.5872356094212497e-07,2.9382413314372786e-07,0,per-run numerical report; see reference coverage,1023.0,1023.0,9c1476133d47742289d742309145b67808a042c34df336ce2e953f3523426aa5,m1-pro-16gb-local,48000,1,aligned,0,0,1,0,64,8192,0.12624325154622396,,,,,,,1,1,10.922666666666666,21.3125,21.322916666666668,,42.63541666666667
3aeff8d50243a034,fftw-ols-identity-float,chain,identity,float,2048,1024,64,1,throughput,startup,0,ns/engine-sample,17.62966749403212,17.078531901041668,18.600358327229817,3,9,0,511.5,1023,90424,90424,provider-specific or unknown; see evidence.json,3.157499577355338e-07,unavailable,unavailable,unavailable,per-run numerical report; see reference coverage,63.0,63.0,9c25f58e9fa471373e7c0a81e35c4c24be5b09012e2dee1f22eef76f5a0f4e67,m1-pro-16gb-local,48000,1,aligned,0,0,1,0,64,8192,0.08462240397135418,,,,,,,1,1,10.922666666666666,0.0,10.65625,21.3125,
3aeff8d50243a034,pffft-analysis4-float,analysis,analysis,float,4096,1024,64,4,callback,steady,0,ns/engine-sample,56.10479397243924,52.33376375834147,62.936549504597984,3,9,0,2047.5,-1,493928,493928,provider-specific or unknown; see evidence.json,0.000244140625,1.8801844052971052e-07,2.383212460769344e-07,0,per-run numerical report; see reference coverage,63.0,63.0,9cf51dd984dbe287577d96a30904d7505b57f855e1257c149fa82d62c9a1aa13,m1-pro-16gb-local,48000,1,aligned,0,0,1,0,64,8192,0.2693030110677084,1333.3333333333333,39.083,38.167,40.0,138.875,2.9312250000000004,8192,8192,10.922666666666666,0.0,42.65625,,42.65625
3aeff8d50243a034,fftw-ols-fir-float,chain,fir,float,2048,1024,64,1,callback,steady,0,ns/engine-sample,102.838713116116,101.8474947611491,103.87888971964519,3,9,0,511.5,1023,90424,90424,provider-specific or unknown; see evidence.json,1.8128045553567063e-07,unavailable,unavailable,unavailable,per-run numerical report; see reference coverage,63.0,63.0,9d4a8a8e8fdf449b533afccf867a7fb532dcfb49d193f45235297e3bb27b5a63,m1-pro-16gb-local,48000,1,aligned,64,0,1,0,64,8192,0.49362582295735674,1333.3333333333333,17.875,17.625,18.0,37.417,1.3406250000000002,8192,8192,10.922666666666666,0.0,10.65625,21.3125,
3aeff8d50243a034,core-independent4-float,analysis,analysis,float,4096,1024,64,4,throughput,steady,0,ns/engine-sample,147.0622043609619,141.31209564208984,156.20146814982095,3,9,1023,2047.5,-1,2279544,2279544,provider-specific or unknown; see evidence.json,0.0002943277359008789,2.6916497681029957e-07,2.8760977267077544e-07,0,per-run numerical report; see reference coverage,1023.0,1023.0,9d9e82ad8d78225b57e3d866090713f91d42854e45cd792cbdff933599f1869a,m1-pro-16gb-local,48000,1,aligned,0,0,1,0,64,8192,0.7058985809326171,,,,,,,1,1,10.922666666666666,21.3125,42.65625,,63.96875
3aeff8d50243a034,pffft-ols-fir-float,chain,fir,float,2048,1024,64,1,callback,steady,0,ns/engine-sample,100.69516944885254,99.79708989461263,101.1957524617513,3,9,0,511.5,1023,90424,90424,provider-specific or unknown; see evidence.json,1.5359765370703826e-07,unavailable,unavailable,unavailable,per-run numerical report; see reference coverage,63.0,63.0,9e6080e8702cc3ca9217f72e64f2c372ad63dc968f13addf2a310e3431f4b645,m1-pro-16gb-local,48000,1,aligned,64,0,1,0,64,8192,0.4833368133544922,1333.3333333333333,16.291,15.916,16.416,34.667,1.221825,8192,8192,10.922666666666666,0.0,10.65625,21.3125,
3aeff8d50243a034,fftw-ols-fir-double,chain,fir,double,4096,1024,64,1,throughput,steady,0,ns/engine-sample,66.40513737996419,43.748379389444985,111.05198287963867,3,9,0,511.5,1023,344392,344392,provider-specific or unknown; see evidence.json,1.9736244101964245e-16,unavailable,unavailable,unavailable,per-run numerical report; see reference coverage,63.0,63.0,9e9025ebc580c3e5f19e8abd77548ec897f75ec926f37f9703c35df421827331,m1-pro-16gb-local,48000,1,aligned,0,0,1,0,64,8192,0.3187446594238281,,,,,,,1,1,10.922666666666666,0.0,10.65625,21.3125,
3aeff8d50243a034,pffft-ols-fir-float,chain,fir,float,2048,1024,64,4,callback,steady,0,ns/engine-sample,58.878992504543724,58.7378044128418,59.12452952067057,3,9,0,511.5,1023,90424,90424,provider-specific or unknown; see evidence.json,1.5359765370703826e-07,unavailable,unavailable,unavailable,per-run numerical report; see reference coverage,63.0,63.0,9ecb3ccdbe64dfb79ab9b386f778edd211388ef93fd46fde78c1b834e48c1d1a,m1-pro-16gb-local,48000,4,aligned,0,0,1,0,64,8192,0.28261916402180987,1333.3333333333333,43.292,42.959,43.417,64.333,3.2469,8192,8192,10.922666666666666,0.0,10.65625,21.3125,
3aeff8d50243a034,vdsp-ols-identity-float,chain,identity,float,2048,1024,64,16,throughput,steady,0,ns/engine-sample,269.91245460510254,259.49621136983234,282.1077512105306,3,9,0,511.5,1023,106816,106816,provider-specific or unknown; see evidence.json,3.9384264027830795e-07,unavailable,unavailable,unavailable,per-run numerical report; see reference coverage,63.0,63.0,9f3a549487c2297fc2ea624cefcc3c287657a5afe6a732c90f2f72335eab01ae,m1-pro-16gb-local,48000,16,aligned,0,0,1,0,64,8192,1.295579782104492,,,,,,,1,1,10.922666666666666,0.0,10.65625,21.3125,
3aeff8d50243a034,legacy-batch-float,analysis,analysis,float,2048,1024,64,1,callback,steady,0,ns/engine-sample,29.299943712022568,29.12096405029297,29.643901824951172,3,9,0,1023.5,-1,90680,90680,provider-specific or unknown; see evidence.json,0.00014317035675048828,2.15934702845581e-07,2.794693895227653e-07,0,per-run numerical report; see reference coverage,63.0,63.0,9f99e479aaedd1629f42936906bea2d7f56fc7cec63f0102c12d784c5623e8f0,m1-pro-16gb-local,48000,1,aligned,0,0,1,32,64,8192,0.14063972981770834,1333.3333333333333,22.334,22.083,22.834,184.875,1.6750500000000001,8192,8192,10.922666666666666,0.0,21.322916666666668,,21.322916666666668
3aeff8d50243a034,legacy-incremental-double,analysis,analysis,double,2048,1024,64,1,callback,steady,0,ns/engine-sample,29.251472685072155,28.901506423950195,29.441766103108723,3,9,1023,1023.5,-1,164448,164448,provider-specific or unknown; see evidence.json,1.7053025658242404e-13,3.61715475006514e-16,4.162828984679217e-16,0,per-run numerical report; see reference coverage,1023.0,1023.0,a01ceaa613be6d486feb3b774687199e6e7627895f69e868ec6bcf4e577167ae,m1-pro-16gb-local,48000,1,aligned,0,1,1,0,64,8192,0.14040706888834634,1333.3333333333333,10.791,10.75,10.958,42.916,0.809325,8192,8192,10.922666666666666,21.3125,21.322916666666668,,42.63541666666667
3aeff8d50243a034,vdsp-ols-identity-float,chain,identity,float,2048,1024,64,1,callback,startup,0,ns/engine-sample,15.557514402601454,14.002679824829102,17.647153854370117,3,9,0,511.5,1023,106816,106816,provider-specific or unknown; see evidence.json,3.9384264027830795e-07,unavailable,unavailable,unavailable,per-run numerical report; see reference coverage,63.0,63.0,a02cea297e6cb3b6da6d82616f38c0171983798b23fe19d92be01c51741f7b81,m1-pro-16gb-local,48000,1,aligned,0,0,1,0,64,8192,0.07467606913248698,1333.3333333333333,9.0,8.875,9.0,29.209,0.675,8192,8192,10.922666666666666,0.0,10.65625,21.3125,
3aeff8d50243a034,legacy-batch-double,analysis,analysis,double,16384,1024,64,1,callback,steady,0,ns/engine-sample,243.60898950364856,241.30682690938315,244.9446652730306,3,9,0,8191.5,-1,1311296,1311296,provider-specific or unknown; see evidence.json,9.094947017729282e-13,4.327177849018965e-16,2.776044068802886e-16,0,per-run numerical report; see reference coverage,63.0,63.0,a07977ac9b38ff31eb4229591338de250450751bd851e67956278a2790f9acd8,m1-pro-16gb-local,48000,1,aligned,0,1,1,0,64,8192,1.1693231496175132,1333.3333333333333,245.75,244.583,249.375,404.417,18.431250000000002,8192,8192,10.922666666666666,0.0,170.65625,,170.65625
3aeff8d50243a034,fftw-ols-fir-double,chain,fir,double,4096,1024,64,1,callback,steady,0,ns/engine-sample,46.01648775736491,43.560336430867515,50.08788299560547,3,9,0,511.5,1023,344392,344392,provider-specific or unknown; see evidence.json,1.9736244101964245e-16,unavailable,unavailable,unavailable,per-run numerical report; see reference coverage,63.0,63.0,a082f470fd02bdb8e38113082c2756e0d05334f2b7873c8c2e4758bf43943f2e,m1-pro-16gb-local,48000,1,aligned,0,0,1,0,64,8192,0.22087914123535157,1333.3333333333333,39.875,39.792,40.375,411.75,2.990625,8192,8192,10.922666666666666,0.0,10.65625,21.3125,
3aeff8d50243a034,inverse-stream-incremental-float,inverse-job,inverse,float,2048,1024,64,16,callback,steady,0,ns/engine-sample,629.6882300906711,618.9500102996826,636.8918615976969,3,9,1023,0,-1,139600,139600,provider-specific or unknown; see evidence.json,4.053554221172817e-07,unavailable,unavailable,unavailable,per-run numerical report; see reference coverage,1023.0,1023.0,a08ae3140e53b07ff62f1cd77fe72fad49c9123f01359c1a112e53d9a8d10efc,m1-pro-16gb-local,48000,16,aligned,0,0,1,0,64,8192,3.0225035044352215,1333.3333333333333,85.542,83.833,86.167,241.25,6.415650000000001,8192,8192,10.922666666666666,21.3125,0.0,,
3aeff8d50243a034,vdsp-analysis-float,analysis,analysis,float,2048,1024,64,1,callback,steady,63,ns/engine-sample,10.420661290486654,10.178726196289062,10.745292027791342,3,9,0,1023.5,-1,70232,70232,provider-specific or unknown; see evidence.json,6.103515625e-05,1.4261480916057953e-07,1.1945004482661556e-07,0,per-run numerical report; see reference coverage,62.0,62.0,a0f3c2e2cdc0b52acf8bea5958c122e32a7df03baad5bd76d19fd1c865ec5439,m1-pro-16gb-local,48000,1,aligned,0,0,1,0,64,8192,0.050019174194335936,1333.3333333333333,5.041,4.792,5.791,24.959,0.37807500000000005,8192,8192,10.922666666666666,0.0,21.322916666666668,,21.322916666666668
3aeff8d50243a034,vdsp-ols-fir-double,chain,fir,double,2048,1024,64,1,callback,steady,0,ns/engine-sample,18.80132399664985,18.575353622436523,18.97819455464681,3,9,0,511.5,1023,213328,213328,provider-specific or unknown; see evidence.json,2.498001805406602e-16,unavailable,unavailable,unavailable,per-run numerical report; see reference coverage,63.0,63.0,a195e6009a9f59978337427cd354ce619872f2eeba70c9aed0766244030b7281,m1-pro-16gb-local,48000,1,aligned,0,0,1,0,64,8192,0.09024635518391927,1333.3333333333333,14.125,14.0,14.208,75.917,1.059375,8192,8192,10.922666666666666,0.0,10.65625,21.3125,
3aeff8d50243a034,vdsp-analysis-double,analysis,analysis,double,4096,1024,64,1,callback,steady,0,ns/engine-sample,18.97640207078722,18.479841868082683,19.35642687479655,3,9,0,2047.5,-1,230000,230000,provider-specific or unknown; see evidence.json,2.6267876762631204e-13,3.247884615238052e-16,2.563856981535519e-16,0,per-run numerical report; see reference coverage,63.0,63.0,a1c8a89a8b34cc2c91ec504ca6ec8ce14b07d1f53ef723f5b18a6cb28ee89730,m1-pro-16gb-local,48000,1,aligned,0,0,1,0,64,8192,0.09108672993977865,1333.3333333333333,14.209,13.958,14.542,150.292,1.0656750000000001,8192,8192,10.922666666666666,0.0,42.65625,,42.65625
3aeff8d50243a034,fftw-ols-identity-double,chain,identity,double,4096,1024,64,1,throughput,steady,0,ns/engine-sample,43.95291540357802,43.43854014078776,44.36365763346354,3,9,0,511.5,1023,344392,344392,provider-specific or unknown; see evidence.json,5.578801654593729e-16,unavailable,unavailable,unavailable,per-run numerical report; see reference coverage,63.0,63.0,a24745ac8bdb202939dc83e65048421bae6067813c238dc7dff67d0c28bed918,m1-pro-16gb-local,48000,1,aligned,0,0,1,0,64,8192,0.21097399393717448,,,,,,,1,1,10.922666666666666,0.0,10.65625,21.3125,
3aeff8d50243a034,fftw-analysis-float,analysis,analysis,float,2048,1024,64,16,callback,steady,0,ns/engine-sample,152.17670991685657,145.6371364593506,157.9800033569336,3,9,0,1023.5,-1,62032,62032,provider-specific or unknown; see evidence.json,0.0001220703125,1.6833401972470574e-07,2.3817976355656692e-07,0,per-run numerical report; see reference coverage,63.0,63.0,a281828356c1cc6748ee51b70ea3cefff21e05d5a8e68828e44473361d673ee0,m1-pro-16gb-local,48000,16,aligned,0,0,1,0,64,8192,0.7304482076009116,1333.3333333333333,93.959,90.75,94.75,306.625,7.046925,8192,8192,10.922666666666666,0.0,21.322916666666668,,21.322916666666668
3aeff8d50243a034,vdsp-inverse-float,inverse-job,inverse,float,2048,1024,64,1,throughput,steady,0,ns/engine-sample,8.745131174723307,8.189836502075195,9.40542729695638,3,9,0,0,-1,98576,98576,provider-specific or unknown; see evidence.json,1.2287812012345967e-07,unavailable,unavailable,unavailable,per-run numerical report; see reference coverage,63.0,63.0,a2d2ce24be29ece88189edf376526b73a46b588e1593f7d8ba0344b0eb22e4ac,m1-pro-16gb-local,48000,1,aligned,0,0,1,32,64,8192,0.041976629638671874,,,,,,,1,1,10.922666666666666,0.0,0.0,,
3aeff8d50243a034,pffft-analysis-float,analysis,analysis,float,2048,1024,64,1,callback,steady,63,ns/engine-sample,10.06678220960829,9.986802419026693,10.137653350830078,3,9,0,1023.5,-1,62032,62032,provider-specific or unknown; see evidence.json,6.103515625e-05,1.2019560717045903e-07,1.191954924079027e-07,0,per-run numerical report; see reference coverage,62.0,62.0,a31764c78e69358e12b600179ac2d006ed51f81b6af433e8e2c31597cc017ce6,m1-pro-16gb-local,48000,1,aligned,0,0,1,0,64,8192,0.048320554606119795,1333.3333333333333,4.875,4.792,4.875,32.083,0.36562500000000003,8192,8192,10.922666666666666,0.0,21.322916666666668,,21.322916666666668
3aeff8d50243a034,pffft-analysis-float,analysis,analysis,float,2048,1024,64,1,callback,steady,15,ns/engine-sample,10.040700912475586,9.966622034708658,10.121164321899414,3,9,0,1023.5,-1,62032,62032,provider-specific or unknown; see evidence.json,6.103515625e-05,1.2019560717045903e-07,1.191954924079027e-07,0,per-run numerical report; see reference coverage,14.0,14.0,a36c63f4341b7de7cd1ff8a917b0669eaceb6b474ebd32c25d46f87e43adbe1c,m1-pro-16gb-local,48000,1,aligned,0,0,1,0,64,8192,0.04819536437988281,1333.3333333333333,4.792,4.792,4.792,23.0,0.3594,8192,8192,10.922666666666666,0.0,21.322916666666668,,21.322916666666668
3aeff8d50243a034,fftw-analysis4-float,analysis,analysis,float,4096,1024,64,4,callback,steady,0,ns/engine-sample,67.81780751546223,66.69015630086263,68.85468419392903,3,9,0,2047.5,-1,493928,493928,provider-specific or unknown; see evidence.json,0.0001220703125,2.4467895026414383e-07,2.6760688263493586e-07,0,per-run numerical report; see reference coverage,63.0,63.0,a3f8381fe994b0050cf9d211bf0beb17908fd2285325c6bcd8d56dec575bb184,m1-pro-16gb-local,48000,1,aligned,0,1,1,0,64,8192,0.3255254760742187,1333.3333333333333,54.0,52.792,54.084,219.125,4.05,8192,8192,10.922666666666666,0.0,42.65625,,42.65625
3aeff8d50243a034,fftw-inverse-double,inverse-job,inverse,double,16384,1024,64,1,callback,steady,0,ns/engine-sample,135.74407471550836,134.3625742594401,136.66192436218262,3,9,0,0,-1,1310984,1310984,provider-specific or unknown; see evidence.json,3.554447978966673e-15,unavailable,unavailable,unavailable,per-run numerical report; see reference coverage,63.0,63.0,a40f5059c5be860250261566189877d638bfdb7b15bad88aee452bf23c74bdbf,m1-pro-16gb-local,48000,1,aligned,0,0,1,0,64,8192,0.6515715586344402,1333.3333333333333,135.583,133.125,137.084,259.084,10.168725,8192,8192,10.922666666666666,0.0,0.0,,
3aeff8d50243a034,inverse-stream-incremental-double,inverse-job,inverse,double,2048,1024,64,1,callback,steady,0,ns/engine-sample,38.29685952928331,37.62915484110514,38.706176122029625,3,9,1023,0,-1,262480,262480,provider-specific or unknown; see evidence.json,3.254984763414886e-15,unavailable,unavailable,unavailable,per-run numerical report; see reference coverage,1023.0,1023.0,a46bb128e34b942476d2b9eef7018f50d49fa4e72d7b56af4040e9744b7c3fe0,m1-pro-16gb-local,48000,1,aligned,0,0,1,0,64,8192,0.1838249257405599,1333.3333333333333,6.0,5.875,6.0,31.792,0.45,8192,8192,10.922666666666666,21.3125,0.0,,
3aeff8d50243a034,inverse-stream-incremental-float,inverse-job,inverse,float,2048,1024,64,1,callback,steady,0,ns/engine-sample,160.99257532755533,158.86497370402017,162.0684439341227,3,9,1023,0,-1,139600,139600,provider-specific or unknown; see evidence.json,4.053554221172817e-07,unavailable,unavailable,unavailable,per-run numerical report; see reference coverage,1023.0,1023.0,a4f02096547b1dffad618d2508c12fd7db2034446dee507d2c82d7234b3f76cd,m1-pro-16gb-local,48000,1,aligned,64,0,1,0,64,8192,0.7727643615722656,1333.3333333333333,13.542,13.167,13.75,80.375,1.0156500000000002,8192,8192,10.922666666666666,21.3125,0.0,,
3aeff8d50243a034,pffft-analysis-float,analysis,analysis,float,2048,1024,64,1,callback,steady,0,ns/engine-sample,10.37082142300076,10.022417704264322,10.692915598551432,3,9,0,1023.5,-1,62032,62032,provider-specific or unknown; see evidence.json,6.103515625e-05,1.2019560717045903e-07,1.191954924079027e-07,0,per-run numerical report; see reference coverage,63.0,63.0,a5661d0e552c99756fcae04faa23d22677a7436b7dbca70a67e8132ddd8e8d95,m1-pro-16gb-local,96000,1,aligned,0,0,1,0,64,8192,0.09955988566080728,666.6666666666666,4.958,4.792,5.125,154.5,0.7437,8192,8192,5.461333333333333,0.0,10.661458333333334,,10.661458333333334
3aeff8d50243a034,pffft-ols-fir-float,chain,fir,float,2048,1024,64,4,throughput,steady,0,ns/engine-sample,58.977939181857636,57.81912740071615,59.6160093943278,3,9,0,511.5,1023,90424,90424,provider-specific or unknown; see evidence.json,1.5359765370703826e-07,unavailable,unavailable,unavailable,per-run numerical report; see reference coverage,63.0,63.0,a6393c72b10c669a569d89b63389bc15dffb0c30ebf28be7571535cf04f29efc,m1-pro-16gb-local,48000,4,staggered,0,0,1,0,64,8192,0.28309410807291663,,,,,,,1,1,10.922666666666666,0.0,10.65625,21.3125,
3aeff8d50243a034,ols-identity-batch-double,chain,identity,double,4096,1024,64,1,callback,steady,0,ns/engine-sample,159.1582463582357,156.94862365722656,161.03371047973633,3,9,0,511.5,1023,557536,557536,provider-specific or unknown; see evidence.json,5.613217783960923e-16,unavailable,unavailable,unavailable,per-run numerical report; see reference coverage,63.0,63.0,a64d30602a417efb52883d6b96fe27e9de7b77c2a00df49f896cacee3ec2dafc,m1-pro-16gb-local,48000,1,aligned,0,0,1,0,64,8192,0.7639595825195312,1333.3333333333333,155.666,155.5,159.833,386.458,11.67495,8192,8192,10.922666666666666,0.0,10.65625,21.3125,
3aeff8d50243a034,vdsp-analysis-float,analysis,analysis,float,2048,257,64,1,callback,live,0,ns/engine-sample,89.53612901264592,85.77154517266537,92.23759474302852,3,9,0,1023.5,-1,70232,70232,provider-specific or unknown; see evidence.json,9.1552734375e-05,1.5980117540361434e-07,2.0778263719800958e-07,0,per-run numerical report; see reference coverage,0.0,63.0,a68b198f68695c492db48569e7c27c183cf18749870ec9e9908935b117fa3521,m1-pro-16gb-local,48000,1,aligned,0,1,1,0,64,2056,0.4297734192607004,1333.3333333333333,26.417,24.583,28.334,100.083,1.981275,2056,2056,2.7413333333333334,0.0,21.322916666666668,,21.322916666666668
3aeff8d50243a034,vdsp-ols-fir-float,chain,fir,float,2048,1024,64,4,callback,steady,0,ns/engine-sample,60.49559656778972,60.04267247517904,61.093213399251304,3,9,0,511.5,1023,106816,106816,provider-specific or unknown; see evidence.json,2.0061301597706915e-07,unavailable,unavailable,unavailable,per-run numerical report; see reference coverage,63.0,63.0,a783e7a19730e54fb034c9e1e0c79125bae5e754f530f64d14ffb34a9f136695,m1-pro-16gb-local,48000,4,staggered,0,0,1,0,64,8192,0.2903788635253906,1333.3333333333333,12.208,12.125,12.292,126.291,0.9156,8192,8192,10.922666666666666,0.0,10.65625,21.3125,
3aeff8d50243a034,pffft-ols-identity-float,chain,identity,float,2048,1024,64,16,callback,steady,0,ns/engine-sample,321.27909660339355,307.4985179901123,339.5115509033203,3,9,0,511.5,1023,90424,90424,provider-specific or unknown; see evidence.json,3.223614157832344e-07,unavailable,unavailable,unavailable,per-run numerical report; see reference coverage,63.0,63.0,a7f2ef4bbd5802869a117a2a7fd5cb7f3ad837458fd52613ab96fbbd60508be7,m1-pro-16gb-local,48000,16,aligned,0,0,1,0,64,8192,1.542139663696289,1333.3333333333333,179.791,175.5,180.916,7883.875,13.484325,8192,8192,10.922666666666666,0.0,10.65625,21.3125,
3aeff8d50243a034,core-float,analysis,analysis,float,2048,1024,64,4,callback,steady,0,ns/engine-sample,86.39341990152994,86.13945134480794,86.8352502187093,3,9,1023,1023.5,-1,565780,565780,provider-specific or unknown; see evidence.json,0.00014317035675048828,2.15934702845581e-07,2.794693895227653e-07,0,per-run numerical report; see reference coverage,1023.0,1023.0,a81ee78672c6b81666a5fc5208b6ead662b38fb61e6a1ece52277309acdfed31,m1-pro-16gb-local,48000,4,aligned,0,0,1,0,64,8192,0.4146884155273437,1333.3333333333333,8.375,7.959,8.584,127.625,0.628125,8192,8192,10.922666666666666,21.3125,21.322916666666668,,42.63541666666667
3aeff8d50243a034,fftw-analysis-float,analysis,analysis,float,2048,1024,64,4,throughput,steady,0,ns/engine-sample,37.18697611490885,36.393086751302086,37.59053039550781,3,9,0,1023.5,-1,62032,62032,provider-specific or unknown; see evidence.json,0.0001220703125,1.6833401972470574e-07,2.3817976355656692e-07,0,per-run numerical report; see reference coverage,63.0,63.0,a9240e78f613fb36d7becf5b09ce2ca17f10e63e19a386b16a249aa136a242c6,m1-pro-16gb-local,48000,4,staggered,0,0,1,0,64,8192,0.1784974853515625,,,,,,,1,1,10.922666666666666,0.0,21.322916666666668,,21.322916666666668
3aeff8d50243a034,legacy-batch-double,analysis,analysis,double,2048,1024,64,1,throughput,steady,0,ns/engine-sample,25.725073284573025,25.199995676676433,26.205354690551758,3,9,0,1023.5,-1,164416,164416,provider-specific or unknown; see evidence.json,2.464140003155535e-13,4.3806019490456896e-16,4.812022594134366e-16,0,per-run numerical report; see reference coverage,63.0,63.0,a950c4c2fe70a366c423bd2d9d8dfea770897a4b5341aac0e7ffcf25e42523bc,m1-pro-16gb-local,48000,1,aligned,0,0,1,0,64,8192,0.12348035176595051,,,,,,,1,1,10.922666666666666,0.0,21.322916666666668,,21.322916666666668
3aeff8d50243a034,ols-identity-incremental-float,chain,identity,float,2048,257,64,1,callback,steady,0,ns/engine-sample,279.5419748770536,272.9035825024319,285.6887742177367,3,9,256,128.0,512,152032,152032,provider-specific or unknown; see evidence.json,3.604110077048972e-07,unavailable,unavailable,unavailable,per-run numerical report; see reference coverage,256.0,319.0,a995cbb18a601d0de26f65fdc3f6cc8d4f22d11125ceecb6fd6eeb90fc533142,m1-pro-16gb-local,48000,1,aligned,0,0,1,0,64,2056,1.3418014794098572,1333.3333333333333,21.667,21.083,30.125,425.75,1.625025,2056,2056,2.7413333333333334,5.333333333333333,2.6666666666666665,10.666666666666666,
3aeff8d50243a034,pffft-ols-fir-float,chain,fir,float,2048,1024,64,16,throughput,steady,0,ns/engine-sample,235.93848758273654,233.38418515523276,238.46032905578613,3,9,0,511.5,1023,90424,90424,provider-specific or unknown; see evidence.json,1.5359765370703826e-07,unavailable,unavailable,unavailable,per-run numerical report; see reference coverage,63.0,63.0,a9b23d0bc7ac56478eaa0fe14888b5b0794a642efa08ff33e2662759bc649fb3,m1-pro-16gb-local,48000,16,staggered,0,0,1,0,64,8192,1.1325047403971353,,,,,,,1,1,10.922666666666666,0.0,10.65625,21.3125,
3aeff8d50243a034,ols-fir-incremental-float,chain,fir,float,2048,1024,64,1,throughput,steady,0,ns/engine-sample,75.00836605495877,73.60619990030925,75.76137097676595,3,9,1023,511.5,2046,164304,164304,provider-specific or unknown; see evidence.json,1.5557269250621175e-07,unavailable,unavailable,unavailable,per-run numerical report; see reference coverage,1023.0,1023.0,a9be7d56df4a94ea65da8493dd5ad4f76de397f54f268aaa55f47bec19ccef00,m1-pro-16gb-local,96000,1,aligned,0,0,1,0,64,8192,0.7200803141276042,,,,,,,1,1,5.461333333333333,10.65625,5.328125,21.3125,
3aeff8d50243a034,pffft-hybrid-float,analysis,analysis,float,2048,257,64,1,callback,live,0,ns/engine-sample,119.17215534479031,118.6900484354734,119.5784087224384,3,9,256,1023.5,-1,63116,63116,provider-specific or unknown; see evidence.json,6.103515625e-05,1.5300358942822182e-07,1.3854867492047307e-07,0,per-run numerical report; see reference coverage,256.0,319.0,a9ec168ee85d6c3683a3e9acb7d2ce347790fb495320c23b6911533afe6d2472,m1-pro-16gb-local,48000,1,aligned,0,1,1,0,64,2056,0.5720263456549936,1333.3333333333333,13.917,13.875,13.917,35.0,1.0437750000000001,2056,2056,2.7413333333333334,5.333333333333333,21.322916666666668,,26.65625
3aeff8d50243a034,vdsp-ols-identity-float,chain,identity,float,2048,1024,64,1,callback,steady,0,ns/engine-sample,14.69587877061632,14.678316116333008,14.72252082824707,3,9,0,511.5,1023,106816,106816,provider-specific or unknown; see evidence.json,3.9384264027830795e-07,unavailable,unavailable,unavailable,per-run numerical report; see reference coverage,63.0,63.0,aa01759a8ddaf07fb38d958d1bfba61ae572bbd882b762714f10b241d7720a04,m1-pro-16gb-local,96000,1,aligned,0,0,1,0,64,8192,0.1410804361979167,666.6666666666666,9.083,8.959,9.125,106.459,1.36245,8192,8192,5.461333333333333,0.0,5.328125,10.65625,
3aeff8d50243a034,pffft-analysis-float,analysis,analysis,float,2048,1024,64,1,throughput,steady,0,ns/engine-sample,9.92123285929362,9.847401936848959,10.067516326904297,3,9,0,1023.5,-1,62032,62032,provider-specific or unknown; see evidence.json,6.103515625e-05,1.2019560717045903e-07,1.191954924079027e-07,0,per-run numerical report; see reference coverage,63.0,63.0,aa0f88d5c21c60cf8ca0badc6138873d8597ff47bb789a1780741ecf7162577a,m1-pro-16gb-local,48000,1,aligned,0,0,1,32,64,8192,0.04762191772460937,,,,,,,1,1,10.922666666666666,0.0,21.322916666666668,,21.322916666666668
3aeff8d50243a034,vdsp-ols-fir-float,chain,fir,float,2048,1024,64,4,throughput,steady,0,ns/engine-sample,57.71327887641059,56.95745658874512,58.52137692769369,3,9,0,511.5,1023,106816,106816,provider-specific or unknown; see evidence.json,2.0061301597706915e-07,unavailable,unavailable,unavailable,per-run numerical report; see reference coverage,63.0,63.0,aa5cfdf2e30f3fb045ea53e6599712c831ec2c60c420013a3230f0fd935f3830,m1-pro-16gb-local,48000,4,aligned,0,0,1,0,64,8192,0.2770237386067709,,,,,,,1,1,10.922666666666666,0.0,10.65625,21.3125,
3aeff8d50243a034,ols-fir-batch-float,chain,fir,float,2048,1024,64,1,throughput,startup,0,ns/engine-sample,75.11729706658257,73.8502877553304,75.97510083516438,3,9,0,511.5,1023,164304,164304,provider-specific or unknown; see evidence.json,1.5557269250621175e-07,unavailable,unavailable,unavailable,per-run numerical report; see reference coverage,63.0,63.0,aac93881c9e21aa718d800b3d7ca10a7ace3b9c4f87f2f05ace2c2370d79cffd,m1-pro-16gb-local,48000,1,aligned,0,0,1,0,64,8192,0.3605630259195963,,,,,,,1,1,10.922666666666666,0.0,10.65625,21.3125,
3aeff8d50243a034,legacy-incremental-float,analysis,analysis,float,2048,1024,64,1,callback,steady,15,ns/engine-sample,22.334693484836155,21.928510030110676,22.61764081319173,3,9,1023,1023.5,-1,90712,90712,provider-specific or unknown; see evidence.json,0.00014317035675048828,2.15934702845581e-07,2.794693895227653e-07,0,per-run numerical report; see reference coverage,1038.0,1038.0,aacecfbd55493789954e9a6acbff86242f5512a3af529b6b4c2b1ad3c93a1853,m1-pro-16gb-local,48000,1,aligned,0,0,1,0,64,8192,0.10720652872721355,1333.3333333333333,6.75,6.625,6.916,30.166,0.50625,8192,8192,10.922666666666666,21.3125,21.322916666666668,,42.63541666666667
3aeff8d50243a034,pffft-ols-fir-float,chain,fir,float,2048,1024,64,4,callback,steady,0,ns/engine-sample,58.83013386196561,58.358957290649414,59.42840385437012,3,9,0,511.5,1023,90424,90424,provider-specific or unknown; see evidence.json,1.5359765370703826e-07,unavailable,unavailable,unavailable,per-run numerical report; see reference coverage,63.0,63.0,aadb749ba3d519359e1537db3e791ba56760255429ea4fe547e2df76606f2fc3,m1-pro-16gb-local,48000,4,staggered,0,0,1,0,64,8192,0.2823846425374349,1333.3333333333333,11.792,11.542,12.125,39.167,0.8844000000000001,8192,8192,10.922666666666666,0.0,10.65625,21.3125,
3aeff8d50243a034,vdsp-ols-identity-float,chain,identity,float,2048,1024,64,1,callback,steady,0,ns/engine-sample,21.170746909247505,19.59674135843913,22.410935084025066,3,9,0,511.5,1023,106816,106816,provider-specific or unknown; see evidence.json,3.9384264027830795e-07,unavailable,unavailable,unavailable,per-run numerical report; see reference coverage,63.0,63.0,aaed8fa0ed3e4a0b329e7a9277e74e4c7b2805ef226d264bfed5bc5bca1c5090,m1-pro-16gb-local,48000,1,aligned,0,0,1,32,64,8192,0.10161958516438803,1333.3333333333333,12.708,12.292,13.209,148.375,0.9531000000000001,8192,8192,10.922666666666666,0.0,10.65625,21.3125,
3aeff8d50243a034,fftw-ols-fir-float,chain,fir,float,2048,1024,64,4,throughput,steady,0,ns/engine-sample,66.45644166734483,65.47980880737305,67.60125668843587,3,9,0,511.5,1023,90424,90424,provider-specific or unknown; see evidence.json,1.8128045553567063e-07,unavailable,unavailable,unavailable,per-run numerical report; see reference coverage,63.0,63.0,aaee16c96132e2915a0ea5018278d65b66042c3495f1bbec3eb5dc72389b1442,m1-pro-16gb-local,48000,4,staggered,0,0,1,0,64,8192,0.31899092000325524,,,,,,,1,1,10.922666666666666,0.0,10.65625,21.3125,
3aeff8d50243a034,inverse-stream-incremental-float,inverse-job,inverse,float,2048,1024,64,1,throughput,steady,0,ns/engine-sample,160.2534099155002,158.44315910339355,162.1832586924235,3,9,1023,0,-1,139600,139600,provider-specific or unknown; see evidence.json,4.053554221172817e-07,unavailable,unavailable,unavailable,per-run numerical report; see reference coverage,1023.0,1023.0,ab12d0c1566835f4eb28e4ae69e2bfcb06ac9353627245fe51c04cda791aa762,m1-pro-16gb-local,48000,1,aligned,64,0,1,0,64,8192,0.769216367594401,,,,,,,1,1,10.922666666666666,21.3125,0.0,,
3aeff8d50243a034,pffft-ols-identity-float,chain,identity,float,2048,1024,64,1,callback,steady,0,ns/engine-sample,22.17436514960395,21.71956952412923,22.916627883911133,3,9,0,511.5,1023,90424,90424,provider-specific or unknown; see evidence.json,3.223614157832344e-07,unavailable,unavailable,unavailable,per-run numerical report; see reference coverage,63.0,63.0,abcbd1e48b446c9ae0a3d570e4bbf0d31796c247bc6daeb55dd95f3f2ae3a08a,m1-pro-16gb-local,48000,1,aligned,0,0,1,32,64,8192,0.10643695271809896,1333.3333333333333,14.208,14.167,14.5,54.25,1.0656,8192,8192,10.922666666666666,0.0,10.65625,21.3125,
3aeff8d50243a034,fftw-ols-identity-float,chain,identity,float,2048,1024,64,1,callback,steady,1,ns/engine-sample,17.32556915283203,17.111940383911133,17.512304306030273,3,9,0,511.5,1023,90424,90424,provider-specific or unknown; see evidence.json,3.157499577355338e-07,unavailable,unavailable,unavailable,per-run numerical report; see reference coverage,0.0,0.0,ac53317c33a6ad4e0c6716f88fe31c67f04c0e652619edfbe9b8a327b01bfd40,m1-pro-16gb-local,48000,1,aligned,0,0,1,0,64,8192,0.08316273193359375,1333.3333333333333,12.292,12.125,12.333,195.916,0.9219,8192,8192,10.922666666666666,0.0,10.65625,21.3125,
3aeff8d50243a034,core-independent4-simd,analysis,analysis,float,16384,1024,64,4,callback,steady,0,ns/engine-sample,256.31539705064563,248.94585355122885,266.0963764190674,3,9,1023,8191.5,-1,1393240,1393240,provider-specific or unknown; see evidence.json,0.000244140625,4.644672159538135e-07,1.9339963782049824e-07,0,per-run numerical report; see reference coverage,1023.0,1023.0,ac999f5ff1cef3c66474d03550de0ef8898614d18c427566e648c5ea9169747a,m1-pro-16gb-local,48000,1,aligned,0,1,1,0,64,8192,1.230313905843099,1333.3333333333333,30.333,29.584,30.875,10267.709,2.2749750000000004,8192,8192,10.922666666666666,21.3125,170.65625,,191.96875
3aeff8d50243a034,pffft-hybrid-float,analysis,analysis,float,2048,1024,64,1,callback,steady,0,ns/engine-sample,103.78580644395616,102.85879834493001,105.30120786031087,3,9,1023,1023.5,-1,66184,66184,provider-specific or unknown; see evidence.json,6.103515625e-05,1.2019560717045903e-07,1.191954924079027e-07,0,per-run numerical report; see reference coverage,1023.0,1023.0,ad02eeb88de22887ebf26dfabfbe93219671f2f59bf89873cace1d6cb1ea6a64,m1-pro-16gb-local,48000,1,aligned,64,0,1,0,64,8192,0.4981718709309896,1333.3333333333333,8.292,8.166,8.5,68.625,0.6219000000000001,8192,8192,10.922666666666666,21.3125,21.322916666666668,,42.63541666666667
3aeff8d50243a034,pffft-ols-identity-float,chain,identity,float,2048,1024,64,1,throughput,steady,0,ns/engine-sample,15.545084847344294,15.296405156453451,15.720922470092773,3,9,0,511.5,1023,90424,90424,provider-specific or unknown; see evidence.json,3.223614157832344e-07,unavailable,unavailable,unavailable,per-run numerical report; see reference coverage,63.0,63.0,ad1fc23df676950ce8b5c675413c480f42edd77b0f6e897b6c54befe993d04b7,m1-pro-16gb-local,96000,1,aligned,0,0,1,0,64,8192,0.14923281453450524,,,,,,,1,1,5.461333333333333,0.0,5.328125,10.65625,
3aeff8d50243a034,pffft-scheduled-batch-float,analysis,analysis,float,2048,257,64,1,throughput,steady,0,ns/engine-sample,66.90367960981409,66.19324791261349,68.04641395103761,3,9,0,1023.5,-1,63116,63116,provider-specific or unknown; see evidence.json,6.103515625e-05,1.1750411814622872e-07,1.1932655908502303e-07,0,per-run numerical report; see reference coverage,0.0,63.0,ad7361c8aa2629f223164fd2bc72c596a35cb93e2b4ca2798c9f583add4c631d,m1-pro-16gb-local,48000,1,aligned,0,0,1,0,64,2056,0.3211376621271076,,,,,,,1,1,2.7413333333333334,0.0,21.322916666666668,,21.322916666666668
3aeff8d50243a034,ols-fir-batch-float,chain,fir,float,2048,1024,64,16,callback,steady,0,ns/engine-sample,1209.360978656345,1187.138562520345,1226.7323309580486,3,9,0,511.5,1023,164304,164304,provider-specific or unknown; see evidence.json,1.5557269250621175e-07,unavailable,unavailable,unavailable,per-run numerical report; see reference coverage,63.0,63.0,ad90b29034df5cc1bca57cb14e00c175a1bba49824d84ed68109ad130bda35d0,m1-pro-16gb-local,48000,16,staggered,0,0,1,0,64,8192,5.804932697550456,1333.3333333333333,90.833,80.833,103.125,472.959,6.812475,8192,8192,10.922666666666666,0.0,10.65625,21.3125,
3aeff8d50243a034,fftw-ols-identity-float,chain,identity,float,2048,1024,64,4,callback,steady,0,ns/engine-sample,66.36686515808105,65.59017753601074,67.01639747619629,3,9,0,511.5,1023,90424,90424,provider-specific or unknown; see evidence.json,3.157499577355338e-07,unavailable,unavailable,unavailable,per-run numerical report; see reference coverage,63.0,63.0,ad90f926c19d9e810e5b3d2ca87db373da4db68ba4e4125edc2aedec8fe20a8c,m1-pro-16gb-local,48000,4,aligned,0,0,1,0,64,8192,0.31856095275878904,1333.3333333333333,49.833,49.708,50.25,178.459,3.7374750000000003,8192,8192,10.922666666666666,0.0,10.65625,21.3125,
3aeff8d50243a034,pffft-analysis-float,analysis,analysis,float,2048,1024,64,16,throughput,steady,0,ns/engine-sample,130.22209930419922,128.0568701426188,131.8692887624105,3,9,0,1023.5,-1,62032,62032,provider-specific or unknown; see evidence.json,6.103515625e-05,1.2019560717045903e-07,1.191954924079027e-07,0,per-run numerical report; see reference coverage,63.0,63.0,adae108f260a4497afcc0e4aa898dc9ad0268817942d611e6bcf8101d55651cb,m1-pro-16gb-local,48000,16,staggered,0,0,1,0,64,8192,0.6250660766601562,,,,,,,1,1,10.922666666666666,0.0,21.322916666666668,,21.322916666666668
3aeff8d50243a034,legacy-incremental-double,analysis,analysis,double,4096,1024,64,1,throughput,steady,0,ns/engine-sample,58.44661076863607,57.405843098958336,59.05029551188151,3,9,1023,2047.5,-1,328288,328288,provider-specific or unknown; see evidence.json,2.2737367544323206e-13,3.71011878287106e-16,2.7776258686538934e-16,0,per-run numerical report; see reference coverage,1023.0,1023.0,aeb05334bc8820f37899ef880a890d6dc70fe584ba78673a8d1c400ca21ba1d9,m1-pro-16gb-local,48000,1,aligned,0,1,1,0,64,8192,0.2805437316894531,,,,,,,1,1,10.922666666666666,21.3125,42.65625,,63.96875
3aeff8d50243a034,pffft-scheduled-batch-float,analysis,analysis,float,2048,1024,64,16,throughput,steady,0,ns/engine-sample,299.46318350897894,295.65744908650714,302.9842109680176,3,9,0,1023.5,-1,66184,66184,provider-specific or unknown; see evidence.json,6.103515625e-05,1.2019560717045903e-07,1.191954924079027e-07,0,per-run numerical report; see reference coverage,63.0,63.0,aeed30f9c181fdd5e57df5b90a9d9f92839431408b39e64d63c8da97880c1cc6,m1-pro-16gb-local,48000,16,staggered,0,0,1,0,64,8192,1.4374232808430991,,,,,,,1,1,10.922666666666666,0.0,21.322916666666668,,21.322916666666668
3aeff8d50243a034,vdsp-inverse-float,inverse-job,inverse,float,2048,1024,64,16,throughput,steady,0,ns/engine-sample,76.53417438930936,75.68009757995605,78.04444122314453,3,9,0,0,-1,98576,98576,provider-specific or unknown; see evidence.json,1.2287812012345967e-07,unavailable,unavailable,unavailable,per-run numerical report; see reference coverage,63.0,63.0,af72c9a07a1fecc8778a27b8be280f8b1d380476ed2731b830403781cd0f0ea2,m1-pro-16gb-local,48000,16,staggered,0,0,1,0,64,8192,0.3673640370686849,,,,,,,1,1,10.922666666666666,0.0,0.0,,
3aeff8d50243a034,vdsp-analysis-float,analysis,analysis,float,2048,1024,64,16,callback,steady,0,ns/engine-sample,150.30897627936469,149.5530865987142,151.45794423421225,3,9,0,1023.5,-1,70232,70232,provider-specific or unknown; see evidence.json,6.103515625e-05,1.4261480916057953e-07,1.1945004482661556e-07,0,per-run numerical report; see reference coverage,63.0,63.0,af762668af860e28995101cfee986dc6fdf670167e08d3a585cef53e8e89a956,m1-pro-16gb-local,48000,16,aligned,0,0,1,0,64,8192,0.7214830861409505,1333.3333333333333,86.375,85.958,89.25,212.5,6.478125,8192,8192,10.922666666666666,0.0,21.322916666666668,,21.322916666666668
3aeff8d50243a034,fft-double,transform,fft,double,4096,1024,64,1,complete,steady,0,ns/transform,38311.922200520836,36099.9404296875,39556.896484375,3,9,0,0,-1,131176,131176,provider-specific or unknown; see evidence.json,3.0363180363757117e-10,unavailable,unavailable,unavailable,per-run numerical report; see reference coverage,unavailable,unavailable,afac969f982b4dc7746a7a7187c0b66e6860b3a9a78fd8703c928b061d22c6a7,m1-pro-16gb-local,48000,1,aligned,0,0,1,0,64,1024,,,,,,,,1024,1024,,0.0,0.0,,
3aeff8d50243a034,fftw-analysis4-float,analysis,analysis,float,16384,1024,64,4,throughput,steady,0,ns/engine-sample,225.30028576321072,223.19012260437012,227.43980089823404,3,9,0,8191.5,-1,1968488,1968488,provider-specific or unknown; see evidence.json,0.000244140625,4.6850485636593685e-07,1.932994112196584e-07,0,per-run numerical report; see reference coverage,63.0,63.0,afbf62af321ae50f94ff8f254f4646ac3d17265cde8cf8588f4d6b47ada0cb67,m1-pro-16gb-local,48000,1,aligned,0,1,1,0,64,8192,1.0814413716634115,,,,,,,1,1,10.922666666666666,0.0,170.65625,,170.65625
3aeff8d50243a034,vdsp-analysis4-float,analysis,analysis,float,16384,1024,64,4,throughput,steady,0,ns/engine-sample,180.06734487745499,176.9998868306478,183.2146110534668,3,9,0,8191.5,-1,2230664,2230664,provider-specific or unknown; see evidence.json,0.000732421875,1.7728594758948674e-07,1.7887301059673527e-07,504,per-run numerical report; see reference coverage,63.0,63.0,afcd2a853d66ea4c32337a39272bb3f39e4a0c84a4cdd42464d57eb8f05e4102,m1-pro-16gb-local,48000,1,aligned,0,0,1,0,64,8192,0.864323255411784,,,,,,,1,1,10.922666666666666,0.0,170.65625,,170.65625
3aeff8d50243a034,ols-identity-batch-float,chain,identity,float,2048,1024,64,16,callback,steady,0,ns/engine-sample,1207.3911437988281,1185.8460108439128,1231.2990849812825,3,9,0,511.5,1023,164304,164304,provider-specific or unknown; see evidence.json,3.2098083124765253e-07,unavailable,unavailable,unavailable,per-run numerical report; see reference coverage,63.0,63.0,b01480ccd4250860046b247db33ba921a0cb731771b43fe6640ede782d7eefe3,m1-pro-16gb-local,48000,16,staggered,0,0,1,0,64,8192,5.795477490234375,1333.3333333333333,96.958,81.833,100.625,353.5,7.27185,8192,8192,10.922666666666666,0.0,10.65625,21.3125,
3aeff8d50243a034,core-independent4-float,analysis,analysis,float,2048,1024,64,4,throughput,steady,0,ns/engine-sample,81.49849934048123,80.89566167195638,81.9339230855306,3,9,1023,1023.5,-1,2263160,2263160,provider-specific or unknown; see evidence.json,0.00015223026275634766,2.695386005528559e-07,2.9703335017697735e-07,0,per-run numerical report; see reference coverage,1023.0,1023.0,b0d6a44c20664a8dd56b7fd13e1bdfc5cbd7b78c9416447a7564989c91bd6cdf,m1-pro-16gb-local,48000,1,aligned,0,0,1,0,64,8192,0.3911927968343099,,,,,,,1,1,10.922666666666666,21.3125,21.322916666666668,,42.63541666666667
3aeff8d50243a034,inverse-stream-batch-float,inverse-job,inverse,float,2048,257,64,1,callback,steady,0,ns/engine-sample,140.8674315350735,138.55083191472116,142.52507903696497,3,9,0,0,-1,139600,139600,provider-specific or unknown; see evidence.json,4.053554221172817e-07,unavailable,unavailable,unavailable,per-run numerical report; see reference coverage,0.0,63.0,b0dadce8c6759ae50a764cd2f0ad211efd5bacf7cacd825c31fa9bdc41d9501f,m1-pro-16gb-local,48000,1,aligned,0,0,1,0,64,2056,0.6761636713683528,1333.3333333333333,36.5,36.042,36.834,141.0,2.7375000000000003,2056,2056,2.7413333333333334,0.0,0.0,,
3aeff8d50243a034,core-independent4-float,analysis,analysis,float,4096,1024,64,4,callback,steady,0,ns/engine-sample,156.11875428093805,154.01642227172852,157.24175008138022,3,9,1023,2047.5,-1,2279544,2279544,provider-specific or unknown; see evidence.json,9.1552734375e-05,2.445939656201334e-07,2.679595416819999e-07,0,per-run numerical report; see reference coverage,1023.0,1023.0,b1354c8daf66745ed7c47e322e58476a9e957f89ef81aac7a5530553a4197da0,m1-pro-16gb-local,48000,1,aligned,0,1,1,0,64,8192,0.7493700205485027,1333.3333333333333,15.959,15.917,16.042,147.5,1.1969250000000002,8192,8192,10.922666666666666,21.3125,42.65625,,63.96875
3aeff8d50243a034,fftw-analysis4-float,analysis,analysis,float,2048,1024,64,4,throughput,steady,0,ns/engine-sample,36.381368001302086,35.498857498168945,36.888970057169594,3,9,0,1023.5,-1,248168,248168,provider-specific or unknown; see evidence.json,0.0001220703125,1.8971483970228868e-07,2.3808438258112756e-07,0,per-run numerical report; see reference coverage,63.0,63.0,b1cb412030ce2aebb21670bcb450456e735489deb200e1da63c33e2e2c08db06,m1-pro-16gb-local,48000,1,aligned,0,0,1,0,64,8192,0.17463056640625,,,,,,,1,1,10.922666666666666,0.0,21.322916666666668,,21.322916666666668
3aeff8d50243a034,pffft-analysis-float,analysis,analysis,float,2048,1024,64,1,callback,startup,0,ns/engine-sample,10.161624484592014,10.009174346923828,10.327448527018229,3,9,0,1023.5,-1,62032,62032,provider-specific or unknown; see evidence.json,6.103515625e-05,1.2019560717045903e-07,2.1561512785923178e-07,0,per-run numerical report; see reference coverage,63.0,63.0,b1eec6a6ac2570279f0f624e7778a0c4fd204c451070519160fd5c7544f4ad5e,m1-pro-16gb-local,48000,1,aligned,0,0,1,0,64,8192,0.04877579752604167,1333.3333333333333,4.875,4.792,4.875,41.792,0.36562500000000003,8192,8192,10.922666666666666,0.0,21.322916666666668,,21.322916666666668
3aeff8d50243a034,pffft-ols-fir-float,chain,fir,float,2048,1024,64,1,callback,steady,0,ns/engine-sample,15.465113110012478,15.40965461730957,15.518826166788736,3,9,0,511.5,1023,90424,90424,provider-specific or unknown; see evidence.json,1.5359765370703826e-07,unavailable,unavailable,unavailable,per-run numerical report; see reference coverage,63.0,63.0,b23c5cd069825657cd6597e0723b97d79c06ad536eb08eb4dc226d2bb4e093d1,m1-pro-16gb-local,96000,1,aligned,0,0,1,0,64,8192,0.1484650858561198,666.6666666666666,10.625,10.417,10.625,25.792,1.59375,8192,8192,5.461333333333333,0.0,5.328125,10.65625,
3aeff8d50243a034,pffft-analysis-float,analysis,analysis,float,2048,1024,64,4,throughput,steady,0,ns/engine-sample,32.93841849433051,32.14875857035319,34.113168716430664,3,9,0,1023.5,-1,62032,62032,provider-specific or unknown; see evidence.json,6.103515625e-05,1.2019560717045903e-07,1.191954924079027e-07,0,per-run numerical report; see reference coverage,63.0,63.0,b297698a536b98dd75dbc425f5fe7d57886f849c44b6bead23394c19889973f8,m1-pro-16gb-local,48000,4,aligned,0,0,1,0,64,8192,0.15810440877278645,,,,,,,1,1,10.922666666666666,0.0,21.322916666666668,,21.322916666666668
3aeff8d50243a034,ols-fir-batch-float,chain,fir,float,2048,1024,64,1,callback,steady,63,ns/engine-sample,78.99915483262804,73.99842007954915,82.92614873250325,3,9,0,511.5,1023,164304,164304,provider-specific or unknown; see evidence.json,1.5557269250621175e-07,unavailable,unavailable,unavailable,per-run numerical report; see reference coverage,62.0,62.0,b2bed3a0af20fc8ff5cf59eb7d6825bbafd0ec76f381122bb0b0e0ffdde7766a,m1-pro-16gb-local,48000,1,aligned,0,0,1,0,64,8192,0.3791959431966146,1333.3333333333333,73.708,69.958,74.75,4556.125,5.5281,8192,8192,10.922666666666666,0.0,10.65625,21.3125,
3aeff8d50243a034,legacy-incremental-float,analysis,analysis,float,2048,1024,64,4,callback,steady,0,ns/engine-sample,90.48900095621745,89.5331376393636,91.11342302958171,3,9,1023,1023.5,-1,90712,90712,provider-specific or unknown; see evidence.json,0.00014317035675048828,2.15934702845581e-07,2.794693895227653e-07,0,per-run numerical report; see reference coverage,1023.0,1023.0,b36c98cefa2b8c6af97e519026582f60d96d416d74a5dcd0afd2935b009f0329,m1-pro-16gb-local,48000,4,aligned,0,0,1,0,64,8192,0.43434720458984377,1333.3333333333333,16.541,16.375,16.75,176.209,1.240575,8192,8192,10.922666666666666,21.3125,21.322916666666668,,42.63541666666667
3aeff8d50243a034,pffft-inverse-float,inverse-job,inverse,float,2048,1024,64,4,throughput,steady,0,ns/engine-sample,27.605763329399956,27.214686075846355,28.00610287984212,3,9,0,0,-1,82184,82184,provider-specific or unknown; see evidence.json,1.884864389012364e-07,unavailable,unavailable,unavailable,per-run numerical report; see reference coverage,63.0,63.0,b398acd7213905e61bf59a14524adaf0d0941c84eca748f48c54c1c53668ecc6,m1-pro-16gb-local,48000,4,staggered,0,0,1,0,64,8192,0.1325076639811198,,,,,,,1,1,10.922666666666666,0.0,0.0,,
3aeff8d50243a034,fftw-analysis-float,analysis,analysis,float,2048,1024,64,1,callback,steady,0,ns/engine-sample,15.580714755588108,15.16726048787435,16.12483278910319,3,9,0,1023.5,-1,62032,62032,provider-specific or unknown; see evidence.json,0.0001220703125,1.6833401972470574e-07,2.3817976355656692e-07,0,per-run numerical report; see reference coverage,63.0,63.0,b3d248cf0d3fe79c37181e5c5ce194e2ec0218e7693d674de9c9e5901025d300,m1-pro-16gb-local,48000,1,aligned,0,0,1,32,64,8192,0.07478743082682292,1333.3333333333333,8.958,8.458,9.5,260.417,0.6718500000000001,8192,8192,10.922666666666666,0.0,21.322916666666668,,21.322916666666668
3aeff8d50243a034,core-independent4-float,analysis,analysis,float,4096,1024,64,4,callback,steady,0,ns/engine-sample,145.96629863315158,141.93289693196616,148.58709335327148,3,9,1023,2047.5,-1,2279544,2279544,provider-specific or unknown; see evidence.json,0.0002943277359008789,2.6916497681029957e-07,2.8760977267077544e-07,0,per-run numerical report; see reference coverage,1023.0,1023.0,b4175054e1d902a9ec4efb74ae08de508e42c3a8380712e08603d7eb2c8ad20f,m1-pro-16gb-local,48000,1,aligned,0,0,1,0,64,8192,0.7006382334391277,1333.3333333333333,14.083,13.583,14.125,150.125,1.056225,8192,8192,10.922666666666666,21.3125,42.65625,,63.96875
3aeff8d50243a034,inverse-stream-batch-double,inverse-job,inverse,double,16384,1024,64,1,callback,steady,0,ns/engine-sample,411.49254078335235,408.17309824625653,415.4459991455078,3,9,0,0,-1,2097488,2097488,provider-specific or unknown; see evidence.json,3.433175098891678e-15,unavailable,unavailable,unavailable,per-run numerical report; see reference coverage,63.0,63.0,b41ec5cac4c4ce18383ddc89f4ec7a9cf0cb923354c71d81b56ade8a687ea35c,m1-pro-16gb-local,48000,1,aligned,0,0,1,0,64,8192,1.9751641957600914,1333.3333333333333,416.458,412.75,418.042,860.542,31.234350000000003,8192,8192,10.922666666666666,0.0,0.0,,
3aeff8d50243a034,ols-identity-incremental-float,chain,identity,float,2048,1024,64,1,throughput,steady,0,ns/engine-sample,205.27608341640897,204.39256604512533,206.09362920125326,3,9,1023,511.5,2046,164304,164304,provider-specific or unknown; see evidence.json,3.2098083124765253e-07,unavailable,unavailable,unavailable,per-run numerical report; see reference coverage,1023.0,1023.0,b438ad9bf3c2f37933ca9a7f7357282f117bb3018674b390a8edde36e1b2394c,m1-pro-16gb-local,48000,1,aligned,64,0,1,0,64,8192,0.985325200398763,,,,,,,1,1,10.922666666666666,21.3125,10.65625,42.625,
3aeff8d50243a034,vdsp-ols-identity-float,chain,identity,float,2048,257,64,1,throughput,steady,0,ns/engine-sample,36.67179393644617,36.51311202983139,36.82438594357976,3,9,0,128.0,256,100680,100680,provider-specific or unknown; see evidence.json,3.8921706391192856e-07,unavailable,unavailable,unavailable,per-run numerical report; see reference coverage,0.0,63.0,b4df8f99748a68e2187f8b9b9984e4e5a2ba94949c09513c5174f6927cddb0f2,m1-pro-16gb-local,48000,1,aligned,0,0,1,0,64,2056,0.17602461089494162,,,,,,,1,1,2.7413333333333334,0.0,2.6666666666666665,5.333333333333333,
3aeff8d50243a034,vdsp-ols-identity-float,chain,identity,float,2048,1024,64,4,callback,steady,0,ns/engine-sample,61.26006189982096,60.515530268351235,62.22174326578776,3,9,0,511.5,1023,106816,106816,provider-specific or unknown; see evidence.json,3.9384264027830795e-07,unavailable,unavailable,unavailable,per-run numerical report; see reference coverage,63.0,63.0,b570aaf062cc8b51c750ebad394aef41ae2526f4ef47408584f07058c94ce870,m1-pro-16gb-local,48000,4,staggered,0,0,1,0,64,8192,0.2940482971191406,1333.3333333333333,12.125,12.083,12.458,147.541,0.909375,8192,8192,10.922666666666666,0.0,10.65625,21.3125,
3aeff8d50243a034,fftw-ols-identity-float,chain,identity,float,2048,1024,64,1,throughput,steady,0,ns/engine-sample,19.312885072496204,17.18640391031901,23.281044006347656,3,9,0,511.5,1023,90424,90424,provider-specific or unknown; see evidence.json,3.157499577355338e-07,unavailable,unavailable,unavailable,per-run numerical report; see reference coverage,63.0,63.0,b5c29667d5d38fe302bc9428070a469573dfb156dd4f5a9dbd17c7353573c6da,m1-pro-16gb-local,96000,1,aligned,0,0,1,0,64,8192,0.18540369669596354,,,,,,,1,1,5.461333333333333,0.0,5.328125,10.65625,
3aeff8d50243a034,pffft-inverse-float,inverse-job,inverse,float,2048,257,64,1,throughput,steady,0,ns/engine-sample,19.906626607760487,19.798503870784696,20.05299276507782,3,9,0,0,-1,82184,82184,provider-specific or unknown; see evidence.json,1.884864389012364e-07,unavailable,unavailable,unavailable,per-run numerical report; see reference coverage,0.0,63.0,b66f4fb5e7d80fab24d1a5c5292a1a69dbabe4c0c6d79a5054f1515c96105827,m1-pro-16gb-local,48000,1,aligned,0,0,1,0,64,2056,0.09555180771725033,,,,,,,1,1,2.7413333333333334,0.0,0.0,,
3aeff8d50243a034,vdsp-ols-identity-float,chain,identity,float,2048,1024,64,16,callback,steady,0,ns/engine-sample,305.4970815446642,271.3776969909668,372.6419970194499,3,9,0,511.5,1023,106816,106816,provider-specific or unknown; see evidence.json,3.9384264027830795e-07,unavailable,unavailable,unavailable,per-run numerical report; see reference coverage,63.0,63.0,b67a9d839b9624d588d183f51bb91282b997209e8b36011d9cf8f13083369609,m1-pro-16gb-local,48000,16,aligned,0,0,1,0,64,8192,1.4663859914143882,1333.3333333333333,176.625,176.292,194.625,12879.667,13.246875000000001,8192,8192,10.922666666666666,0.0,10.65625,21.3125,
3aeff8d50243a034,legacy-batch-double,analysis,analysis,double,16384,1024,64,1,throughput,steady,0,ns/engine-sample,200.7483287387424,196.16871388753256,205.59093729654947,3,9,0,8191.5,-1,1311296,1311296,provider-specific or unknown; see evidence.json,1.814992600657206e-12,4.297985314237632e-16,4.4286390503187525e-16,0,per-run numerical report; see reference coverage,63.0,63.0,b684b8a2d2ece2209037a055627847eec459954438e15da3a77cb0dc1776f648,m1-pro-16gb-local,48000,1,aligned,0,0,1,0,64,8192,0.9635919779459635,,,,,,,1,1,10.922666666666666,0.0,170.65625,,170.65625
3aeff8d50243a034,ols-fir-batch-float,chain,fir,float,2048,1024,64,16,callback,steady,0,ns/engine-sample,1247.7423975202773,1227.070556640625,1282.8947264353435,3,9,0,511.5,1023,164304,164304,provider-specific or unknown; see evidence.json,1.5557269250621175e-07,unavailable,unavailable,unavailable,per-run numerical report; see reference coverage,63.0,63.0,b69353d0bd4854b60d627b6b298fec465b5f87630aa9ee015c0fc109968641cf,m1-pro-16gb-local,48000,16,aligned,0,0,1,0,64,8192,5.989163508097331,1333.3333333333333,1176.5,1164.667,1177.916,6370.834,88.23750000000001,8192,8192,10.922666666666666,0.0,10.65625,21.3125,
3aeff8d50243a034,fftw-ols-identity-double,chain,identity,double,16384,1024,64,1,callback,steady,0,ns/engine-sample,286.89954418606226,283.18992296854657,289.66164716084796,3,9,0,511.5,1023,1327432,1327432,provider-specific or unknown; see evidence.json,5.613217783960923e-16,unavailable,unavailable,unavailable,per-run numerical report; see reference coverage,63.0,63.0,b69fe474e3d92c46aaac888cf8b39598cf956d1cf1f5d8acca7bca16ebc55bd5,m1-pro-16gb-local,48000,1,aligned,0,0,1,0,64,8192,1.377117812093099,1333.3333333333333,292.5,286.542,294.125,472.666,21.9375,8192,8192,10.922666666666666,0.0,10.65625,21.3125,
3aeff8d50243a034,core-independent4-simd,analysis,analysis,float,4096,1024,64,4,throughput,steady,0,ns/engine-sample,47.853866789076065,47.47327105204264,48.04555575052897,3,9,1023,2047.5,-1,1294936,1294936,provider-specific or unknown; see evidence.json,0.00031951069831848145,2.7942757904711543e-07,3.12241851333567e-07,72,per-run numerical report; see reference coverage,1023.0,1023.0,b748a9e6c19afa9a5c2a08f517dceb223d75fad19f4034b73ae269c19b69d18f,m1-pro-16gb-local,48000,1,aligned,0,0,1,0,64,8192,0.22969856058756508,,,,,,,1,1,10.922666666666666,21.3125,42.65625,,63.96875
3aeff8d50243a034,ols-fir-incremental-double,chain,fir,double,2048,1024,64,1,throughput,steady,0,ns/engine-sample,77.37568558586968,76.2341817220052,78.46432240804036,3,9,1023,511.5,2046,295392,295392,provider-specific or unknown; see evidence.json,2.482534153247273e-16,unavailable,unavailable,unavailable,per-run numerical report; see reference coverage,1023.0,1023.0,b76a12ae2245106db9a0512a659f8a7b741ae435540ba87aeb9284308aa4b8e7,m1-pro-16gb-local,48000,1,aligned,0,0,1,0,64,8192,0.3714032908121745,,,,,,,1,1,10.922666666666666,21.3125,10.65625,42.625,
3aeff8d50243a034,legacy-batch-float,analysis,analysis,float,2048,1024,64,1,callback,startup,0,ns/engine-sample,24.176179462009006,23.901281356811523,24.341209411621094,3,9,0,1023.5,-1,90680,90680,provider-specific or unknown; see evidence.json,0.00014317035675048828,2.846948243165582e-07,6.468453835776953e-07,0,per-run numerical report; see reference coverage,63.0,63.0,b78132c9d335cd1f49c015493db797103f4be9d3e7894e92ef3dd48919f701f1,m1-pro-16gb-local,48000,1,aligned,0,0,1,0,64,8192,0.11604566141764323,1333.3333333333333,19.958,19.583,19.959,42.375,1.49685,8192,8192,10.922666666666666,0.0,21.322916666666668,,21.322916666666668
3aeff8d50243a034,pffft-analysis4-float,analysis,analysis,float,16384,1024,64,4,throughput,steady,0,ns/engine-sample,172.9435831705729,170.1213518778483,175.64564259847006,3,9,0,8191.5,-1,1968488,1968488,provider-specific or unknown; see evidence.json,0.00048828125,1.3661267138243678e-07,1.1922903169691885e-07,0,per-run numerical report; see reference coverage,63.0,63.0,b8b353972b5cf46f6800d7864f4a83be5be763087cbef3c5c0f9e27f2c9117e7,m1-pro-16gb-local,48000,1,aligned,0,0,1,0,64,8192,0.83012919921875,,,,,,,1,1,10.922666666666666,0.0,170.65625,,170.65625
3aeff8d50243a034,fftw-ols-fir-float,chain,fir,float,2048,1024,64,4,throughput,steady,0,ns/engine-sample,66.56259070502388,65.17121569315593,67.36050669352214,3,9,0,511.5,1023,90424,90424,provider-specific or unknown; see evidence.json,1.8128045553567063e-07,unavailable,unavailable,unavailable,per-run numerical report; see reference coverage,63.0,63.0,b8f9ded2cd50d835aa0945eda6b43828b55ed8a56da2a3523825d7f0e39d5bf9,m1-pro-16gb-local,48000,4,aligned,0,0,1,0,64,8192,0.3195004353841146,,,,,,,1,1,10.922666666666666,0.0,10.65625,21.3125,
3aeff8d50243a034,fftw-analysis-float,analysis,analysis,float,2048,1024,64,16,throughput,steady,0,ns/engine-sample,146.2242863972982,145.74008496602377,146.61145146687826,3,9,0,1023.5,-1,62032,62032,provider-specific or unknown; see evidence.json,0.0001220703125,1.6833401972470574e-07,2.3817976355656692e-07,0,per-run numerical report; see reference coverage,63.0,63.0,b904cd98e26cb63d3c2a7253cf27f61ff31cb0e127ad36912e1858ba854d8e77,m1-pro-16gb-local,48000,16,staggered,0,0,1,0,64,8192,0.7018765747070312,,,,,,,1,1,10.922666666666666,0.0,21.322916666666668,,21.322916666666668
3aeff8d50243a034,ols-identity-batch-float,chain,identity,float,2048,1024,64,4,throughput,steady,0,ns/engine-sample,298.65298419528534,294.2655086517334,303.19121106465656,3,9,0,511.5,1023,164304,164304,provider-specific or unknown; see evidence.json,3.2098083124765253e-07,unavailable,unavailable,unavailable,per-run numerical report; see reference coverage,63.0,63.0,b919428a92529b9c32831f4645f3da1de21900b2f521b8ee5ca2e4d23037cd35,m1-pro-16gb-local,48000,4,staggered,0,0,1,0,64,8192,1.4335343241373697,,,,,,,1,1,10.922666666666666,0.0,10.65625,21.3125,
3aeff8d50243a034,fftw-ols-identity-float,chain,identity,float,2048,1024,64,16,callback,steady,0,ns/engine-sample,328.9925880432129,327.64119720458984,329.7890739440918,3,9,0,511.5,1023,90424,90424,provider-specific or unknown; see evidence.json,3.157499577355338e-07,unavailable,unavailable,unavailable,per-run numerical report; see reference coverage,63.0,63.0,b95505de91b9c305e9561a04d8d08a42f7c693d25b7230dc0d471171a9880fd2,m1-pro-16gb-local,48000,16,aligned,0,0,1,0,64,8192,1.579164422607422,1333.3333333333333,204.083,201.083,204.959,403.792,15.306225,8192,8192,10.922666666666666,0.0,10.65625,21.3125,
3aeff8d50243a034,ols-identity-incremental-float,chain,identity,float,2048,1024,64,16,callback,steady,0,ns/engine-sample,1248.2150442335342,1222.468500773112,1278.4512163798015,3,9,1023,511.5,2046,164304,164304,provider-specific or unknown; see evidence.json,3.2098083124765253e-07,unavailable,unavailable,unavailable,per-run numerical report; see reference coverage,1023.0,1023.0,b9cd54d35eb24f4dc14835a16ed4d0879e84b30910fc08293942488e34437f8e,m1-pro-16gb-local,48000,16,aligned,0,0,1,0,64,8192,5.991432212320964,1333.3333333333333,136.75,136.75,143.167,312.75,10.256250000000001,8192,8192,10.922666666666666,21.3125,10.65625,42.625,
3aeff8d50243a034,pffft-scheduled-batch-float,analysis,analysis,float,2048,1024,64,1,callback,steady,0,ns/engine-sample,26.672908359103733,26.42381985982259,27.086219151814777,3,9,0,1023.5,-1,66184,66184,provider-specific or unknown; see evidence.json,6.103515625e-05,1.2019560717045903e-07,1.191954924079027e-07,0,per-run numerical report; see reference coverage,63.0,63.0,b9e2204774e98b4118ec20b95181eb55b0740c0fdfe7dc238e1c49fe8779d4ee,m1-pro-16gb-local,48000,1,aligned,0,0,1,32,64,8192,0.1280299601236979,1333.3333333333333,19.667,19.0,20.625,159.792,1.475025,8192,8192,10.922666666666666,0.0,21.322916666666668,,21.322916666666668
3aeff8d50243a034,vdsp-analysis-float,analysis,analysis,float,2048,1024,64,1,callback,steady,0,ns/engine-sample,10.215665605333117,9.591627756754557,10.563270568847656,3,9,0,1023.5,-1,70232,70232,provider-specific or unknown; see evidence.json,6.103515625e-05,1.4261480916057953e-07,1.1945004482661556e-07,0,per-run numerical report; see reference coverage,63.0,63.0,baba87d4230d446858b900f0366e42ccce4abf67a42b9ab0d281cc155b679248,m1-pro-16gb-local,96000,1,aligned,0,0,1,0,64,8192,0.09807038981119791,666.6666666666666,5.042,4.75,5.083,449.583,0.7563,8192,8192,5.461333333333333,0.0,10.661458333333334,,10.661458333333334
3aeff8d50243a034,vdsp-inverse-double,inverse-job,inverse,double,4096,1024,64,1,throughput,steady,0,ns/engine-sample,15.988173378838434,15.870889027913412,16.144938151041668,3,9,0,0,-1,393488,393488,provider-specific or unknown; see evidence.json,3.5283439685664285e-15,unavailable,unavailable,unavailable,per-run numerical report; see reference coverage,63.0,63.0,bac547884c28d185dc54c7a963f9f74c300047cf7d649297f8e2157d067d4dbe,m1-pro-16gb-local,48000,1,aligned,0,0,1,0,64,8192,0.07674323221842448,,,,,,,1,1,10.922666666666666,0.0,0.0,,
3aeff8d50243a034,vdsp-ols-fir-float,chain,fir,float,2048,1024,64,16,callback,steady,0,ns/engine-sample,274.00323465135364,268.46171379089355,278.0700003306071,3,9,0,511.5,1023,106816,106816,provider-specific or unknown; see evidence.json,2.0061301597706915e-07,unavailable,unavailable,unavailable,per-run numerical report; see reference coverage,63.0,63.0,bb116a9ee9b4b7211d1a8125130e28e94e709727f4d729ea8d1a62d06d9bcd34,m1-pro-16gb-local,48000,16,aligned,0,0,1,0,64,8192,1.3152155263264975,1333.3333333333333,175.208,174.125,175.792,448.459,13.140600000000001,8192,8192,10.922666666666666,0.0,10.65625,21.3125,
3aeff8d50243a034,vdsp-fft-double,transform,fft,double,2048,1024,64,1,complete,steady,0,ns/transform,5214.957248263889,5113.274739583333,5324.439453125,3,9,0,0,-1,65640,65640,provider-specific or unknown; see evidence.json,1.0790437558169844e-10,unavailable,unavailable,unavailable,per-run numerical report; see reference coverage,unavailable,unavailable,bb7359fde1e888dd72929f7a1173f636765c2ca0b2d2f163861396f0c97962a0,m1-pro-16gb-local,48000,1,aligned,0,0,1,0,64,1024,,,,,,,,1024,1024,,0.0,0.0,,
3aeff8d50243a034,pffft-inverse-float,inverse-job,inverse,float,2048,1024,64,16,callback,steady,0,ns/engine-sample,77.71213722229004,76.79469553629558,78.28280258178711,3,9,0,0,-1,82184,82184,provider-specific or unknown; see evidence.json,1.884864389012364e-07,unavailable,unavailable,unavailable,per-run numerical report; see reference coverage,63.0,63.0,bb8f8e90da6d028ed6fc3618952cfe3e0af7592d3456e2e45157a16cf07da1c9,m1-pro-16gb-local,48000,16,aligned,0,0,1,0,64,8192,0.3730182586669922,1333.3333333333333,65.542,65.042,66.542,186.042,4.91565,8192,8192,10.922666666666666,0.0,0.0,,
3aeff8d50243a034,vdsp-ols-identity-float,chain,identity,float,2048,1024,64,1,callback,steady,63,ns/engine-sample,14.23732164171007,13.865349451700846,14.84865951538086,3,9,0,511.5,1023,106816,106816,provider-specific or unknown; see evidence.json,3.9384264027830795e-07,unavailable,unavailable,unavailable,per-run numerical report; see reference coverage,62.0,62.0,bbe331d1517c3b5656384a81a18ef683a9365579707f71e059226da640ad89b1,m1-pro-16gb-local,48000,1,aligned,0,0,1,0,64,8192,0.06833914388020834,1333.3333333333333,9.042,8.917,9.125,51.291,0.67815,8192,8192,10.922666666666666,0.0,10.65625,21.3125,
3aeff8d50243a034,core-float,analysis,analysis,float,2048,1024,64,16,throughput,steady,0,ns/engine-sample,394.73193634880914,389.44254938761395,398.54492060343426,3,9,1023,1023.5,-1,565780,565780,provider-specific or unknown; see evidence.json,0.00014317035675048828,2.15934702845581e-07,2.794693895227653e-07,0,per-run numerical report; see reference coverage,1023.0,1023.0,bc398a61c85551ec50a0517962733d3d47e8289057dbf95c3afc66623fc30778,m1-pro-16gb-local,48000,16,aligned,0,0,1,0,64,8192,1.894713294474284,,,,,,,1,1,10.922666666666666,21.3125,21.322916666666668,,42.63541666666667
3aeff8d50243a034,fftw-inverse-double,inverse-job,inverse,double,16384,1024,64,1,throughput,steady,0,ns/engine-sample,136.2358375125461,134.46023750305176,137.47228495279947,3,9,0,0,-1,1310984,1310984,provider-specific or unknown; see evidence.json,3.554447978966673e-15,unavailable,unavailable,unavailable,per-run numerical report; see reference coverage,63.0,63.0,bc455b5983c2074c4f7f473d00b446010012cd13a762cacb6f107d002a9cfbeb,m1-pro-16gb-local,48000,1,aligned,0,0,1,0,64,8192,0.6539320200602213,,,,,,,1,1,10.922666666666666,0.0,0.0,,
3aeff8d50243a034,core-float,analysis,analysis,float,2048,1024,64,1,callback,steady,15,ns/engine-sample,21.314167658487957,20.38435236612956,22.449843724568684,3,9,1023,1023.5,-1,565780,565780,provider-specific or unknown; see evidence.json,0.00014317035675048828,2.15934702845581e-07,2.794693895227653e-07,0,per-run numerical report; see reference coverage,1038.0,1038.0,bc607d2257ff45bc2409557d78aca14d7be509b14ef06a462049363e395d9db6,m1-pro-16gb-local,48000,1,aligned,0,0,1,0,64,8192,0.10230800476074219,1333.3333333333333,1.917,1.875,1.958,255.917,0.143775,8192,8192,10.922666666666666,21.3125,21.322916666666668,,42.63541666666667
3aeff8d50243a034,pffft-scheduled-batch-float,analysis,analysis,float,2048,1024,64,1,callback,steady,15,ns/engine-sample,20.717067930433483,20.44546127319336,21.14181073506673,3,9,0,1023.5,-1,66184,66184,provider-specific or unknown; see evidence.json,6.103515625e-05,1.2019560717045903e-07,1.191954924079027e-07,0,per-run numerical report; see reference coverage,14.0,14.0,bc7be1c0633a3a1a7d0744dfbb8f7a71354bc552bec4d9e10905928ba70258e8,m1-pro-16gb-local,48000,1,aligned,0,0,1,0,64,8192,0.09944192606608072,1333.3333333333333,16.0,16.0,16.458,128.583,1.2000000000000002,8192,8192,10.922666666666666,0.0,21.322916666666668,,21.322916666666668
3aeff8d50243a034,pffft-hybrid-float,analysis,analysis,float,2048,1024,64,1,callback,steady,0,ns/engine-sample,16.202700085110134,15.929753621419271,16.437422434488933,3,9,1023,1023.5,-1,66184,66184,provider-specific or unknown; see evidence.json,6.103515625e-05,1.2019560717045903e-07,1.191954924079027e-07,0,per-run numerical report; see reference coverage,1023.0,1023.0,bc98940514c771d372666dda3192ea1bffa433aa6d3412cecad10ea603513a0f,m1-pro-16gb-local,96000,1,aligned,0,0,1,0,64,8192,0.1555459208170573,666.6666666666666,2.625,2.584,2.667,20.625,0.39375000000000004,8192,8192,5.461333333333333,10.65625,10.661458333333334,,21.317708333333336
3aeff8d50243a034,pffft-analysis4-float,analysis,analysis,float,2048,1024,64,4,callback,steady,0,ns/engine-sample,34.184266832139755,31.735446294148762,37.26374499003092,3,9,0,1023.5,-1,248168,248168,provider-specific or unknown; see evidence.json,6.103515625e-05,1.369317643585563e-07,1.192814319545056e-07,0,per-run numerical report; see reference coverage,63.0,63.0,be05d4a533c1b5062388a4d49e1ef5499bcfba6be68e15ccc346e397e805db32,m1-pro-16gb-local,48000,1,aligned,0,0,1,0,64,8192,0.16408448079427082,1333.3333333333333,19.75,19.125,19.75,146.167,1.4812500000000002,8192,8192,10.922666666666666,0.0,21.322916666666668,,21.322916666666668
3aeff8d50243a034,pffft-ols-identity-float,chain,identity,float,2048,1024,64,4,callback,steady,0,ns/engine-sample,59.710510889689125,58.80377006530762,60.544982274373375,3,9,0,511.5,1023,90424,90424,provider-specific or unknown; see evidence.json,3.223614157832344e-07,unavailable,unavailable,unavailable,per-run numerical report; see reference coverage,63.0,63.0,be7b8a3cfdd286d34d6a18cbac40704b319510699e61b9237ff4dc018a260a8d,m1-pro-16gb-local,48000,4,aligned,0,0,1,0,64,8192,0.2866104522705078,1333.3333333333333,43.417,42.625,45.125,190.0,3.256275,8192,8192,10.922666666666666,0.0,10.65625,21.3125,
3aeff8d50243a034,pffft-hybrid-float,analysis,analysis,float,2048,1024,64,4,throughput,steady,0,ns/engine-sample,65.45103899637859,64.45381355285645,66.19490496317546,3,9,1023,1023.5,-1,66184,66184,provider-specific or unknown; see evidence.json,6.103515625e-05,1.2019560717045903e-07,1.191954924079027e-07,0,per-run numerical report; see reference coverage,1023.0,1023.0,be987da1af60857e0c307cbf112bc0d333a4aea0d4dca1e5de79faaf574043a9,m1-pro-16gb-local,48000,4,staggered,0,0,1,0,64,8192,0.3141649871826172,,,,,,,1,1,10.922666666666666,21.3125,21.322916666666668,,42.63541666666667
3aeff8d50243a034,ols-identity-batch-float,chain,identity,float,2048,1024,64,1,throughput,steady,0,ns/engine-sample,174.09524197048611,160.73226928710938,185.85152053833008,3,9,0,511.5,1023,164304,164304,provider-specific or unknown; see evidence.json,3.2098083124765253e-07,unavailable,unavailable,unavailable,per-run numerical report; see reference coverage,63.0,63.0,bec65b1451a4078cd9d191ed12ac3a3dbf6bd312dad2a63471473d51a0c5ad29,m1-pro-16gb-local,48000,1,aligned,64,0,1,0,64,8192,0.8356571614583334,,,,,,,1,1,10.922666666666666,0.0,10.65625,21.3125,
3aeff8d50243a034,inverse-stream-batch-float,inverse-job,inverse,float,2048,1024,64,1,callback,startup,0,ns/engine-sample,38.615369160970054,38.326450983683266,38.80851364135742,3,9,0,0,-1,139600,139600,provider-specific or unknown; see evidence.json,4.053554221172817e-07,unavailable,unavailable,unavailable,per-run numerical report; see reference coverage,63.0,63.0,bf0731fba6d6ac007ffdc16b5df7e942caa0dce913346ba32834f3fc6b2b0445,m1-pro-16gb-local,48000,1,aligned,0,0,1,0,64,8192,0.18535377197265626,1333.3333333333333,34.916,34.291,34.958,60.584,2.6187,8192,8192,10.922666666666666,0.0,0.0,,
3aeff8d50243a034,fftw-ols-identity-float,chain,identity,float,2048,257,64,1,throughput,steady,0,ns/engine-sample,49.720632194390404,48.936950287775616,50.6432924975681,3,9,0,128.0,256,84288,84288,provider-specific or unknown; see evidence.json,3.653064482023183e-07,unavailable,unavailable,unavailable,per-run numerical report; see reference coverage,0.0,63.0,bf0cc030331671214618a1a1ce59b7fe59ad6761f0fa7b4984dfac4e412776dc,m1-pro-16gb-local,48000,1,aligned,0,0,1,0,64,2056,0.23865903453307394,,,,,,,1,1,2.7413333333333334,0.0,2.6666666666666665,5.333333333333333,
3aeff8d50243a034,pffft-scheduled-batch-float,analysis,analysis,float,2048,1024,64,1,callback,steady,1,ns/engine-sample,20.5964232550727,20.537661870320637,20.6357847849528,3,9,0,1023.5,-1,66184,66184,provider-specific or unknown; see evidence.json,6.103515625e-05,1.2019560717045903e-07,1.191954924079027e-07,0,per-run numerical report; see reference coverage,0.0,0.0,bf2f6208fadcb11fd868d34951c60f2f52154a9797a6c2c095862e2f0cc94518,m1-pro-16gb-local,48000,1,aligned,0,0,1,0,64,8192,0.09886283162434896,1333.3333333333333,16.083,16.0,16.25,48.0,1.206225,8192,8192,10.922666666666666,0.0,21.322916666666668,,21.322916666666668
3aeff8d50243a034,legacy-incremental-float,analysis,analysis,float,2048,1024,64,1,callback,steady,0,ns/engine-sample,108.06464936998155,107.41699473063152,108.83173370361328,3,9,1023,1023.5,-1,90712,90712,provider-specific or unknown; see evidence.json,0.00014317035675048828,2.15934702845581e-07,2.794693895227653e-07,0,per-run numerical report; see reference coverage,1023.0,1023.0,bf2f8aac74dacaec3ad2eac6236b175bff2671b7b1683f8553fdbb932826fc03,m1-pro-16gb-local,48000,1,aligned,64,0,1,0,64,8192,0.5187103169759114,1333.3333333333333,9.542,9.5,9.833,105.083,0.7156500000000001,8192,8192,10.922666666666666,21.3125,21.322916666666668,,42.63541666666667
3aeff8d50243a034,legacy-incremental-float,analysis,analysis,float,2048,1024,64,1,callback,startup,0,ns/engine-sample,22.12865532769097,21.923446655273438,22.526093165079754,3,9,1023,1023.5,-1,90712,90712,provider-specific or unknown; see evidence.json,0.00014317035675048828,2.846948243165582e-07,6.468453835776953e-07,0,per-run numerical report; see reference coverage,1023.0,1023.0,bf86cb9e020ef5d055b068aad36f5d5390bc7a8c923b82b14cdd650de74dae44,m1-pro-16gb-local,48000,1,aligned,0,0,1,0,64,8192,0.10621754557291667,1333.3333333333333,3.917,3.875,3.959,97.625,0.293775,8192,8192,10.922666666666666,21.3125,21.322916666666668,,42.63541666666667
3aeff8d50243a034,inverse-stream-batch-float,inverse-job,inverse,float,2048,1024,64,16,callback,steady,0,ns/engine-sample,617.196091969808,600.9314079284668,633.5765374501547,3,9,0,0,-1,139600,139600,provider-specific or unknown; see evidence.json,4.053554221172817e-07,unavailable,unavailable,unavailable,per-run numerical report; see reference coverage,63.0,63.0,c003d65ef1ee022c7c53947ab51d55400d97d08aa05a52ef04eedbc21d050ff6,m1-pro-16gb-local,48000,16,aligned,0,0,1,0,64,8192,2.962541241455078,1333.3333333333333,598.458,583.5,600.583,2900.458,44.884350000000005,8192,8192,10.922666666666666,0.0,0.0,,
3aeff8d50243a034,vdsp-analysis4-float,analysis,analysis,float,2048,1024,64,4,throughput,steady,0,ns/engine-sample,37.9038208855523,37.405517578125,38.32083257039388,3,9,0,1023.5,-1,280968,280968,provider-specific or unknown; see evidence.json,6.765127182006836e-05,1.600900504170092e-07,1.321731601414126e-07,0,per-run numerical report; see reference coverage,63.0,63.0,c07691cc9449368339f93d7594f0d2e469ff3194cfdbad70c1259d670bb7fe75,m1-pro-16gb-local,48000,1,aligned,0,0,1,0,64,8192,0.18193834025065106,,,,,,,1,1,10.922666666666666,0.0,21.322916666666668,,21.322916666666668
3aeff8d50243a034,pffft-hybrid-float,analysis,analysis,float,2048,1024,64,4,callback,steady,0,ns/engine-sample,72.20171568128798,68.63927332560222,78.5094165802002,3,9,1023,1023.5,-1,66184,66184,provider-specific or unknown; see evidence.json,6.103515625e-05,1.2019560717045903e-07,1.191954924079027e-07,0,per-run numerical report; see reference coverage,1023.0,1023.0,c11fb17127dda86a738d5fba28865824ec8974df14eda1d63787b384fed63bf0,m1-pro-16gb-local,48000,4,aligned,0,0,1,0,64,8192,0.34656823527018227,1333.3333333333333,11.042,11.0,11.042,29.833,0.82815,8192,8192,10.922666666666666,21.3125,21.322916666666668,,42.63541666666667
3aeff8d50243a034,vdsp-ols-fir-double,chain,fir,double,16384,1024,64,1,callback,steady,0,ns/engine-sample,192.91785769992404,189.299285252889,194.9186528523763,3,9,0,511.5,1023,1589584,1589584,provider-specific or unknown; see evidence.json,2.423651445728339e-16,unavailable,unavailable,unavailable,per-run numerical report; see reference coverage,63.0,63.0,c20d28aa169387950235abffa56b850f394df4a687a3fb98e7ff1ecca6bcdb81,m1-pro-16gb-local,48000,1,aligned,0,0,1,0,64,8192,0.9260057169596354,1333.3333333333333,195.916,192.875,197.708,824.25,14.6937,8192,8192,10.922666666666666,0.0,10.65625,21.3125,
3aeff8d50243a034,legacy-incremental-float,analysis,analysis,float,2048,1024,64,1,throughput,startup,0,ns/engine-sample,22.075944688585068,21.832625071207683,22.310601552327473,3,9,1023,1023.5,-1,90712,90712,provider-specific or unknown; see evidence.json,0.00014317035675048828,2.846948243165582e-07,6.468453835776953e-07,0,per-run numerical report; see reference coverage,1023.0,1023.0,c2f33515e13bbc255b3aded3e74440855b6e5424324f3cb839df70f626d2dd31,m1-pro-16gb-local,48000,1,aligned,0,0,1,0,64,8192,0.10596453450520832,,,,,,,1,1,10.922666666666666,21.3125,21.322916666666668,,42.63541666666667
3aeff8d50243a034,vdsp-ols-fir-float,chain,fir,float,2048,1024,64,4,callback,steady,0,ns/engine-sample,59.44230863783095,58.00628852844238,61.25898869832357,3,9,0,511.5,1023,106816,106816,provider-specific or unknown; see evidence.json,2.0061301597706915e-07,unavailable,unavailable,unavailable,per-run numerical report; see reference coverage,63.0,63.0,c33e39d9138b575dff9d1fc492e9bcd87db55898d48fddd8169f3df38b7c8540,m1-pro-16gb-local,48000,4,aligned,0,0,1,0,64,8192,0.2853230814615885,1333.3333333333333,41.833,40.833,43.25,140.125,3.1374750000000002,8192,8192,10.922666666666666,0.0,10.65625,21.3125,
3aeff8d50243a034,legacy-batch-double,analysis,analysis,double,2048,1024,64,1,callback,steady,0,ns/engine-sample,31.354450437757706,25.47753842671712,42.27262814839681,3,9,0,1023.5,-1,164416,164416,provider-specific or unknown; see evidence.json,2.464140003155535e-13,4.3806019490456896e-16,4.812022594134366e-16,0,per-run numerical report; see reference coverage,63.0,63.0,c389df2976626a7f0ee28f6d8a460bcd6911b27a73fef9c8c24f73bb6d88334c,m1-pro-16gb-local,48000,1,aligned,0,0,1,0,64,8192,0.150501362101237,1333.3333333333333,21.583,21.125,21.584,2179.041,1.6187250000000002,8192,8192,10.922666666666666,0.0,21.322916666666668,,21.322916666666668
3aeff8d50243a034,inverse-stream-batch-float,inverse-job,inverse,float,2048,1024,64,1,callback,steady,1,ns/engine-sample,38.557104958428276,38.02946853637695,38.83811124165853,3,9,0,0,-1,139600,139600,provider-specific or unknown; see evidence.json,4.053554221172817e-07,unavailable,unavailable,unavailable,per-run numerical report; see reference coverage,0.0,0.0,c4692a79ad287ef77b28fe42faa08d4e119a1eebfe08bbac26b854aa553d16a2,m1-pro-16gb-local,48000,1,aligned,0,0,1,0,64,8192,0.18507410380045575,1333.3333333333333,35.084,34.084,35.125,126.958,2.6313000000000004,8192,8192,10.922666666666666,0.0,0.0,,
3aeff8d50243a034,pffft-ols-fir-float,chain,fir,float,2048,257,64,1,callback,steady,0,ns/engine-sample,42.879180683906185,41.92051465223736,43.98334650616083,3,9,0,128.0,256,84288,84288,provider-specific or unknown; see evidence.json,1.862645149230957e-07,unavailable,unavailable,unavailable,per-run numerical report; see reference coverage,0.0,63.0,c488687616c0bf6dfea04fe649ed6c8f38629b91551dc832e43338468f998432,m1-pro-16gb-local,48000,1,aligned,0,0,1,0,64,2056,0.20582006728274968,1333.3333333333333,10.083,9.833,10.5,59.958,0.756225,2056,2056,2.7413333333333334,0.0,2.6666666666666665,5.333333333333333,
3aeff8d50243a034,vdsp-ols-identity-float,chain,identity,float,2048,1024,64,1,throughput,steady,0,ns/engine-sample,99.3651549021403,98.3952153523763,99.95781008402507,3,9,0,511.5,1023,106816,106816,provider-specific or unknown; see evidence.json,3.9384264027830795e-07,unavailable,unavailable,unavailable,per-run numerical report; see reference coverage,63.0,63.0,c4e29485272c2a66ea9cd026fb89cdd4e1ec75c8e156493f77128e522c3f4c35,m1-pro-16gb-local,48000,1,aligned,64,0,1,0,64,8192,0.47695274353027345,,,,,,,1,1,10.922666666666666,0.0,10.65625,21.3125,
3aeff8d50243a034,vdsp-inverse-double,inverse-job,inverse,double,16384,1024,64,1,throughput,steady,0,ns/engine-sample,87.2695443895128,86.6652062733968,88.09966468811035,3,9,0,0,-1,1573136,1573136,provider-specific or unknown; see evidence.json,3.66205343881779e-15,unavailable,unavailable,unavailable,per-run numerical report; see reference coverage,63.0,63.0,c550d92e5e18ad34376b07596e63892bcf760afd5d10f0d0e824abf583f6b6a4,m1-pro-16gb-local,48000,1,aligned,0,0,1,0,64,8192,0.41889381306966145,,,,,,,1,1,10.922666666666666,0.0,0.0,,
3aeff8d50243a034,vdsp-ols-fir-float,chain,fir,float,2048,1024,64,1,callback,steady,0,ns/engine-sample,99.45228809780545,98.6880448659261,100.17783737182617,3,9,0,511.5,1023,106816,106816,provider-specific or unknown; see evidence.json,2.0061301597706915e-07,unavailable,unavailable,unavailable,per-run numerical report; see reference coverage,63.0,63.0,c66c4df2ffd51727b5f73965ca634178d6cdba855bb05e1bfe76a5d8b3f1c27e,m1-pro-16gb-local,48000,1,aligned,64,0,1,0,64,8192,0.4773709828694661,1333.3333333333333,14.417,14.375,14.625,40.25,1.081275,8192,8192,10.922666666666666,0.0,10.65625,21.3125,
3aeff8d50243a034,pffft-ols-identity-float,chain,identity,float,2048,1024,64,1,throughput,startup,0,ns/engine-sample,15.429629643758139,15.306340535481771,15.610616048177084,3,9,0,511.5,1023,90424,90424,provider-specific or unknown; see evidence.json,3.223614157832344e-07,unavailable,unavailable,unavailable,per-run numerical report; see reference coverage,63.0,63.0,c75192f6e170c877e861a8daf738c83dc12169a04a09fd7c8ae50c02285a7fce,m1-pro-16gb-local,48000,1,aligned,0,0,1,0,64,8192,0.07406222229003906,,,,,,,1,1,10.922666666666666,0.0,10.65625,21.3125,
3aeff8d50243a034,fftw-inverse-float,inverse-job,inverse,float,2048,1024,64,16,throughput,steady,0,ns/engine-sample,89.85252698262532,89.01492754618327,90.37650871276855,3,9,0,0,-1,82184,82184,provider-specific or unknown; see evidence.json,1.3328003944934608e-07,unavailable,unavailable,unavailable,per-run numerical report; see reference coverage,63.0,63.0,c7a218d06310bffb8f913ab8268116746bbd2244e9df06cdcc4f734ea3e2075d,m1-pro-16gb-local,48000,16,staggered,0,0,1,0,64,8192,0.43129212951660156,,,,,,,1,1,10.922666666666666,0.0,0.0,,
3aeff8d50243a034,rfft-double,transform,rfft,double,16384,1024,64,1,complete,steady,0,ns/transform,173725.60698784722,171635.88541666666,174948.49446614584,3,9,0,0,-1,917712,917712,provider-specific or unknown; see evidence.json,7.55509550451532e-09,unavailable,unavailable,unavailable,per-run numerical report; see reference coverage,unavailable,unavailable,c7cb6fb236f4749181d98af25ca947dde5c531158bb80c8b857de594f0b4ef9e,m1-pro-16gb-local,48000,1,aligned,0,0,1,0,64,1024,,,,,,,,1024,1024,,0.0,0.0,,
3aeff8d50243a034,vdsp-analysis4-float,analysis,analysis,float,2048,1024,64,4,callback,steady,0,ns/engine-sample,40.85693380567763,40.62727038065592,41.16552925109863,3,9,0,1023.5,-1,280968,280968,provider-specific or unknown; see evidence.json,9.1552734375e-05,2.131888687558105e-07,2.3848573008709736e-07,0,per-run numerical report; see reference coverage,63.0,63.0,c80c63aed561228591a3e4d6483b155c2c93cef5c089f1614c6c4c0346268089,m1-pro-16gb-local,48000,1,aligned,0,1,1,0,64,8192,0.1961132822672526,1333.3333333333333,25.875,24.875,25.917,50.584,1.940625,8192,8192,10.922666666666666,0.0,21.322916666666668,,21.322916666666668
3aeff8d50243a034,pffft-ols-fir-float,chain,fir,float,2048,1024,64,1,throughput,steady,0,ns/engine-sample,15.601299285888672,15.196535110473633,15.889856338500977,3,9,0,511.5,1023,90424,90424,provider-specific or unknown; see evidence.json,1.5359765370703826e-07,unavailable,unavailable,unavailable,per-run numerical report; see reference coverage,63.0,63.0,c8264579325176b0664f107d81f3830f286515fcee69dd53223e3fefbfced8f0,m1-pro-16gb-local,48000,1,aligned,0,0,1,32,64,8192,0.07488623657226562,,,,,,,1,1,10.922666666666666,0.0,10.65625,21.3125,
3aeff8d50243a034,legacy-incremental-float,analysis,analysis,float,2048,257,64,1,throughput,steady,0,ns/engine-sample,76.74199328523562,75.71863600437743,77.30739806258106,3,9,255,1023.5,-1,90712,90712,provider-specific or unknown; see evidence.json,0.00015395879745483398,2.450622728504207e-07,3.00340987553129e-07,0,per-run numerical report; see reference coverage,255.0,318.0,c8754de9fb9541f03d776665f761ea90ced48cfad6c1b3996c8beed17f48d980,m1-pro-16gb-local,48000,1,aligned,0,0,1,0,64,2056,0.368361567769131,,,,,,,1,1,2.7413333333333334,5.3125,21.322916666666668,,26.635416666666668
3aeff8d50243a034,core-independent4-float,analysis,analysis,float,16384,1024,64,4,callback,steady,0,ns/engine-sample,593.0775646633572,582.746888478597,611.6836293538412,3,9,1023,8191.5,-1,2377848,2377848,provider-specific or unknown; see evidence.json,0.000244140625,4.658690921852397e-07,1.9327665881866793e-07,0,per-run numerical report; see reference coverage,1023.0,1023.0,c8ec9cb50f884c253ba1f9337f10ad52af8e458f7f2ed7c4d78049dfba56dba5,m1-pro-16gb-local,48000,1,aligned,0,1,1,0,64,8192,2.8467723103841145,1333.3333333333333,70.333,69.791,71.208,1524.084,5.274975,8192,8192,10.922666666666666,21.3125,170.65625,,191.96875
3aeff8d50243a034,ols-identity-incremental-float,chain,identity,float,2048,257,64,1,throughput,steady,0,ns/engine-sample,277.1178351640186,272.2418125810635,280.0549484233139,3,9,256,128.0,512,152032,152032,provider-specific or unknown; see evidence.json,3.604110077048972e-07,unavailable,unavailable,unavailable,per-run numerical report; see reference coverage,256.0,319.0,c90a79583756f523e7a372b240c5b90a0f4a703d2a2cd4181e4edd57f47debeb,m1-pro-16gb-local,48000,1,aligned,0,0,1,0,64,2056,1.330165608787289,,,,,,,1,1,2.7413333333333334,5.333333333333333,2.6666666666666665,10.666666666666666,
3aeff8d50243a034,vdsp-ifft-double,transform,ifft,double,128,37,64,1,complete,steady,0,ns/transform,249.87912326388889,238.99869791666666,257.0970052083333,3,9,0,0,-1,4200,4200,provider-specific or unknown; see evidence.json,3.425906438259648e-15,unavailable,unavailable,unavailable,per-run numerical report; see reference coverage,unavailable,unavailable,c98676647ba8c34bc0f16268f3370793836f87bf48a3d4cd2f32b7f0216c7c00,m1-pro-16gb-local,48000,1,aligned,0,0,1,0,64,1024,,,,,,,,1024,1024,,0.0,0.0,,
3aeff8d50243a034,core-float,analysis,analysis,float,2048,257,64,1,callback,live,0,ns/engine-sample,147.0881388821336,145.1927285992218,149.44227008349546,3,9,256,1023.5,-1,562712,562712,provider-specific or unknown; see evidence.json,6.103515625e-05,1.6135933999980902e-07,1.3854496064526484e-07,0,per-run numerical report; see reference coverage,256.0,319.0,c98e5838fbc20507e8f887e7bac948e62bd8a7949985e0afaf17534640ad5c06,m1-pro-16gb-local,48000,1,aligned,0,1,1,0,64,2056,0.7060230666342412,1333.3333333333333,17.125,16.75,17.834,130.208,1.284375,2056,2056,2.7413333333333334,5.333333333333333,21.322916666666668,,26.65625
3aeff8d50243a034,pffft-scheduled-batch-float,analysis,analysis,float,2048,1024,64,16,callback,steady,0,ns/engine-sample,300.15967686971027,295.8430856068929,303.6578420003255,3,9,0,1023.5,-1,66184,66184,provider-specific or unknown; see evidence.json,6.103515625e-05,1.2019560717045903e-07,1.191954924079027e-07,0,per-run numerical report; see reference coverage,63.0,63.0,c9c74652e2157d12ab41bbc923b9b8c47956ff65b2cfdb1ca6e6e43de97c036e,m1-pro-16gb-local,48000,16,aligned,0,0,1,0,64,8192,1.4407664489746095,1333.3333333333333,263.458,260.833,263.667,590.875,19.75935,8192,8192,10.922666666666666,0.0,21.322916666666668,,21.322916666666668
3aeff8d50243a034,fftw-ols-fir-float,chain,fir,float,2048,1024,64,4,callback,steady,0,ns/engine-sample,65.43717744615343,64.78594398498535,66.23942629496257,3,9,0,511.5,1023,90424,90424,provider-specific or unknown; see evidence.json,1.8128045553567063e-07,unavailable,unavailable,unavailable,per-run numerical report; see reference coverage,63.0,63.0,c9e1d408799cd07b8aa360ec5950d6c887ccb6a02a4bbab3b995ec2a11d8c188,m1-pro-16gb-local,48000,4,aligned,0,0,1,0,64,8192,0.3140984517415365,1333.3333333333333,49.667,49.625,49.917,71.334,3.725025,8192,8192,10.922666666666666,0.0,10.65625,21.3125,
3aeff8d50243a034,pffft-inverse-float,inverse-job,inverse,float,2048,1024,64,1,throughput,startup,0,ns/engine-sample,8.983664830525717,8.916695276896158,9.071906407674154,3,9,0,0,-1,82184,82184,provider-specific or unknown; see evidence.json,1.884864389012364e-07,unavailable,unavailable,unavailable,per-run numerical report; see reference coverage,63.0,63.0,c9e7041d7f77f31faa73dfb3bfba0be7fb721cf864eb2abee632dbdbca66b848,m1-pro-16gb-local,48000,1,aligned,0,0,1,0,64,8192,0.043121591186523436,,,,,,,1,1,10.922666666666666,0.0,0.0,,
3aeff8d50243a034,ols-fir-batch-float,chain,fir,float,2048,1024,64,1,callback,steady,1,ns/engine-sample,75.15891647338867,74.44807688395183,75.88726488749187,3,9,0,511.5,1023,164304,164304,provider-specific or unknown; see evidence.json,1.5557269250621175e-07,unavailable,unavailable,unavailable,per-run numerical report; see reference coverage,0.0,0.0,ca0adb47dd7b1176dd65126b11df89db7a8d93e1bfaf8b50ba7e98c00a3cba72,m1-pro-16gb-local,48000,1,aligned,0,0,1,0,64,8192,0.3607627990722656,1333.3333333333333,71.083,70.834,72.0,163.541,5.331225000000001,8192,8192,10.922666666666666,0.0,10.65625,21.3125,
3aeff8d50243a034,fftw-ols-fir-float,chain,fir,float,2048,257,64,1,throughput,steady,0,ns/engine-sample,54.323733213089064,49.21454989461738,62.88515574335279,3,9,0,128.0,256,84288,84288,provider-specific or unknown; see evidence.json,1.802055038524486e-07,unavailable,unavailable,unavailable,per-run numerical report; see reference coverage,0.0,63.0,ca43e72df86c26c9dd9454fb3ed5a651ffe4061769c8f6b5146543a525eb12bb,m1-pro-16gb-local,48000,1,aligned,0,0,1,0,64,2056,0.2607539194228275,,,,,,,1,1,2.7413333333333334,0.0,2.6666666666666665,5.333333333333333,
3aeff8d50243a034,pffft-ols-identity-float,chain,identity,float,2048,1024,64,1,throughput,steady,0,ns/engine-sample,101.55237155490451,99.89187431335449,103.95582580566406,3,9,0,511.5,1023,90424,90424,provider-specific or unknown; see evidence.json,3.223614157832344e-07,unavailable,unavailable,unavailable,per-run numerical report; see reference coverage,63.0,63.0,ca69b4964fdd1fb6e540158832b7c9b8ad229e40def19b0786f6d0ce958fd847,m1-pro-16gb-local,48000,1,aligned,64,0,1,0,64,8192,0.4874513834635417,,,,,,,1,1,10.922666666666666,0.0,10.65625,21.3125,
3aeff8d50243a034,legacy-batch-float,analysis,analysis,float,2048,1024,64,1,throughput,steady,0,ns/engine-sample,112.37961260477702,108.40548388163249,116.71193440755208,3,9,0,1023.5,-1,90680,90680,provider-specific or unknown; see evidence.json,0.00014317035675048828,2.15934702845581e-07,2.794693895227653e-07,0,per-run numerical report; see reference coverage,63.0,63.0,ca88fcb820fce1cf1673ba01f24078a95227a9408fa2a4a7d7ba4ee867ecfbbb,m1-pro-16gb-local,48000,1,aligned,64,0,1,0,64,8192,0.5394221405029297,,,,,,,1,1,10.922666666666666,0.0,21.322916666666668,,21.322916666666668
3aeff8d50243a034,pffft-analysis4-float,analysis,analysis,float,2048,1024,64,4,callback,steady,0,ns/engine-sample,35.944202211168076,35.51790428161621,36.56224822998047,3,9,0,1023.5,-1,248168,248168,provider-specific or unknown; see evidence.json,9.1552734375e-05,2.190635744974899e-07,2.3824968439858474e-07,0,per-run numerical report; see reference coverage,63.0,63.0,cb2898f3f4d213ce01711bb22e329faf9f3218255a698f8cff371c6fd8370ab0,m1-pro-16gb-local,48000,1,aligned,0,1,1,0,64,8192,0.17253217061360676,1333.3333333333333,22.833,22.5,23.459,45.833,1.7124750000000002,8192,8192,10.922666666666666,0.0,21.322916666666668,,21.322916666666668
3aeff8d50243a034,legacy-batch-float,analysis,analysis,float,2048,1024,64,4,callback,steady,0,ns/engine-sample,91.12633069356282,89.86873881022136,91.82335217793782,3,9,0,1023.5,-1,90680,90680,provider-specific or unknown; see evidence.json,0.00014317035675048828,2.15934702845581e-07,2.794693895227653e-07,0,per-run numerical report; see reference coverage,63.0,63.0,cb439091f88c85fff4f2efac91732ce2a87195c72dd8be565e89869d59e4e5f2,m1-pro-16gb-local,48000,4,staggered,0,0,1,0,64,8192,0.4374063873291016,1333.3333333333333,21.042,20.583,21.083,142.667,1.57815,8192,8192,10.922666666666666,0.0,21.322916666666668,,21.322916666666668
3aeff8d50243a034,vdsp-analysis-float,analysis,analysis,float,2048,1024,64,1,throughput,startup,0,ns/engine-sample,10.297801759507921,9.727743148803711,10.961029052734375,3,9,0,1023.5,-1,70232,70232,provider-specific or unknown; see evidence.json,6.103515625e-05,1.4261480916057953e-07,3.2342269178884765e-07,0,per-run numerical report; see reference coverage,63.0,63.0,cb4599b4e75f380e8217a6423b93bdc13af19cbf19da51d3658cd587d5eb4e52,m1-pro-16gb-local,48000,1,aligned,0,0,1,0,64,8192,0.04942944844563802,,,,,,,1,1,10.922666666666666,0.0,21.322916666666668,,21.322916666666668
3aeff8d50243a034,core-float,analysis,analysis,float,2048,1024,64,1,throughput,steady,0,ns/engine-sample,144.83732668558756,142.6916389465332,146.12425676981607,3,9,1023,1023.5,-1,565780,565780,provider-specific or unknown; see evidence.json,0.00014317035675048828,2.15934702845581e-07,2.794693895227653e-07,0,per-run numerical report; see reference coverage,1023.0,1023.0,cb99f67d3b7ff9e92ded1f6b5116eddd2086f220f8d683ecb203c8f7a74e88b1,m1-pro-16gb-local,48000,1,aligned,64,0,1,0,64,8192,0.6952191680908203,,,,,,,1,1,10.922666666666666,21.3125,21.322916666666668,,42.63541666666667
3aeff8d50243a034,pffft-hybrid-float,analysis,analysis,float,2048,1024,64,16,callback,steady,0,ns/engine-sample,269.87971051534015,266.55099550882977,276.37743377685547,3,9,1023,1023.5,-1,66184,66184,provider-specific or unknown; see evidence.json,6.103515625e-05,1.2019560717045903e-07,1.191954924079027e-07,0,per-run numerical report; see reference coverage,1023.0,1023.0,cbc25fb0151f7fa26f26bae5e5f78794971e08087e98c967456463d634eb47a6,m1-pro-16gb-local,48000,16,aligned,0,0,1,0,64,8192,1.2954226104736328,1333.3333333333333,45.125,45.125,45.291,120.541,3.3843750000000004,8192,8192,10.922666666666666,21.3125,21.322916666666668,,42.63541666666667
3aeff8d50243a034,fftw-ols-fir-double,chain,fir,double,2048,1024,64,1,callback,steady,0,ns/engine-sample,22.73664156595866,22.411270141601562,22.939510981241863,3,9,0,511.5,1023,180552,180552,provider-specific or unknown; see evidence.json,2.2591401799415137e-16,unavailable,unavailable,unavailable,per-run numerical report; see reference coverage,63.0,63.0,cc082c5749642c23bef89711d0a46d8b3791457bd7cded306234811466eca3ef,m1-pro-16gb-local,48000,1,aligned,0,0,1,0,64,8192,0.10913587951660156,1333.3333333333333,18.0,18.0,18.125,150.583,1.35,8192,8192,10.922666666666666,0.0,10.65625,21.3125,
3aeff8d50243a034,fftw-ols-fir-float,chain,fir,float,2048,1024,64,16,callback,steady,0,ns/engine-sample,330.2251745859782,322.3171558380127,337.896479288737,3,9,0,511.5,1023,90424,90424,provider-specific or unknown; see evidence.json,1.8128045553567063e-07,unavailable,unavailable,unavailable,per-run numerical report; see reference coverage,63.0,63.0,ccd0227b6e814f2910f80126dad1ebece0c306447d9ed1edf8b52cf0859472ba,m1-pro-16gb-local,48000,16,aligned,0,0,1,0,64,8192,1.5850808380126953,1333.3333333333333,204.166,202.833,210.834,1149.833,15.31245,8192,8192,10.922666666666666,0.0,10.65625,21.3125,
3aeff8d50243a034,inverse-stream-incremental-float,inverse-job,inverse,float,2048,1024,64,16,throughput,steady,0,ns/engine-sample,611.3556929694281,603.1152935028076,617.3592669169108,3,9,1023,0,-1,139600,139600,provider-specific or unknown; see evidence.json,4.053554221172817e-07,unavailable,unavailable,unavailable,per-run numerical report; see reference coverage,1023.0,1023.0,cecfb4fc3906ae5e28a7dd279e9fdce2f1a63ec7cd9ddff9a701a309e9380896,m1-pro-16gb-local,48000,16,aligned,0,0,1,0,64,8192,2.934507326253255,,,,,,,1,1,10.922666666666666,21.3125,0.0,,
3aeff8d50243a034,legacy-batch-float,analysis,analysis,float,2048,1024,64,1,throughput,steady,0,ns/engine-sample,24.20821041531033,23.919106165568035,24.371306737263996,3,9,0,1023.5,-1,90680,90680,provider-specific or unknown; see evidence.json,0.00014317035675048828,2.15934702845581e-07,2.794693895227653e-07,0,per-run numerical report; see reference coverage,63.0,63.0,cf943038cc90904e33623a3815bed2bd6030bf6d31af16c5cd36674ef6207b4f,m1-pro-16gb-local,96000,1,aligned,0,0,1,0,64,8192,0.23239881998697914,,,,,,,1,1,5.461333333333333,0.0,10.661458333333334,,10.661458333333334
3aeff8d50243a034,vdsp-analysis-float,analysis,analysis,float,2048,257,64,1,callback,steady,0,ns/engine-sample,24.334482578091222,23.822843202821012,24.994160890888455,3,9,0,1023.5,-1,70232,70232,provider-specific or unknown; see evidence.json,0.0001220703125,1.867381996965248e-07,2.3840644364935895e-07,0,per-run numerical report; see reference coverage,0.0,63.0,d095a9871e49cf9d2eeb2eb3fa400516cf0d2c3a8074a0c571992722aee6f56b,m1-pro-16gb-local,48000,1,aligned,0,0,1,0,64,2056,0.11680551637483787,1333.3333333333333,5.041,4.833,6.0,11.25,0.37807500000000005,2056,2056,2.7413333333333334,0.0,21.322916666666668,,21.322916666666668
3aeff8d50243a034,fftw-ols-identity-float,chain,identity,float,2048,1024,64,16,callback,steady,0,ns/engine-sample,263.51633071899414,261.49575932820636,266.4918753306071,3,9,0,511.5,1023,90424,90424,provider-specific or unknown; see evidence.json,3.157499577355338e-07,unavailable,unavailable,unavailable,per-run numerical report; see reference coverage,63.0,63.0,d10fc3d655d974104853341ef6368d4b9bb11a37edd94927b5a650d4abd204d5,m1-pro-16gb-local,48000,16,staggered,0,0,1,0,64,8192,1.264878387451172,1333.3333333333333,17.584,17.292,18.958,121.541,1.3188000000000002,8192,8192,10.922666666666666,0.0,10.65625,21.3125,
3aeff8d50243a034,ols-fir-batch-float,chain,fir,float,2048,1024,64,4,throughput,steady,0,ns/engine-sample,297.851288901435,293.9748242696126,301.76528294881183,3,9,0,511.5,1023,164304,164304,provider-specific or unknown; see evidence.json,1.5557269250621175e-07,unavailable,unavailable,unavailable,per-run numerical report; see reference coverage,63.0,63.0,d126f9110092ad7d5cd62d003b331319d1011167032f9bd7093831fee843cf96,m1-pro-16gb-local,48000,4,staggered,0,0,1,0,64,8192,1.4296861867268882,,,,,,,1,1,10.922666666666666,0.0,10.65625,21.3125,
3aeff8d50243a034,pffft-scheduled-batch-float,analysis,analysis,float,2048,1024,64,1,callback,steady,63,ns/engine-sample,20.754112879435223,20.472264607747395,21.01582400004069,3,9,0,1023.5,-1,66184,66184,provider-specific or unknown; see evidence.json,6.103515625e-05,1.2019560717045903e-07,1.191954924079027e-07,0,per-run numerical report; see reference coverage,62.0,62.0,d17421e0c0066de1f990c48d7e75ede4854b9844763c51cc1c0f9c2295d782ae,m1-pro-16gb-local,48000,1,aligned,0,0,1,0,64,8192,0.09961974182128906,1333.3333333333333,16.25,16.0,16.292,86.958,1.21875,8192,8192,10.922666666666666,0.0,21.322916666666668,,21.322916666666668
3aeff8d50243a034,vdsp-inverse-float,inverse-job,inverse,float,2048,1024,64,1,callback,steady,63,ns/engine-sample,8.37879498799642,7.895592371622722,8.954692204793295,3,9,0,0,-1,98576,98576,provider-specific or unknown; see evidence.json,1.2287812012345967e-07,unavailable,unavailable,unavailable,per-run numerical report; see reference coverage,62.0,62.0,d18659c901b389118cb6e4e43a7d80fba0e1fbe0a311a0f8dfb18519feac6aea,m1-pro-16gb-local,48000,1,aligned,0,0,1,0,64,8192,0.04021821594238281,1333.3333333333333,3.459,3.417,4.042,108.25,0.259425,8192,8192,10.922666666666666,0.0,0.0,,
3aeff8d50243a034,legacy-incremental-float,analysis,analysis,float,2048,1024,64,1,callback,steady,0,ns/engine-sample,22.008535808987087,21.843682607014973,22.147789001464844,3,9,1023,1023.5,-1,90712,90712,provider-specific or unknown; see evidence.json,0.00014317035675048828,2.15934702845581e-07,2.794693895227653e-07,0,per-run numerical report; see reference coverage,1023.0,1023.0,d1974e0252c6857c7b285d69b978e3a9d54e5974ca54f8acc00ffd9f5d0539bb,m1-pro-16gb-local,96000,1,aligned,0,0,1,0,64,8192,0.21128194376627601,666.6666666666666,3.958,3.916,3.958,22.458,0.5937,8192,8192,5.461333333333333,10.65625,10.661458333333334,,21.317708333333336
3aeff8d50243a034,pffft-hybrid-float,analysis,analysis,float,2048,1024,64,1,throughput,steady,0,ns/engine-sample,104.54538133409288,100.95209630330403,108.23763720194499,3,9,1023,1023.5,-1,66184,66184,provider-specific or unknown; see evidence.json,6.103515625e-05,1.2019560717045903e-07,1.191954924079027e-07,0,per-run numerical report; see reference coverage,1023.0,1023.0,d202bea73dfe6221c858d5dea5dbc596ec3c6d2cd9412a93a3a04283bcf6d696,m1-pro-16gb-local,48000,1,aligned,64,0,1,0,64,8192,0.5018178304036458,,,,,,,1,1,10.922666666666666,21.3125,21.322916666666668,,42.63541666666667
3aeff8d50243a034,pffft-ols-fir-float,chain,fir,float,2048,257,64,1,throughput,steady,0,ns/engine-sample,42.667999148832685,41.9197800137808,43.230836069228275,3,9,0,128.0,256,84288,84288,provider-specific or unknown; see evidence.json,1.862645149230957e-07,unavailable,unavailable,unavailable,per-run numerical report; see reference coverage,0.0,63.0,d21e0befc6027eb15b439927dbec41fb4625467aace0f0c33a25f34bac7092d2,m1-pro-16gb-local,48000,1,aligned,0,0,1,0,64,2056,0.20480639591439687,,,,,,,1,1,2.7413333333333334,0.0,2.6666666666666665,5.333333333333333,
3aeff8d50243a034,vdsp-analysis-double,analysis,analysis,double,16384,1024,64,1,callback,steady,0,ns/engine-sample,64.48860380384657,63.93829472859701,64.80623944600423,3,9,0,8191.5,-1,918128,918128,provider-specific or unknown; see evidence.json,1.0869083411080283e-12,3.186239242737019e-16,2.6518065070475417e-16,0,per-run numerical report; see reference coverage,63.0,63.0,d25b4abfeb951e95adfd7ff25e8a5876da2f66f040cc8e14bb5573ef922f1283,m1-pro-16gb-local,48000,1,aligned,0,0,1,0,64,8192,0.30954529825846355,1333.3333333333333,61.75,60.542,61.791,93.916,4.6312500000000005,8192,8192,10.922666666666666,0.0,170.65625,,170.65625
3aeff8d50243a034,inverse-stream-batch-float,inverse-job,inverse,float,2048,1024,64,1,throughput,steady,0,ns/engine-sample,43.194461822509766,37.69103686014811,52.89806238810221,3,9,0,0,-1,139600,139600,provider-specific or unknown; see evidence.json,4.053554221172817e-07,unavailable,unavailable,unavailable,per-run numerical report; see reference coverage,63.0,63.0,d27c0b34c0439ca4ae1fe2a0ee226a77821ccbe67b88a1b3a0711e3923743897,m1-pro-16gb-local,48000,1,aligned,0,0,1,32,64,8192,0.20733341674804687,,,,,,,1,1,10.922666666666666,0.0,0.0,,
3aeff8d50243a034,fftw-ols-identity-float,chain,identity,float,2048,1024,64,4,throughput,steady,0,ns/engine-sample,66.1316892835829,65.98189163208008,66.3090025583903,3,9,0,511.5,1023,90424,90424,provider-specific or unknown; see evidence.json,3.157499577355338e-07,unavailable,unavailable,unavailable,per-run numerical report; see reference coverage,63.0,63.0,d2dbecec0060981b2570c70e1fe42c7ef06355f418e63865f970c9db337d907c,m1-pro-16gb-local,48000,4,aligned,0,0,1,0,64,8192,0.3174321085611979,,,,,,,1,1,10.922666666666666,0.0,10.65625,21.3125,
3aeff8d50243a034,pffft-scheduled-batch-float,analysis,analysis,float,2048,257,64,1,callback,live,0,ns/engine-sample,130.75123030831173,118.68460704442283,153.5878500932231,3,9,0,1023.5,-1,63116,63116,provider-specific or unknown; see evidence.json,6.103515625e-05,1.5300358942822182e-07,1.3854867492047307e-07,0,per-run numerical report; see reference coverage,0.0,63.0,d413a40d0fd305806c262a356de39ac4330e1d005a024a2a191d059457f1665c,m1-pro-16gb-local,48000,1,aligned,0,1,1,0,64,2056,0.6276059054798964,1333.3333333333333,34.292,33.708,34.958,1634.25,2.5719,2056,2056,2.7413333333333334,0.0,21.322916666666668,,21.322916666666668
3aeff8d50243a034,pffft-ols-identity-float,chain,identity,float,2048,1024,64,16,throughput,steady,0,ns/engine-sample,235.05573802524142,233.47915522257486,236.3659807840983,3,9,0,511.5,1023,90424,90424,provider-specific or unknown; see evidence.json,3.223614157832344e-07,unavailable,unavailable,unavailable,per-run numerical report; see reference coverage,63.0,63.0,d438ca650c19839dda11f77380249bac65df314362483b71aeff122dcf604e10,m1-pro-16gb-local,48000,16,staggered,0,0,1,0,64,8192,1.1282675425211588,,,,,,,1,1,10.922666666666666,0.0,10.65625,21.3125,
3aeff8d50243a034,vdsp-analysis4-float,analysis,analysis,float,4096,1024,64,4,callback,steady,0,ns/engine-sample,64.78676923116048,64.30748240152995,65.68582280476888,3,9,0,2047.5,-1,559496,559496,provider-specific or unknown; see evidence.json,0.0001220703125,2.624269772835138e-07,2.3836413554147512e-07,0,per-run numerical report; see reference coverage,63.0,63.0,d43ceca0d191942295707c56aaf4a66a8e6792db24877fdd2d03469d8670b83b,m1-pro-16gb-local,48000,1,aligned,0,1,1,0,64,8192,0.3109764923095703,1333.3333333333333,48.541,48.417,50.75,157.584,3.6405750000000006,8192,8192,10.922666666666666,0.0,42.65625,,42.65625
3aeff8d50243a034,fftw-analysis-double,analysis,analysis,double,2048,1024,64,1,throughput,steady,0,ns/engine-sample,12.03556399875217,11.835575103759766,12.17622184753418,3,9,0,1023.5,-1,98920,98920,provider-specific or unknown; see evidence.json,2.2737367544323206e-13,3.7212480573443334e-16,4.4369532338213754e-16,0,per-run numerical report; see reference coverage,63.0,63.0,d477c03a5a833129ead552743487d9d521b0bb0b4e919e68c02df90a35f02891,m1-pro-16gb-local,48000,1,aligned,0,0,1,0,64,8192,0.05777070719401041,,,,,,,1,1,10.922666666666666,0.0,21.322916666666668,,21.322916666666668
3aeff8d50243a034,vdsp-analysis-float,analysis,analysis,float,2048,1024,64,1,throughput,steady,0,ns/engine-sample,10.435952292548285,10.18574587504069,10.833209991455078,3,9,0,1023.5,-1,70232,70232,provider-specific or unknown; see evidence.json,6.103515625e-05,1.4261480916057953e-07,1.1945004482661556e-07,0,per-run numerical report; see reference coverage,63.0,63.0,d47cce2e861071c7ea42f79eb4570c8495d042a7da5395c9a692bb2d7bf6b1a1,m1-pro-16gb-local,96000,1,aligned,0,0,1,0,64,8192,0.10018514200846354,,,,,,,1,1,5.461333333333333,0.0,10.661458333333334,,10.661458333333334
3aeff8d50243a034,legacy-batch-double,analysis,analysis,double,4096,1024,64,1,throughput,steady,0,ns/engine-sample,48.30797513326009,47.93400192260742,48.799065272013344,3,9,0,2047.5,-1,328256,328256,provider-specific or unknown; see evidence.json,4.0811798385220754e-13,3.8438517172008793e-16,3.983007059197205e-16,0,per-run numerical report; see reference coverage,63.0,63.0,d5166780da2adaa1447c8c09fda6bbc2c23c5320a20e48b0efefccff2fb8b916,m1-pro-16gb-local,48000,1,aligned,0,0,1,0,64,8192,0.23187828063964844,,,,,,,1,1,10.922666666666666,0.0,42.65625,,42.65625
3aeff8d50243a034,inverse-stream-batch-float,inverse-job,inverse,float,2048,1024,64,1,throughput,steady,0,ns/engine-sample,125.16177135043674,121.25621859232585,131.40326118469238,3,9,0,0,-1,139600,139600,provider-specific or unknown; see evidence.json,4.053554221172817e-07,unavailable,unavailable,unavailable,per-run numerical report; see reference coverage,63.0,63.0,d596faa4c973663b2b595a2372a557250341def5b63a952f4f504731e5a5385b,m1-pro-16gb-local,48000,1,aligned,64,0,1,0,64,8192,0.6007765024820964,,,,,,,1,1,10.922666666666666,0.0,0.0,,
3aeff8d50243a034,ols-fir-incremental-float,chain,fir,float,2048,1024,64,4,callback,steady,0,ns/engine-sample,333.12772856818304,303.6759446461995,387.4426612854004,3,9,1023,511.5,2046,164304,164304,provider-specific or unknown; see evidence.json,1.5557269250621175e-07,unavailable,unavailable,unavailable,per-run numerical report; see reference coverage,1023.0,1023.0,d5adf73c3f6abc3f2628e927cfbe01a14472c988acd47e715b99f9097183b00e,m1-pro-16gb-local,48000,4,aligned,0,0,1,0,64,8192,1.5990130971272787,1333.3333333333333,34.166,33.5,40.541,124.708,2.56245,8192,8192,10.922666666666666,21.3125,10.65625,42.625,
3aeff8d50243a034,pffft-ols-fir-float,chain,fir,float,2048,1024,64,1,callback,steady,63,ns/engine-sample,15.550471199883356,15.266749699910482,15.726875305175781,3,9,0,511.5,1023,90424,90424,provider-specific or unknown; see evidence.json,1.5359765370703826e-07,unavailable,unavailable,unavailable,per-run numerical report; see reference coverage,62.0,62.0,d5b1f16a3565a8cfae60bb229291b1f9b6bf618f9f5914b15006d8fafff07e32,m1-pro-16gb-local,48000,1,aligned,0,0,1,0,64,8192,0.07464226175944011,1333.3333333333333,10.708,10.416,10.75,36.208,0.8031,8192,8192,10.922666666666666,0.0,10.65625,21.3125,
3aeff8d50243a034,fft-double,transform,fft,double,128,37,64,1,complete,steady,0,ns/transform,719.1345486111111,707.7643229166666,737.8629557291666,3,9,0,0,-1,4200,4200,provider-specific or unknown; see evidence.json,2.3716614291762743e-13,unavailable,unavailable,unavailable,per-run numerical report; see reference coverage,unavailable,unavailable,d6945898c8d4cf0a9ffabd2a7195d8e18b063d1c994c6777460bf063cbcd913c,m1-pro-16gb-local,48000,1,aligned,0,0,1,0,64,1024,,,,,,,,1024,1024,,0.0,0.0,,
3aeff8d50243a034,legacy-batch-float,analysis,analysis,float,2048,257,64,1,throughput,steady,0,ns/engine-sample,80.59634741137052,79.35171956063554,81.534312682393,3,9,0,1023.5,-1,90680,90680,provider-specific or unknown; see evidence.json,0.00015395879745483398,2.450622728504207e-07,3.00340987553129e-07,0,per-run numerical report; see reference coverage,0.0,63.0,d69f21151ce20d9e4ee4f9223b69d4294caab5ad4811b99258d7040c759825ec,m1-pro-16gb-local,48000,1,aligned,0,0,1,0,64,2056,0.3868624675745785,,,,,,,1,1,2.7413333333333334,0.0,21.322916666666668,,21.322916666666668
3aeff8d50243a034,pffft-ols-identity-float,chain,identity,float,2048,1024,64,1,callback,steady,63,ns/engine-sample,15.479264365302193,15.330005009969076,15.573455174763998,3,9,0,511.5,1023,90424,90424,provider-specific or unknown; see evidence.json,3.223614157832344e-07,unavailable,unavailable,unavailable,per-run numerical report; see reference coverage,62.0,62.0,d7e14de9e4303d462719c1212dc0aa6c64192369acf94786ffbfeaeb7c369648,m1-pro-16gb-local,48000,1,aligned,0,0,1,0,64,8192,0.07430046895345052,1333.3333333333333,10.625,10.417,10.708,53.25,0.796875,8192,8192,10.922666666666666,0.0,10.65625,21.3125,
3aeff8d50243a034,vdsp-inverse-float,inverse-job,inverse,float,2048,1024,64,16,throughput,steady,0,ns/engine-sample,75.01223352220323,74.32002512613933,75.85334777832031,3,9,0,0,-1,98576,98576,provider-specific or unknown; see evidence.json,1.2287812012345967e-07,unavailable,unavailable,unavailable,per-run numerical report; see reference coverage,63.0,63.0,d804565298f4090067f9649f5269f5641403127ac699eb093507f2a90d1383b8,m1-pro-16gb-local,48000,16,aligned,0,0,1,0,64,8192,0.36005872090657554,,,,,,,1,1,10.922666666666666,0.0,0.0,,
3aeff8d50243a034,vdsp-analysis-double,analysis,analysis,double,16384,1024,64,1,throughput,steady,0,ns/engine-sample,72.11643642849393,70.19135665893555,75.424378712972,3,9,0,8191.5,-1,918128,918128,provider-specific or unknown; see evidence.json,4.547473508864641e-13,3.9486415372735034e-16,1.3880751739856625e-16,0,per-run numerical report; see reference coverage,63.0,63.0,d80b7d515fa0ab6785e95c6310aeebd14c2acef6ebb7ae936b77959c2a3d8962,m1-pro-16gb-local,48000,1,aligned,0,1,1,0,64,8192,0.34615889485677087,,,,,,,1,1,10.922666666666666,0.0,170.65625,,170.65625
3aeff8d50243a034,pffft-ols-identity-float,chain,identity,float,2048,1024,64,16,callback,steady,0,ns/engine-sample,235.90839258829752,234.20437240600586,237.9450658162435,3,9,0,511.5,1023,90424,90424,provider-specific or unknown; see evidence.json,3.223614157832344e-07,unavailable,unavailable,unavailable,per-run numerical report; see reference coverage,63.0,63.0,d84c8508a8941f2318a28b2ddfb828931e5c27b47d12654e4359db58b33574ad,m1-pro-16gb-local,48000,16,staggered,0,0,1,0,64,8192,1.132360284423828,1333.3333333333333,17.5,15.25,19.083,139.625,1.3125,8192,8192,10.922666666666666,0.0,10.65625,21.3125,
3aeff8d50243a034,fftw-ols-fir-float,chain,fir,float,2048,1024,64,1,callback,startup,0,ns/engine-sample,17.335072411431206,17.107850392659504,17.553433736165363,3,9,0,511.5,1023,90424,90424,provider-specific or unknown; see evidence.json,1.8128045553567063e-07,unavailable,unavailable,unavailable,per-run numerical report; see reference coverage,63.0,63.0,d8f1c2e2d712c2eb63c35ed7ded1d1edff4cf1da40e5b98a369ea10be7bb8f39,m1-pro-16gb-local,48000,1,aligned,0,0,1,0,64,8192,0.08320834757486979,1333.3333333333333,12.375,12.208,12.375,48.708,0.9281250000000001,8192,8192,10.922666666666666,0.0,10.65625,21.3125,
3aeff8d50243a034,inverse-stream-incremental-float,inverse-job,inverse,float,2048,1024,64,1,callback,steady,63,ns/engine-sample,36.71641053093804,36.36321703592936,37.094319661458336,3,9,1023,0,-1,139600,139600,provider-specific or unknown; see evidence.json,4.053554221172817e-07,unavailable,unavailable,unavailable,per-run numerical report; see reference coverage,1086.0,1086.0,d92555bd50575343fc1059beb7278dc908420015a644ddd2164b4d50b42f2a8d,m1-pro-16gb-local,48000,1,aligned,0,0,1,0,64,8192,0.17623877054850262,1333.3333333333333,4.875,4.75,4.875,26.75,0.36562500000000003,8192,8192,10.922666666666666,21.3125,0.0,,
3aeff8d50243a034,pffft-analysis-float,analysis,analysis,float,2048,257,64,1,throughput,steady,0,ns/engine-sample,22.931063891591005,22.838285809824903,23.1044833211738,3,9,0,1023.5,-1,62032,62032,provider-specific or unknown; see evidence.json,6.103515625e-05,1.1750411814622872e-07,1.1932655908502303e-07,0,per-run numerical report; see reference coverage,0.0,63.0,d96667c4254b42408ed8db469a9bd9dd043ce0abd7b676657caefc4af6cf8d7b,m1-pro-16gb-local,48000,1,aligned,0,0,1,0,64,2056,0.11006910667963682,,,,,,,1,1,2.7413333333333334,0.0,21.322916666666668,,21.322916666666668
3aeff8d50243a034,vdsp-inverse-float,inverse-job,inverse,float,2048,1024,64,16,callback,steady,0,ns/engine-sample,75.8075794643826,74.41326332092285,76.56068865458171,3,9,0,0,-1,98576,98576,provider-specific or unknown; see evidence.json,1.2287812012345967e-07,unavailable,unavailable,unavailable,per-run numerical report; see reference coverage,63.0,63.0,d9d0df648edc3365a6b942e7eaff9156e0395d1dd49f1408cefaac8d824b5ecd,m1-pro-16gb-local,48000,16,staggered,0,0,1,0,64,8192,0.3638763814290365,1333.3333333333333,5.375,5.334,5.416,123.625,0.403125,8192,8192,10.922666666666666,0.0,0.0,,
3aeff8d50243a034,vdsp-inverse-float,inverse-job,inverse,float,2048,1024,64,1,throughput,steady,0,ns/engine-sample,88.77068943447537,87.83645057678223,89.24754460652669,3,9,0,0,-1,98576,98576,provider-specific or unknown; see evidence.json,1.2287812012345967e-07,unavailable,unavailable,unavailable,per-run numerical report; see reference coverage,63.0,63.0,da83acbee6e2d8842c75cc470bfcc49f782cd70c16d5637c539f37ffb864f484,m1-pro-16gb-local,48000,1,aligned,64,0,1,0,64,8192,0.42609930928548173,,,,,,,1,1,10.922666666666666,0.0,0.0,,
3aeff8d50243a034,inverse-stream-incremental-float,inverse-job,inverse,float,2048,1024,64,4,throughput,steady,0,ns/engine-sample,152.56841044955783,149.01306851704916,155.33849906921387,3,9,1023,0,-1,139600,139600,provider-specific or unknown; see evidence.json,4.053554221172817e-07,unavailable,unavailable,unavailable,per-run numerical report; see reference coverage,1023.0,1023.0,daafddf72ffca17d127ec5b92ea6ffede5cda4e343237c5fca6140b2086f4b5c,m1-pro-16gb-local,48000,4,staggered,0,0,1,0,64,8192,0.7323283701578777,,,,,,,1,1,10.922666666666666,21.3125,0.0,,
3aeff8d50243a034,legacy-incremental-double,analysis,analysis,double,4096,1024,64,1,callback,steady,0,ns/engine-sample,47.92402119106717,46.777950286865234,49.24022102355957,3,9,1023,2047.5,-1,328288,328288,provider-specific or unknown; see evidence.json,4.0811798385220754e-13,3.8438517172008793e-16,3.983007059197205e-16,0,per-run numerical report; see reference coverage,1023.0,1023.0,db40d21ca562351a42ab7e18fb0be350abe44a236065fe26b2325c38d452d7ce,m1-pro-16gb-local,48000,1,aligned,0,0,1,0,64,8192,0.23003530171712241,1333.3333333333333,9.167,9.0,9.583,35.583,0.687525,8192,8192,10.922666666666666,21.3125,42.65625,,63.96875
3aeff8d50243a034,vdsp-fft-double,transform,fft,double,128,37,64,1,complete,steady,0,ns/transform,242.27745225694446,238.14876302083334,248.6279296875,3,9,0,0,-1,4200,4200,provider-specific or unknown; see evidence.json,5.747686360607899e-13,unavailable,unavailable,unavailable,per-run numerical report; see reference coverage,unavailable,unavailable,dc4d569d6c401842c8d633e74b96cda34ceeeaf157e7937cfa1cd3de8b75166e,m1-pro-16gb-local,48000,1,aligned,0,0,1,0,64,1024,,,,,,,,1024,1024,,0.0,0.0,,
3aeff8d50243a034,ols-identity-batch-double,chain,identity,double,2048,1024,64,1,throughput,steady,0,ns/engine-sample,77.90684678819444,77.60956573486328,78.14460309346516,3,9,0,511.5,1023,295392,295392,provider-specific or unknown; see evidence.json,5.881301029635769e-16,unavailable,unavailable,unavailable,per-run numerical report; see reference coverage,63.0,63.0,dcf994b3412dc04d96982d69c7a750b592863f262f432a2f53422d8ec7c2bfc6,m1-pro-16gb-local,48000,1,aligned,0,0,1,0,64,8192,0.3739528645833333,,,,,,,1,1,10.922666666666666,0.0,10.65625,21.3125,
3aeff8d50243a034,legacy-incremental-float,analysis,analysis,float,2048,257,64,1,callback,live,0,ns/engine-sample,143.25531979571983,141.62683406290532,144.2168323403048,3,9,255,1023.5,-1,90712,90712,provider-specific or unknown; see evidence.json,6.103515625e-05,1.6135933999980902e-07,1.3854496064526484e-07,0,per-run numerical report; see reference coverage,255.0,318.0,dd7568f633378c6c1db364eb2122518f409121684ed7b137261b22c39ce09a18,m1-pro-16gb-local,48000,1,aligned,0,1,1,0,64,2056,0.6876255350194552,1333.3333333333333,34.083,33.459,34.084,63.958,2.5562250000000004,2056,2056,2.7413333333333334,5.3125,21.322916666666668,,26.635416666666668
3aeff8d50243a034,pffft-analysis-float,analysis,analysis,float,2048,1024,64,4,throughput,steady,0,ns/engine-sample,32.7555603451199,31.85897382100423,33.687486012776695,3,9,0,1023.5,-1,62032,62032,provider-specific or unknown; see evidence.json,6.103515625e-05,1.2019560717045903e-07,1.191954924079027e-07,0,per-run numerical report; see reference coverage,63.0,63.0,dd9567bbb4fe7ae6c00424261f3d6c30f065b82e9f89d9e2909f6f84c82a3ecd,m1-pro-16gb-local,48000,4,staggered,0,0,1,0,64,8192,0.15722668965657555,,,,,,,1,1,10.922666666666666,0.0,21.322916666666668,,21.322916666666668
3aeff8d50243a034,ifft-double,transform,ifft,double,16384,1024,64,1,complete,steady,0,ns/transform,378030.8205295139,376679.2822265625,380159.5113932292,3,9,0,0,-1,786568,786568,provider-specific or unknown; see evidence.json,3.766177664690159e-13,unavailable,unavailable,unavailable,per-run numerical report; see reference coverage,unavailable,unavailable,dda0ced50da252d9f1238c86299f172d81a7d782d008d05752acb24d51696c2b,m1-pro-16gb-local,48000,1,aligned,0,0,1,0,64,1024,,,,,,,,1024,1024,,0.0,0.0,,
3aeff8d50243a034,vdsp-ols-fir-float,chain,fir,float,2048,1024,64,16,throughput,steady,0,ns/engine-sample,240.61470561557346,235.60089556376138,247.78204472859701,3,9,0,511.5,1023,106816,106816,provider-specific or unknown; see evidence.json,2.0061301597706915e-07,unavailable,unavailable,unavailable,per-run numerical report; see reference coverage,63.0,63.0,de06b36e5034268dfd2e4c3331a5595ad9b3447598ed64eabec07bed7476df47,m1-pro-16gb-local,48000,16,staggered,0,0,1,0,64,8192,1.1549505869547525,,,,,,,1,1,10.922666666666666,0.0,10.65625,21.3125,
3aeff8d50243a034,inverse-stream-incremental-float,inverse-job,inverse,float,2048,1024,64,1,callback,steady,15,ns/engine-sample,36.525035010443794,36.131150563557945,36.94831339518229,3,9,1023,0,-1,139600,139600,provider-specific or unknown; see evidence.json,4.053554221172817e-07,unavailable,unavailable,unavailable,per-run numerical report; see reference coverage,1038.0,1038.0,de80335d6a8122402236574bf6615cdae9e1c9dee0626aea4b336d8006f24050,m1-pro-16gb-local,48000,1,aligned,0,0,1,0,64,8192,0.1753201680501302,1333.3333333333333,3.666,3.625,3.709,22.167,0.27495,8192,8192,10.922666666666666,21.3125,0.0,,
3aeff8d50243a034,core-float,analysis,analysis,float,2048,1024,64,16,callback,steady,0,ns/engine-sample,397.3515561421712,386.89929008483887,402.82757059733075,3,9,1023,1023.5,-1,565780,565780,provider-specific or unknown; see evidence.json,0.00014317035675048828,2.15934702845581e-07,2.794693895227653e-07,0,per-run numerical report; see reference coverage,1023.0,1023.0,df1b941cc7d52db70881ba3aab2cd263eac31c41e129ec3d0e922f21ee1d2d8f,m1-pro-16gb-local,48000,16,aligned,0,0,1,0,64,8192,1.9072874694824218,1333.3333333333333,38.333,33.25,41.0,276.541,2.8749750000000005,8192,8192,10.922666666666666,21.3125,21.322916666666668,,42.63541666666667
3aeff8d50243a034,ols-identity-batch-float,chain,identity,float,2048,1024,64,1,throughput,startup,0,ns/engine-sample,75.00984933641222,74.45647939046223,75.92927106221516,3,9,0,511.5,1023,164304,164304,provider-specific or unknown; see evidence.json,3.2098083124765253e-07,unavailable,unavailable,unavailable,per-run numerical report; see reference coverage,63.0,63.0,df954038400b47324e094a9af70bc3b9bbd5e448f45ee39f4713fca2bdb5a32f,m1-pro-16gb-local,48000,1,aligned,0,0,1,0,64,8192,0.36004727681477866,,,,,,,1,1,10.922666666666666,0.0,10.65625,21.3125,
3aeff8d50243a034,fftw-ols-identity-float,chain,identity,float,2048,1024,64,1,callback,steady,15,ns/engine-sample,17.281388388739693,16.974131902058918,17.591929117838543,3,9,0,511.5,1023,90424,90424,provider-specific or unknown; see evidence.json,3.157499577355338e-07,unavailable,unavailable,unavailable,per-run numerical report; see reference coverage,14.0,14.0,dfe694f9307bfc7d668d2d7b4b24b1d5d9a14bb36cdccde514f907c1e2bde82c,m1-pro-16gb-local,48000,1,aligned,0,0,1,0,64,8192,0.08295066426595052,1333.3333333333333,12.416,12.125,12.417,32.041,0.9312,8192,8192,10.922666666666666,0.0,10.65625,21.3125,
3aeff8d50243a034,core-independent4-float,analysis,analysis,float,16384,1024,64,4,throughput,steady,0,ns/engine-sample,596.9514138963488,578.5542589823405,621.2641925811768,3,9,1023,8191.5,-1,2377848,2377848,provider-specific or unknown; see evidence.json,0.000244140625,4.658690921852397e-07,1.9327665881866793e-07,0,per-run numerical report; see reference coverage,1023.0,1023.0,e0482f81feae4e1967de8165090a960d7d2625836aca6014d19f90e72400e114,m1-pro-16gb-local,48000,1,aligned,0,1,1,0,64,8192,2.8653667867024737,,,,,,,1,1,10.922666666666666,21.3125,170.65625,,191.96875
3aeff8d50243a034,vdsp-analysis-float,analysis,analysis,float,2048,1024,64,16,throughput,steady,0,ns/engine-sample,154.00520091586642,148.7865187327067,162.41833941141763,3,9,0,1023.5,-1,70232,70232,provider-specific or unknown; see evidence.json,6.103515625e-05,1.4261480916057953e-07,1.1945004482661556e-07,0,per-run numerical report; see reference coverage,63.0,63.0,e165f85cdcf19429a62d02d58596776ed9d0135b82d5b6a95a4f5c33108d51ed,m1-pro-16gb-local,48000,16,aligned,0,0,1,0,64,8192,0.7392249643961589,,,,,,,1,1,10.922666666666666,0.0,21.322916666666668,,21.322916666666668
3aeff8d50243a034,core-float,analysis,analysis,float,2048,1024,64,1,callback,steady,1,ns/engine-sample,20.564014434814453,20.276976267496746,20.819780985514324,3,9,1023,1023.5,-1,565780,565780,provider-specific or unknown; see evidence.json,0.00014317035675048828,2.15934702845581e-07,2.794693895227653e-07,0,per-run numerical report; see reference coverage,1024.0,1024.0,e176794f4f453b7461deec384be3442650cc97803a6ddd15b4b22b6b3774e63b,m1-pro-16gb-local,48000,1,aligned,0,0,1,0,64,8192,0.09870726928710938,1333.3333333333333,1.917,1.875,1.958,14.833,0.143775,8192,8192,10.922666666666666,21.3125,21.322916666666668,,42.63541666666667
3aeff8d50243a034,ols-identity-incremental-float,chain,identity,float,2048,1024,64,1,callback,steady,15,ns/engine-sample,75.14192305670845,73.74549166361491,75.93371391296387,3,9,1023,511.5,2046,164304,164304,provider-specific or unknown; see evidence.json,3.2098083124765253e-07,unavailable,unavailable,unavailable,per-run numerical report; see reference coverage,1038.0,1038.0,e183abf1cc41d702e489121ede91ae07511c22291522a1dfb193bc7ad4d8fbc0,m1-pro-16gb-local,48000,1,aligned,0,0,1,0,64,8192,0.36068123067220054,1333.3333333333333,6.834,6.75,6.958,34.375,0.5125500000000001,8192,8192,10.922666666666666,21.3125,10.65625,42.625,
3aeff8d50243a034,vdsp-analysis-double,analysis,analysis,double,4096,1024,64,1,callback,steady,0,ns/engine-sample,20.368990580240887,19.962646484375,20.62423261006673,3,9,0,2047.5,-1,230000,230000,provider-specific or unknown; see evidence.json,2.2737367544323206e-13,3.1419646252675526e-16,2.776360223258794e-16,0,per-run numerical report; see reference coverage,63.0,63.0,e193b67d2a14e60e876e35de37bc0cff8e62b17b3cc49a6e6eb3613a69fcc364,m1-pro-16gb-local,48000,1,aligned,0,1,1,0,64,8192,0.09777115478515624,1333.3333333333333,15.791,15.459,16.0,63.625,1.184325,8192,8192,10.922666666666666,0.0,42.65625,,42.65625
3aeff8d50243a034,pffft-analysis4-float,analysis,analysis,float,16384,1024,64,4,callback,steady,0,ns/engine-sample,187.12213452657065,173.95565605163574,212.99471155802408,3,9,0,8191.5,-1,1968488,1968488,provider-specific or unknown; see evidence.json,0.00048828125,1.3661267138243678e-07,1.1922903169691885e-07,0,per-run numerical report; see reference coverage,63.0,63.0,e1b909dd978a8e41def8a3fa04a4a57061108eb08e53c5852a894d939bf5a68e,m1-pro-16gb-local,48000,1,aligned,0,0,1,0,64,8192,0.898186245727539,1333.3333333333333,163.625,162.875,165.125,3882.708,12.271875000000001,8192,8192,10.922666666666666,0.0,170.65625,,170.65625
3aeff8d50243a034,fftw-rfft-double,transform,rfft,double,128,37,64,1,complete,steady,0,ns/transform,193.63226996527777,192.3408203125,195.0537109375,3,9,0,0,-1,2144,2144,provider-specific or unknown; see evidence.json,2.6150006633795137e-13,unavailable,unavailable,unavailable,per-run numerical report; see reference coverage,unavailable,unavailable,e241344dd7e25d808f28702662ce45a7072e27768378c21b043b85f51fc7b06c,m1-pro-16gb-local,48000,1,aligned,0,0,1,0,64,1024,,,,,,,,1024,1024,,0.0,0.0,,
3aeff8d50243a034,legacy-incremental-double,analysis,analysis,double,2048,1024,64,1,callback,steady,0,ns/engine-sample,23.839535607231987,23.34663263956706,24.20380465189616,3,9,1023,1023.5,-1,164448,164448,provider-specific or unknown; see evidence.json,2.464140003155535e-13,4.3806019490456896e-16,4.812022594134366e-16,0,per-run numerical report; see reference coverage,1023.0,1023.0,e24423491687edc9101aed42f8ca0c11429e0a56b7b2e6acc994d9fb14de3865,m1-pro-16gb-local,48000,1,aligned,0,0,1,0,64,8192,0.11442977091471355,1333.3333333333333,4.709,4.709,4.834,179.916,0.353175,8192,8192,10.922666666666666,21.3125,21.322916666666668,,42.63541666666667
3aeff8d50243a034,vdsp-rfft-double,transform,rfft,double,2048,1024,64,1,complete,steady,0,ns/transform,3570.2535807291665,3554.6634114583335,3596.9772135416665,3,9,0,0,-1,49256,49256,provider-specific or unknown; see evidence.json,1.2695476181693222e-10,unavailable,unavailable,unavailable,per-run numerical report; see reference coverage,unavailable,unavailable,e24fbf5dc7cd08d56f9d46a957c78a2052e5e596ba1ef0d73553a05a604194b1,m1-pro-16gb-local,48000,1,aligned,0,0,1,0,64,1024,,,,,,,,1024,1024,,0.0,0.0,,
3aeff8d50243a034,pffft-inverse-float,inverse-job,inverse,float,2048,1024,64,1,throughput,steady,0,ns/engine-sample,90.82309405008952,89.16256205240886,92.71070671081543,3,9,0,0,-1,82184,82184,provider-specific or unknown; see evidence.json,1.884864389012364e-07,unavailable,unavailable,unavailable,per-run numerical report; see reference coverage,63.0,63.0,e25c4778f7fd8061886098b7e5ab4fe4a8b4a8b64f84e6513fd8895e41386e54,m1-pro-16gb-local,48000,1,aligned,64,0,1,0,64,8192,0.43595085144042967,,,,,,,1,1,10.922666666666666,0.0,0.0,,
3aeff8d50243a034,pffft-analysis4-float,analysis,analysis,float,4096,1024,64,4,throughput,steady,0,ns/engine-sample,59.13959566752116,58.21988296508789,60.249460220336914,3,9,0,2047.5,-1,493928,493928,provider-specific or unknown; see evidence.json,0.0001220703125,2.42455867837636e-07,2.3837086860079995e-07,0,per-run numerical report; see reference coverage,63.0,63.0,e265263861f7ed50b4d56d26860c6d92c32039c33e6d3375fbf8d6b6b61a2871,m1-pro-16gb-local,48000,1,aligned,0,1,1,0,64,8192,0.2838700592041016,,,,,,,1,1,10.922666666666666,0.0,42.65625,,42.65625
3aeff8d50243a034,vdsp-ols-fir-double,chain,fir,double,16384,1024,64,1,throughput,steady,0,ns/engine-sample,191.06496726142035,188.5010929107666,192.42670822143555,3,9,0,511.5,1023,1589584,1589584,provider-specific or unknown; see evidence.json,2.423651445728339e-16,unavailable,unavailable,unavailable,per-run numerical report; see reference coverage,63.0,63.0,e355b69be8f8761eadd37a6bae5b29eac33aed721abb8f8fec9821a7c091d947,m1-pro-16gb-local,48000,1,aligned,0,0,1,0,64,8192,0.9171118428548177,,,,,,,1,1,10.922666666666666,0.0,10.65625,21.3125,
3aeff8d50243a034,ols-identity-batch-float,chain,identity,float,2048,1024,64,4,callback,steady,0,ns/engine-sample,358.65675883822973,303.11514981587726,390.8603655497233,3,9,0,511.5,1023,164304,164304,provider-specific or unknown; see evidence.json,3.2098083124765253e-07,unavailable,unavailable,unavailable,per-run numerical report; see reference coverage,63.0,63.0,e35e46c7eac7277b5740d4fff6eb16436ed9636aed423e3aefa1b767002c85de,m1-pro-16gb-local,48000,4,aligned,0,0,1,0,64,8192,1.7215524424235027,1333.3333333333333,287.208,280.209,293.834,2527.334,21.5406,8192,8192,10.922666666666666,0.0,10.65625,21.3125,
3aeff8d50243a034,fftw-analysis-double,analysis,analysis,double,2048,1024,64,1,callback,steady,0,ns/engine-sample,11.9488525390625,11.839776992797852,12.020853042602539,3,9,0,1023.5,-1,98920,98920,provider-specific or unknown; see evidence.json,2.2737367544323206e-13,3.7212480573443334e-16,4.4369532338213754e-16,0,per-run numerical report; see reference coverage,63.0,63.0,e38eca700608c5c0ff41a8b39bf4d9cc4ddff691c30853654e316c909c3e041b,m1-pro-16gb-local,48000,1,aligned,0,0,1,0,64,8192,0.0573544921875,1333.3333333333333,7.208,7.042,7.208,22.75,0.5406,8192,8192,10.922666666666666,0.0,21.322916666666668,,21.322916666666668
3aeff8d50243a034,vdsp-inverse-float,inverse-job,inverse,float,2048,1024,64,16,callback,steady,0,ns/engine-sample,74.4941897922092,74.1739730834961,75.01554997762044,3,9,0,0,-1,98576,98576,provider-specific or unknown; see evidence.json,1.2287812012345967e-07,unavailable,unavailable,unavailable,per-run numerical report; see reference coverage,63.0,63.0,e3c39cab06ee1ea6b56050b7db0279a68bc28bc24c49abf92eabc9ffc5a553dc,m1-pro-16gb-local,48000,16,aligned,0,0,1,0,64,8192,0.35757211100260416,1333.3333333333333,62.0,61.834,63.25,170.291,4.65,8192,8192,10.922666666666666,0.0,0.0,,
3aeff8d50243a034,pffft-ols-fir-float,chain,fir,float,2048,1024,64,4,throughput,steady,0,ns/engine-sample,59.53032875061035,58.69205792744955,60.533973693847656,3,9,0,511.5,1023,90424,90424,provider-specific or unknown; see evidence.json,1.5359765370703826e-07,unavailable,unavailable,unavailable,per-run numerical report; see reference coverage,63.0,63.0,e463aeef351dae8a50d9b2ba010f9389e72c3cc84e405ffcc2ed3f524978db22,m1-pro-16gb-local,48000,4,aligned,0,0,1,0,64,8192,0.2857455780029297,,,,,,,1,1,10.922666666666666,0.0,10.65625,21.3125,
3aeff8d50243a034,legacy-incremental-double,analysis,analysis,double,16384,1024,64,1,callback,steady,0,ns/engine-sample,243.45980262756348,241.3327121734619,244.5514062245687,3,9,1023,8191.5,-1,1311328,1311328,provider-specific or unknown; see evidence.json,9.094947017729282e-13,4.327177849018965e-16,2.776044068802886e-16,0,per-run numerical report; see reference coverage,1023.0,1023.0,e466d282418b715ebf052e264f09ba91ace80cc382675c1838d24ac275113c50,m1-pro-16gb-local,48000,1,aligned,0,1,1,0,64,8192,1.1686070526123047,1333.3333333333333,83.0,82.25,83.625,187.417,6.2250000000000005,8192,8192,10.922666666666666,21.3125,170.65625,,191.96875
3aeff8d50243a034,pffft-ols-fir-float,chain,fir,float,2048,1024,64,1,throughput,startup,0,ns/engine-sample,15.280599806043837,15.19775390625,15.343507130940756,3,9,0,511.5,1023,90424,90424,provider-specific or unknown; see evidence.json,1.5359765370703826e-07,unavailable,unavailable,unavailable,per-run numerical report; see reference coverage,63.0,63.0,e4c13510c91ee8ea0f78a4e8ccece7d114eb43bbcf19de119cea71e9cb056c52,m1-pro-16gb-local,48000,1,aligned,0,0,1,0,64,8192,0.07334687906901041,,,,,,,1,1,10.922666666666666,0.0,10.65625,21.3125,
3aeff8d50243a034,vdsp-analysis-double,analysis,analysis,double,2048,1024,64,1,throughput,steady,0,ns/engine-sample,11.524783028496635,11.418209711710611,11.715068181355795,3,9,0,1023.5,-1,115312,115312,provider-specific or unknown; see evidence.json,2.1374568781595826e-13,4.0376099680173296e-16,4.171017682331349e-16,0,per-run numerical report; see reference coverage,63.0,63.0,e4eb98e2d31aa95b29f8237855f4b8dfa5c95831bd96938a7b9a885cf2f53608,m1-pro-16gb-local,48000,1,aligned,0,0,1,0,64,8192,0.05531895853678385,,,,,,,1,1,10.922666666666666,0.0,21.322916666666668,,21.322916666666668
3aeff8d50243a034,pffft-hybrid-float,analysis,analysis,float,2048,1024,64,16,throughput,steady,0,ns/engine-sample,266.63041072421606,259.6660448710124,271.75492668151855,3,9,1023,1023.5,-1,66184,66184,provider-specific or unknown; see evidence.json,6.103515625e-05,1.2019560717045903e-07,1.191954924079027e-07,0,per-run numerical report; see reference coverage,1023.0,1023.0,e562bd8708d807bbd1e1fd04028864d689dc4f4e153498d266061d152b6aca13,m1-pro-16gb-local,48000,16,aligned,0,0,1,0,64,8192,1.279825971476237,,,,,,,1,1,10.922666666666666,21.3125,21.322916666666668,,42.63541666666667
3aeff8d50243a034,vdsp-rfft-double,transform,rfft,double,4096,1024,64,1,complete,steady,0,ns/transform,8568.938585069445,8455.708658854166,8648.733723958334,3,9,0,0,-1,98408,98408,provider-specific or unknown; see evidence.json,3.777048328453797e-10,unavailable,unavailable,unavailable,per-run numerical report; see reference coverage,unavailable,unavailable,e5cb7d7cd8fc5a143955f32c784a6660670c76a048eec7f8fa19797b4ce5e05b,m1-pro-16gb-local,48000,1,aligned,0,0,1,0,64,1024,,,,,,,,1024,1024,,0.0,0.0,,
3aeff8d50243a034,vdsp-ols-identity-float,chain,identity,float,2048,1024,64,4,callback,steady,0,ns/engine-sample,59.08567661709255,56.7479133605957,60.467800776163735,3,9,0,511.5,1023,106816,106816,provider-specific or unknown; see evidence.json,3.9384264027830795e-07,unavailable,unavailable,unavailable,per-run numerical report; see reference coverage,63.0,63.0,e678698977f92e4eff21dbaefd6ef38d160e699e3b75e1edec8c3761fef4be5d,m1-pro-16gb-local,48000,4,aligned,0,0,1,0,64,8192,0.2836112477620442,1333.3333333333333,42.709,40.625,43.166,67.584,3.203175,8192,8192,10.922666666666666,0.0,10.65625,21.3125,
3aeff8d50243a034,legacy-incremental-double,analysis,analysis,double,2048,1024,64,1,throughput,steady,0,ns/engine-sample,24.372816297743054,23.544471104939777,25.589916229248047,3,9,1023,1023.5,-1,164448,164448,provider-specific or unknown; see evidence.json,2.464140003155535e-13,4.3806019490456896e-16,4.812022594134366e-16,0,per-run numerical report; see reference coverage,1023.0,1023.0,e73e309923cb083861ac82907f27c71917a457bf11ff92bda9a108e595917b0e,m1-pro-16gb-local,48000,1,aligned,0,0,1,0,64,8192,0.11698951822916664,,,,,,,1,1,10.922666666666666,21.3125,21.322916666666668,,42.63541666666667
3aeff8d50243a034,fftw-inverse-float,inverse-job,inverse,float,2048,1024,64,1,throughput,startup,0,ns/engine-sample,9.79101202223036,9.667925516764322,9.968864440917969,3,9,0,0,-1,82184,82184,provider-specific or unknown; see evidence.json,1.3328003944934608e-07,unavailable,unavailable,unavailable,per-run numerical report; see reference coverage,63.0,63.0,e7516e581965fbc1f1a1ad480fb622e8be35af0f9ef305330de83edc3416e72d,m1-pro-16gb-local,48000,1,aligned,0,0,1,0,64,8192,0.04699685770670573,,,,,,,1,1,10.922666666666666,0.0,0.0,,
3aeff8d50243a034,pffft-ols-fir-float,chain,fir,float,2048,1024,64,1,callback,steady,15,ns/engine-sample,15.52436277601454,15.260205586751303,15.745721181233725,3,9,0,511.5,1023,90424,90424,provider-specific or unknown; see evidence.json,1.5359765370703826e-07,unavailable,unavailable,unavailable,per-run numerical report; see reference coverage,14.0,14.0,e7a6232c0da4327bf7dab7107c50b296e0a0f6312ee2737fc086755aff5ba54e,m1-pro-16gb-local,48000,1,aligned,0,0,1,0,64,8192,0.07451694132486979,1333.3333333333333,10.583,10.375,10.625,33.666,0.793725,8192,8192,10.922666666666666,0.0,10.65625,21.3125,
3aeff8d50243a034,fftw-ols-fir-float,chain,fir,float,2048,1024,64,16,callback,steady,0,ns/engine-sample,261.5991874270969,259.6479740142822,264.16112963358563,3,9,0,511.5,1023,90424,90424,provider-specific or unknown; see evidence.json,1.8128045553567063e-07,unavailable,unavailable,unavailable,per-run numerical report; see reference coverage,63.0,63.0,e7fa466428a2652fb22d203da28269803038121b07babce8c96b84ac01ca1d63,m1-pro-16gb-local,48000,16,staggered,0,0,1,0,64,8192,1.2556760996500653,1333.3333333333333,17.208,17.166,18.0,83.25,1.2906,8192,8192,10.922666666666666,0.0,10.65625,21.3125,
3aeff8d50243a034,ols-fir-batch-float,chain,fir,float,2048,1024,64,1,callback,startup,0,ns/engine-sample,75.0643819173177,74.64290364583333,75.84634335835774,3,9,0,511.5,1023,164304,164304,provider-specific or unknown; see evidence.json,1.5557269250621175e-07,unavailable,unavailable,unavailable,per-run numerical report; see reference coverage,63.0,63.0,e809e5fbd0532ac5a15911f173943eee06664639aebbb4f65444295c432cb006,m1-pro-16gb-local,48000,1,aligned,0,0,1,0,64,8192,0.360309033203125,1333.3333333333333,71.125,70.958,72.542,100.875,5.3343750000000005,8192,8192,10.922666666666666,0.0,10.65625,21.3125,
3aeff8d50243a034,fftw-inverse-float,inverse-job,inverse,float,2048,1024,64,4,throughput,steady,0,ns/engine-sample,31.04175419277615,30.489338556925457,31.397024790445965,3,9,0,0,-1,82184,82184,provider-specific or unknown; see evidence.json,1.3328003944934608e-07,unavailable,unavailable,unavailable,per-run numerical report; see reference coverage,63.0,63.0,e812176ba66fcfc380c21dab6f383f5a18d64af0ebba1f2bccf4f85093c1897a,m1-pro-16gb-local,48000,4,staggered,0,0,1,0,64,8192,0.14900042012532552,,,,,,,1,1,10.922666666666666,0.0,0.0,,
3aeff8d50243a034,fftw-ols-identity-float,chain,identity,float,2048,1024,64,1,callback,steady,63,ns/engine-sample,17.68043496873644,16.90520731608073,18.631000518798828,3,9,0,511.5,1023,90424,90424,provider-specific or unknown; see evidence.json,3.157499577355338e-07,unavailable,unavailable,unavailable,per-run numerical report; see reference coverage,62.0,62.0,e8a0ef0333d580655fafd9977fe43c94dac57f52d8530c399e91eac357b77959,m1-pro-16gb-local,48000,1,aligned,0,0,1,0,64,8192,0.0848660878499349,1333.3333333333333,12.458,12.125,12.666,120.583,0.93435,8192,8192,10.922666666666666,0.0,10.65625,21.3125,
3aeff8d50243a034,core-float,analysis,analysis,float,2048,257,64,1,throughput,steady,0,ns/engine-sample,59.84766722735625,58.62963835522049,60.559330921692606,3,9,256,1023.5,-1,562712,562712,provider-specific or unknown; see evidence.json,0.00015395879745483398,2.450622728504207e-07,3.00340987553129e-07,0,per-run numerical report; see reference coverage,256.0,319.0,e9c4ca9793404f0bdd5a86a6c3fa2e8a076ff94ba76d9fbb670f0e03913cfc72,m1-pro-16gb-local,48000,1,aligned,0,0,1,0,64,2056,0.28726880269131,,,,,,,1,1,2.7413333333333334,5.333333333333333,21.322916666666668,,26.65625
3aeff8d50243a034,vdsp-ols-fir-float,chain,fir,float,2048,1024,64,16,throughput,steady,0,ns/engine-sample,272.6682031419542,268.72664070129395,279.653523127238,3,9,0,511.5,1023,106816,106816,provider-specific or unknown; see evidence.json,2.0061301597706915e-07,unavailable,unavailable,unavailable,per-run numerical report; see reference coverage,63.0,63.0,ea2698aae5ac82f750267b8e4b758e41744fefd07e2d2201ee335b24c116103c,m1-pro-16gb-local,48000,16,aligned,0,0,1,0,64,8192,1.3088073750813802,,,,,,,1,1,10.922666666666666,0.0,10.65625,21.3125,
3aeff8d50243a034,vdsp-inverse-float,inverse-job,inverse,float,2048,1024,64,4,callback,steady,0,ns/engine-sample,27.958207872178818,27.76603062947591,28.16262435913086,3,9,0,0,-1,98576,98576,provider-specific or unknown; see evidence.json,1.2287812012345967e-07,unavailable,unavailable,unavailable,per-run numerical report; see reference coverage,63.0,63.0,ea48eb3bd2349675e06a0742fb2bc95ad9ad09c9a0126c2380b0d0f8308cd02f,m1-pro-16gb-local,48000,4,aligned,0,0,1,0,64,8192,0.1341993977864583,1333.3333333333333,16.291,16.25,16.375,36.083,1.221825,8192,8192,10.922666666666666,0.0,0.0,,
3aeff8d50243a034,ols-identity-incremental-float,chain,identity,float,2048,1024,64,1,callback,startup,0,ns/engine-sample,75.25989256964789,73.83546384175618,76.15086682637532,3,9,1023,511.5,2046,164304,164304,provider-specific or unknown; see evidence.json,3.2098083124765253e-07,unavailable,unavailable,unavailable,per-run numerical report; see reference coverage,1023.0,1023.0,eae4e74f181fe55ff5eb23446cc7055568e488a86e9d5d8e3e1c6fe3eac26d51,m1-pro-16gb-local,48000,1,aligned,0,0,1,0,64,8192,0.36124748433430987,1333.3333333333333,8.25,8.084,8.375,65.167,0.61875,8192,8192,10.922666666666666,21.3125,10.65625,42.625,
3aeff8d50243a034,core-double,analysis,analysis,double,4096,1024,64,1,callback,steady,0,ns/engine-sample,39.39039442274306,39.0666758219401,39.668761571248375,3,9,1023,2047.5,-1,877096,877096,provider-specific or unknown; see evidence.json,2.2737367544323206e-13,3.373146478399172e-16,2.776360223258794e-16,0,per-run numerical report; see reference coverage,1023.0,1023.0,eafc9a49adccd8675267a63fd5111c4b00f3f1eb965262c362d5d658b3b5cfaa,m1-pro-16gb-local,48000,1,aligned,0,1,1,0,64,8192,0.18907389322916668,1333.3333333333333,4.875,4.875,4.959,53.042,0.36562500000000003,8192,8192,10.922666666666666,21.3125,42.65625,,63.96875
3aeff8d50243a034,inverse-stream-batch-float,inverse-job,inverse,float,2048,1024,64,4,callback,steady,0,ns/engine-sample,152.47890006171332,150.16681416829428,153.796506245931,3,9,0,0,-1,139600,139600,provider-specific or unknown; see evidence.json,4.053554221172817e-07,unavailable,unavailable,unavailable,per-run numerical report; see reference coverage,63.0,63.0,eb31debb309c66731501ca079360959d52bc708f5956c6c2180b26df37559742,m1-pro-16gb-local,48000,4,staggered,0,0,1,0,64,8192,0.7318987202962239,1333.3333333333333,38.458,37.708,38.958,135.041,2.8843500000000004,8192,8192,10.922666666666666,0.0,0.0,,
3aeff8d50243a034,fftw-ifft-double,transform,ifft,double,128,37,64,1,complete,steady,0,ns/transform,278.64973958333337,275.8785807291667,280.7721354166667,3,9,0,0,-1,2144,2144,provider-specific or unknown; see evidence.json,3.425442145904126e-15,unavailable,unavailable,unavailable,per-run numerical report; see reference coverage,unavailable,unavailable,eb39fede8210722e329948c8850e707c93af1e995978b72993cfa3bdcb27ae10,m1-pro-16gb-local,48000,1,aligned,0,0,1,0,64,1024,,,,,,,,1024,1024,,0.0,0.0,,
3aeff8d50243a034,pffft-inverse-float,inverse-job,inverse,float,2048,1024,64,4,throughput,steady,0,ns/engine-sample,27.695170084635418,27.277894337972004,28.160491943359375,3,9,0,0,-1,82184,82184,provider-specific or unknown; see evidence.json,1.884864389012364e-07,unavailable,unavailable,unavailable,per-run numerical report; see reference coverage,63.0,63.0,eb6f52b8c8cec28323a96c672340ef030d446d65c2d08943877fc964ff045a90,m1-pro-16gb-local,48000,4,aligned,0,0,1,0,64,8192,0.13293681640625,,,,,,,1,1,10.922666666666666,0.0,0.0,,
3aeff8d50243a034,vdsp-analysis-float,analysis,analysis,float,2048,257,64,1,throughput,steady,0,ns/engine-sample,23.803480835224814,22.45048790126459,25.25973775940337,3,9,0,1023.5,-1,70232,70232,provider-specific or unknown; see evidence.json,0.0001220703125,1.867381996965248e-07,2.3840644364935895e-07,0,per-run numerical report; see reference coverage,0.0,63.0,ebc55fa2a182a1faedcb8a74fafe869f9011378bbba1ef61113cf0f17875d172,m1-pro-16gb-local,48000,1,aligned,0,0,1,0,64,2056,0.1142567080090791,,,,,,,1,1,2.7413333333333334,0.0,21.322916666666668,,21.322916666666668
3aeff8d50243a034,fftw-inverse-float,inverse-job,inverse,float,2048,1024,64,1,callback,steady,0,ns/engine-sample,10.425128724839952,9.385815938313803,12.251677831013998,3,9,0,0,-1,82184,82184,provider-specific or unknown; see evidence.json,1.3328003944934608e-07,unavailable,unavailable,unavailable,per-run numerical report; see reference coverage,63.0,63.0,ec28d22127ddd60c9fd626bf9f262317330447bb659aad65226721825389b3b7,m1-pro-16gb-local,96000,1,aligned,0,0,1,0,64,8192,0.10008123575846353,666.6666666666666,4.958,4.917,5.041,121.417,0.7437,8192,8192,5.461333333333333,0.0,0.0,,
3aeff8d50243a034,legacy-incremental-float,analysis,analysis,float,2048,1024,64,16,throughput,steady,0,ns/engine-sample,398.4096934000651,390.2516098022461,413.0055904388428,3,9,1023,1023.5,-1,90712,90712,provider-specific or unknown; see evidence.json,0.00014317035675048828,2.15934702845581e-07,2.794693895227653e-07,0,per-run numerical report; see reference coverage,1023.0,1023.0,ece969ee9ca461a3d2fd025d917e298d5e1e39858c22906c888d7f49c8eab5ee,m1-pro-16gb-local,48000,16,staggered,0,0,1,0,64,8192,1.9123665283203124,,,,,,,1,1,10.922666666666666,21.3125,21.322916666666668,,42.63541666666667
3aeff8d50243a034,legacy-incremental-double,analysis,analysis,double,16384,1024,64,1,throughput,steady,0,ns/engine-sample,200.2586964501275,199.428955078125,200.76950391133627,3,9,1023,8191.5,-1,1311328,1311328,provider-specific or unknown; see evidence.json,1.814992600657206e-12,4.297985314237632e-16,4.4286390503187525e-16,0,per-run numerical report; see reference coverage,1023.0,1023.0,ecf52ee2f5089413afd2982387f964cf34262ac02c25aa1acb7f5d25c035e038,m1-pro-16gb-local,48000,1,aligned,0,0,1,0,64,8192,0.9612417429606119,,,,,,,1,1,10.922666666666666,21.3125,170.65625,,191.96875
3aeff8d50243a034,ols-fir-batch-float,chain,fir,float,2048,1024,64,1,throughput,steady,0,ns/engine-sample,75.74433771769206,74.71887270609538,76.84628168741862,3,9,0,511.5,1023,164304,164304,provider-specific or unknown; see evidence.json,1.5557269250621175e-07,unavailable,unavailable,unavailable,per-run numerical report; see reference coverage,63.0,63.0,ecfcf365887a42c76f855b44c9d929b4e4f4e801a36b5b8dcb8faf5c731b90fd,m1-pro-16gb-local,48000,1,aligned,0,0,1,32,64,8192,0.3635728210449219,,,,,,,1,1,10.922666666666666,0.0,10.65625,21.3125,
3aeff8d50243a034,pffft-hybrid-float,analysis,analysis,float,2048,1024,64,1,callback,steady,0,ns/engine-sample,23.860612233479817,22.665887196858723,25.09307924906413,3,9,1023,1023.5,-1,66184,66184,provider-specific or unknown; see evidence.json,6.103515625e-05,1.2019560717045903e-07,1.191954924079027e-07,0,per-run numerical report; see reference coverage,1023.0,1023.0,eda49ee6d9e28b338133eda434f7c5b1686a23259b4bf2c6edfd2ad2b17b735f,m1-pro-16gb-local,48000,1,aligned,0,0,1,32,64,8192,0.11453093872070312,1333.3333333333333,5.834,5.417,6.25,203.0,0.43755,8192,8192,10.922666666666666,21.3125,21.322916666666668,,42.63541666666667
3aeff8d50243a034,fftw-analysis-float,analysis,analysis,float,2048,1024,64,16,throughput,steady,0,ns/engine-sample,151.12857458326553,145.70400428771973,154.19634183247885,3,9,0,1023.5,-1,62032,62032,provider-specific or unknown; see evidence.json,0.0001220703125,1.6833401972470574e-07,2.3817976355656692e-07,0,per-run numerical report; see reference coverage,63.0,63.0,ee2fb40d0e158e47984f31d34fac68128199918e23b99f277b83ccd84d2e5acc,m1-pro-16gb-local,48000,16,aligned,0,0,1,0,64,8192,0.7254171579996745,,,,,,,1,1,10.922666666666666,0.0,21.322916666666668,,21.322916666666668
3aeff8d50243a034,fftw-analysis4-float,analysis,analysis,float,2048,1024,64,4,callback,steady,0,ns/engine-sample,38.031470404730904,35.58146667480469,41.94211196899414,3,9,0,1023.5,-1,248168,248168,provider-specific or unknown; see evidence.json,0.0001220703125,1.8971483970228868e-07,2.3808438258112756e-07,0,per-run numerical report; see reference coverage,63.0,63.0,ee5ec24e6f5045d167ff5372d815b673348e32ee0545383df7a15c801da85dbd,m1-pro-16gb-local,48000,1,aligned,0,0,1,0,64,8192,0.18255105794270832,1333.3333333333333,23.542,22.834,24.666,60.375,1.76565,8192,8192,10.922666666666666,0.0,21.322916666666668,,21.322916666666668
3aeff8d50243a034,pffft-scheduled-batch-float,analysis,analysis,float,2048,1024,64,1,throughput,steady,0,ns/engine-sample,20.76118956671821,20.553324381510418,21.008782704671223,3,9,0,1023.5,-1,66184,66184,provider-specific or unknown; see evidence.json,6.103515625e-05,1.2019560717045903e-07,1.191954924079027e-07,0,per-run numerical report; see reference coverage,63.0,63.0,ee8a6569ef7127d6c96dd9f8b8a180b5bf563c58466bae2c0f6515365529a2d9,m1-pro-16gb-local,48000,1,aligned,0,0,1,32,64,8192,0.0996537099202474,,,,,,,1,1,10.922666666666666,0.0,21.322916666666668,,21.322916666666668
3aeff8d50243a034,pffft-ols-identity-float,chain,identity,float,2048,1024,64,1,throughput,steady,0,ns/engine-sample,15.614898045857748,15.446821212768555,15.716049830118815,3,9,0,511.5,1023,90424,90424,provider-specific or unknown; see evidence.json,3.223614157832344e-07,unavailable,unavailable,unavailable,per-run numerical report; see reference coverage,63.0,63.0,ee8e76656ba158b56debaaa37b9d28e5f4fb80b6d3a3d1dcde6032618fa8c1dc,m1-pro-16gb-local,48000,1,aligned,0,0,1,32,64,8192,0.07495151062011719,,,,,,,1,1,10.922666666666666,0.0,10.65625,21.3125,
3aeff8d50243a034,fftw-ols-identity-float,chain,identity,float,2048,1024,64,1,callback,steady,0,ns/engine-sample,17.2630132039388,17.057937622070312,17.377819697062176,3,9,0,511.5,1023,90424,90424,provider-specific or unknown; see evidence.json,3.157499577355338e-07,unavailable,unavailable,unavailable,per-run numerical report; see reference coverage,63.0,63.0,eec752853174df1f596dce7ae04ce9f7727103b8fd3066aaa7b8ae0b4a9ec507,m1-pro-16gb-local,96000,1,aligned,0,0,1,0,64,8192,0.1657249267578125,666.6666666666666,12.375,12.25,12.416,60.083,1.8562500000000002,8192,8192,5.461333333333333,0.0,5.328125,10.65625,
3aeff8d50243a034,pffft-ols-fir-float,chain,fir,float,2048,1024,64,1,callback,steady,0,ns/engine-sample,21.67685063680013,21.340452194213867,22.039546966552734,3,9,0,511.5,1023,90424,90424,provider-specific or unknown; see evidence.json,1.5359765370703826e-07,unavailable,unavailable,unavailable,per-run numerical report; see reference coverage,63.0,63.0,eeeb2f6d613975c0b3743f7f807ee04758ba9b4909f6130b2f64417b29599837,m1-pro-16gb-local,48000,1,aligned,0,0,1,32,64,8192,0.10404888305664063,1333.3333333333333,14.125,14.0,15.458,94.458,1.059375,8192,8192,10.922666666666666,0.0,10.65625,21.3125,
3aeff8d50243a034,legacy-batch-float,analysis,analysis,float,2048,257,64,1,callback,live,0,ns/engine-sample,147.42912681041938,145.12187905317768,148.75910191715306,3,9,0,1023.5,-1,90680,90680,provider-specific or unknown; see evidence.json,6.103515625e-05,1.6135933999980902e-07,1.3854496064526484e-07,0,per-run numerical report; see reference coverage,0.0,63.0,eeffe55e52789fec5635d83555722dc920773e972732c9d9f6d396869092983f,m1-pro-16gb-local,48000,1,aligned,0,1,1,0,64,2056,0.707659808690013,1333.3333333333333,39.916,39.0,40.292,149.333,2.9937,2056,2056,2.7413333333333334,0.0,21.322916666666668,,21.322916666666668
3aeff8d50243a034,core-double,analysis,analysis,double,4096,1024,64,1,callback,steady,0,ns/engine-sample,36.58432981703017,36.091498057047524,37.043975830078125,3,9,1023,2047.5,-1,877096,877096,provider-specific or unknown; see evidence.json,4.0811798385220754e-13,3.8438517172008793e-16,3.983007059197205e-16,0,per-run numerical report; see reference coverage,1023.0,1023.0,ef250d23547c3ca16ee90b1324dc5eae1d8d4061ec65bfac9af3c1000aea352d,m1-pro-16gb-local,48000,1,aligned,0,0,1,0,64,8192,0.1756047831217448,1333.3333333333333,4.459,4.375,4.5,26.666,0.33442500000000003,8192,8192,10.922666666666666,21.3125,42.65625,,63.96875
3aeff8d50243a034,ols-identity-incremental-double,chain,identity,double,4096,1024,64,1,throughput,steady,0,ns/engine-sample,157.46295928955078,154.60297838846842,159.08246612548828,3,9,1023,511.5,2046,557536,557536,provider-specific or unknown; see evidence.json,5.613217783960923e-16,unavailable,unavailable,unavailable,per-run numerical report; see reference coverage,1023.0,1023.0,f04ec1de8d012c3c6f14161976a6457bd03751f5382989aaf68a130df9b0fff8,m1-pro-16gb-local,48000,1,aligned,0,0,1,0,64,8192,0.7558222045898437,,,,,,,1,1,10.922666666666666,21.3125,10.65625,42.625,
3aeff8d50243a034,pffft-inverse-float,inverse-job,inverse,float,2048,1024,64,1,callback,steady,15,ns/engine-sample,8.70351537068685,8.57891591389974,8.872686386108398,3,9,0,0,-1,82184,82184,provider-specific or unknown; see evidence.json,1.884864389012364e-07,unavailable,unavailable,unavailable,per-run numerical report; see reference coverage,14.0,14.0,f0f0d10f205e1bd69e11fdb7e44e6f7df19d94abdc1d4378056ee349b047b265,m1-pro-16gb-local,48000,1,aligned,0,0,1,0,64,8192,0.041776873779296876,1333.3333333333333,4.167,4.125,4.167,111.208,0.312525,8192,8192,10.922666666666666,0.0,0.0,,
3aeff8d50243a034,ols-fir-batch-float,chain,fir,float,2048,257,64,1,callback,steady,0,ns/engine-sample,276.7929923935365,271.4493783438716,280.42025879539557,3,9,0,128.0,256,152032,152032,provider-specific or unknown; see evidence.json,1.5840151945667458e-07,unavailable,unavailable,unavailable,per-run numerical report; see reference coverage,0.0,63.0,f10782bbf463bf2240c2a2e3cb3442c8a714468fbd24814e11f0d62c46f0ddf3,m1-pro-16gb-local,48000,1,aligned,0,0,1,0,64,2056,1.328606363488975,1333.3333333333333,71.666,70.292,73.125,187.208,5.374950000000001,2056,2056,2.7413333333333334,0.0,2.6666666666666665,5.333333333333333,
3aeff8d50243a034,ols-fir-incremental-float,chain,fir,float,2048,1024,64,1,callback,steady,1,ns/engine-sample,75.41839302910698,74.52669843037923,76.30117162068684,3,9,1023,511.5,2046,164304,164304,provider-specific or unknown; see evidence.json,1.5557269250621175e-07,unavailable,unavailable,unavailable,per-run numerical report; see reference coverage,1024.0,1024.0,f2496e006ad1c01ff3aa4210c4f1170a79d34d27395989a55a9b61a7dd254508,m1-pro-16gb-local,48000,1,aligned,0,0,1,0,64,8192,0.3620082865397135,1333.3333333333333,6.666,6.5,6.875,53.0,0.49995000000000006,8192,8192,10.922666666666666,21.3125,10.65625,42.625,
3aeff8d50243a034,inverse-stream-batch-double,inverse-job,inverse,double,2048,1024,64,1,throughput,steady,0,ns/engine-sample,44.66867446899414,41.895575205485024,49.50502141316732,3,9,0,0,-1,262480,262480,provider-specific or unknown; see evidence.json,3.254984763414886e-15,unavailable,unavailable,unavailable,per-run numerical report; see reference coverage,63.0,63.0,f24e149b1b588ba3a61bf20f6bffd95f6d93f81e237d9b9fea6c2436a9db4340,m1-pro-16gb-local,48000,1,aligned,0,0,1,0,64,8192,0.21440963745117186,,,,,,,1,1,10.922666666666666,0.0,0.0,,
3aeff8d50243a034,fftw-ols-fir-float,chain,fir,float,2048,1024,64,1,throughput,steady,0,ns/engine-sample,17.17751142713759,16.945388793945312,17.36736297607422,3,9,0,511.5,1023,90424,90424,provider-specific or unknown; see evidence.json,1.8128045553567063e-07,unavailable,unavailable,unavailable,per-run numerical report; see reference coverage,63.0,63.0,f2c30a1ebbfc0dec7515980792e72311a54f2c56cd95972abc70a4c2320753fc,m1-pro-16gb-local,96000,1,aligned,0,0,1,0,64,8192,0.16490410970052086,,,,,,,1,1,5.461333333333333,0.0,5.328125,10.65625,
3aeff8d50243a034,vdsp-ifft-double,transform,ifft,double,16384,1024,64,1,complete,steady,0,ns/transform,83745.20355902778,83631.3310546875,83940.44661458333,3,9,0,0,-1,524392,524392,provider-specific or unknown; see evidence.json,3.7661773891197547e-13,unavailable,unavailable,unavailable,per-run numerical report; see reference coverage,unavailable,unavailable,f372130f1e579648dcadce33708051dc340b7503be4696a5bd9387a68bce8e42,m1-pro-16gb-local,48000,1,aligned,0,0,1,0,64,1024,,,,,,,,1024,1024,,0.0,0.0,,
3aeff8d50243a034,inverse-stream-batch-double,inverse-job,inverse,double,4096,1024,64,1,callback,steady,0,ns/engine-sample,87.12342347039117,86.10188802083333,88.25045649210612,3,9,0,0,-1,524624,524624,provider-specific or unknown; see evidence.json,3.3196643116110042e-15,unavailable,unavailable,unavailable,per-run numerical report; see reference coverage,63.0,63.0,f38b269a366eb5cd572d6ad4767d13b5255bb000060d7dc6d079dcffec32ccac,m1-pro-16gb-local,48000,1,aligned,0,0,1,0,64,8192,0.41819243265787764,1333.3333333333333,86.459,84.292,87.167,114.125,6.484425,8192,8192,10.922666666666666,0.0,0.0,,
3aeff8d50243a034,fftw-analysis-double,analysis,analysis,double,16384,1024,64,1,throughput,steady,0,ns/engine-sample,79.11039267645941,78.25538762410481,80.2817611694336,3,9,0,8191.5,-1,787048,787048,provider-specific or unknown; see evidence.json,4.547473508864641e-13,3.948758081424129e-16,1.3878163651865983e-16,0,per-run numerical report; see reference coverage,63.0,63.0,f3d4cf1f4344c998386d88710a0cbe6123a31638b054a717003fe80c1b7a41cc,m1-pro-16gb-local,48000,1,aligned,0,1,1,0,64,8192,0.37972988484700515,,,,,,,1,1,10.922666666666666,0.0,170.65625,,170.65625
3aeff8d50243a034,pffft-scheduled-batch-float,analysis,analysis,float,2048,1024,64,1,callback,steady,0,ns/engine-sample,20.662722905476887,20.445245107014973,20.953673044840496,3,9,0,1023.5,-1,66184,66184,provider-specific or unknown; see evidence.json,6.103515625e-05,1.2019560717045903e-07,1.191954924079027e-07,0,per-run numerical report; see reference coverage,63.0,63.0,f4739cbb3e67480740850c9a761fe632e092faec164e6c3c2d4b31ed7c35447d,m1-pro-16gb-local,96000,1,aligned,0,0,1,0,64,8192,0.19836213989257812,666.6666666666666,16.0,16.0,16.375,73.541,2.4000000000000004,8192,8192,5.461333333333333,0.0,10.661458333333334,,10.661458333333334
3aeff8d50243a034,fftw-analysis4-float,analysis,analysis,float,2048,1024,64,4,throughput,steady,0,ns/engine-sample,39.84182866414388,38.84837341308594,40.88489278157552,3,9,0,1023.5,-1,248168,248168,provider-specific or unknown; see evidence.json,9.1552734375e-05,2.196775752540109e-07,2.385487837033649e-07,0,per-run numerical report; see reference coverage,63.0,63.0,f4b9e7a01d052f4799ad478fc9e5bc06a7281bd6724e3b670ec5b9d33eb49868,m1-pro-16gb-local,48000,1,aligned,0,1,1,0,64,8192,0.19124077758789063,,,,,,,1,1,10.922666666666666,0.0,21.322916666666668,,21.322916666666668
3aeff8d50243a034,core-float,analysis,analysis,float,2048,1024,64,4,callback,steady,0,ns/engine-sample,83.17672242058649,82.2990894317627,83.73849868774414,3,9,1023,1023.5,-1,565780,565780,provider-specific or unknown; see evidence.json,0.00014317035675048828,2.15934702845581e-07,2.794693895227653e-07,0,per-run numerical report; see reference coverage,1023.0,1023.0,f4bd5bd9f675dc5cc611758905791673dcf6210bc914efc250a887b937afe7fc,m1-pro-16gb-local,48000,4,staggered,0,0,1,0,64,8192,0.39924826761881516,1333.3333333333333,6.333,6.084,6.334,45.917,0.474975,8192,8192,10.922666666666666,21.3125,21.322916666666668,,42.63541666666667
3aeff8d50243a034,fftw-ols-identity-double,chain,identity,double,4096,1024,64,1,callback,steady,0,ns/engine-sample,43.965443505181206,43.415622075398765,44.36457888285319,3,9,0,511.5,1023,344392,344392,provider-specific or unknown; see evidence.json,5.578801654593729e-16,unavailable,unavailable,unavailable,per-run numerical report; see reference coverage,63.0,63.0,f4c778e4f1cc8ad38b59aff1bf28bb5cb035de33e8683191f7286508917df4d9,m1-pro-16gb-local,48000,1,aligned,0,0,1,0,64,8192,0.21103412882486977,1333.3333333333333,39.875,39.125,39.916,158.709,2.990625,8192,8192,10.922666666666666,0.0,10.65625,21.3125,
3aeff8d50243a034,core-float,analysis,analysis,float,2048,1024,64,16,callback,steady,0,ns/engine-sample,368.1178050571018,362.46028963724774,372.2066656748454,3,9,1023,1023.5,-1,565780,565780,provider-specific or unknown; see evidence.json,0.00014317035675048828,2.15934702845581e-07,2.794693895227653e-07,0,per-run numerical report; see reference coverage,1023.0,1023.0,f5b8573a4a87345c5f882a8e63ce46e7a3bb1c9b1b8670dffee7e68b1dfa8c5d,m1-pro-16gb-local,48000,16,staggered,0,0,1,0,64,8192,1.7669654642740886,1333.3333333333333,28.708,25.083,34.708,240.167,2.1531000000000002,8192,8192,10.922666666666666,21.3125,21.322916666666668,,42.63541666666667
3aeff8d50243a034,core-independent4-float,analysis,analysis,float,2048,1024,64,4,callback,steady,0,ns/engine-sample,81.65194808112251,80.46868705749512,82.76907221476237,3,9,1023,1023.5,-1,2263160,2263160,provider-specific or unknown; see evidence.json,0.00015223026275634766,2.695386005528559e-07,2.9703335017697735e-07,0,per-run numerical report; see reference coverage,1023.0,1023.0,f64564ae9386fa9cda127a654067074fed1ff821c212c1785f350a25e5690840,m1-pro-16gb-local,48000,1,aligned,0,0,1,0,64,8192,0.391929350789388,1333.3333333333333,7.417,7.375,7.459,54.958,0.5562750000000001,8192,8192,10.922666666666666,21.3125,21.322916666666668,,42.63541666666667
3aeff8d50243a034,vdsp-ols-identity-float,chain,identity,float,2048,1024,64,4,throughput,steady,0,ns/engine-sample,60.29624387953017,59.73468844095866,61.34963035583496,3,9,0,511.5,1023,106816,106816,provider-specific or unknown; see evidence.json,3.9384264027830795e-07,unavailable,unavailable,unavailable,per-run numerical report; see reference coverage,63.0,63.0,f657051eb443680d0eb7b21532ba2d89f7ec8d02c700a25b0383c2825cbea176,m1-pro-16gb-local,48000,4,staggered,0,0,1,0,64,8192,0.2894219706217448,,,,,,,1,1,10.922666666666666,0.0,10.65625,21.3125,
3aeff8d50243a034,inverse-stream-batch-double,inverse-job,inverse,double,2048,1024,64,1,callback,steady,0,ns/engine-sample,43.79696718851725,42.27583122253418,45.419521967569985,3,9,0,0,-1,262480,262480,provider-specific or unknown; see evidence.json,3.254984763414886e-15,unavailable,unavailable,unavailable,per-run numerical report; see reference coverage,63.0,63.0,f66f29db2eb14d80cca74e26aea44c58706ed0f11cb2bf87c12c42efeaf37087,m1-pro-16gb-local,48000,1,aligned,0,0,1,0,64,8192,0.21022544250488281,1333.3333333333333,38.834,38.291,39.042,801.791,2.9125500000000004,8192,8192,10.922666666666666,0.0,0.0,,
3aeff8d50243a034,legacy-incremental-float,analysis,analysis,float,2048,1024,64,4,callback,steady,0,ns/engine-sample,102.2817751566569,93.517822265625,117.90345573425293,3,9,1023,1023.5,-1,90712,90712,provider-specific or unknown; see evidence.json,0.00014317035675048828,2.15934702845581e-07,2.794693895227653e-07,0,per-run numerical report; see reference coverage,1023.0,1023.0,f6bc54a047a26c5434def3b19553e5c671fec55c9db33ff95b96da4a59b32da8,m1-pro-16gb-local,48000,4,staggered,0,0,1,0,64,8192,0.4909525207519531,1333.3333333333333,9.75,8.666,10.042,1408.125,0.7312500000000001,8192,8192,10.922666666666666,21.3125,21.322916666666668,,42.63541666666667
3aeff8d50243a034,fftw-analysis-float,analysis,analysis,float,2048,1024,64,1,throughput,startup,0,ns/engine-sample,11.813031090630425,10.512034098307291,14.016230265299479,3,9,0,1023.5,-1,62032,62032,provider-specific or unknown; see evidence.json,0.0001220703125,1.6833401972470574e-07,2.3817976355656692e-07,0,per-run numerical report; see reference coverage,63.0,63.0,f727e316f35429396f1c82fe07eb59876b0116f9b08c58286e07e4d91a837dcb,m1-pro-16gb-local,48000,1,aligned,0,0,1,0,64,8192,0.05670254923502604,,,,,,,1,1,10.922666666666666,0.0,21.322916666666668,,21.322916666666668
3aeff8d50243a034,vdsp-ols-fir-double,chain,fir,double,2048,1024,64,1,throughput,steady,0,ns/engine-sample,18.82534556918674,18.578450520833332,19.00937779744466,3,9,0,511.5,1023,213328,213328,provider-specific or unknown; see evidence.json,2.498001805406602e-16,unavailable,unavailable,unavailable,per-run numerical report; see reference coverage,63.0,63.0,f7389d92bf4fd373e62a983fde67cc09712240eca1ebe85f7c1b412cff0aff91,m1-pro-16gb-local,48000,1,aligned,0,0,1,0,64,8192,0.09036165873209635,,,,,,,1,1,10.922666666666666,0.0,10.65625,21.3125,
3aeff8d50243a034,ols-identity-batch-float,chain,identity,float,2048,257,64,1,throughput,steady,0,ns/engine-sample,273.97004363921315,270.7802417720493,277.1585096465629,3,9,0,128.0,256,152032,152032,provider-specific or unknown; see evidence.json,3.604110077048972e-07,unavailable,unavailable,unavailable,per-run numerical report; see reference coverage,0.0,63.0,f7c03bf5291793eb992bf8a566b63f2cb6525ad6fd2fa51949b0cf3cef73f0c4,m1-pro-16gb-local,48000,1,aligned,0,0,1,0,64,2056,1.3150562094682232,,,,,,,1,1,2.7413333333333334,0.0,2.6666666666666665,5.333333333333333,
3aeff8d50243a034,ols-identity-incremental-double,chain,identity,double,16384,1024,64,1,callback,steady,0,ns/engine-sample,761.1701039208306,748.5644245147705,774.0966860453287,3,9,1023,511.5,2046,2130400,2130400,provider-specific or unknown; see evidence.json,6.004449063730082e-16,unavailable,unavailable,unavailable,per-run numerical report; see reference coverage,1023.0,1023.0,f7e16333897a7ac16817fb049d66a5dc69826020c11322b3b8ee300f075bd019,m1-pro-16gb-local,48000,1,aligned,0,0,1,0,64,8192,3.6536164988199866,1333.3333333333333,108.042,106.625,113.125,232.5,8.103150000000001,8192,8192,10.922666666666666,21.3125,10.65625,42.625,
3aeff8d50243a034,inverse-stream-batch-float,inverse-job,inverse,float,2048,1024,64,1,callback,steady,0,ns/engine-sample,124.67956246270073,122.52130444844563,128.8448429107666,3,9,0,0,-1,139600,139600,provider-specific or unknown; see evidence.json,4.053554221172817e-07,unavailable,unavailable,unavailable,per-run numerical report; see reference coverage,63.0,63.0,f80a881e20b26ac9fb7de20d9bc61409e5a3dd7b260f2d89a899f9431081d600,m1-pro-16gb-local,48000,1,aligned,64,0,1,0,64,8192,0.5984618998209634,1333.3333333333333,40.291,40.042,40.708,88.833,3.021825,8192,8192,10.922666666666666,0.0,0.0,,
3aeff8d50243a034,inverse-stream-incremental-float,inverse-job,inverse,float,2048,1024,64,1,callback,steady,0,ns/engine-sample,36.739877700805664,36.3400936126709,37.24002647399902,3,9,1023,0,-1,139600,139600,provider-specific or unknown; see evidence.json,4.053554221172817e-07,unavailable,unavailable,unavailable,per-run numerical report; see reference coverage,1023.0,1023.0,f80b371641adc04783fea66aff6479efa7c176125be7bdf0ac5255409507d12a,m1-pro-16gb-local,96000,1,aligned,0,0,1,0,64,8192,0.3527028259277344,666.6666666666666,4.834,4.792,5.0,28.541,0.7251,8192,8192,5.461333333333333,10.65625,0.0,,
3aeff8d50243a034,vdsp-analysis-double,analysis,analysis,double,16384,1024,64,1,callback,steady,0,ns/engine-sample,71.59835306803386,70.07211812337239,72.84623336791992,3,9,0,8191.5,-1,918128,918128,provider-specific or unknown; see evidence.json,4.547473508864641e-13,3.9486415372735034e-16,1.3880751739856625e-16,0,per-run numerical report; see reference coverage,63.0,63.0,f89452405136b98f7a8224d8b54f96564401b4c35df6cc7092d1780f32edd177,m1-pro-16gb-local,48000,1,aligned,0,1,1,0,64,8192,0.3436720947265625,1333.3333333333333,68.416,67.583,69.917,205.541,5.131200000000001,8192,8192,10.922666666666666,0.0,170.65625,,170.65625
3aeff8d50243a034,pffft-analysis-float,analysis,analysis,float,2048,1024,64,1,callback,steady,0,ns/engine-sample,14.92936028374566,14.417669296264648,15.756875356038412,3,9,0,1023.5,-1,62032,62032,provider-specific or unknown; see evidence.json,6.103515625e-05,1.2019560717045903e-07,1.191954924079027e-07,0,per-run numerical report; see reference coverage,63.0,63.0,f8996c8fbae06c9e7983a3ff78b55e96ce34d7e56f645f3a292e734a4450007f,m1-pro-16gb-local,48000,1,aligned,0,0,1,32,64,8192,0.07166092936197918,1333.3333333333333,8.083,7.917,9.917,51.875,0.606225,8192,8192,10.922666666666666,0.0,21.322916666666668,,21.322916666666668
3aeff8d50243a034,rfft-double,transform,rfft,double,2048,1024,64,1,complete,steady,0,ns/transform,17311.66384548611,17031.72265625,17530.1669921875,3,9,0,0,-1,114896,114896,provider-specific or unknown; see evidence.json,1.268953684675685e-10,unavailable,unavailable,unavailable,per-run numerical report; see reference coverage,unavailable,unavailable,f8aea33fe50f779d0f54e25bf060f1d0fa8edadb05487897d1948cf5e3844cf4,m1-pro-16gb-local,48000,1,aligned,0,0,1,0,64,1024,,,,,,,,1024,1024,,0.0,0.0,,
3aeff8d50243a034,pffft-scheduled-batch-float,analysis,analysis,float,2048,1024,64,4,callback,steady,0,ns/engine-sample,75.16956075032552,74.48833592732747,75.56983439127605,3,9,0,1023.5,-1,66184,66184,provider-specific or unknown; see evidence.json,6.103515625e-05,1.2019560717045903e-07,1.191954924079027e-07,0,per-run numerical report; see reference coverage,63.0,63.0,f8badc0dc78dbe816c3b726656fa91a91e640149ac201242a129238f284e32e0,m1-pro-16gb-local,48000,4,aligned,0,0,1,0,64,8192,0.3608138916015625,1333.3333333333333,65.208,64.083,65.291,158.125,4.8906,8192,8192,10.922666666666666,0.0,21.322916666666668,,21.322916666666668
3aeff8d50243a034,legacy-batch-float,analysis,analysis,float,2048,1024,64,1,callback,steady,63,ns/engine-sample,24.18325360616048,23.861731847127277,24.37940851847331,3,9,0,1023.5,-1,90680,90680,provider-specific or unknown; see evidence.json,0.00014317035675048828,2.15934702845581e-07,2.794693895227653e-07,0,per-run numerical report; see reference coverage,62.0,62.0,f910475bf64427e29fdde7e22d6b27676d5a4636ab21b64e8583937b73d7cb46,m1-pro-16gb-local,48000,1,aligned,0,0,1,0,64,8192,0.11607961730957031,1333.3333333333333,19.875,19.5,20.0,82.208,1.490625,8192,8192,10.922666666666666,0.0,21.322916666666668,,21.322916666666668
3aeff8d50243a034,pffft-analysis4-float,analysis,analysis,float,16384,1024,64,4,callback,steady,0,ns/engine-sample,202.3373705546061,197.6628386179606,211.09623781840006,3,9,0,8191.5,-1,1968488,1968488,provider-specific or unknown; see evidence.json,0.000244140625,4.760566616868116e-07,1.933175160941665e-07,0,per-run numerical report; see reference coverage,63.0,63.0,f94e94a15834053f927ca8e72361d5f8910467347d59fe6d6c40ce949d61f01c,m1-pro-16gb-local,48000,1,aligned,0,1,1,0,64,8192,0.9712193786621094,1333.3333333333333,189.167,187.583,196.584,389.791,14.187525,8192,8192,10.922666666666666,0.0,170.65625,,170.65625
3aeff8d50243a034,legacy-incremental-float,analysis,analysis,float,2048,1024,64,1,throughput,steady,0,ns/engine-sample,121.1551121605767,108.83418782552083,141.1235866546631,3,9,1023,1023.5,-1,90712,90712,provider-specific or unknown; see evidence.json,0.00014317035675048828,2.15934702845581e-07,2.794693895227653e-07,0,per-run numerical report; see reference coverage,1023.0,1023.0,f9eba5ee734003c63319d76f9de2de24fb174e2a856a10fd2ab58f2279611058,m1-pro-16gb-local,48000,1,aligned,64,0,1,0,64,8192,0.5815445383707681,,,,,,,1,1,10.922666666666666,21.3125,21.322916666666668,,42.63541666666667
3aeff8d50243a034,inverse-stream-batch-float,inverse-job,inverse,float,2048,1024,64,1,throughput,startup,0,ns/engine-sample,39.10713746812608,38.62656466166178,39.40595563252767,3,9,0,0,-1,139600,139600,provider-specific or unknown; see evidence.json,4.053554221172817e-07,unavailable,unavailable,unavailable,per-run numerical report; see reference coverage,63.0,63.0,fa2ecd85d6acf1d4e2722f3c08fb8f5c5f87a3437b05a2fba75e3e50bfa4ea0f,m1-pro-16gb-local,48000,1,aligned,0,0,1,0,64,8192,0.1877142598470052,,,,,,,1,1,10.922666666666666,0.0,0.0,,
3aeff8d50243a034,legacy-incremental-float,analysis,analysis,float,2048,1024,64,4,throughput,steady,0,ns/engine-sample,93.38689698113336,88.95020993550618,99.15312067667644,3,9,1023,1023.5,-1,90712,90712,provider-specific or unknown; see evidence.json,0.00014317035675048828,2.15934702845581e-07,2.794693895227653e-07,0,per-run numerical report; see reference coverage,1023.0,1023.0,fa4c1353ee6a431c09ffdc7bbeabe35a9d6b1609249d52d10f53c2bee5563895,m1-pro-16gb-local,48000,4,aligned,0,0,1,0,64,8192,0.44825710550944015,,,,,,,1,1,10.922666666666666,21.3125,21.322916666666668,,42.63541666666667
3aeff8d50243a034,core-independent4-float,analysis,analysis,float,16384,1024,64,4,callback,steady,0,ns/engine-sample,529.5258172353109,523.9660396575928,533.0380210876465,3,9,1023,8191.5,-1,2377848,2377848,provider-specific or unknown; see evidence.json,0.0011550188064575195,3.1531550417092065e-07,2.817738172062864e-07,22392,per-run numerical report; see reference coverage,1023.0,1023.0,fc9a92c068d7d8542c07122ee790d72f4068905282cdd0084ea03154370d5bc7,m1-pro-16gb-local,48000,1,aligned,0,0,1,0,64,8192,2.541723922729492,1333.3333333333333,56.0,55.75,58.083,342.5,4.2,8192,8192,10.922666666666666,21.3125,170.65625,,191.96875
3aeff8d50243a034,inverse-stream-batch-float,inverse-job,inverse,float,2048,1024,64,1,callback,steady,0,ns/engine-sample,38.84590975443522,38.25749651590983,39.50215593973795,3,9,0,0,-1,139600,139600,provider-specific or unknown; see evidence.json,4.053554221172817e-07,unavailable,unavailable,unavailable,per-run numerical report; see reference coverage,63.0,63.0,fd4b73c9565c6dfd94fea7d533332fba84db3b0fc9eba39fc33e267ecfd3a575,m1-pro-16gb-local,96000,1,aligned,0,0,1,0,64,8192,0.3729207336425781,666.6666666666666,35.0,34.5,35.584,123.708,5.25,8192,8192,5.461333333333333,0.0,0.0,,
3aeff8d50243a034,pffft-analysis-float,analysis,analysis,float,2048,1024,64,1,throughput,steady,0,ns/engine-sample,9.948050816853842,9.807587305704752,10.040998458862305,3,9,0,1023.5,-1,62032,62032,provider-specific or unknown; see evidence.json,6.103515625e-05,1.2019560717045903e-07,1.191954924079027e-07,0,per-run numerical report; see reference coverage,63.0,63.0,fd5091fe5d85ae9833b4d1b075b6ebc2b94e0bf33071a2d86780cfccc8db53f3,m1-pro-16gb-local,96000,1,aligned,0,0,1,0,64,8192,0.09550128784179687,,,,,,,1,1,5.461333333333333,0.0,10.661458333333334,,10.661458333333334
3aeff8d50243a034,ols-fir-batch-float,chain,fir,float,2048,1024,64,1,throughput,steady,0,ns/engine-sample,160.93873066372342,158.74754015604654,162.59972190856934,3,9,0,511.5,1023,164304,164304,provider-specific or unknown; see evidence.json,1.5557269250621175e-07,unavailable,unavailable,unavailable,per-run numerical report; see reference coverage,63.0,63.0,fd52c5530519b323bcc6e2fa91085e6218a826d0a9d52eea48af29399cbbb929,m1-pro-16gb-local,48000,1,aligned,64,0,1,0,64,8192,0.7725059071858724,,,,,,,1,1,10.922666666666666,0.0,10.65625,21.3125,
3aeff8d50243a034,ols-fir-batch-double,chain,fir,double,4096,1024,64,1,throughput,steady,0,ns/engine-sample,159.03276846143933,155.7342472076416,162.89366594950357,3,9,0,511.5,1023,557536,557536,provider-specific or unknown; see evidence.json,2.3714374201337736e-16,unavailable,unavailable,unavailable,per-run numerical report; see reference coverage,63.0,63.0,fdfebe2bb7bfff8894d7d032de77c9e32752c5d379d8afe101b0321c682631e8,m1-pro-16gb-local,48000,1,aligned,0,0,1,0,64,8192,0.7633572886149088,,,,,,,1,1,10.922666666666666,0.0,10.65625,21.3125,
3aeff8d50243a034,fftw-inverse-float,inverse-job,inverse,float,2048,1024,64,16,callback,steady,0,ns/engine-sample,90.36074638366699,89.63355318705241,91.08364613850911,3,9,0,0,-1,82184,82184,provider-specific or unknown; see evidence.json,1.3328003944934608e-07,unavailable,unavailable,unavailable,per-run numerical report; see reference coverage,63.0,63.0,fe3eee5bb9cb38380f26f7ae858edeea495a44d8d0e20edd5a0a8585e6e58ba0,m1-pro-16gb-local,48000,16,staggered,0,0,1,0,64,8192,0.43373158264160155,1333.3333333333333,6.292,5.916,6.5,236.833,0.47190000000000004,8192,8192,10.922666666666666,0.0,0.0,,
3aeff8d50243a034,ols-identity-batch-double,chain,identity,double,16384,1024,64,1,callback,steady,0,ns/engine-sample,768.7113884819878,753.7944533030192,780.2039019266764,3,9,0,511.5,1023,2130400,2130400,provider-specific or unknown; see evidence.json,6.004449063730082e-16,unavailable,unavailable,unavailable,per-run numerical report; see reference coverage,63.0,63.0,fe98b3f119b778ecfe26c917adfdbbeb15472d9df98afbe544b01c9d2a6a86a3,m1-pro-16gb-local,48000,1,aligned,0,0,1,0,64,8192,3.6898146647135412,1333.3333333333333,783.459,766.541,783.708,2665.625,58.759425,8192,8192,10.922666666666666,0.0,10.65625,21.3125,
3aeff8d50243a034,vdsp-analysis-float,analysis,analysis,float,2048,1024,64,16,callback,steady,0,ns/engine-sample,150.4234824710422,148.62042490641275,153.8732509613037,3,9,0,1023.5,-1,70232,70232,provider-specific or unknown; see evidence.json,6.103515625e-05,1.4261480916057953e-07,1.1945004482661556e-07,0,per-run numerical report; see reference coverage,63.0,63.0,fe9ba32502b316589730e32a4c55c833a34a12e8c7db63900a4963f07b145c31,m1-pro-16gb-local,48000,16,staggered,0,0,1,0,64,8192,0.7220327158610026,1333.3333333333333,10.333,10.25,10.334,97.542,0.774975,8192,8192,10.922666666666666,0.0,21.322916666666668,,21.322916666666668
3aeff8d50243a034,ols-identity-incremental-float,chain,identity,float,2048,1024,64,1,throughput,startup,0,ns/engine-sample,74.51033571031358,73.85399564107259,75.01472409566243,3,9,1023,511.5,2046,164304,164304,provider-specific or unknown; see evidence.json,3.2098083124765253e-07,unavailable,unavailable,unavailable,per-run numerical report; see reference coverage,1023.0,1023.0,ff27e5b265cf3779bded65d07ce3fb2e124a5634b5c02fa201acb95ecd7291c0,m1-pro-16gb-local,48000,1,aligned,0,0,1,0,64,8192,0.35764961140950524,,,,,,,1,1,10.922666666666666,21.3125,10.65625,42.625,
3aeff8d50243a034,pffft-hybrid-float,analysis,analysis,float,2048,1024,64,1,callback,steady,1,ns/engine-sample,21.305444293551975,15.98050053914388,31.35093371073405,3,9,1023,1023.5,-1,66184,66184,provider-specific or unknown; see evidence.json,6.103515625e-05,1.2019560717045903e-07,1.191954924079027e-07,0,per-run numerical report; see reference coverage,1024.0,1024.0,ff7599a9db2c820e1b83c40f8c92c50e209969780411190d74c3d7d729cfd3b4,m1-pro-16gb-local,48000,1,aligned,0,0,1,0,64,8192,0.10226613260904947,1333.3333333333333,2.625,2.584,2.708,102.875,0.19687500000000002,8192,8192,10.922666666666666,21.3125,21.322916666666668,,42.63541666666667
3aeff8d50243a034,inverse-stream-incremental-double,inverse-job,inverse,double,4096,1024,64,1,callback,steady,0,ns/engine-sample,77.70401446024577,76.9344310760498,78.98451487223308,3,9,1023,0,-1,524624,524624,provider-specific or unknown; see evidence.json,3.3196643116110042e-15,unavailable,unavailable,unavailable,per-run numerical report; see reference coverage,1023.0,1023.0,ffc7c18e38bbf560141a2352549f2b1df45fcf69cca724fe4bda67e9e652e288,m1-pro-16gb-local,48000,1,aligned,0,0,1,0,64,8192,0.3729792694091797,1333.3333333333333,12.583,12.208,12.583,143.083,0.943725,8192,8192,10.922666666666666,21.3125,0.0,,
