group,workload,config_id,backend,native,n,hop,block,regime,session,repeat,raw,raw_sha256,compute_ns_per_sample,hop_median,hop_count,block_p99,maximum,compute_misses,release_misses,observations
Baselines,0,905d8b4f94ca8a4b9642a811287aa08281b2f7f3c7776e7c2d96b4707ad5260e,core-matched-batch-float,,2048,1024,64,continuous,pilot-01,0,workload-0000-repeat-00.csv,dc0adbb4f3a802a1daf7fb97d056ec4a1d3b2bff5ab5412605c38c57e4d4606e,44.11134338378906,22125.0,256,25083.0,123375.0,0,,4096
Baselines,0,905d8b4f94ca8a4b9642a811287aa08281b2f7f3c7776e7c2d96b4707ad5260e,core-matched-batch-float,,2048,1024,64,continuous,pilot-01,1,workload-0000-repeat-01.csv,bf856238a71b910db9f63e19b0ecbc8a0acb156f8c2f76eac57b93873e9cc3a9,60.18299102783203,33792.0,256,41709.0,144292.0,0,,4096
Baselines,0,905d8b4f94ca8a4b9642a811287aa08281b2f7f3c7776e7c2d96b4707ad5260e,core-matched-batch-float,,2048,1024,64,continuous,pilot-02,0,workload-0000-repeat-00.csv,391b77e0b5e46b9e4a6ac420ce3a58e17db4093d2813697ba45be4ee3ebda190,59.84963607788086,28979.5,256,57500.0,168667.0,0,,4096
Baselines,0,905d8b4f94ca8a4b9642a811287aa08281b2f7f3c7776e7c2d96b4707ad5260e,core-matched-batch-float,,2048,1024,64,continuous,pilot-02,1,workload-0000-repeat-01.csv,555b393f3d6c3bdf37d6c4c069ffc4e3ff6f68524c328d96b2638d59df52bc37,72.20563888549805,56709.0,256,106667.0,132291.0,0,,4096
Baselines,1,1a0eb20bcfb66e6245a781b0102587afb3392eed153281b3d213451be9c90ae8,core-matched-batch-float,,4096,1024,64,continuous,pilot-01,0,workload-0001-repeat-00.csv,5ea2c6fc967a16dc2676b93ba01d6bfb9626e2eb61482bce57c48fcafd05f8ac,67.7654037475586,51437.5,256,59042.0,92333.0,0,,4096
Baselines,1,1a0eb20bcfb66e6245a781b0102587afb3392eed153281b3d213451be9c90ae8,core-matched-batch-float,,4096,1024,64,continuous,pilot-01,1,workload-0001-repeat-01.csv,bec0d64d58599697509dfce1d0ecc1a3a25c88b9c433978a3b436248cfff2701,67.34076309204102,50959.0,256,58708.0,150292.0,0,,4096
Baselines,1,1a0eb20bcfb66e6245a781b0102587afb3392eed153281b3d213451be9c90ae8,core-matched-batch-float,,4096,1024,64,continuous,pilot-02,0,workload-0001-repeat-00.csv,e77f164b2202963632180df1634e1eb2a922ee99d5b1d63489b11db491ccb889,70.46366882324219,54854.0,256,68791.0,250875.0,0,,4096
Baselines,1,1a0eb20bcfb66e6245a781b0102587afb3392eed153281b3d213451be9c90ae8,core-matched-batch-float,,4096,1024,64,continuous,pilot-02,1,workload-0001-repeat-01.csv,7ca99e0f8040fd7f567831ec23589d4c1446ab2d9dd05e7d4b7cfcb5a74ea9f6,67.53700256347656,51375.0,256,61666.0,82875.0,0,,4096
Baselines,2,380859679db1db1b96dee26dffaf4e55ba7d0c3c41dbe90600bbd22d7cb07244,core-matched-batch-float,,16384,1024,64,continuous,pilot-01,0,workload-0002-repeat-00.csv,bd0709eb44a31bc13fb8d7ffe514e27d91063ac280ab46580d69d52b899ff0ea,191.24270629882812,175333.0,256,221250.0,299708.0,0,,4096
Baselines,2,380859679db1db1b96dee26dffaf4e55ba7d0c3c41dbe90600bbd22d7cb07244,core-matched-batch-float,,16384,1024,64,continuous,pilot-01,1,workload-0002-repeat-01.csv,b986e78b48bb2694c0a461543b30462fa9e52b864fdae44eebf2a0f347bf46f9,190.09724044799805,175208.5,256,221667.0,299708.0,0,,4096
Baselines,2,380859679db1db1b96dee26dffaf4e55ba7d0c3c41dbe90600bbd22d7cb07244,core-matched-batch-float,,16384,1024,64,continuous,pilot-02,0,workload-0002-repeat-00.csv,b3c13cc77420a1ab8a5e48148318ec9312f07102e5511ad262d176b660244118,179.86539840698242,170104.0,256,198333.0,258875.0,0,,4096
Baselines,2,380859679db1db1b96dee26dffaf4e55ba7d0c3c41dbe90600bbd22d7cb07244,core-matched-batch-float,,16384,1024,64,continuous,pilot-02,1,workload-0002-repeat-01.csv,5bef7b091c50d11ede2107d419d302e2027e0a6e136f1ce53feadfd4ad03eea3,187.94918060302734,175167.0,256,220917.0,322250.0,0,,4096
Baselines,3,e4609bb1975f2ebdaa81a3c1024729d02038c7a9791648990649811c8494bb37,core-matched-distributed-float,,2048,1024,64,continuous,pilot-01,0,workload-0003-repeat-00.csv,c65ca22d4bb87042900cf05a825a43b02495b4ad357854bc01576033907d6ace,68.03909683227539,4875.0,256,22542.0,70250.0,0,,4096
Baselines,3,e4609bb1975f2ebdaa81a3c1024729d02038c7a9791648990649811c8494bb37,core-matched-distributed-float,,2048,1024,64,continuous,pilot-01,1,workload-0003-repeat-01.csv,ecc105149ed2a1c40a7609f3798220e70398d687d6a34365696185e81032d282,45.031639099121094,2875.0,256,22458.0,58667.0,0,,4096
Baselines,3,e4609bb1975f2ebdaa81a3c1024729d02038c7a9791648990649811c8494bb37,core-matched-distributed-float,,2048,1024,64,continuous,pilot-02,0,workload-0003-repeat-00.csv,47f9f9378cf1fcf5d868bcc6f06438ea3134b450c72e8f262b4f31f1fb87d7d1,69.4636459350586,4875.0,256,22500.0,98625.0,0,,4096
Baselines,3,e4609bb1975f2ebdaa81a3c1024729d02038c7a9791648990649811c8494bb37,core-matched-distributed-float,,2048,1024,64,continuous,pilot-02,1,workload-0003-repeat-01.csv,3dc3a044f750f761617884a8e48dee7f90f3b035227ad3c7826b48b0fdfddcf8,46.85487365722656,4125.0,256,9917.0,62875.0,0,,4096
Baselines,4,25e111d7759096c3798821aae9e28eacd5c97026122d726e01c90843f75351f3,core-matched-distributed-float,,4096,1024,64,continuous,pilot-01,0,workload-0004-repeat-00.csv,366662c116472e62be114a0e29e84ac47d8701929ea368fa660f6d58d9eed848,79.9869384765625,5250.0,256,23042.0,60791.0,0,,4096
Baselines,4,25e111d7759096c3798821aae9e28eacd5c97026122d726e01c90843f75351f3,core-matched-distributed-float,,4096,1024,64,continuous,pilot-01,1,workload-0004-repeat-01.csv,132504b35bab7153d94526d7d10e48d738fc0092557069cb1c89205869ea8af8,99.65601348876953,8917.0,256,23833.0,88375.0,0,,4096
Baselines,4,25e111d7759096c3798821aae9e28eacd5c97026122d726e01c90843f75351f3,core-matched-distributed-float,,4096,1024,64,continuous,pilot-02,0,workload-0004-repeat-00.csv,095c1e172074dd217f0b42499459f6c2413ff4c4151e0e6510c9b50688f1bfbe,74.47425842285156,6625.0,256,16917.0,69250.0,0,,4096
Baselines,4,25e111d7759096c3798821aae9e28eacd5c97026122d726e01c90843f75351f3,core-matched-distributed-float,,4096,1024,64,continuous,pilot-02,1,workload-0004-repeat-01.csv,64920732c6d7aadd845b4b2acdcb9be6b1d4768cc732b90339e60929f789264a,67.23959350585938,5875.0,256,16833.0,59917.0,0,,4096
Baselines,5,919e385dcebe85d1ee966522fa8a34265898cf3267681569f2ff3452e9e4a1b8,core-matched-distributed-float,,16384,1024,64,continuous,pilot-01,0,workload-0005-repeat-00.csv,4dd7a930a66a8543151cd0c4cf82aaa0938a73a1d7eb612982da9b91b4a2af30,151.14532089233398,17792.0,256,19542.0,30917.0,0,,4096
Baselines,5,919e385dcebe85d1ee966522fa8a34265898cf3267681569f2ff3452e9e4a1b8,core-matched-distributed-float,,16384,1024,64,continuous,pilot-01,1,workload-0005-repeat-01.csv,3906afc0cc63b5daa2c050afcd474613e470805345a13bf02c284b3b12eb1445,192.67882919311523,21625.0,256,27292.0,41833.0,0,,4096
Baselines,5,919e385dcebe85d1ee966522fa8a34265898cf3267681569f2ff3452e9e4a1b8,core-matched-distributed-float,,16384,1024,64,continuous,pilot-02,0,workload-0005-repeat-00.csv,bd5e95b6b792e639ec99150a8ef80041f101572ae7bea6e8fd77ab397c5378a5,183.00180435180664,19625.0,256,27208.0,31542.0,0,,4096
Baselines,5,919e385dcebe85d1ee966522fa8a34265898cf3267681569f2ff3452e9e4a1b8,core-matched-distributed-float,,16384,1024,64,continuous,pilot-02,1,workload-0005-repeat-01.csv,77a80ff8b15cb0bf8310876d3b523d9bcf2b5bd9a67f1c2ce3a90b49fefc71aa,155.0425033569336,17875.0,256,19584.0,35709.0,0,,4096
Baselines,6,ece8451beacccd0ff4b5beaf9cd2ddf9414a2926aeec11dadc1e825d22ef8eca,pffft-native-batch-float,,2048,1024,64,continuous,pilot-01,0,workload-0006-repeat-00.csv,3c78a82a3d76ffe461a838d453e4493856183003734aa1159f9e5396161a467e,34.82609939575195,8541.0,256,18041.0,60000.0,0,,4096
Baselines,6,ece8451beacccd0ff4b5beaf9cd2ddf9414a2926aeec11dadc1e825d22ef8eca,pffft-native-batch-float,,2048,1024,64,continuous,pilot-01,1,workload-0006-repeat-01.csv,095ea6b5d1193a3ca96a59c0c9463a1345fd30b7f4773ca6e817c9b1009a5b4f,40.852088928222656,8542.0,256,18167.0,53583.0,0,,4096
Baselines,6,ece8451beacccd0ff4b5beaf9cd2ddf9414a2926aeec11dadc1e825d22ef8eca,pffft-native-batch-float,,2048,1024,64,continuous,pilot-02,0,workload-0006-repeat-00.csv,fa66aeb3fa89079364bcd780e4969f4177dd6a1995286a5eb570469a62a4fcfd,36.785400390625,7709.0,256,18083.0,73000.0,0,,4096
Baselines,6,ece8451beacccd0ff4b5beaf9cd2ddf9414a2926aeec11dadc1e825d22ef8eca,pffft-native-batch-float,,2048,1024,64,continuous,pilot-02,1,workload-0006-repeat-01.csv,181f61b22d83ade9bf734708c2e93630cff0221060d3daff982f2b8a7f8b4338,25.574161529541016,6167.0,256,10250.0,266875.0,0,,4096
Baselines,7,9965c3394809aa69736994c4c3f62206394396b6936737a8a8c49e21b1e9824a,pffft-native-batch-float,,4096,1024,64,continuous,pilot-01,0,workload-0007-repeat-00.csv,9df335a75b4f4e59ecbede3537726c1f67d74b4bb98bef312c75f5ef946c2345,42.31964111328125,14166.0,256,34125.0,76292.0,0,,4096
Baselines,7,9965c3394809aa69736994c4c3f62206394396b6936737a8a8c49e21b1e9824a,pffft-native-batch-float,,4096,1024,64,continuous,pilot-01,1,workload-0007-repeat-01.csv,23af55365236082f97a935b278f6160f9fccbcaf4636cbee9daa4eeb4e2c5ba9,51.51073455810547,14437.5,256,34125.0,65500.0,0,,4096
Baselines,7,9965c3394809aa69736994c4c3f62206394396b6936737a8a8c49e21b1e9824a,pffft-native-batch-float,,4096,1024,64,continuous,pilot-02,0,workload-0007-repeat-00.csv,38b237174987208dac51b23326a15624f4b0fda268e599112f5e3152b2814eeb,39.81753158569336,16083.0,256,34208.0,67666.0,0,,4096
Baselines,7,9965c3394809aa69736994c4c3f62206394396b6936737a8a8c49e21b1e9824a,pffft-native-batch-float,,4096,1024,64,continuous,pilot-02,1,workload-0007-repeat-01.csv,148cdbf3860db8c204659ad43ce46eec269359019ee1ff9d8555385d5949c340,31.649112701416016,10041.0,256,13208.0,91625.0,0,,4096
Baselines,8,bca9865e08f4ef376dd980427971214ebd6623b771bead6fb69fcd6db2dbc0fb,pffft-native-batch-float,,16384,1024,64,continuous,pilot-01,0,workload-0008-repeat-00.csv,d2a67154888ed3c12920e6e4107ce8d5cfc1b0ab2cbfe5fdbb8ab98fc9070eee,69.13540267944336,52708.5,256,64875.0,135375.0,0,,4096
Baselines,8,bca9865e08f4ef376dd980427971214ebd6623b771bead6fb69fcd6db2dbc0fb,pffft-native-batch-float,,16384,1024,64,continuous,pilot-01,1,workload-0008-repeat-01.csv,0fdef06083fce0cfcec5e0d3ad61aeb139c79c59e784c6b10107bb291c77767d,82.14184188842773,45458.0,256,90708.0,217292.0,0,,4096
Baselines,8,bca9865e08f4ef376dd980427971214ebd6623b771bead6fb69fcd6db2dbc0fb,pffft-native-batch-float,,16384,1024,64,continuous,pilot-02,0,workload-0008-repeat-00.csv,c009ca68a7f37717e9cc9a121398b0c2330f3a328b160b0320f4231b5e0d3c8a,74.83364868164062,45062.5,256,53584.0,182750.0,0,,4096
Baselines,8,bca9865e08f4ef376dd980427971214ebd6623b771bead6fb69fcd6db2dbc0fb,pffft-native-batch-float,,16384,1024,64,continuous,pilot-02,1,workload-0008-repeat-01.csv,5681f975853b6ce0e745f63f83c9eff285aea7d45660dcc5140c57512bbed514,59.396583557128906,34729.5,256,63083.0,173125.0,0,,4096
Baselines,9,2af11ca9f0ac2eed64cb7938450065e4ce0f6ea81ffc156f3a5255877514cbdd,pffft-native-hybrid-float,,2048,1024,64,continuous,pilot-01,0,workload-0009-repeat-00.csv,786da857185f49dd815df81fefd8ffeb9b1c8d53ec91834d190ea7b7abe6b326,69.05855178833008,8500.0,256,14916.0,90708.0,0,,4096
Baselines,9,2af11ca9f0ac2eed64cb7938450065e4ce0f6ea81ffc156f3a5255877514cbdd,pffft-native-hybrid-float,,2048,1024,64,continuous,pilot-01,1,workload-0009-repeat-01.csv,985515cf0ed7ed156ce845903cf4e9b219ce7ed27add79765528ea9ca880ed57,47.65910339355469,4084.0,256,14750.0,85875.0,0,,4096
Baselines,9,2af11ca9f0ac2eed64cb7938450065e4ce0f6ea81ffc156f3a5255877514cbdd,pffft-native-hybrid-float,,2048,1024,64,continuous,pilot-02,0,workload-0009-repeat-00.csv,3d534e476d821fae46316fe4c1e8a862da81c96584f9939719d2bc91dde6e076,56.608306884765625,7083.0,256,15083.0,72958.0,0,,4096
Baselines,9,2af11ca9f0ac2eed64cb7938450065e4ce0f6ea81ffc156f3a5255877514cbdd,pffft-native-hybrid-float,,2048,1024,64,continuous,pilot-02,1,workload-0009-repeat-01.csv,25a7c70e6b690929be4b4cfe5aec1d0f6cf0d8ee1ec3aefc69b796b92ea460b2,48.88172912597656,4917.0,256,8125.0,317625.0,0,,4096
Baselines,10,562b89523fcc70cbd86c57ce4a75e645bd8f717de68773d2904c8536235509e8,pffft-native-hybrid-float,,4096,1024,64,continuous,pilot-01,0,workload-0010-repeat-00.csv,55a308cdd274190747014ef933d7f69f4a6625eead52329dd020d05efc591fb9,61.9884033203125,9792.0,256,24292.0,76958.0,0,,4096
Baselines,10,562b89523fcc70cbd86c57ce4a75e645bd8f717de68773d2904c8536235509e8,pffft-native-hybrid-float,,4096,1024,64,continuous,pilot-01,1,workload-0010-repeat-01.csv,36570619bcab185d11c9a240c64fa334a1a69be21fff479104f0489b0aebd91f,47.392250061035156,8000.0,256,9834.0,59250.0,0,,4096
Baselines,10,562b89523fcc70cbd86c57ce4a75e645bd8f717de68773d2904c8536235509e8,pffft-native-hybrid-float,,4096,1024,64,continuous,pilot-02,0,workload-0010-repeat-00.csv,702c1da5ad4e0b9cb3bbc2ad5a45bb349b2669715f1a017604302321fd0499ae,38.567867279052734,6750.0,256,8875.0,51209.0,0,,4096
Baselines,10,562b89523fcc70cbd86c57ce4a75e645bd8f717de68773d2904c8536235509e8,pffft-native-hybrid-float,,4096,1024,64,continuous,pilot-02,1,workload-0010-repeat-01.csv,cac9df8e0f5895938b349b01a524d7004f65c0b33afca02973d5189236c9b18d,51.24458694458008,8041.0,256,24167.0,64334.0,0,,4096
Baselines,11,fb2de484c79b81e6341f3f0cb6a180160048baca16e03381b9478610d1e6f3c8,pffft-native-hybrid-float,,16384,1024,64,continuous,pilot-01,0,workload-0011-repeat-00.csv,564d6bd93463c1ed585536986a2a0316804f230f2989672a3c2ce1122dbe97c3,59.76863098144531,20583.5,256,23000.0,110292.0,0,,4096
Baselines,11,fb2de484c79b81e6341f3f0cb6a180160048baca16e03381b9478610d1e6f3c8,pffft-native-hybrid-float,,16384,1024,64,continuous,pilot-01,1,workload-0011-repeat-01.csv,38ac91aa34a09cdf481f55547f23296838eb35e3a45648589ec61547cdd9565b,72.89893341064453,30395.5,256,35000.0,53916.0,0,,4096
Baselines,11,fb2de484c79b81e6341f3f0cb6a180160048baca16e03381b9478610d1e6f3c8,pffft-native-hybrid-float,,16384,1024,64,continuous,pilot-02,0,workload-0011-repeat-00.csv,9f7ffe680b5740a64faeb0ff520c2910f29d94202f33dfecc2ee40cea90faf29,63.58576965332031,26062.5,256,29875.0,38792.0,0,,4096
Baselines,11,fb2de484c79b81e6341f3f0cb6a180160048baca16e03381b9478610d1e6f3c8,pffft-native-hybrid-float,,16384,1024,64,continuous,pilot-02,1,workload-0011-repeat-01.csv,68b4d61092ec7990eea7a08853bf15a53c8be6cc5f3c01f0dc7cd60aa5018b8c,47.377872467041016,20354.5,256,22541.0,25500.0,0,,4096
Baselines,12,04e4fabf978f1b91471bfe04502232401830ef0bf944231aaa499ecfe376fd9a,vdsp-native-batch-float,,2048,1024,64,continuous,pilot-01,0,workload-0012-repeat-00.csv,f6cc4397a255aa51dbfce58e928af90f4660b8ad6067a0a053d79d69c9a6e7b4,42.91293716430664,10459.0,256,21375.0,52625.0,0,,4096
Baselines,12,04e4fabf978f1b91471bfe04502232401830ef0bf944231aaa499ecfe376fd9a,vdsp-native-batch-float,,2048,1024,64,continuous,pilot-01,1,workload-0012-repeat-01.csv,289a30f4cf247304c854060a9a32c50ac7bdd04bade18a5cda7f1bc03fb031aa,47.9729118347168,16250.0,256,21375.0,46292.0,0,,4096
Baselines,12,04e4fabf978f1b91471bfe04502232401830ef0bf944231aaa499ecfe376fd9a,vdsp-native-batch-float,,2048,1024,64,continuous,pilot-02,0,workload-0012-repeat-00.csv,a823b005bb3b7ef1ac6d6651830edb307851da0a95c7c510be93d180ea9997ab,42.88983917236328,21125.0,256,21334.0,49459.0,0,,4096
Baselines,12,04e4fabf978f1b91471bfe04502232401830ef0bf944231aaa499ecfe376fd9a,vdsp-native-batch-float,,2048,1024,64,continuous,pilot-02,1,workload-0012-repeat-01.csv,d36927ebd0c32356c721c300f7396035858fbf5f84d146cbf074d31fee23527e,49.01934051513672,10500.0,256,21750.0,57625.0,0,,4096
Baselines,13,188177e456908bb4f180916d064d38113f29102e16307654c59a716f85bd26e6,vdsp-native-batch-float,,4096,1024,64,continuous,pilot-01,0,workload-0013-repeat-00.csv,bd9e32eedc0523e4be524f202e14f28d3d16cc547b30baab8bf0144c358a7758,41.60845947265625,18500.0,256,18750.0,59167.0,0,,4096
Baselines,13,188177e456908bb4f180916d064d38113f29102e16307654c59a716f85bd26e6,vdsp-native-batch-float,,4096,1024,64,continuous,pilot-01,1,workload-0013-repeat-01.csv,61ed6643e71e9e9b42ca8c5e5dcd85b782a9b803af2376baf94035fbdbb5cbe9,48.56440353393555,16250.0,256,39166.0,105917.0,0,,4096
Baselines,13,188177e456908bb4f180916d064d38113f29102e16307654c59a716f85bd26e6,vdsp-native-batch-float,,4096,1024,64,continuous,pilot-02,0,workload-0013-repeat-00.csv,0a07e4b07b73772cd927ff52899662711026a32ba3ffd71c5381154e3b8ecf98,47.67267990112305,19875.0,256,38292.0,50708.0,0,,4096
Baselines,13,188177e456908bb4f180916d064d38113f29102e16307654c59a716f85bd26e6,vdsp-native-batch-float,,4096,1024,64,continuous,pilot-02,1,workload-0013-repeat-01.csv,3cac8bef8a40f16725bb2489726bd4e1336e52d53c18cc50c6d3fde8fee42884,36.50214385986328,13709.0,256,16834.0,194750.0,0,,4096
Baselines,14,e9921faf9808da876054d7f6d2bc6606c6157008a201f09b42e1f12a2b295f9c,vdsp-native-batch-float,,16384,1024,64,continuous,pilot-01,0,workload-0014-repeat-00.csv,fd11aed1915c30d17fb3e5902971f9d223af3f266be486a1d2ef6dc1a6825f16,60.227500915527344,44438.0,256,50875.0,76458.0,0,,4096
Baselines,14,e9921faf9808da876054d7f6d2bc6606c6157008a201f09b42e1f12a2b295f9c,vdsp-native-batch-float,,16384,1024,64,continuous,pilot-01,1,workload-0014-repeat-01.csv,5dcbcbce64f52c06a11cdad5e4f269c3baaebf69fde9cdcd383ed3ef5530ea04,55.09296417236328,29584.0,256,67083.0,157208.0,0,,4096
Baselines,14,e9921faf9808da876054d7f6d2bc6606c6157008a201f09b42e1f12a2b295f9c,vdsp-native-batch-float,,16384,1024,64,continuous,pilot-02,0,workload-0014-repeat-00.csv,5b73b229f6a82e8a48c46774bc8c389853932456f75b5aa5f0291bebfd39339c,68.14541625976562,35875.0,256,66917.0,153375.0,0,,4096
Baselines,14,e9921faf9808da876054d7f6d2bc6606c6157008a201f09b42e1f12a2b295f9c,vdsp-native-batch-float,,16384,1024,64,continuous,pilot-02,1,workload-0014-repeat-01.csv,28dd988650a4b21482f964234b961470e9e1fad597e5b8ccaf01651c0e413852,61.61977767944336,44125.0,256,66792.0,133125.0,0,,4096
Baselines,15,8ea6f8cf41c34d2d5f84fe48fa3c601c5c97025471f87fe941d5ce3e41a3f909,vdsp-native-hybrid-float,,2048,1024,64,continuous,pilot-01,0,workload-0015-repeat-00.csv,685ea60819073c1faaec2b2451605fd1a1c500bcc3ea3c05ec81303285c0af09,39.55742645263672,4250.0,256,7833.0,66375.0,0,,4096
Baselines,15,8ea6f8cf41c34d2d5f84fe48fa3c601c5c97025471f87fe941d5ce3e41a3f909,vdsp-native-hybrid-float,,2048,1024,64,continuous,pilot-01,1,workload-0015-repeat-01.csv,410225d897d3310b0fffaee19f6d371ae613fc6e413375361a0012ff90ccc9de,65.71213912963867,3667.0,256,14458.0,68042.0,0,,4096
Baselines,15,8ea6f8cf41c34d2d5f84fe48fa3c601c5c97025471f87fe941d5ce3e41a3f909,vdsp-native-hybrid-float,,2048,1024,64,continuous,pilot-02,0,workload-0015-repeat-00.csv,687e30c42a2bea3341b3c66235ed0a87e6de2f5a20e132344d37dffa43f7b182,49.614784240722656,3833.0,256,13541.0,100000.0,0,,4096
Baselines,15,8ea6f8cf41c34d2d5f84fe48fa3c601c5c97025471f87fe941d5ce3e41a3f909,vdsp-native-hybrid-float,,2048,1024,64,continuous,pilot-02,1,workload-0015-repeat-01.csv,789ed64b72bce4e12b321bbffa44e3d91a0912c4d0eaa088acc78a161e7c8e23,62.203826904296875,6167.0,256,13583.0,63959.0,0,,4096
Baselines,16,a775bad0a51cdba9ebbca5f6f62dba2d475a2d263f85ba9feebc4071f80bd8b7,vdsp-native-hybrid-float,,4096,1024,64,continuous,pilot-01,0,workload-0016-repeat-00.csv,2b4c6466e9cab7bba8c555b75f25108a5bf671f6df3f8f85e034eb7340f09b6a,62.61623001098633,9833.0,256,15125.0,57166.0,0,,4096
Baselines,16,a775bad0a51cdba9ebbca5f6f62dba2d475a2d263f85ba9feebc4071f80bd8b7,vdsp-native-hybrid-float,,4096,1024,64,continuous,pilot-01,1,workload-0016-repeat-01.csv,b4bc942f06c4fb3f25b5b199b5412d92ce0f3096141c8ddd526a9b44cae4b64b,52.96413803100586,8125.0,256,11416.0,52167.0,0,,4096
Baselines,16,a775bad0a51cdba9ebbca5f6f62dba2d475a2d263f85ba9feebc4071f80bd8b7,vdsp-native-hybrid-float,,4096,1024,64,continuous,pilot-02,0,workload-0016-repeat-00.csv,84a2a2467c9a7513d496d48e03559c722ce6afbf325e74fe7570f37bd554eb2b,56.49406433105469,8167.0,256,11250.0,155875.0,0,,4096
Baselines,16,a775bad0a51cdba9ebbca5f6f62dba2d475a2d263f85ba9feebc4071f80bd8b7,vdsp-native-hybrid-float,,4096,1024,64,continuous,pilot-02,1,workload-0016-repeat-01.csv,b76d0d850a32296a78a13731ec5c01b7d803c67e2d5eb69a6375b4ba3a643743,65.6593017578125,9541.0,256,21375.0,111833.0,0,,4096
Baselines,17,c449750a7f69178f9a761707580720c3eb9fb5fc474c332ebb6f5b6685f75d25,vdsp-native-hybrid-float,,16384,1024,64,continuous,pilot-01,0,workload-0017-repeat-00.csv,33e1983df82b9f74995fdd340ae51fc8ad23ff429a0ba086c92c82074f7c84ec,57.28860855102539,16125.0,256,18042.0,22833.0,0,,4096
Baselines,17,c449750a7f69178f9a761707580720c3eb9fb5fc474c332ebb6f5b6685f75d25,vdsp-native-hybrid-float,,16384,1024,64,continuous,pilot-01,1,workload-0017-repeat-01.csv,73a4321e1e02947a488323c68c1b3d4a6f9c67dfeabf38c876a24425a52fa3db,80.7947006225586,24083.0,256,29500.0,89917.0,0,,4096
Baselines,17,c449750a7f69178f9a761707580720c3eb9fb5fc474c332ebb6f5b6685f75d25,vdsp-native-hybrid-float,,16384,1024,64,continuous,pilot-02,0,workload-0017-repeat-00.csv,725cebd303dfb79e385f918ddfa89cdebddad7d80a7a25dd6791fffd8aa8261c,46.27406311035156,12374.5,256,13167.0,65459.0,0,,4096
Baselines,17,c449750a7f69178f9a761707580720c3eb9fb5fc474c332ebb6f5b6685f75d25,vdsp-native-hybrid-float,,16384,1024,64,continuous,pilot-02,1,workload-0017-repeat-01.csv,615e293bf0312d5bfe2a83daf79d40c82cf960b0f3480700a0a2d9ce793fbb0b,52.54791259765625,11917.0,256,12708.0,79667.0,0,,4096
Baselines,18,147288516ead668279b92c001b6414ef3e4452792654b32ab584ac68269d5c7c,fftw-native-batch-float,,2048,1024,64,continuous,pilot-01,0,workload-0018-repeat-00.csv,534d1a86478965ca7b269131345988840841fcb4ce22a5e95c6171e8b8d0cc28,36.71967697143555,11834.0,256,25083.0,90208.0,0,,4096
Baselines,18,147288516ead668279b92c001b6414ef3e4452792654b32ab584ac68269d5c7c,fftw-native-batch-float,,2048,1024,64,continuous,pilot-01,1,workload-0018-repeat-01.csv,72f590dbb26ba347ebc573b2355595d9ad3fc920915bd3e43a7440885a4d9944,37.9061164855957,11792.0,256,25000.0,129667.0,0,,4096
Baselines,18,147288516ead668279b92c001b6414ef3e4452792654b32ab584ac68269d5c7c,fftw-native-batch-float,,2048,1024,64,continuous,pilot-02,0,workload-0018-repeat-00.csv,ce845b0d0b47b9c5fedd5bd7e0559c0bacdeb36562c66f14f4555f7a26d91bea,42.026668548583984,11791.0,256,25042.0,76208.0,0,,4096
Baselines,18,147288516ead668279b92c001b6414ef3e4452792654b32ab584ac68269d5c7c,fftw-native-batch-float,,2048,1024,64,continuous,pilot-02,1,workload-0018-repeat-01.csv,6a094a4b9b723ed853e65dd62cffae915772b746571a4e8ee85df0e11fb5b334,37.17985916137695,11792.0,256,25041.0,81083.0,0,,4096
Baselines,19,db07f51a0111dc06b4d95f36a55aec1dda9fe8438d4876ee5fc0de4d27a112b4,fftw-native-batch-float,,4096,1024,64,continuous,pilot-01,0,workload-0019-repeat-00.csv,ee0dd94770ccdecfcfcfead264cc350b0c54ca5a273b90f0e406ffdb2bb085a5,47.71391296386719,22875.0,256,48750.0,161084.0,0,,4096
Baselines,19,db07f51a0111dc06b4d95f36a55aec1dda9fe8438d4876ee5fc0de4d27a112b4,fftw-native-batch-float,,4096,1024,64,continuous,pilot-01,1,workload-0019-repeat-01.csv,61c5880729fa01c00debc8113f941e47c00234e2b2d0448e8b8a8250f6e88cb3,37.299129486083984,22958.0,256,27875.0,75667.0,0,,4096
Baselines,19,db07f51a0111dc06b4d95f36a55aec1dda9fe8438d4876ee5fc0de4d27a112b4,fftw-native-batch-float,,4096,1024,64,continuous,pilot-02,0,workload-0019-repeat-00.csv,5f6e294b830c8f4ad4b4de0f254ae5b4b6d4314a195cfa7a73b5002d5e479496,39.86799240112305,20708.0,256,20917.0,98416.0,0,,4096
Baselines,19,db07f51a0111dc06b4d95f36a55aec1dda9fe8438d4876ee5fc0de4d27a112b4,fftw-native-batch-float,,4096,1024,64,continuous,pilot-02,1,workload-0019-repeat-01.csv,1159fbb2871f380e668a84a8aadb1930830edd0da7200c104331398c9897a232,40.39350891113281,20645.5,256,20917.0,101500.0,0,,4096
Baselines,20,1513ac2ee5734a129d6ae3b246af948ab063018f2050dc9329a9e97b38570c90,fftw-native-batch-float,,16384,1024,64,continuous,pilot-01,0,workload-0020-repeat-00.csv,ef0fb8ae6dc4138d78e969a7e9ffab5ec74bce96612cd6a928fd78700022df86,64.17949676513672,51375.0,256,58959.0,217041.0,0,,4096
Baselines,20,1513ac2ee5734a129d6ae3b246af948ab063018f2050dc9329a9e97b38570c90,fftw-native-batch-float,,16384,1024,64,continuous,pilot-01,1,workload-0020-repeat-01.csv,59269ab3a951d3784452193c39cd2be41c785784f3d3ff483942c51750a18a3f,62.62867736816406,40750.0,256,100250.0,215875.0,0,,4096
Baselines,20,1513ac2ee5734a129d6ae3b246af948ab063018f2050dc9329a9e97b38570c90,fftw-native-batch-float,,16384,1024,64,continuous,pilot-02,0,workload-0020-repeat-00.csv,8fd95617df4d1c19b378eb37eafffe17ade14d554f724b4a7d0c59865a5ad0da,78.09502410888672,59250.0,256,69875.0,194375.0,0,,4096
Baselines,20,1513ac2ee5734a129d6ae3b246af948ab063018f2050dc9329a9e97b38570c90,fftw-native-batch-float,,16384,1024,64,continuous,pilot-02,1,workload-0020-repeat-01.csv,e8cf7d296943f2566336c465048e07eea153e2e42bbabb9701decb90225eab25,78.95880126953125,60042.0,256,86333.0,97458.0,0,,4096
Baselines,21,f4a3ee45af7b4154ccb8b304a9af3846a4766a0fdaa1e5664953260d33f52963,fftw-native-hybrid-float,,2048,1024,64,continuous,pilot-01,0,workload-0021-repeat-00.csv,18b0a95eb485ddd3d766192dc90704a7bd488b8e2cb6f768672ff47f92caa744,40.66609573364258,8584.0,256,10000.0,56208.0,0,,4096
Baselines,21,f4a3ee45af7b4154ccb8b304a9af3846a4766a0fdaa1e5664953260d33f52963,fftw-native-hybrid-float,,2048,1024,64,continuous,pilot-01,1,workload-0021-repeat-01.csv,f709ac6c29051f13d2b90bf3b1f48ffd2e95969756d1303d38ec87f581d4b8df,52.40085983276367,8625.0,256,21250.0,78584.0,0,,4096
Baselines,21,f4a3ee45af7b4154ccb8b304a9af3846a4766a0fdaa1e5664953260d33f52963,fftw-native-hybrid-float,,2048,1024,64,continuous,pilot-02,0,workload-0021-repeat-00.csv,55fded7f93434c7153fb36149b8ae4f29e518ecc6d0397f9d80c365205de7751,35.03327178955078,6000.0,256,6958.0,75542.0,0,,4096
Baselines,21,f4a3ee45af7b4154ccb8b304a9af3846a4766a0fdaa1e5664953260d33f52963,fftw-native-hybrid-float,,2048,1024,64,continuous,pilot-02,1,workload-0021-repeat-01.csv,0f186e5aafa219a0d6d76e7ae603cd6c44cccd3f95aaf4ddf74b3c90926ee6d0,35.60886764526367,5959.0,256,6917.0,72708.0,0,,4096
Baselines,22,05d13646e9558f39bde16ece0001efe10fe4b116db8ad253e5b0e2727511c27a,fftw-native-hybrid-float,,4096,1024,64,continuous,pilot-01,0,workload-0022-repeat-00.csv,52e5fa8a0dc51479945ca7bb03cfad32f756d083db3b38dec201cd5c4fd29509,45.87513732910156,13500.0,256,16834.0,145125.0,0,,4096
Baselines,22,05d13646e9558f39bde16ece0001efe10fe4b116db8ad253e5b0e2727511c27a,fftw-native-hybrid-float,,4096,1024,64,continuous,pilot-01,1,workload-0022-repeat-01.csv,075b369a5d7fff30645eea229bb8e7ddd67cd6a6d7caaac94ee00a7a732d8515,38.58060836791992,9792.0,256,9875.0,59916.0,0,,4096
Baselines,22,05d13646e9558f39bde16ece0001efe10fe4b116db8ad253e5b0e2727511c27a,fftw-native-hybrid-float,,4096,1024,64,continuous,pilot-02,0,workload-0022-repeat-00.csv,e24686b89d381c22b7370d9c0bda4219798a8ed765d1c3e800f3d9719bedae03,39.987091064453125,13208.0,256,13292.0,96958.0,0,,4096
Baselines,22,05d13646e9558f39bde16ece0001efe10fe4b116db8ad253e5b0e2727511c27a,fftw-native-hybrid-float,,4096,1024,64,continuous,pilot-02,1,workload-0022-repeat-01.csv,9a6ff80273de514e755d9f7e810b5e390dbe13142eb5d9e2a6d9a408ff50ad73,61.85200119018555,13521.0,256,38750.0,82667.0,0,,4096
Baselines,23,0bf37c12a0f646dd212fdd780c26b3ffa16805dc43ba033e2b359205dc10fb92,fftw-native-hybrid-float,,16384,1024,64,continuous,pilot-01,0,workload-0023-repeat-00.csv,dc3d660dfde52ddfdd76d1083726ca6e03c5b3f87c4b75de0d5935db009574d7,81.34773635864258,44667.0,256,52667.0,71000.0,0,,4096
Baselines,23,0bf37c12a0f646dd212fdd780c26b3ffa16805dc43ba033e2b359205dc10fb92,fftw-native-hybrid-float,,16384,1024,64,continuous,pilot-01,1,workload-0023-repeat-01.csv,d2bbba5efea9baf7a29073f00a2447785e88da32fb642d54239122364502a829,59.78459548950195,34375.0,256,38125.0,72667.0,0,,4096
Baselines,23,0bf37c12a0f646dd212fdd780c26b3ffa16805dc43ba033e2b359205dc10fb92,fftw-native-hybrid-float,,16384,1024,64,continuous,pilot-02,0,workload-0023-repeat-00.csv,e4fc7bfe29f647ce164c03ae8286d3882b7d86218a497c8595cfa4cbbe748eee,81.40922164916992,44562.5,256,52625.0,78125.0,0,,4096
Baselines,23,0bf37c12a0f646dd212fdd780c26b3ffa16805dc43ba033e2b359205dc10fb92,fftw-native-hybrid-float,,16384,1024,64,continuous,pilot-02,1,workload-0023-repeat-01.csv,635dd857d7a85568c2a91b7adf21b8fd5a5e7dead2767da967b7109ba36bb53a,88.64750289916992,44542.0,256,53000.0,195291.0,0,,4096
Granularity,0,2af11ca9f0ac2eed64cb7938450065e4ce0f6ea81ffc156f3a5255877514cbdd,pffft-native-hybrid-float,,2048,1024,64,continuous,pilot-01,0,workload-0000-repeat-00.csv,492ccef5926fe996801af091e97cd49cb44a5d776ded34098ac04dbad08ef995,35.445892333984375,4042.0,256,8042.0,61417.0,0,,4096
Granularity,0,2af11ca9f0ac2eed64cb7938450065e4ce0f6ea81ffc156f3a5255877514cbdd,pffft-native-hybrid-float,,2048,1024,64,continuous,pilot-01,1,workload-0000-repeat-01.csv,1cb77706116ee96cb59ec6678403cae85f4162d57b39db43942b70dec4f96598,50.618797302246094,6041.0,256,8708.0,93500.0,0,,4096
Granularity,0,2af11ca9f0ac2eed64cb7938450065e4ce0f6ea81ffc156f3a5255877514cbdd,pffft-native-hybrid-float,,2048,1024,64,continuous,pilot-02,0,workload-0000-repeat-00.csv,a38d594c34c41c97f3e351d02b3604c74601762da0ecbf1f40d5018fcc2bf423,56.31298828125,6959.0,256,14916.0,52792.0,0,,4096
Granularity,0,2af11ca9f0ac2eed64cb7938450065e4ce0f6ea81ffc156f3a5255877514cbdd,pffft-native-hybrid-float,,2048,1024,64,continuous,pilot-02,1,workload-0000-repeat-01.csv,62c442af3d1f448b1f21e6c9eb100150dfe70ce2ac3a9a5e5299b3ed8eec056d,43.363521575927734,5916.0,256,10167.0,41916.0,0,,4096
Granularity,1,54f00a62bcda40e7a11a49243ba757cf9abfed626a6c9f68fc072f12807d4cce,pffft-native-hybrid-float,,2048,1024,64,continuous,pilot-01,0,workload-0001-repeat-00.csv,eaf21d7e6665849cfbb664cdec891d85a074b9383f2857ab8c8c7b4810504cf5,40.49967575073242,6958.0,256,14792.0,82750.0,0,,4096
Granularity,1,54f00a62bcda40e7a11a49243ba757cf9abfed626a6c9f68fc072f12807d4cce,pffft-native-hybrid-float,,2048,1024,64,continuous,pilot-01,1,workload-0001-repeat-01.csv,d89be47fadf0fd09fe3a315a9277b09fded9fcf8a80dfef6fced22ad688fdae4,41.807926177978516,4917.0,256,15000.0,68333.0,0,,4096
Granularity,1,54f00a62bcda40e7a11a49243ba757cf9abfed626a6c9f68fc072f12807d4cce,pffft-native-hybrid-float,,2048,1024,64,continuous,pilot-02,0,workload-0001-repeat-00.csv,e0dc73acf34168f05b9a638ac581f8679af32b89fc3ae68f2547609e15788ce6,55.95589065551758,6000.0,256,14959.0,92125.0,0,,4096
Granularity,1,54f00a62bcda40e7a11a49243ba757cf9abfed626a6c9f68fc072f12807d4cce,pffft-native-hybrid-float,,2048,1024,64,continuous,pilot-02,1,workload-0001-repeat-01.csv,d352aa1713bb593e02c52030a29d027abc58ebb7a73ba8f2aca866b838b559ca,38.33708953857422,7041.0,256,7125.0,52792.0,0,,4096
Granularity,2,282c3ab1ff084e7fa36af965c6f2eb09453f6a328d5ff389dcd6774f41a019ea,pffft-native-hybrid-float,,2048,1024,64,continuous,pilot-01,0,workload-0002-repeat-00.csv,18d170bc5866713cceb394d187059fb7fb275a4e6c29745b582b54dbc7797e74,40.57320785522461,7125.0,256,15208.0,74916.0,0,,4096
Granularity,2,282c3ab1ff084e7fa36af965c6f2eb09453f6a328d5ff389dcd6774f41a019ea,pffft-native-hybrid-float,,2048,1024,64,continuous,pilot-01,1,workload-0002-repeat-01.csv,3810b8b4b2b7dc9ab920dca8d40662857d0827f9546e12ea5dd77c886493bb46,40.30995559692383,7166.5,256,10667.0,56375.0,0,,4096
Granularity,2,282c3ab1ff084e7fa36af965c6f2eb09453f6a328d5ff389dcd6774f41a019ea,pffft-native-hybrid-float,,2048,1024,64,continuous,pilot-02,0,workload-0002-repeat-00.csv,1176c73f8683ef93f3718862ed454d6c8fb9d6ce2b4d835b85c8a651601f2c2f,33.449886322021484,5042.0,256,10625.0,68958.0,0,,4096
Granularity,2,282c3ab1ff084e7fa36af965c6f2eb09453f6a328d5ff389dcd6774f41a019ea,pffft-native-hybrid-float,,2048,1024,64,continuous,pilot-02,1,workload-0002-repeat-01.csv,8660bc427a0b36ed15768ef2f2e6006f0358d30d246fd60a7b1f703214ea0c15,31.207172393798828,4292.0,256,15208.0,68000.0,0,,4096
Granularity,3,d93560a990e0e6941416c66de4e8858bd75f9f0d5d704b314d016b5a95523ae4,pffft-native-hybrid-float,,16384,240,64,continuous,pilot-01,0,workload-0003-repeat-00.csv,132a3a4a3344d6d9008fe512af292fb37090630ed3541b6c673a5904dbfac4dc,232.71487630208333,35083.0,256,41583.0,47833.0,0,,960
Granularity,3,d93560a990e0e6941416c66de4e8858bd75f9f0d5d704b314d016b5a95523ae4,pffft-native-hybrid-float,,16384,240,64,continuous,pilot-01,1,workload-0003-repeat-01.csv,70e5d2d26293165b9729bfdb9d91faf255419736f370f6edb8024272230f9a0a,255.759423828125,38812.5,256,57667.0,112625.0,0,,960
Granularity,3,d93560a990e0e6941416c66de4e8858bd75f9f0d5d704b314d016b5a95523ae4,pffft-native-hybrid-float,,16384,240,64,continuous,pilot-02,0,workload-0003-repeat-00.csv,7609a449ae6effc8516cfa862a842775c5db03ffdd062769c02b18b9089f37bb,192.96995442708334,29583.0,256,34875.0,41833.0,0,,960
Granularity,3,d93560a990e0e6941416c66de4e8858bd75f9f0d5d704b314d016b5a95523ae4,pffft-native-hybrid-float,,16384,240,64,continuous,pilot-02,1,workload-0003-repeat-01.csv,8f20dbcfe80810b1bc2510662c9fa914f9fa55c32392df59d526222decb2f544,202.71318359375,30437.5,256,35166.0,43458.0,0,,960
Granularity,4,86101f861415e33a3b6a6b44bc934706a47f0f822d630979b17f240b0be2d088,pffft-native-hybrid-float,,16384,240,64,continuous,pilot-01,0,workload-0004-repeat-00.csv,1e57363c35ab53848183d28a28fa520178f402f78f22b57fd6c9a758aa464291,197.95100911458334,35583.5,256,41541.0,47916.0,0,,960
Granularity,4,86101f861415e33a3b6a6b44bc934706a47f0f822d630979b17f240b0be2d088,pffft-native-hybrid-float,,16384,240,64,continuous,pilot-01,1,workload-0004-repeat-01.csv,61e7c2240e22648092baa9f4efa37dabdb3949823e9156239b1703897a67e956,237.00675455729166,41624.5,256,56708.0,60167.0,0,,960
Granularity,4,86101f861415e33a3b6a6b44bc934706a47f0f822d630979b17f240b0be2d088,pffft-native-hybrid-float,,16384,240,64,continuous,pilot-02,0,workload-0004-repeat-00.csv,7004b7f45311e767e338629e86440281c3cccf90491479eeac47fc2a13c48fa9,237.16295572916667,41583.5,256,56500.0,62417.0,0,,960
Granularity,4,86101f861415e33a3b6a6b44bc934706a47f0f822d630979b17f240b0be2d088,pffft-native-hybrid-float,,16384,240,64,continuous,pilot-02,1,workload-0004-repeat-01.csv,9ed7d551401a192bbc87f84e949c5b9e64d94f2886aa6768a0a8f520461470f7,234.96852213541666,41562.0,256,54375.0,69125.0,0,,960
Granularity,5,ce69b378e6255580fb9cc80b0a3a2b3f9f3b6db5e4d36e3fbe7dbc35dbd537d0,pffft-native-hybrid-float,,16384,240,64,continuous,pilot-01,0,workload-0005-repeat-00.csv,a2c5a27edc128db3918fff3db649eccbf1ebca403a370c2fc4bf5abc8ff91256,179.633984375,37021.0,256,43666.0,47459.0,0,,960
Granularity,5,ce69b378e6255580fb9cc80b0a3a2b3f9f3b6db5e4d36e3fbe7dbc35dbd537d0,pffft-native-hybrid-float,,16384,240,64,continuous,pilot-01,1,workload-0005-repeat-01.csv,87d61d65c64d6103f93a7a230eb0a704cd409ff6c0350af6376b68590d6cf9fe,250.65216471354168,49958.0,256,73375.0,133083.0,0,,960
Granularity,5,ce69b378e6255580fb9cc80b0a3a2b3f9f3b6db5e4d36e3fbe7dbc35dbd537d0,pffft-native-hybrid-float,,16384,240,64,continuous,pilot-02,0,workload-0005-repeat-00.csv,943ce4729e838c5a116193ad6a49b136b46f631722e31dad8c76ef40968a0b2d,208.58671875,43291.5,256,55000.0,56167.0,0,,960
Granularity,5,ce69b378e6255580fb9cc80b0a3a2b3f9f3b6db5e4d36e3fbe7dbc35dbd537d0,pffft-native-hybrid-float,,16384,240,64,continuous,pilot-02,1,workload-0005-repeat-01.csv,03c541b90657af9394a4c039cee9580167aedec9862bfc9acb6cefac3aa6fe66,226.988427734375,47041.0,256,60458.0,90750.0,0,,960
Granularity,6,8ea6f8cf41c34d2d5f84fe48fa3c601c5c97025471f87fe941d5ce3e41a3f909,vdsp-native-hybrid-float,,2048,1024,64,continuous,pilot-01,0,workload-0006-repeat-00.csv,e7f7514fa569699fb95d22d547d742c508d681c3ed8f1f0475a9ab23e5fd9773,37.49324417114258,3625.0,256,7500.0,180958.0,0,,4096
Granularity,6,8ea6f8cf41c34d2d5f84fe48fa3c601c5c97025471f87fe941d5ce3e41a3f909,vdsp-native-hybrid-float,,2048,1024,64,continuous,pilot-01,1,workload-0006-repeat-01.csv,e4c15643e8cd8df7151fcd6930fc816a0e9c026ec29652d138c969fc4b2b3fdf,52.15006637573242,6125.0,256,8458.0,118667.0,0,,4096
Granularity,6,8ea6f8cf41c34d2d5f84fe48fa3c601c5c97025471f87fe941d5ce3e41a3f909,vdsp-native-hybrid-float,,2048,1024,64,continuous,pilot-02,0,workload-0006-repeat-00.csv,484aeb2e60f82239cc1f4285011c5e263e746df0ea2030f2453deff79ed5ce66,51.20094299316406,6167.0,256,8375.0,66042.0,0,,4096
Granularity,6,8ea6f8cf41c34d2d5f84fe48fa3c601c5c97025471f87fe941d5ce3e41a3f909,vdsp-native-hybrid-float,,2048,1024,64,continuous,pilot-02,1,workload-0006-repeat-01.csv,8dd9ea3e812c731e657f4f8245dc936470fffde05911c49bd01566d688974fa0,65.44514846801758,6000.0,256,14417.0,62541.0,0,,4096
Granularity,7,24a3561de776ed40809970bce5d94b06d299435119cd30da446d87cc7acd963f,vdsp-native-hybrid-float,,2048,1024,64,continuous,pilot-01,0,workload-0007-repeat-00.csv,b24b216bc78e5ef88acba7685d4b42fbb04f6c9431ba7c86d46b43d893452a8a,44.95783615112305,7167.0,256,15167.0,57458.0,0,,4096
Granularity,7,24a3561de776ed40809970bce5d94b06d299435119cd30da446d87cc7acd963f,vdsp-native-hybrid-float,,2048,1024,64,continuous,pilot-01,1,workload-0007-repeat-01.csv,06a6d461b23bff8b50be92803ba8c39d4544721f95edec93cf9b44b8611eeecb,48.56852722167969,6625.0,256,15291.0,140167.0,0,,4096
Granularity,7,24a3561de776ed40809970bce5d94b06d299435119cd30da446d87cc7acd963f,vdsp-native-hybrid-float,,2048,1024,64,continuous,pilot-02,0,workload-0007-repeat-00.csv,aacf1578d8335e6f5d9403d8879527e55bccdf778fefb44c86b019019131ce11,47.59653091430664,7166.0,256,15250.0,78875.0,0,,4096
Granularity,7,24a3561de776ed40809970bce5d94b06d299435119cd30da446d87cc7acd963f,vdsp-native-hybrid-float,,2048,1024,64,continuous,pilot-02,1,workload-0007-repeat-01.csv,443f97c03a24471a855efb881142707559e706b8b6a8b4b8e000cb88b1d7f30f,55.885860443115234,7208.0,256,15292.0,51250.0,0,,4096
Granularity,8,677ce73e8d299bc428233d3c430bb12a70dcad0d923a800d8efd15a29093067f,vdsp-native-hybrid-float,,2048,1024,64,continuous,pilot-01,0,workload-0008-repeat-00.csv,82b1221f64dae8ff9b8aa4b48c050e4bef04cce6aa577d445416dc101dd0e177,41.31809616088867,6000.0,256,16708.0,75084.0,0,,4096
Granularity,8,677ce73e8d299bc428233d3c430bb12a70dcad0d923a800d8efd15a29093067f,vdsp-native-hybrid-float,,2048,1024,64,continuous,pilot-01,1,workload-0008-repeat-01.csv,c347696b29ac8e4c241a5a302b3ce4c7e40604d94d0e836895463e6513588b53,45.72845458984375,7834.0,256,16708.0,57334.0,0,,4096
Granularity,8,677ce73e8d299bc428233d3c430bb12a70dcad0d923a800d8efd15a29093067f,vdsp-native-hybrid-float,,2048,1024,64,continuous,pilot-02,0,workload-0008-repeat-00.csv,2ce27b4ddd47ed46a74a9cb2f937d212b8f8760413333faf0b8a5fcfc624ff5e,43.52940368652344,4667.0,256,16667.0,846875.0,0,,4096
Granularity,8,677ce73e8d299bc428233d3c430bb12a70dcad0d923a800d8efd15a29093067f,vdsp-native-hybrid-float,,2048,1024,64,continuous,pilot-02,1,workload-0008-repeat-01.csv,f03a81a4438073cf4d7158161a7e899b14d945ccb372185b504b5f511ee3f75c,35.9128303527832,3542.0,256,16667.0,53417.0,0,,4096
Granularity,9,c13c1e792092e798821ba6582b1cb39599bb071573d75b490b5f9d87524784d8,vdsp-native-hybrid-float,,16384,240,64,continuous,pilot-01,0,workload-0009-repeat-00.csv,69862500f4efb7869e08fb9862d92ebc23d78b453d4322b48fd2d7d2277d58c7,220.05138346354167,24000.0,256,29209.0,113584.0,0,,960
Granularity,9,c13c1e792092e798821ba6582b1cb39599bb071573d75b490b5f9d87524784d8,vdsp-native-hybrid-float,,16384,240,64,continuous,pilot-01,1,workload-0009-repeat-01.csv,940862c22eae10aee66975c1503ba408402a1d8b93ae0b20b6b50b845a6e96b3,221.92840169270832,24209.0,256,29291.0,36667.0,0,,960
Granularity,9,c13c1e792092e798821ba6582b1cb39599bb071573d75b490b5f9d87524784d8,vdsp-native-hybrid-float,,16384,240,64,continuous,pilot-02,0,workload-0009-repeat-00.csv,fbfaf33eeecb008e43eea2bd0656ac74cbf4de0915a7d246c396d38b891d0ccf,245.91516927083333,27583.5,256,34375.0,42042.0,0,,960
Granularity,9,c13c1e792092e798821ba6582b1cb39599bb071573d75b490b5f9d87524784d8,vdsp-native-hybrid-float,,16384,240,64,continuous,pilot-02,1,workload-0009-repeat-01.csv,a0c7166f92e18bb1c05d783785a346a82bb5ad7ee08d5abb6990096a18b3e82b,218.42283528645834,24041.5,256,29208.0,38334.0,0,,960
Granularity,10,b3358c1530a57be7f15f03d8950f1f641a19ea661ae052cae1244480e1087c20,vdsp-native-hybrid-float,,16384,240,64,continuous,pilot-01,0,workload-0010-repeat-00.csv,4f5cd696b3c38267db66ba079ea89e67a8d182e433c03d07c677ad48f0259614,263.04783528645834,41437.5,256,56208.0,60958.0,0,,960
Granularity,10,b3358c1530a57be7f15f03d8950f1f641a19ea661ae052cae1244480e1087c20,vdsp-native-hybrid-float,,16384,240,64,continuous,pilot-01,1,workload-0010-repeat-01.csv,36178b8d5f346c7d75c040d78e3f896341dfe133567e91332d6349437ab5b353,267.67351888020835,41520.5,256,59833.0,60875.0,0,,960
Granularity,10,b3358c1530a57be7f15f03d8950f1f641a19ea661ae052cae1244480e1087c20,vdsp-native-hybrid-float,,16384,240,64,continuous,pilot-02,0,workload-0010-repeat-00.csv,b3fc5cf19e90c9ddffc99a20a93b2d3267d35ca072ac246e121c136e4f9c94ba,238.89861653645832,38042.0,256,48667.0,51792.0,0,,960
Granularity,10,b3358c1530a57be7f15f03d8950f1f641a19ea661ae052cae1244480e1087c20,vdsp-native-hybrid-float,,16384,240,64,continuous,pilot-02,1,workload-0010-repeat-01.csv,dfa9d0f1e1b6afc3f4e8a586632eea5bae258a6c938e23c6db8642ebb2542e3e,269.08849283854164,41417.0,256,59625.0,138417.0,0,,960
Granularity,11,39ca0b014ddab9b857d169aecbe24f43737fa1f5a99b7988ac6842685cdbbbc3,vdsp-native-hybrid-float,,16384,240,64,continuous,pilot-01,0,workload-0011-repeat-00.csv,43444b9ceefe7f0f9135f6c502640675058d386c9f7bd1a0f41a6643c8629e9f,252.12877604166667,48999.5,256,63375.0,100875.0,0,,960
Granularity,11,39ca0b014ddab9b857d169aecbe24f43737fa1f5a99b7988ac6842685cdbbbc3,vdsp-native-hybrid-float,,16384,240,64,continuous,pilot-01,1,workload-0011-repeat-01.csv,3b7a73b1601c767f649857f099deb8f38da7cddf4aeda900966b53709e3ebdc2,197.32444661458334,41083.5,256,52000.0,71417.0,0,,960
Granularity,11,39ca0b014ddab9b857d169aecbe24f43737fa1f5a99b7988ac6842685cdbbbc3,vdsp-native-hybrid-float,,16384,240,64,continuous,pilot-02,0,workload-0011-repeat-00.csv,7996264191d8803caafdad7927537f78700fd902025188ac4b1777a68d4a1c16,200.080712890625,41125.0,256,52000.0,56750.0,0,,960
Granularity,11,39ca0b014ddab9b857d169aecbe24f43737fa1f5a99b7988ac6842685cdbbbc3,vdsp-native-hybrid-float,,16384,240,64,continuous,pilot-02,1,workload-0011-repeat-01.csv,b3e579fbd46b9fefe832119ec3f6a07723db3d86641d2093a78a2d7cfb5c5c8f,194.252978515625,41208.5,256,45708.0,52875.0,0,,960
Granularity,12,f4a3ee45af7b4154ccb8b304a9af3846a4766a0fdaa1e5664953260d33f52963,fftw-native-hybrid-float,,2048,1024,64,continuous,pilot-01,0,workload-0012-repeat-00.csv,fa65eea450e4159aa88fb862c20c06dc9c8425f422b233e8c51c028f605567e7,49.0600471496582,8625.0,256,15584.0,60000.0,0,,4096
Granularity,12,f4a3ee45af7b4154ccb8b304a9af3846a4766a0fdaa1e5664953260d33f52963,fftw-native-hybrid-float,,2048,1024,64,continuous,pilot-01,1,workload-0012-repeat-01.csv,fca6430ce4d0da34227d3619a137aa05c90764bfa1aeeebb2e62b1085de0f3b7,49.35613250732422,8667.0,256,16875.0,47291.0,0,,4096
Granularity,12,f4a3ee45af7b4154ccb8b304a9af3846a4766a0fdaa1e5664953260d33f52963,fftw-native-hybrid-float,,2048,1024,64,continuous,pilot-02,0,workload-0012-repeat-00.csv,1629659c23f41490ee7f7cf360605913923a393f015eee6c4525aa1920283729,37.713321685791016,6041.5,256,10000.0,76833.0,0,,4096
Granularity,12,f4a3ee45af7b4154ccb8b304a9af3846a4766a0fdaa1e5664953260d33f52963,fftw-native-hybrid-float,,2048,1024,64,continuous,pilot-02,1,workload-0012-repeat-01.csv,c6114448472cc38da3632b9c6b2b47704e9fae375f2c3481ffade187f7bfe199,43.69342803955078,8667.0,256,12459.0,122542.0,0,,4096
Granularity,13,5101656f0158353bbf0ac0ac651287a14349e0e2b4669a313cb80cdf7a277e19,fftw-native-hybrid-float,,2048,1024,64,continuous,pilot-01,0,workload-0013-repeat-00.csv,354a11f41a68396987fb3edde5a90c47efc80f90e1e4c3383cecb71fd3cd7e82,36.38712692260742,7333.0,256,10125.0,101167.0,0,,4096
Granularity,13,5101656f0158353bbf0ac0ac651287a14349e0e2b4669a313cb80cdf7a277e19,fftw-native-hybrid-float,,2048,1024,64,continuous,pilot-01,1,workload-0013-repeat-01.csv,194a7daff1518364f2e943f89c492fa36a02ca9374d8a1c5d46e11a34d401482,32.79146194458008,6042.0,256,9500.0,63958.0,0,,4096
Granularity,13,5101656f0158353bbf0ac0ac651287a14349e0e2b4669a313cb80cdf7a277e19,fftw-native-hybrid-float,,2048,1024,64,continuous,pilot-02,0,workload-0013-repeat-00.csv,1b8fa0acc53276ada14696b157749c7a826715384327f2e8344ff62aa939ac3c,38.31983947753906,6083.0,256,21500.0,70541.0,0,,4096
Granularity,13,5101656f0158353bbf0ac0ac651287a14349e0e2b4669a313cb80cdf7a277e19,fftw-native-hybrid-float,,2048,1024,64,continuous,pilot-02,1,workload-0013-repeat-01.csv,d497b03170a14de848c5b49394b45f5c5a7fb37a2c877eca422ef124073d1887,35.552120208740234,7125.0,256,10125.0,84167.0,0,,4096
Granularity,14,10b9b751d51ef23d0225eb6d7d323ba9202f606e9ef1cf0da0b08e429588461b,fftw-native-hybrid-float,,2048,1024,64,continuous,pilot-01,0,workload-0014-repeat-00.csv,a3e6bc1fffb29497db294c443f9b54b68794b0deb01a6c4fb8b140ca62c528db,38.796878814697266,10250.0,256,10334.0,62834.0,0,,4096
Granularity,14,10b9b751d51ef23d0225eb6d7d323ba9202f606e9ef1cf0da0b08e429588461b,fftw-native-hybrid-float,,2048,1024,64,continuous,pilot-01,1,workload-0014-repeat-01.csv,5b6c8e66ca77b72bbda9991ced93eeb00234132527db4e20d8975726142c7b95,44.056270599365234,10250.0,256,21750.0,85500.0,0,,4096
Granularity,14,10b9b751d51ef23d0225eb6d7d323ba9202f606e9ef1cf0da0b08e429588461b,fftw-native-hybrid-float,,2048,1024,64,continuous,pilot-02,0,workload-0014-repeat-00.csv,3713fc590a3705f09083168d1d1939e50a4249a98ec183abd313990dbea1f4d6,48.099910736083984,10250.0,256,21750.0,74917.0,0,,4096
Granularity,14,10b9b751d51ef23d0225eb6d7d323ba9202f606e9ef1cf0da0b08e429588461b,fftw-native-hybrid-float,,2048,1024,64,continuous,pilot-02,1,workload-0014-repeat-01.csv,7070309c5ebd8a4e251c2039e0f6c4ab16565e3919bb6b363dd718bc7385c781,44.53297805786133,5417.0,256,21792.0,74125.0,0,,4096
Granularity,15,e7ac52f50a87afaaf79a28132ae39e4020c60092145d73ac0321cc9cb7f3f1f5,fftw-native-hybrid-float,,16384,240,64,continuous,pilot-01,0,workload-0015-repeat-00.csv,352d4fc057c8ab85cfb913b7de8de23f03c0db4810b12218706af45aef221665,238.042822265625,41625.0,256,49667.0,51458.0,0,,960
Granularity,15,e7ac52f50a87afaaf79a28132ae39e4020c60092145d73ac0321cc9cb7f3f1f5,fftw-native-hybrid-float,,16384,240,64,continuous,pilot-01,1,workload-0015-repeat-01.csv,6d4115e2a4356ee52d64fce2fc97fb7a7e6246be586681df4ecb6666b59d58af,274.717138671875,47687.5,256,58667.0,59250.0,0,,960
Granularity,15,e7ac52f50a87afaaf79a28132ae39e4020c60092145d73ac0321cc9cb7f3f1f5,fftw-native-hybrid-float,,16384,240,64,continuous,pilot-02,0,workload-0015-repeat-00.csv,40ba06122fb1e32d4c4f861dff027d13646fc4d77a041e91c906ac60db60c10b,309.95576171875,48375.0,256,87625.0,137375.0,0,,960
Granularity,15,e7ac52f50a87afaaf79a28132ae39e4020c60092145d73ac0321cc9cb7f3f1f5,fftw-native-hybrid-float,,16384,240,64,continuous,pilot-02,1,workload-0015-repeat-01.csv,5caf72581d6ecf64336b7920affe3d3d5ee534151a8f68cb339f5f01c9a96fef,284.501953125,48958.0,256,58875.0,59541.0,0,,960
Granularity,16,62ad09c12a1ed80cc61b3c362bf39ba9c8c36fea60bbd5e656965731e10c6814,fftw-native-hybrid-float,,16384,240,64,continuous,pilot-01,0,workload-0016-repeat-00.csv,cdf190e17c0d6c269c109704288215f5b4fccfd07858057d12778183f5a0269d,277.626904296875,52708.0,256,66000.0,67333.0,0,,960
Granularity,16,62ad09c12a1ed80cc61b3c362bf39ba9c8c36fea60bbd5e656965731e10c6814,fftw-native-hybrid-float,,16384,240,64,continuous,pilot-01,1,workload-0016-repeat-01.csv,504ea6db533ae77b14058e4aff5526ef55e6edbeeb807de16c690b073b485789,288.98191731770834,53979.5,256,80875.0,162417.0,0,,960
Granularity,16,62ad09c12a1ed80cc61b3c362bf39ba9c8c36fea60bbd5e656965731e10c6814,fftw-native-hybrid-float,,16384,240,64,continuous,pilot-02,0,workload-0016-repeat-00.csv,3d02b72c4653c4b87e58ff16f7738920d64aa2d6b26864afc0be8c9eda919cc1,230.63312174479168,44541.5,256,54208.0,58000.0,0,,960
Granularity,16,62ad09c12a1ed80cc61b3c362bf39ba9c8c36fea60bbd5e656965731e10c6814,fftw-native-hybrid-float,,16384,240,64,continuous,pilot-02,1,workload-0016-repeat-01.csv,85ec03c26b7af9b00dd93fc43de76bfcb28b55c91f3848810ed8f56d4482a0e2,274.965478515625,52479.5,256,65791.0,68542.0,0,,960
Granularity,17,6ef8d6b5d41f5ba0f05d4c0e7c8cb566c7a00ec315eeef9fd077c5627277c538,fftw-native-hybrid-float,,16384,240,64,continuous,pilot-01,0,workload-0017-repeat-00.csv,4a16d698fc040fb7aabe2482e80614c3bf9fa03741515c94369e3f99b60f9ff1,270.763037109375,57500.0,256,73042.0,74000.0,0,,960
Granularity,17,6ef8d6b5d41f5ba0f05d4c0e7c8cb566c7a00ec315eeef9fd077c5627277c538,fftw-native-hybrid-float,,16384,240,64,continuous,pilot-01,1,workload-0017-repeat-01.csv,344f7549b8f9b3162654702330cd6b742bbf493731946b80f6e1e42de571cc8f,244.65895182291666,51208.0,256,62125.0,74417.0,0,,960
Granularity,17,6ef8d6b5d41f5ba0f05d4c0e7c8cb566c7a00ec315eeef9fd077c5627277c538,fftw-native-hybrid-float,,16384,240,64,continuous,pilot-02,0,workload-0017-repeat-00.csv,7c2d768120eaa9149f68d51020826cbddefc5c6a62c3575f120578e9150a0ded,176.84168294270833,38791.5,256,43000.0,46125.0,0,,960
Granularity,17,6ef8d6b5d41f5ba0f05d4c0e7c8cb566c7a00ec315eeef9fd077c5627277c538,fftw-native-hybrid-float,,16384,240,64,continuous,pilot-02,1,workload-0017-repeat-01.csv,abdf24d3a8b56d9d29482dae7f6ce2ce1ca730ea4c71360f13185b2333cde69d,195.0220703125,42709.0,256,47959.0,63333.0,0,,960
Granularity,18,c633a65cab0356f37fc29d61c83b5f03a1c64e5c99fcf0ba8bd1f63b8ad4e31b,vdsp-native4-hybrid-float,,2048,1024,64,continuous,pilot-01,0,workload-0018-repeat-00.csv,3dbe1570ea82a740b387c80a1d0439325b2aac3ef2b189db79e0646b08bcb5e0,73.9228630065918,14416.5,256,18000.0,149167.0,0,,4096
Granularity,18,c633a65cab0356f37fc29d61c83b5f03a1c64e5c99fcf0ba8bd1f63b8ad4e31b,vdsp-native4-hybrid-float,,2048,1024,64,continuous,pilot-01,1,workload-0018-repeat-01.csv,43c1899a31943dc7f9937127f1ca566e2fcfca136c09b5b37b7390d740af429b,67.48418807983398,14208.0,256,17375.0,139250.0,0,,4096
Granularity,18,c633a65cab0356f37fc29d61c83b5f03a1c64e5c99fcf0ba8bd1f63b8ad4e31b,vdsp-native4-hybrid-float,,2048,1024,64,continuous,pilot-02,0,workload-0018-repeat-00.csv,92ef1422d3aae46a0763f434cc12c265a725999207addc46f6d78cb29607dd0f,86.77921676635742,16062.5,256,18541.0,52375.0,0,,4096
Granularity,18,c633a65cab0356f37fc29d61c83b5f03a1c64e5c99fcf0ba8bd1f63b8ad4e31b,vdsp-native4-hybrid-float,,2048,1024,64,continuous,pilot-02,1,workload-0018-repeat-01.csv,bf17165e558b3d3d3852ce9e47e077e16983bfeabc33bc9605b06f40f6576cb1,71.68693161010742,14208.0,256,18166.0,170458.0,0,,4096
Granularity,19,53345e472811eda7f3693fc528c1289fe31622dd320aaf2e4e4393f5054aed87,vdsp-native4-hybrid-float,,2048,1024,64,continuous,pilot-01,0,workload-0019-repeat-00.csv,097df13b007e1ed87abe521239458aaea9438d7a4e5c0008702a7a71850a6881,39.079742431640625,7000.0,256,19083.0,246250.0,0,,4096
Granularity,19,53345e472811eda7f3693fc528c1289fe31622dd320aaf2e4e4393f5054aed87,vdsp-native4-hybrid-float,,2048,1024,64,continuous,pilot-01,1,workload-0019-repeat-01.csv,3bf96f6e3fcae9054eacc9fc76001aad558c639bd42063ebaae384dfdf663630,70.81082534790039,15833.0,256,19292.0,106000.0,0,,4096
Granularity,19,53345e472811eda7f3693fc528c1289fe31622dd320aaf2e4e4393f5054aed87,vdsp-native4-hybrid-float,,2048,1024,64,continuous,pilot-02,0,workload-0019-repeat-00.csv,dd042b8e055561b679db098714b5f7b0613898bd52168fbd1f400460033fc3df,67.73971176147461,15729.5,256,19375.0,88250.0,0,,4096
Granularity,19,53345e472811eda7f3693fc528c1289fe31622dd320aaf2e4e4393f5054aed87,vdsp-native4-hybrid-float,,2048,1024,64,continuous,pilot-02,1,workload-0019-repeat-01.csv,0f1f5eedb8875077eb711eab959c6084c684ba97df24898b969f4bae2f549ade,61.723960876464844,15792.0,256,19458.0,59875.0,0,,4096
Granularity,20,12dc7904ca0e5f46a45dadf8e9a479b10852da6daa59c09dc484051c2ef3904f,vdsp-native4-hybrid-float,,2048,1024,64,continuous,pilot-01,0,workload-0020-repeat-00.csv,975b2dcacd953b421fd56793f50c5c8369aaaf70b52bedf0bb3192f94303b2a8,61.72210693359375,16520.5,256,21750.0,57459.0,0,,4096
Granularity,20,12dc7904ca0e5f46a45dadf8e9a479b10852da6daa59c09dc484051c2ef3904f,vdsp-native4-hybrid-float,,2048,1024,64,continuous,pilot-01,1,workload-0020-repeat-01.csv,01bf0adb80090ae0394debd1b90229990919f6619b24086c5e62670e4748029d,66.67377471923828,19334.0,256,23708.0,103125.0,0,,4096
Granularity,20,12dc7904ca0e5f46a45dadf8e9a479b10852da6daa59c09dc484051c2ef3904f,vdsp-native4-hybrid-float,,2048,1024,64,continuous,pilot-02,0,workload-0020-repeat-00.csv,ccde161995c58460e0572ca0465c6db568fdf47606886e959cec6a7e9182c02b,65.97626113891602,19334.0,256,23667.0,62166.0,0,,4096
Granularity,20,12dc7904ca0e5f46a45dadf8e9a479b10852da6daa59c09dc484051c2ef3904f,vdsp-native4-hybrid-float,,2048,1024,64,continuous,pilot-02,1,workload-0020-repeat-01.csv,e58a47453865cf574886f8ac2fed68881db49aff984f80b744869bbee5def4a9,62.117679595947266,19395.5,256,21750.0,49166.0,0,,4096
Granularity,21,d7b9b93e4cfeef8b3c1b72242f437da53e83aef103ebeb64c91c5298f4c4713f,vdsp-native4-hybrid-float,,16384,240,64,continuous,pilot-01,0,workload-0021-repeat-00.csv,525a865f9d312d16cf63f031e10d335e66e4a9a33399f3544739c164735b5388,604.448486328125,70208.5,256,94959.0,98000.0,0,,960
Granularity,21,d7b9b93e4cfeef8b3c1b72242f437da53e83aef103ebeb64c91c5298f4c4713f,vdsp-native4-hybrid-float,,16384,240,64,continuous,pilot-01,1,workload-0021-repeat-01.csv,305a2772534ca8169c82e23710ce8b65eec277801c5684042dda55715ef2410c,570.4528971354167,66583.5,256,85958.0,87125.0,0,,960
Granularity,21,d7b9b93e4cfeef8b3c1b72242f437da53e83aef103ebeb64c91c5298f4c4713f,vdsp-native4-hybrid-float,,16384,240,64,continuous,pilot-02,0,workload-0021-repeat-00.csv,fe7d3b92775fd1b34eed795446fb00c5421d730d7754eed6afabdb27d2f0ff44,566.0979817708334,66500.0,256,82584.0,87541.0,0,,960
Granularity,21,d7b9b93e4cfeef8b3c1b72242f437da53e83aef103ebeb64c91c5298f4c4713f,vdsp-native4-hybrid-float,,16384,240,64,continuous,pilot-02,1,workload-0021-repeat-01.csv,540bd28210294252f48b06cdeb0715e06fd0fda8eb67cd5ef26f7bc9b365c80c,613.9627115885417,71187.5,256,95416.0,101792.0,0,,960
Granularity,22,6d30ed6893f753aa6d5a44953a4469452c4fcc9c930dd7f1ff19c55bb186893e,vdsp-native4-hybrid-float,,16384,240,64,continuous,pilot-01,0,workload-0022-repeat-00.csv,e0cbb156285cc0dd046bab55581bbfe8e079246d5c8698183c7a7c802bb683b7,571.95986328125,92812.5,256,123000.0,139417.0,0,,960
Granularity,22,6d30ed6893f753aa6d5a44953a4469452c4fcc9c930dd7f1ff19c55bb186893e,vdsp-native4-hybrid-float,,16384,240,64,continuous,pilot-01,1,workload-0022-repeat-01.csv,4ff092f666dcf26aadc8d3d124add7188cbc4149eb505791f2e8878cea9ac044,561.5903157552083,90917.0,256,116541.0,123666.0,0,,960
Granularity,22,6d30ed6893f753aa6d5a44953a4469452c4fcc9c930dd7f1ff19c55bb186893e,vdsp-native4-hybrid-float,,16384,240,64,continuous,pilot-02,0,workload-0022-repeat-00.csv,6b224b40d08c67727efad0c802c59a01f42eacc75ff9ff6de5d4a213256357fc,631.2812825520833,99979.5,256,138750.0,167084.0,0,,960
Granularity,22,6d30ed6893f753aa6d5a44953a4469452c4fcc9c930dd7f1ff19c55bb186893e,vdsp-native4-hybrid-float,,16384,240,64,continuous,pilot-02,1,workload-0022-repeat-01.csv,a6aaf5e669128de2ebc6e5d4d0cdf2c53f211e364dfb2b9174ddd1e997ea868b,612.6554850260417,97979.5,256,138208.0,160791.0,0,,960
Granularity,23,27ae1e24461d902de1f463dc9c8340f3ce5bee26df05f47cee43073a5dde0b0a,vdsp-native4-hybrid-float,,16384,240,64,continuous,pilot-01,0,workload-0023-repeat-00.csv,2f832135a4dd8017a32f39d984b1eb3c53ee27a7f40936cc8a28fe516bb66a19,611.02138671875,129750.0,256,178750.0,185084.0,0,,960
Granularity,23,27ae1e24461d902de1f463dc9c8340f3ce5bee26df05f47cee43073a5dde0b0a,vdsp-native4-hybrid-float,,16384,240,64,continuous,pilot-01,1,workload-0023-repeat-01.csv,165ebb0fc8e229bb16475a466eb21c21d8468612157cffc34915b365a0409334,511.015771484375,107042.0,256,129958.0,146750.0,0,,960
Granularity,23,27ae1e24461d902de1f463dc9c8340f3ce5bee26df05f47cee43073a5dde0b0a,vdsp-native4-hybrid-float,,16384,240,64,continuous,pilot-02,0,workload-0023-repeat-00.csv,ce6cf196e554648d437c8dadcac76cf13daca4ffdd3872b56c3a4d32e2366f58,542.2605631510417,116583.0,256,143083.0,159583.0,0,,960
Granularity,23,27ae1e24461d902de1f463dc9c8340f3ce5bee26df05f47cee43073a5dde0b0a,vdsp-native4-hybrid-float,,16384,240,64,continuous,pilot-02,1,workload-0023-repeat-01.csv,88bd0b86332778c8d4362ce97d3ef884cb8ab6b6d1f9bc760ea6e6c4efa22f07,607.5669759114584,129499.5,256,165125.0,181833.0,0,,960
Granularity,24,b58ddde7e6784d140269e3399dfe4ae3a062809e1deeaf789429b963a1cf1e08,fftw-native4-hybrid-float,,2048,1024,64,continuous,pilot-01,0,workload-0024-repeat-00.csv,5edb59250ebf2f2e48f4bff6256bafc046d34d009b66d59f8f68a74730634a7a,53.501556396484375,17750.0,256,20458.0,74250.0,0,,4096
Granularity,24,b58ddde7e6784d140269e3399dfe4ae3a062809e1deeaf789429b963a1cf1e08,fftw-native4-hybrid-float,,2048,1024,64,continuous,pilot-01,1,workload-0024-repeat-01.csv,56f9a77e45056a408d0f0bfb12f6b6b48c40056225cd5142f5e7e6f8ce589fb1,55.893150329589844,15666.0,256,15750.0,110541.0,0,,4096
Granularity,24,b58ddde7e6784d140269e3399dfe4ae3a062809e1deeaf789429b963a1cf1e08,fftw-native4-hybrid-float,,2048,1024,64,continuous,pilot-02,0,workload-0024-repeat-00.csv,5167fe151adedc602057f035590962cae5d38b56194f92689c0f88afb5c8d45e,65.97139358520508,23917.0,256,33750.0,44000.0,0,,4096
Granularity,24,b58ddde7e6784d140269e3399dfe4ae3a062809e1deeaf789429b963a1cf1e08,fftw-native4-hybrid-float,,2048,1024,64,continuous,pilot-02,1,workload-0024-repeat-01.csv,3a5e7b3ec544c808fa63a671d65ef1bf7acab8061a24386941237d530a4486a7,54.2159538269043,20333.0,256,23917.0,108041.0,0,,4096
Granularity,25,dc2df5432e913560950206e4ed8a645685e673efe32c71fe269a059f3f5ad413,fftw-native4-hybrid-float,,2048,1024,64,continuous,pilot-01,0,workload-0025-repeat-00.csv,ec3449b32de05f4060643dcf8e7d45cbaf4163d1756f62bc9f3986bf4e7a8b11,66.48067474365234,24375.0,256,30333.0,74167.0,0,,4096
Granularity,25,dc2df5432e913560950206e4ed8a645685e673efe32c71fe269a059f3f5ad413,fftw-native4-hybrid-float,,2048,1024,64,continuous,pilot-01,1,workload-0025-repeat-01.csv,38e9c8887c2a10e305eaeed2ab1b0ea596aca37e42b7ebf0fb456c8446fb7d17,63.09263229370117,20709.0,256,41292.0,109917.0,0,,4096
Granularity,25,dc2df5432e913560950206e4ed8a645685e673efe32c71fe269a059f3f5ad413,fftw-native4-hybrid-float,,2048,1024,64,continuous,pilot-02,0,workload-0025-repeat-00.csv,829b5169e3e7282fab7a3a45c2cb7b5ef23294f07b81fb509a59fd5ad80fadda,49.217864990234375,18271.0,256,24208.0,73875.0,0,,4096
Granularity,25,dc2df5432e913560950206e4ed8a645685e673efe32c71fe269a059f3f5ad413,fftw-native4-hybrid-float,,2048,1024,64,continuous,pilot-02,1,workload-0025-repeat-01.csv,ce3c0aa56e8ae0ae2e170bfa554348c2bda46e8c31a245fed6dea574d61c84c5,54.19801330566406,20709.0,256,24417.0,112833.0,0,,4096
Granularity,26,244d16359f4e149f50602690bcebef5dcb65ca31d0a8e8741faaa61e047bc50e,fftw-native4-hybrid-float,,2048,1024,64,continuous,pilot-01,0,workload-0026-repeat-00.csv,1bc655cbb290c0593886bd9e505dc950a747997b41022f14a2998ad600a66dd6,66.35025787353516,25625.0,256,34792.0,84916.0,0,,4096
Granularity,26,244d16359f4e149f50602690bcebef5dcb65ca31d0a8e8741faaa61e047bc50e,fftw-native4-hybrid-float,,2048,1024,64,continuous,pilot-01,1,workload-0026-repeat-01.csv,1163fb6b6520fbd5b5632f186d12a98a13c42ae463ccc9a59003d5fcdc175982,64.21371841430664,25562.5,256,34708.0,132000.0,0,,4096
Granularity,26,244d16359f4e149f50602690bcebef5dcb65ca31d0a8e8741faaa61e047bc50e,fftw-native4-hybrid-float,,2048,1024,64,continuous,pilot-02,0,workload-0026-repeat-00.csv,6507415ea5ab3a7aa36cabf5f0ff6077197282393b65527450e502307deb1fd6,47.337398529052734,18792.0,256,18958.0,111375.0,0,,4096
Granularity,26,244d16359f4e149f50602690bcebef5dcb65ca31d0a8e8741faaa61e047bc50e,fftw-native4-hybrid-float,,2048,1024,64,continuous,pilot-02,1,workload-0026-repeat-01.csv,f37720e8a2cf69f9d496e2b378049d6f27bc4ef9021ffde5220b59a2f596fb91,51.70979690551758,21562.5,256,21834.0,81291.0,0,,4096
Granularity,27,fd994c7be8baf0e91ffd337fe84dd2b529cab9fe3b39c016e6da96b7a0d3247f,fftw-native4-hybrid-float,,16384,240,64,continuous,pilot-01,0,workload-0027-repeat-00.csv,89b605c8b3b70d108243f0134010ea2619fb7fa69922a72dd61c3ee4832723b8,639.4029296875,116562.5,256,148459.0,154083.0,0,,960
Granularity,27,fd994c7be8baf0e91ffd337fe84dd2b529cab9fe3b39c016e6da96b7a0d3247f,fftw-native4-hybrid-float,,16384,240,64,continuous,pilot-01,1,workload-0027-repeat-01.csv,49dbcf968a7f0a6fa6dc4fb99435bdfa32186ece8404ad3bd2499e8f085164e5,673.547216796875,120917.0,256,166292.0,173750.0,0,,960
Granularity,27,fd994c7be8baf0e91ffd337fe84dd2b529cab9fe3b39c016e6da96b7a0d3247f,fftw-native4-hybrid-float,,16384,240,64,continuous,pilot-02,0,workload-0027-repeat-00.csv,84ea87362328b605bb26223172be5bcb6f7686145a090d8a77ba0a73409bef30,680.7386067708334,122041.5,256,166250.0,177417.0,0,,960
Granularity,27,fd994c7be8baf0e91ffd337fe84dd2b529cab9fe3b39c016e6da96b7a0d3247f,fftw-native4-hybrid-float,,16384,240,64,continuous,pilot-02,1,workload-0027-repeat-01.csv,d84e1de242d4a7e6abc41a44c9668cd80c90e21d739eca6bafeffc06bbd10d76,639.679443359375,116771.0,256,147541.0,156083.0,0,,960
Granularity,28,756b6ce13dec3def9ca95d771a8516cd1e977b26522458505b641288ce75bef1,fftw-native4-hybrid-float,,16384,240,64,continuous,pilot-01,0,workload-0028-repeat-00.csv,fae9c389decf8f8ecb1baa045aecc13b99429a6e1ef44991f64181563d555edc,647.109619140625,127458.5,256,164250.0,172708.0,0,,960
Granularity,28,756b6ce13dec3def9ca95d771a8516cd1e977b26522458505b641288ce75bef1,fftw-native4-hybrid-float,,16384,240,64,continuous,pilot-01,1,workload-0028-repeat-01.csv,a7434508d79290bcecc984e31f3d05a711ae8d2682a8d64d807ad6339a2a4634,644.5361165364583,132520.5,256,155292.0,165375.0,0,,960
Granularity,28,756b6ce13dec3def9ca95d771a8516cd1e977b26522458505b641288ce75bef1,fftw-native4-hybrid-float,,16384,240,64,continuous,pilot-02,0,workload-0028-repeat-00.csv,0f8d297053fc738730635f11569fc66c8a77d70b35ad1cbfc87d24867889bf62,655.6665201822917,130520.5,256,165375.0,173458.0,0,,960
Granularity,28,756b6ce13dec3def9ca95d771a8516cd1e977b26522458505b641288ce75bef1,fftw-native4-hybrid-float,,16384,240,64,continuous,pilot-02,1,workload-0028-repeat-01.csv,c0754164575b3c4d8b4519032625e7a8a734f905a5f0da8408d0ce7fab540eb3,645.0427571614583,127791.5,256,164375.0,173334.0,0,,960
Granularity,29,d05ddadfdd4bd6db9ef7eb4a844f3ca2c28eb6e99d23c778bb2d04eaf5629f03,fftw-native4-hybrid-float,,16384,240,64,continuous,pilot-01,0,workload-0029-repeat-00.csv,414de245637e3a6430d7bcf88711abf2dfd06bca86dfc1f52ca0cbb65acf7bba,669.8216796875,143313.0,256,199042.0,209000.0,0,,960
Granularity,29,d05ddadfdd4bd6db9ef7eb4a844f3ca2c28eb6e99d23c778bb2d04eaf5629f03,fftw-native4-hybrid-float,,16384,240,64,continuous,pilot-01,1,workload-0029-repeat-01.csv,6a003c46566a6223d966087bc4eaf62f07344c4c3e37f7a6b23c6ae9da7d5bd0,621.0223958333333,137583.0,256,170375.0,187625.0,0,,960
Granularity,29,d05ddadfdd4bd6db9ef7eb4a844f3ca2c28eb6e99d23c778bb2d04eaf5629f03,fftw-native4-hybrid-float,,16384,240,64,continuous,pilot-02,0,workload-0029-repeat-00.csv,9bde315dea01f00a71320c1f01637db004c11db836eef90d81622f3a58c46cf5,666.5816569010417,144625.0,256,200042.0,210834.0,0,,960
Granularity,29,d05ddadfdd4bd6db9ef7eb4a844f3ca2c28eb6e99d23c778bb2d04eaf5629f03,fftw-native4-hybrid-float,,16384,240,64,continuous,pilot-02,1,workload-0029-repeat-01.csv,f394400bfc145e912d59aeacf2052668b0d4711be31e032a6f53a34822c2d822,673.4048014322917,149667.0,256,192500.0,209333.0,0,,960
Granularity,30,d9feea4b60290a9c9c442d0ca4dec40a7078ca0dc81043c7b974b91f2cc0232f,core-independent4-simd,,2048,1024,64,continuous,pilot-01,0,workload-0030-repeat-00.csv,10466db420e54694890c2bec5a3821d7b3e3f2f0ef846b3e4ae89abd71465150,76.18492126464844,6541.0,256,14833.0,55292.0,0,,4096
Granularity,30,d9feea4b60290a9c9c442d0ca4dec40a7078ca0dc81043c7b974b91f2cc0232f,core-independent4-simd,,2048,1024,64,continuous,pilot-01,1,workload-0030-repeat-01.csv,70e91db9d861cbcccd0f0151311b6e7a534f951769faf554e02433b9ff4ab6a3,72.62975692749023,6500.0,256,12292.0,44041.0,0,,4096
Granularity,30,d9feea4b60290a9c9c442d0ca4dec40a7078ca0dc81043c7b974b91f2cc0232f,core-independent4-simd,,2048,1024,64,continuous,pilot-02,0,workload-0030-repeat-00.csv,3fed760c930ae7344704ddbb221675a13a42244c11a8b1ee1992fd590feecf35,74.31562423706055,5916.5,256,17084.0,64375.0,0,,4096
Granularity,30,d9feea4b60290a9c9c442d0ca4dec40a7078ca0dc81043c7b974b91f2cc0232f,core-independent4-simd,,2048,1024,64,continuous,pilot-02,1,workload-0030-repeat-01.csv,c36ce4f431cf33f42f50579621290d83cfebc4d11f00190ab0028bedbf8c56d0,56.32571029663086,3834.0,256,17500.0,59541.0,0,,4096
Granularity,31,e6ac9484e55caf7d0babc6b2b2631c22b86a51b8fb05ce4b28cd1e7a5c9255ef,core-independent4-simd,,16384,240,64,continuous,pilot-01,0,workload-0031-repeat-00.csv,7d8481b3169fcd6873c5746637cab79d309d75d6c3ce9ad2f39a4adf3e0fb1f1,1122.8357584635417,97458.0,256,128583.0,144833.0,0,,960
Granularity,31,e6ac9484e55caf7d0babc6b2b2631c22b86a51b8fb05ce4b28cd1e7a5c9255ef,core-independent4-simd,,16384,240,64,continuous,pilot-01,1,workload-0031-repeat-01.csv,ea1e51a7654764df349a5700da5f371b552b02d51902b467fdad1e4792c9f526,1044.48642578125,89791.5,256,108375.0,118417.0,0,,960
Granularity,31,e6ac9484e55caf7d0babc6b2b2631c22b86a51b8fb05ce4b28cd1e7a5c9255ef,core-independent4-simd,,16384,240,64,continuous,pilot-02,0,workload-0031-repeat-00.csv,4bb30443ad7a94addfa3f0161f654cbbbfe183bd410a6862ef4f7b2fc4fa83f5,1071.7699544270833,93562.5,256,117208.0,129834.0,0,,960
Granularity,31,e6ac9484e55caf7d0babc6b2b2631c22b86a51b8fb05ce4b28cd1e7a5c9255ef,core-independent4-simd,,16384,240,64,continuous,pilot-02,1,workload-0031-repeat-01.csv,56cc8c67a80553d0ae5e8439eacd1d269b76ba3661abf3727bff76d44a3fc4d7,1079.0343587239583,93459.0,256,117541.0,129583.0,0,,960
Granularity,32,0fa5cd2d3ffe44869007792ce348bf035452d2e2011b8be03188e588d605d2c5,pffft-native-batch-float,,16384,240,64,continuous,pilot-01,0,workload-0032-repeat-00.csv,3cfa591c22f664ff2f25e32d20519652414d758927c6dc577257a7543bd53c1a,231.19988606770832,52313.0,256,72250.0,145084.0,0,,960
Granularity,32,0fa5cd2d3ffe44869007792ce348bf035452d2e2011b8be03188e588d605d2c5,pffft-native-batch-float,,16384,240,64,continuous,pilot-01,1,workload-0032-repeat-01.csv,0f190c37c54e9ea747f7da7c101230743cf15d305e565b9d71b8b3b1cd18ab6b,214.648388671875,45708.0,256,53666.0,67584.0,0,,960
Granularity,32,0fa5cd2d3ffe44869007792ce348bf035452d2e2011b8be03188e588d605d2c5,pffft-native-batch-float,,16384,240,64,continuous,pilot-02,0,workload-0032-repeat-00.csv,bb6b6bc93820b05d1b58dac1f0ef1f9964795074ddcd36e7c7a524c2caa5d465,185.774609375,44312.5,256,45542.0,50959.0,0,,960
Granularity,32,0fa5cd2d3ffe44869007792ce348bf035452d2e2011b8be03188e588d605d2c5,pffft-native-batch-float,,16384,240,64,continuous,pilot-02,1,workload-0032-repeat-01.csv,ad6bc7aa90a9d5d237e08e3dce15ae437447e69ca9e2149fceae6e55eb3d8e96,225.44261067708334,52479.0,256,64458.0,91208.0,0,,960
Granularity,33,ae1ec82899e0874ac87099eb47941383d8d60a6d97dd6a36e8817b198f677a81,vdsp-native-batch-float,,16384,240,64,continuous,pilot-01,0,workload-0033-repeat-00.csv,bbb22bdc8f560b838034d9643adf77000e1704f7d5566d4a35ab929ee8922c49,250.43499348958332,59333.0,256,73709.0,75750.0,0,,960
Granularity,33,ae1ec82899e0874ac87099eb47941383d8d60a6d97dd6a36e8817b198f677a81,vdsp-native-batch-float,,16384,240,64,continuous,pilot-01,1,workload-0033-repeat-01.csv,dbe2765b4da9f4a2b6dc3642c1d13d294d7f3f26e30cd3fa38a5979ffc64d82f,245.02418619791666,51750.0,256,73000.0,78250.0,0,,960
Granularity,33,ae1ec82899e0874ac87099eb47941383d8d60a6d97dd6a36e8817b198f677a81,vdsp-native-batch-float,,16384,240,64,continuous,pilot-02,0,workload-0033-repeat-00.csv,bffcfd831d6afbb948439294a17c40889f332bdc2e2248cef7d3f9903376afdb,214.851513671875,50479.5,256,67167.0,148750.0,0,,960
Granularity,33,ae1ec82899e0874ac87099eb47941383d8d60a6d97dd6a36e8817b198f677a81,vdsp-native-batch-float,,16384,240,64,continuous,pilot-02,1,workload-0033-repeat-01.csv,1d84e343a8e1feb5446ba18a374bfce8de7114ba3368f08c9a898d1cbe21760a,233.46814778645833,50875.0,256,62292.0,76625.0,0,,960
Granularity,34,41854c2481968decc1a137f79b3641b7ae400b4d45c87789f5b231bc08e28066,fftw-native-batch-float,,16384,240,64,continuous,pilot-01,0,workload-0034-repeat-00.csv,d1c1c07583e2cd082d8e919bde50e267036915cede8d340113ac9dd0e093e6fd,223.67521158854166,51542.0,256,59417.0,62916.0,0,,960
Granularity,34,41854c2481968decc1a137f79b3641b7ae400b4d45c87789f5b231bc08e28066,fftw-native-batch-float,,16384,240,64,continuous,pilot-01,1,workload-0034-repeat-01.csv,410e3a05a3a1e454a1f8a3b661a917f2fd9253ee2e2def767698761ded9b2bf1,263.358349609375,59334.0,256,71125.0,79584.0,0,,960
Granularity,34,41854c2481968decc1a137f79b3641b7ae400b4d45c87789f5b231bc08e28066,fftw-native-batch-float,,16384,240,64,continuous,pilot-02,0,workload-0034-repeat-00.csv,f6c5500c13f1557bf4f590ac3076849955cd6756806a047a1cca4b821bf95a30,235.84334309895834,51792.0,256,59625.0,79250.0,0,,960
Granularity,34,41854c2481968decc1a137f79b3641b7ae400b4d45c87789f5b231bc08e28066,fftw-native-batch-float,,16384,240,64,continuous,pilot-02,1,workload-0034-repeat-01.csv,7769ea7fc38ff34720c8d341cbe9f630a17a33de34fdd79442ac4c6727dbdc38,222.80751953125,51459.0,256,59375.0,68792.0,0,,960
Granularity,35,69b9ab99910fdc9491b9dcbdae97008afd1887dd29a72a047ded3b938cecd409,vdsp-native4-batch-float,,2048,1024,64,continuous,pilot-01,0,workload-0035-repeat-00.csv,5100a49fb145b1b2a01ef68ed6f07c3178f639785663960e4cdd8cfc93432b06,66.84806060791016,32875.0,256,40792.0,87834.0,0,,4096
Granularity,35,69b9ab99910fdc9491b9dcbdae97008afd1887dd29a72a047ded3b938cecd409,vdsp-native4-batch-float,,2048,1024,64,continuous,pilot-01,1,workload-0035-repeat-01.csv,1fac9d7ab6c852a1cfe2ecf5a9501ede14e89ee4e06a142239cdf9318af89534,60.14424133300781,32625.0,256,39167.0,77916.0,0,,4096
Granularity,35,69b9ab99910fdc9491b9dcbdae97008afd1887dd29a72a047ded3b938cecd409,vdsp-native4-batch-float,,2048,1024,64,continuous,pilot-02,0,workload-0035-repeat-00.csv,e1a13ae484aad6a7d1dd0e273d68e0d6620f2b55fd7b498273aff2dbdec2a31f,47.11207962036133,24125.0,256,27708.0,136417.0,0,,4096
Granularity,35,69b9ab99910fdc9491b9dcbdae97008afd1887dd29a72a047ded3b938cecd409,vdsp-native4-batch-float,,2048,1024,64,continuous,pilot-02,1,workload-0035-repeat-01.csv,244dd4ba8fe79977da7a44cb1ab5c48228c1099986f19270c9aa8102710a240a,51.62083053588867,27583.0,256,32708.0,78125.0,0,,4096
Granularity,36,a9f6095280774a5dde07c8fb8099ef89066c1b07c9ac2db575f965d0c675631d,vdsp-native4-batch-float,,16384,240,64,continuous,pilot-01,0,workload-0036-repeat-00.csv,b83832779411f0651773c28f1153bd17730b3ca3bc2428414adb8ca15f1d1ba5,553.0179524739583,127333.0,256,156292.0,159792.0,0,,960
Granularity,36,a9f6095280774a5dde07c8fb8099ef89066c1b07c9ac2db575f965d0c675631d,vdsp-native4-batch-float,,16384,240,64,continuous,pilot-01,1,workload-0036-repeat-01.csv,7688d352beaabdb079fb13ffb6464ffc56a02485af38b4eb05e5b5bee17dcc6a,571.557958984375,127792.0,256,156708.0,176709.0,0,,960
Granularity,36,a9f6095280774a5dde07c8fb8099ef89066c1b07c9ac2db575f965d0c675631d,vdsp-native4-batch-float,,16384,240,64,continuous,pilot-02,0,workload-0036-repeat-00.csv,76bf35d68d009821d31515cd020b8d621ac7841d3d0590a661edf2ad7c442333,603.8216471354167,140625.0,256,175542.0,203875.0,0,,960
Granularity,36,a9f6095280774a5dde07c8fb8099ef89066c1b07c9ac2db575f965d0c675631d,vdsp-native4-batch-float,,16384,240,64,continuous,pilot-02,1,workload-0036-repeat-01.csv,0a61b85a44c6e2b8b27b562a55ee91e2798c1f69065af7f0cb61a90064cbf2e3,449.28050130208334,103666.5,256,115458.0,123166.0,0,,960
Granularity,37,501d46e9b7be2be6bfa7d78b929bb438dbb7b0375b52a64a0389a812c98452b3,fftw-native4-batch-float,,2048,1024,64,continuous,pilot-01,0,workload-0037-repeat-00.csv,65ddc2861d83666f90d30c67b7afc03f12451f9f8b0d7bce5165ff8d552cd0d8,68.83580017089844,32292.0,256,53959.0,115709.0,0,,4096
Granularity,37,501d46e9b7be2be6bfa7d78b929bb438dbb7b0375b52a64a0389a812c98452b3,fftw-native4-batch-float,,2048,1024,64,continuous,pilot-01,1,workload-0037-repeat-01.csv,77aead5681519f710b7799000ad39aabcfb62e3f7d5d421924e74805a20fc2af,59.80113220214844,32250.0,256,44791.0,107708.0,0,,4096
Granularity,37,501d46e9b7be2be6bfa7d78b929bb438dbb7b0375b52a64a0389a812c98452b3,fftw-native4-batch-float,,2048,1024,64,continuous,pilot-02,0,workload-0037-repeat-00.csv,74ff405a535ae309c2f0ce2bb41d19a2d5a3f1bed223f64138f1206f25218fa9,45.18118667602539,21042.0,256,24000.0,99709.0,0,,4096
Granularity,37,501d46e9b7be2be6bfa7d78b929bb438dbb7b0375b52a64a0389a812c98452b3,fftw-native4-batch-float,,2048,1024,64,continuous,pilot-02,1,workload-0037-repeat-01.csv,869bf63f95b1e3524066ecfb9688fb799c5c7c6b8ac37e1a52cb04ea5dd82613,61.191551208496094,32437.5,256,44750.0,53750.0,0,,4096
Granularity,38,74324d8037f523f0432280a6d0bf25eaaad81ab0363c704404f8677b8d314cae,fftw-native4-batch-float,,16384,240,64,continuous,pilot-01,0,workload-0038-repeat-00.csv,20bbb080a4107bfacdb5db741330dcd980f385decf83f03aba7e6d7701ba2fab,658.2349609375,148499.5,256,203708.0,207292.0,0,,960
Granularity,38,74324d8037f523f0432280a6d0bf25eaaad81ab0363c704404f8677b8d314cae,fftw-native4-batch-float,,16384,240,64,continuous,pilot-01,1,workload-0038-repeat-01.csv,20c11b874c4895796b0b58d9c14f8a72de54994a342f21bf70b6c40e9b8926dc,669.4570638020833,149313.0,256,204917.0,211292.0,0,,960
Granularity,38,74324d8037f523f0432280a6d0bf25eaaad81ab0363c704404f8677b8d314cae,fftw-native4-batch-float,,16384,240,64,continuous,pilot-02,0,workload-0038-repeat-00.csv,583ae024b45593f0ed5b14bed98e7d4cb31e40cedc55c0705cc0b3ee9f623991,636.8162434895834,145708.0,256,180458.0,204166.0,0,,960
Granularity,38,74324d8037f523f0432280a6d0bf25eaaad81ab0363c704404f8677b8d314cae,fftw-native4-batch-float,,16384,240,64,continuous,pilot-02,1,workload-0038-repeat-01.csv,da6749495e190646342a2eb88cad2588249596cdac87fa0865bceeb7ea404c96,603.1109212239584,145042.0,256,164208.0,185208.0,0,,960
Host,0,e48adeb782bfc7b4e2786dd26c3aae2a45c570a640b1e8d44874f69267f8b2e6,fourier-default,,2048,1440,64,paced,pilot-01,0,workload-0000-repeat-00.json,109f1223c116e52b779b6a001419b9422dd37f5f33c962b04498687ae279cd1b,575.3604698181152,48000.0,182,55625,456541,0,0,4096
Host,0,e48adeb782bfc7b4e2786dd26c3aae2a45c570a640b1e8d44874f69267f8b2e6,fourier-default,,2048,1440,64,paced,pilot-01,1,workload-0000-repeat-01.json,8bb89db3bc569d75de803d62494e7d41c1615d6a9f0a508375349a20a11aa089,434.0298881530762,46917.0,182,59709,253709,0,3,4096
Host,0,e48adeb782bfc7b4e2786dd26c3aae2a45c570a640b1e8d44874f69267f8b2e6,fourier-default,,2048,1440,64,paced,pilot-02,0,workload-0000-repeat-00.json,e75dd4ccb43eaf06a925f903930cb68e016ccbaf648245a03e0ff46b51ec4ec8,568.4742012023926,48167.0,182,55667,2402125,2,10,4096
Host,0,e48adeb782bfc7b4e2786dd26c3aae2a45c570a640b1e8d44874f69267f8b2e6,fourier-default,,2048,1440,64,paced,pilot-02,1,workload-0000-repeat-01.json,2983f0c75b1942f81f82f7ff1caab7bff71380e6c245ae18529b2131d3d90532,564.4450874328613,48187.0,182,65833,301750,0,0,4096
Host,1,22eeffe960695667a592c4156d7e26fac694807d4b7ee6f68921b6a583d86b76,fourier-default,,2048,1440,64,paced,pilot-01,0,workload-0001-repeat-00.json,77f5d0fb561653246b46233d447e2718e0980a25f0cca19f887c0f429cb481ce,1296.4769821166992,103292.0,182,135417,7429208,3,10,4096
Host,1,22eeffe960695667a592c4156d7e26fac694807d4b7ee6f68921b6a583d86b76,fourier-default,,2048,1440,64,paced,pilot-01,1,workload-0001-repeat-01.json,abdc5f2a963a25b9fe8299ffcf796edad057a02be3dce6353557e199d677e409,549.5131530761719,76708.0,182,95500,130750,0,0,4096
Host,1,22eeffe960695667a592c4156d7e26fac694807d4b7ee6f68921b6a583d86b76,fourier-default,,2048,1440,64,paced,pilot-02,0,workload-0001-repeat-00.json,5a403738e8a1612326840e21d87daddf873047da6a1fcacf6e093e3400aa29bc,755.7602729797363,96438.0,182,99292,160500,0,0,4096
Host,1,22eeffe960695667a592c4156d7e26fac694807d4b7ee6f68921b6a583d86b76,fourier-default,,2048,1440,64,paced,pilot-02,1,workload-0001-repeat-01.json,c003fc61109df6f99d807c1cbe27c29855cffa51ab3bb87b3f198833c8eabb47,1076.006145477295,106979.5,182,109208,137750,0,0,4096
Host,2,8ed1c0d2e9a0042e7afd00619440a7b667e961388b788fe70887eb1fc12f3dec,fourier-default,,2048,1440,64,paced,pilot-01,0,workload-0002-repeat-00.json,50ceb95b6c9b0e8d657cd053fd6d78ccf688b2da47e254c132247d6014b871f1,2353.8057403564453,209375.0,728,264084,929458,0,12,4096
Host,2,8ed1c0d2e9a0042e7afd00619440a7b667e961388b788fe70887eb1fc12f3dec,fourier-default,,2048,1440,64,paced,pilot-01,1,workload-0002-repeat-01.json,179d4aab019019ac0803a74e45c4cb02d18b8c01840bea3b854260e2ed688826,2139.510856628418,184354.0,728,215208,378042,0,0,4096
Host,2,8ed1c0d2e9a0042e7afd00619440a7b667e961388b788fe70887eb1fc12f3dec,fourier-default,,2048,1440,64,paced,pilot-02,0,workload-0002-repeat-00.json,3280d9e60928e6df4e07386e62f59aedb1f046327ebdd1bc492f564834b2209f,2299.0372314453125,205063.0,728,256875,473792,0,3,4096
Host,2,8ed1c0d2e9a0042e7afd00619440a7b667e961388b788fe70887eb1fc12f3dec,fourier-default,,2048,1440,64,paced,pilot-02,1,workload-0002-repeat-01.json,cba738139916830f7fa0d7ee03f73a7ba660a4e5e11ee9aad0d65f65068157e1,2397.4593544006348,206771.0,728,262375,1016166,0,3,4096
Host,3,672a6b1fd91f3634e716eac90847bc113e4fcc1b12157987fd135c463f335b2b,fourier-default,,2048,1440,64,paced,pilot-01,0,workload-0003-repeat-00.json,ae2bf34bd610a38661e225e0f1487bb6f8b9c8bb34f9056fc035b22338d5b9a6,921.5469131469727,102166.0,728,103667,109916,0,0,4096
Host,3,672a6b1fd91f3634e716eac90847bc113e4fcc1b12157987fd135c463f335b2b,fourier-default,,2048,1440,64,paced,pilot-01,1,workload-0003-repeat-01.json,12cbd8d5cf5d956ed269483aa0a37ad7edeef43392238c56664f32b75f32cfe4,1109.6985092163086,103375.0,728,104875,156959,0,0,4096
Host,3,672a6b1fd91f3634e716eac90847bc113e4fcc1b12157987fd135c463f335b2b,fourier-default,,2048,1440,64,paced,pilot-02,0,workload-0003-repeat-00.json,49eb401279e164a577bb10e9d595fcde4d52db0af0b1c127461099e2ba105b1a,1005.8985595703125,104958.5,728,108166,146000,0,0,4096
Host,3,672a6b1fd91f3634e716eac90847bc113e4fcc1b12157987fd135c463f335b2b,fourier-default,,2048,1440,64,paced,pilot-02,1,workload-0003-repeat-01.json,804103bb3dd47eca8c6ceb0ad26a9dec3836b9e4e1b66321b36b1ddcd2ab1a21,1326.6739234924316,112687.5,728,118209,151209,0,0,4096
Host,4,74a25fe392573a096e70c32e2b7ff6c8441d4e436d1c8a223263cf267d4c31e1,fourier-default,,2048,1440,64,paced,pilot-01,0,workload-0004-repeat-00.json,a9ab07bb95055c4c11414198ffc9e326b381607739a68e2ba88037ce29176c76,1687.7809028625488,142104.0,2912,148458,247542,0,0,4096
Host,4,74a25fe392573a096e70c32e2b7ff6c8441d4e436d1c8a223263cf267d4c31e1,fourier-default,,2048,1440,64,paced,pilot-01,1,workload-0004-repeat-01.json,6fa15c643f98835f59cbcd75294946621c1676b98327deb43930a94da9e80ffd,2063.801700592041,155270.5,2912,254375,7589125,4,19,4096
Host,4,74a25fe392573a096e70c32e2b7ff6c8441d4e436d1c8a223263cf267d4c31e1,fourier-default,,2048,1440,64,paced,pilot-02,0,workload-0004-repeat-00.json,c1a0c67c4ac44932cef544b0dc3e03a852c30e6709970a2d230b74eb5cd6ed6e,1517.7068138122559,137896.0,2912,143833,172916,0,0,4096
Host,4,74a25fe392573a096e70c32e2b7ff6c8441d4e436d1c8a223263cf267d4c31e1,fourier-default,,2048,1440,64,paced,pilot-02,1,workload-0004-repeat-01.json,466dbad96ade2d7b05b3c46dbf1152a9560ad44841f897bd573768a60f9de856,1690.9192848205566,140125.0,2912,146500,205125,0,0,4096
Host,5,538338492e4e8a9fc0d01ebc1a5e58603be8ca7aeb57fcb87d9bf9280137695a,fourier-default,,2048,1440,64,paced,pilot-01,0,workload-0005-repeat-00.json,06fd388521941f98c56e2fb875a01ef9ff63770638af6d159fa58b09d0be1258,1657.2696418762207,145250,2897,153167,230667,0,0,4096
Host,5,538338492e4e8a9fc0d01ebc1a5e58603be8ca7aeb57fcb87d9bf9280137695a,fourier-default,,2048,1440,64,paced,pilot-01,1,workload-0005-repeat-01.json,a1723459f7ea5ea7a92efee27e3525545cb1e362518fed0cbbccc91e3ece5961,1560.6728134155273,143500,2897,150042,181167,0,0,4096
Host,5,538338492e4e8a9fc0d01ebc1a5e58603be8ca7aeb57fcb87d9bf9280137695a,fourier-default,,2048,1440,64,paced,pilot-02,0,workload-0005-repeat-00.json,0c28b1bc88b676c6e8fc73e50ed4d16c4f7253cd5e3898bd6915d5c2b7eefb37,1807.2325706481934,143750,2897,151666,171917,0,0,4096
Host,5,538338492e4e8a9fc0d01ebc1a5e58603be8ca7aeb57fcb87d9bf9280137695a,fourier-default,,2048,1440,64,paced,pilot-02,1,workload-0005-repeat-01.json,8c9b640d079edfc62528a46f0e99faa824ec54805580ab4ae3a8122a5a055511,1774.700382232666,143792,2897,182791,357541,0,0,4096
Host,6,6eface0b99378439362786933e31882aad1a17d17c4f2f711b0e8619c417d2af,fourier-default,,2048,1440,256,paced,pilot-01,0,workload-0006-repeat-00.json,d3bbffc2146d88a57c3aa6f658d7a6afaa3076cb4cbb8eecdd76a8c1f874c071,1288.3674087524414,369750,2897,403292,667334,0,0,1024
Host,6,6eface0b99378439362786933e31882aad1a17d17c4f2f711b0e8619c417d2af,fourier-default,,2048,1440,256,paced,pilot-01,1,workload-0006-repeat-01.json,aa374618c68d878e86596de297adc622376e8898df2b67b8704f2294f8de663f,1342.925220489502,370792,2897,382583,428291,0,0,1024
Host,6,6eface0b99378439362786933e31882aad1a17d17c4f2f711b0e8619c417d2af,fourier-default,,2048,1440,256,paced,pilot-02,0,workload-0006-repeat-00.json,be780c1d2848ad99616259d2b806b91dc6fe38ef7ec6ba1b1b19e727f92dcd53,1463.7306518554688,397500,2897,431750,441042,0,0,1024
Host,6,6eface0b99378439362786933e31882aad1a17d17c4f2f711b0e8619c417d2af,fourier-default,,2048,1440,256,paced,pilot-02,1,workload-0006-repeat-01.json,78561eb3d08b278faf7a3302b1446692a99e042d4a6a46ab98870dadec611157,1340.299057006836,368750,2897,407959,425916,0,0,1024
Host,7,7bbb0329fea4b75d56641f0379215f5c30932bb78f76556d71b56a2482763ad9,fourier-default,,2048,1440,64,paced,pilot-01,0,workload-0007-repeat-00.json,958d49720ff9b5f4bfe98657c8e2ebc20a5aa11065ee20ece66a68e8892468d9,1365.0097160339355,110417,725,111417,125875,0,0,4096
Host,7,7bbb0329fea4b75d56641f0379215f5c30932bb78f76556d71b56a2482763ad9,fourier-default,,2048,1440,64,paced,pilot-01,1,workload-0007-repeat-01.json,6020803433db51a893c0a48dc7f89dc2b90cc0148abdbc03a1d6aff5bfd76c46,956.7713279724121,104083,725,107417,138959,0,0,4096
Host,7,7bbb0329fea4b75d56641f0379215f5c30932bb78f76556d71b56a2482763ad9,fourier-default,,2048,1440,64,paced,pilot-02,0,workload-0007-repeat-00.json,bcb24ac3a76f0e015d34321448d4fac290a5a8d3f97782a0dd15292e864a4987,1134.7121963500977,103958,725,109458,135917,0,0,4096
Host,7,7bbb0329fea4b75d56641f0379215f5c30932bb78f76556d71b56a2482763ad9,fourier-default,,2048,1440,64,paced,pilot-02,1,workload-0007-repeat-01.json,ccdd1d1282ed80c48c7b9b77a699ef3ba09b20331a4cf79f979dd37221412989,1413.665210723877,112042,725,120625,144708,0,0,4096
Host,8,12488f786af430b10f23e9304de2726b55ffb72f7d8c67a6e53bd56de0e3d13e,fourier-default,,2048,1440,64,paced,pilot-01,0,workload-0008-repeat-00.json,58d42d428294a2ede632b0bc75fd2d655ba51bb1ea0cfcdeba5cca1500dd8a47,1241.7873611450195,107209,725,136708,688459,0,0,4096
Host,8,12488f786af430b10f23e9304de2726b55ffb72f7d8c67a6e53bd56de0e3d13e,fourier-default,,2048,1440,64,paced,pilot-01,1,workload-0008-repeat-01.json,0767b43f1597d4f4e209c467410dfacd861316875b0ca306267b715f6368e6be,803.5931701660156,104625,725,108500,661125,0,0,4096
Host,8,12488f786af430b10f23e9304de2726b55ffb72f7d8c67a6e53bd56de0e3d13e,fourier-default,,2048,1440,64,paced,pilot-02,0,workload-0008-repeat-00.json,494bc4db0d2d6be4a0ef792ff8deefa5899dd74ab27f63af2811559dc251294e,1244.2176208496094,108500,725,123334,214125,0,0,4096
Host,8,12488f786af430b10f23e9304de2726b55ffb72f7d8c67a6e53bd56de0e3d13e,fourier-default,,2048,1440,64,paced,pilot-02,1,workload-0008-repeat-01.json,d578a72f73339d6ff684d34fd4cce03a0bea9801b544b9a7c5fce7d9e80ebfe4,1291.3929176330566,119833,725,122958,160959,0,0,4096
Host,9,90c2fc2b527e418dd38073a10aadbd03362beb7fa590ab6b6e7443d8193d3130,fourier-default,,2048,1440,64,paced,pilot-01,0,workload-0009-repeat-00.json,ffdf93536c831375775821b3f39e20a2a4ee34025fb75323b4ea7db316507fe7,971.1674270629883,106750,725,114542,738084,0,0,4096
Host,9,90c2fc2b527e418dd38073a10aadbd03362beb7fa590ab6b6e7443d8193d3130,fourier-default,,2048,1440,64,paced,pilot-01,1,workload-0009-repeat-01.json,ec2aee40290c59f8195283b5e0ad2e4ebfe73d000f95618df11a140c6041070c,856.7605438232422,105833,725,110250,184583,0,0,4096
Host,9,90c2fc2b527e418dd38073a10aadbd03362beb7fa590ab6b6e7443d8193d3130,fourier-default,,2048,1440,64,paced,pilot-02,0,workload-0009-repeat-00.json,7ffd3437a424f37dbd2703bac51eaa6a002525c3239e48474c57dea94835902c,1277.7297058105469,120833,725,144542,219542,0,0,4096
Host,9,90c2fc2b527e418dd38073a10aadbd03362beb7fa590ab6b6e7443d8193d3130,fourier-default,,2048,1440,64,paced,pilot-02,1,workload-0009-repeat-01.json,3a45aa9aefbcd42382dffec58cea208ea51f753cbd5e92bdf72a3260d09144fc,972.5428199768066,107500,725,110334,158458,0,0,4096
Host,10,7f2ffbd929826d6b535aee1a2ff8206eed5d2ed57c7bce43ab17a51aee54d9ab,fourier-default,,2048,1440,64,paced,pilot-01,0,workload-0010-repeat-00.json,888c6b6b67c059524a692325814f48e2bf8c89daed1d6616251079fde5bb37c9,1000.7508239746094,131834,725,148375,203292,0,0,4096
Host,10,7f2ffbd929826d6b535aee1a2ff8206eed5d2ed57c7bce43ab17a51aee54d9ab,fourier-default,,2048,1440,64,paced,pilot-01,1,workload-0010-repeat-01.json,cbf7a75a7b5459eece15a78b33db538ba5c3b48f968fe5223a1962214ab834bb,1309.0390625,128833,725,155500,181083,0,0,4096
Host,10,7f2ffbd929826d6b535aee1a2ff8206eed5d2ed57c7bce43ab17a51aee54d9ab,fourier-default,,2048,1440,64,paced,pilot-02,0,workload-0010-repeat-00.json,1795e92882f209b061701091b9686aa46e94a853081f11c47b60a9ce8c45bb50,1314.033187866211,145667,725,158125,865750,0,0,4096
Host,10,7f2ffbd929826d6b535aee1a2ff8206eed5d2ed57c7bce43ab17a51aee54d9ab,fourier-default,,2048,1440,64,paced,pilot-02,1,workload-0010-repeat-01.json,17d8234e0214391cf649f472619d269acbc611fdba69d8cb87f1fb773f623394,1435.2907180786133,155667,725,179542,271291,0,0,4096
Host,11,13888b403b1ed451ef5a906fa1e14690c21cfbdab827966bc8013acbe12db9f5,fourier-default,,2048,1440,64,paced,pilot-01,0,workload-0011-repeat-00.json,a23d0768ca3b9d4599b17405a9f82a789cc300aefd3d17deebb47891198ea1e9,1189.4196548461914,146583,725,160667,181042,0,0,4096
Host,11,13888b403b1ed451ef5a906fa1e14690c21cfbdab827966bc8013acbe12db9f5,fourier-default,,2048,1440,64,paced,pilot-01,1,workload-0011-repeat-01.json,13f50d543bc1e2ec092ec548216ebc6abf5663890f80be879a4016f598ccb100,1205.0030937194824,148916,725,163250,189583,0,0,4096
Host,11,13888b403b1ed451ef5a906fa1e14690c21cfbdab827966bc8013acbe12db9f5,fourier-default,,2048,1440,64,paced,pilot-02,0,workload-0011-repeat-00.json,de38b2c46523be5f661b10713cd058d8f4a2f2efe44fbe7fc57bc17ab2777bcf,1206.5181770324707,136625,725,161500,200417,0,0,4096
Host,11,13888b403b1ed451ef5a906fa1e14690c21cfbdab827966bc8013acbe12db9f5,fourier-default,,2048,1440,64,paced,pilot-02,1,workload-0011-repeat-01.json,fd2933d2152abc44ce21d686d3524da0d6b92047f6762582aae94b05cfb6384f,876.8971099853516,129584,725,147833,188750,0,0,4096
Host,12,c17b8ebb452b8643e7d4a0342317c15bf580435ee460449e016be1a58f00878f,fourier-default,,2048,1440,64,paced,pilot-01,0,workload-0012-repeat-00.json,f9d658a0aaf9edbdbb35911603380fc3753fb26aafbe9fe98f05a705fc7a978c,1348.939208984375,159625,725,179250,206792,0,0,4096
Host,12,c17b8ebb452b8643e7d4a0342317c15bf580435ee460449e016be1a58f00878f,fourier-default,,2048,1440,64,paced,pilot-01,1,workload-0012-repeat-01.json,ff4c14dd78618016c9e888cee95c4fb98ca809c9b37f2ac4a87ce74f9d829349,1208.8456001281738,143375,725,155458,212333,0,0,4096
Host,12,c17b8ebb452b8643e7d4a0342317c15bf580435ee460449e016be1a58f00878f,fourier-default,,2048,1440,64,paced,pilot-02,0,workload-0012-repeat-00.json,d617adaaedf092ee5cf664ed1e5fb61bca387f77407b8f1deb80f8ddf1931bdb,1192.7709197998047,143416,725,159625,187958,0,0,4096
Host,12,c17b8ebb452b8643e7d4a0342317c15bf580435ee460449e016be1a58f00878f,fourier-default,,2048,1440,64,paced,pilot-02,1,workload-0012-repeat-01.json,d93c85bd13b646b6146ab592284decac02a499c6aad5ff506ff6ecdce7fc23fa,1454.4694938659668,169208,725,181708,204667,0,0,4096
Host,13,3379428d783cbd8ba068b106a9bfc2c39dcb30007461c50cda02c7f1e5d05a88,fourier-default,vdsp-native4-batch-float,2048,1440,64,paced,pilot-01,0,workload-0013-repeat-00.json,e61f0e19abe77afd7efb37f03b290384cc0c790a356201a971ec7cd1b9813ea9,460.7962875366211,222021.0,182,225792,381791,0,1,4096
Host,13,3379428d783cbd8ba068b106a9bfc2c39dcb30007461c50cda02c7f1e5d05a88,fourier-default,vdsp-native4-batch-float,2048,1440,64,paced,pilot-01,1,workload-0013-repeat-01.json,808f8fdb2a202599aaaf61a0b0de324d6aca1adb5fef9e2fbbf22ff0f90421f3,480.4531707763672,231042.0,182,231959,473458,0,0,4096
Host,13,3379428d783cbd8ba068b106a9bfc2c39dcb30007461c50cda02c7f1e5d05a88,fourier-default,vdsp-native4-batch-float,2048,1440,64,paced,pilot-02,0,workload-0013-repeat-00.json,d7fa25f23574010af507b9bb9ff046ce6fc0b8e89812e631184eecdd351c8fe6,461.4013214111328,220708.0,182,225291,728334,0,1,4096
Host,13,3379428d783cbd8ba068b106a9bfc2c39dcb30007461c50cda02c7f1e5d05a88,fourier-default,vdsp-native4-batch-float,2048,1440,64,paced,pilot-02,1,workload-0013-repeat-01.json,dc206ecae1dc4c2aa30c0e958498f7f8fa69d1874f2868a567e78d4f17a1fe12,462.5346870422363,220541.0,182,223250,298583,0,0,4096
Host,14,e48eb73cff7099140a553bd213d17d2a5d55588d84706fd5886b0a6f85042304,fourier-default,vdsp-native4-batch-float,2048,1440,64,paced,pilot-01,0,workload-0014-repeat-00.json,faa3f73fa3293b5b4c2b00af8bdb4661320b24fcee2fd72b7f5e3622ec816545,1126.0677604675293,120750.5,182,121750,155042,0,0,4096
Host,14,e48eb73cff7099140a553bd213d17d2a5d55588d84706fd5886b0a6f85042304,fourier-default,vdsp-native4-batch-float,2048,1440,64,paced,pilot-01,1,workload-0014-repeat-01.json,5bcc40625c2fd7640870d54e556de2385900ce4425129583033bfc554056a1fd,999.6754379272461,103520.5,182,118583,138250,0,0,4096
Host,14,e48eb73cff7099140a553bd213d17d2a5d55588d84706fd5886b0a6f85042304,fourier-default,vdsp-native4-batch-float,2048,1440,64,paced,pilot-02,0,workload-0014-repeat-00.json,70e7c52554b1fc6101a4a36d592bb13d4d3aff16fa6eef708f88486e75c0cf31,1000.8180961608887,100520.5,182,110292,134542,0,0,4096
Host,14,e48eb73cff7099140a553bd213d17d2a5d55588d84706fd5886b0a6f85042304,fourier-default,vdsp-native4-batch-float,2048,1440,64,paced,pilot-02,1,workload-0014-repeat-01.json,2d411b66323036f100a13d67a67f9217887d69c819bba35c22ca9e253ccad9d0,1177.941551208496,127250.0,182,135625,221916,0,0,4096
Host,15,b4c5d875205c2f425535b29f6e9f0bc6b67fbda9d0d433b35cc4875d0dda54c4,fourier-default,vdsp-native4-batch-float,2048,1440,64,paced,pilot-01,0,workload-0015-repeat-00.json,cf1c101c00363efd2328da951d71c7b93e5594650eaa0eebdc045a1a3ca071aa,1732.071174621582,889792.0,728,895458,1057500,0,3,4096
Host,15,b4c5d875205c2f425535b29f6e9f0bc6b67fbda9d0d433b35cc4875d0dda54c4,fourier-default,vdsp-native4-batch-float,2048,1440,64,paced,pilot-01,1,workload-0015-repeat-01.json,4213a0ac5e4cfb7841650fe2221a602319e52c9acbe307a71be1878026503cb6,1734.6497650146484,898792.0,728,918500,1270041,0,16,4096
Host,15,b4c5d875205c2f425535b29f6e9f0bc6b67fbda9d0d433b35cc4875d0dda54c4,fourier-default,vdsp-native4-batch-float,2048,1440,64,paced,pilot-02,0,workload-0015-repeat-00.json,cb0998446aab70ed2deb77a63b21cfe7807d529701ea5109bbf7d42d6e9d0798,1748.1276016235352,886208.0,728,892584,1067625,0,1,4096
Host,15,b4c5d875205c2f425535b29f6e9f0bc6b67fbda9d0d433b35cc4875d0dda54c4,fourier-default,vdsp-native4-batch-float,2048,1440,64,paced,pilot-02,1,workload-0015-repeat-01.json,fb39cd9d15204c065eb6a4ac2c2c4ebe79e189424ec2a3ff57bb5e692d0fa002,1709.421474456787,883729.0,728,890250,1017875,0,0,4096
Host,16,d997164f1f8da5ebf832179aabf33cf696ece8c3de7854db46700fec4d3b44f6,fourier-default,vdsp-native4-batch-float,2048,1440,64,paced,pilot-01,0,workload-0016-repeat-00.json,d16a1af851081fd6365240d25d37c3c932c59a9dcf172c3c8ab6e4d2665a9d9b,1002.2897186279297,105916.5,728,130541,187875,0,0,4096
Host,16,d997164f1f8da5ebf832179aabf33cf696ece8c3de7854db46700fec4d3b44f6,fourier-default,vdsp-native4-batch-float,2048,1440,64,paced,pilot-01,1,workload-0016-repeat-01.json,c445bff826f401842ec87321940b271bbf29ce172257684c0bc463249734bff9,1016.3317718505859,110854.0,728,124292,150917,0,0,4096
Host,16,d997164f1f8da5ebf832179aabf33cf696ece8c3de7854db46700fec4d3b44f6,fourier-default,vdsp-native4-batch-float,2048,1440,64,paced,pilot-02,0,workload-0016-repeat-00.json,9e8e85fed196ec61fc62802bcb54e11577ba8f8a55a6f29543702846be90efbd,779.6969108581543,99979.0,728,103500,144500,0,0,4096
Host,16,d997164f1f8da5ebf832179aabf33cf696ece8c3de7854db46700fec4d3b44f6,fourier-default,vdsp-native4-batch-float,2048,1440,64,paced,pilot-02,1,workload-0016-repeat-01.json,4a112fc95f3b22817979c8d6bbfd03b48ba077ff2f9ee297a0b8a933e4d2d843,1177.7633514404297,130458.0,728,132166,145875,0,0,4096
Host,17,d34d0540edb7f1f19c6dc1e576b96a523d48056ba9cd03babb76c788f8f6de23,fourier-default,vdsp-native4-batch-float,2048,1440,64,paced,pilot-01,0,workload-0017-repeat-00.json,c89dcba87cac185f674e8fa43ef3c4c65ac5ef7790ab85763a76a729a6719c10,1525.322998046875,246208.0,2912,260208,304291,0,0,4096
Host,17,d34d0540edb7f1f19c6dc1e576b96a523d48056ba9cd03babb76c788f8f6de23,fourier-default,vdsp-native4-batch-float,2048,1440,64,paced,pilot-01,1,workload-0017-repeat-01.json,ffd041d73642d8e9ec173b2328ed04d52741d78a338ffa50d69828e55d40ef87,1817.5166397094727,259687.5,2912,278666,315709,0,0,4096
Host,17,d34d0540edb7f1f19c6dc1e576b96a523d48056ba9cd03babb76c788f8f6de23,fourier-default,vdsp-native4-batch-float,2048,1440,64,paced,pilot-02,0,workload-0017-repeat-00.json,4b38b16740f78d9b8b261ca64950751bad68bf04de6b00f37e57a670a2375952,1846.2449035644531,274125.0,2912,279334,318916,0,0,4096
Host,17,d34d0540edb7f1f19c6dc1e576b96a523d48056ba9cd03babb76c788f8f6de23,fourier-default,vdsp-native4-batch-float,2048,1440,64,paced,pilot-02,1,workload-0017-repeat-01.json,7f54d699868662f24e1c7e9805a5591bdd24832a470a97bdb170e8b09dc9cbbb,1831.7731132507324,264583.0,2912,287500,507041,0,0,4096
Host,18,77ae50a597d84fe2e6f3bb733b33913e32bfcd608f34187c986dc8960d596962,fourier-default,vdsp-native4-batch-float,2048,1440,64,paced,pilot-01,0,workload-0018-repeat-00.json,65cd476957ad05a7c6f9e2e9b94a2888c79e0c9394856756edafdfa2e395eebd,2038.0503425598145,171333,2897,174791,192250,0,0,4096
Host,18,77ae50a597d84fe2e6f3bb733b33913e32bfcd608f34187c986dc8960d596962,fourier-default,vdsp-native4-batch-float,2048,1440,64,paced,pilot-01,1,workload-0018-repeat-01.json,4b17943da990c76dbdb8abc570f8a3249ab65de060bd648d44f0e8d5720a0474,1952.0238304138184,169958,2897,245083,14165333,5,36,4096
Host,18,77ae50a597d84fe2e6f3bb733b33913e32bfcd608f34187c986dc8960d596962,fourier-default,vdsp-native4-batch-float,2048,1440,64,paced,pilot-02,0,workload-0018-repeat-00.json,d76a93216867458771520fda8e4887e42780a502b1ed7bc8dc93e487190e7885,1794.8677444458008,170375,2897,174042,190625,0,0,4096
Host,18,77ae50a597d84fe2e6f3bb733b33913e32bfcd608f34187c986dc8960d596962,fourier-default,vdsp-native4-batch-float,2048,1440,64,paced,pilot-02,1,workload-0018-repeat-01.json,595c879d36acef8712b9f44819e549d7663670534e916cbb31d5670780690782,1966.450454711914,172916,2897,176417,192625,0,0,4096
Host,19,770f37922a2b4e77ce2a04ab1aa5cfc71cedb6aa451ae28c164d3582dfe80aba,fourier-default,vdsp-native4-batch-float,2048,1440,256,paced,pilot-01,0,workload-0019-repeat-00.json,80c2fcef8adeecdbb7c3faf0b7669e6bbfa5778c8c036199aaac8c06c5e25260,1770.9227256774902,480291,2897,511750,517208,0,0,1024
Host,19,770f37922a2b4e77ce2a04ab1aa5cfc71cedb6aa451ae28c164d3582dfe80aba,fourier-default,vdsp-native4-batch-float,2048,1440,256,paced,pilot-01,1,workload-0019-repeat-01.json,6b8600e82d7fc31f6fdddbfc3fd9911bed9052875c742ce0157b065afc22b655,1535.0011672973633,439375,2897,455541,762042,0,0,1024
Host,19,770f37922a2b4e77ce2a04ab1aa5cfc71cedb6aa451ae28c164d3582dfe80aba,fourier-default,vdsp-native4-batch-float,2048,1440,256,paced,pilot-02,0,workload-0019-repeat-00.json,e7be3accb032890bdb031ebeeff540f656dbe3b1dcbcf82163875d31424d01d5,1735.182258605957,473375,2897,481166,496917,0,0,1024
Host,19,770f37922a2b4e77ce2a04ab1aa5cfc71cedb6aa451ae28c164d3582dfe80aba,fourier-default,vdsp-native4-batch-float,2048,1440,256,paced,pilot-02,1,workload-0019-repeat-01.json,158cbc7b218d82f07151d3521ea11af231119e80e81208d739132d501ac0a57e,1621.2571067810059,439959,2897,703375,4395375,0,1,1024
Host,20,f7b86e80e5983c6a3acf6e2eb40703797be18639f0d97021563d9b018080f0dc,fourier-default,vdsp-native4-batch-float,2048,1440,64,paced,pilot-01,0,workload-0020-repeat-00.json,e964d85bc63d0c47c2b05396ff2e1f8b82fd7a27dd7652c2a02cf4ffafae3906,1249.45219039917,134083,725,135458,168291,0,0,4096
Host,20,f7b86e80e5983c6a3acf6e2eb40703797be18639f0d97021563d9b018080f0dc,fourier-default,vdsp-native4-batch-float,2048,1440,64,paced,pilot-01,1,workload-0020-repeat-01.json,739cb857f11841ffa35bf8308956096fd8121843981e5d2138ee4023c149ebbc,1262.8562965393066,135292,725,148666,220375,0,0,4096
Host,20,f7b86e80e5983c6a3acf6e2eb40703797be18639f0d97021563d9b018080f0dc,fourier-default,vdsp-native4-batch-float,2048,1440,64,paced,pilot-02,0,workload-0020-repeat-00.json,75ade05bda6dabc40d3e155f286e88db2adf3c2bc3bca7f11059f1d82a4303ef,1237.5693130493164,131375,725,133833,153667,0,0,4096
Host,20,f7b86e80e5983c6a3acf6e2eb40703797be18639f0d97021563d9b018080f0dc,fourier-default,vdsp-native4-batch-float,2048,1440,64,paced,pilot-02,1,workload-0020-repeat-01.json,0f7c78fe9ef6117f8a8d2822cf48ba1a4bb25d1a3d5d40c309090c669ccaefd1,1001.891845703125,126584,725,134500,171333,0,0,4096
Host,21,950f9376e5d304114b9f8eba4601e9128da11c6d9cece0f38ed60925bc6baa4c,fourier-default,vdsp-native4-batch-float,2048,1440,64,paced,pilot-01,0,workload-0021-repeat-00.json,8a1a3b59e70ef150ed144a19f38ab57303bc6e7329ce3e101414f383052b36e3,916.4193801879883,115875,725,138667,191125,0,0,4096
Host,21,950f9376e5d304114b9f8eba4601e9128da11c6d9cece0f38ed60925bc6baa4c,fourier-default,vdsp-native4-batch-float,2048,1440,64,paced,pilot-01,1,workload-0021-repeat-01.json,354fec4236832ae5e6975a09b97ee661db325ef8f613513c394b57310ccdbdf5,1280.8658256530762,144250,725,152666,183625,0,0,4096
Host,21,950f9376e5d304114b9f8eba4601e9128da11c6d9cece0f38ed60925bc6baa4c,fourier-default,vdsp-native4-batch-float,2048,1440,64,paced,pilot-02,0,workload-0021-repeat-00.json,ca762c00ae96e157bbc944644ad6a8ca3b74893196f3cc3131debb8c8b79273f,1364.6879081726074,146375,725,149791,173083,0,0,4096
Host,21,950f9376e5d304114b9f8eba4601e9128da11c6d9cece0f38ed60925bc6baa4c,fourier-default,vdsp-native4-batch-float,2048,1440,64,paced,pilot-02,1,workload-0021-repeat-01.json,d75bfedb2922c1426b279ec583f3881150b9954c54429147baad1045753e0606,917.3918113708496,111667,725,137709,170459,0,0,4096
Host,22,221d1cf2b68ca6359d1d7c7637a73a050b8fb168b6986fe8a0a1398731204819,fourier-default,vdsp-native4-batch-float,2048,1440,64,paced,pilot-01,0,workload-0022-repeat-00.json,35c9cd724405f5bf602950b2b638f9a2ecfcba0dc6fbdf6a4b84a8d8b7b7b70d,1131.320182800293,139666,725,140875,147750,0,0,4096
Host,22,221d1cf2b68ca6359d1d7c7637a73a050b8fb168b6986fe8a0a1398731204819,fourier-default,vdsp-native4-batch-float,2048,1440,64,paced,pilot-01,1,workload-0022-repeat-01.json,35a4c12db82a591192975453a35035dc87091a055a192f13c74a77173afb5f4b,1142.6137161254883,131834,725,141875,211125,0,0,4096
Host,22,221d1cf2b68ca6359d1d7c7637a73a050b8fb168b6986fe8a0a1398731204819,fourier-default,vdsp-native4-batch-float,2048,1440,64,paced,pilot-02,0,workload-0022-repeat-00.json,db1d765804b3da2d53ef5cbf3e4c7230784b856f72eda695d2ca1d5b2c580b8c,1182.7082748413086,136750,725,139500,160959,0,0,4096
Host,22,221d1cf2b68ca6359d1d7c7637a73a050b8fb168b6986fe8a0a1398731204819,fourier-default,vdsp-native4-batch-float,2048,1440,64,paced,pilot-02,1,workload-0022-repeat-01.json,46c2ce22a13a9e21027cc02593c5914d0d6ad70561bc9259ae35b040cbe10026,1302.1532859802246,147500,725,148667,164333,0,0,4096
Host,23,7ebdd713d6e9e84cbd11967c95078b5336417719f9bb8401f2c57307e0ba3c7d,fourier-default,vdsp-native4-batch-float,2048,1440,64,paced,pilot-01,0,workload-0023-repeat-00.json,885a3504e0c49ca61beaef9493aa75256e9005daa674e1b816c954f4a1fb9557,1342.9397773742676,160625,725,180542,228250,0,0,4096
Host,23,7ebdd713d6e9e84cbd11967c95078b5336417719f9bb8401f2c57307e0ba3c7d,fourier-default,vdsp-native4-batch-float,2048,1440,64,paced,pilot-01,1,workload-0023-repeat-01.json,9c095996df00518a3cbffe5acbfe055094a0fcd68d3ca77e5afe5b5dffeaedd6,873.1144638061523,124959,725,139625,207041,0,0,4096
Host,23,7ebdd713d6e9e84cbd11967c95078b5336417719f9bb8401f2c57307e0ba3c7d,fourier-default,vdsp-native4-batch-float,2048,1440,64,paced,pilot-02,0,workload-0023-repeat-00.json,c0f88bad31f82141a1b8c828ec210eb92e0552938c2adb1950e7479e0adba772,1125.283348083496,139708,725,155583,196333,0,0,4096
Host,23,7ebdd713d6e9e84cbd11967c95078b5336417719f9bb8401f2c57307e0ba3c7d,fourier-default,vdsp-native4-batch-float,2048,1440,64,paced,pilot-02,1,workload-0023-repeat-01.json,e4f8e833c02f809733f3509107890f1efc8108b23f42136d840180e81bd25eb1,1268.522232055664,137042,725,146084,187625,0,0,4096
Host,24,732f256c01d1cd5f15d470d414a597f27cd1e9cd1600aad43d584c4bb0e41a81,fourier-default,vdsp-native4-batch-float,2048,1440,64,paced,pilot-01,0,workload-0024-repeat-00.json,be6c07c985498a2baea6f12d99c8b2d0e85005ba07fd26ec97a0ec257d5928b8,1080.8851165771484,142833,725,155792,222416,0,0,4096
Host,24,732f256c01d1cd5f15d470d414a597f27cd1e9cd1600aad43d584c4bb0e41a81,fourier-default,vdsp-native4-batch-float,2048,1440,64,paced,pilot-01,1,workload-0024-repeat-01.json,b19a3e44460e3ac3204711be746feae0d4c6c367ffb93abe48a234322d776d87,1347.12308883667,145125,725,165791,219792,0,0,4096
Host,24,732f256c01d1cd5f15d470d414a597f27cd1e9cd1600aad43d584c4bb0e41a81,fourier-default,vdsp-native4-batch-float,2048,1440,64,paced,pilot-02,0,workload-0024-repeat-00.json,ecc96c36dd6482c5299e559a493cf045ed99226f75a6a4d2ec357201ce1340ca,1395.5999717712402,170750,725,188292,241833,0,0,4096
Host,24,732f256c01d1cd5f15d470d414a597f27cd1e9cd1600aad43d584c4bb0e41a81,fourier-default,vdsp-native4-batch-float,2048,1440,64,paced,pilot-02,1,workload-0024-repeat-01.json,6a66e782e5b4d5883ec541d0eb4730dfde614fa957a1cc49e61f846dbf037f04,1251.111557006836,144042,725,160292,307125,0,0,4096
Host,25,2e0893bf4460bcdc6e3b7992622ca1f9c35466263db2f847428b520e85c2e18c,fourier-default,vdsp-native4-batch-float,2048,1440,64,paced,pilot-01,0,workload-0025-repeat-00.json,0628e019d098efe9d2c04e8166493f58409a9e5c8bae19e527d81c6f668b4f98,1321.3033905029297,146167,725,162584,228333,0,0,4096
Host,25,2e0893bf4460bcdc6e3b7992622ca1f9c35466263db2f847428b520e85c2e18c,fourier-default,vdsp-native4-batch-float,2048,1440,64,paced,pilot-01,1,workload-0025-repeat-01.json,d2eaf8d0997360fed61a81235f6b0dcd74812da80cd37477c007d859a4e3b99c,878.4951438903809,129083,725,147125,221167,0,0,4096
Host,25,2e0893bf4460bcdc6e3b7992622ca1f9c35466263db2f847428b520e85c2e18c,fourier-default,vdsp-native4-batch-float,2048,1440,64,paced,pilot-02,0,workload-0025-repeat-00.json,e8b6927053faade88f7ab63fc8abf12935de421e2a39533a21f2d0f6d9f244f4,1469.2634582519531,177625,725,198208,3572417,2,5,4096
Host,25,2e0893bf4460bcdc6e3b7992622ca1f9c35466263db2f847428b520e85c2e18c,fourier-default,vdsp-native4-batch-float,2048,1440,64,paced,pilot-02,1,workload-0025-repeat-01.json,01e122970b97e86acf0112c321200e46ea927944d94e09bb707e565c26ff9a25,865.0458526611328,128334,725,150792,182375,0,0,4096
Host,26,80761502e4a644135477cd8d27ece63b41cbda5a84e2e9c303e2d441f4a1a663,fourier-default,vdsp-native4-hybrid-float,2048,1440,64,paced,pilot-01,0,workload-0026-repeat-00.json,592bdb2647636ac339d1270b8f16268a724856f2f161ffeeedc462eefb171b7a,545.1729888916016,105771.0,182,108167,1530417,1,4,4096
Host,26,80761502e4a644135477cd8d27ece63b41cbda5a84e2e9c303e2d441f4a1a663,fourier-default,vdsp-native4-hybrid-float,2048,1440,64,paced,pilot-01,1,workload-0026-repeat-01.json,254e0146df3a6251e3529ee8d67b706275bb92b3cb9f41ea1bdc2d439098dae8,548.3663101196289,108208.5,182,111125,309125,0,3,4096
Host,26,80761502e4a644135477cd8d27ece63b41cbda5a84e2e9c303e2d441f4a1a663,fourier-default,vdsp-native4-hybrid-float,2048,1440,64,paced,pilot-02,0,workload-0026-repeat-00.json,e2fce924456fc4e0d7d6096c607f1ef0a2a6d1ceac2e7b20d6b42c73f989ca88,526.9102325439453,104708.5,182,106459,181875,0,0,4096
Host,26,80761502e4a644135477cd8d27ece63b41cbda5a84e2e9c303e2d441f4a1a663,fourier-default,vdsp-native4-hybrid-float,2048,1440,64,paced,pilot-02,1,workload-0026-repeat-01.json,64ba2510676909427c5eae89ed0997033d2b094c8aa711f42828a98e577ac918,539.2834701538086,104875.5,182,107166,246959,0,2,4096
Host,27,8ba307cfb51c1c6cd5f00e7efb241595e41c8ab6e076d23725070b886dc88424,fourier-default,vdsp-native4-hybrid-float,2048,1440,64,paced,pilot-01,0,workload-0027-repeat-00.json,7acd0602b9229f3a65d5703022dad93e45382b9b9458af77565a14a2bbf1112f,1041.3158988952637,102271.0,182,107084,153875,0,0,4096
Host,27,8ba307cfb51c1c6cd5f00e7efb241595e41c8ab6e076d23725070b886dc88424,fourier-default,vdsp-native4-hybrid-float,2048,1440,64,paced,pilot-01,1,workload-0027-repeat-01.json,026f90ecca8616e1fde916f36d033669a3bc81a51972893568f66ad87f46ec90,1065.1544799804688,106562.0,182,114292,209000,0,0,4096
Host,27,8ba307cfb51c1c6cd5f00e7efb241595e41c8ab6e076d23725070b886dc88424,fourier-default,vdsp-native4-hybrid-float,2048,1440,64,paced,pilot-02,0,workload-0027-repeat-00.json,2e183647dc13b3a3b5fd1ef53e7282493a5809007e837ab13fd76fc4e409b2bd,658.4429702758789,95729.5,182,98333,507291,0,0,4096
Host,27,8ba307cfb51c1c6cd5f00e7efb241595e41c8ab6e076d23725070b886dc88424,fourier-default,vdsp-native4-hybrid-float,2048,1440,64,paced,pilot-02,1,workload-0027-repeat-01.json,90e8284e03718dec962fb9307fd4a9e9a41c412d3edd7643bedc1bdb5c71c2da,825.0654144287109,96084.0,182,98667,135166,0,0,4096
Host,28,2084046a4a87b0b1a63d6837386cadd3ff3de821ee102310f1168163b1cf6117,fourier-default,vdsp-native4-hybrid-float,2048,1440,64,paced,pilot-01,0,workload-0028-repeat-00.json,0f2c44b408323063d46e11e52876119db13f981c3d3de259d6893fc9cefcc8e3,2084.7930488586426,426749.5,728,439584,1063875,0,4,4096
Host,28,2084046a4a87b0b1a63d6837386cadd3ff3de821ee102310f1168163b1cf6117,fourier-default,vdsp-native4-hybrid-float,2048,1440,64,paced,pilot-01,1,workload-0028-repeat-01.json,2dc9981d8b56e35563b238e9039a5f5ce8a19b79c19585633a73bf12799f60c5,1877.9011764526367,408000.5,728,439666,3514500,1,6,4096
Host,28,2084046a4a87b0b1a63d6837386cadd3ff3de821ee102310f1168163b1cf6117,fourier-default,vdsp-native4-hybrid-float,2048,1440,64,paced,pilot-02,0,workload-0028-repeat-00.json,5c7e6b1b3bb1b69c15c71924202c28f4e2e3f4a7bd7d649d1a5d4eff602807ba,2047.9438438415527,427250.5,728,434958,934584,0,11,4096
Host,28,2084046a4a87b0b1a63d6837386cadd3ff3de821ee102310f1168163b1cf6117,fourier-default,vdsp-native4-hybrid-float,2048,1440,64,paced,pilot-02,1,workload-0028-repeat-01.json,8d27b0f6872844ff0b1d10794a6078ed1eb885ad55821c22d4b964d639ecda5c,2158.8776664733887,429646.0,728,442875,949916,0,17,4096
Host,29,6c70689714e0436e866174cbc71473baf000b6920ad13f4ef671d2e82af3446f,fourier-default,vdsp-native4-hybrid-float,2048,1440,64,paced,pilot-01,0,workload-0029-repeat-00.json,7ed32909670eb7c492b45cc3787f2fbacf53d9f80dfc202f467d39a760a9906c,979.4592208862305,104417.0,728,112333,2045000,1,1,4096
Host,29,6c70689714e0436e866174cbc71473baf000b6920ad13f4ef671d2e82af3446f,fourier-default,vdsp-native4-hybrid-float,2048,1440,64,paced,pilot-01,1,workload-0029-repeat-01.json,aa466eca9804b3fd52da58c78afdad4eaa24e1e4b388278d2285698574d05baf,1361.4175834655762,115458.5,728,118917,222791,0,0,4096
Host,29,6c70689714e0436e866174cbc71473baf000b6920ad13f4ef671d2e82af3446f,fourier-default,vdsp-native4-hybrid-float,2048,1440,64,paced,pilot-02,0,workload-0029-repeat-00.json,de6a565c12f0d94bdc89cdbda560aabc6a67008ccc5b579c5ca7a37cff8f5d6d,919.3626823425293,102812.5,728,120917,287833,0,0,4096
Host,29,6c70689714e0436e866174cbc71473baf000b6920ad13f4ef671d2e82af3446f,fourier-default,vdsp-native4-hybrid-float,2048,1440,64,paced,pilot-02,1,workload-0029-repeat-01.json,36dbb934c4ee06c1ee9f588f5084faffea6ff94b0f974d536c968c92d47df966,909.5781555175781,104958.0,728,111250,143583,0,0,4096
Host,30,25a3a8976e2adf4411634f1a0790e2b545dd7f4c97977bafe92ee5510121d2c6,fourier-default,vdsp-native4-hybrid-float,2048,1440,64,paced,pilot-01,0,workload-0030-repeat-00.json,0cd71ae9d934a7357f1eea0ba315dcd1c0bc7fc9af376d8df06eba34ed6dc99a,1570.5389442443848,149187.5,2912,176875,204084,0,0,4096
Host,30,25a3a8976e2adf4411634f1a0790e2b545dd7f4c97977bafe92ee5510121d2c6,fourier-default,vdsp-native4-hybrid-float,2048,1440,64,paced,pilot-01,1,workload-0030-repeat-01.json,768c2f0df7aa22b5b0254e4314ec1610a271016e269442f4e8153c21982ae179,1501.705696105957,143041.5,2912,165834,230250,0,0,4096
Host,30,25a3a8976e2adf4411634f1a0790e2b545dd7f4c97977bafe92ee5510121d2c6,fourier-default,vdsp-native4-hybrid-float,2048,1440,64,paced,pilot-02,0,workload-0030-repeat-00.json,5260abc0e3b042bb6406e77665d616c3b6b34ce92ddb4a16f18bc958b9d9d3b9,1843.269546508789,169375.5,2912,184375,247334,0,0,4096
Host,30,25a3a8976e2adf4411634f1a0790e2b545dd7f4c97977bafe92ee5510121d2c6,fourier-default,vdsp-native4-hybrid-float,2048,1440,64,paced,pilot-02,1,workload-0030-repeat-01.json,8886660bbddf9e93242ad0cdce499dbbb86fd07de28326fb8b6c721933247d39,1575.1263580322266,150604.0,2912,180333,298375,0,0,4096
Host,31,0805df0dfb1ecf57d74bea11b320b63fa5e8210a7f583a09eb770e48209b8756,fourier-default,vdsp-native4-hybrid-float,2048,1440,64,paced,pilot-01,0,workload-0031-repeat-00.json,8433f63c1bba6a7d70b3b6968b00531ea0bf95650a4f798fd5fc2af4149bb769,1900.0326805114746,164375,2897,167583,200875,0,0,4096
Host,31,0805df0dfb1ecf57d74bea11b320b63fa5e8210a7f583a09eb770e48209b8756,fourier-default,vdsp-native4-hybrid-float,2048,1440,64,paced,pilot-01,1,workload-0031-repeat-01.json,b35387f8edf2885fc391cfaa0636042909d9bde9c2bc3ba2d31d4151b3be7250,1802.447624206543,153000,2897,170292,277834,0,0,4096
Host,31,0805df0dfb1ecf57d74bea11b320b63fa5e8210a7f583a09eb770e48209b8756,fourier-default,vdsp-native4-hybrid-float,2048,1440,64,paced,pilot-02,0,workload-0031-repeat-00.json,17685281a2b830870fe4e76f192b5a7fa6af657663b50472015e6380e86552e6,1776.9956665039062,152625,2897,159334,236125,0,0,4096
Host,31,0805df0dfb1ecf57d74bea11b320b63fa5e8210a7f583a09eb770e48209b8756,fourier-default,vdsp-native4-hybrid-float,2048,1440,64,paced,pilot-02,1,workload-0031-repeat-01.json,4eb8a9289decd1930fb630c3940a2b96bd82aab8001e7e6159fdce8792810e0f,1684.5850563049316,152708,2897,156709,247000,0,0,4096
Host,32,c5e2036da3a9c91530e7f8bcc9a48322b7ab8249c6bac4063381b1243d269e48,fourier-default,vdsp-native4-hybrid-float,2048,1440,256,paced,pilot-01,0,workload-0032-repeat-00.json,744dd3e0fa8e0f4dd8e043361b8ef3a0406d0bab84fa8ceb25de5b2c2f1b5ae8,1373.9104118347168,385416,2897,437875,703500,0,0,1024
Host,32,c5e2036da3a9c91530e7f8bcc9a48322b7ab8249c6bac4063381b1243d269e48,fourier-default,vdsp-native4-hybrid-float,2048,1440,256,paced,pilot-01,1,workload-0032-repeat-01.json,2e92fbf750ad0a684c2713d66058ddfc521e25dc10161280edac48ae7e561c3b,1357.6448669433594,382834,2897,400250,417708,0,0,1024
Host,32,c5e2036da3a9c91530e7f8bcc9a48322b7ab8249c6bac4063381b1243d269e48,fourier-default,vdsp-native4-hybrid-float,2048,1440,256,paced,pilot-02,0,workload-0032-repeat-00.json,a59d1b61963b61094553d90e2d1f1df48a7f910601abbe525df275450a7eea5c,1388.788028717041,386667,2897,412166,437209,0,0,1024
Host,32,c5e2036da3a9c91530e7f8bcc9a48322b7ab8249c6bac4063381b1243d269e48,fourier-default,vdsp-native4-hybrid-float,2048,1440,256,paced,pilot-02,1,workload-0032-repeat-01.json,1a78e067533b4ad816ce5a7d3e55ad6c53e462902298d435a3a29229a436be3a,1393.8545112609863,386083,2897,409041,701375,0,0,1024
Host,33,5bc29bd97d65d39a6e732628c1bd9e547885cafd2ecd19955e770bd400e1bcfe,fourier-default,vdsp-native4-hybrid-float,2048,1440,64,paced,pilot-01,0,workload-0033-repeat-00.json,1c75bae5ca4b04ba0700e8f805ece32b0b705d2adb3f3fdb7cdce2a74263a66f,1066.0849647521973,103042,725,108791,121167,0,0,4096
Host,33,5bc29bd97d65d39a6e732628c1bd9e547885cafd2ecd19955e770bd400e1bcfe,fourier-default,vdsp-native4-hybrid-float,2048,1440,64,paced,pilot-01,1,workload-0033-repeat-01.json,509e7784f9c1bafeaeae1fa71ce6019a3ee7f78dd7679c35baa609e87f8998cf,755.8900527954102,100583,725,102083,209208,0,0,4096
Host,33,5bc29bd97d65d39a6e732628c1bd9e547885cafd2ecd19955e770bd400e1bcfe,fourier-default,vdsp-native4-hybrid-float,2048,1440,64,paced,pilot-02,0,workload-0033-repeat-00.json,991a7788527879a3c4894c948a141efe2e764cb8c049e565fde3493aca337228,782.5950965881348,99416,725,109583,197000,0,0,4096
Host,33,5bc29bd97d65d39a6e732628c1bd9e547885cafd2ecd19955e770bd400e1bcfe,fourier-default,vdsp-native4-hybrid-float,2048,1440,64,paced,pilot-02,1,workload-0033-repeat-01.json,9d36e670d6e9c4ab8c3add32f541ea5f8d6a9aa52814dcb84052c4dc6562de0c,1298.1679420471191,114209,725,118541,140958,0,0,4096
Host,34,b59261381b1fccf0307b179b70f44f5ae64f445b02e971e9d02a0b2550a59753,fourier-default,vdsp-native4-hybrid-float,2048,1440,64,paced,pilot-01,0,workload-0034-repeat-00.json,93aca02353f8a9c85c3af59f2f1e877848f221dacb0b64303cbab496f8cf1862,908.6077194213867,105666,725,109875,120709,0,0,4096
Host,34,b59261381b1fccf0307b179b70f44f5ae64f445b02e971e9d02a0b2550a59753,fourier-default,vdsp-native4-hybrid-float,2048,1440,64,paced,pilot-01,1,workload-0034-repeat-01.json,304f159f37ccbc0c66b0930ad07030c304f3f65d2c0125dc835374a0d6e1530b,1392.3347816467285,119708,725,135708,1242750,0,1,4096
Host,34,b59261381b1fccf0307b179b70f44f5ae64f445b02e971e9d02a0b2550a59753,fourier-default,vdsp-native4-hybrid-float,2048,1440,64,paced,pilot-02,0,workload-0034-repeat-00.json,7acb44da5aef68947f829c82c723864ec44dcb2e23bfee13aea1dbec1dd2f23e,758.434196472168,102791,725,106167,161458,0,0,4096
Host,34,b59261381b1fccf0307b179b70f44f5ae64f445b02e971e9d02a0b2550a59753,fourier-default,vdsp-native4-hybrid-float,2048,1440,64,paced,pilot-02,1,workload-0034-repeat-01.json,cdbfc7aec68ff66b11c0ae0bf2216428420af30e9a7693f4b1edfe6f290f518f,1189.064525604248,111250,725,115042,137750,0,0,4096
Host,35,1dea3046e483e7f3ea293f135cce67e78377f8d0fc5a80a045a6e7cff91e48eb,fourier-default,vdsp-native4-hybrid-float,2048,1440,64,paced,pilot-01,0,workload-0035-repeat-00.json,201145e7d95647dbdc55c7efe204a64514155299506911afb47f05d39fba6a70,1033.3681678771973,107625,725,113250,147833,0,0,4096
Host,35,1dea3046e483e7f3ea293f135cce67e78377f8d0fc5a80a045a6e7cff91e48eb,fourier-default,vdsp-native4-hybrid-float,2048,1440,64,paced,pilot-01,1,workload-0035-repeat-01.json,d48bf4a74ff62857c230231559a06aab542143200ceaeb71e22b8da5f5a00420,969.1039085388184,106542,725,108166,121875,0,0,4096
Host,35,1dea3046e483e7f3ea293f135cce67e78377f8d0fc5a80a045a6e7cff91e48eb,fourier-default,vdsp-native4-hybrid-float,2048,1440,64,paced,pilot-02,0,workload-0035-repeat-00.json,46b6b99f7437708392a9e990bb9f4787e8148d3a98f781517e5136702d81e237,1233.7550201416016,121792,725,125833,181958,0,0,4096
Host,35,1dea3046e483e7f3ea293f135cce67e78377f8d0fc5a80a045a6e7cff91e48eb,fourier-default,vdsp-native4-hybrid-float,2048,1440,64,paced,pilot-02,1,workload-0035-repeat-01.json,7550ae7c05ec786d9977d7506d391110826f26b74ce723c07d9aa8de9929502f,1000.1447105407715,106667,725,112417,142917,0,0,4096
Host,36,4b7583556ad441e73c819834e131000012893ee91ccab8eea5b6fb2c6481fa44,fourier-default,vdsp-native4-hybrid-float,2048,1440,64,paced,pilot-01,0,workload-0036-repeat-00.json,09aa07d367a979a76384efcbab8d0e61078353d98f849b7d7e0fcf650f5f535f,872.5666923522949,124708,725,147083,818208,0,0,4096
Host,36,4b7583556ad441e73c819834e131000012893ee91ccab8eea5b6fb2c6481fa44,fourier-default,vdsp-native4-hybrid-float,2048,1440,64,paced,pilot-01,1,workload-0036-repeat-01.json,ea8e37d97fd8c1fbc3b3ceea4f97d9a98471b721e38c2a3d7ff52ce5167d44fd,1097.5745429992676,127333,725,153125,288834,0,0,4096
Host,36,4b7583556ad441e73c819834e131000012893ee91ccab8eea5b6fb2c6481fa44,fourier-default,vdsp-native4-hybrid-float,2048,1440,64,paced,pilot-02,0,workload-0036-repeat-00.json,ba5a42edabdf5231394dd076519394e60753441bcacbb4128c72d927984527a2,1356.3225173950195,165917,725,176708,203417,0,0,4096
Host,36,4b7583556ad441e73c819834e131000012893ee91ccab8eea5b6fb2c6481fa44,fourier-default,vdsp-native4-hybrid-float,2048,1440,64,paced,pilot-02,1,workload-0036-repeat-01.json,15bf6ea00f685be192cb32489808b2d49691ab0f74f49a441240693636648530,1341.8634223937988,154792,725,174750,252375,0,0,4096
Host,37,be9868b915e390a481115dfd75df4abc7794771ce848c568bdadb0ce8deebd6c,fourier-default,vdsp-native4-hybrid-float,2048,1440,64,paced,pilot-01,0,workload-0037-repeat-00.json,421df05806a9cafd8cd8c8339c25809e863ec7356967ab82a1af663805e22a68,1185.85551071167,149333,725,159500,197542,0,0,4096
Host,37,be9868b915e390a481115dfd75df4abc7794771ce848c568bdadb0ce8deebd6c,fourier-default,vdsp-native4-hybrid-float,2048,1440,64,paced,pilot-01,1,workload-0037-repeat-01.json,2b424cbd12b2b23a13e243a9ff5e95c3187adf8bbe286be5a0ec8d8178f68a4b,1183.3257522583008,145750,725,157291,182416,0,0,4096
Host,37,be9868b915e390a481115dfd75df4abc7794771ce848c568bdadb0ce8deebd6c,fourier-default,vdsp-native4-hybrid-float,2048,1440,64,paced,pilot-02,0,workload-0037-repeat-00.json,0c88ed283ab00c4cc6f7cd63a9a7895589686e3ee07f81c3dca8e09d2ad80020,1357.0686416625977,167583,725,175750,201375,0,0,4096
Host,37,be9868b915e390a481115dfd75df4abc7794771ce848c568bdadb0ce8deebd6c,fourier-default,vdsp-native4-hybrid-float,2048,1440,64,paced,pilot-02,1,workload-0037-repeat-01.json,d052b70f25ac369b1e5c59311e37ea8478ba9928203367018c547f4b7d292a1f,1097.0001258850098,134875,725,163875,2278250,2,3,4096
Host,38,26f5f8da121637bc9f92f524ba1694f21c2ef345e9c92c2a2eb740f7974a2930,fourier-default,vdsp-native4-hybrid-float,2048,1440,64,paced,pilot-01,0,workload-0038-repeat-00.json,d055569b0b0bce026114aac93f8c557a62534bc42fd94373e453579cd2fc1f7c,1329.6344032287598,158000,725,174125,425167,0,0,4096
Host,38,26f5f8da121637bc9f92f524ba1694f21c2ef345e9c92c2a2eb740f7974a2930,fourier-default,vdsp-native4-hybrid-float,2048,1440,64,paced,pilot-01,1,workload-0038-repeat-01.json,a39aa5952498ef9456bae53033640162c5697bdecf72f9588d2af3b337da9511,1360.61470413208,166500,725,178417,573875,0,0,4096
Host,38,26f5f8da121637bc9f92f524ba1694f21c2ef345e9c92c2a2eb740f7974a2930,fourier-default,vdsp-native4-hybrid-float,2048,1440,64,paced,pilot-02,0,workload-0038-repeat-00.json,32bf9ede94c3f18b2695ae119537c6a45ad1f7b74283a855c3d7671e8b228e4b,1198.7018547058105,129417,725,153125,183458,0,0,4096
Host,38,26f5f8da121637bc9f92f524ba1694f21c2ef345e9c92c2a2eb740f7974a2930,fourier-default,vdsp-native4-hybrid-float,2048,1440,64,paced,pilot-02,1,workload-0038-repeat-01.json,67b4ae9685795a298f77e9780c2082f2d7d3f5df0ed30658bc58ecea3e021957,1021.7099952697754,126917,725,147917,196042,0,0,4096
Host,39,1c36e5faf266490ad108b5dad941ace748f6bfdba95bb11a88c6b033bb70615c,fourier-default,fftw-native4-batch-float,2048,1440,64,paced,pilot-01,0,workload-0039-repeat-00.json,11d9fa7e811a39331b4b159dbcc3fba82e768548fc60d8e0b3f711d8e5ff8904,484.76869201660156,240729.0,182,244000,458500,0,0,4096
Host,39,1c36e5faf266490ad108b5dad941ace748f6bfdba95bb11a88c6b033bb70615c,fourier-default,fftw-native4-batch-float,2048,1440,64,paced,pilot-01,1,workload-0039-repeat-01.json,33a462a5b5abe5aab5f71887d93ea201741da175b50734fa3833318d49515c6f,491.2906913757324,252396.0,182,254209,287833,0,0,4096
Host,39,1c36e5faf266490ad108b5dad941ace748f6bfdba95bb11a88c6b033bb70615c,fourier-default,fftw-native4-batch-float,2048,1440,64,paced,pilot-02,0,workload-0039-repeat-00.json,bb92a8abef617a07ae8801fdddd0048b940d35bfe50ad87906f60c93a6fd24db,475.9506187438965,240750.0,182,245042,314334,0,1,4096
Host,39,1c36e5faf266490ad108b5dad941ace748f6bfdba95bb11a88c6b033bb70615c,fourier-default,fftw-native4-batch-float,2048,1440,64,paced,pilot-02,1,workload-0039-repeat-01.json,d51e8c41e4ebcc6103ac454ee0f6389363f1107906274e955dba7a2df1d8c2e6,480.11087799072266,242479.0,182,246500,306334,0,1,4096
Host,40,07a7f464dc83f4bb1bb385c995e37913eed9b2166fefcaeae4cfe332093733e0,fourier-default,fftw-native4-batch-float,2048,1440,64,paced,pilot-01,0,workload-0040-repeat-00.json,e73ba7715977f24056f0e458052fcfaff34998a213ce49505e3f1036b9895968,887.9643096923828,103708.0,182,113458,230000,0,0,4096
Host,40,07a7f464dc83f4bb1bb385c995e37913eed9b2166fefcaeae4cfe332093733e0,fourier-default,fftw-native4-batch-float,2048,1440,64,paced,pilot-01,1,workload-0040-repeat-01.json,4b4a384be69c12b0c5f50021214480a8c7102c596f8084e87071f145185d832a,1073.9848136901855,113687.5,182,120542,131625,0,0,4096
Host,40,07a7f464dc83f4bb1bb385c995e37913eed9b2166fefcaeae4cfe332093733e0,fourier-default,fftw-native4-batch-float,2048,1440,64,paced,pilot-02,0,workload-0040-repeat-00.json,49b57e85c951e94e39ba579028bcb43e527078d56c5bd1de207d5de1cf37b0e3,877.3342552185059,97938.0,182,103125,128459,0,0,4096
Host,40,07a7f464dc83f4bb1bb385c995e37913eed9b2166fefcaeae4cfe332093733e0,fourier-default,fftw-native4-batch-float,2048,1440,64,paced,pilot-02,1,workload-0040-repeat-01.json,a473afab44cede81de7dff2ebf9555fd54018fb877b0849c7422b7bc6ebef29f,1303.135440826416,122292.0,182,122459,130250,0,0,4096
Host,41,0a17f3ad59c6b12890bc67864c44f408235245178035fab046b8411577c2e868,fourier-default,fftw-native4-batch-float,2048,1440,64,paced,pilot-01,0,workload-0041-repeat-00.json,3eb1f8f8398e8e5a6cf52919f1ae2fa6716b6ae47ed4024279c199233bf0855b,1343.7402381896973,580812.5,728,949167,1142000,0,77,4096
Host,41,0a17f3ad59c6b12890bc67864c44f408235245178035fab046b8411577c2e868,fourier-default,fftw-native4-batch-float,2048,1440,64,paced,pilot-01,1,workload-0041-repeat-01.json,53f270f4600bc7a18fcd8aba7331485564aef8b4afd39667ded53bfb30c64ba2,1757.4488830566406,953771.0,728,999917,1831708,2,181,4096
Host,41,0a17f3ad59c6b12890bc67864c44f408235245178035fab046b8411577c2e868,fourier-default,fftw-native4-batch-float,2048,1440,64,paced,pilot-02,0,workload-0041-repeat-00.json,fd2527746d85f7be15f73f74ecedbc66b50ec32e2681b7f15cfe36464c05f1f1,1775.9451484680176,954334.0,728,959375,1927375,1,158,4096
Host,41,0a17f3ad59c6b12890bc67864c44f408235245178035fab046b8411577c2e868,fourier-default,fftw-native4-batch-float,2048,1440,64,paced,pilot-02,1,workload-0041-repeat-01.json,abf5959c3e21d6670e96e0265e59a59f7b1a1ec2720dfaa801d8bf6f89720f67,1737.5527572631836,954083.0,728,961250,1025542,0,3,4096
Host,42,88a6df315e00f394e265ee5e3c1bc0a0a4b5dc2105f7da467b16274495c43ab5,fourier-default,fftw-native4-batch-float,2048,1440,64,paced,pilot-01,0,workload-0042-repeat-00.json,b54db46520f75ac2b604a41dcf9ba8c251f0e6ea9b6ecd489d17bc6545adb3ff,952.4311485290527,105708.5,728,121083,150833,0,0,4096
Host,42,88a6df315e00f394e265ee5e3c1bc0a0a4b5dc2105f7da467b16274495c43ab5,fourier-default,fftw-native4-batch-float,2048,1440,64,paced,pilot-01,1,workload-0042-repeat-01.json,a8ff22522c18007e3395475606d84efb92c1e282bd23479eab098ae21c8f57c8,1339.7539291381836,128062.5,728,131333,183792,0,0,4096
Host,42,88a6df315e00f394e265ee5e3c1bc0a0a4b5dc2105f7da467b16274495c43ab5,fourier-default,fftw-native4-batch-float,2048,1440,64,paced,pilot-02,0,workload-0042-repeat-00.json,59b7f9f7997017a23567f5c2308b06ae53ddf0866ccca20f5ae81951453bcd0d,1049.8231811523438,113063.0,728,122583,343542,0,0,4096
Host,42,88a6df315e00f394e265ee5e3c1bc0a0a4b5dc2105f7da467b16274495c43ab5,fourier-default,fftw-native4-batch-float,2048,1440,64,paced,pilot-02,1,workload-0042-repeat-01.json,9e7347e847027c7cff103ac725e36b29d9c38f5bc9ca8b964f062fdd4f0f1ef3,1243.46382522583,126333.0,728,134625,144875,0,0,4096
Host,43,fee36bd900e912c3532271a68b8ccaa4a1ff5c6f630193dcc6c611b95c0c8a9c,fourier-default,fftw-native4-batch-float,2048,1440,64,paced,pilot-01,0,workload-0043-repeat-00.json,456b48be2b0084b0c764eb142f7c0eaa3433212ae8261605d2b98d1396cfcd2a,1845.4515495300293,240542.0,2912,246333,265291,0,0,4096
Host,43,fee36bd900e912c3532271a68b8ccaa4a1ff5c6f630193dcc6c611b95c0c8a9c,fourier-default,fftw-native4-batch-float,2048,1440,64,paced,pilot-01,1,workload-0043-repeat-01.json,b7aee646222a3dfa9e1a86458e298661e6c085f69f11ff8c6adc66d8c64c1403,1469.6395645141602,195500.0,2912,230291,249542,0,0,4096
Host,43,fee36bd900e912c3532271a68b8ccaa4a1ff5c6f630193dcc6c611b95c0c8a9c,fourier-default,fftw-native4-batch-float,2048,1440,64,paced,pilot-02,0,workload-0043-repeat-00.json,b9287fc3248b4601f8329291e286869b525bc38706025ba8daaf84994bd1dc1b,1573.3344039916992,195208.0,2912,227167,249416,0,0,4096
Host,43,fee36bd900e912c3532271a68b8ccaa4a1ff5c6f630193dcc6c611b95c0c8a9c,fourier-default,fftw-native4-batch-float,2048,1440,64,paced,pilot-02,1,workload-0043-repeat-01.json,310c672dcf87d61dc28ce50c380a972b70788185c3efc8cabed96748cf86f851,1545.3785095214844,198458.5,2912,234750,255917,0,0,4096
Host,44,f944c68f67d9b1a65ff58a91c54080882fc4bbcc9cb45b46b58af25d12ef4633,fourier-default,fftw-native4-batch-float,2048,1440,64,paced,pilot-01,0,workload-0044-repeat-00.json,e33f281c602639ce25fd39cf09c3eeea5e8f86a257fd2d58bdc92f1c8095fcd4,1924.1897506713867,165834,2897,187583,600875,0,0,4096
Host,44,f944c68f67d9b1a65ff58a91c54080882fc4bbcc9cb45b46b58af25d12ef4633,fourier-default,fftw-native4-batch-float,2048,1440,64,paced,pilot-01,1,workload-0044-repeat-01.json,cc509e6b3c084864370562977e0dffc1353ddb4fe92ec37fc3ffa5df29d6867a,1727.9192581176758,162625,2897,170125,252792,0,0,4096
Host,44,f944c68f67d9b1a65ff58a91c54080882fc4bbcc9cb45b46b58af25d12ef4633,fourier-default,fftw-native4-batch-float,2048,1440,64,paced,pilot-02,0,workload-0044-repeat-00.json,1b5e768068fe1093fac0e9bafe68148d8ac97df9f985645880ea4e6aeaf09328,2088.707489013672,167875,2897,171833,199000,0,0,4096
Host,44,f944c68f67d9b1a65ff58a91c54080882fc4bbcc9cb45b46b58af25d12ef4633,fourier-default,fftw-native4-batch-float,2048,1440,64,paced,pilot-02,1,workload-0044-repeat-01.json,2af776b3c039a75ccf23cbd0e4e7fb339ca16914d69987b0451f6b164c18d0c1,2058.6754188537598,166292,2897,170709,219667,0,0,4096
Host,45,287607a8c48925c3d4638e1b43e32e6c1d603fd7278955e31cd0f929f6e35a8a,fourier-default,fftw-native4-batch-float,2048,1440,256,paced,pilot-01,0,workload-0045-repeat-00.json,f9fa8f771a2b1aa9918dd7258c0556147badf837cb621a22654dfa1e0b83c061,1510.0246620178223,418375,2897,436583,449791,0,0,1024
Host,45,287607a8c48925c3d4638e1b43e32e6c1d603fd7278955e31cd0f929f6e35a8a,fourier-default,fftw-native4-batch-float,2048,1440,256,paced,pilot-01,1,workload-0045-repeat-01.json,447cf076c9b2b343229a4c3798257e55d52be885634a9dbcea0c85debafc9895,1460.6930618286133,406917,2897,691791,4362666,0,1,1024
Host,45,287607a8c48925c3d4638e1b43e32e6c1d603fd7278955e31cd0f929f6e35a8a,fourier-default,fftw-native4-batch-float,2048,1440,256,paced,pilot-02,0,workload-0045-repeat-00.json,6912afa68c6f9ce022760972af2646c5c9abc5c17ecf21c4846a7369b539530a,1490.7735061645508,413583,2897,419125,435375,0,0,1024
Host,45,287607a8c48925c3d4638e1b43e32e6c1d603fd7278955e31cd0f929f6e35a8a,fourier-default,fftw-native4-batch-float,2048,1440,256,paced,pilot-02,1,workload-0045-repeat-01.json,fad218f521c2bf7ecc2cbf08cb027891f76ef42f3ee8dbd19e0d70218dd566c9,1543.4980773925781,424375,2897,434333,446833,0,0,1024
Host,46,daf4ca19c47a9eaceff626285be018d41dcfb2264fbe41028dbaa946d5bb8888,fourier-default,fftw-native4-batch-float,2048,1440,64,paced,pilot-01,0,workload-0046-repeat-00.json,d9021c25f5cff21c2c948abc1b07bc29aff6ed42c69942c039988aee80444c88,807.1997566223145,102917,725,120291,201334,0,0,4096
Host,46,daf4ca19c47a9eaceff626285be018d41dcfb2264fbe41028dbaa946d5bb8888,fourier-default,fftw-native4-batch-float,2048,1440,64,paced,pilot-01,1,workload-0046-repeat-01.json,3927b19c0c273eac66b9e9b6d1c2ca691735fecd067e3709c4ae63080d5f4791,818.3669013977051,106750,725,119625,156375,0,0,4096
Host,46,daf4ca19c47a9eaceff626285be018d41dcfb2264fbe41028dbaa946d5bb8888,fourier-default,fftw-native4-batch-float,2048,1440,64,paced,pilot-02,0,workload-0046-repeat-00.json,00343bec9608e8847f3d55a282850b265dae1e042cdc0661d54231851786dbe2,1401.4238204956055,135959,725,138166,177417,0,0,4096
Host,46,daf4ca19c47a9eaceff626285be018d41dcfb2264fbe41028dbaa946d5bb8888,fourier-default,fftw-native4-batch-float,2048,1440,64,paced,pilot-02,1,workload-0046-repeat-01.json,895d165a7e5b2595d28f0829fae58505d214208730c75744eb0a1d8916051824,1180.2007942199707,120250,725,126583,136917,0,0,4096
Host,47,9af00f333a26dea67e11ab48dc05ed251c660542782b14f9c9d743849fff6633,fourier-default,fftw-native4-batch-float,2048,1440,64,paced,pilot-01,0,workload-0047-repeat-00.json,55930ff68495d80acf6e2dc0dde397bfc8c815eb7577a331c72852520abeb769,1203.5991859436035,131291,725,132959,147000,0,0,4096
Host,47,9af00f333a26dea67e11ab48dc05ed251c660542782b14f9c9d743849fff6633,fourier-default,fftw-native4-batch-float,2048,1440,64,paced,pilot-01,1,workload-0047-repeat-01.json,f846ec573eab1ed158b4ba25d155f8137bb3ed43ae70f9fa24728bce906429ac,993.4674873352051,123750,725,132583,216417,0,0,4096
Host,47,9af00f333a26dea67e11ab48dc05ed251c660542782b14f9c9d743849fff6633,fourier-default,fftw-native4-batch-float,2048,1440,64,paced,pilot-02,0,workload-0047-repeat-00.json,64d7722815f55c93d107c7647ee3539db27ea519cd790181e648e170ab2a2ac6,945.2561836242676,121833,725,131625,151542,0,0,4096
Host,47,9af00f333a26dea67e11ab48dc05ed251c660542782b14f9c9d743849fff6633,fourier-default,fftw-native4-batch-float,2048,1440,64,paced,pilot-02,1,workload-0047-repeat-01.json,e970adbe8426b2fe309d0db44719700b3ceedcf2132dc094e3bf800ff425bb06,1352.6899147033691,132333,725,133792,236875,0,0,4096
Host,48,017bfd46955bd3a6f30537bc962159847206be306f657fea81919f5ccd8f74e5,fourier-default,fftw-native4-batch-float,2048,1440,64,paced,pilot-01,0,workload-0048-repeat-00.json,1b7523982d029cd914ad6c76cad70afcc088ab239df08a2fd95e29e621a60715,1120.2618103027344,133500,725,134459,192125,0,0,4096
Host,48,017bfd46955bd3a6f30537bc962159847206be306f657fea81919f5ccd8f74e5,fourier-default,fftw-native4-batch-float,2048,1440,64,paced,pilot-01,1,workload-0048-repeat-01.json,86421ce88c5cc742c2cd776bbbc0f460f393e2dbd5682082646b0b41f67cc3f1,979.5088844299316,123709,725,132083,226250,0,0,4096
Host,48,017bfd46955bd3a6f30537bc962159847206be306f657fea81919f5ccd8f74e5,fourier-default,fftw-native4-batch-float,2048,1440,64,paced,pilot-02,0,workload-0048-repeat-00.json,d4f6861a52bafb9e33a781db8f75caca34894cd7a0fdcc4036a6e58b4df83be4,1398.4759826660156,140875,725,149125,240459,0,0,4096
Host,48,017bfd46955bd3a6f30537bc962159847206be306f657fea81919f5ccd8f74e5,fourier-default,fftw-native4-batch-float,2048,1440,64,paced,pilot-02,1,workload-0048-repeat-01.json,9e2f4eeaefae010735c7825fe292948b657241e5526e21699463b29f268447ed,1304.8856239318848,134083,725,137292,174917,0,0,4096
Host,49,4d9513438ef88bb55bffe42fb1fbc6f50af8fca59d38187f6e01fe68a4846000,fourier-default,fftw-native4-batch-float,2048,1440,64,paced,pilot-01,0,workload-0049-repeat-00.json,35e20f2685518a6bfea0c0b21fa91c13f2525d744c8d258c89cd120970d245d9,1383.103042602539,154833,725,180833,213792,0,0,4096
Host,49,4d9513438ef88bb55bffe42fb1fbc6f50af8fca59d38187f6e01fe68a4846000,fourier-default,fftw-native4-batch-float,2048,1440,64,paced,pilot-01,1,workload-0049-repeat-01.json,418e261d45f199ac1bfaa9744a2b819bd40edb848f6a02461a51cb772962eaba,1240.523349761963,140667,725,157916,448042,0,0,4096
Host,49,4d9513438ef88bb55bffe42fb1fbc6f50af8fca59d38187f6e01fe68a4846000,fourier-default,fftw-native4-batch-float,2048,1440,64,paced,pilot-02,0,workload-0049-repeat-00.json,ea6a0222d9e93bda6c2b19f0d193d0f584dff1b83aafe91c5e5e84209fffd36e,1112.3067893981934,130375,725,156584,193584,0,0,4096
Host,49,4d9513438ef88bb55bffe42fb1fbc6f50af8fca59d38187f6e01fe68a4846000,fourier-default,fftw-native4-batch-float,2048,1440,64,paced,pilot-02,1,workload-0049-repeat-01.json,da280084e5ebd2818a53abd151da4bf7f27d25b636004a8a801ea935d921d048,1270.3371543884277,133333,725,146417,194250,0,0,4096
Host,50,a59bf9d4cdfc8ac17a48a30d2fc984bb06cb85d41eddb0d539356e50e848b8a5,fourier-default,fftw-native4-batch-float,2048,1440,64,paced,pilot-01,0,workload-0050-repeat-00.json,a156620e50c5d152a339cd1a6d1f6ceba24ac227a5f19437da990fa9f5a0109a,1356.8427963256836,156667,725,173417,218250,0,0,4096
Host,50,a59bf9d4cdfc8ac17a48a30d2fc984bb06cb85d41eddb0d539356e50e848b8a5,fourier-default,fftw-native4-batch-float,2048,1440,64,paced,pilot-01,1,workload-0050-repeat-01.json,dd605141913e4dc9f27de9d9af7843250ecb628d786eea816975b1ee6f63d9ff,1487.1636543273926,176375,725,186791,230875,0,0,4096
Host,50,a59bf9d4cdfc8ac17a48a30d2fc984bb06cb85d41eddb0d539356e50e848b8a5,fourier-default,fftw-native4-batch-float,2048,1440,64,paced,pilot-02,0,workload-0050-repeat-00.json,a104cf8a8a1d17a23ddf5462ae3b4da1ffda0320b71b72e89c4448cdc31a3bdc,1313.815715789795,142416,725,159250,186333,0,0,4096
Host,50,a59bf9d4cdfc8ac17a48a30d2fc984bb06cb85d41eddb0d539356e50e848b8a5,fourier-default,fftw-native4-batch-float,2048,1440,64,paced,pilot-02,1,workload-0050-repeat-01.json,22eb034038a1b9a6601a97ee4ac1159bb0182c964e69cf1824cd872bb5650d6f,1386.2284774780273,148584,725,156542,217833,0,0,4096
Host,51,81f11cbb6e71061230a8f41deefef792f178b6a4602d2f33834e20188188cda4,fourier-default,fftw-native4-batch-float,2048,1440,64,paced,pilot-01,0,workload-0051-repeat-00.json,49ee8fc98a2451b7533db254b5df62a92bfbb0f982cd115a002db22cb4970957,1339.7268867492676,139750,725,155375,480709,0,0,4096
Host,51,81f11cbb6e71061230a8f41deefef792f178b6a4602d2f33834e20188188cda4,fourier-default,fftw-native4-batch-float,2048,1440,64,paced,pilot-01,1,workload-0051-repeat-01.json,7792025a84a84e604d06a6a1b63bdff7abfdab40e685b3a70a795ebe2b668861,1177.9514389038086,153333,725,170000,221917,0,0,4096
Host,51,81f11cbb6e71061230a8f41deefef792f178b6a4602d2f33834e20188188cda4,fourier-default,fftw-native4-batch-float,2048,1440,64,paced,pilot-02,0,workload-0051-repeat-00.json,d2a73579b33528e5205c4df077c70cd61565ed5a4051af1d34f654e2fb68bbaf,1107.7322235107422,141708,725,152583,205292,0,0,4096
Host,51,81f11cbb6e71061230a8f41deefef792f178b6a4602d2f33834e20188188cda4,fourier-default,fftw-native4-batch-float,2048,1440,64,paced,pilot-02,1,workload-0051-repeat-01.json,455fbcd9efe96f530a357afc1644904147eada96261a9278f8d32f084288045e,1372.9135704040527,141125,725,153917,208417,0,0,4096
Host,52,f6dd417dfb081acfb9a8b3fcda11946be24e7bd289745691047c517616c66cc5,fourier-default,fftw-native4-hybrid-float,2048,1440,64,paced,pilot-01,0,workload-0052-repeat-00.json,a2ed8851c4146d86e94b7bab1464010611ce41a9da7a68173f01614284078bb0,542.1645011901855,108854.5,182,110750,641584,0,5,4096
Host,52,f6dd417dfb081acfb9a8b3fcda11946be24e7bd289745691047c517616c66cc5,fourier-default,fftw-native4-hybrid-float,2048,1440,64,paced,pilot-01,1,workload-0052-repeat-01.json,ccab2c96701e6baaeac0b991c3c302afccfa0f097144812eca70b3d2af23dbf1,473.7845802307129,107542.0,182,109584,266792,0,4,4096
Host,52,f6dd417dfb081acfb9a8b3fcda11946be24e7bd289745691047c517616c66cc5,fourier-default,fftw-native4-hybrid-float,2048,1440,64,paced,pilot-02,0,workload-0052-repeat-00.json,b24f6802eb8493e29ba11f8c43fdc8c88bf5716fd2f7fc2547613b9d408b4bf9,553.0276374816895,110333.5,182,130875,692333,0,5,4096
Host,52,f6dd417dfb081acfb9a8b3fcda11946be24e7bd289745691047c517616c66cc5,fourier-default,fftw-native4-hybrid-float,2048,1440,64,paced,pilot-02,1,workload-0052-repeat-01.json,c0fbd207683bd87ad8ccb5d65c17c8ab5abb7bc560bd60ed2b603e70a4193755,534.5143089294434,104729.0,182,107042,257750,0,0,4096
Host,53,70a73e1992e5d8a748368ecd326a5d9a60b99550d6c5986d245d9b13e034856d,fourier-default,fftw-native4-hybrid-float,2048,1440,64,paced,pilot-01,0,workload-0053-repeat-00.json,cd51a4ceaa8f7eb37f7f55888c09b89d7142b8c6a70c25f8eec4ef9702809a46,1120.9700050354004,99916.5,182,104542,113708,0,0,4096
Host,53,70a73e1992e5d8a748368ecd326a5d9a60b99550d6c5986d245d9b13e034856d,fourier-default,fftw-native4-hybrid-float,2048,1440,64,paced,pilot-01,1,workload-0053-repeat-01.json,88986bde4775f12ec97ac623d48bb248fba90b5a5c08aa8c95813d08fa79e1e5,1234.893943786621,108749.5,182,117292,142875,0,0,4096
Host,53,70a73e1992e5d8a748368ecd326a5d9a60b99550d6c5986d245d9b13e034856d,fourier-default,fftw-native4-hybrid-float,2048,1440,64,paced,pilot-02,0,workload-0053-repeat-00.json,a537ac4d724a1c82372e1ee24466989e398e26154f5b03d511213111e6b5cd6b,906.805103302002,103583.0,182,105625,135666,0,0,4096
Host,53,70a73e1992e5d8a748368ecd326a5d9a60b99550d6c5986d245d9b13e034856d,fourier-default,fftw-native4-hybrid-float,2048,1440,64,paced,pilot-02,1,workload-0053-repeat-01.json,249c1d21bfd5509d1eef09da2a0f6f262ce4341cbce1bc77ec4ff8e0c8842c5a,874.492073059082,97146.0,182,102292,110916,0,0,4096
Host,54,02b0583dcf02beaf02f9698c455415bfb8088b8ea691d07db0699ca010cfbb26,fourier-default,fftw-native4-hybrid-float,2048,1440,64,paced,pilot-01,0,workload-0054-repeat-00.json,b20c69be39c6a013f02bc56e04bd6d902c1ca694ef207dfc0a3228a757a2403d,1926.5131874084473,409687.5,728,435000,648792,0,3,4096
Host,54,02b0583dcf02beaf02f9698c455415bfb8088b8ea691d07db0699ca010cfbb26,fourier-default,fftw-native4-hybrid-float,2048,1440,64,paced,pilot-01,1,workload-0054-repeat-01.json,58bacb49689d9f7f7715dd78f4d4b22cf0b7e7de72f599487d05dc47f6539c1d,2072.6315956115723,425250.0,728,434875,885000,0,2,4096
Host,54,02b0583dcf02beaf02f9698c455415bfb8088b8ea691d07db0699ca010cfbb26,fourier-default,fftw-native4-hybrid-float,2048,1440,64,paced,pilot-02,0,workload-0054-repeat-00.json,88102ed983581a3468f8fa81c9bc5d6490243de83a60b3349c1620cb8a46c380,2026.8553924560547,423250.0,728,431959,630834,0,4,4096
Host,54,02b0583dcf02beaf02f9698c455415bfb8088b8ea691d07db0699ca010cfbb26,fourier-default,fftw-native4-hybrid-float,2048,1440,64,paced,pilot-02,1,workload-0054-repeat-01.json,15d21638157509270282f519f28464ca1340f3548f413782cbe6afdc508d2030,2015.9341430664062,421916.5,728,429500,530750,0,21,4096
Host,55,448e1097cb9111053966c04c580437664f031b4f531d96f95b6fe64e603062a4,fourier-default,fftw-native4-hybrid-float,2048,1440,64,paced,pilot-01,0,workload-0055-repeat-00.json,29fc8b706999314cb1f1dbefd14294c9dd7ecf85841baca5c695ee417fda0e74,1018.8035354614258,103666.5,728,110000,127334,0,0,4096
Host,55,448e1097cb9111053966c04c580437664f031b4f531d96f95b6fe64e603062a4,fourier-default,fftw-native4-hybrid-float,2048,1440,64,paced,pilot-01,1,workload-0055-repeat-01.json,60e91a7856311e2ecd2933cb851330e5ad925871fc55e903b10e14b1b690713e,730.754020690918,95750.0,728,102583,151209,0,0,4096
Host,55,448e1097cb9111053966c04c580437664f031b4f531d96f95b6fe64e603062a4,fourier-default,fftw-native4-hybrid-float,2048,1440,64,paced,pilot-02,0,workload-0055-repeat-00.json,8a937bc96f5c251fd44f3bf84b1ab5781c1cd96e72cb3315efd6ab4b179f5f62,909.8332824707031,102062.5,728,107125,125958,0,0,4096
Host,55,448e1097cb9111053966c04c580437664f031b4f531d96f95b6fe64e603062a4,fourier-default,fftw-native4-hybrid-float,2048,1440,64,paced,pilot-02,1,workload-0055-repeat-01.json,6aa422aa3dee24d4fe2862b241e0acbbe5e812964e0b773cdc1109bc53afdbdc,975.4941177368164,103375.0,728,108125,139291,0,0,4096
Host,56,af79df924e2378f698168445f96a7de0cd3300bccbc0e44f393743175494a431,fourier-default,fftw-native4-hybrid-float,2048,1440,64,paced,pilot-01,0,workload-0056-repeat-00.json,f32c7d9da6208c36f69472329cea0571f77e40bbbbae86e2e4915fed868addd5,1831.2869338989258,167958.0,2912,195083,783625,0,0,4096
Host,56,af79df924e2378f698168445f96a7de0cd3300bccbc0e44f393743175494a431,fourier-default,fftw-native4-hybrid-float,2048,1440,64,paced,pilot-01,1,workload-0056-repeat-01.json,3a0a7a334ea3fd3596f8e7b3dde22372878a96141bb8c2766cb48f434e029d82,1798.4606590270996,161667.0,2912,188042,2171375,1,1,4096
Host,56,af79df924e2378f698168445f96a7de0cd3300bccbc0e44f393743175494a431,fourier-default,fftw-native4-hybrid-float,2048,1440,64,paced,pilot-02,0,workload-0056-repeat-00.json,c8e0ecb2d67f1afd7ddea21da97b228607638f1fdd8c20a624108f39c3e0f181,1796.6828231811523,164749.5,2912,181125,219750,0,0,4096
Host,56,af79df924e2378f698168445f96a7de0cd3300bccbc0e44f393743175494a431,fourier-default,fftw-native4-hybrid-float,2048,1440,64,paced,pilot-02,1,workload-0056-repeat-01.json,8612b62ca78d4532623b4986faab176f56f2bc283e444c520537c3e10f4d453b,1835.3101043701172,167021.0,2912,209875,346958,0,0,4096
Host,57,9d79183a44f6debcebd55fcbe00ed818e1121f5d938117057af62b3ebb5bfff7,fourier-default,fftw-native4-hybrid-float,2048,1440,64,paced,pilot-01,0,workload-0057-repeat-00.json,d33db7cede2c21708b3e96187427e98e4dc53faa15a22ba239f3e888ee9486ac,1926.0899620056152,162792,2897,168666,304292,0,0,4096
Host,57,9d79183a44f6debcebd55fcbe00ed818e1121f5d938117057af62b3ebb5bfff7,fourier-default,fftw-native4-hybrid-float,2048,1440,64,paced,pilot-01,1,workload-0057-repeat-01.json,6ba956963b8ca66296ccad9d74655c7dd8319ca2c01fb98e56fcee405f3ccf7e,1533.2997360229492,146041,2897,151042,249750,0,0,4096
Host,57,9d79183a44f6debcebd55fcbe00ed818e1121f5d938117057af62b3ebb5bfff7,fourier-default,fftw-native4-hybrid-float,2048,1440,64,paced,pilot-02,0,workload-0057-repeat-00.json,fd0b9cab0af3560ad571591413125b3edbaecc8433f9bc46d463766b1750f703,1822.5388832092285,149583,2897,155292,268958,0,0,4096
Host,57,9d79183a44f6debcebd55fcbe00ed818e1121f5d938117057af62b3ebb5bfff7,fourier-default,fftw-native4-hybrid-float,2048,1440,64,paced,pilot-02,1,workload-0057-repeat-01.json,07789d7c09e95727122c004d287c8ee50c187a97fb478ff38d55193eb8077ad9,1954.3808822631836,158625,2897,162291,194416,0,0,4096
Host,58,a3d1117e7d59f2b3c03b87d898e41de2135d765ce0ad4c20627642cc27174eb6,fourier-default,fftw-native4-hybrid-float,2048,1440,256,paced,pilot-01,0,workload-0058-repeat-00.json,9ebaaad1867ca37317cf61c6feda6a26b83a767cbeb9ccbbd2e7fa92883eb60d,1342.61576461792,372333,2897,382042,396167,0,0,1024
Host,58,a3d1117e7d59f2b3c03b87d898e41de2135d765ce0ad4c20627642cc27174eb6,fourier-default,fftw-native4-hybrid-float,2048,1440,256,paced,pilot-01,1,workload-0058-repeat-01.json,334b25143f9de126a81a5b7a184afdbc0f42f1c2d8ea6876050905d6499bd8fe,1408.7745971679688,373500,2897,729333,2261917,0,0,1024
Host,58,a3d1117e7d59f2b3c03b87d898e41de2135d765ce0ad4c20627642cc27174eb6,fourier-default,fftw-native4-hybrid-float,2048,1440,256,paced,pilot-02,0,workload-0058-repeat-00.json,b78b3af5f185ef0c2c49ab4cd5b89f459bff5c265e3625080da001777a3d0567,1564.0690689086914,430667,2897,478292,821916,0,0,1024
Host,58,a3d1117e7d59f2b3c03b87d898e41de2135d765ce0ad4c20627642cc27174eb6,fourier-default,fftw-native4-hybrid-float,2048,1440,256,paced,pilot-02,1,workload-0058-repeat-01.json,fe15fd2297aac16cf7e052d20d74be1647966efe603a17503fb5c584b47f6097,1390.0500144958496,378375,2897,658875,760959,0,0,1024
Host,59,cf31a412f14ffc7cfdd38cfaf177e64abb16ba868dde2d4d5acc0c93bb8cafe9,fourier-default,fftw-native4-hybrid-float,2048,1440,64,paced,pilot-01,0,workload-0059-repeat-00.json,d9d55ef1e6ec502ed7616c7afc4095f1bb461778edce5f59699d7228f8f0fbd9,987.2046546936035,103833,725,111333,135250,0,0,4096
Host,59,cf31a412f14ffc7cfdd38cfaf177e64abb16ba868dde2d4d5acc0c93bb8cafe9,fourier-default,fftw-native4-hybrid-float,2048,1440,64,paced,pilot-01,1,workload-0059-repeat-01.json,05384e69916409192d76f5961a4fa4fc9aa625df0dcf71fbd2bfb50fca835422,1405.768398284912,120125,725,142875,2080500,4,6,4096
Host,59,cf31a412f14ffc7cfdd38cfaf177e64abb16ba868dde2d4d5acc0c93bb8cafe9,fourier-default,fftw-native4-hybrid-float,2048,1440,64,paced,pilot-02,0,workload-0059-repeat-00.json,9fc31992f4a7d8deec0c46bb2f17ad11a953809321dc04f0ef797af796dc9006,1073.2967567443848,110208,725,142833,890542,0,0,4096
Host,59,cf31a412f14ffc7cfdd38cfaf177e64abb16ba868dde2d4d5acc0c93bb8cafe9,fourier-default,fftw-native4-hybrid-float,2048,1440,64,paced,pilot-02,1,workload-0059-repeat-01.json,9e66ccebce581c89f036438e0f85ba6b4eceeb96ebf551390facaef9d6aa0744,1328.5451927185059,117333,725,122208,199583,0,0,4096
Host,60,c40344f81412b29e2bb9fc6030aa2840012903a8e3a504cd0788133df14b3000,fourier-default,fftw-native4-hybrid-float,2048,1440,64,paced,pilot-01,0,workload-0060-repeat-00.json,39f977d7ef8532e3f9f9b43c9e7f48d353a36ca393c9a000ef8f2fd3ebd9b87c,1134.8962631225586,112416,725,115542,148417,0,0,4096
Host,60,c40344f81412b29e2bb9fc6030aa2840012903a8e3a504cd0788133df14b3000,fourier-default,fftw-native4-hybrid-float,2048,1440,64,paced,pilot-01,1,workload-0060-repeat-01.json,1659673b0b429ff6d1b76a0a1cec954de7004cd9a9f707367919a722594984b2,1331.3701248168945,114208,725,115834,148209,0,0,4096
Host,60,c40344f81412b29e2bb9fc6030aa2840012903a8e3a504cd0788133df14b3000,fourier-default,fftw-native4-hybrid-float,2048,1440,64,paced,pilot-02,0,workload-0060-repeat-00.json,ca96a458522daa8843087bc15abed42812965a27b5c384cd1668e30837c2c272,1232.1350784301758,111292,725,114958,133166,0,0,4096
Host,60,c40344f81412b29e2bb9fc6030aa2840012903a8e3a504cd0788133df14b3000,fourier-default,fftw-native4-hybrid-float,2048,1440,64,paced,pilot-02,1,workload-0060-repeat-01.json,335c8b433d6a30db756e6f9020de6ad20e64190eb3b3792de73bc2bea69ea1c9,1000.6420249938965,107750,725,114292,146750,0,0,4096
Host,61,986a04e8a4d8f89b85dc64ab722a259c5b32df004be9e063b019b532656a580d,fourier-default,fftw-native4-hybrid-float,2048,1440,64,paced,pilot-01,0,workload-0061-repeat-00.json,1989d97472c71f61403429ba090820425adef3add5304714d053d17153577232,1072.0882034301758,107750,725,113833,157042,0,0,4096
Host,61,986a04e8a4d8f89b85dc64ab722a259c5b32df004be9e063b019b532656a580d,fourier-default,fftw-native4-hybrid-float,2048,1440,64,paced,pilot-01,1,workload-0061-repeat-01.json,786e89d60f8ea448a0b954db328a3992ab7609d22fef29aec52623a44346e9c3,948.6846122741699,105708,725,110625,133542,0,0,4096
Host,61,986a04e8a4d8f89b85dc64ab722a259c5b32df004be9e063b019b532656a580d,fourier-default,fftw-native4-hybrid-float,2048,1440,64,paced,pilot-02,0,workload-0061-repeat-00.json,489f7b1b171e57e3a169eb145eb4a54b139254253a145d2ea3c44b07e7f3ad81,969.1790809631348,107625,725,114500,177667,0,0,4096
Host,61,986a04e8a4d8f89b85dc64ab722a259c5b32df004be9e063b019b532656a580d,fourier-default,fftw-native4-hybrid-float,2048,1440,64,paced,pilot-02,1,workload-0061-repeat-01.json,1ec073a9c27d046d9b94abc364d39a3ee2e16128d1e79b8596a1bc7b2f42025d,914.9259719848633,105125,725,110209,126667,0,0,4096
Host,62,e67d3d06b3d67c6b18881380ed6b48c38f7ba3f296fd93da2737a2b56f975d1f,fourier-default,fftw-native4-hybrid-float,2048,1440,64,paced,pilot-01,0,workload-0062-repeat-00.json,49d24ac3f060699c55428dff7f0ed6c7af1d199fd30bb5f92b86977255d0e23b,1319.5446701049805,142209,725,174167,215500,0,0,4096
Host,62,e67d3d06b3d67c6b18881380ed6b48c38f7ba3f296fd93da2737a2b56f975d1f,fourier-default,fftw-native4-hybrid-float,2048,1440,64,paced,pilot-01,1,workload-0062-repeat-01.json,5fe5ebeae1c501b7ad1464df85ffe105f0c998429aeee48ec90e4e6f84ff36e3,1221.9109115600586,138208,725,150000,214125,0,0,4096
Host,62,e67d3d06b3d67c6b18881380ed6b48c38f7ba3f296fd93da2737a2b56f975d1f,fourier-default,fftw-native4-hybrid-float,2048,1440,64,paced,pilot-02,0,workload-0062-repeat-00.json,021af1e5ae78b24a943910b6905a910e6d68a64bc868610604c9f6517af9dc49,1098.327465057373,115500,725,140125,180416,0,0,4096
Host,62,e67d3d06b3d67c6b18881380ed6b48c38f7ba3f296fd93da2737a2b56f975d1f,fourier-default,fftw-native4-hybrid-float,2048,1440,64,paced,pilot-02,1,workload-0062-repeat-01.json,21d58b3b8451a2ca83f88a8f2076a8b098a28a317ddb012e70612d1934b99c4a,1021.0152854919434,118417,725,145541,199417,0,0,4096
Host,63,3146549b70ec6ae021e0256b37d422ee4d050398576f7e37d7a2e25ae826b3b4,fourier-default,fftw-native4-hybrid-float,2048,1440,64,paced,pilot-01,0,workload-0063-repeat-00.json,5254c375edb6bd046e18600088ebad2bd16b8040e8bb7404d555c1dd3683c252,1088.4113159179688,133666,725,148375,187625,0,0,4096
Host,63,3146549b70ec6ae021e0256b37d422ee4d050398576f7e37d7a2e25ae826b3b4,fourier-default,fftw-native4-hybrid-float,2048,1440,64,paced,pilot-01,1,workload-0063-repeat-01.json,66b60e9be693aacb5306a9d7ca869cb67a3d849aa3f3fd5e8507dec1315e3171,1124.1946449279785,138458,725,152166,176375,0,0,4096
Host,63,3146549b70ec6ae021e0256b37d422ee4d050398576f7e37d7a2e25ae826b3b4,fourier-default,fftw-native4-hybrid-float,2048,1440,64,paced,pilot-02,0,workload-0063-repeat-00.json,6c16da45908bc323251bc13103554a98112e645260c9f6f94409175d2a8f5cfe,1232.0044326782227,150500,725,162708,201834,0,0,4096
Host,63,3146549b70ec6ae021e0256b37d422ee4d050398576f7e37d7a2e25ae826b3b4,fourier-default,fftw-native4-hybrid-float,2048,1440,64,paced,pilot-02,1,workload-0063-repeat-01.json,5757a9add6fb6fc8970ff12bf5aedb33c0d1c8df5c86a8719911c2422d16966c,1164.643211364746,143792,725,154792,197125,0,0,4096
Host,64,0341b70e4c8bb7452ff54ee11dd5e1036d2a5ad05af07ca006c1866f4da0759d,fourier-default,fftw-native4-hybrid-float,2048,1440,64,paced,pilot-01,0,workload-0064-repeat-00.json,0d959cc10dfc02f2c2bfb3435b85e8bff0191749f5654e2a0b680385e72661a0,1340.5619010925293,166084,725,179208,215583,0,0,4096
Host,64,0341b70e4c8bb7452ff54ee11dd5e1036d2a5ad05af07ca006c1866f4da0759d,fourier-default,fftw-native4-hybrid-float,2048,1440,64,paced,pilot-01,1,workload-0064-repeat-01.json,fae0a8f34418bc317bbe98489fc86a6a746e1146bfccff3ce31469e83c90badc,1139.041316986084,141375,725,154375,186625,0,0,4096
Host,64,0341b70e4c8bb7452ff54ee11dd5e1036d2a5ad05af07ca006c1866f4da0759d,fourier-default,fftw-native4-hybrid-float,2048,1440,64,paced,pilot-02,0,workload-0064-repeat-00.json,7d46e12436b31396f83d09e960c22790f0b6764527c0ece8581ad5599dc8b0aa,1426.1449546813965,163792,725,175084,236167,0,0,4096
Host,64,0341b70e4c8bb7452ff54ee11dd5e1036d2a5ad05af07ca006c1866f4da0759d,fourier-default,fftw-native4-hybrid-float,2048,1440,64,paced,pilot-02,1,workload-0064-repeat-01.json,9ff4c143fb2ffcadabd9439affa3cb2209176c38de4ffbd6cda2ca02af17769b,1063.5226516723633,126000,725,147875,190833,0,0,4096
Host,65,deaea16e12aeb502d655b6ec6c394ed4386be379685b61a2869284e6170e52e7,spectre-default,,2048,1024,64,paced,pilot-01,0,workload-0065-repeat-00.json,b22d3519fc43c51d677d9e75f201999d012fbab295e268f5576640c6fec33a45,294.03093338012695,32833.0,256,34125,474417,0,3,4096
Host,65,deaea16e12aeb502d655b6ec6c394ed4386be379685b61a2869284e6170e52e7,spectre-default,,2048,1024,64,paced,pilot-01,1,workload-0065-repeat-01.json,efd75d08f726da32a893996154036d25900445982cdd0f2311ec89f32fb5c66f,344.6270523071289,34062.5,256,34417,473625,0,0,4096
Host,65,deaea16e12aeb502d655b6ec6c394ed4386be379685b61a2869284e6170e52e7,spectre-default,,2048,1024,64,paced,pilot-02,0,workload-0065-repeat-00.json,b50a94e3c82df288493d7a6cd541a833c4642491a87bb7d4c1c68d2e3a7f1527,350.5007209777832,33792.0,256,39666,808250,0,6,4096
Host,65,deaea16e12aeb502d655b6ec6c394ed4386be379685b61a2869284e6170e52e7,spectre-default,,2048,1024,64,paced,pilot-02,1,workload-0065-repeat-01.json,b085d0cecf379081b9cf92d22dd4b1c724c2a6b79e8cf06c79c46bb80147b0fe,339.34296798706055,33125.0,256,37250,222125,0,1,4096
Host,66,90fa77379cc94151be02a69b446de797de95fd000c47374408eb2e342ddaf27a,spectre-default,,2048,1024,64,paced,pilot-01,0,workload-0066-repeat-00.json,b5170a048c9ad4bc0303612996481df04b05747be8e61ff3bc49c0f33b1ec94c,1070.8948402404785,101167,1021,106042,139875,0,0,4096
Host,66,90fa77379cc94151be02a69b446de797de95fd000c47374408eb2e342ddaf27a,spectre-default,,2048,1024,64,paced,pilot-01,1,workload-0066-repeat-01.json,010b7604c3bb36d7059814bb02b4672cf4702c6f605392364e4020af58afcf05,1007.5024909973145,101333,1021,120750,318500,0,0,4096
Host,66,90fa77379cc94151be02a69b446de797de95fd000c47374408eb2e342ddaf27a,spectre-default,,2048,1024,64,paced,pilot-02,0,workload-0066-repeat-00.json,690e006b851e5d1dd24840b78662dfdcff58bee06ddebeff01353db08188f5c1,1202.954990386963,115375,1021,117500,180209,0,0,4096
Host,66,90fa77379cc94151be02a69b446de797de95fd000c47374408eb2e342ddaf27a,spectre-default,,2048,1024,64,paced,pilot-02,1,workload-0066-repeat-01.json,8bc374d8157e86364e6ec51961e4d2fedad924efde2d0e42c28ba048f3df7f1d,1009.763557434082,101791,1021,118292,208958,0,0,4096
Host,67,d6a6bd3cc234d0f9d69fbd4b511c5f3c70aa20fd173aad2250b5946754b0401e,spectre-default,,2048,1024,64,paced,pilot-01,0,workload-0067-repeat-00.json,fa326dea0e628ff168e6f01f94cfb029be8437e3c6fdc6f1af75097009692426,1340.8349342346191,156292,1021,190875,211916,0,0,4096
Host,67,d6a6bd3cc234d0f9d69fbd4b511c5f3c70aa20fd173aad2250b5946754b0401e,spectre-default,,2048,1024,64,paced,pilot-01,1,workload-0067-repeat-01.json,ef65a0b4a679a247d3a9188f33a239f6b312671c619f749051e34a3b5a45e046,1248.1343612670898,135708,1021,169125,204625,0,0,4096
Host,67,d6a6bd3cc234d0f9d69fbd4b511c5f3c70aa20fd173aad2250b5946754b0401e,spectre-default,,2048,1024,64,paced,pilot-02,0,workload-0067-repeat-00.json,b6d919e1cc016e4887f919df02ba15db86fed965492a3fed5ad6f5f7df32b471,1162.2294654846191,129666,1021,155458,187083,0,0,4096
Host,67,d6a6bd3cc234d0f9d69fbd4b511c5f3c70aa20fd173aad2250b5946754b0401e,spectre-default,,2048,1024,64,paced,pilot-02,1,workload-0067-repeat-01.json,c00232353753fc0807eee788d6ee04b6d691749974b7dbaf81e51dfcf387800e,1031.6425399780273,126209,1021,154542,177208,0,0,4096
Host,68,2c953692964784f4504d0e60031db72e1c9b581a01ed1e7b8b5bbe5ac10a920c,spectre-default,,2048,1024,64,paced,pilot-01,0,workload-0068-repeat-00.json,988474796a883c45b81b6c88241f755faa2f3eb8529afdf1226da11a5a063e1e,1349.3856811523438,151375,1021,178750,210875,0,0,4096
Host,68,2c953692964784f4504d0e60031db72e1c9b581a01ed1e7b8b5bbe5ac10a920c,spectre-default,,2048,1024,64,paced,pilot-01,1,workload-0068-repeat-01.json,003e09e011aa1c57ecee6817fa7bda79c5570172b12503c18d236fd249e3d166,1013.2597961425781,107958,1021,144834,175084,0,0,4096
Host,68,2c953692964784f4504d0e60031db72e1c9b581a01ed1e7b8b5bbe5ac10a920c,spectre-default,,2048,1024,64,paced,pilot-02,0,workload-0068-repeat-00.json,c2a7dcf946dacad356c40cd3a926e7a47afdb0e0dfc8cd40685f8a6cc535f79f,1034.9868812561035,106709,1021,143750,178208,0,0,4096
Host,68,2c953692964784f4504d0e60031db72e1c9b581a01ed1e7b8b5bbe5ac10a920c,spectre-default,,2048,1024,64,paced,pilot-02,1,workload-0068-repeat-01.json,c455d68d8b95539af5bf0f8c9155f3b4b57003dbb07ca0a7af57f28cf313a3ce,1055.550449371338,127000,1021,151875,193416,0,0,4096
Host,69,e547040afd47357db31225114988ff2f154fcc0233f1629f535c4498bcc4e2bf,spectre-default,pffft-native-batch-float,2048,1024,64,paced,pilot-01,0,workload-0069-repeat-00.json,627d268d8ef203f6e12cbd4a3527673254861e5a6873cb2650cb18e8b817bb51,197.75448608398438,39271.0,256,41084,530875,0,4,4096
Host,69,e547040afd47357db31225114988ff2f154fcc0233f1629f535c4498bcc4e2bf,spectre-default,pffft-native-batch-float,2048,1024,64,paced,pilot-01,1,workload-0069-repeat-01.json,a280eb8a824e3a4655e216cb410224c2dcbb34c3edffd008e55aa73916ffa5bc,180.71432876586914,35333.5,256,41333,157667,0,0,4096
Host,69,e547040afd47357db31225114988ff2f154fcc0233f1629f535c4498bcc4e2bf,spectre-default,pffft-native-batch-float,2048,1024,64,paced,pilot-02,0,workload-0069-repeat-00.json,663f10b1fb0885465137fe87f87a0fe492fa8d66895569b9558485a1b0dd4f4f,225.0231819152832,36792.0,256,41000,192167,0,0,4096
Host,69,e547040afd47357db31225114988ff2f154fcc0233f1629f535c4498bcc4e2bf,spectre-default,pffft-native-batch-float,2048,1024,64,paced,pilot-02,1,workload-0069-repeat-01.json,dd634991479eb3a840355eaedf6f9eb0f3cc5dce4b36e0faee8731a1116ce54e,215.87236785888672,34854.0,256,36666,76958,0,0,4096
Host,70,4b4a8dc1d03ada056812d38608391c355ffb42cf097613e1fd2de60ad7bba875,spectre-default,pffft-native-batch-float,2048,1024,64,paced,pilot-01,0,workload-0070-repeat-00.json,daa7226670193a3f6e5a69462e0698deaedc96f189c72bf16565e868712e565c,1104.976993560791,112584,1021,114875,141667,0,0,4096
Host,70,4b4a8dc1d03ada056812d38608391c355ffb42cf097613e1fd2de60ad7bba875,spectre-default,pffft-native-batch-float,2048,1024,64,paced,pilot-01,1,workload-0070-repeat-01.json,4d9e16eb0483444fe5424ecf44024e306cb54cfeb9b7807778154bf36909404b,1045.1236877441406,106416,1021,114750,140750,0,0,4096
Host,70,4b4a8dc1d03ada056812d38608391c355ffb42cf097613e1fd2de60ad7bba875,spectre-default,pffft-native-batch-float,2048,1024,64,paced,pilot-02,0,workload-0070-repeat-00.json,82f7da6a19f5711b297d70a2d3e425523b264292d8b3f3bb7e1be72334cf1e3a,1222.1609535217285,107583,1021,110708,140334,0,0,4096
Host,70,4b4a8dc1d03ada056812d38608391c355ffb42cf097613e1fd2de60ad7bba875,spectre-default,pffft-native-batch-float,2048,1024,64,paced,pilot-02,1,workload-0070-repeat-01.json,940f7d2fcf787a424ffa7b349673fd078e5ddf6836a6a18d247c80ba75161dbf,1004.0504112243652,98917,1021,103125,139709,0,0,4096
Host,71,f2313fe10c4a2484cd6ec8bfe72d43fd17e0743e35843dae6404ad9349d324eb,spectre-default,pffft-native-batch-float,2048,1024,64,paced,pilot-01,0,workload-0071-repeat-00.json,017b12c88ad7ca56834ace674f46c1d315fd5b6bf74caf4b36f70531af03cc83,1193.5354957580566,118041,1021,165375,186584,0,0,4096
Host,71,f2313fe10c4a2484cd6ec8bfe72d43fd17e0743e35843dae6404ad9349d324eb,spectre-default,pffft-native-batch-float,2048,1024,64,paced,pilot-01,1,workload-0071-repeat-01.json,64aadd72f63430f3fc003a8478834dc547e8709c4d177c048f18cc191f77c4f1,874.8234443664551,122417,1021,139125,1160959,0,4,4096
Host,71,f2313fe10c4a2484cd6ec8bfe72d43fd17e0743e35843dae6404ad9349d324eb,spectre-default,pffft-native-batch-float,2048,1024,64,paced,pilot-02,0,workload-0071-repeat-00.json,cca7ea8950d485d03b4fc20408f3f66d73764488dcb5ea48897a4b19b31a9f0e,1314.8046340942383,145333,1021,169292,1635583,1,1,4096
Host,71,f2313fe10c4a2484cd6ec8bfe72d43fd17e0743e35843dae6404ad9349d324eb,spectre-default,pffft-native-batch-float,2048,1024,64,paced,pilot-02,1,workload-0071-repeat-01.json,9a629f6ce7dadd7bf4cde785a7d1a95680a9b39e57eb4b863769bb1750fbcdca,1195.482265472412,130000,1021,165542,191500,0,0,4096
Host,72,7587839f0bee915ff27104e01cfba3c84281f91c47a5fd9b9c6732176c6e2cd1,spectre-default,pffft-native-batch-float,2048,1024,64,paced,pilot-01,0,workload-0072-repeat-00.json,f8ba7d37bd3d033c943347fc6d28cc721dc666d7f16d8c5e91604409566a89ec,1206.401222229004,154708,1021,164250,740542,0,0,4096
Host,72,7587839f0bee915ff27104e01cfba3c84281f91c47a5fd9b9c6732176c6e2cd1,spectre-default,pffft-native-batch-float,2048,1024,64,paced,pilot-01,1,workload-0072-repeat-01.json,90bebf501574d293e6bd511e49869a21370a9de893891db19607431195af92cc,1173.7521629333496,123750,1021,156041,1201792,0,1,4096
Host,72,7587839f0bee915ff27104e01cfba3c84281f91c47a5fd9b9c6732176c6e2cd1,spectre-default,pffft-native-batch-float,2048,1024,64,paced,pilot-02,0,workload-0072-repeat-00.json,d27fe9e174ea335b0a09330dabd10227e7b5d987483b316201a810b0a1e33640,868.1662292480469,100083,1021,133125,181709,0,0,4096
Host,72,7587839f0bee915ff27104e01cfba3c84281f91c47a5fd9b9c6732176c6e2cd1,spectre-default,pffft-native-batch-float,2048,1024,64,paced,pilot-02,1,workload-0072-repeat-01.json,f50ede2043ad6a7d4f61e8b3948b2a6905ea53d812eabb8da73aa4d2febd36f1,1139.9342002868652,117000,1021,153166,497750,0,0,4096
Host,73,f487aa8bd161ba448649b56fe46391106e6fd752f31d20dfdc5f55ff7f1dd782,spectre-default,pffft-native-hybrid-float,2048,1024,64,paced,pilot-01,0,workload-0073-repeat-00.json,d34f9b8abfbfd1ae5144cd8aa5b9c7020ff473013ab504f2357522e9af7f54f5,271.7088432312012,26187.5,256,28125,106791,0,11,4096
Host,73,f487aa8bd161ba448649b56fe46391106e6fd752f31d20dfdc5f55ff7f1dd782,spectre-default,pffft-native-hybrid-float,2048,1024,64,paced,pilot-01,1,workload-0073-repeat-01.json,8736355d6b730533b82ad056596b179ffb01a9adb94110eeaad5fb3a0e80cc4d,249.11182403564453,30395.5,256,31750,645334,0,17,4096
Host,73,f487aa8bd161ba448649b56fe46391106e6fd752f31d20dfdc5f55ff7f1dd782,spectre-default,pffft-native-hybrid-float,2048,1024,64,paced,pilot-02,0,workload-0073-repeat-00.json,79b2af6df9fd0937e5e30d1d8afb0c9a66b37dc915836992a9a614a123aecf05,274.0346870422363,26209.0,256,28667,585416,0,10,4096
Host,73,f487aa8bd161ba448649b56fe46391106e6fd752f31d20dfdc5f55ff7f1dd782,spectre-default,pffft-native-hybrid-float,2048,1024,64,paced,pilot-02,1,workload-0073-repeat-01.json,c8fdba6729db90cd28cb687022f1af435aaf2640675830021832a22b9aec3b11,280.72241973876953,26250.0,256,28833,913041,0,3,4096
Host,74,054ed44b86d1e8f06a2d0b7a5831ad757994f04ad4fe39b5aa913e38e9ce7e29,spectre-default,pffft-native-hybrid-float,2048,1024,64,paced,pilot-01,0,workload-0074-repeat-00.json,7937cf4f0a905c3cbeda11bcaec7021d093b71818f46304d596d12938f7d68d8,1075.3825378417969,103708,1021,108167,142000,0,0,4096
Host,74,054ed44b86d1e8f06a2d0b7a5831ad757994f04ad4fe39b5aa913e38e9ce7e29,spectre-default,pffft-native-hybrid-float,2048,1024,64,paced,pilot-01,1,workload-0074-repeat-01.json,099aa4e75d311fc3b79f91a3cd12fd496b540a3b45ab8b9e10e4429a18905c74,690.4925155639648,80875,1021,103250,1156500,0,1,4096
Host,74,054ed44b86d1e8f06a2d0b7a5831ad757994f04ad4fe39b5aa913e38e9ce7e29,spectre-default,pffft-native-hybrid-float,2048,1024,64,paced,pilot-02,0,workload-0074-repeat-00.json,3662d5e6dc854aa82047c5f339735f173e630d6234926edc40030e06e3101b17,1018.4610404968262,100917,1021,103666,137541,0,0,4096
Host,74,054ed44b86d1e8f06a2d0b7a5831ad757994f04ad4fe39b5aa913e38e9ce7e29,spectre-default,pffft-native-hybrid-float,2048,1024,64,paced,pilot-02,1,workload-0074-repeat-01.json,b949f52229f415a346da6b805aeaca31dc956189a88f5c9745da2d27fb6b2476,1245.680362701416,103041,1021,107709,136375,0,0,4096
Host,75,d23e13d0be1e769cb92781d1c047dec43e044413efa8ec40ebd6ac05db4b45a5,spectre-default,pffft-native-hybrid-float,2048,1024,64,paced,pilot-01,0,workload-0075-repeat-00.json,9d0dc959f437d224d3188cb47330c5f78981cd8c39293737404d83c3d0ef123b,1281.2404098510742,138000,1021,169833,194208,0,0,4096
Host,75,d23e13d0be1e769cb92781d1c047dec43e044413efa8ec40ebd6ac05db4b45a5,spectre-default,pffft-native-hybrid-float,2048,1024,64,paced,pilot-01,1,workload-0075-repeat-01.json,60f5dfc31d467786174ccb10e054314e3379246f255079a963eb91266dd892fa,1388.889015197754,155291,1021,187833,207500,0,0,4096
Host,75,d23e13d0be1e769cb92781d1c047dec43e044413efa8ec40ebd6ac05db4b45a5,spectre-default,pffft-native-hybrid-float,2048,1024,64,paced,pilot-02,0,workload-0075-repeat-00.json,2fa594d29f18d80565eb48fd4aaf5a7a0992f26502c8256706585101bf8be413,1247.4382286071777,155375,1021,174583,207625,0,0,4096
Host,75,d23e13d0be1e769cb92781d1c047dec43e044413efa8ec40ebd6ac05db4b45a5,spectre-default,pffft-native-hybrid-float,2048,1024,64,paced,pilot-02,1,workload-0075-repeat-01.json,5b73aeee5a98f6b64976dd548a11052cdd5522891e90059932bdde6d3c942523,1260.4906311035156,141125,1021,172292,1036708,0,1,4096
Host,76,9fc0e13477c6c372429dd061df4c17d9da792e6eb1f90629f08069900b067354,spectre-default,pffft-native-hybrid-float,2048,1024,64,paced,pilot-01,0,workload-0076-repeat-00.json,590cb6720ba04b5f9e210542cbe5b3f7490cd2bf7ed0d74a39909c5359d83cbf,1217.113368988037,127292,1021,156333,201542,0,0,4096
Host,76,9fc0e13477c6c372429dd061df4c17d9da792e6eb1f90629f08069900b067354,spectre-default,pffft-native-hybrid-float,2048,1024,64,paced,pilot-01,1,workload-0076-repeat-01.json,bc4383eb5e0768a16f1593e7c5ecae1ab4d01fd080fc4967977d0253d4cb07ca,1178.8499794006348,126292,1021,155166,5956708,2,9,4096
Host,76,9fc0e13477c6c372429dd061df4c17d9da792e6eb1f90629f08069900b067354,spectre-default,pffft-native-hybrid-float,2048,1024,64,paced,pilot-02,0,workload-0076-repeat-00.json,d85f1e362856114feb95ea996045410ac96e7bee76a238d57b4b5a948e7cb0e8,1055.2789459228516,107625,1021,137542,184000,0,0,4096
Host,76,9fc0e13477c6c372429dd061df4c17d9da792e6eb1f90629f08069900b067354,spectre-default,pffft-native-hybrid-float,2048,1024,64,paced,pilot-02,1,workload-0076-repeat-01.json,ae6d453a88f37497b7a0943c8239c67ef737d13727dcac3817e7b605f1ed5d60,1025.3780517578125,123958,1021,146500,185708,0,0,4096
Host,77,65d61345a137fade26848e299efb79643d95725bf357d1d290552e593933e175,fourier-default,,2048,1440,64,paced,pilot-01,0,workload-0077-repeat-00.json,d3b42455b35f4e49f890c1bc62ec31e068af72906be21d37c648aad9c2be70b1,78.6932258605957,,,6500,50333,0,2,4096
Host,77,65d61345a137fade26848e299efb79643d95725bf357d1d290552e593933e175,fourier-default,,2048,1440,64,paced,pilot-01,1,workload-0077-repeat-01.json,da1723e3e4c91e9c5b9f3be82c531c1223080e775b741399c4d34238ab98bdb3,86.3554916381836,,,14083,100583,0,10,4096
Host,77,65d61345a137fade26848e299efb79643d95725bf357d1d290552e593933e175,fourier-default,,2048,1440,64,paced,pilot-02,0,workload-0077-repeat-00.json,3be4150bb9e7f3efd80c09c5e6d7a1818ca02951ee32036f7aeb90a31fbb457f,88.01628112792969,,,9750,197583,0,3,4096
Host,77,65d61345a137fade26848e299efb79643d95725bf357d1d290552e593933e175,fourier-default,,2048,1440,64,paced,pilot-02,1,workload-0077-repeat-01.json,f0e36716852f270e8e2ec99c3f721b22df53d962f5086b9ac5035e425a5cf5d1,82.66338348388672,,,6167,53708,0,0,4096
Host,78,c0f025350304f6e23bf21790b45c8828e5c81da85e8f22783e161b46b07eb455,fourier-default,,2048,1440,64,paced,pilot-01,0,workload-0078-repeat-00.json,aab4b20aaa8613aa5639262dd94f0d52b671af842dbd323f4df6de13b99ee6cd,226.281982421875,,,23667,339416,0,6,4096
Host,78,c0f025350304f6e23bf21790b45c8828e5c81da85e8f22783e161b46b07eb455,fourier-default,,2048,1440,64,paced,pilot-01,1,workload-0078-repeat-01.json,57392d5a43c24737d3f0ef4c1d4c2c9b744a00822c1ae7446a14faee91fb2b50,182.16727828979492,,,17084,498209,0,17,4096
Host,78,c0f025350304f6e23bf21790b45c8828e5c81da85e8f22783e161b46b07eb455,fourier-default,,2048,1440,64,paced,pilot-02,0,workload-0078-repeat-00.json,0997637c08023075bcb2fec9f467b175b623b120cd964c30e3783376b9ab00d2,224.12793350219727,,,16667,112209,0,4,4096
Host,78,c0f025350304f6e23bf21790b45c8828e5c81da85e8f22783e161b46b07eb455,fourier-default,,2048,1440,64,paced,pilot-02,1,workload-0078-repeat-01.json,892bb5fadeaa4a44118ffddd09cf774ff256a360d75ead3a70e9ef55aff0897b,223.96336364746094,,,17250,227708,0,0,4096
Host,79,47499161554fdf872183485c44af5dd2ca3a108c8632dc9a2f4dac8907044ec0,fourier-default,,2048,1440,64,paced,pilot-01,0,workload-0079-repeat-00.json,7cfdb8d23f35b9538902e2a96f86124dbb0b3673dffeaaf550c87bd04c833aae,619.3388710021973,,,57292,832542,0,4,4096
Host,79,47499161554fdf872183485c44af5dd2ca3a108c8632dc9a2f4dac8907044ec0,fourier-default,,2048,1440,64,paced,pilot-01,1,workload-0079-repeat-01.json,bb3c71dd3bdf370fa3bc64368a9b8a0564d21ea78124d09022cb6a8d3c0daca3,602.3745803833008,,,59209,506125,0,11,4096
Host,79,47499161554fdf872183485c44af5dd2ca3a108c8632dc9a2f4dac8907044ec0,fourier-default,,2048,1440,64,paced,pilot-02,0,workload-0079-repeat-00.json,fc6fc71c8659be979821d530e7391ee180c36863a24293afae4b7b8a1b4aae40,623.2436218261719,,,58917,887875,0,3,4096
Host,79,47499161554fdf872183485c44af5dd2ca3a108c8632dc9a2f4dac8907044ec0,fourier-default,,2048,1440,64,paced,pilot-02,1,workload-0079-repeat-01.json,5676ba1a026425218aa830d901fa2bb8bfa78ea4a858ae47fbabf464bd1db8d2,594.5382804870605,,,52125,273667,0,6,4096
Host,80,23119c7bcb245a21b251013b7c7f1220f664f377bf428448c10029070c054dc3,fourier-default,,2048,1440,64,paced,pilot-01,0,workload-0080-repeat-00.json,0a2e656eb40ab98df81889dbc0d1ce49995df7cf106de7190d99d86f4075a64a,834.880989074707,,,149916,2298500,5,9,4096
Host,80,23119c7bcb245a21b251013b7c7f1220f664f377bf428448c10029070c054dc3,fourier-default,,2048,1440,64,paced,pilot-01,1,workload-0080-repeat-01.json,adedb42112c7d7b60ab968bf616108af86ea4fd00888b57c0fb9251d284c026d,653.9881248474121,,,85750,106750,0,0,4096
Host,80,23119c7bcb245a21b251013b7c7f1220f664f377bf428448c10029070c054dc3,fourier-default,,2048,1440,64,paced,pilot-02,0,workload-0080-repeat-00.json,351cbeb3b7dd35117f801ab9da96e88fdec66c80a18702316c9d352b3d4cea96,731.6097221374512,,,91125,126583,0,0,4096
Host,80,23119c7bcb245a21b251013b7c7f1220f664f377bf428448c10029070c054dc3,fourier-default,,2048,1440,64,paced,pilot-02,1,workload-0080-repeat-01.json,a684086f12b1a67723db2d2768d2baaf540fc8fac75ca7a055940bae0e24a5fe,843.5961303710938,,,97042,172208,0,0,4096
Host,81,b5fee26ac6e494fa53483258b45e17a1b3434fa08d2817402071ace470a8bb90,fourier-default,,2048,1440,64,paced,pilot-01,0,workload-0081-repeat-00.json,3cdde2e7994ce7095699c60653230f6c2c4da4aab03485e072b45e794cb161c8,1040.2115325927734,,,99709,172583,0,0,4096
Host,81,b5fee26ac6e494fa53483258b45e17a1b3434fa08d2817402071ace470a8bb90,fourier-default,,2048,1440,64,paced,pilot-01,1,workload-0081-repeat-01.json,c9265231bb977a563a505b9f218601c6d13057062bd219ed4f1bb21b60b2d8d9,1179.136848449707,,,97667,117708,0,0,4096
Host,81,b5fee26ac6e494fa53483258b45e17a1b3434fa08d2817402071ace470a8bb90,fourier-default,,2048,1440,64,paced,pilot-02,0,workload-0081-repeat-00.json,191ebdfd11b4a084750158ca8c30345033e205d1bb48d00d27259e95d2508aa2,864.6976928710938,,,98458,132875,0,0,4096
Host,81,b5fee26ac6e494fa53483258b45e17a1b3434fa08d2817402071ace470a8bb90,fourier-default,,2048,1440,64,paced,pilot-02,1,workload-0081-repeat-01.json,e67df04ee7d24773649bd561b7068449ceec5f0238fc26709cecf30f2f443922,982.5401191711426,,,98875,130916,0,0,4096
Host,82,e89b6741a2440e216360b9e2e6303d2c8e903fbe4842c7630da42c71776cb9b6,fourier-default,,2048,1440,64,paced,pilot-01,0,workload-0082-repeat-00.json,7a973b7b5e7d391c37c99533d7ff01bf4f0129a423a6639ee8c4eacebfa44a4b,493.92127990722656,,,42500,150583,0,0,4096
Host,82,e89b6741a2440e216360b9e2e6303d2c8e903fbe4842c7630da42c71776cb9b6,fourier-default,,2048,1440,64,paced,pilot-01,1,workload-0082-repeat-01.json,bb11e90fae7d608aa47df520e214754985a81de8f23a48a6c2bd7302ba17da6d,1032.0998573303223,,,100916,132292,0,0,4096
Host,82,e89b6741a2440e216360b9e2e6303d2c8e903fbe4842c7630da42c71776cb9b6,fourier-default,,2048,1440,64,paced,pilot-02,0,workload-0082-repeat-00.json,7ad321c50a2351c1240681c344a2d6ebff5baf3d1e52e0549a2b5f11b7f1835e,1114.1925430297852,,,101625,131917,0,0,4096
Host,82,e89b6741a2440e216360b9e2e6303d2c8e903fbe4842c7630da42c71776cb9b6,fourier-default,,2048,1440,64,paced,pilot-02,1,workload-0082-repeat-01.json,d24aa937fbd9dc591d5967a3e80da8c3c3412945791233f11291f1963d7d7c03,512.1152076721191,,,92667,138958,0,0,4096
Lifecycle,0,232b58aca87dbe877398b008136fd6b5bd77721dada9e9268fab68e5876e5176,fourier,,2048,1440,64,continuous,pilot-01,0,workload-0000-repeat-00.json,9db76448bec6a7c7cce212d64cc6a7c6ca371e2acd3ba43af414f9bf7c5bde06,1291.4076232910156,,,146541,275459,0,,1024
Lifecycle,0,232b58aca87dbe877398b008136fd6b5bd77721dada9e9268fab68e5876e5176,fourier,,2048,1440,64,continuous,pilot-01,1,workload-0000-repeat-01.json,62c5aeb7aff4353b29ba5349ebf9ac04a5f27b1f8c7e27321b2b09b9dfa6edbe,583.0388488769531,,,93209,121000,0,,1024
Lifecycle,0,232b58aca87dbe877398b008136fd6b5bd77721dada9e9268fab68e5876e5176,fourier,,2048,1440,64,continuous,pilot-02,0,workload-0000-repeat-00.json,79b75dc7c602b28092ab6a179ad87ae197ed5275130f92f967fddf3be634f67a,831.4515380859375,,,97959,119833,0,,1024
Lifecycle,0,232b58aca87dbe877398b008136fd6b5bd77721dada9e9268fab68e5876e5176,fourier,,2048,1440,64,continuous,pilot-02,1,workload-0000-repeat-01.json,e1433feb2c41859af57a792b6fbeaabab7842011c50f9dd873d11237fa620130,877.6452331542969,,,96750,102708,0,,1024
Lifecycle,1,6d2d57592184bcf57780b3594e01f634383a8130f1f73ff7d11c2b7de35449d2,fourier,vdsp-native4-batch-float,2048,1440,64,continuous,pilot-01,0,workload-0001-repeat-00.json,db404eafd58669a9ca80835266e8b02afa3f9172d3115978cb6639302a214694,624.5644989013672,,,95167,147334,0,,1024
Lifecycle,1,6d2d57592184bcf57780b3594e01f634383a8130f1f73ff7d11c2b7de35449d2,fourier,vdsp-native4-batch-float,2048,1440,64,continuous,pilot-01,1,workload-0001-repeat-01.json,5a00d30fea797e25d79349efcaddd7c3a9d909e3d120d71bf04e9d7f557be95c,739.9764709472656,,,94875,147500,0,,1024
Lifecycle,1,6d2d57592184bcf57780b3594e01f634383a8130f1f73ff7d11c2b7de35449d2,fourier,vdsp-native4-batch-float,2048,1440,64,continuous,pilot-02,0,workload-0001-repeat-00.json,c0300b20564d10abc4c3f0109c23be4f6a068a3bb4467f59795e2070b3a5b35c,799.0782318115234,,,100959,147458,0,,1024
Lifecycle,1,6d2d57592184bcf57780b3594e01f634383a8130f1f73ff7d11c2b7de35449d2,fourier,vdsp-native4-batch-float,2048,1440,64,continuous,pilot-02,1,workload-0001-repeat-01.json,fdadf20d6899b59b59bf4d00b4cb2286faedfe0fb13de542b08b787e03f1e46b,1017.1827239990234,,,106583,148000,0,,1024
Lifecycle,2,299b7ce47f8c49f06b8404bd9bdc1e1951735ca12170200e3642a1a8700aa846,fourier,vdsp-native4-hybrid-float,2048,1440,64,continuous,pilot-01,0,workload-0002-repeat-00.json,03d5f63fa78011619dcfb18fb6f614d35cb70d66ebf5c9646642e05f823adbb4,901.9493560791016,,,97875,103583,0,,1024
Lifecycle,2,299b7ce47f8c49f06b8404bd9bdc1e1951735ca12170200e3642a1a8700aa846,fourier,vdsp-native4-hybrid-float,2048,1440,64,continuous,pilot-01,1,workload-0002-repeat-01.json,581df8eff6c4b3f5d96c607a7973d6780ab6a7c7392447fb98d3a9be3f3b36f3,968.1107940673828,,,99167,119000,0,,1024
Lifecycle,2,299b7ce47f8c49f06b8404bd9bdc1e1951735ca12170200e3642a1a8700aa846,fourier,vdsp-native4-hybrid-float,2048,1440,64,continuous,pilot-02,0,workload-0002-repeat-00.json,4f508ff9f5451ff0a8ba286e85fc23b26ea1d3b8abd0dee5924523470eeac951,998.1840515136719,,,104042,175000,0,,1024
Lifecycle,2,299b7ce47f8c49f06b8404bd9bdc1e1951735ca12170200e3642a1a8700aa846,fourier,vdsp-native4-hybrid-float,2048,1440,64,continuous,pilot-02,1,workload-0002-repeat-01.json,2308ded01522b9b5f83931bd0d2f3691a09727757d1a597a1385549a6a02d4d8,1008.4582672119141,,,141666,807083,0,,1024
Lifecycle,3,56ab5f12a89557c6869b58818b6b08f26daf82870bfcff227b240cead40fab0c,spectre,,2048,1024,64,continuous,pilot-01,0,workload-0003-repeat-00.json,489635aa401161976dc2e6000f268ed2b51c324deb8d7e91bc5cac09207937b0,802.7586822509766,,,96167,205708,0,,1024
Lifecycle,3,56ab5f12a89557c6869b58818b6b08f26daf82870bfcff227b240cead40fab0c,spectre,,2048,1024,64,continuous,pilot-01,1,workload-0003-repeat-01.json,e1586fb0e36740adafefa9d0a5680d471bcd475a618927ae33ab4eafce62f583,816.4660797119141,,,98458,133667,0,,1024
Lifecycle,3,56ab5f12a89557c6869b58818b6b08f26daf82870bfcff227b240cead40fab0c,spectre,,2048,1024,64,continuous,pilot-02,0,workload-0003-repeat-00.json,3019b0af4cb2bd1cdbc754783234a1784e328a1f519e0872762c206785d7cb28,1112.2970733642578,,,97917,130083,0,,1024
Lifecycle,3,56ab5f12a89557c6869b58818b6b08f26daf82870bfcff227b240cead40fab0c,spectre,,2048,1024,64,continuous,pilot-02,1,workload-0003-repeat-01.json,470e96f0de2abd8c0c826b155f7da2370ff3c266492004a396aca9a57901adc9,641.0688171386719,,,93917,129792,0,,1024
Lifecycle,4,1f4748c59d1680a10b58f151d509d78e3d1d14806829a4185abd7d766586b153,spectre,pffft-native-batch-float,2048,1024,64,continuous,pilot-01,0,workload-0004-repeat-00.json,8778edd4cb2c61629e7e73869777651bcffff7fdd32f4131e8126ac32f216e44,1033.9010772705078,,,98875,128375,0,,1024
Lifecycle,4,1f4748c59d1680a10b58f151d509d78e3d1d14806829a4185abd7d766586b153,spectre,pffft-native-batch-float,2048,1024,64,continuous,pilot-01,1,workload-0004-repeat-01.json,3531d31e21e88a9e03b02bd55942fd004579f2b9aeec5f12c37e7ec4f741b9f2,1065.7638854980469,,,94250,109083,0,,1024
Lifecycle,4,1f4748c59d1680a10b58f151d509d78e3d1d14806829a4185abd7d766586b153,spectre,pffft-native-batch-float,2048,1024,64,continuous,pilot-02,0,workload-0004-repeat-00.json,f4c78b97ed3c96aac6bb22f066e3b2fec42d671ff4fd78cb6e0f93d41ebfe28d,1241.3942260742188,,,167500,285000,0,,1024
Lifecycle,4,1f4748c59d1680a10b58f151d509d78e3d1d14806829a4185abd7d766586b153,spectre,pffft-native-batch-float,2048,1024,64,continuous,pilot-02,1,workload-0004-repeat-01.json,c47a85bd3bce5b906f3a9f3af8ce0427264d713f562690cc4807e598ab6fd695,1132.1698760986328,,,108625,133209,0,,1024
Lifecycle,5,87738e15769fc75962330f6648eb5684203af83d92593ec9cb8e53ae94b98780,spectre,pffft-native-hybrid-float,2048,1024,64,continuous,pilot-01,0,workload-0005-repeat-00.json,16b82e15b77930247f3360ec036e52a2cd0df9f86a4aec2c268359779dae2e4f,717.9521484375,,,95791,118458,0,,1024
Lifecycle,5,87738e15769fc75962330f6648eb5684203af83d92593ec9cb8e53ae94b98780,spectre,pffft-native-hybrid-float,2048,1024,64,continuous,pilot-01,1,workload-0005-repeat-01.json,fb6b77649e34a86b8382fa85160a125a627289233b20c3c630d7481c4e68da77,1039.8688659667969,,,97083,100833,0,,1024
Lifecycle,5,87738e15769fc75962330f6648eb5684203af83d92593ec9cb8e53ae94b98780,spectre,pffft-native-hybrid-float,2048,1024,64,continuous,pilot-02,0,workload-0005-repeat-00.json,93cac9f0e43aaa2d70ac21b9f0fee4e53ee59b669758dadb26e98ea4ff61bd27,911.2708740234375,,,95750,186291,0,,1024
Lifecycle,5,87738e15769fc75962330f6648eb5684203af83d92593ec9cb8e53ae94b98780,spectre,pffft-native-hybrid-float,2048,1024,64,continuous,pilot-02,1,workload-0005-repeat-01.json,b962ba2b02ad2486148b4e7021ccb6720154c78bf684a9fe9f51d189f459897a,982.3773040771484,,,97750,118625,0,,1024
Lifecycle,6,c0aeeb724730839e23d14db0219cf6349f00798940c09cdedb7f34eabbf45046,fourier-default,,2048,1440,64,continuous,pilot-01,0,workload-0006-repeat-00.json,adf2decf16fe3b9fe3f45f4bef178f56b8cad261a45a9f75d4416a5916eabfac,88.53989791870117,5917.0,728,13667,23334,0,,16384
Lifecycle,6,c0aeeb724730839e23d14db0219cf6349f00798940c09cdedb7f34eabbf45046,fourier-default,,2048,1440,64,continuous,pilot-01,1,workload-0006-repeat-01.json,511643946019c2935a0f2a6ba025faf0a818520062da5d733f1af8d201acd655,88.55142402648926,5917.0,728,13708,28958,0,,16384
Lifecycle,6,c0aeeb724730839e23d14db0219cf6349f00798940c09cdedb7f34eabbf45046,fourier-default,,2048,1440,64,continuous,pilot-02,0,workload-0006-repeat-00.json,6aa4727763e862895d61a347fd2da56a9107c434bce0acaf1d88851b6c5feae0,77.29428672790527,5458.0,728,8959,32541,0,,16384
Lifecycle,6,c0aeeb724730839e23d14db0219cf6349f00798940c09cdedb7f34eabbf45046,fourier-default,,2048,1440,64,continuous,pilot-02,1,workload-0006-repeat-01.json,ac55705a544d932c12a2beb55b68c5e2def118040ff916dff174f6305f0bacc3,82.92692852020264,6458.0,728,8833,47959,0,,16384
Lifecycle,7,6cc0a604e0e1c883e73ee1fd0f551f020c1e8f794fc731cd8d090c76f143de3d,fourier-default,vdsp-native4-hybrid-float,2048,1440,64,continuous,pilot-01,0,workload-0007-repeat-00.json,758f6bfe866045b444caf3454f2493096ab156c306047849228b39815019bacb,69.49037742614746,9625.0,728,10208,30750,0,,16384
Lifecycle,7,6cc0a604e0e1c883e73ee1fd0f551f020c1e8f794fc731cd8d090c76f143de3d,fourier-default,vdsp-native4-hybrid-float,2048,1440,64,continuous,pilot-01,1,workload-0007-repeat-01.json,ac083e20d69ce8ecc102b199c1b9265a93bafac8752290451be2da659041478c,86.34195232391357,10875.0,728,16917,40917,0,,16384
Lifecycle,7,6cc0a604e0e1c883e73ee1fd0f551f020c1e8f794fc731cd8d090c76f143de3d,fourier-default,vdsp-native4-hybrid-float,2048,1440,64,continuous,pilot-02,0,workload-0007-repeat-00.json,7a0278ad0631503789d1bac27e8d0adec7a8f5814f5cb32362888328d3671252,73.54264640808105,9667.0,728,11666,73250,0,,16384
Lifecycle,7,6cc0a604e0e1c883e73ee1fd0f551f020c1e8f794fc731cd8d090c76f143de3d,fourier-default,vdsp-native4-hybrid-float,2048,1440,64,continuous,pilot-02,1,workload-0007-repeat-01.json,dbebe17da4da297757cb4ea4762e3ca7fb082e8c60a321362427a56574160a94,83.55050468444824,10834.0,728,16167,45208,0,,16384
Lifecycle,8,c24d31d1af84366b4548f3c28e948adffb0ddafbc7b0fd6b5712586e695f3151,fourier-default,fftw-native4-hybrid-float,2048,1440,64,continuous,pilot-01,0,workload-0008-repeat-00.json,c39d52cefca7246c1bc9025929b858d080996dc43daba1eca13f9a1d83a59801,80.46408176422119,13520.5,728,19667,29791,0,,16384
Lifecycle,8,c24d31d1af84366b4548f3c28e948adffb0ddafbc7b0fd6b5712586e695f3151,fourier-default,fftw-native4-hybrid-float,2048,1440,64,continuous,pilot-01,1,workload-0008-repeat-01.json,b478d45e163789f3c2292f8a957103af6225e6a8304d884c203c9709d3c80418,87.26765060424805,14500.0,728,22292,62584,0,,16384
Lifecycle,8,c24d31d1af84366b4548f3c28e948adffb0ddafbc7b0fd6b5712586e695f3151,fourier-default,fftw-native4-hybrid-float,2048,1440,64,continuous,pilot-02,0,workload-0008-repeat-00.json,e243ab4fadc0806da77af3ebc25ba8eeff025fd1d2ee89f69de8c4ec9d62064e,79.11993885040283,13459.0,728,19334,68417,0,,16384
Lifecycle,8,c24d31d1af84366b4548f3c28e948adffb0ddafbc7b0fd6b5712586e695f3151,fourier-default,fftw-native4-hybrid-float,2048,1440,64,continuous,pilot-02,1,workload-0008-repeat-01.json,e099bd659b91b1a0d2c7364eda2f010c381cac2c311016461e9826d5d66ac3ce,71.48162078857422,12667.0,728,15625,117709,0,,16384
Lifecycle,9,f849b2c8bf9a669e84c6941edbd31623350c2b0c09d58260b1ebc84ecf0b25c9,spectre-default,,2048,1024,64,continuous,pilot-01,0,workload-0009-repeat-00.json,197462f15d20593cb1577631739c505c900186d73851edeb55130697ebb77cdb,67.93355178833008,5334.0,1024,9292,102833,0,,16384
Lifecycle,9,f849b2c8bf9a669e84c6941edbd31623350c2b0c09d58260b1ebc84ecf0b25c9,spectre-default,,2048,1024,64,continuous,pilot-01,1,workload-0009-repeat-01.json,1435ea482d39f2246b36873cb5f3a001fbc5930e988c39565b2d7ea8fa88df2b,71.16180038452148,5750.0,1024,9667,29333,0,,16384
Lifecycle,9,f849b2c8bf9a669e84c6941edbd31623350c2b0c09d58260b1ebc84ecf0b25c9,spectre-default,,2048,1024,64,continuous,pilot-02,0,workload-0009-repeat-00.json,cde2b821b248735594c40d3c057153689f49b444514d8f79b43853abef09bec6,66.3645887374878,5333.0,1024,8792,90500,0,,16384
Lifecycle,9,f849b2c8bf9a669e84c6941edbd31623350c2b0c09d58260b1ebc84ecf0b25c9,spectre-default,,2048,1024,64,continuous,pilot-02,1,workload-0009-repeat-01.json,ed72d92ccc90f96b9587a8d76fb6a891a1a950fe8897f773b2dcfc2c6bf17430,62.64384460449219,5042.0,1024,17916,64458,0,,16384
Lifecycle,10,30526b19bf5e8d9f613128fb304b55673cce7290985811332e320d06a7944230,spectre-default,pffft-native-hybrid-float,2048,1024,64,continuous,pilot-01,0,workload-0010-repeat-00.json,428aa74ae42bc88e99628e5bcd411a0f588082704bab54bf3c5746c8d97ad1f0,68.96929740905762,5166.0,1024,14416,68459,0,,16384
Lifecycle,10,30526b19bf5e8d9f613128fb304b55673cce7290985811332e320d06a7944230,spectre-default,pffft-native-hybrid-float,2048,1024,64,continuous,pilot-01,1,workload-0010-repeat-01.json,3264e74fd3ed093edb34b34603b23eaba4953972efb0266d040f442f4d9d6e8a,66.75002861022949,5166.0,1024,9334,133834,0,,16384
Lifecycle,10,30526b19bf5e8d9f613128fb304b55673cce7290985811332e320d06a7944230,spectre-default,pffft-native-hybrid-float,2048,1024,64,continuous,pilot-02,0,workload-0010-repeat-00.json,9b415abdf8a59bdc362674c79fe6c703540379a5773741606002154b754a0a72,67.33055591583252,5458.0,1024,9250,109250,0,,16384
Lifecycle,10,30526b19bf5e8d9f613128fb304b55673cce7290985811332e320d06a7944230,spectre-default,pffft-native-hybrid-float,2048,1024,64,continuous,pilot-02,1,workload-0010-repeat-01.json,9cd74df171820f26e3bfde00afbf1d20699e5a4779b7326440232dcc0bec2d56,55.07728385925293,4500.0,1024,13167,76000,0,,16384
Modules,0,899275f4ad11ab9b529ed58a8b070e17722ec510065cdae3f05fdbd73685b295,fourier-default,,2048,1440,64,paced,pilot-01,0,workload-0000-repeat-00.csv,e2804c4ce2ece7329d13f5120b48aa33e9a28c38ebc180676a01666e291db4a7,458.74251844618055,40792.0,256,43709.0,517500.0,0,2,5760
Modules,0,899275f4ad11ab9b529ed58a8b070e17722ec510065cdae3f05fdbd73685b295,fourier-default,,2048,1440,64,paced,pilot-01,1,workload-0000-repeat-01.csv,2a1f4cd1edfa7e4e3b2accd698cb0e5b15a2d4e406f678ff41a6dce3c7d9d145,444.46781141493057,42104.5,256,45334.0,242500.0,0,10,5760
Modules,0,899275f4ad11ab9b529ed58a8b070e17722ec510065cdae3f05fdbd73685b295,fourier-default,,2048,1440,64,paced,pilot-02,0,workload-0000-repeat-00.csv,a89edf0e7d8f86e25b8ab9417d600a29678114a5adcc79c4f042396753e73a9e,442.87772081163195,40395.5,256,45250.0,443417.0,0,7,5760
Modules,0,899275f4ad11ab9b529ed58a8b070e17722ec510065cdae3f05fdbd73685b295,fourier-default,,2048,1440,64,paced,pilot-02,1,workload-0000-repeat-01.csv,e7e7ea1f68dfd46b969872cf8bed93b570e5f1240ff0a3e8d976426d1e23767b,447.5549641927083,43208.0,256,63083.0,266000.0,0,2,5760
Modules,1,a7e14b73a5cf9f619bc49163c3590b52c255590f57339fd7e2ec3b0186388dea,spectre-default,,2048,1024,64,paced,pilot-01,0,workload-0001-repeat-00.csv,2ad04e17f0cf729fb447a9683bbed7069a77f3903d7980f29ff0f6b9171f46cd,197.79383850097656,26062.0,256,26833.0,719000.0,0,21,4096
Modules,1,a7e14b73a5cf9f619bc49163c3590b52c255590f57339fd7e2ec3b0186388dea,spectre-default,,2048,1024,64,paced,pilot-01,1,workload-0001-repeat-01.csv,9bed3c4b800465470dee04aacb8b445664181c779ed2c1448b585bbdefcbf247,239.11532974243164,26167.0,256,27083.0,325000.0,0,6,4096
Modules,1,a7e14b73a5cf9f619bc49163c3590b52c255590f57339fd7e2ec3b0186388dea,spectre-default,,2048,1024,64,paced,pilot-02,0,workload-0001-repeat-00.csv,674f2a9735eaab2d82374259c94519916e6c02d5b21d537236d5b2226e217353,231.16304397583008,26250.0,256,28834.0,139625.0,0,6,4096
Modules,1,a7e14b73a5cf9f619bc49163c3590b52c255590f57339fd7e2ec3b0186388dea,spectre-default,,2048,1024,64,paced,pilot-02,1,workload-0001-repeat-01.csv,11471b2c07995c0e3e29409280085b233baea2006179caf18c26499323186f03,242.22566986083984,25833.0,256,39208.0,469417.0,0,0,4096
Modules,2,e820cb0f9de9be8e9492b338636e3490f96939b640ecd1af0371f1a4e8789a78,fourier,,16384,240,64,paced,pilot-01,0,workload-0002-repeat-00.csv,59da481f7dc71fa05d235c6b057c9b3a4abe10f9f0d93b58d2b8f46d2341f7d3,7896.664290364583,1004271.0,256,1207041.0,2039541.0,5,51,960
Modules,2,e820cb0f9de9be8e9492b338636e3490f96939b640ecd1af0371f1a4e8789a78,fourier,,16384,240,64,paced,pilot-01,1,workload-0002-repeat-01.csv,16163807bb89ed36b122894be6b2787024a2920434bf3bc4edd6eb6ddcf10779,7761.346647135417,996271.0,256,1132417.0,7337542.0,3,79,960
Modules,2,e820cb0f9de9be8e9492b338636e3490f96939b640ecd1af0371f1a4e8789a78,fourier,,16384,240,64,paced,pilot-02,0,workload-0002-repeat-00.csv,9188e80417dbd6206006766e9c1b8902a38724674fc0253566c98f4def77d078,7931.234130859375,998958.0,256,1135458.0,1485000.0,1,66,960
Modules,2,e820cb0f9de9be8e9492b338636e3490f96939b640ecd1af0371f1a4e8789a78,fourier,,16384,240,64,paced,pilot-02,1,workload-0002-repeat-01.csv,3fb034c1451511bd9754fc2263d208597c061c78095440a69e6683cfde5a9a81,7314.771158854167,987062.5,256,1134333.0,1979458.0,1,60,960
Modules,3,ad0d715eeae72d398e806d3ecdd6bad0c888f71888b7586bdac28e66a2544b43,fourier,,16384,240,64,paced,pilot-01,0,workload-0003-repeat-00.csv,8b15fa407315da1e9ba137f82df54609f95a7bc67d04ddc90d322a66abb617fc,4178.919156901042,459854.5,256,522750.0,941666.0,0,3,960
Modules,3,ad0d715eeae72d398e806d3ecdd6bad0c888f71888b7586bdac28e66a2544b43,fourier,,16384,240,64,paced,pilot-01,1,workload-0003-repeat-01.csv,24f7278ea18d49fb052cdae4f70c804b4d89d32c84a24c4f74cf565d300a2c67,7432.04345703125,870875.0,256,1030791.0,1652583.0,2,23,960
Modules,3,ad0d715eeae72d398e806d3ecdd6bad0c888f71888b7586bdac28e66a2544b43,fourier,,16384,240,64,paced,pilot-02,0,workload-0003-repeat-00.csv,11c412a0a7ae72047aef47eb9a8c8511104185cd831cf69ad12271341113cb06,7507.504524739584,864625.0,256,972792.0,1095708.0,0,2,960
Modules,3,ad0d715eeae72d398e806d3ecdd6bad0c888f71888b7586bdac28e66a2544b43,fourier,,16384,240,64,paced,pilot-02,1,workload-0003-repeat-01.csv,fcacb014654470adb3833864600220d1da9544b8033d64da399c352300c02840,7517.027164713541,860875.0,256,967625.0,3961250.0,3,8,960
Modules,4,6755b93b447ee07e8880c303929a1b6d7fca726264de2a965e76ab6f7a395bff,fourier,,16384,240,64,paced,pilot-01,0,workload-0004-repeat-00.csv,01ac9f170bbb21ea991f1599c4b00798f7979773d5618569ed3343276f02c3ba,8088.00634765625,1014584.0,256,1144500.0,1593166.0,3,68,960
Modules,4,6755b93b447ee07e8880c303929a1b6d7fca726264de2a965e76ab6f7a395bff,fourier,,16384,240,64,paced,pilot-01,1,workload-0004-repeat-01.csv,077c8e4e0abf3427321ae73459656616e819a90eda9a75718d5e74602fe6c3c7,7905.668098958334,1011229.0,256,1173417.0,2398667.0,3,71,960
Modules,4,6755b93b447ee07e8880c303929a1b6d7fca726264de2a965e76ab6f7a395bff,fourier,,16384,240,64,paced,pilot-02,0,workload-0004-repeat-00.csv,e763f6ee4da6ed23ce8bcfe6c3b5b45707ce416066f03ccd6d4c2c9d7adc8377,8119.610758463542,1010687.5,256,1167750.0,1367041.0,1,71,960
Modules,4,6755b93b447ee07e8880c303929a1b6d7fca726264de2a965e76ab6f7a395bff,fourier,,16384,240,64,paced,pilot-02,1,workload-0004-repeat-01.csv,8949e96f93463cf5e8e78ce66e5fbcac6a16f6451ca4007932a9937e31e66346,7769.641764322917,1002667.0,256,1135833.0,1512666.0,1,73,960
Modules,5,8765d96ac498036be34ccf897ad4eb67b0a719e6617ace55af61c8190e21abec,fourier,,16384,240,64,paced,pilot-01,0,workload-0005-repeat-00.csv,a120f0a1f5585b35b9c11008ede1f2a23ad985d27a4af0828b7e6b827f6c7fab,4880.925406901041,635395.5,256,711500.0,878417.0,0,0,960
Modules,5,8765d96ac498036be34ccf897ad4eb67b0a719e6617ace55af61c8190e21abec,fourier,,16384,240,64,paced,pilot-01,1,workload-0005-repeat-01.csv,9b67c04a661062ddcd6f0b62ae01fd0471d15274294f3fc7fc2025a9968c1267,4866.421028645834,637834.0,256,759083.0,1198334.0,0,2,960
Modules,5,8765d96ac498036be34ccf897ad4eb67b0a719e6617ace55af61c8190e21abec,fourier,,16384,240,64,paced,pilot-02,0,workload-0005-repeat-00.csv,48cabf09d8d06e3f3df7ba4f4bd1e13582cb52dbfa0705b92c0c61baefb40ad2,8783.021175130209,1196584.0,256,1346667.0,2731083.0,24,158,960
Modules,5,8765d96ac498036be34ccf897ad4eb67b0a719e6617ace55af61c8190e21abec,fourier,,16384,240,64,paced,pilot-02,1,workload-0005-repeat-01.csv,9fa30104f2e13bf2ee715e3cffc75c0a9a405a08ee5a466c80f242344b7f5a83,8673.126497395833,1196812.5,256,1378708.0,3769958.0,30,151,960
Modules,6,4dee54b5a068f7f26419e89b5c8d6567f911f14173c3bd76998317f451097af2,fourier,,16384,240,64,paced,pilot-01,0,workload-0006-repeat-00.csv,34449b5caa952d6202f2acaed7b7c0e9a130c68a83a8a23b48bd8e01ff24dd10,8185.8587890625,1055375.0,256,1145208.0,1412416.0,1,88,960
Modules,6,4dee54b5a068f7f26419e89b5c8d6567f911f14173c3bd76998317f451097af2,fourier,,16384,240,64,paced,pilot-01,1,workload-0006-repeat-01.csv,6991eca99fb48dc19f63dad34e34fe07434432c2c7e0ad36922a3e0fa6d6fb8e,4498.903125,536417.0,256,647208.0,1414667.0,1,1,960
Modules,6,4dee54b5a068f7f26419e89b5c8d6567f911f14173c3bd76998317f451097af2,fourier,,16384,240,64,paced,pilot-02,0,workload-0006-repeat-00.csv,3b56627571ae8ccaf37682cb51a5d0f606c00db6c123df768fa0021050d11c9b,7354.824641927084,1032375.0,256,1173667.0,1419333.0,2,86,960
Modules,6,4dee54b5a068f7f26419e89b5c8d6567f911f14173c3bd76998317f451097af2,fourier,,16384,240,64,paced,pilot-02,1,workload-0006-repeat-01.csv,278fac37be31e75b90d336361f90fb859b246f3646653b9a8199d84bd89f54cd,6926.991259765625,917000.5,256,1236792.0,2812250.0,5,61,960
Modules,7,934414cbaeab76ff72cc4ec15adbd4a47c88f923eb191ef5363156d5b42dc68b,fourier,,16384,240,64,paced,pilot-01,0,workload-0007-repeat-00.csv,2e0d5036220d4c8468888cfea6cf9cbb299bdb846ae7e9aca18fd0382b86a963,8868.041536458333,1267500.0,256,1454000.0,2848541.0,49,151,960
Modules,7,934414cbaeab76ff72cc4ec15adbd4a47c88f923eb191ef5363156d5b42dc68b,fourier,,16384,240,64,paced,pilot-01,1,workload-0007-repeat-01.csv,57fa63fa8c8ad81db28cb77c14ae2483e49c9e174e94146f17d690398e215566,7978.873860677083,1126708.5,256,1406709.0,1719667.0,39,114,960
Modules,7,934414cbaeab76ff72cc4ec15adbd4a47c88f923eb191ef5363156d5b42dc68b,fourier,,16384,240,64,paced,pilot-02,0,workload-0007-repeat-00.csv,493f38e9b529f49bd8302b833ba42008a7031c82853ac5bbde0d6391f89ef61c,8308.221370442709,1238708.0,256,1415083.0,1676750.0,50,160,960
Modules,7,934414cbaeab76ff72cc4ec15adbd4a47c88f923eb191ef5363156d5b42dc68b,fourier,,16384,240,64,paced,pilot-02,1,workload-0007-repeat-01.csv,634e3f593498de0fb05bc187ab8c47e5ee0267b389026358dbfc0fbecf2afc5a,8916.764388020832,1256729.0,256,1411042.0,5051459.0,58,158,960
Modules,8,8e42202114d8a039ca5159bb4b579cedf4fc93fa9223629a82cd78b91c193075,spectre,,2048,1024,64,paced,pilot-01,0,workload-0008-repeat-00.csv,e81c1238b516c1367bb609b6870e80d572365607716a488ba8a527881e24a425,243.1091537475586,28500.0,256,66458.0,326750.0,0,3,4096
Modules,8,8e42202114d8a039ca5159bb4b579cedf4fc93fa9223629a82cd78b91c193075,spectre,,2048,1024,64,paced,pilot-01,1,workload-0008-repeat-01.csv,01e29542e224f655c9c54a935a19c73dbbafd5a29d1c684a01eeafed35ab8a64,237.50481033325195,27833.5,256,28792.0,586625.0,0,3,4096
Modules,8,8e42202114d8a039ca5159bb4b579cedf4fc93fa9223629a82cd78b91c193075,spectre,,2048,1024,64,paced,pilot-02,0,workload-0008-repeat-00.csv,656a94ba9af561b2705055ad9c5d5e26f668572fdbaa46fb723cc60007e39f45,256.58315658569336,27667.0,256,29250.0,760625.0,0,0,4096
Modules,8,8e42202114d8a039ca5159bb4b579cedf4fc93fa9223629a82cd78b91c193075,spectre,,2048,1024,64,paced,pilot-02,1,workload-0008-repeat-01.csv,a89f52cce0bf01423a75db742ac6cbfdff5ac2b8a4067c3b2bfebd605ddfed14,247.11085510253906,27583.0,256,28083.0,91000.0,0,0,4096
Scaling,0,b5c7dbb1f37fa4c7e76866ab2c977d98c6d2b6228cdd3c97156f882b851260cd,core-matched-distributed-float,,2048,1024,16,continuous,pilot-01,0,workload-0000-repeat-00.csv,1597f839eda766361e9fbfefbe0791c25e451723e4e5d29741561179d5e09dc5,66.71567916870117,1292.0,256,3375.0,74458.0,0,,16384
Scaling,0,b5c7dbb1f37fa4c7e76866ab2c977d98c6d2b6228cdd3c97156f882b851260cd,core-matched-distributed-float,,2048,1024,16,continuous,pilot-01,1,workload-0000-repeat-01.csv,351c042a648e1deb6818c6bdf88ac72c39961d8a9a430348d79d13e5d21b0de1,52.302032470703125,917.0,256,3333.0,53042.0,0,,16384
Scaling,0,b5c7dbb1f37fa4c7e76866ab2c977d98c6d2b6228cdd3c97156f882b851260cd,core-matched-distributed-float,,2048,1024,16,continuous,pilot-02,0,workload-0000-repeat-00.csv,70fe274d86a37753cecfdf402023488a0497763316f2774848189167273c906f,44.74238967895508,834.0,256,3416.0,52291.0,0,,16384
Scaling,0,b5c7dbb1f37fa4c7e76866ab2c977d98c6d2b6228cdd3c97156f882b851260cd,core-matched-distributed-float,,2048,1024,16,continuous,pilot-02,1,workload-0000-repeat-01.csv,9b1184fbc79af21f6053a060d749ad3406dafbb3ee00987834cbd0e7d2b79ada,70.19226455688477,2667.0,256,2709.0,96083.0,0,,16384
Scaling,1,57686f85a542feb69525296ba97b62f7267623b7fa00701e7d17ee6e67248a4c,core-matched-distributed-float,,2048,1024,256,continuous,pilot-01,0,workload-0001-repeat-00.csv,ffa1534294c82651fb529a826cc2483439f7230896efe6e10a201bd3d3f77018,60.914207458496094,14459.0,256,46833.0,83542.0,0,,1024
Scaling,1,57686f85a542feb69525296ba97b62f7267623b7fa00701e7d17ee6e67248a4c,core-matched-distributed-float,,2048,1024,256,continuous,pilot-01,1,workload-0001-repeat-01.csv,1d85077ef0b0098e784aa4f7681ff80d5a759f0067ea2a0ee58abe78c2b14165,57.73627471923828,14375.0,256,33000.0,129583.0,0,,1024
Scaling,1,57686f85a542feb69525296ba97b62f7267623b7fa00701e7d17ee6e67248a4c,core-matched-distributed-float,,2048,1024,256,continuous,pilot-02,0,workload-0001-repeat-00.csv,54357366d8eb2b2856f8e7977843ca3e19dc3195ae12254aba10796edf88020d,60.022064208984375,12291.0,256,57833.0,86291.0,0,,1024
Scaling,1,57686f85a542feb69525296ba97b62f7267623b7fa00701e7d17ee6e67248a4c,core-matched-distributed-float,,2048,1024,256,continuous,pilot-02,1,workload-0001-repeat-01.csv,cea1aa5505bbd63e1963a86515c88c15066ec8e678c130881af893ba12e5243d,54.538734436035156,9417.0,256,57834.0,86958.0,0,,1024
Scaling,2,f1fe87766d02e529e07e245c743aa5aa8804eaec3b750004e1ced9eb21b14c00,core-matched-distributed-float,,1024,512,64,continuous,pilot-01,0,workload-0002-repeat-00.csv,957660e28fff5cf255f57f3e646580dfc40e32975b4453239ce00024addb636d,85.51366424560547,5687.5,256,20875.0,54709.0,0,,2048
Scaling,2,f1fe87766d02e529e07e245c743aa5aa8804eaec3b750004e1ced9eb21b14c00,core-matched-distributed-float,,1024,512,64,continuous,pilot-01,1,workload-0002-repeat-01.csv,9b483781a6c2421728e8b49262e1ab5a64382a79ad978a89a4d246260daf08da,76.37522888183594,9791.0,256,20834.0,71542.0,0,,2048
Scaling,2,f1fe87766d02e529e07e245c743aa5aa8804eaec3b750004e1ced9eb21b14c00,core-matched-distributed-float,,1024,512,64,continuous,pilot-02,0,workload-0002-repeat-00.csv,55f366de66c490b25b0b51be21364f9e24d0374573fa3d206680d9b5b6f47860,85.5645751953125,9791.0,256,20834.0,115125.0,0,,2048
Scaling,2,f1fe87766d02e529e07e245c743aa5aa8804eaec3b750004e1ced9eb21b14c00,core-matched-distributed-float,,1024,512,64,continuous,pilot-02,1,workload-0002-repeat-01.csv,a444142bfe19ab28081eb3d83736643fb2fbb9ed50a09826f7ead41fb19414aa,78.82760620117188,2375.0,256,20875.0,58084.0,0,,2048
Scaling,3,acc2f95e237ed90d3f980fa8deac9ec4aed92fc4b760b0c72051d056ea0ab73b,core-matched-distributed-float,,4096,2048,64,continuous,pilot-01,0,workload-0003-repeat-00.csv,8f3790d24efa4fdda7668617ec52a6b701fd860a03f7c2b06c0b6645430c1987,48.357099533081055,4292.0,256,6542.0,65042.0,0,,8192
Scaling,3,acc2f95e237ed90d3f980fa8deac9ec4aed92fc4b760b0c72051d056ea0ab73b,core-matched-distributed-float,,4096,2048,64,continuous,pilot-01,1,workload-0003-repeat-01.csv,cafbce4d57d4990c4aa47ae9b52346863eec3f7067aa5bc89e593cbfdea43d47,49.705223083496094,4292.0,256,7500.0,54042.0,0,,8192
Scaling,3,acc2f95e237ed90d3f980fa8deac9ec4aed92fc4b760b0c72051d056ea0ab73b,core-matched-distributed-float,,4096,2048,64,continuous,pilot-02,0,workload-0003-repeat-00.csv,655908d24b3b90dadbe142df6b957f88966abebaede9da27a77ac7c4a4c17f19,43.70462226867676,3709.0,256,10667.0,101292.0,0,,8192
Scaling,3,acc2f95e237ed90d3f980fa8deac9ec4aed92fc4b760b0c72051d056ea0ab73b,core-matched-distributed-float,,4096,2048,64,continuous,pilot-02,1,workload-0003-repeat-01.csv,4d0e8a6b14bf7f987ae851471efeb8f235db5d64ea98508c1f468f18b91ed040,49.218149185180664,4292.0,256,6666.0,66417.0,0,,8192
Scaling,4,d6bcf21e7c558d8ef97c3938699c8866b97700aa474d6f6d3eb4bea398b8c77e,core-matched-distributed-double,,2048,1024,16,continuous,pilot-01,0,workload-0004-repeat-00.csv,23135fdf8d3f5fc582530c0c754bb253bcdb0fd8014812335287296fe60f78c8,63.40109634399414,1250.0,256,3333.0,64833.0,0,,16384
Scaling,4,d6bcf21e7c558d8ef97c3938699c8866b97700aa474d6f6d3eb4bea398b8c77e,core-matched-distributed-double,,2048,1024,16,continuous,pilot-01,1,workload-0004-repeat-01.csv,51b25f19bf123ffa62532a1d0867efb39b000157300b94555cc0e7c8663761a0,65.7389907836914,1459.0,256,2750.0,55958.0,0,,16384
Scaling,4,d6bcf21e7c558d8ef97c3938699c8866b97700aa474d6f6d3eb4bea398b8c77e,core-matched-distributed-double,,2048,1024,16,continuous,pilot-02,0,workload-0004-repeat-00.csv,9b6d2d91b4d201763a130a3d3e74cd5793b97b8817a3a8eed1fc1bae8a2e55b6,61.22610855102539,1292.0,256,3333.0,51375.0,0,,16384
Scaling,4,d6bcf21e7c558d8ef97c3938699c8866b97700aa474d6f6d3eb4bea398b8c77e,core-matched-distributed-double,,2048,1024,16,continuous,pilot-02,1,workload-0004-repeat-01.csv,1a0e4e2d9c2ecb9faaac3f126a999ac883886c965fa7fe952c68c8ed2a5b6c75,49.42738342285156,1083.0,256,2750.0,49500.0,0,,16384
Scaling,5,729bccd5df1604c05a38e331b5f18be2b73f2726cac67b5448a44cf91ba62b6e,core-matched-distributed-double,,2048,1024,256,continuous,pilot-01,0,workload-0005-repeat-00.csv,9e7f9d0cc6483ceb8bfb01997b20228572338ef53e94cf275880dc9cea7ec3e5,44.9155158996582,11000.0,256,45500.0,85958.0,0,,1024
Scaling,5,729bccd5df1604c05a38e331b5f18be2b73f2726cac67b5448a44cf91ba62b6e,core-matched-distributed-double,,2048,1024,256,continuous,pilot-01,1,workload-0005-repeat-01.csv,b1cf848a7887029285348be2d621d92962c7dfbfd7277cda510dfb78b22b59aa,62.96919250488281,14645.5,256,59500.0,71125.0,0,,1024
Scaling,5,729bccd5df1604c05a38e331b5f18be2b73f2726cac67b5448a44cf91ba62b6e,core-matched-distributed-double,,2048,1024,256,continuous,pilot-02,0,workload-0005-repeat-00.csv,8f1c2a6e207cbf83a804cf871c249f7e07f69f05509b2a57911bc08f00ee5512,45.5927848815918,9542.0,256,59500.0,104000.0,0,,1024
Scaling,5,729bccd5df1604c05a38e331b5f18be2b73f2726cac67b5448a44cf91ba62b6e,core-matched-distributed-double,,2048,1024,256,continuous,pilot-02,1,workload-0005-repeat-01.csv,a20ee54a0242f50fa74f8647ed701522968251e5c1f3222fc233fce204edc160,73.49101257324219,28000.0,256,59542.0,74417.0,0,,1024
Scaling,6,d05bf49a1a839ed02c5a190937b00b73ecec20e62b1c1f1222c65241c27818fa,core-matched-distributed-double,,1024,512,64,continuous,pilot-01,0,workload-0006-repeat-00.csv,04612b8c5be75300edcad6a0853b6d4548ae8927ffcc5266a846155f948e2d6f,94.75392150878906,5833.0,256,21125.0,80125.0,0,,2048
Scaling,6,d05bf49a1a839ed02c5a190937b00b73ecec20e62b1c1f1222c65241c27818fa,core-matched-distributed-double,,1024,512,64,continuous,pilot-01,1,workload-0006-repeat-01.csv,9f65464c27bf0b6f2a8b8e83d5628229d38f80e67f2c03fb56db5e9c313e83d9,83.10638427734375,5750.0,256,21042.0,67166.0,0,,2048
Scaling,6,d05bf49a1a839ed02c5a190937b00b73ecec20e62b1c1f1222c65241c27818fa,core-matched-distributed-double,,1024,512,64,continuous,pilot-02,0,workload-0006-repeat-00.csv,8364f580c40547490d546bb142532da489e9081aa97a7940f8f2ec3c16e3b688,95.21456146240234,5667.0,256,21000.0,123000.0,0,,2048
Scaling,6,d05bf49a1a839ed02c5a190937b00b73ecec20e62b1c1f1222c65241c27818fa,core-matched-distributed-double,,1024,512,64,continuous,pilot-02,1,workload-0006-repeat-01.csv,aea36e4e6264c855913dfc067d5d763af026181102b52dc20f89a77e661a1af0,113.16465759277344,12000.0,256,21083.0,66417.0,0,,2048
Scaling,7,7bd001d5c07425a738207ba191455586cd4bdac5b11fbb323c6ad75622619ca6,core-matched-distributed-double,,4096,2048,64,continuous,pilot-01,0,workload-0007-repeat-00.csv,e605f084401fafb5e6da99dec486762930c27c0dd5761a2d15d986bc352ca411,50.03620147705078,4417.0,256,6334.0,118792.0,0,,8192
Scaling,7,7bd001d5c07425a738207ba191455586cd4bdac5b11fbb323c6ad75622619ca6,core-matched-distributed-double,,4096,2048,64,continuous,pilot-01,1,workload-0007-repeat-01.csv,913898eec8778e7fbfd405cd584b47e2c6edf920b1d0fc31d3dd284f1a162a3e,49.69306182861328,4375.0,256,7792.0,68500.0,0,,8192
Scaling,7,7bd001d5c07425a738207ba191455586cd4bdac5b11fbb323c6ad75622619ca6,core-matched-distributed-double,,4096,2048,64,continuous,pilot-02,0,workload-0007-repeat-00.csv,90432bcb036afa4a54cb08b6512ba625ba397acfb06ddd866e252dcb5f7bff02,35.46328544616699,2375.0,256,11292.0,55334.0,0,,8192
Scaling,7,7bd001d5c07425a738207ba191455586cd4bdac5b11fbb323c6ad75622619ca6,core-matched-distributed-double,,4096,2048,64,continuous,pilot-02,1,workload-0007-repeat-01.csv,eaf29659479e28f37001076f18fe0c4c4238c41ea88821b0008034dd2bb86577,36.39607620239258,3375.0,256,3833.0,21584.0,0,,8192
Scaling,8,9a521c4ca5854ad7b0c0180d827be8245f8d7010a9fe6c7781d02b3f7499180b,vdsp-native-hybrid-float,,2048,1024,16,continuous,pilot-01,0,workload-0008-repeat-00.csv,e8cbbaee20336186cd877b6383dad5ebbc46f0e79c1b9c11517a64e0501a3942,39.15690612792969,2625.0,256,2625.0,44959.0,0,,16384
Scaling,8,9a521c4ca5854ad7b0c0180d827be8245f8d7010a9fe6c7781d02b3f7499180b,vdsp-native-hybrid-float,,2048,1024,16,continuous,pilot-01,1,workload-0008-repeat-01.csv,af153cf4a00253738b16ee67f69d0dcbb3312f376e2748e96e4222c14bef5036,50.049373626708984,3791.5,256,3250.0,52458.0,0,,16384
Scaling,8,9a521c4ca5854ad7b0c0180d827be8245f8d7010a9fe6c7781d02b3f7499180b,vdsp-native-hybrid-float,,2048,1024,16,continuous,pilot-02,0,workload-0008-repeat-00.csv,2bc735d18dd99c661a2920cbc721c19cae84b67b9a24051b13f76cd7c06d103d,45.57912063598633,2375.0,256,2334.0,58958.0,0,,16384
Scaling,8,9a521c4ca5854ad7b0c0180d827be8245f8d7010a9fe6c7781d02b3f7499180b,vdsp-native-hybrid-float,,2048,1024,16,continuous,pilot-02,1,workload-0008-repeat-01.csv,741474c2ba83515f376b5cdda281669051ac87c027671f5d45d726e571c4041d,38.545997619628906,2709.0,256,2708.0,57333.0,0,,16384
Scaling,9,9cad96e7d2da4e48e7ed9623bd0e77377525d12a56732fed54543a7c559c4aa3,vdsp-native-hybrid-float,,2048,1024,256,continuous,pilot-01,0,workload-0009-repeat-00.csv,c905dd44e00524b4387c0039b374abeea30798a3f8b858c82cdda0be45c2783c,51.88812255859375,15000.0,256,34333.0,103958.0,0,,1024
Scaling,9,9cad96e7d2da4e48e7ed9623bd0e77377525d12a56732fed54543a7c559c4aa3,vdsp-native-hybrid-float,,2048,1024,256,continuous,pilot-01,1,workload-0009-repeat-01.csv,269c16a2e4434385c34e755bdc93c5a1af0352799312ebeb559ee39c3ccfb20f,52.633541107177734,14833.0,256,35542.0,176542.0,0,,1024
Scaling,9,9cad96e7d2da4e48e7ed9623bd0e77377525d12a56732fed54543a7c559c4aa3,vdsp-native-hybrid-float,,2048,1024,256,continuous,pilot-02,0,workload-0009-repeat-00.csv,a9f5631d8e2b1b590f67e4834c1905fffb3419e7eaeaeeb8b2b654676826ac09,57.10421371459961,12167.0,256,35083.0,162750.0,0,,1024
Scaling,9,9cad96e7d2da4e48e7ed9623bd0e77377525d12a56732fed54543a7c559c4aa3,vdsp-native-hybrid-float,,2048,1024,256,continuous,pilot-02,1,workload-0009-repeat-01.csv,292066f22ecb8908844f099150832dd1fe11b0878001d617556f13a80fccc8d5,46.00513458251953,16583.0,256,20209.0,85125.0,0,,1024
Scaling,10,f723033d13fdc3186a257f2619fa80aeb7c5efcf01c2d3850e279e632ef7fdd8,vdsp-native-hybrid-float,,1024,512,64,continuous,pilot-01,0,workload-0010-repeat-00.csv,d113f42af6c2f879d3c0a42dd3ca57d74282729d69531b1d25cc3c8dca40be82,57.01116180419922,4084.0,256,10459.0,57542.0,0,,2048
Scaling,10,f723033d13fdc3186a257f2619fa80aeb7c5efcf01c2d3850e279e632ef7fdd8,vdsp-native-hybrid-float,,1024,512,64,continuous,pilot-01,1,workload-0010-repeat-01.csv,4b3105f638559ef9766ad44eb8971c325e2db06bbbeb3f4b09e6198f7b02ab16,73.2613525390625,5000.0,256,10625.0,86875.0,0,,2048
Scaling,10,f723033d13fdc3186a257f2619fa80aeb7c5efcf01c2d3850e279e632ef7fdd8,vdsp-native-hybrid-float,,1024,512,64,continuous,pilot-02,0,workload-0010-repeat-00.csv,ffe4ed57a93cf3e56182f352bd714258ffe5a4fa0a733296fa18b7c78005e5e3,67.78170013427734,6000.0,256,10583.0,85959.0,0,,2048
Scaling,10,f723033d13fdc3186a257f2619fa80aeb7c5efcf01c2d3850e279e632ef7fdd8,vdsp-native-hybrid-float,,1024,512,64,continuous,pilot-02,1,workload-0010-repeat-01.csv,bb5ad5c33c993e78c02d012f53fc9c4220a1df342960a9336dc1aa49ff23eaae,75.13078308105469,5000.0,256,10625.0,82292.0,0,,2048
Scaling,11,6bf6aa414c16c78e209a80a105b5822f0d252c21c5c49f25c2b61b9c95b46b17,vdsp-native-hybrid-float,,4096,2048,64,continuous,pilot-01,0,workload-0011-repeat-00.csv,5a73709b62d878a7cc00dfe30b060040744fc8e981f6e487bc1322007dc6e58b,38.21311378479004,7541.0,256,7625.0,63375.0,0,,8192
Scaling,11,6bf6aa414c16c78e209a80a105b5822f0d252c21c5c49f25c2b61b9c95b46b17,vdsp-native-hybrid-float,,4096,2048,64,continuous,pilot-01,1,workload-0011-repeat-01.csv,049dd37884be2f2562f69634c70c7233b97fcb2c814d11efa84a86b474f3002c,30.98041534423828,5625.0,256,7000.0,103875.0,0,,8192
Scaling,11,6bf6aa414c16c78e209a80a105b5822f0d252c21c5c49f25c2b61b9c95b46b17,vdsp-native-hybrid-float,,4096,2048,64,continuous,pilot-02,0,workload-0011-repeat-00.csv,ebaa0a1c32c663ec2b7e739fac29e9e4e353e3cea72e08bb84f917f96d6fc0f1,31.017541885375977,4292.0,256,7792.0,55708.0,0,,8192
Scaling,11,6bf6aa414c16c78e209a80a105b5822f0d252c21c5c49f25c2b61b9c95b46b17,vdsp-native-hybrid-float,,4096,2048,64,continuous,pilot-02,1,workload-0011-repeat-01.csv,309d91b553659b3b3569df71e22c9209498f6a8244886bc6f8cb79c8a67255b3,45.982200622558594,7542.0,256,7584.0,65459.0,0,,8192
Scaling,12,26940af2bd2f70a5de739e73ab122140a93378be8a581644a0bd9fbf854b283b,vdsp-native-hybrid-double,,2048,1024,16,continuous,pilot-01,0,workload-0012-repeat-00.csv,87f10a86e1cfd8b5ce42067cae0db8347209da1a4657bab87c7ae30f75966935,51.111392974853516,6833.5,256,6708.0,54375.0,0,,16384
Scaling,12,26940af2bd2f70a5de739e73ab122140a93378be8a581644a0bd9fbf854b283b,vdsp-native-hybrid-double,,2048,1024,16,continuous,pilot-01,1,workload-0012-repeat-01.csv,169613f6a0bc9de477931aefe77a0f6f326fde89cbb71d19c47297e3113e8949,50.31440353393555,6667.0,256,6500.0,52417.0,0,,16384
Scaling,12,26940af2bd2f70a5de739e73ab122140a93378be8a581644a0bd9fbf854b283b,vdsp-native-hybrid-double,,2048,1024,16,continuous,pilot-02,0,workload-0012-repeat-00.csv,8c21fbcd3970326fdb4f830111fae51f4b187521d6cf508fe2fe67ac4e02e2d1,50.34658432006836,6500.0,256,6500.0,54708.0,0,,16384
Scaling,12,26940af2bd2f70a5de739e73ab122140a93378be8a581644a0bd9fbf854b283b,vdsp-native-hybrid-double,,2048,1024,16,continuous,pilot-02,1,workload-0012-repeat-01.csv,389193e39fbcf40fb7906ba04143ccaccbc382973295fb7eaee0a2c6c632ec3b,48.26810073852539,6542.0,256,6500.0,126875.0,0,,16384
Scaling,13,9a79f42803546f65f237a74763184caae9e33f893cdb153ad32ce5f344da71e8,vdsp-native-hybrid-double,,2048,1024,256,continuous,pilot-01,0,workload-0013-repeat-00.csv,44b8ba4d96c44aa8c94a52e780d758db38e0d0b65389f99a4fa38ec4fce47673,53.56486892700195,17937.5,256,46208.0,98833.0,0,,1024
Scaling,13,9a79f42803546f65f237a74763184caae9e33f893cdb153ad32ce5f344da71e8,vdsp-native-hybrid-double,,2048,1024,256,continuous,pilot-01,1,workload-0013-repeat-01.csv,e20fb8a86ce1d83eb6024b77eb91a8fbcc138807fc658cba9c80fee44a9e5d06,43.55965805053711,14562.5,256,21541.0,62792.0,0,,1024
Scaling,13,9a79f42803546f65f237a74763184caae9e33f893cdb153ad32ce5f344da71e8,vdsp-native-hybrid-double,,2048,1024,256,continuous,pilot-02,0,workload-0013-repeat-00.csv,cc80c317daa6d39f6edc59c0e2d9d05a4bf1b56ef427608bf9b385073f78dc40,53.63991165161133,14667.0,256,46583.0,160042.0,0,,1024
Scaling,13,9a79f42803546f65f237a74763184caae9e33f893cdb153ad32ce5f344da71e8,vdsp-native-hybrid-double,,2048,1024,256,continuous,pilot-02,1,workload-0013-repeat-01.csv,2bacf02e43420aca51c7cb9292c210d842ae7a0f45218d8078635b9e363bc5ae,52.70586395263672,21500.0,256,26209.0,91917.0,0,,1024
Scaling,14,735c8ee478eba92fd28bb5e1d1149a43e07eae2e9ef05f868652373001d02c4c,vdsp-native-hybrid-double,,1024,512,64,continuous,pilot-01,0,workload-0014-repeat-00.csv,1cc6848b3a8800a969856edd93321e75ef1cc98f27f414ba11cd954d3a39d4fc,73.77416229248047,7395.5,256,15792.0,132333.0,0,,2048
Scaling,14,735c8ee478eba92fd28bb5e1d1149a43e07eae2e9ef05f868652373001d02c4c,vdsp-native-hybrid-double,,1024,512,64,continuous,pilot-01,1,workload-0014-repeat-01.csv,46b958a143fc245736c61c90fdd8ad6da467b0b50bde98beccad50fd3908407a,67.7668685913086,7458.0,256,15875.0,67458.0,0,,2048
Scaling,14,735c8ee478eba92fd28bb5e1d1149a43e07eae2e9ef05f868652373001d02c4c,vdsp-native-hybrid-double,,1024,512,64,continuous,pilot-02,0,workload-0014-repeat-00.csv,741fd7bfa3cc37166682e480e9a906df54b10c2e763fcae86a09369335f8d812,58.65895080566406,7333.0,256,15750.0,54833.0,0,,2048
Scaling,14,735c8ee478eba92fd28bb5e1d1149a43e07eae2e9ef05f868652373001d02c4c,vdsp-native-hybrid-double,,1024,512,64,continuous,pilot-02,1,workload-0014-repeat-01.csv,c183ac3ec5027767f741f2a321deb7cd5dc5a9b784e5fcd5d0fe8eb53488d521,57.456756591796875,7333.0,256,15667.0,49875.0,0,,2048
Scaling,15,5711812d32d5d0caddccc750586d90059dc3f33ffea96f0e0c3fb97b11b55c58,vdsp-native-hybrid-double,,4096,2048,64,continuous,pilot-01,0,workload-0015-repeat-00.csv,28c3f2da36d93e1c7450d5a65a0a95067c475ebd6dd716867ef6dd5123d2f07e,39.8322696685791,15645.5,256,15875.0,102500.0,0,,8192
Scaling,15,5711812d32d5d0caddccc750586d90059dc3f33ffea96f0e0c3fb97b11b55c58,vdsp-native-hybrid-double,,4096,2048,64,continuous,pilot-01,1,workload-0015-repeat-01.csv,b08c96ddd3a5733d3b0355372a36e4cc0c152565d74926a23f9ed20e24019b76,38.25307083129883,15541.0,256,15792.0,58792.0,0,,8192
Scaling,15,5711812d32d5d0caddccc750586d90059dc3f33ffea96f0e0c3fb97b11b55c58,vdsp-native-hybrid-double,,4096,2048,64,continuous,pilot-02,0,workload-0015-repeat-00.csv,14061162db20b0f04873aba61a512870804e47e80bb23b7e8ddf3f75df64c74c,28.378616333007812,10417.0,256,11625.0,95625.0,0,,8192
Scaling,15,5711812d32d5d0caddccc750586d90059dc3f33ffea96f0e0c3fb97b11b55c58,vdsp-native-hybrid-double,,4096,2048,64,continuous,pilot-02,1,workload-0015-repeat-01.csv,856540b0890bf718299029f9510447ebc41491e88edbee6aa97d9750e31c657c,40.29693603515625,15562.5,256,15792.0,97292.0,0,,8192
Stress,0,6a9012e33b0383109b7f731b58ea8b251981029f95893bccba84cc6649faaa77,core-matched-distributed-float,,2048,509,64,continuous,pilot-01,0,workload-0000-repeat-00.csv,ce40afaac80bab1f7b89e679e3fa59be9b38e16f8b20185b1d2f27cec2194089,137.19852038310412,8833.0,256,40125.0,117250.0,0,,2036
Stress,0,6a9012e33b0383109b7f731b58ea8b251981029f95893bccba84cc6649faaa77,core-matched-distributed-float,,2048,509,64,continuous,pilot-01,1,workload-0000-repeat-01.csv,ae1d76901b6ab61e3bef6d50b2dd2d490609fae5ffc57c907400883873dcf357,129.50832668222003,11875.0,256,19834.0,80500.0,0,,2036
Stress,0,6a9012e33b0383109b7f731b58ea8b251981029f95893bccba84cc6649faaa77,core-matched-distributed-float,,2048,509,64,continuous,pilot-02,0,workload-0000-repeat-00.csv,c781b3d9d1192d11fdde5d6a3f5ab495f076fc0e086b64e8e5e03a5cebf49528,176.4385283644401,17625.5,256,40500.0,117041.0,0,,2036
Stress,0,6a9012e33b0383109b7f731b58ea8b251981029f95893bccba84cc6649faaa77,core-matched-distributed-float,,2048,509,64,continuous,pilot-02,1,workload-0000-repeat-01.csv,614ded5f8e16dd80359e20e176785fdbad6f91e7cabb3921164737416c9aeca4,133.8313559061886,8083.0,256,39917.0,115625.0,0,,2036
Stress,1,a7010e45d694e5d53f6c933f7bb3310d70eb0c9f9edb7d28964f58c8be9862d5,core-matched-distributed-float,,16384,257,64,continuous,pilot-01,0,workload-0001-repeat-00.csv,01af0924488fb5d796e914482e05c652ce449f49f2cbf1cd4ac8a268986ea54a,658.6344540369649,56208.0,256,73542.0,75584.0,0,,1028
Stress,1,a7010e45d694e5d53f6c933f7bb3310d70eb0c9f9edb7d28964f58c8be9862d5,core-matched-distributed-float,,16384,257,64,continuous,pilot-01,1,workload-0001-repeat-01.csv,7e95f5dc0615060d01c37499c8e53fa2aa7ef5dbae67a0bdab8c279985b73592,667.5566938229572,56375.0,256,73500.0,76042.0,0,,1028
Stress,1,a7010e45d694e5d53f6c933f7bb3310d70eb0c9f9edb7d28964f58c8be9862d5,core-matched-distributed-float,,16384,257,64,continuous,pilot-02,0,workload-0001-repeat-00.csv,959d5ef975227865ec1e7b2bbc77df779255506751d129e1cbe99d1b83a4d4b7,694.5937196011673,58959.0,256,73875.0,85083.0,0,,1028
Stress,1,a7010e45d694e5d53f6c933f7bb3310d70eb0c9f9edb7d28964f58c8be9862d5,core-matched-distributed-float,,16384,257,64,continuous,pilot-02,1,workload-0001-repeat-01.csv,2a989fe1e4e5cbd086deef50e1b279460e7bc0a49a6bafaa3d341b13b05d3387,699.0191968628404,58791.5,256,74250.0,345750.0,0,,1028
Stress,2,05f7464fcb987c6c68b190298e96e678cbcbc17fb27beca0bdd92c6a5a767c3c,core-matched-distributed-float,,2048,4096,64,continuous,pilot-01,0,workload-0002-repeat-00.csv,347f5bca3ec99e49cffb2967b9911e40c7ede2b5507e49d5e945c65ffdc24514,25.857853889465332,1834.0,256,4375.0,102458.0,0,,16384
Stress,2,05f7464fcb987c6c68b190298e96e678cbcbc17fb27beca0bdd92c6a5a767c3c,core-matched-distributed-float,,2048,4096,64,continuous,pilot-01,1,workload-0002-repeat-01.csv,cbcc9dd2067b7a256c64d8de55d1b78e74633a6be13a7c5607a212e42b080a60,23.50303840637207,1792.0,256,4375.0,62084.0,0,,16384
Stress,2,05f7464fcb987c6c68b190298e96e678cbcbc17fb27beca0bdd92c6a5a767c3c,core-matched-distributed-float,,2048,4096,64,continuous,pilot-02,0,workload-0002-repeat-00.csv,c29a8b23b161d5ed21cae9fdebe7582f213fe77c73d4b45373bf61a827693ea8,24.540444374084473,1833.0,256,2750.0,95542.0,0,,16384
Stress,2,05f7464fcb987c6c68b190298e96e678cbcbc17fb27beca0bdd92c6a5a767c3c,core-matched-distributed-float,,2048,4096,64,continuous,pilot-02,1,workload-0002-repeat-01.csv,ebbca11136763eaf361bcd53468c2f61806c311304e7ea1d63ede7fc43bb67a2,24.84354591369629,1792.0,256,5709.0,101417.0,0,,16384
Stress,3,99d473ae7e60514f1ff0cff47a4a2010e88db8869725815e971c59a090454db4,core-matched-distributed-float,,2048,1024,64,continuous,pilot-01,0,workload-0003-repeat-00.csv,76906340529d208418cb8a03f71509415743c08d122fb01a1583515c91f390fd,66.2356948852539,4875.0,256,13541.0,71083.0,0,,4096
Stress,3,99d473ae7e60514f1ff0cff47a4a2010e88db8869725815e971c59a090454db4,core-matched-distributed-float,,2048,1024,64,continuous,pilot-01,1,workload-0003-repeat-01.csv,b656d415ca2e3eaa6a3fee2be80844ead6797b09f25cad0420dd9c93f4f5d07b,50.06244659423828,4125.0,256,10666.0,65875.0,0,,4096
Stress,3,99d473ae7e60514f1ff0cff47a4a2010e88db8869725815e971c59a090454db4,core-matched-distributed-float,,2048,1024,64,continuous,pilot-02,0,workload-0003-repeat-00.csv,78e3cd74514f89db94d0223b9eb4619e3116eba157961eb3e2b87a83137b4c15,47.33073043823242,4125.0,256,9500.0,66541.0,0,,4096
Stress,3,99d473ae7e60514f1ff0cff47a4a2010e88db8869725815e971c59a090454db4,core-matched-distributed-float,,2048,1024,64,continuous,pilot-02,1,workload-0003-repeat-01.csv,aeaba09df92fca1782b2875bde8ce876584b641e584fd42d485b9fcfbd88d381,52.28363800048828,3167.0,256,22500.0,57292.0,0,,4096
Stress,4,0fc7634ae3caaee3bb0c29672efe284f5807e150e0a4602a46d79987fef0dd97,pffft-native-hybrid-float,,2048,509,64,continuous,pilot-01,0,workload-0004-repeat-00.csv,4b9f4f7341505df748c85d58fdca4fd2afdde2ffeb21e53554bb3c7268aff428,81.90407815569745,8417.0,256,9291.0,124000.0,0,,2036
Stress,4,0fc7634ae3caaee3bb0c29672efe284f5807e150e0a4602a46d79987fef0dd97,pffft-native-hybrid-float,,2048,509,64,continuous,pilot-01,1,workload-0004-repeat-01.csv,a56bd93b2c41f10fdde4d40e736f9792c6b6d7386262a18a3c77594b5be6d68b,95.77137309675835,8083.5,256,18750.0,158625.0,0,,2036
Stress,4,0fc7634ae3caaee3bb0c29672efe284f5807e150e0a4602a46d79987fef0dd97,pffft-native-hybrid-float,,2048,509,64,continuous,pilot-02,0,workload-0004-repeat-00.csv,dd9d9e69141c95ca8e5763596e0c9167ede18a8566c2f53dc005b119c9237c87,82.10737966601178,3583.0,256,18875.0,103875.0,0,,2036
Stress,4,0fc7634ae3caaee3bb0c29672efe284f5807e150e0a4602a46d79987fef0dd97,pffft-native-hybrid-float,,2048,509,64,continuous,pilot-02,1,workload-0004-repeat-01.csv,a08a8140fce27e8c558274d5f28eb11a47ac2d2ab477b2cac1c1dda342d360a4,81.93524373772102,7770.5,256,18500.0,108375.0,0,,2036
Stress,5,12414285ebb7951c97c227cf6deb941ad0dea73904daaf7e9a5e9e724987c8c6,pffft-native-hybrid-float,,16384,257,64,continuous,pilot-01,0,workload-0005-repeat-00.csv,359aab3e94c45c8d41a36ad3486df7203b1f9366d58478406da40840d2bb3d82,282.33365758754866,38916.5,256,53500.0,56083.0,0,,1028
Stress,5,12414285ebb7951c97c227cf6deb941ad0dea73904daaf7e9a5e9e724987c8c6,pffft-native-hybrid-float,,16384,257,64,continuous,pilot-01,1,workload-0005-repeat-01.csv,3ef52d54d37e50f1b7e54a9cc85999fcd43c027051d689b54866842e510bb551,287.92983949416345,39771.0,256,55292.0,57583.0,0,,1028
Stress,5,12414285ebb7951c97c227cf6deb941ad0dea73904daaf7e9a5e9e724987c8c6,pffft-native-hybrid-float,,16384,257,64,continuous,pilot-02,0,workload-0005-repeat-00.csv,0a99ed21bd0a46a5192f395b99a75d11ad450c18881892bf63e312df3d983204,201.9547057392996,28146.0,256,34875.0,36750.0,0,,1028
Stress,5,12414285ebb7951c97c227cf6deb941ad0dea73904daaf7e9a5e9e724987c8c6,pffft-native-hybrid-float,,16384,257,64,continuous,pilot-02,1,workload-0005-repeat-01.csv,dedd6068d6c5b4fc7af008a2de4d1c892b9498051b668b6d59f4f0407add22de,281.8115424367704,38770.5,256,53125.0,55708.0,0,,1028
Stress,6,e2949d4d18ae19bd1b57dfbbcf5861737528ec53c1ddc9d2dfb87710d65226d5,pffft-native-hybrid-float,,2048,4096,64,continuous,pilot-01,0,workload-0006-repeat-00.csv,43bcd738c79ced4d7d734e39660fa7b665dc45634f6f354b2d6003719c57a222,25.44943141937256,3958.0,256,4125.0,73083.0,0,,16384
Stress,6,e2949d4d18ae19bd1b57dfbbcf5861737528ec53c1ddc9d2dfb87710d65226d5,pffft-native-hybrid-float,,2048,4096,64,continuous,pilot-01,1,workload-0006-repeat-01.csv,1c4a4eb6364345a2dacd4dd004767b456bf51894b22d5666f6c7c9431ac5e869,24.89373779296875,3958.0,256,4083.0,63750.0,0,,16384
Stress,6,e2949d4d18ae19bd1b57dfbbcf5861737528ec53c1ddc9d2dfb87710d65226d5,pffft-native-hybrid-float,,2048,4096,64,continuous,pilot-02,0,workload-0006-repeat-00.csv,5ed1a12c18e15b1506bd2c93a98ba70b40b75ee58824e33c4ee49dab3088b07d,18.660259246826172,3083.0,256,3000.0,12667.0,0,,16384
Stress,6,e2949d4d18ae19bd1b57dfbbcf5861737528ec53c1ddc9d2dfb87710d65226d5,pffft-native-hybrid-float,,2048,4096,64,continuous,pilot-02,1,workload-0006-repeat-01.csv,6c7879fd8f4d76e211287f29986e8df6472793e360276bcb3d4929a47d3547ab,23.57986354827881,3416.0,256,7083.0,32583.0,0,,16384
Stress,7,994ef771f4914d35888972209d0edfa57bcf819b8203495900a2905e58930d42,pffft-native-hybrid-float,,2048,1024,64,continuous,pilot-01,0,workload-0007-repeat-00.csv,97b9ed1093bceb7ad76d47f7dfeb3e41ac33d5f8589a8487e7cb40b73b2a363e,45.28946304321289,6916.0,256,8292.0,63000.0,0,,4096
Stress,7,994ef771f4914d35888972209d0edfa57bcf819b8203495900a2905e58930d42,pffft-native-hybrid-float,,2048,1024,64,continuous,pilot-01,1,workload-0007-repeat-01.csv,b9be5f214b7bc6247dcb8759c6c228519ab32b81fa75ba52fec06c3d5b5344d8,65.67099380493164,6334.0,256,15917.0,66083.0,0,,4096
Stress,7,994ef771f4914d35888972209d0edfa57bcf819b8203495900a2905e58930d42,pffft-native-hybrid-float,,2048,1024,64,continuous,pilot-02,0,workload-0007-repeat-00.csv,37dedc505caa4cb6003d342d425db67ab6c49c156316aa362e0964ed81f4f070,63.65213394165039,6959.0,256,14792.0,81041.0,0,,4096
Stress,7,994ef771f4914d35888972209d0edfa57bcf819b8203495900a2905e58930d42,pffft-native-hybrid-float,,2048,1024,64,continuous,pilot-02,1,workload-0007-repeat-01.csv,39e55b4a46cff17855d0e651e32a451afbdaad46a35ef838df363b2030856f35,41.365360260009766,4834.0,256,8041.0,66583.0,0,,4096
Stress,8,42e0cac2418164b4f1bf899e0d6f408f61b9a50aa69a2b63646aa36b102cde8c,vdsp-native-hybrid-float,,2048,509,64,continuous,pilot-01,0,workload-0008-repeat-00.csv,f8fe839f5b8e0d03df2301b6f5d2b4efc3fa6898d78b465ee7dab336985c9162,80.90225933202358,7750.0,256,9833.0,82791.0,0,,2036
Stress,8,42e0cac2418164b4f1bf899e0d6f408f61b9a50aa69a2b63646aa36b102cde8c,vdsp-native-hybrid-float,,2048,509,64,continuous,pilot-01,1,workload-0008-repeat-01.csv,08437786aa401aa711cee217ddfc67cab54b74975699eba3869b936b3add4a7b,78.54682127946955,6750.0,256,16292.0,101291.0,0,,2036
Stress,8,42e0cac2418164b4f1bf899e0d6f408f61b9a50aa69a2b63646aa36b102cde8c,vdsp-native-hybrid-float,,2048,509,64,continuous,pilot-02,0,workload-0008-repeat-00.csv,ad19e8b08e49fd4a672f45e8f94edd68c8e9a9052b21ce656a28594363ce6b09,94.11108638261297,6854.5,256,16875.0,171625.0,0,,2036
Stress,8,42e0cac2418164b4f1bf899e0d6f408f61b9a50aa69a2b63646aa36b102cde8c,vdsp-native-hybrid-float,,2048,509,64,continuous,pilot-02,1,workload-0008-repeat-01.csv,459bd1b762a1638da42693e597640e8a4c6b92babb5c996f1e00eb514c8ed487,113.567526706778,8312.5,256,17500.0,105750.0,0,,2036
Stress,9,f48196b9bd60a124873b702ab6fb7012b18eb072370fd8474f353b2eb28a3a6d,vdsp-native-hybrid-float,,16384,257,64,continuous,pilot-01,0,workload-0009-repeat-00.csv,f2c5dc5a69a93d4effa8999dc6cbda75826616331a0bd3e5defd2b7254276e91,292.04274075875486,30500.0,256,41000.0,42167.0,0,,1028
Stress,9,f48196b9bd60a124873b702ab6fb7012b18eb072370fd8474f353b2eb28a3a6d,vdsp-native-hybrid-float,,16384,257,64,continuous,pilot-01,1,workload-0009-repeat-01.csv,e572a1ebe42b1eaf1e766f8c232c2ffed0ea62f27b317659c4e549854ac6847d,311.8572774805447,30541.5,256,49833.0,102500.0,0,,1028
Stress,9,f48196b9bd60a124873b702ab6fb7012b18eb072370fd8474f353b2eb28a3a6d,vdsp-native-hybrid-float,,16384,257,64,continuous,pilot-02,0,workload-0009-repeat-00.csv,29d080e602d9cb01a78f47d78d06a1978693d661cde6d8b7202e215a3ffc1873,291.2574477140078,30167.0,256,40625.0,41625.0,0,,1028
Stress,9,f48196b9bd60a124873b702ab6fb7012b18eb072370fd8474f353b2eb28a3a6d,vdsp-native-hybrid-float,,16384,257,64,continuous,pilot-02,1,workload-0009-repeat-01.csv,6171a7c5c017320bad5fa8e21a8c2ed923285170b7cce8de7bf9fdb3294f6edd,297.1130684581712,30208.5,256,40833.0,66833.0,0,,1028
Stress,10,e5126d47142f18621df582e2dc8486eee14af8921d77f99989de89fb0d48eb9f,vdsp-native-hybrid-float,,2048,4096,64,continuous,pilot-01,0,workload-0010-repeat-00.csv,fc1e132fe5730c573d11e7fed484634ab3f2917a086a94e7b09492018abf835e,25.269702911376953,3542.0,256,5125.0,69875.0,0,,16384
Stress,10,e5126d47142f18621df582e2dc8486eee14af8921d77f99989de89fb0d48eb9f,vdsp-native-hybrid-float,,2048,4096,64,continuous,pilot-01,1,workload-0010-repeat-01.csv,371e41fc5b9c813f599744ac747ed216843403bc3c350318b849026b4d55a9a4,21.06398296356201,3167.0,256,3167.0,6334.0,0,,16384
Stress,10,e5126d47142f18621df582e2dc8486eee14af8921d77f99989de89fb0d48eb9f,vdsp-native-hybrid-float,,2048,4096,64,continuous,pilot-02,0,workload-0010-repeat-00.csv,ff9e32c86d56c5f1cf8015b8002df2894d2fb0b25bff6fa8c595d8bc822e44b7,24.357949256896973,3625.0,256,3584.0,50541.0,0,,16384
Stress,10,e5126d47142f18621df582e2dc8486eee14af8921d77f99989de89fb0d48eb9f,vdsp-native-hybrid-float,,2048,4096,64,continuous,pilot-02,1,workload-0010-repeat-01.csv,b2fcfd26f0dbad1f765744197784eaa934a16f6ff7e1d055751677362b337d08,19.87463092803955,2458.0,256,6333.0,84291.0,0,,16384
Stress,11,12d4933feedb43a9636566b79d6345a1e78c6f8d84599d205ab6ca8202db877d,vdsp-native-hybrid-float,,2048,1024,64,continuous,pilot-01,0,workload-0011-repeat-00.csv,47824c22dccb5bc672b8fe679814bdc8dd6dede3cb189eb4c841657e26670173,48.47349548339844,5062.5,256,8292.0,128875.0,0,,4096
Stress,11,12d4933feedb43a9636566b79d6345a1e78c6f8d84599d205ab6ca8202db877d,vdsp-native-hybrid-float,,2048,1024,64,continuous,pilot-01,1,workload-0011-repeat-01.csv,1a0ccd49dcfcc561dc38cf5080150e0ece1ccace56b64a544f1052cbf6684e66,47.85478210449219,5000.0,256,7875.0,73500.0,0,,4096
Stress,11,12d4933feedb43a9636566b79d6345a1e78c6f8d84599d205ab6ca8202db877d,vdsp-native-hybrid-float,,2048,1024,64,continuous,pilot-02,0,workload-0011-repeat-00.csv,e04879dabf78cc064288a023e60083718382c434eeadf7b8731c4f2e5838207b,41.41823959350586,4166.0,256,7334.0,103709.0,0,,4096
Stress,11,12d4933feedb43a9636566b79d6345a1e78c6f8d84599d205ab6ca8202db877d,vdsp-native-hybrid-float,,2048,1024,64,continuous,pilot-02,1,workload-0011-repeat-01.csv,136d0076e0888b361d61673f464489ae61589f321f794ee3411e4e20160e22ba,40.49092102050781,3625.0,256,7792.0,227917.0,0,,4096
