stratum,config_sha256,backend,session,repeat,precision,n,hop,instances,channels_per_instance,mode,state,status,coverage_policy,accuracy_policy,reference,reference_precision,expected_spectra,checked_spectra,expected_bins,checked_bins,max_relative_l2,max_relative_linf,max_abs_error,absolute_error_units,zero_spectra,legacy_pointwise_failures
3aeff8d50243a034,04946e80e999dd829800934349ce617774637cbc93d4741ad9c429a51eb5260f,core-independent4-float,spec012-confirm-01,0,float,128,37,1,4,callback,steady,existing all-output numerical replay,archived-vector-counts,spectrum-norms-v1,"independent-four-v1; per-channel DFT/binary64 FFT, direct bands and EMA",see archived reference; precision not separately recorded,16384,16384,1064960,1064960,2.036419549720747e-07,2.6353309998794995e-07,7.62939453125e-06,unnormalized FFT magnitude,0,0
3aeff8d50243a034,04946e80e999dd829800934349ce617774637cbc93d4741ad9c429a51eb5260f,core-independent4-float,spec012-confirm-01,1,float,128,37,1,4,callback,steady,existing all-output numerical replay,archived-vector-counts,spectrum-norms-v1,"independent-four-v1; per-channel DFT/binary64 FFT, direct bands and EMA",see archived reference; precision not separately recorded,16384,16384,1064960,1064960,2.036419549720747e-07,2.6353309998794995e-07,7.62939453125e-06,unnormalized FFT magnitude,0,0
3aeff8d50243a034,04946e80e999dd829800934349ce617774637cbc93d4741ad9c429a51eb5260f,core-independent4-float,spec012-confirm-01,2,float,128,37,1,4,callback,steady,existing all-output numerical replay,archived-vector-counts,spectrum-norms-v1,"independent-four-v1; per-channel DFT/binary64 FFT, direct bands and EMA",see archived reference; precision not separately recorded,16384,16384,1064960,1064960,2.036419549720747e-07,2.6353309998794995e-07,7.62939453125e-06,unnormalized FFT magnitude,0,0
3aeff8d50243a034,04946e80e999dd829800934349ce617774637cbc93d4741ad9c429a51eb5260f,core-independent4-float,spec012-confirm-02,0,float,128,37,1,4,callback,steady,existing all-output numerical replay,archived-vector-counts,spectrum-norms-v1,"independent-four-v1; per-channel DFT/binary64 FFT, direct bands and EMA",see archived reference; precision not separately recorded,16384,16384,1064960,1064960,2.036419549720747e-07,2.6353309998794995e-07,7.62939453125e-06,unnormalized FFT magnitude,0,0
3aeff8d50243a034,04946e80e999dd829800934349ce617774637cbc93d4741ad9c429a51eb5260f,core-independent4-float,spec012-confirm-02,1,float,128,37,1,4,callback,steady,existing all-output numerical replay,archived-vector-counts,spectrum-norms-v1,"independent-four-v1; per-channel DFT/binary64 FFT, direct bands and EMA",see archived reference; precision not separately recorded,16384,16384,1064960,1064960,2.036419549720747e-07,2.6353309998794995e-07,7.62939453125e-06,unnormalized FFT magnitude,0,0
3aeff8d50243a034,04946e80e999dd829800934349ce617774637cbc93d4741ad9c429a51eb5260f,core-independent4-float,spec012-confirm-02,2,float,128,37,1,4,callback,steady,existing all-output numerical replay,archived-vector-counts,spectrum-norms-v1,"independent-four-v1; per-channel DFT/binary64 FFT, direct bands and EMA",see archived reference; precision not separately recorded,16384,16384,1064960,1064960,2.036419549720747e-07,2.6353309998794995e-07,7.62939453125e-06,unnormalized FFT magnitude,0,0
3aeff8d50243a034,04946e80e999dd829800934349ce617774637cbc93d4741ad9c429a51eb5260f,core-independent4-float,spec012-confirm-03,0,float,128,37,1,4,callback,steady,existing all-output numerical replay,archived-vector-counts,spectrum-norms-v1,"independent-four-v1; per-channel DFT/binary64 FFT, direct bands and EMA",see archived reference; precision not separately recorded,16384,16384,1064960,1064960,2.036419549720747e-07,2.6353309998794995e-07,7.62939453125e-06,unnormalized FFT magnitude,0,0
3aeff8d50243a034,04946e80e999dd829800934349ce617774637cbc93d4741ad9c429a51eb5260f,core-independent4-float,spec012-confirm-03,1,float,128,37,1,4,callback,steady,existing all-output numerical replay,archived-vector-counts,spectrum-norms-v1,"independent-four-v1; per-channel DFT/binary64 FFT, direct bands and EMA",see archived reference; precision not separately recorded,16384,16384,1064960,1064960,2.036419549720747e-07,2.6353309998794995e-07,7.62939453125e-06,unnormalized FFT magnitude,0,0
3aeff8d50243a034,04946e80e999dd829800934349ce617774637cbc93d4741ad9c429a51eb5260f,core-independent4-float,spec012-confirm-03,2,float,128,37,1,4,callback,steady,existing all-output numerical replay,archived-vector-counts,spectrum-norms-v1,"independent-four-v1; per-channel DFT/binary64 FFT, direct bands and EMA",see archived reference; precision not separately recorded,16384,16384,1064960,1064960,2.036419549720747e-07,2.6353309998794995e-07,7.62939453125e-06,unnormalized FFT magnitude,0,0
3aeff8d50243a034,049a1f747350ccaa468459a66fc450d9e3609fdb07ce2576c51a24e19bd7107e,legacy-batch-float,spec012-confirm-01,0,float,128,37,1,1,throughput,steady,full,all-publications-v1,spectrum-norms-v1,independent recursive binary64 FFT / direct DFT; matched float windows; direct bands and EMA,binary64 FFT / long-double direct DFT,4096,4096,266240,266240,2.0665985178282876e-07,2.399339616642533e-07,1.202896237373352e-05,unnormalized FFT magnitude,0,0
3aeff8d50243a034,049a1f747350ccaa468459a66fc450d9e3609fdb07ce2576c51a24e19bd7107e,legacy-batch-float,spec012-confirm-01,1,float,128,37,1,1,throughput,steady,full,all-publications-v1,spectrum-norms-v1,independent recursive binary64 FFT / direct DFT; matched float windows; direct bands and EMA,binary64 FFT / long-double direct DFT,4096,4096,266240,266240,2.0665985178282876e-07,2.399339616642533e-07,1.202896237373352e-05,unnormalized FFT magnitude,0,0
3aeff8d50243a034,049a1f747350ccaa468459a66fc450d9e3609fdb07ce2576c51a24e19bd7107e,legacy-batch-float,spec012-confirm-01,2,float,128,37,1,1,throughput,steady,full,all-publications-v1,spectrum-norms-v1,independent recursive binary64 FFT / direct DFT; matched float windows; direct bands and EMA,binary64 FFT / long-double direct DFT,4096,4096,266240,266240,2.0665985178282876e-07,2.399339616642533e-07,1.202896237373352e-05,unnormalized FFT magnitude,0,0
3aeff8d50243a034,049a1f747350ccaa468459a66fc450d9e3609fdb07ce2576c51a24e19bd7107e,legacy-batch-float,spec012-confirm-02,0,float,128,37,1,1,throughput,steady,full,all-publications-v1,spectrum-norms-v1,independent recursive binary64 FFT / direct DFT; matched float windows; direct bands and EMA,binary64 FFT / long-double direct DFT,4096,4096,266240,266240,2.0665985178282876e-07,2.399339616642533e-07,1.202896237373352e-05,unnormalized FFT magnitude,0,0
3aeff8d50243a034,049a1f747350ccaa468459a66fc450d9e3609fdb07ce2576c51a24e19bd7107e,legacy-batch-float,spec012-confirm-02,1,float,128,37,1,1,throughput,steady,full,all-publications-v1,spectrum-norms-v1,independent recursive binary64 FFT / direct DFT; matched float windows; direct bands and EMA,binary64 FFT / long-double direct DFT,4096,4096,266240,266240,2.0665985178282876e-07,2.399339616642533e-07,1.202896237373352e-05,unnormalized FFT magnitude,0,0
3aeff8d50243a034,049a1f747350ccaa468459a66fc450d9e3609fdb07ce2576c51a24e19bd7107e,legacy-batch-float,spec012-confirm-02,2,float,128,37,1,1,throughput,steady,full,all-publications-v1,spectrum-norms-v1,independent recursive binary64 FFT / direct DFT; matched float windows; direct bands and EMA,binary64 FFT / long-double direct DFT,4096,4096,266240,266240,2.0665985178282876e-07,2.399339616642533e-07,1.202896237373352e-05,unnormalized FFT magnitude,0,0
3aeff8d50243a034,049a1f747350ccaa468459a66fc450d9e3609fdb07ce2576c51a24e19bd7107e,legacy-batch-float,spec012-confirm-03,0,float,128,37,1,1,throughput,steady,full,all-publications-v1,spectrum-norms-v1,independent recursive binary64 FFT / direct DFT; matched float windows; direct bands and EMA,binary64 FFT / long-double direct DFT,4096,4096,266240,266240,2.0665985178282876e-07,2.399339616642533e-07,1.202896237373352e-05,unnormalized FFT magnitude,0,0
3aeff8d50243a034,049a1f747350ccaa468459a66fc450d9e3609fdb07ce2576c51a24e19bd7107e,legacy-batch-float,spec012-confirm-03,1,float,128,37,1,1,throughput,steady,full,all-publications-v1,spectrum-norms-v1,independent recursive binary64 FFT / direct DFT; matched float windows; direct bands and EMA,binary64 FFT / long-double direct DFT,4096,4096,266240,266240,2.0665985178282876e-07,2.399339616642533e-07,1.202896237373352e-05,unnormalized FFT magnitude,0,0
3aeff8d50243a034,049a1f747350ccaa468459a66fc450d9e3609fdb07ce2576c51a24e19bd7107e,legacy-batch-float,spec012-confirm-03,2,float,128,37,1,1,throughput,steady,full,all-publications-v1,spectrum-norms-v1,independent recursive binary64 FFT / direct DFT; matched float windows; direct bands and EMA,binary64 FFT / long-double direct DFT,4096,4096,266240,266240,2.0665985178282876e-07,2.399339616642533e-07,1.202896237373352e-05,unnormalized FFT magnitude,0,0
3aeff8d50243a034,09b33768457bec9769085b9c49d88ba9984df29b91792cf2e421ff03756b2201,fftw-analysis4-float,spec012-confirm-01,0,float,128,37,1,4,throughput,steady,existing all-output numerical replay,archived-vector-counts,spectrum-norms-v1,"independent-four-v1; per-channel DFT/binary64 FFT, direct bands and EMA",see archived reference; precision not separately recorded,16384,16384,1064960,1064960,1.9552411890741658e-07,2.6155424030099664e-07,7.62939453125e-06,unnormalized FFT magnitude,0,0
3aeff8d50243a034,09b33768457bec9769085b9c49d88ba9984df29b91792cf2e421ff03756b2201,fftw-analysis4-float,spec012-confirm-01,1,float,128,37,1,4,throughput,steady,existing all-output numerical replay,archived-vector-counts,spectrum-norms-v1,"independent-four-v1; per-channel DFT/binary64 FFT, direct bands and EMA",see archived reference; precision not separately recorded,16384,16384,1064960,1064960,1.9552411890741658e-07,2.6155424030099664e-07,7.62939453125e-06,unnormalized FFT magnitude,0,0
3aeff8d50243a034,09b33768457bec9769085b9c49d88ba9984df29b91792cf2e421ff03756b2201,fftw-analysis4-float,spec012-confirm-01,2,float,128,37,1,4,throughput,steady,existing all-output numerical replay,archived-vector-counts,spectrum-norms-v1,"independent-four-v1; per-channel DFT/binary64 FFT, direct bands and EMA",see archived reference; precision not separately recorded,16384,16384,1064960,1064960,1.9552411890741658e-07,2.6155424030099664e-07,7.62939453125e-06,unnormalized FFT magnitude,0,0
3aeff8d50243a034,09b33768457bec9769085b9c49d88ba9984df29b91792cf2e421ff03756b2201,fftw-analysis4-float,spec012-confirm-02,0,float,128,37,1,4,throughput,steady,existing all-output numerical replay,archived-vector-counts,spectrum-norms-v1,"independent-four-v1; per-channel DFT/binary64 FFT, direct bands and EMA",see archived reference; precision not separately recorded,16384,16384,1064960,1064960,1.9552411890741658e-07,2.6155424030099664e-07,7.62939453125e-06,unnormalized FFT magnitude,0,0
3aeff8d50243a034,09b33768457bec9769085b9c49d88ba9984df29b91792cf2e421ff03756b2201,fftw-analysis4-float,spec012-confirm-02,1,float,128,37,1,4,throughput,steady,existing all-output numerical replay,archived-vector-counts,spectrum-norms-v1,"independent-four-v1; per-channel DFT/binary64 FFT, direct bands and EMA",see archived reference; precision not separately recorded,16384,16384,1064960,1064960,1.9552411890741658e-07,2.6155424030099664e-07,7.62939453125e-06,unnormalized FFT magnitude,0,0
3aeff8d50243a034,09b33768457bec9769085b9c49d88ba9984df29b91792cf2e421ff03756b2201,fftw-analysis4-float,spec012-confirm-02,2,float,128,37,1,4,throughput,steady,existing all-output numerical replay,archived-vector-counts,spectrum-norms-v1,"independent-four-v1; per-channel DFT/binary64 FFT, direct bands and EMA",see archived reference; precision not separately recorded,16384,16384,1064960,1064960,1.9552411890741658e-07,2.6155424030099664e-07,7.62939453125e-06,unnormalized FFT magnitude,0,0
3aeff8d50243a034,09b33768457bec9769085b9c49d88ba9984df29b91792cf2e421ff03756b2201,fftw-analysis4-float,spec012-confirm-03,0,float,128,37,1,4,throughput,steady,existing all-output numerical replay,archived-vector-counts,spectrum-norms-v1,"independent-four-v1; per-channel DFT/binary64 FFT, direct bands and EMA",see archived reference; precision not separately recorded,16384,16384,1064960,1064960,1.9552411890741658e-07,2.6155424030099664e-07,7.62939453125e-06,unnormalized FFT magnitude,0,0
3aeff8d50243a034,09b33768457bec9769085b9c49d88ba9984df29b91792cf2e421ff03756b2201,fftw-analysis4-float,spec012-confirm-03,1,float,128,37,1,4,throughput,steady,existing all-output numerical replay,archived-vector-counts,spectrum-norms-v1,"independent-four-v1; per-channel DFT/binary64 FFT, direct bands and EMA",see archived reference; precision not separately recorded,16384,16384,1064960,1064960,1.9552411890741658e-07,2.6155424030099664e-07,7.62939453125e-06,unnormalized FFT magnitude,0,0
3aeff8d50243a034,09b33768457bec9769085b9c49d88ba9984df29b91792cf2e421ff03756b2201,fftw-analysis4-float,spec012-confirm-03,2,float,128,37,1,4,throughput,steady,existing all-output numerical replay,archived-vector-counts,spectrum-norms-v1,"independent-four-v1; per-channel DFT/binary64 FFT, direct bands and EMA",see archived reference; precision not separately recorded,16384,16384,1064960,1064960,1.9552411890741658e-07,2.6155424030099664e-07,7.62939453125e-06,unnormalized FFT magnitude,0,0
3aeff8d50243a034,128c7424bdb7fa722b6bba96c1b758d7ac5d2780f832d1d3468ea9aecc2e3ec8,fftw-analysis4-float,spec012-confirm-01,0,float,128,37,1,4,callback,steady,existing all-output numerical replay,archived-vector-counts,spectrum-norms-v1,"independent-four-v1; per-channel DFT/binary64 FFT, direct bands and EMA",see archived reference; precision not separately recorded,16384,16384,1064960,1064960,1.9552411890741658e-07,2.6155424030099664e-07,7.62939453125e-06,unnormalized FFT magnitude,0,0
3aeff8d50243a034,128c7424bdb7fa722b6bba96c1b758d7ac5d2780f832d1d3468ea9aecc2e3ec8,fftw-analysis4-float,spec012-confirm-01,1,float,128,37,1,4,callback,steady,existing all-output numerical replay,archived-vector-counts,spectrum-norms-v1,"independent-four-v1; per-channel DFT/binary64 FFT, direct bands and EMA",see archived reference; precision not separately recorded,16384,16384,1064960,1064960,1.9552411890741658e-07,2.6155424030099664e-07,7.62939453125e-06,unnormalized FFT magnitude,0,0
3aeff8d50243a034,128c7424bdb7fa722b6bba96c1b758d7ac5d2780f832d1d3468ea9aecc2e3ec8,fftw-analysis4-float,spec012-confirm-01,2,float,128,37,1,4,callback,steady,existing all-output numerical replay,archived-vector-counts,spectrum-norms-v1,"independent-four-v1; per-channel DFT/binary64 FFT, direct bands and EMA",see archived reference; precision not separately recorded,16384,16384,1064960,1064960,1.9552411890741658e-07,2.6155424030099664e-07,7.62939453125e-06,unnormalized FFT magnitude,0,0
3aeff8d50243a034,128c7424bdb7fa722b6bba96c1b758d7ac5d2780f832d1d3468ea9aecc2e3ec8,fftw-analysis4-float,spec012-confirm-02,0,float,128,37,1,4,callback,steady,existing all-output numerical replay,archived-vector-counts,spectrum-norms-v1,"independent-four-v1; per-channel DFT/binary64 FFT, direct bands and EMA",see archived reference; precision not separately recorded,16384,16384,1064960,1064960,1.9552411890741658e-07,2.6155424030099664e-07,7.62939453125e-06,unnormalized FFT magnitude,0,0
3aeff8d50243a034,128c7424bdb7fa722b6bba96c1b758d7ac5d2780f832d1d3468ea9aecc2e3ec8,fftw-analysis4-float,spec012-confirm-02,1,float,128,37,1,4,callback,steady,existing all-output numerical replay,archived-vector-counts,spectrum-norms-v1,"independent-four-v1; per-channel DFT/binary64 FFT, direct bands and EMA",see archived reference; precision not separately recorded,16384,16384,1064960,1064960,1.9552411890741658e-07,2.6155424030099664e-07,7.62939453125e-06,unnormalized FFT magnitude,0,0
3aeff8d50243a034,128c7424bdb7fa722b6bba96c1b758d7ac5d2780f832d1d3468ea9aecc2e3ec8,fftw-analysis4-float,spec012-confirm-02,2,float,128,37,1,4,callback,steady,existing all-output numerical replay,archived-vector-counts,spectrum-norms-v1,"independent-four-v1; per-channel DFT/binary64 FFT, direct bands and EMA",see archived reference; precision not separately recorded,16384,16384,1064960,1064960,1.9552411890741658e-07,2.6155424030099664e-07,7.62939453125e-06,unnormalized FFT magnitude,0,0
3aeff8d50243a034,128c7424bdb7fa722b6bba96c1b758d7ac5d2780f832d1d3468ea9aecc2e3ec8,fftw-analysis4-float,spec012-confirm-03,0,float,128,37,1,4,callback,steady,existing all-output numerical replay,archived-vector-counts,spectrum-norms-v1,"independent-four-v1; per-channel DFT/binary64 FFT, direct bands and EMA",see archived reference; precision not separately recorded,16384,16384,1064960,1064960,1.9552411890741658e-07,2.6155424030099664e-07,7.62939453125e-06,unnormalized FFT magnitude,0,0
3aeff8d50243a034,128c7424bdb7fa722b6bba96c1b758d7ac5d2780f832d1d3468ea9aecc2e3ec8,fftw-analysis4-float,spec012-confirm-03,1,float,128,37,1,4,callback,steady,existing all-output numerical replay,archived-vector-counts,spectrum-norms-v1,"independent-four-v1; per-channel DFT/binary64 FFT, direct bands and EMA",see archived reference; precision not separately recorded,16384,16384,1064960,1064960,1.9552411890741658e-07,2.6155424030099664e-07,7.62939453125e-06,unnormalized FFT magnitude,0,0
3aeff8d50243a034,128c7424bdb7fa722b6bba96c1b758d7ac5d2780f832d1d3468ea9aecc2e3ec8,fftw-analysis4-float,spec012-confirm-03,2,float,128,37,1,4,callback,steady,existing all-output numerical replay,archived-vector-counts,spectrum-norms-v1,"independent-four-v1; per-channel DFT/binary64 FFT, direct bands and EMA",see archived reference; precision not separately recorded,16384,16384,1064960,1064960,1.9552411890741658e-07,2.6155424030099664e-07,7.62939453125e-06,unnormalized FFT magnitude,0,0
3aeff8d50243a034,1741092b39951e1ba31557552789af684aceff7f958ffe842b3ec7e511da3172,vdsp-analysis-double,spec012-confirm-01,0,double,128,37,1,1,throughput,steady,existing all-output numerical replay,archived-vector-counts,spectrum-norms-v1,direct DFT or binary64 FFT of matched frame bytes; direct band sums and EMA,see archived reference; precision not separately recorded,4096,4096,266240,266240,5.94333651540189e-15,6.018429273926627e-15,2.724209746673978e-13,unnormalized FFT magnitude,0,0
3aeff8d50243a034,1741092b39951e1ba31557552789af684aceff7f958ffe842b3ec7e511da3172,vdsp-analysis-double,spec012-confirm-01,1,double,128,37,1,1,throughput,steady,existing all-output numerical replay,archived-vector-counts,spectrum-norms-v1,direct DFT or binary64 FFT of matched frame bytes; direct band sums and EMA,see archived reference; precision not separately recorded,4096,4096,266240,266240,5.94333651540189e-15,6.018429273926627e-15,2.724209746673978e-13,unnormalized FFT magnitude,0,0
3aeff8d50243a034,1741092b39951e1ba31557552789af684aceff7f958ffe842b3ec7e511da3172,vdsp-analysis-double,spec012-confirm-01,2,double,128,37,1,1,throughput,steady,existing all-output numerical replay,archived-vector-counts,spectrum-norms-v1,direct DFT or binary64 FFT of matched frame bytes; direct band sums and EMA,see archived reference; precision not separately recorded,4096,4096,266240,266240,5.94333651540189e-15,6.018429273926627e-15,2.724209746673978e-13,unnormalized FFT magnitude,0,0
3aeff8d50243a034,1741092b39951e1ba31557552789af684aceff7f958ffe842b3ec7e511da3172,vdsp-analysis-double,spec012-confirm-02,0,double,128,37,1,1,throughput,steady,existing all-output numerical replay,archived-vector-counts,spectrum-norms-v1,direct DFT or binary64 FFT of matched frame bytes; direct band sums and EMA,see archived reference; precision not separately recorded,4096,4096,266240,266240,5.94333651540189e-15,6.018429273926627e-15,2.724209746673978e-13,unnormalized FFT magnitude,0,0
3aeff8d50243a034,1741092b39951e1ba31557552789af684aceff7f958ffe842b3ec7e511da3172,vdsp-analysis-double,spec012-confirm-02,1,double,128,37,1,1,throughput,steady,existing all-output numerical replay,archived-vector-counts,spectrum-norms-v1,direct DFT or binary64 FFT of matched frame bytes; direct band sums and EMA,see archived reference; precision not separately recorded,4096,4096,266240,266240,5.94333651540189e-15,6.018429273926627e-15,2.724209746673978e-13,unnormalized FFT magnitude,0,0
3aeff8d50243a034,1741092b39951e1ba31557552789af684aceff7f958ffe842b3ec7e511da3172,vdsp-analysis-double,spec012-confirm-02,2,double,128,37,1,1,throughput,steady,existing all-output numerical replay,archived-vector-counts,spectrum-norms-v1,direct DFT or binary64 FFT of matched frame bytes; direct band sums and EMA,see archived reference; precision not separately recorded,4096,4096,266240,266240,5.94333651540189e-15,6.018429273926627e-15,2.724209746673978e-13,unnormalized FFT magnitude,0,0
3aeff8d50243a034,1741092b39951e1ba31557552789af684aceff7f958ffe842b3ec7e511da3172,vdsp-analysis-double,spec012-confirm-03,0,double,128,37,1,1,throughput,steady,existing all-output numerical replay,archived-vector-counts,spectrum-norms-v1,direct DFT or binary64 FFT of matched frame bytes; direct band sums and EMA,see archived reference; precision not separately recorded,4096,4096,266240,266240,5.94333651540189e-15,6.018429273926627e-15,2.724209746673978e-13,unnormalized FFT magnitude,0,0
3aeff8d50243a034,1741092b39951e1ba31557552789af684aceff7f958ffe842b3ec7e511da3172,vdsp-analysis-double,spec012-confirm-03,1,double,128,37,1,1,throughput,steady,existing all-output numerical replay,archived-vector-counts,spectrum-norms-v1,direct DFT or binary64 FFT of matched frame bytes; direct band sums and EMA,see archived reference; precision not separately recorded,4096,4096,266240,266240,5.94333651540189e-15,6.018429273926627e-15,2.724209746673978e-13,unnormalized FFT magnitude,0,0
3aeff8d50243a034,1741092b39951e1ba31557552789af684aceff7f958ffe842b3ec7e511da3172,vdsp-analysis-double,spec012-confirm-03,2,double,128,37,1,1,throughput,steady,existing all-output numerical replay,archived-vector-counts,spectrum-norms-v1,direct DFT or binary64 FFT of matched frame bytes; direct band sums and EMA,see archived reference; precision not separately recorded,4096,4096,266240,266240,5.94333651540189e-15,6.018429273926627e-15,2.724209746673978e-13,unnormalized FFT magnitude,0,0
3aeff8d50243a034,17f96f982bafd168209668813887d35cca6844edb109c673e32664ecad0b5578,core-independent4-simd,spec012-confirm-01,0,float,128,37,1,4,callback,steady,existing all-output numerical replay,archived-vector-counts,spectrum-norms-v1,"independent-four-v1; per-channel DFT/binary64 FFT, direct bands and EMA",see archived reference; precision not separately recorded,16384,16384,1064960,1064960,2.2924817605248755e-07,2.4679425065645727e-07,7.62939453125e-06,unnormalized FFT magnitude,0,0
3aeff8d50243a034,17f96f982bafd168209668813887d35cca6844edb109c673e32664ecad0b5578,core-independent4-simd,spec012-confirm-01,1,float,128,37,1,4,callback,steady,existing all-output numerical replay,archived-vector-counts,spectrum-norms-v1,"independent-four-v1; per-channel DFT/binary64 FFT, direct bands and EMA",see archived reference; precision not separately recorded,16384,16384,1064960,1064960,2.2924817605248755e-07,2.4679425065645727e-07,7.62939453125e-06,unnormalized FFT magnitude,0,0
3aeff8d50243a034,17f96f982bafd168209668813887d35cca6844edb109c673e32664ecad0b5578,core-independent4-simd,spec012-confirm-01,2,float,128,37,1,4,callback,steady,existing all-output numerical replay,archived-vector-counts,spectrum-norms-v1,"independent-four-v1; per-channel DFT/binary64 FFT, direct bands and EMA",see archived reference; precision not separately recorded,16384,16384,1064960,1064960,2.2924817605248755e-07,2.4679425065645727e-07,7.62939453125e-06,unnormalized FFT magnitude,0,0
3aeff8d50243a034,17f96f982bafd168209668813887d35cca6844edb109c673e32664ecad0b5578,core-independent4-simd,spec012-confirm-02,0,float,128,37,1,4,callback,steady,existing all-output numerical replay,archived-vector-counts,spectrum-norms-v1,"independent-four-v1; per-channel DFT/binary64 FFT, direct bands and EMA",see archived reference; precision not separately recorded,16384,16384,1064960,1064960,2.2924817605248755e-07,2.4679425065645727e-07,7.62939453125e-06,unnormalized FFT magnitude,0,0
3aeff8d50243a034,17f96f982bafd168209668813887d35cca6844edb109c673e32664ecad0b5578,core-independent4-simd,spec012-confirm-02,1,float,128,37,1,4,callback,steady,existing all-output numerical replay,archived-vector-counts,spectrum-norms-v1,"independent-four-v1; per-channel DFT/binary64 FFT, direct bands and EMA",see archived reference; precision not separately recorded,16384,16384,1064960,1064960,2.2924817605248755e-07,2.4679425065645727e-07,7.62939453125e-06,unnormalized FFT magnitude,0,0
3aeff8d50243a034,17f96f982bafd168209668813887d35cca6844edb109c673e32664ecad0b5578,core-independent4-simd,spec012-confirm-02,2,float,128,37,1,4,callback,steady,existing all-output numerical replay,archived-vector-counts,spectrum-norms-v1,"independent-four-v1; per-channel DFT/binary64 FFT, direct bands and EMA",see archived reference; precision not separately recorded,16384,16384,1064960,1064960,2.2924817605248755e-07,2.4679425065645727e-07,7.62939453125e-06,unnormalized FFT magnitude,0,0
3aeff8d50243a034,17f96f982bafd168209668813887d35cca6844edb109c673e32664ecad0b5578,core-independent4-simd,spec012-confirm-03,0,float,128,37,1,4,callback,steady,existing all-output numerical replay,archived-vector-counts,spectrum-norms-v1,"independent-four-v1; per-channel DFT/binary64 FFT, direct bands and EMA",see archived reference; precision not separately recorded,16384,16384,1064960,1064960,2.2924817605248755e-07,2.4679425065645727e-07,7.62939453125e-06,unnormalized FFT magnitude,0,0
3aeff8d50243a034,17f96f982bafd168209668813887d35cca6844edb109c673e32664ecad0b5578,core-independent4-simd,spec012-confirm-03,1,float,128,37,1,4,callback,steady,existing all-output numerical replay,archived-vector-counts,spectrum-norms-v1,"independent-four-v1; per-channel DFT/binary64 FFT, direct bands and EMA",see archived reference; precision not separately recorded,16384,16384,1064960,1064960,2.2924817605248755e-07,2.4679425065645727e-07,7.62939453125e-06,unnormalized FFT magnitude,0,0
3aeff8d50243a034,17f96f982bafd168209668813887d35cca6844edb109c673e32664ecad0b5578,core-independent4-simd,spec012-confirm-03,2,float,128,37,1,4,callback,steady,existing all-output numerical replay,archived-vector-counts,spectrum-norms-v1,"independent-four-v1; per-channel DFT/binary64 FFT, direct bands and EMA",see archived reference; precision not separately recorded,16384,16384,1064960,1064960,2.2924817605248755e-07,2.4679425065645727e-07,7.62939453125e-06,unnormalized FFT magnitude,0,0
3aeff8d50243a034,2e47d3655018fa9982b8fadcb636dcb12743d6e77713b4c195c791885d692914,fftw-analysis4-float,spec012-confirm-01,0,float,128,37,1,4,callback,steady,existing all-output numerical replay,archived-vector-counts,spectrum-norms-v1,"independent-four-v1; per-channel DFT/binary64 FFT, direct bands and EMA",see archived reference; precision not separately recorded,16384,16384,1064960,1064960,1.7138622832630317e-07,2.123041056747932e-07,7.62939453125e-06,unnormalized FFT magnitude,0,0
3aeff8d50243a034,2e47d3655018fa9982b8fadcb636dcb12743d6e77713b4c195c791885d692914,fftw-analysis4-float,spec012-confirm-01,1,float,128,37,1,4,callback,steady,existing all-output numerical replay,archived-vector-counts,spectrum-norms-v1,"independent-four-v1; per-channel DFT/binary64 FFT, direct bands and EMA",see archived reference; precision not separately recorded,16384,16384,1064960,1064960,1.7138622832630317e-07,2.123041056747932e-07,7.62939453125e-06,unnormalized FFT magnitude,0,0
3aeff8d50243a034,2e47d3655018fa9982b8fadcb636dcb12743d6e77713b4c195c791885d692914,fftw-analysis4-float,spec012-confirm-01,2,float,128,37,1,4,callback,steady,existing all-output numerical replay,archived-vector-counts,spectrum-norms-v1,"independent-four-v1; per-channel DFT/binary64 FFT, direct bands and EMA",see archived reference; precision not separately recorded,16384,16384,1064960,1064960,1.7138622832630317e-07,2.123041056747932e-07,7.62939453125e-06,unnormalized FFT magnitude,0,0
3aeff8d50243a034,2e47d3655018fa9982b8fadcb636dcb12743d6e77713b4c195c791885d692914,fftw-analysis4-float,spec012-confirm-02,0,float,128,37,1,4,callback,steady,existing all-output numerical replay,archived-vector-counts,spectrum-norms-v1,"independent-four-v1; per-channel DFT/binary64 FFT, direct bands and EMA",see archived reference; precision not separately recorded,16384,16384,1064960,1064960,1.7138622832630317e-07,2.123041056747932e-07,7.62939453125e-06,unnormalized FFT magnitude,0,0
3aeff8d50243a034,2e47d3655018fa9982b8fadcb636dcb12743d6e77713b4c195c791885d692914,fftw-analysis4-float,spec012-confirm-02,1,float,128,37,1,4,callback,steady,existing all-output numerical replay,archived-vector-counts,spectrum-norms-v1,"independent-four-v1; per-channel DFT/binary64 FFT, direct bands and EMA",see archived reference; precision not separately recorded,16384,16384,1064960,1064960,1.7138622832630317e-07,2.123041056747932e-07,7.62939453125e-06,unnormalized FFT magnitude,0,0
3aeff8d50243a034,2e47d3655018fa9982b8fadcb636dcb12743d6e77713b4c195c791885d692914,fftw-analysis4-float,spec012-confirm-02,2,float,128,37,1,4,callback,steady,existing all-output numerical replay,archived-vector-counts,spectrum-norms-v1,"independent-four-v1; per-channel DFT/binary64 FFT, direct bands and EMA",see archived reference; precision not separately recorded,16384,16384,1064960,1064960,1.7138622832630317e-07,2.123041056747932e-07,7.62939453125e-06,unnormalized FFT magnitude,0,0
3aeff8d50243a034,2e47d3655018fa9982b8fadcb636dcb12743d6e77713b4c195c791885d692914,fftw-analysis4-float,spec012-confirm-03,0,float,128,37,1,4,callback,steady,existing all-output numerical replay,archived-vector-counts,spectrum-norms-v1,"independent-four-v1; per-channel DFT/binary64 FFT, direct bands and EMA",see archived reference; precision not separately recorded,16384,16384,1064960,1064960,1.7138622832630317e-07,2.123041056747932e-07,7.62939453125e-06,unnormalized FFT magnitude,0,0
3aeff8d50243a034,2e47d3655018fa9982b8fadcb636dcb12743d6e77713b4c195c791885d692914,fftw-analysis4-float,spec012-confirm-03,1,float,128,37,1,4,callback,steady,existing all-output numerical replay,archived-vector-counts,spectrum-norms-v1,"independent-four-v1; per-channel DFT/binary64 FFT, direct bands and EMA",see archived reference; precision not separately recorded,16384,16384,1064960,1064960,1.7138622832630317e-07,2.123041056747932e-07,7.62939453125e-06,unnormalized FFT magnitude,0,0
3aeff8d50243a034,2e47d3655018fa9982b8fadcb636dcb12743d6e77713b4c195c791885d692914,fftw-analysis4-float,spec012-confirm-03,2,float,128,37,1,4,callback,steady,existing all-output numerical replay,archived-vector-counts,spectrum-norms-v1,"independent-four-v1; per-channel DFT/binary64 FFT, direct bands and EMA",see archived reference; precision not separately recorded,16384,16384,1064960,1064960,1.7138622832630317e-07,2.123041056747932e-07,7.62939453125e-06,unnormalized FFT magnitude,0,0
3aeff8d50243a034,2fd22560fdf091d1cd414fa85daf2e7e008139f33ce7f9ec11d799d44c0f23b8,core-independent4-simd,spec012-confirm-01,0,float,128,37,1,4,throughput,steady,existing all-output numerical replay,archived-vector-counts,spectrum-norms-v1,"independent-four-v1; per-channel DFT/binary64 FFT, direct bands and EMA",see archived reference; precision not separately recorded,16384,16384,1064960,1064960,2.2924817605248755e-07,2.4679425065645727e-07,7.62939453125e-06,unnormalized FFT magnitude,0,0
3aeff8d50243a034,2fd22560fdf091d1cd414fa85daf2e7e008139f33ce7f9ec11d799d44c0f23b8,core-independent4-simd,spec012-confirm-01,1,float,128,37,1,4,throughput,steady,existing all-output numerical replay,archived-vector-counts,spectrum-norms-v1,"independent-four-v1; per-channel DFT/binary64 FFT, direct bands and EMA",see archived reference; precision not separately recorded,16384,16384,1064960,1064960,2.2924817605248755e-07,2.4679425065645727e-07,7.62939453125e-06,unnormalized FFT magnitude,0,0
3aeff8d50243a034,2fd22560fdf091d1cd414fa85daf2e7e008139f33ce7f9ec11d799d44c0f23b8,core-independent4-simd,spec012-confirm-01,2,float,128,37,1,4,throughput,steady,existing all-output numerical replay,archived-vector-counts,spectrum-norms-v1,"independent-four-v1; per-channel DFT/binary64 FFT, direct bands and EMA",see archived reference; precision not separately recorded,16384,16384,1064960,1064960,2.2924817605248755e-07,2.4679425065645727e-07,7.62939453125e-06,unnormalized FFT magnitude,0,0
3aeff8d50243a034,2fd22560fdf091d1cd414fa85daf2e7e008139f33ce7f9ec11d799d44c0f23b8,core-independent4-simd,spec012-confirm-02,0,float,128,37,1,4,throughput,steady,existing all-output numerical replay,archived-vector-counts,spectrum-norms-v1,"independent-four-v1; per-channel DFT/binary64 FFT, direct bands and EMA",see archived reference; precision not separately recorded,16384,16384,1064960,1064960,2.2924817605248755e-07,2.4679425065645727e-07,7.62939453125e-06,unnormalized FFT magnitude,0,0
3aeff8d50243a034,2fd22560fdf091d1cd414fa85daf2e7e008139f33ce7f9ec11d799d44c0f23b8,core-independent4-simd,spec012-confirm-02,1,float,128,37,1,4,throughput,steady,existing all-output numerical replay,archived-vector-counts,spectrum-norms-v1,"independent-four-v1; per-channel DFT/binary64 FFT, direct bands and EMA",see archived reference; precision not separately recorded,16384,16384,1064960,1064960,2.2924817605248755e-07,2.4679425065645727e-07,7.62939453125e-06,unnormalized FFT magnitude,0,0
3aeff8d50243a034,2fd22560fdf091d1cd414fa85daf2e7e008139f33ce7f9ec11d799d44c0f23b8,core-independent4-simd,spec012-confirm-02,2,float,128,37,1,4,throughput,steady,existing all-output numerical replay,archived-vector-counts,spectrum-norms-v1,"independent-four-v1; per-channel DFT/binary64 FFT, direct bands and EMA",see archived reference; precision not separately recorded,16384,16384,1064960,1064960,2.2924817605248755e-07,2.4679425065645727e-07,7.62939453125e-06,unnormalized FFT magnitude,0,0
3aeff8d50243a034,2fd22560fdf091d1cd414fa85daf2e7e008139f33ce7f9ec11d799d44c0f23b8,core-independent4-simd,spec012-confirm-03,0,float,128,37,1,4,throughput,steady,existing all-output numerical replay,archived-vector-counts,spectrum-norms-v1,"independent-four-v1; per-channel DFT/binary64 FFT, direct bands and EMA",see archived reference; precision not separately recorded,16384,16384,1064960,1064960,2.2924817605248755e-07,2.4679425065645727e-07,7.62939453125e-06,unnormalized FFT magnitude,0,0
3aeff8d50243a034,2fd22560fdf091d1cd414fa85daf2e7e008139f33ce7f9ec11d799d44c0f23b8,core-independent4-simd,spec012-confirm-03,1,float,128,37,1,4,throughput,steady,existing all-output numerical replay,archived-vector-counts,spectrum-norms-v1,"independent-four-v1; per-channel DFT/binary64 FFT, direct bands and EMA",see archived reference; precision not separately recorded,16384,16384,1064960,1064960,2.2924817605248755e-07,2.4679425065645727e-07,7.62939453125e-06,unnormalized FFT magnitude,0,0
3aeff8d50243a034,2fd22560fdf091d1cd414fa85daf2e7e008139f33ce7f9ec11d799d44c0f23b8,core-independent4-simd,spec012-confirm-03,2,float,128,37,1,4,throughput,steady,existing all-output numerical replay,archived-vector-counts,spectrum-norms-v1,"independent-four-v1; per-channel DFT/binary64 FFT, direct bands and EMA",see archived reference; precision not separately recorded,16384,16384,1064960,1064960,2.2924817605248755e-07,2.4679425065645727e-07,7.62939453125e-06,unnormalized FFT magnitude,0,0
3aeff8d50243a034,314b996d5e5902851ff3f3ab1dedb365b6e39645a0c1b4858401a0374c292271,core-independent4-float,spec012-confirm-01,0,float,128,37,1,4,throughput,steady,existing all-output numerical replay,archived-vector-counts,spectrum-norms-v1,"independent-four-v1; per-channel DFT/binary64 FFT, direct bands and EMA",see archived reference; precision not separately recorded,16384,16384,1064960,1064960,2.036419549720747e-07,2.6353309998794995e-07,7.62939453125e-06,unnormalized FFT magnitude,0,0
3aeff8d50243a034,314b996d5e5902851ff3f3ab1dedb365b6e39645a0c1b4858401a0374c292271,core-independent4-float,spec012-confirm-01,1,float,128,37,1,4,throughput,steady,existing all-output numerical replay,archived-vector-counts,spectrum-norms-v1,"independent-four-v1; per-channel DFT/binary64 FFT, direct bands and EMA",see archived reference; precision not separately recorded,16384,16384,1064960,1064960,2.036419549720747e-07,2.6353309998794995e-07,7.62939453125e-06,unnormalized FFT magnitude,0,0
3aeff8d50243a034,314b996d5e5902851ff3f3ab1dedb365b6e39645a0c1b4858401a0374c292271,core-independent4-float,spec012-confirm-01,2,float,128,37,1,4,throughput,steady,existing all-output numerical replay,archived-vector-counts,spectrum-norms-v1,"independent-four-v1; per-channel DFT/binary64 FFT, direct bands and EMA",see archived reference; precision not separately recorded,16384,16384,1064960,1064960,2.036419549720747e-07,2.6353309998794995e-07,7.62939453125e-06,unnormalized FFT magnitude,0,0
3aeff8d50243a034,314b996d5e5902851ff3f3ab1dedb365b6e39645a0c1b4858401a0374c292271,core-independent4-float,spec012-confirm-02,0,float,128,37,1,4,throughput,steady,existing all-output numerical replay,archived-vector-counts,spectrum-norms-v1,"independent-four-v1; per-channel DFT/binary64 FFT, direct bands and EMA",see archived reference; precision not separately recorded,16384,16384,1064960,1064960,2.036419549720747e-07,2.6353309998794995e-07,7.62939453125e-06,unnormalized FFT magnitude,0,0
3aeff8d50243a034,314b996d5e5902851ff3f3ab1dedb365b6e39645a0c1b4858401a0374c292271,core-independent4-float,spec012-confirm-02,1,float,128,37,1,4,throughput,steady,existing all-output numerical replay,archived-vector-counts,spectrum-norms-v1,"independent-four-v1; per-channel DFT/binary64 FFT, direct bands and EMA",see archived reference; precision not separately recorded,16384,16384,1064960,1064960,2.036419549720747e-07,2.6353309998794995e-07,7.62939453125e-06,unnormalized FFT magnitude,0,0
3aeff8d50243a034,314b996d5e5902851ff3f3ab1dedb365b6e39645a0c1b4858401a0374c292271,core-independent4-float,spec012-confirm-02,2,float,128,37,1,4,throughput,steady,existing all-output numerical replay,archived-vector-counts,spectrum-norms-v1,"independent-four-v1; per-channel DFT/binary64 FFT, direct bands and EMA",see archived reference; precision not separately recorded,16384,16384,1064960,1064960,2.036419549720747e-07,2.6353309998794995e-07,7.62939453125e-06,unnormalized FFT magnitude,0,0
3aeff8d50243a034,314b996d5e5902851ff3f3ab1dedb365b6e39645a0c1b4858401a0374c292271,core-independent4-float,spec012-confirm-03,0,float,128,37,1,4,throughput,steady,existing all-output numerical replay,archived-vector-counts,spectrum-norms-v1,"independent-four-v1; per-channel DFT/binary64 FFT, direct bands and EMA",see archived reference; precision not separately recorded,16384,16384,1064960,1064960,2.036419549720747e-07,2.6353309998794995e-07,7.62939453125e-06,unnormalized FFT magnitude,0,0
3aeff8d50243a034,314b996d5e5902851ff3f3ab1dedb365b6e39645a0c1b4858401a0374c292271,core-independent4-float,spec012-confirm-03,1,float,128,37,1,4,throughput,steady,existing all-output numerical replay,archived-vector-counts,spectrum-norms-v1,"independent-four-v1; per-channel DFT/binary64 FFT, direct bands and EMA",see archived reference; precision not separately recorded,16384,16384,1064960,1064960,2.036419549720747e-07,2.6353309998794995e-07,7.62939453125e-06,unnormalized FFT magnitude,0,0
3aeff8d50243a034,314b996d5e5902851ff3f3ab1dedb365b6e39645a0c1b4858401a0374c292271,core-independent4-float,spec012-confirm-03,2,float,128,37,1,4,throughput,steady,existing all-output numerical replay,archived-vector-counts,spectrum-norms-v1,"independent-four-v1; per-channel DFT/binary64 FFT, direct bands and EMA",see archived reference; precision not separately recorded,16384,16384,1064960,1064960,2.036419549720747e-07,2.6353309998794995e-07,7.62939453125e-06,unnormalized FFT magnitude,0,0
3aeff8d50243a034,338ed5a209add6883088f99dba5d8ef0c4b67b862cfc5f529fa9f78cdd580a17,fftw-analysis4-float,spec012-confirm-01,0,float,128,37,1,4,throughput,steady,existing all-output numerical replay,archived-vector-counts,spectrum-norms-v1,"independent-four-v1; per-channel DFT/binary64 FFT, direct bands and EMA",see archived reference; precision not separately recorded,16384,16384,1064960,1064960,1.7138622832630317e-07,2.123041056747932e-07,7.62939453125e-06,unnormalized FFT magnitude,0,0
3aeff8d50243a034,338ed5a209add6883088f99dba5d8ef0c4b67b862cfc5f529fa9f78cdd580a17,fftw-analysis4-float,spec012-confirm-01,1,float,128,37,1,4,throughput,steady,existing all-output numerical replay,archived-vector-counts,spectrum-norms-v1,"independent-four-v1; per-channel DFT/binary64 FFT, direct bands and EMA",see archived reference; precision not separately recorded,16384,16384,1064960,1064960,1.7138622832630317e-07,2.123041056747932e-07,7.62939453125e-06,unnormalized FFT magnitude,0,0
3aeff8d50243a034,338ed5a209add6883088f99dba5d8ef0c4b67b862cfc5f529fa9f78cdd580a17,fftw-analysis4-float,spec012-confirm-01,2,float,128,37,1,4,throughput,steady,existing all-output numerical replay,archived-vector-counts,spectrum-norms-v1,"independent-four-v1; per-channel DFT/binary64 FFT, direct bands and EMA",see archived reference; precision not separately recorded,16384,16384,1064960,1064960,1.7138622832630317e-07,2.123041056747932e-07,7.62939453125e-06,unnormalized FFT magnitude,0,0
3aeff8d50243a034,338ed5a209add6883088f99dba5d8ef0c4b67b862cfc5f529fa9f78cdd580a17,fftw-analysis4-float,spec012-confirm-02,0,float,128,37,1,4,throughput,steady,existing all-output numerical replay,archived-vector-counts,spectrum-norms-v1,"independent-four-v1; per-channel DFT/binary64 FFT, direct bands and EMA",see archived reference; precision not separately recorded,16384,16384,1064960,1064960,1.7138622832630317e-07,2.123041056747932e-07,7.62939453125e-06,unnormalized FFT magnitude,0,0
3aeff8d50243a034,338ed5a209add6883088f99dba5d8ef0c4b67b862cfc5f529fa9f78cdd580a17,fftw-analysis4-float,spec012-confirm-02,1,float,128,37,1,4,throughput,steady,existing all-output numerical replay,archived-vector-counts,spectrum-norms-v1,"independent-four-v1; per-channel DFT/binary64 FFT, direct bands and EMA",see archived reference; precision not separately recorded,16384,16384,1064960,1064960,1.7138622832630317e-07,2.123041056747932e-07,7.62939453125e-06,unnormalized FFT magnitude,0,0
3aeff8d50243a034,338ed5a209add6883088f99dba5d8ef0c4b67b862cfc5f529fa9f78cdd580a17,fftw-analysis4-float,spec012-confirm-02,2,float,128,37,1,4,throughput,steady,existing all-output numerical replay,archived-vector-counts,spectrum-norms-v1,"independent-four-v1; per-channel DFT/binary64 FFT, direct bands and EMA",see archived reference; precision not separately recorded,16384,16384,1064960,1064960,1.7138622832630317e-07,2.123041056747932e-07,7.62939453125e-06,unnormalized FFT magnitude,0,0
3aeff8d50243a034,338ed5a209add6883088f99dba5d8ef0c4b67b862cfc5f529fa9f78cdd580a17,fftw-analysis4-float,spec012-confirm-03,0,float,128,37,1,4,throughput,steady,existing all-output numerical replay,archived-vector-counts,spectrum-norms-v1,"independent-four-v1; per-channel DFT/binary64 FFT, direct bands and EMA",see archived reference; precision not separately recorded,16384,16384,1064960,1064960,1.7138622832630317e-07,2.123041056747932e-07,7.62939453125e-06,unnormalized FFT magnitude,0,0
3aeff8d50243a034,338ed5a209add6883088f99dba5d8ef0c4b67b862cfc5f529fa9f78cdd580a17,fftw-analysis4-float,spec012-confirm-03,1,float,128,37,1,4,throughput,steady,existing all-output numerical replay,archived-vector-counts,spectrum-norms-v1,"independent-four-v1; per-channel DFT/binary64 FFT, direct bands and EMA",see archived reference; precision not separately recorded,16384,16384,1064960,1064960,1.7138622832630317e-07,2.123041056747932e-07,7.62939453125e-06,unnormalized FFT magnitude,0,0
3aeff8d50243a034,338ed5a209add6883088f99dba5d8ef0c4b67b862cfc5f529fa9f78cdd580a17,fftw-analysis4-float,spec012-confirm-03,2,float,128,37,1,4,throughput,steady,existing all-output numerical replay,archived-vector-counts,spectrum-norms-v1,"independent-four-v1; per-channel DFT/binary64 FFT, direct bands and EMA",see archived reference; precision not separately recorded,16384,16384,1064960,1064960,1.7138622832630317e-07,2.123041056747932e-07,7.62939453125e-06,unnormalized FFT magnitude,0,0
3aeff8d50243a034,3479f8136f9386494c9c4478c53fb878c7918db64dda3ac55d44e0b84166d0c4,vdsp-analysis-float,spec012-confirm-01,0,float,128,37,1,1,throughput,steady,existing all-output numerical replay,archived-vector-counts,spectrum-norms-v1,direct DFT or binary64 FFT of matched frame bytes; direct band sums and EMA,see archived reference; precision not separately recorded,4096,4096,266240,266240,1.5291700900672732e-07,1.9138755980861244e-07,7.62939453125e-06,unnormalized FFT magnitude,0,0
3aeff8d50243a034,3479f8136f9386494c9c4478c53fb878c7918db64dda3ac55d44e0b84166d0c4,vdsp-analysis-float,spec012-confirm-01,1,float,128,37,1,1,throughput,steady,existing all-output numerical replay,archived-vector-counts,spectrum-norms-v1,direct DFT or binary64 FFT of matched frame bytes; direct band sums and EMA,see archived reference; precision not separately recorded,4096,4096,266240,266240,1.5291700900672732e-07,1.9138755980861244e-07,7.62939453125e-06,unnormalized FFT magnitude,0,0
3aeff8d50243a034,3479f8136f9386494c9c4478c53fb878c7918db64dda3ac55d44e0b84166d0c4,vdsp-analysis-float,spec012-confirm-01,2,float,128,37,1,1,throughput,steady,existing all-output numerical replay,archived-vector-counts,spectrum-norms-v1,direct DFT or binary64 FFT of matched frame bytes; direct band sums and EMA,see archived reference; precision not separately recorded,4096,4096,266240,266240,1.5291700900672732e-07,1.9138755980861244e-07,7.62939453125e-06,unnormalized FFT magnitude,0,0
3aeff8d50243a034,3479f8136f9386494c9c4478c53fb878c7918db64dda3ac55d44e0b84166d0c4,vdsp-analysis-float,spec012-confirm-02,0,float,128,37,1,1,throughput,steady,existing all-output numerical replay,archived-vector-counts,spectrum-norms-v1,direct DFT or binary64 FFT of matched frame bytes; direct band sums and EMA,see archived reference; precision not separately recorded,4096,4096,266240,266240,1.5291700900672732e-07,1.9138755980861244e-07,7.62939453125e-06,unnormalized FFT magnitude,0,0
3aeff8d50243a034,3479f8136f9386494c9c4478c53fb878c7918db64dda3ac55d44e0b84166d0c4,vdsp-analysis-float,spec012-confirm-02,1,float,128,37,1,1,throughput,steady,existing all-output numerical replay,archived-vector-counts,spectrum-norms-v1,direct DFT or binary64 FFT of matched frame bytes; direct band sums and EMA,see archived reference; precision not separately recorded,4096,4096,266240,266240,1.5291700900672732e-07,1.9138755980861244e-07,7.62939453125e-06,unnormalized FFT magnitude,0,0
3aeff8d50243a034,3479f8136f9386494c9c4478c53fb878c7918db64dda3ac55d44e0b84166d0c4,vdsp-analysis-float,spec012-confirm-02,2,float,128,37,1,1,throughput,steady,existing all-output numerical replay,archived-vector-counts,spectrum-norms-v1,direct DFT or binary64 FFT of matched frame bytes; direct band sums and EMA,see archived reference; precision not separately recorded,4096,4096,266240,266240,1.5291700900672732e-07,1.9138755980861244e-07,7.62939453125e-06,unnormalized FFT magnitude,0,0
3aeff8d50243a034,3479f8136f9386494c9c4478c53fb878c7918db64dda3ac55d44e0b84166d0c4,vdsp-analysis-float,spec012-confirm-03,0,float,128,37,1,1,throughput,steady,existing all-output numerical replay,archived-vector-counts,spectrum-norms-v1,direct DFT or binary64 FFT of matched frame bytes; direct band sums and EMA,see archived reference; precision not separately recorded,4096,4096,266240,266240,1.5291700900672732e-07,1.9138755980861244e-07,7.62939453125e-06,unnormalized FFT magnitude,0,0
3aeff8d50243a034,3479f8136f9386494c9c4478c53fb878c7918db64dda3ac55d44e0b84166d0c4,vdsp-analysis-float,spec012-confirm-03,1,float,128,37,1,1,throughput,steady,existing all-output numerical replay,archived-vector-counts,spectrum-norms-v1,direct DFT or binary64 FFT of matched frame bytes; direct band sums and EMA,see archived reference; precision not separately recorded,4096,4096,266240,266240,1.5291700900672732e-07,1.9138755980861244e-07,7.62939453125e-06,unnormalized FFT magnitude,0,0
3aeff8d50243a034,3479f8136f9386494c9c4478c53fb878c7918db64dda3ac55d44e0b84166d0c4,vdsp-analysis-float,spec012-confirm-03,2,float,128,37,1,1,throughput,steady,existing all-output numerical replay,archived-vector-counts,spectrum-norms-v1,direct DFT or binary64 FFT of matched frame bytes; direct band sums and EMA,see archived reference; precision not separately recorded,4096,4096,266240,266240,1.5291700900672732e-07,1.9138755980861244e-07,7.62939453125e-06,unnormalized FFT magnitude,0,0
3aeff8d50243a034,3a09008861bd66007197b655b4dc5c92349cd17a2f56ef3ada688e3316ec9096,core-double,spec012-confirm-01,0,double,128,37,1,1,callback,steady,full,all-publications-v1,spectrum-norms-v1,independent recursive binary64 FFT / direct DFT; matched float windows; direct bands and EMA,binary64 FFT / long-double direct DFT,4096,4096,266240,266240,5.962511621056884e-15,6.011208602932114e-15,2.7230995236493527e-13,unnormalized FFT magnitude,0,0
3aeff8d50243a034,3a09008861bd66007197b655b4dc5c92349cd17a2f56ef3ada688e3316ec9096,core-double,spec012-confirm-01,1,double,128,37,1,1,callback,steady,full,all-publications-v1,spectrum-norms-v1,independent recursive binary64 FFT / direct DFT; matched float windows; direct bands and EMA,binary64 FFT / long-double direct DFT,4096,4096,266240,266240,5.962511621056884e-15,6.011208602932114e-15,2.7230995236493527e-13,unnormalized FFT magnitude,0,0
3aeff8d50243a034,3a09008861bd66007197b655b4dc5c92349cd17a2f56ef3ada688e3316ec9096,core-double,spec012-confirm-01,2,double,128,37,1,1,callback,steady,full,all-publications-v1,spectrum-norms-v1,independent recursive binary64 FFT / direct DFT; matched float windows; direct bands and EMA,binary64 FFT / long-double direct DFT,4096,4096,266240,266240,5.962511621056884e-15,6.011208602932114e-15,2.7230995236493527e-13,unnormalized FFT magnitude,0,0
3aeff8d50243a034,3a09008861bd66007197b655b4dc5c92349cd17a2f56ef3ada688e3316ec9096,core-double,spec012-confirm-02,0,double,128,37,1,1,callback,steady,full,all-publications-v1,spectrum-norms-v1,independent recursive binary64 FFT / direct DFT; matched float windows; direct bands and EMA,binary64 FFT / long-double direct DFT,4096,4096,266240,266240,5.962511621056884e-15,6.011208602932114e-15,2.7230995236493527e-13,unnormalized FFT magnitude,0,0
3aeff8d50243a034,3a09008861bd66007197b655b4dc5c92349cd17a2f56ef3ada688e3316ec9096,core-double,spec012-confirm-02,1,double,128,37,1,1,callback,steady,full,all-publications-v1,spectrum-norms-v1,independent recursive binary64 FFT / direct DFT; matched float windows; direct bands and EMA,binary64 FFT / long-double direct DFT,4096,4096,266240,266240,5.962511621056884e-15,6.011208602932114e-15,2.7230995236493527e-13,unnormalized FFT magnitude,0,0
3aeff8d50243a034,3a09008861bd66007197b655b4dc5c92349cd17a2f56ef3ada688e3316ec9096,core-double,spec012-confirm-02,2,double,128,37,1,1,callback,steady,full,all-publications-v1,spectrum-norms-v1,independent recursive binary64 FFT / direct DFT; matched float windows; direct bands and EMA,binary64 FFT / long-double direct DFT,4096,4096,266240,266240,5.962511621056884e-15,6.011208602932114e-15,2.7230995236493527e-13,unnormalized FFT magnitude,0,0
3aeff8d50243a034,3a09008861bd66007197b655b4dc5c92349cd17a2f56ef3ada688e3316ec9096,core-double,spec012-confirm-03,0,double,128,37,1,1,callback,steady,full,all-publications-v1,spectrum-norms-v1,independent recursive binary64 FFT / direct DFT; matched float windows; direct bands and EMA,binary64 FFT / long-double direct DFT,4096,4096,266240,266240,5.962511621056884e-15,6.011208602932114e-15,2.7230995236493527e-13,unnormalized FFT magnitude,0,0
3aeff8d50243a034,3a09008861bd66007197b655b4dc5c92349cd17a2f56ef3ada688e3316ec9096,core-double,spec012-confirm-03,1,double,128,37,1,1,callback,steady,full,all-publications-v1,spectrum-norms-v1,independent recursive binary64 FFT / direct DFT; matched float windows; direct bands and EMA,binary64 FFT / long-double direct DFT,4096,4096,266240,266240,5.962511621056884e-15,6.011208602932114e-15,2.7230995236493527e-13,unnormalized FFT magnitude,0,0
3aeff8d50243a034,3a09008861bd66007197b655b4dc5c92349cd17a2f56ef3ada688e3316ec9096,core-double,spec012-confirm-03,2,double,128,37,1,1,callback,steady,full,all-publications-v1,spectrum-norms-v1,independent recursive binary64 FFT / direct DFT; matched float windows; direct bands and EMA,binary64 FFT / long-double direct DFT,4096,4096,266240,266240,5.962511621056884e-15,6.011208602932114e-15,2.7230995236493527e-13,unnormalized FFT magnitude,0,0
3aeff8d50243a034,3c7e1fd5272f8867d74a34e6249d7aae4e2cc0b0b80a6bfe057f56c5464b9f2b,legacy-incremental-double,spec012-confirm-01,0,double,128,37,1,1,throughput,steady,full,all-publications-v1,spectrum-norms-v1,independent recursive binary64 FFT / direct DFT; matched float windows; direct bands and EMA,binary64 FFT / long-double direct DFT,4096,4096,266240,266240,8.610530457198662e-16,7.336009927239404e-16,3.552713678800501e-14,unnormalized FFT magnitude,0,0
3aeff8d50243a034,3c7e1fd5272f8867d74a34e6249d7aae4e2cc0b0b80a6bfe057f56c5464b9f2b,legacy-incremental-double,spec012-confirm-01,1,double,128,37,1,1,throughput,steady,full,all-publications-v1,spectrum-norms-v1,independent recursive binary64 FFT / direct DFT; matched float windows; direct bands and EMA,binary64 FFT / long-double direct DFT,4096,4096,266240,266240,8.610530457198662e-16,7.336009927239404e-16,3.552713678800501e-14,unnormalized FFT magnitude,0,0
3aeff8d50243a034,3c7e1fd5272f8867d74a34e6249d7aae4e2cc0b0b80a6bfe057f56c5464b9f2b,legacy-incremental-double,spec012-confirm-01,2,double,128,37,1,1,throughput,steady,full,all-publications-v1,spectrum-norms-v1,independent recursive binary64 FFT / direct DFT; matched float windows; direct bands and EMA,binary64 FFT / long-double direct DFT,4096,4096,266240,266240,8.610530457198662e-16,7.336009927239404e-16,3.552713678800501e-14,unnormalized FFT magnitude,0,0
3aeff8d50243a034,3c7e1fd5272f8867d74a34e6249d7aae4e2cc0b0b80a6bfe057f56c5464b9f2b,legacy-incremental-double,spec012-confirm-02,0,double,128,37,1,1,throughput,steady,full,all-publications-v1,spectrum-norms-v1,independent recursive binary64 FFT / direct DFT; matched float windows; direct bands and EMA,binary64 FFT / long-double direct DFT,4096,4096,266240,266240,8.610530457198662e-16,7.336009927239404e-16,3.552713678800501e-14,unnormalized FFT magnitude,0,0
3aeff8d50243a034,3c7e1fd5272f8867d74a34e6249d7aae4e2cc0b0b80a6bfe057f56c5464b9f2b,legacy-incremental-double,spec012-confirm-02,1,double,128,37,1,1,throughput,steady,full,all-publications-v1,spectrum-norms-v1,independent recursive binary64 FFT / direct DFT; matched float windows; direct bands and EMA,binary64 FFT / long-double direct DFT,4096,4096,266240,266240,8.610530457198662e-16,7.336009927239404e-16,3.552713678800501e-14,unnormalized FFT magnitude,0,0
3aeff8d50243a034,3c7e1fd5272f8867d74a34e6249d7aae4e2cc0b0b80a6bfe057f56c5464b9f2b,legacy-incremental-double,spec012-confirm-02,2,double,128,37,1,1,throughput,steady,full,all-publications-v1,spectrum-norms-v1,independent recursive binary64 FFT / direct DFT; matched float windows; direct bands and EMA,binary64 FFT / long-double direct DFT,4096,4096,266240,266240,8.610530457198662e-16,7.336009927239404e-16,3.552713678800501e-14,unnormalized FFT magnitude,0,0
3aeff8d50243a034,3c7e1fd5272f8867d74a34e6249d7aae4e2cc0b0b80a6bfe057f56c5464b9f2b,legacy-incremental-double,spec012-confirm-03,0,double,128,37,1,1,throughput,steady,full,all-publications-v1,spectrum-norms-v1,independent recursive binary64 FFT / direct DFT; matched float windows; direct bands and EMA,binary64 FFT / long-double direct DFT,4096,4096,266240,266240,8.610530457198662e-16,7.336009927239404e-16,3.552713678800501e-14,unnormalized FFT magnitude,0,0
3aeff8d50243a034,3c7e1fd5272f8867d74a34e6249d7aae4e2cc0b0b80a6bfe057f56c5464b9f2b,legacy-incremental-double,spec012-confirm-03,1,double,128,37,1,1,throughput,steady,full,all-publications-v1,spectrum-norms-v1,independent recursive binary64 FFT / direct DFT; matched float windows; direct bands and EMA,binary64 FFT / long-double direct DFT,4096,4096,266240,266240,8.610530457198662e-16,7.336009927239404e-16,3.552713678800501e-14,unnormalized FFT magnitude,0,0
3aeff8d50243a034,3c7e1fd5272f8867d74a34e6249d7aae4e2cc0b0b80a6bfe057f56c5464b9f2b,legacy-incremental-double,spec012-confirm-03,2,double,128,37,1,1,throughput,steady,full,all-publications-v1,spectrum-norms-v1,independent recursive binary64 FFT / direct DFT; matched float windows; direct bands and EMA,binary64 FFT / long-double direct DFT,4096,4096,266240,266240,8.610530457198662e-16,7.336009927239404e-16,3.552713678800501e-14,unnormalized FFT magnitude,0,0
3aeff8d50243a034,3de04a4d9c0a29c781906c3b81d36fbbf9cd6661d7c7d7392a1e4830fb799103,vdsp-analysis-double,spec012-confirm-01,0,double,128,37,1,1,throughput,steady,existing all-output numerical replay,archived-vector-counts,spectrum-norms-v1,direct DFT or binary64 FFT of matched frame bytes; direct band sums and EMA,see archived reference; precision not separately recorded,4096,4096,266240,266240,8.688963154889781e-16,7.336009927239404e-16,3.552713678800501e-14,unnormalized FFT magnitude,0,0
3aeff8d50243a034,3de04a4d9c0a29c781906c3b81d36fbbf9cd6661d7c7d7392a1e4830fb799103,vdsp-analysis-double,spec012-confirm-01,1,double,128,37,1,1,throughput,steady,existing all-output numerical replay,archived-vector-counts,spectrum-norms-v1,direct DFT or binary64 FFT of matched frame bytes; direct band sums and EMA,see archived reference; precision not separately recorded,4096,4096,266240,266240,8.688963154889781e-16,7.336009927239404e-16,3.552713678800501e-14,unnormalized FFT magnitude,0,0
3aeff8d50243a034,3de04a4d9c0a29c781906c3b81d36fbbf9cd6661d7c7d7392a1e4830fb799103,vdsp-analysis-double,spec012-confirm-01,2,double,128,37,1,1,throughput,steady,existing all-output numerical replay,archived-vector-counts,spectrum-norms-v1,direct DFT or binary64 FFT of matched frame bytes; direct band sums and EMA,see archived reference; precision not separately recorded,4096,4096,266240,266240,8.688963154889781e-16,7.336009927239404e-16,3.552713678800501e-14,unnormalized FFT magnitude,0,0
3aeff8d50243a034,3de04a4d9c0a29c781906c3b81d36fbbf9cd6661d7c7d7392a1e4830fb799103,vdsp-analysis-double,spec012-confirm-02,0,double,128,37,1,1,throughput,steady,existing all-output numerical replay,archived-vector-counts,spectrum-norms-v1,direct DFT or binary64 FFT of matched frame bytes; direct band sums and EMA,see archived reference; precision not separately recorded,4096,4096,266240,266240,8.688963154889781e-16,7.336009927239404e-16,3.552713678800501e-14,unnormalized FFT magnitude,0,0
3aeff8d50243a034,3de04a4d9c0a29c781906c3b81d36fbbf9cd6661d7c7d7392a1e4830fb799103,vdsp-analysis-double,spec012-confirm-02,1,double,128,37,1,1,throughput,steady,existing all-output numerical replay,archived-vector-counts,spectrum-norms-v1,direct DFT or binary64 FFT of matched frame bytes; direct band sums and EMA,see archived reference; precision not separately recorded,4096,4096,266240,266240,8.688963154889781e-16,7.336009927239404e-16,3.552713678800501e-14,unnormalized FFT magnitude,0,0
3aeff8d50243a034,3de04a4d9c0a29c781906c3b81d36fbbf9cd6661d7c7d7392a1e4830fb799103,vdsp-analysis-double,spec012-confirm-02,2,double,128,37,1,1,throughput,steady,existing all-output numerical replay,archived-vector-counts,spectrum-norms-v1,direct DFT or binary64 FFT of matched frame bytes; direct band sums and EMA,see archived reference; precision not separately recorded,4096,4096,266240,266240,8.688963154889781e-16,7.336009927239404e-16,3.552713678800501e-14,unnormalized FFT magnitude,0,0
3aeff8d50243a034,3de04a4d9c0a29c781906c3b81d36fbbf9cd6661d7c7d7392a1e4830fb799103,vdsp-analysis-double,spec012-confirm-03,0,double,128,37,1,1,throughput,steady,existing all-output numerical replay,archived-vector-counts,spectrum-norms-v1,direct DFT or binary64 FFT of matched frame bytes; direct band sums and EMA,see archived reference; precision not separately recorded,4096,4096,266240,266240,8.688963154889781e-16,7.336009927239404e-16,3.552713678800501e-14,unnormalized FFT magnitude,0,0
3aeff8d50243a034,3de04a4d9c0a29c781906c3b81d36fbbf9cd6661d7c7d7392a1e4830fb799103,vdsp-analysis-double,spec012-confirm-03,1,double,128,37,1,1,throughput,steady,existing all-output numerical replay,archived-vector-counts,spectrum-norms-v1,direct DFT or binary64 FFT of matched frame bytes; direct band sums and EMA,see archived reference; precision not separately recorded,4096,4096,266240,266240,8.688963154889781e-16,7.336009927239404e-16,3.552713678800501e-14,unnormalized FFT magnitude,0,0
3aeff8d50243a034,3de04a4d9c0a29c781906c3b81d36fbbf9cd6661d7c7d7392a1e4830fb799103,vdsp-analysis-double,spec012-confirm-03,2,double,128,37,1,1,throughput,steady,existing all-output numerical replay,archived-vector-counts,spectrum-norms-v1,direct DFT or binary64 FFT of matched frame bytes; direct band sums and EMA,see archived reference; precision not separately recorded,4096,4096,266240,266240,8.688963154889781e-16,7.336009927239404e-16,3.552713678800501e-14,unnormalized FFT magnitude,0,0
3aeff8d50243a034,42470451f13ee6ee01704af6364bb0b313dd801bcd4b588cb4c8f489e7a671f1,vdsp-analysis4-float,spec012-confirm-01,0,float,128,37,1,4,callback,steady,existing all-output numerical replay,archived-vector-counts,spectrum-norms-v1,"independent-four-v1; per-channel DFT/binary64 FFT, direct bands and EMA",see archived reference; precision not separately recorded,16384,16384,1064960,1064960,1.9302134914500943e-07,2.6155424030099664e-07,7.62939453125e-06,unnormalized FFT magnitude,0,0
3aeff8d50243a034,42470451f13ee6ee01704af6364bb0b313dd801bcd4b588cb4c8f489e7a671f1,vdsp-analysis4-float,spec012-confirm-01,1,float,128,37,1,4,callback,steady,existing all-output numerical replay,archived-vector-counts,spectrum-norms-v1,"independent-four-v1; per-channel DFT/binary64 FFT, direct bands and EMA",see archived reference; precision not separately recorded,16384,16384,1064960,1064960,1.9302134914500943e-07,2.6155424030099664e-07,7.62939453125e-06,unnormalized FFT magnitude,0,0
3aeff8d50243a034,42470451f13ee6ee01704af6364bb0b313dd801bcd4b588cb4c8f489e7a671f1,vdsp-analysis4-float,spec012-confirm-01,2,float,128,37,1,4,callback,steady,existing all-output numerical replay,archived-vector-counts,spectrum-norms-v1,"independent-four-v1; per-channel DFT/binary64 FFT, direct bands and EMA",see archived reference; precision not separately recorded,16384,16384,1064960,1064960,1.9302134914500943e-07,2.6155424030099664e-07,7.62939453125e-06,unnormalized FFT magnitude,0,0
3aeff8d50243a034,42470451f13ee6ee01704af6364bb0b313dd801bcd4b588cb4c8f489e7a671f1,vdsp-analysis4-float,spec012-confirm-02,0,float,128,37,1,4,callback,steady,existing all-output numerical replay,archived-vector-counts,spectrum-norms-v1,"independent-four-v1; per-channel DFT/binary64 FFT, direct bands and EMA",see archived reference; precision not separately recorded,16384,16384,1064960,1064960,1.9302134914500943e-07,2.6155424030099664e-07,7.62939453125e-06,unnormalized FFT magnitude,0,0
3aeff8d50243a034,42470451f13ee6ee01704af6364bb0b313dd801bcd4b588cb4c8f489e7a671f1,vdsp-analysis4-float,spec012-confirm-02,1,float,128,37,1,4,callback,steady,existing all-output numerical replay,archived-vector-counts,spectrum-norms-v1,"independent-four-v1; per-channel DFT/binary64 FFT, direct bands and EMA",see archived reference; precision not separately recorded,16384,16384,1064960,1064960,1.9302134914500943e-07,2.6155424030099664e-07,7.62939453125e-06,unnormalized FFT magnitude,0,0
3aeff8d50243a034,42470451f13ee6ee01704af6364bb0b313dd801bcd4b588cb4c8f489e7a671f1,vdsp-analysis4-float,spec012-confirm-02,2,float,128,37,1,4,callback,steady,existing all-output numerical replay,archived-vector-counts,spectrum-norms-v1,"independent-four-v1; per-channel DFT/binary64 FFT, direct bands and EMA",see archived reference; precision not separately recorded,16384,16384,1064960,1064960,1.9302134914500943e-07,2.6155424030099664e-07,7.62939453125e-06,unnormalized FFT magnitude,0,0
3aeff8d50243a034,42470451f13ee6ee01704af6364bb0b313dd801bcd4b588cb4c8f489e7a671f1,vdsp-analysis4-float,spec012-confirm-03,0,float,128,37,1,4,callback,steady,existing all-output numerical replay,archived-vector-counts,spectrum-norms-v1,"independent-four-v1; per-channel DFT/binary64 FFT, direct bands and EMA",see archived reference; precision not separately recorded,16384,16384,1064960,1064960,1.9302134914500943e-07,2.6155424030099664e-07,7.62939453125e-06,unnormalized FFT magnitude,0,0
3aeff8d50243a034,42470451f13ee6ee01704af6364bb0b313dd801bcd4b588cb4c8f489e7a671f1,vdsp-analysis4-float,spec012-confirm-03,1,float,128,37,1,4,callback,steady,existing all-output numerical replay,archived-vector-counts,spectrum-norms-v1,"independent-four-v1; per-channel DFT/binary64 FFT, direct bands and EMA",see archived reference; precision not separately recorded,16384,16384,1064960,1064960,1.9302134914500943e-07,2.6155424030099664e-07,7.62939453125e-06,unnormalized FFT magnitude,0,0
3aeff8d50243a034,42470451f13ee6ee01704af6364bb0b313dd801bcd4b588cb4c8f489e7a671f1,vdsp-analysis4-float,spec012-confirm-03,2,float,128,37,1,4,callback,steady,existing all-output numerical replay,archived-vector-counts,spectrum-norms-v1,"independent-four-v1; per-channel DFT/binary64 FFT, direct bands and EMA",see archived reference; precision not separately recorded,16384,16384,1064960,1064960,1.9302134914500943e-07,2.6155424030099664e-07,7.62939453125e-06,unnormalized FFT magnitude,0,0
3aeff8d50243a034,4416f89ab1305858a075c0e8c308ef79e0f08966e1ccae25bbb2d56726d43983,vdsp-analysis-double,spec012-confirm-01,0,double,128,37,1,1,callback,steady,existing all-output numerical replay,archived-vector-counts,spectrum-norms-v1,direct DFT or binary64 FFT of matched frame bytes; direct band sums and EMA,see archived reference; precision not separately recorded,4096,4096,266240,266240,8.688963154889781e-16,7.336009927239404e-16,3.552713678800501e-14,unnormalized FFT magnitude,0,0
3aeff8d50243a034,4416f89ab1305858a075c0e8c308ef79e0f08966e1ccae25bbb2d56726d43983,vdsp-analysis-double,spec012-confirm-01,1,double,128,37,1,1,callback,steady,existing all-output numerical replay,archived-vector-counts,spectrum-norms-v1,direct DFT or binary64 FFT of matched frame bytes; direct band sums and EMA,see archived reference; precision not separately recorded,4096,4096,266240,266240,8.688963154889781e-16,7.336009927239404e-16,3.552713678800501e-14,unnormalized FFT magnitude,0,0
3aeff8d50243a034,4416f89ab1305858a075c0e8c308ef79e0f08966e1ccae25bbb2d56726d43983,vdsp-analysis-double,spec012-confirm-01,2,double,128,37,1,1,callback,steady,existing all-output numerical replay,archived-vector-counts,spectrum-norms-v1,direct DFT or binary64 FFT of matched frame bytes; direct band sums and EMA,see archived reference; precision not separately recorded,4096,4096,266240,266240,8.688963154889781e-16,7.336009927239404e-16,3.552713678800501e-14,unnormalized FFT magnitude,0,0
3aeff8d50243a034,4416f89ab1305858a075c0e8c308ef79e0f08966e1ccae25bbb2d56726d43983,vdsp-analysis-double,spec012-confirm-02,0,double,128,37,1,1,callback,steady,existing all-output numerical replay,archived-vector-counts,spectrum-norms-v1,direct DFT or binary64 FFT of matched frame bytes; direct band sums and EMA,see archived reference; precision not separately recorded,4096,4096,266240,266240,8.688963154889781e-16,7.336009927239404e-16,3.552713678800501e-14,unnormalized FFT magnitude,0,0
3aeff8d50243a034,4416f89ab1305858a075c0e8c308ef79e0f08966e1ccae25bbb2d56726d43983,vdsp-analysis-double,spec012-confirm-02,1,double,128,37,1,1,callback,steady,existing all-output numerical replay,archived-vector-counts,spectrum-norms-v1,direct DFT or binary64 FFT of matched frame bytes; direct band sums and EMA,see archived reference; precision not separately recorded,4096,4096,266240,266240,8.688963154889781e-16,7.336009927239404e-16,3.552713678800501e-14,unnormalized FFT magnitude,0,0
3aeff8d50243a034,4416f89ab1305858a075c0e8c308ef79e0f08966e1ccae25bbb2d56726d43983,vdsp-analysis-double,spec012-confirm-02,2,double,128,37,1,1,callback,steady,existing all-output numerical replay,archived-vector-counts,spectrum-norms-v1,direct DFT or binary64 FFT of matched frame bytes; direct band sums and EMA,see archived reference; precision not separately recorded,4096,4096,266240,266240,8.688963154889781e-16,7.336009927239404e-16,3.552713678800501e-14,unnormalized FFT magnitude,0,0
3aeff8d50243a034,4416f89ab1305858a075c0e8c308ef79e0f08966e1ccae25bbb2d56726d43983,vdsp-analysis-double,spec012-confirm-03,0,double,128,37,1,1,callback,steady,existing all-output numerical replay,archived-vector-counts,spectrum-norms-v1,direct DFT or binary64 FFT of matched frame bytes; direct band sums and EMA,see archived reference; precision not separately recorded,4096,4096,266240,266240,8.688963154889781e-16,7.336009927239404e-16,3.552713678800501e-14,unnormalized FFT magnitude,0,0
3aeff8d50243a034,4416f89ab1305858a075c0e8c308ef79e0f08966e1ccae25bbb2d56726d43983,vdsp-analysis-double,spec012-confirm-03,1,double,128,37,1,1,callback,steady,existing all-output numerical replay,archived-vector-counts,spectrum-norms-v1,direct DFT or binary64 FFT of matched frame bytes; direct band sums and EMA,see archived reference; precision not separately recorded,4096,4096,266240,266240,8.688963154889781e-16,7.336009927239404e-16,3.552713678800501e-14,unnormalized FFT magnitude,0,0
3aeff8d50243a034,4416f89ab1305858a075c0e8c308ef79e0f08966e1ccae25bbb2d56726d43983,vdsp-analysis-double,spec012-confirm-03,2,double,128,37,1,1,callback,steady,existing all-output numerical replay,archived-vector-counts,spectrum-norms-v1,direct DFT or binary64 FFT of matched frame bytes; direct band sums and EMA,see archived reference; precision not separately recorded,4096,4096,266240,266240,8.688963154889781e-16,7.336009927239404e-16,3.552713678800501e-14,unnormalized FFT magnitude,0,0
3aeff8d50243a034,4927ed134c16ba39e3242d923d2d3a4a459b12cc0a83dd5b0633b1fb02140e6a,pffft-analysis4-float,spec012-confirm-01,0,float,128,37,1,4,callback,steady,existing all-output numerical replay,archived-vector-counts,spectrum-norms-v1,"independent-four-v1; per-channel DFT/binary64 FFT, direct bands and EMA",see archived reference; precision not separately recorded,16384,16384,1064960,1064960,1.915965379293836e-07,2.6155424030099664e-07,7.62939453125e-06,unnormalized FFT magnitude,0,0
3aeff8d50243a034,4927ed134c16ba39e3242d923d2d3a4a459b12cc0a83dd5b0633b1fb02140e6a,pffft-analysis4-float,spec012-confirm-01,1,float,128,37,1,4,callback,steady,existing all-output numerical replay,archived-vector-counts,spectrum-norms-v1,"independent-four-v1; per-channel DFT/binary64 FFT, direct bands and EMA",see archived reference; precision not separately recorded,16384,16384,1064960,1064960,1.915965379293836e-07,2.6155424030099664e-07,7.62939453125e-06,unnormalized FFT magnitude,0,0
3aeff8d50243a034,4927ed134c16ba39e3242d923d2d3a4a459b12cc0a83dd5b0633b1fb02140e6a,pffft-analysis4-float,spec012-confirm-01,2,float,128,37,1,4,callback,steady,existing all-output numerical replay,archived-vector-counts,spectrum-norms-v1,"independent-four-v1; per-channel DFT/binary64 FFT, direct bands and EMA",see archived reference; precision not separately recorded,16384,16384,1064960,1064960,1.915965379293836e-07,2.6155424030099664e-07,7.62939453125e-06,unnormalized FFT magnitude,0,0
3aeff8d50243a034,4927ed134c16ba39e3242d923d2d3a4a459b12cc0a83dd5b0633b1fb02140e6a,pffft-analysis4-float,spec012-confirm-02,0,float,128,37,1,4,callback,steady,existing all-output numerical replay,archived-vector-counts,spectrum-norms-v1,"independent-four-v1; per-channel DFT/binary64 FFT, direct bands and EMA",see archived reference; precision not separately recorded,16384,16384,1064960,1064960,1.915965379293836e-07,2.6155424030099664e-07,7.62939453125e-06,unnormalized FFT magnitude,0,0
3aeff8d50243a034,4927ed134c16ba39e3242d923d2d3a4a459b12cc0a83dd5b0633b1fb02140e6a,pffft-analysis4-float,spec012-confirm-02,1,float,128,37,1,4,callback,steady,existing all-output numerical replay,archived-vector-counts,spectrum-norms-v1,"independent-four-v1; per-channel DFT/binary64 FFT, direct bands and EMA",see archived reference; precision not separately recorded,16384,16384,1064960,1064960,1.915965379293836e-07,2.6155424030099664e-07,7.62939453125e-06,unnormalized FFT magnitude,0,0
3aeff8d50243a034,4927ed134c16ba39e3242d923d2d3a4a459b12cc0a83dd5b0633b1fb02140e6a,pffft-analysis4-float,spec012-confirm-02,2,float,128,37,1,4,callback,steady,existing all-output numerical replay,archived-vector-counts,spectrum-norms-v1,"independent-four-v1; per-channel DFT/binary64 FFT, direct bands and EMA",see archived reference; precision not separately recorded,16384,16384,1064960,1064960,1.915965379293836e-07,2.6155424030099664e-07,7.62939453125e-06,unnormalized FFT magnitude,0,0
3aeff8d50243a034,4927ed134c16ba39e3242d923d2d3a4a459b12cc0a83dd5b0633b1fb02140e6a,pffft-analysis4-float,spec012-confirm-03,0,float,128,37,1,4,callback,steady,existing all-output numerical replay,archived-vector-counts,spectrum-norms-v1,"independent-four-v1; per-channel DFT/binary64 FFT, direct bands and EMA",see archived reference; precision not separately recorded,16384,16384,1064960,1064960,1.915965379293836e-07,2.6155424030099664e-07,7.62939453125e-06,unnormalized FFT magnitude,0,0
3aeff8d50243a034,4927ed134c16ba39e3242d923d2d3a4a459b12cc0a83dd5b0633b1fb02140e6a,pffft-analysis4-float,spec012-confirm-03,1,float,128,37,1,4,callback,steady,existing all-output numerical replay,archived-vector-counts,spectrum-norms-v1,"independent-four-v1; per-channel DFT/binary64 FFT, direct bands and EMA",see archived reference; precision not separately recorded,16384,16384,1064960,1064960,1.915965379293836e-07,2.6155424030099664e-07,7.62939453125e-06,unnormalized FFT magnitude,0,0
3aeff8d50243a034,4927ed134c16ba39e3242d923d2d3a4a459b12cc0a83dd5b0633b1fb02140e6a,pffft-analysis4-float,spec012-confirm-03,2,float,128,37,1,4,callback,steady,existing all-output numerical replay,archived-vector-counts,spectrum-norms-v1,"independent-four-v1; per-channel DFT/binary64 FFT, direct bands and EMA",see archived reference; precision not separately recorded,16384,16384,1064960,1064960,1.915965379293836e-07,2.6155424030099664e-07,7.62939453125e-06,unnormalized FFT magnitude,0,0
3aeff8d50243a034,530f4b7cc308db4344ecdc2c69271ebbc5616ae012d5e7d9504f92928259bbcd,legacy-incremental-double,spec012-confirm-01,0,double,128,37,1,1,callback,steady,full,all-publications-v1,spectrum-norms-v1,independent recursive binary64 FFT / direct DFT; matched float windows; direct bands and EMA,binary64 FFT / long-double direct DFT,4096,4096,266240,266240,8.610530457198662e-16,7.336009927239404e-16,3.552713678800501e-14,unnormalized FFT magnitude,0,0
3aeff8d50243a034,530f4b7cc308db4344ecdc2c69271ebbc5616ae012d5e7d9504f92928259bbcd,legacy-incremental-double,spec012-confirm-01,1,double,128,37,1,1,callback,steady,full,all-publications-v1,spectrum-norms-v1,independent recursive binary64 FFT / direct DFT; matched float windows; direct bands and EMA,binary64 FFT / long-double direct DFT,4096,4096,266240,266240,8.610530457198662e-16,7.336009927239404e-16,3.552713678800501e-14,unnormalized FFT magnitude,0,0
3aeff8d50243a034,530f4b7cc308db4344ecdc2c69271ebbc5616ae012d5e7d9504f92928259bbcd,legacy-incremental-double,spec012-confirm-01,2,double,128,37,1,1,callback,steady,full,all-publications-v1,spectrum-norms-v1,independent recursive binary64 FFT / direct DFT; matched float windows; direct bands and EMA,binary64 FFT / long-double direct DFT,4096,4096,266240,266240,8.610530457198662e-16,7.336009927239404e-16,3.552713678800501e-14,unnormalized FFT magnitude,0,0
3aeff8d50243a034,530f4b7cc308db4344ecdc2c69271ebbc5616ae012d5e7d9504f92928259bbcd,legacy-incremental-double,spec012-confirm-02,0,double,128,37,1,1,callback,steady,full,all-publications-v1,spectrum-norms-v1,independent recursive binary64 FFT / direct DFT; matched float windows; direct bands and EMA,binary64 FFT / long-double direct DFT,4096,4096,266240,266240,8.610530457198662e-16,7.336009927239404e-16,3.552713678800501e-14,unnormalized FFT magnitude,0,0
3aeff8d50243a034,530f4b7cc308db4344ecdc2c69271ebbc5616ae012d5e7d9504f92928259bbcd,legacy-incremental-double,spec012-confirm-02,1,double,128,37,1,1,callback,steady,full,all-publications-v1,spectrum-norms-v1,independent recursive binary64 FFT / direct DFT; matched float windows; direct bands and EMA,binary64 FFT / long-double direct DFT,4096,4096,266240,266240,8.610530457198662e-16,7.336009927239404e-16,3.552713678800501e-14,unnormalized FFT magnitude,0,0
3aeff8d50243a034,530f4b7cc308db4344ecdc2c69271ebbc5616ae012d5e7d9504f92928259bbcd,legacy-incremental-double,spec012-confirm-02,2,double,128,37,1,1,callback,steady,full,all-publications-v1,spectrum-norms-v1,independent recursive binary64 FFT / direct DFT; matched float windows; direct bands and EMA,binary64 FFT / long-double direct DFT,4096,4096,266240,266240,8.610530457198662e-16,7.336009927239404e-16,3.552713678800501e-14,unnormalized FFT magnitude,0,0
3aeff8d50243a034,530f4b7cc308db4344ecdc2c69271ebbc5616ae012d5e7d9504f92928259bbcd,legacy-incremental-double,spec012-confirm-03,0,double,128,37,1,1,callback,steady,full,all-publications-v1,spectrum-norms-v1,independent recursive binary64 FFT / direct DFT; matched float windows; direct bands and EMA,binary64 FFT / long-double direct DFT,4096,4096,266240,266240,8.610530457198662e-16,7.336009927239404e-16,3.552713678800501e-14,unnormalized FFT magnitude,0,0
3aeff8d50243a034,530f4b7cc308db4344ecdc2c69271ebbc5616ae012d5e7d9504f92928259bbcd,legacy-incremental-double,spec012-confirm-03,1,double,128,37,1,1,callback,steady,full,all-publications-v1,spectrum-norms-v1,independent recursive binary64 FFT / direct DFT; matched float windows; direct bands and EMA,binary64 FFT / long-double direct DFT,4096,4096,266240,266240,8.610530457198662e-16,7.336009927239404e-16,3.552713678800501e-14,unnormalized FFT magnitude,0,0
3aeff8d50243a034,530f4b7cc308db4344ecdc2c69271ebbc5616ae012d5e7d9504f92928259bbcd,legacy-incremental-double,spec012-confirm-03,2,double,128,37,1,1,callback,steady,full,all-publications-v1,spectrum-norms-v1,independent recursive binary64 FFT / direct DFT; matched float windows; direct bands and EMA,binary64 FFT / long-double direct DFT,4096,4096,266240,266240,8.610530457198662e-16,7.336009927239404e-16,3.552713678800501e-14,unnormalized FFT magnitude,0,0
3aeff8d50243a034,5b24f49a6a1ef1e1a0941cf35d5db8a49c0b5b0bbed74f8608bbe21e2865ab05,vdsp-analysis4-float,spec012-confirm-01,0,float,128,37,1,4,callback,steady,existing all-output numerical replay,archived-vector-counts,spectrum-norms-v1,"independent-four-v1; per-channel DFT/binary64 FFT, direct bands and EMA",see archived reference; precision not separately recorded,16384,16384,1064960,1064960,1.6096170425782804e-07,1.9175253185249245e-07,7.62939453125e-06,unnormalized FFT magnitude,0,0
3aeff8d50243a034,5b24f49a6a1ef1e1a0941cf35d5db8a49c0b5b0bbed74f8608bbe21e2865ab05,vdsp-analysis4-float,spec012-confirm-01,1,float,128,37,1,4,callback,steady,existing all-output numerical replay,archived-vector-counts,spectrum-norms-v1,"independent-four-v1; per-channel DFT/binary64 FFT, direct bands and EMA",see archived reference; precision not separately recorded,16384,16384,1064960,1064960,1.6096170425782804e-07,1.9175253185249245e-07,7.62939453125e-06,unnormalized FFT magnitude,0,0
3aeff8d50243a034,5b24f49a6a1ef1e1a0941cf35d5db8a49c0b5b0bbed74f8608bbe21e2865ab05,vdsp-analysis4-float,spec012-confirm-01,2,float,128,37,1,4,callback,steady,existing all-output numerical replay,archived-vector-counts,spectrum-norms-v1,"independent-four-v1; per-channel DFT/binary64 FFT, direct bands and EMA",see archived reference; precision not separately recorded,16384,16384,1064960,1064960,1.6096170425782804e-07,1.9175253185249245e-07,7.62939453125e-06,unnormalized FFT magnitude,0,0
3aeff8d50243a034,5b24f49a6a1ef1e1a0941cf35d5db8a49c0b5b0bbed74f8608bbe21e2865ab05,vdsp-analysis4-float,spec012-confirm-02,0,float,128,37,1,4,callback,steady,existing all-output numerical replay,archived-vector-counts,spectrum-norms-v1,"independent-four-v1; per-channel DFT/binary64 FFT, direct bands and EMA",see archived reference; precision not separately recorded,16384,16384,1064960,1064960,1.6096170425782804e-07,1.9175253185249245e-07,7.62939453125e-06,unnormalized FFT magnitude,0,0
3aeff8d50243a034,5b24f49a6a1ef1e1a0941cf35d5db8a49c0b5b0bbed74f8608bbe21e2865ab05,vdsp-analysis4-float,spec012-confirm-02,1,float,128,37,1,4,callback,steady,existing all-output numerical replay,archived-vector-counts,spectrum-norms-v1,"independent-four-v1; per-channel DFT/binary64 FFT, direct bands and EMA",see archived reference; precision not separately recorded,16384,16384,1064960,1064960,1.6096170425782804e-07,1.9175253185249245e-07,7.62939453125e-06,unnormalized FFT magnitude,0,0
3aeff8d50243a034,5b24f49a6a1ef1e1a0941cf35d5db8a49c0b5b0bbed74f8608bbe21e2865ab05,vdsp-analysis4-float,spec012-confirm-02,2,float,128,37,1,4,callback,steady,existing all-output numerical replay,archived-vector-counts,spectrum-norms-v1,"independent-four-v1; per-channel DFT/binary64 FFT, direct bands and EMA",see archived reference; precision not separately recorded,16384,16384,1064960,1064960,1.6096170425782804e-07,1.9175253185249245e-07,7.62939453125e-06,unnormalized FFT magnitude,0,0
3aeff8d50243a034,5b24f49a6a1ef1e1a0941cf35d5db8a49c0b5b0bbed74f8608bbe21e2865ab05,vdsp-analysis4-float,spec012-confirm-03,0,float,128,37,1,4,callback,steady,existing all-output numerical replay,archived-vector-counts,spectrum-norms-v1,"independent-four-v1; per-channel DFT/binary64 FFT, direct bands and EMA",see archived reference; precision not separately recorded,16384,16384,1064960,1064960,1.6096170425782804e-07,1.9175253185249245e-07,7.62939453125e-06,unnormalized FFT magnitude,0,0
3aeff8d50243a034,5b24f49a6a1ef1e1a0941cf35d5db8a49c0b5b0bbed74f8608bbe21e2865ab05,vdsp-analysis4-float,spec012-confirm-03,1,float,128,37,1,4,callback,steady,existing all-output numerical replay,archived-vector-counts,spectrum-norms-v1,"independent-four-v1; per-channel DFT/binary64 FFT, direct bands and EMA",see archived reference; precision not separately recorded,16384,16384,1064960,1064960,1.6096170425782804e-07,1.9175253185249245e-07,7.62939453125e-06,unnormalized FFT magnitude,0,0
3aeff8d50243a034,5b24f49a6a1ef1e1a0941cf35d5db8a49c0b5b0bbed74f8608bbe21e2865ab05,vdsp-analysis4-float,spec012-confirm-03,2,float,128,37,1,4,callback,steady,existing all-output numerical replay,archived-vector-counts,spectrum-norms-v1,"independent-four-v1; per-channel DFT/binary64 FFT, direct bands and EMA",see archived reference; precision not separately recorded,16384,16384,1064960,1064960,1.6096170425782804e-07,1.9175253185249245e-07,7.62939453125e-06,unnormalized FFT magnitude,0,0
3aeff8d50243a034,604c71ff3d3a1988a13db271cce02ff18deeae69b93aae8f6cd7f1c283c12a75,core-independent4-simd,spec012-confirm-01,0,float,128,37,1,4,throughput,steady,existing all-output numerical replay,archived-vector-counts,spectrum-norms-v1,"independent-four-v1; per-channel DFT/binary64 FFT, direct bands and EMA",see archived reference; precision not separately recorded,16384,16384,1064960,1064960,2.2572152646447977e-07,2.8330566591185644e-07,1.0102987289428711e-05,unnormalized FFT magnitude,0,0
3aeff8d50243a034,604c71ff3d3a1988a13db271cce02ff18deeae69b93aae8f6cd7f1c283c12a75,core-independent4-simd,spec012-confirm-01,1,float,128,37,1,4,throughput,steady,existing all-output numerical replay,archived-vector-counts,spectrum-norms-v1,"independent-four-v1; per-channel DFT/binary64 FFT, direct bands and EMA",see archived reference; precision not separately recorded,16384,16384,1064960,1064960,2.2572152646447977e-07,2.8330566591185644e-07,1.0102987289428711e-05,unnormalized FFT magnitude,0,0
3aeff8d50243a034,604c71ff3d3a1988a13db271cce02ff18deeae69b93aae8f6cd7f1c283c12a75,core-independent4-simd,spec012-confirm-01,2,float,128,37,1,4,throughput,steady,existing all-output numerical replay,archived-vector-counts,spectrum-norms-v1,"independent-four-v1; per-channel DFT/binary64 FFT, direct bands and EMA",see archived reference; precision not separately recorded,16384,16384,1064960,1064960,2.2572152646447977e-07,2.8330566591185644e-07,1.0102987289428711e-05,unnormalized FFT magnitude,0,0
3aeff8d50243a034,604c71ff3d3a1988a13db271cce02ff18deeae69b93aae8f6cd7f1c283c12a75,core-independent4-simd,spec012-confirm-02,0,float,128,37,1,4,throughput,steady,existing all-output numerical replay,archived-vector-counts,spectrum-norms-v1,"independent-four-v1; per-channel DFT/binary64 FFT, direct bands and EMA",see archived reference; precision not separately recorded,16384,16384,1064960,1064960,2.2572152646447977e-07,2.8330566591185644e-07,1.0102987289428711e-05,unnormalized FFT magnitude,0,0
3aeff8d50243a034,604c71ff3d3a1988a13db271cce02ff18deeae69b93aae8f6cd7f1c283c12a75,core-independent4-simd,spec012-confirm-02,1,float,128,37,1,4,throughput,steady,existing all-output numerical replay,archived-vector-counts,spectrum-norms-v1,"independent-four-v1; per-channel DFT/binary64 FFT, direct bands and EMA",see archived reference; precision not separately recorded,16384,16384,1064960,1064960,2.2572152646447977e-07,2.8330566591185644e-07,1.0102987289428711e-05,unnormalized FFT magnitude,0,0
3aeff8d50243a034,604c71ff3d3a1988a13db271cce02ff18deeae69b93aae8f6cd7f1c283c12a75,core-independent4-simd,spec012-confirm-02,2,float,128,37,1,4,throughput,steady,existing all-output numerical replay,archived-vector-counts,spectrum-norms-v1,"independent-four-v1; per-channel DFT/binary64 FFT, direct bands and EMA",see archived reference; precision not separately recorded,16384,16384,1064960,1064960,2.2572152646447977e-07,2.8330566591185644e-07,1.0102987289428711e-05,unnormalized FFT magnitude,0,0
3aeff8d50243a034,604c71ff3d3a1988a13db271cce02ff18deeae69b93aae8f6cd7f1c283c12a75,core-independent4-simd,spec012-confirm-03,0,float,128,37,1,4,throughput,steady,existing all-output numerical replay,archived-vector-counts,spectrum-norms-v1,"independent-four-v1; per-channel DFT/binary64 FFT, direct bands and EMA",see archived reference; precision not separately recorded,16384,16384,1064960,1064960,2.2572152646447977e-07,2.8330566591185644e-07,1.0102987289428711e-05,unnormalized FFT magnitude,0,0
3aeff8d50243a034,604c71ff3d3a1988a13db271cce02ff18deeae69b93aae8f6cd7f1c283c12a75,core-independent4-simd,spec012-confirm-03,1,float,128,37,1,4,throughput,steady,existing all-output numerical replay,archived-vector-counts,spectrum-norms-v1,"independent-four-v1; per-channel DFT/binary64 FFT, direct bands and EMA",see archived reference; precision not separately recorded,16384,16384,1064960,1064960,2.2572152646447977e-07,2.8330566591185644e-07,1.0102987289428711e-05,unnormalized FFT magnitude,0,0
3aeff8d50243a034,604c71ff3d3a1988a13db271cce02ff18deeae69b93aae8f6cd7f1c283c12a75,core-independent4-simd,spec012-confirm-03,2,float,128,37,1,4,throughput,steady,existing all-output numerical replay,archived-vector-counts,spectrum-norms-v1,"independent-four-v1; per-channel DFT/binary64 FFT, direct bands and EMA",see archived reference; precision not separately recorded,16384,16384,1064960,1064960,2.2572152646447977e-07,2.8330566591185644e-07,1.0102987289428711e-05,unnormalized FFT magnitude,0,0
3aeff8d50243a034,640d4a2c4d6d3b70f5401f5f18c1963c4564928f82671350221bdd58c36b0d64,pffft-scheduled-batch-float,spec012-confirm-01,0,float,128,37,1,1,callback,steady,existing all-output numerical replay,archived-vector-counts,spectrum-norms-v1,direct DFT or binary64 FFT of matched frame bytes; direct band sums and EMA,see archived reference; precision not separately recorded,4096,4096,266240,266240,1.602566097213613e-07,2.1688344347578274e-07,7.62939453125e-06,unnormalized FFT magnitude,0,0
3aeff8d50243a034,640d4a2c4d6d3b70f5401f5f18c1963c4564928f82671350221bdd58c36b0d64,pffft-scheduled-batch-float,spec012-confirm-01,1,float,128,37,1,1,callback,steady,existing all-output numerical replay,archived-vector-counts,spectrum-norms-v1,direct DFT or binary64 FFT of matched frame bytes; direct band sums and EMA,see archived reference; precision not separately recorded,4096,4096,266240,266240,1.602566097213613e-07,2.1688344347578274e-07,7.62939453125e-06,unnormalized FFT magnitude,0,0
3aeff8d50243a034,640d4a2c4d6d3b70f5401f5f18c1963c4564928f82671350221bdd58c36b0d64,pffft-scheduled-batch-float,spec012-confirm-01,2,float,128,37,1,1,callback,steady,existing all-output numerical replay,archived-vector-counts,spectrum-norms-v1,direct DFT or binary64 FFT of matched frame bytes; direct band sums and EMA,see archived reference; precision not separately recorded,4096,4096,266240,266240,1.602566097213613e-07,2.1688344347578274e-07,7.62939453125e-06,unnormalized FFT magnitude,0,0
3aeff8d50243a034,640d4a2c4d6d3b70f5401f5f18c1963c4564928f82671350221bdd58c36b0d64,pffft-scheduled-batch-float,spec012-confirm-02,0,float,128,37,1,1,callback,steady,existing all-output numerical replay,archived-vector-counts,spectrum-norms-v1,direct DFT or binary64 FFT of matched frame bytes; direct band sums and EMA,see archived reference; precision not separately recorded,4096,4096,266240,266240,1.602566097213613e-07,2.1688344347578274e-07,7.62939453125e-06,unnormalized FFT magnitude,0,0
3aeff8d50243a034,640d4a2c4d6d3b70f5401f5f18c1963c4564928f82671350221bdd58c36b0d64,pffft-scheduled-batch-float,spec012-confirm-02,1,float,128,37,1,1,callback,steady,existing all-output numerical replay,archived-vector-counts,spectrum-norms-v1,direct DFT or binary64 FFT of matched frame bytes; direct band sums and EMA,see archived reference; precision not separately recorded,4096,4096,266240,266240,1.602566097213613e-07,2.1688344347578274e-07,7.62939453125e-06,unnormalized FFT magnitude,0,0
3aeff8d50243a034,640d4a2c4d6d3b70f5401f5f18c1963c4564928f82671350221bdd58c36b0d64,pffft-scheduled-batch-float,spec012-confirm-02,2,float,128,37,1,1,callback,steady,existing all-output numerical replay,archived-vector-counts,spectrum-norms-v1,direct DFT or binary64 FFT of matched frame bytes; direct band sums and EMA,see archived reference; precision not separately recorded,4096,4096,266240,266240,1.602566097213613e-07,2.1688344347578274e-07,7.62939453125e-06,unnormalized FFT magnitude,0,0
3aeff8d50243a034,640d4a2c4d6d3b70f5401f5f18c1963c4564928f82671350221bdd58c36b0d64,pffft-scheduled-batch-float,spec012-confirm-03,0,float,128,37,1,1,callback,steady,existing all-output numerical replay,archived-vector-counts,spectrum-norms-v1,direct DFT or binary64 FFT of matched frame bytes; direct band sums and EMA,see archived reference; precision not separately recorded,4096,4096,266240,266240,1.602566097213613e-07,2.1688344347578274e-07,7.62939453125e-06,unnormalized FFT magnitude,0,0
3aeff8d50243a034,640d4a2c4d6d3b70f5401f5f18c1963c4564928f82671350221bdd58c36b0d64,pffft-scheduled-batch-float,spec012-confirm-03,1,float,128,37,1,1,callback,steady,existing all-output numerical replay,archived-vector-counts,spectrum-norms-v1,direct DFT or binary64 FFT of matched frame bytes; direct band sums and EMA,see archived reference; precision not separately recorded,4096,4096,266240,266240,1.602566097213613e-07,2.1688344347578274e-07,7.62939453125e-06,unnormalized FFT magnitude,0,0
3aeff8d50243a034,640d4a2c4d6d3b70f5401f5f18c1963c4564928f82671350221bdd58c36b0d64,pffft-scheduled-batch-float,spec012-confirm-03,2,float,128,37,1,1,callback,steady,existing all-output numerical replay,archived-vector-counts,spectrum-norms-v1,direct DFT or binary64 FFT of matched frame bytes; direct band sums and EMA,see archived reference; precision not separately recorded,4096,4096,266240,266240,1.602566097213613e-07,2.1688344347578274e-07,7.62939453125e-06,unnormalized FFT magnitude,0,0
3aeff8d50243a034,6596f72ea0c4fafac7a735e8e2cf834861ee9ce6403d1c3af7ca2dc0ac50b268,core-double,spec012-confirm-01,0,double,128,37,1,1,callback,steady,full,all-publications-v1,spectrum-norms-v1,independent recursive binary64 FFT / direct DFT; matched float windows; direct bands and EMA,binary64 FFT / long-double direct DFT,4096,4096,266240,266240,8.667899015438123e-16,7.336009927239404e-16,3.552713678800501e-14,unnormalized FFT magnitude,0,0
3aeff8d50243a034,6596f72ea0c4fafac7a735e8e2cf834861ee9ce6403d1c3af7ca2dc0ac50b268,core-double,spec012-confirm-01,1,double,128,37,1,1,callback,steady,full,all-publications-v1,spectrum-norms-v1,independent recursive binary64 FFT / direct DFT; matched float windows; direct bands and EMA,binary64 FFT / long-double direct DFT,4096,4096,266240,266240,8.667899015438123e-16,7.336009927239404e-16,3.552713678800501e-14,unnormalized FFT magnitude,0,0
3aeff8d50243a034,6596f72ea0c4fafac7a735e8e2cf834861ee9ce6403d1c3af7ca2dc0ac50b268,core-double,spec012-confirm-01,2,double,128,37,1,1,callback,steady,full,all-publications-v1,spectrum-norms-v1,independent recursive binary64 FFT / direct DFT; matched float windows; direct bands and EMA,binary64 FFT / long-double direct DFT,4096,4096,266240,266240,8.667899015438123e-16,7.336009927239404e-16,3.552713678800501e-14,unnormalized FFT magnitude,0,0
3aeff8d50243a034,6596f72ea0c4fafac7a735e8e2cf834861ee9ce6403d1c3af7ca2dc0ac50b268,core-double,spec012-confirm-02,0,double,128,37,1,1,callback,steady,full,all-publications-v1,spectrum-norms-v1,independent recursive binary64 FFT / direct DFT; matched float windows; direct bands and EMA,binary64 FFT / long-double direct DFT,4096,4096,266240,266240,8.667899015438123e-16,7.336009927239404e-16,3.552713678800501e-14,unnormalized FFT magnitude,0,0
3aeff8d50243a034,6596f72ea0c4fafac7a735e8e2cf834861ee9ce6403d1c3af7ca2dc0ac50b268,core-double,spec012-confirm-02,1,double,128,37,1,1,callback,steady,full,all-publications-v1,spectrum-norms-v1,independent recursive binary64 FFT / direct DFT; matched float windows; direct bands and EMA,binary64 FFT / long-double direct DFT,4096,4096,266240,266240,8.667899015438123e-16,7.336009927239404e-16,3.552713678800501e-14,unnormalized FFT magnitude,0,0
3aeff8d50243a034,6596f72ea0c4fafac7a735e8e2cf834861ee9ce6403d1c3af7ca2dc0ac50b268,core-double,spec012-confirm-02,2,double,128,37,1,1,callback,steady,full,all-publications-v1,spectrum-norms-v1,independent recursive binary64 FFT / direct DFT; matched float windows; direct bands and EMA,binary64 FFT / long-double direct DFT,4096,4096,266240,266240,8.667899015438123e-16,7.336009927239404e-16,3.552713678800501e-14,unnormalized FFT magnitude,0,0
3aeff8d50243a034,6596f72ea0c4fafac7a735e8e2cf834861ee9ce6403d1c3af7ca2dc0ac50b268,core-double,spec012-confirm-03,0,double,128,37,1,1,callback,steady,full,all-publications-v1,spectrum-norms-v1,independent recursive binary64 FFT / direct DFT; matched float windows; direct bands and EMA,binary64 FFT / long-double direct DFT,4096,4096,266240,266240,8.667899015438123e-16,7.336009927239404e-16,3.552713678800501e-14,unnormalized FFT magnitude,0,0
3aeff8d50243a034,6596f72ea0c4fafac7a735e8e2cf834861ee9ce6403d1c3af7ca2dc0ac50b268,core-double,spec012-confirm-03,1,double,128,37,1,1,callback,steady,full,all-publications-v1,spectrum-norms-v1,independent recursive binary64 FFT / direct DFT; matched float windows; direct bands and EMA,binary64 FFT / long-double direct DFT,4096,4096,266240,266240,8.667899015438123e-16,7.336009927239404e-16,3.552713678800501e-14,unnormalized FFT magnitude,0,0
3aeff8d50243a034,6596f72ea0c4fafac7a735e8e2cf834861ee9ce6403d1c3af7ca2dc0ac50b268,core-double,spec012-confirm-03,2,double,128,37,1,1,callback,steady,full,all-publications-v1,spectrum-norms-v1,independent recursive binary64 FFT / direct DFT; matched float windows; direct bands and EMA,binary64 FFT / long-double direct DFT,4096,4096,266240,266240,8.667899015438123e-16,7.336009927239404e-16,3.552713678800501e-14,unnormalized FFT magnitude,0,0
3aeff8d50243a034,701fbe3f56844de719f0af7c7e86c30aca7de02842894661b5269ec6f422b60d,vdsp-analysis-float,spec012-confirm-01,0,float,128,37,1,1,callback,steady,existing all-output numerical replay,archived-vector-counts,spectrum-norms-v1,direct DFT or binary64 FFT of matched frame bytes; direct band sums and EMA,see archived reference; precision not separately recorded,4096,4096,266240,266240,1.5291700900672732e-07,1.9138755980861244e-07,7.62939453125e-06,unnormalized FFT magnitude,0,0
3aeff8d50243a034,701fbe3f56844de719f0af7c7e86c30aca7de02842894661b5269ec6f422b60d,vdsp-analysis-float,spec012-confirm-01,1,float,128,37,1,1,callback,steady,existing all-output numerical replay,archived-vector-counts,spectrum-norms-v1,direct DFT or binary64 FFT of matched frame bytes; direct band sums and EMA,see archived reference; precision not separately recorded,4096,4096,266240,266240,1.5291700900672732e-07,1.9138755980861244e-07,7.62939453125e-06,unnormalized FFT magnitude,0,0
3aeff8d50243a034,701fbe3f56844de719f0af7c7e86c30aca7de02842894661b5269ec6f422b60d,vdsp-analysis-float,spec012-confirm-01,2,float,128,37,1,1,callback,steady,existing all-output numerical replay,archived-vector-counts,spectrum-norms-v1,direct DFT or binary64 FFT of matched frame bytes; direct band sums and EMA,see archived reference; precision not separately recorded,4096,4096,266240,266240,1.5291700900672732e-07,1.9138755980861244e-07,7.62939453125e-06,unnormalized FFT magnitude,0,0
3aeff8d50243a034,701fbe3f56844de719f0af7c7e86c30aca7de02842894661b5269ec6f422b60d,vdsp-analysis-float,spec012-confirm-02,0,float,128,37,1,1,callback,steady,existing all-output numerical replay,archived-vector-counts,spectrum-norms-v1,direct DFT or binary64 FFT of matched frame bytes; direct band sums and EMA,see archived reference; precision not separately recorded,4096,4096,266240,266240,1.5291700900672732e-07,1.9138755980861244e-07,7.62939453125e-06,unnormalized FFT magnitude,0,0
3aeff8d50243a034,701fbe3f56844de719f0af7c7e86c30aca7de02842894661b5269ec6f422b60d,vdsp-analysis-float,spec012-confirm-02,1,float,128,37,1,1,callback,steady,existing all-output numerical replay,archived-vector-counts,spectrum-norms-v1,direct DFT or binary64 FFT of matched frame bytes; direct band sums and EMA,see archived reference; precision not separately recorded,4096,4096,266240,266240,1.5291700900672732e-07,1.9138755980861244e-07,7.62939453125e-06,unnormalized FFT magnitude,0,0
3aeff8d50243a034,701fbe3f56844de719f0af7c7e86c30aca7de02842894661b5269ec6f422b60d,vdsp-analysis-float,spec012-confirm-02,2,float,128,37,1,1,callback,steady,existing all-output numerical replay,archived-vector-counts,spectrum-norms-v1,direct DFT or binary64 FFT of matched frame bytes; direct band sums and EMA,see archived reference; precision not separately recorded,4096,4096,266240,266240,1.5291700900672732e-07,1.9138755980861244e-07,7.62939453125e-06,unnormalized FFT magnitude,0,0
3aeff8d50243a034,701fbe3f56844de719f0af7c7e86c30aca7de02842894661b5269ec6f422b60d,vdsp-analysis-float,spec012-confirm-03,0,float,128,37,1,1,callback,steady,existing all-output numerical replay,archived-vector-counts,spectrum-norms-v1,direct DFT or binary64 FFT of matched frame bytes; direct band sums and EMA,see archived reference; precision not separately recorded,4096,4096,266240,266240,1.5291700900672732e-07,1.9138755980861244e-07,7.62939453125e-06,unnormalized FFT magnitude,0,0
3aeff8d50243a034,701fbe3f56844de719f0af7c7e86c30aca7de02842894661b5269ec6f422b60d,vdsp-analysis-float,spec012-confirm-03,1,float,128,37,1,1,callback,steady,existing all-output numerical replay,archived-vector-counts,spectrum-norms-v1,direct DFT or binary64 FFT of matched frame bytes; direct band sums and EMA,see archived reference; precision not separately recorded,4096,4096,266240,266240,1.5291700900672732e-07,1.9138755980861244e-07,7.62939453125e-06,unnormalized FFT magnitude,0,0
3aeff8d50243a034,701fbe3f56844de719f0af7c7e86c30aca7de02842894661b5269ec6f422b60d,vdsp-analysis-float,spec012-confirm-03,2,float,128,37,1,1,callback,steady,existing all-output numerical replay,archived-vector-counts,spectrum-norms-v1,direct DFT or binary64 FFT of matched frame bytes; direct band sums and EMA,see archived reference; precision not separately recorded,4096,4096,266240,266240,1.5291700900672732e-07,1.9138755980861244e-07,7.62939453125e-06,unnormalized FFT magnitude,0,0
3aeff8d50243a034,73ca76f69519bd82c9f10ab23a766f7585cb6bb21575213746a864e103822cda,core-double,spec012-confirm-01,0,double,128,37,1,1,throughput,steady,full,all-publications-v1,spectrum-norms-v1,independent recursive binary64 FFT / direct DFT; matched float windows; direct bands and EMA,binary64 FFT / long-double direct DFT,4096,4096,266240,266240,5.962511621056884e-15,6.011208602932114e-15,2.7230995236493527e-13,unnormalized FFT magnitude,0,0
3aeff8d50243a034,73ca76f69519bd82c9f10ab23a766f7585cb6bb21575213746a864e103822cda,core-double,spec012-confirm-01,1,double,128,37,1,1,throughput,steady,full,all-publications-v1,spectrum-norms-v1,independent recursive binary64 FFT / direct DFT; matched float windows; direct bands and EMA,binary64 FFT / long-double direct DFT,4096,4096,266240,266240,5.962511621056884e-15,6.011208602932114e-15,2.7230995236493527e-13,unnormalized FFT magnitude,0,0
3aeff8d50243a034,73ca76f69519bd82c9f10ab23a766f7585cb6bb21575213746a864e103822cda,core-double,spec012-confirm-01,2,double,128,37,1,1,throughput,steady,full,all-publications-v1,spectrum-norms-v1,independent recursive binary64 FFT / direct DFT; matched float windows; direct bands and EMA,binary64 FFT / long-double direct DFT,4096,4096,266240,266240,5.962511621056884e-15,6.011208602932114e-15,2.7230995236493527e-13,unnormalized FFT magnitude,0,0
3aeff8d50243a034,73ca76f69519bd82c9f10ab23a766f7585cb6bb21575213746a864e103822cda,core-double,spec012-confirm-02,0,double,128,37,1,1,throughput,steady,full,all-publications-v1,spectrum-norms-v1,independent recursive binary64 FFT / direct DFT; matched float windows; direct bands and EMA,binary64 FFT / long-double direct DFT,4096,4096,266240,266240,5.962511621056884e-15,6.011208602932114e-15,2.7230995236493527e-13,unnormalized FFT magnitude,0,0
3aeff8d50243a034,73ca76f69519bd82c9f10ab23a766f7585cb6bb21575213746a864e103822cda,core-double,spec012-confirm-02,1,double,128,37,1,1,throughput,steady,full,all-publications-v1,spectrum-norms-v1,independent recursive binary64 FFT / direct DFT; matched float windows; direct bands and EMA,binary64 FFT / long-double direct DFT,4096,4096,266240,266240,5.962511621056884e-15,6.011208602932114e-15,2.7230995236493527e-13,unnormalized FFT magnitude,0,0
3aeff8d50243a034,73ca76f69519bd82c9f10ab23a766f7585cb6bb21575213746a864e103822cda,core-double,spec012-confirm-02,2,double,128,37,1,1,throughput,steady,full,all-publications-v1,spectrum-norms-v1,independent recursive binary64 FFT / direct DFT; matched float windows; direct bands and EMA,binary64 FFT / long-double direct DFT,4096,4096,266240,266240,5.962511621056884e-15,6.011208602932114e-15,2.7230995236493527e-13,unnormalized FFT magnitude,0,0
3aeff8d50243a034,73ca76f69519bd82c9f10ab23a766f7585cb6bb21575213746a864e103822cda,core-double,spec012-confirm-03,0,double,128,37,1,1,throughput,steady,full,all-publications-v1,spectrum-norms-v1,independent recursive binary64 FFT / direct DFT; matched float windows; direct bands and EMA,binary64 FFT / long-double direct DFT,4096,4096,266240,266240,5.962511621056884e-15,6.011208602932114e-15,2.7230995236493527e-13,unnormalized FFT magnitude,0,0
3aeff8d50243a034,73ca76f69519bd82c9f10ab23a766f7585cb6bb21575213746a864e103822cda,core-double,spec012-confirm-03,1,double,128,37,1,1,throughput,steady,full,all-publications-v1,spectrum-norms-v1,independent recursive binary64 FFT / direct DFT; matched float windows; direct bands and EMA,binary64 FFT / long-double direct DFT,4096,4096,266240,266240,5.962511621056884e-15,6.011208602932114e-15,2.7230995236493527e-13,unnormalized FFT magnitude,0,0
3aeff8d50243a034,73ca76f69519bd82c9f10ab23a766f7585cb6bb21575213746a864e103822cda,core-double,spec012-confirm-03,2,double,128,37,1,1,throughput,steady,full,all-publications-v1,spectrum-norms-v1,independent recursive binary64 FFT / direct DFT; matched float windows; direct bands and EMA,binary64 FFT / long-double direct DFT,4096,4096,266240,266240,5.962511621056884e-15,6.011208602932114e-15,2.7230995236493527e-13,unnormalized FFT magnitude,0,0
3aeff8d50243a034,7baa0a4ad1feabe35ab02b6799c52485e39753ebf1aac1b7eaf0dbb6e975fed7,fftw-analysis-double,spec012-confirm-01,0,double,128,37,1,1,callback,steady,existing all-output numerical replay,archived-vector-counts,spectrum-norms-v1,direct DFT or binary64 FFT of matched frame bytes; direct band sums and EMA,see archived reference; precision not separately recorded,4096,4096,266240,266240,5.932798041086578e-15,6.014818938429371e-15,2.72254441213704e-13,unnormalized FFT magnitude,0,0
3aeff8d50243a034,7baa0a4ad1feabe35ab02b6799c52485e39753ebf1aac1b7eaf0dbb6e975fed7,fftw-analysis-double,spec012-confirm-01,1,double,128,37,1,1,callback,steady,existing all-output numerical replay,archived-vector-counts,spectrum-norms-v1,direct DFT or binary64 FFT of matched frame bytes; direct band sums and EMA,see archived reference; precision not separately recorded,4096,4096,266240,266240,5.932798041086578e-15,6.014818938429371e-15,2.72254441213704e-13,unnormalized FFT magnitude,0,0
3aeff8d50243a034,7baa0a4ad1feabe35ab02b6799c52485e39753ebf1aac1b7eaf0dbb6e975fed7,fftw-analysis-double,spec012-confirm-01,2,double,128,37,1,1,callback,steady,existing all-output numerical replay,archived-vector-counts,spectrum-norms-v1,direct DFT or binary64 FFT of matched frame bytes; direct band sums and EMA,see archived reference; precision not separately recorded,4096,4096,266240,266240,5.932798041086578e-15,6.014818938429371e-15,2.72254441213704e-13,unnormalized FFT magnitude,0,0
3aeff8d50243a034,7baa0a4ad1feabe35ab02b6799c52485e39753ebf1aac1b7eaf0dbb6e975fed7,fftw-analysis-double,spec012-confirm-02,0,double,128,37,1,1,callback,steady,existing all-output numerical replay,archived-vector-counts,spectrum-norms-v1,direct DFT or binary64 FFT of matched frame bytes; direct band sums and EMA,see archived reference; precision not separately recorded,4096,4096,266240,266240,5.932798041086578e-15,6.014818938429371e-15,2.72254441213704e-13,unnormalized FFT magnitude,0,0
3aeff8d50243a034,7baa0a4ad1feabe35ab02b6799c52485e39753ebf1aac1b7eaf0dbb6e975fed7,fftw-analysis-double,spec012-confirm-02,1,double,128,37,1,1,callback,steady,existing all-output numerical replay,archived-vector-counts,spectrum-norms-v1,direct DFT or binary64 FFT of matched frame bytes; direct band sums and EMA,see archived reference; precision not separately recorded,4096,4096,266240,266240,5.932798041086578e-15,6.014818938429371e-15,2.72254441213704e-13,unnormalized FFT magnitude,0,0
3aeff8d50243a034,7baa0a4ad1feabe35ab02b6799c52485e39753ebf1aac1b7eaf0dbb6e975fed7,fftw-analysis-double,spec012-confirm-02,2,double,128,37,1,1,callback,steady,existing all-output numerical replay,archived-vector-counts,spectrum-norms-v1,direct DFT or binary64 FFT of matched frame bytes; direct band sums and EMA,see archived reference; precision not separately recorded,4096,4096,266240,266240,5.932798041086578e-15,6.014818938429371e-15,2.72254441213704e-13,unnormalized FFT magnitude,0,0
3aeff8d50243a034,7baa0a4ad1feabe35ab02b6799c52485e39753ebf1aac1b7eaf0dbb6e975fed7,fftw-analysis-double,spec012-confirm-03,0,double,128,37,1,1,callback,steady,existing all-output numerical replay,archived-vector-counts,spectrum-norms-v1,direct DFT or binary64 FFT of matched frame bytes; direct band sums and EMA,see archived reference; precision not separately recorded,4096,4096,266240,266240,5.932798041086578e-15,6.014818938429371e-15,2.72254441213704e-13,unnormalized FFT magnitude,0,0
3aeff8d50243a034,7baa0a4ad1feabe35ab02b6799c52485e39753ebf1aac1b7eaf0dbb6e975fed7,fftw-analysis-double,spec012-confirm-03,1,double,128,37,1,1,callback,steady,existing all-output numerical replay,archived-vector-counts,spectrum-norms-v1,direct DFT or binary64 FFT of matched frame bytes; direct band sums and EMA,see archived reference; precision not separately recorded,4096,4096,266240,266240,5.932798041086578e-15,6.014818938429371e-15,2.72254441213704e-13,unnormalized FFT magnitude,0,0
3aeff8d50243a034,7baa0a4ad1feabe35ab02b6799c52485e39753ebf1aac1b7eaf0dbb6e975fed7,fftw-analysis-double,spec012-confirm-03,2,double,128,37,1,1,callback,steady,existing all-output numerical replay,archived-vector-counts,spectrum-norms-v1,direct DFT or binary64 FFT of matched frame bytes; direct band sums and EMA,see archived reference; precision not separately recorded,4096,4096,266240,266240,5.932798041086578e-15,6.014818938429371e-15,2.72254441213704e-13,unnormalized FFT magnitude,0,0
3aeff8d50243a034,7c71e379d4c8a6420385cd0c6cd10fd8ba275e2ff25c5c4fdddb9da37aea276c,legacy-incremental-float,spec012-confirm-01,0,float,128,37,1,1,callback,steady,full,all-publications-v1,spectrum-norms-v1,independent recursive binary64 FFT / direct DFT; matched float windows; direct bands and EMA,binary64 FFT / long-double direct DFT,4096,4096,266240,266240,2.0665985178282876e-07,2.399339616642533e-07,1.202896237373352e-05,unnormalized FFT magnitude,0,0
3aeff8d50243a034,7c71e379d4c8a6420385cd0c6cd10fd8ba275e2ff25c5c4fdddb9da37aea276c,legacy-incremental-float,spec012-confirm-01,1,float,128,37,1,1,callback,steady,full,all-publications-v1,spectrum-norms-v1,independent recursive binary64 FFT / direct DFT; matched float windows; direct bands and EMA,binary64 FFT / long-double direct DFT,4096,4096,266240,266240,2.0665985178282876e-07,2.399339616642533e-07,1.202896237373352e-05,unnormalized FFT magnitude,0,0
3aeff8d50243a034,7c71e379d4c8a6420385cd0c6cd10fd8ba275e2ff25c5c4fdddb9da37aea276c,legacy-incremental-float,spec012-confirm-01,2,float,128,37,1,1,callback,steady,full,all-publications-v1,spectrum-norms-v1,independent recursive binary64 FFT / direct DFT; matched float windows; direct bands and EMA,binary64 FFT / long-double direct DFT,4096,4096,266240,266240,2.0665985178282876e-07,2.399339616642533e-07,1.202896237373352e-05,unnormalized FFT magnitude,0,0
3aeff8d50243a034,7c71e379d4c8a6420385cd0c6cd10fd8ba275e2ff25c5c4fdddb9da37aea276c,legacy-incremental-float,spec012-confirm-02,0,float,128,37,1,1,callback,steady,full,all-publications-v1,spectrum-norms-v1,independent recursive binary64 FFT / direct DFT; matched float windows; direct bands and EMA,binary64 FFT / long-double direct DFT,4096,4096,266240,266240,2.0665985178282876e-07,2.399339616642533e-07,1.202896237373352e-05,unnormalized FFT magnitude,0,0
3aeff8d50243a034,7c71e379d4c8a6420385cd0c6cd10fd8ba275e2ff25c5c4fdddb9da37aea276c,legacy-incremental-float,spec012-confirm-02,1,float,128,37,1,1,callback,steady,full,all-publications-v1,spectrum-norms-v1,independent recursive binary64 FFT / direct DFT; matched float windows; direct bands and EMA,binary64 FFT / long-double direct DFT,4096,4096,266240,266240,2.0665985178282876e-07,2.399339616642533e-07,1.202896237373352e-05,unnormalized FFT magnitude,0,0
3aeff8d50243a034,7c71e379d4c8a6420385cd0c6cd10fd8ba275e2ff25c5c4fdddb9da37aea276c,legacy-incremental-float,spec012-confirm-02,2,float,128,37,1,1,callback,steady,full,all-publications-v1,spectrum-norms-v1,independent recursive binary64 FFT / direct DFT; matched float windows; direct bands and EMA,binary64 FFT / long-double direct DFT,4096,4096,266240,266240,2.0665985178282876e-07,2.399339616642533e-07,1.202896237373352e-05,unnormalized FFT magnitude,0,0
3aeff8d50243a034,7c71e379d4c8a6420385cd0c6cd10fd8ba275e2ff25c5c4fdddb9da37aea276c,legacy-incremental-float,spec012-confirm-03,0,float,128,37,1,1,callback,steady,full,all-publications-v1,spectrum-norms-v1,independent recursive binary64 FFT / direct DFT; matched float windows; direct bands and EMA,binary64 FFT / long-double direct DFT,4096,4096,266240,266240,2.0665985178282876e-07,2.399339616642533e-07,1.202896237373352e-05,unnormalized FFT magnitude,0,0
3aeff8d50243a034,7c71e379d4c8a6420385cd0c6cd10fd8ba275e2ff25c5c4fdddb9da37aea276c,legacy-incremental-float,spec012-confirm-03,1,float,128,37,1,1,callback,steady,full,all-publications-v1,spectrum-norms-v1,independent recursive binary64 FFT / direct DFT; matched float windows; direct bands and EMA,binary64 FFT / long-double direct DFT,4096,4096,266240,266240,2.0665985178282876e-07,2.399339616642533e-07,1.202896237373352e-05,unnormalized FFT magnitude,0,0
3aeff8d50243a034,7c71e379d4c8a6420385cd0c6cd10fd8ba275e2ff25c5c4fdddb9da37aea276c,legacy-incremental-float,spec012-confirm-03,2,float,128,37,1,1,callback,steady,full,all-publications-v1,spectrum-norms-v1,independent recursive binary64 FFT / direct DFT; matched float windows; direct bands and EMA,binary64 FFT / long-double direct DFT,4096,4096,266240,266240,2.0665985178282876e-07,2.399339616642533e-07,1.202896237373352e-05,unnormalized FFT magnitude,0,0
3aeff8d50243a034,7e907da240088355620c10a3c06e32b7cef476249714144da9da55abe6edddf8,legacy-batch-double,spec012-confirm-01,0,double,128,37,1,1,callback,steady,full,all-publications-v1,spectrum-norms-v1,independent recursive binary64 FFT / direct DFT; matched float windows; direct bands and EMA,binary64 FFT / long-double direct DFT,4096,4096,266240,266240,5.962511621056884e-15,6.011208602932114e-15,2.7230995236493527e-13,unnormalized FFT magnitude,0,0
3aeff8d50243a034,7e907da240088355620c10a3c06e32b7cef476249714144da9da55abe6edddf8,legacy-batch-double,spec012-confirm-01,1,double,128,37,1,1,callback,steady,full,all-publications-v1,spectrum-norms-v1,independent recursive binary64 FFT / direct DFT; matched float windows; direct bands and EMA,binary64 FFT / long-double direct DFT,4096,4096,266240,266240,5.962511621056884e-15,6.011208602932114e-15,2.7230995236493527e-13,unnormalized FFT magnitude,0,0
3aeff8d50243a034,7e907da240088355620c10a3c06e32b7cef476249714144da9da55abe6edddf8,legacy-batch-double,spec012-confirm-01,2,double,128,37,1,1,callback,steady,full,all-publications-v1,spectrum-norms-v1,independent recursive binary64 FFT / direct DFT; matched float windows; direct bands and EMA,binary64 FFT / long-double direct DFT,4096,4096,266240,266240,5.962511621056884e-15,6.011208602932114e-15,2.7230995236493527e-13,unnormalized FFT magnitude,0,0
3aeff8d50243a034,7e907da240088355620c10a3c06e32b7cef476249714144da9da55abe6edddf8,legacy-batch-double,spec012-confirm-02,0,double,128,37,1,1,callback,steady,full,all-publications-v1,spectrum-norms-v1,independent recursive binary64 FFT / direct DFT; matched float windows; direct bands and EMA,binary64 FFT / long-double direct DFT,4096,4096,266240,266240,5.962511621056884e-15,6.011208602932114e-15,2.7230995236493527e-13,unnormalized FFT magnitude,0,0
3aeff8d50243a034,7e907da240088355620c10a3c06e32b7cef476249714144da9da55abe6edddf8,legacy-batch-double,spec012-confirm-02,1,double,128,37,1,1,callback,steady,full,all-publications-v1,spectrum-norms-v1,independent recursive binary64 FFT / direct DFT; matched float windows; direct bands and EMA,binary64 FFT / long-double direct DFT,4096,4096,266240,266240,5.962511621056884e-15,6.011208602932114e-15,2.7230995236493527e-13,unnormalized FFT magnitude,0,0
3aeff8d50243a034,7e907da240088355620c10a3c06e32b7cef476249714144da9da55abe6edddf8,legacy-batch-double,spec012-confirm-02,2,double,128,37,1,1,callback,steady,full,all-publications-v1,spectrum-norms-v1,independent recursive binary64 FFT / direct DFT; matched float windows; direct bands and EMA,binary64 FFT / long-double direct DFT,4096,4096,266240,266240,5.962511621056884e-15,6.011208602932114e-15,2.7230995236493527e-13,unnormalized FFT magnitude,0,0
3aeff8d50243a034,7e907da240088355620c10a3c06e32b7cef476249714144da9da55abe6edddf8,legacy-batch-double,spec012-confirm-03,0,double,128,37,1,1,callback,steady,full,all-publications-v1,spectrum-norms-v1,independent recursive binary64 FFT / direct DFT; matched float windows; direct bands and EMA,binary64 FFT / long-double direct DFT,4096,4096,266240,266240,5.962511621056884e-15,6.011208602932114e-15,2.7230995236493527e-13,unnormalized FFT magnitude,0,0
3aeff8d50243a034,7e907da240088355620c10a3c06e32b7cef476249714144da9da55abe6edddf8,legacy-batch-double,spec012-confirm-03,1,double,128,37,1,1,callback,steady,full,all-publications-v1,spectrum-norms-v1,independent recursive binary64 FFT / direct DFT; matched float windows; direct bands and EMA,binary64 FFT / long-double direct DFT,4096,4096,266240,266240,5.962511621056884e-15,6.011208602932114e-15,2.7230995236493527e-13,unnormalized FFT magnitude,0,0
3aeff8d50243a034,7e907da240088355620c10a3c06e32b7cef476249714144da9da55abe6edddf8,legacy-batch-double,spec012-confirm-03,2,double,128,37,1,1,callback,steady,full,all-publications-v1,spectrum-norms-v1,independent recursive binary64 FFT / direct DFT; matched float windows; direct bands and EMA,binary64 FFT / long-double direct DFT,4096,4096,266240,266240,5.962511621056884e-15,6.011208602932114e-15,2.7230995236493527e-13,unnormalized FFT magnitude,0,0
3aeff8d50243a034,8203e6914dcb75ed24813aff2373eff4b4804db3663a370fadf0dcd12f1d6cf1,legacy-batch-double,spec012-confirm-01,0,double,128,37,1,1,throughput,steady,full,all-publications-v1,spectrum-norms-v1,independent recursive binary64 FFT / direct DFT; matched float windows; direct bands and EMA,binary64 FFT / long-double direct DFT,4096,4096,266240,266240,5.962511621056884e-15,6.011208602932114e-15,2.7230995236493527e-13,unnormalized FFT magnitude,0,0
3aeff8d50243a034,8203e6914dcb75ed24813aff2373eff4b4804db3663a370fadf0dcd12f1d6cf1,legacy-batch-double,spec012-confirm-01,1,double,128,37,1,1,throughput,steady,full,all-publications-v1,spectrum-norms-v1,independent recursive binary64 FFT / direct DFT; matched float windows; direct bands and EMA,binary64 FFT / long-double direct DFT,4096,4096,266240,266240,5.962511621056884e-15,6.011208602932114e-15,2.7230995236493527e-13,unnormalized FFT magnitude,0,0
3aeff8d50243a034,8203e6914dcb75ed24813aff2373eff4b4804db3663a370fadf0dcd12f1d6cf1,legacy-batch-double,spec012-confirm-01,2,double,128,37,1,1,throughput,steady,full,all-publications-v1,spectrum-norms-v1,independent recursive binary64 FFT / direct DFT; matched float windows; direct bands and EMA,binary64 FFT / long-double direct DFT,4096,4096,266240,266240,5.962511621056884e-15,6.011208602932114e-15,2.7230995236493527e-13,unnormalized FFT magnitude,0,0
3aeff8d50243a034,8203e6914dcb75ed24813aff2373eff4b4804db3663a370fadf0dcd12f1d6cf1,legacy-batch-double,spec012-confirm-02,0,double,128,37,1,1,throughput,steady,full,all-publications-v1,spectrum-norms-v1,independent recursive binary64 FFT / direct DFT; matched float windows; direct bands and EMA,binary64 FFT / long-double direct DFT,4096,4096,266240,266240,5.962511621056884e-15,6.011208602932114e-15,2.7230995236493527e-13,unnormalized FFT magnitude,0,0
3aeff8d50243a034,8203e6914dcb75ed24813aff2373eff4b4804db3663a370fadf0dcd12f1d6cf1,legacy-batch-double,spec012-confirm-02,1,double,128,37,1,1,throughput,steady,full,all-publications-v1,spectrum-norms-v1,independent recursive binary64 FFT / direct DFT; matched float windows; direct bands and EMA,binary64 FFT / long-double direct DFT,4096,4096,266240,266240,5.962511621056884e-15,6.011208602932114e-15,2.7230995236493527e-13,unnormalized FFT magnitude,0,0
3aeff8d50243a034,8203e6914dcb75ed24813aff2373eff4b4804db3663a370fadf0dcd12f1d6cf1,legacy-batch-double,spec012-confirm-02,2,double,128,37,1,1,throughput,steady,full,all-publications-v1,spectrum-norms-v1,independent recursive binary64 FFT / direct DFT; matched float windows; direct bands and EMA,binary64 FFT / long-double direct DFT,4096,4096,266240,266240,5.962511621056884e-15,6.011208602932114e-15,2.7230995236493527e-13,unnormalized FFT magnitude,0,0
3aeff8d50243a034,8203e6914dcb75ed24813aff2373eff4b4804db3663a370fadf0dcd12f1d6cf1,legacy-batch-double,spec012-confirm-03,0,double,128,37,1,1,throughput,steady,full,all-publications-v1,spectrum-norms-v1,independent recursive binary64 FFT / direct DFT; matched float windows; direct bands and EMA,binary64 FFT / long-double direct DFT,4096,4096,266240,266240,5.962511621056884e-15,6.011208602932114e-15,2.7230995236493527e-13,unnormalized FFT magnitude,0,0
3aeff8d50243a034,8203e6914dcb75ed24813aff2373eff4b4804db3663a370fadf0dcd12f1d6cf1,legacy-batch-double,spec012-confirm-03,1,double,128,37,1,1,throughput,steady,full,all-publications-v1,spectrum-norms-v1,independent recursive binary64 FFT / direct DFT; matched float windows; direct bands and EMA,binary64 FFT / long-double direct DFT,4096,4096,266240,266240,5.962511621056884e-15,6.011208602932114e-15,2.7230995236493527e-13,unnormalized FFT magnitude,0,0
3aeff8d50243a034,8203e6914dcb75ed24813aff2373eff4b4804db3663a370fadf0dcd12f1d6cf1,legacy-batch-double,spec012-confirm-03,2,double,128,37,1,1,throughput,steady,full,all-publications-v1,spectrum-norms-v1,independent recursive binary64 FFT / direct DFT; matched float windows; direct bands and EMA,binary64 FFT / long-double direct DFT,4096,4096,266240,266240,5.962511621056884e-15,6.011208602932114e-15,2.7230995236493527e-13,unnormalized FFT magnitude,0,0
3aeff8d50243a034,8edc996c43d4eb7c54d3bde78bb261c8049d6b04717b15c7bf5a082c17f3cc3b,pffft-analysis-float,spec012-confirm-01,0,float,128,37,1,1,callback,steady,existing all-output numerical replay,archived-vector-counts,spectrum-norms-v1,direct DFT or binary64 FFT of matched frame bytes; direct band sums and EMA,see archived reference; precision not separately recorded,4096,4096,266240,266240,1.602566097213613e-07,2.1688344347578274e-07,7.62939453125e-06,unnormalized FFT magnitude,0,0
3aeff8d50243a034,8edc996c43d4eb7c54d3bde78bb261c8049d6b04717b15c7bf5a082c17f3cc3b,pffft-analysis-float,spec012-confirm-01,1,float,128,37,1,1,callback,steady,existing all-output numerical replay,archived-vector-counts,spectrum-norms-v1,direct DFT or binary64 FFT of matched frame bytes; direct band sums and EMA,see archived reference; precision not separately recorded,4096,4096,266240,266240,1.602566097213613e-07,2.1688344347578274e-07,7.62939453125e-06,unnormalized FFT magnitude,0,0
3aeff8d50243a034,8edc996c43d4eb7c54d3bde78bb261c8049d6b04717b15c7bf5a082c17f3cc3b,pffft-analysis-float,spec012-confirm-01,2,float,128,37,1,1,callback,steady,existing all-output numerical replay,archived-vector-counts,spectrum-norms-v1,direct DFT or binary64 FFT of matched frame bytes; direct band sums and EMA,see archived reference; precision not separately recorded,4096,4096,266240,266240,1.602566097213613e-07,2.1688344347578274e-07,7.62939453125e-06,unnormalized FFT magnitude,0,0
3aeff8d50243a034,8edc996c43d4eb7c54d3bde78bb261c8049d6b04717b15c7bf5a082c17f3cc3b,pffft-analysis-float,spec012-confirm-02,0,float,128,37,1,1,callback,steady,existing all-output numerical replay,archived-vector-counts,spectrum-norms-v1,direct DFT or binary64 FFT of matched frame bytes; direct band sums and EMA,see archived reference; precision not separately recorded,4096,4096,266240,266240,1.602566097213613e-07,2.1688344347578274e-07,7.62939453125e-06,unnormalized FFT magnitude,0,0
3aeff8d50243a034,8edc996c43d4eb7c54d3bde78bb261c8049d6b04717b15c7bf5a082c17f3cc3b,pffft-analysis-float,spec012-confirm-02,1,float,128,37,1,1,callback,steady,existing all-output numerical replay,archived-vector-counts,spectrum-norms-v1,direct DFT or binary64 FFT of matched frame bytes; direct band sums and EMA,see archived reference; precision not separately recorded,4096,4096,266240,266240,1.602566097213613e-07,2.1688344347578274e-07,7.62939453125e-06,unnormalized FFT magnitude,0,0
3aeff8d50243a034,8edc996c43d4eb7c54d3bde78bb261c8049d6b04717b15c7bf5a082c17f3cc3b,pffft-analysis-float,spec012-confirm-02,2,float,128,37,1,1,callback,steady,existing all-output numerical replay,archived-vector-counts,spectrum-norms-v1,direct DFT or binary64 FFT of matched frame bytes; direct band sums and EMA,see archived reference; precision not separately recorded,4096,4096,266240,266240,1.602566097213613e-07,2.1688344347578274e-07,7.62939453125e-06,unnormalized FFT magnitude,0,0
3aeff8d50243a034,8edc996c43d4eb7c54d3bde78bb261c8049d6b04717b15c7bf5a082c17f3cc3b,pffft-analysis-float,spec012-confirm-03,0,float,128,37,1,1,callback,steady,existing all-output numerical replay,archived-vector-counts,spectrum-norms-v1,direct DFT or binary64 FFT of matched frame bytes; direct band sums and EMA,see archived reference; precision not separately recorded,4096,4096,266240,266240,1.602566097213613e-07,2.1688344347578274e-07,7.62939453125e-06,unnormalized FFT magnitude,0,0
3aeff8d50243a034,8edc996c43d4eb7c54d3bde78bb261c8049d6b04717b15c7bf5a082c17f3cc3b,pffft-analysis-float,spec012-confirm-03,1,float,128,37,1,1,callback,steady,existing all-output numerical replay,archived-vector-counts,spectrum-norms-v1,direct DFT or binary64 FFT of matched frame bytes; direct band sums and EMA,see archived reference; precision not separately recorded,4096,4096,266240,266240,1.602566097213613e-07,2.1688344347578274e-07,7.62939453125e-06,unnormalized FFT magnitude,0,0
3aeff8d50243a034,8edc996c43d4eb7c54d3bde78bb261c8049d6b04717b15c7bf5a082c17f3cc3b,pffft-analysis-float,spec012-confirm-03,2,float,128,37,1,1,callback,steady,existing all-output numerical replay,archived-vector-counts,spectrum-norms-v1,direct DFT or binary64 FFT of matched frame bytes; direct band sums and EMA,see archived reference; precision not separately recorded,4096,4096,266240,266240,1.602566097213613e-07,2.1688344347578274e-07,7.62939453125e-06,unnormalized FFT magnitude,0,0
3aeff8d50243a034,963e7655cedbe17b0368a4f81cc8e3673c09aab9984798756846e51d3e817fcf,pffft-analysis4-float,spec012-confirm-01,0,float,128,37,1,4,throughput,steady,existing all-output numerical replay,archived-vector-counts,spectrum-norms-v1,"independent-four-v1; per-channel DFT/binary64 FFT, direct bands and EMA",see archived reference; precision not separately recorded,16384,16384,1064960,1064960,1.7886741471416133e-07,2.2519563025895132e-07,7.62939453125e-06,unnormalized FFT magnitude,0,0
3aeff8d50243a034,963e7655cedbe17b0368a4f81cc8e3673c09aab9984798756846e51d3e817fcf,pffft-analysis4-float,spec012-confirm-01,1,float,128,37,1,4,throughput,steady,existing all-output numerical replay,archived-vector-counts,spectrum-norms-v1,"independent-four-v1; per-channel DFT/binary64 FFT, direct bands and EMA",see archived reference; precision not separately recorded,16384,16384,1064960,1064960,1.7886741471416133e-07,2.2519563025895132e-07,7.62939453125e-06,unnormalized FFT magnitude,0,0
3aeff8d50243a034,963e7655cedbe17b0368a4f81cc8e3673c09aab9984798756846e51d3e817fcf,pffft-analysis4-float,spec012-confirm-01,2,float,128,37,1,4,throughput,steady,existing all-output numerical replay,archived-vector-counts,spectrum-norms-v1,"independent-four-v1; per-channel DFT/binary64 FFT, direct bands and EMA",see archived reference; precision not separately recorded,16384,16384,1064960,1064960,1.7886741471416133e-07,2.2519563025895132e-07,7.62939453125e-06,unnormalized FFT magnitude,0,0
3aeff8d50243a034,963e7655cedbe17b0368a4f81cc8e3673c09aab9984798756846e51d3e817fcf,pffft-analysis4-float,spec012-confirm-02,0,float,128,37,1,4,throughput,steady,existing all-output numerical replay,archived-vector-counts,spectrum-norms-v1,"independent-four-v1; per-channel DFT/binary64 FFT, direct bands and EMA",see archived reference; precision not separately recorded,16384,16384,1064960,1064960,1.7886741471416133e-07,2.2519563025895132e-07,7.62939453125e-06,unnormalized FFT magnitude,0,0
3aeff8d50243a034,963e7655cedbe17b0368a4f81cc8e3673c09aab9984798756846e51d3e817fcf,pffft-analysis4-float,spec012-confirm-02,1,float,128,37,1,4,throughput,steady,existing all-output numerical replay,archived-vector-counts,spectrum-norms-v1,"independent-four-v1; per-channel DFT/binary64 FFT, direct bands and EMA",see archived reference; precision not separately recorded,16384,16384,1064960,1064960,1.7886741471416133e-07,2.2519563025895132e-07,7.62939453125e-06,unnormalized FFT magnitude,0,0
3aeff8d50243a034,963e7655cedbe17b0368a4f81cc8e3673c09aab9984798756846e51d3e817fcf,pffft-analysis4-float,spec012-confirm-02,2,float,128,37,1,4,throughput,steady,existing all-output numerical replay,archived-vector-counts,spectrum-norms-v1,"independent-four-v1; per-channel DFT/binary64 FFT, direct bands and EMA",see archived reference; precision not separately recorded,16384,16384,1064960,1064960,1.7886741471416133e-07,2.2519563025895132e-07,7.62939453125e-06,unnormalized FFT magnitude,0,0
3aeff8d50243a034,963e7655cedbe17b0368a4f81cc8e3673c09aab9984798756846e51d3e817fcf,pffft-analysis4-float,spec012-confirm-03,0,float,128,37,1,4,throughput,steady,existing all-output numerical replay,archived-vector-counts,spectrum-norms-v1,"independent-four-v1; per-channel DFT/binary64 FFT, direct bands and EMA",see archived reference; precision not separately recorded,16384,16384,1064960,1064960,1.7886741471416133e-07,2.2519563025895132e-07,7.62939453125e-06,unnormalized FFT magnitude,0,0
3aeff8d50243a034,963e7655cedbe17b0368a4f81cc8e3673c09aab9984798756846e51d3e817fcf,pffft-analysis4-float,spec012-confirm-03,1,float,128,37,1,4,throughput,steady,existing all-output numerical replay,archived-vector-counts,spectrum-norms-v1,"independent-four-v1; per-channel DFT/binary64 FFT, direct bands and EMA",see archived reference; precision not separately recorded,16384,16384,1064960,1064960,1.7886741471416133e-07,2.2519563025895132e-07,7.62939453125e-06,unnormalized FFT magnitude,0,0
3aeff8d50243a034,963e7655cedbe17b0368a4f81cc8e3673c09aab9984798756846e51d3e817fcf,pffft-analysis4-float,spec012-confirm-03,2,float,128,37,1,4,throughput,steady,existing all-output numerical replay,archived-vector-counts,spectrum-norms-v1,"independent-four-v1; per-channel DFT/binary64 FFT, direct bands and EMA",see archived reference; precision not separately recorded,16384,16384,1064960,1064960,1.7886741471416133e-07,2.2519563025895132e-07,7.62939453125e-06,unnormalized FFT magnitude,0,0
3aeff8d50243a034,97c91833ab1f1093e382adf28098f22677b17d13dd1f0473f6979090dd838d7f,core-independent4-float,spec012-confirm-01,0,float,128,37,1,4,callback,steady,existing all-output numerical replay,archived-vector-counts,spectrum-norms-v1,"independent-four-v1; per-channel DFT/binary64 FFT, direct bands and EMA",see archived reference; precision not separately recorded,16384,16384,1064960,1064960,2.34236357892864e-07,2.972250045978767e-07,1.0829418897628784e-05,unnormalized FFT magnitude,0,0
3aeff8d50243a034,97c91833ab1f1093e382adf28098f22677b17d13dd1f0473f6979090dd838d7f,core-independent4-float,spec012-confirm-01,1,float,128,37,1,4,callback,steady,existing all-output numerical replay,archived-vector-counts,spectrum-norms-v1,"independent-four-v1; per-channel DFT/binary64 FFT, direct bands and EMA",see archived reference; precision not separately recorded,16384,16384,1064960,1064960,2.34236357892864e-07,2.972250045978767e-07,1.0829418897628784e-05,unnormalized FFT magnitude,0,0
3aeff8d50243a034,97c91833ab1f1093e382adf28098f22677b17d13dd1f0473f6979090dd838d7f,core-independent4-float,spec012-confirm-01,2,float,128,37,1,4,callback,steady,existing all-output numerical replay,archived-vector-counts,spectrum-norms-v1,"independent-four-v1; per-channel DFT/binary64 FFT, direct bands and EMA",see archived reference; precision not separately recorded,16384,16384,1064960,1064960,2.34236357892864e-07,2.972250045978767e-07,1.0829418897628784e-05,unnormalized FFT magnitude,0,0
3aeff8d50243a034,97c91833ab1f1093e382adf28098f22677b17d13dd1f0473f6979090dd838d7f,core-independent4-float,spec012-confirm-02,0,float,128,37,1,4,callback,steady,existing all-output numerical replay,archived-vector-counts,spectrum-norms-v1,"independent-four-v1; per-channel DFT/binary64 FFT, direct bands and EMA",see archived reference; precision not separately recorded,16384,16384,1064960,1064960,2.34236357892864e-07,2.972250045978767e-07,1.0829418897628784e-05,unnormalized FFT magnitude,0,0
3aeff8d50243a034,97c91833ab1f1093e382adf28098f22677b17d13dd1f0473f6979090dd838d7f,core-independent4-float,spec012-confirm-02,1,float,128,37,1,4,callback,steady,existing all-output numerical replay,archived-vector-counts,spectrum-norms-v1,"independent-four-v1; per-channel DFT/binary64 FFT, direct bands and EMA",see archived reference; precision not separately recorded,16384,16384,1064960,1064960,2.34236357892864e-07,2.972250045978767e-07,1.0829418897628784e-05,unnormalized FFT magnitude,0,0
3aeff8d50243a034,97c91833ab1f1093e382adf28098f22677b17d13dd1f0473f6979090dd838d7f,core-independent4-float,spec012-confirm-02,2,float,128,37,1,4,callback,steady,existing all-output numerical replay,archived-vector-counts,spectrum-norms-v1,"independent-four-v1; per-channel DFT/binary64 FFT, direct bands and EMA",see archived reference; precision not separately recorded,16384,16384,1064960,1064960,2.34236357892864e-07,2.972250045978767e-07,1.0829418897628784e-05,unnormalized FFT magnitude,0,0
3aeff8d50243a034,97c91833ab1f1093e382adf28098f22677b17d13dd1f0473f6979090dd838d7f,core-independent4-float,spec012-confirm-03,0,float,128,37,1,4,callback,steady,existing all-output numerical replay,archived-vector-counts,spectrum-norms-v1,"independent-four-v1; per-channel DFT/binary64 FFT, direct bands and EMA",see archived reference; precision not separately recorded,16384,16384,1064960,1064960,2.34236357892864e-07,2.972250045978767e-07,1.0829418897628784e-05,unnormalized FFT magnitude,0,0
3aeff8d50243a034,97c91833ab1f1093e382adf28098f22677b17d13dd1f0473f6979090dd838d7f,core-independent4-float,spec012-confirm-03,1,float,128,37,1,4,callback,steady,existing all-output numerical replay,archived-vector-counts,spectrum-norms-v1,"independent-four-v1; per-channel DFT/binary64 FFT, direct bands and EMA",see archived reference; precision not separately recorded,16384,16384,1064960,1064960,2.34236357892864e-07,2.972250045978767e-07,1.0829418897628784e-05,unnormalized FFT magnitude,0,0
3aeff8d50243a034,97c91833ab1f1093e382adf28098f22677b17d13dd1f0473f6979090dd838d7f,core-independent4-float,spec012-confirm-03,2,float,128,37,1,4,callback,steady,existing all-output numerical replay,archived-vector-counts,spectrum-norms-v1,"independent-four-v1; per-channel DFT/binary64 FFT, direct bands and EMA",see archived reference; precision not separately recorded,16384,16384,1064960,1064960,2.34236357892864e-07,2.972250045978767e-07,1.0829418897628784e-05,unnormalized FFT magnitude,0,0
3aeff8d50243a034,9a58ed2e77e70523c10fed3cc41dc0f88922140c49088aef2ef969b498fb7246,pffft-scheduled-batch-float,spec012-confirm-01,0,float,128,37,1,1,throughput,steady,existing all-output numerical replay,archived-vector-counts,spectrum-norms-v1,direct DFT or binary64 FFT of matched frame bytes; direct band sums and EMA,see archived reference; precision not separately recorded,4096,4096,266240,266240,1.602566097213613e-07,2.1688344347578274e-07,7.62939453125e-06,unnormalized FFT magnitude,0,0
3aeff8d50243a034,9a58ed2e77e70523c10fed3cc41dc0f88922140c49088aef2ef969b498fb7246,pffft-scheduled-batch-float,spec012-confirm-01,1,float,128,37,1,1,throughput,steady,existing all-output numerical replay,archived-vector-counts,spectrum-norms-v1,direct DFT or binary64 FFT of matched frame bytes; direct band sums and EMA,see archived reference; precision not separately recorded,4096,4096,266240,266240,1.602566097213613e-07,2.1688344347578274e-07,7.62939453125e-06,unnormalized FFT magnitude,0,0
3aeff8d50243a034,9a58ed2e77e70523c10fed3cc41dc0f88922140c49088aef2ef969b498fb7246,pffft-scheduled-batch-float,spec012-confirm-01,2,float,128,37,1,1,throughput,steady,existing all-output numerical replay,archived-vector-counts,spectrum-norms-v1,direct DFT or binary64 FFT of matched frame bytes; direct band sums and EMA,see archived reference; precision not separately recorded,4096,4096,266240,266240,1.602566097213613e-07,2.1688344347578274e-07,7.62939453125e-06,unnormalized FFT magnitude,0,0
3aeff8d50243a034,9a58ed2e77e70523c10fed3cc41dc0f88922140c49088aef2ef969b498fb7246,pffft-scheduled-batch-float,spec012-confirm-02,0,float,128,37,1,1,throughput,steady,existing all-output numerical replay,archived-vector-counts,spectrum-norms-v1,direct DFT or binary64 FFT of matched frame bytes; direct band sums and EMA,see archived reference; precision not separately recorded,4096,4096,266240,266240,1.602566097213613e-07,2.1688344347578274e-07,7.62939453125e-06,unnormalized FFT magnitude,0,0
3aeff8d50243a034,9a58ed2e77e70523c10fed3cc41dc0f88922140c49088aef2ef969b498fb7246,pffft-scheduled-batch-float,spec012-confirm-02,1,float,128,37,1,1,throughput,steady,existing all-output numerical replay,archived-vector-counts,spectrum-norms-v1,direct DFT or binary64 FFT of matched frame bytes; direct band sums and EMA,see archived reference; precision not separately recorded,4096,4096,266240,266240,1.602566097213613e-07,2.1688344347578274e-07,7.62939453125e-06,unnormalized FFT magnitude,0,0
3aeff8d50243a034,9a58ed2e77e70523c10fed3cc41dc0f88922140c49088aef2ef969b498fb7246,pffft-scheduled-batch-float,spec012-confirm-02,2,float,128,37,1,1,throughput,steady,existing all-output numerical replay,archived-vector-counts,spectrum-norms-v1,direct DFT or binary64 FFT of matched frame bytes; direct band sums and EMA,see archived reference; precision not separately recorded,4096,4096,266240,266240,1.602566097213613e-07,2.1688344347578274e-07,7.62939453125e-06,unnormalized FFT magnitude,0,0
3aeff8d50243a034,9a58ed2e77e70523c10fed3cc41dc0f88922140c49088aef2ef969b498fb7246,pffft-scheduled-batch-float,spec012-confirm-03,0,float,128,37,1,1,throughput,steady,existing all-output numerical replay,archived-vector-counts,spectrum-norms-v1,direct DFT or binary64 FFT of matched frame bytes; direct band sums and EMA,see archived reference; precision not separately recorded,4096,4096,266240,266240,1.602566097213613e-07,2.1688344347578274e-07,7.62939453125e-06,unnormalized FFT magnitude,0,0
3aeff8d50243a034,9a58ed2e77e70523c10fed3cc41dc0f88922140c49088aef2ef969b498fb7246,pffft-scheduled-batch-float,spec012-confirm-03,1,float,128,37,1,1,throughput,steady,existing all-output numerical replay,archived-vector-counts,spectrum-norms-v1,direct DFT or binary64 FFT of matched frame bytes; direct band sums and EMA,see archived reference; precision not separately recorded,4096,4096,266240,266240,1.602566097213613e-07,2.1688344347578274e-07,7.62939453125e-06,unnormalized FFT magnitude,0,0
3aeff8d50243a034,9a58ed2e77e70523c10fed3cc41dc0f88922140c49088aef2ef969b498fb7246,pffft-scheduled-batch-float,spec012-confirm-03,2,float,128,37,1,1,throughput,steady,existing all-output numerical replay,archived-vector-counts,spectrum-norms-v1,direct DFT or binary64 FFT of matched frame bytes; direct band sums and EMA,see archived reference; precision not separately recorded,4096,4096,266240,266240,1.602566097213613e-07,2.1688344347578274e-07,7.62939453125e-06,unnormalized FFT magnitude,0,0
3aeff8d50243a034,a2d3c888fc1ca5d228eb0f9f0cd984929eb1fbd58526963e173060467f2d4545,vdsp-analysis4-float,spec012-confirm-01,0,float,128,37,1,4,throughput,steady,existing all-output numerical replay,archived-vector-counts,spectrum-norms-v1,"independent-four-v1; per-channel DFT/binary64 FFT, direct bands and EMA",see archived reference; precision not separately recorded,16384,16384,1064960,1064960,1.9302134914500943e-07,2.6155424030099664e-07,7.62939453125e-06,unnormalized FFT magnitude,0,0
3aeff8d50243a034,a2d3c888fc1ca5d228eb0f9f0cd984929eb1fbd58526963e173060467f2d4545,vdsp-analysis4-float,spec012-confirm-01,1,float,128,37,1,4,throughput,steady,existing all-output numerical replay,archived-vector-counts,spectrum-norms-v1,"independent-four-v1; per-channel DFT/binary64 FFT, direct bands and EMA",see archived reference; precision not separately recorded,16384,16384,1064960,1064960,1.9302134914500943e-07,2.6155424030099664e-07,7.62939453125e-06,unnormalized FFT magnitude,0,0
3aeff8d50243a034,a2d3c888fc1ca5d228eb0f9f0cd984929eb1fbd58526963e173060467f2d4545,vdsp-analysis4-float,spec012-confirm-01,2,float,128,37,1,4,throughput,steady,existing all-output numerical replay,archived-vector-counts,spectrum-norms-v1,"independent-four-v1; per-channel DFT/binary64 FFT, direct bands and EMA",see archived reference; precision not separately recorded,16384,16384,1064960,1064960,1.9302134914500943e-07,2.6155424030099664e-07,7.62939453125e-06,unnormalized FFT magnitude,0,0
3aeff8d50243a034,a2d3c888fc1ca5d228eb0f9f0cd984929eb1fbd58526963e173060467f2d4545,vdsp-analysis4-float,spec012-confirm-02,0,float,128,37,1,4,throughput,steady,existing all-output numerical replay,archived-vector-counts,spectrum-norms-v1,"independent-four-v1; per-channel DFT/binary64 FFT, direct bands and EMA",see archived reference; precision not separately recorded,16384,16384,1064960,1064960,1.9302134914500943e-07,2.6155424030099664e-07,7.62939453125e-06,unnormalized FFT magnitude,0,0
3aeff8d50243a034,a2d3c888fc1ca5d228eb0f9f0cd984929eb1fbd58526963e173060467f2d4545,vdsp-analysis4-float,spec012-confirm-02,1,float,128,37,1,4,throughput,steady,existing all-output numerical replay,archived-vector-counts,spectrum-norms-v1,"independent-four-v1; per-channel DFT/binary64 FFT, direct bands and EMA",see archived reference; precision not separately recorded,16384,16384,1064960,1064960,1.9302134914500943e-07,2.6155424030099664e-07,7.62939453125e-06,unnormalized FFT magnitude,0,0
3aeff8d50243a034,a2d3c888fc1ca5d228eb0f9f0cd984929eb1fbd58526963e173060467f2d4545,vdsp-analysis4-float,spec012-confirm-02,2,float,128,37,1,4,throughput,steady,existing all-output numerical replay,archived-vector-counts,spectrum-norms-v1,"independent-four-v1; per-channel DFT/binary64 FFT, direct bands and EMA",see archived reference; precision not separately recorded,16384,16384,1064960,1064960,1.9302134914500943e-07,2.6155424030099664e-07,7.62939453125e-06,unnormalized FFT magnitude,0,0
3aeff8d50243a034,a2d3c888fc1ca5d228eb0f9f0cd984929eb1fbd58526963e173060467f2d4545,vdsp-analysis4-float,spec012-confirm-03,0,float,128,37,1,4,throughput,steady,existing all-output numerical replay,archived-vector-counts,spectrum-norms-v1,"independent-four-v1; per-channel DFT/binary64 FFT, direct bands and EMA",see archived reference; precision not separately recorded,16384,16384,1064960,1064960,1.9302134914500943e-07,2.6155424030099664e-07,7.62939453125e-06,unnormalized FFT magnitude,0,0
3aeff8d50243a034,a2d3c888fc1ca5d228eb0f9f0cd984929eb1fbd58526963e173060467f2d4545,vdsp-analysis4-float,spec012-confirm-03,1,float,128,37,1,4,throughput,steady,existing all-output numerical replay,archived-vector-counts,spectrum-norms-v1,"independent-four-v1; per-channel DFT/binary64 FFT, direct bands and EMA",see archived reference; precision not separately recorded,16384,16384,1064960,1064960,1.9302134914500943e-07,2.6155424030099664e-07,7.62939453125e-06,unnormalized FFT magnitude,0,0
3aeff8d50243a034,a2d3c888fc1ca5d228eb0f9f0cd984929eb1fbd58526963e173060467f2d4545,vdsp-analysis4-float,spec012-confirm-03,2,float,128,37,1,4,throughput,steady,existing all-output numerical replay,archived-vector-counts,spectrum-norms-v1,"independent-four-v1; per-channel DFT/binary64 FFT, direct bands and EMA",see archived reference; precision not separately recorded,16384,16384,1064960,1064960,1.9302134914500943e-07,2.6155424030099664e-07,7.62939453125e-06,unnormalized FFT magnitude,0,0
3aeff8d50243a034,abc35f87d130ded079250725a0ef8ccdbc407315b39bce3ce7d7611148f859a3,legacy-incremental-double,spec012-confirm-01,0,double,128,37,1,1,callback,steady,full,all-publications-v1,spectrum-norms-v1,independent recursive binary64 FFT / direct DFT; matched float windows; direct bands and EMA,binary64 FFT / long-double direct DFT,4096,4096,266240,266240,5.962511621056884e-15,6.011208602932114e-15,2.7230995236493527e-13,unnormalized FFT magnitude,0,0
3aeff8d50243a034,abc35f87d130ded079250725a0ef8ccdbc407315b39bce3ce7d7611148f859a3,legacy-incremental-double,spec012-confirm-01,1,double,128,37,1,1,callback,steady,full,all-publications-v1,spectrum-norms-v1,independent recursive binary64 FFT / direct DFT; matched float windows; direct bands and EMA,binary64 FFT / long-double direct DFT,4096,4096,266240,266240,5.962511621056884e-15,6.011208602932114e-15,2.7230995236493527e-13,unnormalized FFT magnitude,0,0
3aeff8d50243a034,abc35f87d130ded079250725a0ef8ccdbc407315b39bce3ce7d7611148f859a3,legacy-incremental-double,spec012-confirm-01,2,double,128,37,1,1,callback,steady,full,all-publications-v1,spectrum-norms-v1,independent recursive binary64 FFT / direct DFT; matched float windows; direct bands and EMA,binary64 FFT / long-double direct DFT,4096,4096,266240,266240,5.962511621056884e-15,6.011208602932114e-15,2.7230995236493527e-13,unnormalized FFT magnitude,0,0
3aeff8d50243a034,abc35f87d130ded079250725a0ef8ccdbc407315b39bce3ce7d7611148f859a3,legacy-incremental-double,spec012-confirm-02,0,double,128,37,1,1,callback,steady,full,all-publications-v1,spectrum-norms-v1,independent recursive binary64 FFT / direct DFT; matched float windows; direct bands and EMA,binary64 FFT / long-double direct DFT,4096,4096,266240,266240,5.962511621056884e-15,6.011208602932114e-15,2.7230995236493527e-13,unnormalized FFT magnitude,0,0
3aeff8d50243a034,abc35f87d130ded079250725a0ef8ccdbc407315b39bce3ce7d7611148f859a3,legacy-incremental-double,spec012-confirm-02,1,double,128,37,1,1,callback,steady,full,all-publications-v1,spectrum-norms-v1,independent recursive binary64 FFT / direct DFT; matched float windows; direct bands and EMA,binary64 FFT / long-double direct DFT,4096,4096,266240,266240,5.962511621056884e-15,6.011208602932114e-15,2.7230995236493527e-13,unnormalized FFT magnitude,0,0
3aeff8d50243a034,abc35f87d130ded079250725a0ef8ccdbc407315b39bce3ce7d7611148f859a3,legacy-incremental-double,spec012-confirm-02,2,double,128,37,1,1,callback,steady,full,all-publications-v1,spectrum-norms-v1,independent recursive binary64 FFT / direct DFT; matched float windows; direct bands and EMA,binary64 FFT / long-double direct DFT,4096,4096,266240,266240,5.962511621056884e-15,6.011208602932114e-15,2.7230995236493527e-13,unnormalized FFT magnitude,0,0
3aeff8d50243a034,abc35f87d130ded079250725a0ef8ccdbc407315b39bce3ce7d7611148f859a3,legacy-incremental-double,spec012-confirm-03,0,double,128,37,1,1,callback,steady,full,all-publications-v1,spectrum-norms-v1,independent recursive binary64 FFT / direct DFT; matched float windows; direct bands and EMA,binary64 FFT / long-double direct DFT,4096,4096,266240,266240,5.962511621056884e-15,6.011208602932114e-15,2.7230995236493527e-13,unnormalized FFT magnitude,0,0
3aeff8d50243a034,abc35f87d130ded079250725a0ef8ccdbc407315b39bce3ce7d7611148f859a3,legacy-incremental-double,spec012-confirm-03,1,double,128,37,1,1,callback,steady,full,all-publications-v1,spectrum-norms-v1,independent recursive binary64 FFT / direct DFT; matched float windows; direct bands and EMA,binary64 FFT / long-double direct DFT,4096,4096,266240,266240,5.962511621056884e-15,6.011208602932114e-15,2.7230995236493527e-13,unnormalized FFT magnitude,0,0
3aeff8d50243a034,abc35f87d130ded079250725a0ef8ccdbc407315b39bce3ce7d7611148f859a3,legacy-incremental-double,spec012-confirm-03,2,double,128,37,1,1,callback,steady,full,all-publications-v1,spectrum-norms-v1,independent recursive binary64 FFT / direct DFT; matched float windows; direct bands and EMA,binary64 FFT / long-double direct DFT,4096,4096,266240,266240,5.962511621056884e-15,6.011208602932114e-15,2.7230995236493527e-13,unnormalized FFT magnitude,0,0
3aeff8d50243a034,add8ae46a4e15c63561c1b3651379b7e99b4c8b7470b37c04dc7f931df3bb0f6,fftw-analysis-double,spec012-confirm-01,0,double,128,37,1,1,callback,steady,existing all-output numerical replay,archived-vector-counts,spectrum-norms-v1,direct DFT or binary64 FFT of matched frame bytes; direct band sums and EMA,see archived reference; precision not separately recorded,4096,4096,266240,266240,8.559683602894945e-16,7.336009927239404e-16,3.552713678800501e-14,unnormalized FFT magnitude,0,0
3aeff8d50243a034,add8ae46a4e15c63561c1b3651379b7e99b4c8b7470b37c04dc7f931df3bb0f6,fftw-analysis-double,spec012-confirm-01,1,double,128,37,1,1,callback,steady,existing all-output numerical replay,archived-vector-counts,spectrum-norms-v1,direct DFT or binary64 FFT of matched frame bytes; direct band sums and EMA,see archived reference; precision not separately recorded,4096,4096,266240,266240,8.559683602894945e-16,7.336009927239404e-16,3.552713678800501e-14,unnormalized FFT magnitude,0,0
3aeff8d50243a034,add8ae46a4e15c63561c1b3651379b7e99b4c8b7470b37c04dc7f931df3bb0f6,fftw-analysis-double,spec012-confirm-01,2,double,128,37,1,1,callback,steady,existing all-output numerical replay,archived-vector-counts,spectrum-norms-v1,direct DFT or binary64 FFT of matched frame bytes; direct band sums and EMA,see archived reference; precision not separately recorded,4096,4096,266240,266240,8.559683602894945e-16,7.336009927239404e-16,3.552713678800501e-14,unnormalized FFT magnitude,0,0
3aeff8d50243a034,add8ae46a4e15c63561c1b3651379b7e99b4c8b7470b37c04dc7f931df3bb0f6,fftw-analysis-double,spec012-confirm-02,0,double,128,37,1,1,callback,steady,existing all-output numerical replay,archived-vector-counts,spectrum-norms-v1,direct DFT or binary64 FFT of matched frame bytes; direct band sums and EMA,see archived reference; precision not separately recorded,4096,4096,266240,266240,8.559683602894945e-16,7.336009927239404e-16,3.552713678800501e-14,unnormalized FFT magnitude,0,0
3aeff8d50243a034,add8ae46a4e15c63561c1b3651379b7e99b4c8b7470b37c04dc7f931df3bb0f6,fftw-analysis-double,spec012-confirm-02,1,double,128,37,1,1,callback,steady,existing all-output numerical replay,archived-vector-counts,spectrum-norms-v1,direct DFT or binary64 FFT of matched frame bytes; direct band sums and EMA,see archived reference; precision not separately recorded,4096,4096,266240,266240,8.559683602894945e-16,7.336009927239404e-16,3.552713678800501e-14,unnormalized FFT magnitude,0,0
3aeff8d50243a034,add8ae46a4e15c63561c1b3651379b7e99b4c8b7470b37c04dc7f931df3bb0f6,fftw-analysis-double,spec012-confirm-02,2,double,128,37,1,1,callback,steady,existing all-output numerical replay,archived-vector-counts,spectrum-norms-v1,direct DFT or binary64 FFT of matched frame bytes; direct band sums and EMA,see archived reference; precision not separately recorded,4096,4096,266240,266240,8.559683602894945e-16,7.336009927239404e-16,3.552713678800501e-14,unnormalized FFT magnitude,0,0
3aeff8d50243a034,add8ae46a4e15c63561c1b3651379b7e99b4c8b7470b37c04dc7f931df3bb0f6,fftw-analysis-double,spec012-confirm-03,0,double,128,37,1,1,callback,steady,existing all-output numerical replay,archived-vector-counts,spectrum-norms-v1,direct DFT or binary64 FFT of matched frame bytes; direct band sums and EMA,see archived reference; precision not separately recorded,4096,4096,266240,266240,8.559683602894945e-16,7.336009927239404e-16,3.552713678800501e-14,unnormalized FFT magnitude,0,0
3aeff8d50243a034,add8ae46a4e15c63561c1b3651379b7e99b4c8b7470b37c04dc7f931df3bb0f6,fftw-analysis-double,spec012-confirm-03,1,double,128,37,1,1,callback,steady,existing all-output numerical replay,archived-vector-counts,spectrum-norms-v1,direct DFT or binary64 FFT of matched frame bytes; direct band sums and EMA,see archived reference; precision not separately recorded,4096,4096,266240,266240,8.559683602894945e-16,7.336009927239404e-16,3.552713678800501e-14,unnormalized FFT magnitude,0,0
3aeff8d50243a034,add8ae46a4e15c63561c1b3651379b7e99b4c8b7470b37c04dc7f931df3bb0f6,fftw-analysis-double,spec012-confirm-03,2,double,128,37,1,1,callback,steady,existing all-output numerical replay,archived-vector-counts,spectrum-norms-v1,direct DFT or binary64 FFT of matched frame bytes; direct band sums and EMA,see archived reference; precision not separately recorded,4096,4096,266240,266240,8.559683602894945e-16,7.336009927239404e-16,3.552713678800501e-14,unnormalized FFT magnitude,0,0
3aeff8d50243a034,b1db7f4523044a2a00766d52f92ee5814a975b7f269f2e42580db984904c2b34,legacy-batch-double,spec012-confirm-01,0,double,128,37,1,1,throughput,steady,full,all-publications-v1,spectrum-norms-v1,independent recursive binary64 FFT / direct DFT; matched float windows; direct bands and EMA,binary64 FFT / long-double direct DFT,4096,4096,266240,266240,8.610530457198662e-16,7.336009927239404e-16,3.552713678800501e-14,unnormalized FFT magnitude,0,0
3aeff8d50243a034,b1db7f4523044a2a00766d52f92ee5814a975b7f269f2e42580db984904c2b34,legacy-batch-double,spec012-confirm-01,1,double,128,37,1,1,throughput,steady,full,all-publications-v1,spectrum-norms-v1,independent recursive binary64 FFT / direct DFT; matched float windows; direct bands and EMA,binary64 FFT / long-double direct DFT,4096,4096,266240,266240,8.610530457198662e-16,7.336009927239404e-16,3.552713678800501e-14,unnormalized FFT magnitude,0,0
3aeff8d50243a034,b1db7f4523044a2a00766d52f92ee5814a975b7f269f2e42580db984904c2b34,legacy-batch-double,spec012-confirm-01,2,double,128,37,1,1,throughput,steady,full,all-publications-v1,spectrum-norms-v1,independent recursive binary64 FFT / direct DFT; matched float windows; direct bands and EMA,binary64 FFT / long-double direct DFT,4096,4096,266240,266240,8.610530457198662e-16,7.336009927239404e-16,3.552713678800501e-14,unnormalized FFT magnitude,0,0
3aeff8d50243a034,b1db7f4523044a2a00766d52f92ee5814a975b7f269f2e42580db984904c2b34,legacy-batch-double,spec012-confirm-02,0,double,128,37,1,1,throughput,steady,full,all-publications-v1,spectrum-norms-v1,independent recursive binary64 FFT / direct DFT; matched float windows; direct bands and EMA,binary64 FFT / long-double direct DFT,4096,4096,266240,266240,8.610530457198662e-16,7.336009927239404e-16,3.552713678800501e-14,unnormalized FFT magnitude,0,0
3aeff8d50243a034,b1db7f4523044a2a00766d52f92ee5814a975b7f269f2e42580db984904c2b34,legacy-batch-double,spec012-confirm-02,1,double,128,37,1,1,throughput,steady,full,all-publications-v1,spectrum-norms-v1,independent recursive binary64 FFT / direct DFT; matched float windows; direct bands and EMA,binary64 FFT / long-double direct DFT,4096,4096,266240,266240,8.610530457198662e-16,7.336009927239404e-16,3.552713678800501e-14,unnormalized FFT magnitude,0,0
3aeff8d50243a034,b1db7f4523044a2a00766d52f92ee5814a975b7f269f2e42580db984904c2b34,legacy-batch-double,spec012-confirm-02,2,double,128,37,1,1,throughput,steady,full,all-publications-v1,spectrum-norms-v1,independent recursive binary64 FFT / direct DFT; matched float windows; direct bands and EMA,binary64 FFT / long-double direct DFT,4096,4096,266240,266240,8.610530457198662e-16,7.336009927239404e-16,3.552713678800501e-14,unnormalized FFT magnitude,0,0
3aeff8d50243a034,b1db7f4523044a2a00766d52f92ee5814a975b7f269f2e42580db984904c2b34,legacy-batch-double,spec012-confirm-03,0,double,128,37,1,1,throughput,steady,full,all-publications-v1,spectrum-norms-v1,independent recursive binary64 FFT / direct DFT; matched float windows; direct bands and EMA,binary64 FFT / long-double direct DFT,4096,4096,266240,266240,8.610530457198662e-16,7.336009927239404e-16,3.552713678800501e-14,unnormalized FFT magnitude,0,0
3aeff8d50243a034,b1db7f4523044a2a00766d52f92ee5814a975b7f269f2e42580db984904c2b34,legacy-batch-double,spec012-confirm-03,1,double,128,37,1,1,throughput,steady,full,all-publications-v1,spectrum-norms-v1,independent recursive binary64 FFT / direct DFT; matched float windows; direct bands and EMA,binary64 FFT / long-double direct DFT,4096,4096,266240,266240,8.610530457198662e-16,7.336009927239404e-16,3.552713678800501e-14,unnormalized FFT magnitude,0,0
3aeff8d50243a034,b1db7f4523044a2a00766d52f92ee5814a975b7f269f2e42580db984904c2b34,legacy-batch-double,spec012-confirm-03,2,double,128,37,1,1,throughput,steady,full,all-publications-v1,spectrum-norms-v1,independent recursive binary64 FFT / direct DFT; matched float windows; direct bands and EMA,binary64 FFT / long-double direct DFT,4096,4096,266240,266240,8.610530457198662e-16,7.336009927239404e-16,3.552713678800501e-14,unnormalized FFT magnitude,0,0
3aeff8d50243a034,b5852bfdb7b7a585ae75601535c3eb3d3b58dee2880d3e2937d0274a7257ef83,pffft-analysis-float,spec012-confirm-01,0,float,128,37,1,1,throughput,steady,existing all-output numerical replay,archived-vector-counts,spectrum-norms-v1,direct DFT or binary64 FFT of matched frame bytes; direct band sums and EMA,see archived reference; precision not separately recorded,4096,4096,266240,266240,1.602566097213613e-07,2.1688344347578274e-07,7.62939453125e-06,unnormalized FFT magnitude,0,0
3aeff8d50243a034,b5852bfdb7b7a585ae75601535c3eb3d3b58dee2880d3e2937d0274a7257ef83,pffft-analysis-float,spec012-confirm-01,1,float,128,37,1,1,throughput,steady,existing all-output numerical replay,archived-vector-counts,spectrum-norms-v1,direct DFT or binary64 FFT of matched frame bytes; direct band sums and EMA,see archived reference; precision not separately recorded,4096,4096,266240,266240,1.602566097213613e-07,2.1688344347578274e-07,7.62939453125e-06,unnormalized FFT magnitude,0,0
3aeff8d50243a034,b5852bfdb7b7a585ae75601535c3eb3d3b58dee2880d3e2937d0274a7257ef83,pffft-analysis-float,spec012-confirm-01,2,float,128,37,1,1,throughput,steady,existing all-output numerical replay,archived-vector-counts,spectrum-norms-v1,direct DFT or binary64 FFT of matched frame bytes; direct band sums and EMA,see archived reference; precision not separately recorded,4096,4096,266240,266240,1.602566097213613e-07,2.1688344347578274e-07,7.62939453125e-06,unnormalized FFT magnitude,0,0
3aeff8d50243a034,b5852bfdb7b7a585ae75601535c3eb3d3b58dee2880d3e2937d0274a7257ef83,pffft-analysis-float,spec012-confirm-02,0,float,128,37,1,1,throughput,steady,existing all-output numerical replay,archived-vector-counts,spectrum-norms-v1,direct DFT or binary64 FFT of matched frame bytes; direct band sums and EMA,see archived reference; precision not separately recorded,4096,4096,266240,266240,1.602566097213613e-07,2.1688344347578274e-07,7.62939453125e-06,unnormalized FFT magnitude,0,0
3aeff8d50243a034,b5852bfdb7b7a585ae75601535c3eb3d3b58dee2880d3e2937d0274a7257ef83,pffft-analysis-float,spec012-confirm-02,1,float,128,37,1,1,throughput,steady,existing all-output numerical replay,archived-vector-counts,spectrum-norms-v1,direct DFT or binary64 FFT of matched frame bytes; direct band sums and EMA,see archived reference; precision not separately recorded,4096,4096,266240,266240,1.602566097213613e-07,2.1688344347578274e-07,7.62939453125e-06,unnormalized FFT magnitude,0,0
3aeff8d50243a034,b5852bfdb7b7a585ae75601535c3eb3d3b58dee2880d3e2937d0274a7257ef83,pffft-analysis-float,spec012-confirm-02,2,float,128,37,1,1,throughput,steady,existing all-output numerical replay,archived-vector-counts,spectrum-norms-v1,direct DFT or binary64 FFT of matched frame bytes; direct band sums and EMA,see archived reference; precision not separately recorded,4096,4096,266240,266240,1.602566097213613e-07,2.1688344347578274e-07,7.62939453125e-06,unnormalized FFT magnitude,0,0
3aeff8d50243a034,b5852bfdb7b7a585ae75601535c3eb3d3b58dee2880d3e2937d0274a7257ef83,pffft-analysis-float,spec012-confirm-03,0,float,128,37,1,1,throughput,steady,existing all-output numerical replay,archived-vector-counts,spectrum-norms-v1,direct DFT or binary64 FFT of matched frame bytes; direct band sums and EMA,see archived reference; precision not separately recorded,4096,4096,266240,266240,1.602566097213613e-07,2.1688344347578274e-07,7.62939453125e-06,unnormalized FFT magnitude,0,0
3aeff8d50243a034,b5852bfdb7b7a585ae75601535c3eb3d3b58dee2880d3e2937d0274a7257ef83,pffft-analysis-float,spec012-confirm-03,1,float,128,37,1,1,throughput,steady,existing all-output numerical replay,archived-vector-counts,spectrum-norms-v1,direct DFT or binary64 FFT of matched frame bytes; direct band sums and EMA,see archived reference; precision not separately recorded,4096,4096,266240,266240,1.602566097213613e-07,2.1688344347578274e-07,7.62939453125e-06,unnormalized FFT magnitude,0,0
3aeff8d50243a034,b5852bfdb7b7a585ae75601535c3eb3d3b58dee2880d3e2937d0274a7257ef83,pffft-analysis-float,spec012-confirm-03,2,float,128,37,1,1,throughput,steady,existing all-output numerical replay,archived-vector-counts,spectrum-norms-v1,direct DFT or binary64 FFT of matched frame bytes; direct band sums and EMA,see archived reference; precision not separately recorded,4096,4096,266240,266240,1.602566097213613e-07,2.1688344347578274e-07,7.62939453125e-06,unnormalized FFT magnitude,0,0
3aeff8d50243a034,b99c817361da0c7edf682b4e1a99e2259b9c69057081388affb3f8368d46fd70,legacy-incremental-float,spec012-confirm-01,0,float,128,37,1,1,throughput,steady,full,all-publications-v1,spectrum-norms-v1,independent recursive binary64 FFT / direct DFT; matched float windows; direct bands and EMA,binary64 FFT / long-double direct DFT,4096,4096,266240,266240,2.0665985178282876e-07,2.399339616642533e-07,1.202896237373352e-05,unnormalized FFT magnitude,0,0
3aeff8d50243a034,b99c817361da0c7edf682b4e1a99e2259b9c69057081388affb3f8368d46fd70,legacy-incremental-float,spec012-confirm-01,1,float,128,37,1,1,throughput,steady,full,all-publications-v1,spectrum-norms-v1,independent recursive binary64 FFT / direct DFT; matched float windows; direct bands and EMA,binary64 FFT / long-double direct DFT,4096,4096,266240,266240,2.0665985178282876e-07,2.399339616642533e-07,1.202896237373352e-05,unnormalized FFT magnitude,0,0
3aeff8d50243a034,b99c817361da0c7edf682b4e1a99e2259b9c69057081388affb3f8368d46fd70,legacy-incremental-float,spec012-confirm-01,2,float,128,37,1,1,throughput,steady,full,all-publications-v1,spectrum-norms-v1,independent recursive binary64 FFT / direct DFT; matched float windows; direct bands and EMA,binary64 FFT / long-double direct DFT,4096,4096,266240,266240,2.0665985178282876e-07,2.399339616642533e-07,1.202896237373352e-05,unnormalized FFT magnitude,0,0
3aeff8d50243a034,b99c817361da0c7edf682b4e1a99e2259b9c69057081388affb3f8368d46fd70,legacy-incremental-float,spec012-confirm-02,0,float,128,37,1,1,throughput,steady,full,all-publications-v1,spectrum-norms-v1,independent recursive binary64 FFT / direct DFT; matched float windows; direct bands and EMA,binary64 FFT / long-double direct DFT,4096,4096,266240,266240,2.0665985178282876e-07,2.399339616642533e-07,1.202896237373352e-05,unnormalized FFT magnitude,0,0
3aeff8d50243a034,b99c817361da0c7edf682b4e1a99e2259b9c69057081388affb3f8368d46fd70,legacy-incremental-float,spec012-confirm-02,1,float,128,37,1,1,throughput,steady,full,all-publications-v1,spectrum-norms-v1,independent recursive binary64 FFT / direct DFT; matched float windows; direct bands and EMA,binary64 FFT / long-double direct DFT,4096,4096,266240,266240,2.0665985178282876e-07,2.399339616642533e-07,1.202896237373352e-05,unnormalized FFT magnitude,0,0
3aeff8d50243a034,b99c817361da0c7edf682b4e1a99e2259b9c69057081388affb3f8368d46fd70,legacy-incremental-float,spec012-confirm-02,2,float,128,37,1,1,throughput,steady,full,all-publications-v1,spectrum-norms-v1,independent recursive binary64 FFT / direct DFT; matched float windows; direct bands and EMA,binary64 FFT / long-double direct DFT,4096,4096,266240,266240,2.0665985178282876e-07,2.399339616642533e-07,1.202896237373352e-05,unnormalized FFT magnitude,0,0
3aeff8d50243a034,b99c817361da0c7edf682b4e1a99e2259b9c69057081388affb3f8368d46fd70,legacy-incremental-float,spec012-confirm-03,0,float,128,37,1,1,throughput,steady,full,all-publications-v1,spectrum-norms-v1,independent recursive binary64 FFT / direct DFT; matched float windows; direct bands and EMA,binary64 FFT / long-double direct DFT,4096,4096,266240,266240,2.0665985178282876e-07,2.399339616642533e-07,1.202896237373352e-05,unnormalized FFT magnitude,0,0
3aeff8d50243a034,b99c817361da0c7edf682b4e1a99e2259b9c69057081388affb3f8368d46fd70,legacy-incremental-float,spec012-confirm-03,1,float,128,37,1,1,throughput,steady,full,all-publications-v1,spectrum-norms-v1,independent recursive binary64 FFT / direct DFT; matched float windows; direct bands and EMA,binary64 FFT / long-double direct DFT,4096,4096,266240,266240,2.0665985178282876e-07,2.399339616642533e-07,1.202896237373352e-05,unnormalized FFT magnitude,0,0
3aeff8d50243a034,b99c817361da0c7edf682b4e1a99e2259b9c69057081388affb3f8368d46fd70,legacy-incremental-float,spec012-confirm-03,2,float,128,37,1,1,throughput,steady,full,all-publications-v1,spectrum-norms-v1,independent recursive binary64 FFT / direct DFT; matched float windows; direct bands and EMA,binary64 FFT / long-double direct DFT,4096,4096,266240,266240,2.0665985178282876e-07,2.399339616642533e-07,1.202896237373352e-05,unnormalized FFT magnitude,0,0
3aeff8d50243a034,c0fd837e221164a1585377ed9274f8a9b79004dfaa4b9d6d728707d14cd6e741,core-independent4-simd,spec012-confirm-01,0,float,128,37,1,4,callback,steady,existing all-output numerical replay,archived-vector-counts,spectrum-norms-v1,"independent-four-v1; per-channel DFT/binary64 FFT, direct bands and EMA",see archived reference; precision not separately recorded,16384,16384,1064960,1064960,2.2572152646447977e-07,2.8330566591185644e-07,1.0102987289428711e-05,unnormalized FFT magnitude,0,0
3aeff8d50243a034,c0fd837e221164a1585377ed9274f8a9b79004dfaa4b9d6d728707d14cd6e741,core-independent4-simd,spec012-confirm-01,1,float,128,37,1,4,callback,steady,existing all-output numerical replay,archived-vector-counts,spectrum-norms-v1,"independent-four-v1; per-channel DFT/binary64 FFT, direct bands and EMA",see archived reference; precision not separately recorded,16384,16384,1064960,1064960,2.2572152646447977e-07,2.8330566591185644e-07,1.0102987289428711e-05,unnormalized FFT magnitude,0,0
3aeff8d50243a034,c0fd837e221164a1585377ed9274f8a9b79004dfaa4b9d6d728707d14cd6e741,core-independent4-simd,spec012-confirm-01,2,float,128,37,1,4,callback,steady,existing all-output numerical replay,archived-vector-counts,spectrum-norms-v1,"independent-four-v1; per-channel DFT/binary64 FFT, direct bands and EMA",see archived reference; precision not separately recorded,16384,16384,1064960,1064960,2.2572152646447977e-07,2.8330566591185644e-07,1.0102987289428711e-05,unnormalized FFT magnitude,0,0
3aeff8d50243a034,c0fd837e221164a1585377ed9274f8a9b79004dfaa4b9d6d728707d14cd6e741,core-independent4-simd,spec012-confirm-02,0,float,128,37,1,4,callback,steady,existing all-output numerical replay,archived-vector-counts,spectrum-norms-v1,"independent-four-v1; per-channel DFT/binary64 FFT, direct bands and EMA",see archived reference; precision not separately recorded,16384,16384,1064960,1064960,2.2572152646447977e-07,2.8330566591185644e-07,1.0102987289428711e-05,unnormalized FFT magnitude,0,0
3aeff8d50243a034,c0fd837e221164a1585377ed9274f8a9b79004dfaa4b9d6d728707d14cd6e741,core-independent4-simd,spec012-confirm-02,1,float,128,37,1,4,callback,steady,existing all-output numerical replay,archived-vector-counts,spectrum-norms-v1,"independent-four-v1; per-channel DFT/binary64 FFT, direct bands and EMA",see archived reference; precision not separately recorded,16384,16384,1064960,1064960,2.2572152646447977e-07,2.8330566591185644e-07,1.0102987289428711e-05,unnormalized FFT magnitude,0,0
3aeff8d50243a034,c0fd837e221164a1585377ed9274f8a9b79004dfaa4b9d6d728707d14cd6e741,core-independent4-simd,spec012-confirm-02,2,float,128,37,1,4,callback,steady,existing all-output numerical replay,archived-vector-counts,spectrum-norms-v1,"independent-four-v1; per-channel DFT/binary64 FFT, direct bands and EMA",see archived reference; precision not separately recorded,16384,16384,1064960,1064960,2.2572152646447977e-07,2.8330566591185644e-07,1.0102987289428711e-05,unnormalized FFT magnitude,0,0
3aeff8d50243a034,c0fd837e221164a1585377ed9274f8a9b79004dfaa4b9d6d728707d14cd6e741,core-independent4-simd,spec012-confirm-03,0,float,128,37,1,4,callback,steady,existing all-output numerical replay,archived-vector-counts,spectrum-norms-v1,"independent-four-v1; per-channel DFT/binary64 FFT, direct bands and EMA",see archived reference; precision not separately recorded,16384,16384,1064960,1064960,2.2572152646447977e-07,2.8330566591185644e-07,1.0102987289428711e-05,unnormalized FFT magnitude,0,0
3aeff8d50243a034,c0fd837e221164a1585377ed9274f8a9b79004dfaa4b9d6d728707d14cd6e741,core-independent4-simd,spec012-confirm-03,1,float,128,37,1,4,callback,steady,existing all-output numerical replay,archived-vector-counts,spectrum-norms-v1,"independent-four-v1; per-channel DFT/binary64 FFT, direct bands and EMA",see archived reference; precision not separately recorded,16384,16384,1064960,1064960,2.2572152646447977e-07,2.8330566591185644e-07,1.0102987289428711e-05,unnormalized FFT magnitude,0,0
3aeff8d50243a034,c0fd837e221164a1585377ed9274f8a9b79004dfaa4b9d6d728707d14cd6e741,core-independent4-simd,spec012-confirm-03,2,float,128,37,1,4,callback,steady,existing all-output numerical replay,archived-vector-counts,spectrum-norms-v1,"independent-four-v1; per-channel DFT/binary64 FFT, direct bands and EMA",see archived reference; precision not separately recorded,16384,16384,1064960,1064960,2.2572152646447977e-07,2.8330566591185644e-07,1.0102987289428711e-05,unnormalized FFT magnitude,0,0
3aeff8d50243a034,c895619937c80a7ae998d3d5df22b4f9307cb710f1ac4ab5695b6cf379040913,pffft-hybrid-float,spec012-confirm-01,0,float,128,37,1,1,callback,steady,existing all-output numerical replay,archived-vector-counts,spectrum-norms-v1,direct DFT or binary64 FFT of matched frame bytes; direct band sums and EMA,see archived reference; precision not separately recorded,4096,4096,266240,266240,1.602566097213613e-07,2.1688344347578274e-07,7.62939453125e-06,unnormalized FFT magnitude,0,0
3aeff8d50243a034,c895619937c80a7ae998d3d5df22b4f9307cb710f1ac4ab5695b6cf379040913,pffft-hybrid-float,spec012-confirm-01,1,float,128,37,1,1,callback,steady,existing all-output numerical replay,archived-vector-counts,spectrum-norms-v1,direct DFT or binary64 FFT of matched frame bytes; direct band sums and EMA,see archived reference; precision not separately recorded,4096,4096,266240,266240,1.602566097213613e-07,2.1688344347578274e-07,7.62939453125e-06,unnormalized FFT magnitude,0,0
3aeff8d50243a034,c895619937c80a7ae998d3d5df22b4f9307cb710f1ac4ab5695b6cf379040913,pffft-hybrid-float,spec012-confirm-01,2,float,128,37,1,1,callback,steady,existing all-output numerical replay,archived-vector-counts,spectrum-norms-v1,direct DFT or binary64 FFT of matched frame bytes; direct band sums and EMA,see archived reference; precision not separately recorded,4096,4096,266240,266240,1.602566097213613e-07,2.1688344347578274e-07,7.62939453125e-06,unnormalized FFT magnitude,0,0
3aeff8d50243a034,c895619937c80a7ae998d3d5df22b4f9307cb710f1ac4ab5695b6cf379040913,pffft-hybrid-float,spec012-confirm-02,0,float,128,37,1,1,callback,steady,existing all-output numerical replay,archived-vector-counts,spectrum-norms-v1,direct DFT or binary64 FFT of matched frame bytes; direct band sums and EMA,see archived reference; precision not separately recorded,4096,4096,266240,266240,1.602566097213613e-07,2.1688344347578274e-07,7.62939453125e-06,unnormalized FFT magnitude,0,0
3aeff8d50243a034,c895619937c80a7ae998d3d5df22b4f9307cb710f1ac4ab5695b6cf379040913,pffft-hybrid-float,spec012-confirm-02,1,float,128,37,1,1,callback,steady,existing all-output numerical replay,archived-vector-counts,spectrum-norms-v1,direct DFT or binary64 FFT of matched frame bytes; direct band sums and EMA,see archived reference; precision not separately recorded,4096,4096,266240,266240,1.602566097213613e-07,2.1688344347578274e-07,7.62939453125e-06,unnormalized FFT magnitude,0,0
3aeff8d50243a034,c895619937c80a7ae998d3d5df22b4f9307cb710f1ac4ab5695b6cf379040913,pffft-hybrid-float,spec012-confirm-02,2,float,128,37,1,1,callback,steady,existing all-output numerical replay,archived-vector-counts,spectrum-norms-v1,direct DFT or binary64 FFT of matched frame bytes; direct band sums and EMA,see archived reference; precision not separately recorded,4096,4096,266240,266240,1.602566097213613e-07,2.1688344347578274e-07,7.62939453125e-06,unnormalized FFT magnitude,0,0
3aeff8d50243a034,c895619937c80a7ae998d3d5df22b4f9307cb710f1ac4ab5695b6cf379040913,pffft-hybrid-float,spec012-confirm-03,0,float,128,37,1,1,callback,steady,existing all-output numerical replay,archived-vector-counts,spectrum-norms-v1,direct DFT or binary64 FFT of matched frame bytes; direct band sums and EMA,see archived reference; precision not separately recorded,4096,4096,266240,266240,1.602566097213613e-07,2.1688344347578274e-07,7.62939453125e-06,unnormalized FFT magnitude,0,0
3aeff8d50243a034,c895619937c80a7ae998d3d5df22b4f9307cb710f1ac4ab5695b6cf379040913,pffft-hybrid-float,spec012-confirm-03,1,float,128,37,1,1,callback,steady,existing all-output numerical replay,archived-vector-counts,spectrum-norms-v1,direct DFT or binary64 FFT of matched frame bytes; direct band sums and EMA,see archived reference; precision not separately recorded,4096,4096,266240,266240,1.602566097213613e-07,2.1688344347578274e-07,7.62939453125e-06,unnormalized FFT magnitude,0,0
3aeff8d50243a034,c895619937c80a7ae998d3d5df22b4f9307cb710f1ac4ab5695b6cf379040913,pffft-hybrid-float,spec012-confirm-03,2,float,128,37,1,1,callback,steady,existing all-output numerical replay,archived-vector-counts,spectrum-norms-v1,direct DFT or binary64 FFT of matched frame bytes; direct band sums and EMA,see archived reference; precision not separately recorded,4096,4096,266240,266240,1.602566097213613e-07,2.1688344347578274e-07,7.62939453125e-06,unnormalized FFT magnitude,0,0
3aeff8d50243a034,ca541c12c56a830ecbe3b9911bf8b1da03ae3f61bfb9fd44ec072a6f173c1b48,core-float,spec012-confirm-01,0,float,128,37,1,1,callback,steady,full,all-publications-v1,spectrum-norms-v1,independent recursive binary64 FFT / direct DFT; matched float windows; direct bands and EMA,binary64 FFT / long-double direct DFT,4096,4096,266240,266240,2.0665985178282876e-07,2.399339616642533e-07,1.202896237373352e-05,unnormalized FFT magnitude,0,0
3aeff8d50243a034,ca541c12c56a830ecbe3b9911bf8b1da03ae3f61bfb9fd44ec072a6f173c1b48,core-float,spec012-confirm-01,1,float,128,37,1,1,callback,steady,full,all-publications-v1,spectrum-norms-v1,independent recursive binary64 FFT / direct DFT; matched float windows; direct bands and EMA,binary64 FFT / long-double direct DFT,4096,4096,266240,266240,2.0665985178282876e-07,2.399339616642533e-07,1.202896237373352e-05,unnormalized FFT magnitude,0,0
3aeff8d50243a034,ca541c12c56a830ecbe3b9911bf8b1da03ae3f61bfb9fd44ec072a6f173c1b48,core-float,spec012-confirm-01,2,float,128,37,1,1,callback,steady,full,all-publications-v1,spectrum-norms-v1,independent recursive binary64 FFT / direct DFT; matched float windows; direct bands and EMA,binary64 FFT / long-double direct DFT,4096,4096,266240,266240,2.0665985178282876e-07,2.399339616642533e-07,1.202896237373352e-05,unnormalized FFT magnitude,0,0
3aeff8d50243a034,ca541c12c56a830ecbe3b9911bf8b1da03ae3f61bfb9fd44ec072a6f173c1b48,core-float,spec012-confirm-02,0,float,128,37,1,1,callback,steady,full,all-publications-v1,spectrum-norms-v1,independent recursive binary64 FFT / direct DFT; matched float windows; direct bands and EMA,binary64 FFT / long-double direct DFT,4096,4096,266240,266240,2.0665985178282876e-07,2.399339616642533e-07,1.202896237373352e-05,unnormalized FFT magnitude,0,0
3aeff8d50243a034,ca541c12c56a830ecbe3b9911bf8b1da03ae3f61bfb9fd44ec072a6f173c1b48,core-float,spec012-confirm-02,1,float,128,37,1,1,callback,steady,full,all-publications-v1,spectrum-norms-v1,independent recursive binary64 FFT / direct DFT; matched float windows; direct bands and EMA,binary64 FFT / long-double direct DFT,4096,4096,266240,266240,2.0665985178282876e-07,2.399339616642533e-07,1.202896237373352e-05,unnormalized FFT magnitude,0,0
3aeff8d50243a034,ca541c12c56a830ecbe3b9911bf8b1da03ae3f61bfb9fd44ec072a6f173c1b48,core-float,spec012-confirm-02,2,float,128,37,1,1,callback,steady,full,all-publications-v1,spectrum-norms-v1,independent recursive binary64 FFT / direct DFT; matched float windows; direct bands and EMA,binary64 FFT / long-double direct DFT,4096,4096,266240,266240,2.0665985178282876e-07,2.399339616642533e-07,1.202896237373352e-05,unnormalized FFT magnitude,0,0
3aeff8d50243a034,ca541c12c56a830ecbe3b9911bf8b1da03ae3f61bfb9fd44ec072a6f173c1b48,core-float,spec012-confirm-03,0,float,128,37,1,1,callback,steady,full,all-publications-v1,spectrum-norms-v1,independent recursive binary64 FFT / direct DFT; matched float windows; direct bands and EMA,binary64 FFT / long-double direct DFT,4096,4096,266240,266240,2.0665985178282876e-07,2.399339616642533e-07,1.202896237373352e-05,unnormalized FFT magnitude,0,0
3aeff8d50243a034,ca541c12c56a830ecbe3b9911bf8b1da03ae3f61bfb9fd44ec072a6f173c1b48,core-float,spec012-confirm-03,1,float,128,37,1,1,callback,steady,full,all-publications-v1,spectrum-norms-v1,independent recursive binary64 FFT / direct DFT; matched float windows; direct bands and EMA,binary64 FFT / long-double direct DFT,4096,4096,266240,266240,2.0665985178282876e-07,2.399339616642533e-07,1.202896237373352e-05,unnormalized FFT magnitude,0,0
3aeff8d50243a034,ca541c12c56a830ecbe3b9911bf8b1da03ae3f61bfb9fd44ec072a6f173c1b48,core-float,spec012-confirm-03,2,float,128,37,1,1,callback,steady,full,all-publications-v1,spectrum-norms-v1,independent recursive binary64 FFT / direct DFT; matched float windows; direct bands and EMA,binary64 FFT / long-double direct DFT,4096,4096,266240,266240,2.0665985178282876e-07,2.399339616642533e-07,1.202896237373352e-05,unnormalized FFT magnitude,0,0
3aeff8d50243a034,cb3c0f4b4671335db71b108631734b730ccb4a7ea6e04930f239d20b1423307e,fftw-analysis-float,spec012-confirm-01,0,float,128,37,1,1,callback,steady,existing all-output numerical replay,archived-vector-counts,spectrum-norms-v1,direct DFT or binary64 FFT of matched frame bytes; direct band sums and EMA,see archived reference; precision not separately recorded,4096,4096,266240,266240,1.437395087137772e-07,1.8376947956483386e-07,7.62939453125e-06,unnormalized FFT magnitude,0,0
3aeff8d50243a034,cb3c0f4b4671335db71b108631734b730ccb4a7ea6e04930f239d20b1423307e,fftw-analysis-float,spec012-confirm-01,1,float,128,37,1,1,callback,steady,existing all-output numerical replay,archived-vector-counts,spectrum-norms-v1,direct DFT or binary64 FFT of matched frame bytes; direct band sums and EMA,see archived reference; precision not separately recorded,4096,4096,266240,266240,1.437395087137772e-07,1.8376947956483386e-07,7.62939453125e-06,unnormalized FFT magnitude,0,0
3aeff8d50243a034,cb3c0f4b4671335db71b108631734b730ccb4a7ea6e04930f239d20b1423307e,fftw-analysis-float,spec012-confirm-01,2,float,128,37,1,1,callback,steady,existing all-output numerical replay,archived-vector-counts,spectrum-norms-v1,direct DFT or binary64 FFT of matched frame bytes; direct band sums and EMA,see archived reference; precision not separately recorded,4096,4096,266240,266240,1.437395087137772e-07,1.8376947956483386e-07,7.62939453125e-06,unnormalized FFT magnitude,0,0
3aeff8d50243a034,cb3c0f4b4671335db71b108631734b730ccb4a7ea6e04930f239d20b1423307e,fftw-analysis-float,spec012-confirm-02,0,float,128,37,1,1,callback,steady,existing all-output numerical replay,archived-vector-counts,spectrum-norms-v1,direct DFT or binary64 FFT of matched frame bytes; direct band sums and EMA,see archived reference; precision not separately recorded,4096,4096,266240,266240,1.437395087137772e-07,1.8376947956483386e-07,7.62939453125e-06,unnormalized FFT magnitude,0,0
3aeff8d50243a034,cb3c0f4b4671335db71b108631734b730ccb4a7ea6e04930f239d20b1423307e,fftw-analysis-float,spec012-confirm-02,1,float,128,37,1,1,callback,steady,existing all-output numerical replay,archived-vector-counts,spectrum-norms-v1,direct DFT or binary64 FFT of matched frame bytes; direct band sums and EMA,see archived reference; precision not separately recorded,4096,4096,266240,266240,1.437395087137772e-07,1.8376947956483386e-07,7.62939453125e-06,unnormalized FFT magnitude,0,0
3aeff8d50243a034,cb3c0f4b4671335db71b108631734b730ccb4a7ea6e04930f239d20b1423307e,fftw-analysis-float,spec012-confirm-02,2,float,128,37,1,1,callback,steady,existing all-output numerical replay,archived-vector-counts,spectrum-norms-v1,direct DFT or binary64 FFT of matched frame bytes; direct band sums and EMA,see archived reference; precision not separately recorded,4096,4096,266240,266240,1.437395087137772e-07,1.8376947956483386e-07,7.62939453125e-06,unnormalized FFT magnitude,0,0
3aeff8d50243a034,cb3c0f4b4671335db71b108631734b730ccb4a7ea6e04930f239d20b1423307e,fftw-analysis-float,spec012-confirm-03,0,float,128,37,1,1,callback,steady,existing all-output numerical replay,archived-vector-counts,spectrum-norms-v1,direct DFT or binary64 FFT of matched frame bytes; direct band sums and EMA,see archived reference; precision not separately recorded,4096,4096,266240,266240,1.437395087137772e-07,1.8376947956483386e-07,7.62939453125e-06,unnormalized FFT magnitude,0,0
3aeff8d50243a034,cb3c0f4b4671335db71b108631734b730ccb4a7ea6e04930f239d20b1423307e,fftw-analysis-float,spec012-confirm-03,1,float,128,37,1,1,callback,steady,existing all-output numerical replay,archived-vector-counts,spectrum-norms-v1,direct DFT or binary64 FFT of matched frame bytes; direct band sums and EMA,see archived reference; precision not separately recorded,4096,4096,266240,266240,1.437395087137772e-07,1.8376947956483386e-07,7.62939453125e-06,unnormalized FFT magnitude,0,0
3aeff8d50243a034,cb3c0f4b4671335db71b108631734b730ccb4a7ea6e04930f239d20b1423307e,fftw-analysis-float,spec012-confirm-03,2,float,128,37,1,1,callback,steady,existing all-output numerical replay,archived-vector-counts,spectrum-norms-v1,direct DFT or binary64 FFT of matched frame bytes; direct band sums and EMA,see archived reference; precision not separately recorded,4096,4096,266240,266240,1.437395087137772e-07,1.8376947956483386e-07,7.62939453125e-06,unnormalized FFT magnitude,0,0
3aeff8d50243a034,cbe45b1f9a1e02590154cfad800ca724e884985dda0834e4c3b3441bc7c8abcc,legacy-batch-float,spec012-confirm-01,0,float,128,37,1,1,callback,steady,full,all-publications-v1,spectrum-norms-v1,independent recursive binary64 FFT / direct DFT; matched float windows; direct bands and EMA,binary64 FFT / long-double direct DFT,4096,4096,266240,266240,2.0665985178282876e-07,2.399339616642533e-07,1.202896237373352e-05,unnormalized FFT magnitude,0,0
3aeff8d50243a034,cbe45b1f9a1e02590154cfad800ca724e884985dda0834e4c3b3441bc7c8abcc,legacy-batch-float,spec012-confirm-01,1,float,128,37,1,1,callback,steady,full,all-publications-v1,spectrum-norms-v1,independent recursive binary64 FFT / direct DFT; matched float windows; direct bands and EMA,binary64 FFT / long-double direct DFT,4096,4096,266240,266240,2.0665985178282876e-07,2.399339616642533e-07,1.202896237373352e-05,unnormalized FFT magnitude,0,0
3aeff8d50243a034,cbe45b1f9a1e02590154cfad800ca724e884985dda0834e4c3b3441bc7c8abcc,legacy-batch-float,spec012-confirm-01,2,float,128,37,1,1,callback,steady,full,all-publications-v1,spectrum-norms-v1,independent recursive binary64 FFT / direct DFT; matched float windows; direct bands and EMA,binary64 FFT / long-double direct DFT,4096,4096,266240,266240,2.0665985178282876e-07,2.399339616642533e-07,1.202896237373352e-05,unnormalized FFT magnitude,0,0
3aeff8d50243a034,cbe45b1f9a1e02590154cfad800ca724e884985dda0834e4c3b3441bc7c8abcc,legacy-batch-float,spec012-confirm-02,0,float,128,37,1,1,callback,steady,full,all-publications-v1,spectrum-norms-v1,independent recursive binary64 FFT / direct DFT; matched float windows; direct bands and EMA,binary64 FFT / long-double direct DFT,4096,4096,266240,266240,2.0665985178282876e-07,2.399339616642533e-07,1.202896237373352e-05,unnormalized FFT magnitude,0,0
3aeff8d50243a034,cbe45b1f9a1e02590154cfad800ca724e884985dda0834e4c3b3441bc7c8abcc,legacy-batch-float,spec012-confirm-02,1,float,128,37,1,1,callback,steady,full,all-publications-v1,spectrum-norms-v1,independent recursive binary64 FFT / direct DFT; matched float windows; direct bands and EMA,binary64 FFT / long-double direct DFT,4096,4096,266240,266240,2.0665985178282876e-07,2.399339616642533e-07,1.202896237373352e-05,unnormalized FFT magnitude,0,0
3aeff8d50243a034,cbe45b1f9a1e02590154cfad800ca724e884985dda0834e4c3b3441bc7c8abcc,legacy-batch-float,spec012-confirm-02,2,float,128,37,1,1,callback,steady,full,all-publications-v1,spectrum-norms-v1,independent recursive binary64 FFT / direct DFT; matched float windows; direct bands and EMA,binary64 FFT / long-double direct DFT,4096,4096,266240,266240,2.0665985178282876e-07,2.399339616642533e-07,1.202896237373352e-05,unnormalized FFT magnitude,0,0
3aeff8d50243a034,cbe45b1f9a1e02590154cfad800ca724e884985dda0834e4c3b3441bc7c8abcc,legacy-batch-float,spec012-confirm-03,0,float,128,37,1,1,callback,steady,full,all-publications-v1,spectrum-norms-v1,independent recursive binary64 FFT / direct DFT; matched float windows; direct bands and EMA,binary64 FFT / long-double direct DFT,4096,4096,266240,266240,2.0665985178282876e-07,2.399339616642533e-07,1.202896237373352e-05,unnormalized FFT magnitude,0,0
3aeff8d50243a034,cbe45b1f9a1e02590154cfad800ca724e884985dda0834e4c3b3441bc7c8abcc,legacy-batch-float,spec012-confirm-03,1,float,128,37,1,1,callback,steady,full,all-publications-v1,spectrum-norms-v1,independent recursive binary64 FFT / direct DFT; matched float windows; direct bands and EMA,binary64 FFT / long-double direct DFT,4096,4096,266240,266240,2.0665985178282876e-07,2.399339616642533e-07,1.202896237373352e-05,unnormalized FFT magnitude,0,0
3aeff8d50243a034,cbe45b1f9a1e02590154cfad800ca724e884985dda0834e4c3b3441bc7c8abcc,legacy-batch-float,spec012-confirm-03,2,float,128,37,1,1,callback,steady,full,all-publications-v1,spectrum-norms-v1,independent recursive binary64 FFT / direct DFT; matched float windows; direct bands and EMA,binary64 FFT / long-double direct DFT,4096,4096,266240,266240,2.0665985178282876e-07,2.399339616642533e-07,1.202896237373352e-05,unnormalized FFT magnitude,0,0
3aeff8d50243a034,cec436e8bda8beaa5d2b8992dc4c84f1146520f1fbd9dd50071b805ba4b51139,fftw-analysis-double,spec012-confirm-01,0,double,128,37,1,1,throughput,steady,existing all-output numerical replay,archived-vector-counts,spectrum-norms-v1,direct DFT or binary64 FFT of matched frame bytes; direct band sums and EMA,see archived reference; precision not separately recorded,4096,4096,266240,266240,8.559683602894945e-16,7.336009927239404e-16,3.552713678800501e-14,unnormalized FFT magnitude,0,0
3aeff8d50243a034,cec436e8bda8beaa5d2b8992dc4c84f1146520f1fbd9dd50071b805ba4b51139,fftw-analysis-double,spec012-confirm-01,1,double,128,37,1,1,throughput,steady,existing all-output numerical replay,archived-vector-counts,spectrum-norms-v1,direct DFT or binary64 FFT of matched frame bytes; direct band sums and EMA,see archived reference; precision not separately recorded,4096,4096,266240,266240,8.559683602894945e-16,7.336009927239404e-16,3.552713678800501e-14,unnormalized FFT magnitude,0,0
3aeff8d50243a034,cec436e8bda8beaa5d2b8992dc4c84f1146520f1fbd9dd50071b805ba4b51139,fftw-analysis-double,spec012-confirm-01,2,double,128,37,1,1,throughput,steady,existing all-output numerical replay,archived-vector-counts,spectrum-norms-v1,direct DFT or binary64 FFT of matched frame bytes; direct band sums and EMA,see archived reference; precision not separately recorded,4096,4096,266240,266240,8.559683602894945e-16,7.336009927239404e-16,3.552713678800501e-14,unnormalized FFT magnitude,0,0
3aeff8d50243a034,cec436e8bda8beaa5d2b8992dc4c84f1146520f1fbd9dd50071b805ba4b51139,fftw-analysis-double,spec012-confirm-02,0,double,128,37,1,1,throughput,steady,existing all-output numerical replay,archived-vector-counts,spectrum-norms-v1,direct DFT or binary64 FFT of matched frame bytes; direct band sums and EMA,see archived reference; precision not separately recorded,4096,4096,266240,266240,8.559683602894945e-16,7.336009927239404e-16,3.552713678800501e-14,unnormalized FFT magnitude,0,0
3aeff8d50243a034,cec436e8bda8beaa5d2b8992dc4c84f1146520f1fbd9dd50071b805ba4b51139,fftw-analysis-double,spec012-confirm-02,1,double,128,37,1,1,throughput,steady,existing all-output numerical replay,archived-vector-counts,spectrum-norms-v1,direct DFT or binary64 FFT of matched frame bytes; direct band sums and EMA,see archived reference; precision not separately recorded,4096,4096,266240,266240,8.559683602894945e-16,7.336009927239404e-16,3.552713678800501e-14,unnormalized FFT magnitude,0,0
3aeff8d50243a034,cec436e8bda8beaa5d2b8992dc4c84f1146520f1fbd9dd50071b805ba4b51139,fftw-analysis-double,spec012-confirm-02,2,double,128,37,1,1,throughput,steady,existing all-output numerical replay,archived-vector-counts,spectrum-norms-v1,direct DFT or binary64 FFT of matched frame bytes; direct band sums and EMA,see archived reference; precision not separately recorded,4096,4096,266240,266240,8.559683602894945e-16,7.336009927239404e-16,3.552713678800501e-14,unnormalized FFT magnitude,0,0
3aeff8d50243a034,cec436e8bda8beaa5d2b8992dc4c84f1146520f1fbd9dd50071b805ba4b51139,fftw-analysis-double,spec012-confirm-03,0,double,128,37,1,1,throughput,steady,existing all-output numerical replay,archived-vector-counts,spectrum-norms-v1,direct DFT or binary64 FFT of matched frame bytes; direct band sums and EMA,see archived reference; precision not separately recorded,4096,4096,266240,266240,8.559683602894945e-16,7.336009927239404e-16,3.552713678800501e-14,unnormalized FFT magnitude,0,0
3aeff8d50243a034,cec436e8bda8beaa5d2b8992dc4c84f1146520f1fbd9dd50071b805ba4b51139,fftw-analysis-double,spec012-confirm-03,1,double,128,37,1,1,throughput,steady,existing all-output numerical replay,archived-vector-counts,spectrum-norms-v1,direct DFT or binary64 FFT of matched frame bytes; direct band sums and EMA,see archived reference; precision not separately recorded,4096,4096,266240,266240,8.559683602894945e-16,7.336009927239404e-16,3.552713678800501e-14,unnormalized FFT magnitude,0,0
3aeff8d50243a034,cec436e8bda8beaa5d2b8992dc4c84f1146520f1fbd9dd50071b805ba4b51139,fftw-analysis-double,spec012-confirm-03,2,double,128,37,1,1,throughput,steady,existing all-output numerical replay,archived-vector-counts,spectrum-norms-v1,direct DFT or binary64 FFT of matched frame bytes; direct band sums and EMA,see archived reference; precision not separately recorded,4096,4096,266240,266240,8.559683602894945e-16,7.336009927239404e-16,3.552713678800501e-14,unnormalized FFT magnitude,0,0
3aeff8d50243a034,cf75aa3e3d7bf4bcb15e1aaa334f75ff7f16bd82702137d019500ec8a4fff2fe,legacy-batch-double,spec012-confirm-01,0,double,128,37,1,1,callback,steady,full,all-publications-v1,spectrum-norms-v1,independent recursive binary64 FFT / direct DFT; matched float windows; direct bands and EMA,binary64 FFT / long-double direct DFT,4096,4096,266240,266240,8.610530457198662e-16,7.336009927239404e-16,3.552713678800501e-14,unnormalized FFT magnitude,0,0
3aeff8d50243a034,cf75aa3e3d7bf4bcb15e1aaa334f75ff7f16bd82702137d019500ec8a4fff2fe,legacy-batch-double,spec012-confirm-01,1,double,128,37,1,1,callback,steady,full,all-publications-v1,spectrum-norms-v1,independent recursive binary64 FFT / direct DFT; matched float windows; direct bands and EMA,binary64 FFT / long-double direct DFT,4096,4096,266240,266240,8.610530457198662e-16,7.336009927239404e-16,3.552713678800501e-14,unnormalized FFT magnitude,0,0
3aeff8d50243a034,cf75aa3e3d7bf4bcb15e1aaa334f75ff7f16bd82702137d019500ec8a4fff2fe,legacy-batch-double,spec012-confirm-01,2,double,128,37,1,1,callback,steady,full,all-publications-v1,spectrum-norms-v1,independent recursive binary64 FFT / direct DFT; matched float windows; direct bands and EMA,binary64 FFT / long-double direct DFT,4096,4096,266240,266240,8.610530457198662e-16,7.336009927239404e-16,3.552713678800501e-14,unnormalized FFT magnitude,0,0
3aeff8d50243a034,cf75aa3e3d7bf4bcb15e1aaa334f75ff7f16bd82702137d019500ec8a4fff2fe,legacy-batch-double,spec012-confirm-02,0,double,128,37,1,1,callback,steady,full,all-publications-v1,spectrum-norms-v1,independent recursive binary64 FFT / direct DFT; matched float windows; direct bands and EMA,binary64 FFT / long-double direct DFT,4096,4096,266240,266240,8.610530457198662e-16,7.336009927239404e-16,3.552713678800501e-14,unnormalized FFT magnitude,0,0
3aeff8d50243a034,cf75aa3e3d7bf4bcb15e1aaa334f75ff7f16bd82702137d019500ec8a4fff2fe,legacy-batch-double,spec012-confirm-02,1,double,128,37,1,1,callback,steady,full,all-publications-v1,spectrum-norms-v1,independent recursive binary64 FFT / direct DFT; matched float windows; direct bands and EMA,binary64 FFT / long-double direct DFT,4096,4096,266240,266240,8.610530457198662e-16,7.336009927239404e-16,3.552713678800501e-14,unnormalized FFT magnitude,0,0
3aeff8d50243a034,cf75aa3e3d7bf4bcb15e1aaa334f75ff7f16bd82702137d019500ec8a4fff2fe,legacy-batch-double,spec012-confirm-02,2,double,128,37,1,1,callback,steady,full,all-publications-v1,spectrum-norms-v1,independent recursive binary64 FFT / direct DFT; matched float windows; direct bands and EMA,binary64 FFT / long-double direct DFT,4096,4096,266240,266240,8.610530457198662e-16,7.336009927239404e-16,3.552713678800501e-14,unnormalized FFT magnitude,0,0
3aeff8d50243a034,cf75aa3e3d7bf4bcb15e1aaa334f75ff7f16bd82702137d019500ec8a4fff2fe,legacy-batch-double,spec012-confirm-03,0,double,128,37,1,1,callback,steady,full,all-publications-v1,spectrum-norms-v1,independent recursive binary64 FFT / direct DFT; matched float windows; direct bands and EMA,binary64 FFT / long-double direct DFT,4096,4096,266240,266240,8.610530457198662e-16,7.336009927239404e-16,3.552713678800501e-14,unnormalized FFT magnitude,0,0
3aeff8d50243a034,cf75aa3e3d7bf4bcb15e1aaa334f75ff7f16bd82702137d019500ec8a4fff2fe,legacy-batch-double,spec012-confirm-03,1,double,128,37,1,1,callback,steady,full,all-publications-v1,spectrum-norms-v1,independent recursive binary64 FFT / direct DFT; matched float windows; direct bands and EMA,binary64 FFT / long-double direct DFT,4096,4096,266240,266240,8.610530457198662e-16,7.336009927239404e-16,3.552713678800501e-14,unnormalized FFT magnitude,0,0
3aeff8d50243a034,cf75aa3e3d7bf4bcb15e1aaa334f75ff7f16bd82702137d019500ec8a4fff2fe,legacy-batch-double,spec012-confirm-03,2,double,128,37,1,1,callback,steady,full,all-publications-v1,spectrum-norms-v1,independent recursive binary64 FFT / direct DFT; matched float windows; direct bands and EMA,binary64 FFT / long-double direct DFT,4096,4096,266240,266240,8.610530457198662e-16,7.336009927239404e-16,3.552713678800501e-14,unnormalized FFT magnitude,0,0
3aeff8d50243a034,d043628b9fe101fbc9fec230293e61f4b0562a1b5d1c29c055c5f33837b9eb64,core-independent4-float,spec012-confirm-01,0,float,128,37,1,4,throughput,steady,existing all-output numerical replay,archived-vector-counts,spectrum-norms-v1,"independent-four-v1; per-channel DFT/binary64 FFT, direct bands and EMA",see archived reference; precision not separately recorded,16384,16384,1064960,1064960,2.34236357892864e-07,2.972250045978767e-07,1.0829418897628784e-05,unnormalized FFT magnitude,0,0
3aeff8d50243a034,d043628b9fe101fbc9fec230293e61f4b0562a1b5d1c29c055c5f33837b9eb64,core-independent4-float,spec012-confirm-01,1,float,128,37,1,4,throughput,steady,existing all-output numerical replay,archived-vector-counts,spectrum-norms-v1,"independent-four-v1; per-channel DFT/binary64 FFT, direct bands and EMA",see archived reference; precision not separately recorded,16384,16384,1064960,1064960,2.34236357892864e-07,2.972250045978767e-07,1.0829418897628784e-05,unnormalized FFT magnitude,0,0
3aeff8d50243a034,d043628b9fe101fbc9fec230293e61f4b0562a1b5d1c29c055c5f33837b9eb64,core-independent4-float,spec012-confirm-01,2,float,128,37,1,4,throughput,steady,existing all-output numerical replay,archived-vector-counts,spectrum-norms-v1,"independent-four-v1; per-channel DFT/binary64 FFT, direct bands and EMA",see archived reference; precision not separately recorded,16384,16384,1064960,1064960,2.34236357892864e-07,2.972250045978767e-07,1.0829418897628784e-05,unnormalized FFT magnitude,0,0
3aeff8d50243a034,d043628b9fe101fbc9fec230293e61f4b0562a1b5d1c29c055c5f33837b9eb64,core-independent4-float,spec012-confirm-02,0,float,128,37,1,4,throughput,steady,existing all-output numerical replay,archived-vector-counts,spectrum-norms-v1,"independent-four-v1; per-channel DFT/binary64 FFT, direct bands and EMA",see archived reference; precision not separately recorded,16384,16384,1064960,1064960,2.34236357892864e-07,2.972250045978767e-07,1.0829418897628784e-05,unnormalized FFT magnitude,0,0
3aeff8d50243a034,d043628b9fe101fbc9fec230293e61f4b0562a1b5d1c29c055c5f33837b9eb64,core-independent4-float,spec012-confirm-02,1,float,128,37,1,4,throughput,steady,existing all-output numerical replay,archived-vector-counts,spectrum-norms-v1,"independent-four-v1; per-channel DFT/binary64 FFT, direct bands and EMA",see archived reference; precision not separately recorded,16384,16384,1064960,1064960,2.34236357892864e-07,2.972250045978767e-07,1.0829418897628784e-05,unnormalized FFT magnitude,0,0
3aeff8d50243a034,d043628b9fe101fbc9fec230293e61f4b0562a1b5d1c29c055c5f33837b9eb64,core-independent4-float,spec012-confirm-02,2,float,128,37,1,4,throughput,steady,existing all-output numerical replay,archived-vector-counts,spectrum-norms-v1,"independent-four-v1; per-channel DFT/binary64 FFT, direct bands and EMA",see archived reference; precision not separately recorded,16384,16384,1064960,1064960,2.34236357892864e-07,2.972250045978767e-07,1.0829418897628784e-05,unnormalized FFT magnitude,0,0
3aeff8d50243a034,d043628b9fe101fbc9fec230293e61f4b0562a1b5d1c29c055c5f33837b9eb64,core-independent4-float,spec012-confirm-03,0,float,128,37,1,4,throughput,steady,existing all-output numerical replay,archived-vector-counts,spectrum-norms-v1,"independent-four-v1; per-channel DFT/binary64 FFT, direct bands and EMA",see archived reference; precision not separately recorded,16384,16384,1064960,1064960,2.34236357892864e-07,2.972250045978767e-07,1.0829418897628784e-05,unnormalized FFT magnitude,0,0
3aeff8d50243a034,d043628b9fe101fbc9fec230293e61f4b0562a1b5d1c29c055c5f33837b9eb64,core-independent4-float,spec012-confirm-03,1,float,128,37,1,4,throughput,steady,existing all-output numerical replay,archived-vector-counts,spectrum-norms-v1,"independent-four-v1; per-channel DFT/binary64 FFT, direct bands and EMA",see archived reference; precision not separately recorded,16384,16384,1064960,1064960,2.34236357892864e-07,2.972250045978767e-07,1.0829418897628784e-05,unnormalized FFT magnitude,0,0
3aeff8d50243a034,d043628b9fe101fbc9fec230293e61f4b0562a1b5d1c29c055c5f33837b9eb64,core-independent4-float,spec012-confirm-03,2,float,128,37,1,4,throughput,steady,existing all-output numerical replay,archived-vector-counts,spectrum-norms-v1,"independent-four-v1; per-channel DFT/binary64 FFT, direct bands and EMA",see archived reference; precision not separately recorded,16384,16384,1064960,1064960,2.34236357892864e-07,2.972250045978767e-07,1.0829418897628784e-05,unnormalized FFT magnitude,0,0
3aeff8d50243a034,d1756a479e5c0aa002e4852ab966c7926cd5c5d438155e38966c1ee687d21edb,legacy-incremental-double,spec012-confirm-01,0,double,128,37,1,1,throughput,steady,full,all-publications-v1,spectrum-norms-v1,independent recursive binary64 FFT / direct DFT; matched float windows; direct bands and EMA,binary64 FFT / long-double direct DFT,4096,4096,266240,266240,5.962511621056884e-15,6.011208602932114e-15,2.7230995236493527e-13,unnormalized FFT magnitude,0,0
3aeff8d50243a034,d1756a479e5c0aa002e4852ab966c7926cd5c5d438155e38966c1ee687d21edb,legacy-incremental-double,spec012-confirm-01,1,double,128,37,1,1,throughput,steady,full,all-publications-v1,spectrum-norms-v1,independent recursive binary64 FFT / direct DFT; matched float windows; direct bands and EMA,binary64 FFT / long-double direct DFT,4096,4096,266240,266240,5.962511621056884e-15,6.011208602932114e-15,2.7230995236493527e-13,unnormalized FFT magnitude,0,0
3aeff8d50243a034,d1756a479e5c0aa002e4852ab966c7926cd5c5d438155e38966c1ee687d21edb,legacy-incremental-double,spec012-confirm-01,2,double,128,37,1,1,throughput,steady,full,all-publications-v1,spectrum-norms-v1,independent recursive binary64 FFT / direct DFT; matched float windows; direct bands and EMA,binary64 FFT / long-double direct DFT,4096,4096,266240,266240,5.962511621056884e-15,6.011208602932114e-15,2.7230995236493527e-13,unnormalized FFT magnitude,0,0
3aeff8d50243a034,d1756a479e5c0aa002e4852ab966c7926cd5c5d438155e38966c1ee687d21edb,legacy-incremental-double,spec012-confirm-02,0,double,128,37,1,1,throughput,steady,full,all-publications-v1,spectrum-norms-v1,independent recursive binary64 FFT / direct DFT; matched float windows; direct bands and EMA,binary64 FFT / long-double direct DFT,4096,4096,266240,266240,5.962511621056884e-15,6.011208602932114e-15,2.7230995236493527e-13,unnormalized FFT magnitude,0,0
3aeff8d50243a034,d1756a479e5c0aa002e4852ab966c7926cd5c5d438155e38966c1ee687d21edb,legacy-incremental-double,spec012-confirm-02,1,double,128,37,1,1,throughput,steady,full,all-publications-v1,spectrum-norms-v1,independent recursive binary64 FFT / direct DFT; matched float windows; direct bands and EMA,binary64 FFT / long-double direct DFT,4096,4096,266240,266240,5.962511621056884e-15,6.011208602932114e-15,2.7230995236493527e-13,unnormalized FFT magnitude,0,0
3aeff8d50243a034,d1756a479e5c0aa002e4852ab966c7926cd5c5d438155e38966c1ee687d21edb,legacy-incremental-double,spec012-confirm-02,2,double,128,37,1,1,throughput,steady,full,all-publications-v1,spectrum-norms-v1,independent recursive binary64 FFT / direct DFT; matched float windows; direct bands and EMA,binary64 FFT / long-double direct DFT,4096,4096,266240,266240,5.962511621056884e-15,6.011208602932114e-15,2.7230995236493527e-13,unnormalized FFT magnitude,0,0
3aeff8d50243a034,d1756a479e5c0aa002e4852ab966c7926cd5c5d438155e38966c1ee687d21edb,legacy-incremental-double,spec012-confirm-03,0,double,128,37,1,1,throughput,steady,full,all-publications-v1,spectrum-norms-v1,independent recursive binary64 FFT / direct DFT; matched float windows; direct bands and EMA,binary64 FFT / long-double direct DFT,4096,4096,266240,266240,5.962511621056884e-15,6.011208602932114e-15,2.7230995236493527e-13,unnormalized FFT magnitude,0,0
3aeff8d50243a034,d1756a479e5c0aa002e4852ab966c7926cd5c5d438155e38966c1ee687d21edb,legacy-incremental-double,spec012-confirm-03,1,double,128,37,1,1,throughput,steady,full,all-publications-v1,spectrum-norms-v1,independent recursive binary64 FFT / direct DFT; matched float windows; direct bands and EMA,binary64 FFT / long-double direct DFT,4096,4096,266240,266240,5.962511621056884e-15,6.011208602932114e-15,2.7230995236493527e-13,unnormalized FFT magnitude,0,0
3aeff8d50243a034,d1756a479e5c0aa002e4852ab966c7926cd5c5d438155e38966c1ee687d21edb,legacy-incremental-double,spec012-confirm-03,2,double,128,37,1,1,throughput,steady,full,all-publications-v1,spectrum-norms-v1,independent recursive binary64 FFT / direct DFT; matched float windows; direct bands and EMA,binary64 FFT / long-double direct DFT,4096,4096,266240,266240,5.962511621056884e-15,6.011208602932114e-15,2.7230995236493527e-13,unnormalized FFT magnitude,0,0
3aeff8d50243a034,d1f02a2d4f017cc4893f6a6ccee90a873066afcfdab410eb581b5086ba1b1b1f,pffft-hybrid-float,spec012-confirm-01,0,float,128,37,1,1,throughput,steady,existing all-output numerical replay,archived-vector-counts,spectrum-norms-v1,direct DFT or binary64 FFT of matched frame bytes; direct band sums and EMA,see archived reference; precision not separately recorded,4096,4096,266240,266240,1.602566097213613e-07,2.1688344347578274e-07,7.62939453125e-06,unnormalized FFT magnitude,0,0
3aeff8d50243a034,d1f02a2d4f017cc4893f6a6ccee90a873066afcfdab410eb581b5086ba1b1b1f,pffft-hybrid-float,spec012-confirm-01,1,float,128,37,1,1,throughput,steady,existing all-output numerical replay,archived-vector-counts,spectrum-norms-v1,direct DFT or binary64 FFT of matched frame bytes; direct band sums and EMA,see archived reference; precision not separately recorded,4096,4096,266240,266240,1.602566097213613e-07,2.1688344347578274e-07,7.62939453125e-06,unnormalized FFT magnitude,0,0
3aeff8d50243a034,d1f02a2d4f017cc4893f6a6ccee90a873066afcfdab410eb581b5086ba1b1b1f,pffft-hybrid-float,spec012-confirm-01,2,float,128,37,1,1,throughput,steady,existing all-output numerical replay,archived-vector-counts,spectrum-norms-v1,direct DFT or binary64 FFT of matched frame bytes; direct band sums and EMA,see archived reference; precision not separately recorded,4096,4096,266240,266240,1.602566097213613e-07,2.1688344347578274e-07,7.62939453125e-06,unnormalized FFT magnitude,0,0
3aeff8d50243a034,d1f02a2d4f017cc4893f6a6ccee90a873066afcfdab410eb581b5086ba1b1b1f,pffft-hybrid-float,spec012-confirm-02,0,float,128,37,1,1,throughput,steady,existing all-output numerical replay,archived-vector-counts,spectrum-norms-v1,direct DFT or binary64 FFT of matched frame bytes; direct band sums and EMA,see archived reference; precision not separately recorded,4096,4096,266240,266240,1.602566097213613e-07,2.1688344347578274e-07,7.62939453125e-06,unnormalized FFT magnitude,0,0
3aeff8d50243a034,d1f02a2d4f017cc4893f6a6ccee90a873066afcfdab410eb581b5086ba1b1b1f,pffft-hybrid-float,spec012-confirm-02,1,float,128,37,1,1,throughput,steady,existing all-output numerical replay,archived-vector-counts,spectrum-norms-v1,direct DFT or binary64 FFT of matched frame bytes; direct band sums and EMA,see archived reference; precision not separately recorded,4096,4096,266240,266240,1.602566097213613e-07,2.1688344347578274e-07,7.62939453125e-06,unnormalized FFT magnitude,0,0
3aeff8d50243a034,d1f02a2d4f017cc4893f6a6ccee90a873066afcfdab410eb581b5086ba1b1b1f,pffft-hybrid-float,spec012-confirm-02,2,float,128,37,1,1,throughput,steady,existing all-output numerical replay,archived-vector-counts,spectrum-norms-v1,direct DFT or binary64 FFT of matched frame bytes; direct band sums and EMA,see archived reference; precision not separately recorded,4096,4096,266240,266240,1.602566097213613e-07,2.1688344347578274e-07,7.62939453125e-06,unnormalized FFT magnitude,0,0
3aeff8d50243a034,d1f02a2d4f017cc4893f6a6ccee90a873066afcfdab410eb581b5086ba1b1b1f,pffft-hybrid-float,spec012-confirm-03,0,float,128,37,1,1,throughput,steady,existing all-output numerical replay,archived-vector-counts,spectrum-norms-v1,direct DFT or binary64 FFT of matched frame bytes; direct band sums and EMA,see archived reference; precision not separately recorded,4096,4096,266240,266240,1.602566097213613e-07,2.1688344347578274e-07,7.62939453125e-06,unnormalized FFT magnitude,0,0
3aeff8d50243a034,d1f02a2d4f017cc4893f6a6ccee90a873066afcfdab410eb581b5086ba1b1b1f,pffft-hybrid-float,spec012-confirm-03,1,float,128,37,1,1,throughput,steady,existing all-output numerical replay,archived-vector-counts,spectrum-norms-v1,direct DFT or binary64 FFT of matched frame bytes; direct band sums and EMA,see archived reference; precision not separately recorded,4096,4096,266240,266240,1.602566097213613e-07,2.1688344347578274e-07,7.62939453125e-06,unnormalized FFT magnitude,0,0
3aeff8d50243a034,d1f02a2d4f017cc4893f6a6ccee90a873066afcfdab410eb581b5086ba1b1b1f,pffft-hybrid-float,spec012-confirm-03,2,float,128,37,1,1,throughput,steady,existing all-output numerical replay,archived-vector-counts,spectrum-norms-v1,direct DFT or binary64 FFT of matched frame bytes; direct band sums and EMA,see archived reference; precision not separately recorded,4096,4096,266240,266240,1.602566097213613e-07,2.1688344347578274e-07,7.62939453125e-06,unnormalized FFT magnitude,0,0
3aeff8d50243a034,db41af6d4f23b0632c1adef6671af39d500222929c2dbec6fea27543544e02a3,vdsp-analysis-double,spec012-confirm-01,0,double,128,37,1,1,callback,steady,existing all-output numerical replay,archived-vector-counts,spectrum-norms-v1,direct DFT or binary64 FFT of matched frame bytes; direct band sums and EMA,see archived reference; precision not separately recorded,4096,4096,266240,266240,5.94333651540189e-15,6.018429273926627e-15,2.724209746673978e-13,unnormalized FFT magnitude,0,0
3aeff8d50243a034,db41af6d4f23b0632c1adef6671af39d500222929c2dbec6fea27543544e02a3,vdsp-analysis-double,spec012-confirm-01,1,double,128,37,1,1,callback,steady,existing all-output numerical replay,archived-vector-counts,spectrum-norms-v1,direct DFT or binary64 FFT of matched frame bytes; direct band sums and EMA,see archived reference; precision not separately recorded,4096,4096,266240,266240,5.94333651540189e-15,6.018429273926627e-15,2.724209746673978e-13,unnormalized FFT magnitude,0,0
3aeff8d50243a034,db41af6d4f23b0632c1adef6671af39d500222929c2dbec6fea27543544e02a3,vdsp-analysis-double,spec012-confirm-01,2,double,128,37,1,1,callback,steady,existing all-output numerical replay,archived-vector-counts,spectrum-norms-v1,direct DFT or binary64 FFT of matched frame bytes; direct band sums and EMA,see archived reference; precision not separately recorded,4096,4096,266240,266240,5.94333651540189e-15,6.018429273926627e-15,2.724209746673978e-13,unnormalized FFT magnitude,0,0
3aeff8d50243a034,db41af6d4f23b0632c1adef6671af39d500222929c2dbec6fea27543544e02a3,vdsp-analysis-double,spec012-confirm-02,0,double,128,37,1,1,callback,steady,existing all-output numerical replay,archived-vector-counts,spectrum-norms-v1,direct DFT or binary64 FFT of matched frame bytes; direct band sums and EMA,see archived reference; precision not separately recorded,4096,4096,266240,266240,5.94333651540189e-15,6.018429273926627e-15,2.724209746673978e-13,unnormalized FFT magnitude,0,0
3aeff8d50243a034,db41af6d4f23b0632c1adef6671af39d500222929c2dbec6fea27543544e02a3,vdsp-analysis-double,spec012-confirm-02,1,double,128,37,1,1,callback,steady,existing all-output numerical replay,archived-vector-counts,spectrum-norms-v1,direct DFT or binary64 FFT of matched frame bytes; direct band sums and EMA,see archived reference; precision not separately recorded,4096,4096,266240,266240,5.94333651540189e-15,6.018429273926627e-15,2.724209746673978e-13,unnormalized FFT magnitude,0,0
3aeff8d50243a034,db41af6d4f23b0632c1adef6671af39d500222929c2dbec6fea27543544e02a3,vdsp-analysis-double,spec012-confirm-02,2,double,128,37,1,1,callback,steady,existing all-output numerical replay,archived-vector-counts,spectrum-norms-v1,direct DFT or binary64 FFT of matched frame bytes; direct band sums and EMA,see archived reference; precision not separately recorded,4096,4096,266240,266240,5.94333651540189e-15,6.018429273926627e-15,2.724209746673978e-13,unnormalized FFT magnitude,0,0
3aeff8d50243a034,db41af6d4f23b0632c1adef6671af39d500222929c2dbec6fea27543544e02a3,vdsp-analysis-double,spec012-confirm-03,0,double,128,37,1,1,callback,steady,existing all-output numerical replay,archived-vector-counts,spectrum-norms-v1,direct DFT or binary64 FFT of matched frame bytes; direct band sums and EMA,see archived reference; precision not separately recorded,4096,4096,266240,266240,5.94333651540189e-15,6.018429273926627e-15,2.724209746673978e-13,unnormalized FFT magnitude,0,0
3aeff8d50243a034,db41af6d4f23b0632c1adef6671af39d500222929c2dbec6fea27543544e02a3,vdsp-analysis-double,spec012-confirm-03,1,double,128,37,1,1,callback,steady,existing all-output numerical replay,archived-vector-counts,spectrum-norms-v1,direct DFT or binary64 FFT of matched frame bytes; direct band sums and EMA,see archived reference; precision not separately recorded,4096,4096,266240,266240,5.94333651540189e-15,6.018429273926627e-15,2.724209746673978e-13,unnormalized FFT magnitude,0,0
3aeff8d50243a034,db41af6d4f23b0632c1adef6671af39d500222929c2dbec6fea27543544e02a3,vdsp-analysis-double,spec012-confirm-03,2,double,128,37,1,1,callback,steady,existing all-output numerical replay,archived-vector-counts,spectrum-norms-v1,direct DFT or binary64 FFT of matched frame bytes; direct band sums and EMA,see archived reference; precision not separately recorded,4096,4096,266240,266240,5.94333651540189e-15,6.018429273926627e-15,2.724209746673978e-13,unnormalized FFT magnitude,0,0
3aeff8d50243a034,dbf01dea2e11d0a99b39072f9af113720148002aaa63d2601ea3a064bbeb65cb,pffft-analysis4-float,spec012-confirm-01,0,float,128,37,1,4,callback,steady,existing all-output numerical replay,archived-vector-counts,spectrum-norms-v1,"independent-four-v1; per-channel DFT/binary64 FFT, direct bands and EMA",see archived reference; precision not separately recorded,16384,16384,1064960,1064960,1.7886741471416133e-07,2.2519563025895132e-07,7.62939453125e-06,unnormalized FFT magnitude,0,0
3aeff8d50243a034,dbf01dea2e11d0a99b39072f9af113720148002aaa63d2601ea3a064bbeb65cb,pffft-analysis4-float,spec012-confirm-01,1,float,128,37,1,4,callback,steady,existing all-output numerical replay,archived-vector-counts,spectrum-norms-v1,"independent-four-v1; per-channel DFT/binary64 FFT, direct bands and EMA",see archived reference; precision not separately recorded,16384,16384,1064960,1064960,1.7886741471416133e-07,2.2519563025895132e-07,7.62939453125e-06,unnormalized FFT magnitude,0,0
3aeff8d50243a034,dbf01dea2e11d0a99b39072f9af113720148002aaa63d2601ea3a064bbeb65cb,pffft-analysis4-float,spec012-confirm-01,2,float,128,37,1,4,callback,steady,existing all-output numerical replay,archived-vector-counts,spectrum-norms-v1,"independent-four-v1; per-channel DFT/binary64 FFT, direct bands and EMA",see archived reference; precision not separately recorded,16384,16384,1064960,1064960,1.7886741471416133e-07,2.2519563025895132e-07,7.62939453125e-06,unnormalized FFT magnitude,0,0
3aeff8d50243a034,dbf01dea2e11d0a99b39072f9af113720148002aaa63d2601ea3a064bbeb65cb,pffft-analysis4-float,spec012-confirm-02,0,float,128,37,1,4,callback,steady,existing all-output numerical replay,archived-vector-counts,spectrum-norms-v1,"independent-four-v1; per-channel DFT/binary64 FFT, direct bands and EMA",see archived reference; precision not separately recorded,16384,16384,1064960,1064960,1.7886741471416133e-07,2.2519563025895132e-07,7.62939453125e-06,unnormalized FFT magnitude,0,0
3aeff8d50243a034,dbf01dea2e11d0a99b39072f9af113720148002aaa63d2601ea3a064bbeb65cb,pffft-analysis4-float,spec012-confirm-02,1,float,128,37,1,4,callback,steady,existing all-output numerical replay,archived-vector-counts,spectrum-norms-v1,"independent-four-v1; per-channel DFT/binary64 FFT, direct bands and EMA",see archived reference; precision not separately recorded,16384,16384,1064960,1064960,1.7886741471416133e-07,2.2519563025895132e-07,7.62939453125e-06,unnormalized FFT magnitude,0,0
3aeff8d50243a034,dbf01dea2e11d0a99b39072f9af113720148002aaa63d2601ea3a064bbeb65cb,pffft-analysis4-float,spec012-confirm-02,2,float,128,37,1,4,callback,steady,existing all-output numerical replay,archived-vector-counts,spectrum-norms-v1,"independent-four-v1; per-channel DFT/binary64 FFT, direct bands and EMA",see archived reference; precision not separately recorded,16384,16384,1064960,1064960,1.7886741471416133e-07,2.2519563025895132e-07,7.62939453125e-06,unnormalized FFT magnitude,0,0
3aeff8d50243a034,dbf01dea2e11d0a99b39072f9af113720148002aaa63d2601ea3a064bbeb65cb,pffft-analysis4-float,spec012-confirm-03,0,float,128,37,1,4,callback,steady,existing all-output numerical replay,archived-vector-counts,spectrum-norms-v1,"independent-four-v1; per-channel DFT/binary64 FFT, direct bands and EMA",see archived reference; precision not separately recorded,16384,16384,1064960,1064960,1.7886741471416133e-07,2.2519563025895132e-07,7.62939453125e-06,unnormalized FFT magnitude,0,0
3aeff8d50243a034,dbf01dea2e11d0a99b39072f9af113720148002aaa63d2601ea3a064bbeb65cb,pffft-analysis4-float,spec012-confirm-03,1,float,128,37,1,4,callback,steady,existing all-output numerical replay,archived-vector-counts,spectrum-norms-v1,"independent-four-v1; per-channel DFT/binary64 FFT, direct bands and EMA",see archived reference; precision not separately recorded,16384,16384,1064960,1064960,1.7886741471416133e-07,2.2519563025895132e-07,7.62939453125e-06,unnormalized FFT magnitude,0,0
3aeff8d50243a034,dbf01dea2e11d0a99b39072f9af113720148002aaa63d2601ea3a064bbeb65cb,pffft-analysis4-float,spec012-confirm-03,2,float,128,37,1,4,callback,steady,existing all-output numerical replay,archived-vector-counts,spectrum-norms-v1,"independent-four-v1; per-channel DFT/binary64 FFT, direct bands and EMA",see archived reference; precision not separately recorded,16384,16384,1064960,1064960,1.7886741471416133e-07,2.2519563025895132e-07,7.62939453125e-06,unnormalized FFT magnitude,0,0
3aeff8d50243a034,de5b9787b0fce0b1ab1944b81d5acfc7df881fff69a88352bf6775028e5d7790,pffft-analysis4-float,spec012-confirm-01,0,float,128,37,1,4,throughput,steady,existing all-output numerical replay,archived-vector-counts,spectrum-norms-v1,"independent-four-v1; per-channel DFT/binary64 FFT, direct bands and EMA",see archived reference; precision not separately recorded,16384,16384,1064960,1064960,1.915965379293836e-07,2.6155424030099664e-07,7.62939453125e-06,unnormalized FFT magnitude,0,0
3aeff8d50243a034,de5b9787b0fce0b1ab1944b81d5acfc7df881fff69a88352bf6775028e5d7790,pffft-analysis4-float,spec012-confirm-01,1,float,128,37,1,4,throughput,steady,existing all-output numerical replay,archived-vector-counts,spectrum-norms-v1,"independent-four-v1; per-channel DFT/binary64 FFT, direct bands and EMA",see archived reference; precision not separately recorded,16384,16384,1064960,1064960,1.915965379293836e-07,2.6155424030099664e-07,7.62939453125e-06,unnormalized FFT magnitude,0,0
3aeff8d50243a034,de5b9787b0fce0b1ab1944b81d5acfc7df881fff69a88352bf6775028e5d7790,pffft-analysis4-float,spec012-confirm-01,2,float,128,37,1,4,throughput,steady,existing all-output numerical replay,archived-vector-counts,spectrum-norms-v1,"independent-four-v1; per-channel DFT/binary64 FFT, direct bands and EMA",see archived reference; precision not separately recorded,16384,16384,1064960,1064960,1.915965379293836e-07,2.6155424030099664e-07,7.62939453125e-06,unnormalized FFT magnitude,0,0
3aeff8d50243a034,de5b9787b0fce0b1ab1944b81d5acfc7df881fff69a88352bf6775028e5d7790,pffft-analysis4-float,spec012-confirm-02,0,float,128,37,1,4,throughput,steady,existing all-output numerical replay,archived-vector-counts,spectrum-norms-v1,"independent-four-v1; per-channel DFT/binary64 FFT, direct bands and EMA",see archived reference; precision not separately recorded,16384,16384,1064960,1064960,1.915965379293836e-07,2.6155424030099664e-07,7.62939453125e-06,unnormalized FFT magnitude,0,0
3aeff8d50243a034,de5b9787b0fce0b1ab1944b81d5acfc7df881fff69a88352bf6775028e5d7790,pffft-analysis4-float,spec012-confirm-02,1,float,128,37,1,4,throughput,steady,existing all-output numerical replay,archived-vector-counts,spectrum-norms-v1,"independent-four-v1; per-channel DFT/binary64 FFT, direct bands and EMA",see archived reference; precision not separately recorded,16384,16384,1064960,1064960,1.915965379293836e-07,2.6155424030099664e-07,7.62939453125e-06,unnormalized FFT magnitude,0,0
3aeff8d50243a034,de5b9787b0fce0b1ab1944b81d5acfc7df881fff69a88352bf6775028e5d7790,pffft-analysis4-float,spec012-confirm-02,2,float,128,37,1,4,throughput,steady,existing all-output numerical replay,archived-vector-counts,spectrum-norms-v1,"independent-four-v1; per-channel DFT/binary64 FFT, direct bands and EMA",see archived reference; precision not separately recorded,16384,16384,1064960,1064960,1.915965379293836e-07,2.6155424030099664e-07,7.62939453125e-06,unnormalized FFT magnitude,0,0
3aeff8d50243a034,de5b9787b0fce0b1ab1944b81d5acfc7df881fff69a88352bf6775028e5d7790,pffft-analysis4-float,spec012-confirm-03,0,float,128,37,1,4,throughput,steady,existing all-output numerical replay,archived-vector-counts,spectrum-norms-v1,"independent-four-v1; per-channel DFT/binary64 FFT, direct bands and EMA",see archived reference; precision not separately recorded,16384,16384,1064960,1064960,1.915965379293836e-07,2.6155424030099664e-07,7.62939453125e-06,unnormalized FFT magnitude,0,0
3aeff8d50243a034,de5b9787b0fce0b1ab1944b81d5acfc7df881fff69a88352bf6775028e5d7790,pffft-analysis4-float,spec012-confirm-03,1,float,128,37,1,4,throughput,steady,existing all-output numerical replay,archived-vector-counts,spectrum-norms-v1,"independent-four-v1; per-channel DFT/binary64 FFT, direct bands and EMA",see archived reference; precision not separately recorded,16384,16384,1064960,1064960,1.915965379293836e-07,2.6155424030099664e-07,7.62939453125e-06,unnormalized FFT magnitude,0,0
3aeff8d50243a034,de5b9787b0fce0b1ab1944b81d5acfc7df881fff69a88352bf6775028e5d7790,pffft-analysis4-float,spec012-confirm-03,2,float,128,37,1,4,throughput,steady,existing all-output numerical replay,archived-vector-counts,spectrum-norms-v1,"independent-four-v1; per-channel DFT/binary64 FFT, direct bands and EMA",see archived reference; precision not separately recorded,16384,16384,1064960,1064960,1.915965379293836e-07,2.6155424030099664e-07,7.62939453125e-06,unnormalized FFT magnitude,0,0
3aeff8d50243a034,e42b71b5a47e1bc0b945aac7ad07f87a3527482cd6c9419dd4081697f8d201e1,core-float,spec012-confirm-01,0,float,128,37,1,1,throughput,steady,full,all-publications-v1,spectrum-norms-v1,independent recursive binary64 FFT / direct DFT; matched float windows; direct bands and EMA,binary64 FFT / long-double direct DFT,4096,4096,266240,266240,2.0665985178282876e-07,2.399339616642533e-07,1.202896237373352e-05,unnormalized FFT magnitude,0,0
3aeff8d50243a034,e42b71b5a47e1bc0b945aac7ad07f87a3527482cd6c9419dd4081697f8d201e1,core-float,spec012-confirm-01,1,float,128,37,1,1,throughput,steady,full,all-publications-v1,spectrum-norms-v1,independent recursive binary64 FFT / direct DFT; matched float windows; direct bands and EMA,binary64 FFT / long-double direct DFT,4096,4096,266240,266240,2.0665985178282876e-07,2.399339616642533e-07,1.202896237373352e-05,unnormalized FFT magnitude,0,0
3aeff8d50243a034,e42b71b5a47e1bc0b945aac7ad07f87a3527482cd6c9419dd4081697f8d201e1,core-float,spec012-confirm-01,2,float,128,37,1,1,throughput,steady,full,all-publications-v1,spectrum-norms-v1,independent recursive binary64 FFT / direct DFT; matched float windows; direct bands and EMA,binary64 FFT / long-double direct DFT,4096,4096,266240,266240,2.0665985178282876e-07,2.399339616642533e-07,1.202896237373352e-05,unnormalized FFT magnitude,0,0
3aeff8d50243a034,e42b71b5a47e1bc0b945aac7ad07f87a3527482cd6c9419dd4081697f8d201e1,core-float,spec012-confirm-02,0,float,128,37,1,1,throughput,steady,full,all-publications-v1,spectrum-norms-v1,independent recursive binary64 FFT / direct DFT; matched float windows; direct bands and EMA,binary64 FFT / long-double direct DFT,4096,4096,266240,266240,2.0665985178282876e-07,2.399339616642533e-07,1.202896237373352e-05,unnormalized FFT magnitude,0,0
3aeff8d50243a034,e42b71b5a47e1bc0b945aac7ad07f87a3527482cd6c9419dd4081697f8d201e1,core-float,spec012-confirm-02,1,float,128,37,1,1,throughput,steady,full,all-publications-v1,spectrum-norms-v1,independent recursive binary64 FFT / direct DFT; matched float windows; direct bands and EMA,binary64 FFT / long-double direct DFT,4096,4096,266240,266240,2.0665985178282876e-07,2.399339616642533e-07,1.202896237373352e-05,unnormalized FFT magnitude,0,0
3aeff8d50243a034,e42b71b5a47e1bc0b945aac7ad07f87a3527482cd6c9419dd4081697f8d201e1,core-float,spec012-confirm-02,2,float,128,37,1,1,throughput,steady,full,all-publications-v1,spectrum-norms-v1,independent recursive binary64 FFT / direct DFT; matched float windows; direct bands and EMA,binary64 FFT / long-double direct DFT,4096,4096,266240,266240,2.0665985178282876e-07,2.399339616642533e-07,1.202896237373352e-05,unnormalized FFT magnitude,0,0
3aeff8d50243a034,e42b71b5a47e1bc0b945aac7ad07f87a3527482cd6c9419dd4081697f8d201e1,core-float,spec012-confirm-03,0,float,128,37,1,1,throughput,steady,full,all-publications-v1,spectrum-norms-v1,independent recursive binary64 FFT / direct DFT; matched float windows; direct bands and EMA,binary64 FFT / long-double direct DFT,4096,4096,266240,266240,2.0665985178282876e-07,2.399339616642533e-07,1.202896237373352e-05,unnormalized FFT magnitude,0,0
3aeff8d50243a034,e42b71b5a47e1bc0b945aac7ad07f87a3527482cd6c9419dd4081697f8d201e1,core-float,spec012-confirm-03,1,float,128,37,1,1,throughput,steady,full,all-publications-v1,spectrum-norms-v1,independent recursive binary64 FFT / direct DFT; matched float windows; direct bands and EMA,binary64 FFT / long-double direct DFT,4096,4096,266240,266240,2.0665985178282876e-07,2.399339616642533e-07,1.202896237373352e-05,unnormalized FFT magnitude,0,0
3aeff8d50243a034,e42b71b5a47e1bc0b945aac7ad07f87a3527482cd6c9419dd4081697f8d201e1,core-float,spec012-confirm-03,2,float,128,37,1,1,throughput,steady,full,all-publications-v1,spectrum-norms-v1,independent recursive binary64 FFT / direct DFT; matched float windows; direct bands and EMA,binary64 FFT / long-double direct DFT,4096,4096,266240,266240,2.0665985178282876e-07,2.399339616642533e-07,1.202896237373352e-05,unnormalized FFT magnitude,0,0
3aeff8d50243a034,e892bc8146c42f4e07f2b9e7d97644a5d8007b3996daefa46163c2e11b00b03f,core-double,spec012-confirm-01,0,double,128,37,1,1,throughput,steady,full,all-publications-v1,spectrum-norms-v1,independent recursive binary64 FFT / direct DFT; matched float windows; direct bands and EMA,binary64 FFT / long-double direct DFT,4096,4096,266240,266240,8.667899015438123e-16,7.336009927239404e-16,3.552713678800501e-14,unnormalized FFT magnitude,0,0
3aeff8d50243a034,e892bc8146c42f4e07f2b9e7d97644a5d8007b3996daefa46163c2e11b00b03f,core-double,spec012-confirm-01,1,double,128,37,1,1,throughput,steady,full,all-publications-v1,spectrum-norms-v1,independent recursive binary64 FFT / direct DFT; matched float windows; direct bands and EMA,binary64 FFT / long-double direct DFT,4096,4096,266240,266240,8.667899015438123e-16,7.336009927239404e-16,3.552713678800501e-14,unnormalized FFT magnitude,0,0
3aeff8d50243a034,e892bc8146c42f4e07f2b9e7d97644a5d8007b3996daefa46163c2e11b00b03f,core-double,spec012-confirm-01,2,double,128,37,1,1,throughput,steady,full,all-publications-v1,spectrum-norms-v1,independent recursive binary64 FFT / direct DFT; matched float windows; direct bands and EMA,binary64 FFT / long-double direct DFT,4096,4096,266240,266240,8.667899015438123e-16,7.336009927239404e-16,3.552713678800501e-14,unnormalized FFT magnitude,0,0
3aeff8d50243a034,e892bc8146c42f4e07f2b9e7d97644a5d8007b3996daefa46163c2e11b00b03f,core-double,spec012-confirm-02,0,double,128,37,1,1,throughput,steady,full,all-publications-v1,spectrum-norms-v1,independent recursive binary64 FFT / direct DFT; matched float windows; direct bands and EMA,binary64 FFT / long-double direct DFT,4096,4096,266240,266240,8.667899015438123e-16,7.336009927239404e-16,3.552713678800501e-14,unnormalized FFT magnitude,0,0
3aeff8d50243a034,e892bc8146c42f4e07f2b9e7d97644a5d8007b3996daefa46163c2e11b00b03f,core-double,spec012-confirm-02,1,double,128,37,1,1,throughput,steady,full,all-publications-v1,spectrum-norms-v1,independent recursive binary64 FFT / direct DFT; matched float windows; direct bands and EMA,binary64 FFT / long-double direct DFT,4096,4096,266240,266240,8.667899015438123e-16,7.336009927239404e-16,3.552713678800501e-14,unnormalized FFT magnitude,0,0
3aeff8d50243a034,e892bc8146c42f4e07f2b9e7d97644a5d8007b3996daefa46163c2e11b00b03f,core-double,spec012-confirm-02,2,double,128,37,1,1,throughput,steady,full,all-publications-v1,spectrum-norms-v1,independent recursive binary64 FFT / direct DFT; matched float windows; direct bands and EMA,binary64 FFT / long-double direct DFT,4096,4096,266240,266240,8.667899015438123e-16,7.336009927239404e-16,3.552713678800501e-14,unnormalized FFT magnitude,0,0
3aeff8d50243a034,e892bc8146c42f4e07f2b9e7d97644a5d8007b3996daefa46163c2e11b00b03f,core-double,spec012-confirm-03,0,double,128,37,1,1,throughput,steady,full,all-publications-v1,spectrum-norms-v1,independent recursive binary64 FFT / direct DFT; matched float windows; direct bands and EMA,binary64 FFT / long-double direct DFT,4096,4096,266240,266240,8.667899015438123e-16,7.336009927239404e-16,3.552713678800501e-14,unnormalized FFT magnitude,0,0
3aeff8d50243a034,e892bc8146c42f4e07f2b9e7d97644a5d8007b3996daefa46163c2e11b00b03f,core-double,spec012-confirm-03,1,double,128,37,1,1,throughput,steady,full,all-publications-v1,spectrum-norms-v1,independent recursive binary64 FFT / direct DFT; matched float windows; direct bands and EMA,binary64 FFT / long-double direct DFT,4096,4096,266240,266240,8.667899015438123e-16,7.336009927239404e-16,3.552713678800501e-14,unnormalized FFT magnitude,0,0
3aeff8d50243a034,e892bc8146c42f4e07f2b9e7d97644a5d8007b3996daefa46163c2e11b00b03f,core-double,spec012-confirm-03,2,double,128,37,1,1,throughput,steady,full,all-publications-v1,spectrum-norms-v1,independent recursive binary64 FFT / direct DFT; matched float windows; direct bands and EMA,binary64 FFT / long-double direct DFT,4096,4096,266240,266240,8.667899015438123e-16,7.336009927239404e-16,3.552713678800501e-14,unnormalized FFT magnitude,0,0
3aeff8d50243a034,eb73fa121feb1d923f1ed5c99ddf91f348e54c90b36bd37d3c07537c77462016,fftw-analysis-float,spec012-confirm-01,0,float,128,37,1,1,throughput,steady,existing all-output numerical replay,archived-vector-counts,spectrum-norms-v1,direct DFT or binary64 FFT of matched frame bytes; direct band sums and EMA,see archived reference; precision not separately recorded,4096,4096,266240,266240,1.437395087137772e-07,1.8376947956483386e-07,7.62939453125e-06,unnormalized FFT magnitude,0,0
3aeff8d50243a034,eb73fa121feb1d923f1ed5c99ddf91f348e54c90b36bd37d3c07537c77462016,fftw-analysis-float,spec012-confirm-01,1,float,128,37,1,1,throughput,steady,existing all-output numerical replay,archived-vector-counts,spectrum-norms-v1,direct DFT or binary64 FFT of matched frame bytes; direct band sums and EMA,see archived reference; precision not separately recorded,4096,4096,266240,266240,1.437395087137772e-07,1.8376947956483386e-07,7.62939453125e-06,unnormalized FFT magnitude,0,0
3aeff8d50243a034,eb73fa121feb1d923f1ed5c99ddf91f348e54c90b36bd37d3c07537c77462016,fftw-analysis-float,spec012-confirm-01,2,float,128,37,1,1,throughput,steady,existing all-output numerical replay,archived-vector-counts,spectrum-norms-v1,direct DFT or binary64 FFT of matched frame bytes; direct band sums and EMA,see archived reference; precision not separately recorded,4096,4096,266240,266240,1.437395087137772e-07,1.8376947956483386e-07,7.62939453125e-06,unnormalized FFT magnitude,0,0
3aeff8d50243a034,eb73fa121feb1d923f1ed5c99ddf91f348e54c90b36bd37d3c07537c77462016,fftw-analysis-float,spec012-confirm-02,0,float,128,37,1,1,throughput,steady,existing all-output numerical replay,archived-vector-counts,spectrum-norms-v1,direct DFT or binary64 FFT of matched frame bytes; direct band sums and EMA,see archived reference; precision not separately recorded,4096,4096,266240,266240,1.437395087137772e-07,1.8376947956483386e-07,7.62939453125e-06,unnormalized FFT magnitude,0,0
3aeff8d50243a034,eb73fa121feb1d923f1ed5c99ddf91f348e54c90b36bd37d3c07537c77462016,fftw-analysis-float,spec012-confirm-02,1,float,128,37,1,1,throughput,steady,existing all-output numerical replay,archived-vector-counts,spectrum-norms-v1,direct DFT or binary64 FFT of matched frame bytes; direct band sums and EMA,see archived reference; precision not separately recorded,4096,4096,266240,266240,1.437395087137772e-07,1.8376947956483386e-07,7.62939453125e-06,unnormalized FFT magnitude,0,0
3aeff8d50243a034,eb73fa121feb1d923f1ed5c99ddf91f348e54c90b36bd37d3c07537c77462016,fftw-analysis-float,spec012-confirm-02,2,float,128,37,1,1,throughput,steady,existing all-output numerical replay,archived-vector-counts,spectrum-norms-v1,direct DFT or binary64 FFT of matched frame bytes; direct band sums and EMA,see archived reference; precision not separately recorded,4096,4096,266240,266240,1.437395087137772e-07,1.8376947956483386e-07,7.62939453125e-06,unnormalized FFT magnitude,0,0
3aeff8d50243a034,eb73fa121feb1d923f1ed5c99ddf91f348e54c90b36bd37d3c07537c77462016,fftw-analysis-float,spec012-confirm-03,0,float,128,37,1,1,throughput,steady,existing all-output numerical replay,archived-vector-counts,spectrum-norms-v1,direct DFT or binary64 FFT of matched frame bytes; direct band sums and EMA,see archived reference; precision not separately recorded,4096,4096,266240,266240,1.437395087137772e-07,1.8376947956483386e-07,7.62939453125e-06,unnormalized FFT magnitude,0,0
3aeff8d50243a034,eb73fa121feb1d923f1ed5c99ddf91f348e54c90b36bd37d3c07537c77462016,fftw-analysis-float,spec012-confirm-03,1,float,128,37,1,1,throughput,steady,existing all-output numerical replay,archived-vector-counts,spectrum-norms-v1,direct DFT or binary64 FFT of matched frame bytes; direct band sums and EMA,see archived reference; precision not separately recorded,4096,4096,266240,266240,1.437395087137772e-07,1.8376947956483386e-07,7.62939453125e-06,unnormalized FFT magnitude,0,0
3aeff8d50243a034,eb73fa121feb1d923f1ed5c99ddf91f348e54c90b36bd37d3c07537c77462016,fftw-analysis-float,spec012-confirm-03,2,float,128,37,1,1,throughput,steady,existing all-output numerical replay,archived-vector-counts,spectrum-norms-v1,direct DFT or binary64 FFT of matched frame bytes; direct band sums and EMA,see archived reference; precision not separately recorded,4096,4096,266240,266240,1.437395087137772e-07,1.8376947956483386e-07,7.62939453125e-06,unnormalized FFT magnitude,0,0
3aeff8d50243a034,f0d65c65d93a848533e4b1f9fc76e931ffa205a6da67e5ba062688f770260b50,vdsp-analysis4-float,spec012-confirm-01,0,float,128,37,1,4,throughput,steady,existing all-output numerical replay,archived-vector-counts,spectrum-norms-v1,"independent-four-v1; per-channel DFT/binary64 FFT, direct bands and EMA",see archived reference; precision not separately recorded,16384,16384,1064960,1064960,1.6096170425782804e-07,1.9175253185249245e-07,7.62939453125e-06,unnormalized FFT magnitude,0,0
3aeff8d50243a034,f0d65c65d93a848533e4b1f9fc76e931ffa205a6da67e5ba062688f770260b50,vdsp-analysis4-float,spec012-confirm-01,1,float,128,37,1,4,throughput,steady,existing all-output numerical replay,archived-vector-counts,spectrum-norms-v1,"independent-four-v1; per-channel DFT/binary64 FFT, direct bands and EMA",see archived reference; precision not separately recorded,16384,16384,1064960,1064960,1.6096170425782804e-07,1.9175253185249245e-07,7.62939453125e-06,unnormalized FFT magnitude,0,0
3aeff8d50243a034,f0d65c65d93a848533e4b1f9fc76e931ffa205a6da67e5ba062688f770260b50,vdsp-analysis4-float,spec012-confirm-01,2,float,128,37,1,4,throughput,steady,existing all-output numerical replay,archived-vector-counts,spectrum-norms-v1,"independent-four-v1; per-channel DFT/binary64 FFT, direct bands and EMA",see archived reference; precision not separately recorded,16384,16384,1064960,1064960,1.6096170425782804e-07,1.9175253185249245e-07,7.62939453125e-06,unnormalized FFT magnitude,0,0
3aeff8d50243a034,f0d65c65d93a848533e4b1f9fc76e931ffa205a6da67e5ba062688f770260b50,vdsp-analysis4-float,spec012-confirm-02,0,float,128,37,1,4,throughput,steady,existing all-output numerical replay,archived-vector-counts,spectrum-norms-v1,"independent-four-v1; per-channel DFT/binary64 FFT, direct bands and EMA",see archived reference; precision not separately recorded,16384,16384,1064960,1064960,1.6096170425782804e-07,1.9175253185249245e-07,7.62939453125e-06,unnormalized FFT magnitude,0,0
3aeff8d50243a034,f0d65c65d93a848533e4b1f9fc76e931ffa205a6da67e5ba062688f770260b50,vdsp-analysis4-float,spec012-confirm-02,1,float,128,37,1,4,throughput,steady,existing all-output numerical replay,archived-vector-counts,spectrum-norms-v1,"independent-four-v1; per-channel DFT/binary64 FFT, direct bands and EMA",see archived reference; precision not separately recorded,16384,16384,1064960,1064960,1.6096170425782804e-07,1.9175253185249245e-07,7.62939453125e-06,unnormalized FFT magnitude,0,0
3aeff8d50243a034,f0d65c65d93a848533e4b1f9fc76e931ffa205a6da67e5ba062688f770260b50,vdsp-analysis4-float,spec012-confirm-02,2,float,128,37,1,4,throughput,steady,existing all-output numerical replay,archived-vector-counts,spectrum-norms-v1,"independent-four-v1; per-channel DFT/binary64 FFT, direct bands and EMA",see archived reference; precision not separately recorded,16384,16384,1064960,1064960,1.6096170425782804e-07,1.9175253185249245e-07,7.62939453125e-06,unnormalized FFT magnitude,0,0
3aeff8d50243a034,f0d65c65d93a848533e4b1f9fc76e931ffa205a6da67e5ba062688f770260b50,vdsp-analysis4-float,spec012-confirm-03,0,float,128,37,1,4,throughput,steady,existing all-output numerical replay,archived-vector-counts,spectrum-norms-v1,"independent-four-v1; per-channel DFT/binary64 FFT, direct bands and EMA",see archived reference; precision not separately recorded,16384,16384,1064960,1064960,1.6096170425782804e-07,1.9175253185249245e-07,7.62939453125e-06,unnormalized FFT magnitude,0,0
3aeff8d50243a034,f0d65c65d93a848533e4b1f9fc76e931ffa205a6da67e5ba062688f770260b50,vdsp-analysis4-float,spec012-confirm-03,1,float,128,37,1,4,throughput,steady,existing all-output numerical replay,archived-vector-counts,spectrum-norms-v1,"independent-four-v1; per-channel DFT/binary64 FFT, direct bands and EMA",see archived reference; precision not separately recorded,16384,16384,1064960,1064960,1.6096170425782804e-07,1.9175253185249245e-07,7.62939453125e-06,unnormalized FFT magnitude,0,0
3aeff8d50243a034,f0d65c65d93a848533e4b1f9fc76e931ffa205a6da67e5ba062688f770260b50,vdsp-analysis4-float,spec012-confirm-03,2,float,128,37,1,4,throughput,steady,existing all-output numerical replay,archived-vector-counts,spectrum-norms-v1,"independent-four-v1; per-channel DFT/binary64 FFT, direct bands and EMA",see archived reference; precision not separately recorded,16384,16384,1064960,1064960,1.6096170425782804e-07,1.9175253185249245e-07,7.62939453125e-06,unnormalized FFT magnitude,0,0
3aeff8d50243a034,ff89007723e34601c6bda6a41d53e1e37563e1feaff5902b44d4a8eea4c9aa16,fftw-analysis-double,spec012-confirm-01,0,double,128,37,1,1,throughput,steady,existing all-output numerical replay,archived-vector-counts,spectrum-norms-v1,direct DFT or binary64 FFT of matched frame bytes; direct band sums and EMA,see archived reference; precision not separately recorded,4096,4096,266240,266240,5.932798041086578e-15,6.014818938429371e-15,2.72254441213704e-13,unnormalized FFT magnitude,0,0
3aeff8d50243a034,ff89007723e34601c6bda6a41d53e1e37563e1feaff5902b44d4a8eea4c9aa16,fftw-analysis-double,spec012-confirm-01,1,double,128,37,1,1,throughput,steady,existing all-output numerical replay,archived-vector-counts,spectrum-norms-v1,direct DFT or binary64 FFT of matched frame bytes; direct band sums and EMA,see archived reference; precision not separately recorded,4096,4096,266240,266240,5.932798041086578e-15,6.014818938429371e-15,2.72254441213704e-13,unnormalized FFT magnitude,0,0
3aeff8d50243a034,ff89007723e34601c6bda6a41d53e1e37563e1feaff5902b44d4a8eea4c9aa16,fftw-analysis-double,spec012-confirm-01,2,double,128,37,1,1,throughput,steady,existing all-output numerical replay,archived-vector-counts,spectrum-norms-v1,direct DFT or binary64 FFT of matched frame bytes; direct band sums and EMA,see archived reference; precision not separately recorded,4096,4096,266240,266240,5.932798041086578e-15,6.014818938429371e-15,2.72254441213704e-13,unnormalized FFT magnitude,0,0
3aeff8d50243a034,ff89007723e34601c6bda6a41d53e1e37563e1feaff5902b44d4a8eea4c9aa16,fftw-analysis-double,spec012-confirm-02,0,double,128,37,1,1,throughput,steady,existing all-output numerical replay,archived-vector-counts,spectrum-norms-v1,direct DFT or binary64 FFT of matched frame bytes; direct band sums and EMA,see archived reference; precision not separately recorded,4096,4096,266240,266240,5.932798041086578e-15,6.014818938429371e-15,2.72254441213704e-13,unnormalized FFT magnitude,0,0
3aeff8d50243a034,ff89007723e34601c6bda6a41d53e1e37563e1feaff5902b44d4a8eea4c9aa16,fftw-analysis-double,spec012-confirm-02,1,double,128,37,1,1,throughput,steady,existing all-output numerical replay,archived-vector-counts,spectrum-norms-v1,direct DFT or binary64 FFT of matched frame bytes; direct band sums and EMA,see archived reference; precision not separately recorded,4096,4096,266240,266240,5.932798041086578e-15,6.014818938429371e-15,2.72254441213704e-13,unnormalized FFT magnitude,0,0
3aeff8d50243a034,ff89007723e34601c6bda6a41d53e1e37563e1feaff5902b44d4a8eea4c9aa16,fftw-analysis-double,spec012-confirm-02,2,double,128,37,1,1,throughput,steady,existing all-output numerical replay,archived-vector-counts,spectrum-norms-v1,direct DFT or binary64 FFT of matched frame bytes; direct band sums and EMA,see archived reference; precision not separately recorded,4096,4096,266240,266240,5.932798041086578e-15,6.014818938429371e-15,2.72254441213704e-13,unnormalized FFT magnitude,0,0
3aeff8d50243a034,ff89007723e34601c6bda6a41d53e1e37563e1feaff5902b44d4a8eea4c9aa16,fftw-analysis-double,spec012-confirm-03,0,double,128,37,1,1,throughput,steady,existing all-output numerical replay,archived-vector-counts,spectrum-norms-v1,direct DFT or binary64 FFT of matched frame bytes; direct band sums and EMA,see archived reference; precision not separately recorded,4096,4096,266240,266240,5.932798041086578e-15,6.014818938429371e-15,2.72254441213704e-13,unnormalized FFT magnitude,0,0
3aeff8d50243a034,ff89007723e34601c6bda6a41d53e1e37563e1feaff5902b44d4a8eea4c9aa16,fftw-analysis-double,spec012-confirm-03,1,double,128,37,1,1,throughput,steady,existing all-output numerical replay,archived-vector-counts,spectrum-norms-v1,direct DFT or binary64 FFT of matched frame bytes; direct band sums and EMA,see archived reference; precision not separately recorded,4096,4096,266240,266240,5.932798041086578e-15,6.014818938429371e-15,2.72254441213704e-13,unnormalized FFT magnitude,0,0
3aeff8d50243a034,ff89007723e34601c6bda6a41d53e1e37563e1feaff5902b44d4a8eea4c9aa16,fftw-analysis-double,spec012-confirm-03,2,double,128,37,1,1,throughput,steady,existing all-output numerical replay,archived-vector-counts,spectrum-norms-v1,direct DFT or binary64 FFT of matched frame bytes; direct band sums and EMA,see archived reference; precision not separately recorded,4096,4096,266240,266240,5.932798041086578e-15,6.014818938429371e-15,2.72254441213704e-13,unnormalized FFT magnitude,0,0
