stratum,config_sha256,backend,session,repeat,precision,n,hop,instances,channels_per_instance,mode,state,status,coverage_policy,accuracy_policy,reference,reference_precision,expected_spectra,checked_spectra,expected_bins,checked_bins,max_relative_l2,max_relative_linf,max_abs_error,absolute_error_units,zero_spectra,legacy_pointwise_failures
3aeff8d50243a034,0168eb7d6c78ef608b49abc6179ee523b9f3570ea18a3310f14250ff94e37a20,fftw-analysis-float,spec012-confirm-01,0,float,16384,1024,1,1,callback,steady,existing all-output numerical replay,archived-vector-counts,spectrum-norms-v1,direct DFT or binary64 FFT of matched frame bytes; direct band sums and EMA,see archived reference; precision not separately recorded,2048,2048,16779264,16779264,1.2932814177763272e-07,1.1921141411142463e-07,0.00048828125,unnormalized FFT magnitude,0,0
3aeff8d50243a034,0168eb7d6c78ef608b49abc6179ee523b9f3570ea18a3310f14250ff94e37a20,fftw-analysis-float,spec012-confirm-01,1,float,16384,1024,1,1,callback,steady,existing all-output numerical replay,archived-vector-counts,spectrum-norms-v1,direct DFT or binary64 FFT of matched frame bytes; direct band sums and EMA,see archived reference; precision not separately recorded,2048,2048,16779264,16779264,1.2932814177763272e-07,1.1921141411142463e-07,0.00048828125,unnormalized FFT magnitude,0,0
3aeff8d50243a034,0168eb7d6c78ef608b49abc6179ee523b9f3570ea18a3310f14250ff94e37a20,fftw-analysis-float,spec012-confirm-01,2,float,16384,1024,1,1,callback,steady,existing all-output numerical replay,archived-vector-counts,spectrum-norms-v1,direct DFT or binary64 FFT of matched frame bytes; direct band sums and EMA,see archived reference; precision not separately recorded,2048,2048,16779264,16779264,1.2932814177763272e-07,1.1921141411142463e-07,0.00048828125,unnormalized FFT magnitude,0,0
3aeff8d50243a034,0168eb7d6c78ef608b49abc6179ee523b9f3570ea18a3310f14250ff94e37a20,fftw-analysis-float,spec012-confirm-02,0,float,16384,1024,1,1,callback,steady,existing all-output numerical replay,archived-vector-counts,spectrum-norms-v1,direct DFT or binary64 FFT of matched frame bytes; direct band sums and EMA,see archived reference; precision not separately recorded,2048,2048,16779264,16779264,1.2932814177763272e-07,1.1921141411142463e-07,0.00048828125,unnormalized FFT magnitude,0,0
3aeff8d50243a034,0168eb7d6c78ef608b49abc6179ee523b9f3570ea18a3310f14250ff94e37a20,fftw-analysis-float,spec012-confirm-02,1,float,16384,1024,1,1,callback,steady,existing all-output numerical replay,archived-vector-counts,spectrum-norms-v1,direct DFT or binary64 FFT of matched frame bytes; direct band sums and EMA,see archived reference; precision not separately recorded,2048,2048,16779264,16779264,1.2932814177763272e-07,1.1921141411142463e-07,0.00048828125,unnormalized FFT magnitude,0,0
3aeff8d50243a034,0168eb7d6c78ef608b49abc6179ee523b9f3570ea18a3310f14250ff94e37a20,fftw-analysis-float,spec012-confirm-02,2,float,16384,1024,1,1,callback,steady,existing all-output numerical replay,archived-vector-counts,spectrum-norms-v1,direct DFT or binary64 FFT of matched frame bytes; direct band sums and EMA,see archived reference; precision not separately recorded,2048,2048,16779264,16779264,1.2932814177763272e-07,1.1921141411142463e-07,0.00048828125,unnormalized FFT magnitude,0,0
3aeff8d50243a034,0168eb7d6c78ef608b49abc6179ee523b9f3570ea18a3310f14250ff94e37a20,fftw-analysis-float,spec012-confirm-03,0,float,16384,1024,1,1,callback,steady,existing all-output numerical replay,archived-vector-counts,spectrum-norms-v1,direct DFT or binary64 FFT of matched frame bytes; direct band sums and EMA,see archived reference; precision not separately recorded,2048,2048,16779264,16779264,1.2932814177763272e-07,1.1921141411142463e-07,0.00048828125,unnormalized FFT magnitude,0,0
3aeff8d50243a034,0168eb7d6c78ef608b49abc6179ee523b9f3570ea18a3310f14250ff94e37a20,fftw-analysis-float,spec012-confirm-03,1,float,16384,1024,1,1,callback,steady,existing all-output numerical replay,archived-vector-counts,spectrum-norms-v1,direct DFT or binary64 FFT of matched frame bytes; direct band sums and EMA,see archived reference; precision not separately recorded,2048,2048,16779264,16779264,1.2932814177763272e-07,1.1921141411142463e-07,0.00048828125,unnormalized FFT magnitude,0,0
3aeff8d50243a034,0168eb7d6c78ef608b49abc6179ee523b9f3570ea18a3310f14250ff94e37a20,fftw-analysis-float,spec012-confirm-03,2,float,16384,1024,1,1,callback,steady,existing all-output numerical replay,archived-vector-counts,spectrum-norms-v1,direct DFT or binary64 FFT of matched frame bytes; direct band sums and EMA,see archived reference; precision not separately recorded,2048,2048,16779264,16779264,1.2932814177763272e-07,1.1921141411142463e-07,0.00048828125,unnormalized FFT magnitude,0,0
3aeff8d50243a034,02a0847d2b0940bdf14b78b4a832898d4d88373743483f7a626bf170060171ba,pffft-analysis-float,spec012-confirm-01,0,float,2048,1024,1,1,callback,steady,existing all-output numerical replay,archived-vector-counts,spectrum-norms-v1,direct DFT or binary64 FFT of matched frame bytes; direct band sums and EMA,see archived reference; precision not separately recorded,2048,2048,2099200,2099200,1.2019560717045903e-07,1.191954924079027e-07,6.103515625e-05,unnormalized FFT magnitude,0,0
3aeff8d50243a034,02a0847d2b0940bdf14b78b4a832898d4d88373743483f7a626bf170060171ba,pffft-analysis-float,spec012-confirm-01,1,float,2048,1024,1,1,callback,steady,existing all-output numerical replay,archived-vector-counts,spectrum-norms-v1,direct DFT or binary64 FFT of matched frame bytes; direct band sums and EMA,see archived reference; precision not separately recorded,2048,2048,2099200,2099200,1.2019560717045903e-07,1.191954924079027e-07,6.103515625e-05,unnormalized FFT magnitude,0,0
3aeff8d50243a034,02a0847d2b0940bdf14b78b4a832898d4d88373743483f7a626bf170060171ba,pffft-analysis-float,spec012-confirm-01,2,float,2048,1024,1,1,callback,steady,existing all-output numerical replay,archived-vector-counts,spectrum-norms-v1,direct DFT or binary64 FFT of matched frame bytes; direct band sums and EMA,see archived reference; precision not separately recorded,2048,2048,2099200,2099200,1.2019560717045903e-07,1.191954924079027e-07,6.103515625e-05,unnormalized FFT magnitude,0,0
3aeff8d50243a034,02a0847d2b0940bdf14b78b4a832898d4d88373743483f7a626bf170060171ba,pffft-analysis-float,spec012-confirm-02,0,float,2048,1024,1,1,callback,steady,existing all-output numerical replay,archived-vector-counts,spectrum-norms-v1,direct DFT or binary64 FFT of matched frame bytes; direct band sums and EMA,see archived reference; precision not separately recorded,2048,2048,2099200,2099200,1.2019560717045903e-07,1.191954924079027e-07,6.103515625e-05,unnormalized FFT magnitude,0,0
3aeff8d50243a034,02a0847d2b0940bdf14b78b4a832898d4d88373743483f7a626bf170060171ba,pffft-analysis-float,spec012-confirm-02,1,float,2048,1024,1,1,callback,steady,existing all-output numerical replay,archived-vector-counts,spectrum-norms-v1,direct DFT or binary64 FFT of matched frame bytes; direct band sums and EMA,see archived reference; precision not separately recorded,2048,2048,2099200,2099200,1.2019560717045903e-07,1.191954924079027e-07,6.103515625e-05,unnormalized FFT magnitude,0,0
3aeff8d50243a034,02a0847d2b0940bdf14b78b4a832898d4d88373743483f7a626bf170060171ba,pffft-analysis-float,spec012-confirm-02,2,float,2048,1024,1,1,callback,steady,existing all-output numerical replay,archived-vector-counts,spectrum-norms-v1,direct DFT or binary64 FFT of matched frame bytes; direct band sums and EMA,see archived reference; precision not separately recorded,2048,2048,2099200,2099200,1.2019560717045903e-07,1.191954924079027e-07,6.103515625e-05,unnormalized FFT magnitude,0,0
3aeff8d50243a034,02a0847d2b0940bdf14b78b4a832898d4d88373743483f7a626bf170060171ba,pffft-analysis-float,spec012-confirm-03,0,float,2048,1024,1,1,callback,steady,existing all-output numerical replay,archived-vector-counts,spectrum-norms-v1,direct DFT or binary64 FFT of matched frame bytes; direct band sums and EMA,see archived reference; precision not separately recorded,2048,2048,2099200,2099200,1.2019560717045903e-07,1.191954924079027e-07,6.103515625e-05,unnormalized FFT magnitude,0,0
3aeff8d50243a034,02a0847d2b0940bdf14b78b4a832898d4d88373743483f7a626bf170060171ba,pffft-analysis-float,spec012-confirm-03,1,float,2048,1024,1,1,callback,steady,existing all-output numerical replay,archived-vector-counts,spectrum-norms-v1,direct DFT or binary64 FFT of matched frame bytes; direct band sums and EMA,see archived reference; precision not separately recorded,2048,2048,2099200,2099200,1.2019560717045903e-07,1.191954924079027e-07,6.103515625e-05,unnormalized FFT magnitude,0,0
3aeff8d50243a034,02a0847d2b0940bdf14b78b4a832898d4d88373743483f7a626bf170060171ba,pffft-analysis-float,spec012-confirm-03,2,float,2048,1024,1,1,callback,steady,existing all-output numerical replay,archived-vector-counts,spectrum-norms-v1,direct DFT or binary64 FFT of matched frame bytes; direct band sums and EMA,see archived reference; precision not separately recorded,2048,2048,2099200,2099200,1.2019560717045903e-07,1.191954924079027e-07,6.103515625e-05,unnormalized FFT magnitude,0,0
3aeff8d50243a034,02a73a880a10e2a6edf0d4a30a34a3581f89638df0321ee1a12d23eba06ab9a8,core-float,spec012-confirm-01,0,float,16384,1024,1,1,throughput,steady,full,all-publications-v1,spectrum-norms-v1,independent recursive binary64 FFT / direct DFT; matched float windows; direct bands and EMA,binary64 FFT / long-double direct DFT,2048,2048,16779264,16779264,2.314436441768113e-07,1.4903825983523968e-07,0.00048828125,unnormalized FFT magnitude,0,0
3aeff8d50243a034,02a73a880a10e2a6edf0d4a30a34a3581f89638df0321ee1a12d23eba06ab9a8,core-float,spec012-confirm-01,1,float,16384,1024,1,1,throughput,steady,full,all-publications-v1,spectrum-norms-v1,independent recursive binary64 FFT / direct DFT; matched float windows; direct bands and EMA,binary64 FFT / long-double direct DFT,2048,2048,16779264,16779264,2.314436441768113e-07,1.4903825983523968e-07,0.00048828125,unnormalized FFT magnitude,0,0
3aeff8d50243a034,02a73a880a10e2a6edf0d4a30a34a3581f89638df0321ee1a12d23eba06ab9a8,core-float,spec012-confirm-01,2,float,16384,1024,1,1,throughput,steady,full,all-publications-v1,spectrum-norms-v1,independent recursive binary64 FFT / direct DFT; matched float windows; direct bands and EMA,binary64 FFT / long-double direct DFT,2048,2048,16779264,16779264,2.314436441768113e-07,1.4903825983523968e-07,0.00048828125,unnormalized FFT magnitude,0,0
3aeff8d50243a034,02a73a880a10e2a6edf0d4a30a34a3581f89638df0321ee1a12d23eba06ab9a8,core-float,spec012-confirm-02,0,float,16384,1024,1,1,throughput,steady,full,all-publications-v1,spectrum-norms-v1,independent recursive binary64 FFT / direct DFT; matched float windows; direct bands and EMA,binary64 FFT / long-double direct DFT,2048,2048,16779264,16779264,2.314436441768113e-07,1.4903825983523968e-07,0.00048828125,unnormalized FFT magnitude,0,0
3aeff8d50243a034,02a73a880a10e2a6edf0d4a30a34a3581f89638df0321ee1a12d23eba06ab9a8,core-float,spec012-confirm-02,1,float,16384,1024,1,1,throughput,steady,full,all-publications-v1,spectrum-norms-v1,independent recursive binary64 FFT / direct DFT; matched float windows; direct bands and EMA,binary64 FFT / long-double direct DFT,2048,2048,16779264,16779264,2.314436441768113e-07,1.4903825983523968e-07,0.00048828125,unnormalized FFT magnitude,0,0
3aeff8d50243a034,02a73a880a10e2a6edf0d4a30a34a3581f89638df0321ee1a12d23eba06ab9a8,core-float,spec012-confirm-02,2,float,16384,1024,1,1,throughput,steady,full,all-publications-v1,spectrum-norms-v1,independent recursive binary64 FFT / direct DFT; matched float windows; direct bands and EMA,binary64 FFT / long-double direct DFT,2048,2048,16779264,16779264,2.314436441768113e-07,1.4903825983523968e-07,0.00048828125,unnormalized FFT magnitude,0,0
3aeff8d50243a034,02a73a880a10e2a6edf0d4a30a34a3581f89638df0321ee1a12d23eba06ab9a8,core-float,spec012-confirm-03,0,float,16384,1024,1,1,throughput,steady,full,all-publications-v1,spectrum-norms-v1,independent recursive binary64 FFT / direct DFT; matched float windows; direct bands and EMA,binary64 FFT / long-double direct DFT,2048,2048,16779264,16779264,2.314436441768113e-07,1.4903825983523968e-07,0.00048828125,unnormalized FFT magnitude,0,0
3aeff8d50243a034,02a73a880a10e2a6edf0d4a30a34a3581f89638df0321ee1a12d23eba06ab9a8,core-float,spec012-confirm-03,1,float,16384,1024,1,1,throughput,steady,full,all-publications-v1,spectrum-norms-v1,independent recursive binary64 FFT / direct DFT; matched float windows; direct bands and EMA,binary64 FFT / long-double direct DFT,2048,2048,16779264,16779264,2.314436441768113e-07,1.4903825983523968e-07,0.00048828125,unnormalized FFT magnitude,0,0
3aeff8d50243a034,02a73a880a10e2a6edf0d4a30a34a3581f89638df0321ee1a12d23eba06ab9a8,core-float,spec012-confirm-03,2,float,16384,1024,1,1,throughput,steady,full,all-publications-v1,spectrum-norms-v1,independent recursive binary64 FFT / direct DFT; matched float windows; direct bands and EMA,binary64 FFT / long-double direct DFT,2048,2048,16779264,16779264,2.314436441768113e-07,1.4903825983523968e-07,0.00048828125,unnormalized FFT magnitude,0,0
3aeff8d50243a034,033a3447e7cedb3318a3d1ed6c463a126c91b51ec1f105f9270702f90c0d7ff0,pffft-scheduled-batch-float,spec012-confirm-01,0,float,16384,1024,1,1,callback,steady,existing all-output numerical replay,archived-vector-counts,spectrum-norms-v1,direct DFT or binary64 FFT of matched frame bytes; direct band sums and EMA,see archived reference; precision not separately recorded,2048,2048,16779264,16779264,1.222607767483183e-07,1.1919512301234683e-07,0.00048828125,unnormalized FFT magnitude,0,32
3aeff8d50243a034,033a3447e7cedb3318a3d1ed6c463a126c91b51ec1f105f9270702f90c0d7ff0,pffft-scheduled-batch-float,spec012-confirm-01,1,float,16384,1024,1,1,callback,steady,existing all-output numerical replay,archived-vector-counts,spectrum-norms-v1,direct DFT or binary64 FFT of matched frame bytes; direct band sums and EMA,see archived reference; precision not separately recorded,2048,2048,16779264,16779264,1.222607767483183e-07,1.1919512301234683e-07,0.00048828125,unnormalized FFT magnitude,0,32
3aeff8d50243a034,033a3447e7cedb3318a3d1ed6c463a126c91b51ec1f105f9270702f90c0d7ff0,pffft-scheduled-batch-float,spec012-confirm-01,2,float,16384,1024,1,1,callback,steady,existing all-output numerical replay,archived-vector-counts,spectrum-norms-v1,direct DFT or binary64 FFT of matched frame bytes; direct band sums and EMA,see archived reference; precision not separately recorded,2048,2048,16779264,16779264,1.222607767483183e-07,1.1919512301234683e-07,0.00048828125,unnormalized FFT magnitude,0,32
3aeff8d50243a034,033a3447e7cedb3318a3d1ed6c463a126c91b51ec1f105f9270702f90c0d7ff0,pffft-scheduled-batch-float,spec012-confirm-02,0,float,16384,1024,1,1,callback,steady,existing all-output numerical replay,archived-vector-counts,spectrum-norms-v1,direct DFT or binary64 FFT of matched frame bytes; direct band sums and EMA,see archived reference; precision not separately recorded,2048,2048,16779264,16779264,1.222607767483183e-07,1.1919512301234683e-07,0.00048828125,unnormalized FFT magnitude,0,32
3aeff8d50243a034,033a3447e7cedb3318a3d1ed6c463a126c91b51ec1f105f9270702f90c0d7ff0,pffft-scheduled-batch-float,spec012-confirm-02,1,float,16384,1024,1,1,callback,steady,existing all-output numerical replay,archived-vector-counts,spectrum-norms-v1,direct DFT or binary64 FFT of matched frame bytes; direct band sums and EMA,see archived reference; precision not separately recorded,2048,2048,16779264,16779264,1.222607767483183e-07,1.1919512301234683e-07,0.00048828125,unnormalized FFT magnitude,0,32
3aeff8d50243a034,033a3447e7cedb3318a3d1ed6c463a126c91b51ec1f105f9270702f90c0d7ff0,pffft-scheduled-batch-float,spec012-confirm-02,2,float,16384,1024,1,1,callback,steady,existing all-output numerical replay,archived-vector-counts,spectrum-norms-v1,direct DFT or binary64 FFT of matched frame bytes; direct band sums and EMA,see archived reference; precision not separately recorded,2048,2048,16779264,16779264,1.222607767483183e-07,1.1919512301234683e-07,0.00048828125,unnormalized FFT magnitude,0,32
3aeff8d50243a034,033a3447e7cedb3318a3d1ed6c463a126c91b51ec1f105f9270702f90c0d7ff0,pffft-scheduled-batch-float,spec012-confirm-03,0,float,16384,1024,1,1,callback,steady,existing all-output numerical replay,archived-vector-counts,spectrum-norms-v1,direct DFT or binary64 FFT of matched frame bytes; direct band sums and EMA,see archived reference; precision not separately recorded,2048,2048,16779264,16779264,1.222607767483183e-07,1.1919512301234683e-07,0.00048828125,unnormalized FFT magnitude,0,32
3aeff8d50243a034,033a3447e7cedb3318a3d1ed6c463a126c91b51ec1f105f9270702f90c0d7ff0,pffft-scheduled-batch-float,spec012-confirm-03,1,float,16384,1024,1,1,callback,steady,existing all-output numerical replay,archived-vector-counts,spectrum-norms-v1,direct DFT or binary64 FFT of matched frame bytes; direct band sums and EMA,see archived reference; precision not separately recorded,2048,2048,16779264,16779264,1.222607767483183e-07,1.1919512301234683e-07,0.00048828125,unnormalized FFT magnitude,0,32
3aeff8d50243a034,033a3447e7cedb3318a3d1ed6c463a126c91b51ec1f105f9270702f90c0d7ff0,pffft-scheduled-batch-float,spec012-confirm-03,2,float,16384,1024,1,1,callback,steady,existing all-output numerical replay,archived-vector-counts,spectrum-norms-v1,direct DFT or binary64 FFT of matched frame bytes; direct band sums and EMA,see archived reference; precision not separately recorded,2048,2048,16779264,16779264,1.222607767483183e-07,1.1919512301234683e-07,0.00048828125,unnormalized FFT magnitude,0,32
3aeff8d50243a034,05b7395af19813aad83c5d3ad13014e9fef730904714363a1f439645ccb81bf4,pffft-analysis-float,spec012-confirm-01,0,float,16384,1024,1,1,callback,steady,existing all-output numerical replay,archived-vector-counts,spectrum-norms-v1,direct DFT or binary64 FFT of matched frame bytes; direct band sums and EMA,see archived reference; precision not separately recorded,2048,2048,16779264,16779264,1.222607767483183e-07,1.1919512301234683e-07,0.00048828125,unnormalized FFT magnitude,0,32
3aeff8d50243a034,05b7395af19813aad83c5d3ad13014e9fef730904714363a1f439645ccb81bf4,pffft-analysis-float,spec012-confirm-01,1,float,16384,1024,1,1,callback,steady,existing all-output numerical replay,archived-vector-counts,spectrum-norms-v1,direct DFT or binary64 FFT of matched frame bytes; direct band sums and EMA,see archived reference; precision not separately recorded,2048,2048,16779264,16779264,1.222607767483183e-07,1.1919512301234683e-07,0.00048828125,unnormalized FFT magnitude,0,32
3aeff8d50243a034,05b7395af19813aad83c5d3ad13014e9fef730904714363a1f439645ccb81bf4,pffft-analysis-float,spec012-confirm-01,2,float,16384,1024,1,1,callback,steady,existing all-output numerical replay,archived-vector-counts,spectrum-norms-v1,direct DFT or binary64 FFT of matched frame bytes; direct band sums and EMA,see archived reference; precision not separately recorded,2048,2048,16779264,16779264,1.222607767483183e-07,1.1919512301234683e-07,0.00048828125,unnormalized FFT magnitude,0,32
3aeff8d50243a034,05b7395af19813aad83c5d3ad13014e9fef730904714363a1f439645ccb81bf4,pffft-analysis-float,spec012-confirm-02,0,float,16384,1024,1,1,callback,steady,existing all-output numerical replay,archived-vector-counts,spectrum-norms-v1,direct DFT or binary64 FFT of matched frame bytes; direct band sums and EMA,see archived reference; precision not separately recorded,2048,2048,16779264,16779264,1.222607767483183e-07,1.1919512301234683e-07,0.00048828125,unnormalized FFT magnitude,0,32
3aeff8d50243a034,05b7395af19813aad83c5d3ad13014e9fef730904714363a1f439645ccb81bf4,pffft-analysis-float,spec012-confirm-02,1,float,16384,1024,1,1,callback,steady,existing all-output numerical replay,archived-vector-counts,spectrum-norms-v1,direct DFT or binary64 FFT of matched frame bytes; direct band sums and EMA,see archived reference; precision not separately recorded,2048,2048,16779264,16779264,1.222607767483183e-07,1.1919512301234683e-07,0.00048828125,unnormalized FFT magnitude,0,32
3aeff8d50243a034,05b7395af19813aad83c5d3ad13014e9fef730904714363a1f439645ccb81bf4,pffft-analysis-float,spec012-confirm-02,2,float,16384,1024,1,1,callback,steady,existing all-output numerical replay,archived-vector-counts,spectrum-norms-v1,direct DFT or binary64 FFT of matched frame bytes; direct band sums and EMA,see archived reference; precision not separately recorded,2048,2048,16779264,16779264,1.222607767483183e-07,1.1919512301234683e-07,0.00048828125,unnormalized FFT magnitude,0,32
3aeff8d50243a034,05b7395af19813aad83c5d3ad13014e9fef730904714363a1f439645ccb81bf4,pffft-analysis-float,spec012-confirm-03,0,float,16384,1024,1,1,callback,steady,existing all-output numerical replay,archived-vector-counts,spectrum-norms-v1,direct DFT or binary64 FFT of matched frame bytes; direct band sums and EMA,see archived reference; precision not separately recorded,2048,2048,16779264,16779264,1.222607767483183e-07,1.1919512301234683e-07,0.00048828125,unnormalized FFT magnitude,0,32
3aeff8d50243a034,05b7395af19813aad83c5d3ad13014e9fef730904714363a1f439645ccb81bf4,pffft-analysis-float,spec012-confirm-03,1,float,16384,1024,1,1,callback,steady,existing all-output numerical replay,archived-vector-counts,spectrum-norms-v1,direct DFT or binary64 FFT of matched frame bytes; direct band sums and EMA,see archived reference; precision not separately recorded,2048,2048,16779264,16779264,1.222607767483183e-07,1.1919512301234683e-07,0.00048828125,unnormalized FFT magnitude,0,32
3aeff8d50243a034,05b7395af19813aad83c5d3ad13014e9fef730904714363a1f439645ccb81bf4,pffft-analysis-float,spec012-confirm-03,2,float,16384,1024,1,1,callback,steady,existing all-output numerical replay,archived-vector-counts,spectrum-norms-v1,direct DFT or binary64 FFT of matched frame bytes; direct band sums and EMA,see archived reference; precision not separately recorded,2048,2048,16779264,16779264,1.222607767483183e-07,1.1919512301234683e-07,0.00048828125,unnormalized FFT magnitude,0,32
3aeff8d50243a034,0620d5d49d61bf8ace8bd35fc28b1728e82663b6f5a8ba706098f888263cc058,vdsp-analysis-float,spec012-confirm-01,0,float,2048,1024,1,1,callback,steady,existing all-output numerical replay,archived-vector-counts,spectrum-norms-v1,direct DFT or binary64 FFT of matched frame bytes; direct band sums and EMA,see archived reference; precision not separately recorded,2048,2048,2099200,2099200,1.4261480916057953e-07,1.1945004482661556e-07,6.103515625e-05,unnormalized FFT magnitude,0,0
3aeff8d50243a034,0620d5d49d61bf8ace8bd35fc28b1728e82663b6f5a8ba706098f888263cc058,vdsp-analysis-float,spec012-confirm-01,1,float,2048,1024,1,1,callback,steady,existing all-output numerical replay,archived-vector-counts,spectrum-norms-v1,direct DFT or binary64 FFT of matched frame bytes; direct band sums and EMA,see archived reference; precision not separately recorded,2048,2048,2099200,2099200,1.4261480916057953e-07,1.1945004482661556e-07,6.103515625e-05,unnormalized FFT magnitude,0,0
3aeff8d50243a034,0620d5d49d61bf8ace8bd35fc28b1728e82663b6f5a8ba706098f888263cc058,vdsp-analysis-float,spec012-confirm-01,2,float,2048,1024,1,1,callback,steady,existing all-output numerical replay,archived-vector-counts,spectrum-norms-v1,direct DFT or binary64 FFT of matched frame bytes; direct band sums and EMA,see archived reference; precision not separately recorded,2048,2048,2099200,2099200,1.4261480916057953e-07,1.1945004482661556e-07,6.103515625e-05,unnormalized FFT magnitude,0,0
3aeff8d50243a034,0620d5d49d61bf8ace8bd35fc28b1728e82663b6f5a8ba706098f888263cc058,vdsp-analysis-float,spec012-confirm-02,0,float,2048,1024,1,1,callback,steady,existing all-output numerical replay,archived-vector-counts,spectrum-norms-v1,direct DFT or binary64 FFT of matched frame bytes; direct band sums and EMA,see archived reference; precision not separately recorded,2048,2048,2099200,2099200,1.4261480916057953e-07,1.1945004482661556e-07,6.103515625e-05,unnormalized FFT magnitude,0,0
3aeff8d50243a034,0620d5d49d61bf8ace8bd35fc28b1728e82663b6f5a8ba706098f888263cc058,vdsp-analysis-float,spec012-confirm-02,1,float,2048,1024,1,1,callback,steady,existing all-output numerical replay,archived-vector-counts,spectrum-norms-v1,direct DFT or binary64 FFT of matched frame bytes; direct band sums and EMA,see archived reference; precision not separately recorded,2048,2048,2099200,2099200,1.4261480916057953e-07,1.1945004482661556e-07,6.103515625e-05,unnormalized FFT magnitude,0,0
3aeff8d50243a034,0620d5d49d61bf8ace8bd35fc28b1728e82663b6f5a8ba706098f888263cc058,vdsp-analysis-float,spec012-confirm-02,2,float,2048,1024,1,1,callback,steady,existing all-output numerical replay,archived-vector-counts,spectrum-norms-v1,direct DFT or binary64 FFT of matched frame bytes; direct band sums and EMA,see archived reference; precision not separately recorded,2048,2048,2099200,2099200,1.4261480916057953e-07,1.1945004482661556e-07,6.103515625e-05,unnormalized FFT magnitude,0,0
3aeff8d50243a034,0620d5d49d61bf8ace8bd35fc28b1728e82663b6f5a8ba706098f888263cc058,vdsp-analysis-float,spec012-confirm-03,0,float,2048,1024,1,1,callback,steady,existing all-output numerical replay,archived-vector-counts,spectrum-norms-v1,direct DFT or binary64 FFT of matched frame bytes; direct band sums and EMA,see archived reference; precision not separately recorded,2048,2048,2099200,2099200,1.4261480916057953e-07,1.1945004482661556e-07,6.103515625e-05,unnormalized FFT magnitude,0,0
3aeff8d50243a034,0620d5d49d61bf8ace8bd35fc28b1728e82663b6f5a8ba706098f888263cc058,vdsp-analysis-float,spec012-confirm-03,1,float,2048,1024,1,1,callback,steady,existing all-output numerical replay,archived-vector-counts,spectrum-norms-v1,direct DFT or binary64 FFT of matched frame bytes; direct band sums and EMA,see archived reference; precision not separately recorded,2048,2048,2099200,2099200,1.4261480916057953e-07,1.1945004482661556e-07,6.103515625e-05,unnormalized FFT magnitude,0,0
3aeff8d50243a034,0620d5d49d61bf8ace8bd35fc28b1728e82663b6f5a8ba706098f888263cc058,vdsp-analysis-float,spec012-confirm-03,2,float,2048,1024,1,1,callback,steady,existing all-output numerical replay,archived-vector-counts,spectrum-norms-v1,direct DFT or binary64 FFT of matched frame bytes; direct band sums and EMA,see archived reference; precision not separately recorded,2048,2048,2099200,2099200,1.4261480916057953e-07,1.1945004482661556e-07,6.103515625e-05,unnormalized FFT magnitude,0,0
3aeff8d50243a034,06560fca76e3d531701a5c74b121ca5d9df1771a034c94444e8b5457a380dddc,fftw-analysis-float,spec012-confirm-01,0,float,2048,1024,1,1,throughput,steady,existing all-output numerical replay,archived-vector-counts,spectrum-norms-v1,direct DFT or binary64 FFT of matched frame bytes; direct band sums and EMA,see archived reference; precision not separately recorded,2048,2048,2099200,2099200,1.7811635133611692e-07,2.2354712809377118e-07,9.1552734375e-05,unnormalized FFT magnitude,0,0
3aeff8d50243a034,06560fca76e3d531701a5c74b121ca5d9df1771a034c94444e8b5457a380dddc,fftw-analysis-float,spec012-confirm-01,1,float,2048,1024,1,1,throughput,steady,existing all-output numerical replay,archived-vector-counts,spectrum-norms-v1,direct DFT or binary64 FFT of matched frame bytes; direct band sums and EMA,see archived reference; precision not separately recorded,2048,2048,2099200,2099200,1.7811635133611692e-07,2.2354712809377118e-07,9.1552734375e-05,unnormalized FFT magnitude,0,0
3aeff8d50243a034,06560fca76e3d531701a5c74b121ca5d9df1771a034c94444e8b5457a380dddc,fftw-analysis-float,spec012-confirm-01,2,float,2048,1024,1,1,throughput,steady,existing all-output numerical replay,archived-vector-counts,spectrum-norms-v1,direct DFT or binary64 FFT of matched frame bytes; direct band sums and EMA,see archived reference; precision not separately recorded,2048,2048,2099200,2099200,1.7811635133611692e-07,2.2354712809377118e-07,9.1552734375e-05,unnormalized FFT magnitude,0,0
3aeff8d50243a034,06560fca76e3d531701a5c74b121ca5d9df1771a034c94444e8b5457a380dddc,fftw-analysis-float,spec012-confirm-02,0,float,2048,1024,1,1,throughput,steady,existing all-output numerical replay,archived-vector-counts,spectrum-norms-v1,direct DFT or binary64 FFT of matched frame bytes; direct band sums and EMA,see archived reference; precision not separately recorded,2048,2048,2099200,2099200,1.7811635133611692e-07,2.2354712809377118e-07,9.1552734375e-05,unnormalized FFT magnitude,0,0
3aeff8d50243a034,06560fca76e3d531701a5c74b121ca5d9df1771a034c94444e8b5457a380dddc,fftw-analysis-float,spec012-confirm-02,1,float,2048,1024,1,1,throughput,steady,existing all-output numerical replay,archived-vector-counts,spectrum-norms-v1,direct DFT or binary64 FFT of matched frame bytes; direct band sums and EMA,see archived reference; precision not separately recorded,2048,2048,2099200,2099200,1.7811635133611692e-07,2.2354712809377118e-07,9.1552734375e-05,unnormalized FFT magnitude,0,0
3aeff8d50243a034,06560fca76e3d531701a5c74b121ca5d9df1771a034c94444e8b5457a380dddc,fftw-analysis-float,spec012-confirm-02,2,float,2048,1024,1,1,throughput,steady,existing all-output numerical replay,archived-vector-counts,spectrum-norms-v1,direct DFT or binary64 FFT of matched frame bytes; direct band sums and EMA,see archived reference; precision not separately recorded,2048,2048,2099200,2099200,1.7811635133611692e-07,2.2354712809377118e-07,9.1552734375e-05,unnormalized FFT magnitude,0,0
3aeff8d50243a034,06560fca76e3d531701a5c74b121ca5d9df1771a034c94444e8b5457a380dddc,fftw-analysis-float,spec012-confirm-03,0,float,2048,1024,1,1,throughput,steady,existing all-output numerical replay,archived-vector-counts,spectrum-norms-v1,direct DFT or binary64 FFT of matched frame bytes; direct band sums and EMA,see archived reference; precision not separately recorded,2048,2048,2099200,2099200,1.7811635133611692e-07,2.2354712809377118e-07,9.1552734375e-05,unnormalized FFT magnitude,0,0
3aeff8d50243a034,06560fca76e3d531701a5c74b121ca5d9df1771a034c94444e8b5457a380dddc,fftw-analysis-float,spec012-confirm-03,1,float,2048,1024,1,1,throughput,steady,existing all-output numerical replay,archived-vector-counts,spectrum-norms-v1,direct DFT or binary64 FFT of matched frame bytes; direct band sums and EMA,see archived reference; precision not separately recorded,2048,2048,2099200,2099200,1.7811635133611692e-07,2.2354712809377118e-07,9.1552734375e-05,unnormalized FFT magnitude,0,0
3aeff8d50243a034,06560fca76e3d531701a5c74b121ca5d9df1771a034c94444e8b5457a380dddc,fftw-analysis-float,spec012-confirm-03,2,float,2048,1024,1,1,throughput,steady,existing all-output numerical replay,archived-vector-counts,spectrum-norms-v1,direct DFT or binary64 FFT of matched frame bytes; direct band sums and EMA,see archived reference; precision not separately recorded,2048,2048,2099200,2099200,1.7811635133611692e-07,2.2354712809377118e-07,9.1552734375e-05,unnormalized FFT magnitude,0,0
3aeff8d50243a034,099593f1c8e9437461d142bb8fd7aedacb2ad1cac1c72e1205f0de8cd922fea8,core-float,spec012-confirm-01,0,float,2048,1024,1,1,callback,steady,full,all-publications-v1,spectrum-norms-v1,independent recursive binary64 FFT / direct DFT; matched float windows; direct bands and EMA,binary64 FFT / long-double direct DFT,2048,2048,2099200,2099200,1.7896422314979908e-07,2.2354712809377118e-07,9.1552734375e-05,unnormalized FFT magnitude,0,0
3aeff8d50243a034,099593f1c8e9437461d142bb8fd7aedacb2ad1cac1c72e1205f0de8cd922fea8,core-float,spec012-confirm-01,1,float,2048,1024,1,1,callback,steady,full,all-publications-v1,spectrum-norms-v1,independent recursive binary64 FFT / direct DFT; matched float windows; direct bands and EMA,binary64 FFT / long-double direct DFT,2048,2048,2099200,2099200,1.7896422314979908e-07,2.2354712809377118e-07,9.1552734375e-05,unnormalized FFT magnitude,0,0
3aeff8d50243a034,099593f1c8e9437461d142bb8fd7aedacb2ad1cac1c72e1205f0de8cd922fea8,core-float,spec012-confirm-01,2,float,2048,1024,1,1,callback,steady,full,all-publications-v1,spectrum-norms-v1,independent recursive binary64 FFT / direct DFT; matched float windows; direct bands and EMA,binary64 FFT / long-double direct DFT,2048,2048,2099200,2099200,1.7896422314979908e-07,2.2354712809377118e-07,9.1552734375e-05,unnormalized FFT magnitude,0,0
3aeff8d50243a034,099593f1c8e9437461d142bb8fd7aedacb2ad1cac1c72e1205f0de8cd922fea8,core-float,spec012-confirm-02,0,float,2048,1024,1,1,callback,steady,full,all-publications-v1,spectrum-norms-v1,independent recursive binary64 FFT / direct DFT; matched float windows; direct bands and EMA,binary64 FFT / long-double direct DFT,2048,2048,2099200,2099200,1.7896422314979908e-07,2.2354712809377118e-07,9.1552734375e-05,unnormalized FFT magnitude,0,0
3aeff8d50243a034,099593f1c8e9437461d142bb8fd7aedacb2ad1cac1c72e1205f0de8cd922fea8,core-float,spec012-confirm-02,1,float,2048,1024,1,1,callback,steady,full,all-publications-v1,spectrum-norms-v1,independent recursive binary64 FFT / direct DFT; matched float windows; direct bands and EMA,binary64 FFT / long-double direct DFT,2048,2048,2099200,2099200,1.7896422314979908e-07,2.2354712809377118e-07,9.1552734375e-05,unnormalized FFT magnitude,0,0
3aeff8d50243a034,099593f1c8e9437461d142bb8fd7aedacb2ad1cac1c72e1205f0de8cd922fea8,core-float,spec012-confirm-02,2,float,2048,1024,1,1,callback,steady,full,all-publications-v1,spectrum-norms-v1,independent recursive binary64 FFT / direct DFT; matched float windows; direct bands and EMA,binary64 FFT / long-double direct DFT,2048,2048,2099200,2099200,1.7896422314979908e-07,2.2354712809377118e-07,9.1552734375e-05,unnormalized FFT magnitude,0,0
3aeff8d50243a034,099593f1c8e9437461d142bb8fd7aedacb2ad1cac1c72e1205f0de8cd922fea8,core-float,spec012-confirm-03,0,float,2048,1024,1,1,callback,steady,full,all-publications-v1,spectrum-norms-v1,independent recursive binary64 FFT / direct DFT; matched float windows; direct bands and EMA,binary64 FFT / long-double direct DFT,2048,2048,2099200,2099200,1.7896422314979908e-07,2.2354712809377118e-07,9.1552734375e-05,unnormalized FFT magnitude,0,0
3aeff8d50243a034,099593f1c8e9437461d142bb8fd7aedacb2ad1cac1c72e1205f0de8cd922fea8,core-float,spec012-confirm-03,1,float,2048,1024,1,1,callback,steady,full,all-publications-v1,spectrum-norms-v1,independent recursive binary64 FFT / direct DFT; matched float windows; direct bands and EMA,binary64 FFT / long-double direct DFT,2048,2048,2099200,2099200,1.7896422314979908e-07,2.2354712809377118e-07,9.1552734375e-05,unnormalized FFT magnitude,0,0
3aeff8d50243a034,099593f1c8e9437461d142bb8fd7aedacb2ad1cac1c72e1205f0de8cd922fea8,core-float,spec012-confirm-03,2,float,2048,1024,1,1,callback,steady,full,all-publications-v1,spectrum-norms-v1,independent recursive binary64 FFT / direct DFT; matched float windows; direct bands and EMA,binary64 FFT / long-double direct DFT,2048,2048,2099200,2099200,1.7896422314979908e-07,2.2354712809377118e-07,9.1552734375e-05,unnormalized FFT magnitude,0,0
3aeff8d50243a034,09f52cfbcab40a0cd767db9b8ea46b18d17604390759f7b51c4095fada1c6920,pffft-analysis-float,spec012-confirm-01,0,float,16384,1024,1,1,callback,steady,existing all-output numerical replay,archived-vector-counts,spectrum-norms-v1,direct DFT or binary64 FFT of matched frame bytes; direct band sums and EMA,see archived reference; precision not separately recorded,2048,2048,16779264,16779264,2.2623933788848086e-07,1.4903825983523968e-07,0.00048828125,unnormalized FFT magnitude,0,0
3aeff8d50243a034,09f52cfbcab40a0cd767db9b8ea46b18d17604390759f7b51c4095fada1c6920,pffft-analysis-float,spec012-confirm-01,1,float,16384,1024,1,1,callback,steady,existing all-output numerical replay,archived-vector-counts,spectrum-norms-v1,direct DFT or binary64 FFT of matched frame bytes; direct band sums and EMA,see archived reference; precision not separately recorded,2048,2048,16779264,16779264,2.2623933788848086e-07,1.4903825983523968e-07,0.00048828125,unnormalized FFT magnitude,0,0
3aeff8d50243a034,09f52cfbcab40a0cd767db9b8ea46b18d17604390759f7b51c4095fada1c6920,pffft-analysis-float,spec012-confirm-01,2,float,16384,1024,1,1,callback,steady,existing all-output numerical replay,archived-vector-counts,spectrum-norms-v1,direct DFT or binary64 FFT of matched frame bytes; direct band sums and EMA,see archived reference; precision not separately recorded,2048,2048,16779264,16779264,2.2623933788848086e-07,1.4903825983523968e-07,0.00048828125,unnormalized FFT magnitude,0,0
3aeff8d50243a034,09f52cfbcab40a0cd767db9b8ea46b18d17604390759f7b51c4095fada1c6920,pffft-analysis-float,spec012-confirm-02,0,float,16384,1024,1,1,callback,steady,existing all-output numerical replay,archived-vector-counts,spectrum-norms-v1,direct DFT or binary64 FFT of matched frame bytes; direct band sums and EMA,see archived reference; precision not separately recorded,2048,2048,16779264,16779264,2.2623933788848086e-07,1.4903825983523968e-07,0.00048828125,unnormalized FFT magnitude,0,0
3aeff8d50243a034,09f52cfbcab40a0cd767db9b8ea46b18d17604390759f7b51c4095fada1c6920,pffft-analysis-float,spec012-confirm-02,1,float,16384,1024,1,1,callback,steady,existing all-output numerical replay,archived-vector-counts,spectrum-norms-v1,direct DFT or binary64 FFT of matched frame bytes; direct band sums and EMA,see archived reference; precision not separately recorded,2048,2048,16779264,16779264,2.2623933788848086e-07,1.4903825983523968e-07,0.00048828125,unnormalized FFT magnitude,0,0
3aeff8d50243a034,09f52cfbcab40a0cd767db9b8ea46b18d17604390759f7b51c4095fada1c6920,pffft-analysis-float,spec012-confirm-02,2,float,16384,1024,1,1,callback,steady,existing all-output numerical replay,archived-vector-counts,spectrum-norms-v1,direct DFT or binary64 FFT of matched frame bytes; direct band sums and EMA,see archived reference; precision not separately recorded,2048,2048,16779264,16779264,2.2623933788848086e-07,1.4903825983523968e-07,0.00048828125,unnormalized FFT magnitude,0,0
3aeff8d50243a034,09f52cfbcab40a0cd767db9b8ea46b18d17604390759f7b51c4095fada1c6920,pffft-analysis-float,spec012-confirm-03,0,float,16384,1024,1,1,callback,steady,existing all-output numerical replay,archived-vector-counts,spectrum-norms-v1,direct DFT or binary64 FFT of matched frame bytes; direct band sums and EMA,see archived reference; precision not separately recorded,2048,2048,16779264,16779264,2.2623933788848086e-07,1.4903825983523968e-07,0.00048828125,unnormalized FFT magnitude,0,0
3aeff8d50243a034,09f52cfbcab40a0cd767db9b8ea46b18d17604390759f7b51c4095fada1c6920,pffft-analysis-float,spec012-confirm-03,1,float,16384,1024,1,1,callback,steady,existing all-output numerical replay,archived-vector-counts,spectrum-norms-v1,direct DFT or binary64 FFT of matched frame bytes; direct band sums and EMA,see archived reference; precision not separately recorded,2048,2048,16779264,16779264,2.2623933788848086e-07,1.4903825983523968e-07,0.00048828125,unnormalized FFT magnitude,0,0
3aeff8d50243a034,09f52cfbcab40a0cd767db9b8ea46b18d17604390759f7b51c4095fada1c6920,pffft-analysis-float,spec012-confirm-03,2,float,16384,1024,1,1,callback,steady,existing all-output numerical replay,archived-vector-counts,spectrum-norms-v1,direct DFT or binary64 FFT of matched frame bytes; direct band sums and EMA,see archived reference; precision not separately recorded,2048,2048,16779264,16779264,2.2623933788848086e-07,1.4903825983523968e-07,0.00048828125,unnormalized FFT magnitude,0,0
3aeff8d50243a034,0a478d3733c70706b055a6983e9285612f17930fccbb4ab3b074a259706e58a5,vdsp-analysis-float,spec012-confirm-01,0,float,16384,1024,1,1,callback,steady,existing all-output numerical replay,archived-vector-counts,spectrum-norms-v1,direct DFT or binary64 FFT of matched frame bytes; direct band sums and EMA,see archived reference; precision not separately recorded,2048,2048,16779264,16779264,2.29211784893951e-07,1.4903825983523968e-07,0.00048828125,unnormalized FFT magnitude,0,0
3aeff8d50243a034,0a478d3733c70706b055a6983e9285612f17930fccbb4ab3b074a259706e58a5,vdsp-analysis-float,spec012-confirm-01,1,float,16384,1024,1,1,callback,steady,existing all-output numerical replay,archived-vector-counts,spectrum-norms-v1,direct DFT or binary64 FFT of matched frame bytes; direct band sums and EMA,see archived reference; precision not separately recorded,2048,2048,16779264,16779264,2.29211784893951e-07,1.4903825983523968e-07,0.00048828125,unnormalized FFT magnitude,0,0
3aeff8d50243a034,0a478d3733c70706b055a6983e9285612f17930fccbb4ab3b074a259706e58a5,vdsp-analysis-float,spec012-confirm-01,2,float,16384,1024,1,1,callback,steady,existing all-output numerical replay,archived-vector-counts,spectrum-norms-v1,direct DFT or binary64 FFT of matched frame bytes; direct band sums and EMA,see archived reference; precision not separately recorded,2048,2048,16779264,16779264,2.29211784893951e-07,1.4903825983523968e-07,0.00048828125,unnormalized FFT magnitude,0,0
3aeff8d50243a034,0a478d3733c70706b055a6983e9285612f17930fccbb4ab3b074a259706e58a5,vdsp-analysis-float,spec012-confirm-02,0,float,16384,1024,1,1,callback,steady,existing all-output numerical replay,archived-vector-counts,spectrum-norms-v1,direct DFT or binary64 FFT of matched frame bytes; direct band sums and EMA,see archived reference; precision not separately recorded,2048,2048,16779264,16779264,2.29211784893951e-07,1.4903825983523968e-07,0.00048828125,unnormalized FFT magnitude,0,0
3aeff8d50243a034,0a478d3733c70706b055a6983e9285612f17930fccbb4ab3b074a259706e58a5,vdsp-analysis-float,spec012-confirm-02,1,float,16384,1024,1,1,callback,steady,existing all-output numerical replay,archived-vector-counts,spectrum-norms-v1,direct DFT or binary64 FFT of matched frame bytes; direct band sums and EMA,see archived reference; precision not separately recorded,2048,2048,16779264,16779264,2.29211784893951e-07,1.4903825983523968e-07,0.00048828125,unnormalized FFT magnitude,0,0
3aeff8d50243a034,0a478d3733c70706b055a6983e9285612f17930fccbb4ab3b074a259706e58a5,vdsp-analysis-float,spec012-confirm-02,2,float,16384,1024,1,1,callback,steady,existing all-output numerical replay,archived-vector-counts,spectrum-norms-v1,direct DFT or binary64 FFT of matched frame bytes; direct band sums and EMA,see archived reference; precision not separately recorded,2048,2048,16779264,16779264,2.29211784893951e-07,1.4903825983523968e-07,0.00048828125,unnormalized FFT magnitude,0,0
3aeff8d50243a034,0a478d3733c70706b055a6983e9285612f17930fccbb4ab3b074a259706e58a5,vdsp-analysis-float,spec012-confirm-03,0,float,16384,1024,1,1,callback,steady,existing all-output numerical replay,archived-vector-counts,spectrum-norms-v1,direct DFT or binary64 FFT of matched frame bytes; direct band sums and EMA,see archived reference; precision not separately recorded,2048,2048,16779264,16779264,2.29211784893951e-07,1.4903825983523968e-07,0.00048828125,unnormalized FFT magnitude,0,0
3aeff8d50243a034,0a478d3733c70706b055a6983e9285612f17930fccbb4ab3b074a259706e58a5,vdsp-analysis-float,spec012-confirm-03,1,float,16384,1024,1,1,callback,steady,existing all-output numerical replay,archived-vector-counts,spectrum-norms-v1,direct DFT or binary64 FFT of matched frame bytes; direct band sums and EMA,see archived reference; precision not separately recorded,2048,2048,16779264,16779264,2.29211784893951e-07,1.4903825983523968e-07,0.00048828125,unnormalized FFT magnitude,0,0
3aeff8d50243a034,0a478d3733c70706b055a6983e9285612f17930fccbb4ab3b074a259706e58a5,vdsp-analysis-float,spec012-confirm-03,2,float,16384,1024,1,1,callback,steady,existing all-output numerical replay,archived-vector-counts,spectrum-norms-v1,direct DFT or binary64 FFT of matched frame bytes; direct band sums and EMA,see archived reference; precision not separately recorded,2048,2048,16779264,16779264,2.29211784893951e-07,1.4903825983523968e-07,0.00048828125,unnormalized FFT magnitude,0,0
3aeff8d50243a034,0ba25189c34a6d554f0e8eea1ddb62f27112d85e3746ada255d843105171700f,vdsp-analysis-float,spec012-confirm-01,0,float,2048,1024,1,1,callback,steady,existing all-output numerical replay,archived-vector-counts,spectrum-norms-v1,direct DFT or binary64 FFT of matched frame bytes; direct band sums and EMA,see archived reference; precision not separately recorded,2048,2048,2099200,2099200,1.6910148402627375e-07,2.2341206523453576e-07,9.1552734375e-05,unnormalized FFT magnitude,0,0
3aeff8d50243a034,0ba25189c34a6d554f0e8eea1ddb62f27112d85e3746ada255d843105171700f,vdsp-analysis-float,spec012-confirm-01,1,float,2048,1024,1,1,callback,steady,existing all-output numerical replay,archived-vector-counts,spectrum-norms-v1,direct DFT or binary64 FFT of matched frame bytes; direct band sums and EMA,see archived reference; precision not separately recorded,2048,2048,2099200,2099200,1.6910148402627375e-07,2.2341206523453576e-07,9.1552734375e-05,unnormalized FFT magnitude,0,0
3aeff8d50243a034,0ba25189c34a6d554f0e8eea1ddb62f27112d85e3746ada255d843105171700f,vdsp-analysis-float,spec012-confirm-01,2,float,2048,1024,1,1,callback,steady,existing all-output numerical replay,archived-vector-counts,spectrum-norms-v1,direct DFT or binary64 FFT of matched frame bytes; direct band sums and EMA,see archived reference; precision not separately recorded,2048,2048,2099200,2099200,1.6910148402627375e-07,2.2341206523453576e-07,9.1552734375e-05,unnormalized FFT magnitude,0,0
3aeff8d50243a034,0ba25189c34a6d554f0e8eea1ddb62f27112d85e3746ada255d843105171700f,vdsp-analysis-float,spec012-confirm-02,0,float,2048,1024,1,1,callback,steady,existing all-output numerical replay,archived-vector-counts,spectrum-norms-v1,direct DFT or binary64 FFT of matched frame bytes; direct band sums and EMA,see archived reference; precision not separately recorded,2048,2048,2099200,2099200,1.6910148402627375e-07,2.2341206523453576e-07,9.1552734375e-05,unnormalized FFT magnitude,0,0
3aeff8d50243a034,0ba25189c34a6d554f0e8eea1ddb62f27112d85e3746ada255d843105171700f,vdsp-analysis-float,spec012-confirm-02,1,float,2048,1024,1,1,callback,steady,existing all-output numerical replay,archived-vector-counts,spectrum-norms-v1,direct DFT or binary64 FFT of matched frame bytes; direct band sums and EMA,see archived reference; precision not separately recorded,2048,2048,2099200,2099200,1.6910148402627375e-07,2.2341206523453576e-07,9.1552734375e-05,unnormalized FFT magnitude,0,0
3aeff8d50243a034,0ba25189c34a6d554f0e8eea1ddb62f27112d85e3746ada255d843105171700f,vdsp-analysis-float,spec012-confirm-02,2,float,2048,1024,1,1,callback,steady,existing all-output numerical replay,archived-vector-counts,spectrum-norms-v1,direct DFT or binary64 FFT of matched frame bytes; direct band sums and EMA,see archived reference; precision not separately recorded,2048,2048,2099200,2099200,1.6910148402627375e-07,2.2341206523453576e-07,9.1552734375e-05,unnormalized FFT magnitude,0,0
3aeff8d50243a034,0ba25189c34a6d554f0e8eea1ddb62f27112d85e3746ada255d843105171700f,vdsp-analysis-float,spec012-confirm-03,0,float,2048,1024,1,1,callback,steady,existing all-output numerical replay,archived-vector-counts,spectrum-norms-v1,direct DFT or binary64 FFT of matched frame bytes; direct band sums and EMA,see archived reference; precision not separately recorded,2048,2048,2099200,2099200,1.6910148402627375e-07,2.2341206523453576e-07,9.1552734375e-05,unnormalized FFT magnitude,0,0
3aeff8d50243a034,0ba25189c34a6d554f0e8eea1ddb62f27112d85e3746ada255d843105171700f,vdsp-analysis-float,spec012-confirm-03,1,float,2048,1024,1,1,callback,steady,existing all-output numerical replay,archived-vector-counts,spectrum-norms-v1,direct DFT or binary64 FFT of matched frame bytes; direct band sums and EMA,see archived reference; precision not separately recorded,2048,2048,2099200,2099200,1.6910148402627375e-07,2.2341206523453576e-07,9.1552734375e-05,unnormalized FFT magnitude,0,0
3aeff8d50243a034,0ba25189c34a6d554f0e8eea1ddb62f27112d85e3746ada255d843105171700f,vdsp-analysis-float,spec012-confirm-03,2,float,2048,1024,1,1,callback,steady,existing all-output numerical replay,archived-vector-counts,spectrum-norms-v1,direct DFT or binary64 FFT of matched frame bytes; direct band sums and EMA,see archived reference; precision not separately recorded,2048,2048,2099200,2099200,1.6910148402627375e-07,2.2341206523453576e-07,9.1552734375e-05,unnormalized FFT magnitude,0,0
3aeff8d50243a034,0d4eef3f017b22603ed51fb939082dd0a881ad155190c7dcd82f80ef28440faa,legacy-batch-float,spec012-confirm-01,0,float,4096,1024,1,1,callback,steady,full,all-publications-v1,spectrum-norms-v1,independent recursive binary64 FFT / direct DFT; matched float windows; direct bands and EMA,binary64 FFT / long-double direct DFT,2048,2048,4196352,4196352,1.9008444915668287e-07,1.1167982614875916e-07,9.1552734375e-05,unnormalized FFT magnitude,0,0
3aeff8d50243a034,0d4eef3f017b22603ed51fb939082dd0a881ad155190c7dcd82f80ef28440faa,legacy-batch-float,spec012-confirm-01,1,float,4096,1024,1,1,callback,steady,full,all-publications-v1,spectrum-norms-v1,independent recursive binary64 FFT / direct DFT; matched float windows; direct bands and EMA,binary64 FFT / long-double direct DFT,2048,2048,4196352,4196352,1.9008444915668287e-07,1.1167982614875916e-07,9.1552734375e-05,unnormalized FFT magnitude,0,0
3aeff8d50243a034,0d4eef3f017b22603ed51fb939082dd0a881ad155190c7dcd82f80ef28440faa,legacy-batch-float,spec012-confirm-01,2,float,4096,1024,1,1,callback,steady,full,all-publications-v1,spectrum-norms-v1,independent recursive binary64 FFT / direct DFT; matched float windows; direct bands and EMA,binary64 FFT / long-double direct DFT,2048,2048,4196352,4196352,1.9008444915668287e-07,1.1167982614875916e-07,9.1552734375e-05,unnormalized FFT magnitude,0,0
3aeff8d50243a034,0d4eef3f017b22603ed51fb939082dd0a881ad155190c7dcd82f80ef28440faa,legacy-batch-float,spec012-confirm-02,0,float,4096,1024,1,1,callback,steady,full,all-publications-v1,spectrum-norms-v1,independent recursive binary64 FFT / direct DFT; matched float windows; direct bands and EMA,binary64 FFT / long-double direct DFT,2048,2048,4196352,4196352,1.9008444915668287e-07,1.1167982614875916e-07,9.1552734375e-05,unnormalized FFT magnitude,0,0
3aeff8d50243a034,0d4eef3f017b22603ed51fb939082dd0a881ad155190c7dcd82f80ef28440faa,legacy-batch-float,spec012-confirm-02,1,float,4096,1024,1,1,callback,steady,full,all-publications-v1,spectrum-norms-v1,independent recursive binary64 FFT / direct DFT; matched float windows; direct bands and EMA,binary64 FFT / long-double direct DFT,2048,2048,4196352,4196352,1.9008444915668287e-07,1.1167982614875916e-07,9.1552734375e-05,unnormalized FFT magnitude,0,0
3aeff8d50243a034,0d4eef3f017b22603ed51fb939082dd0a881ad155190c7dcd82f80ef28440faa,legacy-batch-float,spec012-confirm-02,2,float,4096,1024,1,1,callback,steady,full,all-publications-v1,spectrum-norms-v1,independent recursive binary64 FFT / direct DFT; matched float windows; direct bands and EMA,binary64 FFT / long-double direct DFT,2048,2048,4196352,4196352,1.9008444915668287e-07,1.1167982614875916e-07,9.1552734375e-05,unnormalized FFT magnitude,0,0
3aeff8d50243a034,0d4eef3f017b22603ed51fb939082dd0a881ad155190c7dcd82f80ef28440faa,legacy-batch-float,spec012-confirm-03,0,float,4096,1024,1,1,callback,steady,full,all-publications-v1,spectrum-norms-v1,independent recursive binary64 FFT / direct DFT; matched float windows; direct bands and EMA,binary64 FFT / long-double direct DFT,2048,2048,4196352,4196352,1.9008444915668287e-07,1.1167982614875916e-07,9.1552734375e-05,unnormalized FFT magnitude,0,0
3aeff8d50243a034,0d4eef3f017b22603ed51fb939082dd0a881ad155190c7dcd82f80ef28440faa,legacy-batch-float,spec012-confirm-03,1,float,4096,1024,1,1,callback,steady,full,all-publications-v1,spectrum-norms-v1,independent recursive binary64 FFT / direct DFT; matched float windows; direct bands and EMA,binary64 FFT / long-double direct DFT,2048,2048,4196352,4196352,1.9008444915668287e-07,1.1167982614875916e-07,9.1552734375e-05,unnormalized FFT magnitude,0,0
3aeff8d50243a034,0d4eef3f017b22603ed51fb939082dd0a881ad155190c7dcd82f80ef28440faa,legacy-batch-float,spec012-confirm-03,2,float,4096,1024,1,1,callback,steady,full,all-publications-v1,spectrum-norms-v1,independent recursive binary64 FFT / direct DFT; matched float windows; direct bands and EMA,binary64 FFT / long-double direct DFT,2048,2048,4196352,4196352,1.9008444915668287e-07,1.1167982614875916e-07,9.1552734375e-05,unnormalized FFT magnitude,0,0
3aeff8d50243a034,0f927b15f9d8bef04768c6ccc2fbd3c908aaeb56aece3e0a1224e85cbe1091c6,core-float,spec012-confirm-01,0,float,4096,1024,1,1,throughput,steady,full,all-publications-v1,spectrum-norms-v1,independent recursive binary64 FFT / direct DFT; matched float windows; direct bands and EMA,binary64 FFT / long-double direct DFT,2048,2048,4196352,4196352,1.9008444915668287e-07,1.1167982614875916e-07,9.1552734375e-05,unnormalized FFT magnitude,0,0
3aeff8d50243a034,0f927b15f9d8bef04768c6ccc2fbd3c908aaeb56aece3e0a1224e85cbe1091c6,core-float,spec012-confirm-01,1,float,4096,1024,1,1,throughput,steady,full,all-publications-v1,spectrum-norms-v1,independent recursive binary64 FFT / direct DFT; matched float windows; direct bands and EMA,binary64 FFT / long-double direct DFT,2048,2048,4196352,4196352,1.9008444915668287e-07,1.1167982614875916e-07,9.1552734375e-05,unnormalized FFT magnitude,0,0
3aeff8d50243a034,0f927b15f9d8bef04768c6ccc2fbd3c908aaeb56aece3e0a1224e85cbe1091c6,core-float,spec012-confirm-01,2,float,4096,1024,1,1,throughput,steady,full,all-publications-v1,spectrum-norms-v1,independent recursive binary64 FFT / direct DFT; matched float windows; direct bands and EMA,binary64 FFT / long-double direct DFT,2048,2048,4196352,4196352,1.9008444915668287e-07,1.1167982614875916e-07,9.1552734375e-05,unnormalized FFT magnitude,0,0
3aeff8d50243a034,0f927b15f9d8bef04768c6ccc2fbd3c908aaeb56aece3e0a1224e85cbe1091c6,core-float,spec012-confirm-02,0,float,4096,1024,1,1,throughput,steady,full,all-publications-v1,spectrum-norms-v1,independent recursive binary64 FFT / direct DFT; matched float windows; direct bands and EMA,binary64 FFT / long-double direct DFT,2048,2048,4196352,4196352,1.9008444915668287e-07,1.1167982614875916e-07,9.1552734375e-05,unnormalized FFT magnitude,0,0
3aeff8d50243a034,0f927b15f9d8bef04768c6ccc2fbd3c908aaeb56aece3e0a1224e85cbe1091c6,core-float,spec012-confirm-02,1,float,4096,1024,1,1,throughput,steady,full,all-publications-v1,spectrum-norms-v1,independent recursive binary64 FFT / direct DFT; matched float windows; direct bands and EMA,binary64 FFT / long-double direct DFT,2048,2048,4196352,4196352,1.9008444915668287e-07,1.1167982614875916e-07,9.1552734375e-05,unnormalized FFT magnitude,0,0
3aeff8d50243a034,0f927b15f9d8bef04768c6ccc2fbd3c908aaeb56aece3e0a1224e85cbe1091c6,core-float,spec012-confirm-02,2,float,4096,1024,1,1,throughput,steady,full,all-publications-v1,spectrum-norms-v1,independent recursive binary64 FFT / direct DFT; matched float windows; direct bands and EMA,binary64 FFT / long-double direct DFT,2048,2048,4196352,4196352,1.9008444915668287e-07,1.1167982614875916e-07,9.1552734375e-05,unnormalized FFT magnitude,0,0
3aeff8d50243a034,0f927b15f9d8bef04768c6ccc2fbd3c908aaeb56aece3e0a1224e85cbe1091c6,core-float,spec012-confirm-03,0,float,4096,1024,1,1,throughput,steady,full,all-publications-v1,spectrum-norms-v1,independent recursive binary64 FFT / direct DFT; matched float windows; direct bands and EMA,binary64 FFT / long-double direct DFT,2048,2048,4196352,4196352,1.9008444915668287e-07,1.1167982614875916e-07,9.1552734375e-05,unnormalized FFT magnitude,0,0
3aeff8d50243a034,0f927b15f9d8bef04768c6ccc2fbd3c908aaeb56aece3e0a1224e85cbe1091c6,core-float,spec012-confirm-03,1,float,4096,1024,1,1,throughput,steady,full,all-publications-v1,spectrum-norms-v1,independent recursive binary64 FFT / direct DFT; matched float windows; direct bands and EMA,binary64 FFT / long-double direct DFT,2048,2048,4196352,4196352,1.9008444915668287e-07,1.1167982614875916e-07,9.1552734375e-05,unnormalized FFT magnitude,0,0
3aeff8d50243a034,0f927b15f9d8bef04768c6ccc2fbd3c908aaeb56aece3e0a1224e85cbe1091c6,core-float,spec012-confirm-03,2,float,4096,1024,1,1,throughput,steady,full,all-publications-v1,spectrum-norms-v1,independent recursive binary64 FFT / direct DFT; matched float windows; direct bands and EMA,binary64 FFT / long-double direct DFT,2048,2048,4196352,4196352,1.9008444915668287e-07,1.1167982614875916e-07,9.1552734375e-05,unnormalized FFT magnitude,0,0
3aeff8d50243a034,105f1cc0b95a7a95c09739b132ca2513734f94534be160781bba3cbee9d87753,pffft-analysis-float,spec012-confirm-01,0,float,4096,1024,1,1,callback,steady,existing all-output numerical replay,archived-vector-counts,spectrum-norms-v1,direct DFT or binary64 FFT of matched frame bytes; direct band sums and EMA,see archived reference; precision not separately recorded,2048,2048,4196352,4196352,1.651287305471812e-07,2.3812060927920297e-07,0.000244140625,unnormalized FFT magnitude,0,0
3aeff8d50243a034,105f1cc0b95a7a95c09739b132ca2513734f94534be160781bba3cbee9d87753,pffft-analysis-float,spec012-confirm-01,1,float,4096,1024,1,1,callback,steady,existing all-output numerical replay,archived-vector-counts,spectrum-norms-v1,direct DFT or binary64 FFT of matched frame bytes; direct band sums and EMA,see archived reference; precision not separately recorded,2048,2048,4196352,4196352,1.651287305471812e-07,2.3812060927920297e-07,0.000244140625,unnormalized FFT magnitude,0,0
3aeff8d50243a034,105f1cc0b95a7a95c09739b132ca2513734f94534be160781bba3cbee9d87753,pffft-analysis-float,spec012-confirm-01,2,float,4096,1024,1,1,callback,steady,existing all-output numerical replay,archived-vector-counts,spectrum-norms-v1,direct DFT or binary64 FFT of matched frame bytes; direct band sums and EMA,see archived reference; precision not separately recorded,2048,2048,4196352,4196352,1.651287305471812e-07,2.3812060927920297e-07,0.000244140625,unnormalized FFT magnitude,0,0
3aeff8d50243a034,105f1cc0b95a7a95c09739b132ca2513734f94534be160781bba3cbee9d87753,pffft-analysis-float,spec012-confirm-02,0,float,4096,1024,1,1,callback,steady,existing all-output numerical replay,archived-vector-counts,spectrum-norms-v1,direct DFT or binary64 FFT of matched frame bytes; direct band sums and EMA,see archived reference; precision not separately recorded,2048,2048,4196352,4196352,1.651287305471812e-07,2.3812060927920297e-07,0.000244140625,unnormalized FFT magnitude,0,0
3aeff8d50243a034,105f1cc0b95a7a95c09739b132ca2513734f94534be160781bba3cbee9d87753,pffft-analysis-float,spec012-confirm-02,1,float,4096,1024,1,1,callback,steady,existing all-output numerical replay,archived-vector-counts,spectrum-norms-v1,direct DFT or binary64 FFT of matched frame bytes; direct band sums and EMA,see archived reference; precision not separately recorded,2048,2048,4196352,4196352,1.651287305471812e-07,2.3812060927920297e-07,0.000244140625,unnormalized FFT magnitude,0,0
3aeff8d50243a034,105f1cc0b95a7a95c09739b132ca2513734f94534be160781bba3cbee9d87753,pffft-analysis-float,spec012-confirm-02,2,float,4096,1024,1,1,callback,steady,existing all-output numerical replay,archived-vector-counts,spectrum-norms-v1,direct DFT or binary64 FFT of matched frame bytes; direct band sums and EMA,see archived reference; precision not separately recorded,2048,2048,4196352,4196352,1.651287305471812e-07,2.3812060927920297e-07,0.000244140625,unnormalized FFT magnitude,0,0
3aeff8d50243a034,105f1cc0b95a7a95c09739b132ca2513734f94534be160781bba3cbee9d87753,pffft-analysis-float,spec012-confirm-03,0,float,4096,1024,1,1,callback,steady,existing all-output numerical replay,archived-vector-counts,spectrum-norms-v1,direct DFT or binary64 FFT of matched frame bytes; direct band sums and EMA,see archived reference; precision not separately recorded,2048,2048,4196352,4196352,1.651287305471812e-07,2.3812060927920297e-07,0.000244140625,unnormalized FFT magnitude,0,0
3aeff8d50243a034,105f1cc0b95a7a95c09739b132ca2513734f94534be160781bba3cbee9d87753,pffft-analysis-float,spec012-confirm-03,1,float,4096,1024,1,1,callback,steady,existing all-output numerical replay,archived-vector-counts,spectrum-norms-v1,direct DFT or binary64 FFT of matched frame bytes; direct band sums and EMA,see archived reference; precision not separately recorded,2048,2048,4196352,4196352,1.651287305471812e-07,2.3812060927920297e-07,0.000244140625,unnormalized FFT magnitude,0,0
3aeff8d50243a034,105f1cc0b95a7a95c09739b132ca2513734f94534be160781bba3cbee9d87753,pffft-analysis-float,spec012-confirm-03,2,float,4096,1024,1,1,callback,steady,existing all-output numerical replay,archived-vector-counts,spectrum-norms-v1,direct DFT or binary64 FFT of matched frame bytes; direct band sums and EMA,see archived reference; precision not separately recorded,2048,2048,4196352,4196352,1.651287305471812e-07,2.3812060927920297e-07,0.000244140625,unnormalized FFT magnitude,0,0
3aeff8d50243a034,116cabf97821aeba9f4d4b64df73d4be520eb4df7fc4817bc166c94a11646022,fftw-analysis-float,spec012-confirm-01,0,float,4096,1024,1,1,throughput,steady,existing all-output numerical replay,archived-vector-counts,spectrum-norms-v1,direct DFT or binary64 FFT of matched frame bytes; direct band sums and EMA,see archived reference; precision not separately recorded,2048,2048,4196352,4196352,1.727469162690182e-07,2.3812060927920297e-07,0.000244140625,unnormalized FFT magnitude,0,0
3aeff8d50243a034,116cabf97821aeba9f4d4b64df73d4be520eb4df7fc4817bc166c94a11646022,fftw-analysis-float,spec012-confirm-01,1,float,4096,1024,1,1,throughput,steady,existing all-output numerical replay,archived-vector-counts,spectrum-norms-v1,direct DFT or binary64 FFT of matched frame bytes; direct band sums and EMA,see archived reference; precision not separately recorded,2048,2048,4196352,4196352,1.727469162690182e-07,2.3812060927920297e-07,0.000244140625,unnormalized FFT magnitude,0,0
3aeff8d50243a034,116cabf97821aeba9f4d4b64df73d4be520eb4df7fc4817bc166c94a11646022,fftw-analysis-float,spec012-confirm-01,2,float,4096,1024,1,1,throughput,steady,existing all-output numerical replay,archived-vector-counts,spectrum-norms-v1,direct DFT or binary64 FFT of matched frame bytes; direct band sums and EMA,see archived reference; precision not separately recorded,2048,2048,4196352,4196352,1.727469162690182e-07,2.3812060927920297e-07,0.000244140625,unnormalized FFT magnitude,0,0
3aeff8d50243a034,116cabf97821aeba9f4d4b64df73d4be520eb4df7fc4817bc166c94a11646022,fftw-analysis-float,spec012-confirm-02,0,float,4096,1024,1,1,throughput,steady,existing all-output numerical replay,archived-vector-counts,spectrum-norms-v1,direct DFT or binary64 FFT of matched frame bytes; direct band sums and EMA,see archived reference; precision not separately recorded,2048,2048,4196352,4196352,1.727469162690182e-07,2.3812060927920297e-07,0.000244140625,unnormalized FFT magnitude,0,0
3aeff8d50243a034,116cabf97821aeba9f4d4b64df73d4be520eb4df7fc4817bc166c94a11646022,fftw-analysis-float,spec012-confirm-02,1,float,4096,1024,1,1,throughput,steady,existing all-output numerical replay,archived-vector-counts,spectrum-norms-v1,direct DFT or binary64 FFT of matched frame bytes; direct band sums and EMA,see archived reference; precision not separately recorded,2048,2048,4196352,4196352,1.727469162690182e-07,2.3812060927920297e-07,0.000244140625,unnormalized FFT magnitude,0,0
3aeff8d50243a034,116cabf97821aeba9f4d4b64df73d4be520eb4df7fc4817bc166c94a11646022,fftw-analysis-float,spec012-confirm-02,2,float,4096,1024,1,1,throughput,steady,existing all-output numerical replay,archived-vector-counts,spectrum-norms-v1,direct DFT or binary64 FFT of matched frame bytes; direct band sums and EMA,see archived reference; precision not separately recorded,2048,2048,4196352,4196352,1.727469162690182e-07,2.3812060927920297e-07,0.000244140625,unnormalized FFT magnitude,0,0
3aeff8d50243a034,116cabf97821aeba9f4d4b64df73d4be520eb4df7fc4817bc166c94a11646022,fftw-analysis-float,spec012-confirm-03,0,float,4096,1024,1,1,throughput,steady,existing all-output numerical replay,archived-vector-counts,spectrum-norms-v1,direct DFT or binary64 FFT of matched frame bytes; direct band sums and EMA,see archived reference; precision not separately recorded,2048,2048,4196352,4196352,1.727469162690182e-07,2.3812060927920297e-07,0.000244140625,unnormalized FFT magnitude,0,0
3aeff8d50243a034,116cabf97821aeba9f4d4b64df73d4be520eb4df7fc4817bc166c94a11646022,fftw-analysis-float,spec012-confirm-03,1,float,4096,1024,1,1,throughput,steady,existing all-output numerical replay,archived-vector-counts,spectrum-norms-v1,direct DFT or binary64 FFT of matched frame bytes; direct band sums and EMA,see archived reference; precision not separately recorded,2048,2048,4196352,4196352,1.727469162690182e-07,2.3812060927920297e-07,0.000244140625,unnormalized FFT magnitude,0,0
3aeff8d50243a034,116cabf97821aeba9f4d4b64df73d4be520eb4df7fc4817bc166c94a11646022,fftw-analysis-float,spec012-confirm-03,2,float,4096,1024,1,1,throughput,steady,existing all-output numerical replay,archived-vector-counts,spectrum-norms-v1,direct DFT or binary64 FFT of matched frame bytes; direct band sums and EMA,see archived reference; precision not separately recorded,2048,2048,4196352,4196352,1.727469162690182e-07,2.3812060927920297e-07,0.000244140625,unnormalized FFT magnitude,0,0
3aeff8d50243a034,117d6ceb13a282a9c30f6343a8b3871aa4435aeaef1aaa1241dab82aefd906fe,legacy-incremental-float,spec012-confirm-01,0,float,4096,1024,1,1,callback,steady,full,all-publications-v1,spectrum-norms-v1,independent recursive binary64 FFT / direct DFT; matched float windows; direct bands and EMA,binary64 FFT / long-double direct DFT,2048,2048,4196352,4196352,2.261658101059299e-07,2.8183605963575486e-07,0.00028839707374572754,unnormalized FFT magnitude,0,0
3aeff8d50243a034,117d6ceb13a282a9c30f6343a8b3871aa4435aeaef1aaa1241dab82aefd906fe,legacy-incremental-float,spec012-confirm-01,1,float,4096,1024,1,1,callback,steady,full,all-publications-v1,spectrum-norms-v1,independent recursive binary64 FFT / direct DFT; matched float windows; direct bands and EMA,binary64 FFT / long-double direct DFT,2048,2048,4196352,4196352,2.261658101059299e-07,2.8183605963575486e-07,0.00028839707374572754,unnormalized FFT magnitude,0,0
3aeff8d50243a034,117d6ceb13a282a9c30f6343a8b3871aa4435aeaef1aaa1241dab82aefd906fe,legacy-incremental-float,spec012-confirm-01,2,float,4096,1024,1,1,callback,steady,full,all-publications-v1,spectrum-norms-v1,independent recursive binary64 FFT / direct DFT; matched float windows; direct bands and EMA,binary64 FFT / long-double direct DFT,2048,2048,4196352,4196352,2.261658101059299e-07,2.8183605963575486e-07,0.00028839707374572754,unnormalized FFT magnitude,0,0
3aeff8d50243a034,117d6ceb13a282a9c30f6343a8b3871aa4435aeaef1aaa1241dab82aefd906fe,legacy-incremental-float,spec012-confirm-02,0,float,4096,1024,1,1,callback,steady,full,all-publications-v1,spectrum-norms-v1,independent recursive binary64 FFT / direct DFT; matched float windows; direct bands and EMA,binary64 FFT / long-double direct DFT,2048,2048,4196352,4196352,2.261658101059299e-07,2.8183605963575486e-07,0.00028839707374572754,unnormalized FFT magnitude,0,0
3aeff8d50243a034,117d6ceb13a282a9c30f6343a8b3871aa4435aeaef1aaa1241dab82aefd906fe,legacy-incremental-float,spec012-confirm-02,1,float,4096,1024,1,1,callback,steady,full,all-publications-v1,spectrum-norms-v1,independent recursive binary64 FFT / direct DFT; matched float windows; direct bands and EMA,binary64 FFT / long-double direct DFT,2048,2048,4196352,4196352,2.261658101059299e-07,2.8183605963575486e-07,0.00028839707374572754,unnormalized FFT magnitude,0,0
3aeff8d50243a034,117d6ceb13a282a9c30f6343a8b3871aa4435aeaef1aaa1241dab82aefd906fe,legacy-incremental-float,spec012-confirm-02,2,float,4096,1024,1,1,callback,steady,full,all-publications-v1,spectrum-norms-v1,independent recursive binary64 FFT / direct DFT; matched float windows; direct bands and EMA,binary64 FFT / long-double direct DFT,2048,2048,4196352,4196352,2.261658101059299e-07,2.8183605963575486e-07,0.00028839707374572754,unnormalized FFT magnitude,0,0
3aeff8d50243a034,117d6ceb13a282a9c30f6343a8b3871aa4435aeaef1aaa1241dab82aefd906fe,legacy-incremental-float,spec012-confirm-03,0,float,4096,1024,1,1,callback,steady,full,all-publications-v1,spectrum-norms-v1,independent recursive binary64 FFT / direct DFT; matched float windows; direct bands and EMA,binary64 FFT / long-double direct DFT,2048,2048,4196352,4196352,2.261658101059299e-07,2.8183605963575486e-07,0.00028839707374572754,unnormalized FFT magnitude,0,0
3aeff8d50243a034,117d6ceb13a282a9c30f6343a8b3871aa4435aeaef1aaa1241dab82aefd906fe,legacy-incremental-float,spec012-confirm-03,1,float,4096,1024,1,1,callback,steady,full,all-publications-v1,spectrum-norms-v1,independent recursive binary64 FFT / direct DFT; matched float windows; direct bands and EMA,binary64 FFT / long-double direct DFT,2048,2048,4196352,4196352,2.261658101059299e-07,2.8183605963575486e-07,0.00028839707374572754,unnormalized FFT magnitude,0,0
3aeff8d50243a034,117d6ceb13a282a9c30f6343a8b3871aa4435aeaef1aaa1241dab82aefd906fe,legacy-incremental-float,spec012-confirm-03,2,float,4096,1024,1,1,callback,steady,full,all-publications-v1,spectrum-norms-v1,independent recursive binary64 FFT / direct DFT; matched float windows; direct bands and EMA,binary64 FFT / long-double direct DFT,2048,2048,4196352,4196352,2.261658101059299e-07,2.8183605963575486e-07,0.00028839707374572754,unnormalized FFT magnitude,0,0
3aeff8d50243a034,14a1ed581ac1b6d155319930d0b88a4d27430ddd6f0f995cad3d5531798c0ce8,pffft-scheduled-batch-float,spec012-confirm-01,0,float,4096,1024,1,1,callback,steady,existing all-output numerical replay,archived-vector-counts,spectrum-norms-v1,direct DFT or binary64 FFT of matched frame bytes; direct band sums and EMA,see archived reference; precision not separately recorded,2048,2048,4196352,4196352,1.651287305471812e-07,2.3812060927920297e-07,0.000244140625,unnormalized FFT magnitude,0,0
3aeff8d50243a034,14a1ed581ac1b6d155319930d0b88a4d27430ddd6f0f995cad3d5531798c0ce8,pffft-scheduled-batch-float,spec012-confirm-01,1,float,4096,1024,1,1,callback,steady,existing all-output numerical replay,archived-vector-counts,spectrum-norms-v1,direct DFT or binary64 FFT of matched frame bytes; direct band sums and EMA,see archived reference; precision not separately recorded,2048,2048,4196352,4196352,1.651287305471812e-07,2.3812060927920297e-07,0.000244140625,unnormalized FFT magnitude,0,0
3aeff8d50243a034,14a1ed581ac1b6d155319930d0b88a4d27430ddd6f0f995cad3d5531798c0ce8,pffft-scheduled-batch-float,spec012-confirm-01,2,float,4096,1024,1,1,callback,steady,existing all-output numerical replay,archived-vector-counts,spectrum-norms-v1,direct DFT or binary64 FFT of matched frame bytes; direct band sums and EMA,see archived reference; precision not separately recorded,2048,2048,4196352,4196352,1.651287305471812e-07,2.3812060927920297e-07,0.000244140625,unnormalized FFT magnitude,0,0
3aeff8d50243a034,14a1ed581ac1b6d155319930d0b88a4d27430ddd6f0f995cad3d5531798c0ce8,pffft-scheduled-batch-float,spec012-confirm-02,0,float,4096,1024,1,1,callback,steady,existing all-output numerical replay,archived-vector-counts,spectrum-norms-v1,direct DFT or binary64 FFT of matched frame bytes; direct band sums and EMA,see archived reference; precision not separately recorded,2048,2048,4196352,4196352,1.651287305471812e-07,2.3812060927920297e-07,0.000244140625,unnormalized FFT magnitude,0,0
3aeff8d50243a034,14a1ed581ac1b6d155319930d0b88a4d27430ddd6f0f995cad3d5531798c0ce8,pffft-scheduled-batch-float,spec012-confirm-02,1,float,4096,1024,1,1,callback,steady,existing all-output numerical replay,archived-vector-counts,spectrum-norms-v1,direct DFT or binary64 FFT of matched frame bytes; direct band sums and EMA,see archived reference; precision not separately recorded,2048,2048,4196352,4196352,1.651287305471812e-07,2.3812060927920297e-07,0.000244140625,unnormalized FFT magnitude,0,0
3aeff8d50243a034,14a1ed581ac1b6d155319930d0b88a4d27430ddd6f0f995cad3d5531798c0ce8,pffft-scheduled-batch-float,spec012-confirm-02,2,float,4096,1024,1,1,callback,steady,existing all-output numerical replay,archived-vector-counts,spectrum-norms-v1,direct DFT or binary64 FFT of matched frame bytes; direct band sums and EMA,see archived reference; precision not separately recorded,2048,2048,4196352,4196352,1.651287305471812e-07,2.3812060927920297e-07,0.000244140625,unnormalized FFT magnitude,0,0
3aeff8d50243a034,14a1ed581ac1b6d155319930d0b88a4d27430ddd6f0f995cad3d5531798c0ce8,pffft-scheduled-batch-float,spec012-confirm-03,0,float,4096,1024,1,1,callback,steady,existing all-output numerical replay,archived-vector-counts,spectrum-norms-v1,direct DFT or binary64 FFT of matched frame bytes; direct band sums and EMA,see archived reference; precision not separately recorded,2048,2048,4196352,4196352,1.651287305471812e-07,2.3812060927920297e-07,0.000244140625,unnormalized FFT magnitude,0,0
3aeff8d50243a034,14a1ed581ac1b6d155319930d0b88a4d27430ddd6f0f995cad3d5531798c0ce8,pffft-scheduled-batch-float,spec012-confirm-03,1,float,4096,1024,1,1,callback,steady,existing all-output numerical replay,archived-vector-counts,spectrum-norms-v1,direct DFT or binary64 FFT of matched frame bytes; direct band sums and EMA,see archived reference; precision not separately recorded,2048,2048,4196352,4196352,1.651287305471812e-07,2.3812060927920297e-07,0.000244140625,unnormalized FFT magnitude,0,0
3aeff8d50243a034,14a1ed581ac1b6d155319930d0b88a4d27430ddd6f0f995cad3d5531798c0ce8,pffft-scheduled-batch-float,spec012-confirm-03,2,float,4096,1024,1,1,callback,steady,existing all-output numerical replay,archived-vector-counts,spectrum-norms-v1,direct DFT or binary64 FFT of matched frame bytes; direct band sums and EMA,see archived reference; precision not separately recorded,2048,2048,4196352,4196352,1.651287305471812e-07,2.3812060927920297e-07,0.000244140625,unnormalized FFT magnitude,0,0
3aeff8d50243a034,1640c051f150be96d87690a60ae114c7501f277d87f84a567d4fbbab86347a84,legacy-batch-float,spec012-confirm-01,0,float,16384,1024,1,1,callback,steady,full,all-publications-v1,spectrum-norms-v1,independent recursive binary64 FFT / direct DFT; matched float windows; direct bands and EMA,binary64 FFT / long-double direct DFT,2048,2048,16779264,16779264,2.428253746068979e-07,2.832279085325651e-07,0.0011609792709350586,unnormalized FFT magnitude,0,2560
3aeff8d50243a034,1640c051f150be96d87690a60ae114c7501f277d87f84a567d4fbbab86347a84,legacy-batch-float,spec012-confirm-01,1,float,16384,1024,1,1,callback,steady,full,all-publications-v1,spectrum-norms-v1,independent recursive binary64 FFT / direct DFT; matched float windows; direct bands and EMA,binary64 FFT / long-double direct DFT,2048,2048,16779264,16779264,2.428253746068979e-07,2.832279085325651e-07,0.0011609792709350586,unnormalized FFT magnitude,0,2560
3aeff8d50243a034,1640c051f150be96d87690a60ae114c7501f277d87f84a567d4fbbab86347a84,legacy-batch-float,spec012-confirm-01,2,float,16384,1024,1,1,callback,steady,full,all-publications-v1,spectrum-norms-v1,independent recursive binary64 FFT / direct DFT; matched float windows; direct bands and EMA,binary64 FFT / long-double direct DFT,2048,2048,16779264,16779264,2.428253746068979e-07,2.832279085325651e-07,0.0011609792709350586,unnormalized FFT magnitude,0,2560
3aeff8d50243a034,1640c051f150be96d87690a60ae114c7501f277d87f84a567d4fbbab86347a84,legacy-batch-float,spec012-confirm-02,0,float,16384,1024,1,1,callback,steady,full,all-publications-v1,spectrum-norms-v1,independent recursive binary64 FFT / direct DFT; matched float windows; direct bands and EMA,binary64 FFT / long-double direct DFT,2048,2048,16779264,16779264,2.428253746068979e-07,2.832279085325651e-07,0.0011609792709350586,unnormalized FFT magnitude,0,2560
3aeff8d50243a034,1640c051f150be96d87690a60ae114c7501f277d87f84a567d4fbbab86347a84,legacy-batch-float,spec012-confirm-02,1,float,16384,1024,1,1,callback,steady,full,all-publications-v1,spectrum-norms-v1,independent recursive binary64 FFT / direct DFT; matched float windows; direct bands and EMA,binary64 FFT / long-double direct DFT,2048,2048,16779264,16779264,2.428253746068979e-07,2.832279085325651e-07,0.0011609792709350586,unnormalized FFT magnitude,0,2560
3aeff8d50243a034,1640c051f150be96d87690a60ae114c7501f277d87f84a567d4fbbab86347a84,legacy-batch-float,spec012-confirm-02,2,float,16384,1024,1,1,callback,steady,full,all-publications-v1,spectrum-norms-v1,independent recursive binary64 FFT / direct DFT; matched float windows; direct bands and EMA,binary64 FFT / long-double direct DFT,2048,2048,16779264,16779264,2.428253746068979e-07,2.832279085325651e-07,0.0011609792709350586,unnormalized FFT magnitude,0,2560
3aeff8d50243a034,1640c051f150be96d87690a60ae114c7501f277d87f84a567d4fbbab86347a84,legacy-batch-float,spec012-confirm-03,0,float,16384,1024,1,1,callback,steady,full,all-publications-v1,spectrum-norms-v1,independent recursive binary64 FFT / direct DFT; matched float windows; direct bands and EMA,binary64 FFT / long-double direct DFT,2048,2048,16779264,16779264,2.428253746068979e-07,2.832279085325651e-07,0.0011609792709350586,unnormalized FFT magnitude,0,2560
3aeff8d50243a034,1640c051f150be96d87690a60ae114c7501f277d87f84a567d4fbbab86347a84,legacy-batch-float,spec012-confirm-03,1,float,16384,1024,1,1,callback,steady,full,all-publications-v1,spectrum-norms-v1,independent recursive binary64 FFT / direct DFT; matched float windows; direct bands and EMA,binary64 FFT / long-double direct DFT,2048,2048,16779264,16779264,2.428253746068979e-07,2.832279085325651e-07,0.0011609792709350586,unnormalized FFT magnitude,0,2560
3aeff8d50243a034,1640c051f150be96d87690a60ae114c7501f277d87f84a567d4fbbab86347a84,legacy-batch-float,spec012-confirm-03,2,float,16384,1024,1,1,callback,steady,full,all-publications-v1,spectrum-norms-v1,independent recursive binary64 FFT / direct DFT; matched float windows; direct bands and EMA,binary64 FFT / long-double direct DFT,2048,2048,16779264,16779264,2.428253746068979e-07,2.832279085325651e-07,0.0011609792709350586,unnormalized FFT magnitude,0,2560
3aeff8d50243a034,1670e5995299b778c81a34b137de804c31011830e5c5767a5e2fd3d13e457452,core-float,spec012-confirm-01,0,float,4096,1024,1,1,callback,steady,full,all-publications-v1,spectrum-norms-v1,independent recursive binary64 FFT / direct DFT; matched float windows; direct bands and EMA,binary64 FFT / long-double direct DFT,2048,2048,4196352,4196352,2.261658101059299e-07,2.8183605963575486e-07,0.00028839707374572754,unnormalized FFT magnitude,0,0
3aeff8d50243a034,1670e5995299b778c81a34b137de804c31011830e5c5767a5e2fd3d13e457452,core-float,spec012-confirm-01,1,float,4096,1024,1,1,callback,steady,full,all-publications-v1,spectrum-norms-v1,independent recursive binary64 FFT / direct DFT; matched float windows; direct bands and EMA,binary64 FFT / long-double direct DFT,2048,2048,4196352,4196352,2.261658101059299e-07,2.8183605963575486e-07,0.00028839707374572754,unnormalized FFT magnitude,0,0
3aeff8d50243a034,1670e5995299b778c81a34b137de804c31011830e5c5767a5e2fd3d13e457452,core-float,spec012-confirm-01,2,float,4096,1024,1,1,callback,steady,full,all-publications-v1,spectrum-norms-v1,independent recursive binary64 FFT / direct DFT; matched float windows; direct bands and EMA,binary64 FFT / long-double direct DFT,2048,2048,4196352,4196352,2.261658101059299e-07,2.8183605963575486e-07,0.00028839707374572754,unnormalized FFT magnitude,0,0
3aeff8d50243a034,1670e5995299b778c81a34b137de804c31011830e5c5767a5e2fd3d13e457452,core-float,spec012-confirm-02,0,float,4096,1024,1,1,callback,steady,full,all-publications-v1,spectrum-norms-v1,independent recursive binary64 FFT / direct DFT; matched float windows; direct bands and EMA,binary64 FFT / long-double direct DFT,2048,2048,4196352,4196352,2.261658101059299e-07,2.8183605963575486e-07,0.00028839707374572754,unnormalized FFT magnitude,0,0
3aeff8d50243a034,1670e5995299b778c81a34b137de804c31011830e5c5767a5e2fd3d13e457452,core-float,spec012-confirm-02,1,float,4096,1024,1,1,callback,steady,full,all-publications-v1,spectrum-norms-v1,independent recursive binary64 FFT / direct DFT; matched float windows; direct bands and EMA,binary64 FFT / long-double direct DFT,2048,2048,4196352,4196352,2.261658101059299e-07,2.8183605963575486e-07,0.00028839707374572754,unnormalized FFT magnitude,0,0
3aeff8d50243a034,1670e5995299b778c81a34b137de804c31011830e5c5767a5e2fd3d13e457452,core-float,spec012-confirm-02,2,float,4096,1024,1,1,callback,steady,full,all-publications-v1,spectrum-norms-v1,independent recursive binary64 FFT / direct DFT; matched float windows; direct bands and EMA,binary64 FFT / long-double direct DFT,2048,2048,4196352,4196352,2.261658101059299e-07,2.8183605963575486e-07,0.00028839707374572754,unnormalized FFT magnitude,0,0
3aeff8d50243a034,1670e5995299b778c81a34b137de804c31011830e5c5767a5e2fd3d13e457452,core-float,spec012-confirm-03,0,float,4096,1024,1,1,callback,steady,full,all-publications-v1,spectrum-norms-v1,independent recursive binary64 FFT / direct DFT; matched float windows; direct bands and EMA,binary64 FFT / long-double direct DFT,2048,2048,4196352,4196352,2.261658101059299e-07,2.8183605963575486e-07,0.00028839707374572754,unnormalized FFT magnitude,0,0
3aeff8d50243a034,1670e5995299b778c81a34b137de804c31011830e5c5767a5e2fd3d13e457452,core-float,spec012-confirm-03,1,float,4096,1024,1,1,callback,steady,full,all-publications-v1,spectrum-norms-v1,independent recursive binary64 FFT / direct DFT; matched float windows; direct bands and EMA,binary64 FFT / long-double direct DFT,2048,2048,4196352,4196352,2.261658101059299e-07,2.8183605963575486e-07,0.00028839707374572754,unnormalized FFT magnitude,0,0
3aeff8d50243a034,1670e5995299b778c81a34b137de804c31011830e5c5767a5e2fd3d13e457452,core-float,spec012-confirm-03,2,float,4096,1024,1,1,callback,steady,full,all-publications-v1,spectrum-norms-v1,independent recursive binary64 FFT / direct DFT; matched float windows; direct bands and EMA,binary64 FFT / long-double direct DFT,2048,2048,4196352,4196352,2.261658101059299e-07,2.8183605963575486e-07,0.00028839707374572754,unnormalized FFT magnitude,0,0
3aeff8d50243a034,1784ff1604ab0698ceaf47a6faf5c7431dee77d2e08a69d43d205b205c00f22f,fftw-analysis-float,spec012-confirm-01,0,float,4096,1024,1,1,callback,steady,existing all-output numerical replay,archived-vector-counts,spectrum-norms-v1,direct DFT or binary64 FFT of matched frame bytes; direct band sums and EMA,see archived reference; precision not separately recorded,2048,2048,4196352,4196352,1.878762587903074e-07,1.4897630189272903e-07,0.0001220703125,unnormalized FFT magnitude,0,0
3aeff8d50243a034,1784ff1604ab0698ceaf47a6faf5c7431dee77d2e08a69d43d205b205c00f22f,fftw-analysis-float,spec012-confirm-01,1,float,4096,1024,1,1,callback,steady,existing all-output numerical replay,archived-vector-counts,spectrum-norms-v1,direct DFT or binary64 FFT of matched frame bytes; direct band sums and EMA,see archived reference; precision not separately recorded,2048,2048,4196352,4196352,1.878762587903074e-07,1.4897630189272903e-07,0.0001220703125,unnormalized FFT magnitude,0,0
3aeff8d50243a034,1784ff1604ab0698ceaf47a6faf5c7431dee77d2e08a69d43d205b205c00f22f,fftw-analysis-float,spec012-confirm-01,2,float,4096,1024,1,1,callback,steady,existing all-output numerical replay,archived-vector-counts,spectrum-norms-v1,direct DFT or binary64 FFT of matched frame bytes; direct band sums and EMA,see archived reference; precision not separately recorded,2048,2048,4196352,4196352,1.878762587903074e-07,1.4897630189272903e-07,0.0001220703125,unnormalized FFT magnitude,0,0
3aeff8d50243a034,1784ff1604ab0698ceaf47a6faf5c7431dee77d2e08a69d43d205b205c00f22f,fftw-analysis-float,spec012-confirm-02,0,float,4096,1024,1,1,callback,steady,existing all-output numerical replay,archived-vector-counts,spectrum-norms-v1,direct DFT or binary64 FFT of matched frame bytes; direct band sums and EMA,see archived reference; precision not separately recorded,2048,2048,4196352,4196352,1.878762587903074e-07,1.4897630189272903e-07,0.0001220703125,unnormalized FFT magnitude,0,0
3aeff8d50243a034,1784ff1604ab0698ceaf47a6faf5c7431dee77d2e08a69d43d205b205c00f22f,fftw-analysis-float,spec012-confirm-02,1,float,4096,1024,1,1,callback,steady,existing all-output numerical replay,archived-vector-counts,spectrum-norms-v1,direct DFT or binary64 FFT of matched frame bytes; direct band sums and EMA,see archived reference; precision not separately recorded,2048,2048,4196352,4196352,1.878762587903074e-07,1.4897630189272903e-07,0.0001220703125,unnormalized FFT magnitude,0,0
3aeff8d50243a034,1784ff1604ab0698ceaf47a6faf5c7431dee77d2e08a69d43d205b205c00f22f,fftw-analysis-float,spec012-confirm-02,2,float,4096,1024,1,1,callback,steady,existing all-output numerical replay,archived-vector-counts,spectrum-norms-v1,direct DFT or binary64 FFT of matched frame bytes; direct band sums and EMA,see archived reference; precision not separately recorded,2048,2048,4196352,4196352,1.878762587903074e-07,1.4897630189272903e-07,0.0001220703125,unnormalized FFT magnitude,0,0
3aeff8d50243a034,1784ff1604ab0698ceaf47a6faf5c7431dee77d2e08a69d43d205b205c00f22f,fftw-analysis-float,spec012-confirm-03,0,float,4096,1024,1,1,callback,steady,existing all-output numerical replay,archived-vector-counts,spectrum-norms-v1,direct DFT or binary64 FFT of matched frame bytes; direct band sums and EMA,see archived reference; precision not separately recorded,2048,2048,4196352,4196352,1.878762587903074e-07,1.4897630189272903e-07,0.0001220703125,unnormalized FFT magnitude,0,0
3aeff8d50243a034,1784ff1604ab0698ceaf47a6faf5c7431dee77d2e08a69d43d205b205c00f22f,fftw-analysis-float,spec012-confirm-03,1,float,4096,1024,1,1,callback,steady,existing all-output numerical replay,archived-vector-counts,spectrum-norms-v1,direct DFT or binary64 FFT of matched frame bytes; direct band sums and EMA,see archived reference; precision not separately recorded,2048,2048,4196352,4196352,1.878762587903074e-07,1.4897630189272903e-07,0.0001220703125,unnormalized FFT magnitude,0,0
3aeff8d50243a034,1784ff1604ab0698ceaf47a6faf5c7431dee77d2e08a69d43d205b205c00f22f,fftw-analysis-float,spec012-confirm-03,2,float,4096,1024,1,1,callback,steady,existing all-output numerical replay,archived-vector-counts,spectrum-norms-v1,direct DFT or binary64 FFT of matched frame bytes; direct band sums and EMA,see archived reference; precision not separately recorded,2048,2048,4196352,4196352,1.878762587903074e-07,1.4897630189272903e-07,0.0001220703125,unnormalized FFT magnitude,0,0
3aeff8d50243a034,17b35fbcbe0c31d772e4013dff508a207c21cd17116a962227441bacbc7af643,pffft-hybrid-float,spec012-confirm-01,0,float,2048,1024,1,1,callback,steady,existing all-output numerical replay,archived-vector-counts,spectrum-norms-v1,direct DFT or binary64 FFT of matched frame bytes; direct band sums and EMA,see archived reference; precision not separately recorded,2048,2048,2099200,2099200,1.2019560717045903e-07,1.191954924079027e-07,6.103515625e-05,unnormalized FFT magnitude,0,0
3aeff8d50243a034,17b35fbcbe0c31d772e4013dff508a207c21cd17116a962227441bacbc7af643,pffft-hybrid-float,spec012-confirm-01,1,float,2048,1024,1,1,callback,steady,existing all-output numerical replay,archived-vector-counts,spectrum-norms-v1,direct DFT or binary64 FFT of matched frame bytes; direct band sums and EMA,see archived reference; precision not separately recorded,2048,2048,2099200,2099200,1.2019560717045903e-07,1.191954924079027e-07,6.103515625e-05,unnormalized FFT magnitude,0,0
3aeff8d50243a034,17b35fbcbe0c31d772e4013dff508a207c21cd17116a962227441bacbc7af643,pffft-hybrid-float,spec012-confirm-01,2,float,2048,1024,1,1,callback,steady,existing all-output numerical replay,archived-vector-counts,spectrum-norms-v1,direct DFT or binary64 FFT of matched frame bytes; direct band sums and EMA,see archived reference; precision not separately recorded,2048,2048,2099200,2099200,1.2019560717045903e-07,1.191954924079027e-07,6.103515625e-05,unnormalized FFT magnitude,0,0
3aeff8d50243a034,17b35fbcbe0c31d772e4013dff508a207c21cd17116a962227441bacbc7af643,pffft-hybrid-float,spec012-confirm-02,0,float,2048,1024,1,1,callback,steady,existing all-output numerical replay,archived-vector-counts,spectrum-norms-v1,direct DFT or binary64 FFT of matched frame bytes; direct band sums and EMA,see archived reference; precision not separately recorded,2048,2048,2099200,2099200,1.2019560717045903e-07,1.191954924079027e-07,6.103515625e-05,unnormalized FFT magnitude,0,0
3aeff8d50243a034,17b35fbcbe0c31d772e4013dff508a207c21cd17116a962227441bacbc7af643,pffft-hybrid-float,spec012-confirm-02,1,float,2048,1024,1,1,callback,steady,existing all-output numerical replay,archived-vector-counts,spectrum-norms-v1,direct DFT or binary64 FFT of matched frame bytes; direct band sums and EMA,see archived reference; precision not separately recorded,2048,2048,2099200,2099200,1.2019560717045903e-07,1.191954924079027e-07,6.103515625e-05,unnormalized FFT magnitude,0,0
3aeff8d50243a034,17b35fbcbe0c31d772e4013dff508a207c21cd17116a962227441bacbc7af643,pffft-hybrid-float,spec012-confirm-02,2,float,2048,1024,1,1,callback,steady,existing all-output numerical replay,archived-vector-counts,spectrum-norms-v1,direct DFT or binary64 FFT of matched frame bytes; direct band sums and EMA,see archived reference; precision not separately recorded,2048,2048,2099200,2099200,1.2019560717045903e-07,1.191954924079027e-07,6.103515625e-05,unnormalized FFT magnitude,0,0
3aeff8d50243a034,17b35fbcbe0c31d772e4013dff508a207c21cd17116a962227441bacbc7af643,pffft-hybrid-float,spec012-confirm-03,0,float,2048,1024,1,1,callback,steady,existing all-output numerical replay,archived-vector-counts,spectrum-norms-v1,direct DFT or binary64 FFT of matched frame bytes; direct band sums and EMA,see archived reference; precision not separately recorded,2048,2048,2099200,2099200,1.2019560717045903e-07,1.191954924079027e-07,6.103515625e-05,unnormalized FFT magnitude,0,0
3aeff8d50243a034,17b35fbcbe0c31d772e4013dff508a207c21cd17116a962227441bacbc7af643,pffft-hybrid-float,spec012-confirm-03,1,float,2048,1024,1,1,callback,steady,existing all-output numerical replay,archived-vector-counts,spectrum-norms-v1,direct DFT or binary64 FFT of matched frame bytes; direct band sums and EMA,see archived reference; precision not separately recorded,2048,2048,2099200,2099200,1.2019560717045903e-07,1.191954924079027e-07,6.103515625e-05,unnormalized FFT magnitude,0,0
3aeff8d50243a034,17b35fbcbe0c31d772e4013dff508a207c21cd17116a962227441bacbc7af643,pffft-hybrid-float,spec012-confirm-03,2,float,2048,1024,1,1,callback,steady,existing all-output numerical replay,archived-vector-counts,spectrum-norms-v1,direct DFT or binary64 FFT of matched frame bytes; direct band sums and EMA,see archived reference; precision not separately recorded,2048,2048,2099200,2099200,1.2019560717045903e-07,1.191954924079027e-07,6.103515625e-05,unnormalized FFT magnitude,0,0
3aeff8d50243a034,192f2e64ab9904bf18657f338fa27f1579d2c20899faf342e0a67f03a6795692,pffft-hybrid-float,spec012-confirm-01,0,float,16384,1024,1,1,callback,steady,existing all-output numerical replay,archived-vector-counts,spectrum-norms-v1,direct DFT or binary64 FFT of matched frame bytes; direct band sums and EMA,see archived reference; precision not separately recorded,2048,2048,16779264,16779264,1.222607767483183e-07,1.1919512301234683e-07,0.00048828125,unnormalized FFT magnitude,0,32
3aeff8d50243a034,192f2e64ab9904bf18657f338fa27f1579d2c20899faf342e0a67f03a6795692,pffft-hybrid-float,spec012-confirm-01,1,float,16384,1024,1,1,callback,steady,existing all-output numerical replay,archived-vector-counts,spectrum-norms-v1,direct DFT or binary64 FFT of matched frame bytes; direct band sums and EMA,see archived reference; precision not separately recorded,2048,2048,16779264,16779264,1.222607767483183e-07,1.1919512301234683e-07,0.00048828125,unnormalized FFT magnitude,0,32
3aeff8d50243a034,192f2e64ab9904bf18657f338fa27f1579d2c20899faf342e0a67f03a6795692,pffft-hybrid-float,spec012-confirm-01,2,float,16384,1024,1,1,callback,steady,existing all-output numerical replay,archived-vector-counts,spectrum-norms-v1,direct DFT or binary64 FFT of matched frame bytes; direct band sums and EMA,see archived reference; precision not separately recorded,2048,2048,16779264,16779264,1.222607767483183e-07,1.1919512301234683e-07,0.00048828125,unnormalized FFT magnitude,0,32
3aeff8d50243a034,192f2e64ab9904bf18657f338fa27f1579d2c20899faf342e0a67f03a6795692,pffft-hybrid-float,spec012-confirm-02,0,float,16384,1024,1,1,callback,steady,existing all-output numerical replay,archived-vector-counts,spectrum-norms-v1,direct DFT or binary64 FFT of matched frame bytes; direct band sums and EMA,see archived reference; precision not separately recorded,2048,2048,16779264,16779264,1.222607767483183e-07,1.1919512301234683e-07,0.00048828125,unnormalized FFT magnitude,0,32
3aeff8d50243a034,192f2e64ab9904bf18657f338fa27f1579d2c20899faf342e0a67f03a6795692,pffft-hybrid-float,spec012-confirm-02,1,float,16384,1024,1,1,callback,steady,existing all-output numerical replay,archived-vector-counts,spectrum-norms-v1,direct DFT or binary64 FFT of matched frame bytes; direct band sums and EMA,see archived reference; precision not separately recorded,2048,2048,16779264,16779264,1.222607767483183e-07,1.1919512301234683e-07,0.00048828125,unnormalized FFT magnitude,0,32
3aeff8d50243a034,192f2e64ab9904bf18657f338fa27f1579d2c20899faf342e0a67f03a6795692,pffft-hybrid-float,spec012-confirm-02,2,float,16384,1024,1,1,callback,steady,existing all-output numerical replay,archived-vector-counts,spectrum-norms-v1,direct DFT or binary64 FFT of matched frame bytes; direct band sums and EMA,see archived reference; precision not separately recorded,2048,2048,16779264,16779264,1.222607767483183e-07,1.1919512301234683e-07,0.00048828125,unnormalized FFT magnitude,0,32
3aeff8d50243a034,192f2e64ab9904bf18657f338fa27f1579d2c20899faf342e0a67f03a6795692,pffft-hybrid-float,spec012-confirm-03,0,float,16384,1024,1,1,callback,steady,existing all-output numerical replay,archived-vector-counts,spectrum-norms-v1,direct DFT or binary64 FFT of matched frame bytes; direct band sums and EMA,see archived reference; precision not separately recorded,2048,2048,16779264,16779264,1.222607767483183e-07,1.1919512301234683e-07,0.00048828125,unnormalized FFT magnitude,0,32
3aeff8d50243a034,192f2e64ab9904bf18657f338fa27f1579d2c20899faf342e0a67f03a6795692,pffft-hybrid-float,spec012-confirm-03,1,float,16384,1024,1,1,callback,steady,existing all-output numerical replay,archived-vector-counts,spectrum-norms-v1,direct DFT or binary64 FFT of matched frame bytes; direct band sums and EMA,see archived reference; precision not separately recorded,2048,2048,16779264,16779264,1.222607767483183e-07,1.1919512301234683e-07,0.00048828125,unnormalized FFT magnitude,0,32
3aeff8d50243a034,192f2e64ab9904bf18657f338fa27f1579d2c20899faf342e0a67f03a6795692,pffft-hybrid-float,spec012-confirm-03,2,float,16384,1024,1,1,callback,steady,existing all-output numerical replay,archived-vector-counts,spectrum-norms-v1,direct DFT or binary64 FFT of matched frame bytes; direct band sums and EMA,see archived reference; precision not separately recorded,2048,2048,16779264,16779264,1.222607767483183e-07,1.1919512301234683e-07,0.00048828125,unnormalized FFT magnitude,0,32
3aeff8d50243a034,19b596628b078bcc2f08b775d59851b5e409d268c705b89d4825aa1746abb114,vdsp-analysis-float,spec012-confirm-01,0,float,16384,1024,1,1,callback,steady,existing all-output numerical replay,archived-vector-counts,spectrum-norms-v1,direct DFT or binary64 FFT of matched frame bytes; direct band sums and EMA,see archived reference; precision not separately recorded,2048,2048,16779264,16779264,1.5382949780493128e-07,1.788785140013281e-07,0.000732421875,unnormalized FFT magnitude,0,32
3aeff8d50243a034,19b596628b078bcc2f08b775d59851b5e409d268c705b89d4825aa1746abb114,vdsp-analysis-float,spec012-confirm-01,1,float,16384,1024,1,1,callback,steady,existing all-output numerical replay,archived-vector-counts,spectrum-norms-v1,direct DFT or binary64 FFT of matched frame bytes; direct band sums and EMA,see archived reference; precision not separately recorded,2048,2048,16779264,16779264,1.5382949780493128e-07,1.788785140013281e-07,0.000732421875,unnormalized FFT magnitude,0,32
3aeff8d50243a034,19b596628b078bcc2f08b775d59851b5e409d268c705b89d4825aa1746abb114,vdsp-analysis-float,spec012-confirm-01,2,float,16384,1024,1,1,callback,steady,existing all-output numerical replay,archived-vector-counts,spectrum-norms-v1,direct DFT or binary64 FFT of matched frame bytes; direct band sums and EMA,see archived reference; precision not separately recorded,2048,2048,16779264,16779264,1.5382949780493128e-07,1.788785140013281e-07,0.000732421875,unnormalized FFT magnitude,0,32
3aeff8d50243a034,19b596628b078bcc2f08b775d59851b5e409d268c705b89d4825aa1746abb114,vdsp-analysis-float,spec012-confirm-02,0,float,16384,1024,1,1,callback,steady,existing all-output numerical replay,archived-vector-counts,spectrum-norms-v1,direct DFT or binary64 FFT of matched frame bytes; direct band sums and EMA,see archived reference; precision not separately recorded,2048,2048,16779264,16779264,1.5382949780493128e-07,1.788785140013281e-07,0.000732421875,unnormalized FFT magnitude,0,32
3aeff8d50243a034,19b596628b078bcc2f08b775d59851b5e409d268c705b89d4825aa1746abb114,vdsp-analysis-float,spec012-confirm-02,1,float,16384,1024,1,1,callback,steady,existing all-output numerical replay,archived-vector-counts,spectrum-norms-v1,direct DFT or binary64 FFT of matched frame bytes; direct band sums and EMA,see archived reference; precision not separately recorded,2048,2048,16779264,16779264,1.5382949780493128e-07,1.788785140013281e-07,0.000732421875,unnormalized FFT magnitude,0,32
3aeff8d50243a034,19b596628b078bcc2f08b775d59851b5e409d268c705b89d4825aa1746abb114,vdsp-analysis-float,spec012-confirm-02,2,float,16384,1024,1,1,callback,steady,existing all-output numerical replay,archived-vector-counts,spectrum-norms-v1,direct DFT or binary64 FFT of matched frame bytes; direct band sums and EMA,see archived reference; precision not separately recorded,2048,2048,16779264,16779264,1.5382949780493128e-07,1.788785140013281e-07,0.000732421875,unnormalized FFT magnitude,0,32
3aeff8d50243a034,19b596628b078bcc2f08b775d59851b5e409d268c705b89d4825aa1746abb114,vdsp-analysis-float,spec012-confirm-03,0,float,16384,1024,1,1,callback,steady,existing all-output numerical replay,archived-vector-counts,spectrum-norms-v1,direct DFT or binary64 FFT of matched frame bytes; direct band sums and EMA,see archived reference; precision not separately recorded,2048,2048,16779264,16779264,1.5382949780493128e-07,1.788785140013281e-07,0.000732421875,unnormalized FFT magnitude,0,32
3aeff8d50243a034,19b596628b078bcc2f08b775d59851b5e409d268c705b89d4825aa1746abb114,vdsp-analysis-float,spec012-confirm-03,1,float,16384,1024,1,1,callback,steady,existing all-output numerical replay,archived-vector-counts,spectrum-norms-v1,direct DFT or binary64 FFT of matched frame bytes; direct band sums and EMA,see archived reference; precision not separately recorded,2048,2048,16779264,16779264,1.5382949780493128e-07,1.788785140013281e-07,0.000732421875,unnormalized FFT magnitude,0,32
3aeff8d50243a034,19b596628b078bcc2f08b775d59851b5e409d268c705b89d4825aa1746abb114,vdsp-analysis-float,spec012-confirm-03,2,float,16384,1024,1,1,callback,steady,existing all-output numerical replay,archived-vector-counts,spectrum-norms-v1,direct DFT or binary64 FFT of matched frame bytes; direct band sums and EMA,see archived reference; precision not separately recorded,2048,2048,16779264,16779264,1.5382949780493128e-07,1.788785140013281e-07,0.000732421875,unnormalized FFT magnitude,0,32
3aeff8d50243a034,1c676d3987b9fa2937839a020a42e062c3fda5a1aee4bfe2bde646bb43c75692,pffft-hybrid-float,spec012-confirm-01,0,float,2048,1024,1,1,callback,steady,existing all-output numerical replay,archived-vector-counts,spectrum-norms-v1,direct DFT or binary64 FFT of matched frame bytes; direct band sums and EMA,see archived reference; precision not separately recorded,2048,2048,2099200,2099200,1.2019560717045903e-07,1.191954924079027e-07,6.103515625e-05,unnormalized FFT magnitude,0,0
3aeff8d50243a034,1c676d3987b9fa2937839a020a42e062c3fda5a1aee4bfe2bde646bb43c75692,pffft-hybrid-float,spec012-confirm-01,1,float,2048,1024,1,1,callback,steady,existing all-output numerical replay,archived-vector-counts,spectrum-norms-v1,direct DFT or binary64 FFT of matched frame bytes; direct band sums and EMA,see archived reference; precision not separately recorded,2048,2048,2099200,2099200,1.2019560717045903e-07,1.191954924079027e-07,6.103515625e-05,unnormalized FFT magnitude,0,0
3aeff8d50243a034,1c676d3987b9fa2937839a020a42e062c3fda5a1aee4bfe2bde646bb43c75692,pffft-hybrid-float,spec012-confirm-01,2,float,2048,1024,1,1,callback,steady,existing all-output numerical replay,archived-vector-counts,spectrum-norms-v1,direct DFT or binary64 FFT of matched frame bytes; direct band sums and EMA,see archived reference; precision not separately recorded,2048,2048,2099200,2099200,1.2019560717045903e-07,1.191954924079027e-07,6.103515625e-05,unnormalized FFT magnitude,0,0
3aeff8d50243a034,1c676d3987b9fa2937839a020a42e062c3fda5a1aee4bfe2bde646bb43c75692,pffft-hybrid-float,spec012-confirm-02,0,float,2048,1024,1,1,callback,steady,existing all-output numerical replay,archived-vector-counts,spectrum-norms-v1,direct DFT or binary64 FFT of matched frame bytes; direct band sums and EMA,see archived reference; precision not separately recorded,2048,2048,2099200,2099200,1.2019560717045903e-07,1.191954924079027e-07,6.103515625e-05,unnormalized FFT magnitude,0,0
3aeff8d50243a034,1c676d3987b9fa2937839a020a42e062c3fda5a1aee4bfe2bde646bb43c75692,pffft-hybrid-float,spec012-confirm-02,1,float,2048,1024,1,1,callback,steady,existing all-output numerical replay,archived-vector-counts,spectrum-norms-v1,direct DFT or binary64 FFT of matched frame bytes; direct band sums and EMA,see archived reference; precision not separately recorded,2048,2048,2099200,2099200,1.2019560717045903e-07,1.191954924079027e-07,6.103515625e-05,unnormalized FFT magnitude,0,0
3aeff8d50243a034,1c676d3987b9fa2937839a020a42e062c3fda5a1aee4bfe2bde646bb43c75692,pffft-hybrid-float,spec012-confirm-02,2,float,2048,1024,1,1,callback,steady,existing all-output numerical replay,archived-vector-counts,spectrum-norms-v1,direct DFT or binary64 FFT of matched frame bytes; direct band sums and EMA,see archived reference; precision not separately recorded,2048,2048,2099200,2099200,1.2019560717045903e-07,1.191954924079027e-07,6.103515625e-05,unnormalized FFT magnitude,0,0
3aeff8d50243a034,1c676d3987b9fa2937839a020a42e062c3fda5a1aee4bfe2bde646bb43c75692,pffft-hybrid-float,spec012-confirm-03,0,float,2048,1024,1,1,callback,steady,existing all-output numerical replay,archived-vector-counts,spectrum-norms-v1,direct DFT or binary64 FFT of matched frame bytes; direct band sums and EMA,see archived reference; precision not separately recorded,2048,2048,2099200,2099200,1.2019560717045903e-07,1.191954924079027e-07,6.103515625e-05,unnormalized FFT magnitude,0,0
3aeff8d50243a034,1c676d3987b9fa2937839a020a42e062c3fda5a1aee4bfe2bde646bb43c75692,pffft-hybrid-float,spec012-confirm-03,1,float,2048,1024,1,1,callback,steady,existing all-output numerical replay,archived-vector-counts,spectrum-norms-v1,direct DFT or binary64 FFT of matched frame bytes; direct band sums and EMA,see archived reference; precision not separately recorded,2048,2048,2099200,2099200,1.2019560717045903e-07,1.191954924079027e-07,6.103515625e-05,unnormalized FFT magnitude,0,0
3aeff8d50243a034,1c676d3987b9fa2937839a020a42e062c3fda5a1aee4bfe2bde646bb43c75692,pffft-hybrid-float,spec012-confirm-03,2,float,2048,1024,1,1,callback,steady,existing all-output numerical replay,archived-vector-counts,spectrum-norms-v1,direct DFT or binary64 FFT of matched frame bytes; direct band sums and EMA,see archived reference; precision not separately recorded,2048,2048,2099200,2099200,1.2019560717045903e-07,1.191954924079027e-07,6.103515625e-05,unnormalized FFT magnitude,0,0
3aeff8d50243a034,1c8b59d12b7ed2c0733e4f01e3b8a0005b3a7527fdba662f88fb659d63563a82,legacy-incremental-float,spec012-confirm-01,0,float,4096,1024,1,1,callback,steady,full,all-publications-v1,spectrum-norms-v1,independent recursive binary64 FFT / direct DFT; matched float windows; direct bands and EMA,binary64 FFT / long-double direct DFT,2048,2048,4196352,4196352,2.261658101059299e-07,2.8183605963575486e-07,0.00028839707374572754,unnormalized FFT magnitude,0,0
3aeff8d50243a034,1c8b59d12b7ed2c0733e4f01e3b8a0005b3a7527fdba662f88fb659d63563a82,legacy-incremental-float,spec012-confirm-01,1,float,4096,1024,1,1,callback,steady,full,all-publications-v1,spectrum-norms-v1,independent recursive binary64 FFT / direct DFT; matched float windows; direct bands and EMA,binary64 FFT / long-double direct DFT,2048,2048,4196352,4196352,2.261658101059299e-07,2.8183605963575486e-07,0.00028839707374572754,unnormalized FFT magnitude,0,0
3aeff8d50243a034,1c8b59d12b7ed2c0733e4f01e3b8a0005b3a7527fdba662f88fb659d63563a82,legacy-incremental-float,spec012-confirm-01,2,float,4096,1024,1,1,callback,steady,full,all-publications-v1,spectrum-norms-v1,independent recursive binary64 FFT / direct DFT; matched float windows; direct bands and EMA,binary64 FFT / long-double direct DFT,2048,2048,4196352,4196352,2.261658101059299e-07,2.8183605963575486e-07,0.00028839707374572754,unnormalized FFT magnitude,0,0
3aeff8d50243a034,1c8b59d12b7ed2c0733e4f01e3b8a0005b3a7527fdba662f88fb659d63563a82,legacy-incremental-float,spec012-confirm-02,0,float,4096,1024,1,1,callback,steady,full,all-publications-v1,spectrum-norms-v1,independent recursive binary64 FFT / direct DFT; matched float windows; direct bands and EMA,binary64 FFT / long-double direct DFT,2048,2048,4196352,4196352,2.261658101059299e-07,2.8183605963575486e-07,0.00028839707374572754,unnormalized FFT magnitude,0,0
3aeff8d50243a034,1c8b59d12b7ed2c0733e4f01e3b8a0005b3a7527fdba662f88fb659d63563a82,legacy-incremental-float,spec012-confirm-02,1,float,4096,1024,1,1,callback,steady,full,all-publications-v1,spectrum-norms-v1,independent recursive binary64 FFT / direct DFT; matched float windows; direct bands and EMA,binary64 FFT / long-double direct DFT,2048,2048,4196352,4196352,2.261658101059299e-07,2.8183605963575486e-07,0.00028839707374572754,unnormalized FFT magnitude,0,0
3aeff8d50243a034,1c8b59d12b7ed2c0733e4f01e3b8a0005b3a7527fdba662f88fb659d63563a82,legacy-incremental-float,spec012-confirm-02,2,float,4096,1024,1,1,callback,steady,full,all-publications-v1,spectrum-norms-v1,independent recursive binary64 FFT / direct DFT; matched float windows; direct bands and EMA,binary64 FFT / long-double direct DFT,2048,2048,4196352,4196352,2.261658101059299e-07,2.8183605963575486e-07,0.00028839707374572754,unnormalized FFT magnitude,0,0
3aeff8d50243a034,1c8b59d12b7ed2c0733e4f01e3b8a0005b3a7527fdba662f88fb659d63563a82,legacy-incremental-float,spec012-confirm-03,0,float,4096,1024,1,1,callback,steady,full,all-publications-v1,spectrum-norms-v1,independent recursive binary64 FFT / direct DFT; matched float windows; direct bands and EMA,binary64 FFT / long-double direct DFT,2048,2048,4196352,4196352,2.261658101059299e-07,2.8183605963575486e-07,0.00028839707374572754,unnormalized FFT magnitude,0,0
3aeff8d50243a034,1c8b59d12b7ed2c0733e4f01e3b8a0005b3a7527fdba662f88fb659d63563a82,legacy-incremental-float,spec012-confirm-03,1,float,4096,1024,1,1,callback,steady,full,all-publications-v1,spectrum-norms-v1,independent recursive binary64 FFT / direct DFT; matched float windows; direct bands and EMA,binary64 FFT / long-double direct DFT,2048,2048,4196352,4196352,2.261658101059299e-07,2.8183605963575486e-07,0.00028839707374572754,unnormalized FFT magnitude,0,0
3aeff8d50243a034,1c8b59d12b7ed2c0733e4f01e3b8a0005b3a7527fdba662f88fb659d63563a82,legacy-incremental-float,spec012-confirm-03,2,float,4096,1024,1,1,callback,steady,full,all-publications-v1,spectrum-norms-v1,independent recursive binary64 FFT / direct DFT; matched float windows; direct bands and EMA,binary64 FFT / long-double direct DFT,2048,2048,4196352,4196352,2.261658101059299e-07,2.8183605963575486e-07,0.00028839707374572754,unnormalized FFT magnitude,0,0
3aeff8d50243a034,1d0ca779f1fa9c81b98b5507712acbf47c808ef90ee3d4a1d22b6234816e647e,pffft-analysis-float,spec012-confirm-01,0,float,2048,1024,1,1,callback,steady,existing all-output numerical replay,archived-vector-counts,spectrum-norms-v1,direct DFT or binary64 FFT of matched frame bytes; direct band sums and EMA,see archived reference; precision not separately recorded,2048,2048,2099200,2099200,1.2019560717045903e-07,1.191954924079027e-07,6.103515625e-05,unnormalized FFT magnitude,0,0
3aeff8d50243a034,1d0ca779f1fa9c81b98b5507712acbf47c808ef90ee3d4a1d22b6234816e647e,pffft-analysis-float,spec012-confirm-01,1,float,2048,1024,1,1,callback,steady,existing all-output numerical replay,archived-vector-counts,spectrum-norms-v1,direct DFT or binary64 FFT of matched frame bytes; direct band sums and EMA,see archived reference; precision not separately recorded,2048,2048,2099200,2099200,1.2019560717045903e-07,1.191954924079027e-07,6.103515625e-05,unnormalized FFT magnitude,0,0
3aeff8d50243a034,1d0ca779f1fa9c81b98b5507712acbf47c808ef90ee3d4a1d22b6234816e647e,pffft-analysis-float,spec012-confirm-01,2,float,2048,1024,1,1,callback,steady,existing all-output numerical replay,archived-vector-counts,spectrum-norms-v1,direct DFT or binary64 FFT of matched frame bytes; direct band sums and EMA,see archived reference; precision not separately recorded,2048,2048,2099200,2099200,1.2019560717045903e-07,1.191954924079027e-07,6.103515625e-05,unnormalized FFT magnitude,0,0
3aeff8d50243a034,1d0ca779f1fa9c81b98b5507712acbf47c808ef90ee3d4a1d22b6234816e647e,pffft-analysis-float,spec012-confirm-02,0,float,2048,1024,1,1,callback,steady,existing all-output numerical replay,archived-vector-counts,spectrum-norms-v1,direct DFT or binary64 FFT of matched frame bytes; direct band sums and EMA,see archived reference; precision not separately recorded,2048,2048,2099200,2099200,1.2019560717045903e-07,1.191954924079027e-07,6.103515625e-05,unnormalized FFT magnitude,0,0
3aeff8d50243a034,1d0ca779f1fa9c81b98b5507712acbf47c808ef90ee3d4a1d22b6234816e647e,pffft-analysis-float,spec012-confirm-02,1,float,2048,1024,1,1,callback,steady,existing all-output numerical replay,archived-vector-counts,spectrum-norms-v1,direct DFT or binary64 FFT of matched frame bytes; direct band sums and EMA,see archived reference; precision not separately recorded,2048,2048,2099200,2099200,1.2019560717045903e-07,1.191954924079027e-07,6.103515625e-05,unnormalized FFT magnitude,0,0
3aeff8d50243a034,1d0ca779f1fa9c81b98b5507712acbf47c808ef90ee3d4a1d22b6234816e647e,pffft-analysis-float,spec012-confirm-02,2,float,2048,1024,1,1,callback,steady,existing all-output numerical replay,archived-vector-counts,spectrum-norms-v1,direct DFT or binary64 FFT of matched frame bytes; direct band sums and EMA,see archived reference; precision not separately recorded,2048,2048,2099200,2099200,1.2019560717045903e-07,1.191954924079027e-07,6.103515625e-05,unnormalized FFT magnitude,0,0
3aeff8d50243a034,1d0ca779f1fa9c81b98b5507712acbf47c808ef90ee3d4a1d22b6234816e647e,pffft-analysis-float,spec012-confirm-03,0,float,2048,1024,1,1,callback,steady,existing all-output numerical replay,archived-vector-counts,spectrum-norms-v1,direct DFT or binary64 FFT of matched frame bytes; direct band sums and EMA,see archived reference; precision not separately recorded,2048,2048,2099200,2099200,1.2019560717045903e-07,1.191954924079027e-07,6.103515625e-05,unnormalized FFT magnitude,0,0
3aeff8d50243a034,1d0ca779f1fa9c81b98b5507712acbf47c808ef90ee3d4a1d22b6234816e647e,pffft-analysis-float,spec012-confirm-03,1,float,2048,1024,1,1,callback,steady,existing all-output numerical replay,archived-vector-counts,spectrum-norms-v1,direct DFT or binary64 FFT of matched frame bytes; direct band sums and EMA,see archived reference; precision not separately recorded,2048,2048,2099200,2099200,1.2019560717045903e-07,1.191954924079027e-07,6.103515625e-05,unnormalized FFT magnitude,0,0
3aeff8d50243a034,1d0ca779f1fa9c81b98b5507712acbf47c808ef90ee3d4a1d22b6234816e647e,pffft-analysis-float,spec012-confirm-03,2,float,2048,1024,1,1,callback,steady,existing all-output numerical replay,archived-vector-counts,spectrum-norms-v1,direct DFT or binary64 FFT of matched frame bytes; direct band sums and EMA,see archived reference; precision not separately recorded,2048,2048,2099200,2099200,1.2019560717045903e-07,1.191954924079027e-07,6.103515625e-05,unnormalized FFT magnitude,0,0
3aeff8d50243a034,1d587a9f49645b94fbc839d83b150c4b8d03cc5aefe4586546bab21ea4dd21ad,fftw-analysis-float,spec012-confirm-01,0,float,16384,1024,1,1,callback,steady,existing all-output numerical replay,archived-vector-counts,spectrum-norms-v1,direct DFT or binary64 FFT of matched frame bytes; direct band sums and EMA,see archived reference; precision not separately recorded,2048,2048,16779264,16779264,2.342587853606146e-07,1.4903825983523968e-07,0.00048828125,unnormalized FFT magnitude,0,0
3aeff8d50243a034,1d587a9f49645b94fbc839d83b150c4b8d03cc5aefe4586546bab21ea4dd21ad,fftw-analysis-float,spec012-confirm-01,1,float,16384,1024,1,1,callback,steady,existing all-output numerical replay,archived-vector-counts,spectrum-norms-v1,direct DFT or binary64 FFT of matched frame bytes; direct band sums and EMA,see archived reference; precision not separately recorded,2048,2048,16779264,16779264,2.342587853606146e-07,1.4903825983523968e-07,0.00048828125,unnormalized FFT magnitude,0,0
3aeff8d50243a034,1d587a9f49645b94fbc839d83b150c4b8d03cc5aefe4586546bab21ea4dd21ad,fftw-analysis-float,spec012-confirm-01,2,float,16384,1024,1,1,callback,steady,existing all-output numerical replay,archived-vector-counts,spectrum-norms-v1,direct DFT or binary64 FFT of matched frame bytes; direct band sums and EMA,see archived reference; precision not separately recorded,2048,2048,16779264,16779264,2.342587853606146e-07,1.4903825983523968e-07,0.00048828125,unnormalized FFT magnitude,0,0
3aeff8d50243a034,1d587a9f49645b94fbc839d83b150c4b8d03cc5aefe4586546bab21ea4dd21ad,fftw-analysis-float,spec012-confirm-02,0,float,16384,1024,1,1,callback,steady,existing all-output numerical replay,archived-vector-counts,spectrum-norms-v1,direct DFT or binary64 FFT of matched frame bytes; direct band sums and EMA,see archived reference; precision not separately recorded,2048,2048,16779264,16779264,2.342587853606146e-07,1.4903825983523968e-07,0.00048828125,unnormalized FFT magnitude,0,0
3aeff8d50243a034,1d587a9f49645b94fbc839d83b150c4b8d03cc5aefe4586546bab21ea4dd21ad,fftw-analysis-float,spec012-confirm-02,1,float,16384,1024,1,1,callback,steady,existing all-output numerical replay,archived-vector-counts,spectrum-norms-v1,direct DFT or binary64 FFT of matched frame bytes; direct band sums and EMA,see archived reference; precision not separately recorded,2048,2048,16779264,16779264,2.342587853606146e-07,1.4903825983523968e-07,0.00048828125,unnormalized FFT magnitude,0,0
3aeff8d50243a034,1d587a9f49645b94fbc839d83b150c4b8d03cc5aefe4586546bab21ea4dd21ad,fftw-analysis-float,spec012-confirm-02,2,float,16384,1024,1,1,callback,steady,existing all-output numerical replay,archived-vector-counts,spectrum-norms-v1,direct DFT or binary64 FFT of matched frame bytes; direct band sums and EMA,see archived reference; precision not separately recorded,2048,2048,16779264,16779264,2.342587853606146e-07,1.4903825983523968e-07,0.00048828125,unnormalized FFT magnitude,0,0
3aeff8d50243a034,1d587a9f49645b94fbc839d83b150c4b8d03cc5aefe4586546bab21ea4dd21ad,fftw-analysis-float,spec012-confirm-03,0,float,16384,1024,1,1,callback,steady,existing all-output numerical replay,archived-vector-counts,spectrum-norms-v1,direct DFT or binary64 FFT of matched frame bytes; direct band sums and EMA,see archived reference; precision not separately recorded,2048,2048,16779264,16779264,2.342587853606146e-07,1.4903825983523968e-07,0.00048828125,unnormalized FFT magnitude,0,0
3aeff8d50243a034,1d587a9f49645b94fbc839d83b150c4b8d03cc5aefe4586546bab21ea4dd21ad,fftw-analysis-float,spec012-confirm-03,1,float,16384,1024,1,1,callback,steady,existing all-output numerical replay,archived-vector-counts,spectrum-norms-v1,direct DFT or binary64 FFT of matched frame bytes; direct band sums and EMA,see archived reference; precision not separately recorded,2048,2048,16779264,16779264,2.342587853606146e-07,1.4903825983523968e-07,0.00048828125,unnormalized FFT magnitude,0,0
3aeff8d50243a034,1d587a9f49645b94fbc839d83b150c4b8d03cc5aefe4586546bab21ea4dd21ad,fftw-analysis-float,spec012-confirm-03,2,float,16384,1024,1,1,callback,steady,existing all-output numerical replay,archived-vector-counts,spectrum-norms-v1,direct DFT or binary64 FFT of matched frame bytes; direct band sums and EMA,see archived reference; precision not separately recorded,2048,2048,16779264,16779264,2.342587853606146e-07,1.4903825983523968e-07,0.00048828125,unnormalized FFT magnitude,0,0
3aeff8d50243a034,1da32840d8b01a5f0d61a9a759b5ebf1d2bbf06502b5c8c21e26782f2095c0da,pffft-analysis-float,spec012-confirm-01,0,float,4096,1024,1,1,throughput,steady,existing all-output numerical replay,archived-vector-counts,spectrum-norms-v1,direct DFT or binary64 FFT of matched frame bytes; direct band sums and EMA,see archived reference; precision not separately recorded,2048,2048,4196352,4196352,2.0198579984200523e-07,1.4903790443764086e-07,0.0001220703125,unnormalized FFT magnitude,0,0
3aeff8d50243a034,1da32840d8b01a5f0d61a9a759b5ebf1d2bbf06502b5c8c21e26782f2095c0da,pffft-analysis-float,spec012-confirm-01,1,float,4096,1024,1,1,throughput,steady,existing all-output numerical replay,archived-vector-counts,spectrum-norms-v1,direct DFT or binary64 FFT of matched frame bytes; direct band sums and EMA,see archived reference; precision not separately recorded,2048,2048,4196352,4196352,2.0198579984200523e-07,1.4903790443764086e-07,0.0001220703125,unnormalized FFT magnitude,0,0
3aeff8d50243a034,1da32840d8b01a5f0d61a9a759b5ebf1d2bbf06502b5c8c21e26782f2095c0da,pffft-analysis-float,spec012-confirm-01,2,float,4096,1024,1,1,throughput,steady,existing all-output numerical replay,archived-vector-counts,spectrum-norms-v1,direct DFT or binary64 FFT of matched frame bytes; direct band sums and EMA,see archived reference; precision not separately recorded,2048,2048,4196352,4196352,2.0198579984200523e-07,1.4903790443764086e-07,0.0001220703125,unnormalized FFT magnitude,0,0
3aeff8d50243a034,1da32840d8b01a5f0d61a9a759b5ebf1d2bbf06502b5c8c21e26782f2095c0da,pffft-analysis-float,spec012-confirm-02,0,float,4096,1024,1,1,throughput,steady,existing all-output numerical replay,archived-vector-counts,spectrum-norms-v1,direct DFT or binary64 FFT of matched frame bytes; direct band sums and EMA,see archived reference; precision not separately recorded,2048,2048,4196352,4196352,2.0198579984200523e-07,1.4903790443764086e-07,0.0001220703125,unnormalized FFT magnitude,0,0
3aeff8d50243a034,1da32840d8b01a5f0d61a9a759b5ebf1d2bbf06502b5c8c21e26782f2095c0da,pffft-analysis-float,spec012-confirm-02,1,float,4096,1024,1,1,throughput,steady,existing all-output numerical replay,archived-vector-counts,spectrum-norms-v1,direct DFT or binary64 FFT of matched frame bytes; direct band sums and EMA,see archived reference; precision not separately recorded,2048,2048,4196352,4196352,2.0198579984200523e-07,1.4903790443764086e-07,0.0001220703125,unnormalized FFT magnitude,0,0
3aeff8d50243a034,1da32840d8b01a5f0d61a9a759b5ebf1d2bbf06502b5c8c21e26782f2095c0da,pffft-analysis-float,spec012-confirm-02,2,float,4096,1024,1,1,throughput,steady,existing all-output numerical replay,archived-vector-counts,spectrum-norms-v1,direct DFT or binary64 FFT of matched frame bytes; direct band sums and EMA,see archived reference; precision not separately recorded,2048,2048,4196352,4196352,2.0198579984200523e-07,1.4903790443764086e-07,0.0001220703125,unnormalized FFT magnitude,0,0
3aeff8d50243a034,1da32840d8b01a5f0d61a9a759b5ebf1d2bbf06502b5c8c21e26782f2095c0da,pffft-analysis-float,spec012-confirm-03,0,float,4096,1024,1,1,throughput,steady,existing all-output numerical replay,archived-vector-counts,spectrum-norms-v1,direct DFT or binary64 FFT of matched frame bytes; direct band sums and EMA,see archived reference; precision not separately recorded,2048,2048,4196352,4196352,2.0198579984200523e-07,1.4903790443764086e-07,0.0001220703125,unnormalized FFT magnitude,0,0
3aeff8d50243a034,1da32840d8b01a5f0d61a9a759b5ebf1d2bbf06502b5c8c21e26782f2095c0da,pffft-analysis-float,spec012-confirm-03,1,float,4096,1024,1,1,throughput,steady,existing all-output numerical replay,archived-vector-counts,spectrum-norms-v1,direct DFT or binary64 FFT of matched frame bytes; direct band sums and EMA,see archived reference; precision not separately recorded,2048,2048,4196352,4196352,2.0198579984200523e-07,1.4903790443764086e-07,0.0001220703125,unnormalized FFT magnitude,0,0
3aeff8d50243a034,1da32840d8b01a5f0d61a9a759b5ebf1d2bbf06502b5c8c21e26782f2095c0da,pffft-analysis-float,spec012-confirm-03,2,float,4096,1024,1,1,throughput,steady,existing all-output numerical replay,archived-vector-counts,spectrum-norms-v1,direct DFT or binary64 FFT of matched frame bytes; direct band sums and EMA,see archived reference; precision not separately recorded,2048,2048,4196352,4196352,2.0198579984200523e-07,1.4903790443764086e-07,0.0001220703125,unnormalized FFT magnitude,0,0
3aeff8d50243a034,1ebedbc35f81de3b1876271b28ee3bcff159023638e70bea128c0f2ae52d98c8,pffft-analysis-float,spec012-confirm-01,0,float,16384,1024,1,1,callback,steady,existing all-output numerical replay,archived-vector-counts,spectrum-norms-v1,direct DFT or binary64 FFT of matched frame bytes; direct band sums and EMA,see archived reference; precision not separately recorded,2048,2048,16779264,16779264,1.222607767483183e-07,1.1919512301234683e-07,0.00048828125,unnormalized FFT magnitude,0,32
3aeff8d50243a034,1ebedbc35f81de3b1876271b28ee3bcff159023638e70bea128c0f2ae52d98c8,pffft-analysis-float,spec012-confirm-01,1,float,16384,1024,1,1,callback,steady,existing all-output numerical replay,archived-vector-counts,spectrum-norms-v1,direct DFT or binary64 FFT of matched frame bytes; direct band sums and EMA,see archived reference; precision not separately recorded,2048,2048,16779264,16779264,1.222607767483183e-07,1.1919512301234683e-07,0.00048828125,unnormalized FFT magnitude,0,32
3aeff8d50243a034,1ebedbc35f81de3b1876271b28ee3bcff159023638e70bea128c0f2ae52d98c8,pffft-analysis-float,spec012-confirm-01,2,float,16384,1024,1,1,callback,steady,existing all-output numerical replay,archived-vector-counts,spectrum-norms-v1,direct DFT or binary64 FFT of matched frame bytes; direct band sums and EMA,see archived reference; precision not separately recorded,2048,2048,16779264,16779264,1.222607767483183e-07,1.1919512301234683e-07,0.00048828125,unnormalized FFT magnitude,0,32
3aeff8d50243a034,1ebedbc35f81de3b1876271b28ee3bcff159023638e70bea128c0f2ae52d98c8,pffft-analysis-float,spec012-confirm-02,0,float,16384,1024,1,1,callback,steady,existing all-output numerical replay,archived-vector-counts,spectrum-norms-v1,direct DFT or binary64 FFT of matched frame bytes; direct band sums and EMA,see archived reference; precision not separately recorded,2048,2048,16779264,16779264,1.222607767483183e-07,1.1919512301234683e-07,0.00048828125,unnormalized FFT magnitude,0,32
3aeff8d50243a034,1ebedbc35f81de3b1876271b28ee3bcff159023638e70bea128c0f2ae52d98c8,pffft-analysis-float,spec012-confirm-02,1,float,16384,1024,1,1,callback,steady,existing all-output numerical replay,archived-vector-counts,spectrum-norms-v1,direct DFT or binary64 FFT of matched frame bytes; direct band sums and EMA,see archived reference; precision not separately recorded,2048,2048,16779264,16779264,1.222607767483183e-07,1.1919512301234683e-07,0.00048828125,unnormalized FFT magnitude,0,32
3aeff8d50243a034,1ebedbc35f81de3b1876271b28ee3bcff159023638e70bea128c0f2ae52d98c8,pffft-analysis-float,spec012-confirm-02,2,float,16384,1024,1,1,callback,steady,existing all-output numerical replay,archived-vector-counts,spectrum-norms-v1,direct DFT or binary64 FFT of matched frame bytes; direct band sums and EMA,see archived reference; precision not separately recorded,2048,2048,16779264,16779264,1.222607767483183e-07,1.1919512301234683e-07,0.00048828125,unnormalized FFT magnitude,0,32
3aeff8d50243a034,1ebedbc35f81de3b1876271b28ee3bcff159023638e70bea128c0f2ae52d98c8,pffft-analysis-float,spec012-confirm-03,0,float,16384,1024,1,1,callback,steady,existing all-output numerical replay,archived-vector-counts,spectrum-norms-v1,direct DFT or binary64 FFT of matched frame bytes; direct band sums and EMA,see archived reference; precision not separately recorded,2048,2048,16779264,16779264,1.222607767483183e-07,1.1919512301234683e-07,0.00048828125,unnormalized FFT magnitude,0,32
3aeff8d50243a034,1ebedbc35f81de3b1876271b28ee3bcff159023638e70bea128c0f2ae52d98c8,pffft-analysis-float,spec012-confirm-03,1,float,16384,1024,1,1,callback,steady,existing all-output numerical replay,archived-vector-counts,spectrum-norms-v1,direct DFT or binary64 FFT of matched frame bytes; direct band sums and EMA,see archived reference; precision not separately recorded,2048,2048,16779264,16779264,1.222607767483183e-07,1.1919512301234683e-07,0.00048828125,unnormalized FFT magnitude,0,32
3aeff8d50243a034,1ebedbc35f81de3b1876271b28ee3bcff159023638e70bea128c0f2ae52d98c8,pffft-analysis-float,spec012-confirm-03,2,float,16384,1024,1,1,callback,steady,existing all-output numerical replay,archived-vector-counts,spectrum-norms-v1,direct DFT or binary64 FFT of matched frame bytes; direct band sums and EMA,see archived reference; precision not separately recorded,2048,2048,16779264,16779264,1.222607767483183e-07,1.1919512301234683e-07,0.00048828125,unnormalized FFT magnitude,0,32
3aeff8d50243a034,1f491fb62043a645f5827ac5c9abcd76e1d396b7c0f1adafdcd1f336518375fc,core-float,spec012-confirm-01,0,float,16384,1024,1,1,throughput,steady,full,all-publications-v1,spectrum-norms-v1,independent recursive binary64 FFT / direct DFT; matched float windows; direct bands and EMA,binary64 FFT / long-double direct DFT,2048,2048,16779264,16779264,2.428253746068979e-07,2.832279085325651e-07,0.0011609792709350586,unnormalized FFT magnitude,0,2560
3aeff8d50243a034,1f491fb62043a645f5827ac5c9abcd76e1d396b7c0f1adafdcd1f336518375fc,core-float,spec012-confirm-01,1,float,16384,1024,1,1,throughput,steady,full,all-publications-v1,spectrum-norms-v1,independent recursive binary64 FFT / direct DFT; matched float windows; direct bands and EMA,binary64 FFT / long-double direct DFT,2048,2048,16779264,16779264,2.428253746068979e-07,2.832279085325651e-07,0.0011609792709350586,unnormalized FFT magnitude,0,2560
3aeff8d50243a034,1f491fb62043a645f5827ac5c9abcd76e1d396b7c0f1adafdcd1f336518375fc,core-float,spec012-confirm-01,2,float,16384,1024,1,1,throughput,steady,full,all-publications-v1,spectrum-norms-v1,independent recursive binary64 FFT / direct DFT; matched float windows; direct bands and EMA,binary64 FFT / long-double direct DFT,2048,2048,16779264,16779264,2.428253746068979e-07,2.832279085325651e-07,0.0011609792709350586,unnormalized FFT magnitude,0,2560
3aeff8d50243a034,1f491fb62043a645f5827ac5c9abcd76e1d396b7c0f1adafdcd1f336518375fc,core-float,spec012-confirm-02,0,float,16384,1024,1,1,throughput,steady,full,all-publications-v1,spectrum-norms-v1,independent recursive binary64 FFT / direct DFT; matched float windows; direct bands and EMA,binary64 FFT / long-double direct DFT,2048,2048,16779264,16779264,2.428253746068979e-07,2.832279085325651e-07,0.0011609792709350586,unnormalized FFT magnitude,0,2560
3aeff8d50243a034,1f491fb62043a645f5827ac5c9abcd76e1d396b7c0f1adafdcd1f336518375fc,core-float,spec012-confirm-02,1,float,16384,1024,1,1,throughput,steady,full,all-publications-v1,spectrum-norms-v1,independent recursive binary64 FFT / direct DFT; matched float windows; direct bands and EMA,binary64 FFT / long-double direct DFT,2048,2048,16779264,16779264,2.428253746068979e-07,2.832279085325651e-07,0.0011609792709350586,unnormalized FFT magnitude,0,2560
3aeff8d50243a034,1f491fb62043a645f5827ac5c9abcd76e1d396b7c0f1adafdcd1f336518375fc,core-float,spec012-confirm-02,2,float,16384,1024,1,1,throughput,steady,full,all-publications-v1,spectrum-norms-v1,independent recursive binary64 FFT / direct DFT; matched float windows; direct bands and EMA,binary64 FFT / long-double direct DFT,2048,2048,16779264,16779264,2.428253746068979e-07,2.832279085325651e-07,0.0011609792709350586,unnormalized FFT magnitude,0,2560
3aeff8d50243a034,1f491fb62043a645f5827ac5c9abcd76e1d396b7c0f1adafdcd1f336518375fc,core-float,spec012-confirm-03,0,float,16384,1024,1,1,throughput,steady,full,all-publications-v1,spectrum-norms-v1,independent recursive binary64 FFT / direct DFT; matched float windows; direct bands and EMA,binary64 FFT / long-double direct DFT,2048,2048,16779264,16779264,2.428253746068979e-07,2.832279085325651e-07,0.0011609792709350586,unnormalized FFT magnitude,0,2560
3aeff8d50243a034,1f491fb62043a645f5827ac5c9abcd76e1d396b7c0f1adafdcd1f336518375fc,core-float,spec012-confirm-03,1,float,16384,1024,1,1,throughput,steady,full,all-publications-v1,spectrum-norms-v1,independent recursive binary64 FFT / direct DFT; matched float windows; direct bands and EMA,binary64 FFT / long-double direct DFT,2048,2048,16779264,16779264,2.428253746068979e-07,2.832279085325651e-07,0.0011609792709350586,unnormalized FFT magnitude,0,2560
3aeff8d50243a034,1f491fb62043a645f5827ac5c9abcd76e1d396b7c0f1adafdcd1f336518375fc,core-float,spec012-confirm-03,2,float,16384,1024,1,1,throughput,steady,full,all-publications-v1,spectrum-norms-v1,independent recursive binary64 FFT / direct DFT; matched float windows; direct bands and EMA,binary64 FFT / long-double direct DFT,2048,2048,16779264,16779264,2.428253746068979e-07,2.832279085325651e-07,0.0011609792709350586,unnormalized FFT magnitude,0,2560
3aeff8d50243a034,1f5220db66b692ca42ca75bf524f6e41968413e77cce58f192f0f959680de9e2,legacy-incremental-float,spec012-confirm-01,0,float,2048,1024,1,1,callback,steady,full,all-publications-v1,spectrum-norms-v1,independent recursive binary64 FFT / direct DFT; matched float windows; direct bands and EMA,binary64 FFT / long-double direct DFT,2048,2048,2099200,2099200,2.15934702845581e-07,2.794693895227653e-07,0.00014317035675048828,unnormalized FFT magnitude,0,0
3aeff8d50243a034,1f5220db66b692ca42ca75bf524f6e41968413e77cce58f192f0f959680de9e2,legacy-incremental-float,spec012-confirm-01,1,float,2048,1024,1,1,callback,steady,full,all-publications-v1,spectrum-norms-v1,independent recursive binary64 FFT / direct DFT; matched float windows; direct bands and EMA,binary64 FFT / long-double direct DFT,2048,2048,2099200,2099200,2.15934702845581e-07,2.794693895227653e-07,0.00014317035675048828,unnormalized FFT magnitude,0,0
3aeff8d50243a034,1f5220db66b692ca42ca75bf524f6e41968413e77cce58f192f0f959680de9e2,legacy-incremental-float,spec012-confirm-01,2,float,2048,1024,1,1,callback,steady,full,all-publications-v1,spectrum-norms-v1,independent recursive binary64 FFT / direct DFT; matched float windows; direct bands and EMA,binary64 FFT / long-double direct DFT,2048,2048,2099200,2099200,2.15934702845581e-07,2.794693895227653e-07,0.00014317035675048828,unnormalized FFT magnitude,0,0
3aeff8d50243a034,1f5220db66b692ca42ca75bf524f6e41968413e77cce58f192f0f959680de9e2,legacy-incremental-float,spec012-confirm-02,0,float,2048,1024,1,1,callback,steady,full,all-publications-v1,spectrum-norms-v1,independent recursive binary64 FFT / direct DFT; matched float windows; direct bands and EMA,binary64 FFT / long-double direct DFT,2048,2048,2099200,2099200,2.15934702845581e-07,2.794693895227653e-07,0.00014317035675048828,unnormalized FFT magnitude,0,0
3aeff8d50243a034,1f5220db66b692ca42ca75bf524f6e41968413e77cce58f192f0f959680de9e2,legacy-incremental-float,spec012-confirm-02,1,float,2048,1024,1,1,callback,steady,full,all-publications-v1,spectrum-norms-v1,independent recursive binary64 FFT / direct DFT; matched float windows; direct bands and EMA,binary64 FFT / long-double direct DFT,2048,2048,2099200,2099200,2.15934702845581e-07,2.794693895227653e-07,0.00014317035675048828,unnormalized FFT magnitude,0,0
3aeff8d50243a034,1f5220db66b692ca42ca75bf524f6e41968413e77cce58f192f0f959680de9e2,legacy-incremental-float,spec012-confirm-02,2,float,2048,1024,1,1,callback,steady,full,all-publications-v1,spectrum-norms-v1,independent recursive binary64 FFT / direct DFT; matched float windows; direct bands and EMA,binary64 FFT / long-double direct DFT,2048,2048,2099200,2099200,2.15934702845581e-07,2.794693895227653e-07,0.00014317035675048828,unnormalized FFT magnitude,0,0
3aeff8d50243a034,1f5220db66b692ca42ca75bf524f6e41968413e77cce58f192f0f959680de9e2,legacy-incremental-float,spec012-confirm-03,0,float,2048,1024,1,1,callback,steady,full,all-publications-v1,spectrum-norms-v1,independent recursive binary64 FFT / direct DFT; matched float windows; direct bands and EMA,binary64 FFT / long-double direct DFT,2048,2048,2099200,2099200,2.15934702845581e-07,2.794693895227653e-07,0.00014317035675048828,unnormalized FFT magnitude,0,0
3aeff8d50243a034,1f5220db66b692ca42ca75bf524f6e41968413e77cce58f192f0f959680de9e2,legacy-incremental-float,spec012-confirm-03,1,float,2048,1024,1,1,callback,steady,full,all-publications-v1,spectrum-norms-v1,independent recursive binary64 FFT / direct DFT; matched float windows; direct bands and EMA,binary64 FFT / long-double direct DFT,2048,2048,2099200,2099200,2.15934702845581e-07,2.794693895227653e-07,0.00014317035675048828,unnormalized FFT magnitude,0,0
3aeff8d50243a034,1f5220db66b692ca42ca75bf524f6e41968413e77cce58f192f0f959680de9e2,legacy-incremental-float,spec012-confirm-03,2,float,2048,1024,1,1,callback,steady,full,all-publications-v1,spectrum-norms-v1,independent recursive binary64 FFT / direct DFT; matched float windows; direct bands and EMA,binary64 FFT / long-double direct DFT,2048,2048,2099200,2099200,2.15934702845581e-07,2.794693895227653e-07,0.00014317035675048828,unnormalized FFT magnitude,0,0
3aeff8d50243a034,22010e1dafa95de7affa9b7b25757ff7f614ef7b1b80991c53adb883577e70e4,fftw-analysis-float,spec012-confirm-01,0,float,4096,1024,1,1,callback,steady,existing all-output numerical replay,archived-vector-counts,spectrum-norms-v1,direct DFT or binary64 FFT of matched frame bytes; direct band sums and EMA,see archived reference; precision not separately recorded,2048,2048,4196352,4196352,1.727469162690182e-07,2.3812060927920297e-07,0.000244140625,unnormalized FFT magnitude,0,0
3aeff8d50243a034,22010e1dafa95de7affa9b7b25757ff7f614ef7b1b80991c53adb883577e70e4,fftw-analysis-float,spec012-confirm-01,1,float,4096,1024,1,1,callback,steady,existing all-output numerical replay,archived-vector-counts,spectrum-norms-v1,direct DFT or binary64 FFT of matched frame bytes; direct band sums and EMA,see archived reference; precision not separately recorded,2048,2048,4196352,4196352,1.727469162690182e-07,2.3812060927920297e-07,0.000244140625,unnormalized FFT magnitude,0,0
3aeff8d50243a034,22010e1dafa95de7affa9b7b25757ff7f614ef7b1b80991c53adb883577e70e4,fftw-analysis-float,spec012-confirm-01,2,float,4096,1024,1,1,callback,steady,existing all-output numerical replay,archived-vector-counts,spectrum-norms-v1,direct DFT or binary64 FFT of matched frame bytes; direct band sums and EMA,see archived reference; precision not separately recorded,2048,2048,4196352,4196352,1.727469162690182e-07,2.3812060927920297e-07,0.000244140625,unnormalized FFT magnitude,0,0
3aeff8d50243a034,22010e1dafa95de7affa9b7b25757ff7f614ef7b1b80991c53adb883577e70e4,fftw-analysis-float,spec012-confirm-02,0,float,4096,1024,1,1,callback,steady,existing all-output numerical replay,archived-vector-counts,spectrum-norms-v1,direct DFT or binary64 FFT of matched frame bytes; direct band sums and EMA,see archived reference; precision not separately recorded,2048,2048,4196352,4196352,1.727469162690182e-07,2.3812060927920297e-07,0.000244140625,unnormalized FFT magnitude,0,0
3aeff8d50243a034,22010e1dafa95de7affa9b7b25757ff7f614ef7b1b80991c53adb883577e70e4,fftw-analysis-float,spec012-confirm-02,1,float,4096,1024,1,1,callback,steady,existing all-output numerical replay,archived-vector-counts,spectrum-norms-v1,direct DFT or binary64 FFT of matched frame bytes; direct band sums and EMA,see archived reference; precision not separately recorded,2048,2048,4196352,4196352,1.727469162690182e-07,2.3812060927920297e-07,0.000244140625,unnormalized FFT magnitude,0,0
3aeff8d50243a034,22010e1dafa95de7affa9b7b25757ff7f614ef7b1b80991c53adb883577e70e4,fftw-analysis-float,spec012-confirm-02,2,float,4096,1024,1,1,callback,steady,existing all-output numerical replay,archived-vector-counts,spectrum-norms-v1,direct DFT or binary64 FFT of matched frame bytes; direct band sums and EMA,see archived reference; precision not separately recorded,2048,2048,4196352,4196352,1.727469162690182e-07,2.3812060927920297e-07,0.000244140625,unnormalized FFT magnitude,0,0
3aeff8d50243a034,22010e1dafa95de7affa9b7b25757ff7f614ef7b1b80991c53adb883577e70e4,fftw-analysis-float,spec012-confirm-03,0,float,4096,1024,1,1,callback,steady,existing all-output numerical replay,archived-vector-counts,spectrum-norms-v1,direct DFT or binary64 FFT of matched frame bytes; direct band sums and EMA,see archived reference; precision not separately recorded,2048,2048,4196352,4196352,1.727469162690182e-07,2.3812060927920297e-07,0.000244140625,unnormalized FFT magnitude,0,0
3aeff8d50243a034,22010e1dafa95de7affa9b7b25757ff7f614ef7b1b80991c53adb883577e70e4,fftw-analysis-float,spec012-confirm-03,1,float,4096,1024,1,1,callback,steady,existing all-output numerical replay,archived-vector-counts,spectrum-norms-v1,direct DFT or binary64 FFT of matched frame bytes; direct band sums and EMA,see archived reference; precision not separately recorded,2048,2048,4196352,4196352,1.727469162690182e-07,2.3812060927920297e-07,0.000244140625,unnormalized FFT magnitude,0,0
3aeff8d50243a034,22010e1dafa95de7affa9b7b25757ff7f614ef7b1b80991c53adb883577e70e4,fftw-analysis-float,spec012-confirm-03,2,float,4096,1024,1,1,callback,steady,existing all-output numerical replay,archived-vector-counts,spectrum-norms-v1,direct DFT or binary64 FFT of matched frame bytes; direct band sums and EMA,see archived reference; precision not separately recorded,2048,2048,4196352,4196352,1.727469162690182e-07,2.3812060927920297e-07,0.000244140625,unnormalized FFT magnitude,0,0
3aeff8d50243a034,2293fd1fec664bb05fb615da26b4e3dcde4fc1be3525fbf03aec2cd5c9adf1b7,pffft-scheduled-batch-float,spec012-confirm-01,0,float,2048,1024,1,1,callback,steady,existing all-output numerical replay,archived-vector-counts,spectrum-norms-v1,direct DFT or binary64 FFT of matched frame bytes; direct band sums and EMA,see archived reference; precision not separately recorded,2048,2048,2099200,2099200,1.2019560717045903e-07,1.191954924079027e-07,6.103515625e-05,unnormalized FFT magnitude,0,0
3aeff8d50243a034,2293fd1fec664bb05fb615da26b4e3dcde4fc1be3525fbf03aec2cd5c9adf1b7,pffft-scheduled-batch-float,spec012-confirm-01,1,float,2048,1024,1,1,callback,steady,existing all-output numerical replay,archived-vector-counts,spectrum-norms-v1,direct DFT or binary64 FFT of matched frame bytes; direct band sums and EMA,see archived reference; precision not separately recorded,2048,2048,2099200,2099200,1.2019560717045903e-07,1.191954924079027e-07,6.103515625e-05,unnormalized FFT magnitude,0,0
3aeff8d50243a034,2293fd1fec664bb05fb615da26b4e3dcde4fc1be3525fbf03aec2cd5c9adf1b7,pffft-scheduled-batch-float,spec012-confirm-01,2,float,2048,1024,1,1,callback,steady,existing all-output numerical replay,archived-vector-counts,spectrum-norms-v1,direct DFT or binary64 FFT of matched frame bytes; direct band sums and EMA,see archived reference; precision not separately recorded,2048,2048,2099200,2099200,1.2019560717045903e-07,1.191954924079027e-07,6.103515625e-05,unnormalized FFT magnitude,0,0
3aeff8d50243a034,2293fd1fec664bb05fb615da26b4e3dcde4fc1be3525fbf03aec2cd5c9adf1b7,pffft-scheduled-batch-float,spec012-confirm-02,0,float,2048,1024,1,1,callback,steady,existing all-output numerical replay,archived-vector-counts,spectrum-norms-v1,direct DFT or binary64 FFT of matched frame bytes; direct band sums and EMA,see archived reference; precision not separately recorded,2048,2048,2099200,2099200,1.2019560717045903e-07,1.191954924079027e-07,6.103515625e-05,unnormalized FFT magnitude,0,0
3aeff8d50243a034,2293fd1fec664bb05fb615da26b4e3dcde4fc1be3525fbf03aec2cd5c9adf1b7,pffft-scheduled-batch-float,spec012-confirm-02,1,float,2048,1024,1,1,callback,steady,existing all-output numerical replay,archived-vector-counts,spectrum-norms-v1,direct DFT or binary64 FFT of matched frame bytes; direct band sums and EMA,see archived reference; precision not separately recorded,2048,2048,2099200,2099200,1.2019560717045903e-07,1.191954924079027e-07,6.103515625e-05,unnormalized FFT magnitude,0,0
3aeff8d50243a034,2293fd1fec664bb05fb615da26b4e3dcde4fc1be3525fbf03aec2cd5c9adf1b7,pffft-scheduled-batch-float,spec012-confirm-02,2,float,2048,1024,1,1,callback,steady,existing all-output numerical replay,archived-vector-counts,spectrum-norms-v1,direct DFT or binary64 FFT of matched frame bytes; direct band sums and EMA,see archived reference; precision not separately recorded,2048,2048,2099200,2099200,1.2019560717045903e-07,1.191954924079027e-07,6.103515625e-05,unnormalized FFT magnitude,0,0
3aeff8d50243a034,2293fd1fec664bb05fb615da26b4e3dcde4fc1be3525fbf03aec2cd5c9adf1b7,pffft-scheduled-batch-float,spec012-confirm-03,0,float,2048,1024,1,1,callback,steady,existing all-output numerical replay,archived-vector-counts,spectrum-norms-v1,direct DFT or binary64 FFT of matched frame bytes; direct band sums and EMA,see archived reference; precision not separately recorded,2048,2048,2099200,2099200,1.2019560717045903e-07,1.191954924079027e-07,6.103515625e-05,unnormalized FFT magnitude,0,0
3aeff8d50243a034,2293fd1fec664bb05fb615da26b4e3dcde4fc1be3525fbf03aec2cd5c9adf1b7,pffft-scheduled-batch-float,spec012-confirm-03,1,float,2048,1024,1,1,callback,steady,existing all-output numerical replay,archived-vector-counts,spectrum-norms-v1,direct DFT or binary64 FFT of matched frame bytes; direct band sums and EMA,see archived reference; precision not separately recorded,2048,2048,2099200,2099200,1.2019560717045903e-07,1.191954924079027e-07,6.103515625e-05,unnormalized FFT magnitude,0,0
3aeff8d50243a034,2293fd1fec664bb05fb615da26b4e3dcde4fc1be3525fbf03aec2cd5c9adf1b7,pffft-scheduled-batch-float,spec012-confirm-03,2,float,2048,1024,1,1,callback,steady,existing all-output numerical replay,archived-vector-counts,spectrum-norms-v1,direct DFT or binary64 FFT of matched frame bytes; direct band sums and EMA,see archived reference; precision not separately recorded,2048,2048,2099200,2099200,1.2019560717045903e-07,1.191954924079027e-07,6.103515625e-05,unnormalized FFT magnitude,0,0
3aeff8d50243a034,236df86d10a86ea4f6cd914f8f1eabfdc12674305f481a6c12d8a5628d3c25e2,pffft-hybrid-float,spec012-confirm-01,0,float,4096,1024,1,1,callback,steady,existing all-output numerical replay,archived-vector-counts,spectrum-norms-v1,direct DFT or binary64 FFT of matched frame bytes; direct band sums and EMA,see archived reference; precision not separately recorded,2048,2048,4196352,4196352,2.0198579984200523e-07,1.4903790443764086e-07,0.0001220703125,unnormalized FFT magnitude,0,0
3aeff8d50243a034,236df86d10a86ea4f6cd914f8f1eabfdc12674305f481a6c12d8a5628d3c25e2,pffft-hybrid-float,spec012-confirm-01,1,float,4096,1024,1,1,callback,steady,existing all-output numerical replay,archived-vector-counts,spectrum-norms-v1,direct DFT or binary64 FFT of matched frame bytes; direct band sums and EMA,see archived reference; precision not separately recorded,2048,2048,4196352,4196352,2.0198579984200523e-07,1.4903790443764086e-07,0.0001220703125,unnormalized FFT magnitude,0,0
3aeff8d50243a034,236df86d10a86ea4f6cd914f8f1eabfdc12674305f481a6c12d8a5628d3c25e2,pffft-hybrid-float,spec012-confirm-01,2,float,4096,1024,1,1,callback,steady,existing all-output numerical replay,archived-vector-counts,spectrum-norms-v1,direct DFT or binary64 FFT of matched frame bytes; direct band sums and EMA,see archived reference; precision not separately recorded,2048,2048,4196352,4196352,2.0198579984200523e-07,1.4903790443764086e-07,0.0001220703125,unnormalized FFT magnitude,0,0
3aeff8d50243a034,236df86d10a86ea4f6cd914f8f1eabfdc12674305f481a6c12d8a5628d3c25e2,pffft-hybrid-float,spec012-confirm-02,0,float,4096,1024,1,1,callback,steady,existing all-output numerical replay,archived-vector-counts,spectrum-norms-v1,direct DFT or binary64 FFT of matched frame bytes; direct band sums and EMA,see archived reference; precision not separately recorded,2048,2048,4196352,4196352,2.0198579984200523e-07,1.4903790443764086e-07,0.0001220703125,unnormalized FFT magnitude,0,0
3aeff8d50243a034,236df86d10a86ea4f6cd914f8f1eabfdc12674305f481a6c12d8a5628d3c25e2,pffft-hybrid-float,spec012-confirm-02,1,float,4096,1024,1,1,callback,steady,existing all-output numerical replay,archived-vector-counts,spectrum-norms-v1,direct DFT or binary64 FFT of matched frame bytes; direct band sums and EMA,see archived reference; precision not separately recorded,2048,2048,4196352,4196352,2.0198579984200523e-07,1.4903790443764086e-07,0.0001220703125,unnormalized FFT magnitude,0,0
3aeff8d50243a034,236df86d10a86ea4f6cd914f8f1eabfdc12674305f481a6c12d8a5628d3c25e2,pffft-hybrid-float,spec012-confirm-02,2,float,4096,1024,1,1,callback,steady,existing all-output numerical replay,archived-vector-counts,spectrum-norms-v1,direct DFT or binary64 FFT of matched frame bytes; direct band sums and EMA,see archived reference; precision not separately recorded,2048,2048,4196352,4196352,2.0198579984200523e-07,1.4903790443764086e-07,0.0001220703125,unnormalized FFT magnitude,0,0
3aeff8d50243a034,236df86d10a86ea4f6cd914f8f1eabfdc12674305f481a6c12d8a5628d3c25e2,pffft-hybrid-float,spec012-confirm-03,0,float,4096,1024,1,1,callback,steady,existing all-output numerical replay,archived-vector-counts,spectrum-norms-v1,direct DFT or binary64 FFT of matched frame bytes; direct band sums and EMA,see archived reference; precision not separately recorded,2048,2048,4196352,4196352,2.0198579984200523e-07,1.4903790443764086e-07,0.0001220703125,unnormalized FFT magnitude,0,0
3aeff8d50243a034,236df86d10a86ea4f6cd914f8f1eabfdc12674305f481a6c12d8a5628d3c25e2,pffft-hybrid-float,spec012-confirm-03,1,float,4096,1024,1,1,callback,steady,existing all-output numerical replay,archived-vector-counts,spectrum-norms-v1,direct DFT or binary64 FFT of matched frame bytes; direct band sums and EMA,see archived reference; precision not separately recorded,2048,2048,4196352,4196352,2.0198579984200523e-07,1.4903790443764086e-07,0.0001220703125,unnormalized FFT magnitude,0,0
3aeff8d50243a034,236df86d10a86ea4f6cd914f8f1eabfdc12674305f481a6c12d8a5628d3c25e2,pffft-hybrid-float,spec012-confirm-03,2,float,4096,1024,1,1,callback,steady,existing all-output numerical replay,archived-vector-counts,spectrum-norms-v1,direct DFT or binary64 FFT of matched frame bytes; direct band sums and EMA,see archived reference; precision not separately recorded,2048,2048,4196352,4196352,2.0198579984200523e-07,1.4903790443764086e-07,0.0001220703125,unnormalized FFT magnitude,0,0
3aeff8d50243a034,2381ef7fc8bcd4596066b07b2ec698397affc23927c02be2ab738c85c55655e6,legacy-batch-float,spec012-confirm-01,0,float,2048,1024,1,1,throughput,steady,full,all-publications-v1,spectrum-norms-v1,independent recursive binary64 FFT / direct DFT; matched float windows; direct bands and EMA,binary64 FFT / long-double direct DFT,2048,2048,2099200,2099200,2.15934702845581e-07,2.794693895227653e-07,0.00014317035675048828,unnormalized FFT magnitude,0,0
3aeff8d50243a034,2381ef7fc8bcd4596066b07b2ec698397affc23927c02be2ab738c85c55655e6,legacy-batch-float,spec012-confirm-01,1,float,2048,1024,1,1,throughput,steady,full,all-publications-v1,spectrum-norms-v1,independent recursive binary64 FFT / direct DFT; matched float windows; direct bands and EMA,binary64 FFT / long-double direct DFT,2048,2048,2099200,2099200,2.15934702845581e-07,2.794693895227653e-07,0.00014317035675048828,unnormalized FFT magnitude,0,0
3aeff8d50243a034,2381ef7fc8bcd4596066b07b2ec698397affc23927c02be2ab738c85c55655e6,legacy-batch-float,spec012-confirm-01,2,float,2048,1024,1,1,throughput,steady,full,all-publications-v1,spectrum-norms-v1,independent recursive binary64 FFT / direct DFT; matched float windows; direct bands and EMA,binary64 FFT / long-double direct DFT,2048,2048,2099200,2099200,2.15934702845581e-07,2.794693895227653e-07,0.00014317035675048828,unnormalized FFT magnitude,0,0
3aeff8d50243a034,2381ef7fc8bcd4596066b07b2ec698397affc23927c02be2ab738c85c55655e6,legacy-batch-float,spec012-confirm-02,0,float,2048,1024,1,1,throughput,steady,full,all-publications-v1,spectrum-norms-v1,independent recursive binary64 FFT / direct DFT; matched float windows; direct bands and EMA,binary64 FFT / long-double direct DFT,2048,2048,2099200,2099200,2.15934702845581e-07,2.794693895227653e-07,0.00014317035675048828,unnormalized FFT magnitude,0,0
3aeff8d50243a034,2381ef7fc8bcd4596066b07b2ec698397affc23927c02be2ab738c85c55655e6,legacy-batch-float,spec012-confirm-02,1,float,2048,1024,1,1,throughput,steady,full,all-publications-v1,spectrum-norms-v1,independent recursive binary64 FFT / direct DFT; matched float windows; direct bands and EMA,binary64 FFT / long-double direct DFT,2048,2048,2099200,2099200,2.15934702845581e-07,2.794693895227653e-07,0.00014317035675048828,unnormalized FFT magnitude,0,0
3aeff8d50243a034,2381ef7fc8bcd4596066b07b2ec698397affc23927c02be2ab738c85c55655e6,legacy-batch-float,spec012-confirm-02,2,float,2048,1024,1,1,throughput,steady,full,all-publications-v1,spectrum-norms-v1,independent recursive binary64 FFT / direct DFT; matched float windows; direct bands and EMA,binary64 FFT / long-double direct DFT,2048,2048,2099200,2099200,2.15934702845581e-07,2.794693895227653e-07,0.00014317035675048828,unnormalized FFT magnitude,0,0
3aeff8d50243a034,2381ef7fc8bcd4596066b07b2ec698397affc23927c02be2ab738c85c55655e6,legacy-batch-float,spec012-confirm-03,0,float,2048,1024,1,1,throughput,steady,full,all-publications-v1,spectrum-norms-v1,independent recursive binary64 FFT / direct DFT; matched float windows; direct bands and EMA,binary64 FFT / long-double direct DFT,2048,2048,2099200,2099200,2.15934702845581e-07,2.794693895227653e-07,0.00014317035675048828,unnormalized FFT magnitude,0,0
3aeff8d50243a034,2381ef7fc8bcd4596066b07b2ec698397affc23927c02be2ab738c85c55655e6,legacy-batch-float,spec012-confirm-03,1,float,2048,1024,1,1,throughput,steady,full,all-publications-v1,spectrum-norms-v1,independent recursive binary64 FFT / direct DFT; matched float windows; direct bands and EMA,binary64 FFT / long-double direct DFT,2048,2048,2099200,2099200,2.15934702845581e-07,2.794693895227653e-07,0.00014317035675048828,unnormalized FFT magnitude,0,0
3aeff8d50243a034,2381ef7fc8bcd4596066b07b2ec698397affc23927c02be2ab738c85c55655e6,legacy-batch-float,spec012-confirm-03,2,float,2048,1024,1,1,throughput,steady,full,all-publications-v1,spectrum-norms-v1,independent recursive binary64 FFT / direct DFT; matched float windows; direct bands and EMA,binary64 FFT / long-double direct DFT,2048,2048,2099200,2099200,2.15934702845581e-07,2.794693895227653e-07,0.00014317035675048828,unnormalized FFT magnitude,0,0
3aeff8d50243a034,23b7b8ad600d89af4b3a6c7befdef97503b38b976ac47d1e6a01bc429cea506a,legacy-incremental-float,spec012-confirm-01,0,float,2048,1024,1,1,throughput,steady,full,all-publications-v1,spectrum-norms-v1,independent recursive binary64 FFT / direct DFT; matched float windows; direct bands and EMA,binary64 FFT / long-double direct DFT,2048,2048,2099200,2099200,1.7896422314979908e-07,2.2354712809377118e-07,9.1552734375e-05,unnormalized FFT magnitude,0,0
3aeff8d50243a034,23b7b8ad600d89af4b3a6c7befdef97503b38b976ac47d1e6a01bc429cea506a,legacy-incremental-float,spec012-confirm-01,1,float,2048,1024,1,1,throughput,steady,full,all-publications-v1,spectrum-norms-v1,independent recursive binary64 FFT / direct DFT; matched float windows; direct bands and EMA,binary64 FFT / long-double direct DFT,2048,2048,2099200,2099200,1.7896422314979908e-07,2.2354712809377118e-07,9.1552734375e-05,unnormalized FFT magnitude,0,0
3aeff8d50243a034,23b7b8ad600d89af4b3a6c7befdef97503b38b976ac47d1e6a01bc429cea506a,legacy-incremental-float,spec012-confirm-01,2,float,2048,1024,1,1,throughput,steady,full,all-publications-v1,spectrum-norms-v1,independent recursive binary64 FFT / direct DFT; matched float windows; direct bands and EMA,binary64 FFT / long-double direct DFT,2048,2048,2099200,2099200,1.7896422314979908e-07,2.2354712809377118e-07,9.1552734375e-05,unnormalized FFT magnitude,0,0
3aeff8d50243a034,23b7b8ad600d89af4b3a6c7befdef97503b38b976ac47d1e6a01bc429cea506a,legacy-incremental-float,spec012-confirm-02,0,float,2048,1024,1,1,throughput,steady,full,all-publications-v1,spectrum-norms-v1,independent recursive binary64 FFT / direct DFT; matched float windows; direct bands and EMA,binary64 FFT / long-double direct DFT,2048,2048,2099200,2099200,1.7896422314979908e-07,2.2354712809377118e-07,9.1552734375e-05,unnormalized FFT magnitude,0,0
3aeff8d50243a034,23b7b8ad600d89af4b3a6c7befdef97503b38b976ac47d1e6a01bc429cea506a,legacy-incremental-float,spec012-confirm-02,1,float,2048,1024,1,1,throughput,steady,full,all-publications-v1,spectrum-norms-v1,independent recursive binary64 FFT / direct DFT; matched float windows; direct bands and EMA,binary64 FFT / long-double direct DFT,2048,2048,2099200,2099200,1.7896422314979908e-07,2.2354712809377118e-07,9.1552734375e-05,unnormalized FFT magnitude,0,0
3aeff8d50243a034,23b7b8ad600d89af4b3a6c7befdef97503b38b976ac47d1e6a01bc429cea506a,legacy-incremental-float,spec012-confirm-02,2,float,2048,1024,1,1,throughput,steady,full,all-publications-v1,spectrum-norms-v1,independent recursive binary64 FFT / direct DFT; matched float windows; direct bands and EMA,binary64 FFT / long-double direct DFT,2048,2048,2099200,2099200,1.7896422314979908e-07,2.2354712809377118e-07,9.1552734375e-05,unnormalized FFT magnitude,0,0
3aeff8d50243a034,23b7b8ad600d89af4b3a6c7befdef97503b38b976ac47d1e6a01bc429cea506a,legacy-incremental-float,spec012-confirm-03,0,float,2048,1024,1,1,throughput,steady,full,all-publications-v1,spectrum-norms-v1,independent recursive binary64 FFT / direct DFT; matched float windows; direct bands and EMA,binary64 FFT / long-double direct DFT,2048,2048,2099200,2099200,1.7896422314979908e-07,2.2354712809377118e-07,9.1552734375e-05,unnormalized FFT magnitude,0,0
3aeff8d50243a034,23b7b8ad600d89af4b3a6c7befdef97503b38b976ac47d1e6a01bc429cea506a,legacy-incremental-float,spec012-confirm-03,1,float,2048,1024,1,1,throughput,steady,full,all-publications-v1,spectrum-norms-v1,independent recursive binary64 FFT / direct DFT; matched float windows; direct bands and EMA,binary64 FFT / long-double direct DFT,2048,2048,2099200,2099200,1.7896422314979908e-07,2.2354712809377118e-07,9.1552734375e-05,unnormalized FFT magnitude,0,0
3aeff8d50243a034,23b7b8ad600d89af4b3a6c7befdef97503b38b976ac47d1e6a01bc429cea506a,legacy-incremental-float,spec012-confirm-03,2,float,2048,1024,1,1,throughput,steady,full,all-publications-v1,spectrum-norms-v1,independent recursive binary64 FFT / direct DFT; matched float windows; direct bands and EMA,binary64 FFT / long-double direct DFT,2048,2048,2099200,2099200,1.7896422314979908e-07,2.2354712809377118e-07,9.1552734375e-05,unnormalized FFT magnitude,0,0
3aeff8d50243a034,23f56cf4dc91c2213e5b74aa89db976afdc2b38ab30ec764e3c885b152787587,pffft-hybrid-float,spec012-confirm-01,0,float,4096,1024,1,1,callback,steady,existing all-output numerical replay,archived-vector-counts,spectrum-norms-v1,direct DFT or binary64 FFT of matched frame bytes; direct band sums and EMA,see archived reference; precision not separately recorded,2048,2048,4196352,4196352,1.651287305471812e-07,2.3812060927920297e-07,0.000244140625,unnormalized FFT magnitude,0,0
3aeff8d50243a034,23f56cf4dc91c2213e5b74aa89db976afdc2b38ab30ec764e3c885b152787587,pffft-hybrid-float,spec012-confirm-01,1,float,4096,1024,1,1,callback,steady,existing all-output numerical replay,archived-vector-counts,spectrum-norms-v1,direct DFT or binary64 FFT of matched frame bytes; direct band sums and EMA,see archived reference; precision not separately recorded,2048,2048,4196352,4196352,1.651287305471812e-07,2.3812060927920297e-07,0.000244140625,unnormalized FFT magnitude,0,0
3aeff8d50243a034,23f56cf4dc91c2213e5b74aa89db976afdc2b38ab30ec764e3c885b152787587,pffft-hybrid-float,spec012-confirm-01,2,float,4096,1024,1,1,callback,steady,existing all-output numerical replay,archived-vector-counts,spectrum-norms-v1,direct DFT or binary64 FFT of matched frame bytes; direct band sums and EMA,see archived reference; precision not separately recorded,2048,2048,4196352,4196352,1.651287305471812e-07,2.3812060927920297e-07,0.000244140625,unnormalized FFT magnitude,0,0
3aeff8d50243a034,23f56cf4dc91c2213e5b74aa89db976afdc2b38ab30ec764e3c885b152787587,pffft-hybrid-float,spec012-confirm-02,0,float,4096,1024,1,1,callback,steady,existing all-output numerical replay,archived-vector-counts,spectrum-norms-v1,direct DFT or binary64 FFT of matched frame bytes; direct band sums and EMA,see archived reference; precision not separately recorded,2048,2048,4196352,4196352,1.651287305471812e-07,2.3812060927920297e-07,0.000244140625,unnormalized FFT magnitude,0,0
3aeff8d50243a034,23f56cf4dc91c2213e5b74aa89db976afdc2b38ab30ec764e3c885b152787587,pffft-hybrid-float,spec012-confirm-02,1,float,4096,1024,1,1,callback,steady,existing all-output numerical replay,archived-vector-counts,spectrum-norms-v1,direct DFT or binary64 FFT of matched frame bytes; direct band sums and EMA,see archived reference; precision not separately recorded,2048,2048,4196352,4196352,1.651287305471812e-07,2.3812060927920297e-07,0.000244140625,unnormalized FFT magnitude,0,0
3aeff8d50243a034,23f56cf4dc91c2213e5b74aa89db976afdc2b38ab30ec764e3c885b152787587,pffft-hybrid-float,spec012-confirm-02,2,float,4096,1024,1,1,callback,steady,existing all-output numerical replay,archived-vector-counts,spectrum-norms-v1,direct DFT or binary64 FFT of matched frame bytes; direct band sums and EMA,see archived reference; precision not separately recorded,2048,2048,4196352,4196352,1.651287305471812e-07,2.3812060927920297e-07,0.000244140625,unnormalized FFT magnitude,0,0
3aeff8d50243a034,23f56cf4dc91c2213e5b74aa89db976afdc2b38ab30ec764e3c885b152787587,pffft-hybrid-float,spec012-confirm-03,0,float,4096,1024,1,1,callback,steady,existing all-output numerical replay,archived-vector-counts,spectrum-norms-v1,direct DFT or binary64 FFT of matched frame bytes; direct band sums and EMA,see archived reference; precision not separately recorded,2048,2048,4196352,4196352,1.651287305471812e-07,2.3812060927920297e-07,0.000244140625,unnormalized FFT magnitude,0,0
3aeff8d50243a034,23f56cf4dc91c2213e5b74aa89db976afdc2b38ab30ec764e3c885b152787587,pffft-hybrid-float,spec012-confirm-03,1,float,4096,1024,1,1,callback,steady,existing all-output numerical replay,archived-vector-counts,spectrum-norms-v1,direct DFT or binary64 FFT of matched frame bytes; direct band sums and EMA,see archived reference; precision not separately recorded,2048,2048,4196352,4196352,1.651287305471812e-07,2.3812060927920297e-07,0.000244140625,unnormalized FFT magnitude,0,0
3aeff8d50243a034,23f56cf4dc91c2213e5b74aa89db976afdc2b38ab30ec764e3c885b152787587,pffft-hybrid-float,spec012-confirm-03,2,float,4096,1024,1,1,callback,steady,existing all-output numerical replay,archived-vector-counts,spectrum-norms-v1,direct DFT or binary64 FFT of matched frame bytes; direct band sums and EMA,see archived reference; precision not separately recorded,2048,2048,4196352,4196352,1.651287305471812e-07,2.3812060927920297e-07,0.000244140625,unnormalized FFT magnitude,0,0
3aeff8d50243a034,24d4f9e9199523564dcc3e5286c1e45dc8816210bf406c4d9e1799a2bd531919,legacy-batch-float,spec012-confirm-01,0,float,2048,1024,1,1,throughput,steady,full,all-publications-v1,spectrum-norms-v1,independent recursive binary64 FFT / direct DFT; matched float windows; direct bands and EMA,binary64 FFT / long-double direct DFT,2048,2048,2099200,2099200,1.7896422314979908e-07,2.2354712809377118e-07,9.1552734375e-05,unnormalized FFT magnitude,0,0
3aeff8d50243a034,24d4f9e9199523564dcc3e5286c1e45dc8816210bf406c4d9e1799a2bd531919,legacy-batch-float,spec012-confirm-01,1,float,2048,1024,1,1,throughput,steady,full,all-publications-v1,spectrum-norms-v1,independent recursive binary64 FFT / direct DFT; matched float windows; direct bands and EMA,binary64 FFT / long-double direct DFT,2048,2048,2099200,2099200,1.7896422314979908e-07,2.2354712809377118e-07,9.1552734375e-05,unnormalized FFT magnitude,0,0
3aeff8d50243a034,24d4f9e9199523564dcc3e5286c1e45dc8816210bf406c4d9e1799a2bd531919,legacy-batch-float,spec012-confirm-01,2,float,2048,1024,1,1,throughput,steady,full,all-publications-v1,spectrum-norms-v1,independent recursive binary64 FFT / direct DFT; matched float windows; direct bands and EMA,binary64 FFT / long-double direct DFT,2048,2048,2099200,2099200,1.7896422314979908e-07,2.2354712809377118e-07,9.1552734375e-05,unnormalized FFT magnitude,0,0
3aeff8d50243a034,24d4f9e9199523564dcc3e5286c1e45dc8816210bf406c4d9e1799a2bd531919,legacy-batch-float,spec012-confirm-02,0,float,2048,1024,1,1,throughput,steady,full,all-publications-v1,spectrum-norms-v1,independent recursive binary64 FFT / direct DFT; matched float windows; direct bands and EMA,binary64 FFT / long-double direct DFT,2048,2048,2099200,2099200,1.7896422314979908e-07,2.2354712809377118e-07,9.1552734375e-05,unnormalized FFT magnitude,0,0
3aeff8d50243a034,24d4f9e9199523564dcc3e5286c1e45dc8816210bf406c4d9e1799a2bd531919,legacy-batch-float,spec012-confirm-02,1,float,2048,1024,1,1,throughput,steady,full,all-publications-v1,spectrum-norms-v1,independent recursive binary64 FFT / direct DFT; matched float windows; direct bands and EMA,binary64 FFT / long-double direct DFT,2048,2048,2099200,2099200,1.7896422314979908e-07,2.2354712809377118e-07,9.1552734375e-05,unnormalized FFT magnitude,0,0
3aeff8d50243a034,24d4f9e9199523564dcc3e5286c1e45dc8816210bf406c4d9e1799a2bd531919,legacy-batch-float,spec012-confirm-02,2,float,2048,1024,1,1,throughput,steady,full,all-publications-v1,spectrum-norms-v1,independent recursive binary64 FFT / direct DFT; matched float windows; direct bands and EMA,binary64 FFT / long-double direct DFT,2048,2048,2099200,2099200,1.7896422314979908e-07,2.2354712809377118e-07,9.1552734375e-05,unnormalized FFT magnitude,0,0
3aeff8d50243a034,24d4f9e9199523564dcc3e5286c1e45dc8816210bf406c4d9e1799a2bd531919,legacy-batch-float,spec012-confirm-03,0,float,2048,1024,1,1,throughput,steady,full,all-publications-v1,spectrum-norms-v1,independent recursive binary64 FFT / direct DFT; matched float windows; direct bands and EMA,binary64 FFT / long-double direct DFT,2048,2048,2099200,2099200,1.7896422314979908e-07,2.2354712809377118e-07,9.1552734375e-05,unnormalized FFT magnitude,0,0
3aeff8d50243a034,24d4f9e9199523564dcc3e5286c1e45dc8816210bf406c4d9e1799a2bd531919,legacy-batch-float,spec012-confirm-03,1,float,2048,1024,1,1,throughput,steady,full,all-publications-v1,spectrum-norms-v1,independent recursive binary64 FFT / direct DFT; matched float windows; direct bands and EMA,binary64 FFT / long-double direct DFT,2048,2048,2099200,2099200,1.7896422314979908e-07,2.2354712809377118e-07,9.1552734375e-05,unnormalized FFT magnitude,0,0
3aeff8d50243a034,24d4f9e9199523564dcc3e5286c1e45dc8816210bf406c4d9e1799a2bd531919,legacy-batch-float,spec012-confirm-03,2,float,2048,1024,1,1,throughput,steady,full,all-publications-v1,spectrum-norms-v1,independent recursive binary64 FFT / direct DFT; matched float windows; direct bands and EMA,binary64 FFT / long-double direct DFT,2048,2048,2099200,2099200,1.7896422314979908e-07,2.2354712809377118e-07,9.1552734375e-05,unnormalized FFT magnitude,0,0
3aeff8d50243a034,24da0352b44c188ea44f0ed84392670d9a8facdfc913cbd87cf9c2313b305712,fftw-analysis-float,spec012-confirm-01,0,float,16384,1024,1,1,callback,steady,existing all-output numerical replay,archived-vector-counts,spectrum-norms-v1,direct DFT or binary64 FFT of matched frame bytes; direct band sums and EMA,see archived reference; precision not separately recorded,2048,2048,16779264,16779264,2.342587853606146e-07,1.4903825983523968e-07,0.00048828125,unnormalized FFT magnitude,0,0
3aeff8d50243a034,24da0352b44c188ea44f0ed84392670d9a8facdfc913cbd87cf9c2313b305712,fftw-analysis-float,spec012-confirm-01,1,float,16384,1024,1,1,callback,steady,existing all-output numerical replay,archived-vector-counts,spectrum-norms-v1,direct DFT or binary64 FFT of matched frame bytes; direct band sums and EMA,see archived reference; precision not separately recorded,2048,2048,16779264,16779264,2.342587853606146e-07,1.4903825983523968e-07,0.00048828125,unnormalized FFT magnitude,0,0
3aeff8d50243a034,24da0352b44c188ea44f0ed84392670d9a8facdfc913cbd87cf9c2313b305712,fftw-analysis-float,spec012-confirm-01,2,float,16384,1024,1,1,callback,steady,existing all-output numerical replay,archived-vector-counts,spectrum-norms-v1,direct DFT or binary64 FFT of matched frame bytes; direct band sums and EMA,see archived reference; precision not separately recorded,2048,2048,16779264,16779264,2.342587853606146e-07,1.4903825983523968e-07,0.00048828125,unnormalized FFT magnitude,0,0
3aeff8d50243a034,24da0352b44c188ea44f0ed84392670d9a8facdfc913cbd87cf9c2313b305712,fftw-analysis-float,spec012-confirm-02,0,float,16384,1024,1,1,callback,steady,existing all-output numerical replay,archived-vector-counts,spectrum-norms-v1,direct DFT or binary64 FFT of matched frame bytes; direct band sums and EMA,see archived reference; precision not separately recorded,2048,2048,16779264,16779264,2.342587853606146e-07,1.4903825983523968e-07,0.00048828125,unnormalized FFT magnitude,0,0
3aeff8d50243a034,24da0352b44c188ea44f0ed84392670d9a8facdfc913cbd87cf9c2313b305712,fftw-analysis-float,spec012-confirm-02,1,float,16384,1024,1,1,callback,steady,existing all-output numerical replay,archived-vector-counts,spectrum-norms-v1,direct DFT or binary64 FFT of matched frame bytes; direct band sums and EMA,see archived reference; precision not separately recorded,2048,2048,16779264,16779264,2.342587853606146e-07,1.4903825983523968e-07,0.00048828125,unnormalized FFT magnitude,0,0
3aeff8d50243a034,24da0352b44c188ea44f0ed84392670d9a8facdfc913cbd87cf9c2313b305712,fftw-analysis-float,spec012-confirm-02,2,float,16384,1024,1,1,callback,steady,existing all-output numerical replay,archived-vector-counts,spectrum-norms-v1,direct DFT or binary64 FFT of matched frame bytes; direct band sums and EMA,see archived reference; precision not separately recorded,2048,2048,16779264,16779264,2.342587853606146e-07,1.4903825983523968e-07,0.00048828125,unnormalized FFT magnitude,0,0
3aeff8d50243a034,24da0352b44c188ea44f0ed84392670d9a8facdfc913cbd87cf9c2313b305712,fftw-analysis-float,spec012-confirm-03,0,float,16384,1024,1,1,callback,steady,existing all-output numerical replay,archived-vector-counts,spectrum-norms-v1,direct DFT or binary64 FFT of matched frame bytes; direct band sums and EMA,see archived reference; precision not separately recorded,2048,2048,16779264,16779264,2.342587853606146e-07,1.4903825983523968e-07,0.00048828125,unnormalized FFT magnitude,0,0
3aeff8d50243a034,24da0352b44c188ea44f0ed84392670d9a8facdfc913cbd87cf9c2313b305712,fftw-analysis-float,spec012-confirm-03,1,float,16384,1024,1,1,callback,steady,existing all-output numerical replay,archived-vector-counts,spectrum-norms-v1,direct DFT or binary64 FFT of matched frame bytes; direct band sums and EMA,see archived reference; precision not separately recorded,2048,2048,16779264,16779264,2.342587853606146e-07,1.4903825983523968e-07,0.00048828125,unnormalized FFT magnitude,0,0
3aeff8d50243a034,24da0352b44c188ea44f0ed84392670d9a8facdfc913cbd87cf9c2313b305712,fftw-analysis-float,spec012-confirm-03,2,float,16384,1024,1,1,callback,steady,existing all-output numerical replay,archived-vector-counts,spectrum-norms-v1,direct DFT or binary64 FFT of matched frame bytes; direct band sums and EMA,see archived reference; precision not separately recorded,2048,2048,16779264,16779264,2.342587853606146e-07,1.4903825983523968e-07,0.00048828125,unnormalized FFT magnitude,0,0
3aeff8d50243a034,257e1cd3e39e162b1622c326aab78efad8f2f9b043d031b5850abbdbb6aa0e39,pffft-hybrid-float,spec012-confirm-01,0,float,2048,1024,1,1,callback,steady,existing all-output numerical replay,archived-vector-counts,spectrum-norms-v1,direct DFT or binary64 FFT of matched frame bytes; direct band sums and EMA,see archived reference; precision not separately recorded,2048,2048,2099200,2099200,1.8753119135637531e-07,2.2363801652461304e-07,9.1552734375e-05,unnormalized FFT magnitude,0,0
3aeff8d50243a034,257e1cd3e39e162b1622c326aab78efad8f2f9b043d031b5850abbdbb6aa0e39,pffft-hybrid-float,spec012-confirm-01,1,float,2048,1024,1,1,callback,steady,existing all-output numerical replay,archived-vector-counts,spectrum-norms-v1,direct DFT or binary64 FFT of matched frame bytes; direct band sums and EMA,see archived reference; precision not separately recorded,2048,2048,2099200,2099200,1.8753119135637531e-07,2.2363801652461304e-07,9.1552734375e-05,unnormalized FFT magnitude,0,0
3aeff8d50243a034,257e1cd3e39e162b1622c326aab78efad8f2f9b043d031b5850abbdbb6aa0e39,pffft-hybrid-float,spec012-confirm-01,2,float,2048,1024,1,1,callback,steady,existing all-output numerical replay,archived-vector-counts,spectrum-norms-v1,direct DFT or binary64 FFT of matched frame bytes; direct band sums and EMA,see archived reference; precision not separately recorded,2048,2048,2099200,2099200,1.8753119135637531e-07,2.2363801652461304e-07,9.1552734375e-05,unnormalized FFT magnitude,0,0
3aeff8d50243a034,257e1cd3e39e162b1622c326aab78efad8f2f9b043d031b5850abbdbb6aa0e39,pffft-hybrid-float,spec012-confirm-02,0,float,2048,1024,1,1,callback,steady,existing all-output numerical replay,archived-vector-counts,spectrum-norms-v1,direct DFT or binary64 FFT of matched frame bytes; direct band sums and EMA,see archived reference; precision not separately recorded,2048,2048,2099200,2099200,1.8753119135637531e-07,2.2363801652461304e-07,9.1552734375e-05,unnormalized FFT magnitude,0,0
3aeff8d50243a034,257e1cd3e39e162b1622c326aab78efad8f2f9b043d031b5850abbdbb6aa0e39,pffft-hybrid-float,spec012-confirm-02,1,float,2048,1024,1,1,callback,steady,existing all-output numerical replay,archived-vector-counts,spectrum-norms-v1,direct DFT or binary64 FFT of matched frame bytes; direct band sums and EMA,see archived reference; precision not separately recorded,2048,2048,2099200,2099200,1.8753119135637531e-07,2.2363801652461304e-07,9.1552734375e-05,unnormalized FFT magnitude,0,0
3aeff8d50243a034,257e1cd3e39e162b1622c326aab78efad8f2f9b043d031b5850abbdbb6aa0e39,pffft-hybrid-float,spec012-confirm-02,2,float,2048,1024,1,1,callback,steady,existing all-output numerical replay,archived-vector-counts,spectrum-norms-v1,direct DFT or binary64 FFT of matched frame bytes; direct band sums and EMA,see archived reference; precision not separately recorded,2048,2048,2099200,2099200,1.8753119135637531e-07,2.2363801652461304e-07,9.1552734375e-05,unnormalized FFT magnitude,0,0
3aeff8d50243a034,257e1cd3e39e162b1622c326aab78efad8f2f9b043d031b5850abbdbb6aa0e39,pffft-hybrid-float,spec012-confirm-03,0,float,2048,1024,1,1,callback,steady,existing all-output numerical replay,archived-vector-counts,spectrum-norms-v1,direct DFT or binary64 FFT of matched frame bytes; direct band sums and EMA,see archived reference; precision not separately recorded,2048,2048,2099200,2099200,1.8753119135637531e-07,2.2363801652461304e-07,9.1552734375e-05,unnormalized FFT magnitude,0,0
3aeff8d50243a034,257e1cd3e39e162b1622c326aab78efad8f2f9b043d031b5850abbdbb6aa0e39,pffft-hybrid-float,spec012-confirm-03,1,float,2048,1024,1,1,callback,steady,existing all-output numerical replay,archived-vector-counts,spectrum-norms-v1,direct DFT or binary64 FFT of matched frame bytes; direct band sums and EMA,see archived reference; precision not separately recorded,2048,2048,2099200,2099200,1.8753119135637531e-07,2.2363801652461304e-07,9.1552734375e-05,unnormalized FFT magnitude,0,0
3aeff8d50243a034,257e1cd3e39e162b1622c326aab78efad8f2f9b043d031b5850abbdbb6aa0e39,pffft-hybrid-float,spec012-confirm-03,2,float,2048,1024,1,1,callback,steady,existing all-output numerical replay,archived-vector-counts,spectrum-norms-v1,direct DFT or binary64 FFT of matched frame bytes; direct band sums and EMA,see archived reference; precision not separately recorded,2048,2048,2099200,2099200,1.8753119135637531e-07,2.2363801652461304e-07,9.1552734375e-05,unnormalized FFT magnitude,0,0
3aeff8d50243a034,25ae4e4f716ae2f90170178556c11d649a52317f635b8bf35895c7e999439e63,vdsp-analysis-float,spec012-confirm-01,0,float,4096,1024,1,1,callback,steady,existing all-output numerical replay,archived-vector-counts,spectrum-norms-v1,direct DFT or binary64 FFT of matched frame bytes; direct band sums and EMA,see archived reference; precision not separately recorded,2048,2048,4196352,4196352,2.2521929735415193e-07,1.49122636965414e-07,0.0001220703125,unnormalized FFT magnitude,0,0
3aeff8d50243a034,25ae4e4f716ae2f90170178556c11d649a52317f635b8bf35895c7e999439e63,vdsp-analysis-float,spec012-confirm-01,1,float,4096,1024,1,1,callback,steady,existing all-output numerical replay,archived-vector-counts,spectrum-norms-v1,direct DFT or binary64 FFT of matched frame bytes; direct band sums and EMA,see archived reference; precision not separately recorded,2048,2048,4196352,4196352,2.2521929735415193e-07,1.49122636965414e-07,0.0001220703125,unnormalized FFT magnitude,0,0
3aeff8d50243a034,25ae4e4f716ae2f90170178556c11d649a52317f635b8bf35895c7e999439e63,vdsp-analysis-float,spec012-confirm-01,2,float,4096,1024,1,1,callback,steady,existing all-output numerical replay,archived-vector-counts,spectrum-norms-v1,direct DFT or binary64 FFT of matched frame bytes; direct band sums and EMA,see archived reference; precision not separately recorded,2048,2048,4196352,4196352,2.2521929735415193e-07,1.49122636965414e-07,0.0001220703125,unnormalized FFT magnitude,0,0
3aeff8d50243a034,25ae4e4f716ae2f90170178556c11d649a52317f635b8bf35895c7e999439e63,vdsp-analysis-float,spec012-confirm-02,0,float,4096,1024,1,1,callback,steady,existing all-output numerical replay,archived-vector-counts,spectrum-norms-v1,direct DFT or binary64 FFT of matched frame bytes; direct band sums and EMA,see archived reference; precision not separately recorded,2048,2048,4196352,4196352,2.2521929735415193e-07,1.49122636965414e-07,0.0001220703125,unnormalized FFT magnitude,0,0
3aeff8d50243a034,25ae4e4f716ae2f90170178556c11d649a52317f635b8bf35895c7e999439e63,vdsp-analysis-float,spec012-confirm-02,1,float,4096,1024,1,1,callback,steady,existing all-output numerical replay,archived-vector-counts,spectrum-norms-v1,direct DFT or binary64 FFT of matched frame bytes; direct band sums and EMA,see archived reference; precision not separately recorded,2048,2048,4196352,4196352,2.2521929735415193e-07,1.49122636965414e-07,0.0001220703125,unnormalized FFT magnitude,0,0
3aeff8d50243a034,25ae4e4f716ae2f90170178556c11d649a52317f635b8bf35895c7e999439e63,vdsp-analysis-float,spec012-confirm-02,2,float,4096,1024,1,1,callback,steady,existing all-output numerical replay,archived-vector-counts,spectrum-norms-v1,direct DFT or binary64 FFT of matched frame bytes; direct band sums and EMA,see archived reference; precision not separately recorded,2048,2048,4196352,4196352,2.2521929735415193e-07,1.49122636965414e-07,0.0001220703125,unnormalized FFT magnitude,0,0
3aeff8d50243a034,25ae4e4f716ae2f90170178556c11d649a52317f635b8bf35895c7e999439e63,vdsp-analysis-float,spec012-confirm-03,0,float,4096,1024,1,1,callback,steady,existing all-output numerical replay,archived-vector-counts,spectrum-norms-v1,direct DFT or binary64 FFT of matched frame bytes; direct band sums and EMA,see archived reference; precision not separately recorded,2048,2048,4196352,4196352,2.2521929735415193e-07,1.49122636965414e-07,0.0001220703125,unnormalized FFT magnitude,0,0
3aeff8d50243a034,25ae4e4f716ae2f90170178556c11d649a52317f635b8bf35895c7e999439e63,vdsp-analysis-float,spec012-confirm-03,1,float,4096,1024,1,1,callback,steady,existing all-output numerical replay,archived-vector-counts,spectrum-norms-v1,direct DFT or binary64 FFT of matched frame bytes; direct band sums and EMA,see archived reference; precision not separately recorded,2048,2048,4196352,4196352,2.2521929735415193e-07,1.49122636965414e-07,0.0001220703125,unnormalized FFT magnitude,0,0
3aeff8d50243a034,25ae4e4f716ae2f90170178556c11d649a52317f635b8bf35895c7e999439e63,vdsp-analysis-float,spec012-confirm-03,2,float,4096,1024,1,1,callback,steady,existing all-output numerical replay,archived-vector-counts,spectrum-norms-v1,direct DFT or binary64 FFT of matched frame bytes; direct band sums and EMA,see archived reference; precision not separately recorded,2048,2048,4196352,4196352,2.2521929735415193e-07,1.49122636965414e-07,0.0001220703125,unnormalized FFT magnitude,0,0
3aeff8d50243a034,272517f6ce27401c735673a29674427b18e0ba36e616bf3e29447061b694eb77,pffft-analysis-float,spec012-confirm-01,0,float,16384,1024,1,1,callback,steady,existing all-output numerical replay,archived-vector-counts,spectrum-norms-v1,direct DFT or binary64 FFT of matched frame bytes; direct band sums and EMA,see archived reference; precision not separately recorded,2048,2048,16779264,16779264,2.2623933788848086e-07,1.4903825983523968e-07,0.00048828125,unnormalized FFT magnitude,0,0
3aeff8d50243a034,272517f6ce27401c735673a29674427b18e0ba36e616bf3e29447061b694eb77,pffft-analysis-float,spec012-confirm-01,1,float,16384,1024,1,1,callback,steady,existing all-output numerical replay,archived-vector-counts,spectrum-norms-v1,direct DFT or binary64 FFT of matched frame bytes; direct band sums and EMA,see archived reference; precision not separately recorded,2048,2048,16779264,16779264,2.2623933788848086e-07,1.4903825983523968e-07,0.00048828125,unnormalized FFT magnitude,0,0
3aeff8d50243a034,272517f6ce27401c735673a29674427b18e0ba36e616bf3e29447061b694eb77,pffft-analysis-float,spec012-confirm-01,2,float,16384,1024,1,1,callback,steady,existing all-output numerical replay,archived-vector-counts,spectrum-norms-v1,direct DFT or binary64 FFT of matched frame bytes; direct band sums and EMA,see archived reference; precision not separately recorded,2048,2048,16779264,16779264,2.2623933788848086e-07,1.4903825983523968e-07,0.00048828125,unnormalized FFT magnitude,0,0
3aeff8d50243a034,272517f6ce27401c735673a29674427b18e0ba36e616bf3e29447061b694eb77,pffft-analysis-float,spec012-confirm-02,0,float,16384,1024,1,1,callback,steady,existing all-output numerical replay,archived-vector-counts,spectrum-norms-v1,direct DFT or binary64 FFT of matched frame bytes; direct band sums and EMA,see archived reference; precision not separately recorded,2048,2048,16779264,16779264,2.2623933788848086e-07,1.4903825983523968e-07,0.00048828125,unnormalized FFT magnitude,0,0
3aeff8d50243a034,272517f6ce27401c735673a29674427b18e0ba36e616bf3e29447061b694eb77,pffft-analysis-float,spec012-confirm-02,1,float,16384,1024,1,1,callback,steady,existing all-output numerical replay,archived-vector-counts,spectrum-norms-v1,direct DFT or binary64 FFT of matched frame bytes; direct band sums and EMA,see archived reference; precision not separately recorded,2048,2048,16779264,16779264,2.2623933788848086e-07,1.4903825983523968e-07,0.00048828125,unnormalized FFT magnitude,0,0
3aeff8d50243a034,272517f6ce27401c735673a29674427b18e0ba36e616bf3e29447061b694eb77,pffft-analysis-float,spec012-confirm-02,2,float,16384,1024,1,1,callback,steady,existing all-output numerical replay,archived-vector-counts,spectrum-norms-v1,direct DFT or binary64 FFT of matched frame bytes; direct band sums and EMA,see archived reference; precision not separately recorded,2048,2048,16779264,16779264,2.2623933788848086e-07,1.4903825983523968e-07,0.00048828125,unnormalized FFT magnitude,0,0
3aeff8d50243a034,272517f6ce27401c735673a29674427b18e0ba36e616bf3e29447061b694eb77,pffft-analysis-float,spec012-confirm-03,0,float,16384,1024,1,1,callback,steady,existing all-output numerical replay,archived-vector-counts,spectrum-norms-v1,direct DFT or binary64 FFT of matched frame bytes; direct band sums and EMA,see archived reference; precision not separately recorded,2048,2048,16779264,16779264,2.2623933788848086e-07,1.4903825983523968e-07,0.00048828125,unnormalized FFT magnitude,0,0
3aeff8d50243a034,272517f6ce27401c735673a29674427b18e0ba36e616bf3e29447061b694eb77,pffft-analysis-float,spec012-confirm-03,1,float,16384,1024,1,1,callback,steady,existing all-output numerical replay,archived-vector-counts,spectrum-norms-v1,direct DFT or binary64 FFT of matched frame bytes; direct band sums and EMA,see archived reference; precision not separately recorded,2048,2048,16779264,16779264,2.2623933788848086e-07,1.4903825983523968e-07,0.00048828125,unnormalized FFT magnitude,0,0
3aeff8d50243a034,272517f6ce27401c735673a29674427b18e0ba36e616bf3e29447061b694eb77,pffft-analysis-float,spec012-confirm-03,2,float,16384,1024,1,1,callback,steady,existing all-output numerical replay,archived-vector-counts,spectrum-norms-v1,direct DFT or binary64 FFT of matched frame bytes; direct band sums and EMA,see archived reference; precision not separately recorded,2048,2048,16779264,16779264,2.2623933788848086e-07,1.4903825983523968e-07,0.00048828125,unnormalized FFT magnitude,0,0
3aeff8d50243a034,29bdc168598c37ff3a27d72b0840ebc7a1bb2bf21f84abc7f8a040fd4ce5f8c4,pffft-hybrid-float,spec012-confirm-01,0,float,16384,1024,1,1,throughput,steady,existing all-output numerical replay,archived-vector-counts,spectrum-norms-v1,direct DFT or binary64 FFT of matched frame bytes; direct band sums and EMA,see archived reference; precision not separately recorded,2048,2048,16779264,16779264,1.222607767483183e-07,1.1919512301234683e-07,0.00048828125,unnormalized FFT magnitude,0,32
3aeff8d50243a034,29bdc168598c37ff3a27d72b0840ebc7a1bb2bf21f84abc7f8a040fd4ce5f8c4,pffft-hybrid-float,spec012-confirm-01,1,float,16384,1024,1,1,throughput,steady,existing all-output numerical replay,archived-vector-counts,spectrum-norms-v1,direct DFT or binary64 FFT of matched frame bytes; direct band sums and EMA,see archived reference; precision not separately recorded,2048,2048,16779264,16779264,1.222607767483183e-07,1.1919512301234683e-07,0.00048828125,unnormalized FFT magnitude,0,32
3aeff8d50243a034,29bdc168598c37ff3a27d72b0840ebc7a1bb2bf21f84abc7f8a040fd4ce5f8c4,pffft-hybrid-float,spec012-confirm-01,2,float,16384,1024,1,1,throughput,steady,existing all-output numerical replay,archived-vector-counts,spectrum-norms-v1,direct DFT or binary64 FFT of matched frame bytes; direct band sums and EMA,see archived reference; precision not separately recorded,2048,2048,16779264,16779264,1.222607767483183e-07,1.1919512301234683e-07,0.00048828125,unnormalized FFT magnitude,0,32
3aeff8d50243a034,29bdc168598c37ff3a27d72b0840ebc7a1bb2bf21f84abc7f8a040fd4ce5f8c4,pffft-hybrid-float,spec012-confirm-02,0,float,16384,1024,1,1,throughput,steady,existing all-output numerical replay,archived-vector-counts,spectrum-norms-v1,direct DFT or binary64 FFT of matched frame bytes; direct band sums and EMA,see archived reference; precision not separately recorded,2048,2048,16779264,16779264,1.222607767483183e-07,1.1919512301234683e-07,0.00048828125,unnormalized FFT magnitude,0,32
3aeff8d50243a034,29bdc168598c37ff3a27d72b0840ebc7a1bb2bf21f84abc7f8a040fd4ce5f8c4,pffft-hybrid-float,spec012-confirm-02,1,float,16384,1024,1,1,throughput,steady,existing all-output numerical replay,archived-vector-counts,spectrum-norms-v1,direct DFT or binary64 FFT of matched frame bytes; direct band sums and EMA,see archived reference; precision not separately recorded,2048,2048,16779264,16779264,1.222607767483183e-07,1.1919512301234683e-07,0.00048828125,unnormalized FFT magnitude,0,32
3aeff8d50243a034,29bdc168598c37ff3a27d72b0840ebc7a1bb2bf21f84abc7f8a040fd4ce5f8c4,pffft-hybrid-float,spec012-confirm-02,2,float,16384,1024,1,1,throughput,steady,existing all-output numerical replay,archived-vector-counts,spectrum-norms-v1,direct DFT or binary64 FFT of matched frame bytes; direct band sums and EMA,see archived reference; precision not separately recorded,2048,2048,16779264,16779264,1.222607767483183e-07,1.1919512301234683e-07,0.00048828125,unnormalized FFT magnitude,0,32
3aeff8d50243a034,29bdc168598c37ff3a27d72b0840ebc7a1bb2bf21f84abc7f8a040fd4ce5f8c4,pffft-hybrid-float,spec012-confirm-03,0,float,16384,1024,1,1,throughput,steady,existing all-output numerical replay,archived-vector-counts,spectrum-norms-v1,direct DFT or binary64 FFT of matched frame bytes; direct band sums and EMA,see archived reference; precision not separately recorded,2048,2048,16779264,16779264,1.222607767483183e-07,1.1919512301234683e-07,0.00048828125,unnormalized FFT magnitude,0,32
3aeff8d50243a034,29bdc168598c37ff3a27d72b0840ebc7a1bb2bf21f84abc7f8a040fd4ce5f8c4,pffft-hybrid-float,spec012-confirm-03,1,float,16384,1024,1,1,throughput,steady,existing all-output numerical replay,archived-vector-counts,spectrum-norms-v1,direct DFT or binary64 FFT of matched frame bytes; direct band sums and EMA,see archived reference; precision not separately recorded,2048,2048,16779264,16779264,1.222607767483183e-07,1.1919512301234683e-07,0.00048828125,unnormalized FFT magnitude,0,32
3aeff8d50243a034,29bdc168598c37ff3a27d72b0840ebc7a1bb2bf21f84abc7f8a040fd4ce5f8c4,pffft-hybrid-float,spec012-confirm-03,2,float,16384,1024,1,1,throughput,steady,existing all-output numerical replay,archived-vector-counts,spectrum-norms-v1,direct DFT or binary64 FFT of matched frame bytes; direct band sums and EMA,see archived reference; precision not separately recorded,2048,2048,16779264,16779264,1.222607767483183e-07,1.1919512301234683e-07,0.00048828125,unnormalized FFT magnitude,0,32
3aeff8d50243a034,2c7c8fce99dafc0f2dcc6f7f5d9a583090e26b5657e1f9993311760bee92019e,legacy-batch-float,spec012-confirm-01,0,float,4096,1024,1,1,callback,steady,full,all-publications-v1,spectrum-norms-v1,independent recursive binary64 FFT / direct DFT; matched float windows; direct bands and EMA,binary64 FFT / long-double direct DFT,2048,2048,4196352,4196352,1.9008444915668287e-07,1.1167982614875916e-07,9.1552734375e-05,unnormalized FFT magnitude,0,0
3aeff8d50243a034,2c7c8fce99dafc0f2dcc6f7f5d9a583090e26b5657e1f9993311760bee92019e,legacy-batch-float,spec012-confirm-01,1,float,4096,1024,1,1,callback,steady,full,all-publications-v1,spectrum-norms-v1,independent recursive binary64 FFT / direct DFT; matched float windows; direct bands and EMA,binary64 FFT / long-double direct DFT,2048,2048,4196352,4196352,1.9008444915668287e-07,1.1167982614875916e-07,9.1552734375e-05,unnormalized FFT magnitude,0,0
3aeff8d50243a034,2c7c8fce99dafc0f2dcc6f7f5d9a583090e26b5657e1f9993311760bee92019e,legacy-batch-float,spec012-confirm-01,2,float,4096,1024,1,1,callback,steady,full,all-publications-v1,spectrum-norms-v1,independent recursive binary64 FFT / direct DFT; matched float windows; direct bands and EMA,binary64 FFT / long-double direct DFT,2048,2048,4196352,4196352,1.9008444915668287e-07,1.1167982614875916e-07,9.1552734375e-05,unnormalized FFT magnitude,0,0
3aeff8d50243a034,2c7c8fce99dafc0f2dcc6f7f5d9a583090e26b5657e1f9993311760bee92019e,legacy-batch-float,spec012-confirm-02,0,float,4096,1024,1,1,callback,steady,full,all-publications-v1,spectrum-norms-v1,independent recursive binary64 FFT / direct DFT; matched float windows; direct bands and EMA,binary64 FFT / long-double direct DFT,2048,2048,4196352,4196352,1.9008444915668287e-07,1.1167982614875916e-07,9.1552734375e-05,unnormalized FFT magnitude,0,0
3aeff8d50243a034,2c7c8fce99dafc0f2dcc6f7f5d9a583090e26b5657e1f9993311760bee92019e,legacy-batch-float,spec012-confirm-02,1,float,4096,1024,1,1,callback,steady,full,all-publications-v1,spectrum-norms-v1,independent recursive binary64 FFT / direct DFT; matched float windows; direct bands and EMA,binary64 FFT / long-double direct DFT,2048,2048,4196352,4196352,1.9008444915668287e-07,1.1167982614875916e-07,9.1552734375e-05,unnormalized FFT magnitude,0,0
3aeff8d50243a034,2c7c8fce99dafc0f2dcc6f7f5d9a583090e26b5657e1f9993311760bee92019e,legacy-batch-float,spec012-confirm-02,2,float,4096,1024,1,1,callback,steady,full,all-publications-v1,spectrum-norms-v1,independent recursive binary64 FFT / direct DFT; matched float windows; direct bands and EMA,binary64 FFT / long-double direct DFT,2048,2048,4196352,4196352,1.9008444915668287e-07,1.1167982614875916e-07,9.1552734375e-05,unnormalized FFT magnitude,0,0
3aeff8d50243a034,2c7c8fce99dafc0f2dcc6f7f5d9a583090e26b5657e1f9993311760bee92019e,legacy-batch-float,spec012-confirm-03,0,float,4096,1024,1,1,callback,steady,full,all-publications-v1,spectrum-norms-v1,independent recursive binary64 FFT / direct DFT; matched float windows; direct bands and EMA,binary64 FFT / long-double direct DFT,2048,2048,4196352,4196352,1.9008444915668287e-07,1.1167982614875916e-07,9.1552734375e-05,unnormalized FFT magnitude,0,0
3aeff8d50243a034,2c7c8fce99dafc0f2dcc6f7f5d9a583090e26b5657e1f9993311760bee92019e,legacy-batch-float,spec012-confirm-03,1,float,4096,1024,1,1,callback,steady,full,all-publications-v1,spectrum-norms-v1,independent recursive binary64 FFT / direct DFT; matched float windows; direct bands and EMA,binary64 FFT / long-double direct DFT,2048,2048,4196352,4196352,1.9008444915668287e-07,1.1167982614875916e-07,9.1552734375e-05,unnormalized FFT magnitude,0,0
3aeff8d50243a034,2c7c8fce99dafc0f2dcc6f7f5d9a583090e26b5657e1f9993311760bee92019e,legacy-batch-float,spec012-confirm-03,2,float,4096,1024,1,1,callback,steady,full,all-publications-v1,spectrum-norms-v1,independent recursive binary64 FFT / direct DFT; matched float windows; direct bands and EMA,binary64 FFT / long-double direct DFT,2048,2048,4196352,4196352,1.9008444915668287e-07,1.1167982614875916e-07,9.1552734375e-05,unnormalized FFT magnitude,0,0
3aeff8d50243a034,2f5d001404748070975290ed3ecdf0390b6f3fa6e44fbc0a62dd56964b5e1caa,legacy-incremental-float,spec012-confirm-01,0,float,4096,1024,1,1,throughput,steady,full,all-publications-v1,spectrum-norms-v1,independent recursive binary64 FFT / direct DFT; matched float windows; direct bands and EMA,binary64 FFT / long-double direct DFT,2048,2048,4196352,4196352,2.261658101059299e-07,2.8183605963575486e-07,0.00028839707374572754,unnormalized FFT magnitude,0,0
3aeff8d50243a034,2f5d001404748070975290ed3ecdf0390b6f3fa6e44fbc0a62dd56964b5e1caa,legacy-incremental-float,spec012-confirm-01,1,float,4096,1024,1,1,throughput,steady,full,all-publications-v1,spectrum-norms-v1,independent recursive binary64 FFT / direct DFT; matched float windows; direct bands and EMA,binary64 FFT / long-double direct DFT,2048,2048,4196352,4196352,2.261658101059299e-07,2.8183605963575486e-07,0.00028839707374572754,unnormalized FFT magnitude,0,0
3aeff8d50243a034,2f5d001404748070975290ed3ecdf0390b6f3fa6e44fbc0a62dd56964b5e1caa,legacy-incremental-float,spec012-confirm-01,2,float,4096,1024,1,1,throughput,steady,full,all-publications-v1,spectrum-norms-v1,independent recursive binary64 FFT / direct DFT; matched float windows; direct bands and EMA,binary64 FFT / long-double direct DFT,2048,2048,4196352,4196352,2.261658101059299e-07,2.8183605963575486e-07,0.00028839707374572754,unnormalized FFT magnitude,0,0
3aeff8d50243a034,2f5d001404748070975290ed3ecdf0390b6f3fa6e44fbc0a62dd56964b5e1caa,legacy-incremental-float,spec012-confirm-02,0,float,4096,1024,1,1,throughput,steady,full,all-publications-v1,spectrum-norms-v1,independent recursive binary64 FFT / direct DFT; matched float windows; direct bands and EMA,binary64 FFT / long-double direct DFT,2048,2048,4196352,4196352,2.261658101059299e-07,2.8183605963575486e-07,0.00028839707374572754,unnormalized FFT magnitude,0,0
3aeff8d50243a034,2f5d001404748070975290ed3ecdf0390b6f3fa6e44fbc0a62dd56964b5e1caa,legacy-incremental-float,spec012-confirm-02,1,float,4096,1024,1,1,throughput,steady,full,all-publications-v1,spectrum-norms-v1,independent recursive binary64 FFT / direct DFT; matched float windows; direct bands and EMA,binary64 FFT / long-double direct DFT,2048,2048,4196352,4196352,2.261658101059299e-07,2.8183605963575486e-07,0.00028839707374572754,unnormalized FFT magnitude,0,0
3aeff8d50243a034,2f5d001404748070975290ed3ecdf0390b6f3fa6e44fbc0a62dd56964b5e1caa,legacy-incremental-float,spec012-confirm-02,2,float,4096,1024,1,1,throughput,steady,full,all-publications-v1,spectrum-norms-v1,independent recursive binary64 FFT / direct DFT; matched float windows; direct bands and EMA,binary64 FFT / long-double direct DFT,2048,2048,4196352,4196352,2.261658101059299e-07,2.8183605963575486e-07,0.00028839707374572754,unnormalized FFT magnitude,0,0
3aeff8d50243a034,2f5d001404748070975290ed3ecdf0390b6f3fa6e44fbc0a62dd56964b5e1caa,legacy-incremental-float,spec012-confirm-03,0,float,4096,1024,1,1,throughput,steady,full,all-publications-v1,spectrum-norms-v1,independent recursive binary64 FFT / direct DFT; matched float windows; direct bands and EMA,binary64 FFT / long-double direct DFT,2048,2048,4196352,4196352,2.261658101059299e-07,2.8183605963575486e-07,0.00028839707374572754,unnormalized FFT magnitude,0,0
3aeff8d50243a034,2f5d001404748070975290ed3ecdf0390b6f3fa6e44fbc0a62dd56964b5e1caa,legacy-incremental-float,spec012-confirm-03,1,float,4096,1024,1,1,throughput,steady,full,all-publications-v1,spectrum-norms-v1,independent recursive binary64 FFT / direct DFT; matched float windows; direct bands and EMA,binary64 FFT / long-double direct DFT,2048,2048,4196352,4196352,2.261658101059299e-07,2.8183605963575486e-07,0.00028839707374572754,unnormalized FFT magnitude,0,0
3aeff8d50243a034,2f5d001404748070975290ed3ecdf0390b6f3fa6e44fbc0a62dd56964b5e1caa,legacy-incremental-float,spec012-confirm-03,2,float,4096,1024,1,1,throughput,steady,full,all-publications-v1,spectrum-norms-v1,independent recursive binary64 FFT / direct DFT; matched float windows; direct bands and EMA,binary64 FFT / long-double direct DFT,2048,2048,4196352,4196352,2.261658101059299e-07,2.8183605963575486e-07,0.00028839707374572754,unnormalized FFT magnitude,0,0
3aeff8d50243a034,313d9e48439b4d07005b8d52c457a3735afd5b486e822188e2c64480c8dd3732,pffft-scheduled-batch-float,spec012-confirm-01,0,float,4096,1024,1,1,callback,steady,existing all-output numerical replay,archived-vector-counts,spectrum-norms-v1,direct DFT or binary64 FFT of matched frame bytes; direct band sums and EMA,see archived reference; precision not separately recorded,2048,2048,4196352,4196352,2.0198579984200523e-07,1.4903790443764086e-07,0.0001220703125,unnormalized FFT magnitude,0,0
3aeff8d50243a034,313d9e48439b4d07005b8d52c457a3735afd5b486e822188e2c64480c8dd3732,pffft-scheduled-batch-float,spec012-confirm-01,1,float,4096,1024,1,1,callback,steady,existing all-output numerical replay,archived-vector-counts,spectrum-norms-v1,direct DFT or binary64 FFT of matched frame bytes; direct band sums and EMA,see archived reference; precision not separately recorded,2048,2048,4196352,4196352,2.0198579984200523e-07,1.4903790443764086e-07,0.0001220703125,unnormalized FFT magnitude,0,0
3aeff8d50243a034,313d9e48439b4d07005b8d52c457a3735afd5b486e822188e2c64480c8dd3732,pffft-scheduled-batch-float,spec012-confirm-01,2,float,4096,1024,1,1,callback,steady,existing all-output numerical replay,archived-vector-counts,spectrum-norms-v1,direct DFT or binary64 FFT of matched frame bytes; direct band sums and EMA,see archived reference; precision not separately recorded,2048,2048,4196352,4196352,2.0198579984200523e-07,1.4903790443764086e-07,0.0001220703125,unnormalized FFT magnitude,0,0
3aeff8d50243a034,313d9e48439b4d07005b8d52c457a3735afd5b486e822188e2c64480c8dd3732,pffft-scheduled-batch-float,spec012-confirm-02,0,float,4096,1024,1,1,callback,steady,existing all-output numerical replay,archived-vector-counts,spectrum-norms-v1,direct DFT or binary64 FFT of matched frame bytes; direct band sums and EMA,see archived reference; precision not separately recorded,2048,2048,4196352,4196352,2.0198579984200523e-07,1.4903790443764086e-07,0.0001220703125,unnormalized FFT magnitude,0,0
3aeff8d50243a034,313d9e48439b4d07005b8d52c457a3735afd5b486e822188e2c64480c8dd3732,pffft-scheduled-batch-float,spec012-confirm-02,1,float,4096,1024,1,1,callback,steady,existing all-output numerical replay,archived-vector-counts,spectrum-norms-v1,direct DFT or binary64 FFT of matched frame bytes; direct band sums and EMA,see archived reference; precision not separately recorded,2048,2048,4196352,4196352,2.0198579984200523e-07,1.4903790443764086e-07,0.0001220703125,unnormalized FFT magnitude,0,0
3aeff8d50243a034,313d9e48439b4d07005b8d52c457a3735afd5b486e822188e2c64480c8dd3732,pffft-scheduled-batch-float,spec012-confirm-02,2,float,4096,1024,1,1,callback,steady,existing all-output numerical replay,archived-vector-counts,spectrum-norms-v1,direct DFT or binary64 FFT of matched frame bytes; direct band sums and EMA,see archived reference; precision not separately recorded,2048,2048,4196352,4196352,2.0198579984200523e-07,1.4903790443764086e-07,0.0001220703125,unnormalized FFT magnitude,0,0
3aeff8d50243a034,313d9e48439b4d07005b8d52c457a3735afd5b486e822188e2c64480c8dd3732,pffft-scheduled-batch-float,spec012-confirm-03,0,float,4096,1024,1,1,callback,steady,existing all-output numerical replay,archived-vector-counts,spectrum-norms-v1,direct DFT or binary64 FFT of matched frame bytes; direct band sums and EMA,see archived reference; precision not separately recorded,2048,2048,4196352,4196352,2.0198579984200523e-07,1.4903790443764086e-07,0.0001220703125,unnormalized FFT magnitude,0,0
3aeff8d50243a034,313d9e48439b4d07005b8d52c457a3735afd5b486e822188e2c64480c8dd3732,pffft-scheduled-batch-float,spec012-confirm-03,1,float,4096,1024,1,1,callback,steady,existing all-output numerical replay,archived-vector-counts,spectrum-norms-v1,direct DFT or binary64 FFT of matched frame bytes; direct band sums and EMA,see archived reference; precision not separately recorded,2048,2048,4196352,4196352,2.0198579984200523e-07,1.4903790443764086e-07,0.0001220703125,unnormalized FFT magnitude,0,0
3aeff8d50243a034,313d9e48439b4d07005b8d52c457a3735afd5b486e822188e2c64480c8dd3732,pffft-scheduled-batch-float,spec012-confirm-03,2,float,4096,1024,1,1,callback,steady,existing all-output numerical replay,archived-vector-counts,spectrum-norms-v1,direct DFT or binary64 FFT of matched frame bytes; direct band sums and EMA,see archived reference; precision not separately recorded,2048,2048,4196352,4196352,2.0198579984200523e-07,1.4903790443764086e-07,0.0001220703125,unnormalized FFT magnitude,0,0
3aeff8d50243a034,34f05e089d271d3f6248b0055320c16728373f1b5f66e674d8027727918ebb25,legacy-batch-float,spec012-confirm-01,0,float,2048,1024,1,1,callback,steady,full,all-publications-v1,spectrum-norms-v1,independent recursive binary64 FFT / direct DFT; matched float windows; direct bands and EMA,binary64 FFT / long-double direct DFT,2048,2048,2099200,2099200,1.7896422314979908e-07,2.2354712809377118e-07,9.1552734375e-05,unnormalized FFT magnitude,0,0
3aeff8d50243a034,34f05e089d271d3f6248b0055320c16728373f1b5f66e674d8027727918ebb25,legacy-batch-float,spec012-confirm-01,1,float,2048,1024,1,1,callback,steady,full,all-publications-v1,spectrum-norms-v1,independent recursive binary64 FFT / direct DFT; matched float windows; direct bands and EMA,binary64 FFT / long-double direct DFT,2048,2048,2099200,2099200,1.7896422314979908e-07,2.2354712809377118e-07,9.1552734375e-05,unnormalized FFT magnitude,0,0
3aeff8d50243a034,34f05e089d271d3f6248b0055320c16728373f1b5f66e674d8027727918ebb25,legacy-batch-float,spec012-confirm-01,2,float,2048,1024,1,1,callback,steady,full,all-publications-v1,spectrum-norms-v1,independent recursive binary64 FFT / direct DFT; matched float windows; direct bands and EMA,binary64 FFT / long-double direct DFT,2048,2048,2099200,2099200,1.7896422314979908e-07,2.2354712809377118e-07,9.1552734375e-05,unnormalized FFT magnitude,0,0
3aeff8d50243a034,34f05e089d271d3f6248b0055320c16728373f1b5f66e674d8027727918ebb25,legacy-batch-float,spec012-confirm-02,0,float,2048,1024,1,1,callback,steady,full,all-publications-v1,spectrum-norms-v1,independent recursive binary64 FFT / direct DFT; matched float windows; direct bands and EMA,binary64 FFT / long-double direct DFT,2048,2048,2099200,2099200,1.7896422314979908e-07,2.2354712809377118e-07,9.1552734375e-05,unnormalized FFT magnitude,0,0
3aeff8d50243a034,34f05e089d271d3f6248b0055320c16728373f1b5f66e674d8027727918ebb25,legacy-batch-float,spec012-confirm-02,1,float,2048,1024,1,1,callback,steady,full,all-publications-v1,spectrum-norms-v1,independent recursive binary64 FFT / direct DFT; matched float windows; direct bands and EMA,binary64 FFT / long-double direct DFT,2048,2048,2099200,2099200,1.7896422314979908e-07,2.2354712809377118e-07,9.1552734375e-05,unnormalized FFT magnitude,0,0
3aeff8d50243a034,34f05e089d271d3f6248b0055320c16728373f1b5f66e674d8027727918ebb25,legacy-batch-float,spec012-confirm-02,2,float,2048,1024,1,1,callback,steady,full,all-publications-v1,spectrum-norms-v1,independent recursive binary64 FFT / direct DFT; matched float windows; direct bands and EMA,binary64 FFT / long-double direct DFT,2048,2048,2099200,2099200,1.7896422314979908e-07,2.2354712809377118e-07,9.1552734375e-05,unnormalized FFT magnitude,0,0
3aeff8d50243a034,34f05e089d271d3f6248b0055320c16728373f1b5f66e674d8027727918ebb25,legacy-batch-float,spec012-confirm-03,0,float,2048,1024,1,1,callback,steady,full,all-publications-v1,spectrum-norms-v1,independent recursive binary64 FFT / direct DFT; matched float windows; direct bands and EMA,binary64 FFT / long-double direct DFT,2048,2048,2099200,2099200,1.7896422314979908e-07,2.2354712809377118e-07,9.1552734375e-05,unnormalized FFT magnitude,0,0
3aeff8d50243a034,34f05e089d271d3f6248b0055320c16728373f1b5f66e674d8027727918ebb25,legacy-batch-float,spec012-confirm-03,1,float,2048,1024,1,1,callback,steady,full,all-publications-v1,spectrum-norms-v1,independent recursive binary64 FFT / direct DFT; matched float windows; direct bands and EMA,binary64 FFT / long-double direct DFT,2048,2048,2099200,2099200,1.7896422314979908e-07,2.2354712809377118e-07,9.1552734375e-05,unnormalized FFT magnitude,0,0
3aeff8d50243a034,34f05e089d271d3f6248b0055320c16728373f1b5f66e674d8027727918ebb25,legacy-batch-float,spec012-confirm-03,2,float,2048,1024,1,1,callback,steady,full,all-publications-v1,spectrum-norms-v1,independent recursive binary64 FFT / direct DFT; matched float windows; direct bands and EMA,binary64 FFT / long-double direct DFT,2048,2048,2099200,2099200,1.7896422314979908e-07,2.2354712809377118e-07,9.1552734375e-05,unnormalized FFT magnitude,0,0
3aeff8d50243a034,351616bef8d45286764c10cf97e6320bfddb133b8cb7f7cd5284289fb15978a7,pffft-scheduled-batch-float,spec012-confirm-01,0,float,2048,1024,1,1,callback,steady,existing all-output numerical replay,archived-vector-counts,spectrum-norms-v1,direct DFT or binary64 FFT of matched frame bytes; direct band sums and EMA,see archived reference; precision not separately recorded,2048,2048,2099200,2099200,1.8753119135637531e-07,2.2363801652461304e-07,9.1552734375e-05,unnormalized FFT magnitude,0,0
3aeff8d50243a034,351616bef8d45286764c10cf97e6320bfddb133b8cb7f7cd5284289fb15978a7,pffft-scheduled-batch-float,spec012-confirm-01,1,float,2048,1024,1,1,callback,steady,existing all-output numerical replay,archived-vector-counts,spectrum-norms-v1,direct DFT or binary64 FFT of matched frame bytes; direct band sums and EMA,see archived reference; precision not separately recorded,2048,2048,2099200,2099200,1.8753119135637531e-07,2.2363801652461304e-07,9.1552734375e-05,unnormalized FFT magnitude,0,0
3aeff8d50243a034,351616bef8d45286764c10cf97e6320bfddb133b8cb7f7cd5284289fb15978a7,pffft-scheduled-batch-float,spec012-confirm-01,2,float,2048,1024,1,1,callback,steady,existing all-output numerical replay,archived-vector-counts,spectrum-norms-v1,direct DFT or binary64 FFT of matched frame bytes; direct band sums and EMA,see archived reference; precision not separately recorded,2048,2048,2099200,2099200,1.8753119135637531e-07,2.2363801652461304e-07,9.1552734375e-05,unnormalized FFT magnitude,0,0
3aeff8d50243a034,351616bef8d45286764c10cf97e6320bfddb133b8cb7f7cd5284289fb15978a7,pffft-scheduled-batch-float,spec012-confirm-02,0,float,2048,1024,1,1,callback,steady,existing all-output numerical replay,archived-vector-counts,spectrum-norms-v1,direct DFT or binary64 FFT of matched frame bytes; direct band sums and EMA,see archived reference; precision not separately recorded,2048,2048,2099200,2099200,1.8753119135637531e-07,2.2363801652461304e-07,9.1552734375e-05,unnormalized FFT magnitude,0,0
3aeff8d50243a034,351616bef8d45286764c10cf97e6320bfddb133b8cb7f7cd5284289fb15978a7,pffft-scheduled-batch-float,spec012-confirm-02,1,float,2048,1024,1,1,callback,steady,existing all-output numerical replay,archived-vector-counts,spectrum-norms-v1,direct DFT or binary64 FFT of matched frame bytes; direct band sums and EMA,see archived reference; precision not separately recorded,2048,2048,2099200,2099200,1.8753119135637531e-07,2.2363801652461304e-07,9.1552734375e-05,unnormalized FFT magnitude,0,0
3aeff8d50243a034,351616bef8d45286764c10cf97e6320bfddb133b8cb7f7cd5284289fb15978a7,pffft-scheduled-batch-float,spec012-confirm-02,2,float,2048,1024,1,1,callback,steady,existing all-output numerical replay,archived-vector-counts,spectrum-norms-v1,direct DFT or binary64 FFT of matched frame bytes; direct band sums and EMA,see archived reference; precision not separately recorded,2048,2048,2099200,2099200,1.8753119135637531e-07,2.2363801652461304e-07,9.1552734375e-05,unnormalized FFT magnitude,0,0
3aeff8d50243a034,351616bef8d45286764c10cf97e6320bfddb133b8cb7f7cd5284289fb15978a7,pffft-scheduled-batch-float,spec012-confirm-03,0,float,2048,1024,1,1,callback,steady,existing all-output numerical replay,archived-vector-counts,spectrum-norms-v1,direct DFT or binary64 FFT of matched frame bytes; direct band sums and EMA,see archived reference; precision not separately recorded,2048,2048,2099200,2099200,1.8753119135637531e-07,2.2363801652461304e-07,9.1552734375e-05,unnormalized FFT magnitude,0,0
3aeff8d50243a034,351616bef8d45286764c10cf97e6320bfddb133b8cb7f7cd5284289fb15978a7,pffft-scheduled-batch-float,spec012-confirm-03,1,float,2048,1024,1,1,callback,steady,existing all-output numerical replay,archived-vector-counts,spectrum-norms-v1,direct DFT or binary64 FFT of matched frame bytes; direct band sums and EMA,see archived reference; precision not separately recorded,2048,2048,2099200,2099200,1.8753119135637531e-07,2.2363801652461304e-07,9.1552734375e-05,unnormalized FFT magnitude,0,0
3aeff8d50243a034,351616bef8d45286764c10cf97e6320bfddb133b8cb7f7cd5284289fb15978a7,pffft-scheduled-batch-float,spec012-confirm-03,2,float,2048,1024,1,1,callback,steady,existing all-output numerical replay,archived-vector-counts,spectrum-norms-v1,direct DFT or binary64 FFT of matched frame bytes; direct band sums and EMA,see archived reference; precision not separately recorded,2048,2048,2099200,2099200,1.8753119135637531e-07,2.2363801652461304e-07,9.1552734375e-05,unnormalized FFT magnitude,0,0
3aeff8d50243a034,366f3d49d06d22c558ccaec5706f34bf3be8da98a525ff03c3dc3d628b135d9b,pffft-analysis-float,spec012-confirm-01,0,float,2048,1024,1,1,throughput,steady,existing all-output numerical replay,archived-vector-counts,spectrum-norms-v1,direct DFT or binary64 FFT of matched frame bytes; direct band sums and EMA,see archived reference; precision not separately recorded,2048,2048,2099200,2099200,1.2019560717045903e-07,1.191954924079027e-07,6.103515625e-05,unnormalized FFT magnitude,0,0
3aeff8d50243a034,366f3d49d06d22c558ccaec5706f34bf3be8da98a525ff03c3dc3d628b135d9b,pffft-analysis-float,spec012-confirm-01,1,float,2048,1024,1,1,throughput,steady,existing all-output numerical replay,archived-vector-counts,spectrum-norms-v1,direct DFT or binary64 FFT of matched frame bytes; direct band sums and EMA,see archived reference; precision not separately recorded,2048,2048,2099200,2099200,1.2019560717045903e-07,1.191954924079027e-07,6.103515625e-05,unnormalized FFT magnitude,0,0
3aeff8d50243a034,366f3d49d06d22c558ccaec5706f34bf3be8da98a525ff03c3dc3d628b135d9b,pffft-analysis-float,spec012-confirm-01,2,float,2048,1024,1,1,throughput,steady,existing all-output numerical replay,archived-vector-counts,spectrum-norms-v1,direct DFT or binary64 FFT of matched frame bytes; direct band sums and EMA,see archived reference; precision not separately recorded,2048,2048,2099200,2099200,1.2019560717045903e-07,1.191954924079027e-07,6.103515625e-05,unnormalized FFT magnitude,0,0
3aeff8d50243a034,366f3d49d06d22c558ccaec5706f34bf3be8da98a525ff03c3dc3d628b135d9b,pffft-analysis-float,spec012-confirm-02,0,float,2048,1024,1,1,throughput,steady,existing all-output numerical replay,archived-vector-counts,spectrum-norms-v1,direct DFT or binary64 FFT of matched frame bytes; direct band sums and EMA,see archived reference; precision not separately recorded,2048,2048,2099200,2099200,1.2019560717045903e-07,1.191954924079027e-07,6.103515625e-05,unnormalized FFT magnitude,0,0
3aeff8d50243a034,366f3d49d06d22c558ccaec5706f34bf3be8da98a525ff03c3dc3d628b135d9b,pffft-analysis-float,spec012-confirm-02,1,float,2048,1024,1,1,throughput,steady,existing all-output numerical replay,archived-vector-counts,spectrum-norms-v1,direct DFT or binary64 FFT of matched frame bytes; direct band sums and EMA,see archived reference; precision not separately recorded,2048,2048,2099200,2099200,1.2019560717045903e-07,1.191954924079027e-07,6.103515625e-05,unnormalized FFT magnitude,0,0
3aeff8d50243a034,366f3d49d06d22c558ccaec5706f34bf3be8da98a525ff03c3dc3d628b135d9b,pffft-analysis-float,spec012-confirm-02,2,float,2048,1024,1,1,throughput,steady,existing all-output numerical replay,archived-vector-counts,spectrum-norms-v1,direct DFT or binary64 FFT of matched frame bytes; direct band sums and EMA,see archived reference; precision not separately recorded,2048,2048,2099200,2099200,1.2019560717045903e-07,1.191954924079027e-07,6.103515625e-05,unnormalized FFT magnitude,0,0
3aeff8d50243a034,366f3d49d06d22c558ccaec5706f34bf3be8da98a525ff03c3dc3d628b135d9b,pffft-analysis-float,spec012-confirm-03,0,float,2048,1024,1,1,throughput,steady,existing all-output numerical replay,archived-vector-counts,spectrum-norms-v1,direct DFT or binary64 FFT of matched frame bytes; direct band sums and EMA,see archived reference; precision not separately recorded,2048,2048,2099200,2099200,1.2019560717045903e-07,1.191954924079027e-07,6.103515625e-05,unnormalized FFT magnitude,0,0
3aeff8d50243a034,366f3d49d06d22c558ccaec5706f34bf3be8da98a525ff03c3dc3d628b135d9b,pffft-analysis-float,spec012-confirm-03,1,float,2048,1024,1,1,throughput,steady,existing all-output numerical replay,archived-vector-counts,spectrum-norms-v1,direct DFT or binary64 FFT of matched frame bytes; direct band sums and EMA,see archived reference; precision not separately recorded,2048,2048,2099200,2099200,1.2019560717045903e-07,1.191954924079027e-07,6.103515625e-05,unnormalized FFT magnitude,0,0
3aeff8d50243a034,366f3d49d06d22c558ccaec5706f34bf3be8da98a525ff03c3dc3d628b135d9b,pffft-analysis-float,spec012-confirm-03,2,float,2048,1024,1,1,throughput,steady,existing all-output numerical replay,archived-vector-counts,spectrum-norms-v1,direct DFT or binary64 FFT of matched frame bytes; direct band sums and EMA,see archived reference; precision not separately recorded,2048,2048,2099200,2099200,1.2019560717045903e-07,1.191954924079027e-07,6.103515625e-05,unnormalized FFT magnitude,0,0
3aeff8d50243a034,371c43b6912a69783e7aae0f362839d8f4edd53c8aa84344bc87c176eac47e7d,core-float,spec012-confirm-01,0,float,4096,1024,1,1,callback,steady,full,all-publications-v1,spectrum-norms-v1,independent recursive binary64 FFT / direct DFT; matched float windows; direct bands and EMA,binary64 FFT / long-double direct DFT,2048,2048,4196352,4196352,1.9008444915668287e-07,1.1167982614875916e-07,9.1552734375e-05,unnormalized FFT magnitude,0,0
3aeff8d50243a034,371c43b6912a69783e7aae0f362839d8f4edd53c8aa84344bc87c176eac47e7d,core-float,spec012-confirm-01,1,float,4096,1024,1,1,callback,steady,full,all-publications-v1,spectrum-norms-v1,independent recursive binary64 FFT / direct DFT; matched float windows; direct bands and EMA,binary64 FFT / long-double direct DFT,2048,2048,4196352,4196352,1.9008444915668287e-07,1.1167982614875916e-07,9.1552734375e-05,unnormalized FFT magnitude,0,0
3aeff8d50243a034,371c43b6912a69783e7aae0f362839d8f4edd53c8aa84344bc87c176eac47e7d,core-float,spec012-confirm-01,2,float,4096,1024,1,1,callback,steady,full,all-publications-v1,spectrum-norms-v1,independent recursive binary64 FFT / direct DFT; matched float windows; direct bands and EMA,binary64 FFT / long-double direct DFT,2048,2048,4196352,4196352,1.9008444915668287e-07,1.1167982614875916e-07,9.1552734375e-05,unnormalized FFT magnitude,0,0
3aeff8d50243a034,371c43b6912a69783e7aae0f362839d8f4edd53c8aa84344bc87c176eac47e7d,core-float,spec012-confirm-02,0,float,4096,1024,1,1,callback,steady,full,all-publications-v1,spectrum-norms-v1,independent recursive binary64 FFT / direct DFT; matched float windows; direct bands and EMA,binary64 FFT / long-double direct DFT,2048,2048,4196352,4196352,1.9008444915668287e-07,1.1167982614875916e-07,9.1552734375e-05,unnormalized FFT magnitude,0,0
3aeff8d50243a034,371c43b6912a69783e7aae0f362839d8f4edd53c8aa84344bc87c176eac47e7d,core-float,spec012-confirm-02,1,float,4096,1024,1,1,callback,steady,full,all-publications-v1,spectrum-norms-v1,independent recursive binary64 FFT / direct DFT; matched float windows; direct bands and EMA,binary64 FFT / long-double direct DFT,2048,2048,4196352,4196352,1.9008444915668287e-07,1.1167982614875916e-07,9.1552734375e-05,unnormalized FFT magnitude,0,0
3aeff8d50243a034,371c43b6912a69783e7aae0f362839d8f4edd53c8aa84344bc87c176eac47e7d,core-float,spec012-confirm-02,2,float,4096,1024,1,1,callback,steady,full,all-publications-v1,spectrum-norms-v1,independent recursive binary64 FFT / direct DFT; matched float windows; direct bands and EMA,binary64 FFT / long-double direct DFT,2048,2048,4196352,4196352,1.9008444915668287e-07,1.1167982614875916e-07,9.1552734375e-05,unnormalized FFT magnitude,0,0
3aeff8d50243a034,371c43b6912a69783e7aae0f362839d8f4edd53c8aa84344bc87c176eac47e7d,core-float,spec012-confirm-03,0,float,4096,1024,1,1,callback,steady,full,all-publications-v1,spectrum-norms-v1,independent recursive binary64 FFT / direct DFT; matched float windows; direct bands and EMA,binary64 FFT / long-double direct DFT,2048,2048,4196352,4196352,1.9008444915668287e-07,1.1167982614875916e-07,9.1552734375e-05,unnormalized FFT magnitude,0,0
3aeff8d50243a034,371c43b6912a69783e7aae0f362839d8f4edd53c8aa84344bc87c176eac47e7d,core-float,spec012-confirm-03,1,float,4096,1024,1,1,callback,steady,full,all-publications-v1,spectrum-norms-v1,independent recursive binary64 FFT / direct DFT; matched float windows; direct bands and EMA,binary64 FFT / long-double direct DFT,2048,2048,4196352,4196352,1.9008444915668287e-07,1.1167982614875916e-07,9.1552734375e-05,unnormalized FFT magnitude,0,0
3aeff8d50243a034,371c43b6912a69783e7aae0f362839d8f4edd53c8aa84344bc87c176eac47e7d,core-float,spec012-confirm-03,2,float,4096,1024,1,1,callback,steady,full,all-publications-v1,spectrum-norms-v1,independent recursive binary64 FFT / direct DFT; matched float windows; direct bands and EMA,binary64 FFT / long-double direct DFT,2048,2048,4196352,4196352,1.9008444915668287e-07,1.1167982614875916e-07,9.1552734375e-05,unnormalized FFT magnitude,0,0
3aeff8d50243a034,3749effd144cc0359f2b5c1fe4a1f4b44ed1eb3a20f25b6606950e17b84abd7b,legacy-batch-float,spec012-confirm-01,0,float,2048,1024,1,1,callback,steady,full,all-publications-v1,spectrum-norms-v1,independent recursive binary64 FFT / direct DFT; matched float windows; direct bands and EMA,binary64 FFT / long-double direct DFT,2048,2048,2099200,2099200,2.15934702845581e-07,2.794693895227653e-07,0.00014317035675048828,unnormalized FFT magnitude,0,0
3aeff8d50243a034,3749effd144cc0359f2b5c1fe4a1f4b44ed1eb3a20f25b6606950e17b84abd7b,legacy-batch-float,spec012-confirm-01,1,float,2048,1024,1,1,callback,steady,full,all-publications-v1,spectrum-norms-v1,independent recursive binary64 FFT / direct DFT; matched float windows; direct bands and EMA,binary64 FFT / long-double direct DFT,2048,2048,2099200,2099200,2.15934702845581e-07,2.794693895227653e-07,0.00014317035675048828,unnormalized FFT magnitude,0,0
3aeff8d50243a034,3749effd144cc0359f2b5c1fe4a1f4b44ed1eb3a20f25b6606950e17b84abd7b,legacy-batch-float,spec012-confirm-01,2,float,2048,1024,1,1,callback,steady,full,all-publications-v1,spectrum-norms-v1,independent recursive binary64 FFT / direct DFT; matched float windows; direct bands and EMA,binary64 FFT / long-double direct DFT,2048,2048,2099200,2099200,2.15934702845581e-07,2.794693895227653e-07,0.00014317035675048828,unnormalized FFT magnitude,0,0
3aeff8d50243a034,3749effd144cc0359f2b5c1fe4a1f4b44ed1eb3a20f25b6606950e17b84abd7b,legacy-batch-float,spec012-confirm-02,0,float,2048,1024,1,1,callback,steady,full,all-publications-v1,spectrum-norms-v1,independent recursive binary64 FFT / direct DFT; matched float windows; direct bands and EMA,binary64 FFT / long-double direct DFT,2048,2048,2099200,2099200,2.15934702845581e-07,2.794693895227653e-07,0.00014317035675048828,unnormalized FFT magnitude,0,0
3aeff8d50243a034,3749effd144cc0359f2b5c1fe4a1f4b44ed1eb3a20f25b6606950e17b84abd7b,legacy-batch-float,spec012-confirm-02,1,float,2048,1024,1,1,callback,steady,full,all-publications-v1,spectrum-norms-v1,independent recursive binary64 FFT / direct DFT; matched float windows; direct bands and EMA,binary64 FFT / long-double direct DFT,2048,2048,2099200,2099200,2.15934702845581e-07,2.794693895227653e-07,0.00014317035675048828,unnormalized FFT magnitude,0,0
3aeff8d50243a034,3749effd144cc0359f2b5c1fe4a1f4b44ed1eb3a20f25b6606950e17b84abd7b,legacy-batch-float,spec012-confirm-02,2,float,2048,1024,1,1,callback,steady,full,all-publications-v1,spectrum-norms-v1,independent recursive binary64 FFT / direct DFT; matched float windows; direct bands and EMA,binary64 FFT / long-double direct DFT,2048,2048,2099200,2099200,2.15934702845581e-07,2.794693895227653e-07,0.00014317035675048828,unnormalized FFT magnitude,0,0
3aeff8d50243a034,3749effd144cc0359f2b5c1fe4a1f4b44ed1eb3a20f25b6606950e17b84abd7b,legacy-batch-float,spec012-confirm-03,0,float,2048,1024,1,1,callback,steady,full,all-publications-v1,spectrum-norms-v1,independent recursive binary64 FFT / direct DFT; matched float windows; direct bands and EMA,binary64 FFT / long-double direct DFT,2048,2048,2099200,2099200,2.15934702845581e-07,2.794693895227653e-07,0.00014317035675048828,unnormalized FFT magnitude,0,0
3aeff8d50243a034,3749effd144cc0359f2b5c1fe4a1f4b44ed1eb3a20f25b6606950e17b84abd7b,legacy-batch-float,spec012-confirm-03,1,float,2048,1024,1,1,callback,steady,full,all-publications-v1,spectrum-norms-v1,independent recursive binary64 FFT / direct DFT; matched float windows; direct bands and EMA,binary64 FFT / long-double direct DFT,2048,2048,2099200,2099200,2.15934702845581e-07,2.794693895227653e-07,0.00014317035675048828,unnormalized FFT magnitude,0,0
3aeff8d50243a034,3749effd144cc0359f2b5c1fe4a1f4b44ed1eb3a20f25b6606950e17b84abd7b,legacy-batch-float,spec012-confirm-03,2,float,2048,1024,1,1,callback,steady,full,all-publications-v1,spectrum-norms-v1,independent recursive binary64 FFT / direct DFT; matched float windows; direct bands and EMA,binary64 FFT / long-double direct DFT,2048,2048,2099200,2099200,2.15934702845581e-07,2.794693895227653e-07,0.00014317035675048828,unnormalized FFT magnitude,0,0
3aeff8d50243a034,378220cc546a581c4e7cce2709ae970d4087e1a15bfabd3c57a6e0771b50c7a7,pffft-analysis-float,spec012-confirm-01,0,float,2048,1024,1,1,throughput,steady,existing all-output numerical replay,archived-vector-counts,spectrum-norms-v1,direct DFT or binary64 FFT of matched frame bytes; direct band sums and EMA,see archived reference; precision not separately recorded,2048,2048,2099200,2099200,1.8753119135637531e-07,2.2363801652461304e-07,9.1552734375e-05,unnormalized FFT magnitude,0,0
3aeff8d50243a034,378220cc546a581c4e7cce2709ae970d4087e1a15bfabd3c57a6e0771b50c7a7,pffft-analysis-float,spec012-confirm-01,1,float,2048,1024,1,1,throughput,steady,existing all-output numerical replay,archived-vector-counts,spectrum-norms-v1,direct DFT or binary64 FFT of matched frame bytes; direct band sums and EMA,see archived reference; precision not separately recorded,2048,2048,2099200,2099200,1.8753119135637531e-07,2.2363801652461304e-07,9.1552734375e-05,unnormalized FFT magnitude,0,0
3aeff8d50243a034,378220cc546a581c4e7cce2709ae970d4087e1a15bfabd3c57a6e0771b50c7a7,pffft-analysis-float,spec012-confirm-01,2,float,2048,1024,1,1,throughput,steady,existing all-output numerical replay,archived-vector-counts,spectrum-norms-v1,direct DFT or binary64 FFT of matched frame bytes; direct band sums and EMA,see archived reference; precision not separately recorded,2048,2048,2099200,2099200,1.8753119135637531e-07,2.2363801652461304e-07,9.1552734375e-05,unnormalized FFT magnitude,0,0
3aeff8d50243a034,378220cc546a581c4e7cce2709ae970d4087e1a15bfabd3c57a6e0771b50c7a7,pffft-analysis-float,spec012-confirm-02,0,float,2048,1024,1,1,throughput,steady,existing all-output numerical replay,archived-vector-counts,spectrum-norms-v1,direct DFT or binary64 FFT of matched frame bytes; direct band sums and EMA,see archived reference; precision not separately recorded,2048,2048,2099200,2099200,1.8753119135637531e-07,2.2363801652461304e-07,9.1552734375e-05,unnormalized FFT magnitude,0,0
3aeff8d50243a034,378220cc546a581c4e7cce2709ae970d4087e1a15bfabd3c57a6e0771b50c7a7,pffft-analysis-float,spec012-confirm-02,1,float,2048,1024,1,1,throughput,steady,existing all-output numerical replay,archived-vector-counts,spectrum-norms-v1,direct DFT or binary64 FFT of matched frame bytes; direct band sums and EMA,see archived reference; precision not separately recorded,2048,2048,2099200,2099200,1.8753119135637531e-07,2.2363801652461304e-07,9.1552734375e-05,unnormalized FFT magnitude,0,0
3aeff8d50243a034,378220cc546a581c4e7cce2709ae970d4087e1a15bfabd3c57a6e0771b50c7a7,pffft-analysis-float,spec012-confirm-02,2,float,2048,1024,1,1,throughput,steady,existing all-output numerical replay,archived-vector-counts,spectrum-norms-v1,direct DFT or binary64 FFT of matched frame bytes; direct band sums and EMA,see archived reference; precision not separately recorded,2048,2048,2099200,2099200,1.8753119135637531e-07,2.2363801652461304e-07,9.1552734375e-05,unnormalized FFT magnitude,0,0
3aeff8d50243a034,378220cc546a581c4e7cce2709ae970d4087e1a15bfabd3c57a6e0771b50c7a7,pffft-analysis-float,spec012-confirm-03,0,float,2048,1024,1,1,throughput,steady,existing all-output numerical replay,archived-vector-counts,spectrum-norms-v1,direct DFT or binary64 FFT of matched frame bytes; direct band sums and EMA,see archived reference; precision not separately recorded,2048,2048,2099200,2099200,1.8753119135637531e-07,2.2363801652461304e-07,9.1552734375e-05,unnormalized FFT magnitude,0,0
3aeff8d50243a034,378220cc546a581c4e7cce2709ae970d4087e1a15bfabd3c57a6e0771b50c7a7,pffft-analysis-float,spec012-confirm-03,1,float,2048,1024,1,1,throughput,steady,existing all-output numerical replay,archived-vector-counts,spectrum-norms-v1,direct DFT or binary64 FFT of matched frame bytes; direct band sums and EMA,see archived reference; precision not separately recorded,2048,2048,2099200,2099200,1.8753119135637531e-07,2.2363801652461304e-07,9.1552734375e-05,unnormalized FFT magnitude,0,0
3aeff8d50243a034,378220cc546a581c4e7cce2709ae970d4087e1a15bfabd3c57a6e0771b50c7a7,pffft-analysis-float,spec012-confirm-03,2,float,2048,1024,1,1,throughput,steady,existing all-output numerical replay,archived-vector-counts,spectrum-norms-v1,direct DFT or binary64 FFT of matched frame bytes; direct band sums and EMA,see archived reference; precision not separately recorded,2048,2048,2099200,2099200,1.8753119135637531e-07,2.2363801652461304e-07,9.1552734375e-05,unnormalized FFT magnitude,0,0
3aeff8d50243a034,37bf95d52d2c436fe39ec3b2f134e9c76d09b01554ffd2ca30e4513dfb5b43e6,pffft-scheduled-batch-float,spec012-confirm-01,0,float,4096,1024,1,1,callback,steady,existing all-output numerical replay,archived-vector-counts,spectrum-norms-v1,direct DFT or binary64 FFT of matched frame bytes; direct band sums and EMA,see archived reference; precision not separately recorded,2048,2048,4196352,4196352,1.651287305471812e-07,2.3812060927920297e-07,0.000244140625,unnormalized FFT magnitude,0,0
3aeff8d50243a034,37bf95d52d2c436fe39ec3b2f134e9c76d09b01554ffd2ca30e4513dfb5b43e6,pffft-scheduled-batch-float,spec012-confirm-01,1,float,4096,1024,1,1,callback,steady,existing all-output numerical replay,archived-vector-counts,spectrum-norms-v1,direct DFT or binary64 FFT of matched frame bytes; direct band sums and EMA,see archived reference; precision not separately recorded,2048,2048,4196352,4196352,1.651287305471812e-07,2.3812060927920297e-07,0.000244140625,unnormalized FFT magnitude,0,0
3aeff8d50243a034,37bf95d52d2c436fe39ec3b2f134e9c76d09b01554ffd2ca30e4513dfb5b43e6,pffft-scheduled-batch-float,spec012-confirm-01,2,float,4096,1024,1,1,callback,steady,existing all-output numerical replay,archived-vector-counts,spectrum-norms-v1,direct DFT or binary64 FFT of matched frame bytes; direct band sums and EMA,see archived reference; precision not separately recorded,2048,2048,4196352,4196352,1.651287305471812e-07,2.3812060927920297e-07,0.000244140625,unnormalized FFT magnitude,0,0
3aeff8d50243a034,37bf95d52d2c436fe39ec3b2f134e9c76d09b01554ffd2ca30e4513dfb5b43e6,pffft-scheduled-batch-float,spec012-confirm-02,0,float,4096,1024,1,1,callback,steady,existing all-output numerical replay,archived-vector-counts,spectrum-norms-v1,direct DFT or binary64 FFT of matched frame bytes; direct band sums and EMA,see archived reference; precision not separately recorded,2048,2048,4196352,4196352,1.651287305471812e-07,2.3812060927920297e-07,0.000244140625,unnormalized FFT magnitude,0,0
3aeff8d50243a034,37bf95d52d2c436fe39ec3b2f134e9c76d09b01554ffd2ca30e4513dfb5b43e6,pffft-scheduled-batch-float,spec012-confirm-02,1,float,4096,1024,1,1,callback,steady,existing all-output numerical replay,archived-vector-counts,spectrum-norms-v1,direct DFT or binary64 FFT of matched frame bytes; direct band sums and EMA,see archived reference; precision not separately recorded,2048,2048,4196352,4196352,1.651287305471812e-07,2.3812060927920297e-07,0.000244140625,unnormalized FFT magnitude,0,0
3aeff8d50243a034,37bf95d52d2c436fe39ec3b2f134e9c76d09b01554ffd2ca30e4513dfb5b43e6,pffft-scheduled-batch-float,spec012-confirm-02,2,float,4096,1024,1,1,callback,steady,existing all-output numerical replay,archived-vector-counts,spectrum-norms-v1,direct DFT or binary64 FFT of matched frame bytes; direct band sums and EMA,see archived reference; precision not separately recorded,2048,2048,4196352,4196352,1.651287305471812e-07,2.3812060927920297e-07,0.000244140625,unnormalized FFT magnitude,0,0
3aeff8d50243a034,37bf95d52d2c436fe39ec3b2f134e9c76d09b01554ffd2ca30e4513dfb5b43e6,pffft-scheduled-batch-float,spec012-confirm-03,0,float,4096,1024,1,1,callback,steady,existing all-output numerical replay,archived-vector-counts,spectrum-norms-v1,direct DFT or binary64 FFT of matched frame bytes; direct band sums and EMA,see archived reference; precision not separately recorded,2048,2048,4196352,4196352,1.651287305471812e-07,2.3812060927920297e-07,0.000244140625,unnormalized FFT magnitude,0,0
3aeff8d50243a034,37bf95d52d2c436fe39ec3b2f134e9c76d09b01554ffd2ca30e4513dfb5b43e6,pffft-scheduled-batch-float,spec012-confirm-03,1,float,4096,1024,1,1,callback,steady,existing all-output numerical replay,archived-vector-counts,spectrum-norms-v1,direct DFT or binary64 FFT of matched frame bytes; direct band sums and EMA,see archived reference; precision not separately recorded,2048,2048,4196352,4196352,1.651287305471812e-07,2.3812060927920297e-07,0.000244140625,unnormalized FFT magnitude,0,0
3aeff8d50243a034,37bf95d52d2c436fe39ec3b2f134e9c76d09b01554ffd2ca30e4513dfb5b43e6,pffft-scheduled-batch-float,spec012-confirm-03,2,float,4096,1024,1,1,callback,steady,existing all-output numerical replay,archived-vector-counts,spectrum-norms-v1,direct DFT or binary64 FFT of matched frame bytes; direct band sums and EMA,see archived reference; precision not separately recorded,2048,2048,4196352,4196352,1.651287305471812e-07,2.3812060927920297e-07,0.000244140625,unnormalized FFT magnitude,0,0
3aeff8d50243a034,391355ce900f5cd616157635c88536c186d6fd03b6406abb417f5e48fa0c139f,legacy-incremental-float,spec012-confirm-01,0,float,2048,1024,1,1,callback,steady,full,all-publications-v1,spectrum-norms-v1,independent recursive binary64 FFT / direct DFT; matched float windows; direct bands and EMA,binary64 FFT / long-double direct DFT,2048,2048,2099200,2099200,1.7896422314979908e-07,2.2354712809377118e-07,9.1552734375e-05,unnormalized FFT magnitude,0,0
3aeff8d50243a034,391355ce900f5cd616157635c88536c186d6fd03b6406abb417f5e48fa0c139f,legacy-incremental-float,spec012-confirm-01,1,float,2048,1024,1,1,callback,steady,full,all-publications-v1,spectrum-norms-v1,independent recursive binary64 FFT / direct DFT; matched float windows; direct bands and EMA,binary64 FFT / long-double direct DFT,2048,2048,2099200,2099200,1.7896422314979908e-07,2.2354712809377118e-07,9.1552734375e-05,unnormalized FFT magnitude,0,0
3aeff8d50243a034,391355ce900f5cd616157635c88536c186d6fd03b6406abb417f5e48fa0c139f,legacy-incremental-float,spec012-confirm-01,2,float,2048,1024,1,1,callback,steady,full,all-publications-v1,spectrum-norms-v1,independent recursive binary64 FFT / direct DFT; matched float windows; direct bands and EMA,binary64 FFT / long-double direct DFT,2048,2048,2099200,2099200,1.7896422314979908e-07,2.2354712809377118e-07,9.1552734375e-05,unnormalized FFT magnitude,0,0
3aeff8d50243a034,391355ce900f5cd616157635c88536c186d6fd03b6406abb417f5e48fa0c139f,legacy-incremental-float,spec012-confirm-02,0,float,2048,1024,1,1,callback,steady,full,all-publications-v1,spectrum-norms-v1,independent recursive binary64 FFT / direct DFT; matched float windows; direct bands and EMA,binary64 FFT / long-double direct DFT,2048,2048,2099200,2099200,1.7896422314979908e-07,2.2354712809377118e-07,9.1552734375e-05,unnormalized FFT magnitude,0,0
3aeff8d50243a034,391355ce900f5cd616157635c88536c186d6fd03b6406abb417f5e48fa0c139f,legacy-incremental-float,spec012-confirm-02,1,float,2048,1024,1,1,callback,steady,full,all-publications-v1,spectrum-norms-v1,independent recursive binary64 FFT / direct DFT; matched float windows; direct bands and EMA,binary64 FFT / long-double direct DFT,2048,2048,2099200,2099200,1.7896422314979908e-07,2.2354712809377118e-07,9.1552734375e-05,unnormalized FFT magnitude,0,0
3aeff8d50243a034,391355ce900f5cd616157635c88536c186d6fd03b6406abb417f5e48fa0c139f,legacy-incremental-float,spec012-confirm-02,2,float,2048,1024,1,1,callback,steady,full,all-publications-v1,spectrum-norms-v1,independent recursive binary64 FFT / direct DFT; matched float windows; direct bands and EMA,binary64 FFT / long-double direct DFT,2048,2048,2099200,2099200,1.7896422314979908e-07,2.2354712809377118e-07,9.1552734375e-05,unnormalized FFT magnitude,0,0
3aeff8d50243a034,391355ce900f5cd616157635c88536c186d6fd03b6406abb417f5e48fa0c139f,legacy-incremental-float,spec012-confirm-03,0,float,2048,1024,1,1,callback,steady,full,all-publications-v1,spectrum-norms-v1,independent recursive binary64 FFT / direct DFT; matched float windows; direct bands and EMA,binary64 FFT / long-double direct DFT,2048,2048,2099200,2099200,1.7896422314979908e-07,2.2354712809377118e-07,9.1552734375e-05,unnormalized FFT magnitude,0,0
3aeff8d50243a034,391355ce900f5cd616157635c88536c186d6fd03b6406abb417f5e48fa0c139f,legacy-incremental-float,spec012-confirm-03,1,float,2048,1024,1,1,callback,steady,full,all-publications-v1,spectrum-norms-v1,independent recursive binary64 FFT / direct DFT; matched float windows; direct bands and EMA,binary64 FFT / long-double direct DFT,2048,2048,2099200,2099200,1.7896422314979908e-07,2.2354712809377118e-07,9.1552734375e-05,unnormalized FFT magnitude,0,0
3aeff8d50243a034,391355ce900f5cd616157635c88536c186d6fd03b6406abb417f5e48fa0c139f,legacy-incremental-float,spec012-confirm-03,2,float,2048,1024,1,1,callback,steady,full,all-publications-v1,spectrum-norms-v1,independent recursive binary64 FFT / direct DFT; matched float windows; direct bands and EMA,binary64 FFT / long-double direct DFT,2048,2048,2099200,2099200,1.7896422314979908e-07,2.2354712809377118e-07,9.1552734375e-05,unnormalized FFT magnitude,0,0
3aeff8d50243a034,3a9728bdf2c6777684c5c3ae99ee78617e5d3c70c70be0bc57e46ce87ca3a2b4,pffft-hybrid-float,spec012-confirm-01,0,float,4096,1024,1,1,callback,steady,existing all-output numerical replay,archived-vector-counts,spectrum-norms-v1,direct DFT or binary64 FFT of matched frame bytes; direct band sums and EMA,see archived reference; precision not separately recorded,2048,2048,4196352,4196352,1.651287305471812e-07,2.3812060927920297e-07,0.000244140625,unnormalized FFT magnitude,0,0
3aeff8d50243a034,3a9728bdf2c6777684c5c3ae99ee78617e5d3c70c70be0bc57e46ce87ca3a2b4,pffft-hybrid-float,spec012-confirm-01,1,float,4096,1024,1,1,callback,steady,existing all-output numerical replay,archived-vector-counts,spectrum-norms-v1,direct DFT or binary64 FFT of matched frame bytes; direct band sums and EMA,see archived reference; precision not separately recorded,2048,2048,4196352,4196352,1.651287305471812e-07,2.3812060927920297e-07,0.000244140625,unnormalized FFT magnitude,0,0
3aeff8d50243a034,3a9728bdf2c6777684c5c3ae99ee78617e5d3c70c70be0bc57e46ce87ca3a2b4,pffft-hybrid-float,spec012-confirm-01,2,float,4096,1024,1,1,callback,steady,existing all-output numerical replay,archived-vector-counts,spectrum-norms-v1,direct DFT or binary64 FFT of matched frame bytes; direct band sums and EMA,see archived reference; precision not separately recorded,2048,2048,4196352,4196352,1.651287305471812e-07,2.3812060927920297e-07,0.000244140625,unnormalized FFT magnitude,0,0
3aeff8d50243a034,3a9728bdf2c6777684c5c3ae99ee78617e5d3c70c70be0bc57e46ce87ca3a2b4,pffft-hybrid-float,spec012-confirm-02,0,float,4096,1024,1,1,callback,steady,existing all-output numerical replay,archived-vector-counts,spectrum-norms-v1,direct DFT or binary64 FFT of matched frame bytes; direct band sums and EMA,see archived reference; precision not separately recorded,2048,2048,4196352,4196352,1.651287305471812e-07,2.3812060927920297e-07,0.000244140625,unnormalized FFT magnitude,0,0
3aeff8d50243a034,3a9728bdf2c6777684c5c3ae99ee78617e5d3c70c70be0bc57e46ce87ca3a2b4,pffft-hybrid-float,spec012-confirm-02,1,float,4096,1024,1,1,callback,steady,existing all-output numerical replay,archived-vector-counts,spectrum-norms-v1,direct DFT or binary64 FFT of matched frame bytes; direct band sums and EMA,see archived reference; precision not separately recorded,2048,2048,4196352,4196352,1.651287305471812e-07,2.3812060927920297e-07,0.000244140625,unnormalized FFT magnitude,0,0
3aeff8d50243a034,3a9728bdf2c6777684c5c3ae99ee78617e5d3c70c70be0bc57e46ce87ca3a2b4,pffft-hybrid-float,spec012-confirm-02,2,float,4096,1024,1,1,callback,steady,existing all-output numerical replay,archived-vector-counts,spectrum-norms-v1,direct DFT or binary64 FFT of matched frame bytes; direct band sums and EMA,see archived reference; precision not separately recorded,2048,2048,4196352,4196352,1.651287305471812e-07,2.3812060927920297e-07,0.000244140625,unnormalized FFT magnitude,0,0
3aeff8d50243a034,3a9728bdf2c6777684c5c3ae99ee78617e5d3c70c70be0bc57e46ce87ca3a2b4,pffft-hybrid-float,spec012-confirm-03,0,float,4096,1024,1,1,callback,steady,existing all-output numerical replay,archived-vector-counts,spectrum-norms-v1,direct DFT or binary64 FFT of matched frame bytes; direct band sums and EMA,see archived reference; precision not separately recorded,2048,2048,4196352,4196352,1.651287305471812e-07,2.3812060927920297e-07,0.000244140625,unnormalized FFT magnitude,0,0
3aeff8d50243a034,3a9728bdf2c6777684c5c3ae99ee78617e5d3c70c70be0bc57e46ce87ca3a2b4,pffft-hybrid-float,spec012-confirm-03,1,float,4096,1024,1,1,callback,steady,existing all-output numerical replay,archived-vector-counts,spectrum-norms-v1,direct DFT or binary64 FFT of matched frame bytes; direct band sums and EMA,see archived reference; precision not separately recorded,2048,2048,4196352,4196352,1.651287305471812e-07,2.3812060927920297e-07,0.000244140625,unnormalized FFT magnitude,0,0
3aeff8d50243a034,3a9728bdf2c6777684c5c3ae99ee78617e5d3c70c70be0bc57e46ce87ca3a2b4,pffft-hybrid-float,spec012-confirm-03,2,float,4096,1024,1,1,callback,steady,existing all-output numerical replay,archived-vector-counts,spectrum-norms-v1,direct DFT or binary64 FFT of matched frame bytes; direct band sums and EMA,see archived reference; precision not separately recorded,2048,2048,4196352,4196352,1.651287305471812e-07,2.3812060927920297e-07,0.000244140625,unnormalized FFT magnitude,0,0
3aeff8d50243a034,40d88659b1b3cfe1dfdb309563ee7b507df4fb0921124dda0d11b7b420e800be,fftw-analysis-float,spec012-confirm-01,0,float,4096,1024,1,1,callback,steady,existing all-output numerical replay,archived-vector-counts,spectrum-norms-v1,direct DFT or binary64 FFT of matched frame bytes; direct band sums and EMA,see archived reference; precision not separately recorded,2048,2048,4196352,4196352,1.878762587903074e-07,1.4897630189272903e-07,0.0001220703125,unnormalized FFT magnitude,0,0
3aeff8d50243a034,40d88659b1b3cfe1dfdb309563ee7b507df4fb0921124dda0d11b7b420e800be,fftw-analysis-float,spec012-confirm-01,1,float,4096,1024,1,1,callback,steady,existing all-output numerical replay,archived-vector-counts,spectrum-norms-v1,direct DFT or binary64 FFT of matched frame bytes; direct band sums and EMA,see archived reference; precision not separately recorded,2048,2048,4196352,4196352,1.878762587903074e-07,1.4897630189272903e-07,0.0001220703125,unnormalized FFT magnitude,0,0
3aeff8d50243a034,40d88659b1b3cfe1dfdb309563ee7b507df4fb0921124dda0d11b7b420e800be,fftw-analysis-float,spec012-confirm-01,2,float,4096,1024,1,1,callback,steady,existing all-output numerical replay,archived-vector-counts,spectrum-norms-v1,direct DFT or binary64 FFT of matched frame bytes; direct band sums and EMA,see archived reference; precision not separately recorded,2048,2048,4196352,4196352,1.878762587903074e-07,1.4897630189272903e-07,0.0001220703125,unnormalized FFT magnitude,0,0
3aeff8d50243a034,40d88659b1b3cfe1dfdb309563ee7b507df4fb0921124dda0d11b7b420e800be,fftw-analysis-float,spec012-confirm-02,0,float,4096,1024,1,1,callback,steady,existing all-output numerical replay,archived-vector-counts,spectrum-norms-v1,direct DFT or binary64 FFT of matched frame bytes; direct band sums and EMA,see archived reference; precision not separately recorded,2048,2048,4196352,4196352,1.878762587903074e-07,1.4897630189272903e-07,0.0001220703125,unnormalized FFT magnitude,0,0
3aeff8d50243a034,40d88659b1b3cfe1dfdb309563ee7b507df4fb0921124dda0d11b7b420e800be,fftw-analysis-float,spec012-confirm-02,1,float,4096,1024,1,1,callback,steady,existing all-output numerical replay,archived-vector-counts,spectrum-norms-v1,direct DFT or binary64 FFT of matched frame bytes; direct band sums and EMA,see archived reference; precision not separately recorded,2048,2048,4196352,4196352,1.878762587903074e-07,1.4897630189272903e-07,0.0001220703125,unnormalized FFT magnitude,0,0
3aeff8d50243a034,40d88659b1b3cfe1dfdb309563ee7b507df4fb0921124dda0d11b7b420e800be,fftw-analysis-float,spec012-confirm-02,2,float,4096,1024,1,1,callback,steady,existing all-output numerical replay,archived-vector-counts,spectrum-norms-v1,direct DFT or binary64 FFT of matched frame bytes; direct band sums and EMA,see archived reference; precision not separately recorded,2048,2048,4196352,4196352,1.878762587903074e-07,1.4897630189272903e-07,0.0001220703125,unnormalized FFT magnitude,0,0
3aeff8d50243a034,40d88659b1b3cfe1dfdb309563ee7b507df4fb0921124dda0d11b7b420e800be,fftw-analysis-float,spec012-confirm-03,0,float,4096,1024,1,1,callback,steady,existing all-output numerical replay,archived-vector-counts,spectrum-norms-v1,direct DFT or binary64 FFT of matched frame bytes; direct band sums and EMA,see archived reference; precision not separately recorded,2048,2048,4196352,4196352,1.878762587903074e-07,1.4897630189272903e-07,0.0001220703125,unnormalized FFT magnitude,0,0
3aeff8d50243a034,40d88659b1b3cfe1dfdb309563ee7b507df4fb0921124dda0d11b7b420e800be,fftw-analysis-float,spec012-confirm-03,1,float,4096,1024,1,1,callback,steady,existing all-output numerical replay,archived-vector-counts,spectrum-norms-v1,direct DFT or binary64 FFT of matched frame bytes; direct band sums and EMA,see archived reference; precision not separately recorded,2048,2048,4196352,4196352,1.878762587903074e-07,1.4897630189272903e-07,0.0001220703125,unnormalized FFT magnitude,0,0
3aeff8d50243a034,40d88659b1b3cfe1dfdb309563ee7b507df4fb0921124dda0d11b7b420e800be,fftw-analysis-float,spec012-confirm-03,2,float,4096,1024,1,1,callback,steady,existing all-output numerical replay,archived-vector-counts,spectrum-norms-v1,direct DFT or binary64 FFT of matched frame bytes; direct band sums and EMA,see archived reference; precision not separately recorded,2048,2048,4196352,4196352,1.878762587903074e-07,1.4897630189272903e-07,0.0001220703125,unnormalized FFT magnitude,0,0
3aeff8d50243a034,45caccdfcadbfc0713511f8e122d5ba480791ed5e9f2e9e0aaa61b2f746eca33,legacy-batch-float,spec012-confirm-01,0,float,2048,1024,1,1,callback,steady,full,all-publications-v1,spectrum-norms-v1,independent recursive binary64 FFT / direct DFT; matched float windows; direct bands and EMA,binary64 FFT / long-double direct DFT,2048,2048,2099200,2099200,2.15934702845581e-07,2.794693895227653e-07,0.00014317035675048828,unnormalized FFT magnitude,0,0
3aeff8d50243a034,45caccdfcadbfc0713511f8e122d5ba480791ed5e9f2e9e0aaa61b2f746eca33,legacy-batch-float,spec012-confirm-01,1,float,2048,1024,1,1,callback,steady,full,all-publications-v1,spectrum-norms-v1,independent recursive binary64 FFT / direct DFT; matched float windows; direct bands and EMA,binary64 FFT / long-double direct DFT,2048,2048,2099200,2099200,2.15934702845581e-07,2.794693895227653e-07,0.00014317035675048828,unnormalized FFT magnitude,0,0
3aeff8d50243a034,45caccdfcadbfc0713511f8e122d5ba480791ed5e9f2e9e0aaa61b2f746eca33,legacy-batch-float,spec012-confirm-01,2,float,2048,1024,1,1,callback,steady,full,all-publications-v1,spectrum-norms-v1,independent recursive binary64 FFT / direct DFT; matched float windows; direct bands and EMA,binary64 FFT / long-double direct DFT,2048,2048,2099200,2099200,2.15934702845581e-07,2.794693895227653e-07,0.00014317035675048828,unnormalized FFT magnitude,0,0
3aeff8d50243a034,45caccdfcadbfc0713511f8e122d5ba480791ed5e9f2e9e0aaa61b2f746eca33,legacy-batch-float,spec012-confirm-02,0,float,2048,1024,1,1,callback,steady,full,all-publications-v1,spectrum-norms-v1,independent recursive binary64 FFT / direct DFT; matched float windows; direct bands and EMA,binary64 FFT / long-double direct DFT,2048,2048,2099200,2099200,2.15934702845581e-07,2.794693895227653e-07,0.00014317035675048828,unnormalized FFT magnitude,0,0
3aeff8d50243a034,45caccdfcadbfc0713511f8e122d5ba480791ed5e9f2e9e0aaa61b2f746eca33,legacy-batch-float,spec012-confirm-02,1,float,2048,1024,1,1,callback,steady,full,all-publications-v1,spectrum-norms-v1,independent recursive binary64 FFT / direct DFT; matched float windows; direct bands and EMA,binary64 FFT / long-double direct DFT,2048,2048,2099200,2099200,2.15934702845581e-07,2.794693895227653e-07,0.00014317035675048828,unnormalized FFT magnitude,0,0
3aeff8d50243a034,45caccdfcadbfc0713511f8e122d5ba480791ed5e9f2e9e0aaa61b2f746eca33,legacy-batch-float,spec012-confirm-02,2,float,2048,1024,1,1,callback,steady,full,all-publications-v1,spectrum-norms-v1,independent recursive binary64 FFT / direct DFT; matched float windows; direct bands and EMA,binary64 FFT / long-double direct DFT,2048,2048,2099200,2099200,2.15934702845581e-07,2.794693895227653e-07,0.00014317035675048828,unnormalized FFT magnitude,0,0
3aeff8d50243a034,45caccdfcadbfc0713511f8e122d5ba480791ed5e9f2e9e0aaa61b2f746eca33,legacy-batch-float,spec012-confirm-03,0,float,2048,1024,1,1,callback,steady,full,all-publications-v1,spectrum-norms-v1,independent recursive binary64 FFT / direct DFT; matched float windows; direct bands and EMA,binary64 FFT / long-double direct DFT,2048,2048,2099200,2099200,2.15934702845581e-07,2.794693895227653e-07,0.00014317035675048828,unnormalized FFT magnitude,0,0
3aeff8d50243a034,45caccdfcadbfc0713511f8e122d5ba480791ed5e9f2e9e0aaa61b2f746eca33,legacy-batch-float,spec012-confirm-03,1,float,2048,1024,1,1,callback,steady,full,all-publications-v1,spectrum-norms-v1,independent recursive binary64 FFT / direct DFT; matched float windows; direct bands and EMA,binary64 FFT / long-double direct DFT,2048,2048,2099200,2099200,2.15934702845581e-07,2.794693895227653e-07,0.00014317035675048828,unnormalized FFT magnitude,0,0
3aeff8d50243a034,45caccdfcadbfc0713511f8e122d5ba480791ed5e9f2e9e0aaa61b2f746eca33,legacy-batch-float,spec012-confirm-03,2,float,2048,1024,1,1,callback,steady,full,all-publications-v1,spectrum-norms-v1,independent recursive binary64 FFT / direct DFT; matched float windows; direct bands and EMA,binary64 FFT / long-double direct DFT,2048,2048,2099200,2099200,2.15934702845581e-07,2.794693895227653e-07,0.00014317035675048828,unnormalized FFT magnitude,0,0
3aeff8d50243a034,48449c330f2d82977b9fe63a39ad340e848063cbbbe76dcc0a402d09eb151a4f,pffft-hybrid-float,spec012-confirm-01,0,float,2048,1024,1,1,callback,steady,existing all-output numerical replay,archived-vector-counts,spectrum-norms-v1,direct DFT or binary64 FFT of matched frame bytes; direct band sums and EMA,see archived reference; precision not separately recorded,2048,2048,2099200,2099200,1.8753119135637531e-07,2.2363801652461304e-07,9.1552734375e-05,unnormalized FFT magnitude,0,0
3aeff8d50243a034,48449c330f2d82977b9fe63a39ad340e848063cbbbe76dcc0a402d09eb151a4f,pffft-hybrid-float,spec012-confirm-01,1,float,2048,1024,1,1,callback,steady,existing all-output numerical replay,archived-vector-counts,spectrum-norms-v1,direct DFT or binary64 FFT of matched frame bytes; direct band sums and EMA,see archived reference; precision not separately recorded,2048,2048,2099200,2099200,1.8753119135637531e-07,2.2363801652461304e-07,9.1552734375e-05,unnormalized FFT magnitude,0,0
3aeff8d50243a034,48449c330f2d82977b9fe63a39ad340e848063cbbbe76dcc0a402d09eb151a4f,pffft-hybrid-float,spec012-confirm-01,2,float,2048,1024,1,1,callback,steady,existing all-output numerical replay,archived-vector-counts,spectrum-norms-v1,direct DFT or binary64 FFT of matched frame bytes; direct band sums and EMA,see archived reference; precision not separately recorded,2048,2048,2099200,2099200,1.8753119135637531e-07,2.2363801652461304e-07,9.1552734375e-05,unnormalized FFT magnitude,0,0
3aeff8d50243a034,48449c330f2d82977b9fe63a39ad340e848063cbbbe76dcc0a402d09eb151a4f,pffft-hybrid-float,spec012-confirm-02,0,float,2048,1024,1,1,callback,steady,existing all-output numerical replay,archived-vector-counts,spectrum-norms-v1,direct DFT or binary64 FFT of matched frame bytes; direct band sums and EMA,see archived reference; precision not separately recorded,2048,2048,2099200,2099200,1.8753119135637531e-07,2.2363801652461304e-07,9.1552734375e-05,unnormalized FFT magnitude,0,0
3aeff8d50243a034,48449c330f2d82977b9fe63a39ad340e848063cbbbe76dcc0a402d09eb151a4f,pffft-hybrid-float,spec012-confirm-02,1,float,2048,1024,1,1,callback,steady,existing all-output numerical replay,archived-vector-counts,spectrum-norms-v1,direct DFT or binary64 FFT of matched frame bytes; direct band sums and EMA,see archived reference; precision not separately recorded,2048,2048,2099200,2099200,1.8753119135637531e-07,2.2363801652461304e-07,9.1552734375e-05,unnormalized FFT magnitude,0,0
3aeff8d50243a034,48449c330f2d82977b9fe63a39ad340e848063cbbbe76dcc0a402d09eb151a4f,pffft-hybrid-float,spec012-confirm-02,2,float,2048,1024,1,1,callback,steady,existing all-output numerical replay,archived-vector-counts,spectrum-norms-v1,direct DFT or binary64 FFT of matched frame bytes; direct band sums and EMA,see archived reference; precision not separately recorded,2048,2048,2099200,2099200,1.8753119135637531e-07,2.2363801652461304e-07,9.1552734375e-05,unnormalized FFT magnitude,0,0
3aeff8d50243a034,48449c330f2d82977b9fe63a39ad340e848063cbbbe76dcc0a402d09eb151a4f,pffft-hybrid-float,spec012-confirm-03,0,float,2048,1024,1,1,callback,steady,existing all-output numerical replay,archived-vector-counts,spectrum-norms-v1,direct DFT or binary64 FFT of matched frame bytes; direct band sums and EMA,see archived reference; precision not separately recorded,2048,2048,2099200,2099200,1.8753119135637531e-07,2.2363801652461304e-07,9.1552734375e-05,unnormalized FFT magnitude,0,0
3aeff8d50243a034,48449c330f2d82977b9fe63a39ad340e848063cbbbe76dcc0a402d09eb151a4f,pffft-hybrid-float,spec012-confirm-03,1,float,2048,1024,1,1,callback,steady,existing all-output numerical replay,archived-vector-counts,spectrum-norms-v1,direct DFT or binary64 FFT of matched frame bytes; direct band sums and EMA,see archived reference; precision not separately recorded,2048,2048,2099200,2099200,1.8753119135637531e-07,2.2363801652461304e-07,9.1552734375e-05,unnormalized FFT magnitude,0,0
3aeff8d50243a034,48449c330f2d82977b9fe63a39ad340e848063cbbbe76dcc0a402d09eb151a4f,pffft-hybrid-float,spec012-confirm-03,2,float,2048,1024,1,1,callback,steady,existing all-output numerical replay,archived-vector-counts,spectrum-norms-v1,direct DFT or binary64 FFT of matched frame bytes; direct band sums and EMA,see archived reference; precision not separately recorded,2048,2048,2099200,2099200,1.8753119135637531e-07,2.2363801652461304e-07,9.1552734375e-05,unnormalized FFT magnitude,0,0
3aeff8d50243a034,4abd4e2a0aa12b2a660ca3f6c13d0bc8033cf23006a782ecd1f218b7f796156e,core-float,spec012-confirm-01,0,float,4096,1024,1,1,throughput,steady,full,all-publications-v1,spectrum-norms-v1,independent recursive binary64 FFT / direct DFT; matched float windows; direct bands and EMA,binary64 FFT / long-double direct DFT,2048,2048,4196352,4196352,2.261658101059299e-07,2.8183605963575486e-07,0.00028839707374572754,unnormalized FFT magnitude,0,0
3aeff8d50243a034,4abd4e2a0aa12b2a660ca3f6c13d0bc8033cf23006a782ecd1f218b7f796156e,core-float,spec012-confirm-01,1,float,4096,1024,1,1,throughput,steady,full,all-publications-v1,spectrum-norms-v1,independent recursive binary64 FFT / direct DFT; matched float windows; direct bands and EMA,binary64 FFT / long-double direct DFT,2048,2048,4196352,4196352,2.261658101059299e-07,2.8183605963575486e-07,0.00028839707374572754,unnormalized FFT magnitude,0,0
3aeff8d50243a034,4abd4e2a0aa12b2a660ca3f6c13d0bc8033cf23006a782ecd1f218b7f796156e,core-float,spec012-confirm-01,2,float,4096,1024,1,1,throughput,steady,full,all-publications-v1,spectrum-norms-v1,independent recursive binary64 FFT / direct DFT; matched float windows; direct bands and EMA,binary64 FFT / long-double direct DFT,2048,2048,4196352,4196352,2.261658101059299e-07,2.8183605963575486e-07,0.00028839707374572754,unnormalized FFT magnitude,0,0
3aeff8d50243a034,4abd4e2a0aa12b2a660ca3f6c13d0bc8033cf23006a782ecd1f218b7f796156e,core-float,spec012-confirm-02,0,float,4096,1024,1,1,throughput,steady,full,all-publications-v1,spectrum-norms-v1,independent recursive binary64 FFT / direct DFT; matched float windows; direct bands and EMA,binary64 FFT / long-double direct DFT,2048,2048,4196352,4196352,2.261658101059299e-07,2.8183605963575486e-07,0.00028839707374572754,unnormalized FFT magnitude,0,0
3aeff8d50243a034,4abd4e2a0aa12b2a660ca3f6c13d0bc8033cf23006a782ecd1f218b7f796156e,core-float,spec012-confirm-02,1,float,4096,1024,1,1,throughput,steady,full,all-publications-v1,spectrum-norms-v1,independent recursive binary64 FFT / direct DFT; matched float windows; direct bands and EMA,binary64 FFT / long-double direct DFT,2048,2048,4196352,4196352,2.261658101059299e-07,2.8183605963575486e-07,0.00028839707374572754,unnormalized FFT magnitude,0,0
3aeff8d50243a034,4abd4e2a0aa12b2a660ca3f6c13d0bc8033cf23006a782ecd1f218b7f796156e,core-float,spec012-confirm-02,2,float,4096,1024,1,1,throughput,steady,full,all-publications-v1,spectrum-norms-v1,independent recursive binary64 FFT / direct DFT; matched float windows; direct bands and EMA,binary64 FFT / long-double direct DFT,2048,2048,4196352,4196352,2.261658101059299e-07,2.8183605963575486e-07,0.00028839707374572754,unnormalized FFT magnitude,0,0
3aeff8d50243a034,4abd4e2a0aa12b2a660ca3f6c13d0bc8033cf23006a782ecd1f218b7f796156e,core-float,spec012-confirm-03,0,float,4096,1024,1,1,throughput,steady,full,all-publications-v1,spectrum-norms-v1,independent recursive binary64 FFT / direct DFT; matched float windows; direct bands and EMA,binary64 FFT / long-double direct DFT,2048,2048,4196352,4196352,2.261658101059299e-07,2.8183605963575486e-07,0.00028839707374572754,unnormalized FFT magnitude,0,0
3aeff8d50243a034,4abd4e2a0aa12b2a660ca3f6c13d0bc8033cf23006a782ecd1f218b7f796156e,core-float,spec012-confirm-03,1,float,4096,1024,1,1,throughput,steady,full,all-publications-v1,spectrum-norms-v1,independent recursive binary64 FFT / direct DFT; matched float windows; direct bands and EMA,binary64 FFT / long-double direct DFT,2048,2048,4196352,4196352,2.261658101059299e-07,2.8183605963575486e-07,0.00028839707374572754,unnormalized FFT magnitude,0,0
3aeff8d50243a034,4abd4e2a0aa12b2a660ca3f6c13d0bc8033cf23006a782ecd1f218b7f796156e,core-float,spec012-confirm-03,2,float,4096,1024,1,1,throughput,steady,full,all-publications-v1,spectrum-norms-v1,independent recursive binary64 FFT / direct DFT; matched float windows; direct bands and EMA,binary64 FFT / long-double direct DFT,2048,2048,4196352,4196352,2.261658101059299e-07,2.8183605963575486e-07,0.00028839707374572754,unnormalized FFT magnitude,0,0
3aeff8d50243a034,4afafb454794e683f5a3f3709b239abdf6e3aae07172c418797286ca71c2f44e,core-float,spec012-confirm-01,0,float,2048,1024,1,1,callback,steady,full,all-publications-v1,spectrum-norms-v1,independent recursive binary64 FFT / direct DFT; matched float windows; direct bands and EMA,binary64 FFT / long-double direct DFT,2048,2048,2099200,2099200,2.15934702845581e-07,2.794693895227653e-07,0.00014317035675048828,unnormalized FFT magnitude,0,0
3aeff8d50243a034,4afafb454794e683f5a3f3709b239abdf6e3aae07172c418797286ca71c2f44e,core-float,spec012-confirm-01,1,float,2048,1024,1,1,callback,steady,full,all-publications-v1,spectrum-norms-v1,independent recursive binary64 FFT / direct DFT; matched float windows; direct bands and EMA,binary64 FFT / long-double direct DFT,2048,2048,2099200,2099200,2.15934702845581e-07,2.794693895227653e-07,0.00014317035675048828,unnormalized FFT magnitude,0,0
3aeff8d50243a034,4afafb454794e683f5a3f3709b239abdf6e3aae07172c418797286ca71c2f44e,core-float,spec012-confirm-01,2,float,2048,1024,1,1,callback,steady,full,all-publications-v1,spectrum-norms-v1,independent recursive binary64 FFT / direct DFT; matched float windows; direct bands and EMA,binary64 FFT / long-double direct DFT,2048,2048,2099200,2099200,2.15934702845581e-07,2.794693895227653e-07,0.00014317035675048828,unnormalized FFT magnitude,0,0
3aeff8d50243a034,4afafb454794e683f5a3f3709b239abdf6e3aae07172c418797286ca71c2f44e,core-float,spec012-confirm-02,0,float,2048,1024,1,1,callback,steady,full,all-publications-v1,spectrum-norms-v1,independent recursive binary64 FFT / direct DFT; matched float windows; direct bands and EMA,binary64 FFT / long-double direct DFT,2048,2048,2099200,2099200,2.15934702845581e-07,2.794693895227653e-07,0.00014317035675048828,unnormalized FFT magnitude,0,0
3aeff8d50243a034,4afafb454794e683f5a3f3709b239abdf6e3aae07172c418797286ca71c2f44e,core-float,spec012-confirm-02,1,float,2048,1024,1,1,callback,steady,full,all-publications-v1,spectrum-norms-v1,independent recursive binary64 FFT / direct DFT; matched float windows; direct bands and EMA,binary64 FFT / long-double direct DFT,2048,2048,2099200,2099200,2.15934702845581e-07,2.794693895227653e-07,0.00014317035675048828,unnormalized FFT magnitude,0,0
3aeff8d50243a034,4afafb454794e683f5a3f3709b239abdf6e3aae07172c418797286ca71c2f44e,core-float,spec012-confirm-02,2,float,2048,1024,1,1,callback,steady,full,all-publications-v1,spectrum-norms-v1,independent recursive binary64 FFT / direct DFT; matched float windows; direct bands and EMA,binary64 FFT / long-double direct DFT,2048,2048,2099200,2099200,2.15934702845581e-07,2.794693895227653e-07,0.00014317035675048828,unnormalized FFT magnitude,0,0
3aeff8d50243a034,4afafb454794e683f5a3f3709b239abdf6e3aae07172c418797286ca71c2f44e,core-float,spec012-confirm-03,0,float,2048,1024,1,1,callback,steady,full,all-publications-v1,spectrum-norms-v1,independent recursive binary64 FFT / direct DFT; matched float windows; direct bands and EMA,binary64 FFT / long-double direct DFT,2048,2048,2099200,2099200,2.15934702845581e-07,2.794693895227653e-07,0.00014317035675048828,unnormalized FFT magnitude,0,0
3aeff8d50243a034,4afafb454794e683f5a3f3709b239abdf6e3aae07172c418797286ca71c2f44e,core-float,spec012-confirm-03,1,float,2048,1024,1,1,callback,steady,full,all-publications-v1,spectrum-norms-v1,independent recursive binary64 FFT / direct DFT; matched float windows; direct bands and EMA,binary64 FFT / long-double direct DFT,2048,2048,2099200,2099200,2.15934702845581e-07,2.794693895227653e-07,0.00014317035675048828,unnormalized FFT magnitude,0,0
3aeff8d50243a034,4afafb454794e683f5a3f3709b239abdf6e3aae07172c418797286ca71c2f44e,core-float,spec012-confirm-03,2,float,2048,1024,1,1,callback,steady,full,all-publications-v1,spectrum-norms-v1,independent recursive binary64 FFT / direct DFT; matched float windows; direct bands and EMA,binary64 FFT / long-double direct DFT,2048,2048,2099200,2099200,2.15934702845581e-07,2.794693895227653e-07,0.00014317035675048828,unnormalized FFT magnitude,0,0
3aeff8d50243a034,4bf72f7b40b8cb8bb63548de4c4ce6aefea8dd382fb58eb55d658e9b4fc33e32,pffft-scheduled-batch-float,spec012-confirm-01,0,float,16384,1024,1,1,callback,steady,existing all-output numerical replay,archived-vector-counts,spectrum-norms-v1,direct DFT or binary64 FFT of matched frame bytes; direct band sums and EMA,see archived reference; precision not separately recorded,2048,2048,16779264,16779264,2.2623933788848086e-07,1.4903825983523968e-07,0.00048828125,unnormalized FFT magnitude,0,0
3aeff8d50243a034,4bf72f7b40b8cb8bb63548de4c4ce6aefea8dd382fb58eb55d658e9b4fc33e32,pffft-scheduled-batch-float,spec012-confirm-01,1,float,16384,1024,1,1,callback,steady,existing all-output numerical replay,archived-vector-counts,spectrum-norms-v1,direct DFT or binary64 FFT of matched frame bytes; direct band sums and EMA,see archived reference; precision not separately recorded,2048,2048,16779264,16779264,2.2623933788848086e-07,1.4903825983523968e-07,0.00048828125,unnormalized FFT magnitude,0,0
3aeff8d50243a034,4bf72f7b40b8cb8bb63548de4c4ce6aefea8dd382fb58eb55d658e9b4fc33e32,pffft-scheduled-batch-float,spec012-confirm-01,2,float,16384,1024,1,1,callback,steady,existing all-output numerical replay,archived-vector-counts,spectrum-norms-v1,direct DFT or binary64 FFT of matched frame bytes; direct band sums and EMA,see archived reference; precision not separately recorded,2048,2048,16779264,16779264,2.2623933788848086e-07,1.4903825983523968e-07,0.00048828125,unnormalized FFT magnitude,0,0
3aeff8d50243a034,4bf72f7b40b8cb8bb63548de4c4ce6aefea8dd382fb58eb55d658e9b4fc33e32,pffft-scheduled-batch-float,spec012-confirm-02,0,float,16384,1024,1,1,callback,steady,existing all-output numerical replay,archived-vector-counts,spectrum-norms-v1,direct DFT or binary64 FFT of matched frame bytes; direct band sums and EMA,see archived reference; precision not separately recorded,2048,2048,16779264,16779264,2.2623933788848086e-07,1.4903825983523968e-07,0.00048828125,unnormalized FFT magnitude,0,0
3aeff8d50243a034,4bf72f7b40b8cb8bb63548de4c4ce6aefea8dd382fb58eb55d658e9b4fc33e32,pffft-scheduled-batch-float,spec012-confirm-02,1,float,16384,1024,1,1,callback,steady,existing all-output numerical replay,archived-vector-counts,spectrum-norms-v1,direct DFT or binary64 FFT of matched frame bytes; direct band sums and EMA,see archived reference; precision not separately recorded,2048,2048,16779264,16779264,2.2623933788848086e-07,1.4903825983523968e-07,0.00048828125,unnormalized FFT magnitude,0,0
3aeff8d50243a034,4bf72f7b40b8cb8bb63548de4c4ce6aefea8dd382fb58eb55d658e9b4fc33e32,pffft-scheduled-batch-float,spec012-confirm-02,2,float,16384,1024,1,1,callback,steady,existing all-output numerical replay,archived-vector-counts,spectrum-norms-v1,direct DFT or binary64 FFT of matched frame bytes; direct band sums and EMA,see archived reference; precision not separately recorded,2048,2048,16779264,16779264,2.2623933788848086e-07,1.4903825983523968e-07,0.00048828125,unnormalized FFT magnitude,0,0
3aeff8d50243a034,4bf72f7b40b8cb8bb63548de4c4ce6aefea8dd382fb58eb55d658e9b4fc33e32,pffft-scheduled-batch-float,spec012-confirm-03,0,float,16384,1024,1,1,callback,steady,existing all-output numerical replay,archived-vector-counts,spectrum-norms-v1,direct DFT or binary64 FFT of matched frame bytes; direct band sums and EMA,see archived reference; precision not separately recorded,2048,2048,16779264,16779264,2.2623933788848086e-07,1.4903825983523968e-07,0.00048828125,unnormalized FFT magnitude,0,0
3aeff8d50243a034,4bf72f7b40b8cb8bb63548de4c4ce6aefea8dd382fb58eb55d658e9b4fc33e32,pffft-scheduled-batch-float,spec012-confirm-03,1,float,16384,1024,1,1,callback,steady,existing all-output numerical replay,archived-vector-counts,spectrum-norms-v1,direct DFT or binary64 FFT of matched frame bytes; direct band sums and EMA,see archived reference; precision not separately recorded,2048,2048,16779264,16779264,2.2623933788848086e-07,1.4903825983523968e-07,0.00048828125,unnormalized FFT magnitude,0,0
3aeff8d50243a034,4bf72f7b40b8cb8bb63548de4c4ce6aefea8dd382fb58eb55d658e9b4fc33e32,pffft-scheduled-batch-float,spec012-confirm-03,2,float,16384,1024,1,1,callback,steady,existing all-output numerical replay,archived-vector-counts,spectrum-norms-v1,direct DFT or binary64 FFT of matched frame bytes; direct band sums and EMA,see archived reference; precision not separately recorded,2048,2048,16779264,16779264,2.2623933788848086e-07,1.4903825983523968e-07,0.00048828125,unnormalized FFT magnitude,0,0
3aeff8d50243a034,4c9219e9906bac0fa2e0181ec500d13c8a53f9a09832fb4d20faf454b5c21b03,legacy-incremental-float,spec012-confirm-01,0,float,2048,1024,1,1,callback,steady,full,all-publications-v1,spectrum-norms-v1,independent recursive binary64 FFT / direct DFT; matched float windows; direct bands and EMA,binary64 FFT / long-double direct DFT,2048,2048,2099200,2099200,2.15934702845581e-07,2.794693895227653e-07,0.00014317035675048828,unnormalized FFT magnitude,0,0
3aeff8d50243a034,4c9219e9906bac0fa2e0181ec500d13c8a53f9a09832fb4d20faf454b5c21b03,legacy-incremental-float,spec012-confirm-01,1,float,2048,1024,1,1,callback,steady,full,all-publications-v1,spectrum-norms-v1,independent recursive binary64 FFT / direct DFT; matched float windows; direct bands and EMA,binary64 FFT / long-double direct DFT,2048,2048,2099200,2099200,2.15934702845581e-07,2.794693895227653e-07,0.00014317035675048828,unnormalized FFT magnitude,0,0
3aeff8d50243a034,4c9219e9906bac0fa2e0181ec500d13c8a53f9a09832fb4d20faf454b5c21b03,legacy-incremental-float,spec012-confirm-01,2,float,2048,1024,1,1,callback,steady,full,all-publications-v1,spectrum-norms-v1,independent recursive binary64 FFT / direct DFT; matched float windows; direct bands and EMA,binary64 FFT / long-double direct DFT,2048,2048,2099200,2099200,2.15934702845581e-07,2.794693895227653e-07,0.00014317035675048828,unnormalized FFT magnitude,0,0
3aeff8d50243a034,4c9219e9906bac0fa2e0181ec500d13c8a53f9a09832fb4d20faf454b5c21b03,legacy-incremental-float,spec012-confirm-02,0,float,2048,1024,1,1,callback,steady,full,all-publications-v1,spectrum-norms-v1,independent recursive binary64 FFT / direct DFT; matched float windows; direct bands and EMA,binary64 FFT / long-double direct DFT,2048,2048,2099200,2099200,2.15934702845581e-07,2.794693895227653e-07,0.00014317035675048828,unnormalized FFT magnitude,0,0
3aeff8d50243a034,4c9219e9906bac0fa2e0181ec500d13c8a53f9a09832fb4d20faf454b5c21b03,legacy-incremental-float,spec012-confirm-02,1,float,2048,1024,1,1,callback,steady,full,all-publications-v1,spectrum-norms-v1,independent recursive binary64 FFT / direct DFT; matched float windows; direct bands and EMA,binary64 FFT / long-double direct DFT,2048,2048,2099200,2099200,2.15934702845581e-07,2.794693895227653e-07,0.00014317035675048828,unnormalized FFT magnitude,0,0
3aeff8d50243a034,4c9219e9906bac0fa2e0181ec500d13c8a53f9a09832fb4d20faf454b5c21b03,legacy-incremental-float,spec012-confirm-02,2,float,2048,1024,1,1,callback,steady,full,all-publications-v1,spectrum-norms-v1,independent recursive binary64 FFT / direct DFT; matched float windows; direct bands and EMA,binary64 FFT / long-double direct DFT,2048,2048,2099200,2099200,2.15934702845581e-07,2.794693895227653e-07,0.00014317035675048828,unnormalized FFT magnitude,0,0
3aeff8d50243a034,4c9219e9906bac0fa2e0181ec500d13c8a53f9a09832fb4d20faf454b5c21b03,legacy-incremental-float,spec012-confirm-03,0,float,2048,1024,1,1,callback,steady,full,all-publications-v1,spectrum-norms-v1,independent recursive binary64 FFT / direct DFT; matched float windows; direct bands and EMA,binary64 FFT / long-double direct DFT,2048,2048,2099200,2099200,2.15934702845581e-07,2.794693895227653e-07,0.00014317035675048828,unnormalized FFT magnitude,0,0
3aeff8d50243a034,4c9219e9906bac0fa2e0181ec500d13c8a53f9a09832fb4d20faf454b5c21b03,legacy-incremental-float,spec012-confirm-03,1,float,2048,1024,1,1,callback,steady,full,all-publications-v1,spectrum-norms-v1,independent recursive binary64 FFT / direct DFT; matched float windows; direct bands and EMA,binary64 FFT / long-double direct DFT,2048,2048,2099200,2099200,2.15934702845581e-07,2.794693895227653e-07,0.00014317035675048828,unnormalized FFT magnitude,0,0
3aeff8d50243a034,4c9219e9906bac0fa2e0181ec500d13c8a53f9a09832fb4d20faf454b5c21b03,legacy-incremental-float,spec012-confirm-03,2,float,2048,1024,1,1,callback,steady,full,all-publications-v1,spectrum-norms-v1,independent recursive binary64 FFT / direct DFT; matched float windows; direct bands and EMA,binary64 FFT / long-double direct DFT,2048,2048,2099200,2099200,2.15934702845581e-07,2.794693895227653e-07,0.00014317035675048828,unnormalized FFT magnitude,0,0
3aeff8d50243a034,4d3f04cb3a997ff3d301c3ee1fed763942a8dd97e8424b7b9b5101d951c0f205,vdsp-analysis-float,spec012-confirm-01,0,float,4096,1024,1,1,callback,steady,existing all-output numerical replay,archived-vector-counts,spectrum-norms-v1,direct DFT or binary64 FFT of matched frame bytes; direct band sums and EMA,see archived reference; precision not separately recorded,2048,2048,4196352,4196352,2.2521929735415193e-07,1.49122636965414e-07,0.0001220703125,unnormalized FFT magnitude,0,0
3aeff8d50243a034,4d3f04cb3a997ff3d301c3ee1fed763942a8dd97e8424b7b9b5101d951c0f205,vdsp-analysis-float,spec012-confirm-01,1,float,4096,1024,1,1,callback,steady,existing all-output numerical replay,archived-vector-counts,spectrum-norms-v1,direct DFT or binary64 FFT of matched frame bytes; direct band sums and EMA,see archived reference; precision not separately recorded,2048,2048,4196352,4196352,2.2521929735415193e-07,1.49122636965414e-07,0.0001220703125,unnormalized FFT magnitude,0,0
3aeff8d50243a034,4d3f04cb3a997ff3d301c3ee1fed763942a8dd97e8424b7b9b5101d951c0f205,vdsp-analysis-float,spec012-confirm-01,2,float,4096,1024,1,1,callback,steady,existing all-output numerical replay,archived-vector-counts,spectrum-norms-v1,direct DFT or binary64 FFT of matched frame bytes; direct band sums and EMA,see archived reference; precision not separately recorded,2048,2048,4196352,4196352,2.2521929735415193e-07,1.49122636965414e-07,0.0001220703125,unnormalized FFT magnitude,0,0
3aeff8d50243a034,4d3f04cb3a997ff3d301c3ee1fed763942a8dd97e8424b7b9b5101d951c0f205,vdsp-analysis-float,spec012-confirm-02,0,float,4096,1024,1,1,callback,steady,existing all-output numerical replay,archived-vector-counts,spectrum-norms-v1,direct DFT or binary64 FFT of matched frame bytes; direct band sums and EMA,see archived reference; precision not separately recorded,2048,2048,4196352,4196352,2.2521929735415193e-07,1.49122636965414e-07,0.0001220703125,unnormalized FFT magnitude,0,0
3aeff8d50243a034,4d3f04cb3a997ff3d301c3ee1fed763942a8dd97e8424b7b9b5101d951c0f205,vdsp-analysis-float,spec012-confirm-02,1,float,4096,1024,1,1,callback,steady,existing all-output numerical replay,archived-vector-counts,spectrum-norms-v1,direct DFT or binary64 FFT of matched frame bytes; direct band sums and EMA,see archived reference; precision not separately recorded,2048,2048,4196352,4196352,2.2521929735415193e-07,1.49122636965414e-07,0.0001220703125,unnormalized FFT magnitude,0,0
3aeff8d50243a034,4d3f04cb3a997ff3d301c3ee1fed763942a8dd97e8424b7b9b5101d951c0f205,vdsp-analysis-float,spec012-confirm-02,2,float,4096,1024,1,1,callback,steady,existing all-output numerical replay,archived-vector-counts,spectrum-norms-v1,direct DFT or binary64 FFT of matched frame bytes; direct band sums and EMA,see archived reference; precision not separately recorded,2048,2048,4196352,4196352,2.2521929735415193e-07,1.49122636965414e-07,0.0001220703125,unnormalized FFT magnitude,0,0
3aeff8d50243a034,4d3f04cb3a997ff3d301c3ee1fed763942a8dd97e8424b7b9b5101d951c0f205,vdsp-analysis-float,spec012-confirm-03,0,float,4096,1024,1,1,callback,steady,existing all-output numerical replay,archived-vector-counts,spectrum-norms-v1,direct DFT or binary64 FFT of matched frame bytes; direct band sums and EMA,see archived reference; precision not separately recorded,2048,2048,4196352,4196352,2.2521929735415193e-07,1.49122636965414e-07,0.0001220703125,unnormalized FFT magnitude,0,0
3aeff8d50243a034,4d3f04cb3a997ff3d301c3ee1fed763942a8dd97e8424b7b9b5101d951c0f205,vdsp-analysis-float,spec012-confirm-03,1,float,4096,1024,1,1,callback,steady,existing all-output numerical replay,archived-vector-counts,spectrum-norms-v1,direct DFT or binary64 FFT of matched frame bytes; direct band sums and EMA,see archived reference; precision not separately recorded,2048,2048,4196352,4196352,2.2521929735415193e-07,1.49122636965414e-07,0.0001220703125,unnormalized FFT magnitude,0,0
3aeff8d50243a034,4d3f04cb3a997ff3d301c3ee1fed763942a8dd97e8424b7b9b5101d951c0f205,vdsp-analysis-float,spec012-confirm-03,2,float,4096,1024,1,1,callback,steady,existing all-output numerical replay,archived-vector-counts,spectrum-norms-v1,direct DFT or binary64 FFT of matched frame bytes; direct band sums and EMA,see archived reference; precision not separately recorded,2048,2048,4196352,4196352,2.2521929735415193e-07,1.49122636965414e-07,0.0001220703125,unnormalized FFT magnitude,0,0
3aeff8d50243a034,4e849be52bc497da3da4162d710f9fa357dd53b08ac22a6b73d1c4dc8ac4aada,pffft-analysis-float,spec012-confirm-01,0,float,2048,1024,1,1,callback,steady,existing all-output numerical replay,archived-vector-counts,spectrum-norms-v1,direct DFT or binary64 FFT of matched frame bytes; direct band sums and EMA,see archived reference; precision not separately recorded,2048,2048,2099200,2099200,1.8753119135637531e-07,2.2363801652461304e-07,9.1552734375e-05,unnormalized FFT magnitude,0,0
3aeff8d50243a034,4e849be52bc497da3da4162d710f9fa357dd53b08ac22a6b73d1c4dc8ac4aada,pffft-analysis-float,spec012-confirm-01,1,float,2048,1024,1,1,callback,steady,existing all-output numerical replay,archived-vector-counts,spectrum-norms-v1,direct DFT or binary64 FFT of matched frame bytes; direct band sums and EMA,see archived reference; precision not separately recorded,2048,2048,2099200,2099200,1.8753119135637531e-07,2.2363801652461304e-07,9.1552734375e-05,unnormalized FFT magnitude,0,0
3aeff8d50243a034,4e849be52bc497da3da4162d710f9fa357dd53b08ac22a6b73d1c4dc8ac4aada,pffft-analysis-float,spec012-confirm-01,2,float,2048,1024,1,1,callback,steady,existing all-output numerical replay,archived-vector-counts,spectrum-norms-v1,direct DFT or binary64 FFT of matched frame bytes; direct band sums and EMA,see archived reference; precision not separately recorded,2048,2048,2099200,2099200,1.8753119135637531e-07,2.2363801652461304e-07,9.1552734375e-05,unnormalized FFT magnitude,0,0
3aeff8d50243a034,4e849be52bc497da3da4162d710f9fa357dd53b08ac22a6b73d1c4dc8ac4aada,pffft-analysis-float,spec012-confirm-02,0,float,2048,1024,1,1,callback,steady,existing all-output numerical replay,archived-vector-counts,spectrum-norms-v1,direct DFT or binary64 FFT of matched frame bytes; direct band sums and EMA,see archived reference; precision not separately recorded,2048,2048,2099200,2099200,1.8753119135637531e-07,2.2363801652461304e-07,9.1552734375e-05,unnormalized FFT magnitude,0,0
3aeff8d50243a034,4e849be52bc497da3da4162d710f9fa357dd53b08ac22a6b73d1c4dc8ac4aada,pffft-analysis-float,spec012-confirm-02,1,float,2048,1024,1,1,callback,steady,existing all-output numerical replay,archived-vector-counts,spectrum-norms-v1,direct DFT or binary64 FFT of matched frame bytes; direct band sums and EMA,see archived reference; precision not separately recorded,2048,2048,2099200,2099200,1.8753119135637531e-07,2.2363801652461304e-07,9.1552734375e-05,unnormalized FFT magnitude,0,0
3aeff8d50243a034,4e849be52bc497da3da4162d710f9fa357dd53b08ac22a6b73d1c4dc8ac4aada,pffft-analysis-float,spec012-confirm-02,2,float,2048,1024,1,1,callback,steady,existing all-output numerical replay,archived-vector-counts,spectrum-norms-v1,direct DFT or binary64 FFT of matched frame bytes; direct band sums and EMA,see archived reference; precision not separately recorded,2048,2048,2099200,2099200,1.8753119135637531e-07,2.2363801652461304e-07,9.1552734375e-05,unnormalized FFT magnitude,0,0
3aeff8d50243a034,4e849be52bc497da3da4162d710f9fa357dd53b08ac22a6b73d1c4dc8ac4aada,pffft-analysis-float,spec012-confirm-03,0,float,2048,1024,1,1,callback,steady,existing all-output numerical replay,archived-vector-counts,spectrum-norms-v1,direct DFT or binary64 FFT of matched frame bytes; direct band sums and EMA,see archived reference; precision not separately recorded,2048,2048,2099200,2099200,1.8753119135637531e-07,2.2363801652461304e-07,9.1552734375e-05,unnormalized FFT magnitude,0,0
3aeff8d50243a034,4e849be52bc497da3da4162d710f9fa357dd53b08ac22a6b73d1c4dc8ac4aada,pffft-analysis-float,spec012-confirm-03,1,float,2048,1024,1,1,callback,steady,existing all-output numerical replay,archived-vector-counts,spectrum-norms-v1,direct DFT or binary64 FFT of matched frame bytes; direct band sums and EMA,see archived reference; precision not separately recorded,2048,2048,2099200,2099200,1.8753119135637531e-07,2.2363801652461304e-07,9.1552734375e-05,unnormalized FFT magnitude,0,0
3aeff8d50243a034,4e849be52bc497da3da4162d710f9fa357dd53b08ac22a6b73d1c4dc8ac4aada,pffft-analysis-float,spec012-confirm-03,2,float,2048,1024,1,1,callback,steady,existing all-output numerical replay,archived-vector-counts,spectrum-norms-v1,direct DFT or binary64 FFT of matched frame bytes; direct band sums and EMA,see archived reference; precision not separately recorded,2048,2048,2099200,2099200,1.8753119135637531e-07,2.2363801652461304e-07,9.1552734375e-05,unnormalized FFT magnitude,0,0
3aeff8d50243a034,4f2ba22025a7ee7d588765762f25a14d2b8495eb02203dd0dadb9f58a6304d85,legacy-incremental-float,spec012-confirm-01,0,float,4096,1024,1,1,callback,steady,full,all-publications-v1,spectrum-norms-v1,independent recursive binary64 FFT / direct DFT; matched float windows; direct bands and EMA,binary64 FFT / long-double direct DFT,2048,2048,4196352,4196352,1.9008444915668287e-07,1.1167982614875916e-07,9.1552734375e-05,unnormalized FFT magnitude,0,0
3aeff8d50243a034,4f2ba22025a7ee7d588765762f25a14d2b8495eb02203dd0dadb9f58a6304d85,legacy-incremental-float,spec012-confirm-01,1,float,4096,1024,1,1,callback,steady,full,all-publications-v1,spectrum-norms-v1,independent recursive binary64 FFT / direct DFT; matched float windows; direct bands and EMA,binary64 FFT / long-double direct DFT,2048,2048,4196352,4196352,1.9008444915668287e-07,1.1167982614875916e-07,9.1552734375e-05,unnormalized FFT magnitude,0,0
3aeff8d50243a034,4f2ba22025a7ee7d588765762f25a14d2b8495eb02203dd0dadb9f58a6304d85,legacy-incremental-float,spec012-confirm-01,2,float,4096,1024,1,1,callback,steady,full,all-publications-v1,spectrum-norms-v1,independent recursive binary64 FFT / direct DFT; matched float windows; direct bands and EMA,binary64 FFT / long-double direct DFT,2048,2048,4196352,4196352,1.9008444915668287e-07,1.1167982614875916e-07,9.1552734375e-05,unnormalized FFT magnitude,0,0
3aeff8d50243a034,4f2ba22025a7ee7d588765762f25a14d2b8495eb02203dd0dadb9f58a6304d85,legacy-incremental-float,spec012-confirm-02,0,float,4096,1024,1,1,callback,steady,full,all-publications-v1,spectrum-norms-v1,independent recursive binary64 FFT / direct DFT; matched float windows; direct bands and EMA,binary64 FFT / long-double direct DFT,2048,2048,4196352,4196352,1.9008444915668287e-07,1.1167982614875916e-07,9.1552734375e-05,unnormalized FFT magnitude,0,0
3aeff8d50243a034,4f2ba22025a7ee7d588765762f25a14d2b8495eb02203dd0dadb9f58a6304d85,legacy-incremental-float,spec012-confirm-02,1,float,4096,1024,1,1,callback,steady,full,all-publications-v1,spectrum-norms-v1,independent recursive binary64 FFT / direct DFT; matched float windows; direct bands and EMA,binary64 FFT / long-double direct DFT,2048,2048,4196352,4196352,1.9008444915668287e-07,1.1167982614875916e-07,9.1552734375e-05,unnormalized FFT magnitude,0,0
3aeff8d50243a034,4f2ba22025a7ee7d588765762f25a14d2b8495eb02203dd0dadb9f58a6304d85,legacy-incremental-float,spec012-confirm-02,2,float,4096,1024,1,1,callback,steady,full,all-publications-v1,spectrum-norms-v1,independent recursive binary64 FFT / direct DFT; matched float windows; direct bands and EMA,binary64 FFT / long-double direct DFT,2048,2048,4196352,4196352,1.9008444915668287e-07,1.1167982614875916e-07,9.1552734375e-05,unnormalized FFT magnitude,0,0
3aeff8d50243a034,4f2ba22025a7ee7d588765762f25a14d2b8495eb02203dd0dadb9f58a6304d85,legacy-incremental-float,spec012-confirm-03,0,float,4096,1024,1,1,callback,steady,full,all-publications-v1,spectrum-norms-v1,independent recursive binary64 FFT / direct DFT; matched float windows; direct bands and EMA,binary64 FFT / long-double direct DFT,2048,2048,4196352,4196352,1.9008444915668287e-07,1.1167982614875916e-07,9.1552734375e-05,unnormalized FFT magnitude,0,0
3aeff8d50243a034,4f2ba22025a7ee7d588765762f25a14d2b8495eb02203dd0dadb9f58a6304d85,legacy-incremental-float,spec012-confirm-03,1,float,4096,1024,1,1,callback,steady,full,all-publications-v1,spectrum-norms-v1,independent recursive binary64 FFT / direct DFT; matched float windows; direct bands and EMA,binary64 FFT / long-double direct DFT,2048,2048,4196352,4196352,1.9008444915668287e-07,1.1167982614875916e-07,9.1552734375e-05,unnormalized FFT magnitude,0,0
3aeff8d50243a034,4f2ba22025a7ee7d588765762f25a14d2b8495eb02203dd0dadb9f58a6304d85,legacy-incremental-float,spec012-confirm-03,2,float,4096,1024,1,1,callback,steady,full,all-publications-v1,spectrum-norms-v1,independent recursive binary64 FFT / direct DFT; matched float windows; direct bands and EMA,binary64 FFT / long-double direct DFT,2048,2048,4196352,4196352,1.9008444915668287e-07,1.1167982614875916e-07,9.1552734375e-05,unnormalized FFT magnitude,0,0
3aeff8d50243a034,510616b19669385eb8f92477c1e39fb959a4e0f514da575c3ca01068592e53a6,fftw-analysis-float,spec012-confirm-01,0,float,16384,1024,1,1,callback,steady,existing all-output numerical replay,archived-vector-counts,spectrum-norms-v1,direct DFT or binary64 FFT of matched frame bytes; direct band sums and EMA,see archived reference; precision not separately recorded,2048,2048,16779264,16779264,2.342587853606146e-07,1.4903825983523968e-07,0.00048828125,unnormalized FFT magnitude,0,0
3aeff8d50243a034,510616b19669385eb8f92477c1e39fb959a4e0f514da575c3ca01068592e53a6,fftw-analysis-float,spec012-confirm-01,1,float,16384,1024,1,1,callback,steady,existing all-output numerical replay,archived-vector-counts,spectrum-norms-v1,direct DFT or binary64 FFT of matched frame bytes; direct band sums and EMA,see archived reference; precision not separately recorded,2048,2048,16779264,16779264,2.342587853606146e-07,1.4903825983523968e-07,0.00048828125,unnormalized FFT magnitude,0,0
3aeff8d50243a034,510616b19669385eb8f92477c1e39fb959a4e0f514da575c3ca01068592e53a6,fftw-analysis-float,spec012-confirm-01,2,float,16384,1024,1,1,callback,steady,existing all-output numerical replay,archived-vector-counts,spectrum-norms-v1,direct DFT or binary64 FFT of matched frame bytes; direct band sums and EMA,see archived reference; precision not separately recorded,2048,2048,16779264,16779264,2.342587853606146e-07,1.4903825983523968e-07,0.00048828125,unnormalized FFT magnitude,0,0
3aeff8d50243a034,510616b19669385eb8f92477c1e39fb959a4e0f514da575c3ca01068592e53a6,fftw-analysis-float,spec012-confirm-02,0,float,16384,1024,1,1,callback,steady,existing all-output numerical replay,archived-vector-counts,spectrum-norms-v1,direct DFT or binary64 FFT of matched frame bytes; direct band sums and EMA,see archived reference; precision not separately recorded,2048,2048,16779264,16779264,2.342587853606146e-07,1.4903825983523968e-07,0.00048828125,unnormalized FFT magnitude,0,0
3aeff8d50243a034,510616b19669385eb8f92477c1e39fb959a4e0f514da575c3ca01068592e53a6,fftw-analysis-float,spec012-confirm-02,1,float,16384,1024,1,1,callback,steady,existing all-output numerical replay,archived-vector-counts,spectrum-norms-v1,direct DFT or binary64 FFT of matched frame bytes; direct band sums and EMA,see archived reference; precision not separately recorded,2048,2048,16779264,16779264,2.342587853606146e-07,1.4903825983523968e-07,0.00048828125,unnormalized FFT magnitude,0,0
3aeff8d50243a034,510616b19669385eb8f92477c1e39fb959a4e0f514da575c3ca01068592e53a6,fftw-analysis-float,spec012-confirm-02,2,float,16384,1024,1,1,callback,steady,existing all-output numerical replay,archived-vector-counts,spectrum-norms-v1,direct DFT or binary64 FFT of matched frame bytes; direct band sums and EMA,see archived reference; precision not separately recorded,2048,2048,16779264,16779264,2.342587853606146e-07,1.4903825983523968e-07,0.00048828125,unnormalized FFT magnitude,0,0
3aeff8d50243a034,510616b19669385eb8f92477c1e39fb959a4e0f514da575c3ca01068592e53a6,fftw-analysis-float,spec012-confirm-03,0,float,16384,1024,1,1,callback,steady,existing all-output numerical replay,archived-vector-counts,spectrum-norms-v1,direct DFT or binary64 FFT of matched frame bytes; direct band sums and EMA,see archived reference; precision not separately recorded,2048,2048,16779264,16779264,2.342587853606146e-07,1.4903825983523968e-07,0.00048828125,unnormalized FFT magnitude,0,0
3aeff8d50243a034,510616b19669385eb8f92477c1e39fb959a4e0f514da575c3ca01068592e53a6,fftw-analysis-float,spec012-confirm-03,1,float,16384,1024,1,1,callback,steady,existing all-output numerical replay,archived-vector-counts,spectrum-norms-v1,direct DFT or binary64 FFT of matched frame bytes; direct band sums and EMA,see archived reference; precision not separately recorded,2048,2048,16779264,16779264,2.342587853606146e-07,1.4903825983523968e-07,0.00048828125,unnormalized FFT magnitude,0,0
3aeff8d50243a034,510616b19669385eb8f92477c1e39fb959a4e0f514da575c3ca01068592e53a6,fftw-analysis-float,spec012-confirm-03,2,float,16384,1024,1,1,callback,steady,existing all-output numerical replay,archived-vector-counts,spectrum-norms-v1,direct DFT or binary64 FFT of matched frame bytes; direct band sums and EMA,see archived reference; precision not separately recorded,2048,2048,16779264,16779264,2.342587853606146e-07,1.4903825983523968e-07,0.00048828125,unnormalized FFT magnitude,0,0
3aeff8d50243a034,510bcc9afac2fafba0b34e6e6fcfd2c78e68cc9f65782ae1a8046f3305eb12db,pffft-analysis-float,spec012-confirm-01,0,float,4096,1024,1,1,throughput,steady,existing all-output numerical replay,archived-vector-counts,spectrum-norms-v1,direct DFT or binary64 FFT of matched frame bytes; direct band sums and EMA,see archived reference; precision not separately recorded,2048,2048,4196352,4196352,1.651287305471812e-07,2.3812060927920297e-07,0.000244140625,unnormalized FFT magnitude,0,0
3aeff8d50243a034,510bcc9afac2fafba0b34e6e6fcfd2c78e68cc9f65782ae1a8046f3305eb12db,pffft-analysis-float,spec012-confirm-01,1,float,4096,1024,1,1,throughput,steady,existing all-output numerical replay,archived-vector-counts,spectrum-norms-v1,direct DFT or binary64 FFT of matched frame bytes; direct band sums and EMA,see archived reference; precision not separately recorded,2048,2048,4196352,4196352,1.651287305471812e-07,2.3812060927920297e-07,0.000244140625,unnormalized FFT magnitude,0,0
3aeff8d50243a034,510bcc9afac2fafba0b34e6e6fcfd2c78e68cc9f65782ae1a8046f3305eb12db,pffft-analysis-float,spec012-confirm-01,2,float,4096,1024,1,1,throughput,steady,existing all-output numerical replay,archived-vector-counts,spectrum-norms-v1,direct DFT or binary64 FFT of matched frame bytes; direct band sums and EMA,see archived reference; precision not separately recorded,2048,2048,4196352,4196352,1.651287305471812e-07,2.3812060927920297e-07,0.000244140625,unnormalized FFT magnitude,0,0
3aeff8d50243a034,510bcc9afac2fafba0b34e6e6fcfd2c78e68cc9f65782ae1a8046f3305eb12db,pffft-analysis-float,spec012-confirm-02,0,float,4096,1024,1,1,throughput,steady,existing all-output numerical replay,archived-vector-counts,spectrum-norms-v1,direct DFT or binary64 FFT of matched frame bytes; direct band sums and EMA,see archived reference; precision not separately recorded,2048,2048,4196352,4196352,1.651287305471812e-07,2.3812060927920297e-07,0.000244140625,unnormalized FFT magnitude,0,0
3aeff8d50243a034,510bcc9afac2fafba0b34e6e6fcfd2c78e68cc9f65782ae1a8046f3305eb12db,pffft-analysis-float,spec012-confirm-02,1,float,4096,1024,1,1,throughput,steady,existing all-output numerical replay,archived-vector-counts,spectrum-norms-v1,direct DFT or binary64 FFT of matched frame bytes; direct band sums and EMA,see archived reference; precision not separately recorded,2048,2048,4196352,4196352,1.651287305471812e-07,2.3812060927920297e-07,0.000244140625,unnormalized FFT magnitude,0,0
3aeff8d50243a034,510bcc9afac2fafba0b34e6e6fcfd2c78e68cc9f65782ae1a8046f3305eb12db,pffft-analysis-float,spec012-confirm-02,2,float,4096,1024,1,1,throughput,steady,existing all-output numerical replay,archived-vector-counts,spectrum-norms-v1,direct DFT or binary64 FFT of matched frame bytes; direct band sums and EMA,see archived reference; precision not separately recorded,2048,2048,4196352,4196352,1.651287305471812e-07,2.3812060927920297e-07,0.000244140625,unnormalized FFT magnitude,0,0
3aeff8d50243a034,510bcc9afac2fafba0b34e6e6fcfd2c78e68cc9f65782ae1a8046f3305eb12db,pffft-analysis-float,spec012-confirm-03,0,float,4096,1024,1,1,throughput,steady,existing all-output numerical replay,archived-vector-counts,spectrum-norms-v1,direct DFT or binary64 FFT of matched frame bytes; direct band sums and EMA,see archived reference; precision not separately recorded,2048,2048,4196352,4196352,1.651287305471812e-07,2.3812060927920297e-07,0.000244140625,unnormalized FFT magnitude,0,0
3aeff8d50243a034,510bcc9afac2fafba0b34e6e6fcfd2c78e68cc9f65782ae1a8046f3305eb12db,pffft-analysis-float,spec012-confirm-03,1,float,4096,1024,1,1,throughput,steady,existing all-output numerical replay,archived-vector-counts,spectrum-norms-v1,direct DFT or binary64 FFT of matched frame bytes; direct band sums and EMA,see archived reference; precision not separately recorded,2048,2048,4196352,4196352,1.651287305471812e-07,2.3812060927920297e-07,0.000244140625,unnormalized FFT magnitude,0,0
3aeff8d50243a034,510bcc9afac2fafba0b34e6e6fcfd2c78e68cc9f65782ae1a8046f3305eb12db,pffft-analysis-float,spec012-confirm-03,2,float,4096,1024,1,1,throughput,steady,existing all-output numerical replay,archived-vector-counts,spectrum-norms-v1,direct DFT or binary64 FFT of matched frame bytes; direct band sums and EMA,see archived reference; precision not separately recorded,2048,2048,4196352,4196352,1.651287305471812e-07,2.3812060927920297e-07,0.000244140625,unnormalized FFT magnitude,0,0
3aeff8d50243a034,51ca70202b0bc4fee32e0f764d544a59334be66ee72f5a218db40bfead402e04,vdsp-analysis-float,spec012-confirm-01,0,float,16384,1024,1,1,callback,steady,existing all-output numerical replay,archived-vector-counts,spectrum-norms-v1,direct DFT or binary64 FFT of matched frame bytes; direct band sums and EMA,see archived reference; precision not separately recorded,2048,2048,16779264,16779264,2.29211784893951e-07,1.4903825983523968e-07,0.00048828125,unnormalized FFT magnitude,0,0
3aeff8d50243a034,51ca70202b0bc4fee32e0f764d544a59334be66ee72f5a218db40bfead402e04,vdsp-analysis-float,spec012-confirm-01,1,float,16384,1024,1,1,callback,steady,existing all-output numerical replay,archived-vector-counts,spectrum-norms-v1,direct DFT or binary64 FFT of matched frame bytes; direct band sums and EMA,see archived reference; precision not separately recorded,2048,2048,16779264,16779264,2.29211784893951e-07,1.4903825983523968e-07,0.00048828125,unnormalized FFT magnitude,0,0
3aeff8d50243a034,51ca70202b0bc4fee32e0f764d544a59334be66ee72f5a218db40bfead402e04,vdsp-analysis-float,spec012-confirm-01,2,float,16384,1024,1,1,callback,steady,existing all-output numerical replay,archived-vector-counts,spectrum-norms-v1,direct DFT or binary64 FFT of matched frame bytes; direct band sums and EMA,see archived reference; precision not separately recorded,2048,2048,16779264,16779264,2.29211784893951e-07,1.4903825983523968e-07,0.00048828125,unnormalized FFT magnitude,0,0
3aeff8d50243a034,51ca70202b0bc4fee32e0f764d544a59334be66ee72f5a218db40bfead402e04,vdsp-analysis-float,spec012-confirm-02,0,float,16384,1024,1,1,callback,steady,existing all-output numerical replay,archived-vector-counts,spectrum-norms-v1,direct DFT or binary64 FFT of matched frame bytes; direct band sums and EMA,see archived reference; precision not separately recorded,2048,2048,16779264,16779264,2.29211784893951e-07,1.4903825983523968e-07,0.00048828125,unnormalized FFT magnitude,0,0
3aeff8d50243a034,51ca70202b0bc4fee32e0f764d544a59334be66ee72f5a218db40bfead402e04,vdsp-analysis-float,spec012-confirm-02,1,float,16384,1024,1,1,callback,steady,existing all-output numerical replay,archived-vector-counts,spectrum-norms-v1,direct DFT or binary64 FFT of matched frame bytes; direct band sums and EMA,see archived reference; precision not separately recorded,2048,2048,16779264,16779264,2.29211784893951e-07,1.4903825983523968e-07,0.00048828125,unnormalized FFT magnitude,0,0
3aeff8d50243a034,51ca70202b0bc4fee32e0f764d544a59334be66ee72f5a218db40bfead402e04,vdsp-analysis-float,spec012-confirm-02,2,float,16384,1024,1,1,callback,steady,existing all-output numerical replay,archived-vector-counts,spectrum-norms-v1,direct DFT or binary64 FFT of matched frame bytes; direct band sums and EMA,see archived reference; precision not separately recorded,2048,2048,16779264,16779264,2.29211784893951e-07,1.4903825983523968e-07,0.00048828125,unnormalized FFT magnitude,0,0
3aeff8d50243a034,51ca70202b0bc4fee32e0f764d544a59334be66ee72f5a218db40bfead402e04,vdsp-analysis-float,spec012-confirm-03,0,float,16384,1024,1,1,callback,steady,existing all-output numerical replay,archived-vector-counts,spectrum-norms-v1,direct DFT or binary64 FFT of matched frame bytes; direct band sums and EMA,see archived reference; precision not separately recorded,2048,2048,16779264,16779264,2.29211784893951e-07,1.4903825983523968e-07,0.00048828125,unnormalized FFT magnitude,0,0
3aeff8d50243a034,51ca70202b0bc4fee32e0f764d544a59334be66ee72f5a218db40bfead402e04,vdsp-analysis-float,spec012-confirm-03,1,float,16384,1024,1,1,callback,steady,existing all-output numerical replay,archived-vector-counts,spectrum-norms-v1,direct DFT or binary64 FFT of matched frame bytes; direct band sums and EMA,see archived reference; precision not separately recorded,2048,2048,16779264,16779264,2.29211784893951e-07,1.4903825983523968e-07,0.00048828125,unnormalized FFT magnitude,0,0
3aeff8d50243a034,51ca70202b0bc4fee32e0f764d544a59334be66ee72f5a218db40bfead402e04,vdsp-analysis-float,spec012-confirm-03,2,float,16384,1024,1,1,callback,steady,existing all-output numerical replay,archived-vector-counts,spectrum-norms-v1,direct DFT or binary64 FFT of matched frame bytes; direct band sums and EMA,see archived reference; precision not separately recorded,2048,2048,16779264,16779264,2.29211784893951e-07,1.4903825983523968e-07,0.00048828125,unnormalized FFT magnitude,0,0
3aeff8d50243a034,52d03da6a3447592a9ce93e1100c7e93e841caf90db3e90bc5983dab79aa6206,pffft-hybrid-float,spec012-confirm-01,0,float,16384,1024,1,1,callback,steady,existing all-output numerical replay,archived-vector-counts,spectrum-norms-v1,direct DFT or binary64 FFT of matched frame bytes; direct band sums and EMA,see archived reference; precision not separately recorded,2048,2048,16779264,16779264,2.2623933788848086e-07,1.4903825983523968e-07,0.00048828125,unnormalized FFT magnitude,0,0
3aeff8d50243a034,52d03da6a3447592a9ce93e1100c7e93e841caf90db3e90bc5983dab79aa6206,pffft-hybrid-float,spec012-confirm-01,1,float,16384,1024,1,1,callback,steady,existing all-output numerical replay,archived-vector-counts,spectrum-norms-v1,direct DFT or binary64 FFT of matched frame bytes; direct band sums and EMA,see archived reference; precision not separately recorded,2048,2048,16779264,16779264,2.2623933788848086e-07,1.4903825983523968e-07,0.00048828125,unnormalized FFT magnitude,0,0
3aeff8d50243a034,52d03da6a3447592a9ce93e1100c7e93e841caf90db3e90bc5983dab79aa6206,pffft-hybrid-float,spec012-confirm-01,2,float,16384,1024,1,1,callback,steady,existing all-output numerical replay,archived-vector-counts,spectrum-norms-v1,direct DFT or binary64 FFT of matched frame bytes; direct band sums and EMA,see archived reference; precision not separately recorded,2048,2048,16779264,16779264,2.2623933788848086e-07,1.4903825983523968e-07,0.00048828125,unnormalized FFT magnitude,0,0
3aeff8d50243a034,52d03da6a3447592a9ce93e1100c7e93e841caf90db3e90bc5983dab79aa6206,pffft-hybrid-float,spec012-confirm-02,0,float,16384,1024,1,1,callback,steady,existing all-output numerical replay,archived-vector-counts,spectrum-norms-v1,direct DFT or binary64 FFT of matched frame bytes; direct band sums and EMA,see archived reference; precision not separately recorded,2048,2048,16779264,16779264,2.2623933788848086e-07,1.4903825983523968e-07,0.00048828125,unnormalized FFT magnitude,0,0
3aeff8d50243a034,52d03da6a3447592a9ce93e1100c7e93e841caf90db3e90bc5983dab79aa6206,pffft-hybrid-float,spec012-confirm-02,1,float,16384,1024,1,1,callback,steady,existing all-output numerical replay,archived-vector-counts,spectrum-norms-v1,direct DFT or binary64 FFT of matched frame bytes; direct band sums and EMA,see archived reference; precision not separately recorded,2048,2048,16779264,16779264,2.2623933788848086e-07,1.4903825983523968e-07,0.00048828125,unnormalized FFT magnitude,0,0
3aeff8d50243a034,52d03da6a3447592a9ce93e1100c7e93e841caf90db3e90bc5983dab79aa6206,pffft-hybrid-float,spec012-confirm-02,2,float,16384,1024,1,1,callback,steady,existing all-output numerical replay,archived-vector-counts,spectrum-norms-v1,direct DFT or binary64 FFT of matched frame bytes; direct band sums and EMA,see archived reference; precision not separately recorded,2048,2048,16779264,16779264,2.2623933788848086e-07,1.4903825983523968e-07,0.00048828125,unnormalized FFT magnitude,0,0
3aeff8d50243a034,52d03da6a3447592a9ce93e1100c7e93e841caf90db3e90bc5983dab79aa6206,pffft-hybrid-float,spec012-confirm-03,0,float,16384,1024,1,1,callback,steady,existing all-output numerical replay,archived-vector-counts,spectrum-norms-v1,direct DFT or binary64 FFT of matched frame bytes; direct band sums and EMA,see archived reference; precision not separately recorded,2048,2048,16779264,16779264,2.2623933788848086e-07,1.4903825983523968e-07,0.00048828125,unnormalized FFT magnitude,0,0
3aeff8d50243a034,52d03da6a3447592a9ce93e1100c7e93e841caf90db3e90bc5983dab79aa6206,pffft-hybrid-float,spec012-confirm-03,1,float,16384,1024,1,1,callback,steady,existing all-output numerical replay,archived-vector-counts,spectrum-norms-v1,direct DFT or binary64 FFT of matched frame bytes; direct band sums and EMA,see archived reference; precision not separately recorded,2048,2048,16779264,16779264,2.2623933788848086e-07,1.4903825983523968e-07,0.00048828125,unnormalized FFT magnitude,0,0
3aeff8d50243a034,52d03da6a3447592a9ce93e1100c7e93e841caf90db3e90bc5983dab79aa6206,pffft-hybrid-float,spec012-confirm-03,2,float,16384,1024,1,1,callback,steady,existing all-output numerical replay,archived-vector-counts,spectrum-norms-v1,direct DFT or binary64 FFT of matched frame bytes; direct band sums and EMA,see archived reference; precision not separately recorded,2048,2048,16779264,16779264,2.2623933788848086e-07,1.4903825983523968e-07,0.00048828125,unnormalized FFT magnitude,0,0
3aeff8d50243a034,582b59e84223a94da2ad39ef29c173b1ebab2198d6bc8503e8701ee803d13e07,fftw-analysis-float,spec012-confirm-01,0,float,2048,1024,1,1,callback,steady,existing all-output numerical replay,archived-vector-counts,spectrum-norms-v1,direct DFT or binary64 FFT of matched frame bytes; direct band sums and EMA,see archived reference; precision not separately recorded,2048,2048,2099200,2099200,1.6833401972470574e-07,2.3817976355656692e-07,0.0001220703125,unnormalized FFT magnitude,0,0
3aeff8d50243a034,582b59e84223a94da2ad39ef29c173b1ebab2198d6bc8503e8701ee803d13e07,fftw-analysis-float,spec012-confirm-01,1,float,2048,1024,1,1,callback,steady,existing all-output numerical replay,archived-vector-counts,spectrum-norms-v1,direct DFT or binary64 FFT of matched frame bytes; direct band sums and EMA,see archived reference; precision not separately recorded,2048,2048,2099200,2099200,1.6833401972470574e-07,2.3817976355656692e-07,0.0001220703125,unnormalized FFT magnitude,0,0
3aeff8d50243a034,582b59e84223a94da2ad39ef29c173b1ebab2198d6bc8503e8701ee803d13e07,fftw-analysis-float,spec012-confirm-01,2,float,2048,1024,1,1,callback,steady,existing all-output numerical replay,archived-vector-counts,spectrum-norms-v1,direct DFT or binary64 FFT of matched frame bytes; direct band sums and EMA,see archived reference; precision not separately recorded,2048,2048,2099200,2099200,1.6833401972470574e-07,2.3817976355656692e-07,0.0001220703125,unnormalized FFT magnitude,0,0
3aeff8d50243a034,582b59e84223a94da2ad39ef29c173b1ebab2198d6bc8503e8701ee803d13e07,fftw-analysis-float,spec012-confirm-02,0,float,2048,1024,1,1,callback,steady,existing all-output numerical replay,archived-vector-counts,spectrum-norms-v1,direct DFT or binary64 FFT of matched frame bytes; direct band sums and EMA,see archived reference; precision not separately recorded,2048,2048,2099200,2099200,1.6833401972470574e-07,2.3817976355656692e-07,0.0001220703125,unnormalized FFT magnitude,0,0
3aeff8d50243a034,582b59e84223a94da2ad39ef29c173b1ebab2198d6bc8503e8701ee803d13e07,fftw-analysis-float,spec012-confirm-02,1,float,2048,1024,1,1,callback,steady,existing all-output numerical replay,archived-vector-counts,spectrum-norms-v1,direct DFT or binary64 FFT of matched frame bytes; direct band sums and EMA,see archived reference; precision not separately recorded,2048,2048,2099200,2099200,1.6833401972470574e-07,2.3817976355656692e-07,0.0001220703125,unnormalized FFT magnitude,0,0
3aeff8d50243a034,582b59e84223a94da2ad39ef29c173b1ebab2198d6bc8503e8701ee803d13e07,fftw-analysis-float,spec012-confirm-02,2,float,2048,1024,1,1,callback,steady,existing all-output numerical replay,archived-vector-counts,spectrum-norms-v1,direct DFT or binary64 FFT of matched frame bytes; direct band sums and EMA,see archived reference; precision not separately recorded,2048,2048,2099200,2099200,1.6833401972470574e-07,2.3817976355656692e-07,0.0001220703125,unnormalized FFT magnitude,0,0
3aeff8d50243a034,582b59e84223a94da2ad39ef29c173b1ebab2198d6bc8503e8701ee803d13e07,fftw-analysis-float,spec012-confirm-03,0,float,2048,1024,1,1,callback,steady,existing all-output numerical replay,archived-vector-counts,spectrum-norms-v1,direct DFT or binary64 FFT of matched frame bytes; direct band sums and EMA,see archived reference; precision not separately recorded,2048,2048,2099200,2099200,1.6833401972470574e-07,2.3817976355656692e-07,0.0001220703125,unnormalized FFT magnitude,0,0
3aeff8d50243a034,582b59e84223a94da2ad39ef29c173b1ebab2198d6bc8503e8701ee803d13e07,fftw-analysis-float,spec012-confirm-03,1,float,2048,1024,1,1,callback,steady,existing all-output numerical replay,archived-vector-counts,spectrum-norms-v1,direct DFT or binary64 FFT of matched frame bytes; direct band sums and EMA,see archived reference; precision not separately recorded,2048,2048,2099200,2099200,1.6833401972470574e-07,2.3817976355656692e-07,0.0001220703125,unnormalized FFT magnitude,0,0
3aeff8d50243a034,582b59e84223a94da2ad39ef29c173b1ebab2198d6bc8503e8701ee803d13e07,fftw-analysis-float,spec012-confirm-03,2,float,2048,1024,1,1,callback,steady,existing all-output numerical replay,archived-vector-counts,spectrum-norms-v1,direct DFT or binary64 FFT of matched frame bytes; direct band sums and EMA,see archived reference; precision not separately recorded,2048,2048,2099200,2099200,1.6833401972470574e-07,2.3817976355656692e-07,0.0001220703125,unnormalized FFT magnitude,0,0
3aeff8d50243a034,58fb8658f17c863967b89405be4f4b3dac15c67bcd30033007cee9d9c5e82d21,pffft-scheduled-batch-float,spec012-confirm-01,0,float,4096,1024,1,1,callback,steady,existing all-output numerical replay,archived-vector-counts,spectrum-norms-v1,direct DFT or binary64 FFT of matched frame bytes; direct band sums and EMA,see archived reference; precision not separately recorded,2048,2048,4196352,4196352,2.0198579984200523e-07,1.4903790443764086e-07,0.0001220703125,unnormalized FFT magnitude,0,0
3aeff8d50243a034,58fb8658f17c863967b89405be4f4b3dac15c67bcd30033007cee9d9c5e82d21,pffft-scheduled-batch-float,spec012-confirm-01,1,float,4096,1024,1,1,callback,steady,existing all-output numerical replay,archived-vector-counts,spectrum-norms-v1,direct DFT or binary64 FFT of matched frame bytes; direct band sums and EMA,see archived reference; precision not separately recorded,2048,2048,4196352,4196352,2.0198579984200523e-07,1.4903790443764086e-07,0.0001220703125,unnormalized FFT magnitude,0,0
3aeff8d50243a034,58fb8658f17c863967b89405be4f4b3dac15c67bcd30033007cee9d9c5e82d21,pffft-scheduled-batch-float,spec012-confirm-01,2,float,4096,1024,1,1,callback,steady,existing all-output numerical replay,archived-vector-counts,spectrum-norms-v1,direct DFT or binary64 FFT of matched frame bytes; direct band sums and EMA,see archived reference; precision not separately recorded,2048,2048,4196352,4196352,2.0198579984200523e-07,1.4903790443764086e-07,0.0001220703125,unnormalized FFT magnitude,0,0
3aeff8d50243a034,58fb8658f17c863967b89405be4f4b3dac15c67bcd30033007cee9d9c5e82d21,pffft-scheduled-batch-float,spec012-confirm-02,0,float,4096,1024,1,1,callback,steady,existing all-output numerical replay,archived-vector-counts,spectrum-norms-v1,direct DFT or binary64 FFT of matched frame bytes; direct band sums and EMA,see archived reference; precision not separately recorded,2048,2048,4196352,4196352,2.0198579984200523e-07,1.4903790443764086e-07,0.0001220703125,unnormalized FFT magnitude,0,0
3aeff8d50243a034,58fb8658f17c863967b89405be4f4b3dac15c67bcd30033007cee9d9c5e82d21,pffft-scheduled-batch-float,spec012-confirm-02,1,float,4096,1024,1,1,callback,steady,existing all-output numerical replay,archived-vector-counts,spectrum-norms-v1,direct DFT or binary64 FFT of matched frame bytes; direct band sums and EMA,see archived reference; precision not separately recorded,2048,2048,4196352,4196352,2.0198579984200523e-07,1.4903790443764086e-07,0.0001220703125,unnormalized FFT magnitude,0,0
3aeff8d50243a034,58fb8658f17c863967b89405be4f4b3dac15c67bcd30033007cee9d9c5e82d21,pffft-scheduled-batch-float,spec012-confirm-02,2,float,4096,1024,1,1,callback,steady,existing all-output numerical replay,archived-vector-counts,spectrum-norms-v1,direct DFT or binary64 FFT of matched frame bytes; direct band sums and EMA,see archived reference; precision not separately recorded,2048,2048,4196352,4196352,2.0198579984200523e-07,1.4903790443764086e-07,0.0001220703125,unnormalized FFT magnitude,0,0
3aeff8d50243a034,58fb8658f17c863967b89405be4f4b3dac15c67bcd30033007cee9d9c5e82d21,pffft-scheduled-batch-float,spec012-confirm-03,0,float,4096,1024,1,1,callback,steady,existing all-output numerical replay,archived-vector-counts,spectrum-norms-v1,direct DFT or binary64 FFT of matched frame bytes; direct band sums and EMA,see archived reference; precision not separately recorded,2048,2048,4196352,4196352,2.0198579984200523e-07,1.4903790443764086e-07,0.0001220703125,unnormalized FFT magnitude,0,0
3aeff8d50243a034,58fb8658f17c863967b89405be4f4b3dac15c67bcd30033007cee9d9c5e82d21,pffft-scheduled-batch-float,spec012-confirm-03,1,float,4096,1024,1,1,callback,steady,existing all-output numerical replay,archived-vector-counts,spectrum-norms-v1,direct DFT or binary64 FFT of matched frame bytes; direct band sums and EMA,see archived reference; precision not separately recorded,2048,2048,4196352,4196352,2.0198579984200523e-07,1.4903790443764086e-07,0.0001220703125,unnormalized FFT magnitude,0,0
3aeff8d50243a034,58fb8658f17c863967b89405be4f4b3dac15c67bcd30033007cee9d9c5e82d21,pffft-scheduled-batch-float,spec012-confirm-03,2,float,4096,1024,1,1,callback,steady,existing all-output numerical replay,archived-vector-counts,spectrum-norms-v1,direct DFT or binary64 FFT of matched frame bytes; direct band sums and EMA,see archived reference; precision not separately recorded,2048,2048,4196352,4196352,2.0198579984200523e-07,1.4903790443764086e-07,0.0001220703125,unnormalized FFT magnitude,0,0
3aeff8d50243a034,597db2999b94f1878e91607bedb6c7f37185e900b9c29ad38db8eed69c2bd4b6,pffft-analysis-float,spec012-confirm-01,0,float,4096,1024,1,1,callback,steady,existing all-output numerical replay,archived-vector-counts,spectrum-norms-v1,direct DFT or binary64 FFT of matched frame bytes; direct band sums and EMA,see archived reference; precision not separately recorded,2048,2048,4196352,4196352,2.0198579984200523e-07,1.4903790443764086e-07,0.0001220703125,unnormalized FFT magnitude,0,0
3aeff8d50243a034,597db2999b94f1878e91607bedb6c7f37185e900b9c29ad38db8eed69c2bd4b6,pffft-analysis-float,spec012-confirm-01,1,float,4096,1024,1,1,callback,steady,existing all-output numerical replay,archived-vector-counts,spectrum-norms-v1,direct DFT or binary64 FFT of matched frame bytes; direct band sums and EMA,see archived reference; precision not separately recorded,2048,2048,4196352,4196352,2.0198579984200523e-07,1.4903790443764086e-07,0.0001220703125,unnormalized FFT magnitude,0,0
3aeff8d50243a034,597db2999b94f1878e91607bedb6c7f37185e900b9c29ad38db8eed69c2bd4b6,pffft-analysis-float,spec012-confirm-01,2,float,4096,1024,1,1,callback,steady,existing all-output numerical replay,archived-vector-counts,spectrum-norms-v1,direct DFT or binary64 FFT of matched frame bytes; direct band sums and EMA,see archived reference; precision not separately recorded,2048,2048,4196352,4196352,2.0198579984200523e-07,1.4903790443764086e-07,0.0001220703125,unnormalized FFT magnitude,0,0
3aeff8d50243a034,597db2999b94f1878e91607bedb6c7f37185e900b9c29ad38db8eed69c2bd4b6,pffft-analysis-float,spec012-confirm-02,0,float,4096,1024,1,1,callback,steady,existing all-output numerical replay,archived-vector-counts,spectrum-norms-v1,direct DFT or binary64 FFT of matched frame bytes; direct band sums and EMA,see archived reference; precision not separately recorded,2048,2048,4196352,4196352,2.0198579984200523e-07,1.4903790443764086e-07,0.0001220703125,unnormalized FFT magnitude,0,0
3aeff8d50243a034,597db2999b94f1878e91607bedb6c7f37185e900b9c29ad38db8eed69c2bd4b6,pffft-analysis-float,spec012-confirm-02,1,float,4096,1024,1,1,callback,steady,existing all-output numerical replay,archived-vector-counts,spectrum-norms-v1,direct DFT or binary64 FFT of matched frame bytes; direct band sums and EMA,see archived reference; precision not separately recorded,2048,2048,4196352,4196352,2.0198579984200523e-07,1.4903790443764086e-07,0.0001220703125,unnormalized FFT magnitude,0,0
3aeff8d50243a034,597db2999b94f1878e91607bedb6c7f37185e900b9c29ad38db8eed69c2bd4b6,pffft-analysis-float,spec012-confirm-02,2,float,4096,1024,1,1,callback,steady,existing all-output numerical replay,archived-vector-counts,spectrum-norms-v1,direct DFT or binary64 FFT of matched frame bytes; direct band sums and EMA,see archived reference; precision not separately recorded,2048,2048,4196352,4196352,2.0198579984200523e-07,1.4903790443764086e-07,0.0001220703125,unnormalized FFT magnitude,0,0
3aeff8d50243a034,597db2999b94f1878e91607bedb6c7f37185e900b9c29ad38db8eed69c2bd4b6,pffft-analysis-float,spec012-confirm-03,0,float,4096,1024,1,1,callback,steady,existing all-output numerical replay,archived-vector-counts,spectrum-norms-v1,direct DFT or binary64 FFT of matched frame bytes; direct band sums and EMA,see archived reference; precision not separately recorded,2048,2048,4196352,4196352,2.0198579984200523e-07,1.4903790443764086e-07,0.0001220703125,unnormalized FFT magnitude,0,0
3aeff8d50243a034,597db2999b94f1878e91607bedb6c7f37185e900b9c29ad38db8eed69c2bd4b6,pffft-analysis-float,spec012-confirm-03,1,float,4096,1024,1,1,callback,steady,existing all-output numerical replay,archived-vector-counts,spectrum-norms-v1,direct DFT or binary64 FFT of matched frame bytes; direct band sums and EMA,see archived reference; precision not separately recorded,2048,2048,4196352,4196352,2.0198579984200523e-07,1.4903790443764086e-07,0.0001220703125,unnormalized FFT magnitude,0,0
3aeff8d50243a034,597db2999b94f1878e91607bedb6c7f37185e900b9c29ad38db8eed69c2bd4b6,pffft-analysis-float,spec012-confirm-03,2,float,4096,1024,1,1,callback,steady,existing all-output numerical replay,archived-vector-counts,spectrum-norms-v1,direct DFT or binary64 FFT of matched frame bytes; direct band sums and EMA,see archived reference; precision not separately recorded,2048,2048,4196352,4196352,2.0198579984200523e-07,1.4903790443764086e-07,0.0001220703125,unnormalized FFT magnitude,0,0
3aeff8d50243a034,5999ed1bf7baa402794e47527668a033b6e9a478deb8a717be6ba11ff8bfcb19,vdsp-analysis-float,spec012-confirm-01,0,float,16384,1024,1,1,callback,steady,existing all-output numerical replay,archived-vector-counts,spectrum-norms-v1,direct DFT or binary64 FFT of matched frame bytes; direct band sums and EMA,see archived reference; precision not separately recorded,2048,2048,16779264,16779264,1.5382949780493128e-07,1.788785140013281e-07,0.000732421875,unnormalized FFT magnitude,0,32
3aeff8d50243a034,5999ed1bf7baa402794e47527668a033b6e9a478deb8a717be6ba11ff8bfcb19,vdsp-analysis-float,spec012-confirm-01,1,float,16384,1024,1,1,callback,steady,existing all-output numerical replay,archived-vector-counts,spectrum-norms-v1,direct DFT or binary64 FFT of matched frame bytes; direct band sums and EMA,see archived reference; precision not separately recorded,2048,2048,16779264,16779264,1.5382949780493128e-07,1.788785140013281e-07,0.000732421875,unnormalized FFT magnitude,0,32
3aeff8d50243a034,5999ed1bf7baa402794e47527668a033b6e9a478deb8a717be6ba11ff8bfcb19,vdsp-analysis-float,spec012-confirm-01,2,float,16384,1024,1,1,callback,steady,existing all-output numerical replay,archived-vector-counts,spectrum-norms-v1,direct DFT or binary64 FFT of matched frame bytes; direct band sums and EMA,see archived reference; precision not separately recorded,2048,2048,16779264,16779264,1.5382949780493128e-07,1.788785140013281e-07,0.000732421875,unnormalized FFT magnitude,0,32
3aeff8d50243a034,5999ed1bf7baa402794e47527668a033b6e9a478deb8a717be6ba11ff8bfcb19,vdsp-analysis-float,spec012-confirm-02,0,float,16384,1024,1,1,callback,steady,existing all-output numerical replay,archived-vector-counts,spectrum-norms-v1,direct DFT or binary64 FFT of matched frame bytes; direct band sums and EMA,see archived reference; precision not separately recorded,2048,2048,16779264,16779264,1.5382949780493128e-07,1.788785140013281e-07,0.000732421875,unnormalized FFT magnitude,0,32
3aeff8d50243a034,5999ed1bf7baa402794e47527668a033b6e9a478deb8a717be6ba11ff8bfcb19,vdsp-analysis-float,spec012-confirm-02,1,float,16384,1024,1,1,callback,steady,existing all-output numerical replay,archived-vector-counts,spectrum-norms-v1,direct DFT or binary64 FFT of matched frame bytes; direct band sums and EMA,see archived reference; precision not separately recorded,2048,2048,16779264,16779264,1.5382949780493128e-07,1.788785140013281e-07,0.000732421875,unnormalized FFT magnitude,0,32
3aeff8d50243a034,5999ed1bf7baa402794e47527668a033b6e9a478deb8a717be6ba11ff8bfcb19,vdsp-analysis-float,spec012-confirm-02,2,float,16384,1024,1,1,callback,steady,existing all-output numerical replay,archived-vector-counts,spectrum-norms-v1,direct DFT or binary64 FFT of matched frame bytes; direct band sums and EMA,see archived reference; precision not separately recorded,2048,2048,16779264,16779264,1.5382949780493128e-07,1.788785140013281e-07,0.000732421875,unnormalized FFT magnitude,0,32
3aeff8d50243a034,5999ed1bf7baa402794e47527668a033b6e9a478deb8a717be6ba11ff8bfcb19,vdsp-analysis-float,spec012-confirm-03,0,float,16384,1024,1,1,callback,steady,existing all-output numerical replay,archived-vector-counts,spectrum-norms-v1,direct DFT or binary64 FFT of matched frame bytes; direct band sums and EMA,see archived reference; precision not separately recorded,2048,2048,16779264,16779264,1.5382949780493128e-07,1.788785140013281e-07,0.000732421875,unnormalized FFT magnitude,0,32
3aeff8d50243a034,5999ed1bf7baa402794e47527668a033b6e9a478deb8a717be6ba11ff8bfcb19,vdsp-analysis-float,spec012-confirm-03,1,float,16384,1024,1,1,callback,steady,existing all-output numerical replay,archived-vector-counts,spectrum-norms-v1,direct DFT or binary64 FFT of matched frame bytes; direct band sums and EMA,see archived reference; precision not separately recorded,2048,2048,16779264,16779264,1.5382949780493128e-07,1.788785140013281e-07,0.000732421875,unnormalized FFT magnitude,0,32
3aeff8d50243a034,5999ed1bf7baa402794e47527668a033b6e9a478deb8a717be6ba11ff8bfcb19,vdsp-analysis-float,spec012-confirm-03,2,float,16384,1024,1,1,callback,steady,existing all-output numerical replay,archived-vector-counts,spectrum-norms-v1,direct DFT or binary64 FFT of matched frame bytes; direct band sums and EMA,see archived reference; precision not separately recorded,2048,2048,16779264,16779264,1.5382949780493128e-07,1.788785140013281e-07,0.000732421875,unnormalized FFT magnitude,0,32
3aeff8d50243a034,5a5e8dfac7f7cfe4501e79bda8a90c6321d12cccee82f0bb289f1eafc3ef32b4,fftw-analysis-float,spec012-confirm-01,0,float,2048,1024,1,1,callback,steady,existing all-output numerical replay,archived-vector-counts,spectrum-norms-v1,direct DFT or binary64 FFT of matched frame bytes; direct band sums and EMA,see archived reference; precision not separately recorded,2048,2048,2099200,2099200,1.7811635133611692e-07,2.2354712809377118e-07,9.1552734375e-05,unnormalized FFT magnitude,0,0
3aeff8d50243a034,5a5e8dfac7f7cfe4501e79bda8a90c6321d12cccee82f0bb289f1eafc3ef32b4,fftw-analysis-float,spec012-confirm-01,1,float,2048,1024,1,1,callback,steady,existing all-output numerical replay,archived-vector-counts,spectrum-norms-v1,direct DFT or binary64 FFT of matched frame bytes; direct band sums and EMA,see archived reference; precision not separately recorded,2048,2048,2099200,2099200,1.7811635133611692e-07,2.2354712809377118e-07,9.1552734375e-05,unnormalized FFT magnitude,0,0
3aeff8d50243a034,5a5e8dfac7f7cfe4501e79bda8a90c6321d12cccee82f0bb289f1eafc3ef32b4,fftw-analysis-float,spec012-confirm-01,2,float,2048,1024,1,1,callback,steady,existing all-output numerical replay,archived-vector-counts,spectrum-norms-v1,direct DFT or binary64 FFT of matched frame bytes; direct band sums and EMA,see archived reference; precision not separately recorded,2048,2048,2099200,2099200,1.7811635133611692e-07,2.2354712809377118e-07,9.1552734375e-05,unnormalized FFT magnitude,0,0
3aeff8d50243a034,5a5e8dfac7f7cfe4501e79bda8a90c6321d12cccee82f0bb289f1eafc3ef32b4,fftw-analysis-float,spec012-confirm-02,0,float,2048,1024,1,1,callback,steady,existing all-output numerical replay,archived-vector-counts,spectrum-norms-v1,direct DFT or binary64 FFT of matched frame bytes; direct band sums and EMA,see archived reference; precision not separately recorded,2048,2048,2099200,2099200,1.7811635133611692e-07,2.2354712809377118e-07,9.1552734375e-05,unnormalized FFT magnitude,0,0
3aeff8d50243a034,5a5e8dfac7f7cfe4501e79bda8a90c6321d12cccee82f0bb289f1eafc3ef32b4,fftw-analysis-float,spec012-confirm-02,1,float,2048,1024,1,1,callback,steady,existing all-output numerical replay,archived-vector-counts,spectrum-norms-v1,direct DFT or binary64 FFT of matched frame bytes; direct band sums and EMA,see archived reference; precision not separately recorded,2048,2048,2099200,2099200,1.7811635133611692e-07,2.2354712809377118e-07,9.1552734375e-05,unnormalized FFT magnitude,0,0
3aeff8d50243a034,5a5e8dfac7f7cfe4501e79bda8a90c6321d12cccee82f0bb289f1eafc3ef32b4,fftw-analysis-float,spec012-confirm-02,2,float,2048,1024,1,1,callback,steady,existing all-output numerical replay,archived-vector-counts,spectrum-norms-v1,direct DFT or binary64 FFT of matched frame bytes; direct band sums and EMA,see archived reference; precision not separately recorded,2048,2048,2099200,2099200,1.7811635133611692e-07,2.2354712809377118e-07,9.1552734375e-05,unnormalized FFT magnitude,0,0
3aeff8d50243a034,5a5e8dfac7f7cfe4501e79bda8a90c6321d12cccee82f0bb289f1eafc3ef32b4,fftw-analysis-float,spec012-confirm-03,0,float,2048,1024,1,1,callback,steady,existing all-output numerical replay,archived-vector-counts,spectrum-norms-v1,direct DFT or binary64 FFT of matched frame bytes; direct band sums and EMA,see archived reference; precision not separately recorded,2048,2048,2099200,2099200,1.7811635133611692e-07,2.2354712809377118e-07,9.1552734375e-05,unnormalized FFT magnitude,0,0
3aeff8d50243a034,5a5e8dfac7f7cfe4501e79bda8a90c6321d12cccee82f0bb289f1eafc3ef32b4,fftw-analysis-float,spec012-confirm-03,1,float,2048,1024,1,1,callback,steady,existing all-output numerical replay,archived-vector-counts,spectrum-norms-v1,direct DFT or binary64 FFT of matched frame bytes; direct band sums and EMA,see archived reference; precision not separately recorded,2048,2048,2099200,2099200,1.7811635133611692e-07,2.2354712809377118e-07,9.1552734375e-05,unnormalized FFT magnitude,0,0
3aeff8d50243a034,5a5e8dfac7f7cfe4501e79bda8a90c6321d12cccee82f0bb289f1eafc3ef32b4,fftw-analysis-float,spec012-confirm-03,2,float,2048,1024,1,1,callback,steady,existing all-output numerical replay,archived-vector-counts,spectrum-norms-v1,direct DFT or binary64 FFT of matched frame bytes; direct band sums and EMA,see archived reference; precision not separately recorded,2048,2048,2099200,2099200,1.7811635133611692e-07,2.2354712809377118e-07,9.1552734375e-05,unnormalized FFT magnitude,0,0
3aeff8d50243a034,5aa375ba3b39a244e86c1cbdaf1e154aa729d0ea83242f360a59068f83fccb46,core-float,spec012-confirm-01,0,float,4096,1024,1,1,callback,steady,full,all-publications-v1,spectrum-norms-v1,independent recursive binary64 FFT / direct DFT; matched float windows; direct bands and EMA,binary64 FFT / long-double direct DFT,2048,2048,4196352,4196352,1.9008444915668287e-07,1.1167982614875916e-07,9.1552734375e-05,unnormalized FFT magnitude,0,0
3aeff8d50243a034,5aa375ba3b39a244e86c1cbdaf1e154aa729d0ea83242f360a59068f83fccb46,core-float,spec012-confirm-01,1,float,4096,1024,1,1,callback,steady,full,all-publications-v1,spectrum-norms-v1,independent recursive binary64 FFT / direct DFT; matched float windows; direct bands and EMA,binary64 FFT / long-double direct DFT,2048,2048,4196352,4196352,1.9008444915668287e-07,1.1167982614875916e-07,9.1552734375e-05,unnormalized FFT magnitude,0,0
3aeff8d50243a034,5aa375ba3b39a244e86c1cbdaf1e154aa729d0ea83242f360a59068f83fccb46,core-float,spec012-confirm-01,2,float,4096,1024,1,1,callback,steady,full,all-publications-v1,spectrum-norms-v1,independent recursive binary64 FFT / direct DFT; matched float windows; direct bands and EMA,binary64 FFT / long-double direct DFT,2048,2048,4196352,4196352,1.9008444915668287e-07,1.1167982614875916e-07,9.1552734375e-05,unnormalized FFT magnitude,0,0
3aeff8d50243a034,5aa375ba3b39a244e86c1cbdaf1e154aa729d0ea83242f360a59068f83fccb46,core-float,spec012-confirm-02,0,float,4096,1024,1,1,callback,steady,full,all-publications-v1,spectrum-norms-v1,independent recursive binary64 FFT / direct DFT; matched float windows; direct bands and EMA,binary64 FFT / long-double direct DFT,2048,2048,4196352,4196352,1.9008444915668287e-07,1.1167982614875916e-07,9.1552734375e-05,unnormalized FFT magnitude,0,0
3aeff8d50243a034,5aa375ba3b39a244e86c1cbdaf1e154aa729d0ea83242f360a59068f83fccb46,core-float,spec012-confirm-02,1,float,4096,1024,1,1,callback,steady,full,all-publications-v1,spectrum-norms-v1,independent recursive binary64 FFT / direct DFT; matched float windows; direct bands and EMA,binary64 FFT / long-double direct DFT,2048,2048,4196352,4196352,1.9008444915668287e-07,1.1167982614875916e-07,9.1552734375e-05,unnormalized FFT magnitude,0,0
3aeff8d50243a034,5aa375ba3b39a244e86c1cbdaf1e154aa729d0ea83242f360a59068f83fccb46,core-float,spec012-confirm-02,2,float,4096,1024,1,1,callback,steady,full,all-publications-v1,spectrum-norms-v1,independent recursive binary64 FFT / direct DFT; matched float windows; direct bands and EMA,binary64 FFT / long-double direct DFT,2048,2048,4196352,4196352,1.9008444915668287e-07,1.1167982614875916e-07,9.1552734375e-05,unnormalized FFT magnitude,0,0
3aeff8d50243a034,5aa375ba3b39a244e86c1cbdaf1e154aa729d0ea83242f360a59068f83fccb46,core-float,spec012-confirm-03,0,float,4096,1024,1,1,callback,steady,full,all-publications-v1,spectrum-norms-v1,independent recursive binary64 FFT / direct DFT; matched float windows; direct bands and EMA,binary64 FFT / long-double direct DFT,2048,2048,4196352,4196352,1.9008444915668287e-07,1.1167982614875916e-07,9.1552734375e-05,unnormalized FFT magnitude,0,0
3aeff8d50243a034,5aa375ba3b39a244e86c1cbdaf1e154aa729d0ea83242f360a59068f83fccb46,core-float,spec012-confirm-03,1,float,4096,1024,1,1,callback,steady,full,all-publications-v1,spectrum-norms-v1,independent recursive binary64 FFT / direct DFT; matched float windows; direct bands and EMA,binary64 FFT / long-double direct DFT,2048,2048,4196352,4196352,1.9008444915668287e-07,1.1167982614875916e-07,9.1552734375e-05,unnormalized FFT magnitude,0,0
3aeff8d50243a034,5aa375ba3b39a244e86c1cbdaf1e154aa729d0ea83242f360a59068f83fccb46,core-float,spec012-confirm-03,2,float,4096,1024,1,1,callback,steady,full,all-publications-v1,spectrum-norms-v1,independent recursive binary64 FFT / direct DFT; matched float windows; direct bands and EMA,binary64 FFT / long-double direct DFT,2048,2048,4196352,4196352,1.9008444915668287e-07,1.1167982614875916e-07,9.1552734375e-05,unnormalized FFT magnitude,0,0
3aeff8d50243a034,5e7f7980ce05ebff2aa0b55bfbb0b68123d6344eeb523c8fb6cb467fd960459b,pffft-scheduled-batch-float,spec012-confirm-01,0,float,4096,1024,1,1,throughput,steady,existing all-output numerical replay,archived-vector-counts,spectrum-norms-v1,direct DFT or binary64 FFT of matched frame bytes; direct band sums and EMA,see archived reference; precision not separately recorded,2048,2048,4196352,4196352,2.0198579984200523e-07,1.4903790443764086e-07,0.0001220703125,unnormalized FFT magnitude,0,0
3aeff8d50243a034,5e7f7980ce05ebff2aa0b55bfbb0b68123d6344eeb523c8fb6cb467fd960459b,pffft-scheduled-batch-float,spec012-confirm-01,1,float,4096,1024,1,1,throughput,steady,existing all-output numerical replay,archived-vector-counts,spectrum-norms-v1,direct DFT or binary64 FFT of matched frame bytes; direct band sums and EMA,see archived reference; precision not separately recorded,2048,2048,4196352,4196352,2.0198579984200523e-07,1.4903790443764086e-07,0.0001220703125,unnormalized FFT magnitude,0,0
3aeff8d50243a034,5e7f7980ce05ebff2aa0b55bfbb0b68123d6344eeb523c8fb6cb467fd960459b,pffft-scheduled-batch-float,spec012-confirm-01,2,float,4096,1024,1,1,throughput,steady,existing all-output numerical replay,archived-vector-counts,spectrum-norms-v1,direct DFT or binary64 FFT of matched frame bytes; direct band sums and EMA,see archived reference; precision not separately recorded,2048,2048,4196352,4196352,2.0198579984200523e-07,1.4903790443764086e-07,0.0001220703125,unnormalized FFT magnitude,0,0
3aeff8d50243a034,5e7f7980ce05ebff2aa0b55bfbb0b68123d6344eeb523c8fb6cb467fd960459b,pffft-scheduled-batch-float,spec012-confirm-02,0,float,4096,1024,1,1,throughput,steady,existing all-output numerical replay,archived-vector-counts,spectrum-norms-v1,direct DFT or binary64 FFT of matched frame bytes; direct band sums and EMA,see archived reference; precision not separately recorded,2048,2048,4196352,4196352,2.0198579984200523e-07,1.4903790443764086e-07,0.0001220703125,unnormalized FFT magnitude,0,0
3aeff8d50243a034,5e7f7980ce05ebff2aa0b55bfbb0b68123d6344eeb523c8fb6cb467fd960459b,pffft-scheduled-batch-float,spec012-confirm-02,1,float,4096,1024,1,1,throughput,steady,existing all-output numerical replay,archived-vector-counts,spectrum-norms-v1,direct DFT or binary64 FFT of matched frame bytes; direct band sums and EMA,see archived reference; precision not separately recorded,2048,2048,4196352,4196352,2.0198579984200523e-07,1.4903790443764086e-07,0.0001220703125,unnormalized FFT magnitude,0,0
3aeff8d50243a034,5e7f7980ce05ebff2aa0b55bfbb0b68123d6344eeb523c8fb6cb467fd960459b,pffft-scheduled-batch-float,spec012-confirm-02,2,float,4096,1024,1,1,throughput,steady,existing all-output numerical replay,archived-vector-counts,spectrum-norms-v1,direct DFT or binary64 FFT of matched frame bytes; direct band sums and EMA,see archived reference; precision not separately recorded,2048,2048,4196352,4196352,2.0198579984200523e-07,1.4903790443764086e-07,0.0001220703125,unnormalized FFT magnitude,0,0
3aeff8d50243a034,5e7f7980ce05ebff2aa0b55bfbb0b68123d6344eeb523c8fb6cb467fd960459b,pffft-scheduled-batch-float,spec012-confirm-03,0,float,4096,1024,1,1,throughput,steady,existing all-output numerical replay,archived-vector-counts,spectrum-norms-v1,direct DFT or binary64 FFT of matched frame bytes; direct band sums and EMA,see archived reference; precision not separately recorded,2048,2048,4196352,4196352,2.0198579984200523e-07,1.4903790443764086e-07,0.0001220703125,unnormalized FFT magnitude,0,0
3aeff8d50243a034,5e7f7980ce05ebff2aa0b55bfbb0b68123d6344eeb523c8fb6cb467fd960459b,pffft-scheduled-batch-float,spec012-confirm-03,1,float,4096,1024,1,1,throughput,steady,existing all-output numerical replay,archived-vector-counts,spectrum-norms-v1,direct DFT or binary64 FFT of matched frame bytes; direct band sums and EMA,see archived reference; precision not separately recorded,2048,2048,4196352,4196352,2.0198579984200523e-07,1.4903790443764086e-07,0.0001220703125,unnormalized FFT magnitude,0,0
3aeff8d50243a034,5e7f7980ce05ebff2aa0b55bfbb0b68123d6344eeb523c8fb6cb467fd960459b,pffft-scheduled-batch-float,spec012-confirm-03,2,float,4096,1024,1,1,throughput,steady,existing all-output numerical replay,archived-vector-counts,spectrum-norms-v1,direct DFT or binary64 FFT of matched frame bytes; direct band sums and EMA,see archived reference; precision not separately recorded,2048,2048,4196352,4196352,2.0198579984200523e-07,1.4903790443764086e-07,0.0001220703125,unnormalized FFT magnitude,0,0
3aeff8d50243a034,5f0855a2897b311f6a73188f88a321b131422156884e51ac2bed496441f1c4c1,core-float,spec012-confirm-01,0,float,2048,1024,1,1,throughput,steady,full,all-publications-v1,spectrum-norms-v1,independent recursive binary64 FFT / direct DFT; matched float windows; direct bands and EMA,binary64 FFT / long-double direct DFT,2048,2048,2099200,2099200,2.15934702845581e-07,2.794693895227653e-07,0.00014317035675048828,unnormalized FFT magnitude,0,0
3aeff8d50243a034,5f0855a2897b311f6a73188f88a321b131422156884e51ac2bed496441f1c4c1,core-float,spec012-confirm-01,1,float,2048,1024,1,1,throughput,steady,full,all-publications-v1,spectrum-norms-v1,independent recursive binary64 FFT / direct DFT; matched float windows; direct bands and EMA,binary64 FFT / long-double direct DFT,2048,2048,2099200,2099200,2.15934702845581e-07,2.794693895227653e-07,0.00014317035675048828,unnormalized FFT magnitude,0,0
3aeff8d50243a034,5f0855a2897b311f6a73188f88a321b131422156884e51ac2bed496441f1c4c1,core-float,spec012-confirm-01,2,float,2048,1024,1,1,throughput,steady,full,all-publications-v1,spectrum-norms-v1,independent recursive binary64 FFT / direct DFT; matched float windows; direct bands and EMA,binary64 FFT / long-double direct DFT,2048,2048,2099200,2099200,2.15934702845581e-07,2.794693895227653e-07,0.00014317035675048828,unnormalized FFT magnitude,0,0
3aeff8d50243a034,5f0855a2897b311f6a73188f88a321b131422156884e51ac2bed496441f1c4c1,core-float,spec012-confirm-02,0,float,2048,1024,1,1,throughput,steady,full,all-publications-v1,spectrum-norms-v1,independent recursive binary64 FFT / direct DFT; matched float windows; direct bands and EMA,binary64 FFT / long-double direct DFT,2048,2048,2099200,2099200,2.15934702845581e-07,2.794693895227653e-07,0.00014317035675048828,unnormalized FFT magnitude,0,0
3aeff8d50243a034,5f0855a2897b311f6a73188f88a321b131422156884e51ac2bed496441f1c4c1,core-float,spec012-confirm-02,1,float,2048,1024,1,1,throughput,steady,full,all-publications-v1,spectrum-norms-v1,independent recursive binary64 FFT / direct DFT; matched float windows; direct bands and EMA,binary64 FFT / long-double direct DFT,2048,2048,2099200,2099200,2.15934702845581e-07,2.794693895227653e-07,0.00014317035675048828,unnormalized FFT magnitude,0,0
3aeff8d50243a034,5f0855a2897b311f6a73188f88a321b131422156884e51ac2bed496441f1c4c1,core-float,spec012-confirm-02,2,float,2048,1024,1,1,throughput,steady,full,all-publications-v1,spectrum-norms-v1,independent recursive binary64 FFT / direct DFT; matched float windows; direct bands and EMA,binary64 FFT / long-double direct DFT,2048,2048,2099200,2099200,2.15934702845581e-07,2.794693895227653e-07,0.00014317035675048828,unnormalized FFT magnitude,0,0
3aeff8d50243a034,5f0855a2897b311f6a73188f88a321b131422156884e51ac2bed496441f1c4c1,core-float,spec012-confirm-03,0,float,2048,1024,1,1,throughput,steady,full,all-publications-v1,spectrum-norms-v1,independent recursive binary64 FFT / direct DFT; matched float windows; direct bands and EMA,binary64 FFT / long-double direct DFT,2048,2048,2099200,2099200,2.15934702845581e-07,2.794693895227653e-07,0.00014317035675048828,unnormalized FFT magnitude,0,0
3aeff8d50243a034,5f0855a2897b311f6a73188f88a321b131422156884e51ac2bed496441f1c4c1,core-float,spec012-confirm-03,1,float,2048,1024,1,1,throughput,steady,full,all-publications-v1,spectrum-norms-v1,independent recursive binary64 FFT / direct DFT; matched float windows; direct bands and EMA,binary64 FFT / long-double direct DFT,2048,2048,2099200,2099200,2.15934702845581e-07,2.794693895227653e-07,0.00014317035675048828,unnormalized FFT magnitude,0,0
3aeff8d50243a034,5f0855a2897b311f6a73188f88a321b131422156884e51ac2bed496441f1c4c1,core-float,spec012-confirm-03,2,float,2048,1024,1,1,throughput,steady,full,all-publications-v1,spectrum-norms-v1,independent recursive binary64 FFT / direct DFT; matched float windows; direct bands and EMA,binary64 FFT / long-double direct DFT,2048,2048,2099200,2099200,2.15934702845581e-07,2.794693895227653e-07,0.00014317035675048828,unnormalized FFT magnitude,0,0
3aeff8d50243a034,60cb1ee95f23dfb1196dff69e91e97b6cbaf05ec6388028cedc7204f130d4531,pffft-hybrid-float,spec012-confirm-01,0,float,4096,1024,1,1,callback,steady,existing all-output numerical replay,archived-vector-counts,spectrum-norms-v1,direct DFT or binary64 FFT of matched frame bytes; direct band sums and EMA,see archived reference; precision not separately recorded,2048,2048,4196352,4196352,2.0198579984200523e-07,1.4903790443764086e-07,0.0001220703125,unnormalized FFT magnitude,0,0
3aeff8d50243a034,60cb1ee95f23dfb1196dff69e91e97b6cbaf05ec6388028cedc7204f130d4531,pffft-hybrid-float,spec012-confirm-01,1,float,4096,1024,1,1,callback,steady,existing all-output numerical replay,archived-vector-counts,spectrum-norms-v1,direct DFT or binary64 FFT of matched frame bytes; direct band sums and EMA,see archived reference; precision not separately recorded,2048,2048,4196352,4196352,2.0198579984200523e-07,1.4903790443764086e-07,0.0001220703125,unnormalized FFT magnitude,0,0
3aeff8d50243a034,60cb1ee95f23dfb1196dff69e91e97b6cbaf05ec6388028cedc7204f130d4531,pffft-hybrid-float,spec012-confirm-01,2,float,4096,1024,1,1,callback,steady,existing all-output numerical replay,archived-vector-counts,spectrum-norms-v1,direct DFT or binary64 FFT of matched frame bytes; direct band sums and EMA,see archived reference; precision not separately recorded,2048,2048,4196352,4196352,2.0198579984200523e-07,1.4903790443764086e-07,0.0001220703125,unnormalized FFT magnitude,0,0
3aeff8d50243a034,60cb1ee95f23dfb1196dff69e91e97b6cbaf05ec6388028cedc7204f130d4531,pffft-hybrid-float,spec012-confirm-02,0,float,4096,1024,1,1,callback,steady,existing all-output numerical replay,archived-vector-counts,spectrum-norms-v1,direct DFT or binary64 FFT of matched frame bytes; direct band sums and EMA,see archived reference; precision not separately recorded,2048,2048,4196352,4196352,2.0198579984200523e-07,1.4903790443764086e-07,0.0001220703125,unnormalized FFT magnitude,0,0
3aeff8d50243a034,60cb1ee95f23dfb1196dff69e91e97b6cbaf05ec6388028cedc7204f130d4531,pffft-hybrid-float,spec012-confirm-02,1,float,4096,1024,1,1,callback,steady,existing all-output numerical replay,archived-vector-counts,spectrum-norms-v1,direct DFT or binary64 FFT of matched frame bytes; direct band sums and EMA,see archived reference; precision not separately recorded,2048,2048,4196352,4196352,2.0198579984200523e-07,1.4903790443764086e-07,0.0001220703125,unnormalized FFT magnitude,0,0
3aeff8d50243a034,60cb1ee95f23dfb1196dff69e91e97b6cbaf05ec6388028cedc7204f130d4531,pffft-hybrid-float,spec012-confirm-02,2,float,4096,1024,1,1,callback,steady,existing all-output numerical replay,archived-vector-counts,spectrum-norms-v1,direct DFT or binary64 FFT of matched frame bytes; direct band sums and EMA,see archived reference; precision not separately recorded,2048,2048,4196352,4196352,2.0198579984200523e-07,1.4903790443764086e-07,0.0001220703125,unnormalized FFT magnitude,0,0
3aeff8d50243a034,60cb1ee95f23dfb1196dff69e91e97b6cbaf05ec6388028cedc7204f130d4531,pffft-hybrid-float,spec012-confirm-03,0,float,4096,1024,1,1,callback,steady,existing all-output numerical replay,archived-vector-counts,spectrum-norms-v1,direct DFT or binary64 FFT of matched frame bytes; direct band sums and EMA,see archived reference; precision not separately recorded,2048,2048,4196352,4196352,2.0198579984200523e-07,1.4903790443764086e-07,0.0001220703125,unnormalized FFT magnitude,0,0
3aeff8d50243a034,60cb1ee95f23dfb1196dff69e91e97b6cbaf05ec6388028cedc7204f130d4531,pffft-hybrid-float,spec012-confirm-03,1,float,4096,1024,1,1,callback,steady,existing all-output numerical replay,archived-vector-counts,spectrum-norms-v1,direct DFT or binary64 FFT of matched frame bytes; direct band sums and EMA,see archived reference; precision not separately recorded,2048,2048,4196352,4196352,2.0198579984200523e-07,1.4903790443764086e-07,0.0001220703125,unnormalized FFT magnitude,0,0
3aeff8d50243a034,60cb1ee95f23dfb1196dff69e91e97b6cbaf05ec6388028cedc7204f130d4531,pffft-hybrid-float,spec012-confirm-03,2,float,4096,1024,1,1,callback,steady,existing all-output numerical replay,archived-vector-counts,spectrum-norms-v1,direct DFT or binary64 FFT of matched frame bytes; direct band sums and EMA,see archived reference; precision not separately recorded,2048,2048,4196352,4196352,2.0198579984200523e-07,1.4903790443764086e-07,0.0001220703125,unnormalized FFT magnitude,0,0
3aeff8d50243a034,61773398d53d9618e4f9fada9efd48166acca588e5d47e91677428e4d75f221a,pffft-scheduled-batch-float,spec012-confirm-01,0,float,2048,1024,1,1,callback,steady,existing all-output numerical replay,archived-vector-counts,spectrum-norms-v1,direct DFT or binary64 FFT of matched frame bytes; direct band sums and EMA,see archived reference; precision not separately recorded,2048,2048,2099200,2099200,1.2019560717045903e-07,1.191954924079027e-07,6.103515625e-05,unnormalized FFT magnitude,0,0
3aeff8d50243a034,61773398d53d9618e4f9fada9efd48166acca588e5d47e91677428e4d75f221a,pffft-scheduled-batch-float,spec012-confirm-01,1,float,2048,1024,1,1,callback,steady,existing all-output numerical replay,archived-vector-counts,spectrum-norms-v1,direct DFT or binary64 FFT of matched frame bytes; direct band sums and EMA,see archived reference; precision not separately recorded,2048,2048,2099200,2099200,1.2019560717045903e-07,1.191954924079027e-07,6.103515625e-05,unnormalized FFT magnitude,0,0
3aeff8d50243a034,61773398d53d9618e4f9fada9efd48166acca588e5d47e91677428e4d75f221a,pffft-scheduled-batch-float,spec012-confirm-01,2,float,2048,1024,1,1,callback,steady,existing all-output numerical replay,archived-vector-counts,spectrum-norms-v1,direct DFT or binary64 FFT of matched frame bytes; direct band sums and EMA,see archived reference; precision not separately recorded,2048,2048,2099200,2099200,1.2019560717045903e-07,1.191954924079027e-07,6.103515625e-05,unnormalized FFT magnitude,0,0
3aeff8d50243a034,61773398d53d9618e4f9fada9efd48166acca588e5d47e91677428e4d75f221a,pffft-scheduled-batch-float,spec012-confirm-02,0,float,2048,1024,1,1,callback,steady,existing all-output numerical replay,archived-vector-counts,spectrum-norms-v1,direct DFT or binary64 FFT of matched frame bytes; direct band sums and EMA,see archived reference; precision not separately recorded,2048,2048,2099200,2099200,1.2019560717045903e-07,1.191954924079027e-07,6.103515625e-05,unnormalized FFT magnitude,0,0
3aeff8d50243a034,61773398d53d9618e4f9fada9efd48166acca588e5d47e91677428e4d75f221a,pffft-scheduled-batch-float,spec012-confirm-02,1,float,2048,1024,1,1,callback,steady,existing all-output numerical replay,archived-vector-counts,spectrum-norms-v1,direct DFT or binary64 FFT of matched frame bytes; direct band sums and EMA,see archived reference; precision not separately recorded,2048,2048,2099200,2099200,1.2019560717045903e-07,1.191954924079027e-07,6.103515625e-05,unnormalized FFT magnitude,0,0
3aeff8d50243a034,61773398d53d9618e4f9fada9efd48166acca588e5d47e91677428e4d75f221a,pffft-scheduled-batch-float,spec012-confirm-02,2,float,2048,1024,1,1,callback,steady,existing all-output numerical replay,archived-vector-counts,spectrum-norms-v1,direct DFT or binary64 FFT of matched frame bytes; direct band sums and EMA,see archived reference; precision not separately recorded,2048,2048,2099200,2099200,1.2019560717045903e-07,1.191954924079027e-07,6.103515625e-05,unnormalized FFT magnitude,0,0
3aeff8d50243a034,61773398d53d9618e4f9fada9efd48166acca588e5d47e91677428e4d75f221a,pffft-scheduled-batch-float,spec012-confirm-03,0,float,2048,1024,1,1,callback,steady,existing all-output numerical replay,archived-vector-counts,spectrum-norms-v1,direct DFT or binary64 FFT of matched frame bytes; direct band sums and EMA,see archived reference; precision not separately recorded,2048,2048,2099200,2099200,1.2019560717045903e-07,1.191954924079027e-07,6.103515625e-05,unnormalized FFT magnitude,0,0
3aeff8d50243a034,61773398d53d9618e4f9fada9efd48166acca588e5d47e91677428e4d75f221a,pffft-scheduled-batch-float,spec012-confirm-03,1,float,2048,1024,1,1,callback,steady,existing all-output numerical replay,archived-vector-counts,spectrum-norms-v1,direct DFT or binary64 FFT of matched frame bytes; direct band sums and EMA,see archived reference; precision not separately recorded,2048,2048,2099200,2099200,1.2019560717045903e-07,1.191954924079027e-07,6.103515625e-05,unnormalized FFT magnitude,0,0
3aeff8d50243a034,61773398d53d9618e4f9fada9efd48166acca588e5d47e91677428e4d75f221a,pffft-scheduled-batch-float,spec012-confirm-03,2,float,2048,1024,1,1,callback,steady,existing all-output numerical replay,archived-vector-counts,spectrum-norms-v1,direct DFT or binary64 FFT of matched frame bytes; direct band sums and EMA,see archived reference; precision not separately recorded,2048,2048,2099200,2099200,1.2019560717045903e-07,1.191954924079027e-07,6.103515625e-05,unnormalized FFT magnitude,0,0
3aeff8d50243a034,62875e25a4223648274a11bb95a1e8592cf16b71ec63806e8b55fa71b0a9526e,pffft-hybrid-float,spec012-confirm-01,0,float,16384,1024,1,1,callback,steady,existing all-output numerical replay,archived-vector-counts,spectrum-norms-v1,direct DFT or binary64 FFT of matched frame bytes; direct band sums and EMA,see archived reference; precision not separately recorded,2048,2048,16779264,16779264,1.222607767483183e-07,1.1919512301234683e-07,0.00048828125,unnormalized FFT magnitude,0,32
3aeff8d50243a034,62875e25a4223648274a11bb95a1e8592cf16b71ec63806e8b55fa71b0a9526e,pffft-hybrid-float,spec012-confirm-01,1,float,16384,1024,1,1,callback,steady,existing all-output numerical replay,archived-vector-counts,spectrum-norms-v1,direct DFT or binary64 FFT of matched frame bytes; direct band sums and EMA,see archived reference; precision not separately recorded,2048,2048,16779264,16779264,1.222607767483183e-07,1.1919512301234683e-07,0.00048828125,unnormalized FFT magnitude,0,32
3aeff8d50243a034,62875e25a4223648274a11bb95a1e8592cf16b71ec63806e8b55fa71b0a9526e,pffft-hybrid-float,spec012-confirm-01,2,float,16384,1024,1,1,callback,steady,existing all-output numerical replay,archived-vector-counts,spectrum-norms-v1,direct DFT or binary64 FFT of matched frame bytes; direct band sums and EMA,see archived reference; precision not separately recorded,2048,2048,16779264,16779264,1.222607767483183e-07,1.1919512301234683e-07,0.00048828125,unnormalized FFT magnitude,0,32
3aeff8d50243a034,62875e25a4223648274a11bb95a1e8592cf16b71ec63806e8b55fa71b0a9526e,pffft-hybrid-float,spec012-confirm-02,0,float,16384,1024,1,1,callback,steady,existing all-output numerical replay,archived-vector-counts,spectrum-norms-v1,direct DFT or binary64 FFT of matched frame bytes; direct band sums and EMA,see archived reference; precision not separately recorded,2048,2048,16779264,16779264,1.222607767483183e-07,1.1919512301234683e-07,0.00048828125,unnormalized FFT magnitude,0,32
3aeff8d50243a034,62875e25a4223648274a11bb95a1e8592cf16b71ec63806e8b55fa71b0a9526e,pffft-hybrid-float,spec012-confirm-02,1,float,16384,1024,1,1,callback,steady,existing all-output numerical replay,archived-vector-counts,spectrum-norms-v1,direct DFT or binary64 FFT of matched frame bytes; direct band sums and EMA,see archived reference; precision not separately recorded,2048,2048,16779264,16779264,1.222607767483183e-07,1.1919512301234683e-07,0.00048828125,unnormalized FFT magnitude,0,32
3aeff8d50243a034,62875e25a4223648274a11bb95a1e8592cf16b71ec63806e8b55fa71b0a9526e,pffft-hybrid-float,spec012-confirm-02,2,float,16384,1024,1,1,callback,steady,existing all-output numerical replay,archived-vector-counts,spectrum-norms-v1,direct DFT or binary64 FFT of matched frame bytes; direct band sums and EMA,see archived reference; precision not separately recorded,2048,2048,16779264,16779264,1.222607767483183e-07,1.1919512301234683e-07,0.00048828125,unnormalized FFT magnitude,0,32
3aeff8d50243a034,62875e25a4223648274a11bb95a1e8592cf16b71ec63806e8b55fa71b0a9526e,pffft-hybrid-float,spec012-confirm-03,0,float,16384,1024,1,1,callback,steady,existing all-output numerical replay,archived-vector-counts,spectrum-norms-v1,direct DFT or binary64 FFT of matched frame bytes; direct band sums and EMA,see archived reference; precision not separately recorded,2048,2048,16779264,16779264,1.222607767483183e-07,1.1919512301234683e-07,0.00048828125,unnormalized FFT magnitude,0,32
3aeff8d50243a034,62875e25a4223648274a11bb95a1e8592cf16b71ec63806e8b55fa71b0a9526e,pffft-hybrid-float,spec012-confirm-03,1,float,16384,1024,1,1,callback,steady,existing all-output numerical replay,archived-vector-counts,spectrum-norms-v1,direct DFT or binary64 FFT of matched frame bytes; direct band sums and EMA,see archived reference; precision not separately recorded,2048,2048,16779264,16779264,1.222607767483183e-07,1.1919512301234683e-07,0.00048828125,unnormalized FFT magnitude,0,32
3aeff8d50243a034,62875e25a4223648274a11bb95a1e8592cf16b71ec63806e8b55fa71b0a9526e,pffft-hybrid-float,spec012-confirm-03,2,float,16384,1024,1,1,callback,steady,existing all-output numerical replay,archived-vector-counts,spectrum-norms-v1,direct DFT or binary64 FFT of matched frame bytes; direct band sums and EMA,see archived reference; precision not separately recorded,2048,2048,16779264,16779264,1.222607767483183e-07,1.1919512301234683e-07,0.00048828125,unnormalized FFT magnitude,0,32
3aeff8d50243a034,64a9ecdbe39adec8f01cfce1b7b393f02b431ed2e59eb4bc40252c30ced0be65,legacy-incremental-float,spec012-confirm-01,0,float,16384,1024,1,1,throughput,steady,full,all-publications-v1,spectrum-norms-v1,independent recursive binary64 FFT / direct DFT; matched float windows; direct bands and EMA,binary64 FFT / long-double direct DFT,2048,2048,16779264,16779264,2.428253746068979e-07,2.832279085325651e-07,0.0011609792709350586,unnormalized FFT magnitude,0,2560
3aeff8d50243a034,64a9ecdbe39adec8f01cfce1b7b393f02b431ed2e59eb4bc40252c30ced0be65,legacy-incremental-float,spec012-confirm-01,1,float,16384,1024,1,1,throughput,steady,full,all-publications-v1,spectrum-norms-v1,independent recursive binary64 FFT / direct DFT; matched float windows; direct bands and EMA,binary64 FFT / long-double direct DFT,2048,2048,16779264,16779264,2.428253746068979e-07,2.832279085325651e-07,0.0011609792709350586,unnormalized FFT magnitude,0,2560
3aeff8d50243a034,64a9ecdbe39adec8f01cfce1b7b393f02b431ed2e59eb4bc40252c30ced0be65,legacy-incremental-float,spec012-confirm-01,2,float,16384,1024,1,1,throughput,steady,full,all-publications-v1,spectrum-norms-v1,independent recursive binary64 FFT / direct DFT; matched float windows; direct bands and EMA,binary64 FFT / long-double direct DFT,2048,2048,16779264,16779264,2.428253746068979e-07,2.832279085325651e-07,0.0011609792709350586,unnormalized FFT magnitude,0,2560
3aeff8d50243a034,64a9ecdbe39adec8f01cfce1b7b393f02b431ed2e59eb4bc40252c30ced0be65,legacy-incremental-float,spec012-confirm-02,0,float,16384,1024,1,1,throughput,steady,full,all-publications-v1,spectrum-norms-v1,independent recursive binary64 FFT / direct DFT; matched float windows; direct bands and EMA,binary64 FFT / long-double direct DFT,2048,2048,16779264,16779264,2.428253746068979e-07,2.832279085325651e-07,0.0011609792709350586,unnormalized FFT magnitude,0,2560
3aeff8d50243a034,64a9ecdbe39adec8f01cfce1b7b393f02b431ed2e59eb4bc40252c30ced0be65,legacy-incremental-float,spec012-confirm-02,1,float,16384,1024,1,1,throughput,steady,full,all-publications-v1,spectrum-norms-v1,independent recursive binary64 FFT / direct DFT; matched float windows; direct bands and EMA,binary64 FFT / long-double direct DFT,2048,2048,16779264,16779264,2.428253746068979e-07,2.832279085325651e-07,0.0011609792709350586,unnormalized FFT magnitude,0,2560
3aeff8d50243a034,64a9ecdbe39adec8f01cfce1b7b393f02b431ed2e59eb4bc40252c30ced0be65,legacy-incremental-float,spec012-confirm-02,2,float,16384,1024,1,1,throughput,steady,full,all-publications-v1,spectrum-norms-v1,independent recursive binary64 FFT / direct DFT; matched float windows; direct bands and EMA,binary64 FFT / long-double direct DFT,2048,2048,16779264,16779264,2.428253746068979e-07,2.832279085325651e-07,0.0011609792709350586,unnormalized FFT magnitude,0,2560
3aeff8d50243a034,64a9ecdbe39adec8f01cfce1b7b393f02b431ed2e59eb4bc40252c30ced0be65,legacy-incremental-float,spec012-confirm-03,0,float,16384,1024,1,1,throughput,steady,full,all-publications-v1,spectrum-norms-v1,independent recursive binary64 FFT / direct DFT; matched float windows; direct bands and EMA,binary64 FFT / long-double direct DFT,2048,2048,16779264,16779264,2.428253746068979e-07,2.832279085325651e-07,0.0011609792709350586,unnormalized FFT magnitude,0,2560
3aeff8d50243a034,64a9ecdbe39adec8f01cfce1b7b393f02b431ed2e59eb4bc40252c30ced0be65,legacy-incremental-float,spec012-confirm-03,1,float,16384,1024,1,1,throughput,steady,full,all-publications-v1,spectrum-norms-v1,independent recursive binary64 FFT / direct DFT; matched float windows; direct bands and EMA,binary64 FFT / long-double direct DFT,2048,2048,16779264,16779264,2.428253746068979e-07,2.832279085325651e-07,0.0011609792709350586,unnormalized FFT magnitude,0,2560
3aeff8d50243a034,64a9ecdbe39adec8f01cfce1b7b393f02b431ed2e59eb4bc40252c30ced0be65,legacy-incremental-float,spec012-confirm-03,2,float,16384,1024,1,1,throughput,steady,full,all-publications-v1,spectrum-norms-v1,independent recursive binary64 FFT / direct DFT; matched float windows; direct bands and EMA,binary64 FFT / long-double direct DFT,2048,2048,16779264,16779264,2.428253746068979e-07,2.832279085325651e-07,0.0011609792709350586,unnormalized FFT magnitude,0,2560
3aeff8d50243a034,6723b01a0b45a17342028498cda980b7d1d26cb2f7135d26cf63dda6f657eae4,legacy-incremental-float,spec012-confirm-01,0,float,16384,1024,1,1,callback,steady,full,all-publications-v1,spectrum-norms-v1,independent recursive binary64 FFT / direct DFT; matched float windows; direct bands and EMA,binary64 FFT / long-double direct DFT,2048,2048,16779264,16779264,2.314436441768113e-07,1.4903825983523968e-07,0.00048828125,unnormalized FFT magnitude,0,0
3aeff8d50243a034,6723b01a0b45a17342028498cda980b7d1d26cb2f7135d26cf63dda6f657eae4,legacy-incremental-float,spec012-confirm-01,1,float,16384,1024,1,1,callback,steady,full,all-publications-v1,spectrum-norms-v1,independent recursive binary64 FFT / direct DFT; matched float windows; direct bands and EMA,binary64 FFT / long-double direct DFT,2048,2048,16779264,16779264,2.314436441768113e-07,1.4903825983523968e-07,0.00048828125,unnormalized FFT magnitude,0,0
3aeff8d50243a034,6723b01a0b45a17342028498cda980b7d1d26cb2f7135d26cf63dda6f657eae4,legacy-incremental-float,spec012-confirm-01,2,float,16384,1024,1,1,callback,steady,full,all-publications-v1,spectrum-norms-v1,independent recursive binary64 FFT / direct DFT; matched float windows; direct bands and EMA,binary64 FFT / long-double direct DFT,2048,2048,16779264,16779264,2.314436441768113e-07,1.4903825983523968e-07,0.00048828125,unnormalized FFT magnitude,0,0
3aeff8d50243a034,6723b01a0b45a17342028498cda980b7d1d26cb2f7135d26cf63dda6f657eae4,legacy-incremental-float,spec012-confirm-02,0,float,16384,1024,1,1,callback,steady,full,all-publications-v1,spectrum-norms-v1,independent recursive binary64 FFT / direct DFT; matched float windows; direct bands and EMA,binary64 FFT / long-double direct DFT,2048,2048,16779264,16779264,2.314436441768113e-07,1.4903825983523968e-07,0.00048828125,unnormalized FFT magnitude,0,0
3aeff8d50243a034,6723b01a0b45a17342028498cda980b7d1d26cb2f7135d26cf63dda6f657eae4,legacy-incremental-float,spec012-confirm-02,1,float,16384,1024,1,1,callback,steady,full,all-publications-v1,spectrum-norms-v1,independent recursive binary64 FFT / direct DFT; matched float windows; direct bands and EMA,binary64 FFT / long-double direct DFT,2048,2048,16779264,16779264,2.314436441768113e-07,1.4903825983523968e-07,0.00048828125,unnormalized FFT magnitude,0,0
3aeff8d50243a034,6723b01a0b45a17342028498cda980b7d1d26cb2f7135d26cf63dda6f657eae4,legacy-incremental-float,spec012-confirm-02,2,float,16384,1024,1,1,callback,steady,full,all-publications-v1,spectrum-norms-v1,independent recursive binary64 FFT / direct DFT; matched float windows; direct bands and EMA,binary64 FFT / long-double direct DFT,2048,2048,16779264,16779264,2.314436441768113e-07,1.4903825983523968e-07,0.00048828125,unnormalized FFT magnitude,0,0
3aeff8d50243a034,6723b01a0b45a17342028498cda980b7d1d26cb2f7135d26cf63dda6f657eae4,legacy-incremental-float,spec012-confirm-03,0,float,16384,1024,1,1,callback,steady,full,all-publications-v1,spectrum-norms-v1,independent recursive binary64 FFT / direct DFT; matched float windows; direct bands and EMA,binary64 FFT / long-double direct DFT,2048,2048,16779264,16779264,2.314436441768113e-07,1.4903825983523968e-07,0.00048828125,unnormalized FFT magnitude,0,0
3aeff8d50243a034,6723b01a0b45a17342028498cda980b7d1d26cb2f7135d26cf63dda6f657eae4,legacy-incremental-float,spec012-confirm-03,1,float,16384,1024,1,1,callback,steady,full,all-publications-v1,spectrum-norms-v1,independent recursive binary64 FFT / direct DFT; matched float windows; direct bands and EMA,binary64 FFT / long-double direct DFT,2048,2048,16779264,16779264,2.314436441768113e-07,1.4903825983523968e-07,0.00048828125,unnormalized FFT magnitude,0,0
3aeff8d50243a034,6723b01a0b45a17342028498cda980b7d1d26cb2f7135d26cf63dda6f657eae4,legacy-incremental-float,spec012-confirm-03,2,float,16384,1024,1,1,callback,steady,full,all-publications-v1,spectrum-norms-v1,independent recursive binary64 FFT / direct DFT; matched float windows; direct bands and EMA,binary64 FFT / long-double direct DFT,2048,2048,16779264,16779264,2.314436441768113e-07,1.4903825983523968e-07,0.00048828125,unnormalized FFT magnitude,0,0
3aeff8d50243a034,673123a4141afa5f5b227003cdc474a268de9b9e9e57865ebcdee38d7d80116a,core-float,spec012-confirm-01,0,float,2048,1024,1,1,callback,steady,full,all-publications-v1,spectrum-norms-v1,independent recursive binary64 FFT / direct DFT; matched float windows; direct bands and EMA,binary64 FFT / long-double direct DFT,2048,2048,2099200,2099200,1.7896422314979908e-07,2.2354712809377118e-07,9.1552734375e-05,unnormalized FFT magnitude,0,0
3aeff8d50243a034,673123a4141afa5f5b227003cdc474a268de9b9e9e57865ebcdee38d7d80116a,core-float,spec012-confirm-01,1,float,2048,1024,1,1,callback,steady,full,all-publications-v1,spectrum-norms-v1,independent recursive binary64 FFT / direct DFT; matched float windows; direct bands and EMA,binary64 FFT / long-double direct DFT,2048,2048,2099200,2099200,1.7896422314979908e-07,2.2354712809377118e-07,9.1552734375e-05,unnormalized FFT magnitude,0,0
3aeff8d50243a034,673123a4141afa5f5b227003cdc474a268de9b9e9e57865ebcdee38d7d80116a,core-float,spec012-confirm-01,2,float,2048,1024,1,1,callback,steady,full,all-publications-v1,spectrum-norms-v1,independent recursive binary64 FFT / direct DFT; matched float windows; direct bands and EMA,binary64 FFT / long-double direct DFT,2048,2048,2099200,2099200,1.7896422314979908e-07,2.2354712809377118e-07,9.1552734375e-05,unnormalized FFT magnitude,0,0
3aeff8d50243a034,673123a4141afa5f5b227003cdc474a268de9b9e9e57865ebcdee38d7d80116a,core-float,spec012-confirm-02,0,float,2048,1024,1,1,callback,steady,full,all-publications-v1,spectrum-norms-v1,independent recursive binary64 FFT / direct DFT; matched float windows; direct bands and EMA,binary64 FFT / long-double direct DFT,2048,2048,2099200,2099200,1.7896422314979908e-07,2.2354712809377118e-07,9.1552734375e-05,unnormalized FFT magnitude,0,0
3aeff8d50243a034,673123a4141afa5f5b227003cdc474a268de9b9e9e57865ebcdee38d7d80116a,core-float,spec012-confirm-02,1,float,2048,1024,1,1,callback,steady,full,all-publications-v1,spectrum-norms-v1,independent recursive binary64 FFT / direct DFT; matched float windows; direct bands and EMA,binary64 FFT / long-double direct DFT,2048,2048,2099200,2099200,1.7896422314979908e-07,2.2354712809377118e-07,9.1552734375e-05,unnormalized FFT magnitude,0,0
3aeff8d50243a034,673123a4141afa5f5b227003cdc474a268de9b9e9e57865ebcdee38d7d80116a,core-float,spec012-confirm-02,2,float,2048,1024,1,1,callback,steady,full,all-publications-v1,spectrum-norms-v1,independent recursive binary64 FFT / direct DFT; matched float windows; direct bands and EMA,binary64 FFT / long-double direct DFT,2048,2048,2099200,2099200,1.7896422314979908e-07,2.2354712809377118e-07,9.1552734375e-05,unnormalized FFT magnitude,0,0
3aeff8d50243a034,673123a4141afa5f5b227003cdc474a268de9b9e9e57865ebcdee38d7d80116a,core-float,spec012-confirm-03,0,float,2048,1024,1,1,callback,steady,full,all-publications-v1,spectrum-norms-v1,independent recursive binary64 FFT / direct DFT; matched float windows; direct bands and EMA,binary64 FFT / long-double direct DFT,2048,2048,2099200,2099200,1.7896422314979908e-07,2.2354712809377118e-07,9.1552734375e-05,unnormalized FFT magnitude,0,0
3aeff8d50243a034,673123a4141afa5f5b227003cdc474a268de9b9e9e57865ebcdee38d7d80116a,core-float,spec012-confirm-03,1,float,2048,1024,1,1,callback,steady,full,all-publications-v1,spectrum-norms-v1,independent recursive binary64 FFT / direct DFT; matched float windows; direct bands and EMA,binary64 FFT / long-double direct DFT,2048,2048,2099200,2099200,1.7896422314979908e-07,2.2354712809377118e-07,9.1552734375e-05,unnormalized FFT magnitude,0,0
3aeff8d50243a034,673123a4141afa5f5b227003cdc474a268de9b9e9e57865ebcdee38d7d80116a,core-float,spec012-confirm-03,2,float,2048,1024,1,1,callback,steady,full,all-publications-v1,spectrum-norms-v1,independent recursive binary64 FFT / direct DFT; matched float windows; direct bands and EMA,binary64 FFT / long-double direct DFT,2048,2048,2099200,2099200,1.7896422314979908e-07,2.2354712809377118e-07,9.1552734375e-05,unnormalized FFT magnitude,0,0
3aeff8d50243a034,67e5823de93a4392c87a067551acafc20e7458c11a4457b4954b44f8cc95d994,legacy-batch-float,spec012-confirm-01,0,float,2048,1024,1,1,callback,steady,full,all-publications-v1,spectrum-norms-v1,independent recursive binary64 FFT / direct DFT; matched float windows; direct bands and EMA,binary64 FFT / long-double direct DFT,2048,2048,2099200,2099200,1.7896422314979908e-07,2.2354712809377118e-07,9.1552734375e-05,unnormalized FFT magnitude,0,0
3aeff8d50243a034,67e5823de93a4392c87a067551acafc20e7458c11a4457b4954b44f8cc95d994,legacy-batch-float,spec012-confirm-01,1,float,2048,1024,1,1,callback,steady,full,all-publications-v1,spectrum-norms-v1,independent recursive binary64 FFT / direct DFT; matched float windows; direct bands and EMA,binary64 FFT / long-double direct DFT,2048,2048,2099200,2099200,1.7896422314979908e-07,2.2354712809377118e-07,9.1552734375e-05,unnormalized FFT magnitude,0,0
3aeff8d50243a034,67e5823de93a4392c87a067551acafc20e7458c11a4457b4954b44f8cc95d994,legacy-batch-float,spec012-confirm-01,2,float,2048,1024,1,1,callback,steady,full,all-publications-v1,spectrum-norms-v1,independent recursive binary64 FFT / direct DFT; matched float windows; direct bands and EMA,binary64 FFT / long-double direct DFT,2048,2048,2099200,2099200,1.7896422314979908e-07,2.2354712809377118e-07,9.1552734375e-05,unnormalized FFT magnitude,0,0
3aeff8d50243a034,67e5823de93a4392c87a067551acafc20e7458c11a4457b4954b44f8cc95d994,legacy-batch-float,spec012-confirm-02,0,float,2048,1024,1,1,callback,steady,full,all-publications-v1,spectrum-norms-v1,independent recursive binary64 FFT / direct DFT; matched float windows; direct bands and EMA,binary64 FFT / long-double direct DFT,2048,2048,2099200,2099200,1.7896422314979908e-07,2.2354712809377118e-07,9.1552734375e-05,unnormalized FFT magnitude,0,0
3aeff8d50243a034,67e5823de93a4392c87a067551acafc20e7458c11a4457b4954b44f8cc95d994,legacy-batch-float,spec012-confirm-02,1,float,2048,1024,1,1,callback,steady,full,all-publications-v1,spectrum-norms-v1,independent recursive binary64 FFT / direct DFT; matched float windows; direct bands and EMA,binary64 FFT / long-double direct DFT,2048,2048,2099200,2099200,1.7896422314979908e-07,2.2354712809377118e-07,9.1552734375e-05,unnormalized FFT magnitude,0,0
3aeff8d50243a034,67e5823de93a4392c87a067551acafc20e7458c11a4457b4954b44f8cc95d994,legacy-batch-float,spec012-confirm-02,2,float,2048,1024,1,1,callback,steady,full,all-publications-v1,spectrum-norms-v1,independent recursive binary64 FFT / direct DFT; matched float windows; direct bands and EMA,binary64 FFT / long-double direct DFT,2048,2048,2099200,2099200,1.7896422314979908e-07,2.2354712809377118e-07,9.1552734375e-05,unnormalized FFT magnitude,0,0
3aeff8d50243a034,67e5823de93a4392c87a067551acafc20e7458c11a4457b4954b44f8cc95d994,legacy-batch-float,spec012-confirm-03,0,float,2048,1024,1,1,callback,steady,full,all-publications-v1,spectrum-norms-v1,independent recursive binary64 FFT / direct DFT; matched float windows; direct bands and EMA,binary64 FFT / long-double direct DFT,2048,2048,2099200,2099200,1.7896422314979908e-07,2.2354712809377118e-07,9.1552734375e-05,unnormalized FFT magnitude,0,0
3aeff8d50243a034,67e5823de93a4392c87a067551acafc20e7458c11a4457b4954b44f8cc95d994,legacy-batch-float,spec012-confirm-03,1,float,2048,1024,1,1,callback,steady,full,all-publications-v1,spectrum-norms-v1,independent recursive binary64 FFT / direct DFT; matched float windows; direct bands and EMA,binary64 FFT / long-double direct DFT,2048,2048,2099200,2099200,1.7896422314979908e-07,2.2354712809377118e-07,9.1552734375e-05,unnormalized FFT magnitude,0,0
3aeff8d50243a034,67e5823de93a4392c87a067551acafc20e7458c11a4457b4954b44f8cc95d994,legacy-batch-float,spec012-confirm-03,2,float,2048,1024,1,1,callback,steady,full,all-publications-v1,spectrum-norms-v1,independent recursive binary64 FFT / direct DFT; matched float windows; direct bands and EMA,binary64 FFT / long-double direct DFT,2048,2048,2099200,2099200,1.7896422314979908e-07,2.2354712809377118e-07,9.1552734375e-05,unnormalized FFT magnitude,0,0
3aeff8d50243a034,6ab8edab7bc8d8d456afee5570e865aaee143b3a866960c9a038453a8d87ab85,pffft-hybrid-float,spec012-confirm-01,0,float,16384,1024,1,1,throughput,steady,existing all-output numerical replay,archived-vector-counts,spectrum-norms-v1,direct DFT or binary64 FFT of matched frame bytes; direct band sums and EMA,see archived reference; precision not separately recorded,2048,2048,16779264,16779264,2.2623933788848086e-07,1.4903825983523968e-07,0.00048828125,unnormalized FFT magnitude,0,0
3aeff8d50243a034,6ab8edab7bc8d8d456afee5570e865aaee143b3a866960c9a038453a8d87ab85,pffft-hybrid-float,spec012-confirm-01,1,float,16384,1024,1,1,throughput,steady,existing all-output numerical replay,archived-vector-counts,spectrum-norms-v1,direct DFT or binary64 FFT of matched frame bytes; direct band sums and EMA,see archived reference; precision not separately recorded,2048,2048,16779264,16779264,2.2623933788848086e-07,1.4903825983523968e-07,0.00048828125,unnormalized FFT magnitude,0,0
3aeff8d50243a034,6ab8edab7bc8d8d456afee5570e865aaee143b3a866960c9a038453a8d87ab85,pffft-hybrid-float,spec012-confirm-01,2,float,16384,1024,1,1,throughput,steady,existing all-output numerical replay,archived-vector-counts,spectrum-norms-v1,direct DFT or binary64 FFT of matched frame bytes; direct band sums and EMA,see archived reference; precision not separately recorded,2048,2048,16779264,16779264,2.2623933788848086e-07,1.4903825983523968e-07,0.00048828125,unnormalized FFT magnitude,0,0
3aeff8d50243a034,6ab8edab7bc8d8d456afee5570e865aaee143b3a866960c9a038453a8d87ab85,pffft-hybrid-float,spec012-confirm-02,0,float,16384,1024,1,1,throughput,steady,existing all-output numerical replay,archived-vector-counts,spectrum-norms-v1,direct DFT or binary64 FFT of matched frame bytes; direct band sums and EMA,see archived reference; precision not separately recorded,2048,2048,16779264,16779264,2.2623933788848086e-07,1.4903825983523968e-07,0.00048828125,unnormalized FFT magnitude,0,0
3aeff8d50243a034,6ab8edab7bc8d8d456afee5570e865aaee143b3a866960c9a038453a8d87ab85,pffft-hybrid-float,spec012-confirm-02,1,float,16384,1024,1,1,throughput,steady,existing all-output numerical replay,archived-vector-counts,spectrum-norms-v1,direct DFT or binary64 FFT of matched frame bytes; direct band sums and EMA,see archived reference; precision not separately recorded,2048,2048,16779264,16779264,2.2623933788848086e-07,1.4903825983523968e-07,0.00048828125,unnormalized FFT magnitude,0,0
3aeff8d50243a034,6ab8edab7bc8d8d456afee5570e865aaee143b3a866960c9a038453a8d87ab85,pffft-hybrid-float,spec012-confirm-02,2,float,16384,1024,1,1,throughput,steady,existing all-output numerical replay,archived-vector-counts,spectrum-norms-v1,direct DFT or binary64 FFT of matched frame bytes; direct band sums and EMA,see archived reference; precision not separately recorded,2048,2048,16779264,16779264,2.2623933788848086e-07,1.4903825983523968e-07,0.00048828125,unnormalized FFT magnitude,0,0
3aeff8d50243a034,6ab8edab7bc8d8d456afee5570e865aaee143b3a866960c9a038453a8d87ab85,pffft-hybrid-float,spec012-confirm-03,0,float,16384,1024,1,1,throughput,steady,existing all-output numerical replay,archived-vector-counts,spectrum-norms-v1,direct DFT or binary64 FFT of matched frame bytes; direct band sums and EMA,see archived reference; precision not separately recorded,2048,2048,16779264,16779264,2.2623933788848086e-07,1.4903825983523968e-07,0.00048828125,unnormalized FFT magnitude,0,0
3aeff8d50243a034,6ab8edab7bc8d8d456afee5570e865aaee143b3a866960c9a038453a8d87ab85,pffft-hybrid-float,spec012-confirm-03,1,float,16384,1024,1,1,throughput,steady,existing all-output numerical replay,archived-vector-counts,spectrum-norms-v1,direct DFT or binary64 FFT of matched frame bytes; direct band sums and EMA,see archived reference; precision not separately recorded,2048,2048,16779264,16779264,2.2623933788848086e-07,1.4903825983523968e-07,0.00048828125,unnormalized FFT magnitude,0,0
3aeff8d50243a034,6ab8edab7bc8d8d456afee5570e865aaee143b3a866960c9a038453a8d87ab85,pffft-hybrid-float,spec012-confirm-03,2,float,16384,1024,1,1,throughput,steady,existing all-output numerical replay,archived-vector-counts,spectrum-norms-v1,direct DFT or binary64 FFT of matched frame bytes; direct band sums and EMA,see archived reference; precision not separately recorded,2048,2048,16779264,16779264,2.2623933788848086e-07,1.4903825983523968e-07,0.00048828125,unnormalized FFT magnitude,0,0
3aeff8d50243a034,6ad1b366d78af93b40df9ad67d1ae6befbf3e1d74e82fb600a242539ec06a64a,pffft-scheduled-batch-float,spec012-confirm-01,0,float,16384,1024,1,1,callback,steady,existing all-output numerical replay,archived-vector-counts,spectrum-norms-v1,direct DFT or binary64 FFT of matched frame bytes; direct band sums and EMA,see archived reference; precision not separately recorded,2048,2048,16779264,16779264,1.222607767483183e-07,1.1919512301234683e-07,0.00048828125,unnormalized FFT magnitude,0,32
3aeff8d50243a034,6ad1b366d78af93b40df9ad67d1ae6befbf3e1d74e82fb600a242539ec06a64a,pffft-scheduled-batch-float,spec012-confirm-01,1,float,16384,1024,1,1,callback,steady,existing all-output numerical replay,archived-vector-counts,spectrum-norms-v1,direct DFT or binary64 FFT of matched frame bytes; direct band sums and EMA,see archived reference; precision not separately recorded,2048,2048,16779264,16779264,1.222607767483183e-07,1.1919512301234683e-07,0.00048828125,unnormalized FFT magnitude,0,32
3aeff8d50243a034,6ad1b366d78af93b40df9ad67d1ae6befbf3e1d74e82fb600a242539ec06a64a,pffft-scheduled-batch-float,spec012-confirm-01,2,float,16384,1024,1,1,callback,steady,existing all-output numerical replay,archived-vector-counts,spectrum-norms-v1,direct DFT or binary64 FFT of matched frame bytes; direct band sums and EMA,see archived reference; precision not separately recorded,2048,2048,16779264,16779264,1.222607767483183e-07,1.1919512301234683e-07,0.00048828125,unnormalized FFT magnitude,0,32
3aeff8d50243a034,6ad1b366d78af93b40df9ad67d1ae6befbf3e1d74e82fb600a242539ec06a64a,pffft-scheduled-batch-float,spec012-confirm-02,0,float,16384,1024,1,1,callback,steady,existing all-output numerical replay,archived-vector-counts,spectrum-norms-v1,direct DFT or binary64 FFT of matched frame bytes; direct band sums and EMA,see archived reference; precision not separately recorded,2048,2048,16779264,16779264,1.222607767483183e-07,1.1919512301234683e-07,0.00048828125,unnormalized FFT magnitude,0,32
3aeff8d50243a034,6ad1b366d78af93b40df9ad67d1ae6befbf3e1d74e82fb600a242539ec06a64a,pffft-scheduled-batch-float,spec012-confirm-02,1,float,16384,1024,1,1,callback,steady,existing all-output numerical replay,archived-vector-counts,spectrum-norms-v1,direct DFT or binary64 FFT of matched frame bytes; direct band sums and EMA,see archived reference; precision not separately recorded,2048,2048,16779264,16779264,1.222607767483183e-07,1.1919512301234683e-07,0.00048828125,unnormalized FFT magnitude,0,32
3aeff8d50243a034,6ad1b366d78af93b40df9ad67d1ae6befbf3e1d74e82fb600a242539ec06a64a,pffft-scheduled-batch-float,spec012-confirm-02,2,float,16384,1024,1,1,callback,steady,existing all-output numerical replay,archived-vector-counts,spectrum-norms-v1,direct DFT or binary64 FFT of matched frame bytes; direct band sums and EMA,see archived reference; precision not separately recorded,2048,2048,16779264,16779264,1.222607767483183e-07,1.1919512301234683e-07,0.00048828125,unnormalized FFT magnitude,0,32
3aeff8d50243a034,6ad1b366d78af93b40df9ad67d1ae6befbf3e1d74e82fb600a242539ec06a64a,pffft-scheduled-batch-float,spec012-confirm-03,0,float,16384,1024,1,1,callback,steady,existing all-output numerical replay,archived-vector-counts,spectrum-norms-v1,direct DFT or binary64 FFT of matched frame bytes; direct band sums and EMA,see archived reference; precision not separately recorded,2048,2048,16779264,16779264,1.222607767483183e-07,1.1919512301234683e-07,0.00048828125,unnormalized FFT magnitude,0,32
3aeff8d50243a034,6ad1b366d78af93b40df9ad67d1ae6befbf3e1d74e82fb600a242539ec06a64a,pffft-scheduled-batch-float,spec012-confirm-03,1,float,16384,1024,1,1,callback,steady,existing all-output numerical replay,archived-vector-counts,spectrum-norms-v1,direct DFT or binary64 FFT of matched frame bytes; direct band sums and EMA,see archived reference; precision not separately recorded,2048,2048,16779264,16779264,1.222607767483183e-07,1.1919512301234683e-07,0.00048828125,unnormalized FFT magnitude,0,32
3aeff8d50243a034,6ad1b366d78af93b40df9ad67d1ae6befbf3e1d74e82fb600a242539ec06a64a,pffft-scheduled-batch-float,spec012-confirm-03,2,float,16384,1024,1,1,callback,steady,existing all-output numerical replay,archived-vector-counts,spectrum-norms-v1,direct DFT or binary64 FFT of matched frame bytes; direct band sums and EMA,see archived reference; precision not separately recorded,2048,2048,16779264,16779264,1.222607767483183e-07,1.1919512301234683e-07,0.00048828125,unnormalized FFT magnitude,0,32
3aeff8d50243a034,6bee0983178b429eb26d15cbf44387c00d02e2fa03b5479206e30ae2b627abdd,core-float,spec012-confirm-01,0,float,2048,1024,1,1,callback,steady,full,all-publications-v1,spectrum-norms-v1,independent recursive binary64 FFT / direct DFT; matched float windows; direct bands and EMA,binary64 FFT / long-double direct DFT,2048,2048,2099200,2099200,2.15934702845581e-07,2.794693895227653e-07,0.00014317035675048828,unnormalized FFT magnitude,0,0
3aeff8d50243a034,6bee0983178b429eb26d15cbf44387c00d02e2fa03b5479206e30ae2b627abdd,core-float,spec012-confirm-01,1,float,2048,1024,1,1,callback,steady,full,all-publications-v1,spectrum-norms-v1,independent recursive binary64 FFT / direct DFT; matched float windows; direct bands and EMA,binary64 FFT / long-double direct DFT,2048,2048,2099200,2099200,2.15934702845581e-07,2.794693895227653e-07,0.00014317035675048828,unnormalized FFT magnitude,0,0
3aeff8d50243a034,6bee0983178b429eb26d15cbf44387c00d02e2fa03b5479206e30ae2b627abdd,core-float,spec012-confirm-01,2,float,2048,1024,1,1,callback,steady,full,all-publications-v1,spectrum-norms-v1,independent recursive binary64 FFT / direct DFT; matched float windows; direct bands and EMA,binary64 FFT / long-double direct DFT,2048,2048,2099200,2099200,2.15934702845581e-07,2.794693895227653e-07,0.00014317035675048828,unnormalized FFT magnitude,0,0
3aeff8d50243a034,6bee0983178b429eb26d15cbf44387c00d02e2fa03b5479206e30ae2b627abdd,core-float,spec012-confirm-02,0,float,2048,1024,1,1,callback,steady,full,all-publications-v1,spectrum-norms-v1,independent recursive binary64 FFT / direct DFT; matched float windows; direct bands and EMA,binary64 FFT / long-double direct DFT,2048,2048,2099200,2099200,2.15934702845581e-07,2.794693895227653e-07,0.00014317035675048828,unnormalized FFT magnitude,0,0
3aeff8d50243a034,6bee0983178b429eb26d15cbf44387c00d02e2fa03b5479206e30ae2b627abdd,core-float,spec012-confirm-02,1,float,2048,1024,1,1,callback,steady,full,all-publications-v1,spectrum-norms-v1,independent recursive binary64 FFT / direct DFT; matched float windows; direct bands and EMA,binary64 FFT / long-double direct DFT,2048,2048,2099200,2099200,2.15934702845581e-07,2.794693895227653e-07,0.00014317035675048828,unnormalized FFT magnitude,0,0
3aeff8d50243a034,6bee0983178b429eb26d15cbf44387c00d02e2fa03b5479206e30ae2b627abdd,core-float,spec012-confirm-02,2,float,2048,1024,1,1,callback,steady,full,all-publications-v1,spectrum-norms-v1,independent recursive binary64 FFT / direct DFT; matched float windows; direct bands and EMA,binary64 FFT / long-double direct DFT,2048,2048,2099200,2099200,2.15934702845581e-07,2.794693895227653e-07,0.00014317035675048828,unnormalized FFT magnitude,0,0
3aeff8d50243a034,6bee0983178b429eb26d15cbf44387c00d02e2fa03b5479206e30ae2b627abdd,core-float,spec012-confirm-03,0,float,2048,1024,1,1,callback,steady,full,all-publications-v1,spectrum-norms-v1,independent recursive binary64 FFT / direct DFT; matched float windows; direct bands and EMA,binary64 FFT / long-double direct DFT,2048,2048,2099200,2099200,2.15934702845581e-07,2.794693895227653e-07,0.00014317035675048828,unnormalized FFT magnitude,0,0
3aeff8d50243a034,6bee0983178b429eb26d15cbf44387c00d02e2fa03b5479206e30ae2b627abdd,core-float,spec012-confirm-03,1,float,2048,1024,1,1,callback,steady,full,all-publications-v1,spectrum-norms-v1,independent recursive binary64 FFT / direct DFT; matched float windows; direct bands and EMA,binary64 FFT / long-double direct DFT,2048,2048,2099200,2099200,2.15934702845581e-07,2.794693895227653e-07,0.00014317035675048828,unnormalized FFT magnitude,0,0
3aeff8d50243a034,6bee0983178b429eb26d15cbf44387c00d02e2fa03b5479206e30ae2b627abdd,core-float,spec012-confirm-03,2,float,2048,1024,1,1,callback,steady,full,all-publications-v1,spectrum-norms-v1,independent recursive binary64 FFT / direct DFT; matched float windows; direct bands and EMA,binary64 FFT / long-double direct DFT,2048,2048,2099200,2099200,2.15934702845581e-07,2.794693895227653e-07,0.00014317035675048828,unnormalized FFT magnitude,0,0
3aeff8d50243a034,6dadcd154bf3cc4715be99ca8b9c242e212be230d82e3db965a9eead12d6b78e,legacy-incremental-float,spec012-confirm-01,0,float,2048,1024,1,1,callback,steady,full,all-publications-v1,spectrum-norms-v1,independent recursive binary64 FFT / direct DFT; matched float windows; direct bands and EMA,binary64 FFT / long-double direct DFT,2048,2048,2099200,2099200,1.7896422314979908e-07,2.2354712809377118e-07,9.1552734375e-05,unnormalized FFT magnitude,0,0
3aeff8d50243a034,6dadcd154bf3cc4715be99ca8b9c242e212be230d82e3db965a9eead12d6b78e,legacy-incremental-float,spec012-confirm-01,1,float,2048,1024,1,1,callback,steady,full,all-publications-v1,spectrum-norms-v1,independent recursive binary64 FFT / direct DFT; matched float windows; direct bands and EMA,binary64 FFT / long-double direct DFT,2048,2048,2099200,2099200,1.7896422314979908e-07,2.2354712809377118e-07,9.1552734375e-05,unnormalized FFT magnitude,0,0
3aeff8d50243a034,6dadcd154bf3cc4715be99ca8b9c242e212be230d82e3db965a9eead12d6b78e,legacy-incremental-float,spec012-confirm-01,2,float,2048,1024,1,1,callback,steady,full,all-publications-v1,spectrum-norms-v1,independent recursive binary64 FFT / direct DFT; matched float windows; direct bands and EMA,binary64 FFT / long-double direct DFT,2048,2048,2099200,2099200,1.7896422314979908e-07,2.2354712809377118e-07,9.1552734375e-05,unnormalized FFT magnitude,0,0
3aeff8d50243a034,6dadcd154bf3cc4715be99ca8b9c242e212be230d82e3db965a9eead12d6b78e,legacy-incremental-float,spec012-confirm-02,0,float,2048,1024,1,1,callback,steady,full,all-publications-v1,spectrum-norms-v1,independent recursive binary64 FFT / direct DFT; matched float windows; direct bands and EMA,binary64 FFT / long-double direct DFT,2048,2048,2099200,2099200,1.7896422314979908e-07,2.2354712809377118e-07,9.1552734375e-05,unnormalized FFT magnitude,0,0
3aeff8d50243a034,6dadcd154bf3cc4715be99ca8b9c242e212be230d82e3db965a9eead12d6b78e,legacy-incremental-float,spec012-confirm-02,1,float,2048,1024,1,1,callback,steady,full,all-publications-v1,spectrum-norms-v1,independent recursive binary64 FFT / direct DFT; matched float windows; direct bands and EMA,binary64 FFT / long-double direct DFT,2048,2048,2099200,2099200,1.7896422314979908e-07,2.2354712809377118e-07,9.1552734375e-05,unnormalized FFT magnitude,0,0
3aeff8d50243a034,6dadcd154bf3cc4715be99ca8b9c242e212be230d82e3db965a9eead12d6b78e,legacy-incremental-float,spec012-confirm-02,2,float,2048,1024,1,1,callback,steady,full,all-publications-v1,spectrum-norms-v1,independent recursive binary64 FFT / direct DFT; matched float windows; direct bands and EMA,binary64 FFT / long-double direct DFT,2048,2048,2099200,2099200,1.7896422314979908e-07,2.2354712809377118e-07,9.1552734375e-05,unnormalized FFT magnitude,0,0
3aeff8d50243a034,6dadcd154bf3cc4715be99ca8b9c242e212be230d82e3db965a9eead12d6b78e,legacy-incremental-float,spec012-confirm-03,0,float,2048,1024,1,1,callback,steady,full,all-publications-v1,spectrum-norms-v1,independent recursive binary64 FFT / direct DFT; matched float windows; direct bands and EMA,binary64 FFT / long-double direct DFT,2048,2048,2099200,2099200,1.7896422314979908e-07,2.2354712809377118e-07,9.1552734375e-05,unnormalized FFT magnitude,0,0
3aeff8d50243a034,6dadcd154bf3cc4715be99ca8b9c242e212be230d82e3db965a9eead12d6b78e,legacy-incremental-float,spec012-confirm-03,1,float,2048,1024,1,1,callback,steady,full,all-publications-v1,spectrum-norms-v1,independent recursive binary64 FFT / direct DFT; matched float windows; direct bands and EMA,binary64 FFT / long-double direct DFT,2048,2048,2099200,2099200,1.7896422314979908e-07,2.2354712809377118e-07,9.1552734375e-05,unnormalized FFT magnitude,0,0
3aeff8d50243a034,6dadcd154bf3cc4715be99ca8b9c242e212be230d82e3db965a9eead12d6b78e,legacy-incremental-float,spec012-confirm-03,2,float,2048,1024,1,1,callback,steady,full,all-publications-v1,spectrum-norms-v1,independent recursive binary64 FFT / direct DFT; matched float windows; direct bands and EMA,binary64 FFT / long-double direct DFT,2048,2048,2099200,2099200,1.7896422314979908e-07,2.2354712809377118e-07,9.1552734375e-05,unnormalized FFT magnitude,0,0
3aeff8d50243a034,6ed60073f6175336edb3531eb7cd0b39b81d99d9f68ee38a345db4caaeea8c92,legacy-incremental-float,spec012-confirm-01,0,float,2048,1024,1,1,throughput,steady,full,all-publications-v1,spectrum-norms-v1,independent recursive binary64 FFT / direct DFT; matched float windows; direct bands and EMA,binary64 FFT / long-double direct DFT,2048,2048,2099200,2099200,2.15934702845581e-07,2.794693895227653e-07,0.00014317035675048828,unnormalized FFT magnitude,0,0
3aeff8d50243a034,6ed60073f6175336edb3531eb7cd0b39b81d99d9f68ee38a345db4caaeea8c92,legacy-incremental-float,spec012-confirm-01,1,float,2048,1024,1,1,throughput,steady,full,all-publications-v1,spectrum-norms-v1,independent recursive binary64 FFT / direct DFT; matched float windows; direct bands and EMA,binary64 FFT / long-double direct DFT,2048,2048,2099200,2099200,2.15934702845581e-07,2.794693895227653e-07,0.00014317035675048828,unnormalized FFT magnitude,0,0
3aeff8d50243a034,6ed60073f6175336edb3531eb7cd0b39b81d99d9f68ee38a345db4caaeea8c92,legacy-incremental-float,spec012-confirm-01,2,float,2048,1024,1,1,throughput,steady,full,all-publications-v1,spectrum-norms-v1,independent recursive binary64 FFT / direct DFT; matched float windows; direct bands and EMA,binary64 FFT / long-double direct DFT,2048,2048,2099200,2099200,2.15934702845581e-07,2.794693895227653e-07,0.00014317035675048828,unnormalized FFT magnitude,0,0
3aeff8d50243a034,6ed60073f6175336edb3531eb7cd0b39b81d99d9f68ee38a345db4caaeea8c92,legacy-incremental-float,spec012-confirm-02,0,float,2048,1024,1,1,throughput,steady,full,all-publications-v1,spectrum-norms-v1,independent recursive binary64 FFT / direct DFT; matched float windows; direct bands and EMA,binary64 FFT / long-double direct DFT,2048,2048,2099200,2099200,2.15934702845581e-07,2.794693895227653e-07,0.00014317035675048828,unnormalized FFT magnitude,0,0
3aeff8d50243a034,6ed60073f6175336edb3531eb7cd0b39b81d99d9f68ee38a345db4caaeea8c92,legacy-incremental-float,spec012-confirm-02,1,float,2048,1024,1,1,throughput,steady,full,all-publications-v1,spectrum-norms-v1,independent recursive binary64 FFT / direct DFT; matched float windows; direct bands and EMA,binary64 FFT / long-double direct DFT,2048,2048,2099200,2099200,2.15934702845581e-07,2.794693895227653e-07,0.00014317035675048828,unnormalized FFT magnitude,0,0
3aeff8d50243a034,6ed60073f6175336edb3531eb7cd0b39b81d99d9f68ee38a345db4caaeea8c92,legacy-incremental-float,spec012-confirm-02,2,float,2048,1024,1,1,throughput,steady,full,all-publications-v1,spectrum-norms-v1,independent recursive binary64 FFT / direct DFT; matched float windows; direct bands and EMA,binary64 FFT / long-double direct DFT,2048,2048,2099200,2099200,2.15934702845581e-07,2.794693895227653e-07,0.00014317035675048828,unnormalized FFT magnitude,0,0
3aeff8d50243a034,6ed60073f6175336edb3531eb7cd0b39b81d99d9f68ee38a345db4caaeea8c92,legacy-incremental-float,spec012-confirm-03,0,float,2048,1024,1,1,throughput,steady,full,all-publications-v1,spectrum-norms-v1,independent recursive binary64 FFT / direct DFT; matched float windows; direct bands and EMA,binary64 FFT / long-double direct DFT,2048,2048,2099200,2099200,2.15934702845581e-07,2.794693895227653e-07,0.00014317035675048828,unnormalized FFT magnitude,0,0
3aeff8d50243a034,6ed60073f6175336edb3531eb7cd0b39b81d99d9f68ee38a345db4caaeea8c92,legacy-incremental-float,spec012-confirm-03,1,float,2048,1024,1,1,throughput,steady,full,all-publications-v1,spectrum-norms-v1,independent recursive binary64 FFT / direct DFT; matched float windows; direct bands and EMA,binary64 FFT / long-double direct DFT,2048,2048,2099200,2099200,2.15934702845581e-07,2.794693895227653e-07,0.00014317035675048828,unnormalized FFT magnitude,0,0
3aeff8d50243a034,6ed60073f6175336edb3531eb7cd0b39b81d99d9f68ee38a345db4caaeea8c92,legacy-incremental-float,spec012-confirm-03,2,float,2048,1024,1,1,throughput,steady,full,all-publications-v1,spectrum-norms-v1,independent recursive binary64 FFT / direct DFT; matched float windows; direct bands and EMA,binary64 FFT / long-double direct DFT,2048,2048,2099200,2099200,2.15934702845581e-07,2.794693895227653e-07,0.00014317035675048828,unnormalized FFT magnitude,0,0
3aeff8d50243a034,6ee7015a468672200462e3bb117010ad983c3fd7243e402b934153b8f56f99af,core-float,spec012-confirm-01,0,float,16384,1024,1,1,callback,steady,full,all-publications-v1,spectrum-norms-v1,independent recursive binary64 FFT / direct DFT; matched float windows; direct bands and EMA,binary64 FFT / long-double direct DFT,2048,2048,16779264,16779264,2.314436441768113e-07,1.4903825983523968e-07,0.00048828125,unnormalized FFT magnitude,0,0
3aeff8d50243a034,6ee7015a468672200462e3bb117010ad983c3fd7243e402b934153b8f56f99af,core-float,spec012-confirm-01,1,float,16384,1024,1,1,callback,steady,full,all-publications-v1,spectrum-norms-v1,independent recursive binary64 FFT / direct DFT; matched float windows; direct bands and EMA,binary64 FFT / long-double direct DFT,2048,2048,16779264,16779264,2.314436441768113e-07,1.4903825983523968e-07,0.00048828125,unnormalized FFT magnitude,0,0
3aeff8d50243a034,6ee7015a468672200462e3bb117010ad983c3fd7243e402b934153b8f56f99af,core-float,spec012-confirm-01,2,float,16384,1024,1,1,callback,steady,full,all-publications-v1,spectrum-norms-v1,independent recursive binary64 FFT / direct DFT; matched float windows; direct bands and EMA,binary64 FFT / long-double direct DFT,2048,2048,16779264,16779264,2.314436441768113e-07,1.4903825983523968e-07,0.00048828125,unnormalized FFT magnitude,0,0
3aeff8d50243a034,6ee7015a468672200462e3bb117010ad983c3fd7243e402b934153b8f56f99af,core-float,spec012-confirm-02,0,float,16384,1024,1,1,callback,steady,full,all-publications-v1,spectrum-norms-v1,independent recursive binary64 FFT / direct DFT; matched float windows; direct bands and EMA,binary64 FFT / long-double direct DFT,2048,2048,16779264,16779264,2.314436441768113e-07,1.4903825983523968e-07,0.00048828125,unnormalized FFT magnitude,0,0
3aeff8d50243a034,6ee7015a468672200462e3bb117010ad983c3fd7243e402b934153b8f56f99af,core-float,spec012-confirm-02,1,float,16384,1024,1,1,callback,steady,full,all-publications-v1,spectrum-norms-v1,independent recursive binary64 FFT / direct DFT; matched float windows; direct bands and EMA,binary64 FFT / long-double direct DFT,2048,2048,16779264,16779264,2.314436441768113e-07,1.4903825983523968e-07,0.00048828125,unnormalized FFT magnitude,0,0
3aeff8d50243a034,6ee7015a468672200462e3bb117010ad983c3fd7243e402b934153b8f56f99af,core-float,spec012-confirm-02,2,float,16384,1024,1,1,callback,steady,full,all-publications-v1,spectrum-norms-v1,independent recursive binary64 FFT / direct DFT; matched float windows; direct bands and EMA,binary64 FFT / long-double direct DFT,2048,2048,16779264,16779264,2.314436441768113e-07,1.4903825983523968e-07,0.00048828125,unnormalized FFT magnitude,0,0
3aeff8d50243a034,6ee7015a468672200462e3bb117010ad983c3fd7243e402b934153b8f56f99af,core-float,spec012-confirm-03,0,float,16384,1024,1,1,callback,steady,full,all-publications-v1,spectrum-norms-v1,independent recursive binary64 FFT / direct DFT; matched float windows; direct bands and EMA,binary64 FFT / long-double direct DFT,2048,2048,16779264,16779264,2.314436441768113e-07,1.4903825983523968e-07,0.00048828125,unnormalized FFT magnitude,0,0
3aeff8d50243a034,6ee7015a468672200462e3bb117010ad983c3fd7243e402b934153b8f56f99af,core-float,spec012-confirm-03,1,float,16384,1024,1,1,callback,steady,full,all-publications-v1,spectrum-norms-v1,independent recursive binary64 FFT / direct DFT; matched float windows; direct bands and EMA,binary64 FFT / long-double direct DFT,2048,2048,16779264,16779264,2.314436441768113e-07,1.4903825983523968e-07,0.00048828125,unnormalized FFT magnitude,0,0
3aeff8d50243a034,6ee7015a468672200462e3bb117010ad983c3fd7243e402b934153b8f56f99af,core-float,spec012-confirm-03,2,float,16384,1024,1,1,callback,steady,full,all-publications-v1,spectrum-norms-v1,independent recursive binary64 FFT / direct DFT; matched float windows; direct bands and EMA,binary64 FFT / long-double direct DFT,2048,2048,16779264,16779264,2.314436441768113e-07,1.4903825983523968e-07,0.00048828125,unnormalized FFT magnitude,0,0
3aeff8d50243a034,6fdefac529f6f117bb7f6755b794421984adcbf05cbf9ad8ee599c3e1eaf880f,pffft-analysis-float,spec012-confirm-01,0,float,2048,1024,1,1,callback,steady,existing all-output numerical replay,archived-vector-counts,spectrum-norms-v1,direct DFT or binary64 FFT of matched frame bytes; direct band sums and EMA,see archived reference; precision not separately recorded,2048,2048,2099200,2099200,1.2019560717045903e-07,1.191954924079027e-07,6.103515625e-05,unnormalized FFT magnitude,0,0
3aeff8d50243a034,6fdefac529f6f117bb7f6755b794421984adcbf05cbf9ad8ee599c3e1eaf880f,pffft-analysis-float,spec012-confirm-01,1,float,2048,1024,1,1,callback,steady,existing all-output numerical replay,archived-vector-counts,spectrum-norms-v1,direct DFT or binary64 FFT of matched frame bytes; direct band sums and EMA,see archived reference; precision not separately recorded,2048,2048,2099200,2099200,1.2019560717045903e-07,1.191954924079027e-07,6.103515625e-05,unnormalized FFT magnitude,0,0
3aeff8d50243a034,6fdefac529f6f117bb7f6755b794421984adcbf05cbf9ad8ee599c3e1eaf880f,pffft-analysis-float,spec012-confirm-01,2,float,2048,1024,1,1,callback,steady,existing all-output numerical replay,archived-vector-counts,spectrum-norms-v1,direct DFT or binary64 FFT of matched frame bytes; direct band sums and EMA,see archived reference; precision not separately recorded,2048,2048,2099200,2099200,1.2019560717045903e-07,1.191954924079027e-07,6.103515625e-05,unnormalized FFT magnitude,0,0
3aeff8d50243a034,6fdefac529f6f117bb7f6755b794421984adcbf05cbf9ad8ee599c3e1eaf880f,pffft-analysis-float,spec012-confirm-02,0,float,2048,1024,1,1,callback,steady,existing all-output numerical replay,archived-vector-counts,spectrum-norms-v1,direct DFT or binary64 FFT of matched frame bytes; direct band sums and EMA,see archived reference; precision not separately recorded,2048,2048,2099200,2099200,1.2019560717045903e-07,1.191954924079027e-07,6.103515625e-05,unnormalized FFT magnitude,0,0
3aeff8d50243a034,6fdefac529f6f117bb7f6755b794421984adcbf05cbf9ad8ee599c3e1eaf880f,pffft-analysis-float,spec012-confirm-02,1,float,2048,1024,1,1,callback,steady,existing all-output numerical replay,archived-vector-counts,spectrum-norms-v1,direct DFT or binary64 FFT of matched frame bytes; direct band sums and EMA,see archived reference; precision not separately recorded,2048,2048,2099200,2099200,1.2019560717045903e-07,1.191954924079027e-07,6.103515625e-05,unnormalized FFT magnitude,0,0
3aeff8d50243a034,6fdefac529f6f117bb7f6755b794421984adcbf05cbf9ad8ee599c3e1eaf880f,pffft-analysis-float,spec012-confirm-02,2,float,2048,1024,1,1,callback,steady,existing all-output numerical replay,archived-vector-counts,spectrum-norms-v1,direct DFT or binary64 FFT of matched frame bytes; direct band sums and EMA,see archived reference; precision not separately recorded,2048,2048,2099200,2099200,1.2019560717045903e-07,1.191954924079027e-07,6.103515625e-05,unnormalized FFT magnitude,0,0
3aeff8d50243a034,6fdefac529f6f117bb7f6755b794421984adcbf05cbf9ad8ee599c3e1eaf880f,pffft-analysis-float,spec012-confirm-03,0,float,2048,1024,1,1,callback,steady,existing all-output numerical replay,archived-vector-counts,spectrum-norms-v1,direct DFT or binary64 FFT of matched frame bytes; direct band sums and EMA,see archived reference; precision not separately recorded,2048,2048,2099200,2099200,1.2019560717045903e-07,1.191954924079027e-07,6.103515625e-05,unnormalized FFT magnitude,0,0
3aeff8d50243a034,6fdefac529f6f117bb7f6755b794421984adcbf05cbf9ad8ee599c3e1eaf880f,pffft-analysis-float,spec012-confirm-03,1,float,2048,1024,1,1,callback,steady,existing all-output numerical replay,archived-vector-counts,spectrum-norms-v1,direct DFT or binary64 FFT of matched frame bytes; direct band sums and EMA,see archived reference; precision not separately recorded,2048,2048,2099200,2099200,1.2019560717045903e-07,1.191954924079027e-07,6.103515625e-05,unnormalized FFT magnitude,0,0
3aeff8d50243a034,6fdefac529f6f117bb7f6755b794421984adcbf05cbf9ad8ee599c3e1eaf880f,pffft-analysis-float,spec012-confirm-03,2,float,2048,1024,1,1,callback,steady,existing all-output numerical replay,archived-vector-counts,spectrum-norms-v1,direct DFT or binary64 FFT of matched frame bytes; direct band sums and EMA,see archived reference; precision not separately recorded,2048,2048,2099200,2099200,1.2019560717045903e-07,1.191954924079027e-07,6.103515625e-05,unnormalized FFT magnitude,0,0
3aeff8d50243a034,721f41099524d26e4bec1a393d5dbb68995fbe1807ffb36d3f0ae7f703ea193d,pffft-scheduled-batch-float,spec012-confirm-01,0,float,16384,1024,1,1,callback,steady,existing all-output numerical replay,archived-vector-counts,spectrum-norms-v1,direct DFT or binary64 FFT of matched frame bytes; direct band sums and EMA,see archived reference; precision not separately recorded,2048,2048,16779264,16779264,2.2623933788848086e-07,1.4903825983523968e-07,0.00048828125,unnormalized FFT magnitude,0,0
3aeff8d50243a034,721f41099524d26e4bec1a393d5dbb68995fbe1807ffb36d3f0ae7f703ea193d,pffft-scheduled-batch-float,spec012-confirm-01,1,float,16384,1024,1,1,callback,steady,existing all-output numerical replay,archived-vector-counts,spectrum-norms-v1,direct DFT or binary64 FFT of matched frame bytes; direct band sums and EMA,see archived reference; precision not separately recorded,2048,2048,16779264,16779264,2.2623933788848086e-07,1.4903825983523968e-07,0.00048828125,unnormalized FFT magnitude,0,0
3aeff8d50243a034,721f41099524d26e4bec1a393d5dbb68995fbe1807ffb36d3f0ae7f703ea193d,pffft-scheduled-batch-float,spec012-confirm-01,2,float,16384,1024,1,1,callback,steady,existing all-output numerical replay,archived-vector-counts,spectrum-norms-v1,direct DFT or binary64 FFT of matched frame bytes; direct band sums and EMA,see archived reference; precision not separately recorded,2048,2048,16779264,16779264,2.2623933788848086e-07,1.4903825983523968e-07,0.00048828125,unnormalized FFT magnitude,0,0
3aeff8d50243a034,721f41099524d26e4bec1a393d5dbb68995fbe1807ffb36d3f0ae7f703ea193d,pffft-scheduled-batch-float,spec012-confirm-02,0,float,16384,1024,1,1,callback,steady,existing all-output numerical replay,archived-vector-counts,spectrum-norms-v1,direct DFT or binary64 FFT of matched frame bytes; direct band sums and EMA,see archived reference; precision not separately recorded,2048,2048,16779264,16779264,2.2623933788848086e-07,1.4903825983523968e-07,0.00048828125,unnormalized FFT magnitude,0,0
3aeff8d50243a034,721f41099524d26e4bec1a393d5dbb68995fbe1807ffb36d3f0ae7f703ea193d,pffft-scheduled-batch-float,spec012-confirm-02,1,float,16384,1024,1,1,callback,steady,existing all-output numerical replay,archived-vector-counts,spectrum-norms-v1,direct DFT or binary64 FFT of matched frame bytes; direct band sums and EMA,see archived reference; precision not separately recorded,2048,2048,16779264,16779264,2.2623933788848086e-07,1.4903825983523968e-07,0.00048828125,unnormalized FFT magnitude,0,0
3aeff8d50243a034,721f41099524d26e4bec1a393d5dbb68995fbe1807ffb36d3f0ae7f703ea193d,pffft-scheduled-batch-float,spec012-confirm-02,2,float,16384,1024,1,1,callback,steady,existing all-output numerical replay,archived-vector-counts,spectrum-norms-v1,direct DFT or binary64 FFT of matched frame bytes; direct band sums and EMA,see archived reference; precision not separately recorded,2048,2048,16779264,16779264,2.2623933788848086e-07,1.4903825983523968e-07,0.00048828125,unnormalized FFT magnitude,0,0
3aeff8d50243a034,721f41099524d26e4bec1a393d5dbb68995fbe1807ffb36d3f0ae7f703ea193d,pffft-scheduled-batch-float,spec012-confirm-03,0,float,16384,1024,1,1,callback,steady,existing all-output numerical replay,archived-vector-counts,spectrum-norms-v1,direct DFT or binary64 FFT of matched frame bytes; direct band sums and EMA,see archived reference; precision not separately recorded,2048,2048,16779264,16779264,2.2623933788848086e-07,1.4903825983523968e-07,0.00048828125,unnormalized FFT magnitude,0,0
3aeff8d50243a034,721f41099524d26e4bec1a393d5dbb68995fbe1807ffb36d3f0ae7f703ea193d,pffft-scheduled-batch-float,spec012-confirm-03,1,float,16384,1024,1,1,callback,steady,existing all-output numerical replay,archived-vector-counts,spectrum-norms-v1,direct DFT or binary64 FFT of matched frame bytes; direct band sums and EMA,see archived reference; precision not separately recorded,2048,2048,16779264,16779264,2.2623933788848086e-07,1.4903825983523968e-07,0.00048828125,unnormalized FFT magnitude,0,0
3aeff8d50243a034,721f41099524d26e4bec1a393d5dbb68995fbe1807ffb36d3f0ae7f703ea193d,pffft-scheduled-batch-float,spec012-confirm-03,2,float,16384,1024,1,1,callback,steady,existing all-output numerical replay,archived-vector-counts,spectrum-norms-v1,direct DFT or binary64 FFT of matched frame bytes; direct band sums and EMA,see archived reference; precision not separately recorded,2048,2048,16779264,16779264,2.2623933788848086e-07,1.4903825983523968e-07,0.00048828125,unnormalized FFT magnitude,0,0
3aeff8d50243a034,76b920181f1ee3431d18a3619b419c4f34c3292741b148f7db03dfcf7528dfb2,pffft-hybrid-float,spec012-confirm-01,0,float,4096,1024,1,1,callback,steady,existing all-output numerical replay,archived-vector-counts,spectrum-norms-v1,direct DFT or binary64 FFT of matched frame bytes; direct band sums and EMA,see archived reference; precision not separately recorded,2048,2048,4196352,4196352,1.651287305471812e-07,2.3812060927920297e-07,0.000244140625,unnormalized FFT magnitude,0,0
3aeff8d50243a034,76b920181f1ee3431d18a3619b419c4f34c3292741b148f7db03dfcf7528dfb2,pffft-hybrid-float,spec012-confirm-01,1,float,4096,1024,1,1,callback,steady,existing all-output numerical replay,archived-vector-counts,spectrum-norms-v1,direct DFT or binary64 FFT of matched frame bytes; direct band sums and EMA,see archived reference; precision not separately recorded,2048,2048,4196352,4196352,1.651287305471812e-07,2.3812060927920297e-07,0.000244140625,unnormalized FFT magnitude,0,0
3aeff8d50243a034,76b920181f1ee3431d18a3619b419c4f34c3292741b148f7db03dfcf7528dfb2,pffft-hybrid-float,spec012-confirm-01,2,float,4096,1024,1,1,callback,steady,existing all-output numerical replay,archived-vector-counts,spectrum-norms-v1,direct DFT or binary64 FFT of matched frame bytes; direct band sums and EMA,see archived reference; precision not separately recorded,2048,2048,4196352,4196352,1.651287305471812e-07,2.3812060927920297e-07,0.000244140625,unnormalized FFT magnitude,0,0
3aeff8d50243a034,76b920181f1ee3431d18a3619b419c4f34c3292741b148f7db03dfcf7528dfb2,pffft-hybrid-float,spec012-confirm-02,0,float,4096,1024,1,1,callback,steady,existing all-output numerical replay,archived-vector-counts,spectrum-norms-v1,direct DFT or binary64 FFT of matched frame bytes; direct band sums and EMA,see archived reference; precision not separately recorded,2048,2048,4196352,4196352,1.651287305471812e-07,2.3812060927920297e-07,0.000244140625,unnormalized FFT magnitude,0,0
3aeff8d50243a034,76b920181f1ee3431d18a3619b419c4f34c3292741b148f7db03dfcf7528dfb2,pffft-hybrid-float,spec012-confirm-02,1,float,4096,1024,1,1,callback,steady,existing all-output numerical replay,archived-vector-counts,spectrum-norms-v1,direct DFT or binary64 FFT of matched frame bytes; direct band sums and EMA,see archived reference; precision not separately recorded,2048,2048,4196352,4196352,1.651287305471812e-07,2.3812060927920297e-07,0.000244140625,unnormalized FFT magnitude,0,0
3aeff8d50243a034,76b920181f1ee3431d18a3619b419c4f34c3292741b148f7db03dfcf7528dfb2,pffft-hybrid-float,spec012-confirm-02,2,float,4096,1024,1,1,callback,steady,existing all-output numerical replay,archived-vector-counts,spectrum-norms-v1,direct DFT or binary64 FFT of matched frame bytes; direct band sums and EMA,see archived reference; precision not separately recorded,2048,2048,4196352,4196352,1.651287305471812e-07,2.3812060927920297e-07,0.000244140625,unnormalized FFT magnitude,0,0
3aeff8d50243a034,76b920181f1ee3431d18a3619b419c4f34c3292741b148f7db03dfcf7528dfb2,pffft-hybrid-float,spec012-confirm-03,0,float,4096,1024,1,1,callback,steady,existing all-output numerical replay,archived-vector-counts,spectrum-norms-v1,direct DFT or binary64 FFT of matched frame bytes; direct band sums and EMA,see archived reference; precision not separately recorded,2048,2048,4196352,4196352,1.651287305471812e-07,2.3812060927920297e-07,0.000244140625,unnormalized FFT magnitude,0,0
3aeff8d50243a034,76b920181f1ee3431d18a3619b419c4f34c3292741b148f7db03dfcf7528dfb2,pffft-hybrid-float,spec012-confirm-03,1,float,4096,1024,1,1,callback,steady,existing all-output numerical replay,archived-vector-counts,spectrum-norms-v1,direct DFT or binary64 FFT of matched frame bytes; direct band sums and EMA,see archived reference; precision not separately recorded,2048,2048,4196352,4196352,1.651287305471812e-07,2.3812060927920297e-07,0.000244140625,unnormalized FFT magnitude,0,0
3aeff8d50243a034,76b920181f1ee3431d18a3619b419c4f34c3292741b148f7db03dfcf7528dfb2,pffft-hybrid-float,spec012-confirm-03,2,float,4096,1024,1,1,callback,steady,existing all-output numerical replay,archived-vector-counts,spectrum-norms-v1,direct DFT or binary64 FFT of matched frame bytes; direct band sums and EMA,see archived reference; precision not separately recorded,2048,2048,4196352,4196352,1.651287305471812e-07,2.3812060927920297e-07,0.000244140625,unnormalized FFT magnitude,0,0
3aeff8d50243a034,77113b1a06081594162e8ab8e8b784fe0bb57ed6cc8a29451b8856d129c066c2,pffft-hybrid-float,spec012-confirm-01,0,float,16384,1024,1,1,callback,steady,existing all-output numerical replay,archived-vector-counts,spectrum-norms-v1,direct DFT or binary64 FFT of matched frame bytes; direct band sums and EMA,see archived reference; precision not separately recorded,2048,2048,16779264,16779264,1.222607767483183e-07,1.1919512301234683e-07,0.00048828125,unnormalized FFT magnitude,0,32
3aeff8d50243a034,77113b1a06081594162e8ab8e8b784fe0bb57ed6cc8a29451b8856d129c066c2,pffft-hybrid-float,spec012-confirm-01,1,float,16384,1024,1,1,callback,steady,existing all-output numerical replay,archived-vector-counts,spectrum-norms-v1,direct DFT or binary64 FFT of matched frame bytes; direct band sums and EMA,see archived reference; precision not separately recorded,2048,2048,16779264,16779264,1.222607767483183e-07,1.1919512301234683e-07,0.00048828125,unnormalized FFT magnitude,0,32
3aeff8d50243a034,77113b1a06081594162e8ab8e8b784fe0bb57ed6cc8a29451b8856d129c066c2,pffft-hybrid-float,spec012-confirm-01,2,float,16384,1024,1,1,callback,steady,existing all-output numerical replay,archived-vector-counts,spectrum-norms-v1,direct DFT or binary64 FFT of matched frame bytes; direct band sums and EMA,see archived reference; precision not separately recorded,2048,2048,16779264,16779264,1.222607767483183e-07,1.1919512301234683e-07,0.00048828125,unnormalized FFT magnitude,0,32
3aeff8d50243a034,77113b1a06081594162e8ab8e8b784fe0bb57ed6cc8a29451b8856d129c066c2,pffft-hybrid-float,spec012-confirm-02,0,float,16384,1024,1,1,callback,steady,existing all-output numerical replay,archived-vector-counts,spectrum-norms-v1,direct DFT or binary64 FFT of matched frame bytes; direct band sums and EMA,see archived reference; precision not separately recorded,2048,2048,16779264,16779264,1.222607767483183e-07,1.1919512301234683e-07,0.00048828125,unnormalized FFT magnitude,0,32
3aeff8d50243a034,77113b1a06081594162e8ab8e8b784fe0bb57ed6cc8a29451b8856d129c066c2,pffft-hybrid-float,spec012-confirm-02,1,float,16384,1024,1,1,callback,steady,existing all-output numerical replay,archived-vector-counts,spectrum-norms-v1,direct DFT or binary64 FFT of matched frame bytes; direct band sums and EMA,see archived reference; precision not separately recorded,2048,2048,16779264,16779264,1.222607767483183e-07,1.1919512301234683e-07,0.00048828125,unnormalized FFT magnitude,0,32
3aeff8d50243a034,77113b1a06081594162e8ab8e8b784fe0bb57ed6cc8a29451b8856d129c066c2,pffft-hybrid-float,spec012-confirm-02,2,float,16384,1024,1,1,callback,steady,existing all-output numerical replay,archived-vector-counts,spectrum-norms-v1,direct DFT or binary64 FFT of matched frame bytes; direct band sums and EMA,see archived reference; precision not separately recorded,2048,2048,16779264,16779264,1.222607767483183e-07,1.1919512301234683e-07,0.00048828125,unnormalized FFT magnitude,0,32
3aeff8d50243a034,77113b1a06081594162e8ab8e8b784fe0bb57ed6cc8a29451b8856d129c066c2,pffft-hybrid-float,spec012-confirm-03,0,float,16384,1024,1,1,callback,steady,existing all-output numerical replay,archived-vector-counts,spectrum-norms-v1,direct DFT or binary64 FFT of matched frame bytes; direct band sums and EMA,see archived reference; precision not separately recorded,2048,2048,16779264,16779264,1.222607767483183e-07,1.1919512301234683e-07,0.00048828125,unnormalized FFT magnitude,0,32
3aeff8d50243a034,77113b1a06081594162e8ab8e8b784fe0bb57ed6cc8a29451b8856d129c066c2,pffft-hybrid-float,spec012-confirm-03,1,float,16384,1024,1,1,callback,steady,existing all-output numerical replay,archived-vector-counts,spectrum-norms-v1,direct DFT or binary64 FFT of matched frame bytes; direct band sums and EMA,see archived reference; precision not separately recorded,2048,2048,16779264,16779264,1.222607767483183e-07,1.1919512301234683e-07,0.00048828125,unnormalized FFT magnitude,0,32
3aeff8d50243a034,77113b1a06081594162e8ab8e8b784fe0bb57ed6cc8a29451b8856d129c066c2,pffft-hybrid-float,spec012-confirm-03,2,float,16384,1024,1,1,callback,steady,existing all-output numerical replay,archived-vector-counts,spectrum-norms-v1,direct DFT or binary64 FFT of matched frame bytes; direct band sums and EMA,see archived reference; precision not separately recorded,2048,2048,16779264,16779264,1.222607767483183e-07,1.1919512301234683e-07,0.00048828125,unnormalized FFT magnitude,0,32
3aeff8d50243a034,7b2ced895bb74d144810d9d5e7c3cd3c88bc3174cc09696ae36d902506d0f31a,pffft-scheduled-batch-float,spec012-confirm-01,0,float,16384,1024,1,1,callback,steady,existing all-output numerical replay,archived-vector-counts,spectrum-norms-v1,direct DFT or binary64 FFT of matched frame bytes; direct band sums and EMA,see archived reference; precision not separately recorded,2048,2048,16779264,16779264,2.2623933788848086e-07,1.4903825983523968e-07,0.00048828125,unnormalized FFT magnitude,0,0
3aeff8d50243a034,7b2ced895bb74d144810d9d5e7c3cd3c88bc3174cc09696ae36d902506d0f31a,pffft-scheduled-batch-float,spec012-confirm-01,1,float,16384,1024,1,1,callback,steady,existing all-output numerical replay,archived-vector-counts,spectrum-norms-v1,direct DFT or binary64 FFT of matched frame bytes; direct band sums and EMA,see archived reference; precision not separately recorded,2048,2048,16779264,16779264,2.2623933788848086e-07,1.4903825983523968e-07,0.00048828125,unnormalized FFT magnitude,0,0
3aeff8d50243a034,7b2ced895bb74d144810d9d5e7c3cd3c88bc3174cc09696ae36d902506d0f31a,pffft-scheduled-batch-float,spec012-confirm-01,2,float,16384,1024,1,1,callback,steady,existing all-output numerical replay,archived-vector-counts,spectrum-norms-v1,direct DFT or binary64 FFT of matched frame bytes; direct band sums and EMA,see archived reference; precision not separately recorded,2048,2048,16779264,16779264,2.2623933788848086e-07,1.4903825983523968e-07,0.00048828125,unnormalized FFT magnitude,0,0
3aeff8d50243a034,7b2ced895bb74d144810d9d5e7c3cd3c88bc3174cc09696ae36d902506d0f31a,pffft-scheduled-batch-float,spec012-confirm-02,0,float,16384,1024,1,1,callback,steady,existing all-output numerical replay,archived-vector-counts,spectrum-norms-v1,direct DFT or binary64 FFT of matched frame bytes; direct band sums and EMA,see archived reference; precision not separately recorded,2048,2048,16779264,16779264,2.2623933788848086e-07,1.4903825983523968e-07,0.00048828125,unnormalized FFT magnitude,0,0
3aeff8d50243a034,7b2ced895bb74d144810d9d5e7c3cd3c88bc3174cc09696ae36d902506d0f31a,pffft-scheduled-batch-float,spec012-confirm-02,1,float,16384,1024,1,1,callback,steady,existing all-output numerical replay,archived-vector-counts,spectrum-norms-v1,direct DFT or binary64 FFT of matched frame bytes; direct band sums and EMA,see archived reference; precision not separately recorded,2048,2048,16779264,16779264,2.2623933788848086e-07,1.4903825983523968e-07,0.00048828125,unnormalized FFT magnitude,0,0
3aeff8d50243a034,7b2ced895bb74d144810d9d5e7c3cd3c88bc3174cc09696ae36d902506d0f31a,pffft-scheduled-batch-float,spec012-confirm-02,2,float,16384,1024,1,1,callback,steady,existing all-output numerical replay,archived-vector-counts,spectrum-norms-v1,direct DFT or binary64 FFT of matched frame bytes; direct band sums and EMA,see archived reference; precision not separately recorded,2048,2048,16779264,16779264,2.2623933788848086e-07,1.4903825983523968e-07,0.00048828125,unnormalized FFT magnitude,0,0
3aeff8d50243a034,7b2ced895bb74d144810d9d5e7c3cd3c88bc3174cc09696ae36d902506d0f31a,pffft-scheduled-batch-float,spec012-confirm-03,0,float,16384,1024,1,1,callback,steady,existing all-output numerical replay,archived-vector-counts,spectrum-norms-v1,direct DFT or binary64 FFT of matched frame bytes; direct band sums and EMA,see archived reference; precision not separately recorded,2048,2048,16779264,16779264,2.2623933788848086e-07,1.4903825983523968e-07,0.00048828125,unnormalized FFT magnitude,0,0
3aeff8d50243a034,7b2ced895bb74d144810d9d5e7c3cd3c88bc3174cc09696ae36d902506d0f31a,pffft-scheduled-batch-float,spec012-confirm-03,1,float,16384,1024,1,1,callback,steady,existing all-output numerical replay,archived-vector-counts,spectrum-norms-v1,direct DFT or binary64 FFT of matched frame bytes; direct band sums and EMA,see archived reference; precision not separately recorded,2048,2048,16779264,16779264,2.2623933788848086e-07,1.4903825983523968e-07,0.00048828125,unnormalized FFT magnitude,0,0
3aeff8d50243a034,7b2ced895bb74d144810d9d5e7c3cd3c88bc3174cc09696ae36d902506d0f31a,pffft-scheduled-batch-float,spec012-confirm-03,2,float,16384,1024,1,1,callback,steady,existing all-output numerical replay,archived-vector-counts,spectrum-norms-v1,direct DFT or binary64 FFT of matched frame bytes; direct band sums and EMA,see archived reference; precision not separately recorded,2048,2048,16779264,16779264,2.2623933788848086e-07,1.4903825983523968e-07,0.00048828125,unnormalized FFT magnitude,0,0
3aeff8d50243a034,7b63ee56a2b61c51aa36e48957b697e1278200ce516703ed51dcf31331581728,vdsp-analysis-float,spec012-confirm-01,0,float,2048,1024,1,1,callback,steady,existing all-output numerical replay,archived-vector-counts,spectrum-norms-v1,direct DFT or binary64 FFT of matched frame bytes; direct band sums and EMA,see archived reference; precision not separately recorded,2048,2048,2099200,2099200,1.6910148402627375e-07,2.2341206523453576e-07,9.1552734375e-05,unnormalized FFT magnitude,0,0
3aeff8d50243a034,7b63ee56a2b61c51aa36e48957b697e1278200ce516703ed51dcf31331581728,vdsp-analysis-float,spec012-confirm-01,1,float,2048,1024,1,1,callback,steady,existing all-output numerical replay,archived-vector-counts,spectrum-norms-v1,direct DFT or binary64 FFT of matched frame bytes; direct band sums and EMA,see archived reference; precision not separately recorded,2048,2048,2099200,2099200,1.6910148402627375e-07,2.2341206523453576e-07,9.1552734375e-05,unnormalized FFT magnitude,0,0
3aeff8d50243a034,7b63ee56a2b61c51aa36e48957b697e1278200ce516703ed51dcf31331581728,vdsp-analysis-float,spec012-confirm-01,2,float,2048,1024,1,1,callback,steady,existing all-output numerical replay,archived-vector-counts,spectrum-norms-v1,direct DFT or binary64 FFT of matched frame bytes; direct band sums and EMA,see archived reference; precision not separately recorded,2048,2048,2099200,2099200,1.6910148402627375e-07,2.2341206523453576e-07,9.1552734375e-05,unnormalized FFT magnitude,0,0
3aeff8d50243a034,7b63ee56a2b61c51aa36e48957b697e1278200ce516703ed51dcf31331581728,vdsp-analysis-float,spec012-confirm-02,0,float,2048,1024,1,1,callback,steady,existing all-output numerical replay,archived-vector-counts,spectrum-norms-v1,direct DFT or binary64 FFT of matched frame bytes; direct band sums and EMA,see archived reference; precision not separately recorded,2048,2048,2099200,2099200,1.6910148402627375e-07,2.2341206523453576e-07,9.1552734375e-05,unnormalized FFT magnitude,0,0
3aeff8d50243a034,7b63ee56a2b61c51aa36e48957b697e1278200ce516703ed51dcf31331581728,vdsp-analysis-float,spec012-confirm-02,1,float,2048,1024,1,1,callback,steady,existing all-output numerical replay,archived-vector-counts,spectrum-norms-v1,direct DFT or binary64 FFT of matched frame bytes; direct band sums and EMA,see archived reference; precision not separately recorded,2048,2048,2099200,2099200,1.6910148402627375e-07,2.2341206523453576e-07,9.1552734375e-05,unnormalized FFT magnitude,0,0
3aeff8d50243a034,7b63ee56a2b61c51aa36e48957b697e1278200ce516703ed51dcf31331581728,vdsp-analysis-float,spec012-confirm-02,2,float,2048,1024,1,1,callback,steady,existing all-output numerical replay,archived-vector-counts,spectrum-norms-v1,direct DFT or binary64 FFT of matched frame bytes; direct band sums and EMA,see archived reference; precision not separately recorded,2048,2048,2099200,2099200,1.6910148402627375e-07,2.2341206523453576e-07,9.1552734375e-05,unnormalized FFT magnitude,0,0
3aeff8d50243a034,7b63ee56a2b61c51aa36e48957b697e1278200ce516703ed51dcf31331581728,vdsp-analysis-float,spec012-confirm-03,0,float,2048,1024,1,1,callback,steady,existing all-output numerical replay,archived-vector-counts,spectrum-norms-v1,direct DFT or binary64 FFT of matched frame bytes; direct band sums and EMA,see archived reference; precision not separately recorded,2048,2048,2099200,2099200,1.6910148402627375e-07,2.2341206523453576e-07,9.1552734375e-05,unnormalized FFT magnitude,0,0
3aeff8d50243a034,7b63ee56a2b61c51aa36e48957b697e1278200ce516703ed51dcf31331581728,vdsp-analysis-float,spec012-confirm-03,1,float,2048,1024,1,1,callback,steady,existing all-output numerical replay,archived-vector-counts,spectrum-norms-v1,direct DFT or binary64 FFT of matched frame bytes; direct band sums and EMA,see archived reference; precision not separately recorded,2048,2048,2099200,2099200,1.6910148402627375e-07,2.2341206523453576e-07,9.1552734375e-05,unnormalized FFT magnitude,0,0
3aeff8d50243a034,7b63ee56a2b61c51aa36e48957b697e1278200ce516703ed51dcf31331581728,vdsp-analysis-float,spec012-confirm-03,2,float,2048,1024,1,1,callback,steady,existing all-output numerical replay,archived-vector-counts,spectrum-norms-v1,direct DFT or binary64 FFT of matched frame bytes; direct band sums and EMA,see archived reference; precision not separately recorded,2048,2048,2099200,2099200,1.6910148402627375e-07,2.2341206523453576e-07,9.1552734375e-05,unnormalized FFT magnitude,0,0
3aeff8d50243a034,7e701c650d176ddea04c47dc723e0fa5b9c214c821d1895342414b22872e2399,pffft-analysis-float,spec012-confirm-01,0,float,4096,1024,1,1,callback,steady,existing all-output numerical replay,archived-vector-counts,spectrum-norms-v1,direct DFT or binary64 FFT of matched frame bytes; direct band sums and EMA,see archived reference; precision not separately recorded,2048,2048,4196352,4196352,2.0198579984200523e-07,1.4903790443764086e-07,0.0001220703125,unnormalized FFT magnitude,0,0
3aeff8d50243a034,7e701c650d176ddea04c47dc723e0fa5b9c214c821d1895342414b22872e2399,pffft-analysis-float,spec012-confirm-01,1,float,4096,1024,1,1,callback,steady,existing all-output numerical replay,archived-vector-counts,spectrum-norms-v1,direct DFT or binary64 FFT of matched frame bytes; direct band sums and EMA,see archived reference; precision not separately recorded,2048,2048,4196352,4196352,2.0198579984200523e-07,1.4903790443764086e-07,0.0001220703125,unnormalized FFT magnitude,0,0
3aeff8d50243a034,7e701c650d176ddea04c47dc723e0fa5b9c214c821d1895342414b22872e2399,pffft-analysis-float,spec012-confirm-01,2,float,4096,1024,1,1,callback,steady,existing all-output numerical replay,archived-vector-counts,spectrum-norms-v1,direct DFT or binary64 FFT of matched frame bytes; direct band sums and EMA,see archived reference; precision not separately recorded,2048,2048,4196352,4196352,2.0198579984200523e-07,1.4903790443764086e-07,0.0001220703125,unnormalized FFT magnitude,0,0
3aeff8d50243a034,7e701c650d176ddea04c47dc723e0fa5b9c214c821d1895342414b22872e2399,pffft-analysis-float,spec012-confirm-02,0,float,4096,1024,1,1,callback,steady,existing all-output numerical replay,archived-vector-counts,spectrum-norms-v1,direct DFT or binary64 FFT of matched frame bytes; direct band sums and EMA,see archived reference; precision not separately recorded,2048,2048,4196352,4196352,2.0198579984200523e-07,1.4903790443764086e-07,0.0001220703125,unnormalized FFT magnitude,0,0
3aeff8d50243a034,7e701c650d176ddea04c47dc723e0fa5b9c214c821d1895342414b22872e2399,pffft-analysis-float,spec012-confirm-02,1,float,4096,1024,1,1,callback,steady,existing all-output numerical replay,archived-vector-counts,spectrum-norms-v1,direct DFT or binary64 FFT of matched frame bytes; direct band sums and EMA,see archived reference; precision not separately recorded,2048,2048,4196352,4196352,2.0198579984200523e-07,1.4903790443764086e-07,0.0001220703125,unnormalized FFT magnitude,0,0
3aeff8d50243a034,7e701c650d176ddea04c47dc723e0fa5b9c214c821d1895342414b22872e2399,pffft-analysis-float,spec012-confirm-02,2,float,4096,1024,1,1,callback,steady,existing all-output numerical replay,archived-vector-counts,spectrum-norms-v1,direct DFT or binary64 FFT of matched frame bytes; direct band sums and EMA,see archived reference; precision not separately recorded,2048,2048,4196352,4196352,2.0198579984200523e-07,1.4903790443764086e-07,0.0001220703125,unnormalized FFT magnitude,0,0
3aeff8d50243a034,7e701c650d176ddea04c47dc723e0fa5b9c214c821d1895342414b22872e2399,pffft-analysis-float,spec012-confirm-03,0,float,4096,1024,1,1,callback,steady,existing all-output numerical replay,archived-vector-counts,spectrum-norms-v1,direct DFT or binary64 FFT of matched frame bytes; direct band sums and EMA,see archived reference; precision not separately recorded,2048,2048,4196352,4196352,2.0198579984200523e-07,1.4903790443764086e-07,0.0001220703125,unnormalized FFT magnitude,0,0
3aeff8d50243a034,7e701c650d176ddea04c47dc723e0fa5b9c214c821d1895342414b22872e2399,pffft-analysis-float,spec012-confirm-03,1,float,4096,1024,1,1,callback,steady,existing all-output numerical replay,archived-vector-counts,spectrum-norms-v1,direct DFT or binary64 FFT of matched frame bytes; direct band sums and EMA,see archived reference; precision not separately recorded,2048,2048,4196352,4196352,2.0198579984200523e-07,1.4903790443764086e-07,0.0001220703125,unnormalized FFT magnitude,0,0
3aeff8d50243a034,7e701c650d176ddea04c47dc723e0fa5b9c214c821d1895342414b22872e2399,pffft-analysis-float,spec012-confirm-03,2,float,4096,1024,1,1,callback,steady,existing all-output numerical replay,archived-vector-counts,spectrum-norms-v1,direct DFT or binary64 FFT of matched frame bytes; direct band sums and EMA,see archived reference; precision not separately recorded,2048,2048,4196352,4196352,2.0198579984200523e-07,1.4903790443764086e-07,0.0001220703125,unnormalized FFT magnitude,0,0
3aeff8d50243a034,80e932beb49cec1240f3a3180a065eeb286f411df778c17cf2e6b013b9402e91,pffft-scheduled-batch-float,spec012-confirm-01,0,float,16384,1024,1,1,throughput,steady,existing all-output numerical replay,archived-vector-counts,spectrum-norms-v1,direct DFT or binary64 FFT of matched frame bytes; direct band sums and EMA,see archived reference; precision not separately recorded,2048,2048,16779264,16779264,1.222607767483183e-07,1.1919512301234683e-07,0.00048828125,unnormalized FFT magnitude,0,32
3aeff8d50243a034,80e932beb49cec1240f3a3180a065eeb286f411df778c17cf2e6b013b9402e91,pffft-scheduled-batch-float,spec012-confirm-01,1,float,16384,1024,1,1,throughput,steady,existing all-output numerical replay,archived-vector-counts,spectrum-norms-v1,direct DFT or binary64 FFT of matched frame bytes; direct band sums and EMA,see archived reference; precision not separately recorded,2048,2048,16779264,16779264,1.222607767483183e-07,1.1919512301234683e-07,0.00048828125,unnormalized FFT magnitude,0,32
3aeff8d50243a034,80e932beb49cec1240f3a3180a065eeb286f411df778c17cf2e6b013b9402e91,pffft-scheduled-batch-float,spec012-confirm-01,2,float,16384,1024,1,1,throughput,steady,existing all-output numerical replay,archived-vector-counts,spectrum-norms-v1,direct DFT or binary64 FFT of matched frame bytes; direct band sums and EMA,see archived reference; precision not separately recorded,2048,2048,16779264,16779264,1.222607767483183e-07,1.1919512301234683e-07,0.00048828125,unnormalized FFT magnitude,0,32
3aeff8d50243a034,80e932beb49cec1240f3a3180a065eeb286f411df778c17cf2e6b013b9402e91,pffft-scheduled-batch-float,spec012-confirm-02,0,float,16384,1024,1,1,throughput,steady,existing all-output numerical replay,archived-vector-counts,spectrum-norms-v1,direct DFT or binary64 FFT of matched frame bytes; direct band sums and EMA,see archived reference; precision not separately recorded,2048,2048,16779264,16779264,1.222607767483183e-07,1.1919512301234683e-07,0.00048828125,unnormalized FFT magnitude,0,32
3aeff8d50243a034,80e932beb49cec1240f3a3180a065eeb286f411df778c17cf2e6b013b9402e91,pffft-scheduled-batch-float,spec012-confirm-02,1,float,16384,1024,1,1,throughput,steady,existing all-output numerical replay,archived-vector-counts,spectrum-norms-v1,direct DFT or binary64 FFT of matched frame bytes; direct band sums and EMA,see archived reference; precision not separately recorded,2048,2048,16779264,16779264,1.222607767483183e-07,1.1919512301234683e-07,0.00048828125,unnormalized FFT magnitude,0,32
3aeff8d50243a034,80e932beb49cec1240f3a3180a065eeb286f411df778c17cf2e6b013b9402e91,pffft-scheduled-batch-float,spec012-confirm-02,2,float,16384,1024,1,1,throughput,steady,existing all-output numerical replay,archived-vector-counts,spectrum-norms-v1,direct DFT or binary64 FFT of matched frame bytes; direct band sums and EMA,see archived reference; precision not separately recorded,2048,2048,16779264,16779264,1.222607767483183e-07,1.1919512301234683e-07,0.00048828125,unnormalized FFT magnitude,0,32
3aeff8d50243a034,80e932beb49cec1240f3a3180a065eeb286f411df778c17cf2e6b013b9402e91,pffft-scheduled-batch-float,spec012-confirm-03,0,float,16384,1024,1,1,throughput,steady,existing all-output numerical replay,archived-vector-counts,spectrum-norms-v1,direct DFT or binary64 FFT of matched frame bytes; direct band sums and EMA,see archived reference; precision not separately recorded,2048,2048,16779264,16779264,1.222607767483183e-07,1.1919512301234683e-07,0.00048828125,unnormalized FFT magnitude,0,32
3aeff8d50243a034,80e932beb49cec1240f3a3180a065eeb286f411df778c17cf2e6b013b9402e91,pffft-scheduled-batch-float,spec012-confirm-03,1,float,16384,1024,1,1,throughput,steady,existing all-output numerical replay,archived-vector-counts,spectrum-norms-v1,direct DFT or binary64 FFT of matched frame bytes; direct band sums and EMA,see archived reference; precision not separately recorded,2048,2048,16779264,16779264,1.222607767483183e-07,1.1919512301234683e-07,0.00048828125,unnormalized FFT magnitude,0,32
3aeff8d50243a034,80e932beb49cec1240f3a3180a065eeb286f411df778c17cf2e6b013b9402e91,pffft-scheduled-batch-float,spec012-confirm-03,2,float,16384,1024,1,1,throughput,steady,existing all-output numerical replay,archived-vector-counts,spectrum-norms-v1,direct DFT or binary64 FFT of matched frame bytes; direct band sums and EMA,see archived reference; precision not separately recorded,2048,2048,16779264,16779264,1.222607767483183e-07,1.1919512301234683e-07,0.00048828125,unnormalized FFT magnitude,0,32
3aeff8d50243a034,8390e352f25321918ef0dff31766617876cb859f13203e765083ee364bb0c04c,vdsp-analysis-float,spec012-confirm-01,0,float,4096,1024,1,1,throughput,steady,existing all-output numerical replay,archived-vector-counts,spectrum-norms-v1,direct DFT or binary64 FFT of matched frame bytes; direct band sums and EMA,see archived reference; precision not separately recorded,2048,2048,4196352,4196352,2.2521929735415193e-07,1.49122636965414e-07,0.0001220703125,unnormalized FFT magnitude,0,0
3aeff8d50243a034,8390e352f25321918ef0dff31766617876cb859f13203e765083ee364bb0c04c,vdsp-analysis-float,spec012-confirm-01,1,float,4096,1024,1,1,throughput,steady,existing all-output numerical replay,archived-vector-counts,spectrum-norms-v1,direct DFT or binary64 FFT of matched frame bytes; direct band sums and EMA,see archived reference; precision not separately recorded,2048,2048,4196352,4196352,2.2521929735415193e-07,1.49122636965414e-07,0.0001220703125,unnormalized FFT magnitude,0,0
3aeff8d50243a034,8390e352f25321918ef0dff31766617876cb859f13203e765083ee364bb0c04c,vdsp-analysis-float,spec012-confirm-01,2,float,4096,1024,1,1,throughput,steady,existing all-output numerical replay,archived-vector-counts,spectrum-norms-v1,direct DFT or binary64 FFT of matched frame bytes; direct band sums and EMA,see archived reference; precision not separately recorded,2048,2048,4196352,4196352,2.2521929735415193e-07,1.49122636965414e-07,0.0001220703125,unnormalized FFT magnitude,0,0
3aeff8d50243a034,8390e352f25321918ef0dff31766617876cb859f13203e765083ee364bb0c04c,vdsp-analysis-float,spec012-confirm-02,0,float,4096,1024,1,1,throughput,steady,existing all-output numerical replay,archived-vector-counts,spectrum-norms-v1,direct DFT or binary64 FFT of matched frame bytes; direct band sums and EMA,see archived reference; precision not separately recorded,2048,2048,4196352,4196352,2.2521929735415193e-07,1.49122636965414e-07,0.0001220703125,unnormalized FFT magnitude,0,0
3aeff8d50243a034,8390e352f25321918ef0dff31766617876cb859f13203e765083ee364bb0c04c,vdsp-analysis-float,spec012-confirm-02,1,float,4096,1024,1,1,throughput,steady,existing all-output numerical replay,archived-vector-counts,spectrum-norms-v1,direct DFT or binary64 FFT of matched frame bytes; direct band sums and EMA,see archived reference; precision not separately recorded,2048,2048,4196352,4196352,2.2521929735415193e-07,1.49122636965414e-07,0.0001220703125,unnormalized FFT magnitude,0,0
3aeff8d50243a034,8390e352f25321918ef0dff31766617876cb859f13203e765083ee364bb0c04c,vdsp-analysis-float,spec012-confirm-02,2,float,4096,1024,1,1,throughput,steady,existing all-output numerical replay,archived-vector-counts,spectrum-norms-v1,direct DFT or binary64 FFT of matched frame bytes; direct band sums and EMA,see archived reference; precision not separately recorded,2048,2048,4196352,4196352,2.2521929735415193e-07,1.49122636965414e-07,0.0001220703125,unnormalized FFT magnitude,0,0
3aeff8d50243a034,8390e352f25321918ef0dff31766617876cb859f13203e765083ee364bb0c04c,vdsp-analysis-float,spec012-confirm-03,0,float,4096,1024,1,1,throughput,steady,existing all-output numerical replay,archived-vector-counts,spectrum-norms-v1,direct DFT or binary64 FFT of matched frame bytes; direct band sums and EMA,see archived reference; precision not separately recorded,2048,2048,4196352,4196352,2.2521929735415193e-07,1.49122636965414e-07,0.0001220703125,unnormalized FFT magnitude,0,0
3aeff8d50243a034,8390e352f25321918ef0dff31766617876cb859f13203e765083ee364bb0c04c,vdsp-analysis-float,spec012-confirm-03,1,float,4096,1024,1,1,throughput,steady,existing all-output numerical replay,archived-vector-counts,spectrum-norms-v1,direct DFT or binary64 FFT of matched frame bytes; direct band sums and EMA,see archived reference; precision not separately recorded,2048,2048,4196352,4196352,2.2521929735415193e-07,1.49122636965414e-07,0.0001220703125,unnormalized FFT magnitude,0,0
3aeff8d50243a034,8390e352f25321918ef0dff31766617876cb859f13203e765083ee364bb0c04c,vdsp-analysis-float,spec012-confirm-03,2,float,4096,1024,1,1,throughput,steady,existing all-output numerical replay,archived-vector-counts,spectrum-norms-v1,direct DFT or binary64 FFT of matched frame bytes; direct band sums and EMA,see archived reference; precision not separately recorded,2048,2048,4196352,4196352,2.2521929735415193e-07,1.49122636965414e-07,0.0001220703125,unnormalized FFT magnitude,0,0
3aeff8d50243a034,84dcd7b125b5355bad0d4e16e62947f9872247efb7b0501d5117a7aaec1234cb,legacy-batch-float,spec012-confirm-01,0,float,4096,1024,1,1,callback,steady,full,all-publications-v1,spectrum-norms-v1,independent recursive binary64 FFT / direct DFT; matched float windows; direct bands and EMA,binary64 FFT / long-double direct DFT,2048,2048,4196352,4196352,2.261658101059299e-07,2.8183605963575486e-07,0.00028839707374572754,unnormalized FFT magnitude,0,0
3aeff8d50243a034,84dcd7b125b5355bad0d4e16e62947f9872247efb7b0501d5117a7aaec1234cb,legacy-batch-float,spec012-confirm-01,1,float,4096,1024,1,1,callback,steady,full,all-publications-v1,spectrum-norms-v1,independent recursive binary64 FFT / direct DFT; matched float windows; direct bands and EMA,binary64 FFT / long-double direct DFT,2048,2048,4196352,4196352,2.261658101059299e-07,2.8183605963575486e-07,0.00028839707374572754,unnormalized FFT magnitude,0,0
3aeff8d50243a034,84dcd7b125b5355bad0d4e16e62947f9872247efb7b0501d5117a7aaec1234cb,legacy-batch-float,spec012-confirm-01,2,float,4096,1024,1,1,callback,steady,full,all-publications-v1,spectrum-norms-v1,independent recursive binary64 FFT / direct DFT; matched float windows; direct bands and EMA,binary64 FFT / long-double direct DFT,2048,2048,4196352,4196352,2.261658101059299e-07,2.8183605963575486e-07,0.00028839707374572754,unnormalized FFT magnitude,0,0
3aeff8d50243a034,84dcd7b125b5355bad0d4e16e62947f9872247efb7b0501d5117a7aaec1234cb,legacy-batch-float,spec012-confirm-02,0,float,4096,1024,1,1,callback,steady,full,all-publications-v1,spectrum-norms-v1,independent recursive binary64 FFT / direct DFT; matched float windows; direct bands and EMA,binary64 FFT / long-double direct DFT,2048,2048,4196352,4196352,2.261658101059299e-07,2.8183605963575486e-07,0.00028839707374572754,unnormalized FFT magnitude,0,0
3aeff8d50243a034,84dcd7b125b5355bad0d4e16e62947f9872247efb7b0501d5117a7aaec1234cb,legacy-batch-float,spec012-confirm-02,1,float,4096,1024,1,1,callback,steady,full,all-publications-v1,spectrum-norms-v1,independent recursive binary64 FFT / direct DFT; matched float windows; direct bands and EMA,binary64 FFT / long-double direct DFT,2048,2048,4196352,4196352,2.261658101059299e-07,2.8183605963575486e-07,0.00028839707374572754,unnormalized FFT magnitude,0,0
3aeff8d50243a034,84dcd7b125b5355bad0d4e16e62947f9872247efb7b0501d5117a7aaec1234cb,legacy-batch-float,spec012-confirm-02,2,float,4096,1024,1,1,callback,steady,full,all-publications-v1,spectrum-norms-v1,independent recursive binary64 FFT / direct DFT; matched float windows; direct bands and EMA,binary64 FFT / long-double direct DFT,2048,2048,4196352,4196352,2.261658101059299e-07,2.8183605963575486e-07,0.00028839707374572754,unnormalized FFT magnitude,0,0
3aeff8d50243a034,84dcd7b125b5355bad0d4e16e62947f9872247efb7b0501d5117a7aaec1234cb,legacy-batch-float,spec012-confirm-03,0,float,4096,1024,1,1,callback,steady,full,all-publications-v1,spectrum-norms-v1,independent recursive binary64 FFT / direct DFT; matched float windows; direct bands and EMA,binary64 FFT / long-double direct DFT,2048,2048,4196352,4196352,2.261658101059299e-07,2.8183605963575486e-07,0.00028839707374572754,unnormalized FFT magnitude,0,0
3aeff8d50243a034,84dcd7b125b5355bad0d4e16e62947f9872247efb7b0501d5117a7aaec1234cb,legacy-batch-float,spec012-confirm-03,1,float,4096,1024,1,1,callback,steady,full,all-publications-v1,spectrum-norms-v1,independent recursive binary64 FFT / direct DFT; matched float windows; direct bands and EMA,binary64 FFT / long-double direct DFT,2048,2048,4196352,4196352,2.261658101059299e-07,2.8183605963575486e-07,0.00028839707374572754,unnormalized FFT magnitude,0,0
3aeff8d50243a034,84dcd7b125b5355bad0d4e16e62947f9872247efb7b0501d5117a7aaec1234cb,legacy-batch-float,spec012-confirm-03,2,float,4096,1024,1,1,callback,steady,full,all-publications-v1,spectrum-norms-v1,independent recursive binary64 FFT / direct DFT; matched float windows; direct bands and EMA,binary64 FFT / long-double direct DFT,2048,2048,4196352,4196352,2.261658101059299e-07,2.8183605963575486e-07,0.00028839707374572754,unnormalized FFT magnitude,0,0
3aeff8d50243a034,850131ea4342fd0e0e46f639e1d956545333079bf9aa0abccd679998f06f2376,fftw-analysis-float,spec012-confirm-01,0,float,2048,1024,1,1,callback,steady,existing all-output numerical replay,archived-vector-counts,spectrum-norms-v1,direct DFT or binary64 FFT of matched frame bytes; direct band sums and EMA,see archived reference; precision not separately recorded,2048,2048,2099200,2099200,1.7811635133611692e-07,2.2354712809377118e-07,9.1552734375e-05,unnormalized FFT magnitude,0,0
3aeff8d50243a034,850131ea4342fd0e0e46f639e1d956545333079bf9aa0abccd679998f06f2376,fftw-analysis-float,spec012-confirm-01,1,float,2048,1024,1,1,callback,steady,existing all-output numerical replay,archived-vector-counts,spectrum-norms-v1,direct DFT or binary64 FFT of matched frame bytes; direct band sums and EMA,see archived reference; precision not separately recorded,2048,2048,2099200,2099200,1.7811635133611692e-07,2.2354712809377118e-07,9.1552734375e-05,unnormalized FFT magnitude,0,0
3aeff8d50243a034,850131ea4342fd0e0e46f639e1d956545333079bf9aa0abccd679998f06f2376,fftw-analysis-float,spec012-confirm-01,2,float,2048,1024,1,1,callback,steady,existing all-output numerical replay,archived-vector-counts,spectrum-norms-v1,direct DFT or binary64 FFT of matched frame bytes; direct band sums and EMA,see archived reference; precision not separately recorded,2048,2048,2099200,2099200,1.7811635133611692e-07,2.2354712809377118e-07,9.1552734375e-05,unnormalized FFT magnitude,0,0
3aeff8d50243a034,850131ea4342fd0e0e46f639e1d956545333079bf9aa0abccd679998f06f2376,fftw-analysis-float,spec012-confirm-02,0,float,2048,1024,1,1,callback,steady,existing all-output numerical replay,archived-vector-counts,spectrum-norms-v1,direct DFT or binary64 FFT of matched frame bytes; direct band sums and EMA,see archived reference; precision not separately recorded,2048,2048,2099200,2099200,1.7811635133611692e-07,2.2354712809377118e-07,9.1552734375e-05,unnormalized FFT magnitude,0,0
3aeff8d50243a034,850131ea4342fd0e0e46f639e1d956545333079bf9aa0abccd679998f06f2376,fftw-analysis-float,spec012-confirm-02,1,float,2048,1024,1,1,callback,steady,existing all-output numerical replay,archived-vector-counts,spectrum-norms-v1,direct DFT or binary64 FFT of matched frame bytes; direct band sums and EMA,see archived reference; precision not separately recorded,2048,2048,2099200,2099200,1.7811635133611692e-07,2.2354712809377118e-07,9.1552734375e-05,unnormalized FFT magnitude,0,0
3aeff8d50243a034,850131ea4342fd0e0e46f639e1d956545333079bf9aa0abccd679998f06f2376,fftw-analysis-float,spec012-confirm-02,2,float,2048,1024,1,1,callback,steady,existing all-output numerical replay,archived-vector-counts,spectrum-norms-v1,direct DFT or binary64 FFT of matched frame bytes; direct band sums and EMA,see archived reference; precision not separately recorded,2048,2048,2099200,2099200,1.7811635133611692e-07,2.2354712809377118e-07,9.1552734375e-05,unnormalized FFT magnitude,0,0
3aeff8d50243a034,850131ea4342fd0e0e46f639e1d956545333079bf9aa0abccd679998f06f2376,fftw-analysis-float,spec012-confirm-03,0,float,2048,1024,1,1,callback,steady,existing all-output numerical replay,archived-vector-counts,spectrum-norms-v1,direct DFT or binary64 FFT of matched frame bytes; direct band sums and EMA,see archived reference; precision not separately recorded,2048,2048,2099200,2099200,1.7811635133611692e-07,2.2354712809377118e-07,9.1552734375e-05,unnormalized FFT magnitude,0,0
3aeff8d50243a034,850131ea4342fd0e0e46f639e1d956545333079bf9aa0abccd679998f06f2376,fftw-analysis-float,spec012-confirm-03,1,float,2048,1024,1,1,callback,steady,existing all-output numerical replay,archived-vector-counts,spectrum-norms-v1,direct DFT or binary64 FFT of matched frame bytes; direct band sums and EMA,see archived reference; precision not separately recorded,2048,2048,2099200,2099200,1.7811635133611692e-07,2.2354712809377118e-07,9.1552734375e-05,unnormalized FFT magnitude,0,0
3aeff8d50243a034,850131ea4342fd0e0e46f639e1d956545333079bf9aa0abccd679998f06f2376,fftw-analysis-float,spec012-confirm-03,2,float,2048,1024,1,1,callback,steady,existing all-output numerical replay,archived-vector-counts,spectrum-norms-v1,direct DFT or binary64 FFT of matched frame bytes; direct band sums and EMA,see archived reference; precision not separately recorded,2048,2048,2099200,2099200,1.7811635133611692e-07,2.2354712809377118e-07,9.1552734375e-05,unnormalized FFT magnitude,0,0
3aeff8d50243a034,857658dadf38b9f34632c8e78cbd5a07cbbcd6d29e8132d36c3982d403024b29,core-float,spec012-confirm-01,0,float,2048,1024,1,1,callback,steady,full,all-publications-v1,spectrum-norms-v1,independent recursive binary64 FFT / direct DFT; matched float windows; direct bands and EMA,binary64 FFT / long-double direct DFT,2048,2048,2099200,2099200,1.7896422314979908e-07,2.2354712809377118e-07,9.1552734375e-05,unnormalized FFT magnitude,0,0
3aeff8d50243a034,857658dadf38b9f34632c8e78cbd5a07cbbcd6d29e8132d36c3982d403024b29,core-float,spec012-confirm-01,1,float,2048,1024,1,1,callback,steady,full,all-publications-v1,spectrum-norms-v1,independent recursive binary64 FFT / direct DFT; matched float windows; direct bands and EMA,binary64 FFT / long-double direct DFT,2048,2048,2099200,2099200,1.7896422314979908e-07,2.2354712809377118e-07,9.1552734375e-05,unnormalized FFT magnitude,0,0
3aeff8d50243a034,857658dadf38b9f34632c8e78cbd5a07cbbcd6d29e8132d36c3982d403024b29,core-float,spec012-confirm-01,2,float,2048,1024,1,1,callback,steady,full,all-publications-v1,spectrum-norms-v1,independent recursive binary64 FFT / direct DFT; matched float windows; direct bands and EMA,binary64 FFT / long-double direct DFT,2048,2048,2099200,2099200,1.7896422314979908e-07,2.2354712809377118e-07,9.1552734375e-05,unnormalized FFT magnitude,0,0
3aeff8d50243a034,857658dadf38b9f34632c8e78cbd5a07cbbcd6d29e8132d36c3982d403024b29,core-float,spec012-confirm-02,0,float,2048,1024,1,1,callback,steady,full,all-publications-v1,spectrum-norms-v1,independent recursive binary64 FFT / direct DFT; matched float windows; direct bands and EMA,binary64 FFT / long-double direct DFT,2048,2048,2099200,2099200,1.7896422314979908e-07,2.2354712809377118e-07,9.1552734375e-05,unnormalized FFT magnitude,0,0
3aeff8d50243a034,857658dadf38b9f34632c8e78cbd5a07cbbcd6d29e8132d36c3982d403024b29,core-float,spec012-confirm-02,1,float,2048,1024,1,1,callback,steady,full,all-publications-v1,spectrum-norms-v1,independent recursive binary64 FFT / direct DFT; matched float windows; direct bands and EMA,binary64 FFT / long-double direct DFT,2048,2048,2099200,2099200,1.7896422314979908e-07,2.2354712809377118e-07,9.1552734375e-05,unnormalized FFT magnitude,0,0
3aeff8d50243a034,857658dadf38b9f34632c8e78cbd5a07cbbcd6d29e8132d36c3982d403024b29,core-float,spec012-confirm-02,2,float,2048,1024,1,1,callback,steady,full,all-publications-v1,spectrum-norms-v1,independent recursive binary64 FFT / direct DFT; matched float windows; direct bands and EMA,binary64 FFT / long-double direct DFT,2048,2048,2099200,2099200,1.7896422314979908e-07,2.2354712809377118e-07,9.1552734375e-05,unnormalized FFT magnitude,0,0
3aeff8d50243a034,857658dadf38b9f34632c8e78cbd5a07cbbcd6d29e8132d36c3982d403024b29,core-float,spec012-confirm-03,0,float,2048,1024,1,1,callback,steady,full,all-publications-v1,spectrum-norms-v1,independent recursive binary64 FFT / direct DFT; matched float windows; direct bands and EMA,binary64 FFT / long-double direct DFT,2048,2048,2099200,2099200,1.7896422314979908e-07,2.2354712809377118e-07,9.1552734375e-05,unnormalized FFT magnitude,0,0
3aeff8d50243a034,857658dadf38b9f34632c8e78cbd5a07cbbcd6d29e8132d36c3982d403024b29,core-float,spec012-confirm-03,1,float,2048,1024,1,1,callback,steady,full,all-publications-v1,spectrum-norms-v1,independent recursive binary64 FFT / direct DFT; matched float windows; direct bands and EMA,binary64 FFT / long-double direct DFT,2048,2048,2099200,2099200,1.7896422314979908e-07,2.2354712809377118e-07,9.1552734375e-05,unnormalized FFT magnitude,0,0
3aeff8d50243a034,857658dadf38b9f34632c8e78cbd5a07cbbcd6d29e8132d36c3982d403024b29,core-float,spec012-confirm-03,2,float,2048,1024,1,1,callback,steady,full,all-publications-v1,spectrum-norms-v1,independent recursive binary64 FFT / direct DFT; matched float windows; direct bands and EMA,binary64 FFT / long-double direct DFT,2048,2048,2099200,2099200,1.7896422314979908e-07,2.2354712809377118e-07,9.1552734375e-05,unnormalized FFT magnitude,0,0
3aeff8d50243a034,876258043ec205fd70d34b7b87a78a243c31b8f1fccf527e55599fcdb49e9297,pffft-hybrid-float,spec012-confirm-01,0,float,4096,1024,1,1,callback,steady,existing all-output numerical replay,archived-vector-counts,spectrum-norms-v1,direct DFT or binary64 FFT of matched frame bytes; direct band sums and EMA,see archived reference; precision not separately recorded,2048,2048,4196352,4196352,2.0198579984200523e-07,1.4903790443764086e-07,0.0001220703125,unnormalized FFT magnitude,0,0
3aeff8d50243a034,876258043ec205fd70d34b7b87a78a243c31b8f1fccf527e55599fcdb49e9297,pffft-hybrid-float,spec012-confirm-01,1,float,4096,1024,1,1,callback,steady,existing all-output numerical replay,archived-vector-counts,spectrum-norms-v1,direct DFT or binary64 FFT of matched frame bytes; direct band sums and EMA,see archived reference; precision not separately recorded,2048,2048,4196352,4196352,2.0198579984200523e-07,1.4903790443764086e-07,0.0001220703125,unnormalized FFT magnitude,0,0
3aeff8d50243a034,876258043ec205fd70d34b7b87a78a243c31b8f1fccf527e55599fcdb49e9297,pffft-hybrid-float,spec012-confirm-01,2,float,4096,1024,1,1,callback,steady,existing all-output numerical replay,archived-vector-counts,spectrum-norms-v1,direct DFT or binary64 FFT of matched frame bytes; direct band sums and EMA,see archived reference; precision not separately recorded,2048,2048,4196352,4196352,2.0198579984200523e-07,1.4903790443764086e-07,0.0001220703125,unnormalized FFT magnitude,0,0
3aeff8d50243a034,876258043ec205fd70d34b7b87a78a243c31b8f1fccf527e55599fcdb49e9297,pffft-hybrid-float,spec012-confirm-02,0,float,4096,1024,1,1,callback,steady,existing all-output numerical replay,archived-vector-counts,spectrum-norms-v1,direct DFT or binary64 FFT of matched frame bytes; direct band sums and EMA,see archived reference; precision not separately recorded,2048,2048,4196352,4196352,2.0198579984200523e-07,1.4903790443764086e-07,0.0001220703125,unnormalized FFT magnitude,0,0
3aeff8d50243a034,876258043ec205fd70d34b7b87a78a243c31b8f1fccf527e55599fcdb49e9297,pffft-hybrid-float,spec012-confirm-02,1,float,4096,1024,1,1,callback,steady,existing all-output numerical replay,archived-vector-counts,spectrum-norms-v1,direct DFT or binary64 FFT of matched frame bytes; direct band sums and EMA,see archived reference; precision not separately recorded,2048,2048,4196352,4196352,2.0198579984200523e-07,1.4903790443764086e-07,0.0001220703125,unnormalized FFT magnitude,0,0
3aeff8d50243a034,876258043ec205fd70d34b7b87a78a243c31b8f1fccf527e55599fcdb49e9297,pffft-hybrid-float,spec012-confirm-02,2,float,4096,1024,1,1,callback,steady,existing all-output numerical replay,archived-vector-counts,spectrum-norms-v1,direct DFT or binary64 FFT of matched frame bytes; direct band sums and EMA,see archived reference; precision not separately recorded,2048,2048,4196352,4196352,2.0198579984200523e-07,1.4903790443764086e-07,0.0001220703125,unnormalized FFT magnitude,0,0
3aeff8d50243a034,876258043ec205fd70d34b7b87a78a243c31b8f1fccf527e55599fcdb49e9297,pffft-hybrid-float,spec012-confirm-03,0,float,4096,1024,1,1,callback,steady,existing all-output numerical replay,archived-vector-counts,spectrum-norms-v1,direct DFT or binary64 FFT of matched frame bytes; direct band sums and EMA,see archived reference; precision not separately recorded,2048,2048,4196352,4196352,2.0198579984200523e-07,1.4903790443764086e-07,0.0001220703125,unnormalized FFT magnitude,0,0
3aeff8d50243a034,876258043ec205fd70d34b7b87a78a243c31b8f1fccf527e55599fcdb49e9297,pffft-hybrid-float,spec012-confirm-03,1,float,4096,1024,1,1,callback,steady,existing all-output numerical replay,archived-vector-counts,spectrum-norms-v1,direct DFT or binary64 FFT of matched frame bytes; direct band sums and EMA,see archived reference; precision not separately recorded,2048,2048,4196352,4196352,2.0198579984200523e-07,1.4903790443764086e-07,0.0001220703125,unnormalized FFT magnitude,0,0
3aeff8d50243a034,876258043ec205fd70d34b7b87a78a243c31b8f1fccf527e55599fcdb49e9297,pffft-hybrid-float,spec012-confirm-03,2,float,4096,1024,1,1,callback,steady,existing all-output numerical replay,archived-vector-counts,spectrum-norms-v1,direct DFT or binary64 FFT of matched frame bytes; direct band sums and EMA,see archived reference; precision not separately recorded,2048,2048,4196352,4196352,2.0198579984200523e-07,1.4903790443764086e-07,0.0001220703125,unnormalized FFT magnitude,0,0
3aeff8d50243a034,87e4f826427c1993bd8e0ad73ba920f448e86361154fe1766f5d78f202384872,core-float,spec012-confirm-01,0,float,4096,1024,1,1,callback,steady,full,all-publications-v1,spectrum-norms-v1,independent recursive binary64 FFT / direct DFT; matched float windows; direct bands and EMA,binary64 FFT / long-double direct DFT,2048,2048,4196352,4196352,2.261658101059299e-07,2.8183605963575486e-07,0.00028839707374572754,unnormalized FFT magnitude,0,0
3aeff8d50243a034,87e4f826427c1993bd8e0ad73ba920f448e86361154fe1766f5d78f202384872,core-float,spec012-confirm-01,1,float,4096,1024,1,1,callback,steady,full,all-publications-v1,spectrum-norms-v1,independent recursive binary64 FFT / direct DFT; matched float windows; direct bands and EMA,binary64 FFT / long-double direct DFT,2048,2048,4196352,4196352,2.261658101059299e-07,2.8183605963575486e-07,0.00028839707374572754,unnormalized FFT magnitude,0,0
3aeff8d50243a034,87e4f826427c1993bd8e0ad73ba920f448e86361154fe1766f5d78f202384872,core-float,spec012-confirm-01,2,float,4096,1024,1,1,callback,steady,full,all-publications-v1,spectrum-norms-v1,independent recursive binary64 FFT / direct DFT; matched float windows; direct bands and EMA,binary64 FFT / long-double direct DFT,2048,2048,4196352,4196352,2.261658101059299e-07,2.8183605963575486e-07,0.00028839707374572754,unnormalized FFT magnitude,0,0
3aeff8d50243a034,87e4f826427c1993bd8e0ad73ba920f448e86361154fe1766f5d78f202384872,core-float,spec012-confirm-02,0,float,4096,1024,1,1,callback,steady,full,all-publications-v1,spectrum-norms-v1,independent recursive binary64 FFT / direct DFT; matched float windows; direct bands and EMA,binary64 FFT / long-double direct DFT,2048,2048,4196352,4196352,2.261658101059299e-07,2.8183605963575486e-07,0.00028839707374572754,unnormalized FFT magnitude,0,0
3aeff8d50243a034,87e4f826427c1993bd8e0ad73ba920f448e86361154fe1766f5d78f202384872,core-float,spec012-confirm-02,1,float,4096,1024,1,1,callback,steady,full,all-publications-v1,spectrum-norms-v1,independent recursive binary64 FFT / direct DFT; matched float windows; direct bands and EMA,binary64 FFT / long-double direct DFT,2048,2048,4196352,4196352,2.261658101059299e-07,2.8183605963575486e-07,0.00028839707374572754,unnormalized FFT magnitude,0,0
3aeff8d50243a034,87e4f826427c1993bd8e0ad73ba920f448e86361154fe1766f5d78f202384872,core-float,spec012-confirm-02,2,float,4096,1024,1,1,callback,steady,full,all-publications-v1,spectrum-norms-v1,independent recursive binary64 FFT / direct DFT; matched float windows; direct bands and EMA,binary64 FFT / long-double direct DFT,2048,2048,4196352,4196352,2.261658101059299e-07,2.8183605963575486e-07,0.00028839707374572754,unnormalized FFT magnitude,0,0
3aeff8d50243a034,87e4f826427c1993bd8e0ad73ba920f448e86361154fe1766f5d78f202384872,core-float,spec012-confirm-03,0,float,4096,1024,1,1,callback,steady,full,all-publications-v1,spectrum-norms-v1,independent recursive binary64 FFT / direct DFT; matched float windows; direct bands and EMA,binary64 FFT / long-double direct DFT,2048,2048,4196352,4196352,2.261658101059299e-07,2.8183605963575486e-07,0.00028839707374572754,unnormalized FFT magnitude,0,0
3aeff8d50243a034,87e4f826427c1993bd8e0ad73ba920f448e86361154fe1766f5d78f202384872,core-float,spec012-confirm-03,1,float,4096,1024,1,1,callback,steady,full,all-publications-v1,spectrum-norms-v1,independent recursive binary64 FFT / direct DFT; matched float windows; direct bands and EMA,binary64 FFT / long-double direct DFT,2048,2048,4196352,4196352,2.261658101059299e-07,2.8183605963575486e-07,0.00028839707374572754,unnormalized FFT magnitude,0,0
3aeff8d50243a034,87e4f826427c1993bd8e0ad73ba920f448e86361154fe1766f5d78f202384872,core-float,spec012-confirm-03,2,float,4096,1024,1,1,callback,steady,full,all-publications-v1,spectrum-norms-v1,independent recursive binary64 FFT / direct DFT; matched float windows; direct bands and EMA,binary64 FFT / long-double direct DFT,2048,2048,4196352,4196352,2.261658101059299e-07,2.8183605963575486e-07,0.00028839707374572754,unnormalized FFT magnitude,0,0
3aeff8d50243a034,8e737e07b3346cf2c197fc82e037f9f921d08c8ad99e055732d10eae8faea5a4,core-float,spec012-confirm-01,0,float,2048,1024,1,1,throughput,steady,full,all-publications-v1,spectrum-norms-v1,independent recursive binary64 FFT / direct DFT; matched float windows; direct bands and EMA,binary64 FFT / long-double direct DFT,2048,2048,2099200,2099200,1.7896422314979908e-07,2.2354712809377118e-07,9.1552734375e-05,unnormalized FFT magnitude,0,0
3aeff8d50243a034,8e737e07b3346cf2c197fc82e037f9f921d08c8ad99e055732d10eae8faea5a4,core-float,spec012-confirm-01,1,float,2048,1024,1,1,throughput,steady,full,all-publications-v1,spectrum-norms-v1,independent recursive binary64 FFT / direct DFT; matched float windows; direct bands and EMA,binary64 FFT / long-double direct DFT,2048,2048,2099200,2099200,1.7896422314979908e-07,2.2354712809377118e-07,9.1552734375e-05,unnormalized FFT magnitude,0,0
3aeff8d50243a034,8e737e07b3346cf2c197fc82e037f9f921d08c8ad99e055732d10eae8faea5a4,core-float,spec012-confirm-01,2,float,2048,1024,1,1,throughput,steady,full,all-publications-v1,spectrum-norms-v1,independent recursive binary64 FFT / direct DFT; matched float windows; direct bands and EMA,binary64 FFT / long-double direct DFT,2048,2048,2099200,2099200,1.7896422314979908e-07,2.2354712809377118e-07,9.1552734375e-05,unnormalized FFT magnitude,0,0
3aeff8d50243a034,8e737e07b3346cf2c197fc82e037f9f921d08c8ad99e055732d10eae8faea5a4,core-float,spec012-confirm-02,0,float,2048,1024,1,1,throughput,steady,full,all-publications-v1,spectrum-norms-v1,independent recursive binary64 FFT / direct DFT; matched float windows; direct bands and EMA,binary64 FFT / long-double direct DFT,2048,2048,2099200,2099200,1.7896422314979908e-07,2.2354712809377118e-07,9.1552734375e-05,unnormalized FFT magnitude,0,0
3aeff8d50243a034,8e737e07b3346cf2c197fc82e037f9f921d08c8ad99e055732d10eae8faea5a4,core-float,spec012-confirm-02,1,float,2048,1024,1,1,throughput,steady,full,all-publications-v1,spectrum-norms-v1,independent recursive binary64 FFT / direct DFT; matched float windows; direct bands and EMA,binary64 FFT / long-double direct DFT,2048,2048,2099200,2099200,1.7896422314979908e-07,2.2354712809377118e-07,9.1552734375e-05,unnormalized FFT magnitude,0,0
3aeff8d50243a034,8e737e07b3346cf2c197fc82e037f9f921d08c8ad99e055732d10eae8faea5a4,core-float,spec012-confirm-02,2,float,2048,1024,1,1,throughput,steady,full,all-publications-v1,spectrum-norms-v1,independent recursive binary64 FFT / direct DFT; matched float windows; direct bands and EMA,binary64 FFT / long-double direct DFT,2048,2048,2099200,2099200,1.7896422314979908e-07,2.2354712809377118e-07,9.1552734375e-05,unnormalized FFT magnitude,0,0
3aeff8d50243a034,8e737e07b3346cf2c197fc82e037f9f921d08c8ad99e055732d10eae8faea5a4,core-float,spec012-confirm-03,0,float,2048,1024,1,1,throughput,steady,full,all-publications-v1,spectrum-norms-v1,independent recursive binary64 FFT / direct DFT; matched float windows; direct bands and EMA,binary64 FFT / long-double direct DFT,2048,2048,2099200,2099200,1.7896422314979908e-07,2.2354712809377118e-07,9.1552734375e-05,unnormalized FFT magnitude,0,0
3aeff8d50243a034,8e737e07b3346cf2c197fc82e037f9f921d08c8ad99e055732d10eae8faea5a4,core-float,spec012-confirm-03,1,float,2048,1024,1,1,throughput,steady,full,all-publications-v1,spectrum-norms-v1,independent recursive binary64 FFT / direct DFT; matched float windows; direct bands and EMA,binary64 FFT / long-double direct DFT,2048,2048,2099200,2099200,1.7896422314979908e-07,2.2354712809377118e-07,9.1552734375e-05,unnormalized FFT magnitude,0,0
3aeff8d50243a034,8e737e07b3346cf2c197fc82e037f9f921d08c8ad99e055732d10eae8faea5a4,core-float,spec012-confirm-03,2,float,2048,1024,1,1,throughput,steady,full,all-publications-v1,spectrum-norms-v1,independent recursive binary64 FFT / direct DFT; matched float windows; direct bands and EMA,binary64 FFT / long-double direct DFT,2048,2048,2099200,2099200,1.7896422314979908e-07,2.2354712809377118e-07,9.1552734375e-05,unnormalized FFT magnitude,0,0
3aeff8d50243a034,8eb056fd53627acede5c036515bebec0220481c00b9e4031fb5b135956dbd7ca,pffft-scheduled-batch-float,spec012-confirm-01,0,float,2048,1024,1,1,callback,steady,existing all-output numerical replay,archived-vector-counts,spectrum-norms-v1,direct DFT or binary64 FFT of matched frame bytes; direct band sums and EMA,see archived reference; precision not separately recorded,2048,2048,2099200,2099200,1.8753119135637531e-07,2.2363801652461304e-07,9.1552734375e-05,unnormalized FFT magnitude,0,0
3aeff8d50243a034,8eb056fd53627acede5c036515bebec0220481c00b9e4031fb5b135956dbd7ca,pffft-scheduled-batch-float,spec012-confirm-01,1,float,2048,1024,1,1,callback,steady,existing all-output numerical replay,archived-vector-counts,spectrum-norms-v1,direct DFT or binary64 FFT of matched frame bytes; direct band sums and EMA,see archived reference; precision not separately recorded,2048,2048,2099200,2099200,1.8753119135637531e-07,2.2363801652461304e-07,9.1552734375e-05,unnormalized FFT magnitude,0,0
3aeff8d50243a034,8eb056fd53627acede5c036515bebec0220481c00b9e4031fb5b135956dbd7ca,pffft-scheduled-batch-float,spec012-confirm-01,2,float,2048,1024,1,1,callback,steady,existing all-output numerical replay,archived-vector-counts,spectrum-norms-v1,direct DFT or binary64 FFT of matched frame bytes; direct band sums and EMA,see archived reference; precision not separately recorded,2048,2048,2099200,2099200,1.8753119135637531e-07,2.2363801652461304e-07,9.1552734375e-05,unnormalized FFT magnitude,0,0
3aeff8d50243a034,8eb056fd53627acede5c036515bebec0220481c00b9e4031fb5b135956dbd7ca,pffft-scheduled-batch-float,spec012-confirm-02,0,float,2048,1024,1,1,callback,steady,existing all-output numerical replay,archived-vector-counts,spectrum-norms-v1,direct DFT or binary64 FFT of matched frame bytes; direct band sums and EMA,see archived reference; precision not separately recorded,2048,2048,2099200,2099200,1.8753119135637531e-07,2.2363801652461304e-07,9.1552734375e-05,unnormalized FFT magnitude,0,0
3aeff8d50243a034,8eb056fd53627acede5c036515bebec0220481c00b9e4031fb5b135956dbd7ca,pffft-scheduled-batch-float,spec012-confirm-02,1,float,2048,1024,1,1,callback,steady,existing all-output numerical replay,archived-vector-counts,spectrum-norms-v1,direct DFT or binary64 FFT of matched frame bytes; direct band sums and EMA,see archived reference; precision not separately recorded,2048,2048,2099200,2099200,1.8753119135637531e-07,2.2363801652461304e-07,9.1552734375e-05,unnormalized FFT magnitude,0,0
3aeff8d50243a034,8eb056fd53627acede5c036515bebec0220481c00b9e4031fb5b135956dbd7ca,pffft-scheduled-batch-float,spec012-confirm-02,2,float,2048,1024,1,1,callback,steady,existing all-output numerical replay,archived-vector-counts,spectrum-norms-v1,direct DFT or binary64 FFT of matched frame bytes; direct band sums and EMA,see archived reference; precision not separately recorded,2048,2048,2099200,2099200,1.8753119135637531e-07,2.2363801652461304e-07,9.1552734375e-05,unnormalized FFT magnitude,0,0
3aeff8d50243a034,8eb056fd53627acede5c036515bebec0220481c00b9e4031fb5b135956dbd7ca,pffft-scheduled-batch-float,spec012-confirm-03,0,float,2048,1024,1,1,callback,steady,existing all-output numerical replay,archived-vector-counts,spectrum-norms-v1,direct DFT or binary64 FFT of matched frame bytes; direct band sums and EMA,see archived reference; precision not separately recorded,2048,2048,2099200,2099200,1.8753119135637531e-07,2.2363801652461304e-07,9.1552734375e-05,unnormalized FFT magnitude,0,0
3aeff8d50243a034,8eb056fd53627acede5c036515bebec0220481c00b9e4031fb5b135956dbd7ca,pffft-scheduled-batch-float,spec012-confirm-03,1,float,2048,1024,1,1,callback,steady,existing all-output numerical replay,archived-vector-counts,spectrum-norms-v1,direct DFT or binary64 FFT of matched frame bytes; direct band sums and EMA,see archived reference; precision not separately recorded,2048,2048,2099200,2099200,1.8753119135637531e-07,2.2363801652461304e-07,9.1552734375e-05,unnormalized FFT magnitude,0,0
3aeff8d50243a034,8eb056fd53627acede5c036515bebec0220481c00b9e4031fb5b135956dbd7ca,pffft-scheduled-batch-float,spec012-confirm-03,2,float,2048,1024,1,1,callback,steady,existing all-output numerical replay,archived-vector-counts,spectrum-norms-v1,direct DFT or binary64 FFT of matched frame bytes; direct band sums and EMA,see archived reference; precision not separately recorded,2048,2048,2099200,2099200,1.8753119135637531e-07,2.2363801652461304e-07,9.1552734375e-05,unnormalized FFT magnitude,0,0
3aeff8d50243a034,8f1394af7ab0017c0f1f36fa508cc68a7e55bdbab5453f8136fc2c70ae13a6c1,legacy-batch-float,spec012-confirm-01,0,float,16384,1024,1,1,callback,steady,full,all-publications-v1,spectrum-norms-v1,independent recursive binary64 FFT / direct DFT; matched float windows; direct bands and EMA,binary64 FFT / long-double direct DFT,2048,2048,16779264,16779264,2.428253746068979e-07,2.832279085325651e-07,0.0011609792709350586,unnormalized FFT magnitude,0,2560
3aeff8d50243a034,8f1394af7ab0017c0f1f36fa508cc68a7e55bdbab5453f8136fc2c70ae13a6c1,legacy-batch-float,spec012-confirm-01,1,float,16384,1024,1,1,callback,steady,full,all-publications-v1,spectrum-norms-v1,independent recursive binary64 FFT / direct DFT; matched float windows; direct bands and EMA,binary64 FFT / long-double direct DFT,2048,2048,16779264,16779264,2.428253746068979e-07,2.832279085325651e-07,0.0011609792709350586,unnormalized FFT magnitude,0,2560
3aeff8d50243a034,8f1394af7ab0017c0f1f36fa508cc68a7e55bdbab5453f8136fc2c70ae13a6c1,legacy-batch-float,spec012-confirm-01,2,float,16384,1024,1,1,callback,steady,full,all-publications-v1,spectrum-norms-v1,independent recursive binary64 FFT / direct DFT; matched float windows; direct bands and EMA,binary64 FFT / long-double direct DFT,2048,2048,16779264,16779264,2.428253746068979e-07,2.832279085325651e-07,0.0011609792709350586,unnormalized FFT magnitude,0,2560
3aeff8d50243a034,8f1394af7ab0017c0f1f36fa508cc68a7e55bdbab5453f8136fc2c70ae13a6c1,legacy-batch-float,spec012-confirm-02,0,float,16384,1024,1,1,callback,steady,full,all-publications-v1,spectrum-norms-v1,independent recursive binary64 FFT / direct DFT; matched float windows; direct bands and EMA,binary64 FFT / long-double direct DFT,2048,2048,16779264,16779264,2.428253746068979e-07,2.832279085325651e-07,0.0011609792709350586,unnormalized FFT magnitude,0,2560
3aeff8d50243a034,8f1394af7ab0017c0f1f36fa508cc68a7e55bdbab5453f8136fc2c70ae13a6c1,legacy-batch-float,spec012-confirm-02,1,float,16384,1024,1,1,callback,steady,full,all-publications-v1,spectrum-norms-v1,independent recursive binary64 FFT / direct DFT; matched float windows; direct bands and EMA,binary64 FFT / long-double direct DFT,2048,2048,16779264,16779264,2.428253746068979e-07,2.832279085325651e-07,0.0011609792709350586,unnormalized FFT magnitude,0,2560
3aeff8d50243a034,8f1394af7ab0017c0f1f36fa508cc68a7e55bdbab5453f8136fc2c70ae13a6c1,legacy-batch-float,spec012-confirm-02,2,float,16384,1024,1,1,callback,steady,full,all-publications-v1,spectrum-norms-v1,independent recursive binary64 FFT / direct DFT; matched float windows; direct bands and EMA,binary64 FFT / long-double direct DFT,2048,2048,16779264,16779264,2.428253746068979e-07,2.832279085325651e-07,0.0011609792709350586,unnormalized FFT magnitude,0,2560
3aeff8d50243a034,8f1394af7ab0017c0f1f36fa508cc68a7e55bdbab5453f8136fc2c70ae13a6c1,legacy-batch-float,spec012-confirm-03,0,float,16384,1024,1,1,callback,steady,full,all-publications-v1,spectrum-norms-v1,independent recursive binary64 FFT / direct DFT; matched float windows; direct bands and EMA,binary64 FFT / long-double direct DFT,2048,2048,16779264,16779264,2.428253746068979e-07,2.832279085325651e-07,0.0011609792709350586,unnormalized FFT magnitude,0,2560
3aeff8d50243a034,8f1394af7ab0017c0f1f36fa508cc68a7e55bdbab5453f8136fc2c70ae13a6c1,legacy-batch-float,spec012-confirm-03,1,float,16384,1024,1,1,callback,steady,full,all-publications-v1,spectrum-norms-v1,independent recursive binary64 FFT / direct DFT; matched float windows; direct bands and EMA,binary64 FFT / long-double direct DFT,2048,2048,16779264,16779264,2.428253746068979e-07,2.832279085325651e-07,0.0011609792709350586,unnormalized FFT magnitude,0,2560
3aeff8d50243a034,8f1394af7ab0017c0f1f36fa508cc68a7e55bdbab5453f8136fc2c70ae13a6c1,legacy-batch-float,spec012-confirm-03,2,float,16384,1024,1,1,callback,steady,full,all-publications-v1,spectrum-norms-v1,independent recursive binary64 FFT / direct DFT; matched float windows; direct bands and EMA,binary64 FFT / long-double direct DFT,2048,2048,16779264,16779264,2.428253746068979e-07,2.832279085325651e-07,0.0011609792709350586,unnormalized FFT magnitude,0,2560
3aeff8d50243a034,93a1572b3033463a9027c3069f1fed37ed8b4913a554f6aa8aaba5c136038262,legacy-batch-float,spec012-confirm-01,0,float,16384,1024,1,1,callback,steady,full,all-publications-v1,spectrum-norms-v1,independent recursive binary64 FFT / direct DFT; matched float windows; direct bands and EMA,binary64 FFT / long-double direct DFT,2048,2048,16779264,16779264,2.314436441768113e-07,1.4903825983523968e-07,0.00048828125,unnormalized FFT magnitude,0,0
3aeff8d50243a034,93a1572b3033463a9027c3069f1fed37ed8b4913a554f6aa8aaba5c136038262,legacy-batch-float,spec012-confirm-01,1,float,16384,1024,1,1,callback,steady,full,all-publications-v1,spectrum-norms-v1,independent recursive binary64 FFT / direct DFT; matched float windows; direct bands and EMA,binary64 FFT / long-double direct DFT,2048,2048,16779264,16779264,2.314436441768113e-07,1.4903825983523968e-07,0.00048828125,unnormalized FFT magnitude,0,0
3aeff8d50243a034,93a1572b3033463a9027c3069f1fed37ed8b4913a554f6aa8aaba5c136038262,legacy-batch-float,spec012-confirm-01,2,float,16384,1024,1,1,callback,steady,full,all-publications-v1,spectrum-norms-v1,independent recursive binary64 FFT / direct DFT; matched float windows; direct bands and EMA,binary64 FFT / long-double direct DFT,2048,2048,16779264,16779264,2.314436441768113e-07,1.4903825983523968e-07,0.00048828125,unnormalized FFT magnitude,0,0
3aeff8d50243a034,93a1572b3033463a9027c3069f1fed37ed8b4913a554f6aa8aaba5c136038262,legacy-batch-float,spec012-confirm-02,0,float,16384,1024,1,1,callback,steady,full,all-publications-v1,spectrum-norms-v1,independent recursive binary64 FFT / direct DFT; matched float windows; direct bands and EMA,binary64 FFT / long-double direct DFT,2048,2048,16779264,16779264,2.314436441768113e-07,1.4903825983523968e-07,0.00048828125,unnormalized FFT magnitude,0,0
3aeff8d50243a034,93a1572b3033463a9027c3069f1fed37ed8b4913a554f6aa8aaba5c136038262,legacy-batch-float,spec012-confirm-02,1,float,16384,1024,1,1,callback,steady,full,all-publications-v1,spectrum-norms-v1,independent recursive binary64 FFT / direct DFT; matched float windows; direct bands and EMA,binary64 FFT / long-double direct DFT,2048,2048,16779264,16779264,2.314436441768113e-07,1.4903825983523968e-07,0.00048828125,unnormalized FFT magnitude,0,0
3aeff8d50243a034,93a1572b3033463a9027c3069f1fed37ed8b4913a554f6aa8aaba5c136038262,legacy-batch-float,spec012-confirm-02,2,float,16384,1024,1,1,callback,steady,full,all-publications-v1,spectrum-norms-v1,independent recursive binary64 FFT / direct DFT; matched float windows; direct bands and EMA,binary64 FFT / long-double direct DFT,2048,2048,16779264,16779264,2.314436441768113e-07,1.4903825983523968e-07,0.00048828125,unnormalized FFT magnitude,0,0
3aeff8d50243a034,93a1572b3033463a9027c3069f1fed37ed8b4913a554f6aa8aaba5c136038262,legacy-batch-float,spec012-confirm-03,0,float,16384,1024,1,1,callback,steady,full,all-publications-v1,spectrum-norms-v1,independent recursive binary64 FFT / direct DFT; matched float windows; direct bands and EMA,binary64 FFT / long-double direct DFT,2048,2048,16779264,16779264,2.314436441768113e-07,1.4903825983523968e-07,0.00048828125,unnormalized FFT magnitude,0,0
3aeff8d50243a034,93a1572b3033463a9027c3069f1fed37ed8b4913a554f6aa8aaba5c136038262,legacy-batch-float,spec012-confirm-03,1,float,16384,1024,1,1,callback,steady,full,all-publications-v1,spectrum-norms-v1,independent recursive binary64 FFT / direct DFT; matched float windows; direct bands and EMA,binary64 FFT / long-double direct DFT,2048,2048,16779264,16779264,2.314436441768113e-07,1.4903825983523968e-07,0.00048828125,unnormalized FFT magnitude,0,0
3aeff8d50243a034,93a1572b3033463a9027c3069f1fed37ed8b4913a554f6aa8aaba5c136038262,legacy-batch-float,spec012-confirm-03,2,float,16384,1024,1,1,callback,steady,full,all-publications-v1,spectrum-norms-v1,independent recursive binary64 FFT / direct DFT; matched float windows; direct bands and EMA,binary64 FFT / long-double direct DFT,2048,2048,16779264,16779264,2.314436441768113e-07,1.4903825983523968e-07,0.00048828125,unnormalized FFT magnitude,0,0
3aeff8d50243a034,940026d000ecbca07c39c3f10e266a878c9b5b0b637ef9b092e90f984fed136d,pffft-scheduled-batch-float,spec012-confirm-01,0,float,4096,1024,1,1,throughput,steady,existing all-output numerical replay,archived-vector-counts,spectrum-norms-v1,direct DFT or binary64 FFT of matched frame bytes; direct band sums and EMA,see archived reference; precision not separately recorded,2048,2048,4196352,4196352,1.651287305471812e-07,2.3812060927920297e-07,0.000244140625,unnormalized FFT magnitude,0,0
3aeff8d50243a034,940026d000ecbca07c39c3f10e266a878c9b5b0b637ef9b092e90f984fed136d,pffft-scheduled-batch-float,spec012-confirm-01,1,float,4096,1024,1,1,throughput,steady,existing all-output numerical replay,archived-vector-counts,spectrum-norms-v1,direct DFT or binary64 FFT of matched frame bytes; direct band sums and EMA,see archived reference; precision not separately recorded,2048,2048,4196352,4196352,1.651287305471812e-07,2.3812060927920297e-07,0.000244140625,unnormalized FFT magnitude,0,0
3aeff8d50243a034,940026d000ecbca07c39c3f10e266a878c9b5b0b637ef9b092e90f984fed136d,pffft-scheduled-batch-float,spec012-confirm-01,2,float,4096,1024,1,1,throughput,steady,existing all-output numerical replay,archived-vector-counts,spectrum-norms-v1,direct DFT or binary64 FFT of matched frame bytes; direct band sums and EMA,see archived reference; precision not separately recorded,2048,2048,4196352,4196352,1.651287305471812e-07,2.3812060927920297e-07,0.000244140625,unnormalized FFT magnitude,0,0
3aeff8d50243a034,940026d000ecbca07c39c3f10e266a878c9b5b0b637ef9b092e90f984fed136d,pffft-scheduled-batch-float,spec012-confirm-02,0,float,4096,1024,1,1,throughput,steady,existing all-output numerical replay,archived-vector-counts,spectrum-norms-v1,direct DFT or binary64 FFT of matched frame bytes; direct band sums and EMA,see archived reference; precision not separately recorded,2048,2048,4196352,4196352,1.651287305471812e-07,2.3812060927920297e-07,0.000244140625,unnormalized FFT magnitude,0,0
3aeff8d50243a034,940026d000ecbca07c39c3f10e266a878c9b5b0b637ef9b092e90f984fed136d,pffft-scheduled-batch-float,spec012-confirm-02,1,float,4096,1024,1,1,throughput,steady,existing all-output numerical replay,archived-vector-counts,spectrum-norms-v1,direct DFT or binary64 FFT of matched frame bytes; direct band sums and EMA,see archived reference; precision not separately recorded,2048,2048,4196352,4196352,1.651287305471812e-07,2.3812060927920297e-07,0.000244140625,unnormalized FFT magnitude,0,0
3aeff8d50243a034,940026d000ecbca07c39c3f10e266a878c9b5b0b637ef9b092e90f984fed136d,pffft-scheduled-batch-float,spec012-confirm-02,2,float,4096,1024,1,1,throughput,steady,existing all-output numerical replay,archived-vector-counts,spectrum-norms-v1,direct DFT or binary64 FFT of matched frame bytes; direct band sums and EMA,see archived reference; precision not separately recorded,2048,2048,4196352,4196352,1.651287305471812e-07,2.3812060927920297e-07,0.000244140625,unnormalized FFT magnitude,0,0
3aeff8d50243a034,940026d000ecbca07c39c3f10e266a878c9b5b0b637ef9b092e90f984fed136d,pffft-scheduled-batch-float,spec012-confirm-03,0,float,4096,1024,1,1,throughput,steady,existing all-output numerical replay,archived-vector-counts,spectrum-norms-v1,direct DFT or binary64 FFT of matched frame bytes; direct band sums and EMA,see archived reference; precision not separately recorded,2048,2048,4196352,4196352,1.651287305471812e-07,2.3812060927920297e-07,0.000244140625,unnormalized FFT magnitude,0,0
3aeff8d50243a034,940026d000ecbca07c39c3f10e266a878c9b5b0b637ef9b092e90f984fed136d,pffft-scheduled-batch-float,spec012-confirm-03,1,float,4096,1024,1,1,throughput,steady,existing all-output numerical replay,archived-vector-counts,spectrum-norms-v1,direct DFT or binary64 FFT of matched frame bytes; direct band sums and EMA,see archived reference; precision not separately recorded,2048,2048,4196352,4196352,1.651287305471812e-07,2.3812060927920297e-07,0.000244140625,unnormalized FFT magnitude,0,0
3aeff8d50243a034,940026d000ecbca07c39c3f10e266a878c9b5b0b637ef9b092e90f984fed136d,pffft-scheduled-batch-float,spec012-confirm-03,2,float,4096,1024,1,1,throughput,steady,existing all-output numerical replay,archived-vector-counts,spectrum-norms-v1,direct DFT or binary64 FFT of matched frame bytes; direct band sums and EMA,see archived reference; precision not separately recorded,2048,2048,4196352,4196352,1.651287305471812e-07,2.3812060927920297e-07,0.000244140625,unnormalized FFT magnitude,0,0
3aeff8d50243a034,945c6a828a5b8cddf9e31ab513d9047c5f676c5c8a09b5c190e0a6e3ce0b63ec,legacy-incremental-float,spec012-confirm-01,0,float,2048,1024,1,1,callback,steady,full,all-publications-v1,spectrum-norms-v1,independent recursive binary64 FFT / direct DFT; matched float windows; direct bands and EMA,binary64 FFT / long-double direct DFT,2048,2048,2099200,2099200,1.7896422314979908e-07,2.2354712809377118e-07,9.1552734375e-05,unnormalized FFT magnitude,0,0
3aeff8d50243a034,945c6a828a5b8cddf9e31ab513d9047c5f676c5c8a09b5c190e0a6e3ce0b63ec,legacy-incremental-float,spec012-confirm-01,1,float,2048,1024,1,1,callback,steady,full,all-publications-v1,spectrum-norms-v1,independent recursive binary64 FFT / direct DFT; matched float windows; direct bands and EMA,binary64 FFT / long-double direct DFT,2048,2048,2099200,2099200,1.7896422314979908e-07,2.2354712809377118e-07,9.1552734375e-05,unnormalized FFT magnitude,0,0
3aeff8d50243a034,945c6a828a5b8cddf9e31ab513d9047c5f676c5c8a09b5c190e0a6e3ce0b63ec,legacy-incremental-float,spec012-confirm-01,2,float,2048,1024,1,1,callback,steady,full,all-publications-v1,spectrum-norms-v1,independent recursive binary64 FFT / direct DFT; matched float windows; direct bands and EMA,binary64 FFT / long-double direct DFT,2048,2048,2099200,2099200,1.7896422314979908e-07,2.2354712809377118e-07,9.1552734375e-05,unnormalized FFT magnitude,0,0
3aeff8d50243a034,945c6a828a5b8cddf9e31ab513d9047c5f676c5c8a09b5c190e0a6e3ce0b63ec,legacy-incremental-float,spec012-confirm-02,0,float,2048,1024,1,1,callback,steady,full,all-publications-v1,spectrum-norms-v1,independent recursive binary64 FFT / direct DFT; matched float windows; direct bands and EMA,binary64 FFT / long-double direct DFT,2048,2048,2099200,2099200,1.7896422314979908e-07,2.2354712809377118e-07,9.1552734375e-05,unnormalized FFT magnitude,0,0
3aeff8d50243a034,945c6a828a5b8cddf9e31ab513d9047c5f676c5c8a09b5c190e0a6e3ce0b63ec,legacy-incremental-float,spec012-confirm-02,1,float,2048,1024,1,1,callback,steady,full,all-publications-v1,spectrum-norms-v1,independent recursive binary64 FFT / direct DFT; matched float windows; direct bands and EMA,binary64 FFT / long-double direct DFT,2048,2048,2099200,2099200,1.7896422314979908e-07,2.2354712809377118e-07,9.1552734375e-05,unnormalized FFT magnitude,0,0
3aeff8d50243a034,945c6a828a5b8cddf9e31ab513d9047c5f676c5c8a09b5c190e0a6e3ce0b63ec,legacy-incremental-float,spec012-confirm-02,2,float,2048,1024,1,1,callback,steady,full,all-publications-v1,spectrum-norms-v1,independent recursive binary64 FFT / direct DFT; matched float windows; direct bands and EMA,binary64 FFT / long-double direct DFT,2048,2048,2099200,2099200,1.7896422314979908e-07,2.2354712809377118e-07,9.1552734375e-05,unnormalized FFT magnitude,0,0
3aeff8d50243a034,945c6a828a5b8cddf9e31ab513d9047c5f676c5c8a09b5c190e0a6e3ce0b63ec,legacy-incremental-float,spec012-confirm-03,0,float,2048,1024,1,1,callback,steady,full,all-publications-v1,spectrum-norms-v1,independent recursive binary64 FFT / direct DFT; matched float windows; direct bands and EMA,binary64 FFT / long-double direct DFT,2048,2048,2099200,2099200,1.7896422314979908e-07,2.2354712809377118e-07,9.1552734375e-05,unnormalized FFT magnitude,0,0
3aeff8d50243a034,945c6a828a5b8cddf9e31ab513d9047c5f676c5c8a09b5c190e0a6e3ce0b63ec,legacy-incremental-float,spec012-confirm-03,1,float,2048,1024,1,1,callback,steady,full,all-publications-v1,spectrum-norms-v1,independent recursive binary64 FFT / direct DFT; matched float windows; direct bands and EMA,binary64 FFT / long-double direct DFT,2048,2048,2099200,2099200,1.7896422314979908e-07,2.2354712809377118e-07,9.1552734375e-05,unnormalized FFT magnitude,0,0
3aeff8d50243a034,945c6a828a5b8cddf9e31ab513d9047c5f676c5c8a09b5c190e0a6e3ce0b63ec,legacy-incremental-float,spec012-confirm-03,2,float,2048,1024,1,1,callback,steady,full,all-publications-v1,spectrum-norms-v1,independent recursive binary64 FFT / direct DFT; matched float windows; direct bands and EMA,binary64 FFT / long-double direct DFT,2048,2048,2099200,2099200,1.7896422314979908e-07,2.2354712809377118e-07,9.1552734375e-05,unnormalized FFT magnitude,0,0
3aeff8d50243a034,9498a7f9e0c19174d3604202e517f58a2aac8bd1e6472636a1cea5a44808c910,legacy-batch-float,spec012-confirm-01,0,float,2048,1024,1,1,callback,steady,full,all-publications-v1,spectrum-norms-v1,independent recursive binary64 FFT / direct DFT; matched float windows; direct bands and EMA,binary64 FFT / long-double direct DFT,2048,2048,2099200,2099200,2.15934702845581e-07,2.794693895227653e-07,0.00014317035675048828,unnormalized FFT magnitude,0,0
3aeff8d50243a034,9498a7f9e0c19174d3604202e517f58a2aac8bd1e6472636a1cea5a44808c910,legacy-batch-float,spec012-confirm-01,1,float,2048,1024,1,1,callback,steady,full,all-publications-v1,spectrum-norms-v1,independent recursive binary64 FFT / direct DFT; matched float windows; direct bands and EMA,binary64 FFT / long-double direct DFT,2048,2048,2099200,2099200,2.15934702845581e-07,2.794693895227653e-07,0.00014317035675048828,unnormalized FFT magnitude,0,0
3aeff8d50243a034,9498a7f9e0c19174d3604202e517f58a2aac8bd1e6472636a1cea5a44808c910,legacy-batch-float,spec012-confirm-01,2,float,2048,1024,1,1,callback,steady,full,all-publications-v1,spectrum-norms-v1,independent recursive binary64 FFT / direct DFT; matched float windows; direct bands and EMA,binary64 FFT / long-double direct DFT,2048,2048,2099200,2099200,2.15934702845581e-07,2.794693895227653e-07,0.00014317035675048828,unnormalized FFT magnitude,0,0
3aeff8d50243a034,9498a7f9e0c19174d3604202e517f58a2aac8bd1e6472636a1cea5a44808c910,legacy-batch-float,spec012-confirm-02,0,float,2048,1024,1,1,callback,steady,full,all-publications-v1,spectrum-norms-v1,independent recursive binary64 FFT / direct DFT; matched float windows; direct bands and EMA,binary64 FFT / long-double direct DFT,2048,2048,2099200,2099200,2.15934702845581e-07,2.794693895227653e-07,0.00014317035675048828,unnormalized FFT magnitude,0,0
3aeff8d50243a034,9498a7f9e0c19174d3604202e517f58a2aac8bd1e6472636a1cea5a44808c910,legacy-batch-float,spec012-confirm-02,1,float,2048,1024,1,1,callback,steady,full,all-publications-v1,spectrum-norms-v1,independent recursive binary64 FFT / direct DFT; matched float windows; direct bands and EMA,binary64 FFT / long-double direct DFT,2048,2048,2099200,2099200,2.15934702845581e-07,2.794693895227653e-07,0.00014317035675048828,unnormalized FFT magnitude,0,0
3aeff8d50243a034,9498a7f9e0c19174d3604202e517f58a2aac8bd1e6472636a1cea5a44808c910,legacy-batch-float,spec012-confirm-02,2,float,2048,1024,1,1,callback,steady,full,all-publications-v1,spectrum-norms-v1,independent recursive binary64 FFT / direct DFT; matched float windows; direct bands and EMA,binary64 FFT / long-double direct DFT,2048,2048,2099200,2099200,2.15934702845581e-07,2.794693895227653e-07,0.00014317035675048828,unnormalized FFT magnitude,0,0
3aeff8d50243a034,9498a7f9e0c19174d3604202e517f58a2aac8bd1e6472636a1cea5a44808c910,legacy-batch-float,spec012-confirm-03,0,float,2048,1024,1,1,callback,steady,full,all-publications-v1,spectrum-norms-v1,independent recursive binary64 FFT / direct DFT; matched float windows; direct bands and EMA,binary64 FFT / long-double direct DFT,2048,2048,2099200,2099200,2.15934702845581e-07,2.794693895227653e-07,0.00014317035675048828,unnormalized FFT magnitude,0,0
3aeff8d50243a034,9498a7f9e0c19174d3604202e517f58a2aac8bd1e6472636a1cea5a44808c910,legacy-batch-float,spec012-confirm-03,1,float,2048,1024,1,1,callback,steady,full,all-publications-v1,spectrum-norms-v1,independent recursive binary64 FFT / direct DFT; matched float windows; direct bands and EMA,binary64 FFT / long-double direct DFT,2048,2048,2099200,2099200,2.15934702845581e-07,2.794693895227653e-07,0.00014317035675048828,unnormalized FFT magnitude,0,0
3aeff8d50243a034,9498a7f9e0c19174d3604202e517f58a2aac8bd1e6472636a1cea5a44808c910,legacy-batch-float,spec012-confirm-03,2,float,2048,1024,1,1,callback,steady,full,all-publications-v1,spectrum-norms-v1,independent recursive binary64 FFT / direct DFT; matched float windows; direct bands and EMA,binary64 FFT / long-double direct DFT,2048,2048,2099200,2099200,2.15934702845581e-07,2.794693895227653e-07,0.00014317035675048828,unnormalized FFT magnitude,0,0
3aeff8d50243a034,97e9e1a5b6eba02428fc21a567daf148908655ee76419c031f11092463e48428,vdsp-analysis-float,spec012-confirm-01,0,float,2048,1024,1,1,callback,steady,existing all-output numerical replay,archived-vector-counts,spectrum-norms-v1,direct DFT or binary64 FFT of matched frame bytes; direct band sums and EMA,see archived reference; precision not separately recorded,2048,2048,2099200,2099200,1.6910148402627375e-07,2.2341206523453576e-07,9.1552734375e-05,unnormalized FFT magnitude,0,0
3aeff8d50243a034,97e9e1a5b6eba02428fc21a567daf148908655ee76419c031f11092463e48428,vdsp-analysis-float,spec012-confirm-01,1,float,2048,1024,1,1,callback,steady,existing all-output numerical replay,archived-vector-counts,spectrum-norms-v1,direct DFT or binary64 FFT of matched frame bytes; direct band sums and EMA,see archived reference; precision not separately recorded,2048,2048,2099200,2099200,1.6910148402627375e-07,2.2341206523453576e-07,9.1552734375e-05,unnormalized FFT magnitude,0,0
3aeff8d50243a034,97e9e1a5b6eba02428fc21a567daf148908655ee76419c031f11092463e48428,vdsp-analysis-float,spec012-confirm-01,2,float,2048,1024,1,1,callback,steady,existing all-output numerical replay,archived-vector-counts,spectrum-norms-v1,direct DFT or binary64 FFT of matched frame bytes; direct band sums and EMA,see archived reference; precision not separately recorded,2048,2048,2099200,2099200,1.6910148402627375e-07,2.2341206523453576e-07,9.1552734375e-05,unnormalized FFT magnitude,0,0
3aeff8d50243a034,97e9e1a5b6eba02428fc21a567daf148908655ee76419c031f11092463e48428,vdsp-analysis-float,spec012-confirm-02,0,float,2048,1024,1,1,callback,steady,existing all-output numerical replay,archived-vector-counts,spectrum-norms-v1,direct DFT or binary64 FFT of matched frame bytes; direct band sums and EMA,see archived reference; precision not separately recorded,2048,2048,2099200,2099200,1.6910148402627375e-07,2.2341206523453576e-07,9.1552734375e-05,unnormalized FFT magnitude,0,0
3aeff8d50243a034,97e9e1a5b6eba02428fc21a567daf148908655ee76419c031f11092463e48428,vdsp-analysis-float,spec012-confirm-02,1,float,2048,1024,1,1,callback,steady,existing all-output numerical replay,archived-vector-counts,spectrum-norms-v1,direct DFT or binary64 FFT of matched frame bytes; direct band sums and EMA,see archived reference; precision not separately recorded,2048,2048,2099200,2099200,1.6910148402627375e-07,2.2341206523453576e-07,9.1552734375e-05,unnormalized FFT magnitude,0,0
3aeff8d50243a034,97e9e1a5b6eba02428fc21a567daf148908655ee76419c031f11092463e48428,vdsp-analysis-float,spec012-confirm-02,2,float,2048,1024,1,1,callback,steady,existing all-output numerical replay,archived-vector-counts,spectrum-norms-v1,direct DFT or binary64 FFT of matched frame bytes; direct band sums and EMA,see archived reference; precision not separately recorded,2048,2048,2099200,2099200,1.6910148402627375e-07,2.2341206523453576e-07,9.1552734375e-05,unnormalized FFT magnitude,0,0
3aeff8d50243a034,97e9e1a5b6eba02428fc21a567daf148908655ee76419c031f11092463e48428,vdsp-analysis-float,spec012-confirm-03,0,float,2048,1024,1,1,callback,steady,existing all-output numerical replay,archived-vector-counts,spectrum-norms-v1,direct DFT or binary64 FFT of matched frame bytes; direct band sums and EMA,see archived reference; precision not separately recorded,2048,2048,2099200,2099200,1.6910148402627375e-07,2.2341206523453576e-07,9.1552734375e-05,unnormalized FFT magnitude,0,0
3aeff8d50243a034,97e9e1a5b6eba02428fc21a567daf148908655ee76419c031f11092463e48428,vdsp-analysis-float,spec012-confirm-03,1,float,2048,1024,1,1,callback,steady,existing all-output numerical replay,archived-vector-counts,spectrum-norms-v1,direct DFT or binary64 FFT of matched frame bytes; direct band sums and EMA,see archived reference; precision not separately recorded,2048,2048,2099200,2099200,1.6910148402627375e-07,2.2341206523453576e-07,9.1552734375e-05,unnormalized FFT magnitude,0,0
3aeff8d50243a034,97e9e1a5b6eba02428fc21a567daf148908655ee76419c031f11092463e48428,vdsp-analysis-float,spec012-confirm-03,2,float,2048,1024,1,1,callback,steady,existing all-output numerical replay,archived-vector-counts,spectrum-norms-v1,direct DFT or binary64 FFT of matched frame bytes; direct band sums and EMA,see archived reference; precision not separately recorded,2048,2048,2099200,2099200,1.6910148402627375e-07,2.2341206523453576e-07,9.1552734375e-05,unnormalized FFT magnitude,0,0
3aeff8d50243a034,9a5ad5750b54b47603ff3f481aeab19e952221c8f14b1d38de6be0949774c8bf,legacy-batch-float,spec012-confirm-01,0,float,4096,1024,1,1,callback,steady,full,all-publications-v1,spectrum-norms-v1,independent recursive binary64 FFT / direct DFT; matched float windows; direct bands and EMA,binary64 FFT / long-double direct DFT,2048,2048,4196352,4196352,2.261658101059299e-07,2.8183605963575486e-07,0.00028839707374572754,unnormalized FFT magnitude,0,0
3aeff8d50243a034,9a5ad5750b54b47603ff3f481aeab19e952221c8f14b1d38de6be0949774c8bf,legacy-batch-float,spec012-confirm-01,1,float,4096,1024,1,1,callback,steady,full,all-publications-v1,spectrum-norms-v1,independent recursive binary64 FFT / direct DFT; matched float windows; direct bands and EMA,binary64 FFT / long-double direct DFT,2048,2048,4196352,4196352,2.261658101059299e-07,2.8183605963575486e-07,0.00028839707374572754,unnormalized FFT magnitude,0,0
3aeff8d50243a034,9a5ad5750b54b47603ff3f481aeab19e952221c8f14b1d38de6be0949774c8bf,legacy-batch-float,spec012-confirm-01,2,float,4096,1024,1,1,callback,steady,full,all-publications-v1,spectrum-norms-v1,independent recursive binary64 FFT / direct DFT; matched float windows; direct bands and EMA,binary64 FFT / long-double direct DFT,2048,2048,4196352,4196352,2.261658101059299e-07,2.8183605963575486e-07,0.00028839707374572754,unnormalized FFT magnitude,0,0
3aeff8d50243a034,9a5ad5750b54b47603ff3f481aeab19e952221c8f14b1d38de6be0949774c8bf,legacy-batch-float,spec012-confirm-02,0,float,4096,1024,1,1,callback,steady,full,all-publications-v1,spectrum-norms-v1,independent recursive binary64 FFT / direct DFT; matched float windows; direct bands and EMA,binary64 FFT / long-double direct DFT,2048,2048,4196352,4196352,2.261658101059299e-07,2.8183605963575486e-07,0.00028839707374572754,unnormalized FFT magnitude,0,0
3aeff8d50243a034,9a5ad5750b54b47603ff3f481aeab19e952221c8f14b1d38de6be0949774c8bf,legacy-batch-float,spec012-confirm-02,1,float,4096,1024,1,1,callback,steady,full,all-publications-v1,spectrum-norms-v1,independent recursive binary64 FFT / direct DFT; matched float windows; direct bands and EMA,binary64 FFT / long-double direct DFT,2048,2048,4196352,4196352,2.261658101059299e-07,2.8183605963575486e-07,0.00028839707374572754,unnormalized FFT magnitude,0,0
3aeff8d50243a034,9a5ad5750b54b47603ff3f481aeab19e952221c8f14b1d38de6be0949774c8bf,legacy-batch-float,spec012-confirm-02,2,float,4096,1024,1,1,callback,steady,full,all-publications-v1,spectrum-norms-v1,independent recursive binary64 FFT / direct DFT; matched float windows; direct bands and EMA,binary64 FFT / long-double direct DFT,2048,2048,4196352,4196352,2.261658101059299e-07,2.8183605963575486e-07,0.00028839707374572754,unnormalized FFT magnitude,0,0
3aeff8d50243a034,9a5ad5750b54b47603ff3f481aeab19e952221c8f14b1d38de6be0949774c8bf,legacy-batch-float,spec012-confirm-03,0,float,4096,1024,1,1,callback,steady,full,all-publications-v1,spectrum-norms-v1,independent recursive binary64 FFT / direct DFT; matched float windows; direct bands and EMA,binary64 FFT / long-double direct DFT,2048,2048,4196352,4196352,2.261658101059299e-07,2.8183605963575486e-07,0.00028839707374572754,unnormalized FFT magnitude,0,0
3aeff8d50243a034,9a5ad5750b54b47603ff3f481aeab19e952221c8f14b1d38de6be0949774c8bf,legacy-batch-float,spec012-confirm-03,1,float,4096,1024,1,1,callback,steady,full,all-publications-v1,spectrum-norms-v1,independent recursive binary64 FFT / direct DFT; matched float windows; direct bands and EMA,binary64 FFT / long-double direct DFT,2048,2048,4196352,4196352,2.261658101059299e-07,2.8183605963575486e-07,0.00028839707374572754,unnormalized FFT magnitude,0,0
3aeff8d50243a034,9a5ad5750b54b47603ff3f481aeab19e952221c8f14b1d38de6be0949774c8bf,legacy-batch-float,spec012-confirm-03,2,float,4096,1024,1,1,callback,steady,full,all-publications-v1,spectrum-norms-v1,independent recursive binary64 FFT / direct DFT; matched float windows; direct bands and EMA,binary64 FFT / long-double direct DFT,2048,2048,4196352,4196352,2.261658101059299e-07,2.8183605963575486e-07,0.00028839707374572754,unnormalized FFT magnitude,0,0
3aeff8d50243a034,9f0df4b69eb782592b7c9e085adc2e0ef31c360a81a895e2b59274cc127e02b8,legacy-batch-float,spec012-confirm-01,0,float,16384,1024,1,1,callback,steady,full,all-publications-v1,spectrum-norms-v1,independent recursive binary64 FFT / direct DFT; matched float windows; direct bands and EMA,binary64 FFT / long-double direct DFT,2048,2048,16779264,16779264,2.314436441768113e-07,1.4903825983523968e-07,0.00048828125,unnormalized FFT magnitude,0,0
3aeff8d50243a034,9f0df4b69eb782592b7c9e085adc2e0ef31c360a81a895e2b59274cc127e02b8,legacy-batch-float,spec012-confirm-01,1,float,16384,1024,1,1,callback,steady,full,all-publications-v1,spectrum-norms-v1,independent recursive binary64 FFT / direct DFT; matched float windows; direct bands and EMA,binary64 FFT / long-double direct DFT,2048,2048,16779264,16779264,2.314436441768113e-07,1.4903825983523968e-07,0.00048828125,unnormalized FFT magnitude,0,0
3aeff8d50243a034,9f0df4b69eb782592b7c9e085adc2e0ef31c360a81a895e2b59274cc127e02b8,legacy-batch-float,spec012-confirm-01,2,float,16384,1024,1,1,callback,steady,full,all-publications-v1,spectrum-norms-v1,independent recursive binary64 FFT / direct DFT; matched float windows; direct bands and EMA,binary64 FFT / long-double direct DFT,2048,2048,16779264,16779264,2.314436441768113e-07,1.4903825983523968e-07,0.00048828125,unnormalized FFT magnitude,0,0
3aeff8d50243a034,9f0df4b69eb782592b7c9e085adc2e0ef31c360a81a895e2b59274cc127e02b8,legacy-batch-float,spec012-confirm-02,0,float,16384,1024,1,1,callback,steady,full,all-publications-v1,spectrum-norms-v1,independent recursive binary64 FFT / direct DFT; matched float windows; direct bands and EMA,binary64 FFT / long-double direct DFT,2048,2048,16779264,16779264,2.314436441768113e-07,1.4903825983523968e-07,0.00048828125,unnormalized FFT magnitude,0,0
3aeff8d50243a034,9f0df4b69eb782592b7c9e085adc2e0ef31c360a81a895e2b59274cc127e02b8,legacy-batch-float,spec012-confirm-02,1,float,16384,1024,1,1,callback,steady,full,all-publications-v1,spectrum-norms-v1,independent recursive binary64 FFT / direct DFT; matched float windows; direct bands and EMA,binary64 FFT / long-double direct DFT,2048,2048,16779264,16779264,2.314436441768113e-07,1.4903825983523968e-07,0.00048828125,unnormalized FFT magnitude,0,0
3aeff8d50243a034,9f0df4b69eb782592b7c9e085adc2e0ef31c360a81a895e2b59274cc127e02b8,legacy-batch-float,spec012-confirm-02,2,float,16384,1024,1,1,callback,steady,full,all-publications-v1,spectrum-norms-v1,independent recursive binary64 FFT / direct DFT; matched float windows; direct bands and EMA,binary64 FFT / long-double direct DFT,2048,2048,16779264,16779264,2.314436441768113e-07,1.4903825983523968e-07,0.00048828125,unnormalized FFT magnitude,0,0
3aeff8d50243a034,9f0df4b69eb782592b7c9e085adc2e0ef31c360a81a895e2b59274cc127e02b8,legacy-batch-float,spec012-confirm-03,0,float,16384,1024,1,1,callback,steady,full,all-publications-v1,spectrum-norms-v1,independent recursive binary64 FFT / direct DFT; matched float windows; direct bands and EMA,binary64 FFT / long-double direct DFT,2048,2048,16779264,16779264,2.314436441768113e-07,1.4903825983523968e-07,0.00048828125,unnormalized FFT magnitude,0,0
3aeff8d50243a034,9f0df4b69eb782592b7c9e085adc2e0ef31c360a81a895e2b59274cc127e02b8,legacy-batch-float,spec012-confirm-03,1,float,16384,1024,1,1,callback,steady,full,all-publications-v1,spectrum-norms-v1,independent recursive binary64 FFT / direct DFT; matched float windows; direct bands and EMA,binary64 FFT / long-double direct DFT,2048,2048,16779264,16779264,2.314436441768113e-07,1.4903825983523968e-07,0.00048828125,unnormalized FFT magnitude,0,0
3aeff8d50243a034,9f0df4b69eb782592b7c9e085adc2e0ef31c360a81a895e2b59274cc127e02b8,legacy-batch-float,spec012-confirm-03,2,float,16384,1024,1,1,callback,steady,full,all-publications-v1,spectrum-norms-v1,independent recursive binary64 FFT / direct DFT; matched float windows; direct bands and EMA,binary64 FFT / long-double direct DFT,2048,2048,16779264,16779264,2.314436441768113e-07,1.4903825983523968e-07,0.00048828125,unnormalized FFT magnitude,0,0
3aeff8d50243a034,9fbaaab82e858a9735604fb466fca7ca8b37abafa725ba569bf7cece73111423,core-float,spec012-confirm-01,0,float,16384,1024,1,1,callback,steady,full,all-publications-v1,spectrum-norms-v1,independent recursive binary64 FFT / direct DFT; matched float windows; direct bands and EMA,binary64 FFT / long-double direct DFT,2048,2048,16779264,16779264,2.314436441768113e-07,1.4903825983523968e-07,0.00048828125,unnormalized FFT magnitude,0,0
3aeff8d50243a034,9fbaaab82e858a9735604fb466fca7ca8b37abafa725ba569bf7cece73111423,core-float,spec012-confirm-01,1,float,16384,1024,1,1,callback,steady,full,all-publications-v1,spectrum-norms-v1,independent recursive binary64 FFT / direct DFT; matched float windows; direct bands and EMA,binary64 FFT / long-double direct DFT,2048,2048,16779264,16779264,2.314436441768113e-07,1.4903825983523968e-07,0.00048828125,unnormalized FFT magnitude,0,0
3aeff8d50243a034,9fbaaab82e858a9735604fb466fca7ca8b37abafa725ba569bf7cece73111423,core-float,spec012-confirm-01,2,float,16384,1024,1,1,callback,steady,full,all-publications-v1,spectrum-norms-v1,independent recursive binary64 FFT / direct DFT; matched float windows; direct bands and EMA,binary64 FFT / long-double direct DFT,2048,2048,16779264,16779264,2.314436441768113e-07,1.4903825983523968e-07,0.00048828125,unnormalized FFT magnitude,0,0
3aeff8d50243a034,9fbaaab82e858a9735604fb466fca7ca8b37abafa725ba569bf7cece73111423,core-float,spec012-confirm-02,0,float,16384,1024,1,1,callback,steady,full,all-publications-v1,spectrum-norms-v1,independent recursive binary64 FFT / direct DFT; matched float windows; direct bands and EMA,binary64 FFT / long-double direct DFT,2048,2048,16779264,16779264,2.314436441768113e-07,1.4903825983523968e-07,0.00048828125,unnormalized FFT magnitude,0,0
3aeff8d50243a034,9fbaaab82e858a9735604fb466fca7ca8b37abafa725ba569bf7cece73111423,core-float,spec012-confirm-02,1,float,16384,1024,1,1,callback,steady,full,all-publications-v1,spectrum-norms-v1,independent recursive binary64 FFT / direct DFT; matched float windows; direct bands and EMA,binary64 FFT / long-double direct DFT,2048,2048,16779264,16779264,2.314436441768113e-07,1.4903825983523968e-07,0.00048828125,unnormalized FFT magnitude,0,0
3aeff8d50243a034,9fbaaab82e858a9735604fb466fca7ca8b37abafa725ba569bf7cece73111423,core-float,spec012-confirm-02,2,float,16384,1024,1,1,callback,steady,full,all-publications-v1,spectrum-norms-v1,independent recursive binary64 FFT / direct DFT; matched float windows; direct bands and EMA,binary64 FFT / long-double direct DFT,2048,2048,16779264,16779264,2.314436441768113e-07,1.4903825983523968e-07,0.00048828125,unnormalized FFT magnitude,0,0
3aeff8d50243a034,9fbaaab82e858a9735604fb466fca7ca8b37abafa725ba569bf7cece73111423,core-float,spec012-confirm-03,0,float,16384,1024,1,1,callback,steady,full,all-publications-v1,spectrum-norms-v1,independent recursive binary64 FFT / direct DFT; matched float windows; direct bands and EMA,binary64 FFT / long-double direct DFT,2048,2048,16779264,16779264,2.314436441768113e-07,1.4903825983523968e-07,0.00048828125,unnormalized FFT magnitude,0,0
3aeff8d50243a034,9fbaaab82e858a9735604fb466fca7ca8b37abafa725ba569bf7cece73111423,core-float,spec012-confirm-03,1,float,16384,1024,1,1,callback,steady,full,all-publications-v1,spectrum-norms-v1,independent recursive binary64 FFT / direct DFT; matched float windows; direct bands and EMA,binary64 FFT / long-double direct DFT,2048,2048,16779264,16779264,2.314436441768113e-07,1.4903825983523968e-07,0.00048828125,unnormalized FFT magnitude,0,0
3aeff8d50243a034,9fbaaab82e858a9735604fb466fca7ca8b37abafa725ba569bf7cece73111423,core-float,spec012-confirm-03,2,float,16384,1024,1,1,callback,steady,full,all-publications-v1,spectrum-norms-v1,independent recursive binary64 FFT / direct DFT; matched float windows; direct bands and EMA,binary64 FFT / long-double direct DFT,2048,2048,16779264,16779264,2.314436441768113e-07,1.4903825983523968e-07,0.00048828125,unnormalized FFT magnitude,0,0
3aeff8d50243a034,a01f8d3d13525b7fba2ac1aa8e20c17d61e89c7b7ed5abfcda4553e8e49d9842,legacy-incremental-float,spec012-confirm-01,0,float,4096,1024,1,1,callback,steady,full,all-publications-v1,spectrum-norms-v1,independent recursive binary64 FFT / direct DFT; matched float windows; direct bands and EMA,binary64 FFT / long-double direct DFT,2048,2048,4196352,4196352,1.9008444915668287e-07,1.1167982614875916e-07,9.1552734375e-05,unnormalized FFT magnitude,0,0
3aeff8d50243a034,a01f8d3d13525b7fba2ac1aa8e20c17d61e89c7b7ed5abfcda4553e8e49d9842,legacy-incremental-float,spec012-confirm-01,1,float,4096,1024,1,1,callback,steady,full,all-publications-v1,spectrum-norms-v1,independent recursive binary64 FFT / direct DFT; matched float windows; direct bands and EMA,binary64 FFT / long-double direct DFT,2048,2048,4196352,4196352,1.9008444915668287e-07,1.1167982614875916e-07,9.1552734375e-05,unnormalized FFT magnitude,0,0
3aeff8d50243a034,a01f8d3d13525b7fba2ac1aa8e20c17d61e89c7b7ed5abfcda4553e8e49d9842,legacy-incremental-float,spec012-confirm-01,2,float,4096,1024,1,1,callback,steady,full,all-publications-v1,spectrum-norms-v1,independent recursive binary64 FFT / direct DFT; matched float windows; direct bands and EMA,binary64 FFT / long-double direct DFT,2048,2048,4196352,4196352,1.9008444915668287e-07,1.1167982614875916e-07,9.1552734375e-05,unnormalized FFT magnitude,0,0
3aeff8d50243a034,a01f8d3d13525b7fba2ac1aa8e20c17d61e89c7b7ed5abfcda4553e8e49d9842,legacy-incremental-float,spec012-confirm-02,0,float,4096,1024,1,1,callback,steady,full,all-publications-v1,spectrum-norms-v1,independent recursive binary64 FFT / direct DFT; matched float windows; direct bands and EMA,binary64 FFT / long-double direct DFT,2048,2048,4196352,4196352,1.9008444915668287e-07,1.1167982614875916e-07,9.1552734375e-05,unnormalized FFT magnitude,0,0
3aeff8d50243a034,a01f8d3d13525b7fba2ac1aa8e20c17d61e89c7b7ed5abfcda4553e8e49d9842,legacy-incremental-float,spec012-confirm-02,1,float,4096,1024,1,1,callback,steady,full,all-publications-v1,spectrum-norms-v1,independent recursive binary64 FFT / direct DFT; matched float windows; direct bands and EMA,binary64 FFT / long-double direct DFT,2048,2048,4196352,4196352,1.9008444915668287e-07,1.1167982614875916e-07,9.1552734375e-05,unnormalized FFT magnitude,0,0
3aeff8d50243a034,a01f8d3d13525b7fba2ac1aa8e20c17d61e89c7b7ed5abfcda4553e8e49d9842,legacy-incremental-float,spec012-confirm-02,2,float,4096,1024,1,1,callback,steady,full,all-publications-v1,spectrum-norms-v1,independent recursive binary64 FFT / direct DFT; matched float windows; direct bands and EMA,binary64 FFT / long-double direct DFT,2048,2048,4196352,4196352,1.9008444915668287e-07,1.1167982614875916e-07,9.1552734375e-05,unnormalized FFT magnitude,0,0
3aeff8d50243a034,a01f8d3d13525b7fba2ac1aa8e20c17d61e89c7b7ed5abfcda4553e8e49d9842,legacy-incremental-float,spec012-confirm-03,0,float,4096,1024,1,1,callback,steady,full,all-publications-v1,spectrum-norms-v1,independent recursive binary64 FFT / direct DFT; matched float windows; direct bands and EMA,binary64 FFT / long-double direct DFT,2048,2048,4196352,4196352,1.9008444915668287e-07,1.1167982614875916e-07,9.1552734375e-05,unnormalized FFT magnitude,0,0
3aeff8d50243a034,a01f8d3d13525b7fba2ac1aa8e20c17d61e89c7b7ed5abfcda4553e8e49d9842,legacy-incremental-float,spec012-confirm-03,1,float,4096,1024,1,1,callback,steady,full,all-publications-v1,spectrum-norms-v1,independent recursive binary64 FFT / direct DFT; matched float windows; direct bands and EMA,binary64 FFT / long-double direct DFT,2048,2048,4196352,4196352,1.9008444915668287e-07,1.1167982614875916e-07,9.1552734375e-05,unnormalized FFT magnitude,0,0
3aeff8d50243a034,a01f8d3d13525b7fba2ac1aa8e20c17d61e89c7b7ed5abfcda4553e8e49d9842,legacy-incremental-float,spec012-confirm-03,2,float,4096,1024,1,1,callback,steady,full,all-publications-v1,spectrum-norms-v1,independent recursive binary64 FFT / direct DFT; matched float windows; direct bands and EMA,binary64 FFT / long-double direct DFT,2048,2048,4196352,4196352,1.9008444915668287e-07,1.1167982614875916e-07,9.1552734375e-05,unnormalized FFT magnitude,0,0
3aeff8d50243a034,a0ab4ce4220b208c0a6fb40fdb11ebf4bb29c3d41c53d0317117260bf1209b14,legacy-incremental-float,spec012-confirm-01,0,float,16384,1024,1,1,callback,steady,full,all-publications-v1,spectrum-norms-v1,independent recursive binary64 FFT / direct DFT; matched float windows; direct bands and EMA,binary64 FFT / long-double direct DFT,2048,2048,16779264,16779264,2.314436441768113e-07,1.4903825983523968e-07,0.00048828125,unnormalized FFT magnitude,0,0
3aeff8d50243a034,a0ab4ce4220b208c0a6fb40fdb11ebf4bb29c3d41c53d0317117260bf1209b14,legacy-incremental-float,spec012-confirm-01,1,float,16384,1024,1,1,callback,steady,full,all-publications-v1,spectrum-norms-v1,independent recursive binary64 FFT / direct DFT; matched float windows; direct bands and EMA,binary64 FFT / long-double direct DFT,2048,2048,16779264,16779264,2.314436441768113e-07,1.4903825983523968e-07,0.00048828125,unnormalized FFT magnitude,0,0
3aeff8d50243a034,a0ab4ce4220b208c0a6fb40fdb11ebf4bb29c3d41c53d0317117260bf1209b14,legacy-incremental-float,spec012-confirm-01,2,float,16384,1024,1,1,callback,steady,full,all-publications-v1,spectrum-norms-v1,independent recursive binary64 FFT / direct DFT; matched float windows; direct bands and EMA,binary64 FFT / long-double direct DFT,2048,2048,16779264,16779264,2.314436441768113e-07,1.4903825983523968e-07,0.00048828125,unnormalized FFT magnitude,0,0
3aeff8d50243a034,a0ab4ce4220b208c0a6fb40fdb11ebf4bb29c3d41c53d0317117260bf1209b14,legacy-incremental-float,spec012-confirm-02,0,float,16384,1024,1,1,callback,steady,full,all-publications-v1,spectrum-norms-v1,independent recursive binary64 FFT / direct DFT; matched float windows; direct bands and EMA,binary64 FFT / long-double direct DFT,2048,2048,16779264,16779264,2.314436441768113e-07,1.4903825983523968e-07,0.00048828125,unnormalized FFT magnitude,0,0
3aeff8d50243a034,a0ab4ce4220b208c0a6fb40fdb11ebf4bb29c3d41c53d0317117260bf1209b14,legacy-incremental-float,spec012-confirm-02,1,float,16384,1024,1,1,callback,steady,full,all-publications-v1,spectrum-norms-v1,independent recursive binary64 FFT / direct DFT; matched float windows; direct bands and EMA,binary64 FFT / long-double direct DFT,2048,2048,16779264,16779264,2.314436441768113e-07,1.4903825983523968e-07,0.00048828125,unnormalized FFT magnitude,0,0
3aeff8d50243a034,a0ab4ce4220b208c0a6fb40fdb11ebf4bb29c3d41c53d0317117260bf1209b14,legacy-incremental-float,spec012-confirm-02,2,float,16384,1024,1,1,callback,steady,full,all-publications-v1,spectrum-norms-v1,independent recursive binary64 FFT / direct DFT; matched float windows; direct bands and EMA,binary64 FFT / long-double direct DFT,2048,2048,16779264,16779264,2.314436441768113e-07,1.4903825983523968e-07,0.00048828125,unnormalized FFT magnitude,0,0
3aeff8d50243a034,a0ab4ce4220b208c0a6fb40fdb11ebf4bb29c3d41c53d0317117260bf1209b14,legacy-incremental-float,spec012-confirm-03,0,float,16384,1024,1,1,callback,steady,full,all-publications-v1,spectrum-norms-v1,independent recursive binary64 FFT / direct DFT; matched float windows; direct bands and EMA,binary64 FFT / long-double direct DFT,2048,2048,16779264,16779264,2.314436441768113e-07,1.4903825983523968e-07,0.00048828125,unnormalized FFT magnitude,0,0
3aeff8d50243a034,a0ab4ce4220b208c0a6fb40fdb11ebf4bb29c3d41c53d0317117260bf1209b14,legacy-incremental-float,spec012-confirm-03,1,float,16384,1024,1,1,callback,steady,full,all-publications-v1,spectrum-norms-v1,independent recursive binary64 FFT / direct DFT; matched float windows; direct bands and EMA,binary64 FFT / long-double direct DFT,2048,2048,16779264,16779264,2.314436441768113e-07,1.4903825983523968e-07,0.00048828125,unnormalized FFT magnitude,0,0
3aeff8d50243a034,a0ab4ce4220b208c0a6fb40fdb11ebf4bb29c3d41c53d0317117260bf1209b14,legacy-incremental-float,spec012-confirm-03,2,float,16384,1024,1,1,callback,steady,full,all-publications-v1,spectrum-norms-v1,independent recursive binary64 FFT / direct DFT; matched float windows; direct bands and EMA,binary64 FFT / long-double direct DFT,2048,2048,16779264,16779264,2.314436441768113e-07,1.4903825983523968e-07,0.00048828125,unnormalized FFT magnitude,0,0
3aeff8d50243a034,a139d662aef1389e423d95dd3d5cfedb5a6272b7e9ef9a5e1f4e4f9d4521e7b9,pffft-scheduled-batch-float,spec012-confirm-01,0,float,2048,1024,1,1,callback,steady,existing all-output numerical replay,archived-vector-counts,spectrum-norms-v1,direct DFT or binary64 FFT of matched frame bytes; direct band sums and EMA,see archived reference; precision not separately recorded,2048,2048,2099200,2099200,1.2019560717045903e-07,1.191954924079027e-07,6.103515625e-05,unnormalized FFT magnitude,0,0
3aeff8d50243a034,a139d662aef1389e423d95dd3d5cfedb5a6272b7e9ef9a5e1f4e4f9d4521e7b9,pffft-scheduled-batch-float,spec012-confirm-01,1,float,2048,1024,1,1,callback,steady,existing all-output numerical replay,archived-vector-counts,spectrum-norms-v1,direct DFT or binary64 FFT of matched frame bytes; direct band sums and EMA,see archived reference; precision not separately recorded,2048,2048,2099200,2099200,1.2019560717045903e-07,1.191954924079027e-07,6.103515625e-05,unnormalized FFT magnitude,0,0
3aeff8d50243a034,a139d662aef1389e423d95dd3d5cfedb5a6272b7e9ef9a5e1f4e4f9d4521e7b9,pffft-scheduled-batch-float,spec012-confirm-01,2,float,2048,1024,1,1,callback,steady,existing all-output numerical replay,archived-vector-counts,spectrum-norms-v1,direct DFT or binary64 FFT of matched frame bytes; direct band sums and EMA,see archived reference; precision not separately recorded,2048,2048,2099200,2099200,1.2019560717045903e-07,1.191954924079027e-07,6.103515625e-05,unnormalized FFT magnitude,0,0
3aeff8d50243a034,a139d662aef1389e423d95dd3d5cfedb5a6272b7e9ef9a5e1f4e4f9d4521e7b9,pffft-scheduled-batch-float,spec012-confirm-02,0,float,2048,1024,1,1,callback,steady,existing all-output numerical replay,archived-vector-counts,spectrum-norms-v1,direct DFT or binary64 FFT of matched frame bytes; direct band sums and EMA,see archived reference; precision not separately recorded,2048,2048,2099200,2099200,1.2019560717045903e-07,1.191954924079027e-07,6.103515625e-05,unnormalized FFT magnitude,0,0
3aeff8d50243a034,a139d662aef1389e423d95dd3d5cfedb5a6272b7e9ef9a5e1f4e4f9d4521e7b9,pffft-scheduled-batch-float,spec012-confirm-02,1,float,2048,1024,1,1,callback,steady,existing all-output numerical replay,archived-vector-counts,spectrum-norms-v1,direct DFT or binary64 FFT of matched frame bytes; direct band sums and EMA,see archived reference; precision not separately recorded,2048,2048,2099200,2099200,1.2019560717045903e-07,1.191954924079027e-07,6.103515625e-05,unnormalized FFT magnitude,0,0
3aeff8d50243a034,a139d662aef1389e423d95dd3d5cfedb5a6272b7e9ef9a5e1f4e4f9d4521e7b9,pffft-scheduled-batch-float,spec012-confirm-02,2,float,2048,1024,1,1,callback,steady,existing all-output numerical replay,archived-vector-counts,spectrum-norms-v1,direct DFT or binary64 FFT of matched frame bytes; direct band sums and EMA,see archived reference; precision not separately recorded,2048,2048,2099200,2099200,1.2019560717045903e-07,1.191954924079027e-07,6.103515625e-05,unnormalized FFT magnitude,0,0
3aeff8d50243a034,a139d662aef1389e423d95dd3d5cfedb5a6272b7e9ef9a5e1f4e4f9d4521e7b9,pffft-scheduled-batch-float,spec012-confirm-03,0,float,2048,1024,1,1,callback,steady,existing all-output numerical replay,archived-vector-counts,spectrum-norms-v1,direct DFT or binary64 FFT of matched frame bytes; direct band sums and EMA,see archived reference; precision not separately recorded,2048,2048,2099200,2099200,1.2019560717045903e-07,1.191954924079027e-07,6.103515625e-05,unnormalized FFT magnitude,0,0
3aeff8d50243a034,a139d662aef1389e423d95dd3d5cfedb5a6272b7e9ef9a5e1f4e4f9d4521e7b9,pffft-scheduled-batch-float,spec012-confirm-03,1,float,2048,1024,1,1,callback,steady,existing all-output numerical replay,archived-vector-counts,spectrum-norms-v1,direct DFT or binary64 FFT of matched frame bytes; direct band sums and EMA,see archived reference; precision not separately recorded,2048,2048,2099200,2099200,1.2019560717045903e-07,1.191954924079027e-07,6.103515625e-05,unnormalized FFT magnitude,0,0
3aeff8d50243a034,a139d662aef1389e423d95dd3d5cfedb5a6272b7e9ef9a5e1f4e4f9d4521e7b9,pffft-scheduled-batch-float,spec012-confirm-03,2,float,2048,1024,1,1,callback,steady,existing all-output numerical replay,archived-vector-counts,spectrum-norms-v1,direct DFT or binary64 FFT of matched frame bytes; direct band sums and EMA,see archived reference; precision not separately recorded,2048,2048,2099200,2099200,1.2019560717045903e-07,1.191954924079027e-07,6.103515625e-05,unnormalized FFT magnitude,0,0
3aeff8d50243a034,a27bb9281c543068c7e2f2702cb375c89760567ea7ff0fb7a0e6d5ca88ae24a2,pffft-analysis-float,spec012-confirm-01,0,float,4096,1024,1,1,callback,steady,existing all-output numerical replay,archived-vector-counts,spectrum-norms-v1,direct DFT or binary64 FFT of matched frame bytes; direct band sums and EMA,see archived reference; precision not separately recorded,2048,2048,4196352,4196352,1.651287305471812e-07,2.3812060927920297e-07,0.000244140625,unnormalized FFT magnitude,0,0
3aeff8d50243a034,a27bb9281c543068c7e2f2702cb375c89760567ea7ff0fb7a0e6d5ca88ae24a2,pffft-analysis-float,spec012-confirm-01,1,float,4096,1024,1,1,callback,steady,existing all-output numerical replay,archived-vector-counts,spectrum-norms-v1,direct DFT or binary64 FFT of matched frame bytes; direct band sums and EMA,see archived reference; precision not separately recorded,2048,2048,4196352,4196352,1.651287305471812e-07,2.3812060927920297e-07,0.000244140625,unnormalized FFT magnitude,0,0
3aeff8d50243a034,a27bb9281c543068c7e2f2702cb375c89760567ea7ff0fb7a0e6d5ca88ae24a2,pffft-analysis-float,spec012-confirm-01,2,float,4096,1024,1,1,callback,steady,existing all-output numerical replay,archived-vector-counts,spectrum-norms-v1,direct DFT or binary64 FFT of matched frame bytes; direct band sums and EMA,see archived reference; precision not separately recorded,2048,2048,4196352,4196352,1.651287305471812e-07,2.3812060927920297e-07,0.000244140625,unnormalized FFT magnitude,0,0
3aeff8d50243a034,a27bb9281c543068c7e2f2702cb375c89760567ea7ff0fb7a0e6d5ca88ae24a2,pffft-analysis-float,spec012-confirm-02,0,float,4096,1024,1,1,callback,steady,existing all-output numerical replay,archived-vector-counts,spectrum-norms-v1,direct DFT or binary64 FFT of matched frame bytes; direct band sums and EMA,see archived reference; precision not separately recorded,2048,2048,4196352,4196352,1.651287305471812e-07,2.3812060927920297e-07,0.000244140625,unnormalized FFT magnitude,0,0
3aeff8d50243a034,a27bb9281c543068c7e2f2702cb375c89760567ea7ff0fb7a0e6d5ca88ae24a2,pffft-analysis-float,spec012-confirm-02,1,float,4096,1024,1,1,callback,steady,existing all-output numerical replay,archived-vector-counts,spectrum-norms-v1,direct DFT or binary64 FFT of matched frame bytes; direct band sums and EMA,see archived reference; precision not separately recorded,2048,2048,4196352,4196352,1.651287305471812e-07,2.3812060927920297e-07,0.000244140625,unnormalized FFT magnitude,0,0
3aeff8d50243a034,a27bb9281c543068c7e2f2702cb375c89760567ea7ff0fb7a0e6d5ca88ae24a2,pffft-analysis-float,spec012-confirm-02,2,float,4096,1024,1,1,callback,steady,existing all-output numerical replay,archived-vector-counts,spectrum-norms-v1,direct DFT or binary64 FFT of matched frame bytes; direct band sums and EMA,see archived reference; precision not separately recorded,2048,2048,4196352,4196352,1.651287305471812e-07,2.3812060927920297e-07,0.000244140625,unnormalized FFT magnitude,0,0
3aeff8d50243a034,a27bb9281c543068c7e2f2702cb375c89760567ea7ff0fb7a0e6d5ca88ae24a2,pffft-analysis-float,spec012-confirm-03,0,float,4096,1024,1,1,callback,steady,existing all-output numerical replay,archived-vector-counts,spectrum-norms-v1,direct DFT or binary64 FFT of matched frame bytes; direct band sums and EMA,see archived reference; precision not separately recorded,2048,2048,4196352,4196352,1.651287305471812e-07,2.3812060927920297e-07,0.000244140625,unnormalized FFT magnitude,0,0
3aeff8d50243a034,a27bb9281c543068c7e2f2702cb375c89760567ea7ff0fb7a0e6d5ca88ae24a2,pffft-analysis-float,spec012-confirm-03,1,float,4096,1024,1,1,callback,steady,existing all-output numerical replay,archived-vector-counts,spectrum-norms-v1,direct DFT or binary64 FFT of matched frame bytes; direct band sums and EMA,see archived reference; precision not separately recorded,2048,2048,4196352,4196352,1.651287305471812e-07,2.3812060927920297e-07,0.000244140625,unnormalized FFT magnitude,0,0
3aeff8d50243a034,a27bb9281c543068c7e2f2702cb375c89760567ea7ff0fb7a0e6d5ca88ae24a2,pffft-analysis-float,spec012-confirm-03,2,float,4096,1024,1,1,callback,steady,existing all-output numerical replay,archived-vector-counts,spectrum-norms-v1,direct DFT or binary64 FFT of matched frame bytes; direct band sums and EMA,see archived reference; precision not separately recorded,2048,2048,4196352,4196352,1.651287305471812e-07,2.3812060927920297e-07,0.000244140625,unnormalized FFT magnitude,0,0
3aeff8d50243a034,a48dab961f5feb058e1cc7cf6c8387154bc756ada0566d48c64283418036a071,pffft-hybrid-float,spec012-confirm-01,0,float,4096,1024,1,1,throughput,steady,existing all-output numerical replay,archived-vector-counts,spectrum-norms-v1,direct DFT or binary64 FFT of matched frame bytes; direct band sums and EMA,see archived reference; precision not separately recorded,2048,2048,4196352,4196352,2.0198579984200523e-07,1.4903790443764086e-07,0.0001220703125,unnormalized FFT magnitude,0,0
3aeff8d50243a034,a48dab961f5feb058e1cc7cf6c8387154bc756ada0566d48c64283418036a071,pffft-hybrid-float,spec012-confirm-01,1,float,4096,1024,1,1,throughput,steady,existing all-output numerical replay,archived-vector-counts,spectrum-norms-v1,direct DFT or binary64 FFT of matched frame bytes; direct band sums and EMA,see archived reference; precision not separately recorded,2048,2048,4196352,4196352,2.0198579984200523e-07,1.4903790443764086e-07,0.0001220703125,unnormalized FFT magnitude,0,0
3aeff8d50243a034,a48dab961f5feb058e1cc7cf6c8387154bc756ada0566d48c64283418036a071,pffft-hybrid-float,spec012-confirm-01,2,float,4096,1024,1,1,throughput,steady,existing all-output numerical replay,archived-vector-counts,spectrum-norms-v1,direct DFT or binary64 FFT of matched frame bytes; direct band sums and EMA,see archived reference; precision not separately recorded,2048,2048,4196352,4196352,2.0198579984200523e-07,1.4903790443764086e-07,0.0001220703125,unnormalized FFT magnitude,0,0
3aeff8d50243a034,a48dab961f5feb058e1cc7cf6c8387154bc756ada0566d48c64283418036a071,pffft-hybrid-float,spec012-confirm-02,0,float,4096,1024,1,1,throughput,steady,existing all-output numerical replay,archived-vector-counts,spectrum-norms-v1,direct DFT or binary64 FFT of matched frame bytes; direct band sums and EMA,see archived reference; precision not separately recorded,2048,2048,4196352,4196352,2.0198579984200523e-07,1.4903790443764086e-07,0.0001220703125,unnormalized FFT magnitude,0,0
3aeff8d50243a034,a48dab961f5feb058e1cc7cf6c8387154bc756ada0566d48c64283418036a071,pffft-hybrid-float,spec012-confirm-02,1,float,4096,1024,1,1,throughput,steady,existing all-output numerical replay,archived-vector-counts,spectrum-norms-v1,direct DFT or binary64 FFT of matched frame bytes; direct band sums and EMA,see archived reference; precision not separately recorded,2048,2048,4196352,4196352,2.0198579984200523e-07,1.4903790443764086e-07,0.0001220703125,unnormalized FFT magnitude,0,0
3aeff8d50243a034,a48dab961f5feb058e1cc7cf6c8387154bc756ada0566d48c64283418036a071,pffft-hybrid-float,spec012-confirm-02,2,float,4096,1024,1,1,throughput,steady,existing all-output numerical replay,archived-vector-counts,spectrum-norms-v1,direct DFT or binary64 FFT of matched frame bytes; direct band sums and EMA,see archived reference; precision not separately recorded,2048,2048,4196352,4196352,2.0198579984200523e-07,1.4903790443764086e-07,0.0001220703125,unnormalized FFT magnitude,0,0
3aeff8d50243a034,a48dab961f5feb058e1cc7cf6c8387154bc756ada0566d48c64283418036a071,pffft-hybrid-float,spec012-confirm-03,0,float,4096,1024,1,1,throughput,steady,existing all-output numerical replay,archived-vector-counts,spectrum-norms-v1,direct DFT or binary64 FFT of matched frame bytes; direct band sums and EMA,see archived reference; precision not separately recorded,2048,2048,4196352,4196352,2.0198579984200523e-07,1.4903790443764086e-07,0.0001220703125,unnormalized FFT magnitude,0,0
3aeff8d50243a034,a48dab961f5feb058e1cc7cf6c8387154bc756ada0566d48c64283418036a071,pffft-hybrid-float,spec012-confirm-03,1,float,4096,1024,1,1,throughput,steady,existing all-output numerical replay,archived-vector-counts,spectrum-norms-v1,direct DFT or binary64 FFT of matched frame bytes; direct band sums and EMA,see archived reference; precision not separately recorded,2048,2048,4196352,4196352,2.0198579984200523e-07,1.4903790443764086e-07,0.0001220703125,unnormalized FFT magnitude,0,0
3aeff8d50243a034,a48dab961f5feb058e1cc7cf6c8387154bc756ada0566d48c64283418036a071,pffft-hybrid-float,spec012-confirm-03,2,float,4096,1024,1,1,throughput,steady,existing all-output numerical replay,archived-vector-counts,spectrum-norms-v1,direct DFT or binary64 FFT of matched frame bytes; direct band sums and EMA,see archived reference; precision not separately recorded,2048,2048,4196352,4196352,2.0198579984200523e-07,1.4903790443764086e-07,0.0001220703125,unnormalized FFT magnitude,0,0
3aeff8d50243a034,a5e71f4c3ff896ab837fed0d8d5c26e4aaa8e85bd45c01190c09b62d59ee4ce2,fftw-analysis-float,spec012-confirm-01,0,float,16384,1024,1,1,throughput,steady,existing all-output numerical replay,archived-vector-counts,spectrum-norms-v1,direct DFT or binary64 FFT of matched frame bytes; direct band sums and EMA,see archived reference; precision not separately recorded,2048,2048,16779264,16779264,2.342587853606146e-07,1.4903825983523968e-07,0.00048828125,unnormalized FFT magnitude,0,0
3aeff8d50243a034,a5e71f4c3ff896ab837fed0d8d5c26e4aaa8e85bd45c01190c09b62d59ee4ce2,fftw-analysis-float,spec012-confirm-01,1,float,16384,1024,1,1,throughput,steady,existing all-output numerical replay,archived-vector-counts,spectrum-norms-v1,direct DFT or binary64 FFT of matched frame bytes; direct band sums and EMA,see archived reference; precision not separately recorded,2048,2048,16779264,16779264,2.342587853606146e-07,1.4903825983523968e-07,0.00048828125,unnormalized FFT magnitude,0,0
3aeff8d50243a034,a5e71f4c3ff896ab837fed0d8d5c26e4aaa8e85bd45c01190c09b62d59ee4ce2,fftw-analysis-float,spec012-confirm-01,2,float,16384,1024,1,1,throughput,steady,existing all-output numerical replay,archived-vector-counts,spectrum-norms-v1,direct DFT or binary64 FFT of matched frame bytes; direct band sums and EMA,see archived reference; precision not separately recorded,2048,2048,16779264,16779264,2.342587853606146e-07,1.4903825983523968e-07,0.00048828125,unnormalized FFT magnitude,0,0
3aeff8d50243a034,a5e71f4c3ff896ab837fed0d8d5c26e4aaa8e85bd45c01190c09b62d59ee4ce2,fftw-analysis-float,spec012-confirm-02,0,float,16384,1024,1,1,throughput,steady,existing all-output numerical replay,archived-vector-counts,spectrum-norms-v1,direct DFT or binary64 FFT of matched frame bytes; direct band sums and EMA,see archived reference; precision not separately recorded,2048,2048,16779264,16779264,2.342587853606146e-07,1.4903825983523968e-07,0.00048828125,unnormalized FFT magnitude,0,0
3aeff8d50243a034,a5e71f4c3ff896ab837fed0d8d5c26e4aaa8e85bd45c01190c09b62d59ee4ce2,fftw-analysis-float,spec012-confirm-02,1,float,16384,1024,1,1,throughput,steady,existing all-output numerical replay,archived-vector-counts,spectrum-norms-v1,direct DFT or binary64 FFT of matched frame bytes; direct band sums and EMA,see archived reference; precision not separately recorded,2048,2048,16779264,16779264,2.342587853606146e-07,1.4903825983523968e-07,0.00048828125,unnormalized FFT magnitude,0,0
3aeff8d50243a034,a5e71f4c3ff896ab837fed0d8d5c26e4aaa8e85bd45c01190c09b62d59ee4ce2,fftw-analysis-float,spec012-confirm-02,2,float,16384,1024,1,1,throughput,steady,existing all-output numerical replay,archived-vector-counts,spectrum-norms-v1,direct DFT or binary64 FFT of matched frame bytes; direct band sums and EMA,see archived reference; precision not separately recorded,2048,2048,16779264,16779264,2.342587853606146e-07,1.4903825983523968e-07,0.00048828125,unnormalized FFT magnitude,0,0
3aeff8d50243a034,a5e71f4c3ff896ab837fed0d8d5c26e4aaa8e85bd45c01190c09b62d59ee4ce2,fftw-analysis-float,spec012-confirm-03,0,float,16384,1024,1,1,throughput,steady,existing all-output numerical replay,archived-vector-counts,spectrum-norms-v1,direct DFT or binary64 FFT of matched frame bytes; direct band sums and EMA,see archived reference; precision not separately recorded,2048,2048,16779264,16779264,2.342587853606146e-07,1.4903825983523968e-07,0.00048828125,unnormalized FFT magnitude,0,0
3aeff8d50243a034,a5e71f4c3ff896ab837fed0d8d5c26e4aaa8e85bd45c01190c09b62d59ee4ce2,fftw-analysis-float,spec012-confirm-03,1,float,16384,1024,1,1,throughput,steady,existing all-output numerical replay,archived-vector-counts,spectrum-norms-v1,direct DFT or binary64 FFT of matched frame bytes; direct band sums and EMA,see archived reference; precision not separately recorded,2048,2048,16779264,16779264,2.342587853606146e-07,1.4903825983523968e-07,0.00048828125,unnormalized FFT magnitude,0,0
3aeff8d50243a034,a5e71f4c3ff896ab837fed0d8d5c26e4aaa8e85bd45c01190c09b62d59ee4ce2,fftw-analysis-float,spec012-confirm-03,2,float,16384,1024,1,1,throughput,steady,existing all-output numerical replay,archived-vector-counts,spectrum-norms-v1,direct DFT or binary64 FFT of matched frame bytes; direct band sums and EMA,see archived reference; precision not separately recorded,2048,2048,16779264,16779264,2.342587853606146e-07,1.4903825983523968e-07,0.00048828125,unnormalized FFT magnitude,0,0
3aeff8d50243a034,a7add42b98698dd4cf45ba06ae9ece71552607f9a6ee47a64f20626c7f7cafd4,vdsp-analysis-float,spec012-confirm-01,0,float,16384,1024,1,1,callback,steady,existing all-output numerical replay,archived-vector-counts,spectrum-norms-v1,direct DFT or binary64 FFT of matched frame bytes; direct band sums and EMA,see archived reference; precision not separately recorded,2048,2048,16779264,16779264,2.29211784893951e-07,1.4903825983523968e-07,0.00048828125,unnormalized FFT magnitude,0,0
3aeff8d50243a034,a7add42b98698dd4cf45ba06ae9ece71552607f9a6ee47a64f20626c7f7cafd4,vdsp-analysis-float,spec012-confirm-01,1,float,16384,1024,1,1,callback,steady,existing all-output numerical replay,archived-vector-counts,spectrum-norms-v1,direct DFT or binary64 FFT of matched frame bytes; direct band sums and EMA,see archived reference; precision not separately recorded,2048,2048,16779264,16779264,2.29211784893951e-07,1.4903825983523968e-07,0.00048828125,unnormalized FFT magnitude,0,0
3aeff8d50243a034,a7add42b98698dd4cf45ba06ae9ece71552607f9a6ee47a64f20626c7f7cafd4,vdsp-analysis-float,spec012-confirm-01,2,float,16384,1024,1,1,callback,steady,existing all-output numerical replay,archived-vector-counts,spectrum-norms-v1,direct DFT or binary64 FFT of matched frame bytes; direct band sums and EMA,see archived reference; precision not separately recorded,2048,2048,16779264,16779264,2.29211784893951e-07,1.4903825983523968e-07,0.00048828125,unnormalized FFT magnitude,0,0
3aeff8d50243a034,a7add42b98698dd4cf45ba06ae9ece71552607f9a6ee47a64f20626c7f7cafd4,vdsp-analysis-float,spec012-confirm-02,0,float,16384,1024,1,1,callback,steady,existing all-output numerical replay,archived-vector-counts,spectrum-norms-v1,direct DFT or binary64 FFT of matched frame bytes; direct band sums and EMA,see archived reference; precision not separately recorded,2048,2048,16779264,16779264,2.29211784893951e-07,1.4903825983523968e-07,0.00048828125,unnormalized FFT magnitude,0,0
3aeff8d50243a034,a7add42b98698dd4cf45ba06ae9ece71552607f9a6ee47a64f20626c7f7cafd4,vdsp-analysis-float,spec012-confirm-02,1,float,16384,1024,1,1,callback,steady,existing all-output numerical replay,archived-vector-counts,spectrum-norms-v1,direct DFT or binary64 FFT of matched frame bytes; direct band sums and EMA,see archived reference; precision not separately recorded,2048,2048,16779264,16779264,2.29211784893951e-07,1.4903825983523968e-07,0.00048828125,unnormalized FFT magnitude,0,0
3aeff8d50243a034,a7add42b98698dd4cf45ba06ae9ece71552607f9a6ee47a64f20626c7f7cafd4,vdsp-analysis-float,spec012-confirm-02,2,float,16384,1024,1,1,callback,steady,existing all-output numerical replay,archived-vector-counts,spectrum-norms-v1,direct DFT or binary64 FFT of matched frame bytes; direct band sums and EMA,see archived reference; precision not separately recorded,2048,2048,16779264,16779264,2.29211784893951e-07,1.4903825983523968e-07,0.00048828125,unnormalized FFT magnitude,0,0
3aeff8d50243a034,a7add42b98698dd4cf45ba06ae9ece71552607f9a6ee47a64f20626c7f7cafd4,vdsp-analysis-float,spec012-confirm-03,0,float,16384,1024,1,1,callback,steady,existing all-output numerical replay,archived-vector-counts,spectrum-norms-v1,direct DFT or binary64 FFT of matched frame bytes; direct band sums and EMA,see archived reference; precision not separately recorded,2048,2048,16779264,16779264,2.29211784893951e-07,1.4903825983523968e-07,0.00048828125,unnormalized FFT magnitude,0,0
3aeff8d50243a034,a7add42b98698dd4cf45ba06ae9ece71552607f9a6ee47a64f20626c7f7cafd4,vdsp-analysis-float,spec012-confirm-03,1,float,16384,1024,1,1,callback,steady,existing all-output numerical replay,archived-vector-counts,spectrum-norms-v1,direct DFT or binary64 FFT of matched frame bytes; direct band sums and EMA,see archived reference; precision not separately recorded,2048,2048,16779264,16779264,2.29211784893951e-07,1.4903825983523968e-07,0.00048828125,unnormalized FFT magnitude,0,0
3aeff8d50243a034,a7add42b98698dd4cf45ba06ae9ece71552607f9a6ee47a64f20626c7f7cafd4,vdsp-analysis-float,spec012-confirm-03,2,float,16384,1024,1,1,callback,steady,existing all-output numerical replay,archived-vector-counts,spectrum-norms-v1,direct DFT or binary64 FFT of matched frame bytes; direct band sums and EMA,see archived reference; precision not separately recorded,2048,2048,16779264,16779264,2.29211784893951e-07,1.4903825983523968e-07,0.00048828125,unnormalized FFT magnitude,0,0
3aeff8d50243a034,a91100fe93563e40248f8fa3483da195ec4cd9c0b236b47007ca2fc6eea09a39,pffft-scheduled-batch-float,spec012-confirm-01,0,float,16384,1024,1,1,callback,steady,existing all-output numerical replay,archived-vector-counts,spectrum-norms-v1,direct DFT or binary64 FFT of matched frame bytes; direct band sums and EMA,see archived reference; precision not separately recorded,2048,2048,16779264,16779264,1.222607767483183e-07,1.1919512301234683e-07,0.00048828125,unnormalized FFT magnitude,0,32
3aeff8d50243a034,a91100fe93563e40248f8fa3483da195ec4cd9c0b236b47007ca2fc6eea09a39,pffft-scheduled-batch-float,spec012-confirm-01,1,float,16384,1024,1,1,callback,steady,existing all-output numerical replay,archived-vector-counts,spectrum-norms-v1,direct DFT or binary64 FFT of matched frame bytes; direct band sums and EMA,see archived reference; precision not separately recorded,2048,2048,16779264,16779264,1.222607767483183e-07,1.1919512301234683e-07,0.00048828125,unnormalized FFT magnitude,0,32
3aeff8d50243a034,a91100fe93563e40248f8fa3483da195ec4cd9c0b236b47007ca2fc6eea09a39,pffft-scheduled-batch-float,spec012-confirm-01,2,float,16384,1024,1,1,callback,steady,existing all-output numerical replay,archived-vector-counts,spectrum-norms-v1,direct DFT or binary64 FFT of matched frame bytes; direct band sums and EMA,see archived reference; precision not separately recorded,2048,2048,16779264,16779264,1.222607767483183e-07,1.1919512301234683e-07,0.00048828125,unnormalized FFT magnitude,0,32
3aeff8d50243a034,a91100fe93563e40248f8fa3483da195ec4cd9c0b236b47007ca2fc6eea09a39,pffft-scheduled-batch-float,spec012-confirm-02,0,float,16384,1024,1,1,callback,steady,existing all-output numerical replay,archived-vector-counts,spectrum-norms-v1,direct DFT or binary64 FFT of matched frame bytes; direct band sums and EMA,see archived reference; precision not separately recorded,2048,2048,16779264,16779264,1.222607767483183e-07,1.1919512301234683e-07,0.00048828125,unnormalized FFT magnitude,0,32
3aeff8d50243a034,a91100fe93563e40248f8fa3483da195ec4cd9c0b236b47007ca2fc6eea09a39,pffft-scheduled-batch-float,spec012-confirm-02,1,float,16384,1024,1,1,callback,steady,existing all-output numerical replay,archived-vector-counts,spectrum-norms-v1,direct DFT or binary64 FFT of matched frame bytes; direct band sums and EMA,see archived reference; precision not separately recorded,2048,2048,16779264,16779264,1.222607767483183e-07,1.1919512301234683e-07,0.00048828125,unnormalized FFT magnitude,0,32
3aeff8d50243a034,a91100fe93563e40248f8fa3483da195ec4cd9c0b236b47007ca2fc6eea09a39,pffft-scheduled-batch-float,spec012-confirm-02,2,float,16384,1024,1,1,callback,steady,existing all-output numerical replay,archived-vector-counts,spectrum-norms-v1,direct DFT or binary64 FFT of matched frame bytes; direct band sums and EMA,see archived reference; precision not separately recorded,2048,2048,16779264,16779264,1.222607767483183e-07,1.1919512301234683e-07,0.00048828125,unnormalized FFT magnitude,0,32
3aeff8d50243a034,a91100fe93563e40248f8fa3483da195ec4cd9c0b236b47007ca2fc6eea09a39,pffft-scheduled-batch-float,spec012-confirm-03,0,float,16384,1024,1,1,callback,steady,existing all-output numerical replay,archived-vector-counts,spectrum-norms-v1,direct DFT or binary64 FFT of matched frame bytes; direct band sums and EMA,see archived reference; precision not separately recorded,2048,2048,16779264,16779264,1.222607767483183e-07,1.1919512301234683e-07,0.00048828125,unnormalized FFT magnitude,0,32
3aeff8d50243a034,a91100fe93563e40248f8fa3483da195ec4cd9c0b236b47007ca2fc6eea09a39,pffft-scheduled-batch-float,spec012-confirm-03,1,float,16384,1024,1,1,callback,steady,existing all-output numerical replay,archived-vector-counts,spectrum-norms-v1,direct DFT or binary64 FFT of matched frame bytes; direct band sums and EMA,see archived reference; precision not separately recorded,2048,2048,16779264,16779264,1.222607767483183e-07,1.1919512301234683e-07,0.00048828125,unnormalized FFT magnitude,0,32
3aeff8d50243a034,a91100fe93563e40248f8fa3483da195ec4cd9c0b236b47007ca2fc6eea09a39,pffft-scheduled-batch-float,spec012-confirm-03,2,float,16384,1024,1,1,callback,steady,existing all-output numerical replay,archived-vector-counts,spectrum-norms-v1,direct DFT or binary64 FFT of matched frame bytes; direct band sums and EMA,see archived reference; precision not separately recorded,2048,2048,16779264,16779264,1.222607767483183e-07,1.1919512301234683e-07,0.00048828125,unnormalized FFT magnitude,0,32
3aeff8d50243a034,a9813318effe6e220c92583c9c5da98878c8fbd36a728f60568b5aa36c2c5268,pffft-analysis-float,spec012-confirm-01,0,float,16384,1024,1,1,callback,steady,existing all-output numerical replay,archived-vector-counts,spectrum-norms-v1,direct DFT or binary64 FFT of matched frame bytes; direct band sums and EMA,see archived reference; precision not separately recorded,2048,2048,16779264,16779264,2.2623933788848086e-07,1.4903825983523968e-07,0.00048828125,unnormalized FFT magnitude,0,0
3aeff8d50243a034,a9813318effe6e220c92583c9c5da98878c8fbd36a728f60568b5aa36c2c5268,pffft-analysis-float,spec012-confirm-01,1,float,16384,1024,1,1,callback,steady,existing all-output numerical replay,archived-vector-counts,spectrum-norms-v1,direct DFT or binary64 FFT of matched frame bytes; direct band sums and EMA,see archived reference; precision not separately recorded,2048,2048,16779264,16779264,2.2623933788848086e-07,1.4903825983523968e-07,0.00048828125,unnormalized FFT magnitude,0,0
3aeff8d50243a034,a9813318effe6e220c92583c9c5da98878c8fbd36a728f60568b5aa36c2c5268,pffft-analysis-float,spec012-confirm-01,2,float,16384,1024,1,1,callback,steady,existing all-output numerical replay,archived-vector-counts,spectrum-norms-v1,direct DFT or binary64 FFT of matched frame bytes; direct band sums and EMA,see archived reference; precision not separately recorded,2048,2048,16779264,16779264,2.2623933788848086e-07,1.4903825983523968e-07,0.00048828125,unnormalized FFT magnitude,0,0
3aeff8d50243a034,a9813318effe6e220c92583c9c5da98878c8fbd36a728f60568b5aa36c2c5268,pffft-analysis-float,spec012-confirm-02,0,float,16384,1024,1,1,callback,steady,existing all-output numerical replay,archived-vector-counts,spectrum-norms-v1,direct DFT or binary64 FFT of matched frame bytes; direct band sums and EMA,see archived reference; precision not separately recorded,2048,2048,16779264,16779264,2.2623933788848086e-07,1.4903825983523968e-07,0.00048828125,unnormalized FFT magnitude,0,0
3aeff8d50243a034,a9813318effe6e220c92583c9c5da98878c8fbd36a728f60568b5aa36c2c5268,pffft-analysis-float,spec012-confirm-02,1,float,16384,1024,1,1,callback,steady,existing all-output numerical replay,archived-vector-counts,spectrum-norms-v1,direct DFT or binary64 FFT of matched frame bytes; direct band sums and EMA,see archived reference; precision not separately recorded,2048,2048,16779264,16779264,2.2623933788848086e-07,1.4903825983523968e-07,0.00048828125,unnormalized FFT magnitude,0,0
3aeff8d50243a034,a9813318effe6e220c92583c9c5da98878c8fbd36a728f60568b5aa36c2c5268,pffft-analysis-float,spec012-confirm-02,2,float,16384,1024,1,1,callback,steady,existing all-output numerical replay,archived-vector-counts,spectrum-norms-v1,direct DFT or binary64 FFT of matched frame bytes; direct band sums and EMA,see archived reference; precision not separately recorded,2048,2048,16779264,16779264,2.2623933788848086e-07,1.4903825983523968e-07,0.00048828125,unnormalized FFT magnitude,0,0
3aeff8d50243a034,a9813318effe6e220c92583c9c5da98878c8fbd36a728f60568b5aa36c2c5268,pffft-analysis-float,spec012-confirm-03,0,float,16384,1024,1,1,callback,steady,existing all-output numerical replay,archived-vector-counts,spectrum-norms-v1,direct DFT or binary64 FFT of matched frame bytes; direct band sums and EMA,see archived reference; precision not separately recorded,2048,2048,16779264,16779264,2.2623933788848086e-07,1.4903825983523968e-07,0.00048828125,unnormalized FFT magnitude,0,0
3aeff8d50243a034,a9813318effe6e220c92583c9c5da98878c8fbd36a728f60568b5aa36c2c5268,pffft-analysis-float,spec012-confirm-03,1,float,16384,1024,1,1,callback,steady,existing all-output numerical replay,archived-vector-counts,spectrum-norms-v1,direct DFT or binary64 FFT of matched frame bytes; direct band sums and EMA,see archived reference; precision not separately recorded,2048,2048,16779264,16779264,2.2623933788848086e-07,1.4903825983523968e-07,0.00048828125,unnormalized FFT magnitude,0,0
3aeff8d50243a034,a9813318effe6e220c92583c9c5da98878c8fbd36a728f60568b5aa36c2c5268,pffft-analysis-float,spec012-confirm-03,2,float,16384,1024,1,1,callback,steady,existing all-output numerical replay,archived-vector-counts,spectrum-norms-v1,direct DFT or binary64 FFT of matched frame bytes; direct band sums and EMA,see archived reference; precision not separately recorded,2048,2048,16779264,16779264,2.2623933788848086e-07,1.4903825983523968e-07,0.00048828125,unnormalized FFT magnitude,0,0
3aeff8d50243a034,a9c22b1d5a52dbcd665dc6a1b9fa54ab0dd7cc5ab0052829ab30e17cf937309b,legacy-incremental-float,spec012-confirm-01,0,float,2048,1024,1,1,callback,steady,full,all-publications-v1,spectrum-norms-v1,independent recursive binary64 FFT / direct DFT; matched float windows; direct bands and EMA,binary64 FFT / long-double direct DFT,2048,2048,2099200,2099200,2.15934702845581e-07,2.794693895227653e-07,0.00014317035675048828,unnormalized FFT magnitude,0,0
3aeff8d50243a034,a9c22b1d5a52dbcd665dc6a1b9fa54ab0dd7cc5ab0052829ab30e17cf937309b,legacy-incremental-float,spec012-confirm-01,1,float,2048,1024,1,1,callback,steady,full,all-publications-v1,spectrum-norms-v1,independent recursive binary64 FFT / direct DFT; matched float windows; direct bands and EMA,binary64 FFT / long-double direct DFT,2048,2048,2099200,2099200,2.15934702845581e-07,2.794693895227653e-07,0.00014317035675048828,unnormalized FFT magnitude,0,0
3aeff8d50243a034,a9c22b1d5a52dbcd665dc6a1b9fa54ab0dd7cc5ab0052829ab30e17cf937309b,legacy-incremental-float,spec012-confirm-01,2,float,2048,1024,1,1,callback,steady,full,all-publications-v1,spectrum-norms-v1,independent recursive binary64 FFT / direct DFT; matched float windows; direct bands and EMA,binary64 FFT / long-double direct DFT,2048,2048,2099200,2099200,2.15934702845581e-07,2.794693895227653e-07,0.00014317035675048828,unnormalized FFT magnitude,0,0
3aeff8d50243a034,a9c22b1d5a52dbcd665dc6a1b9fa54ab0dd7cc5ab0052829ab30e17cf937309b,legacy-incremental-float,spec012-confirm-02,0,float,2048,1024,1,1,callback,steady,full,all-publications-v1,spectrum-norms-v1,independent recursive binary64 FFT / direct DFT; matched float windows; direct bands and EMA,binary64 FFT / long-double direct DFT,2048,2048,2099200,2099200,2.15934702845581e-07,2.794693895227653e-07,0.00014317035675048828,unnormalized FFT magnitude,0,0
3aeff8d50243a034,a9c22b1d5a52dbcd665dc6a1b9fa54ab0dd7cc5ab0052829ab30e17cf937309b,legacy-incremental-float,spec012-confirm-02,1,float,2048,1024,1,1,callback,steady,full,all-publications-v1,spectrum-norms-v1,independent recursive binary64 FFT / direct DFT; matched float windows; direct bands and EMA,binary64 FFT / long-double direct DFT,2048,2048,2099200,2099200,2.15934702845581e-07,2.794693895227653e-07,0.00014317035675048828,unnormalized FFT magnitude,0,0
3aeff8d50243a034,a9c22b1d5a52dbcd665dc6a1b9fa54ab0dd7cc5ab0052829ab30e17cf937309b,legacy-incremental-float,spec012-confirm-02,2,float,2048,1024,1,1,callback,steady,full,all-publications-v1,spectrum-norms-v1,independent recursive binary64 FFT / direct DFT; matched float windows; direct bands and EMA,binary64 FFT / long-double direct DFT,2048,2048,2099200,2099200,2.15934702845581e-07,2.794693895227653e-07,0.00014317035675048828,unnormalized FFT magnitude,0,0
3aeff8d50243a034,a9c22b1d5a52dbcd665dc6a1b9fa54ab0dd7cc5ab0052829ab30e17cf937309b,legacy-incremental-float,spec012-confirm-03,0,float,2048,1024,1,1,callback,steady,full,all-publications-v1,spectrum-norms-v1,independent recursive binary64 FFT / direct DFT; matched float windows; direct bands and EMA,binary64 FFT / long-double direct DFT,2048,2048,2099200,2099200,2.15934702845581e-07,2.794693895227653e-07,0.00014317035675048828,unnormalized FFT magnitude,0,0
3aeff8d50243a034,a9c22b1d5a52dbcd665dc6a1b9fa54ab0dd7cc5ab0052829ab30e17cf937309b,legacy-incremental-float,spec012-confirm-03,1,float,2048,1024,1,1,callback,steady,full,all-publications-v1,spectrum-norms-v1,independent recursive binary64 FFT / direct DFT; matched float windows; direct bands and EMA,binary64 FFT / long-double direct DFT,2048,2048,2099200,2099200,2.15934702845581e-07,2.794693895227653e-07,0.00014317035675048828,unnormalized FFT magnitude,0,0
3aeff8d50243a034,a9c22b1d5a52dbcd665dc6a1b9fa54ab0dd7cc5ab0052829ab30e17cf937309b,legacy-incremental-float,spec012-confirm-03,2,float,2048,1024,1,1,callback,steady,full,all-publications-v1,spectrum-norms-v1,independent recursive binary64 FFT / direct DFT; matched float windows; direct bands and EMA,binary64 FFT / long-double direct DFT,2048,2048,2099200,2099200,2.15934702845581e-07,2.794693895227653e-07,0.00014317035675048828,unnormalized FFT magnitude,0,0
3aeff8d50243a034,aaf9f99b48ec979a59bb5f44025194ad4a7e9e09462b158f33e00a7ed02cd48b,legacy-incremental-float,spec012-confirm-01,0,float,16384,1024,1,1,callback,steady,full,all-publications-v1,spectrum-norms-v1,independent recursive binary64 FFT / direct DFT; matched float windows; direct bands and EMA,binary64 FFT / long-double direct DFT,2048,2048,16779264,16779264,2.428253746068979e-07,2.832279085325651e-07,0.0011609792709350586,unnormalized FFT magnitude,0,2560
3aeff8d50243a034,aaf9f99b48ec979a59bb5f44025194ad4a7e9e09462b158f33e00a7ed02cd48b,legacy-incremental-float,spec012-confirm-01,1,float,16384,1024,1,1,callback,steady,full,all-publications-v1,spectrum-norms-v1,independent recursive binary64 FFT / direct DFT; matched float windows; direct bands and EMA,binary64 FFT / long-double direct DFT,2048,2048,16779264,16779264,2.428253746068979e-07,2.832279085325651e-07,0.0011609792709350586,unnormalized FFT magnitude,0,2560
3aeff8d50243a034,aaf9f99b48ec979a59bb5f44025194ad4a7e9e09462b158f33e00a7ed02cd48b,legacy-incremental-float,spec012-confirm-01,2,float,16384,1024,1,1,callback,steady,full,all-publications-v1,spectrum-norms-v1,independent recursive binary64 FFT / direct DFT; matched float windows; direct bands and EMA,binary64 FFT / long-double direct DFT,2048,2048,16779264,16779264,2.428253746068979e-07,2.832279085325651e-07,0.0011609792709350586,unnormalized FFT magnitude,0,2560
3aeff8d50243a034,aaf9f99b48ec979a59bb5f44025194ad4a7e9e09462b158f33e00a7ed02cd48b,legacy-incremental-float,spec012-confirm-02,0,float,16384,1024,1,1,callback,steady,full,all-publications-v1,spectrum-norms-v1,independent recursive binary64 FFT / direct DFT; matched float windows; direct bands and EMA,binary64 FFT / long-double direct DFT,2048,2048,16779264,16779264,2.428253746068979e-07,2.832279085325651e-07,0.0011609792709350586,unnormalized FFT magnitude,0,2560
3aeff8d50243a034,aaf9f99b48ec979a59bb5f44025194ad4a7e9e09462b158f33e00a7ed02cd48b,legacy-incremental-float,spec012-confirm-02,1,float,16384,1024,1,1,callback,steady,full,all-publications-v1,spectrum-norms-v1,independent recursive binary64 FFT / direct DFT; matched float windows; direct bands and EMA,binary64 FFT / long-double direct DFT,2048,2048,16779264,16779264,2.428253746068979e-07,2.832279085325651e-07,0.0011609792709350586,unnormalized FFT magnitude,0,2560
3aeff8d50243a034,aaf9f99b48ec979a59bb5f44025194ad4a7e9e09462b158f33e00a7ed02cd48b,legacy-incremental-float,spec012-confirm-02,2,float,16384,1024,1,1,callback,steady,full,all-publications-v1,spectrum-norms-v1,independent recursive binary64 FFT / direct DFT; matched float windows; direct bands and EMA,binary64 FFT / long-double direct DFT,2048,2048,16779264,16779264,2.428253746068979e-07,2.832279085325651e-07,0.0011609792709350586,unnormalized FFT magnitude,0,2560
3aeff8d50243a034,aaf9f99b48ec979a59bb5f44025194ad4a7e9e09462b158f33e00a7ed02cd48b,legacy-incremental-float,spec012-confirm-03,0,float,16384,1024,1,1,callback,steady,full,all-publications-v1,spectrum-norms-v1,independent recursive binary64 FFT / direct DFT; matched float windows; direct bands and EMA,binary64 FFT / long-double direct DFT,2048,2048,16779264,16779264,2.428253746068979e-07,2.832279085325651e-07,0.0011609792709350586,unnormalized FFT magnitude,0,2560
3aeff8d50243a034,aaf9f99b48ec979a59bb5f44025194ad4a7e9e09462b158f33e00a7ed02cd48b,legacy-incremental-float,spec012-confirm-03,1,float,16384,1024,1,1,callback,steady,full,all-publications-v1,spectrum-norms-v1,independent recursive binary64 FFT / direct DFT; matched float windows; direct bands and EMA,binary64 FFT / long-double direct DFT,2048,2048,16779264,16779264,2.428253746068979e-07,2.832279085325651e-07,0.0011609792709350586,unnormalized FFT magnitude,0,2560
3aeff8d50243a034,aaf9f99b48ec979a59bb5f44025194ad4a7e9e09462b158f33e00a7ed02cd48b,legacy-incremental-float,spec012-confirm-03,2,float,16384,1024,1,1,callback,steady,full,all-publications-v1,spectrum-norms-v1,independent recursive binary64 FFT / direct DFT; matched float windows; direct bands and EMA,binary64 FFT / long-double direct DFT,2048,2048,16779264,16779264,2.428253746068979e-07,2.832279085325651e-07,0.0011609792709350586,unnormalized FFT magnitude,0,2560
3aeff8d50243a034,ab36402b6b4bdb5486bf16f0da540802026d3ab5307f647c1d24882ad9ccba99,legacy-incremental-float,spec012-confirm-01,0,float,4096,1024,1,1,callback,steady,full,all-publications-v1,spectrum-norms-v1,independent recursive binary64 FFT / direct DFT; matched float windows; direct bands and EMA,binary64 FFT / long-double direct DFT,2048,2048,4196352,4196352,2.261658101059299e-07,2.8183605963575486e-07,0.00028839707374572754,unnormalized FFT magnitude,0,0
3aeff8d50243a034,ab36402b6b4bdb5486bf16f0da540802026d3ab5307f647c1d24882ad9ccba99,legacy-incremental-float,spec012-confirm-01,1,float,4096,1024,1,1,callback,steady,full,all-publications-v1,spectrum-norms-v1,independent recursive binary64 FFT / direct DFT; matched float windows; direct bands and EMA,binary64 FFT / long-double direct DFT,2048,2048,4196352,4196352,2.261658101059299e-07,2.8183605963575486e-07,0.00028839707374572754,unnormalized FFT magnitude,0,0
3aeff8d50243a034,ab36402b6b4bdb5486bf16f0da540802026d3ab5307f647c1d24882ad9ccba99,legacy-incremental-float,spec012-confirm-01,2,float,4096,1024,1,1,callback,steady,full,all-publications-v1,spectrum-norms-v1,independent recursive binary64 FFT / direct DFT; matched float windows; direct bands and EMA,binary64 FFT / long-double direct DFT,2048,2048,4196352,4196352,2.261658101059299e-07,2.8183605963575486e-07,0.00028839707374572754,unnormalized FFT magnitude,0,0
3aeff8d50243a034,ab36402b6b4bdb5486bf16f0da540802026d3ab5307f647c1d24882ad9ccba99,legacy-incremental-float,spec012-confirm-02,0,float,4096,1024,1,1,callback,steady,full,all-publications-v1,spectrum-norms-v1,independent recursive binary64 FFT / direct DFT; matched float windows; direct bands and EMA,binary64 FFT / long-double direct DFT,2048,2048,4196352,4196352,2.261658101059299e-07,2.8183605963575486e-07,0.00028839707374572754,unnormalized FFT magnitude,0,0
3aeff8d50243a034,ab36402b6b4bdb5486bf16f0da540802026d3ab5307f647c1d24882ad9ccba99,legacy-incremental-float,spec012-confirm-02,1,float,4096,1024,1,1,callback,steady,full,all-publications-v1,spectrum-norms-v1,independent recursive binary64 FFT / direct DFT; matched float windows; direct bands and EMA,binary64 FFT / long-double direct DFT,2048,2048,4196352,4196352,2.261658101059299e-07,2.8183605963575486e-07,0.00028839707374572754,unnormalized FFT magnitude,0,0
3aeff8d50243a034,ab36402b6b4bdb5486bf16f0da540802026d3ab5307f647c1d24882ad9ccba99,legacy-incremental-float,spec012-confirm-02,2,float,4096,1024,1,1,callback,steady,full,all-publications-v1,spectrum-norms-v1,independent recursive binary64 FFT / direct DFT; matched float windows; direct bands and EMA,binary64 FFT / long-double direct DFT,2048,2048,4196352,4196352,2.261658101059299e-07,2.8183605963575486e-07,0.00028839707374572754,unnormalized FFT magnitude,0,0
3aeff8d50243a034,ab36402b6b4bdb5486bf16f0da540802026d3ab5307f647c1d24882ad9ccba99,legacy-incremental-float,spec012-confirm-03,0,float,4096,1024,1,1,callback,steady,full,all-publications-v1,spectrum-norms-v1,independent recursive binary64 FFT / direct DFT; matched float windows; direct bands and EMA,binary64 FFT / long-double direct DFT,2048,2048,4196352,4196352,2.261658101059299e-07,2.8183605963575486e-07,0.00028839707374572754,unnormalized FFT magnitude,0,0
3aeff8d50243a034,ab36402b6b4bdb5486bf16f0da540802026d3ab5307f647c1d24882ad9ccba99,legacy-incremental-float,spec012-confirm-03,1,float,4096,1024,1,1,callback,steady,full,all-publications-v1,spectrum-norms-v1,independent recursive binary64 FFT / direct DFT; matched float windows; direct bands and EMA,binary64 FFT / long-double direct DFT,2048,2048,4196352,4196352,2.261658101059299e-07,2.8183605963575486e-07,0.00028839707374572754,unnormalized FFT magnitude,0,0
3aeff8d50243a034,ab36402b6b4bdb5486bf16f0da540802026d3ab5307f647c1d24882ad9ccba99,legacy-incremental-float,spec012-confirm-03,2,float,4096,1024,1,1,callback,steady,full,all-publications-v1,spectrum-norms-v1,independent recursive binary64 FFT / direct DFT; matched float windows; direct bands and EMA,binary64 FFT / long-double direct DFT,2048,2048,4196352,4196352,2.261658101059299e-07,2.8183605963575486e-07,0.00028839707374572754,unnormalized FFT magnitude,0,0
3aeff8d50243a034,ae271e3ab62d70ecc047e492d6a9d03927dbfaa07e49d10be9f2a1f212a0cc53,pffft-analysis-float,spec012-confirm-01,0,float,2048,1024,1,1,callback,steady,existing all-output numerical replay,archived-vector-counts,spectrum-norms-v1,direct DFT or binary64 FFT of matched frame bytes; direct band sums and EMA,see archived reference; precision not separately recorded,2048,2048,2099200,2099200,1.8753119135637531e-07,2.2363801652461304e-07,9.1552734375e-05,unnormalized FFT magnitude,0,0
3aeff8d50243a034,ae271e3ab62d70ecc047e492d6a9d03927dbfaa07e49d10be9f2a1f212a0cc53,pffft-analysis-float,spec012-confirm-01,1,float,2048,1024,1,1,callback,steady,existing all-output numerical replay,archived-vector-counts,spectrum-norms-v1,direct DFT or binary64 FFT of matched frame bytes; direct band sums and EMA,see archived reference; precision not separately recorded,2048,2048,2099200,2099200,1.8753119135637531e-07,2.2363801652461304e-07,9.1552734375e-05,unnormalized FFT magnitude,0,0
3aeff8d50243a034,ae271e3ab62d70ecc047e492d6a9d03927dbfaa07e49d10be9f2a1f212a0cc53,pffft-analysis-float,spec012-confirm-01,2,float,2048,1024,1,1,callback,steady,existing all-output numerical replay,archived-vector-counts,spectrum-norms-v1,direct DFT or binary64 FFT of matched frame bytes; direct band sums and EMA,see archived reference; precision not separately recorded,2048,2048,2099200,2099200,1.8753119135637531e-07,2.2363801652461304e-07,9.1552734375e-05,unnormalized FFT magnitude,0,0
3aeff8d50243a034,ae271e3ab62d70ecc047e492d6a9d03927dbfaa07e49d10be9f2a1f212a0cc53,pffft-analysis-float,spec012-confirm-02,0,float,2048,1024,1,1,callback,steady,existing all-output numerical replay,archived-vector-counts,spectrum-norms-v1,direct DFT or binary64 FFT of matched frame bytes; direct band sums and EMA,see archived reference; precision not separately recorded,2048,2048,2099200,2099200,1.8753119135637531e-07,2.2363801652461304e-07,9.1552734375e-05,unnormalized FFT magnitude,0,0
3aeff8d50243a034,ae271e3ab62d70ecc047e492d6a9d03927dbfaa07e49d10be9f2a1f212a0cc53,pffft-analysis-float,spec012-confirm-02,1,float,2048,1024,1,1,callback,steady,existing all-output numerical replay,archived-vector-counts,spectrum-norms-v1,direct DFT or binary64 FFT of matched frame bytes; direct band sums and EMA,see archived reference; precision not separately recorded,2048,2048,2099200,2099200,1.8753119135637531e-07,2.2363801652461304e-07,9.1552734375e-05,unnormalized FFT magnitude,0,0
3aeff8d50243a034,ae271e3ab62d70ecc047e492d6a9d03927dbfaa07e49d10be9f2a1f212a0cc53,pffft-analysis-float,spec012-confirm-02,2,float,2048,1024,1,1,callback,steady,existing all-output numerical replay,archived-vector-counts,spectrum-norms-v1,direct DFT or binary64 FFT of matched frame bytes; direct band sums and EMA,see archived reference; precision not separately recorded,2048,2048,2099200,2099200,1.8753119135637531e-07,2.2363801652461304e-07,9.1552734375e-05,unnormalized FFT magnitude,0,0
3aeff8d50243a034,ae271e3ab62d70ecc047e492d6a9d03927dbfaa07e49d10be9f2a1f212a0cc53,pffft-analysis-float,spec012-confirm-03,0,float,2048,1024,1,1,callback,steady,existing all-output numerical replay,archived-vector-counts,spectrum-norms-v1,direct DFT or binary64 FFT of matched frame bytes; direct band sums and EMA,see archived reference; precision not separately recorded,2048,2048,2099200,2099200,1.8753119135637531e-07,2.2363801652461304e-07,9.1552734375e-05,unnormalized FFT magnitude,0,0
3aeff8d50243a034,ae271e3ab62d70ecc047e492d6a9d03927dbfaa07e49d10be9f2a1f212a0cc53,pffft-analysis-float,spec012-confirm-03,1,float,2048,1024,1,1,callback,steady,existing all-output numerical replay,archived-vector-counts,spectrum-norms-v1,direct DFT or binary64 FFT of matched frame bytes; direct band sums and EMA,see archived reference; precision not separately recorded,2048,2048,2099200,2099200,1.8753119135637531e-07,2.2363801652461304e-07,9.1552734375e-05,unnormalized FFT magnitude,0,0
3aeff8d50243a034,ae271e3ab62d70ecc047e492d6a9d03927dbfaa07e49d10be9f2a1f212a0cc53,pffft-analysis-float,spec012-confirm-03,2,float,2048,1024,1,1,callback,steady,existing all-output numerical replay,archived-vector-counts,spectrum-norms-v1,direct DFT or binary64 FFT of matched frame bytes; direct band sums and EMA,see archived reference; precision not separately recorded,2048,2048,2099200,2099200,1.8753119135637531e-07,2.2363801652461304e-07,9.1552734375e-05,unnormalized FFT magnitude,0,0
3aeff8d50243a034,af1c614bb9bf0e5c4615644b4abfeb9a37931e966d841803fd8f468c58eef2e0,core-float,spec012-confirm-01,0,float,16384,1024,1,1,callback,steady,full,all-publications-v1,spectrum-norms-v1,independent recursive binary64 FFT / direct DFT; matched float windows; direct bands and EMA,binary64 FFT / long-double direct DFT,2048,2048,16779264,16779264,2.428253746068979e-07,2.832279085325651e-07,0.0011609792709350586,unnormalized FFT magnitude,0,2560
3aeff8d50243a034,af1c614bb9bf0e5c4615644b4abfeb9a37931e966d841803fd8f468c58eef2e0,core-float,spec012-confirm-01,1,float,16384,1024,1,1,callback,steady,full,all-publications-v1,spectrum-norms-v1,independent recursive binary64 FFT / direct DFT; matched float windows; direct bands and EMA,binary64 FFT / long-double direct DFT,2048,2048,16779264,16779264,2.428253746068979e-07,2.832279085325651e-07,0.0011609792709350586,unnormalized FFT magnitude,0,2560
3aeff8d50243a034,af1c614bb9bf0e5c4615644b4abfeb9a37931e966d841803fd8f468c58eef2e0,core-float,spec012-confirm-01,2,float,16384,1024,1,1,callback,steady,full,all-publications-v1,spectrum-norms-v1,independent recursive binary64 FFT / direct DFT; matched float windows; direct bands and EMA,binary64 FFT / long-double direct DFT,2048,2048,16779264,16779264,2.428253746068979e-07,2.832279085325651e-07,0.0011609792709350586,unnormalized FFT magnitude,0,2560
3aeff8d50243a034,af1c614bb9bf0e5c4615644b4abfeb9a37931e966d841803fd8f468c58eef2e0,core-float,spec012-confirm-02,0,float,16384,1024,1,1,callback,steady,full,all-publications-v1,spectrum-norms-v1,independent recursive binary64 FFT / direct DFT; matched float windows; direct bands and EMA,binary64 FFT / long-double direct DFT,2048,2048,16779264,16779264,2.428253746068979e-07,2.832279085325651e-07,0.0011609792709350586,unnormalized FFT magnitude,0,2560
3aeff8d50243a034,af1c614bb9bf0e5c4615644b4abfeb9a37931e966d841803fd8f468c58eef2e0,core-float,spec012-confirm-02,1,float,16384,1024,1,1,callback,steady,full,all-publications-v1,spectrum-norms-v1,independent recursive binary64 FFT / direct DFT; matched float windows; direct bands and EMA,binary64 FFT / long-double direct DFT,2048,2048,16779264,16779264,2.428253746068979e-07,2.832279085325651e-07,0.0011609792709350586,unnormalized FFT magnitude,0,2560
3aeff8d50243a034,af1c614bb9bf0e5c4615644b4abfeb9a37931e966d841803fd8f468c58eef2e0,core-float,spec012-confirm-02,2,float,16384,1024,1,1,callback,steady,full,all-publications-v1,spectrum-norms-v1,independent recursive binary64 FFT / direct DFT; matched float windows; direct bands and EMA,binary64 FFT / long-double direct DFT,2048,2048,16779264,16779264,2.428253746068979e-07,2.832279085325651e-07,0.0011609792709350586,unnormalized FFT magnitude,0,2560
3aeff8d50243a034,af1c614bb9bf0e5c4615644b4abfeb9a37931e966d841803fd8f468c58eef2e0,core-float,spec012-confirm-03,0,float,16384,1024,1,1,callback,steady,full,all-publications-v1,spectrum-norms-v1,independent recursive binary64 FFT / direct DFT; matched float windows; direct bands and EMA,binary64 FFT / long-double direct DFT,2048,2048,16779264,16779264,2.428253746068979e-07,2.832279085325651e-07,0.0011609792709350586,unnormalized FFT magnitude,0,2560
3aeff8d50243a034,af1c614bb9bf0e5c4615644b4abfeb9a37931e966d841803fd8f468c58eef2e0,core-float,spec012-confirm-03,1,float,16384,1024,1,1,callback,steady,full,all-publications-v1,spectrum-norms-v1,independent recursive binary64 FFT / direct DFT; matched float windows; direct bands and EMA,binary64 FFT / long-double direct DFT,2048,2048,16779264,16779264,2.428253746068979e-07,2.832279085325651e-07,0.0011609792709350586,unnormalized FFT magnitude,0,2560
3aeff8d50243a034,af1c614bb9bf0e5c4615644b4abfeb9a37931e966d841803fd8f468c58eef2e0,core-float,spec012-confirm-03,2,float,16384,1024,1,1,callback,steady,full,all-publications-v1,spectrum-norms-v1,independent recursive binary64 FFT / direct DFT; matched float windows; direct bands and EMA,binary64 FFT / long-double direct DFT,2048,2048,16779264,16779264,2.428253746068979e-07,2.832279085325651e-07,0.0011609792709350586,unnormalized FFT magnitude,0,2560
3aeff8d50243a034,b05b2f271cb44bfcc9f808c0a456ce70224f88ad8675b1bf3e5a69ca855c6808,pffft-scheduled-batch-float,spec012-confirm-01,0,float,2048,1024,1,1,throughput,steady,existing all-output numerical replay,archived-vector-counts,spectrum-norms-v1,direct DFT or binary64 FFT of matched frame bytes; direct band sums and EMA,see archived reference; precision not separately recorded,2048,2048,2099200,2099200,1.8753119135637531e-07,2.2363801652461304e-07,9.1552734375e-05,unnormalized FFT magnitude,0,0
3aeff8d50243a034,b05b2f271cb44bfcc9f808c0a456ce70224f88ad8675b1bf3e5a69ca855c6808,pffft-scheduled-batch-float,spec012-confirm-01,1,float,2048,1024,1,1,throughput,steady,existing all-output numerical replay,archived-vector-counts,spectrum-norms-v1,direct DFT or binary64 FFT of matched frame bytes; direct band sums and EMA,see archived reference; precision not separately recorded,2048,2048,2099200,2099200,1.8753119135637531e-07,2.2363801652461304e-07,9.1552734375e-05,unnormalized FFT magnitude,0,0
3aeff8d50243a034,b05b2f271cb44bfcc9f808c0a456ce70224f88ad8675b1bf3e5a69ca855c6808,pffft-scheduled-batch-float,spec012-confirm-01,2,float,2048,1024,1,1,throughput,steady,existing all-output numerical replay,archived-vector-counts,spectrum-norms-v1,direct DFT or binary64 FFT of matched frame bytes; direct band sums and EMA,see archived reference; precision not separately recorded,2048,2048,2099200,2099200,1.8753119135637531e-07,2.2363801652461304e-07,9.1552734375e-05,unnormalized FFT magnitude,0,0
3aeff8d50243a034,b05b2f271cb44bfcc9f808c0a456ce70224f88ad8675b1bf3e5a69ca855c6808,pffft-scheduled-batch-float,spec012-confirm-02,0,float,2048,1024,1,1,throughput,steady,existing all-output numerical replay,archived-vector-counts,spectrum-norms-v1,direct DFT or binary64 FFT of matched frame bytes; direct band sums and EMA,see archived reference; precision not separately recorded,2048,2048,2099200,2099200,1.8753119135637531e-07,2.2363801652461304e-07,9.1552734375e-05,unnormalized FFT magnitude,0,0
3aeff8d50243a034,b05b2f271cb44bfcc9f808c0a456ce70224f88ad8675b1bf3e5a69ca855c6808,pffft-scheduled-batch-float,spec012-confirm-02,1,float,2048,1024,1,1,throughput,steady,existing all-output numerical replay,archived-vector-counts,spectrum-norms-v1,direct DFT or binary64 FFT of matched frame bytes; direct band sums and EMA,see archived reference; precision not separately recorded,2048,2048,2099200,2099200,1.8753119135637531e-07,2.2363801652461304e-07,9.1552734375e-05,unnormalized FFT magnitude,0,0
3aeff8d50243a034,b05b2f271cb44bfcc9f808c0a456ce70224f88ad8675b1bf3e5a69ca855c6808,pffft-scheduled-batch-float,spec012-confirm-02,2,float,2048,1024,1,1,throughput,steady,existing all-output numerical replay,archived-vector-counts,spectrum-norms-v1,direct DFT or binary64 FFT of matched frame bytes; direct band sums and EMA,see archived reference; precision not separately recorded,2048,2048,2099200,2099200,1.8753119135637531e-07,2.2363801652461304e-07,9.1552734375e-05,unnormalized FFT magnitude,0,0
3aeff8d50243a034,b05b2f271cb44bfcc9f808c0a456ce70224f88ad8675b1bf3e5a69ca855c6808,pffft-scheduled-batch-float,spec012-confirm-03,0,float,2048,1024,1,1,throughput,steady,existing all-output numerical replay,archived-vector-counts,spectrum-norms-v1,direct DFT or binary64 FFT of matched frame bytes; direct band sums and EMA,see archived reference; precision not separately recorded,2048,2048,2099200,2099200,1.8753119135637531e-07,2.2363801652461304e-07,9.1552734375e-05,unnormalized FFT magnitude,0,0
3aeff8d50243a034,b05b2f271cb44bfcc9f808c0a456ce70224f88ad8675b1bf3e5a69ca855c6808,pffft-scheduled-batch-float,spec012-confirm-03,1,float,2048,1024,1,1,throughput,steady,existing all-output numerical replay,archived-vector-counts,spectrum-norms-v1,direct DFT or binary64 FFT of matched frame bytes; direct band sums and EMA,see archived reference; precision not separately recorded,2048,2048,2099200,2099200,1.8753119135637531e-07,2.2363801652461304e-07,9.1552734375e-05,unnormalized FFT magnitude,0,0
3aeff8d50243a034,b05b2f271cb44bfcc9f808c0a456ce70224f88ad8675b1bf3e5a69ca855c6808,pffft-scheduled-batch-float,spec012-confirm-03,2,float,2048,1024,1,1,throughput,steady,existing all-output numerical replay,archived-vector-counts,spectrum-norms-v1,direct DFT or binary64 FFT of matched frame bytes; direct band sums and EMA,see archived reference; precision not separately recorded,2048,2048,2099200,2099200,1.8753119135637531e-07,2.2363801652461304e-07,9.1552734375e-05,unnormalized FFT magnitude,0,0
3aeff8d50243a034,b0c41d8573d3341cc2a878140b96f6f0787ff893def853864da484ee17a5b2fa,core-float,spec012-confirm-01,0,float,16384,1024,1,1,callback,steady,full,all-publications-v1,spectrum-norms-v1,independent recursive binary64 FFT / direct DFT; matched float windows; direct bands and EMA,binary64 FFT / long-double direct DFT,2048,2048,16779264,16779264,2.314436441768113e-07,1.4903825983523968e-07,0.00048828125,unnormalized FFT magnitude,0,0
3aeff8d50243a034,b0c41d8573d3341cc2a878140b96f6f0787ff893def853864da484ee17a5b2fa,core-float,spec012-confirm-01,1,float,16384,1024,1,1,callback,steady,full,all-publications-v1,spectrum-norms-v1,independent recursive binary64 FFT / direct DFT; matched float windows; direct bands and EMA,binary64 FFT / long-double direct DFT,2048,2048,16779264,16779264,2.314436441768113e-07,1.4903825983523968e-07,0.00048828125,unnormalized FFT magnitude,0,0
3aeff8d50243a034,b0c41d8573d3341cc2a878140b96f6f0787ff893def853864da484ee17a5b2fa,core-float,spec012-confirm-01,2,float,16384,1024,1,1,callback,steady,full,all-publications-v1,spectrum-norms-v1,independent recursive binary64 FFT / direct DFT; matched float windows; direct bands and EMA,binary64 FFT / long-double direct DFT,2048,2048,16779264,16779264,2.314436441768113e-07,1.4903825983523968e-07,0.00048828125,unnormalized FFT magnitude,0,0
3aeff8d50243a034,b0c41d8573d3341cc2a878140b96f6f0787ff893def853864da484ee17a5b2fa,core-float,spec012-confirm-02,0,float,16384,1024,1,1,callback,steady,full,all-publications-v1,spectrum-norms-v1,independent recursive binary64 FFT / direct DFT; matched float windows; direct bands and EMA,binary64 FFT / long-double direct DFT,2048,2048,16779264,16779264,2.314436441768113e-07,1.4903825983523968e-07,0.00048828125,unnormalized FFT magnitude,0,0
3aeff8d50243a034,b0c41d8573d3341cc2a878140b96f6f0787ff893def853864da484ee17a5b2fa,core-float,spec012-confirm-02,1,float,16384,1024,1,1,callback,steady,full,all-publications-v1,spectrum-norms-v1,independent recursive binary64 FFT / direct DFT; matched float windows; direct bands and EMA,binary64 FFT / long-double direct DFT,2048,2048,16779264,16779264,2.314436441768113e-07,1.4903825983523968e-07,0.00048828125,unnormalized FFT magnitude,0,0
3aeff8d50243a034,b0c41d8573d3341cc2a878140b96f6f0787ff893def853864da484ee17a5b2fa,core-float,spec012-confirm-02,2,float,16384,1024,1,1,callback,steady,full,all-publications-v1,spectrum-norms-v1,independent recursive binary64 FFT / direct DFT; matched float windows; direct bands and EMA,binary64 FFT / long-double direct DFT,2048,2048,16779264,16779264,2.314436441768113e-07,1.4903825983523968e-07,0.00048828125,unnormalized FFT magnitude,0,0
3aeff8d50243a034,b0c41d8573d3341cc2a878140b96f6f0787ff893def853864da484ee17a5b2fa,core-float,spec012-confirm-03,0,float,16384,1024,1,1,callback,steady,full,all-publications-v1,spectrum-norms-v1,independent recursive binary64 FFT / direct DFT; matched float windows; direct bands and EMA,binary64 FFT / long-double direct DFT,2048,2048,16779264,16779264,2.314436441768113e-07,1.4903825983523968e-07,0.00048828125,unnormalized FFT magnitude,0,0
3aeff8d50243a034,b0c41d8573d3341cc2a878140b96f6f0787ff893def853864da484ee17a5b2fa,core-float,spec012-confirm-03,1,float,16384,1024,1,1,callback,steady,full,all-publications-v1,spectrum-norms-v1,independent recursive binary64 FFT / direct DFT; matched float windows; direct bands and EMA,binary64 FFT / long-double direct DFT,2048,2048,16779264,16779264,2.314436441768113e-07,1.4903825983523968e-07,0.00048828125,unnormalized FFT magnitude,0,0
3aeff8d50243a034,b0c41d8573d3341cc2a878140b96f6f0787ff893def853864da484ee17a5b2fa,core-float,spec012-confirm-03,2,float,16384,1024,1,1,callback,steady,full,all-publications-v1,spectrum-norms-v1,independent recursive binary64 FFT / direct DFT; matched float windows; direct bands and EMA,binary64 FFT / long-double direct DFT,2048,2048,16779264,16779264,2.314436441768113e-07,1.4903825983523968e-07,0.00048828125,unnormalized FFT magnitude,0,0
3aeff8d50243a034,b22c4f06ab6119b27b3251bdd1450bed4ad2e295d8374a28189f22cf4c8d57fa,fftw-analysis-float,spec012-confirm-01,0,float,2048,1024,1,1,callback,steady,existing all-output numerical replay,archived-vector-counts,spectrum-norms-v1,direct DFT or binary64 FFT of matched frame bytes; direct band sums and EMA,see archived reference; precision not separately recorded,2048,2048,2099200,2099200,1.7811635133611692e-07,2.2354712809377118e-07,9.1552734375e-05,unnormalized FFT magnitude,0,0
3aeff8d50243a034,b22c4f06ab6119b27b3251bdd1450bed4ad2e295d8374a28189f22cf4c8d57fa,fftw-analysis-float,spec012-confirm-01,1,float,2048,1024,1,1,callback,steady,existing all-output numerical replay,archived-vector-counts,spectrum-norms-v1,direct DFT or binary64 FFT of matched frame bytes; direct band sums and EMA,see archived reference; precision not separately recorded,2048,2048,2099200,2099200,1.7811635133611692e-07,2.2354712809377118e-07,9.1552734375e-05,unnormalized FFT magnitude,0,0
3aeff8d50243a034,b22c4f06ab6119b27b3251bdd1450bed4ad2e295d8374a28189f22cf4c8d57fa,fftw-analysis-float,spec012-confirm-01,2,float,2048,1024,1,1,callback,steady,existing all-output numerical replay,archived-vector-counts,spectrum-norms-v1,direct DFT or binary64 FFT of matched frame bytes; direct band sums and EMA,see archived reference; precision not separately recorded,2048,2048,2099200,2099200,1.7811635133611692e-07,2.2354712809377118e-07,9.1552734375e-05,unnormalized FFT magnitude,0,0
3aeff8d50243a034,b22c4f06ab6119b27b3251bdd1450bed4ad2e295d8374a28189f22cf4c8d57fa,fftw-analysis-float,spec012-confirm-02,0,float,2048,1024,1,1,callback,steady,existing all-output numerical replay,archived-vector-counts,spectrum-norms-v1,direct DFT or binary64 FFT of matched frame bytes; direct band sums and EMA,see archived reference; precision not separately recorded,2048,2048,2099200,2099200,1.7811635133611692e-07,2.2354712809377118e-07,9.1552734375e-05,unnormalized FFT magnitude,0,0
3aeff8d50243a034,b22c4f06ab6119b27b3251bdd1450bed4ad2e295d8374a28189f22cf4c8d57fa,fftw-analysis-float,spec012-confirm-02,1,float,2048,1024,1,1,callback,steady,existing all-output numerical replay,archived-vector-counts,spectrum-norms-v1,direct DFT or binary64 FFT of matched frame bytes; direct band sums and EMA,see archived reference; precision not separately recorded,2048,2048,2099200,2099200,1.7811635133611692e-07,2.2354712809377118e-07,9.1552734375e-05,unnormalized FFT magnitude,0,0
3aeff8d50243a034,b22c4f06ab6119b27b3251bdd1450bed4ad2e295d8374a28189f22cf4c8d57fa,fftw-analysis-float,spec012-confirm-02,2,float,2048,1024,1,1,callback,steady,existing all-output numerical replay,archived-vector-counts,spectrum-norms-v1,direct DFT or binary64 FFT of matched frame bytes; direct band sums and EMA,see archived reference; precision not separately recorded,2048,2048,2099200,2099200,1.7811635133611692e-07,2.2354712809377118e-07,9.1552734375e-05,unnormalized FFT magnitude,0,0
3aeff8d50243a034,b22c4f06ab6119b27b3251bdd1450bed4ad2e295d8374a28189f22cf4c8d57fa,fftw-analysis-float,spec012-confirm-03,0,float,2048,1024,1,1,callback,steady,existing all-output numerical replay,archived-vector-counts,spectrum-norms-v1,direct DFT or binary64 FFT of matched frame bytes; direct band sums and EMA,see archived reference; precision not separately recorded,2048,2048,2099200,2099200,1.7811635133611692e-07,2.2354712809377118e-07,9.1552734375e-05,unnormalized FFT magnitude,0,0
3aeff8d50243a034,b22c4f06ab6119b27b3251bdd1450bed4ad2e295d8374a28189f22cf4c8d57fa,fftw-analysis-float,spec012-confirm-03,1,float,2048,1024,1,1,callback,steady,existing all-output numerical replay,archived-vector-counts,spectrum-norms-v1,direct DFT or binary64 FFT of matched frame bytes; direct band sums and EMA,see archived reference; precision not separately recorded,2048,2048,2099200,2099200,1.7811635133611692e-07,2.2354712809377118e-07,9.1552734375e-05,unnormalized FFT magnitude,0,0
3aeff8d50243a034,b22c4f06ab6119b27b3251bdd1450bed4ad2e295d8374a28189f22cf4c8d57fa,fftw-analysis-float,spec012-confirm-03,2,float,2048,1024,1,1,callback,steady,existing all-output numerical replay,archived-vector-counts,spectrum-norms-v1,direct DFT or binary64 FFT of matched frame bytes; direct band sums and EMA,see archived reference; precision not separately recorded,2048,2048,2099200,2099200,1.7811635133611692e-07,2.2354712809377118e-07,9.1552734375e-05,unnormalized FFT magnitude,0,0
3aeff8d50243a034,b3ef99d95511ebba88438c93aa9544fe93ee141f93168b908d466cd333fb018e,legacy-batch-float,spec012-confirm-01,0,float,16384,1024,1,1,callback,steady,full,all-publications-v1,spectrum-norms-v1,independent recursive binary64 FFT / direct DFT; matched float windows; direct bands and EMA,binary64 FFT / long-double direct DFT,2048,2048,16779264,16779264,2.428253746068979e-07,2.832279085325651e-07,0.0011609792709350586,unnormalized FFT magnitude,0,2560
3aeff8d50243a034,b3ef99d95511ebba88438c93aa9544fe93ee141f93168b908d466cd333fb018e,legacy-batch-float,spec012-confirm-01,1,float,16384,1024,1,1,callback,steady,full,all-publications-v1,spectrum-norms-v1,independent recursive binary64 FFT / direct DFT; matched float windows; direct bands and EMA,binary64 FFT / long-double direct DFT,2048,2048,16779264,16779264,2.428253746068979e-07,2.832279085325651e-07,0.0011609792709350586,unnormalized FFT magnitude,0,2560
3aeff8d50243a034,b3ef99d95511ebba88438c93aa9544fe93ee141f93168b908d466cd333fb018e,legacy-batch-float,spec012-confirm-01,2,float,16384,1024,1,1,callback,steady,full,all-publications-v1,spectrum-norms-v1,independent recursive binary64 FFT / direct DFT; matched float windows; direct bands and EMA,binary64 FFT / long-double direct DFT,2048,2048,16779264,16779264,2.428253746068979e-07,2.832279085325651e-07,0.0011609792709350586,unnormalized FFT magnitude,0,2560
3aeff8d50243a034,b3ef99d95511ebba88438c93aa9544fe93ee141f93168b908d466cd333fb018e,legacy-batch-float,spec012-confirm-02,0,float,16384,1024,1,1,callback,steady,full,all-publications-v1,spectrum-norms-v1,independent recursive binary64 FFT / direct DFT; matched float windows; direct bands and EMA,binary64 FFT / long-double direct DFT,2048,2048,16779264,16779264,2.428253746068979e-07,2.832279085325651e-07,0.0011609792709350586,unnormalized FFT magnitude,0,2560
3aeff8d50243a034,b3ef99d95511ebba88438c93aa9544fe93ee141f93168b908d466cd333fb018e,legacy-batch-float,spec012-confirm-02,1,float,16384,1024,1,1,callback,steady,full,all-publications-v1,spectrum-norms-v1,independent recursive binary64 FFT / direct DFT; matched float windows; direct bands and EMA,binary64 FFT / long-double direct DFT,2048,2048,16779264,16779264,2.428253746068979e-07,2.832279085325651e-07,0.0011609792709350586,unnormalized FFT magnitude,0,2560
3aeff8d50243a034,b3ef99d95511ebba88438c93aa9544fe93ee141f93168b908d466cd333fb018e,legacy-batch-float,spec012-confirm-02,2,float,16384,1024,1,1,callback,steady,full,all-publications-v1,spectrum-norms-v1,independent recursive binary64 FFT / direct DFT; matched float windows; direct bands and EMA,binary64 FFT / long-double direct DFT,2048,2048,16779264,16779264,2.428253746068979e-07,2.832279085325651e-07,0.0011609792709350586,unnormalized FFT magnitude,0,2560
3aeff8d50243a034,b3ef99d95511ebba88438c93aa9544fe93ee141f93168b908d466cd333fb018e,legacy-batch-float,spec012-confirm-03,0,float,16384,1024,1,1,callback,steady,full,all-publications-v1,spectrum-norms-v1,independent recursive binary64 FFT / direct DFT; matched float windows; direct bands and EMA,binary64 FFT / long-double direct DFT,2048,2048,16779264,16779264,2.428253746068979e-07,2.832279085325651e-07,0.0011609792709350586,unnormalized FFT magnitude,0,2560
3aeff8d50243a034,b3ef99d95511ebba88438c93aa9544fe93ee141f93168b908d466cd333fb018e,legacy-batch-float,spec012-confirm-03,1,float,16384,1024,1,1,callback,steady,full,all-publications-v1,spectrum-norms-v1,independent recursive binary64 FFT / direct DFT; matched float windows; direct bands and EMA,binary64 FFT / long-double direct DFT,2048,2048,16779264,16779264,2.428253746068979e-07,2.832279085325651e-07,0.0011609792709350586,unnormalized FFT magnitude,0,2560
3aeff8d50243a034,b3ef99d95511ebba88438c93aa9544fe93ee141f93168b908d466cd333fb018e,legacy-batch-float,spec012-confirm-03,2,float,16384,1024,1,1,callback,steady,full,all-publications-v1,spectrum-norms-v1,independent recursive binary64 FFT / direct DFT; matched float windows; direct bands and EMA,binary64 FFT / long-double direct DFT,2048,2048,16779264,16779264,2.428253746068979e-07,2.832279085325651e-07,0.0011609792709350586,unnormalized FFT magnitude,0,2560
3aeff8d50243a034,b764d7bddee24b4c1db96f57ace4a43355724e242e3c15e39dd5169b4de3a70d,vdsp-analysis-float,spec012-confirm-01,0,float,4096,1024,1,1,callback,steady,existing all-output numerical replay,archived-vector-counts,spectrum-norms-v1,direct DFT or binary64 FFT of matched frame bytes; direct band sums and EMA,see archived reference; precision not separately recorded,2048,2048,4196352,4196352,1.7957058611053615e-07,2.3812060927920297e-07,0.000244140625,unnormalized FFT magnitude,0,0
3aeff8d50243a034,b764d7bddee24b4c1db96f57ace4a43355724e242e3c15e39dd5169b4de3a70d,vdsp-analysis-float,spec012-confirm-01,1,float,4096,1024,1,1,callback,steady,existing all-output numerical replay,archived-vector-counts,spectrum-norms-v1,direct DFT or binary64 FFT of matched frame bytes; direct band sums and EMA,see archived reference; precision not separately recorded,2048,2048,4196352,4196352,1.7957058611053615e-07,2.3812060927920297e-07,0.000244140625,unnormalized FFT magnitude,0,0
3aeff8d50243a034,b764d7bddee24b4c1db96f57ace4a43355724e242e3c15e39dd5169b4de3a70d,vdsp-analysis-float,spec012-confirm-01,2,float,4096,1024,1,1,callback,steady,existing all-output numerical replay,archived-vector-counts,spectrum-norms-v1,direct DFT or binary64 FFT of matched frame bytes; direct band sums and EMA,see archived reference; precision not separately recorded,2048,2048,4196352,4196352,1.7957058611053615e-07,2.3812060927920297e-07,0.000244140625,unnormalized FFT magnitude,0,0
3aeff8d50243a034,b764d7bddee24b4c1db96f57ace4a43355724e242e3c15e39dd5169b4de3a70d,vdsp-analysis-float,spec012-confirm-02,0,float,4096,1024,1,1,callback,steady,existing all-output numerical replay,archived-vector-counts,spectrum-norms-v1,direct DFT or binary64 FFT of matched frame bytes; direct band sums and EMA,see archived reference; precision not separately recorded,2048,2048,4196352,4196352,1.7957058611053615e-07,2.3812060927920297e-07,0.000244140625,unnormalized FFT magnitude,0,0
3aeff8d50243a034,b764d7bddee24b4c1db96f57ace4a43355724e242e3c15e39dd5169b4de3a70d,vdsp-analysis-float,spec012-confirm-02,1,float,4096,1024,1,1,callback,steady,existing all-output numerical replay,archived-vector-counts,spectrum-norms-v1,direct DFT or binary64 FFT of matched frame bytes; direct band sums and EMA,see archived reference; precision not separately recorded,2048,2048,4196352,4196352,1.7957058611053615e-07,2.3812060927920297e-07,0.000244140625,unnormalized FFT magnitude,0,0
3aeff8d50243a034,b764d7bddee24b4c1db96f57ace4a43355724e242e3c15e39dd5169b4de3a70d,vdsp-analysis-float,spec012-confirm-02,2,float,4096,1024,1,1,callback,steady,existing all-output numerical replay,archived-vector-counts,spectrum-norms-v1,direct DFT or binary64 FFT of matched frame bytes; direct band sums and EMA,see archived reference; precision not separately recorded,2048,2048,4196352,4196352,1.7957058611053615e-07,2.3812060927920297e-07,0.000244140625,unnormalized FFT magnitude,0,0
3aeff8d50243a034,b764d7bddee24b4c1db96f57ace4a43355724e242e3c15e39dd5169b4de3a70d,vdsp-analysis-float,spec012-confirm-03,0,float,4096,1024,1,1,callback,steady,existing all-output numerical replay,archived-vector-counts,spectrum-norms-v1,direct DFT or binary64 FFT of matched frame bytes; direct band sums and EMA,see archived reference; precision not separately recorded,2048,2048,4196352,4196352,1.7957058611053615e-07,2.3812060927920297e-07,0.000244140625,unnormalized FFT magnitude,0,0
3aeff8d50243a034,b764d7bddee24b4c1db96f57ace4a43355724e242e3c15e39dd5169b4de3a70d,vdsp-analysis-float,spec012-confirm-03,1,float,4096,1024,1,1,callback,steady,existing all-output numerical replay,archived-vector-counts,spectrum-norms-v1,direct DFT or binary64 FFT of matched frame bytes; direct band sums and EMA,see archived reference; precision not separately recorded,2048,2048,4196352,4196352,1.7957058611053615e-07,2.3812060927920297e-07,0.000244140625,unnormalized FFT magnitude,0,0
3aeff8d50243a034,b764d7bddee24b4c1db96f57ace4a43355724e242e3c15e39dd5169b4de3a70d,vdsp-analysis-float,spec012-confirm-03,2,float,4096,1024,1,1,callback,steady,existing all-output numerical replay,archived-vector-counts,spectrum-norms-v1,direct DFT or binary64 FFT of matched frame bytes; direct band sums and EMA,see archived reference; precision not separately recorded,2048,2048,4196352,4196352,1.7957058611053615e-07,2.3812060927920297e-07,0.000244140625,unnormalized FFT magnitude,0,0
3aeff8d50243a034,b7665a8d25159eb3d1cd26f7bee5d4e1d7d4ce55fe51026d7635f31bfbea82e1,fftw-analysis-float,spec012-confirm-01,0,float,16384,1024,1,1,callback,steady,existing all-output numerical replay,archived-vector-counts,spectrum-norms-v1,direct DFT or binary64 FFT of matched frame bytes; direct band sums and EMA,see archived reference; precision not separately recorded,2048,2048,16779264,16779264,1.2932814177763272e-07,1.1921141411142463e-07,0.00048828125,unnormalized FFT magnitude,0,0
3aeff8d50243a034,b7665a8d25159eb3d1cd26f7bee5d4e1d7d4ce55fe51026d7635f31bfbea82e1,fftw-analysis-float,spec012-confirm-01,1,float,16384,1024,1,1,callback,steady,existing all-output numerical replay,archived-vector-counts,spectrum-norms-v1,direct DFT or binary64 FFT of matched frame bytes; direct band sums and EMA,see archived reference; precision not separately recorded,2048,2048,16779264,16779264,1.2932814177763272e-07,1.1921141411142463e-07,0.00048828125,unnormalized FFT magnitude,0,0
3aeff8d50243a034,b7665a8d25159eb3d1cd26f7bee5d4e1d7d4ce55fe51026d7635f31bfbea82e1,fftw-analysis-float,spec012-confirm-01,2,float,16384,1024,1,1,callback,steady,existing all-output numerical replay,archived-vector-counts,spectrum-norms-v1,direct DFT or binary64 FFT of matched frame bytes; direct band sums and EMA,see archived reference; precision not separately recorded,2048,2048,16779264,16779264,1.2932814177763272e-07,1.1921141411142463e-07,0.00048828125,unnormalized FFT magnitude,0,0
3aeff8d50243a034,b7665a8d25159eb3d1cd26f7bee5d4e1d7d4ce55fe51026d7635f31bfbea82e1,fftw-analysis-float,spec012-confirm-02,0,float,16384,1024,1,1,callback,steady,existing all-output numerical replay,archived-vector-counts,spectrum-norms-v1,direct DFT or binary64 FFT of matched frame bytes; direct band sums and EMA,see archived reference; precision not separately recorded,2048,2048,16779264,16779264,1.2932814177763272e-07,1.1921141411142463e-07,0.00048828125,unnormalized FFT magnitude,0,0
3aeff8d50243a034,b7665a8d25159eb3d1cd26f7bee5d4e1d7d4ce55fe51026d7635f31bfbea82e1,fftw-analysis-float,spec012-confirm-02,1,float,16384,1024,1,1,callback,steady,existing all-output numerical replay,archived-vector-counts,spectrum-norms-v1,direct DFT or binary64 FFT of matched frame bytes; direct band sums and EMA,see archived reference; precision not separately recorded,2048,2048,16779264,16779264,1.2932814177763272e-07,1.1921141411142463e-07,0.00048828125,unnormalized FFT magnitude,0,0
3aeff8d50243a034,b7665a8d25159eb3d1cd26f7bee5d4e1d7d4ce55fe51026d7635f31bfbea82e1,fftw-analysis-float,spec012-confirm-02,2,float,16384,1024,1,1,callback,steady,existing all-output numerical replay,archived-vector-counts,spectrum-norms-v1,direct DFT or binary64 FFT of matched frame bytes; direct band sums and EMA,see archived reference; precision not separately recorded,2048,2048,16779264,16779264,1.2932814177763272e-07,1.1921141411142463e-07,0.00048828125,unnormalized FFT magnitude,0,0
3aeff8d50243a034,b7665a8d25159eb3d1cd26f7bee5d4e1d7d4ce55fe51026d7635f31bfbea82e1,fftw-analysis-float,spec012-confirm-03,0,float,16384,1024,1,1,callback,steady,existing all-output numerical replay,archived-vector-counts,spectrum-norms-v1,direct DFT or binary64 FFT of matched frame bytes; direct band sums and EMA,see archived reference; precision not separately recorded,2048,2048,16779264,16779264,1.2932814177763272e-07,1.1921141411142463e-07,0.00048828125,unnormalized FFT magnitude,0,0
3aeff8d50243a034,b7665a8d25159eb3d1cd26f7bee5d4e1d7d4ce55fe51026d7635f31bfbea82e1,fftw-analysis-float,spec012-confirm-03,1,float,16384,1024,1,1,callback,steady,existing all-output numerical replay,archived-vector-counts,spectrum-norms-v1,direct DFT or binary64 FFT of matched frame bytes; direct band sums and EMA,see archived reference; precision not separately recorded,2048,2048,16779264,16779264,1.2932814177763272e-07,1.1921141411142463e-07,0.00048828125,unnormalized FFT magnitude,0,0
3aeff8d50243a034,b7665a8d25159eb3d1cd26f7bee5d4e1d7d4ce55fe51026d7635f31bfbea82e1,fftw-analysis-float,spec012-confirm-03,2,float,16384,1024,1,1,callback,steady,existing all-output numerical replay,archived-vector-counts,spectrum-norms-v1,direct DFT or binary64 FFT of matched frame bytes; direct band sums and EMA,see archived reference; precision not separately recorded,2048,2048,16779264,16779264,1.2932814177763272e-07,1.1921141411142463e-07,0.00048828125,unnormalized FFT magnitude,0,0
3aeff8d50243a034,bb16024f26809467aebde7be7b7ea0b6bdf8597a43ddcc8baf739d67af111925,vdsp-analysis-float,spec012-confirm-01,0,float,2048,1024,1,1,throughput,steady,existing all-output numerical replay,archived-vector-counts,spectrum-norms-v1,direct DFT or binary64 FFT of matched frame bytes; direct band sums and EMA,see archived reference; precision not separately recorded,2048,2048,2099200,2099200,1.6910148402627375e-07,2.2341206523453576e-07,9.1552734375e-05,unnormalized FFT magnitude,0,0
3aeff8d50243a034,bb16024f26809467aebde7be7b7ea0b6bdf8597a43ddcc8baf739d67af111925,vdsp-analysis-float,spec012-confirm-01,1,float,2048,1024,1,1,throughput,steady,existing all-output numerical replay,archived-vector-counts,spectrum-norms-v1,direct DFT or binary64 FFT of matched frame bytes; direct band sums and EMA,see archived reference; precision not separately recorded,2048,2048,2099200,2099200,1.6910148402627375e-07,2.2341206523453576e-07,9.1552734375e-05,unnormalized FFT magnitude,0,0
3aeff8d50243a034,bb16024f26809467aebde7be7b7ea0b6bdf8597a43ddcc8baf739d67af111925,vdsp-analysis-float,spec012-confirm-01,2,float,2048,1024,1,1,throughput,steady,existing all-output numerical replay,archived-vector-counts,spectrum-norms-v1,direct DFT or binary64 FFT of matched frame bytes; direct band sums and EMA,see archived reference; precision not separately recorded,2048,2048,2099200,2099200,1.6910148402627375e-07,2.2341206523453576e-07,9.1552734375e-05,unnormalized FFT magnitude,0,0
3aeff8d50243a034,bb16024f26809467aebde7be7b7ea0b6bdf8597a43ddcc8baf739d67af111925,vdsp-analysis-float,spec012-confirm-02,0,float,2048,1024,1,1,throughput,steady,existing all-output numerical replay,archived-vector-counts,spectrum-norms-v1,direct DFT or binary64 FFT of matched frame bytes; direct band sums and EMA,see archived reference; precision not separately recorded,2048,2048,2099200,2099200,1.6910148402627375e-07,2.2341206523453576e-07,9.1552734375e-05,unnormalized FFT magnitude,0,0
3aeff8d50243a034,bb16024f26809467aebde7be7b7ea0b6bdf8597a43ddcc8baf739d67af111925,vdsp-analysis-float,spec012-confirm-02,1,float,2048,1024,1,1,throughput,steady,existing all-output numerical replay,archived-vector-counts,spectrum-norms-v1,direct DFT or binary64 FFT of matched frame bytes; direct band sums and EMA,see archived reference; precision not separately recorded,2048,2048,2099200,2099200,1.6910148402627375e-07,2.2341206523453576e-07,9.1552734375e-05,unnormalized FFT magnitude,0,0
3aeff8d50243a034,bb16024f26809467aebde7be7b7ea0b6bdf8597a43ddcc8baf739d67af111925,vdsp-analysis-float,spec012-confirm-02,2,float,2048,1024,1,1,throughput,steady,existing all-output numerical replay,archived-vector-counts,spectrum-norms-v1,direct DFT or binary64 FFT of matched frame bytes; direct band sums and EMA,see archived reference; precision not separately recorded,2048,2048,2099200,2099200,1.6910148402627375e-07,2.2341206523453576e-07,9.1552734375e-05,unnormalized FFT magnitude,0,0
3aeff8d50243a034,bb16024f26809467aebde7be7b7ea0b6bdf8597a43ddcc8baf739d67af111925,vdsp-analysis-float,spec012-confirm-03,0,float,2048,1024,1,1,throughput,steady,existing all-output numerical replay,archived-vector-counts,spectrum-norms-v1,direct DFT or binary64 FFT of matched frame bytes; direct band sums and EMA,see archived reference; precision not separately recorded,2048,2048,2099200,2099200,1.6910148402627375e-07,2.2341206523453576e-07,9.1552734375e-05,unnormalized FFT magnitude,0,0
3aeff8d50243a034,bb16024f26809467aebde7be7b7ea0b6bdf8597a43ddcc8baf739d67af111925,vdsp-analysis-float,spec012-confirm-03,1,float,2048,1024,1,1,throughput,steady,existing all-output numerical replay,archived-vector-counts,spectrum-norms-v1,direct DFT or binary64 FFT of matched frame bytes; direct band sums and EMA,see archived reference; precision not separately recorded,2048,2048,2099200,2099200,1.6910148402627375e-07,2.2341206523453576e-07,9.1552734375e-05,unnormalized FFT magnitude,0,0
3aeff8d50243a034,bb16024f26809467aebde7be7b7ea0b6bdf8597a43ddcc8baf739d67af111925,vdsp-analysis-float,spec012-confirm-03,2,float,2048,1024,1,1,throughput,steady,existing all-output numerical replay,archived-vector-counts,spectrum-norms-v1,direct DFT or binary64 FFT of matched frame bytes; direct band sums and EMA,see archived reference; precision not separately recorded,2048,2048,2099200,2099200,1.6910148402627375e-07,2.2341206523453576e-07,9.1552734375e-05,unnormalized FFT magnitude,0,0
3aeff8d50243a034,bc214b7e315461ba26d74298335fcbdf16520528c481931ec7f6422355d56f44,legacy-batch-float,spec012-confirm-01,0,float,16384,1024,1,1,throughput,steady,full,all-publications-v1,spectrum-norms-v1,independent recursive binary64 FFT / direct DFT; matched float windows; direct bands and EMA,binary64 FFT / long-double direct DFT,2048,2048,16779264,16779264,2.314436441768113e-07,1.4903825983523968e-07,0.00048828125,unnormalized FFT magnitude,0,0
3aeff8d50243a034,bc214b7e315461ba26d74298335fcbdf16520528c481931ec7f6422355d56f44,legacy-batch-float,spec012-confirm-01,1,float,16384,1024,1,1,throughput,steady,full,all-publications-v1,spectrum-norms-v1,independent recursive binary64 FFT / direct DFT; matched float windows; direct bands and EMA,binary64 FFT / long-double direct DFT,2048,2048,16779264,16779264,2.314436441768113e-07,1.4903825983523968e-07,0.00048828125,unnormalized FFT magnitude,0,0
3aeff8d50243a034,bc214b7e315461ba26d74298335fcbdf16520528c481931ec7f6422355d56f44,legacy-batch-float,spec012-confirm-01,2,float,16384,1024,1,1,throughput,steady,full,all-publications-v1,spectrum-norms-v1,independent recursive binary64 FFT / direct DFT; matched float windows; direct bands and EMA,binary64 FFT / long-double direct DFT,2048,2048,16779264,16779264,2.314436441768113e-07,1.4903825983523968e-07,0.00048828125,unnormalized FFT magnitude,0,0
3aeff8d50243a034,bc214b7e315461ba26d74298335fcbdf16520528c481931ec7f6422355d56f44,legacy-batch-float,spec012-confirm-02,0,float,16384,1024,1,1,throughput,steady,full,all-publications-v1,spectrum-norms-v1,independent recursive binary64 FFT / direct DFT; matched float windows; direct bands and EMA,binary64 FFT / long-double direct DFT,2048,2048,16779264,16779264,2.314436441768113e-07,1.4903825983523968e-07,0.00048828125,unnormalized FFT magnitude,0,0
3aeff8d50243a034,bc214b7e315461ba26d74298335fcbdf16520528c481931ec7f6422355d56f44,legacy-batch-float,spec012-confirm-02,1,float,16384,1024,1,1,throughput,steady,full,all-publications-v1,spectrum-norms-v1,independent recursive binary64 FFT / direct DFT; matched float windows; direct bands and EMA,binary64 FFT / long-double direct DFT,2048,2048,16779264,16779264,2.314436441768113e-07,1.4903825983523968e-07,0.00048828125,unnormalized FFT magnitude,0,0
3aeff8d50243a034,bc214b7e315461ba26d74298335fcbdf16520528c481931ec7f6422355d56f44,legacy-batch-float,spec012-confirm-02,2,float,16384,1024,1,1,throughput,steady,full,all-publications-v1,spectrum-norms-v1,independent recursive binary64 FFT / direct DFT; matched float windows; direct bands and EMA,binary64 FFT / long-double direct DFT,2048,2048,16779264,16779264,2.314436441768113e-07,1.4903825983523968e-07,0.00048828125,unnormalized FFT magnitude,0,0
3aeff8d50243a034,bc214b7e315461ba26d74298335fcbdf16520528c481931ec7f6422355d56f44,legacy-batch-float,spec012-confirm-03,0,float,16384,1024,1,1,throughput,steady,full,all-publications-v1,spectrum-norms-v1,independent recursive binary64 FFT / direct DFT; matched float windows; direct bands and EMA,binary64 FFT / long-double direct DFT,2048,2048,16779264,16779264,2.314436441768113e-07,1.4903825983523968e-07,0.00048828125,unnormalized FFT magnitude,0,0
3aeff8d50243a034,bc214b7e315461ba26d74298335fcbdf16520528c481931ec7f6422355d56f44,legacy-batch-float,spec012-confirm-03,1,float,16384,1024,1,1,throughput,steady,full,all-publications-v1,spectrum-norms-v1,independent recursive binary64 FFT / direct DFT; matched float windows; direct bands and EMA,binary64 FFT / long-double direct DFT,2048,2048,16779264,16779264,2.314436441768113e-07,1.4903825983523968e-07,0.00048828125,unnormalized FFT magnitude,0,0
3aeff8d50243a034,bc214b7e315461ba26d74298335fcbdf16520528c481931ec7f6422355d56f44,legacy-batch-float,spec012-confirm-03,2,float,16384,1024,1,1,throughput,steady,full,all-publications-v1,spectrum-norms-v1,independent recursive binary64 FFT / direct DFT; matched float windows; direct bands and EMA,binary64 FFT / long-double direct DFT,2048,2048,16779264,16779264,2.314436441768113e-07,1.4903825983523968e-07,0.00048828125,unnormalized FFT magnitude,0,0
3aeff8d50243a034,bc4e0d7fd683b1b76bc97fd1a451385fc84157906b5a477055f151adf1749e38,legacy-batch-float,spec012-confirm-01,0,float,4096,1024,1,1,throughput,steady,full,all-publications-v1,spectrum-norms-v1,independent recursive binary64 FFT / direct DFT; matched float windows; direct bands and EMA,binary64 FFT / long-double direct DFT,2048,2048,4196352,4196352,2.261658101059299e-07,2.8183605963575486e-07,0.00028839707374572754,unnormalized FFT magnitude,0,0
3aeff8d50243a034,bc4e0d7fd683b1b76bc97fd1a451385fc84157906b5a477055f151adf1749e38,legacy-batch-float,spec012-confirm-01,1,float,4096,1024,1,1,throughput,steady,full,all-publications-v1,spectrum-norms-v1,independent recursive binary64 FFT / direct DFT; matched float windows; direct bands and EMA,binary64 FFT / long-double direct DFT,2048,2048,4196352,4196352,2.261658101059299e-07,2.8183605963575486e-07,0.00028839707374572754,unnormalized FFT magnitude,0,0
3aeff8d50243a034,bc4e0d7fd683b1b76bc97fd1a451385fc84157906b5a477055f151adf1749e38,legacy-batch-float,spec012-confirm-01,2,float,4096,1024,1,1,throughput,steady,full,all-publications-v1,spectrum-norms-v1,independent recursive binary64 FFT / direct DFT; matched float windows; direct bands and EMA,binary64 FFT / long-double direct DFT,2048,2048,4196352,4196352,2.261658101059299e-07,2.8183605963575486e-07,0.00028839707374572754,unnormalized FFT magnitude,0,0
3aeff8d50243a034,bc4e0d7fd683b1b76bc97fd1a451385fc84157906b5a477055f151adf1749e38,legacy-batch-float,spec012-confirm-02,0,float,4096,1024,1,1,throughput,steady,full,all-publications-v1,spectrum-norms-v1,independent recursive binary64 FFT / direct DFT; matched float windows; direct bands and EMA,binary64 FFT / long-double direct DFT,2048,2048,4196352,4196352,2.261658101059299e-07,2.8183605963575486e-07,0.00028839707374572754,unnormalized FFT magnitude,0,0
3aeff8d50243a034,bc4e0d7fd683b1b76bc97fd1a451385fc84157906b5a477055f151adf1749e38,legacy-batch-float,spec012-confirm-02,1,float,4096,1024,1,1,throughput,steady,full,all-publications-v1,spectrum-norms-v1,independent recursive binary64 FFT / direct DFT; matched float windows; direct bands and EMA,binary64 FFT / long-double direct DFT,2048,2048,4196352,4196352,2.261658101059299e-07,2.8183605963575486e-07,0.00028839707374572754,unnormalized FFT magnitude,0,0
3aeff8d50243a034,bc4e0d7fd683b1b76bc97fd1a451385fc84157906b5a477055f151adf1749e38,legacy-batch-float,spec012-confirm-02,2,float,4096,1024,1,1,throughput,steady,full,all-publications-v1,spectrum-norms-v1,independent recursive binary64 FFT / direct DFT; matched float windows; direct bands and EMA,binary64 FFT / long-double direct DFT,2048,2048,4196352,4196352,2.261658101059299e-07,2.8183605963575486e-07,0.00028839707374572754,unnormalized FFT magnitude,0,0
3aeff8d50243a034,bc4e0d7fd683b1b76bc97fd1a451385fc84157906b5a477055f151adf1749e38,legacy-batch-float,spec012-confirm-03,0,float,4096,1024,1,1,throughput,steady,full,all-publications-v1,spectrum-norms-v1,independent recursive binary64 FFT / direct DFT; matched float windows; direct bands and EMA,binary64 FFT / long-double direct DFT,2048,2048,4196352,4196352,2.261658101059299e-07,2.8183605963575486e-07,0.00028839707374572754,unnormalized FFT magnitude,0,0
3aeff8d50243a034,bc4e0d7fd683b1b76bc97fd1a451385fc84157906b5a477055f151adf1749e38,legacy-batch-float,spec012-confirm-03,1,float,4096,1024,1,1,throughput,steady,full,all-publications-v1,spectrum-norms-v1,independent recursive binary64 FFT / direct DFT; matched float windows; direct bands and EMA,binary64 FFT / long-double direct DFT,2048,2048,4196352,4196352,2.261658101059299e-07,2.8183605963575486e-07,0.00028839707374572754,unnormalized FFT magnitude,0,0
3aeff8d50243a034,bc4e0d7fd683b1b76bc97fd1a451385fc84157906b5a477055f151adf1749e38,legacy-batch-float,spec012-confirm-03,2,float,4096,1024,1,1,throughput,steady,full,all-publications-v1,spectrum-norms-v1,independent recursive binary64 FFT / direct DFT; matched float windows; direct bands and EMA,binary64 FFT / long-double direct DFT,2048,2048,4196352,4196352,2.261658101059299e-07,2.8183605963575486e-07,0.00028839707374572754,unnormalized FFT magnitude,0,0
3aeff8d50243a034,bd0c67668291a548c18d962cc704d734f1797fef137246ae2e55cdd9a80aa9f5,legacy-batch-float,spec012-confirm-01,0,float,16384,1024,1,1,callback,steady,full,all-publications-v1,spectrum-norms-v1,independent recursive binary64 FFT / direct DFT; matched float windows; direct bands and EMA,binary64 FFT / long-double direct DFT,2048,2048,16779264,16779264,2.314436441768113e-07,1.4903825983523968e-07,0.00048828125,unnormalized FFT magnitude,0,0
3aeff8d50243a034,bd0c67668291a548c18d962cc704d734f1797fef137246ae2e55cdd9a80aa9f5,legacy-batch-float,spec012-confirm-01,1,float,16384,1024,1,1,callback,steady,full,all-publications-v1,spectrum-norms-v1,independent recursive binary64 FFT / direct DFT; matched float windows; direct bands and EMA,binary64 FFT / long-double direct DFT,2048,2048,16779264,16779264,2.314436441768113e-07,1.4903825983523968e-07,0.00048828125,unnormalized FFT magnitude,0,0
3aeff8d50243a034,bd0c67668291a548c18d962cc704d734f1797fef137246ae2e55cdd9a80aa9f5,legacy-batch-float,spec012-confirm-01,2,float,16384,1024,1,1,callback,steady,full,all-publications-v1,spectrum-norms-v1,independent recursive binary64 FFT / direct DFT; matched float windows; direct bands and EMA,binary64 FFT / long-double direct DFT,2048,2048,16779264,16779264,2.314436441768113e-07,1.4903825983523968e-07,0.00048828125,unnormalized FFT magnitude,0,0
3aeff8d50243a034,bd0c67668291a548c18d962cc704d734f1797fef137246ae2e55cdd9a80aa9f5,legacy-batch-float,spec012-confirm-02,0,float,16384,1024,1,1,callback,steady,full,all-publications-v1,spectrum-norms-v1,independent recursive binary64 FFT / direct DFT; matched float windows; direct bands and EMA,binary64 FFT / long-double direct DFT,2048,2048,16779264,16779264,2.314436441768113e-07,1.4903825983523968e-07,0.00048828125,unnormalized FFT magnitude,0,0
3aeff8d50243a034,bd0c67668291a548c18d962cc704d734f1797fef137246ae2e55cdd9a80aa9f5,legacy-batch-float,spec012-confirm-02,1,float,16384,1024,1,1,callback,steady,full,all-publications-v1,spectrum-norms-v1,independent recursive binary64 FFT / direct DFT; matched float windows; direct bands and EMA,binary64 FFT / long-double direct DFT,2048,2048,16779264,16779264,2.314436441768113e-07,1.4903825983523968e-07,0.00048828125,unnormalized FFT magnitude,0,0
3aeff8d50243a034,bd0c67668291a548c18d962cc704d734f1797fef137246ae2e55cdd9a80aa9f5,legacy-batch-float,spec012-confirm-02,2,float,16384,1024,1,1,callback,steady,full,all-publications-v1,spectrum-norms-v1,independent recursive binary64 FFT / direct DFT; matched float windows; direct bands and EMA,binary64 FFT / long-double direct DFT,2048,2048,16779264,16779264,2.314436441768113e-07,1.4903825983523968e-07,0.00048828125,unnormalized FFT magnitude,0,0
3aeff8d50243a034,bd0c67668291a548c18d962cc704d734f1797fef137246ae2e55cdd9a80aa9f5,legacy-batch-float,spec012-confirm-03,0,float,16384,1024,1,1,callback,steady,full,all-publications-v1,spectrum-norms-v1,independent recursive binary64 FFT / direct DFT; matched float windows; direct bands and EMA,binary64 FFT / long-double direct DFT,2048,2048,16779264,16779264,2.314436441768113e-07,1.4903825983523968e-07,0.00048828125,unnormalized FFT magnitude,0,0
3aeff8d50243a034,bd0c67668291a548c18d962cc704d734f1797fef137246ae2e55cdd9a80aa9f5,legacy-batch-float,spec012-confirm-03,1,float,16384,1024,1,1,callback,steady,full,all-publications-v1,spectrum-norms-v1,independent recursive binary64 FFT / direct DFT; matched float windows; direct bands and EMA,binary64 FFT / long-double direct DFT,2048,2048,16779264,16779264,2.314436441768113e-07,1.4903825983523968e-07,0.00048828125,unnormalized FFT magnitude,0,0
3aeff8d50243a034,bd0c67668291a548c18d962cc704d734f1797fef137246ae2e55cdd9a80aa9f5,legacy-batch-float,spec012-confirm-03,2,float,16384,1024,1,1,callback,steady,full,all-publications-v1,spectrum-norms-v1,independent recursive binary64 FFT / direct DFT; matched float windows; direct bands and EMA,binary64 FFT / long-double direct DFT,2048,2048,16779264,16779264,2.314436441768113e-07,1.4903825983523968e-07,0.00048828125,unnormalized FFT magnitude,0,0
3aeff8d50243a034,bd45954347816bab9627d663c162295f32a58d0389a7d69d2070da42c29e23e6,vdsp-analysis-float,spec012-confirm-01,0,float,2048,1024,1,1,throughput,steady,existing all-output numerical replay,archived-vector-counts,spectrum-norms-v1,direct DFT or binary64 FFT of matched frame bytes; direct band sums and EMA,see archived reference; precision not separately recorded,2048,2048,2099200,2099200,1.4261480916057953e-07,1.1945004482661556e-07,6.103515625e-05,unnormalized FFT magnitude,0,0
3aeff8d50243a034,bd45954347816bab9627d663c162295f32a58d0389a7d69d2070da42c29e23e6,vdsp-analysis-float,spec012-confirm-01,1,float,2048,1024,1,1,throughput,steady,existing all-output numerical replay,archived-vector-counts,spectrum-norms-v1,direct DFT or binary64 FFT of matched frame bytes; direct band sums and EMA,see archived reference; precision not separately recorded,2048,2048,2099200,2099200,1.4261480916057953e-07,1.1945004482661556e-07,6.103515625e-05,unnormalized FFT magnitude,0,0
3aeff8d50243a034,bd45954347816bab9627d663c162295f32a58d0389a7d69d2070da42c29e23e6,vdsp-analysis-float,spec012-confirm-01,2,float,2048,1024,1,1,throughput,steady,existing all-output numerical replay,archived-vector-counts,spectrum-norms-v1,direct DFT or binary64 FFT of matched frame bytes; direct band sums and EMA,see archived reference; precision not separately recorded,2048,2048,2099200,2099200,1.4261480916057953e-07,1.1945004482661556e-07,6.103515625e-05,unnormalized FFT magnitude,0,0
3aeff8d50243a034,bd45954347816bab9627d663c162295f32a58d0389a7d69d2070da42c29e23e6,vdsp-analysis-float,spec012-confirm-02,0,float,2048,1024,1,1,throughput,steady,existing all-output numerical replay,archived-vector-counts,spectrum-norms-v1,direct DFT or binary64 FFT of matched frame bytes; direct band sums and EMA,see archived reference; precision not separately recorded,2048,2048,2099200,2099200,1.4261480916057953e-07,1.1945004482661556e-07,6.103515625e-05,unnormalized FFT magnitude,0,0
3aeff8d50243a034,bd45954347816bab9627d663c162295f32a58d0389a7d69d2070da42c29e23e6,vdsp-analysis-float,spec012-confirm-02,1,float,2048,1024,1,1,throughput,steady,existing all-output numerical replay,archived-vector-counts,spectrum-norms-v1,direct DFT or binary64 FFT of matched frame bytes; direct band sums and EMA,see archived reference; precision not separately recorded,2048,2048,2099200,2099200,1.4261480916057953e-07,1.1945004482661556e-07,6.103515625e-05,unnormalized FFT magnitude,0,0
3aeff8d50243a034,bd45954347816bab9627d663c162295f32a58d0389a7d69d2070da42c29e23e6,vdsp-analysis-float,spec012-confirm-02,2,float,2048,1024,1,1,throughput,steady,existing all-output numerical replay,archived-vector-counts,spectrum-norms-v1,direct DFT or binary64 FFT of matched frame bytes; direct band sums and EMA,see archived reference; precision not separately recorded,2048,2048,2099200,2099200,1.4261480916057953e-07,1.1945004482661556e-07,6.103515625e-05,unnormalized FFT magnitude,0,0
3aeff8d50243a034,bd45954347816bab9627d663c162295f32a58d0389a7d69d2070da42c29e23e6,vdsp-analysis-float,spec012-confirm-03,0,float,2048,1024,1,1,throughput,steady,existing all-output numerical replay,archived-vector-counts,spectrum-norms-v1,direct DFT or binary64 FFT of matched frame bytes; direct band sums and EMA,see archived reference; precision not separately recorded,2048,2048,2099200,2099200,1.4261480916057953e-07,1.1945004482661556e-07,6.103515625e-05,unnormalized FFT magnitude,0,0
3aeff8d50243a034,bd45954347816bab9627d663c162295f32a58d0389a7d69d2070da42c29e23e6,vdsp-analysis-float,spec012-confirm-03,1,float,2048,1024,1,1,throughput,steady,existing all-output numerical replay,archived-vector-counts,spectrum-norms-v1,direct DFT or binary64 FFT of matched frame bytes; direct band sums and EMA,see archived reference; precision not separately recorded,2048,2048,2099200,2099200,1.4261480916057953e-07,1.1945004482661556e-07,6.103515625e-05,unnormalized FFT magnitude,0,0
3aeff8d50243a034,bd45954347816bab9627d663c162295f32a58d0389a7d69d2070da42c29e23e6,vdsp-analysis-float,spec012-confirm-03,2,float,2048,1024,1,1,throughput,steady,existing all-output numerical replay,archived-vector-counts,spectrum-norms-v1,direct DFT or binary64 FFT of matched frame bytes; direct band sums and EMA,see archived reference; precision not separately recorded,2048,2048,2099200,2099200,1.4261480916057953e-07,1.1945004482661556e-07,6.103515625e-05,unnormalized FFT magnitude,0,0
3aeff8d50243a034,be1d64511e9798be8050d8926dd60dc901c9da8c8075c02a99491702f63c8b90,pffft-scheduled-batch-float,spec012-confirm-01,0,float,2048,1024,1,1,callback,steady,existing all-output numerical replay,archived-vector-counts,spectrum-norms-v1,direct DFT or binary64 FFT of matched frame bytes; direct band sums and EMA,see archived reference; precision not separately recorded,2048,2048,2099200,2099200,1.8753119135637531e-07,2.2363801652461304e-07,9.1552734375e-05,unnormalized FFT magnitude,0,0
3aeff8d50243a034,be1d64511e9798be8050d8926dd60dc901c9da8c8075c02a99491702f63c8b90,pffft-scheduled-batch-float,spec012-confirm-01,1,float,2048,1024,1,1,callback,steady,existing all-output numerical replay,archived-vector-counts,spectrum-norms-v1,direct DFT or binary64 FFT of matched frame bytes; direct band sums and EMA,see archived reference; precision not separately recorded,2048,2048,2099200,2099200,1.8753119135637531e-07,2.2363801652461304e-07,9.1552734375e-05,unnormalized FFT magnitude,0,0
3aeff8d50243a034,be1d64511e9798be8050d8926dd60dc901c9da8c8075c02a99491702f63c8b90,pffft-scheduled-batch-float,spec012-confirm-01,2,float,2048,1024,1,1,callback,steady,existing all-output numerical replay,archived-vector-counts,spectrum-norms-v1,direct DFT or binary64 FFT of matched frame bytes; direct band sums and EMA,see archived reference; precision not separately recorded,2048,2048,2099200,2099200,1.8753119135637531e-07,2.2363801652461304e-07,9.1552734375e-05,unnormalized FFT magnitude,0,0
3aeff8d50243a034,be1d64511e9798be8050d8926dd60dc901c9da8c8075c02a99491702f63c8b90,pffft-scheduled-batch-float,spec012-confirm-02,0,float,2048,1024,1,1,callback,steady,existing all-output numerical replay,archived-vector-counts,spectrum-norms-v1,direct DFT or binary64 FFT of matched frame bytes; direct band sums and EMA,see archived reference; precision not separately recorded,2048,2048,2099200,2099200,1.8753119135637531e-07,2.2363801652461304e-07,9.1552734375e-05,unnormalized FFT magnitude,0,0
3aeff8d50243a034,be1d64511e9798be8050d8926dd60dc901c9da8c8075c02a99491702f63c8b90,pffft-scheduled-batch-float,spec012-confirm-02,1,float,2048,1024,1,1,callback,steady,existing all-output numerical replay,archived-vector-counts,spectrum-norms-v1,direct DFT or binary64 FFT of matched frame bytes; direct band sums and EMA,see archived reference; precision not separately recorded,2048,2048,2099200,2099200,1.8753119135637531e-07,2.2363801652461304e-07,9.1552734375e-05,unnormalized FFT magnitude,0,0
3aeff8d50243a034,be1d64511e9798be8050d8926dd60dc901c9da8c8075c02a99491702f63c8b90,pffft-scheduled-batch-float,spec012-confirm-02,2,float,2048,1024,1,1,callback,steady,existing all-output numerical replay,archived-vector-counts,spectrum-norms-v1,direct DFT or binary64 FFT of matched frame bytes; direct band sums and EMA,see archived reference; precision not separately recorded,2048,2048,2099200,2099200,1.8753119135637531e-07,2.2363801652461304e-07,9.1552734375e-05,unnormalized FFT magnitude,0,0
3aeff8d50243a034,be1d64511e9798be8050d8926dd60dc901c9da8c8075c02a99491702f63c8b90,pffft-scheduled-batch-float,spec012-confirm-03,0,float,2048,1024,1,1,callback,steady,existing all-output numerical replay,archived-vector-counts,spectrum-norms-v1,direct DFT or binary64 FFT of matched frame bytes; direct band sums and EMA,see archived reference; precision not separately recorded,2048,2048,2099200,2099200,1.8753119135637531e-07,2.2363801652461304e-07,9.1552734375e-05,unnormalized FFT magnitude,0,0
3aeff8d50243a034,be1d64511e9798be8050d8926dd60dc901c9da8c8075c02a99491702f63c8b90,pffft-scheduled-batch-float,spec012-confirm-03,1,float,2048,1024,1,1,callback,steady,existing all-output numerical replay,archived-vector-counts,spectrum-norms-v1,direct DFT or binary64 FFT of matched frame bytes; direct band sums and EMA,see archived reference; precision not separately recorded,2048,2048,2099200,2099200,1.8753119135637531e-07,2.2363801652461304e-07,9.1552734375e-05,unnormalized FFT magnitude,0,0
3aeff8d50243a034,be1d64511e9798be8050d8926dd60dc901c9da8c8075c02a99491702f63c8b90,pffft-scheduled-batch-float,spec012-confirm-03,2,float,2048,1024,1,1,callback,steady,existing all-output numerical replay,archived-vector-counts,spectrum-norms-v1,direct DFT or binary64 FFT of matched frame bytes; direct band sums and EMA,see archived reference; precision not separately recorded,2048,2048,2099200,2099200,1.8753119135637531e-07,2.2363801652461304e-07,9.1552734375e-05,unnormalized FFT magnitude,0,0
3aeff8d50243a034,be4cc08b4b1e05557a760051482213cb47377efcb6a67c72be319fe67921bce8,fftw-analysis-float,spec012-confirm-01,0,float,4096,1024,1,1,callback,steady,existing all-output numerical replay,archived-vector-counts,spectrum-norms-v1,direct DFT or binary64 FFT of matched frame bytes; direct band sums and EMA,see archived reference; precision not separately recorded,2048,2048,4196352,4196352,1.727469162690182e-07,2.3812060927920297e-07,0.000244140625,unnormalized FFT magnitude,0,0
3aeff8d50243a034,be4cc08b4b1e05557a760051482213cb47377efcb6a67c72be319fe67921bce8,fftw-analysis-float,spec012-confirm-01,1,float,4096,1024,1,1,callback,steady,existing all-output numerical replay,archived-vector-counts,spectrum-norms-v1,direct DFT or binary64 FFT of matched frame bytes; direct band sums and EMA,see archived reference; precision not separately recorded,2048,2048,4196352,4196352,1.727469162690182e-07,2.3812060927920297e-07,0.000244140625,unnormalized FFT magnitude,0,0
3aeff8d50243a034,be4cc08b4b1e05557a760051482213cb47377efcb6a67c72be319fe67921bce8,fftw-analysis-float,spec012-confirm-01,2,float,4096,1024,1,1,callback,steady,existing all-output numerical replay,archived-vector-counts,spectrum-norms-v1,direct DFT or binary64 FFT of matched frame bytes; direct band sums and EMA,see archived reference; precision not separately recorded,2048,2048,4196352,4196352,1.727469162690182e-07,2.3812060927920297e-07,0.000244140625,unnormalized FFT magnitude,0,0
3aeff8d50243a034,be4cc08b4b1e05557a760051482213cb47377efcb6a67c72be319fe67921bce8,fftw-analysis-float,spec012-confirm-02,0,float,4096,1024,1,1,callback,steady,existing all-output numerical replay,archived-vector-counts,spectrum-norms-v1,direct DFT or binary64 FFT of matched frame bytes; direct band sums and EMA,see archived reference; precision not separately recorded,2048,2048,4196352,4196352,1.727469162690182e-07,2.3812060927920297e-07,0.000244140625,unnormalized FFT magnitude,0,0
3aeff8d50243a034,be4cc08b4b1e05557a760051482213cb47377efcb6a67c72be319fe67921bce8,fftw-analysis-float,spec012-confirm-02,1,float,4096,1024,1,1,callback,steady,existing all-output numerical replay,archived-vector-counts,spectrum-norms-v1,direct DFT or binary64 FFT of matched frame bytes; direct band sums and EMA,see archived reference; precision not separately recorded,2048,2048,4196352,4196352,1.727469162690182e-07,2.3812060927920297e-07,0.000244140625,unnormalized FFT magnitude,0,0
3aeff8d50243a034,be4cc08b4b1e05557a760051482213cb47377efcb6a67c72be319fe67921bce8,fftw-analysis-float,spec012-confirm-02,2,float,4096,1024,1,1,callback,steady,existing all-output numerical replay,archived-vector-counts,spectrum-norms-v1,direct DFT or binary64 FFT of matched frame bytes; direct band sums and EMA,see archived reference; precision not separately recorded,2048,2048,4196352,4196352,1.727469162690182e-07,2.3812060927920297e-07,0.000244140625,unnormalized FFT magnitude,0,0
3aeff8d50243a034,be4cc08b4b1e05557a760051482213cb47377efcb6a67c72be319fe67921bce8,fftw-analysis-float,spec012-confirm-03,0,float,4096,1024,1,1,callback,steady,existing all-output numerical replay,archived-vector-counts,spectrum-norms-v1,direct DFT or binary64 FFT of matched frame bytes; direct band sums and EMA,see archived reference; precision not separately recorded,2048,2048,4196352,4196352,1.727469162690182e-07,2.3812060927920297e-07,0.000244140625,unnormalized FFT magnitude,0,0
3aeff8d50243a034,be4cc08b4b1e05557a760051482213cb47377efcb6a67c72be319fe67921bce8,fftw-analysis-float,spec012-confirm-03,1,float,4096,1024,1,1,callback,steady,existing all-output numerical replay,archived-vector-counts,spectrum-norms-v1,direct DFT or binary64 FFT of matched frame bytes; direct band sums and EMA,see archived reference; precision not separately recorded,2048,2048,4196352,4196352,1.727469162690182e-07,2.3812060927920297e-07,0.000244140625,unnormalized FFT magnitude,0,0
3aeff8d50243a034,be4cc08b4b1e05557a760051482213cb47377efcb6a67c72be319fe67921bce8,fftw-analysis-float,spec012-confirm-03,2,float,4096,1024,1,1,callback,steady,existing all-output numerical replay,archived-vector-counts,spectrum-norms-v1,direct DFT or binary64 FFT of matched frame bytes; direct band sums and EMA,see archived reference; precision not separately recorded,2048,2048,4196352,4196352,1.727469162690182e-07,2.3812060927920297e-07,0.000244140625,unnormalized FFT magnitude,0,0
3aeff8d50243a034,bfd9cb27d2c94f25687b0405c79d2b12a00774363614b30af142ecb942770590,pffft-scheduled-batch-float,spec012-confirm-01,0,float,2048,1024,1,1,throughput,steady,existing all-output numerical replay,archived-vector-counts,spectrum-norms-v1,direct DFT or binary64 FFT of matched frame bytes; direct band sums and EMA,see archived reference; precision not separately recorded,2048,2048,2099200,2099200,1.2019560717045903e-07,1.191954924079027e-07,6.103515625e-05,unnormalized FFT magnitude,0,0
3aeff8d50243a034,bfd9cb27d2c94f25687b0405c79d2b12a00774363614b30af142ecb942770590,pffft-scheduled-batch-float,spec012-confirm-01,1,float,2048,1024,1,1,throughput,steady,existing all-output numerical replay,archived-vector-counts,spectrum-norms-v1,direct DFT or binary64 FFT of matched frame bytes; direct band sums and EMA,see archived reference; precision not separately recorded,2048,2048,2099200,2099200,1.2019560717045903e-07,1.191954924079027e-07,6.103515625e-05,unnormalized FFT magnitude,0,0
3aeff8d50243a034,bfd9cb27d2c94f25687b0405c79d2b12a00774363614b30af142ecb942770590,pffft-scheduled-batch-float,spec012-confirm-01,2,float,2048,1024,1,1,throughput,steady,existing all-output numerical replay,archived-vector-counts,spectrum-norms-v1,direct DFT or binary64 FFT of matched frame bytes; direct band sums and EMA,see archived reference; precision not separately recorded,2048,2048,2099200,2099200,1.2019560717045903e-07,1.191954924079027e-07,6.103515625e-05,unnormalized FFT magnitude,0,0
3aeff8d50243a034,bfd9cb27d2c94f25687b0405c79d2b12a00774363614b30af142ecb942770590,pffft-scheduled-batch-float,spec012-confirm-02,0,float,2048,1024,1,1,throughput,steady,existing all-output numerical replay,archived-vector-counts,spectrum-norms-v1,direct DFT or binary64 FFT of matched frame bytes; direct band sums and EMA,see archived reference; precision not separately recorded,2048,2048,2099200,2099200,1.2019560717045903e-07,1.191954924079027e-07,6.103515625e-05,unnormalized FFT magnitude,0,0
3aeff8d50243a034,bfd9cb27d2c94f25687b0405c79d2b12a00774363614b30af142ecb942770590,pffft-scheduled-batch-float,spec012-confirm-02,1,float,2048,1024,1,1,throughput,steady,existing all-output numerical replay,archived-vector-counts,spectrum-norms-v1,direct DFT or binary64 FFT of matched frame bytes; direct band sums and EMA,see archived reference; precision not separately recorded,2048,2048,2099200,2099200,1.2019560717045903e-07,1.191954924079027e-07,6.103515625e-05,unnormalized FFT magnitude,0,0
3aeff8d50243a034,bfd9cb27d2c94f25687b0405c79d2b12a00774363614b30af142ecb942770590,pffft-scheduled-batch-float,spec012-confirm-02,2,float,2048,1024,1,1,throughput,steady,existing all-output numerical replay,archived-vector-counts,spectrum-norms-v1,direct DFT or binary64 FFT of matched frame bytes; direct band sums and EMA,see archived reference; precision not separately recorded,2048,2048,2099200,2099200,1.2019560717045903e-07,1.191954924079027e-07,6.103515625e-05,unnormalized FFT magnitude,0,0
3aeff8d50243a034,bfd9cb27d2c94f25687b0405c79d2b12a00774363614b30af142ecb942770590,pffft-scheduled-batch-float,spec012-confirm-03,0,float,2048,1024,1,1,throughput,steady,existing all-output numerical replay,archived-vector-counts,spectrum-norms-v1,direct DFT or binary64 FFT of matched frame bytes; direct band sums and EMA,see archived reference; precision not separately recorded,2048,2048,2099200,2099200,1.2019560717045903e-07,1.191954924079027e-07,6.103515625e-05,unnormalized FFT magnitude,0,0
3aeff8d50243a034,bfd9cb27d2c94f25687b0405c79d2b12a00774363614b30af142ecb942770590,pffft-scheduled-batch-float,spec012-confirm-03,1,float,2048,1024,1,1,throughput,steady,existing all-output numerical replay,archived-vector-counts,spectrum-norms-v1,direct DFT or binary64 FFT of matched frame bytes; direct band sums and EMA,see archived reference; precision not separately recorded,2048,2048,2099200,2099200,1.2019560717045903e-07,1.191954924079027e-07,6.103515625e-05,unnormalized FFT magnitude,0,0
3aeff8d50243a034,bfd9cb27d2c94f25687b0405c79d2b12a00774363614b30af142ecb942770590,pffft-scheduled-batch-float,spec012-confirm-03,2,float,2048,1024,1,1,throughput,steady,existing all-output numerical replay,archived-vector-counts,spectrum-norms-v1,direct DFT or binary64 FFT of matched frame bytes; direct band sums and EMA,see archived reference; precision not separately recorded,2048,2048,2099200,2099200,1.2019560717045903e-07,1.191954924079027e-07,6.103515625e-05,unnormalized FFT magnitude,0,0
3aeff8d50243a034,c1149bdb25fa0e7d6304a48e856b93dffaffdf699a1818e235729fa08ffa00c1,vdsp-analysis-float,spec012-confirm-01,0,float,16384,1024,1,1,callback,steady,existing all-output numerical replay,archived-vector-counts,spectrum-norms-v1,direct DFT or binary64 FFT of matched frame bytes; direct band sums and EMA,see archived reference; precision not separately recorded,2048,2048,16779264,16779264,1.5382949780493128e-07,1.788785140013281e-07,0.000732421875,unnormalized FFT magnitude,0,32
3aeff8d50243a034,c1149bdb25fa0e7d6304a48e856b93dffaffdf699a1818e235729fa08ffa00c1,vdsp-analysis-float,spec012-confirm-01,1,float,16384,1024,1,1,callback,steady,existing all-output numerical replay,archived-vector-counts,spectrum-norms-v1,direct DFT or binary64 FFT of matched frame bytes; direct band sums and EMA,see archived reference; precision not separately recorded,2048,2048,16779264,16779264,1.5382949780493128e-07,1.788785140013281e-07,0.000732421875,unnormalized FFT magnitude,0,32
3aeff8d50243a034,c1149bdb25fa0e7d6304a48e856b93dffaffdf699a1818e235729fa08ffa00c1,vdsp-analysis-float,spec012-confirm-01,2,float,16384,1024,1,1,callback,steady,existing all-output numerical replay,archived-vector-counts,spectrum-norms-v1,direct DFT or binary64 FFT of matched frame bytes; direct band sums and EMA,see archived reference; precision not separately recorded,2048,2048,16779264,16779264,1.5382949780493128e-07,1.788785140013281e-07,0.000732421875,unnormalized FFT magnitude,0,32
3aeff8d50243a034,c1149bdb25fa0e7d6304a48e856b93dffaffdf699a1818e235729fa08ffa00c1,vdsp-analysis-float,spec012-confirm-02,0,float,16384,1024,1,1,callback,steady,existing all-output numerical replay,archived-vector-counts,spectrum-norms-v1,direct DFT or binary64 FFT of matched frame bytes; direct band sums and EMA,see archived reference; precision not separately recorded,2048,2048,16779264,16779264,1.5382949780493128e-07,1.788785140013281e-07,0.000732421875,unnormalized FFT magnitude,0,32
3aeff8d50243a034,c1149bdb25fa0e7d6304a48e856b93dffaffdf699a1818e235729fa08ffa00c1,vdsp-analysis-float,spec012-confirm-02,1,float,16384,1024,1,1,callback,steady,existing all-output numerical replay,archived-vector-counts,spectrum-norms-v1,direct DFT or binary64 FFT of matched frame bytes; direct band sums and EMA,see archived reference; precision not separately recorded,2048,2048,16779264,16779264,1.5382949780493128e-07,1.788785140013281e-07,0.000732421875,unnormalized FFT magnitude,0,32
3aeff8d50243a034,c1149bdb25fa0e7d6304a48e856b93dffaffdf699a1818e235729fa08ffa00c1,vdsp-analysis-float,spec012-confirm-02,2,float,16384,1024,1,1,callback,steady,existing all-output numerical replay,archived-vector-counts,spectrum-norms-v1,direct DFT or binary64 FFT of matched frame bytes; direct band sums and EMA,see archived reference; precision not separately recorded,2048,2048,16779264,16779264,1.5382949780493128e-07,1.788785140013281e-07,0.000732421875,unnormalized FFT magnitude,0,32
3aeff8d50243a034,c1149bdb25fa0e7d6304a48e856b93dffaffdf699a1818e235729fa08ffa00c1,vdsp-analysis-float,spec012-confirm-03,0,float,16384,1024,1,1,callback,steady,existing all-output numerical replay,archived-vector-counts,spectrum-norms-v1,direct DFT or binary64 FFT of matched frame bytes; direct band sums and EMA,see archived reference; precision not separately recorded,2048,2048,16779264,16779264,1.5382949780493128e-07,1.788785140013281e-07,0.000732421875,unnormalized FFT magnitude,0,32
3aeff8d50243a034,c1149bdb25fa0e7d6304a48e856b93dffaffdf699a1818e235729fa08ffa00c1,vdsp-analysis-float,spec012-confirm-03,1,float,16384,1024,1,1,callback,steady,existing all-output numerical replay,archived-vector-counts,spectrum-norms-v1,direct DFT or binary64 FFT of matched frame bytes; direct band sums and EMA,see archived reference; precision not separately recorded,2048,2048,16779264,16779264,1.5382949780493128e-07,1.788785140013281e-07,0.000732421875,unnormalized FFT magnitude,0,32
3aeff8d50243a034,c1149bdb25fa0e7d6304a48e856b93dffaffdf699a1818e235729fa08ffa00c1,vdsp-analysis-float,spec012-confirm-03,2,float,16384,1024,1,1,callback,steady,existing all-output numerical replay,archived-vector-counts,spectrum-norms-v1,direct DFT or binary64 FFT of matched frame bytes; direct band sums and EMA,see archived reference; precision not separately recorded,2048,2048,16779264,16779264,1.5382949780493128e-07,1.788785140013281e-07,0.000732421875,unnormalized FFT magnitude,0,32
3aeff8d50243a034,c11dd5799d3c3ed41ca050784575224d21c01c49c421b9ab662a4adbc4106bc6,pffft-scheduled-batch-float,spec012-confirm-01,0,float,4096,1024,1,1,callback,steady,existing all-output numerical replay,archived-vector-counts,spectrum-norms-v1,direct DFT or binary64 FFT of matched frame bytes; direct band sums and EMA,see archived reference; precision not separately recorded,2048,2048,4196352,4196352,1.651287305471812e-07,2.3812060927920297e-07,0.000244140625,unnormalized FFT magnitude,0,0
3aeff8d50243a034,c11dd5799d3c3ed41ca050784575224d21c01c49c421b9ab662a4adbc4106bc6,pffft-scheduled-batch-float,spec012-confirm-01,1,float,4096,1024,1,1,callback,steady,existing all-output numerical replay,archived-vector-counts,spectrum-norms-v1,direct DFT or binary64 FFT of matched frame bytes; direct band sums and EMA,see archived reference; precision not separately recorded,2048,2048,4196352,4196352,1.651287305471812e-07,2.3812060927920297e-07,0.000244140625,unnormalized FFT magnitude,0,0
3aeff8d50243a034,c11dd5799d3c3ed41ca050784575224d21c01c49c421b9ab662a4adbc4106bc6,pffft-scheduled-batch-float,spec012-confirm-01,2,float,4096,1024,1,1,callback,steady,existing all-output numerical replay,archived-vector-counts,spectrum-norms-v1,direct DFT or binary64 FFT of matched frame bytes; direct band sums and EMA,see archived reference; precision not separately recorded,2048,2048,4196352,4196352,1.651287305471812e-07,2.3812060927920297e-07,0.000244140625,unnormalized FFT magnitude,0,0
3aeff8d50243a034,c11dd5799d3c3ed41ca050784575224d21c01c49c421b9ab662a4adbc4106bc6,pffft-scheduled-batch-float,spec012-confirm-02,0,float,4096,1024,1,1,callback,steady,existing all-output numerical replay,archived-vector-counts,spectrum-norms-v1,direct DFT or binary64 FFT of matched frame bytes; direct band sums and EMA,see archived reference; precision not separately recorded,2048,2048,4196352,4196352,1.651287305471812e-07,2.3812060927920297e-07,0.000244140625,unnormalized FFT magnitude,0,0
3aeff8d50243a034,c11dd5799d3c3ed41ca050784575224d21c01c49c421b9ab662a4adbc4106bc6,pffft-scheduled-batch-float,spec012-confirm-02,1,float,4096,1024,1,1,callback,steady,existing all-output numerical replay,archived-vector-counts,spectrum-norms-v1,direct DFT or binary64 FFT of matched frame bytes; direct band sums and EMA,see archived reference; precision not separately recorded,2048,2048,4196352,4196352,1.651287305471812e-07,2.3812060927920297e-07,0.000244140625,unnormalized FFT magnitude,0,0
3aeff8d50243a034,c11dd5799d3c3ed41ca050784575224d21c01c49c421b9ab662a4adbc4106bc6,pffft-scheduled-batch-float,spec012-confirm-02,2,float,4096,1024,1,1,callback,steady,existing all-output numerical replay,archived-vector-counts,spectrum-norms-v1,direct DFT or binary64 FFT of matched frame bytes; direct band sums and EMA,see archived reference; precision not separately recorded,2048,2048,4196352,4196352,1.651287305471812e-07,2.3812060927920297e-07,0.000244140625,unnormalized FFT magnitude,0,0
3aeff8d50243a034,c11dd5799d3c3ed41ca050784575224d21c01c49c421b9ab662a4adbc4106bc6,pffft-scheduled-batch-float,spec012-confirm-03,0,float,4096,1024,1,1,callback,steady,existing all-output numerical replay,archived-vector-counts,spectrum-norms-v1,direct DFT or binary64 FFT of matched frame bytes; direct band sums and EMA,see archived reference; precision not separately recorded,2048,2048,4196352,4196352,1.651287305471812e-07,2.3812060927920297e-07,0.000244140625,unnormalized FFT magnitude,0,0
3aeff8d50243a034,c11dd5799d3c3ed41ca050784575224d21c01c49c421b9ab662a4adbc4106bc6,pffft-scheduled-batch-float,spec012-confirm-03,1,float,4096,1024,1,1,callback,steady,existing all-output numerical replay,archived-vector-counts,spectrum-norms-v1,direct DFT or binary64 FFT of matched frame bytes; direct band sums and EMA,see archived reference; precision not separately recorded,2048,2048,4196352,4196352,1.651287305471812e-07,2.3812060927920297e-07,0.000244140625,unnormalized FFT magnitude,0,0
3aeff8d50243a034,c11dd5799d3c3ed41ca050784575224d21c01c49c421b9ab662a4adbc4106bc6,pffft-scheduled-batch-float,spec012-confirm-03,2,float,4096,1024,1,1,callback,steady,existing all-output numerical replay,archived-vector-counts,spectrum-norms-v1,direct DFT or binary64 FFT of matched frame bytes; direct band sums and EMA,see archived reference; precision not separately recorded,2048,2048,4196352,4196352,1.651287305471812e-07,2.3812060927920297e-07,0.000244140625,unnormalized FFT magnitude,0,0
3aeff8d50243a034,c22ed030a1d6020ad4a0e2dccb2e04cd3b884140f947ea21c7a3d40a8f7b21cd,legacy-batch-float,spec012-confirm-01,0,float,4096,1024,1,1,callback,steady,full,all-publications-v1,spectrum-norms-v1,independent recursive binary64 FFT / direct DFT; matched float windows; direct bands and EMA,binary64 FFT / long-double direct DFT,2048,2048,4196352,4196352,2.261658101059299e-07,2.8183605963575486e-07,0.00028839707374572754,unnormalized FFT magnitude,0,0
3aeff8d50243a034,c22ed030a1d6020ad4a0e2dccb2e04cd3b884140f947ea21c7a3d40a8f7b21cd,legacy-batch-float,spec012-confirm-01,1,float,4096,1024,1,1,callback,steady,full,all-publications-v1,spectrum-norms-v1,independent recursive binary64 FFT / direct DFT; matched float windows; direct bands and EMA,binary64 FFT / long-double direct DFT,2048,2048,4196352,4196352,2.261658101059299e-07,2.8183605963575486e-07,0.00028839707374572754,unnormalized FFT magnitude,0,0
3aeff8d50243a034,c22ed030a1d6020ad4a0e2dccb2e04cd3b884140f947ea21c7a3d40a8f7b21cd,legacy-batch-float,spec012-confirm-01,2,float,4096,1024,1,1,callback,steady,full,all-publications-v1,spectrum-norms-v1,independent recursive binary64 FFT / direct DFT; matched float windows; direct bands and EMA,binary64 FFT / long-double direct DFT,2048,2048,4196352,4196352,2.261658101059299e-07,2.8183605963575486e-07,0.00028839707374572754,unnormalized FFT magnitude,0,0
3aeff8d50243a034,c22ed030a1d6020ad4a0e2dccb2e04cd3b884140f947ea21c7a3d40a8f7b21cd,legacy-batch-float,spec012-confirm-02,0,float,4096,1024,1,1,callback,steady,full,all-publications-v1,spectrum-norms-v1,independent recursive binary64 FFT / direct DFT; matched float windows; direct bands and EMA,binary64 FFT / long-double direct DFT,2048,2048,4196352,4196352,2.261658101059299e-07,2.8183605963575486e-07,0.00028839707374572754,unnormalized FFT magnitude,0,0
3aeff8d50243a034,c22ed030a1d6020ad4a0e2dccb2e04cd3b884140f947ea21c7a3d40a8f7b21cd,legacy-batch-float,spec012-confirm-02,1,float,4096,1024,1,1,callback,steady,full,all-publications-v1,spectrum-norms-v1,independent recursive binary64 FFT / direct DFT; matched float windows; direct bands and EMA,binary64 FFT / long-double direct DFT,2048,2048,4196352,4196352,2.261658101059299e-07,2.8183605963575486e-07,0.00028839707374572754,unnormalized FFT magnitude,0,0
3aeff8d50243a034,c22ed030a1d6020ad4a0e2dccb2e04cd3b884140f947ea21c7a3d40a8f7b21cd,legacy-batch-float,spec012-confirm-02,2,float,4096,1024,1,1,callback,steady,full,all-publications-v1,spectrum-norms-v1,independent recursive binary64 FFT / direct DFT; matched float windows; direct bands and EMA,binary64 FFT / long-double direct DFT,2048,2048,4196352,4196352,2.261658101059299e-07,2.8183605963575486e-07,0.00028839707374572754,unnormalized FFT magnitude,0,0
3aeff8d50243a034,c22ed030a1d6020ad4a0e2dccb2e04cd3b884140f947ea21c7a3d40a8f7b21cd,legacy-batch-float,spec012-confirm-03,0,float,4096,1024,1,1,callback,steady,full,all-publications-v1,spectrum-norms-v1,independent recursive binary64 FFT / direct DFT; matched float windows; direct bands and EMA,binary64 FFT / long-double direct DFT,2048,2048,4196352,4196352,2.261658101059299e-07,2.8183605963575486e-07,0.00028839707374572754,unnormalized FFT magnitude,0,0
3aeff8d50243a034,c22ed030a1d6020ad4a0e2dccb2e04cd3b884140f947ea21c7a3d40a8f7b21cd,legacy-batch-float,spec012-confirm-03,1,float,4096,1024,1,1,callback,steady,full,all-publications-v1,spectrum-norms-v1,independent recursive binary64 FFT / direct DFT; matched float windows; direct bands and EMA,binary64 FFT / long-double direct DFT,2048,2048,4196352,4196352,2.261658101059299e-07,2.8183605963575486e-07,0.00028839707374572754,unnormalized FFT magnitude,0,0
3aeff8d50243a034,c22ed030a1d6020ad4a0e2dccb2e04cd3b884140f947ea21c7a3d40a8f7b21cd,legacy-batch-float,spec012-confirm-03,2,float,4096,1024,1,1,callback,steady,full,all-publications-v1,spectrum-norms-v1,independent recursive binary64 FFT / direct DFT; matched float windows; direct bands and EMA,binary64 FFT / long-double direct DFT,2048,2048,4196352,4196352,2.261658101059299e-07,2.8183605963575486e-07,0.00028839707374572754,unnormalized FFT magnitude,0,0
3aeff8d50243a034,c6d2b66675cdb54fb57145ca28d25cc67d935ec4ce72af6fd006531cf530db94,pffft-hybrid-float,spec012-confirm-01,0,float,16384,1024,1,1,callback,steady,existing all-output numerical replay,archived-vector-counts,spectrum-norms-v1,direct DFT or binary64 FFT of matched frame bytes; direct band sums and EMA,see archived reference; precision not separately recorded,2048,2048,16779264,16779264,2.2623933788848086e-07,1.4903825983523968e-07,0.00048828125,unnormalized FFT magnitude,0,0
3aeff8d50243a034,c6d2b66675cdb54fb57145ca28d25cc67d935ec4ce72af6fd006531cf530db94,pffft-hybrid-float,spec012-confirm-01,1,float,16384,1024,1,1,callback,steady,existing all-output numerical replay,archived-vector-counts,spectrum-norms-v1,direct DFT or binary64 FFT of matched frame bytes; direct band sums and EMA,see archived reference; precision not separately recorded,2048,2048,16779264,16779264,2.2623933788848086e-07,1.4903825983523968e-07,0.00048828125,unnormalized FFT magnitude,0,0
3aeff8d50243a034,c6d2b66675cdb54fb57145ca28d25cc67d935ec4ce72af6fd006531cf530db94,pffft-hybrid-float,spec012-confirm-01,2,float,16384,1024,1,1,callback,steady,existing all-output numerical replay,archived-vector-counts,spectrum-norms-v1,direct DFT or binary64 FFT of matched frame bytes; direct band sums and EMA,see archived reference; precision not separately recorded,2048,2048,16779264,16779264,2.2623933788848086e-07,1.4903825983523968e-07,0.00048828125,unnormalized FFT magnitude,0,0
3aeff8d50243a034,c6d2b66675cdb54fb57145ca28d25cc67d935ec4ce72af6fd006531cf530db94,pffft-hybrid-float,spec012-confirm-02,0,float,16384,1024,1,1,callback,steady,existing all-output numerical replay,archived-vector-counts,spectrum-norms-v1,direct DFT or binary64 FFT of matched frame bytes; direct band sums and EMA,see archived reference; precision not separately recorded,2048,2048,16779264,16779264,2.2623933788848086e-07,1.4903825983523968e-07,0.00048828125,unnormalized FFT magnitude,0,0
3aeff8d50243a034,c6d2b66675cdb54fb57145ca28d25cc67d935ec4ce72af6fd006531cf530db94,pffft-hybrid-float,spec012-confirm-02,1,float,16384,1024,1,1,callback,steady,existing all-output numerical replay,archived-vector-counts,spectrum-norms-v1,direct DFT or binary64 FFT of matched frame bytes; direct band sums and EMA,see archived reference; precision not separately recorded,2048,2048,16779264,16779264,2.2623933788848086e-07,1.4903825983523968e-07,0.00048828125,unnormalized FFT magnitude,0,0
3aeff8d50243a034,c6d2b66675cdb54fb57145ca28d25cc67d935ec4ce72af6fd006531cf530db94,pffft-hybrid-float,spec012-confirm-02,2,float,16384,1024,1,1,callback,steady,existing all-output numerical replay,archived-vector-counts,spectrum-norms-v1,direct DFT or binary64 FFT of matched frame bytes; direct band sums and EMA,see archived reference; precision not separately recorded,2048,2048,16779264,16779264,2.2623933788848086e-07,1.4903825983523968e-07,0.00048828125,unnormalized FFT magnitude,0,0
3aeff8d50243a034,c6d2b66675cdb54fb57145ca28d25cc67d935ec4ce72af6fd006531cf530db94,pffft-hybrid-float,spec012-confirm-03,0,float,16384,1024,1,1,callback,steady,existing all-output numerical replay,archived-vector-counts,spectrum-norms-v1,direct DFT or binary64 FFT of matched frame bytes; direct band sums and EMA,see archived reference; precision not separately recorded,2048,2048,16779264,16779264,2.2623933788848086e-07,1.4903825983523968e-07,0.00048828125,unnormalized FFT magnitude,0,0
3aeff8d50243a034,c6d2b66675cdb54fb57145ca28d25cc67d935ec4ce72af6fd006531cf530db94,pffft-hybrid-float,spec012-confirm-03,1,float,16384,1024,1,1,callback,steady,existing all-output numerical replay,archived-vector-counts,spectrum-norms-v1,direct DFT or binary64 FFT of matched frame bytes; direct band sums and EMA,see archived reference; precision not separately recorded,2048,2048,16779264,16779264,2.2623933788848086e-07,1.4903825983523968e-07,0.00048828125,unnormalized FFT magnitude,0,0
3aeff8d50243a034,c6d2b66675cdb54fb57145ca28d25cc67d935ec4ce72af6fd006531cf530db94,pffft-hybrid-float,spec012-confirm-03,2,float,16384,1024,1,1,callback,steady,existing all-output numerical replay,archived-vector-counts,spectrum-norms-v1,direct DFT or binary64 FFT of matched frame bytes; direct band sums and EMA,see archived reference; precision not separately recorded,2048,2048,16779264,16779264,2.2623933788848086e-07,1.4903825983523968e-07,0.00048828125,unnormalized FFT magnitude,0,0
3aeff8d50243a034,cabf592e67c9abb0846ca7e5060d5844ce1f95a6b9dd445c33ed9eff0c1de48a,fftw-analysis-float,spec012-confirm-01,0,float,16384,1024,1,1,callback,steady,existing all-output numerical replay,archived-vector-counts,spectrum-norms-v1,direct DFT or binary64 FFT of matched frame bytes; direct band sums and EMA,see archived reference; precision not separately recorded,2048,2048,16779264,16779264,1.2932814177763272e-07,1.1921141411142463e-07,0.00048828125,unnormalized FFT magnitude,0,0
3aeff8d50243a034,cabf592e67c9abb0846ca7e5060d5844ce1f95a6b9dd445c33ed9eff0c1de48a,fftw-analysis-float,spec012-confirm-01,1,float,16384,1024,1,1,callback,steady,existing all-output numerical replay,archived-vector-counts,spectrum-norms-v1,direct DFT or binary64 FFT of matched frame bytes; direct band sums and EMA,see archived reference; precision not separately recorded,2048,2048,16779264,16779264,1.2932814177763272e-07,1.1921141411142463e-07,0.00048828125,unnormalized FFT magnitude,0,0
3aeff8d50243a034,cabf592e67c9abb0846ca7e5060d5844ce1f95a6b9dd445c33ed9eff0c1de48a,fftw-analysis-float,spec012-confirm-01,2,float,16384,1024,1,1,callback,steady,existing all-output numerical replay,archived-vector-counts,spectrum-norms-v1,direct DFT or binary64 FFT of matched frame bytes; direct band sums and EMA,see archived reference; precision not separately recorded,2048,2048,16779264,16779264,1.2932814177763272e-07,1.1921141411142463e-07,0.00048828125,unnormalized FFT magnitude,0,0
3aeff8d50243a034,cabf592e67c9abb0846ca7e5060d5844ce1f95a6b9dd445c33ed9eff0c1de48a,fftw-analysis-float,spec012-confirm-02,0,float,16384,1024,1,1,callback,steady,existing all-output numerical replay,archived-vector-counts,spectrum-norms-v1,direct DFT or binary64 FFT of matched frame bytes; direct band sums and EMA,see archived reference; precision not separately recorded,2048,2048,16779264,16779264,1.2932814177763272e-07,1.1921141411142463e-07,0.00048828125,unnormalized FFT magnitude,0,0
3aeff8d50243a034,cabf592e67c9abb0846ca7e5060d5844ce1f95a6b9dd445c33ed9eff0c1de48a,fftw-analysis-float,spec012-confirm-02,1,float,16384,1024,1,1,callback,steady,existing all-output numerical replay,archived-vector-counts,spectrum-norms-v1,direct DFT or binary64 FFT of matched frame bytes; direct band sums and EMA,see archived reference; precision not separately recorded,2048,2048,16779264,16779264,1.2932814177763272e-07,1.1921141411142463e-07,0.00048828125,unnormalized FFT magnitude,0,0
3aeff8d50243a034,cabf592e67c9abb0846ca7e5060d5844ce1f95a6b9dd445c33ed9eff0c1de48a,fftw-analysis-float,spec012-confirm-02,2,float,16384,1024,1,1,callback,steady,existing all-output numerical replay,archived-vector-counts,spectrum-norms-v1,direct DFT or binary64 FFT of matched frame bytes; direct band sums and EMA,see archived reference; precision not separately recorded,2048,2048,16779264,16779264,1.2932814177763272e-07,1.1921141411142463e-07,0.00048828125,unnormalized FFT magnitude,0,0
3aeff8d50243a034,cabf592e67c9abb0846ca7e5060d5844ce1f95a6b9dd445c33ed9eff0c1de48a,fftw-analysis-float,spec012-confirm-03,0,float,16384,1024,1,1,callback,steady,existing all-output numerical replay,archived-vector-counts,spectrum-norms-v1,direct DFT or binary64 FFT of matched frame bytes; direct band sums and EMA,see archived reference; precision not separately recorded,2048,2048,16779264,16779264,1.2932814177763272e-07,1.1921141411142463e-07,0.00048828125,unnormalized FFT magnitude,0,0
3aeff8d50243a034,cabf592e67c9abb0846ca7e5060d5844ce1f95a6b9dd445c33ed9eff0c1de48a,fftw-analysis-float,spec012-confirm-03,1,float,16384,1024,1,1,callback,steady,existing all-output numerical replay,archived-vector-counts,spectrum-norms-v1,direct DFT or binary64 FFT of matched frame bytes; direct band sums and EMA,see archived reference; precision not separately recorded,2048,2048,16779264,16779264,1.2932814177763272e-07,1.1921141411142463e-07,0.00048828125,unnormalized FFT magnitude,0,0
3aeff8d50243a034,cabf592e67c9abb0846ca7e5060d5844ce1f95a6b9dd445c33ed9eff0c1de48a,fftw-analysis-float,spec012-confirm-03,2,float,16384,1024,1,1,callback,steady,existing all-output numerical replay,archived-vector-counts,spectrum-norms-v1,direct DFT or binary64 FFT of matched frame bytes; direct band sums and EMA,see archived reference; precision not separately recorded,2048,2048,16779264,16779264,1.2932814177763272e-07,1.1921141411142463e-07,0.00048828125,unnormalized FFT magnitude,0,0
3aeff8d50243a034,cbf52b48f5ee3d464620588a2dfa3316050d6624af787bd27b9ee2b6ad01e9c2,core-float,spec012-confirm-01,0,float,16384,1024,1,1,callback,steady,full,all-publications-v1,spectrum-norms-v1,independent recursive binary64 FFT / direct DFT; matched float windows; direct bands and EMA,binary64 FFT / long-double direct DFT,2048,2048,16779264,16779264,2.428253746068979e-07,2.832279085325651e-07,0.0011609792709350586,unnormalized FFT magnitude,0,2560
3aeff8d50243a034,cbf52b48f5ee3d464620588a2dfa3316050d6624af787bd27b9ee2b6ad01e9c2,core-float,spec012-confirm-01,1,float,16384,1024,1,1,callback,steady,full,all-publications-v1,spectrum-norms-v1,independent recursive binary64 FFT / direct DFT; matched float windows; direct bands and EMA,binary64 FFT / long-double direct DFT,2048,2048,16779264,16779264,2.428253746068979e-07,2.832279085325651e-07,0.0011609792709350586,unnormalized FFT magnitude,0,2560
3aeff8d50243a034,cbf52b48f5ee3d464620588a2dfa3316050d6624af787bd27b9ee2b6ad01e9c2,core-float,spec012-confirm-01,2,float,16384,1024,1,1,callback,steady,full,all-publications-v1,spectrum-norms-v1,independent recursive binary64 FFT / direct DFT; matched float windows; direct bands and EMA,binary64 FFT / long-double direct DFT,2048,2048,16779264,16779264,2.428253746068979e-07,2.832279085325651e-07,0.0011609792709350586,unnormalized FFT magnitude,0,2560
3aeff8d50243a034,cbf52b48f5ee3d464620588a2dfa3316050d6624af787bd27b9ee2b6ad01e9c2,core-float,spec012-confirm-02,0,float,16384,1024,1,1,callback,steady,full,all-publications-v1,spectrum-norms-v1,independent recursive binary64 FFT / direct DFT; matched float windows; direct bands and EMA,binary64 FFT / long-double direct DFT,2048,2048,16779264,16779264,2.428253746068979e-07,2.832279085325651e-07,0.0011609792709350586,unnormalized FFT magnitude,0,2560
3aeff8d50243a034,cbf52b48f5ee3d464620588a2dfa3316050d6624af787bd27b9ee2b6ad01e9c2,core-float,spec012-confirm-02,1,float,16384,1024,1,1,callback,steady,full,all-publications-v1,spectrum-norms-v1,independent recursive binary64 FFT / direct DFT; matched float windows; direct bands and EMA,binary64 FFT / long-double direct DFT,2048,2048,16779264,16779264,2.428253746068979e-07,2.832279085325651e-07,0.0011609792709350586,unnormalized FFT magnitude,0,2560
3aeff8d50243a034,cbf52b48f5ee3d464620588a2dfa3316050d6624af787bd27b9ee2b6ad01e9c2,core-float,spec012-confirm-02,2,float,16384,1024,1,1,callback,steady,full,all-publications-v1,spectrum-norms-v1,independent recursive binary64 FFT / direct DFT; matched float windows; direct bands and EMA,binary64 FFT / long-double direct DFT,2048,2048,16779264,16779264,2.428253746068979e-07,2.832279085325651e-07,0.0011609792709350586,unnormalized FFT magnitude,0,2560
3aeff8d50243a034,cbf52b48f5ee3d464620588a2dfa3316050d6624af787bd27b9ee2b6ad01e9c2,core-float,spec012-confirm-03,0,float,16384,1024,1,1,callback,steady,full,all-publications-v1,spectrum-norms-v1,independent recursive binary64 FFT / direct DFT; matched float windows; direct bands and EMA,binary64 FFT / long-double direct DFT,2048,2048,16779264,16779264,2.428253746068979e-07,2.832279085325651e-07,0.0011609792709350586,unnormalized FFT magnitude,0,2560
3aeff8d50243a034,cbf52b48f5ee3d464620588a2dfa3316050d6624af787bd27b9ee2b6ad01e9c2,core-float,spec012-confirm-03,1,float,16384,1024,1,1,callback,steady,full,all-publications-v1,spectrum-norms-v1,independent recursive binary64 FFT / direct DFT; matched float windows; direct bands and EMA,binary64 FFT / long-double direct DFT,2048,2048,16779264,16779264,2.428253746068979e-07,2.832279085325651e-07,0.0011609792709350586,unnormalized FFT magnitude,0,2560
3aeff8d50243a034,cbf52b48f5ee3d464620588a2dfa3316050d6624af787bd27b9ee2b6ad01e9c2,core-float,spec012-confirm-03,2,float,16384,1024,1,1,callback,steady,full,all-publications-v1,spectrum-norms-v1,independent recursive binary64 FFT / direct DFT; matched float windows; direct bands and EMA,binary64 FFT / long-double direct DFT,2048,2048,16779264,16779264,2.428253746068979e-07,2.832279085325651e-07,0.0011609792709350586,unnormalized FFT magnitude,0,2560
3aeff8d50243a034,cd5fed2e6c72a5f2a77bb9d9a538b0f6b2ba5bf55837bc6dc9bac0639f05a414,legacy-batch-float,spec012-confirm-01,0,float,16384,1024,1,1,throughput,steady,full,all-publications-v1,spectrum-norms-v1,independent recursive binary64 FFT / direct DFT; matched float windows; direct bands and EMA,binary64 FFT / long-double direct DFT,2048,2048,16779264,16779264,2.428253746068979e-07,2.832279085325651e-07,0.0011609792709350586,unnormalized FFT magnitude,0,2560
3aeff8d50243a034,cd5fed2e6c72a5f2a77bb9d9a538b0f6b2ba5bf55837bc6dc9bac0639f05a414,legacy-batch-float,spec012-confirm-01,1,float,16384,1024,1,1,throughput,steady,full,all-publications-v1,spectrum-norms-v1,independent recursive binary64 FFT / direct DFT; matched float windows; direct bands and EMA,binary64 FFT / long-double direct DFT,2048,2048,16779264,16779264,2.428253746068979e-07,2.832279085325651e-07,0.0011609792709350586,unnormalized FFT magnitude,0,2560
3aeff8d50243a034,cd5fed2e6c72a5f2a77bb9d9a538b0f6b2ba5bf55837bc6dc9bac0639f05a414,legacy-batch-float,spec012-confirm-01,2,float,16384,1024,1,1,throughput,steady,full,all-publications-v1,spectrum-norms-v1,independent recursive binary64 FFT / direct DFT; matched float windows; direct bands and EMA,binary64 FFT / long-double direct DFT,2048,2048,16779264,16779264,2.428253746068979e-07,2.832279085325651e-07,0.0011609792709350586,unnormalized FFT magnitude,0,2560
3aeff8d50243a034,cd5fed2e6c72a5f2a77bb9d9a538b0f6b2ba5bf55837bc6dc9bac0639f05a414,legacy-batch-float,spec012-confirm-02,0,float,16384,1024,1,1,throughput,steady,full,all-publications-v1,spectrum-norms-v1,independent recursive binary64 FFT / direct DFT; matched float windows; direct bands and EMA,binary64 FFT / long-double direct DFT,2048,2048,16779264,16779264,2.428253746068979e-07,2.832279085325651e-07,0.0011609792709350586,unnormalized FFT magnitude,0,2560
3aeff8d50243a034,cd5fed2e6c72a5f2a77bb9d9a538b0f6b2ba5bf55837bc6dc9bac0639f05a414,legacy-batch-float,spec012-confirm-02,1,float,16384,1024,1,1,throughput,steady,full,all-publications-v1,spectrum-norms-v1,independent recursive binary64 FFT / direct DFT; matched float windows; direct bands and EMA,binary64 FFT / long-double direct DFT,2048,2048,16779264,16779264,2.428253746068979e-07,2.832279085325651e-07,0.0011609792709350586,unnormalized FFT magnitude,0,2560
3aeff8d50243a034,cd5fed2e6c72a5f2a77bb9d9a538b0f6b2ba5bf55837bc6dc9bac0639f05a414,legacy-batch-float,spec012-confirm-02,2,float,16384,1024,1,1,throughput,steady,full,all-publications-v1,spectrum-norms-v1,independent recursive binary64 FFT / direct DFT; matched float windows; direct bands and EMA,binary64 FFT / long-double direct DFT,2048,2048,16779264,16779264,2.428253746068979e-07,2.832279085325651e-07,0.0011609792709350586,unnormalized FFT magnitude,0,2560
3aeff8d50243a034,cd5fed2e6c72a5f2a77bb9d9a538b0f6b2ba5bf55837bc6dc9bac0639f05a414,legacy-batch-float,spec012-confirm-03,0,float,16384,1024,1,1,throughput,steady,full,all-publications-v1,spectrum-norms-v1,independent recursive binary64 FFT / direct DFT; matched float windows; direct bands and EMA,binary64 FFT / long-double direct DFT,2048,2048,16779264,16779264,2.428253746068979e-07,2.832279085325651e-07,0.0011609792709350586,unnormalized FFT magnitude,0,2560
3aeff8d50243a034,cd5fed2e6c72a5f2a77bb9d9a538b0f6b2ba5bf55837bc6dc9bac0639f05a414,legacy-batch-float,spec012-confirm-03,1,float,16384,1024,1,1,throughput,steady,full,all-publications-v1,spectrum-norms-v1,independent recursive binary64 FFT / direct DFT; matched float windows; direct bands and EMA,binary64 FFT / long-double direct DFT,2048,2048,16779264,16779264,2.428253746068979e-07,2.832279085325651e-07,0.0011609792709350586,unnormalized FFT magnitude,0,2560
3aeff8d50243a034,cd5fed2e6c72a5f2a77bb9d9a538b0f6b2ba5bf55837bc6dc9bac0639f05a414,legacy-batch-float,spec012-confirm-03,2,float,16384,1024,1,1,throughput,steady,full,all-publications-v1,spectrum-norms-v1,independent recursive binary64 FFT / direct DFT; matched float windows; direct bands and EMA,binary64 FFT / long-double direct DFT,2048,2048,16779264,16779264,2.428253746068979e-07,2.832279085325651e-07,0.0011609792709350586,unnormalized FFT magnitude,0,2560
3aeff8d50243a034,cdfdbf91f668ffdc14dbda9db6f9925ca35e94c6fa7bb84e944e0a030132fb96,legacy-incremental-float,spec012-confirm-01,0,float,16384,1024,1,1,callback,steady,full,all-publications-v1,spectrum-norms-v1,independent recursive binary64 FFT / direct DFT; matched float windows; direct bands and EMA,binary64 FFT / long-double direct DFT,2048,2048,16779264,16779264,2.428253746068979e-07,2.832279085325651e-07,0.0011609792709350586,unnormalized FFT magnitude,0,2560
3aeff8d50243a034,cdfdbf91f668ffdc14dbda9db6f9925ca35e94c6fa7bb84e944e0a030132fb96,legacy-incremental-float,spec012-confirm-01,1,float,16384,1024,1,1,callback,steady,full,all-publications-v1,spectrum-norms-v1,independent recursive binary64 FFT / direct DFT; matched float windows; direct bands and EMA,binary64 FFT / long-double direct DFT,2048,2048,16779264,16779264,2.428253746068979e-07,2.832279085325651e-07,0.0011609792709350586,unnormalized FFT magnitude,0,2560
3aeff8d50243a034,cdfdbf91f668ffdc14dbda9db6f9925ca35e94c6fa7bb84e944e0a030132fb96,legacy-incremental-float,spec012-confirm-01,2,float,16384,1024,1,1,callback,steady,full,all-publications-v1,spectrum-norms-v1,independent recursive binary64 FFT / direct DFT; matched float windows; direct bands and EMA,binary64 FFT / long-double direct DFT,2048,2048,16779264,16779264,2.428253746068979e-07,2.832279085325651e-07,0.0011609792709350586,unnormalized FFT magnitude,0,2560
3aeff8d50243a034,cdfdbf91f668ffdc14dbda9db6f9925ca35e94c6fa7bb84e944e0a030132fb96,legacy-incremental-float,spec012-confirm-02,0,float,16384,1024,1,1,callback,steady,full,all-publications-v1,spectrum-norms-v1,independent recursive binary64 FFT / direct DFT; matched float windows; direct bands and EMA,binary64 FFT / long-double direct DFT,2048,2048,16779264,16779264,2.428253746068979e-07,2.832279085325651e-07,0.0011609792709350586,unnormalized FFT magnitude,0,2560
3aeff8d50243a034,cdfdbf91f668ffdc14dbda9db6f9925ca35e94c6fa7bb84e944e0a030132fb96,legacy-incremental-float,spec012-confirm-02,1,float,16384,1024,1,1,callback,steady,full,all-publications-v1,spectrum-norms-v1,independent recursive binary64 FFT / direct DFT; matched float windows; direct bands and EMA,binary64 FFT / long-double direct DFT,2048,2048,16779264,16779264,2.428253746068979e-07,2.832279085325651e-07,0.0011609792709350586,unnormalized FFT magnitude,0,2560
3aeff8d50243a034,cdfdbf91f668ffdc14dbda9db6f9925ca35e94c6fa7bb84e944e0a030132fb96,legacy-incremental-float,spec012-confirm-02,2,float,16384,1024,1,1,callback,steady,full,all-publications-v1,spectrum-norms-v1,independent recursive binary64 FFT / direct DFT; matched float windows; direct bands and EMA,binary64 FFT / long-double direct DFT,2048,2048,16779264,16779264,2.428253746068979e-07,2.832279085325651e-07,0.0011609792709350586,unnormalized FFT magnitude,0,2560
3aeff8d50243a034,cdfdbf91f668ffdc14dbda9db6f9925ca35e94c6fa7bb84e944e0a030132fb96,legacy-incremental-float,spec012-confirm-03,0,float,16384,1024,1,1,callback,steady,full,all-publications-v1,spectrum-norms-v1,independent recursive binary64 FFT / direct DFT; matched float windows; direct bands and EMA,binary64 FFT / long-double direct DFT,2048,2048,16779264,16779264,2.428253746068979e-07,2.832279085325651e-07,0.0011609792709350586,unnormalized FFT magnitude,0,2560
3aeff8d50243a034,cdfdbf91f668ffdc14dbda9db6f9925ca35e94c6fa7bb84e944e0a030132fb96,legacy-incremental-float,spec012-confirm-03,1,float,16384,1024,1,1,callback,steady,full,all-publications-v1,spectrum-norms-v1,independent recursive binary64 FFT / direct DFT; matched float windows; direct bands and EMA,binary64 FFT / long-double direct DFT,2048,2048,16779264,16779264,2.428253746068979e-07,2.832279085325651e-07,0.0011609792709350586,unnormalized FFT magnitude,0,2560
3aeff8d50243a034,cdfdbf91f668ffdc14dbda9db6f9925ca35e94c6fa7bb84e944e0a030132fb96,legacy-incremental-float,spec012-confirm-03,2,float,16384,1024,1,1,callback,steady,full,all-publications-v1,spectrum-norms-v1,independent recursive binary64 FFT / direct DFT; matched float windows; direct bands and EMA,binary64 FFT / long-double direct DFT,2048,2048,16779264,16779264,2.428253746068979e-07,2.832279085325651e-07,0.0011609792709350586,unnormalized FFT magnitude,0,2560
3aeff8d50243a034,cea2e6cc3ab4a2b5fca18af0f1284d43bea238889b3960290531f525d87d6bbf,legacy-incremental-float,spec012-confirm-01,0,float,16384,1024,1,1,callback,steady,full,all-publications-v1,spectrum-norms-v1,independent recursive binary64 FFT / direct DFT; matched float windows; direct bands and EMA,binary64 FFT / long-double direct DFT,2048,2048,16779264,16779264,2.314436441768113e-07,1.4903825983523968e-07,0.00048828125,unnormalized FFT magnitude,0,0
3aeff8d50243a034,cea2e6cc3ab4a2b5fca18af0f1284d43bea238889b3960290531f525d87d6bbf,legacy-incremental-float,spec012-confirm-01,1,float,16384,1024,1,1,callback,steady,full,all-publications-v1,spectrum-norms-v1,independent recursive binary64 FFT / direct DFT; matched float windows; direct bands and EMA,binary64 FFT / long-double direct DFT,2048,2048,16779264,16779264,2.314436441768113e-07,1.4903825983523968e-07,0.00048828125,unnormalized FFT magnitude,0,0
3aeff8d50243a034,cea2e6cc3ab4a2b5fca18af0f1284d43bea238889b3960290531f525d87d6bbf,legacy-incremental-float,spec012-confirm-01,2,float,16384,1024,1,1,callback,steady,full,all-publications-v1,spectrum-norms-v1,independent recursive binary64 FFT / direct DFT; matched float windows; direct bands and EMA,binary64 FFT / long-double direct DFT,2048,2048,16779264,16779264,2.314436441768113e-07,1.4903825983523968e-07,0.00048828125,unnormalized FFT magnitude,0,0
3aeff8d50243a034,cea2e6cc3ab4a2b5fca18af0f1284d43bea238889b3960290531f525d87d6bbf,legacy-incremental-float,spec012-confirm-02,0,float,16384,1024,1,1,callback,steady,full,all-publications-v1,spectrum-norms-v1,independent recursive binary64 FFT / direct DFT; matched float windows; direct bands and EMA,binary64 FFT / long-double direct DFT,2048,2048,16779264,16779264,2.314436441768113e-07,1.4903825983523968e-07,0.00048828125,unnormalized FFT magnitude,0,0
3aeff8d50243a034,cea2e6cc3ab4a2b5fca18af0f1284d43bea238889b3960290531f525d87d6bbf,legacy-incremental-float,spec012-confirm-02,1,float,16384,1024,1,1,callback,steady,full,all-publications-v1,spectrum-norms-v1,independent recursive binary64 FFT / direct DFT; matched float windows; direct bands and EMA,binary64 FFT / long-double direct DFT,2048,2048,16779264,16779264,2.314436441768113e-07,1.4903825983523968e-07,0.00048828125,unnormalized FFT magnitude,0,0
3aeff8d50243a034,cea2e6cc3ab4a2b5fca18af0f1284d43bea238889b3960290531f525d87d6bbf,legacy-incremental-float,spec012-confirm-02,2,float,16384,1024,1,1,callback,steady,full,all-publications-v1,spectrum-norms-v1,independent recursive binary64 FFT / direct DFT; matched float windows; direct bands and EMA,binary64 FFT / long-double direct DFT,2048,2048,16779264,16779264,2.314436441768113e-07,1.4903825983523968e-07,0.00048828125,unnormalized FFT magnitude,0,0
3aeff8d50243a034,cea2e6cc3ab4a2b5fca18af0f1284d43bea238889b3960290531f525d87d6bbf,legacy-incremental-float,spec012-confirm-03,0,float,16384,1024,1,1,callback,steady,full,all-publications-v1,spectrum-norms-v1,independent recursive binary64 FFT / direct DFT; matched float windows; direct bands and EMA,binary64 FFT / long-double direct DFT,2048,2048,16779264,16779264,2.314436441768113e-07,1.4903825983523968e-07,0.00048828125,unnormalized FFT magnitude,0,0
3aeff8d50243a034,cea2e6cc3ab4a2b5fca18af0f1284d43bea238889b3960290531f525d87d6bbf,legacy-incremental-float,spec012-confirm-03,1,float,16384,1024,1,1,callback,steady,full,all-publications-v1,spectrum-norms-v1,independent recursive binary64 FFT / direct DFT; matched float windows; direct bands and EMA,binary64 FFT / long-double direct DFT,2048,2048,16779264,16779264,2.314436441768113e-07,1.4903825983523968e-07,0.00048828125,unnormalized FFT magnitude,0,0
3aeff8d50243a034,cea2e6cc3ab4a2b5fca18af0f1284d43bea238889b3960290531f525d87d6bbf,legacy-incremental-float,spec012-confirm-03,2,float,16384,1024,1,1,callback,steady,full,all-publications-v1,spectrum-norms-v1,independent recursive binary64 FFT / direct DFT; matched float windows; direct bands and EMA,binary64 FFT / long-double direct DFT,2048,2048,16779264,16779264,2.314436441768113e-07,1.4903825983523968e-07,0.00048828125,unnormalized FFT magnitude,0,0
3aeff8d50243a034,cf27d7270fcfded242aafed5013cd8f7b2b5fbcf067362ce94e6b9ac7a05b40c,legacy-batch-float,spec012-confirm-01,0,float,4096,1024,1,1,throughput,steady,full,all-publications-v1,spectrum-norms-v1,independent recursive binary64 FFT / direct DFT; matched float windows; direct bands and EMA,binary64 FFT / long-double direct DFT,2048,2048,4196352,4196352,1.9008444915668287e-07,1.1167982614875916e-07,9.1552734375e-05,unnormalized FFT magnitude,0,0
3aeff8d50243a034,cf27d7270fcfded242aafed5013cd8f7b2b5fbcf067362ce94e6b9ac7a05b40c,legacy-batch-float,spec012-confirm-01,1,float,4096,1024,1,1,throughput,steady,full,all-publications-v1,spectrum-norms-v1,independent recursive binary64 FFT / direct DFT; matched float windows; direct bands and EMA,binary64 FFT / long-double direct DFT,2048,2048,4196352,4196352,1.9008444915668287e-07,1.1167982614875916e-07,9.1552734375e-05,unnormalized FFT magnitude,0,0
3aeff8d50243a034,cf27d7270fcfded242aafed5013cd8f7b2b5fbcf067362ce94e6b9ac7a05b40c,legacy-batch-float,spec012-confirm-01,2,float,4096,1024,1,1,throughput,steady,full,all-publications-v1,spectrum-norms-v1,independent recursive binary64 FFT / direct DFT; matched float windows; direct bands and EMA,binary64 FFT / long-double direct DFT,2048,2048,4196352,4196352,1.9008444915668287e-07,1.1167982614875916e-07,9.1552734375e-05,unnormalized FFT magnitude,0,0
3aeff8d50243a034,cf27d7270fcfded242aafed5013cd8f7b2b5fbcf067362ce94e6b9ac7a05b40c,legacy-batch-float,spec012-confirm-02,0,float,4096,1024,1,1,throughput,steady,full,all-publications-v1,spectrum-norms-v1,independent recursive binary64 FFT / direct DFT; matched float windows; direct bands and EMA,binary64 FFT / long-double direct DFT,2048,2048,4196352,4196352,1.9008444915668287e-07,1.1167982614875916e-07,9.1552734375e-05,unnormalized FFT magnitude,0,0
3aeff8d50243a034,cf27d7270fcfded242aafed5013cd8f7b2b5fbcf067362ce94e6b9ac7a05b40c,legacy-batch-float,spec012-confirm-02,1,float,4096,1024,1,1,throughput,steady,full,all-publications-v1,spectrum-norms-v1,independent recursive binary64 FFT / direct DFT; matched float windows; direct bands and EMA,binary64 FFT / long-double direct DFT,2048,2048,4196352,4196352,1.9008444915668287e-07,1.1167982614875916e-07,9.1552734375e-05,unnormalized FFT magnitude,0,0
3aeff8d50243a034,cf27d7270fcfded242aafed5013cd8f7b2b5fbcf067362ce94e6b9ac7a05b40c,legacy-batch-float,spec012-confirm-02,2,float,4096,1024,1,1,throughput,steady,full,all-publications-v1,spectrum-norms-v1,independent recursive binary64 FFT / direct DFT; matched float windows; direct bands and EMA,binary64 FFT / long-double direct DFT,2048,2048,4196352,4196352,1.9008444915668287e-07,1.1167982614875916e-07,9.1552734375e-05,unnormalized FFT magnitude,0,0
3aeff8d50243a034,cf27d7270fcfded242aafed5013cd8f7b2b5fbcf067362ce94e6b9ac7a05b40c,legacy-batch-float,spec012-confirm-03,0,float,4096,1024,1,1,throughput,steady,full,all-publications-v1,spectrum-norms-v1,independent recursive binary64 FFT / direct DFT; matched float windows; direct bands and EMA,binary64 FFT / long-double direct DFT,2048,2048,4196352,4196352,1.9008444915668287e-07,1.1167982614875916e-07,9.1552734375e-05,unnormalized FFT magnitude,0,0
3aeff8d50243a034,cf27d7270fcfded242aafed5013cd8f7b2b5fbcf067362ce94e6b9ac7a05b40c,legacy-batch-float,spec012-confirm-03,1,float,4096,1024,1,1,throughput,steady,full,all-publications-v1,spectrum-norms-v1,independent recursive binary64 FFT / direct DFT; matched float windows; direct bands and EMA,binary64 FFT / long-double direct DFT,2048,2048,4196352,4196352,1.9008444915668287e-07,1.1167982614875916e-07,9.1552734375e-05,unnormalized FFT magnitude,0,0
3aeff8d50243a034,cf27d7270fcfded242aafed5013cd8f7b2b5fbcf067362ce94e6b9ac7a05b40c,legacy-batch-float,spec012-confirm-03,2,float,4096,1024,1,1,throughput,steady,full,all-publications-v1,spectrum-norms-v1,independent recursive binary64 FFT / direct DFT; matched float windows; direct bands and EMA,binary64 FFT / long-double direct DFT,2048,2048,4196352,4196352,1.9008444915668287e-07,1.1167982614875916e-07,9.1552734375e-05,unnormalized FFT magnitude,0,0
3aeff8d50243a034,cf28733486cb5af550521b2d602a2784a81d4c5256da1697e7b9ca942bd6aff9,pffft-hybrid-float,spec012-confirm-01,0,float,4096,1024,1,1,throughput,steady,existing all-output numerical replay,archived-vector-counts,spectrum-norms-v1,direct DFT or binary64 FFT of matched frame bytes; direct band sums and EMA,see archived reference; precision not separately recorded,2048,2048,4196352,4196352,1.651287305471812e-07,2.3812060927920297e-07,0.000244140625,unnormalized FFT magnitude,0,0
3aeff8d50243a034,cf28733486cb5af550521b2d602a2784a81d4c5256da1697e7b9ca942bd6aff9,pffft-hybrid-float,spec012-confirm-01,1,float,4096,1024,1,1,throughput,steady,existing all-output numerical replay,archived-vector-counts,spectrum-norms-v1,direct DFT or binary64 FFT of matched frame bytes; direct band sums and EMA,see archived reference; precision not separately recorded,2048,2048,4196352,4196352,1.651287305471812e-07,2.3812060927920297e-07,0.000244140625,unnormalized FFT magnitude,0,0
3aeff8d50243a034,cf28733486cb5af550521b2d602a2784a81d4c5256da1697e7b9ca942bd6aff9,pffft-hybrid-float,spec012-confirm-01,2,float,4096,1024,1,1,throughput,steady,existing all-output numerical replay,archived-vector-counts,spectrum-norms-v1,direct DFT or binary64 FFT of matched frame bytes; direct band sums and EMA,see archived reference; precision not separately recorded,2048,2048,4196352,4196352,1.651287305471812e-07,2.3812060927920297e-07,0.000244140625,unnormalized FFT magnitude,0,0
3aeff8d50243a034,cf28733486cb5af550521b2d602a2784a81d4c5256da1697e7b9ca942bd6aff9,pffft-hybrid-float,spec012-confirm-02,0,float,4096,1024,1,1,throughput,steady,existing all-output numerical replay,archived-vector-counts,spectrum-norms-v1,direct DFT or binary64 FFT of matched frame bytes; direct band sums and EMA,see archived reference; precision not separately recorded,2048,2048,4196352,4196352,1.651287305471812e-07,2.3812060927920297e-07,0.000244140625,unnormalized FFT magnitude,0,0
3aeff8d50243a034,cf28733486cb5af550521b2d602a2784a81d4c5256da1697e7b9ca942bd6aff9,pffft-hybrid-float,spec012-confirm-02,1,float,4096,1024,1,1,throughput,steady,existing all-output numerical replay,archived-vector-counts,spectrum-norms-v1,direct DFT or binary64 FFT of matched frame bytes; direct band sums and EMA,see archived reference; precision not separately recorded,2048,2048,4196352,4196352,1.651287305471812e-07,2.3812060927920297e-07,0.000244140625,unnormalized FFT magnitude,0,0
3aeff8d50243a034,cf28733486cb5af550521b2d602a2784a81d4c5256da1697e7b9ca942bd6aff9,pffft-hybrid-float,spec012-confirm-02,2,float,4096,1024,1,1,throughput,steady,existing all-output numerical replay,archived-vector-counts,spectrum-norms-v1,direct DFT or binary64 FFT of matched frame bytes; direct band sums and EMA,see archived reference; precision not separately recorded,2048,2048,4196352,4196352,1.651287305471812e-07,2.3812060927920297e-07,0.000244140625,unnormalized FFT magnitude,0,0
3aeff8d50243a034,cf28733486cb5af550521b2d602a2784a81d4c5256da1697e7b9ca942bd6aff9,pffft-hybrid-float,spec012-confirm-03,0,float,4096,1024,1,1,throughput,steady,existing all-output numerical replay,archived-vector-counts,spectrum-norms-v1,direct DFT or binary64 FFT of matched frame bytes; direct band sums and EMA,see archived reference; precision not separately recorded,2048,2048,4196352,4196352,1.651287305471812e-07,2.3812060927920297e-07,0.000244140625,unnormalized FFT magnitude,0,0
3aeff8d50243a034,cf28733486cb5af550521b2d602a2784a81d4c5256da1697e7b9ca942bd6aff9,pffft-hybrid-float,spec012-confirm-03,1,float,4096,1024,1,1,throughput,steady,existing all-output numerical replay,archived-vector-counts,spectrum-norms-v1,direct DFT or binary64 FFT of matched frame bytes; direct band sums and EMA,see archived reference; precision not separately recorded,2048,2048,4196352,4196352,1.651287305471812e-07,2.3812060927920297e-07,0.000244140625,unnormalized FFT magnitude,0,0
3aeff8d50243a034,cf28733486cb5af550521b2d602a2784a81d4c5256da1697e7b9ca942bd6aff9,pffft-hybrid-float,spec012-confirm-03,2,float,4096,1024,1,1,throughput,steady,existing all-output numerical replay,archived-vector-counts,spectrum-norms-v1,direct DFT or binary64 FFT of matched frame bytes; direct band sums and EMA,see archived reference; precision not separately recorded,2048,2048,4196352,4196352,1.651287305471812e-07,2.3812060927920297e-07,0.000244140625,unnormalized FFT magnitude,0,0
3aeff8d50243a034,d03391a21488f43da7028f037bbbd4289f2e61fd36f0d7747982382c80a16e41,fftw-analysis-float,spec012-confirm-01,0,float,2048,1024,1,1,throughput,steady,existing all-output numerical replay,archived-vector-counts,spectrum-norms-v1,direct DFT or binary64 FFT of matched frame bytes; direct band sums and EMA,see archived reference; precision not separately recorded,2048,2048,2099200,2099200,1.6833401972470574e-07,2.3817976355656692e-07,0.0001220703125,unnormalized FFT magnitude,0,0
3aeff8d50243a034,d03391a21488f43da7028f037bbbd4289f2e61fd36f0d7747982382c80a16e41,fftw-analysis-float,spec012-confirm-01,1,float,2048,1024,1,1,throughput,steady,existing all-output numerical replay,archived-vector-counts,spectrum-norms-v1,direct DFT or binary64 FFT of matched frame bytes; direct band sums and EMA,see archived reference; precision not separately recorded,2048,2048,2099200,2099200,1.6833401972470574e-07,2.3817976355656692e-07,0.0001220703125,unnormalized FFT magnitude,0,0
3aeff8d50243a034,d03391a21488f43da7028f037bbbd4289f2e61fd36f0d7747982382c80a16e41,fftw-analysis-float,spec012-confirm-01,2,float,2048,1024,1,1,throughput,steady,existing all-output numerical replay,archived-vector-counts,spectrum-norms-v1,direct DFT or binary64 FFT of matched frame bytes; direct band sums and EMA,see archived reference; precision not separately recorded,2048,2048,2099200,2099200,1.6833401972470574e-07,2.3817976355656692e-07,0.0001220703125,unnormalized FFT magnitude,0,0
3aeff8d50243a034,d03391a21488f43da7028f037bbbd4289f2e61fd36f0d7747982382c80a16e41,fftw-analysis-float,spec012-confirm-02,0,float,2048,1024,1,1,throughput,steady,existing all-output numerical replay,archived-vector-counts,spectrum-norms-v1,direct DFT or binary64 FFT of matched frame bytes; direct band sums and EMA,see archived reference; precision not separately recorded,2048,2048,2099200,2099200,1.6833401972470574e-07,2.3817976355656692e-07,0.0001220703125,unnormalized FFT magnitude,0,0
3aeff8d50243a034,d03391a21488f43da7028f037bbbd4289f2e61fd36f0d7747982382c80a16e41,fftw-analysis-float,spec012-confirm-02,1,float,2048,1024,1,1,throughput,steady,existing all-output numerical replay,archived-vector-counts,spectrum-norms-v1,direct DFT or binary64 FFT of matched frame bytes; direct band sums and EMA,see archived reference; precision not separately recorded,2048,2048,2099200,2099200,1.6833401972470574e-07,2.3817976355656692e-07,0.0001220703125,unnormalized FFT magnitude,0,0
3aeff8d50243a034,d03391a21488f43da7028f037bbbd4289f2e61fd36f0d7747982382c80a16e41,fftw-analysis-float,spec012-confirm-02,2,float,2048,1024,1,1,throughput,steady,existing all-output numerical replay,archived-vector-counts,spectrum-norms-v1,direct DFT or binary64 FFT of matched frame bytes; direct band sums and EMA,see archived reference; precision not separately recorded,2048,2048,2099200,2099200,1.6833401972470574e-07,2.3817976355656692e-07,0.0001220703125,unnormalized FFT magnitude,0,0
3aeff8d50243a034,d03391a21488f43da7028f037bbbd4289f2e61fd36f0d7747982382c80a16e41,fftw-analysis-float,spec012-confirm-03,0,float,2048,1024,1,1,throughput,steady,existing all-output numerical replay,archived-vector-counts,spectrum-norms-v1,direct DFT or binary64 FFT of matched frame bytes; direct band sums and EMA,see archived reference; precision not separately recorded,2048,2048,2099200,2099200,1.6833401972470574e-07,2.3817976355656692e-07,0.0001220703125,unnormalized FFT magnitude,0,0
3aeff8d50243a034,d03391a21488f43da7028f037bbbd4289f2e61fd36f0d7747982382c80a16e41,fftw-analysis-float,spec012-confirm-03,1,float,2048,1024,1,1,throughput,steady,existing all-output numerical replay,archived-vector-counts,spectrum-norms-v1,direct DFT or binary64 FFT of matched frame bytes; direct band sums and EMA,see archived reference; precision not separately recorded,2048,2048,2099200,2099200,1.6833401972470574e-07,2.3817976355656692e-07,0.0001220703125,unnormalized FFT magnitude,0,0
3aeff8d50243a034,d03391a21488f43da7028f037bbbd4289f2e61fd36f0d7747982382c80a16e41,fftw-analysis-float,spec012-confirm-03,2,float,2048,1024,1,1,throughput,steady,existing all-output numerical replay,archived-vector-counts,spectrum-norms-v1,direct DFT or binary64 FFT of matched frame bytes; direct band sums and EMA,see archived reference; precision not separately recorded,2048,2048,2099200,2099200,1.6833401972470574e-07,2.3817976355656692e-07,0.0001220703125,unnormalized FFT magnitude,0,0
3aeff8d50243a034,d10250041733482cf52b68724593002755ae8bafefea8d496782bb9e69d79974,legacy-incremental-float,spec012-confirm-01,0,float,4096,1024,1,1,throughput,steady,full,all-publications-v1,spectrum-norms-v1,independent recursive binary64 FFT / direct DFT; matched float windows; direct bands and EMA,binary64 FFT / long-double direct DFT,2048,2048,4196352,4196352,1.9008444915668287e-07,1.1167982614875916e-07,9.1552734375e-05,unnormalized FFT magnitude,0,0
3aeff8d50243a034,d10250041733482cf52b68724593002755ae8bafefea8d496782bb9e69d79974,legacy-incremental-float,spec012-confirm-01,1,float,4096,1024,1,1,throughput,steady,full,all-publications-v1,spectrum-norms-v1,independent recursive binary64 FFT / direct DFT; matched float windows; direct bands and EMA,binary64 FFT / long-double direct DFT,2048,2048,4196352,4196352,1.9008444915668287e-07,1.1167982614875916e-07,9.1552734375e-05,unnormalized FFT magnitude,0,0
3aeff8d50243a034,d10250041733482cf52b68724593002755ae8bafefea8d496782bb9e69d79974,legacy-incremental-float,spec012-confirm-01,2,float,4096,1024,1,1,throughput,steady,full,all-publications-v1,spectrum-norms-v1,independent recursive binary64 FFT / direct DFT; matched float windows; direct bands and EMA,binary64 FFT / long-double direct DFT,2048,2048,4196352,4196352,1.9008444915668287e-07,1.1167982614875916e-07,9.1552734375e-05,unnormalized FFT magnitude,0,0
3aeff8d50243a034,d10250041733482cf52b68724593002755ae8bafefea8d496782bb9e69d79974,legacy-incremental-float,spec012-confirm-02,0,float,4096,1024,1,1,throughput,steady,full,all-publications-v1,spectrum-norms-v1,independent recursive binary64 FFT / direct DFT; matched float windows; direct bands and EMA,binary64 FFT / long-double direct DFT,2048,2048,4196352,4196352,1.9008444915668287e-07,1.1167982614875916e-07,9.1552734375e-05,unnormalized FFT magnitude,0,0
3aeff8d50243a034,d10250041733482cf52b68724593002755ae8bafefea8d496782bb9e69d79974,legacy-incremental-float,spec012-confirm-02,1,float,4096,1024,1,1,throughput,steady,full,all-publications-v1,spectrum-norms-v1,independent recursive binary64 FFT / direct DFT; matched float windows; direct bands and EMA,binary64 FFT / long-double direct DFT,2048,2048,4196352,4196352,1.9008444915668287e-07,1.1167982614875916e-07,9.1552734375e-05,unnormalized FFT magnitude,0,0
3aeff8d50243a034,d10250041733482cf52b68724593002755ae8bafefea8d496782bb9e69d79974,legacy-incremental-float,spec012-confirm-02,2,float,4096,1024,1,1,throughput,steady,full,all-publications-v1,spectrum-norms-v1,independent recursive binary64 FFT / direct DFT; matched float windows; direct bands and EMA,binary64 FFT / long-double direct DFT,2048,2048,4196352,4196352,1.9008444915668287e-07,1.1167982614875916e-07,9.1552734375e-05,unnormalized FFT magnitude,0,0
3aeff8d50243a034,d10250041733482cf52b68724593002755ae8bafefea8d496782bb9e69d79974,legacy-incremental-float,spec012-confirm-03,0,float,4096,1024,1,1,throughput,steady,full,all-publications-v1,spectrum-norms-v1,independent recursive binary64 FFT / direct DFT; matched float windows; direct bands and EMA,binary64 FFT / long-double direct DFT,2048,2048,4196352,4196352,1.9008444915668287e-07,1.1167982614875916e-07,9.1552734375e-05,unnormalized FFT magnitude,0,0
3aeff8d50243a034,d10250041733482cf52b68724593002755ae8bafefea8d496782bb9e69d79974,legacy-incremental-float,spec012-confirm-03,1,float,4096,1024,1,1,throughput,steady,full,all-publications-v1,spectrum-norms-v1,independent recursive binary64 FFT / direct DFT; matched float windows; direct bands and EMA,binary64 FFT / long-double direct DFT,2048,2048,4196352,4196352,1.9008444915668287e-07,1.1167982614875916e-07,9.1552734375e-05,unnormalized FFT magnitude,0,0
3aeff8d50243a034,d10250041733482cf52b68724593002755ae8bafefea8d496782bb9e69d79974,legacy-incremental-float,spec012-confirm-03,2,float,4096,1024,1,1,throughput,steady,full,all-publications-v1,spectrum-norms-v1,independent recursive binary64 FFT / direct DFT; matched float windows; direct bands and EMA,binary64 FFT / long-double direct DFT,2048,2048,4196352,4196352,1.9008444915668287e-07,1.1167982614875916e-07,9.1552734375e-05,unnormalized FFT magnitude,0,0
3aeff8d50243a034,d28afbf23778a02d852a1f11ff8662ebf309a87c907d1076fab8bf5d967353f1,vdsp-analysis-float,spec012-confirm-01,0,float,2048,1024,1,1,callback,steady,existing all-output numerical replay,archived-vector-counts,spectrum-norms-v1,direct DFT or binary64 FFT of matched frame bytes; direct band sums and EMA,see archived reference; precision not separately recorded,2048,2048,2099200,2099200,1.4261480916057953e-07,1.1945004482661556e-07,6.103515625e-05,unnormalized FFT magnitude,0,0
3aeff8d50243a034,d28afbf23778a02d852a1f11ff8662ebf309a87c907d1076fab8bf5d967353f1,vdsp-analysis-float,spec012-confirm-01,1,float,2048,1024,1,1,callback,steady,existing all-output numerical replay,archived-vector-counts,spectrum-norms-v1,direct DFT or binary64 FFT of matched frame bytes; direct band sums and EMA,see archived reference; precision not separately recorded,2048,2048,2099200,2099200,1.4261480916057953e-07,1.1945004482661556e-07,6.103515625e-05,unnormalized FFT magnitude,0,0
3aeff8d50243a034,d28afbf23778a02d852a1f11ff8662ebf309a87c907d1076fab8bf5d967353f1,vdsp-analysis-float,spec012-confirm-01,2,float,2048,1024,1,1,callback,steady,existing all-output numerical replay,archived-vector-counts,spectrum-norms-v1,direct DFT or binary64 FFT of matched frame bytes; direct band sums and EMA,see archived reference; precision not separately recorded,2048,2048,2099200,2099200,1.4261480916057953e-07,1.1945004482661556e-07,6.103515625e-05,unnormalized FFT magnitude,0,0
3aeff8d50243a034,d28afbf23778a02d852a1f11ff8662ebf309a87c907d1076fab8bf5d967353f1,vdsp-analysis-float,spec012-confirm-02,0,float,2048,1024,1,1,callback,steady,existing all-output numerical replay,archived-vector-counts,spectrum-norms-v1,direct DFT or binary64 FFT of matched frame bytes; direct band sums and EMA,see archived reference; precision not separately recorded,2048,2048,2099200,2099200,1.4261480916057953e-07,1.1945004482661556e-07,6.103515625e-05,unnormalized FFT magnitude,0,0
3aeff8d50243a034,d28afbf23778a02d852a1f11ff8662ebf309a87c907d1076fab8bf5d967353f1,vdsp-analysis-float,spec012-confirm-02,1,float,2048,1024,1,1,callback,steady,existing all-output numerical replay,archived-vector-counts,spectrum-norms-v1,direct DFT or binary64 FFT of matched frame bytes; direct band sums and EMA,see archived reference; precision not separately recorded,2048,2048,2099200,2099200,1.4261480916057953e-07,1.1945004482661556e-07,6.103515625e-05,unnormalized FFT magnitude,0,0
3aeff8d50243a034,d28afbf23778a02d852a1f11ff8662ebf309a87c907d1076fab8bf5d967353f1,vdsp-analysis-float,spec012-confirm-02,2,float,2048,1024,1,1,callback,steady,existing all-output numerical replay,archived-vector-counts,spectrum-norms-v1,direct DFT or binary64 FFT of matched frame bytes; direct band sums and EMA,see archived reference; precision not separately recorded,2048,2048,2099200,2099200,1.4261480916057953e-07,1.1945004482661556e-07,6.103515625e-05,unnormalized FFT magnitude,0,0
3aeff8d50243a034,d28afbf23778a02d852a1f11ff8662ebf309a87c907d1076fab8bf5d967353f1,vdsp-analysis-float,spec012-confirm-03,0,float,2048,1024,1,1,callback,steady,existing all-output numerical replay,archived-vector-counts,spectrum-norms-v1,direct DFT or binary64 FFT of matched frame bytes; direct band sums and EMA,see archived reference; precision not separately recorded,2048,2048,2099200,2099200,1.4261480916057953e-07,1.1945004482661556e-07,6.103515625e-05,unnormalized FFT magnitude,0,0
3aeff8d50243a034,d28afbf23778a02d852a1f11ff8662ebf309a87c907d1076fab8bf5d967353f1,vdsp-analysis-float,spec012-confirm-03,1,float,2048,1024,1,1,callback,steady,existing all-output numerical replay,archived-vector-counts,spectrum-norms-v1,direct DFT or binary64 FFT of matched frame bytes; direct band sums and EMA,see archived reference; precision not separately recorded,2048,2048,2099200,2099200,1.4261480916057953e-07,1.1945004482661556e-07,6.103515625e-05,unnormalized FFT magnitude,0,0
3aeff8d50243a034,d28afbf23778a02d852a1f11ff8662ebf309a87c907d1076fab8bf5d967353f1,vdsp-analysis-float,spec012-confirm-03,2,float,2048,1024,1,1,callback,steady,existing all-output numerical replay,archived-vector-counts,spectrum-norms-v1,direct DFT or binary64 FFT of matched frame bytes; direct band sums and EMA,see archived reference; precision not separately recorded,2048,2048,2099200,2099200,1.4261480916057953e-07,1.1945004482661556e-07,6.103515625e-05,unnormalized FFT magnitude,0,0
3aeff8d50243a034,d46088b87b7a1e707f8d0ccfb2be017c8752b9cb1c1d030ec2ede0f3d0ee305d,fftw-analysis-float,spec012-confirm-01,0,float,2048,1024,1,1,callback,steady,existing all-output numerical replay,archived-vector-counts,spectrum-norms-v1,direct DFT or binary64 FFT of matched frame bytes; direct band sums and EMA,see archived reference; precision not separately recorded,2048,2048,2099200,2099200,1.6833401972470574e-07,2.3817976355656692e-07,0.0001220703125,unnormalized FFT magnitude,0,0
3aeff8d50243a034,d46088b87b7a1e707f8d0ccfb2be017c8752b9cb1c1d030ec2ede0f3d0ee305d,fftw-analysis-float,spec012-confirm-01,1,float,2048,1024,1,1,callback,steady,existing all-output numerical replay,archived-vector-counts,spectrum-norms-v1,direct DFT or binary64 FFT of matched frame bytes; direct band sums and EMA,see archived reference; precision not separately recorded,2048,2048,2099200,2099200,1.6833401972470574e-07,2.3817976355656692e-07,0.0001220703125,unnormalized FFT magnitude,0,0
3aeff8d50243a034,d46088b87b7a1e707f8d0ccfb2be017c8752b9cb1c1d030ec2ede0f3d0ee305d,fftw-analysis-float,spec012-confirm-01,2,float,2048,1024,1,1,callback,steady,existing all-output numerical replay,archived-vector-counts,spectrum-norms-v1,direct DFT or binary64 FFT of matched frame bytes; direct band sums and EMA,see archived reference; precision not separately recorded,2048,2048,2099200,2099200,1.6833401972470574e-07,2.3817976355656692e-07,0.0001220703125,unnormalized FFT magnitude,0,0
3aeff8d50243a034,d46088b87b7a1e707f8d0ccfb2be017c8752b9cb1c1d030ec2ede0f3d0ee305d,fftw-analysis-float,spec012-confirm-02,0,float,2048,1024,1,1,callback,steady,existing all-output numerical replay,archived-vector-counts,spectrum-norms-v1,direct DFT or binary64 FFT of matched frame bytes; direct band sums and EMA,see archived reference; precision not separately recorded,2048,2048,2099200,2099200,1.6833401972470574e-07,2.3817976355656692e-07,0.0001220703125,unnormalized FFT magnitude,0,0
3aeff8d50243a034,d46088b87b7a1e707f8d0ccfb2be017c8752b9cb1c1d030ec2ede0f3d0ee305d,fftw-analysis-float,spec012-confirm-02,1,float,2048,1024,1,1,callback,steady,existing all-output numerical replay,archived-vector-counts,spectrum-norms-v1,direct DFT or binary64 FFT of matched frame bytes; direct band sums and EMA,see archived reference; precision not separately recorded,2048,2048,2099200,2099200,1.6833401972470574e-07,2.3817976355656692e-07,0.0001220703125,unnormalized FFT magnitude,0,0
3aeff8d50243a034,d46088b87b7a1e707f8d0ccfb2be017c8752b9cb1c1d030ec2ede0f3d0ee305d,fftw-analysis-float,spec012-confirm-02,2,float,2048,1024,1,1,callback,steady,existing all-output numerical replay,archived-vector-counts,spectrum-norms-v1,direct DFT or binary64 FFT of matched frame bytes; direct band sums and EMA,see archived reference; precision not separately recorded,2048,2048,2099200,2099200,1.6833401972470574e-07,2.3817976355656692e-07,0.0001220703125,unnormalized FFT magnitude,0,0
3aeff8d50243a034,d46088b87b7a1e707f8d0ccfb2be017c8752b9cb1c1d030ec2ede0f3d0ee305d,fftw-analysis-float,spec012-confirm-03,0,float,2048,1024,1,1,callback,steady,existing all-output numerical replay,archived-vector-counts,spectrum-norms-v1,direct DFT or binary64 FFT of matched frame bytes; direct band sums and EMA,see archived reference; precision not separately recorded,2048,2048,2099200,2099200,1.6833401972470574e-07,2.3817976355656692e-07,0.0001220703125,unnormalized FFT magnitude,0,0
3aeff8d50243a034,d46088b87b7a1e707f8d0ccfb2be017c8752b9cb1c1d030ec2ede0f3d0ee305d,fftw-analysis-float,spec012-confirm-03,1,float,2048,1024,1,1,callback,steady,existing all-output numerical replay,archived-vector-counts,spectrum-norms-v1,direct DFT or binary64 FFT of matched frame bytes; direct band sums and EMA,see archived reference; precision not separately recorded,2048,2048,2099200,2099200,1.6833401972470574e-07,2.3817976355656692e-07,0.0001220703125,unnormalized FFT magnitude,0,0
3aeff8d50243a034,d46088b87b7a1e707f8d0ccfb2be017c8752b9cb1c1d030ec2ede0f3d0ee305d,fftw-analysis-float,spec012-confirm-03,2,float,2048,1024,1,1,callback,steady,existing all-output numerical replay,archived-vector-counts,spectrum-norms-v1,direct DFT or binary64 FFT of matched frame bytes; direct band sums and EMA,see archived reference; precision not separately recorded,2048,2048,2099200,2099200,1.6833401972470574e-07,2.3817976355656692e-07,0.0001220703125,unnormalized FFT magnitude,0,0
3aeff8d50243a034,d55c49a33374fca03fb2ed83b026868d8e1504fd1bfce01e6719dfc4dd2446bc,vdsp-analysis-float,spec012-confirm-01,0,float,16384,1024,1,1,throughput,steady,existing all-output numerical replay,archived-vector-counts,spectrum-norms-v1,direct DFT or binary64 FFT of matched frame bytes; direct band sums and EMA,see archived reference; precision not separately recorded,2048,2048,16779264,16779264,1.5382949780493128e-07,1.788785140013281e-07,0.000732421875,unnormalized FFT magnitude,0,32
3aeff8d50243a034,d55c49a33374fca03fb2ed83b026868d8e1504fd1bfce01e6719dfc4dd2446bc,vdsp-analysis-float,spec012-confirm-01,1,float,16384,1024,1,1,throughput,steady,existing all-output numerical replay,archived-vector-counts,spectrum-norms-v1,direct DFT or binary64 FFT of matched frame bytes; direct band sums and EMA,see archived reference; precision not separately recorded,2048,2048,16779264,16779264,1.5382949780493128e-07,1.788785140013281e-07,0.000732421875,unnormalized FFT magnitude,0,32
3aeff8d50243a034,d55c49a33374fca03fb2ed83b026868d8e1504fd1bfce01e6719dfc4dd2446bc,vdsp-analysis-float,spec012-confirm-01,2,float,16384,1024,1,1,throughput,steady,existing all-output numerical replay,archived-vector-counts,spectrum-norms-v1,direct DFT or binary64 FFT of matched frame bytes; direct band sums and EMA,see archived reference; precision not separately recorded,2048,2048,16779264,16779264,1.5382949780493128e-07,1.788785140013281e-07,0.000732421875,unnormalized FFT magnitude,0,32
3aeff8d50243a034,d55c49a33374fca03fb2ed83b026868d8e1504fd1bfce01e6719dfc4dd2446bc,vdsp-analysis-float,spec012-confirm-02,0,float,16384,1024,1,1,throughput,steady,existing all-output numerical replay,archived-vector-counts,spectrum-norms-v1,direct DFT or binary64 FFT of matched frame bytes; direct band sums and EMA,see archived reference; precision not separately recorded,2048,2048,16779264,16779264,1.5382949780493128e-07,1.788785140013281e-07,0.000732421875,unnormalized FFT magnitude,0,32
3aeff8d50243a034,d55c49a33374fca03fb2ed83b026868d8e1504fd1bfce01e6719dfc4dd2446bc,vdsp-analysis-float,spec012-confirm-02,1,float,16384,1024,1,1,throughput,steady,existing all-output numerical replay,archived-vector-counts,spectrum-norms-v1,direct DFT or binary64 FFT of matched frame bytes; direct band sums and EMA,see archived reference; precision not separately recorded,2048,2048,16779264,16779264,1.5382949780493128e-07,1.788785140013281e-07,0.000732421875,unnormalized FFT magnitude,0,32
3aeff8d50243a034,d55c49a33374fca03fb2ed83b026868d8e1504fd1bfce01e6719dfc4dd2446bc,vdsp-analysis-float,spec012-confirm-02,2,float,16384,1024,1,1,throughput,steady,existing all-output numerical replay,archived-vector-counts,spectrum-norms-v1,direct DFT or binary64 FFT of matched frame bytes; direct band sums and EMA,see archived reference; precision not separately recorded,2048,2048,16779264,16779264,1.5382949780493128e-07,1.788785140013281e-07,0.000732421875,unnormalized FFT magnitude,0,32
3aeff8d50243a034,d55c49a33374fca03fb2ed83b026868d8e1504fd1bfce01e6719dfc4dd2446bc,vdsp-analysis-float,spec012-confirm-03,0,float,16384,1024,1,1,throughput,steady,existing all-output numerical replay,archived-vector-counts,spectrum-norms-v1,direct DFT or binary64 FFT of matched frame bytes; direct band sums and EMA,see archived reference; precision not separately recorded,2048,2048,16779264,16779264,1.5382949780493128e-07,1.788785140013281e-07,0.000732421875,unnormalized FFT magnitude,0,32
3aeff8d50243a034,d55c49a33374fca03fb2ed83b026868d8e1504fd1bfce01e6719dfc4dd2446bc,vdsp-analysis-float,spec012-confirm-03,1,float,16384,1024,1,1,throughput,steady,existing all-output numerical replay,archived-vector-counts,spectrum-norms-v1,direct DFT or binary64 FFT of matched frame bytes; direct band sums and EMA,see archived reference; precision not separately recorded,2048,2048,16779264,16779264,1.5382949780493128e-07,1.788785140013281e-07,0.000732421875,unnormalized FFT magnitude,0,32
3aeff8d50243a034,d55c49a33374fca03fb2ed83b026868d8e1504fd1bfce01e6719dfc4dd2446bc,vdsp-analysis-float,spec012-confirm-03,2,float,16384,1024,1,1,throughput,steady,existing all-output numerical replay,archived-vector-counts,spectrum-norms-v1,direct DFT or binary64 FFT of matched frame bytes; direct band sums and EMA,see archived reference; precision not separately recorded,2048,2048,16779264,16779264,1.5382949780493128e-07,1.788785140013281e-07,0.000732421875,unnormalized FFT magnitude,0,32
3aeff8d50243a034,d75f6ab8237f9878a687d40f309bd1f9ca6f11c4caf010c308074efb0e1a1f6d,legacy-batch-float,spec012-confirm-01,0,float,2048,1024,1,1,callback,steady,full,all-publications-v1,spectrum-norms-v1,independent recursive binary64 FFT / direct DFT; matched float windows; direct bands and EMA,binary64 FFT / long-double direct DFT,2048,2048,2099200,2099200,1.7896422314979908e-07,2.2354712809377118e-07,9.1552734375e-05,unnormalized FFT magnitude,0,0
3aeff8d50243a034,d75f6ab8237f9878a687d40f309bd1f9ca6f11c4caf010c308074efb0e1a1f6d,legacy-batch-float,spec012-confirm-01,1,float,2048,1024,1,1,callback,steady,full,all-publications-v1,spectrum-norms-v1,independent recursive binary64 FFT / direct DFT; matched float windows; direct bands and EMA,binary64 FFT / long-double direct DFT,2048,2048,2099200,2099200,1.7896422314979908e-07,2.2354712809377118e-07,9.1552734375e-05,unnormalized FFT magnitude,0,0
3aeff8d50243a034,d75f6ab8237f9878a687d40f309bd1f9ca6f11c4caf010c308074efb0e1a1f6d,legacy-batch-float,spec012-confirm-01,2,float,2048,1024,1,1,callback,steady,full,all-publications-v1,spectrum-norms-v1,independent recursive binary64 FFT / direct DFT; matched float windows; direct bands and EMA,binary64 FFT / long-double direct DFT,2048,2048,2099200,2099200,1.7896422314979908e-07,2.2354712809377118e-07,9.1552734375e-05,unnormalized FFT magnitude,0,0
3aeff8d50243a034,d75f6ab8237f9878a687d40f309bd1f9ca6f11c4caf010c308074efb0e1a1f6d,legacy-batch-float,spec012-confirm-02,0,float,2048,1024,1,1,callback,steady,full,all-publications-v1,spectrum-norms-v1,independent recursive binary64 FFT / direct DFT; matched float windows; direct bands and EMA,binary64 FFT / long-double direct DFT,2048,2048,2099200,2099200,1.7896422314979908e-07,2.2354712809377118e-07,9.1552734375e-05,unnormalized FFT magnitude,0,0
3aeff8d50243a034,d75f6ab8237f9878a687d40f309bd1f9ca6f11c4caf010c308074efb0e1a1f6d,legacy-batch-float,spec012-confirm-02,1,float,2048,1024,1,1,callback,steady,full,all-publications-v1,spectrum-norms-v1,independent recursive binary64 FFT / direct DFT; matched float windows; direct bands and EMA,binary64 FFT / long-double direct DFT,2048,2048,2099200,2099200,1.7896422314979908e-07,2.2354712809377118e-07,9.1552734375e-05,unnormalized FFT magnitude,0,0
3aeff8d50243a034,d75f6ab8237f9878a687d40f309bd1f9ca6f11c4caf010c308074efb0e1a1f6d,legacy-batch-float,spec012-confirm-02,2,float,2048,1024,1,1,callback,steady,full,all-publications-v1,spectrum-norms-v1,independent recursive binary64 FFT / direct DFT; matched float windows; direct bands and EMA,binary64 FFT / long-double direct DFT,2048,2048,2099200,2099200,1.7896422314979908e-07,2.2354712809377118e-07,9.1552734375e-05,unnormalized FFT magnitude,0,0
3aeff8d50243a034,d75f6ab8237f9878a687d40f309bd1f9ca6f11c4caf010c308074efb0e1a1f6d,legacy-batch-float,spec012-confirm-03,0,float,2048,1024,1,1,callback,steady,full,all-publications-v1,spectrum-norms-v1,independent recursive binary64 FFT / direct DFT; matched float windows; direct bands and EMA,binary64 FFT / long-double direct DFT,2048,2048,2099200,2099200,1.7896422314979908e-07,2.2354712809377118e-07,9.1552734375e-05,unnormalized FFT magnitude,0,0
3aeff8d50243a034,d75f6ab8237f9878a687d40f309bd1f9ca6f11c4caf010c308074efb0e1a1f6d,legacy-batch-float,spec012-confirm-03,1,float,2048,1024,1,1,callback,steady,full,all-publications-v1,spectrum-norms-v1,independent recursive binary64 FFT / direct DFT; matched float windows; direct bands and EMA,binary64 FFT / long-double direct DFT,2048,2048,2099200,2099200,1.7896422314979908e-07,2.2354712809377118e-07,9.1552734375e-05,unnormalized FFT magnitude,0,0
3aeff8d50243a034,d75f6ab8237f9878a687d40f309bd1f9ca6f11c4caf010c308074efb0e1a1f6d,legacy-batch-float,spec012-confirm-03,2,float,2048,1024,1,1,callback,steady,full,all-publications-v1,spectrum-norms-v1,independent recursive binary64 FFT / direct DFT; matched float windows; direct bands and EMA,binary64 FFT / long-double direct DFT,2048,2048,2099200,2099200,1.7896422314979908e-07,2.2354712809377118e-07,9.1552734375e-05,unnormalized FFT magnitude,0,0
3aeff8d50243a034,d9c5b740439f5df20b21331defbfea11acd67647d728066c824f7a955ef15ec7,legacy-batch-float,spec012-confirm-01,0,float,4096,1024,1,1,callback,steady,full,all-publications-v1,spectrum-norms-v1,independent recursive binary64 FFT / direct DFT; matched float windows; direct bands and EMA,binary64 FFT / long-double direct DFT,2048,2048,4196352,4196352,1.9008444915668287e-07,1.1167982614875916e-07,9.1552734375e-05,unnormalized FFT magnitude,0,0
3aeff8d50243a034,d9c5b740439f5df20b21331defbfea11acd67647d728066c824f7a955ef15ec7,legacy-batch-float,spec012-confirm-01,1,float,4096,1024,1,1,callback,steady,full,all-publications-v1,spectrum-norms-v1,independent recursive binary64 FFT / direct DFT; matched float windows; direct bands and EMA,binary64 FFT / long-double direct DFT,2048,2048,4196352,4196352,1.9008444915668287e-07,1.1167982614875916e-07,9.1552734375e-05,unnormalized FFT magnitude,0,0
3aeff8d50243a034,d9c5b740439f5df20b21331defbfea11acd67647d728066c824f7a955ef15ec7,legacy-batch-float,spec012-confirm-01,2,float,4096,1024,1,1,callback,steady,full,all-publications-v1,spectrum-norms-v1,independent recursive binary64 FFT / direct DFT; matched float windows; direct bands and EMA,binary64 FFT / long-double direct DFT,2048,2048,4196352,4196352,1.9008444915668287e-07,1.1167982614875916e-07,9.1552734375e-05,unnormalized FFT magnitude,0,0
3aeff8d50243a034,d9c5b740439f5df20b21331defbfea11acd67647d728066c824f7a955ef15ec7,legacy-batch-float,spec012-confirm-02,0,float,4096,1024,1,1,callback,steady,full,all-publications-v1,spectrum-norms-v1,independent recursive binary64 FFT / direct DFT; matched float windows; direct bands and EMA,binary64 FFT / long-double direct DFT,2048,2048,4196352,4196352,1.9008444915668287e-07,1.1167982614875916e-07,9.1552734375e-05,unnormalized FFT magnitude,0,0
3aeff8d50243a034,d9c5b740439f5df20b21331defbfea11acd67647d728066c824f7a955ef15ec7,legacy-batch-float,spec012-confirm-02,1,float,4096,1024,1,1,callback,steady,full,all-publications-v1,spectrum-norms-v1,independent recursive binary64 FFT / direct DFT; matched float windows; direct bands and EMA,binary64 FFT / long-double direct DFT,2048,2048,4196352,4196352,1.9008444915668287e-07,1.1167982614875916e-07,9.1552734375e-05,unnormalized FFT magnitude,0,0
3aeff8d50243a034,d9c5b740439f5df20b21331defbfea11acd67647d728066c824f7a955ef15ec7,legacy-batch-float,spec012-confirm-02,2,float,4096,1024,1,1,callback,steady,full,all-publications-v1,spectrum-norms-v1,independent recursive binary64 FFT / direct DFT; matched float windows; direct bands and EMA,binary64 FFT / long-double direct DFT,2048,2048,4196352,4196352,1.9008444915668287e-07,1.1167982614875916e-07,9.1552734375e-05,unnormalized FFT magnitude,0,0
3aeff8d50243a034,d9c5b740439f5df20b21331defbfea11acd67647d728066c824f7a955ef15ec7,legacy-batch-float,spec012-confirm-03,0,float,4096,1024,1,1,callback,steady,full,all-publications-v1,spectrum-norms-v1,independent recursive binary64 FFT / direct DFT; matched float windows; direct bands and EMA,binary64 FFT / long-double direct DFT,2048,2048,4196352,4196352,1.9008444915668287e-07,1.1167982614875916e-07,9.1552734375e-05,unnormalized FFT magnitude,0,0
3aeff8d50243a034,d9c5b740439f5df20b21331defbfea11acd67647d728066c824f7a955ef15ec7,legacy-batch-float,spec012-confirm-03,1,float,4096,1024,1,1,callback,steady,full,all-publications-v1,spectrum-norms-v1,independent recursive binary64 FFT / direct DFT; matched float windows; direct bands and EMA,binary64 FFT / long-double direct DFT,2048,2048,4196352,4196352,1.9008444915668287e-07,1.1167982614875916e-07,9.1552734375e-05,unnormalized FFT magnitude,0,0
3aeff8d50243a034,d9c5b740439f5df20b21331defbfea11acd67647d728066c824f7a955ef15ec7,legacy-batch-float,spec012-confirm-03,2,float,4096,1024,1,1,callback,steady,full,all-publications-v1,spectrum-norms-v1,independent recursive binary64 FFT / direct DFT; matched float windows; direct bands and EMA,binary64 FFT / long-double direct DFT,2048,2048,4196352,4196352,1.9008444915668287e-07,1.1167982614875916e-07,9.1552734375e-05,unnormalized FFT magnitude,0,0
3aeff8d50243a034,dde040100ae9ed615f48bc88692066095fac69efce2436f393d20dd83b07c8e6,vdsp-analysis-float,spec012-confirm-01,0,float,2048,1024,1,1,callback,steady,existing all-output numerical replay,archived-vector-counts,spectrum-norms-v1,direct DFT or binary64 FFT of matched frame bytes; direct band sums and EMA,see archived reference; precision not separately recorded,2048,2048,2099200,2099200,1.4261480916057953e-07,1.1945004482661556e-07,6.103515625e-05,unnormalized FFT magnitude,0,0
3aeff8d50243a034,dde040100ae9ed615f48bc88692066095fac69efce2436f393d20dd83b07c8e6,vdsp-analysis-float,spec012-confirm-01,1,float,2048,1024,1,1,callback,steady,existing all-output numerical replay,archived-vector-counts,spectrum-norms-v1,direct DFT or binary64 FFT of matched frame bytes; direct band sums and EMA,see archived reference; precision not separately recorded,2048,2048,2099200,2099200,1.4261480916057953e-07,1.1945004482661556e-07,6.103515625e-05,unnormalized FFT magnitude,0,0
3aeff8d50243a034,dde040100ae9ed615f48bc88692066095fac69efce2436f393d20dd83b07c8e6,vdsp-analysis-float,spec012-confirm-01,2,float,2048,1024,1,1,callback,steady,existing all-output numerical replay,archived-vector-counts,spectrum-norms-v1,direct DFT or binary64 FFT of matched frame bytes; direct band sums and EMA,see archived reference; precision not separately recorded,2048,2048,2099200,2099200,1.4261480916057953e-07,1.1945004482661556e-07,6.103515625e-05,unnormalized FFT magnitude,0,0
3aeff8d50243a034,dde040100ae9ed615f48bc88692066095fac69efce2436f393d20dd83b07c8e6,vdsp-analysis-float,spec012-confirm-02,0,float,2048,1024,1,1,callback,steady,existing all-output numerical replay,archived-vector-counts,spectrum-norms-v1,direct DFT or binary64 FFT of matched frame bytes; direct band sums and EMA,see archived reference; precision not separately recorded,2048,2048,2099200,2099200,1.4261480916057953e-07,1.1945004482661556e-07,6.103515625e-05,unnormalized FFT magnitude,0,0
3aeff8d50243a034,dde040100ae9ed615f48bc88692066095fac69efce2436f393d20dd83b07c8e6,vdsp-analysis-float,spec012-confirm-02,1,float,2048,1024,1,1,callback,steady,existing all-output numerical replay,archived-vector-counts,spectrum-norms-v1,direct DFT or binary64 FFT of matched frame bytes; direct band sums and EMA,see archived reference; precision not separately recorded,2048,2048,2099200,2099200,1.4261480916057953e-07,1.1945004482661556e-07,6.103515625e-05,unnormalized FFT magnitude,0,0
3aeff8d50243a034,dde040100ae9ed615f48bc88692066095fac69efce2436f393d20dd83b07c8e6,vdsp-analysis-float,spec012-confirm-02,2,float,2048,1024,1,1,callback,steady,existing all-output numerical replay,archived-vector-counts,spectrum-norms-v1,direct DFT or binary64 FFT of matched frame bytes; direct band sums and EMA,see archived reference; precision not separately recorded,2048,2048,2099200,2099200,1.4261480916057953e-07,1.1945004482661556e-07,6.103515625e-05,unnormalized FFT magnitude,0,0
3aeff8d50243a034,dde040100ae9ed615f48bc88692066095fac69efce2436f393d20dd83b07c8e6,vdsp-analysis-float,spec012-confirm-03,0,float,2048,1024,1,1,callback,steady,existing all-output numerical replay,archived-vector-counts,spectrum-norms-v1,direct DFT or binary64 FFT of matched frame bytes; direct band sums and EMA,see archived reference; precision not separately recorded,2048,2048,2099200,2099200,1.4261480916057953e-07,1.1945004482661556e-07,6.103515625e-05,unnormalized FFT magnitude,0,0
3aeff8d50243a034,dde040100ae9ed615f48bc88692066095fac69efce2436f393d20dd83b07c8e6,vdsp-analysis-float,spec012-confirm-03,1,float,2048,1024,1,1,callback,steady,existing all-output numerical replay,archived-vector-counts,spectrum-norms-v1,direct DFT or binary64 FFT of matched frame bytes; direct band sums and EMA,see archived reference; precision not separately recorded,2048,2048,2099200,2099200,1.4261480916057953e-07,1.1945004482661556e-07,6.103515625e-05,unnormalized FFT magnitude,0,0
3aeff8d50243a034,dde040100ae9ed615f48bc88692066095fac69efce2436f393d20dd83b07c8e6,vdsp-analysis-float,spec012-confirm-03,2,float,2048,1024,1,1,callback,steady,existing all-output numerical replay,archived-vector-counts,spectrum-norms-v1,direct DFT or binary64 FFT of matched frame bytes; direct band sums and EMA,see archived reference; precision not separately recorded,2048,2048,2099200,2099200,1.4261480916057953e-07,1.1945004482661556e-07,6.103515625e-05,unnormalized FFT magnitude,0,0
3aeff8d50243a034,de0efb622ca42202a7c55c141c8de1a409c9e161595bcbcee0f6ee39fd61cf15,pffft-hybrid-float,spec012-confirm-01,0,float,2048,1024,1,1,throughput,steady,existing all-output numerical replay,archived-vector-counts,spectrum-norms-v1,direct DFT or binary64 FFT of matched frame bytes; direct band sums and EMA,see archived reference; precision not separately recorded,2048,2048,2099200,2099200,1.8753119135637531e-07,2.2363801652461304e-07,9.1552734375e-05,unnormalized FFT magnitude,0,0
3aeff8d50243a034,de0efb622ca42202a7c55c141c8de1a409c9e161595bcbcee0f6ee39fd61cf15,pffft-hybrid-float,spec012-confirm-01,1,float,2048,1024,1,1,throughput,steady,existing all-output numerical replay,archived-vector-counts,spectrum-norms-v1,direct DFT or binary64 FFT of matched frame bytes; direct band sums and EMA,see archived reference; precision not separately recorded,2048,2048,2099200,2099200,1.8753119135637531e-07,2.2363801652461304e-07,9.1552734375e-05,unnormalized FFT magnitude,0,0
3aeff8d50243a034,de0efb622ca42202a7c55c141c8de1a409c9e161595bcbcee0f6ee39fd61cf15,pffft-hybrid-float,spec012-confirm-01,2,float,2048,1024,1,1,throughput,steady,existing all-output numerical replay,archived-vector-counts,spectrum-norms-v1,direct DFT or binary64 FFT of matched frame bytes; direct band sums and EMA,see archived reference; precision not separately recorded,2048,2048,2099200,2099200,1.8753119135637531e-07,2.2363801652461304e-07,9.1552734375e-05,unnormalized FFT magnitude,0,0
3aeff8d50243a034,de0efb622ca42202a7c55c141c8de1a409c9e161595bcbcee0f6ee39fd61cf15,pffft-hybrid-float,spec012-confirm-02,0,float,2048,1024,1,1,throughput,steady,existing all-output numerical replay,archived-vector-counts,spectrum-norms-v1,direct DFT or binary64 FFT of matched frame bytes; direct band sums and EMA,see archived reference; precision not separately recorded,2048,2048,2099200,2099200,1.8753119135637531e-07,2.2363801652461304e-07,9.1552734375e-05,unnormalized FFT magnitude,0,0
3aeff8d50243a034,de0efb622ca42202a7c55c141c8de1a409c9e161595bcbcee0f6ee39fd61cf15,pffft-hybrid-float,spec012-confirm-02,1,float,2048,1024,1,1,throughput,steady,existing all-output numerical replay,archived-vector-counts,spectrum-norms-v1,direct DFT or binary64 FFT of matched frame bytes; direct band sums and EMA,see archived reference; precision not separately recorded,2048,2048,2099200,2099200,1.8753119135637531e-07,2.2363801652461304e-07,9.1552734375e-05,unnormalized FFT magnitude,0,0
3aeff8d50243a034,de0efb622ca42202a7c55c141c8de1a409c9e161595bcbcee0f6ee39fd61cf15,pffft-hybrid-float,spec012-confirm-02,2,float,2048,1024,1,1,throughput,steady,existing all-output numerical replay,archived-vector-counts,spectrum-norms-v1,direct DFT or binary64 FFT of matched frame bytes; direct band sums and EMA,see archived reference; precision not separately recorded,2048,2048,2099200,2099200,1.8753119135637531e-07,2.2363801652461304e-07,9.1552734375e-05,unnormalized FFT magnitude,0,0
3aeff8d50243a034,de0efb622ca42202a7c55c141c8de1a409c9e161595bcbcee0f6ee39fd61cf15,pffft-hybrid-float,spec012-confirm-03,0,float,2048,1024,1,1,throughput,steady,existing all-output numerical replay,archived-vector-counts,spectrum-norms-v1,direct DFT or binary64 FFT of matched frame bytes; direct band sums and EMA,see archived reference; precision not separately recorded,2048,2048,2099200,2099200,1.8753119135637531e-07,2.2363801652461304e-07,9.1552734375e-05,unnormalized FFT magnitude,0,0
3aeff8d50243a034,de0efb622ca42202a7c55c141c8de1a409c9e161595bcbcee0f6ee39fd61cf15,pffft-hybrid-float,spec012-confirm-03,1,float,2048,1024,1,1,throughput,steady,existing all-output numerical replay,archived-vector-counts,spectrum-norms-v1,direct DFT or binary64 FFT of matched frame bytes; direct band sums and EMA,see archived reference; precision not separately recorded,2048,2048,2099200,2099200,1.8753119135637531e-07,2.2363801652461304e-07,9.1552734375e-05,unnormalized FFT magnitude,0,0
3aeff8d50243a034,de0efb622ca42202a7c55c141c8de1a409c9e161595bcbcee0f6ee39fd61cf15,pffft-hybrid-float,spec012-confirm-03,2,float,2048,1024,1,1,throughput,steady,existing all-output numerical replay,archived-vector-counts,spectrum-norms-v1,direct DFT or binary64 FFT of matched frame bytes; direct band sums and EMA,see archived reference; precision not separately recorded,2048,2048,2099200,2099200,1.8753119135637531e-07,2.2363801652461304e-07,9.1552734375e-05,unnormalized FFT magnitude,0,0
3aeff8d50243a034,de6fcecc42530566342a06ba4d52f504c98bdd7c2149d09c7128ffd24860485f,vdsp-analysis-float,spec012-confirm-01,0,float,4096,1024,1,1,callback,steady,existing all-output numerical replay,archived-vector-counts,spectrum-norms-v1,direct DFT or binary64 FFT of matched frame bytes; direct band sums and EMA,see archived reference; precision not separately recorded,2048,2048,4196352,4196352,1.7957058611053615e-07,2.3812060927920297e-07,0.000244140625,unnormalized FFT magnitude,0,0
3aeff8d50243a034,de6fcecc42530566342a06ba4d52f504c98bdd7c2149d09c7128ffd24860485f,vdsp-analysis-float,spec012-confirm-01,1,float,4096,1024,1,1,callback,steady,existing all-output numerical replay,archived-vector-counts,spectrum-norms-v1,direct DFT or binary64 FFT of matched frame bytes; direct band sums and EMA,see archived reference; precision not separately recorded,2048,2048,4196352,4196352,1.7957058611053615e-07,2.3812060927920297e-07,0.000244140625,unnormalized FFT magnitude,0,0
3aeff8d50243a034,de6fcecc42530566342a06ba4d52f504c98bdd7c2149d09c7128ffd24860485f,vdsp-analysis-float,spec012-confirm-01,2,float,4096,1024,1,1,callback,steady,existing all-output numerical replay,archived-vector-counts,spectrum-norms-v1,direct DFT or binary64 FFT of matched frame bytes; direct band sums and EMA,see archived reference; precision not separately recorded,2048,2048,4196352,4196352,1.7957058611053615e-07,2.3812060927920297e-07,0.000244140625,unnormalized FFT magnitude,0,0
3aeff8d50243a034,de6fcecc42530566342a06ba4d52f504c98bdd7c2149d09c7128ffd24860485f,vdsp-analysis-float,spec012-confirm-02,0,float,4096,1024,1,1,callback,steady,existing all-output numerical replay,archived-vector-counts,spectrum-norms-v1,direct DFT or binary64 FFT of matched frame bytes; direct band sums and EMA,see archived reference; precision not separately recorded,2048,2048,4196352,4196352,1.7957058611053615e-07,2.3812060927920297e-07,0.000244140625,unnormalized FFT magnitude,0,0
3aeff8d50243a034,de6fcecc42530566342a06ba4d52f504c98bdd7c2149d09c7128ffd24860485f,vdsp-analysis-float,spec012-confirm-02,1,float,4096,1024,1,1,callback,steady,existing all-output numerical replay,archived-vector-counts,spectrum-norms-v1,direct DFT or binary64 FFT of matched frame bytes; direct band sums and EMA,see archived reference; precision not separately recorded,2048,2048,4196352,4196352,1.7957058611053615e-07,2.3812060927920297e-07,0.000244140625,unnormalized FFT magnitude,0,0
3aeff8d50243a034,de6fcecc42530566342a06ba4d52f504c98bdd7c2149d09c7128ffd24860485f,vdsp-analysis-float,spec012-confirm-02,2,float,4096,1024,1,1,callback,steady,existing all-output numerical replay,archived-vector-counts,spectrum-norms-v1,direct DFT or binary64 FFT of matched frame bytes; direct band sums and EMA,see archived reference; precision not separately recorded,2048,2048,4196352,4196352,1.7957058611053615e-07,2.3812060927920297e-07,0.000244140625,unnormalized FFT magnitude,0,0
3aeff8d50243a034,de6fcecc42530566342a06ba4d52f504c98bdd7c2149d09c7128ffd24860485f,vdsp-analysis-float,spec012-confirm-03,0,float,4096,1024,1,1,callback,steady,existing all-output numerical replay,archived-vector-counts,spectrum-norms-v1,direct DFT or binary64 FFT of matched frame bytes; direct band sums and EMA,see archived reference; precision not separately recorded,2048,2048,4196352,4196352,1.7957058611053615e-07,2.3812060927920297e-07,0.000244140625,unnormalized FFT magnitude,0,0
3aeff8d50243a034,de6fcecc42530566342a06ba4d52f504c98bdd7c2149d09c7128ffd24860485f,vdsp-analysis-float,spec012-confirm-03,1,float,4096,1024,1,1,callback,steady,existing all-output numerical replay,archived-vector-counts,spectrum-norms-v1,direct DFT or binary64 FFT of matched frame bytes; direct band sums and EMA,see archived reference; precision not separately recorded,2048,2048,4196352,4196352,1.7957058611053615e-07,2.3812060927920297e-07,0.000244140625,unnormalized FFT magnitude,0,0
3aeff8d50243a034,de6fcecc42530566342a06ba4d52f504c98bdd7c2149d09c7128ffd24860485f,vdsp-analysis-float,spec012-confirm-03,2,float,4096,1024,1,1,callback,steady,existing all-output numerical replay,archived-vector-counts,spectrum-norms-v1,direct DFT or binary64 FFT of matched frame bytes; direct band sums and EMA,see archived reference; precision not separately recorded,2048,2048,4196352,4196352,1.7957058611053615e-07,2.3812060927920297e-07,0.000244140625,unnormalized FFT magnitude,0,0
3aeff8d50243a034,ded9733f1ca0b0c5aef552ada2d2ce9d0b10589cd3c91334feb2c71751f96825,pffft-scheduled-batch-float,spec012-confirm-01,0,float,16384,1024,1,1,throughput,steady,existing all-output numerical replay,archived-vector-counts,spectrum-norms-v1,direct DFT or binary64 FFT of matched frame bytes; direct band sums and EMA,see archived reference; precision not separately recorded,2048,2048,16779264,16779264,2.2623933788848086e-07,1.4903825983523968e-07,0.00048828125,unnormalized FFT magnitude,0,0
3aeff8d50243a034,ded9733f1ca0b0c5aef552ada2d2ce9d0b10589cd3c91334feb2c71751f96825,pffft-scheduled-batch-float,spec012-confirm-01,1,float,16384,1024,1,1,throughput,steady,existing all-output numerical replay,archived-vector-counts,spectrum-norms-v1,direct DFT or binary64 FFT of matched frame bytes; direct band sums and EMA,see archived reference; precision not separately recorded,2048,2048,16779264,16779264,2.2623933788848086e-07,1.4903825983523968e-07,0.00048828125,unnormalized FFT magnitude,0,0
3aeff8d50243a034,ded9733f1ca0b0c5aef552ada2d2ce9d0b10589cd3c91334feb2c71751f96825,pffft-scheduled-batch-float,spec012-confirm-01,2,float,16384,1024,1,1,throughput,steady,existing all-output numerical replay,archived-vector-counts,spectrum-norms-v1,direct DFT or binary64 FFT of matched frame bytes; direct band sums and EMA,see archived reference; precision not separately recorded,2048,2048,16779264,16779264,2.2623933788848086e-07,1.4903825983523968e-07,0.00048828125,unnormalized FFT magnitude,0,0
3aeff8d50243a034,ded9733f1ca0b0c5aef552ada2d2ce9d0b10589cd3c91334feb2c71751f96825,pffft-scheduled-batch-float,spec012-confirm-02,0,float,16384,1024,1,1,throughput,steady,existing all-output numerical replay,archived-vector-counts,spectrum-norms-v1,direct DFT or binary64 FFT of matched frame bytes; direct band sums and EMA,see archived reference; precision not separately recorded,2048,2048,16779264,16779264,2.2623933788848086e-07,1.4903825983523968e-07,0.00048828125,unnormalized FFT magnitude,0,0
3aeff8d50243a034,ded9733f1ca0b0c5aef552ada2d2ce9d0b10589cd3c91334feb2c71751f96825,pffft-scheduled-batch-float,spec012-confirm-02,1,float,16384,1024,1,1,throughput,steady,existing all-output numerical replay,archived-vector-counts,spectrum-norms-v1,direct DFT or binary64 FFT of matched frame bytes; direct band sums and EMA,see archived reference; precision not separately recorded,2048,2048,16779264,16779264,2.2623933788848086e-07,1.4903825983523968e-07,0.00048828125,unnormalized FFT magnitude,0,0
3aeff8d50243a034,ded9733f1ca0b0c5aef552ada2d2ce9d0b10589cd3c91334feb2c71751f96825,pffft-scheduled-batch-float,spec012-confirm-02,2,float,16384,1024,1,1,throughput,steady,existing all-output numerical replay,archived-vector-counts,spectrum-norms-v1,direct DFT or binary64 FFT of matched frame bytes; direct band sums and EMA,see archived reference; precision not separately recorded,2048,2048,16779264,16779264,2.2623933788848086e-07,1.4903825983523968e-07,0.00048828125,unnormalized FFT magnitude,0,0
3aeff8d50243a034,ded9733f1ca0b0c5aef552ada2d2ce9d0b10589cd3c91334feb2c71751f96825,pffft-scheduled-batch-float,spec012-confirm-03,0,float,16384,1024,1,1,throughput,steady,existing all-output numerical replay,archived-vector-counts,spectrum-norms-v1,direct DFT or binary64 FFT of matched frame bytes; direct band sums and EMA,see archived reference; precision not separately recorded,2048,2048,16779264,16779264,2.2623933788848086e-07,1.4903825983523968e-07,0.00048828125,unnormalized FFT magnitude,0,0
3aeff8d50243a034,ded9733f1ca0b0c5aef552ada2d2ce9d0b10589cd3c91334feb2c71751f96825,pffft-scheduled-batch-float,spec012-confirm-03,1,float,16384,1024,1,1,throughput,steady,existing all-output numerical replay,archived-vector-counts,spectrum-norms-v1,direct DFT or binary64 FFT of matched frame bytes; direct band sums and EMA,see archived reference; precision not separately recorded,2048,2048,16779264,16779264,2.2623933788848086e-07,1.4903825983523968e-07,0.00048828125,unnormalized FFT magnitude,0,0
3aeff8d50243a034,ded9733f1ca0b0c5aef552ada2d2ce9d0b10589cd3c91334feb2c71751f96825,pffft-scheduled-batch-float,spec012-confirm-03,2,float,16384,1024,1,1,throughput,steady,existing all-output numerical replay,archived-vector-counts,spectrum-norms-v1,direct DFT or binary64 FFT of matched frame bytes; direct band sums and EMA,see archived reference; precision not separately recorded,2048,2048,16779264,16779264,2.2623933788848086e-07,1.4903825983523968e-07,0.00048828125,unnormalized FFT magnitude,0,0
3aeff8d50243a034,e042fb4a6528657a199673aecd6cd28e78ab8ce627f01e1bc3180204bff433af,pffft-analysis-float,spec012-confirm-01,0,float,4096,1024,1,1,callback,steady,existing all-output numerical replay,archived-vector-counts,spectrum-norms-v1,direct DFT or binary64 FFT of matched frame bytes; direct band sums and EMA,see archived reference; precision not separately recorded,2048,2048,4196352,4196352,1.651287305471812e-07,2.3812060927920297e-07,0.000244140625,unnormalized FFT magnitude,0,0
3aeff8d50243a034,e042fb4a6528657a199673aecd6cd28e78ab8ce627f01e1bc3180204bff433af,pffft-analysis-float,spec012-confirm-01,1,float,4096,1024,1,1,callback,steady,existing all-output numerical replay,archived-vector-counts,spectrum-norms-v1,direct DFT or binary64 FFT of matched frame bytes; direct band sums and EMA,see archived reference; precision not separately recorded,2048,2048,4196352,4196352,1.651287305471812e-07,2.3812060927920297e-07,0.000244140625,unnormalized FFT magnitude,0,0
3aeff8d50243a034,e042fb4a6528657a199673aecd6cd28e78ab8ce627f01e1bc3180204bff433af,pffft-analysis-float,spec012-confirm-01,2,float,4096,1024,1,1,callback,steady,existing all-output numerical replay,archived-vector-counts,spectrum-norms-v1,direct DFT or binary64 FFT of matched frame bytes; direct band sums and EMA,see archived reference; precision not separately recorded,2048,2048,4196352,4196352,1.651287305471812e-07,2.3812060927920297e-07,0.000244140625,unnormalized FFT magnitude,0,0
3aeff8d50243a034,e042fb4a6528657a199673aecd6cd28e78ab8ce627f01e1bc3180204bff433af,pffft-analysis-float,spec012-confirm-02,0,float,4096,1024,1,1,callback,steady,existing all-output numerical replay,archived-vector-counts,spectrum-norms-v1,direct DFT or binary64 FFT of matched frame bytes; direct band sums and EMA,see archived reference; precision not separately recorded,2048,2048,4196352,4196352,1.651287305471812e-07,2.3812060927920297e-07,0.000244140625,unnormalized FFT magnitude,0,0
3aeff8d50243a034,e042fb4a6528657a199673aecd6cd28e78ab8ce627f01e1bc3180204bff433af,pffft-analysis-float,spec012-confirm-02,1,float,4096,1024,1,1,callback,steady,existing all-output numerical replay,archived-vector-counts,spectrum-norms-v1,direct DFT or binary64 FFT of matched frame bytes; direct band sums and EMA,see archived reference; precision not separately recorded,2048,2048,4196352,4196352,1.651287305471812e-07,2.3812060927920297e-07,0.000244140625,unnormalized FFT magnitude,0,0
3aeff8d50243a034,e042fb4a6528657a199673aecd6cd28e78ab8ce627f01e1bc3180204bff433af,pffft-analysis-float,spec012-confirm-02,2,float,4096,1024,1,1,callback,steady,existing all-output numerical replay,archived-vector-counts,spectrum-norms-v1,direct DFT or binary64 FFT of matched frame bytes; direct band sums and EMA,see archived reference; precision not separately recorded,2048,2048,4196352,4196352,1.651287305471812e-07,2.3812060927920297e-07,0.000244140625,unnormalized FFT magnitude,0,0
3aeff8d50243a034,e042fb4a6528657a199673aecd6cd28e78ab8ce627f01e1bc3180204bff433af,pffft-analysis-float,spec012-confirm-03,0,float,4096,1024,1,1,callback,steady,existing all-output numerical replay,archived-vector-counts,spectrum-norms-v1,direct DFT or binary64 FFT of matched frame bytes; direct band sums and EMA,see archived reference; precision not separately recorded,2048,2048,4196352,4196352,1.651287305471812e-07,2.3812060927920297e-07,0.000244140625,unnormalized FFT magnitude,0,0
3aeff8d50243a034,e042fb4a6528657a199673aecd6cd28e78ab8ce627f01e1bc3180204bff433af,pffft-analysis-float,spec012-confirm-03,1,float,4096,1024,1,1,callback,steady,existing all-output numerical replay,archived-vector-counts,spectrum-norms-v1,direct DFT or binary64 FFT of matched frame bytes; direct band sums and EMA,see archived reference; precision not separately recorded,2048,2048,4196352,4196352,1.651287305471812e-07,2.3812060927920297e-07,0.000244140625,unnormalized FFT magnitude,0,0
3aeff8d50243a034,e042fb4a6528657a199673aecd6cd28e78ab8ce627f01e1bc3180204bff433af,pffft-analysis-float,spec012-confirm-03,2,float,4096,1024,1,1,callback,steady,existing all-output numerical replay,archived-vector-counts,spectrum-norms-v1,direct DFT or binary64 FFT of matched frame bytes; direct band sums and EMA,see archived reference; precision not separately recorded,2048,2048,4196352,4196352,1.651287305471812e-07,2.3812060927920297e-07,0.000244140625,unnormalized FFT magnitude,0,0
3aeff8d50243a034,e15f007a1258f6b3de943fd990597aa0bab4e6998b966cbcf95749fca7f91de4,fftw-analysis-float,spec012-confirm-01,0,float,4096,1024,1,1,callback,steady,existing all-output numerical replay,archived-vector-counts,spectrum-norms-v1,direct DFT or binary64 FFT of matched frame bytes; direct band sums and EMA,see archived reference; precision not separately recorded,2048,2048,4196352,4196352,1.878762587903074e-07,1.4897630189272903e-07,0.0001220703125,unnormalized FFT magnitude,0,0
3aeff8d50243a034,e15f007a1258f6b3de943fd990597aa0bab4e6998b966cbcf95749fca7f91de4,fftw-analysis-float,spec012-confirm-01,1,float,4096,1024,1,1,callback,steady,existing all-output numerical replay,archived-vector-counts,spectrum-norms-v1,direct DFT or binary64 FFT of matched frame bytes; direct band sums and EMA,see archived reference; precision not separately recorded,2048,2048,4196352,4196352,1.878762587903074e-07,1.4897630189272903e-07,0.0001220703125,unnormalized FFT magnitude,0,0
3aeff8d50243a034,e15f007a1258f6b3de943fd990597aa0bab4e6998b966cbcf95749fca7f91de4,fftw-analysis-float,spec012-confirm-01,2,float,4096,1024,1,1,callback,steady,existing all-output numerical replay,archived-vector-counts,spectrum-norms-v1,direct DFT or binary64 FFT of matched frame bytes; direct band sums and EMA,see archived reference; precision not separately recorded,2048,2048,4196352,4196352,1.878762587903074e-07,1.4897630189272903e-07,0.0001220703125,unnormalized FFT magnitude,0,0
3aeff8d50243a034,e15f007a1258f6b3de943fd990597aa0bab4e6998b966cbcf95749fca7f91de4,fftw-analysis-float,spec012-confirm-02,0,float,4096,1024,1,1,callback,steady,existing all-output numerical replay,archived-vector-counts,spectrum-norms-v1,direct DFT or binary64 FFT of matched frame bytes; direct band sums and EMA,see archived reference; precision not separately recorded,2048,2048,4196352,4196352,1.878762587903074e-07,1.4897630189272903e-07,0.0001220703125,unnormalized FFT magnitude,0,0
3aeff8d50243a034,e15f007a1258f6b3de943fd990597aa0bab4e6998b966cbcf95749fca7f91de4,fftw-analysis-float,spec012-confirm-02,1,float,4096,1024,1,1,callback,steady,existing all-output numerical replay,archived-vector-counts,spectrum-norms-v1,direct DFT or binary64 FFT of matched frame bytes; direct band sums and EMA,see archived reference; precision not separately recorded,2048,2048,4196352,4196352,1.878762587903074e-07,1.4897630189272903e-07,0.0001220703125,unnormalized FFT magnitude,0,0
3aeff8d50243a034,e15f007a1258f6b3de943fd990597aa0bab4e6998b966cbcf95749fca7f91de4,fftw-analysis-float,spec012-confirm-02,2,float,4096,1024,1,1,callback,steady,existing all-output numerical replay,archived-vector-counts,spectrum-norms-v1,direct DFT or binary64 FFT of matched frame bytes; direct band sums and EMA,see archived reference; precision not separately recorded,2048,2048,4196352,4196352,1.878762587903074e-07,1.4897630189272903e-07,0.0001220703125,unnormalized FFT magnitude,0,0
3aeff8d50243a034,e15f007a1258f6b3de943fd990597aa0bab4e6998b966cbcf95749fca7f91de4,fftw-analysis-float,spec012-confirm-03,0,float,4096,1024,1,1,callback,steady,existing all-output numerical replay,archived-vector-counts,spectrum-norms-v1,direct DFT or binary64 FFT of matched frame bytes; direct band sums and EMA,see archived reference; precision not separately recorded,2048,2048,4196352,4196352,1.878762587903074e-07,1.4897630189272903e-07,0.0001220703125,unnormalized FFT magnitude,0,0
3aeff8d50243a034,e15f007a1258f6b3de943fd990597aa0bab4e6998b966cbcf95749fca7f91de4,fftw-analysis-float,spec012-confirm-03,1,float,4096,1024,1,1,callback,steady,existing all-output numerical replay,archived-vector-counts,spectrum-norms-v1,direct DFT or binary64 FFT of matched frame bytes; direct band sums and EMA,see archived reference; precision not separately recorded,2048,2048,4196352,4196352,1.878762587903074e-07,1.4897630189272903e-07,0.0001220703125,unnormalized FFT magnitude,0,0
3aeff8d50243a034,e15f007a1258f6b3de943fd990597aa0bab4e6998b966cbcf95749fca7f91de4,fftw-analysis-float,spec012-confirm-03,2,float,4096,1024,1,1,callback,steady,existing all-output numerical replay,archived-vector-counts,spectrum-norms-v1,direct DFT or binary64 FFT of matched frame bytes; direct band sums and EMA,see archived reference; precision not separately recorded,2048,2048,4196352,4196352,1.878762587903074e-07,1.4897630189272903e-07,0.0001220703125,unnormalized FFT magnitude,0,0
3aeff8d50243a034,e1a254ff50538d63161c63b367df570afe685bec2f88c21c263c54cff2b1f1c4,fftw-analysis-float,spec012-confirm-01,0,float,4096,1024,1,1,throughput,steady,existing all-output numerical replay,archived-vector-counts,spectrum-norms-v1,direct DFT or binary64 FFT of matched frame bytes; direct band sums and EMA,see archived reference; precision not separately recorded,2048,2048,4196352,4196352,1.878762587903074e-07,1.4897630189272903e-07,0.0001220703125,unnormalized FFT magnitude,0,0
3aeff8d50243a034,e1a254ff50538d63161c63b367df570afe685bec2f88c21c263c54cff2b1f1c4,fftw-analysis-float,spec012-confirm-01,1,float,4096,1024,1,1,throughput,steady,existing all-output numerical replay,archived-vector-counts,spectrum-norms-v1,direct DFT or binary64 FFT of matched frame bytes; direct band sums and EMA,see archived reference; precision not separately recorded,2048,2048,4196352,4196352,1.878762587903074e-07,1.4897630189272903e-07,0.0001220703125,unnormalized FFT magnitude,0,0
3aeff8d50243a034,e1a254ff50538d63161c63b367df570afe685bec2f88c21c263c54cff2b1f1c4,fftw-analysis-float,spec012-confirm-01,2,float,4096,1024,1,1,throughput,steady,existing all-output numerical replay,archived-vector-counts,spectrum-norms-v1,direct DFT or binary64 FFT of matched frame bytes; direct band sums and EMA,see archived reference; precision not separately recorded,2048,2048,4196352,4196352,1.878762587903074e-07,1.4897630189272903e-07,0.0001220703125,unnormalized FFT magnitude,0,0
3aeff8d50243a034,e1a254ff50538d63161c63b367df570afe685bec2f88c21c263c54cff2b1f1c4,fftw-analysis-float,spec012-confirm-02,0,float,4096,1024,1,1,throughput,steady,existing all-output numerical replay,archived-vector-counts,spectrum-norms-v1,direct DFT or binary64 FFT of matched frame bytes; direct band sums and EMA,see archived reference; precision not separately recorded,2048,2048,4196352,4196352,1.878762587903074e-07,1.4897630189272903e-07,0.0001220703125,unnormalized FFT magnitude,0,0
3aeff8d50243a034,e1a254ff50538d63161c63b367df570afe685bec2f88c21c263c54cff2b1f1c4,fftw-analysis-float,spec012-confirm-02,1,float,4096,1024,1,1,throughput,steady,existing all-output numerical replay,archived-vector-counts,spectrum-norms-v1,direct DFT or binary64 FFT of matched frame bytes; direct band sums and EMA,see archived reference; precision not separately recorded,2048,2048,4196352,4196352,1.878762587903074e-07,1.4897630189272903e-07,0.0001220703125,unnormalized FFT magnitude,0,0
3aeff8d50243a034,e1a254ff50538d63161c63b367df570afe685bec2f88c21c263c54cff2b1f1c4,fftw-analysis-float,spec012-confirm-02,2,float,4096,1024,1,1,throughput,steady,existing all-output numerical replay,archived-vector-counts,spectrum-norms-v1,direct DFT or binary64 FFT of matched frame bytes; direct band sums and EMA,see archived reference; precision not separately recorded,2048,2048,4196352,4196352,1.878762587903074e-07,1.4897630189272903e-07,0.0001220703125,unnormalized FFT magnitude,0,0
3aeff8d50243a034,e1a254ff50538d63161c63b367df570afe685bec2f88c21c263c54cff2b1f1c4,fftw-analysis-float,spec012-confirm-03,0,float,4096,1024,1,1,throughput,steady,existing all-output numerical replay,archived-vector-counts,spectrum-norms-v1,direct DFT or binary64 FFT of matched frame bytes; direct band sums and EMA,see archived reference; precision not separately recorded,2048,2048,4196352,4196352,1.878762587903074e-07,1.4897630189272903e-07,0.0001220703125,unnormalized FFT magnitude,0,0
3aeff8d50243a034,e1a254ff50538d63161c63b367df570afe685bec2f88c21c263c54cff2b1f1c4,fftw-analysis-float,spec012-confirm-03,1,float,4096,1024,1,1,throughput,steady,existing all-output numerical replay,archived-vector-counts,spectrum-norms-v1,direct DFT or binary64 FFT of matched frame bytes; direct band sums and EMA,see archived reference; precision not separately recorded,2048,2048,4196352,4196352,1.878762587903074e-07,1.4897630189272903e-07,0.0001220703125,unnormalized FFT magnitude,0,0
3aeff8d50243a034,e1a254ff50538d63161c63b367df570afe685bec2f88c21c263c54cff2b1f1c4,fftw-analysis-float,spec012-confirm-03,2,float,4096,1024,1,1,throughput,steady,existing all-output numerical replay,archived-vector-counts,spectrum-norms-v1,direct DFT or binary64 FFT of matched frame bytes; direct band sums and EMA,see archived reference; precision not separately recorded,2048,2048,4196352,4196352,1.878762587903074e-07,1.4897630189272903e-07,0.0001220703125,unnormalized FFT magnitude,0,0
3aeff8d50243a034,e31876eb73d9a7c32db8f5da1813eeaf1786669fa01f0329ece0f2b6343f61e3,legacy-incremental-float,spec012-confirm-01,0,float,16384,1024,1,1,throughput,steady,full,all-publications-v1,spectrum-norms-v1,independent recursive binary64 FFT / direct DFT; matched float windows; direct bands and EMA,binary64 FFT / long-double direct DFT,2048,2048,16779264,16779264,2.314436441768113e-07,1.4903825983523968e-07,0.00048828125,unnormalized FFT magnitude,0,0
3aeff8d50243a034,e31876eb73d9a7c32db8f5da1813eeaf1786669fa01f0329ece0f2b6343f61e3,legacy-incremental-float,spec012-confirm-01,1,float,16384,1024,1,1,throughput,steady,full,all-publications-v1,spectrum-norms-v1,independent recursive binary64 FFT / direct DFT; matched float windows; direct bands and EMA,binary64 FFT / long-double direct DFT,2048,2048,16779264,16779264,2.314436441768113e-07,1.4903825983523968e-07,0.00048828125,unnormalized FFT magnitude,0,0
3aeff8d50243a034,e31876eb73d9a7c32db8f5da1813eeaf1786669fa01f0329ece0f2b6343f61e3,legacy-incremental-float,spec012-confirm-01,2,float,16384,1024,1,1,throughput,steady,full,all-publications-v1,spectrum-norms-v1,independent recursive binary64 FFT / direct DFT; matched float windows; direct bands and EMA,binary64 FFT / long-double direct DFT,2048,2048,16779264,16779264,2.314436441768113e-07,1.4903825983523968e-07,0.00048828125,unnormalized FFT magnitude,0,0
3aeff8d50243a034,e31876eb73d9a7c32db8f5da1813eeaf1786669fa01f0329ece0f2b6343f61e3,legacy-incremental-float,spec012-confirm-02,0,float,16384,1024,1,1,throughput,steady,full,all-publications-v1,spectrum-norms-v1,independent recursive binary64 FFT / direct DFT; matched float windows; direct bands and EMA,binary64 FFT / long-double direct DFT,2048,2048,16779264,16779264,2.314436441768113e-07,1.4903825983523968e-07,0.00048828125,unnormalized FFT magnitude,0,0
3aeff8d50243a034,e31876eb73d9a7c32db8f5da1813eeaf1786669fa01f0329ece0f2b6343f61e3,legacy-incremental-float,spec012-confirm-02,1,float,16384,1024,1,1,throughput,steady,full,all-publications-v1,spectrum-norms-v1,independent recursive binary64 FFT / direct DFT; matched float windows; direct bands and EMA,binary64 FFT / long-double direct DFT,2048,2048,16779264,16779264,2.314436441768113e-07,1.4903825983523968e-07,0.00048828125,unnormalized FFT magnitude,0,0
3aeff8d50243a034,e31876eb73d9a7c32db8f5da1813eeaf1786669fa01f0329ece0f2b6343f61e3,legacy-incremental-float,spec012-confirm-02,2,float,16384,1024,1,1,throughput,steady,full,all-publications-v1,spectrum-norms-v1,independent recursive binary64 FFT / direct DFT; matched float windows; direct bands and EMA,binary64 FFT / long-double direct DFT,2048,2048,16779264,16779264,2.314436441768113e-07,1.4903825983523968e-07,0.00048828125,unnormalized FFT magnitude,0,0
3aeff8d50243a034,e31876eb73d9a7c32db8f5da1813eeaf1786669fa01f0329ece0f2b6343f61e3,legacy-incremental-float,spec012-confirm-03,0,float,16384,1024,1,1,throughput,steady,full,all-publications-v1,spectrum-norms-v1,independent recursive binary64 FFT / direct DFT; matched float windows; direct bands and EMA,binary64 FFT / long-double direct DFT,2048,2048,16779264,16779264,2.314436441768113e-07,1.4903825983523968e-07,0.00048828125,unnormalized FFT magnitude,0,0
3aeff8d50243a034,e31876eb73d9a7c32db8f5da1813eeaf1786669fa01f0329ece0f2b6343f61e3,legacy-incremental-float,spec012-confirm-03,1,float,16384,1024,1,1,throughput,steady,full,all-publications-v1,spectrum-norms-v1,independent recursive binary64 FFT / direct DFT; matched float windows; direct bands and EMA,binary64 FFT / long-double direct DFT,2048,2048,16779264,16779264,2.314436441768113e-07,1.4903825983523968e-07,0.00048828125,unnormalized FFT magnitude,0,0
3aeff8d50243a034,e31876eb73d9a7c32db8f5da1813eeaf1786669fa01f0329ece0f2b6343f61e3,legacy-incremental-float,spec012-confirm-03,2,float,16384,1024,1,1,throughput,steady,full,all-publications-v1,spectrum-norms-v1,independent recursive binary64 FFT / direct DFT; matched float windows; direct bands and EMA,binary64 FFT / long-double direct DFT,2048,2048,16779264,16779264,2.314436441768113e-07,1.4903825983523968e-07,0.00048828125,unnormalized FFT magnitude,0,0
3aeff8d50243a034,e4eb2f91d00c53b16507f97b6e47cf353943648f39fa6388020d5e1fe4f73cc6,core-float,spec012-confirm-01,0,float,2048,1024,1,1,callback,steady,full,all-publications-v1,spectrum-norms-v1,independent recursive binary64 FFT / direct DFT; matched float windows; direct bands and EMA,binary64 FFT / long-double direct DFT,2048,2048,2099200,2099200,2.15934702845581e-07,2.794693895227653e-07,0.00014317035675048828,unnormalized FFT magnitude,0,0
3aeff8d50243a034,e4eb2f91d00c53b16507f97b6e47cf353943648f39fa6388020d5e1fe4f73cc6,core-float,spec012-confirm-01,1,float,2048,1024,1,1,callback,steady,full,all-publications-v1,spectrum-norms-v1,independent recursive binary64 FFT / direct DFT; matched float windows; direct bands and EMA,binary64 FFT / long-double direct DFT,2048,2048,2099200,2099200,2.15934702845581e-07,2.794693895227653e-07,0.00014317035675048828,unnormalized FFT magnitude,0,0
3aeff8d50243a034,e4eb2f91d00c53b16507f97b6e47cf353943648f39fa6388020d5e1fe4f73cc6,core-float,spec012-confirm-01,2,float,2048,1024,1,1,callback,steady,full,all-publications-v1,spectrum-norms-v1,independent recursive binary64 FFT / direct DFT; matched float windows; direct bands and EMA,binary64 FFT / long-double direct DFT,2048,2048,2099200,2099200,2.15934702845581e-07,2.794693895227653e-07,0.00014317035675048828,unnormalized FFT magnitude,0,0
3aeff8d50243a034,e4eb2f91d00c53b16507f97b6e47cf353943648f39fa6388020d5e1fe4f73cc6,core-float,spec012-confirm-02,0,float,2048,1024,1,1,callback,steady,full,all-publications-v1,spectrum-norms-v1,independent recursive binary64 FFT / direct DFT; matched float windows; direct bands and EMA,binary64 FFT / long-double direct DFT,2048,2048,2099200,2099200,2.15934702845581e-07,2.794693895227653e-07,0.00014317035675048828,unnormalized FFT magnitude,0,0
3aeff8d50243a034,e4eb2f91d00c53b16507f97b6e47cf353943648f39fa6388020d5e1fe4f73cc6,core-float,spec012-confirm-02,1,float,2048,1024,1,1,callback,steady,full,all-publications-v1,spectrum-norms-v1,independent recursive binary64 FFT / direct DFT; matched float windows; direct bands and EMA,binary64 FFT / long-double direct DFT,2048,2048,2099200,2099200,2.15934702845581e-07,2.794693895227653e-07,0.00014317035675048828,unnormalized FFT magnitude,0,0
3aeff8d50243a034,e4eb2f91d00c53b16507f97b6e47cf353943648f39fa6388020d5e1fe4f73cc6,core-float,spec012-confirm-02,2,float,2048,1024,1,1,callback,steady,full,all-publications-v1,spectrum-norms-v1,independent recursive binary64 FFT / direct DFT; matched float windows; direct bands and EMA,binary64 FFT / long-double direct DFT,2048,2048,2099200,2099200,2.15934702845581e-07,2.794693895227653e-07,0.00014317035675048828,unnormalized FFT magnitude,0,0
3aeff8d50243a034,e4eb2f91d00c53b16507f97b6e47cf353943648f39fa6388020d5e1fe4f73cc6,core-float,spec012-confirm-03,0,float,2048,1024,1,1,callback,steady,full,all-publications-v1,spectrum-norms-v1,independent recursive binary64 FFT / direct DFT; matched float windows; direct bands and EMA,binary64 FFT / long-double direct DFT,2048,2048,2099200,2099200,2.15934702845581e-07,2.794693895227653e-07,0.00014317035675048828,unnormalized FFT magnitude,0,0
3aeff8d50243a034,e4eb2f91d00c53b16507f97b6e47cf353943648f39fa6388020d5e1fe4f73cc6,core-float,spec012-confirm-03,1,float,2048,1024,1,1,callback,steady,full,all-publications-v1,spectrum-norms-v1,independent recursive binary64 FFT / direct DFT; matched float windows; direct bands and EMA,binary64 FFT / long-double direct DFT,2048,2048,2099200,2099200,2.15934702845581e-07,2.794693895227653e-07,0.00014317035675048828,unnormalized FFT magnitude,0,0
3aeff8d50243a034,e4eb2f91d00c53b16507f97b6e47cf353943648f39fa6388020d5e1fe4f73cc6,core-float,spec012-confirm-03,2,float,2048,1024,1,1,callback,steady,full,all-publications-v1,spectrum-norms-v1,independent recursive binary64 FFT / direct DFT; matched float windows; direct bands and EMA,binary64 FFT / long-double direct DFT,2048,2048,2099200,2099200,2.15934702845581e-07,2.794693895227653e-07,0.00014317035675048828,unnormalized FFT magnitude,0,0
3aeff8d50243a034,e572e8eacc237e35c2fc60a3cf65a228195d39b07a3c998287654d028b7ba281,pffft-hybrid-float,spec012-confirm-01,0,float,2048,1024,1,1,throughput,steady,existing all-output numerical replay,archived-vector-counts,spectrum-norms-v1,direct DFT or binary64 FFT of matched frame bytes; direct band sums and EMA,see archived reference; precision not separately recorded,2048,2048,2099200,2099200,1.2019560717045903e-07,1.191954924079027e-07,6.103515625e-05,unnormalized FFT magnitude,0,0
3aeff8d50243a034,e572e8eacc237e35c2fc60a3cf65a228195d39b07a3c998287654d028b7ba281,pffft-hybrid-float,spec012-confirm-01,1,float,2048,1024,1,1,throughput,steady,existing all-output numerical replay,archived-vector-counts,spectrum-norms-v1,direct DFT or binary64 FFT of matched frame bytes; direct band sums and EMA,see archived reference; precision not separately recorded,2048,2048,2099200,2099200,1.2019560717045903e-07,1.191954924079027e-07,6.103515625e-05,unnormalized FFT magnitude,0,0
3aeff8d50243a034,e572e8eacc237e35c2fc60a3cf65a228195d39b07a3c998287654d028b7ba281,pffft-hybrid-float,spec012-confirm-01,2,float,2048,1024,1,1,throughput,steady,existing all-output numerical replay,archived-vector-counts,spectrum-norms-v1,direct DFT or binary64 FFT of matched frame bytes; direct band sums and EMA,see archived reference; precision not separately recorded,2048,2048,2099200,2099200,1.2019560717045903e-07,1.191954924079027e-07,6.103515625e-05,unnormalized FFT magnitude,0,0
3aeff8d50243a034,e572e8eacc237e35c2fc60a3cf65a228195d39b07a3c998287654d028b7ba281,pffft-hybrid-float,spec012-confirm-02,0,float,2048,1024,1,1,throughput,steady,existing all-output numerical replay,archived-vector-counts,spectrum-norms-v1,direct DFT or binary64 FFT of matched frame bytes; direct band sums and EMA,see archived reference; precision not separately recorded,2048,2048,2099200,2099200,1.2019560717045903e-07,1.191954924079027e-07,6.103515625e-05,unnormalized FFT magnitude,0,0
3aeff8d50243a034,e572e8eacc237e35c2fc60a3cf65a228195d39b07a3c998287654d028b7ba281,pffft-hybrid-float,spec012-confirm-02,1,float,2048,1024,1,1,throughput,steady,existing all-output numerical replay,archived-vector-counts,spectrum-norms-v1,direct DFT or binary64 FFT of matched frame bytes; direct band sums and EMA,see archived reference; precision not separately recorded,2048,2048,2099200,2099200,1.2019560717045903e-07,1.191954924079027e-07,6.103515625e-05,unnormalized FFT magnitude,0,0
3aeff8d50243a034,e572e8eacc237e35c2fc60a3cf65a228195d39b07a3c998287654d028b7ba281,pffft-hybrid-float,spec012-confirm-02,2,float,2048,1024,1,1,throughput,steady,existing all-output numerical replay,archived-vector-counts,spectrum-norms-v1,direct DFT or binary64 FFT of matched frame bytes; direct band sums and EMA,see archived reference; precision not separately recorded,2048,2048,2099200,2099200,1.2019560717045903e-07,1.191954924079027e-07,6.103515625e-05,unnormalized FFT magnitude,0,0
3aeff8d50243a034,e572e8eacc237e35c2fc60a3cf65a228195d39b07a3c998287654d028b7ba281,pffft-hybrid-float,spec012-confirm-03,0,float,2048,1024,1,1,throughput,steady,existing all-output numerical replay,archived-vector-counts,spectrum-norms-v1,direct DFT or binary64 FFT of matched frame bytes; direct band sums and EMA,see archived reference; precision not separately recorded,2048,2048,2099200,2099200,1.2019560717045903e-07,1.191954924079027e-07,6.103515625e-05,unnormalized FFT magnitude,0,0
3aeff8d50243a034,e572e8eacc237e35c2fc60a3cf65a228195d39b07a3c998287654d028b7ba281,pffft-hybrid-float,spec012-confirm-03,1,float,2048,1024,1,1,throughput,steady,existing all-output numerical replay,archived-vector-counts,spectrum-norms-v1,direct DFT or binary64 FFT of matched frame bytes; direct band sums and EMA,see archived reference; precision not separately recorded,2048,2048,2099200,2099200,1.2019560717045903e-07,1.191954924079027e-07,6.103515625e-05,unnormalized FFT magnitude,0,0
3aeff8d50243a034,e572e8eacc237e35c2fc60a3cf65a228195d39b07a3c998287654d028b7ba281,pffft-hybrid-float,spec012-confirm-03,2,float,2048,1024,1,1,throughput,steady,existing all-output numerical replay,archived-vector-counts,spectrum-norms-v1,direct DFT or binary64 FFT of matched frame bytes; direct band sums and EMA,see archived reference; precision not separately recorded,2048,2048,2099200,2099200,1.2019560717045903e-07,1.191954924079027e-07,6.103515625e-05,unnormalized FFT magnitude,0,0
3aeff8d50243a034,e82ebb91e2fa762b64bd51e425ccd070ae43ff333265fcb2d07b731497bd6373,core-float,spec012-confirm-01,0,float,4096,1024,1,1,callback,steady,full,all-publications-v1,spectrum-norms-v1,independent recursive binary64 FFT / direct DFT; matched float windows; direct bands and EMA,binary64 FFT / long-double direct DFT,2048,2048,4196352,4196352,1.9008444915668287e-07,1.1167982614875916e-07,9.1552734375e-05,unnormalized FFT magnitude,0,0
3aeff8d50243a034,e82ebb91e2fa762b64bd51e425ccd070ae43ff333265fcb2d07b731497bd6373,core-float,spec012-confirm-01,1,float,4096,1024,1,1,callback,steady,full,all-publications-v1,spectrum-norms-v1,independent recursive binary64 FFT / direct DFT; matched float windows; direct bands and EMA,binary64 FFT / long-double direct DFT,2048,2048,4196352,4196352,1.9008444915668287e-07,1.1167982614875916e-07,9.1552734375e-05,unnormalized FFT magnitude,0,0
3aeff8d50243a034,e82ebb91e2fa762b64bd51e425ccd070ae43ff333265fcb2d07b731497bd6373,core-float,spec012-confirm-01,2,float,4096,1024,1,1,callback,steady,full,all-publications-v1,spectrum-norms-v1,independent recursive binary64 FFT / direct DFT; matched float windows; direct bands and EMA,binary64 FFT / long-double direct DFT,2048,2048,4196352,4196352,1.9008444915668287e-07,1.1167982614875916e-07,9.1552734375e-05,unnormalized FFT magnitude,0,0
3aeff8d50243a034,e82ebb91e2fa762b64bd51e425ccd070ae43ff333265fcb2d07b731497bd6373,core-float,spec012-confirm-02,0,float,4096,1024,1,1,callback,steady,full,all-publications-v1,spectrum-norms-v1,independent recursive binary64 FFT / direct DFT; matched float windows; direct bands and EMA,binary64 FFT / long-double direct DFT,2048,2048,4196352,4196352,1.9008444915668287e-07,1.1167982614875916e-07,9.1552734375e-05,unnormalized FFT magnitude,0,0
3aeff8d50243a034,e82ebb91e2fa762b64bd51e425ccd070ae43ff333265fcb2d07b731497bd6373,core-float,spec012-confirm-02,1,float,4096,1024,1,1,callback,steady,full,all-publications-v1,spectrum-norms-v1,independent recursive binary64 FFT / direct DFT; matched float windows; direct bands and EMA,binary64 FFT / long-double direct DFT,2048,2048,4196352,4196352,1.9008444915668287e-07,1.1167982614875916e-07,9.1552734375e-05,unnormalized FFT magnitude,0,0
3aeff8d50243a034,e82ebb91e2fa762b64bd51e425ccd070ae43ff333265fcb2d07b731497bd6373,core-float,spec012-confirm-02,2,float,4096,1024,1,1,callback,steady,full,all-publications-v1,spectrum-norms-v1,independent recursive binary64 FFT / direct DFT; matched float windows; direct bands and EMA,binary64 FFT / long-double direct DFT,2048,2048,4196352,4196352,1.9008444915668287e-07,1.1167982614875916e-07,9.1552734375e-05,unnormalized FFT magnitude,0,0
3aeff8d50243a034,e82ebb91e2fa762b64bd51e425ccd070ae43ff333265fcb2d07b731497bd6373,core-float,spec012-confirm-03,0,float,4096,1024,1,1,callback,steady,full,all-publications-v1,spectrum-norms-v1,independent recursive binary64 FFT / direct DFT; matched float windows; direct bands and EMA,binary64 FFT / long-double direct DFT,2048,2048,4196352,4196352,1.9008444915668287e-07,1.1167982614875916e-07,9.1552734375e-05,unnormalized FFT magnitude,0,0
3aeff8d50243a034,e82ebb91e2fa762b64bd51e425ccd070ae43ff333265fcb2d07b731497bd6373,core-float,spec012-confirm-03,1,float,4096,1024,1,1,callback,steady,full,all-publications-v1,spectrum-norms-v1,independent recursive binary64 FFT / direct DFT; matched float windows; direct bands and EMA,binary64 FFT / long-double direct DFT,2048,2048,4196352,4196352,1.9008444915668287e-07,1.1167982614875916e-07,9.1552734375e-05,unnormalized FFT magnitude,0,0
3aeff8d50243a034,e82ebb91e2fa762b64bd51e425ccd070ae43ff333265fcb2d07b731497bd6373,core-float,spec012-confirm-03,2,float,4096,1024,1,1,callback,steady,full,all-publications-v1,spectrum-norms-v1,independent recursive binary64 FFT / direct DFT; matched float windows; direct bands and EMA,binary64 FFT / long-double direct DFT,2048,2048,4196352,4196352,1.9008444915668287e-07,1.1167982614875916e-07,9.1552734375e-05,unnormalized FFT magnitude,0,0
3aeff8d50243a034,e895dde0622335bfde0c4d646cd43e70ca82e7d910b415bae2f9d5ed24324bb7,fftw-analysis-float,spec012-confirm-01,0,float,4096,1024,1,1,callback,steady,existing all-output numerical replay,archived-vector-counts,spectrum-norms-v1,direct DFT or binary64 FFT of matched frame bytes; direct band sums and EMA,see archived reference; precision not separately recorded,2048,2048,4196352,4196352,1.727469162690182e-07,2.3812060927920297e-07,0.000244140625,unnormalized FFT magnitude,0,0
3aeff8d50243a034,e895dde0622335bfde0c4d646cd43e70ca82e7d910b415bae2f9d5ed24324bb7,fftw-analysis-float,spec012-confirm-01,1,float,4096,1024,1,1,callback,steady,existing all-output numerical replay,archived-vector-counts,spectrum-norms-v1,direct DFT or binary64 FFT of matched frame bytes; direct band sums and EMA,see archived reference; precision not separately recorded,2048,2048,4196352,4196352,1.727469162690182e-07,2.3812060927920297e-07,0.000244140625,unnormalized FFT magnitude,0,0
3aeff8d50243a034,e895dde0622335bfde0c4d646cd43e70ca82e7d910b415bae2f9d5ed24324bb7,fftw-analysis-float,spec012-confirm-01,2,float,4096,1024,1,1,callback,steady,existing all-output numerical replay,archived-vector-counts,spectrum-norms-v1,direct DFT or binary64 FFT of matched frame bytes; direct band sums and EMA,see archived reference; precision not separately recorded,2048,2048,4196352,4196352,1.727469162690182e-07,2.3812060927920297e-07,0.000244140625,unnormalized FFT magnitude,0,0
3aeff8d50243a034,e895dde0622335bfde0c4d646cd43e70ca82e7d910b415bae2f9d5ed24324bb7,fftw-analysis-float,spec012-confirm-02,0,float,4096,1024,1,1,callback,steady,existing all-output numerical replay,archived-vector-counts,spectrum-norms-v1,direct DFT or binary64 FFT of matched frame bytes; direct band sums and EMA,see archived reference; precision not separately recorded,2048,2048,4196352,4196352,1.727469162690182e-07,2.3812060927920297e-07,0.000244140625,unnormalized FFT magnitude,0,0
3aeff8d50243a034,e895dde0622335bfde0c4d646cd43e70ca82e7d910b415bae2f9d5ed24324bb7,fftw-analysis-float,spec012-confirm-02,1,float,4096,1024,1,1,callback,steady,existing all-output numerical replay,archived-vector-counts,spectrum-norms-v1,direct DFT or binary64 FFT of matched frame bytes; direct band sums and EMA,see archived reference; precision not separately recorded,2048,2048,4196352,4196352,1.727469162690182e-07,2.3812060927920297e-07,0.000244140625,unnormalized FFT magnitude,0,0
3aeff8d50243a034,e895dde0622335bfde0c4d646cd43e70ca82e7d910b415bae2f9d5ed24324bb7,fftw-analysis-float,spec012-confirm-02,2,float,4096,1024,1,1,callback,steady,existing all-output numerical replay,archived-vector-counts,spectrum-norms-v1,direct DFT or binary64 FFT of matched frame bytes; direct band sums and EMA,see archived reference; precision not separately recorded,2048,2048,4196352,4196352,1.727469162690182e-07,2.3812060927920297e-07,0.000244140625,unnormalized FFT magnitude,0,0
3aeff8d50243a034,e895dde0622335bfde0c4d646cd43e70ca82e7d910b415bae2f9d5ed24324bb7,fftw-analysis-float,spec012-confirm-03,0,float,4096,1024,1,1,callback,steady,existing all-output numerical replay,archived-vector-counts,spectrum-norms-v1,direct DFT or binary64 FFT of matched frame bytes; direct band sums and EMA,see archived reference; precision not separately recorded,2048,2048,4196352,4196352,1.727469162690182e-07,2.3812060927920297e-07,0.000244140625,unnormalized FFT magnitude,0,0
3aeff8d50243a034,e895dde0622335bfde0c4d646cd43e70ca82e7d910b415bae2f9d5ed24324bb7,fftw-analysis-float,spec012-confirm-03,1,float,4096,1024,1,1,callback,steady,existing all-output numerical replay,archived-vector-counts,spectrum-norms-v1,direct DFT or binary64 FFT of matched frame bytes; direct band sums and EMA,see archived reference; precision not separately recorded,2048,2048,4196352,4196352,1.727469162690182e-07,2.3812060927920297e-07,0.000244140625,unnormalized FFT magnitude,0,0
3aeff8d50243a034,e895dde0622335bfde0c4d646cd43e70ca82e7d910b415bae2f9d5ed24324bb7,fftw-analysis-float,spec012-confirm-03,2,float,4096,1024,1,1,callback,steady,existing all-output numerical replay,archived-vector-counts,spectrum-norms-v1,direct DFT or binary64 FFT of matched frame bytes; direct band sums and EMA,see archived reference; precision not separately recorded,2048,2048,4196352,4196352,1.727469162690182e-07,2.3812060927920297e-07,0.000244140625,unnormalized FFT magnitude,0,0
3aeff8d50243a034,eaa641f8fe4cd93a600e28ebb5652ae9720967628947d855f51691595523dac5,pffft-scheduled-batch-float,spec012-confirm-01,0,float,4096,1024,1,1,callback,steady,existing all-output numerical replay,archived-vector-counts,spectrum-norms-v1,direct DFT or binary64 FFT of matched frame bytes; direct band sums and EMA,see archived reference; precision not separately recorded,2048,2048,4196352,4196352,2.0198579984200523e-07,1.4903790443764086e-07,0.0001220703125,unnormalized FFT magnitude,0,0
3aeff8d50243a034,eaa641f8fe4cd93a600e28ebb5652ae9720967628947d855f51691595523dac5,pffft-scheduled-batch-float,spec012-confirm-01,1,float,4096,1024,1,1,callback,steady,existing all-output numerical replay,archived-vector-counts,spectrum-norms-v1,direct DFT or binary64 FFT of matched frame bytes; direct band sums and EMA,see archived reference; precision not separately recorded,2048,2048,4196352,4196352,2.0198579984200523e-07,1.4903790443764086e-07,0.0001220703125,unnormalized FFT magnitude,0,0
3aeff8d50243a034,eaa641f8fe4cd93a600e28ebb5652ae9720967628947d855f51691595523dac5,pffft-scheduled-batch-float,spec012-confirm-01,2,float,4096,1024,1,1,callback,steady,existing all-output numerical replay,archived-vector-counts,spectrum-norms-v1,direct DFT or binary64 FFT of matched frame bytes; direct band sums and EMA,see archived reference; precision not separately recorded,2048,2048,4196352,4196352,2.0198579984200523e-07,1.4903790443764086e-07,0.0001220703125,unnormalized FFT magnitude,0,0
3aeff8d50243a034,eaa641f8fe4cd93a600e28ebb5652ae9720967628947d855f51691595523dac5,pffft-scheduled-batch-float,spec012-confirm-02,0,float,4096,1024,1,1,callback,steady,existing all-output numerical replay,archived-vector-counts,spectrum-norms-v1,direct DFT or binary64 FFT of matched frame bytes; direct band sums and EMA,see archived reference; precision not separately recorded,2048,2048,4196352,4196352,2.0198579984200523e-07,1.4903790443764086e-07,0.0001220703125,unnormalized FFT magnitude,0,0
3aeff8d50243a034,eaa641f8fe4cd93a600e28ebb5652ae9720967628947d855f51691595523dac5,pffft-scheduled-batch-float,spec012-confirm-02,1,float,4096,1024,1,1,callback,steady,existing all-output numerical replay,archived-vector-counts,spectrum-norms-v1,direct DFT or binary64 FFT of matched frame bytes; direct band sums and EMA,see archived reference; precision not separately recorded,2048,2048,4196352,4196352,2.0198579984200523e-07,1.4903790443764086e-07,0.0001220703125,unnormalized FFT magnitude,0,0
3aeff8d50243a034,eaa641f8fe4cd93a600e28ebb5652ae9720967628947d855f51691595523dac5,pffft-scheduled-batch-float,spec012-confirm-02,2,float,4096,1024,1,1,callback,steady,existing all-output numerical replay,archived-vector-counts,spectrum-norms-v1,direct DFT or binary64 FFT of matched frame bytes; direct band sums and EMA,see archived reference; precision not separately recorded,2048,2048,4196352,4196352,2.0198579984200523e-07,1.4903790443764086e-07,0.0001220703125,unnormalized FFT magnitude,0,0
3aeff8d50243a034,eaa641f8fe4cd93a600e28ebb5652ae9720967628947d855f51691595523dac5,pffft-scheduled-batch-float,spec012-confirm-03,0,float,4096,1024,1,1,callback,steady,existing all-output numerical replay,archived-vector-counts,spectrum-norms-v1,direct DFT or binary64 FFT of matched frame bytes; direct band sums and EMA,see archived reference; precision not separately recorded,2048,2048,4196352,4196352,2.0198579984200523e-07,1.4903790443764086e-07,0.0001220703125,unnormalized FFT magnitude,0,0
3aeff8d50243a034,eaa641f8fe4cd93a600e28ebb5652ae9720967628947d855f51691595523dac5,pffft-scheduled-batch-float,spec012-confirm-03,1,float,4096,1024,1,1,callback,steady,existing all-output numerical replay,archived-vector-counts,spectrum-norms-v1,direct DFT or binary64 FFT of matched frame bytes; direct band sums and EMA,see archived reference; precision not separately recorded,2048,2048,4196352,4196352,2.0198579984200523e-07,1.4903790443764086e-07,0.0001220703125,unnormalized FFT magnitude,0,0
3aeff8d50243a034,eaa641f8fe4cd93a600e28ebb5652ae9720967628947d855f51691595523dac5,pffft-scheduled-batch-float,spec012-confirm-03,2,float,4096,1024,1,1,callback,steady,existing all-output numerical replay,archived-vector-counts,spectrum-norms-v1,direct DFT or binary64 FFT of matched frame bytes; direct band sums and EMA,see archived reference; precision not separately recorded,2048,2048,4196352,4196352,2.0198579984200523e-07,1.4903790443764086e-07,0.0001220703125,unnormalized FFT magnitude,0,0
3aeff8d50243a034,eb1f333535692ec7378806354b6f2a831f4154472f48773f6648b0b14ce65ba2,pffft-analysis-float,spec012-confirm-01,0,float,2048,1024,1,1,callback,steady,existing all-output numerical replay,archived-vector-counts,spectrum-norms-v1,direct DFT or binary64 FFT of matched frame bytes; direct band sums and EMA,see archived reference; precision not separately recorded,2048,2048,2099200,2099200,1.8753119135637531e-07,2.2363801652461304e-07,9.1552734375e-05,unnormalized FFT magnitude,0,0
3aeff8d50243a034,eb1f333535692ec7378806354b6f2a831f4154472f48773f6648b0b14ce65ba2,pffft-analysis-float,spec012-confirm-01,1,float,2048,1024,1,1,callback,steady,existing all-output numerical replay,archived-vector-counts,spectrum-norms-v1,direct DFT or binary64 FFT of matched frame bytes; direct band sums and EMA,see archived reference; precision not separately recorded,2048,2048,2099200,2099200,1.8753119135637531e-07,2.2363801652461304e-07,9.1552734375e-05,unnormalized FFT magnitude,0,0
3aeff8d50243a034,eb1f333535692ec7378806354b6f2a831f4154472f48773f6648b0b14ce65ba2,pffft-analysis-float,spec012-confirm-01,2,float,2048,1024,1,1,callback,steady,existing all-output numerical replay,archived-vector-counts,spectrum-norms-v1,direct DFT or binary64 FFT of matched frame bytes; direct band sums and EMA,see archived reference; precision not separately recorded,2048,2048,2099200,2099200,1.8753119135637531e-07,2.2363801652461304e-07,9.1552734375e-05,unnormalized FFT magnitude,0,0
3aeff8d50243a034,eb1f333535692ec7378806354b6f2a831f4154472f48773f6648b0b14ce65ba2,pffft-analysis-float,spec012-confirm-02,0,float,2048,1024,1,1,callback,steady,existing all-output numerical replay,archived-vector-counts,spectrum-norms-v1,direct DFT or binary64 FFT of matched frame bytes; direct band sums and EMA,see archived reference; precision not separately recorded,2048,2048,2099200,2099200,1.8753119135637531e-07,2.2363801652461304e-07,9.1552734375e-05,unnormalized FFT magnitude,0,0
3aeff8d50243a034,eb1f333535692ec7378806354b6f2a831f4154472f48773f6648b0b14ce65ba2,pffft-analysis-float,spec012-confirm-02,1,float,2048,1024,1,1,callback,steady,existing all-output numerical replay,archived-vector-counts,spectrum-norms-v1,direct DFT or binary64 FFT of matched frame bytes; direct band sums and EMA,see archived reference; precision not separately recorded,2048,2048,2099200,2099200,1.8753119135637531e-07,2.2363801652461304e-07,9.1552734375e-05,unnormalized FFT magnitude,0,0
3aeff8d50243a034,eb1f333535692ec7378806354b6f2a831f4154472f48773f6648b0b14ce65ba2,pffft-analysis-float,spec012-confirm-02,2,float,2048,1024,1,1,callback,steady,existing all-output numerical replay,archived-vector-counts,spectrum-norms-v1,direct DFT or binary64 FFT of matched frame bytes; direct band sums and EMA,see archived reference; precision not separately recorded,2048,2048,2099200,2099200,1.8753119135637531e-07,2.2363801652461304e-07,9.1552734375e-05,unnormalized FFT magnitude,0,0
3aeff8d50243a034,eb1f333535692ec7378806354b6f2a831f4154472f48773f6648b0b14ce65ba2,pffft-analysis-float,spec012-confirm-03,0,float,2048,1024,1,1,callback,steady,existing all-output numerical replay,archived-vector-counts,spectrum-norms-v1,direct DFT or binary64 FFT of matched frame bytes; direct band sums and EMA,see archived reference; precision not separately recorded,2048,2048,2099200,2099200,1.8753119135637531e-07,2.2363801652461304e-07,9.1552734375e-05,unnormalized FFT magnitude,0,0
3aeff8d50243a034,eb1f333535692ec7378806354b6f2a831f4154472f48773f6648b0b14ce65ba2,pffft-analysis-float,spec012-confirm-03,1,float,2048,1024,1,1,callback,steady,existing all-output numerical replay,archived-vector-counts,spectrum-norms-v1,direct DFT or binary64 FFT of matched frame bytes; direct band sums and EMA,see archived reference; precision not separately recorded,2048,2048,2099200,2099200,1.8753119135637531e-07,2.2363801652461304e-07,9.1552734375e-05,unnormalized FFT magnitude,0,0
3aeff8d50243a034,eb1f333535692ec7378806354b6f2a831f4154472f48773f6648b0b14ce65ba2,pffft-analysis-float,spec012-confirm-03,2,float,2048,1024,1,1,callback,steady,existing all-output numerical replay,archived-vector-counts,spectrum-norms-v1,direct DFT or binary64 FFT of matched frame bytes; direct band sums and EMA,see archived reference; precision not separately recorded,2048,2048,2099200,2099200,1.8753119135637531e-07,2.2363801652461304e-07,9.1552734375e-05,unnormalized FFT magnitude,0,0
3aeff8d50243a034,ebd1ea364d33c774602d87a22a5930d3bbc3477adaf72599172c8bee8b5f1f87,pffft-analysis-float,spec012-confirm-01,0,float,16384,1024,1,1,throughput,steady,existing all-output numerical replay,archived-vector-counts,spectrum-norms-v1,direct DFT or binary64 FFT of matched frame bytes; direct band sums and EMA,see archived reference; precision not separately recorded,2048,2048,16779264,16779264,2.2623933788848086e-07,1.4903825983523968e-07,0.00048828125,unnormalized FFT magnitude,0,0
3aeff8d50243a034,ebd1ea364d33c774602d87a22a5930d3bbc3477adaf72599172c8bee8b5f1f87,pffft-analysis-float,spec012-confirm-01,1,float,16384,1024,1,1,throughput,steady,existing all-output numerical replay,archived-vector-counts,spectrum-norms-v1,direct DFT or binary64 FFT of matched frame bytes; direct band sums and EMA,see archived reference; precision not separately recorded,2048,2048,16779264,16779264,2.2623933788848086e-07,1.4903825983523968e-07,0.00048828125,unnormalized FFT magnitude,0,0
3aeff8d50243a034,ebd1ea364d33c774602d87a22a5930d3bbc3477adaf72599172c8bee8b5f1f87,pffft-analysis-float,spec012-confirm-01,2,float,16384,1024,1,1,throughput,steady,existing all-output numerical replay,archived-vector-counts,spectrum-norms-v1,direct DFT or binary64 FFT of matched frame bytes; direct band sums and EMA,see archived reference; precision not separately recorded,2048,2048,16779264,16779264,2.2623933788848086e-07,1.4903825983523968e-07,0.00048828125,unnormalized FFT magnitude,0,0
3aeff8d50243a034,ebd1ea364d33c774602d87a22a5930d3bbc3477adaf72599172c8bee8b5f1f87,pffft-analysis-float,spec012-confirm-02,0,float,16384,1024,1,1,throughput,steady,existing all-output numerical replay,archived-vector-counts,spectrum-norms-v1,direct DFT or binary64 FFT of matched frame bytes; direct band sums and EMA,see archived reference; precision not separately recorded,2048,2048,16779264,16779264,2.2623933788848086e-07,1.4903825983523968e-07,0.00048828125,unnormalized FFT magnitude,0,0
3aeff8d50243a034,ebd1ea364d33c774602d87a22a5930d3bbc3477adaf72599172c8bee8b5f1f87,pffft-analysis-float,spec012-confirm-02,1,float,16384,1024,1,1,throughput,steady,existing all-output numerical replay,archived-vector-counts,spectrum-norms-v1,direct DFT or binary64 FFT of matched frame bytes; direct band sums and EMA,see archived reference; precision not separately recorded,2048,2048,16779264,16779264,2.2623933788848086e-07,1.4903825983523968e-07,0.00048828125,unnormalized FFT magnitude,0,0
3aeff8d50243a034,ebd1ea364d33c774602d87a22a5930d3bbc3477adaf72599172c8bee8b5f1f87,pffft-analysis-float,spec012-confirm-02,2,float,16384,1024,1,1,throughput,steady,existing all-output numerical replay,archived-vector-counts,spectrum-norms-v1,direct DFT or binary64 FFT of matched frame bytes; direct band sums and EMA,see archived reference; precision not separately recorded,2048,2048,16779264,16779264,2.2623933788848086e-07,1.4903825983523968e-07,0.00048828125,unnormalized FFT magnitude,0,0
3aeff8d50243a034,ebd1ea364d33c774602d87a22a5930d3bbc3477adaf72599172c8bee8b5f1f87,pffft-analysis-float,spec012-confirm-03,0,float,16384,1024,1,1,throughput,steady,existing all-output numerical replay,archived-vector-counts,spectrum-norms-v1,direct DFT or binary64 FFT of matched frame bytes; direct band sums and EMA,see archived reference; precision not separately recorded,2048,2048,16779264,16779264,2.2623933788848086e-07,1.4903825983523968e-07,0.00048828125,unnormalized FFT magnitude,0,0
3aeff8d50243a034,ebd1ea364d33c774602d87a22a5930d3bbc3477adaf72599172c8bee8b5f1f87,pffft-analysis-float,spec012-confirm-03,1,float,16384,1024,1,1,throughput,steady,existing all-output numerical replay,archived-vector-counts,spectrum-norms-v1,direct DFT or binary64 FFT of matched frame bytes; direct band sums and EMA,see archived reference; precision not separately recorded,2048,2048,16779264,16779264,2.2623933788848086e-07,1.4903825983523968e-07,0.00048828125,unnormalized FFT magnitude,0,0
3aeff8d50243a034,ebd1ea364d33c774602d87a22a5930d3bbc3477adaf72599172c8bee8b5f1f87,pffft-analysis-float,spec012-confirm-03,2,float,16384,1024,1,1,throughput,steady,existing all-output numerical replay,archived-vector-counts,spectrum-norms-v1,direct DFT or binary64 FFT of matched frame bytes; direct band sums and EMA,see archived reference; precision not separately recorded,2048,2048,16779264,16779264,2.2623933788848086e-07,1.4903825983523968e-07,0.00048828125,unnormalized FFT magnitude,0,0
3aeff8d50243a034,ec9875008668ff19092d3bc3ae19520fad5527cf28520d0cdfb3e7fc0a4073d8,vdsp-analysis-float,spec012-confirm-01,0,float,16384,1024,1,1,throughput,steady,existing all-output numerical replay,archived-vector-counts,spectrum-norms-v1,direct DFT or binary64 FFT of matched frame bytes; direct band sums and EMA,see archived reference; precision not separately recorded,2048,2048,16779264,16779264,2.29211784893951e-07,1.4903825983523968e-07,0.00048828125,unnormalized FFT magnitude,0,0
3aeff8d50243a034,ec9875008668ff19092d3bc3ae19520fad5527cf28520d0cdfb3e7fc0a4073d8,vdsp-analysis-float,spec012-confirm-01,1,float,16384,1024,1,1,throughput,steady,existing all-output numerical replay,archived-vector-counts,spectrum-norms-v1,direct DFT or binary64 FFT of matched frame bytes; direct band sums and EMA,see archived reference; precision not separately recorded,2048,2048,16779264,16779264,2.29211784893951e-07,1.4903825983523968e-07,0.00048828125,unnormalized FFT magnitude,0,0
3aeff8d50243a034,ec9875008668ff19092d3bc3ae19520fad5527cf28520d0cdfb3e7fc0a4073d8,vdsp-analysis-float,spec012-confirm-01,2,float,16384,1024,1,1,throughput,steady,existing all-output numerical replay,archived-vector-counts,spectrum-norms-v1,direct DFT or binary64 FFT of matched frame bytes; direct band sums and EMA,see archived reference; precision not separately recorded,2048,2048,16779264,16779264,2.29211784893951e-07,1.4903825983523968e-07,0.00048828125,unnormalized FFT magnitude,0,0
3aeff8d50243a034,ec9875008668ff19092d3bc3ae19520fad5527cf28520d0cdfb3e7fc0a4073d8,vdsp-analysis-float,spec012-confirm-02,0,float,16384,1024,1,1,throughput,steady,existing all-output numerical replay,archived-vector-counts,spectrum-norms-v1,direct DFT or binary64 FFT of matched frame bytes; direct band sums and EMA,see archived reference; precision not separately recorded,2048,2048,16779264,16779264,2.29211784893951e-07,1.4903825983523968e-07,0.00048828125,unnormalized FFT magnitude,0,0
3aeff8d50243a034,ec9875008668ff19092d3bc3ae19520fad5527cf28520d0cdfb3e7fc0a4073d8,vdsp-analysis-float,spec012-confirm-02,1,float,16384,1024,1,1,throughput,steady,existing all-output numerical replay,archived-vector-counts,spectrum-norms-v1,direct DFT or binary64 FFT of matched frame bytes; direct band sums and EMA,see archived reference; precision not separately recorded,2048,2048,16779264,16779264,2.29211784893951e-07,1.4903825983523968e-07,0.00048828125,unnormalized FFT magnitude,0,0
3aeff8d50243a034,ec9875008668ff19092d3bc3ae19520fad5527cf28520d0cdfb3e7fc0a4073d8,vdsp-analysis-float,spec012-confirm-02,2,float,16384,1024,1,1,throughput,steady,existing all-output numerical replay,archived-vector-counts,spectrum-norms-v1,direct DFT or binary64 FFT of matched frame bytes; direct band sums and EMA,see archived reference; precision not separately recorded,2048,2048,16779264,16779264,2.29211784893951e-07,1.4903825983523968e-07,0.00048828125,unnormalized FFT magnitude,0,0
3aeff8d50243a034,ec9875008668ff19092d3bc3ae19520fad5527cf28520d0cdfb3e7fc0a4073d8,vdsp-analysis-float,spec012-confirm-03,0,float,16384,1024,1,1,throughput,steady,existing all-output numerical replay,archived-vector-counts,spectrum-norms-v1,direct DFT or binary64 FFT of matched frame bytes; direct band sums and EMA,see archived reference; precision not separately recorded,2048,2048,16779264,16779264,2.29211784893951e-07,1.4903825983523968e-07,0.00048828125,unnormalized FFT magnitude,0,0
3aeff8d50243a034,ec9875008668ff19092d3bc3ae19520fad5527cf28520d0cdfb3e7fc0a4073d8,vdsp-analysis-float,spec012-confirm-03,1,float,16384,1024,1,1,throughput,steady,existing all-output numerical replay,archived-vector-counts,spectrum-norms-v1,direct DFT or binary64 FFT of matched frame bytes; direct band sums and EMA,see archived reference; precision not separately recorded,2048,2048,16779264,16779264,2.29211784893951e-07,1.4903825983523968e-07,0.00048828125,unnormalized FFT magnitude,0,0
3aeff8d50243a034,ec9875008668ff19092d3bc3ae19520fad5527cf28520d0cdfb3e7fc0a4073d8,vdsp-analysis-float,spec012-confirm-03,2,float,16384,1024,1,1,throughput,steady,existing all-output numerical replay,archived-vector-counts,spectrum-norms-v1,direct DFT or binary64 FFT of matched frame bytes; direct band sums and EMA,see archived reference; precision not separately recorded,2048,2048,16779264,16779264,2.29211784893951e-07,1.4903825983523968e-07,0.00048828125,unnormalized FFT magnitude,0,0
3aeff8d50243a034,ed4933785442879c619e9a9ccbeafc6b2d022438b626a1157c8080ae19eb9119,pffft-analysis-float,spec012-confirm-01,0,float,16384,1024,1,1,callback,steady,existing all-output numerical replay,archived-vector-counts,spectrum-norms-v1,direct DFT or binary64 FFT of matched frame bytes; direct band sums and EMA,see archived reference; precision not separately recorded,2048,2048,16779264,16779264,1.222607767483183e-07,1.1919512301234683e-07,0.00048828125,unnormalized FFT magnitude,0,32
3aeff8d50243a034,ed4933785442879c619e9a9ccbeafc6b2d022438b626a1157c8080ae19eb9119,pffft-analysis-float,spec012-confirm-01,1,float,16384,1024,1,1,callback,steady,existing all-output numerical replay,archived-vector-counts,spectrum-norms-v1,direct DFT or binary64 FFT of matched frame bytes; direct band sums and EMA,see archived reference; precision not separately recorded,2048,2048,16779264,16779264,1.222607767483183e-07,1.1919512301234683e-07,0.00048828125,unnormalized FFT magnitude,0,32
3aeff8d50243a034,ed4933785442879c619e9a9ccbeafc6b2d022438b626a1157c8080ae19eb9119,pffft-analysis-float,spec012-confirm-01,2,float,16384,1024,1,1,callback,steady,existing all-output numerical replay,archived-vector-counts,spectrum-norms-v1,direct DFT or binary64 FFT of matched frame bytes; direct band sums and EMA,see archived reference; precision not separately recorded,2048,2048,16779264,16779264,1.222607767483183e-07,1.1919512301234683e-07,0.00048828125,unnormalized FFT magnitude,0,32
3aeff8d50243a034,ed4933785442879c619e9a9ccbeafc6b2d022438b626a1157c8080ae19eb9119,pffft-analysis-float,spec012-confirm-02,0,float,16384,1024,1,1,callback,steady,existing all-output numerical replay,archived-vector-counts,spectrum-norms-v1,direct DFT or binary64 FFT of matched frame bytes; direct band sums and EMA,see archived reference; precision not separately recorded,2048,2048,16779264,16779264,1.222607767483183e-07,1.1919512301234683e-07,0.00048828125,unnormalized FFT magnitude,0,32
3aeff8d50243a034,ed4933785442879c619e9a9ccbeafc6b2d022438b626a1157c8080ae19eb9119,pffft-analysis-float,spec012-confirm-02,1,float,16384,1024,1,1,callback,steady,existing all-output numerical replay,archived-vector-counts,spectrum-norms-v1,direct DFT or binary64 FFT of matched frame bytes; direct band sums and EMA,see archived reference; precision not separately recorded,2048,2048,16779264,16779264,1.222607767483183e-07,1.1919512301234683e-07,0.00048828125,unnormalized FFT magnitude,0,32
3aeff8d50243a034,ed4933785442879c619e9a9ccbeafc6b2d022438b626a1157c8080ae19eb9119,pffft-analysis-float,spec012-confirm-02,2,float,16384,1024,1,1,callback,steady,existing all-output numerical replay,archived-vector-counts,spectrum-norms-v1,direct DFT or binary64 FFT of matched frame bytes; direct band sums and EMA,see archived reference; precision not separately recorded,2048,2048,16779264,16779264,1.222607767483183e-07,1.1919512301234683e-07,0.00048828125,unnormalized FFT magnitude,0,32
3aeff8d50243a034,ed4933785442879c619e9a9ccbeafc6b2d022438b626a1157c8080ae19eb9119,pffft-analysis-float,spec012-confirm-03,0,float,16384,1024,1,1,callback,steady,existing all-output numerical replay,archived-vector-counts,spectrum-norms-v1,direct DFT or binary64 FFT of matched frame bytes; direct band sums and EMA,see archived reference; precision not separately recorded,2048,2048,16779264,16779264,1.222607767483183e-07,1.1919512301234683e-07,0.00048828125,unnormalized FFT magnitude,0,32
3aeff8d50243a034,ed4933785442879c619e9a9ccbeafc6b2d022438b626a1157c8080ae19eb9119,pffft-analysis-float,spec012-confirm-03,1,float,16384,1024,1,1,callback,steady,existing all-output numerical replay,archived-vector-counts,spectrum-norms-v1,direct DFT or binary64 FFT of matched frame bytes; direct band sums and EMA,see archived reference; precision not separately recorded,2048,2048,16779264,16779264,1.222607767483183e-07,1.1919512301234683e-07,0.00048828125,unnormalized FFT magnitude,0,32
3aeff8d50243a034,ed4933785442879c619e9a9ccbeafc6b2d022438b626a1157c8080ae19eb9119,pffft-analysis-float,spec012-confirm-03,2,float,16384,1024,1,1,callback,steady,existing all-output numerical replay,archived-vector-counts,spectrum-norms-v1,direct DFT or binary64 FFT of matched frame bytes; direct band sums and EMA,see archived reference; precision not separately recorded,2048,2048,16779264,16779264,1.222607767483183e-07,1.1919512301234683e-07,0.00048828125,unnormalized FFT magnitude,0,32
3aeff8d50243a034,ed55d13be08d14750c6f01bec8ca8e53c999810a33808209c579a8b01c631b51,vdsp-analysis-float,spec012-confirm-01,0,float,4096,1024,1,1,callback,steady,existing all-output numerical replay,archived-vector-counts,spectrum-norms-v1,direct DFT or binary64 FFT of matched frame bytes; direct band sums and EMA,see archived reference; precision not separately recorded,2048,2048,4196352,4196352,2.2521929735415193e-07,1.49122636965414e-07,0.0001220703125,unnormalized FFT magnitude,0,0
3aeff8d50243a034,ed55d13be08d14750c6f01bec8ca8e53c999810a33808209c579a8b01c631b51,vdsp-analysis-float,spec012-confirm-01,1,float,4096,1024,1,1,callback,steady,existing all-output numerical replay,archived-vector-counts,spectrum-norms-v1,direct DFT or binary64 FFT of matched frame bytes; direct band sums and EMA,see archived reference; precision not separately recorded,2048,2048,4196352,4196352,2.2521929735415193e-07,1.49122636965414e-07,0.0001220703125,unnormalized FFT magnitude,0,0
3aeff8d50243a034,ed55d13be08d14750c6f01bec8ca8e53c999810a33808209c579a8b01c631b51,vdsp-analysis-float,spec012-confirm-01,2,float,4096,1024,1,1,callback,steady,existing all-output numerical replay,archived-vector-counts,spectrum-norms-v1,direct DFT or binary64 FFT of matched frame bytes; direct band sums and EMA,see archived reference; precision not separately recorded,2048,2048,4196352,4196352,2.2521929735415193e-07,1.49122636965414e-07,0.0001220703125,unnormalized FFT magnitude,0,0
3aeff8d50243a034,ed55d13be08d14750c6f01bec8ca8e53c999810a33808209c579a8b01c631b51,vdsp-analysis-float,spec012-confirm-02,0,float,4096,1024,1,1,callback,steady,existing all-output numerical replay,archived-vector-counts,spectrum-norms-v1,direct DFT or binary64 FFT of matched frame bytes; direct band sums and EMA,see archived reference; precision not separately recorded,2048,2048,4196352,4196352,2.2521929735415193e-07,1.49122636965414e-07,0.0001220703125,unnormalized FFT magnitude,0,0
3aeff8d50243a034,ed55d13be08d14750c6f01bec8ca8e53c999810a33808209c579a8b01c631b51,vdsp-analysis-float,spec012-confirm-02,1,float,4096,1024,1,1,callback,steady,existing all-output numerical replay,archived-vector-counts,spectrum-norms-v1,direct DFT or binary64 FFT of matched frame bytes; direct band sums and EMA,see archived reference; precision not separately recorded,2048,2048,4196352,4196352,2.2521929735415193e-07,1.49122636965414e-07,0.0001220703125,unnormalized FFT magnitude,0,0
3aeff8d50243a034,ed55d13be08d14750c6f01bec8ca8e53c999810a33808209c579a8b01c631b51,vdsp-analysis-float,spec012-confirm-02,2,float,4096,1024,1,1,callback,steady,existing all-output numerical replay,archived-vector-counts,spectrum-norms-v1,direct DFT or binary64 FFT of matched frame bytes; direct band sums and EMA,see archived reference; precision not separately recorded,2048,2048,4196352,4196352,2.2521929735415193e-07,1.49122636965414e-07,0.0001220703125,unnormalized FFT magnitude,0,0
3aeff8d50243a034,ed55d13be08d14750c6f01bec8ca8e53c999810a33808209c579a8b01c631b51,vdsp-analysis-float,spec012-confirm-03,0,float,4096,1024,1,1,callback,steady,existing all-output numerical replay,archived-vector-counts,spectrum-norms-v1,direct DFT or binary64 FFT of matched frame bytes; direct band sums and EMA,see archived reference; precision not separately recorded,2048,2048,4196352,4196352,2.2521929735415193e-07,1.49122636965414e-07,0.0001220703125,unnormalized FFT magnitude,0,0
3aeff8d50243a034,ed55d13be08d14750c6f01bec8ca8e53c999810a33808209c579a8b01c631b51,vdsp-analysis-float,spec012-confirm-03,1,float,4096,1024,1,1,callback,steady,existing all-output numerical replay,archived-vector-counts,spectrum-norms-v1,direct DFT or binary64 FFT of matched frame bytes; direct band sums and EMA,see archived reference; precision not separately recorded,2048,2048,4196352,4196352,2.2521929735415193e-07,1.49122636965414e-07,0.0001220703125,unnormalized FFT magnitude,0,0
3aeff8d50243a034,ed55d13be08d14750c6f01bec8ca8e53c999810a33808209c579a8b01c631b51,vdsp-analysis-float,spec012-confirm-03,2,float,4096,1024,1,1,callback,steady,existing all-output numerical replay,archived-vector-counts,spectrum-norms-v1,direct DFT or binary64 FFT of matched frame bytes; direct band sums and EMA,see archived reference; precision not separately recorded,2048,2048,4196352,4196352,2.2521929735415193e-07,1.49122636965414e-07,0.0001220703125,unnormalized FFT magnitude,0,0
3aeff8d50243a034,ee52c3b0984654b40d263be14db61f17bc69f8ca0be9b0d3ca468b5fb9c03202,pffft-analysis-float,spec012-confirm-01,0,float,4096,1024,1,1,callback,steady,existing all-output numerical replay,archived-vector-counts,spectrum-norms-v1,direct DFT or binary64 FFT of matched frame bytes; direct band sums and EMA,see archived reference; precision not separately recorded,2048,2048,4196352,4196352,2.0198579984200523e-07,1.4903790443764086e-07,0.0001220703125,unnormalized FFT magnitude,0,0
3aeff8d50243a034,ee52c3b0984654b40d263be14db61f17bc69f8ca0be9b0d3ca468b5fb9c03202,pffft-analysis-float,spec012-confirm-01,1,float,4096,1024,1,1,callback,steady,existing all-output numerical replay,archived-vector-counts,spectrum-norms-v1,direct DFT or binary64 FFT of matched frame bytes; direct band sums and EMA,see archived reference; precision not separately recorded,2048,2048,4196352,4196352,2.0198579984200523e-07,1.4903790443764086e-07,0.0001220703125,unnormalized FFT magnitude,0,0
3aeff8d50243a034,ee52c3b0984654b40d263be14db61f17bc69f8ca0be9b0d3ca468b5fb9c03202,pffft-analysis-float,spec012-confirm-01,2,float,4096,1024,1,1,callback,steady,existing all-output numerical replay,archived-vector-counts,spectrum-norms-v1,direct DFT or binary64 FFT of matched frame bytes; direct band sums and EMA,see archived reference; precision not separately recorded,2048,2048,4196352,4196352,2.0198579984200523e-07,1.4903790443764086e-07,0.0001220703125,unnormalized FFT magnitude,0,0
3aeff8d50243a034,ee52c3b0984654b40d263be14db61f17bc69f8ca0be9b0d3ca468b5fb9c03202,pffft-analysis-float,spec012-confirm-02,0,float,4096,1024,1,1,callback,steady,existing all-output numerical replay,archived-vector-counts,spectrum-norms-v1,direct DFT or binary64 FFT of matched frame bytes; direct band sums and EMA,see archived reference; precision not separately recorded,2048,2048,4196352,4196352,2.0198579984200523e-07,1.4903790443764086e-07,0.0001220703125,unnormalized FFT magnitude,0,0
3aeff8d50243a034,ee52c3b0984654b40d263be14db61f17bc69f8ca0be9b0d3ca468b5fb9c03202,pffft-analysis-float,spec012-confirm-02,1,float,4096,1024,1,1,callback,steady,existing all-output numerical replay,archived-vector-counts,spectrum-norms-v1,direct DFT or binary64 FFT of matched frame bytes; direct band sums and EMA,see archived reference; precision not separately recorded,2048,2048,4196352,4196352,2.0198579984200523e-07,1.4903790443764086e-07,0.0001220703125,unnormalized FFT magnitude,0,0
3aeff8d50243a034,ee52c3b0984654b40d263be14db61f17bc69f8ca0be9b0d3ca468b5fb9c03202,pffft-analysis-float,spec012-confirm-02,2,float,4096,1024,1,1,callback,steady,existing all-output numerical replay,archived-vector-counts,spectrum-norms-v1,direct DFT or binary64 FFT of matched frame bytes; direct band sums and EMA,see archived reference; precision not separately recorded,2048,2048,4196352,4196352,2.0198579984200523e-07,1.4903790443764086e-07,0.0001220703125,unnormalized FFT magnitude,0,0
3aeff8d50243a034,ee52c3b0984654b40d263be14db61f17bc69f8ca0be9b0d3ca468b5fb9c03202,pffft-analysis-float,spec012-confirm-03,0,float,4096,1024,1,1,callback,steady,existing all-output numerical replay,archived-vector-counts,spectrum-norms-v1,direct DFT or binary64 FFT of matched frame bytes; direct band sums and EMA,see archived reference; precision not separately recorded,2048,2048,4196352,4196352,2.0198579984200523e-07,1.4903790443764086e-07,0.0001220703125,unnormalized FFT magnitude,0,0
3aeff8d50243a034,ee52c3b0984654b40d263be14db61f17bc69f8ca0be9b0d3ca468b5fb9c03202,pffft-analysis-float,spec012-confirm-03,1,float,4096,1024,1,1,callback,steady,existing all-output numerical replay,archived-vector-counts,spectrum-norms-v1,direct DFT or binary64 FFT of matched frame bytes; direct band sums and EMA,see archived reference; precision not separately recorded,2048,2048,4196352,4196352,2.0198579984200523e-07,1.4903790443764086e-07,0.0001220703125,unnormalized FFT magnitude,0,0
3aeff8d50243a034,ee52c3b0984654b40d263be14db61f17bc69f8ca0be9b0d3ca468b5fb9c03202,pffft-analysis-float,spec012-confirm-03,2,float,4096,1024,1,1,callback,steady,existing all-output numerical replay,archived-vector-counts,spectrum-norms-v1,direct DFT or binary64 FFT of matched frame bytes; direct band sums and EMA,see archived reference; precision not separately recorded,2048,2048,4196352,4196352,2.0198579984200523e-07,1.4903790443764086e-07,0.0001220703125,unnormalized FFT magnitude,0,0
3aeff8d50243a034,efe4a3a275d23bbf78e19fbad66cee54acc60d7a91561c35c514a8d58f7a745f,legacy-incremental-float,spec012-confirm-01,0,float,4096,1024,1,1,callback,steady,full,all-publications-v1,spectrum-norms-v1,independent recursive binary64 FFT / direct DFT; matched float windows; direct bands and EMA,binary64 FFT / long-double direct DFT,2048,2048,4196352,4196352,1.9008444915668287e-07,1.1167982614875916e-07,9.1552734375e-05,unnormalized FFT magnitude,0,0
3aeff8d50243a034,efe4a3a275d23bbf78e19fbad66cee54acc60d7a91561c35c514a8d58f7a745f,legacy-incremental-float,spec012-confirm-01,1,float,4096,1024,1,1,callback,steady,full,all-publications-v1,spectrum-norms-v1,independent recursive binary64 FFT / direct DFT; matched float windows; direct bands and EMA,binary64 FFT / long-double direct DFT,2048,2048,4196352,4196352,1.9008444915668287e-07,1.1167982614875916e-07,9.1552734375e-05,unnormalized FFT magnitude,0,0
3aeff8d50243a034,efe4a3a275d23bbf78e19fbad66cee54acc60d7a91561c35c514a8d58f7a745f,legacy-incremental-float,spec012-confirm-01,2,float,4096,1024,1,1,callback,steady,full,all-publications-v1,spectrum-norms-v1,independent recursive binary64 FFT / direct DFT; matched float windows; direct bands and EMA,binary64 FFT / long-double direct DFT,2048,2048,4196352,4196352,1.9008444915668287e-07,1.1167982614875916e-07,9.1552734375e-05,unnormalized FFT magnitude,0,0
3aeff8d50243a034,efe4a3a275d23bbf78e19fbad66cee54acc60d7a91561c35c514a8d58f7a745f,legacy-incremental-float,spec012-confirm-02,0,float,4096,1024,1,1,callback,steady,full,all-publications-v1,spectrum-norms-v1,independent recursive binary64 FFT / direct DFT; matched float windows; direct bands and EMA,binary64 FFT / long-double direct DFT,2048,2048,4196352,4196352,1.9008444915668287e-07,1.1167982614875916e-07,9.1552734375e-05,unnormalized FFT magnitude,0,0
3aeff8d50243a034,efe4a3a275d23bbf78e19fbad66cee54acc60d7a91561c35c514a8d58f7a745f,legacy-incremental-float,spec012-confirm-02,1,float,4096,1024,1,1,callback,steady,full,all-publications-v1,spectrum-norms-v1,independent recursive binary64 FFT / direct DFT; matched float windows; direct bands and EMA,binary64 FFT / long-double direct DFT,2048,2048,4196352,4196352,1.9008444915668287e-07,1.1167982614875916e-07,9.1552734375e-05,unnormalized FFT magnitude,0,0
3aeff8d50243a034,efe4a3a275d23bbf78e19fbad66cee54acc60d7a91561c35c514a8d58f7a745f,legacy-incremental-float,spec012-confirm-02,2,float,4096,1024,1,1,callback,steady,full,all-publications-v1,spectrum-norms-v1,independent recursive binary64 FFT / direct DFT; matched float windows; direct bands and EMA,binary64 FFT / long-double direct DFT,2048,2048,4196352,4196352,1.9008444915668287e-07,1.1167982614875916e-07,9.1552734375e-05,unnormalized FFT magnitude,0,0
3aeff8d50243a034,efe4a3a275d23bbf78e19fbad66cee54acc60d7a91561c35c514a8d58f7a745f,legacy-incremental-float,spec012-confirm-03,0,float,4096,1024,1,1,callback,steady,full,all-publications-v1,spectrum-norms-v1,independent recursive binary64 FFT / direct DFT; matched float windows; direct bands and EMA,binary64 FFT / long-double direct DFT,2048,2048,4196352,4196352,1.9008444915668287e-07,1.1167982614875916e-07,9.1552734375e-05,unnormalized FFT magnitude,0,0
3aeff8d50243a034,efe4a3a275d23bbf78e19fbad66cee54acc60d7a91561c35c514a8d58f7a745f,legacy-incremental-float,spec012-confirm-03,1,float,4096,1024,1,1,callback,steady,full,all-publications-v1,spectrum-norms-v1,independent recursive binary64 FFT / direct DFT; matched float windows; direct bands and EMA,binary64 FFT / long-double direct DFT,2048,2048,4196352,4196352,1.9008444915668287e-07,1.1167982614875916e-07,9.1552734375e-05,unnormalized FFT magnitude,0,0
3aeff8d50243a034,efe4a3a275d23bbf78e19fbad66cee54acc60d7a91561c35c514a8d58f7a745f,legacy-incremental-float,spec012-confirm-03,2,float,4096,1024,1,1,callback,steady,full,all-publications-v1,spectrum-norms-v1,independent recursive binary64 FFT / direct DFT; matched float windows; direct bands and EMA,binary64 FFT / long-double direct DFT,2048,2048,4196352,4196352,1.9008444915668287e-07,1.1167982614875916e-07,9.1552734375e-05,unnormalized FFT magnitude,0,0
3aeff8d50243a034,f077149cc441eca8cf6b929146b57303b27f093d3efedf39533701a1a44ba061,legacy-incremental-float,spec012-confirm-01,0,float,16384,1024,1,1,callback,steady,full,all-publications-v1,spectrum-norms-v1,independent recursive binary64 FFT / direct DFT; matched float windows; direct bands and EMA,binary64 FFT / long-double direct DFT,2048,2048,16779264,16779264,2.428253746068979e-07,2.832279085325651e-07,0.0011609792709350586,unnormalized FFT magnitude,0,2560
3aeff8d50243a034,f077149cc441eca8cf6b929146b57303b27f093d3efedf39533701a1a44ba061,legacy-incremental-float,spec012-confirm-01,1,float,16384,1024,1,1,callback,steady,full,all-publications-v1,spectrum-norms-v1,independent recursive binary64 FFT / direct DFT; matched float windows; direct bands and EMA,binary64 FFT / long-double direct DFT,2048,2048,16779264,16779264,2.428253746068979e-07,2.832279085325651e-07,0.0011609792709350586,unnormalized FFT magnitude,0,2560
3aeff8d50243a034,f077149cc441eca8cf6b929146b57303b27f093d3efedf39533701a1a44ba061,legacy-incremental-float,spec012-confirm-01,2,float,16384,1024,1,1,callback,steady,full,all-publications-v1,spectrum-norms-v1,independent recursive binary64 FFT / direct DFT; matched float windows; direct bands and EMA,binary64 FFT / long-double direct DFT,2048,2048,16779264,16779264,2.428253746068979e-07,2.832279085325651e-07,0.0011609792709350586,unnormalized FFT magnitude,0,2560
3aeff8d50243a034,f077149cc441eca8cf6b929146b57303b27f093d3efedf39533701a1a44ba061,legacy-incremental-float,spec012-confirm-02,0,float,16384,1024,1,1,callback,steady,full,all-publications-v1,spectrum-norms-v1,independent recursive binary64 FFT / direct DFT; matched float windows; direct bands and EMA,binary64 FFT / long-double direct DFT,2048,2048,16779264,16779264,2.428253746068979e-07,2.832279085325651e-07,0.0011609792709350586,unnormalized FFT magnitude,0,2560
3aeff8d50243a034,f077149cc441eca8cf6b929146b57303b27f093d3efedf39533701a1a44ba061,legacy-incremental-float,spec012-confirm-02,1,float,16384,1024,1,1,callback,steady,full,all-publications-v1,spectrum-norms-v1,independent recursive binary64 FFT / direct DFT; matched float windows; direct bands and EMA,binary64 FFT / long-double direct DFT,2048,2048,16779264,16779264,2.428253746068979e-07,2.832279085325651e-07,0.0011609792709350586,unnormalized FFT magnitude,0,2560
3aeff8d50243a034,f077149cc441eca8cf6b929146b57303b27f093d3efedf39533701a1a44ba061,legacy-incremental-float,spec012-confirm-02,2,float,16384,1024,1,1,callback,steady,full,all-publications-v1,spectrum-norms-v1,independent recursive binary64 FFT / direct DFT; matched float windows; direct bands and EMA,binary64 FFT / long-double direct DFT,2048,2048,16779264,16779264,2.428253746068979e-07,2.832279085325651e-07,0.0011609792709350586,unnormalized FFT magnitude,0,2560
3aeff8d50243a034,f077149cc441eca8cf6b929146b57303b27f093d3efedf39533701a1a44ba061,legacy-incremental-float,spec012-confirm-03,0,float,16384,1024,1,1,callback,steady,full,all-publications-v1,spectrum-norms-v1,independent recursive binary64 FFT / direct DFT; matched float windows; direct bands and EMA,binary64 FFT / long-double direct DFT,2048,2048,16779264,16779264,2.428253746068979e-07,2.832279085325651e-07,0.0011609792709350586,unnormalized FFT magnitude,0,2560
3aeff8d50243a034,f077149cc441eca8cf6b929146b57303b27f093d3efedf39533701a1a44ba061,legacy-incremental-float,spec012-confirm-03,1,float,16384,1024,1,1,callback,steady,full,all-publications-v1,spectrum-norms-v1,independent recursive binary64 FFT / direct DFT; matched float windows; direct bands and EMA,binary64 FFT / long-double direct DFT,2048,2048,16779264,16779264,2.428253746068979e-07,2.832279085325651e-07,0.0011609792709350586,unnormalized FFT magnitude,0,2560
3aeff8d50243a034,f077149cc441eca8cf6b929146b57303b27f093d3efedf39533701a1a44ba061,legacy-incremental-float,spec012-confirm-03,2,float,16384,1024,1,1,callback,steady,full,all-publications-v1,spectrum-norms-v1,independent recursive binary64 FFT / direct DFT; matched float windows; direct bands and EMA,binary64 FFT / long-double direct DFT,2048,2048,16779264,16779264,2.428253746068979e-07,2.832279085325651e-07,0.0011609792709350586,unnormalized FFT magnitude,0,2560
3aeff8d50243a034,f0ac94b442be7a1420faa1a392a44500e52b515c6fb5c10b93d77c9e7dfcc498,pffft-hybrid-float,spec012-confirm-01,0,float,2048,1024,1,1,callback,steady,existing all-output numerical replay,archived-vector-counts,spectrum-norms-v1,direct DFT or binary64 FFT of matched frame bytes; direct band sums and EMA,see archived reference; precision not separately recorded,2048,2048,2099200,2099200,1.8753119135637531e-07,2.2363801652461304e-07,9.1552734375e-05,unnormalized FFT magnitude,0,0
3aeff8d50243a034,f0ac94b442be7a1420faa1a392a44500e52b515c6fb5c10b93d77c9e7dfcc498,pffft-hybrid-float,spec012-confirm-01,1,float,2048,1024,1,1,callback,steady,existing all-output numerical replay,archived-vector-counts,spectrum-norms-v1,direct DFT or binary64 FFT of matched frame bytes; direct band sums and EMA,see archived reference; precision not separately recorded,2048,2048,2099200,2099200,1.8753119135637531e-07,2.2363801652461304e-07,9.1552734375e-05,unnormalized FFT magnitude,0,0
3aeff8d50243a034,f0ac94b442be7a1420faa1a392a44500e52b515c6fb5c10b93d77c9e7dfcc498,pffft-hybrid-float,spec012-confirm-01,2,float,2048,1024,1,1,callback,steady,existing all-output numerical replay,archived-vector-counts,spectrum-norms-v1,direct DFT or binary64 FFT of matched frame bytes; direct band sums and EMA,see archived reference; precision not separately recorded,2048,2048,2099200,2099200,1.8753119135637531e-07,2.2363801652461304e-07,9.1552734375e-05,unnormalized FFT magnitude,0,0
3aeff8d50243a034,f0ac94b442be7a1420faa1a392a44500e52b515c6fb5c10b93d77c9e7dfcc498,pffft-hybrid-float,spec012-confirm-02,0,float,2048,1024,1,1,callback,steady,existing all-output numerical replay,archived-vector-counts,spectrum-norms-v1,direct DFT or binary64 FFT of matched frame bytes; direct band sums and EMA,see archived reference; precision not separately recorded,2048,2048,2099200,2099200,1.8753119135637531e-07,2.2363801652461304e-07,9.1552734375e-05,unnormalized FFT magnitude,0,0
3aeff8d50243a034,f0ac94b442be7a1420faa1a392a44500e52b515c6fb5c10b93d77c9e7dfcc498,pffft-hybrid-float,spec012-confirm-02,1,float,2048,1024,1,1,callback,steady,existing all-output numerical replay,archived-vector-counts,spectrum-norms-v1,direct DFT or binary64 FFT of matched frame bytes; direct band sums and EMA,see archived reference; precision not separately recorded,2048,2048,2099200,2099200,1.8753119135637531e-07,2.2363801652461304e-07,9.1552734375e-05,unnormalized FFT magnitude,0,0
3aeff8d50243a034,f0ac94b442be7a1420faa1a392a44500e52b515c6fb5c10b93d77c9e7dfcc498,pffft-hybrid-float,spec012-confirm-02,2,float,2048,1024,1,1,callback,steady,existing all-output numerical replay,archived-vector-counts,spectrum-norms-v1,direct DFT or binary64 FFT of matched frame bytes; direct band sums and EMA,see archived reference; precision not separately recorded,2048,2048,2099200,2099200,1.8753119135637531e-07,2.2363801652461304e-07,9.1552734375e-05,unnormalized FFT magnitude,0,0
3aeff8d50243a034,f0ac94b442be7a1420faa1a392a44500e52b515c6fb5c10b93d77c9e7dfcc498,pffft-hybrid-float,spec012-confirm-03,0,float,2048,1024,1,1,callback,steady,existing all-output numerical replay,archived-vector-counts,spectrum-norms-v1,direct DFT or binary64 FFT of matched frame bytes; direct band sums and EMA,see archived reference; precision not separately recorded,2048,2048,2099200,2099200,1.8753119135637531e-07,2.2363801652461304e-07,9.1552734375e-05,unnormalized FFT magnitude,0,0
3aeff8d50243a034,f0ac94b442be7a1420faa1a392a44500e52b515c6fb5c10b93d77c9e7dfcc498,pffft-hybrid-float,spec012-confirm-03,1,float,2048,1024,1,1,callback,steady,existing all-output numerical replay,archived-vector-counts,spectrum-norms-v1,direct DFT or binary64 FFT of matched frame bytes; direct band sums and EMA,see archived reference; precision not separately recorded,2048,2048,2099200,2099200,1.8753119135637531e-07,2.2363801652461304e-07,9.1552734375e-05,unnormalized FFT magnitude,0,0
3aeff8d50243a034,f0ac94b442be7a1420faa1a392a44500e52b515c6fb5c10b93d77c9e7dfcc498,pffft-hybrid-float,spec012-confirm-03,2,float,2048,1024,1,1,callback,steady,existing all-output numerical replay,archived-vector-counts,spectrum-norms-v1,direct DFT or binary64 FFT of matched frame bytes; direct band sums and EMA,see archived reference; precision not separately recorded,2048,2048,2099200,2099200,1.8753119135637531e-07,2.2363801652461304e-07,9.1552734375e-05,unnormalized FFT magnitude,0,0
3aeff8d50243a034,f112e1ceadd6f97bd2719d8a98fca11b78e071402b91d553e7e810585bd86810,vdsp-analysis-float,spec012-confirm-01,0,float,4096,1024,1,1,throughput,steady,existing all-output numerical replay,archived-vector-counts,spectrum-norms-v1,direct DFT or binary64 FFT of matched frame bytes; direct band sums and EMA,see archived reference; precision not separately recorded,2048,2048,4196352,4196352,1.7957058611053615e-07,2.3812060927920297e-07,0.000244140625,unnormalized FFT magnitude,0,0
3aeff8d50243a034,f112e1ceadd6f97bd2719d8a98fca11b78e071402b91d553e7e810585bd86810,vdsp-analysis-float,spec012-confirm-01,1,float,4096,1024,1,1,throughput,steady,existing all-output numerical replay,archived-vector-counts,spectrum-norms-v1,direct DFT or binary64 FFT of matched frame bytes; direct band sums and EMA,see archived reference; precision not separately recorded,2048,2048,4196352,4196352,1.7957058611053615e-07,2.3812060927920297e-07,0.000244140625,unnormalized FFT magnitude,0,0
3aeff8d50243a034,f112e1ceadd6f97bd2719d8a98fca11b78e071402b91d553e7e810585bd86810,vdsp-analysis-float,spec012-confirm-01,2,float,4096,1024,1,1,throughput,steady,existing all-output numerical replay,archived-vector-counts,spectrum-norms-v1,direct DFT or binary64 FFT of matched frame bytes; direct band sums and EMA,see archived reference; precision not separately recorded,2048,2048,4196352,4196352,1.7957058611053615e-07,2.3812060927920297e-07,0.000244140625,unnormalized FFT magnitude,0,0
3aeff8d50243a034,f112e1ceadd6f97bd2719d8a98fca11b78e071402b91d553e7e810585bd86810,vdsp-analysis-float,spec012-confirm-02,0,float,4096,1024,1,1,throughput,steady,existing all-output numerical replay,archived-vector-counts,spectrum-norms-v1,direct DFT or binary64 FFT of matched frame bytes; direct band sums and EMA,see archived reference; precision not separately recorded,2048,2048,4196352,4196352,1.7957058611053615e-07,2.3812060927920297e-07,0.000244140625,unnormalized FFT magnitude,0,0
3aeff8d50243a034,f112e1ceadd6f97bd2719d8a98fca11b78e071402b91d553e7e810585bd86810,vdsp-analysis-float,spec012-confirm-02,1,float,4096,1024,1,1,throughput,steady,existing all-output numerical replay,archived-vector-counts,spectrum-norms-v1,direct DFT or binary64 FFT of matched frame bytes; direct band sums and EMA,see archived reference; precision not separately recorded,2048,2048,4196352,4196352,1.7957058611053615e-07,2.3812060927920297e-07,0.000244140625,unnormalized FFT magnitude,0,0
3aeff8d50243a034,f112e1ceadd6f97bd2719d8a98fca11b78e071402b91d553e7e810585bd86810,vdsp-analysis-float,spec012-confirm-02,2,float,4096,1024,1,1,throughput,steady,existing all-output numerical replay,archived-vector-counts,spectrum-norms-v1,direct DFT or binary64 FFT of matched frame bytes; direct band sums and EMA,see archived reference; precision not separately recorded,2048,2048,4196352,4196352,1.7957058611053615e-07,2.3812060927920297e-07,0.000244140625,unnormalized FFT magnitude,0,0
3aeff8d50243a034,f112e1ceadd6f97bd2719d8a98fca11b78e071402b91d553e7e810585bd86810,vdsp-analysis-float,spec012-confirm-03,0,float,4096,1024,1,1,throughput,steady,existing all-output numerical replay,archived-vector-counts,spectrum-norms-v1,direct DFT or binary64 FFT of matched frame bytes; direct band sums and EMA,see archived reference; precision not separately recorded,2048,2048,4196352,4196352,1.7957058611053615e-07,2.3812060927920297e-07,0.000244140625,unnormalized FFT magnitude,0,0
3aeff8d50243a034,f112e1ceadd6f97bd2719d8a98fca11b78e071402b91d553e7e810585bd86810,vdsp-analysis-float,spec012-confirm-03,1,float,4096,1024,1,1,throughput,steady,existing all-output numerical replay,archived-vector-counts,spectrum-norms-v1,direct DFT or binary64 FFT of matched frame bytes; direct band sums and EMA,see archived reference; precision not separately recorded,2048,2048,4196352,4196352,1.7957058611053615e-07,2.3812060927920297e-07,0.000244140625,unnormalized FFT magnitude,0,0
3aeff8d50243a034,f112e1ceadd6f97bd2719d8a98fca11b78e071402b91d553e7e810585bd86810,vdsp-analysis-float,spec012-confirm-03,2,float,4096,1024,1,1,throughput,steady,existing all-output numerical replay,archived-vector-counts,spectrum-norms-v1,direct DFT or binary64 FFT of matched frame bytes; direct band sums and EMA,see archived reference; precision not separately recorded,2048,2048,4196352,4196352,1.7957058611053615e-07,2.3812060927920297e-07,0.000244140625,unnormalized FFT magnitude,0,0
3aeff8d50243a034,f1d0f7cf5b391022b830c531a6ca9e906fcbada6f3ebdb025a6584844cf9d118,core-float,spec012-confirm-01,0,float,4096,1024,1,1,callback,steady,full,all-publications-v1,spectrum-norms-v1,independent recursive binary64 FFT / direct DFT; matched float windows; direct bands and EMA,binary64 FFT / long-double direct DFT,2048,2048,4196352,4196352,2.261658101059299e-07,2.8183605963575486e-07,0.00028839707374572754,unnormalized FFT magnitude,0,0
3aeff8d50243a034,f1d0f7cf5b391022b830c531a6ca9e906fcbada6f3ebdb025a6584844cf9d118,core-float,spec012-confirm-01,1,float,4096,1024,1,1,callback,steady,full,all-publications-v1,spectrum-norms-v1,independent recursive binary64 FFT / direct DFT; matched float windows; direct bands and EMA,binary64 FFT / long-double direct DFT,2048,2048,4196352,4196352,2.261658101059299e-07,2.8183605963575486e-07,0.00028839707374572754,unnormalized FFT magnitude,0,0
3aeff8d50243a034,f1d0f7cf5b391022b830c531a6ca9e906fcbada6f3ebdb025a6584844cf9d118,core-float,spec012-confirm-01,2,float,4096,1024,1,1,callback,steady,full,all-publications-v1,spectrum-norms-v1,independent recursive binary64 FFT / direct DFT; matched float windows; direct bands and EMA,binary64 FFT / long-double direct DFT,2048,2048,4196352,4196352,2.261658101059299e-07,2.8183605963575486e-07,0.00028839707374572754,unnormalized FFT magnitude,0,0
3aeff8d50243a034,f1d0f7cf5b391022b830c531a6ca9e906fcbada6f3ebdb025a6584844cf9d118,core-float,spec012-confirm-02,0,float,4096,1024,1,1,callback,steady,full,all-publications-v1,spectrum-norms-v1,independent recursive binary64 FFT / direct DFT; matched float windows; direct bands and EMA,binary64 FFT / long-double direct DFT,2048,2048,4196352,4196352,2.261658101059299e-07,2.8183605963575486e-07,0.00028839707374572754,unnormalized FFT magnitude,0,0
3aeff8d50243a034,f1d0f7cf5b391022b830c531a6ca9e906fcbada6f3ebdb025a6584844cf9d118,core-float,spec012-confirm-02,1,float,4096,1024,1,1,callback,steady,full,all-publications-v1,spectrum-norms-v1,independent recursive binary64 FFT / direct DFT; matched float windows; direct bands and EMA,binary64 FFT / long-double direct DFT,2048,2048,4196352,4196352,2.261658101059299e-07,2.8183605963575486e-07,0.00028839707374572754,unnormalized FFT magnitude,0,0
3aeff8d50243a034,f1d0f7cf5b391022b830c531a6ca9e906fcbada6f3ebdb025a6584844cf9d118,core-float,spec012-confirm-02,2,float,4096,1024,1,1,callback,steady,full,all-publications-v1,spectrum-norms-v1,independent recursive binary64 FFT / direct DFT; matched float windows; direct bands and EMA,binary64 FFT / long-double direct DFT,2048,2048,4196352,4196352,2.261658101059299e-07,2.8183605963575486e-07,0.00028839707374572754,unnormalized FFT magnitude,0,0
3aeff8d50243a034,f1d0f7cf5b391022b830c531a6ca9e906fcbada6f3ebdb025a6584844cf9d118,core-float,spec012-confirm-03,0,float,4096,1024,1,1,callback,steady,full,all-publications-v1,spectrum-norms-v1,independent recursive binary64 FFT / direct DFT; matched float windows; direct bands and EMA,binary64 FFT / long-double direct DFT,2048,2048,4196352,4196352,2.261658101059299e-07,2.8183605963575486e-07,0.00028839707374572754,unnormalized FFT magnitude,0,0
3aeff8d50243a034,f1d0f7cf5b391022b830c531a6ca9e906fcbada6f3ebdb025a6584844cf9d118,core-float,spec012-confirm-03,1,float,4096,1024,1,1,callback,steady,full,all-publications-v1,spectrum-norms-v1,independent recursive binary64 FFT / direct DFT; matched float windows; direct bands and EMA,binary64 FFT / long-double direct DFT,2048,2048,4196352,4196352,2.261658101059299e-07,2.8183605963575486e-07,0.00028839707374572754,unnormalized FFT magnitude,0,0
3aeff8d50243a034,f1d0f7cf5b391022b830c531a6ca9e906fcbada6f3ebdb025a6584844cf9d118,core-float,spec012-confirm-03,2,float,4096,1024,1,1,callback,steady,full,all-publications-v1,spectrum-norms-v1,independent recursive binary64 FFT / direct DFT; matched float windows; direct bands and EMA,binary64 FFT / long-double direct DFT,2048,2048,4196352,4196352,2.261658101059299e-07,2.8183605963575486e-07,0.00028839707374572754,unnormalized FFT magnitude,0,0
3aeff8d50243a034,f89e2b62f4967df0a3b47d73378df54fd5877d704f5f1ff06e93a04bcd0292b7,vdsp-analysis-float,spec012-confirm-01,0,float,4096,1024,1,1,callback,steady,existing all-output numerical replay,archived-vector-counts,spectrum-norms-v1,direct DFT or binary64 FFT of matched frame bytes; direct band sums and EMA,see archived reference; precision not separately recorded,2048,2048,4196352,4196352,1.7957058611053615e-07,2.3812060927920297e-07,0.000244140625,unnormalized FFT magnitude,0,0
3aeff8d50243a034,f89e2b62f4967df0a3b47d73378df54fd5877d704f5f1ff06e93a04bcd0292b7,vdsp-analysis-float,spec012-confirm-01,1,float,4096,1024,1,1,callback,steady,existing all-output numerical replay,archived-vector-counts,spectrum-norms-v1,direct DFT or binary64 FFT of matched frame bytes; direct band sums and EMA,see archived reference; precision not separately recorded,2048,2048,4196352,4196352,1.7957058611053615e-07,2.3812060927920297e-07,0.000244140625,unnormalized FFT magnitude,0,0
3aeff8d50243a034,f89e2b62f4967df0a3b47d73378df54fd5877d704f5f1ff06e93a04bcd0292b7,vdsp-analysis-float,spec012-confirm-01,2,float,4096,1024,1,1,callback,steady,existing all-output numerical replay,archived-vector-counts,spectrum-norms-v1,direct DFT or binary64 FFT of matched frame bytes; direct band sums and EMA,see archived reference; precision not separately recorded,2048,2048,4196352,4196352,1.7957058611053615e-07,2.3812060927920297e-07,0.000244140625,unnormalized FFT magnitude,0,0
3aeff8d50243a034,f89e2b62f4967df0a3b47d73378df54fd5877d704f5f1ff06e93a04bcd0292b7,vdsp-analysis-float,spec012-confirm-02,0,float,4096,1024,1,1,callback,steady,existing all-output numerical replay,archived-vector-counts,spectrum-norms-v1,direct DFT or binary64 FFT of matched frame bytes; direct band sums and EMA,see archived reference; precision not separately recorded,2048,2048,4196352,4196352,1.7957058611053615e-07,2.3812060927920297e-07,0.000244140625,unnormalized FFT magnitude,0,0
3aeff8d50243a034,f89e2b62f4967df0a3b47d73378df54fd5877d704f5f1ff06e93a04bcd0292b7,vdsp-analysis-float,spec012-confirm-02,1,float,4096,1024,1,1,callback,steady,existing all-output numerical replay,archived-vector-counts,spectrum-norms-v1,direct DFT or binary64 FFT of matched frame bytes; direct band sums and EMA,see archived reference; precision not separately recorded,2048,2048,4196352,4196352,1.7957058611053615e-07,2.3812060927920297e-07,0.000244140625,unnormalized FFT magnitude,0,0
3aeff8d50243a034,f89e2b62f4967df0a3b47d73378df54fd5877d704f5f1ff06e93a04bcd0292b7,vdsp-analysis-float,spec012-confirm-02,2,float,4096,1024,1,1,callback,steady,existing all-output numerical replay,archived-vector-counts,spectrum-norms-v1,direct DFT or binary64 FFT of matched frame bytes; direct band sums and EMA,see archived reference; precision not separately recorded,2048,2048,4196352,4196352,1.7957058611053615e-07,2.3812060927920297e-07,0.000244140625,unnormalized FFT magnitude,0,0
3aeff8d50243a034,f89e2b62f4967df0a3b47d73378df54fd5877d704f5f1ff06e93a04bcd0292b7,vdsp-analysis-float,spec012-confirm-03,0,float,4096,1024,1,1,callback,steady,existing all-output numerical replay,archived-vector-counts,spectrum-norms-v1,direct DFT or binary64 FFT of matched frame bytes; direct band sums and EMA,see archived reference; precision not separately recorded,2048,2048,4196352,4196352,1.7957058611053615e-07,2.3812060927920297e-07,0.000244140625,unnormalized FFT magnitude,0,0
3aeff8d50243a034,f89e2b62f4967df0a3b47d73378df54fd5877d704f5f1ff06e93a04bcd0292b7,vdsp-analysis-float,spec012-confirm-03,1,float,4096,1024,1,1,callback,steady,existing all-output numerical replay,archived-vector-counts,spectrum-norms-v1,direct DFT or binary64 FFT of matched frame bytes; direct band sums and EMA,see archived reference; precision not separately recorded,2048,2048,4196352,4196352,1.7957058611053615e-07,2.3812060927920297e-07,0.000244140625,unnormalized FFT magnitude,0,0
3aeff8d50243a034,f89e2b62f4967df0a3b47d73378df54fd5877d704f5f1ff06e93a04bcd0292b7,vdsp-analysis-float,spec012-confirm-03,2,float,4096,1024,1,1,callback,steady,existing all-output numerical replay,archived-vector-counts,spectrum-norms-v1,direct DFT or binary64 FFT of matched frame bytes; direct band sums and EMA,see archived reference; precision not separately recorded,2048,2048,4196352,4196352,1.7957058611053615e-07,2.3812060927920297e-07,0.000244140625,unnormalized FFT magnitude,0,0
3aeff8d50243a034,f9bbe602ed31a04ff6954636ffa6e22fd99bd16ce4dbef29889abb951b230a9d,fftw-analysis-float,spec012-confirm-01,0,float,16384,1024,1,1,throughput,steady,existing all-output numerical replay,archived-vector-counts,spectrum-norms-v1,direct DFT or binary64 FFT of matched frame bytes; direct band sums and EMA,see archived reference; precision not separately recorded,2048,2048,16779264,16779264,1.2932814177763272e-07,1.1921141411142463e-07,0.00048828125,unnormalized FFT magnitude,0,0
3aeff8d50243a034,f9bbe602ed31a04ff6954636ffa6e22fd99bd16ce4dbef29889abb951b230a9d,fftw-analysis-float,spec012-confirm-01,1,float,16384,1024,1,1,throughput,steady,existing all-output numerical replay,archived-vector-counts,spectrum-norms-v1,direct DFT or binary64 FFT of matched frame bytes; direct band sums and EMA,see archived reference; precision not separately recorded,2048,2048,16779264,16779264,1.2932814177763272e-07,1.1921141411142463e-07,0.00048828125,unnormalized FFT magnitude,0,0
3aeff8d50243a034,f9bbe602ed31a04ff6954636ffa6e22fd99bd16ce4dbef29889abb951b230a9d,fftw-analysis-float,spec012-confirm-01,2,float,16384,1024,1,1,throughput,steady,existing all-output numerical replay,archived-vector-counts,spectrum-norms-v1,direct DFT or binary64 FFT of matched frame bytes; direct band sums and EMA,see archived reference; precision not separately recorded,2048,2048,16779264,16779264,1.2932814177763272e-07,1.1921141411142463e-07,0.00048828125,unnormalized FFT magnitude,0,0
3aeff8d50243a034,f9bbe602ed31a04ff6954636ffa6e22fd99bd16ce4dbef29889abb951b230a9d,fftw-analysis-float,spec012-confirm-02,0,float,16384,1024,1,1,throughput,steady,existing all-output numerical replay,archived-vector-counts,spectrum-norms-v1,direct DFT or binary64 FFT of matched frame bytes; direct band sums and EMA,see archived reference; precision not separately recorded,2048,2048,16779264,16779264,1.2932814177763272e-07,1.1921141411142463e-07,0.00048828125,unnormalized FFT magnitude,0,0
3aeff8d50243a034,f9bbe602ed31a04ff6954636ffa6e22fd99bd16ce4dbef29889abb951b230a9d,fftw-analysis-float,spec012-confirm-02,1,float,16384,1024,1,1,throughput,steady,existing all-output numerical replay,archived-vector-counts,spectrum-norms-v1,direct DFT or binary64 FFT of matched frame bytes; direct band sums and EMA,see archived reference; precision not separately recorded,2048,2048,16779264,16779264,1.2932814177763272e-07,1.1921141411142463e-07,0.00048828125,unnormalized FFT magnitude,0,0
3aeff8d50243a034,f9bbe602ed31a04ff6954636ffa6e22fd99bd16ce4dbef29889abb951b230a9d,fftw-analysis-float,spec012-confirm-02,2,float,16384,1024,1,1,throughput,steady,existing all-output numerical replay,archived-vector-counts,spectrum-norms-v1,direct DFT or binary64 FFT of matched frame bytes; direct band sums and EMA,see archived reference; precision not separately recorded,2048,2048,16779264,16779264,1.2932814177763272e-07,1.1921141411142463e-07,0.00048828125,unnormalized FFT magnitude,0,0
3aeff8d50243a034,f9bbe602ed31a04ff6954636ffa6e22fd99bd16ce4dbef29889abb951b230a9d,fftw-analysis-float,spec012-confirm-03,0,float,16384,1024,1,1,throughput,steady,existing all-output numerical replay,archived-vector-counts,spectrum-norms-v1,direct DFT or binary64 FFT of matched frame bytes; direct band sums and EMA,see archived reference; precision not separately recorded,2048,2048,16779264,16779264,1.2932814177763272e-07,1.1921141411142463e-07,0.00048828125,unnormalized FFT magnitude,0,0
3aeff8d50243a034,f9bbe602ed31a04ff6954636ffa6e22fd99bd16ce4dbef29889abb951b230a9d,fftw-analysis-float,spec012-confirm-03,1,float,16384,1024,1,1,throughput,steady,existing all-output numerical replay,archived-vector-counts,spectrum-norms-v1,direct DFT or binary64 FFT of matched frame bytes; direct band sums and EMA,see archived reference; precision not separately recorded,2048,2048,16779264,16779264,1.2932814177763272e-07,1.1921141411142463e-07,0.00048828125,unnormalized FFT magnitude,0,0
3aeff8d50243a034,f9bbe602ed31a04ff6954636ffa6e22fd99bd16ce4dbef29889abb951b230a9d,fftw-analysis-float,spec012-confirm-03,2,float,16384,1024,1,1,throughput,steady,existing all-output numerical replay,archived-vector-counts,spectrum-norms-v1,direct DFT or binary64 FFT of matched frame bytes; direct band sums and EMA,see archived reference; precision not separately recorded,2048,2048,16779264,16779264,1.2932814177763272e-07,1.1921141411142463e-07,0.00048828125,unnormalized FFT magnitude,0,0
3aeff8d50243a034,fabcf9aa8cc1777c04c1fef023d3e07cf30d0c29d29a4d2dfb3dd0b23510e266,pffft-hybrid-float,spec012-confirm-01,0,float,16384,1024,1,1,callback,steady,existing all-output numerical replay,archived-vector-counts,spectrum-norms-v1,direct DFT or binary64 FFT of matched frame bytes; direct band sums and EMA,see archived reference; precision not separately recorded,2048,2048,16779264,16779264,2.2623933788848086e-07,1.4903825983523968e-07,0.00048828125,unnormalized FFT magnitude,0,0
3aeff8d50243a034,fabcf9aa8cc1777c04c1fef023d3e07cf30d0c29d29a4d2dfb3dd0b23510e266,pffft-hybrid-float,spec012-confirm-01,1,float,16384,1024,1,1,callback,steady,existing all-output numerical replay,archived-vector-counts,spectrum-norms-v1,direct DFT or binary64 FFT of matched frame bytes; direct band sums and EMA,see archived reference; precision not separately recorded,2048,2048,16779264,16779264,2.2623933788848086e-07,1.4903825983523968e-07,0.00048828125,unnormalized FFT magnitude,0,0
3aeff8d50243a034,fabcf9aa8cc1777c04c1fef023d3e07cf30d0c29d29a4d2dfb3dd0b23510e266,pffft-hybrid-float,spec012-confirm-01,2,float,16384,1024,1,1,callback,steady,existing all-output numerical replay,archived-vector-counts,spectrum-norms-v1,direct DFT or binary64 FFT of matched frame bytes; direct band sums and EMA,see archived reference; precision not separately recorded,2048,2048,16779264,16779264,2.2623933788848086e-07,1.4903825983523968e-07,0.00048828125,unnormalized FFT magnitude,0,0
3aeff8d50243a034,fabcf9aa8cc1777c04c1fef023d3e07cf30d0c29d29a4d2dfb3dd0b23510e266,pffft-hybrid-float,spec012-confirm-02,0,float,16384,1024,1,1,callback,steady,existing all-output numerical replay,archived-vector-counts,spectrum-norms-v1,direct DFT or binary64 FFT of matched frame bytes; direct band sums and EMA,see archived reference; precision not separately recorded,2048,2048,16779264,16779264,2.2623933788848086e-07,1.4903825983523968e-07,0.00048828125,unnormalized FFT magnitude,0,0
3aeff8d50243a034,fabcf9aa8cc1777c04c1fef023d3e07cf30d0c29d29a4d2dfb3dd0b23510e266,pffft-hybrid-float,spec012-confirm-02,1,float,16384,1024,1,1,callback,steady,existing all-output numerical replay,archived-vector-counts,spectrum-norms-v1,direct DFT or binary64 FFT of matched frame bytes; direct band sums and EMA,see archived reference; precision not separately recorded,2048,2048,16779264,16779264,2.2623933788848086e-07,1.4903825983523968e-07,0.00048828125,unnormalized FFT magnitude,0,0
3aeff8d50243a034,fabcf9aa8cc1777c04c1fef023d3e07cf30d0c29d29a4d2dfb3dd0b23510e266,pffft-hybrid-float,spec012-confirm-02,2,float,16384,1024,1,1,callback,steady,existing all-output numerical replay,archived-vector-counts,spectrum-norms-v1,direct DFT or binary64 FFT of matched frame bytes; direct band sums and EMA,see archived reference; precision not separately recorded,2048,2048,16779264,16779264,2.2623933788848086e-07,1.4903825983523968e-07,0.00048828125,unnormalized FFT magnitude,0,0
3aeff8d50243a034,fabcf9aa8cc1777c04c1fef023d3e07cf30d0c29d29a4d2dfb3dd0b23510e266,pffft-hybrid-float,spec012-confirm-03,0,float,16384,1024,1,1,callback,steady,existing all-output numerical replay,archived-vector-counts,spectrum-norms-v1,direct DFT or binary64 FFT of matched frame bytes; direct band sums and EMA,see archived reference; precision not separately recorded,2048,2048,16779264,16779264,2.2623933788848086e-07,1.4903825983523968e-07,0.00048828125,unnormalized FFT magnitude,0,0
3aeff8d50243a034,fabcf9aa8cc1777c04c1fef023d3e07cf30d0c29d29a4d2dfb3dd0b23510e266,pffft-hybrid-float,spec012-confirm-03,1,float,16384,1024,1,1,callback,steady,existing all-output numerical replay,archived-vector-counts,spectrum-norms-v1,direct DFT or binary64 FFT of matched frame bytes; direct band sums and EMA,see archived reference; precision not separately recorded,2048,2048,16779264,16779264,2.2623933788848086e-07,1.4903825983523968e-07,0.00048828125,unnormalized FFT magnitude,0,0
3aeff8d50243a034,fabcf9aa8cc1777c04c1fef023d3e07cf30d0c29d29a4d2dfb3dd0b23510e266,pffft-hybrid-float,spec012-confirm-03,2,float,16384,1024,1,1,callback,steady,existing all-output numerical replay,archived-vector-counts,spectrum-norms-v1,direct DFT or binary64 FFT of matched frame bytes; direct band sums and EMA,see archived reference; precision not separately recorded,2048,2048,16779264,16779264,2.2623933788848086e-07,1.4903825983523968e-07,0.00048828125,unnormalized FFT magnitude,0,0
3aeff8d50243a034,fc5482608d0d6e0a76fabd2ac1c58a1cbc8a94487e1a83b703a891065461a0e5,core-float,spec012-confirm-01,0,float,16384,1024,1,1,callback,steady,full,all-publications-v1,spectrum-norms-v1,independent recursive binary64 FFT / direct DFT; matched float windows; direct bands and EMA,binary64 FFT / long-double direct DFT,2048,2048,16779264,16779264,2.428253746068979e-07,2.832279085325651e-07,0.0011609792709350586,unnormalized FFT magnitude,0,2560
3aeff8d50243a034,fc5482608d0d6e0a76fabd2ac1c58a1cbc8a94487e1a83b703a891065461a0e5,core-float,spec012-confirm-01,1,float,16384,1024,1,1,callback,steady,full,all-publications-v1,spectrum-norms-v1,independent recursive binary64 FFT / direct DFT; matched float windows; direct bands and EMA,binary64 FFT / long-double direct DFT,2048,2048,16779264,16779264,2.428253746068979e-07,2.832279085325651e-07,0.0011609792709350586,unnormalized FFT magnitude,0,2560
3aeff8d50243a034,fc5482608d0d6e0a76fabd2ac1c58a1cbc8a94487e1a83b703a891065461a0e5,core-float,spec012-confirm-01,2,float,16384,1024,1,1,callback,steady,full,all-publications-v1,spectrum-norms-v1,independent recursive binary64 FFT / direct DFT; matched float windows; direct bands and EMA,binary64 FFT / long-double direct DFT,2048,2048,16779264,16779264,2.428253746068979e-07,2.832279085325651e-07,0.0011609792709350586,unnormalized FFT magnitude,0,2560
3aeff8d50243a034,fc5482608d0d6e0a76fabd2ac1c58a1cbc8a94487e1a83b703a891065461a0e5,core-float,spec012-confirm-02,0,float,16384,1024,1,1,callback,steady,full,all-publications-v1,spectrum-norms-v1,independent recursive binary64 FFT / direct DFT; matched float windows; direct bands and EMA,binary64 FFT / long-double direct DFT,2048,2048,16779264,16779264,2.428253746068979e-07,2.832279085325651e-07,0.0011609792709350586,unnormalized FFT magnitude,0,2560
3aeff8d50243a034,fc5482608d0d6e0a76fabd2ac1c58a1cbc8a94487e1a83b703a891065461a0e5,core-float,spec012-confirm-02,1,float,16384,1024,1,1,callback,steady,full,all-publications-v1,spectrum-norms-v1,independent recursive binary64 FFT / direct DFT; matched float windows; direct bands and EMA,binary64 FFT / long-double direct DFT,2048,2048,16779264,16779264,2.428253746068979e-07,2.832279085325651e-07,0.0011609792709350586,unnormalized FFT magnitude,0,2560
3aeff8d50243a034,fc5482608d0d6e0a76fabd2ac1c58a1cbc8a94487e1a83b703a891065461a0e5,core-float,spec012-confirm-02,2,float,16384,1024,1,1,callback,steady,full,all-publications-v1,spectrum-norms-v1,independent recursive binary64 FFT / direct DFT; matched float windows; direct bands and EMA,binary64 FFT / long-double direct DFT,2048,2048,16779264,16779264,2.428253746068979e-07,2.832279085325651e-07,0.0011609792709350586,unnormalized FFT magnitude,0,2560
3aeff8d50243a034,fc5482608d0d6e0a76fabd2ac1c58a1cbc8a94487e1a83b703a891065461a0e5,core-float,spec012-confirm-03,0,float,16384,1024,1,1,callback,steady,full,all-publications-v1,spectrum-norms-v1,independent recursive binary64 FFT / direct DFT; matched float windows; direct bands and EMA,binary64 FFT / long-double direct DFT,2048,2048,16779264,16779264,2.428253746068979e-07,2.832279085325651e-07,0.0011609792709350586,unnormalized FFT magnitude,0,2560
3aeff8d50243a034,fc5482608d0d6e0a76fabd2ac1c58a1cbc8a94487e1a83b703a891065461a0e5,core-float,spec012-confirm-03,1,float,16384,1024,1,1,callback,steady,full,all-publications-v1,spectrum-norms-v1,independent recursive binary64 FFT / direct DFT; matched float windows; direct bands and EMA,binary64 FFT / long-double direct DFT,2048,2048,16779264,16779264,2.428253746068979e-07,2.832279085325651e-07,0.0011609792709350586,unnormalized FFT magnitude,0,2560
3aeff8d50243a034,fc5482608d0d6e0a76fabd2ac1c58a1cbc8a94487e1a83b703a891065461a0e5,core-float,spec012-confirm-03,2,float,16384,1024,1,1,callback,steady,full,all-publications-v1,spectrum-norms-v1,independent recursive binary64 FFT / direct DFT; matched float windows; direct bands and EMA,binary64 FFT / long-double direct DFT,2048,2048,16779264,16779264,2.428253746068979e-07,2.832279085325651e-07,0.0011609792709350586,unnormalized FFT magnitude,0,2560
3aeff8d50243a034,fcf400be9ea42e7fc91586e16f29af158afcfa536bd03fcac0aa4c708ef239a2,fftw-analysis-float,spec012-confirm-01,0,float,2048,1024,1,1,callback,steady,existing all-output numerical replay,archived-vector-counts,spectrum-norms-v1,direct DFT or binary64 FFT of matched frame bytes; direct band sums and EMA,see archived reference; precision not separately recorded,2048,2048,2099200,2099200,1.6833401972470574e-07,2.3817976355656692e-07,0.0001220703125,unnormalized FFT magnitude,0,0
3aeff8d50243a034,fcf400be9ea42e7fc91586e16f29af158afcfa536bd03fcac0aa4c708ef239a2,fftw-analysis-float,spec012-confirm-01,1,float,2048,1024,1,1,callback,steady,existing all-output numerical replay,archived-vector-counts,spectrum-norms-v1,direct DFT or binary64 FFT of matched frame bytes; direct band sums and EMA,see archived reference; precision not separately recorded,2048,2048,2099200,2099200,1.6833401972470574e-07,2.3817976355656692e-07,0.0001220703125,unnormalized FFT magnitude,0,0
3aeff8d50243a034,fcf400be9ea42e7fc91586e16f29af158afcfa536bd03fcac0aa4c708ef239a2,fftw-analysis-float,spec012-confirm-01,2,float,2048,1024,1,1,callback,steady,existing all-output numerical replay,archived-vector-counts,spectrum-norms-v1,direct DFT or binary64 FFT of matched frame bytes; direct band sums and EMA,see archived reference; precision not separately recorded,2048,2048,2099200,2099200,1.6833401972470574e-07,2.3817976355656692e-07,0.0001220703125,unnormalized FFT magnitude,0,0
3aeff8d50243a034,fcf400be9ea42e7fc91586e16f29af158afcfa536bd03fcac0aa4c708ef239a2,fftw-analysis-float,spec012-confirm-02,0,float,2048,1024,1,1,callback,steady,existing all-output numerical replay,archived-vector-counts,spectrum-norms-v1,direct DFT or binary64 FFT of matched frame bytes; direct band sums and EMA,see archived reference; precision not separately recorded,2048,2048,2099200,2099200,1.6833401972470574e-07,2.3817976355656692e-07,0.0001220703125,unnormalized FFT magnitude,0,0
3aeff8d50243a034,fcf400be9ea42e7fc91586e16f29af158afcfa536bd03fcac0aa4c708ef239a2,fftw-analysis-float,spec012-confirm-02,1,float,2048,1024,1,1,callback,steady,existing all-output numerical replay,archived-vector-counts,spectrum-norms-v1,direct DFT or binary64 FFT of matched frame bytes; direct band sums and EMA,see archived reference; precision not separately recorded,2048,2048,2099200,2099200,1.6833401972470574e-07,2.3817976355656692e-07,0.0001220703125,unnormalized FFT magnitude,0,0
3aeff8d50243a034,fcf400be9ea42e7fc91586e16f29af158afcfa536bd03fcac0aa4c708ef239a2,fftw-analysis-float,spec012-confirm-02,2,float,2048,1024,1,1,callback,steady,existing all-output numerical replay,archived-vector-counts,spectrum-norms-v1,direct DFT or binary64 FFT of matched frame bytes; direct band sums and EMA,see archived reference; precision not separately recorded,2048,2048,2099200,2099200,1.6833401972470574e-07,2.3817976355656692e-07,0.0001220703125,unnormalized FFT magnitude,0,0
3aeff8d50243a034,fcf400be9ea42e7fc91586e16f29af158afcfa536bd03fcac0aa4c708ef239a2,fftw-analysis-float,spec012-confirm-03,0,float,2048,1024,1,1,callback,steady,existing all-output numerical replay,archived-vector-counts,spectrum-norms-v1,direct DFT or binary64 FFT of matched frame bytes; direct band sums and EMA,see archived reference; precision not separately recorded,2048,2048,2099200,2099200,1.6833401972470574e-07,2.3817976355656692e-07,0.0001220703125,unnormalized FFT magnitude,0,0
3aeff8d50243a034,fcf400be9ea42e7fc91586e16f29af158afcfa536bd03fcac0aa4c708ef239a2,fftw-analysis-float,spec012-confirm-03,1,float,2048,1024,1,1,callback,steady,existing all-output numerical replay,archived-vector-counts,spectrum-norms-v1,direct DFT or binary64 FFT of matched frame bytes; direct band sums and EMA,see archived reference; precision not separately recorded,2048,2048,2099200,2099200,1.6833401972470574e-07,2.3817976355656692e-07,0.0001220703125,unnormalized FFT magnitude,0,0
3aeff8d50243a034,fcf400be9ea42e7fc91586e16f29af158afcfa536bd03fcac0aa4c708ef239a2,fftw-analysis-float,spec012-confirm-03,2,float,2048,1024,1,1,callback,steady,existing all-output numerical replay,archived-vector-counts,spectrum-norms-v1,direct DFT or binary64 FFT of matched frame bytes; direct band sums and EMA,see archived reference; precision not separately recorded,2048,2048,2099200,2099200,1.6833401972470574e-07,2.3817976355656692e-07,0.0001220703125,unnormalized FFT magnitude,0,0
3aeff8d50243a034,fda9e3879ea84da29ae6214127d25eb7b7b18156b9b3b963d0dd176c5d3fe8f5,pffft-hybrid-float,spec012-confirm-01,0,float,2048,1024,1,1,callback,steady,existing all-output numerical replay,archived-vector-counts,spectrum-norms-v1,direct DFT or binary64 FFT of matched frame bytes; direct band sums and EMA,see archived reference; precision not separately recorded,2048,2048,2099200,2099200,1.2019560717045903e-07,1.191954924079027e-07,6.103515625e-05,unnormalized FFT magnitude,0,0
3aeff8d50243a034,fda9e3879ea84da29ae6214127d25eb7b7b18156b9b3b963d0dd176c5d3fe8f5,pffft-hybrid-float,spec012-confirm-01,1,float,2048,1024,1,1,callback,steady,existing all-output numerical replay,archived-vector-counts,spectrum-norms-v1,direct DFT or binary64 FFT of matched frame bytes; direct band sums and EMA,see archived reference; precision not separately recorded,2048,2048,2099200,2099200,1.2019560717045903e-07,1.191954924079027e-07,6.103515625e-05,unnormalized FFT magnitude,0,0
3aeff8d50243a034,fda9e3879ea84da29ae6214127d25eb7b7b18156b9b3b963d0dd176c5d3fe8f5,pffft-hybrid-float,spec012-confirm-01,2,float,2048,1024,1,1,callback,steady,existing all-output numerical replay,archived-vector-counts,spectrum-norms-v1,direct DFT or binary64 FFT of matched frame bytes; direct band sums and EMA,see archived reference; precision not separately recorded,2048,2048,2099200,2099200,1.2019560717045903e-07,1.191954924079027e-07,6.103515625e-05,unnormalized FFT magnitude,0,0
3aeff8d50243a034,fda9e3879ea84da29ae6214127d25eb7b7b18156b9b3b963d0dd176c5d3fe8f5,pffft-hybrid-float,spec012-confirm-02,0,float,2048,1024,1,1,callback,steady,existing all-output numerical replay,archived-vector-counts,spectrum-norms-v1,direct DFT or binary64 FFT of matched frame bytes; direct band sums and EMA,see archived reference; precision not separately recorded,2048,2048,2099200,2099200,1.2019560717045903e-07,1.191954924079027e-07,6.103515625e-05,unnormalized FFT magnitude,0,0
3aeff8d50243a034,fda9e3879ea84da29ae6214127d25eb7b7b18156b9b3b963d0dd176c5d3fe8f5,pffft-hybrid-float,spec012-confirm-02,1,float,2048,1024,1,1,callback,steady,existing all-output numerical replay,archived-vector-counts,spectrum-norms-v1,direct DFT or binary64 FFT of matched frame bytes; direct band sums and EMA,see archived reference; precision not separately recorded,2048,2048,2099200,2099200,1.2019560717045903e-07,1.191954924079027e-07,6.103515625e-05,unnormalized FFT magnitude,0,0
3aeff8d50243a034,fda9e3879ea84da29ae6214127d25eb7b7b18156b9b3b963d0dd176c5d3fe8f5,pffft-hybrid-float,spec012-confirm-02,2,float,2048,1024,1,1,callback,steady,existing all-output numerical replay,archived-vector-counts,spectrum-norms-v1,direct DFT or binary64 FFT of matched frame bytes; direct band sums and EMA,see archived reference; precision not separately recorded,2048,2048,2099200,2099200,1.2019560717045903e-07,1.191954924079027e-07,6.103515625e-05,unnormalized FFT magnitude,0,0
3aeff8d50243a034,fda9e3879ea84da29ae6214127d25eb7b7b18156b9b3b963d0dd176c5d3fe8f5,pffft-hybrid-float,spec012-confirm-03,0,float,2048,1024,1,1,callback,steady,existing all-output numerical replay,archived-vector-counts,spectrum-norms-v1,direct DFT or binary64 FFT of matched frame bytes; direct band sums and EMA,see archived reference; precision not separately recorded,2048,2048,2099200,2099200,1.2019560717045903e-07,1.191954924079027e-07,6.103515625e-05,unnormalized FFT magnitude,0,0
3aeff8d50243a034,fda9e3879ea84da29ae6214127d25eb7b7b18156b9b3b963d0dd176c5d3fe8f5,pffft-hybrid-float,spec012-confirm-03,1,float,2048,1024,1,1,callback,steady,existing all-output numerical replay,archived-vector-counts,spectrum-norms-v1,direct DFT or binary64 FFT of matched frame bytes; direct band sums and EMA,see archived reference; precision not separately recorded,2048,2048,2099200,2099200,1.2019560717045903e-07,1.191954924079027e-07,6.103515625e-05,unnormalized FFT magnitude,0,0
3aeff8d50243a034,fda9e3879ea84da29ae6214127d25eb7b7b18156b9b3b963d0dd176c5d3fe8f5,pffft-hybrid-float,spec012-confirm-03,2,float,2048,1024,1,1,callback,steady,existing all-output numerical replay,archived-vector-counts,spectrum-norms-v1,direct DFT or binary64 FFT of matched frame bytes; direct band sums and EMA,see archived reference; precision not separately recorded,2048,2048,2099200,2099200,1.2019560717045903e-07,1.191954924079027e-07,6.103515625e-05,unnormalized FFT magnitude,0,0
3aeff8d50243a034,fe79b9fb97c0857c5fd2b973b23beed2e07d68822c2294fd47ce6d9ffe6da497,pffft-analysis-float,spec012-confirm-01,0,float,16384,1024,1,1,throughput,steady,existing all-output numerical replay,archived-vector-counts,spectrum-norms-v1,direct DFT or binary64 FFT of matched frame bytes; direct band sums and EMA,see archived reference; precision not separately recorded,2048,2048,16779264,16779264,1.222607767483183e-07,1.1919512301234683e-07,0.00048828125,unnormalized FFT magnitude,0,32
3aeff8d50243a034,fe79b9fb97c0857c5fd2b973b23beed2e07d68822c2294fd47ce6d9ffe6da497,pffft-analysis-float,spec012-confirm-01,1,float,16384,1024,1,1,throughput,steady,existing all-output numerical replay,archived-vector-counts,spectrum-norms-v1,direct DFT or binary64 FFT of matched frame bytes; direct band sums and EMA,see archived reference; precision not separately recorded,2048,2048,16779264,16779264,1.222607767483183e-07,1.1919512301234683e-07,0.00048828125,unnormalized FFT magnitude,0,32
3aeff8d50243a034,fe79b9fb97c0857c5fd2b973b23beed2e07d68822c2294fd47ce6d9ffe6da497,pffft-analysis-float,spec012-confirm-01,2,float,16384,1024,1,1,throughput,steady,existing all-output numerical replay,archived-vector-counts,spectrum-norms-v1,direct DFT or binary64 FFT of matched frame bytes; direct band sums and EMA,see archived reference; precision not separately recorded,2048,2048,16779264,16779264,1.222607767483183e-07,1.1919512301234683e-07,0.00048828125,unnormalized FFT magnitude,0,32
3aeff8d50243a034,fe79b9fb97c0857c5fd2b973b23beed2e07d68822c2294fd47ce6d9ffe6da497,pffft-analysis-float,spec012-confirm-02,0,float,16384,1024,1,1,throughput,steady,existing all-output numerical replay,archived-vector-counts,spectrum-norms-v1,direct DFT or binary64 FFT of matched frame bytes; direct band sums and EMA,see archived reference; precision not separately recorded,2048,2048,16779264,16779264,1.222607767483183e-07,1.1919512301234683e-07,0.00048828125,unnormalized FFT magnitude,0,32
3aeff8d50243a034,fe79b9fb97c0857c5fd2b973b23beed2e07d68822c2294fd47ce6d9ffe6da497,pffft-analysis-float,spec012-confirm-02,1,float,16384,1024,1,1,throughput,steady,existing all-output numerical replay,archived-vector-counts,spectrum-norms-v1,direct DFT or binary64 FFT of matched frame bytes; direct band sums and EMA,see archived reference; precision not separately recorded,2048,2048,16779264,16779264,1.222607767483183e-07,1.1919512301234683e-07,0.00048828125,unnormalized FFT magnitude,0,32
3aeff8d50243a034,fe79b9fb97c0857c5fd2b973b23beed2e07d68822c2294fd47ce6d9ffe6da497,pffft-analysis-float,spec012-confirm-02,2,float,16384,1024,1,1,throughput,steady,existing all-output numerical replay,archived-vector-counts,spectrum-norms-v1,direct DFT or binary64 FFT of matched frame bytes; direct band sums and EMA,see archived reference; precision not separately recorded,2048,2048,16779264,16779264,1.222607767483183e-07,1.1919512301234683e-07,0.00048828125,unnormalized FFT magnitude,0,32
3aeff8d50243a034,fe79b9fb97c0857c5fd2b973b23beed2e07d68822c2294fd47ce6d9ffe6da497,pffft-analysis-float,spec012-confirm-03,0,float,16384,1024,1,1,throughput,steady,existing all-output numerical replay,archived-vector-counts,spectrum-norms-v1,direct DFT or binary64 FFT of matched frame bytes; direct band sums and EMA,see archived reference; precision not separately recorded,2048,2048,16779264,16779264,1.222607767483183e-07,1.1919512301234683e-07,0.00048828125,unnormalized FFT magnitude,0,32
3aeff8d50243a034,fe79b9fb97c0857c5fd2b973b23beed2e07d68822c2294fd47ce6d9ffe6da497,pffft-analysis-float,spec012-confirm-03,1,float,16384,1024,1,1,throughput,steady,existing all-output numerical replay,archived-vector-counts,spectrum-norms-v1,direct DFT or binary64 FFT of matched frame bytes; direct band sums and EMA,see archived reference; precision not separately recorded,2048,2048,16779264,16779264,1.222607767483183e-07,1.1919512301234683e-07,0.00048828125,unnormalized FFT magnitude,0,32
3aeff8d50243a034,fe79b9fb97c0857c5fd2b973b23beed2e07d68822c2294fd47ce6d9ffe6da497,pffft-analysis-float,spec012-confirm-03,2,float,16384,1024,1,1,throughput,steady,existing all-output numerical replay,archived-vector-counts,spectrum-norms-v1,direct DFT or binary64 FFT of matched frame bytes; direct band sums and EMA,see archived reference; precision not separately recorded,2048,2048,16779264,16779264,1.222607767483183e-07,1.1919512301234683e-07,0.00048828125,unnormalized FFT magnitude,0,32
