stratum,host,config_sha256,backend,precision,session,repeat,suite,control,horizon_samples,rate,block,raw,raw_sha256,transition_sha256,generation,reason,request_sample,application_sample,first_publication_sample,outcome,replaced_by,requested_settings,application_latency_samples,application_latency_ms,first_publication_latency_samples,first_publication_latency_ms
3aeff8d50243a034,m1-pro-16gb-local,015848996f04bad3f9e2cabd656c5dbef77271064f079674caa78acdd1a0a2b7,pffft-hybrid-float,float,spec012-confirm-01,0,interactive-v1,False,2368,48000,64,/Users/christiankauten/Documents/Projects/Rack/plugins/Fourier/.build/spec012/confirm-01-transitions/workload-0004-repeat-00.csv,53fbdb3f820b0a1660c0b90f46b1e90150bc687b9b3d32f17be2583ac94a09f1,1efc1e7dc37a7473a9f7fbbabf9079c8d687a9225c2f4c594b31d75fcff2a438,1,length-increase-boundary,74,74,110,published,-1,"{""alpha"": 0, ""hop"": 37, ""n"": 1024, ""octave"": 0, ""rate"": 48000, ""window"": 8}",0,0.0,36,0.75
3aeff8d50243a034,m1-pro-16gb-local,015848996f04bad3f9e2cabd656c5dbef77271064f079674caa78acdd1a0a2b7,pffft-hybrid-float,float,spec012-confirm-01,0,interactive-v1,False,2368,48000,64,/Users/christiankauten/Documents/Projects/Rack/plugins/Fourier/.build/spec012/confirm-01-transitions/workload-0004-repeat-00.csv,53fbdb3f820b0a1660c0b90f46b1e90150bc687b9b3d32f17be2583ac94a09f1,1efc1e7dc37a7473a9f7fbbabf9079c8d687a9225c2f4c594b31d75fcff2a438,2,length-decrease-early,149,185,221,published,-1,"{""alpha"": 0, ""hop"": 37, ""n"": 128, ""octave"": 0, ""rate"": 48000, ""window"": 8}",36,0.75,72,1.5
3aeff8d50243a034,m1-pro-16gb-local,015848996f04bad3f9e2cabd656c5dbef77271064f079674caa78acdd1a0a2b7,pffft-hybrid-float,float,spec012-confirm-01,0,interactive-v1,False,2368,48000,64,/Users/christiankauten/Documents/Projects/Rack/plugins/Fourier/.build/spec012/confirm-01-transitions/workload-0004-repeat-00.csv,53fbdb3f820b0a1660c0b90f46b1e90150bc687b9b3d32f17be2583ac94a09f1,1efc1e7dc37a7473a9f7fbbabf9079c8d687a9225c2f4c594b31d75fcff2a438,3,hop-increase-middle,240,259,332,published,-1,"{""alpha"": 0, ""hop"": 74, ""n"": 128, ""octave"": 0, ""rate"": 48000, ""window"": 8}",19,0.3958333333333333,92,1.9166666666666667
3aeff8d50243a034,m1-pro-16gb-local,015848996f04bad3f9e2cabd656c5dbef77271064f079674caa78acdd1a0a2b7,pffft-hybrid-float,float,spec012-confirm-01,0,interactive-v1,False,2368,48000,64,/Users/christiankauten/Documents/Projects/Rack/plugins/Fourier/.build/spec012/confirm-01-transitions/workload-0004-repeat-00.csv,53fbdb3f820b0a1660c0b90f46b1e90150bc687b9b3d32f17be2583ac94a09f1,1efc1e7dc37a7473a9f7fbbabf9079c8d687a9225c2f4c594b31d75fcff2a438,4,window-late,405,407,480,published,-1,"{""alpha"": 0, ""hop"": 74, ""n"": 128, ""octave"": 0, ""rate"": 48000, ""window"": 11}",2,0.041666666666666664,75,1.5625
3aeff8d50243a034,m1-pro-16gb-local,015848996f04bad3f9e2cabd656c5dbef77271064f079674caa78acdd1a0a2b7,pffft-hybrid-float,float,spec012-confirm-01,0,interactive-v1,False,2368,48000,64,/Users/christiankauten/Documents/Projects/Rack/plugins/Fourier/.build/spec012/confirm-01-transitions/workload-0004-repeat-00.csv,53fbdb3f820b0a1660c0b90f46b1e90150bc687b9b3d32f17be2583ac94a09f1,1efc1e7dc37a7473a9f7fbbabf9079c8d687a9225c2f4c594b31d75fcff2a438,5,smoothing-before-publication,480,481,554,published,-1,"{""alpha"": 0.800000011920929, ""hop"": 74, ""n"": 128, ""octave"": 0.3333333432674408, ""rate"": 48000, ""window"": 11}",1,0.020833333333333332,74,1.5416666666666667
3aeff8d50243a034,m1-pro-16gb-local,015848996f04bad3f9e2cabd656c5dbef77271064f079674caa78acdd1a0a2b7,pffft-hybrid-float,float,spec012-confirm-01,0,interactive-v1,False,2368,48000,64,/Users/christiankauten/Documents/Projects/Rack/plugins/Fourier/.build/spec012/confirm-01-transitions/workload-0004-repeat-00.csv,53fbdb3f820b0a1660c0b90f46b1e90150bc687b9b3d32f17be2583ac94a09f1,1efc1e7dc37a7473a9f7fbbabf9079c8d687a9225c2f4c594b31d75fcff2a438,6,no-op-boundary,555,555,628,published,-1,"{""alpha"": 0.800000011920929, ""hop"": 74, ""n"": 128, ""octave"": 0.3333333432674408, ""rate"": 48000, ""window"": 11}",0,0.0,73,1.5208333333333333
3aeff8d50243a034,m1-pro-16gb-local,015848996f04bad3f9e2cabd656c5dbef77271064f079674caa78acdd1a0a2b7,pffft-hybrid-float,float,spec012-confirm-01,0,interactive-v1,False,2368,48000,64,/Users/christiankauten/Documents/Projects/Rack/plugins/Fourier/.build/spec012/confirm-01-transitions/workload-0004-repeat-00.csv,53fbdb3f820b0a1660c0b90f46b1e90150bc687b9b3d32f17be2583ac94a09f1,1efc1e7dc37a7473a9f7fbbabf9079c8d687a9225c2f4c594b31d75fcff2a438,7,replace-pending-first,630,-1,-1,replaced,8,"{""alpha"": 0.800000011920929, ""hop"": 74, ""n"": 128, ""octave"": 0.3333333432674408, ""rate"": 48000, ""window"": 8}",,,,
3aeff8d50243a034,m1-pro-16gb-local,015848996f04bad3f9e2cabd656c5dbef77271064f079674caa78acdd1a0a2b7,pffft-hybrid-float,float,spec012-confirm-01,0,interactive-v1,False,2368,48000,64,/Users/christiankauten/Documents/Projects/Rack/plugins/Fourier/.build/spec012/confirm-01-transitions/workload-0004-repeat-00.csv,53fbdb3f820b0a1660c0b90f46b1e90150bc687b9b3d32f17be2583ac94a09f1,1efc1e7dc37a7473a9f7fbbabf9079c8d687a9225c2f4c594b31d75fcff2a438,8,replace-pending-last,631,703,776,published,-1,"{""alpha"": 0, ""hop"": 74, ""n"": 128, ""octave"": 0.3333333432674408, ""rate"": 48000, ""window"": 8}",72,1.5,145,3.0208333333333335
3aeff8d50243a034,m1-pro-16gb-local,015848996f04bad3f9e2cabd656c5dbef77271064f079674caa78acdd1a0a2b7,pffft-hybrid-float,float,spec012-confirm-01,0,interactive-v1,False,2368,48000,64,/Users/christiankauten/Documents/Projects/Rack/plugins/Fourier/.build/spec012/confirm-01-transitions/workload-0004-repeat-00.csv,53fbdb3f820b0a1660c0b90f46b1e90150bc687b9b3d32f17be2583ac94a09f1,1efc1e7dc37a7473a9f7fbbabf9079c8d687a9225c2f4c594b31d75fcff2a438,9,hop-decrease-boundary,777,777,794,published,-1,"{""alpha"": 0, ""hop"": 18, ""n"": 128, ""octave"": 0.3333333432674408, ""rate"": 48000, ""window"": 8}",0,0.0,17,0.3541666666666667
3aeff8d50243a034,m1-pro-16gb-local,015848996f04bad3f9e2cabd656c5dbef77271064f079674caa78acdd1a0a2b7,pffft-hybrid-float,float,spec012-confirm-01,0,interactive-v1,False,2368,48000,64,/Users/christiankauten/Documents/Projects/Rack/plugins/Fourier/.build/spec012/confirm-01-transitions/workload-0004-repeat-00.csv,53fbdb3f820b0a1660c0b90f46b1e90150bc687b9b3d32f17be2583ac94a09f1,1efc1e7dc37a7473a9f7fbbabf9079c8d687a9225c2f4c594b31d75fcff2a438,10,smoothing-disable,852,867,884,published,-1,"{""alpha"": 0, ""hop"": 18, ""n"": 128, ""octave"": 0, ""rate"": 48000, ""window"": 8}",15,0.3125,32,0.6666666666666666
3aeff8d50243a034,m1-pro-16gb-local,015848996f04bad3f9e2cabd656c5dbef77271064f079674caa78acdd1a0a2b7,pffft-hybrid-float,float,spec012-confirm-01,0,interactive-v1,False,2368,48000,64,/Users/christiankauten/Documents/Projects/Rack/plugins/Fourier/.build/spec012/confirm-01-transitions/workload-0004-repeat-00.csv,53fbdb3f820b0a1660c0b90f46b1e90150bc687b9b3d32f17be2583ac94a09f1,1efc1e7dc37a7473a9f7fbbabf9079c8d687a9225c2f4c594b31d75fcff2a438,11,horizon-no-response,2367,-1,-1,pending-no-response,-1,"{""alpha"": 0, ""hop"": 18, ""n"": 128, ""octave"": 0, ""rate"": 48000, ""window"": 0}",,,,
3aeff8d50243a034,m1-pro-16gb-local,015848996f04bad3f9e2cabd656c5dbef77271064f079674caa78acdd1a0a2b7,pffft-hybrid-float,float,spec012-confirm-01,1,interactive-v1,False,2368,48000,64,/Users/christiankauten/Documents/Projects/Rack/plugins/Fourier/.build/spec012/confirm-01-transitions/workload-0004-repeat-01.csv,1d9df06ed2bec34b1deb18af5584e5cdf6d19baae83f73bddcdbe1c4deca4bf6,1efc1e7dc37a7473a9f7fbbabf9079c8d687a9225c2f4c594b31d75fcff2a438,1,length-increase-boundary,74,74,110,published,-1,"{""alpha"": 0, ""hop"": 37, ""n"": 1024, ""octave"": 0, ""rate"": 48000, ""window"": 8}",0,0.0,36,0.75
3aeff8d50243a034,m1-pro-16gb-local,015848996f04bad3f9e2cabd656c5dbef77271064f079674caa78acdd1a0a2b7,pffft-hybrid-float,float,spec012-confirm-01,1,interactive-v1,False,2368,48000,64,/Users/christiankauten/Documents/Projects/Rack/plugins/Fourier/.build/spec012/confirm-01-transitions/workload-0004-repeat-01.csv,1d9df06ed2bec34b1deb18af5584e5cdf6d19baae83f73bddcdbe1c4deca4bf6,1efc1e7dc37a7473a9f7fbbabf9079c8d687a9225c2f4c594b31d75fcff2a438,2,length-decrease-early,149,185,221,published,-1,"{""alpha"": 0, ""hop"": 37, ""n"": 128, ""octave"": 0, ""rate"": 48000, ""window"": 8}",36,0.75,72,1.5
3aeff8d50243a034,m1-pro-16gb-local,015848996f04bad3f9e2cabd656c5dbef77271064f079674caa78acdd1a0a2b7,pffft-hybrid-float,float,spec012-confirm-01,1,interactive-v1,False,2368,48000,64,/Users/christiankauten/Documents/Projects/Rack/plugins/Fourier/.build/spec012/confirm-01-transitions/workload-0004-repeat-01.csv,1d9df06ed2bec34b1deb18af5584e5cdf6d19baae83f73bddcdbe1c4deca4bf6,1efc1e7dc37a7473a9f7fbbabf9079c8d687a9225c2f4c594b31d75fcff2a438,3,hop-increase-middle,240,259,332,published,-1,"{""alpha"": 0, ""hop"": 74, ""n"": 128, ""octave"": 0, ""rate"": 48000, ""window"": 8}",19,0.3958333333333333,92,1.9166666666666667
3aeff8d50243a034,m1-pro-16gb-local,015848996f04bad3f9e2cabd656c5dbef77271064f079674caa78acdd1a0a2b7,pffft-hybrid-float,float,spec012-confirm-01,1,interactive-v1,False,2368,48000,64,/Users/christiankauten/Documents/Projects/Rack/plugins/Fourier/.build/spec012/confirm-01-transitions/workload-0004-repeat-01.csv,1d9df06ed2bec34b1deb18af5584e5cdf6d19baae83f73bddcdbe1c4deca4bf6,1efc1e7dc37a7473a9f7fbbabf9079c8d687a9225c2f4c594b31d75fcff2a438,4,window-late,405,407,480,published,-1,"{""alpha"": 0, ""hop"": 74, ""n"": 128, ""octave"": 0, ""rate"": 48000, ""window"": 11}",2,0.041666666666666664,75,1.5625
3aeff8d50243a034,m1-pro-16gb-local,015848996f04bad3f9e2cabd656c5dbef77271064f079674caa78acdd1a0a2b7,pffft-hybrid-float,float,spec012-confirm-01,1,interactive-v1,False,2368,48000,64,/Users/christiankauten/Documents/Projects/Rack/plugins/Fourier/.build/spec012/confirm-01-transitions/workload-0004-repeat-01.csv,1d9df06ed2bec34b1deb18af5584e5cdf6d19baae83f73bddcdbe1c4deca4bf6,1efc1e7dc37a7473a9f7fbbabf9079c8d687a9225c2f4c594b31d75fcff2a438,5,smoothing-before-publication,480,481,554,published,-1,"{""alpha"": 0.800000011920929, ""hop"": 74, ""n"": 128, ""octave"": 0.3333333432674408, ""rate"": 48000, ""window"": 11}",1,0.020833333333333332,74,1.5416666666666667
3aeff8d50243a034,m1-pro-16gb-local,015848996f04bad3f9e2cabd656c5dbef77271064f079674caa78acdd1a0a2b7,pffft-hybrid-float,float,spec012-confirm-01,1,interactive-v1,False,2368,48000,64,/Users/christiankauten/Documents/Projects/Rack/plugins/Fourier/.build/spec012/confirm-01-transitions/workload-0004-repeat-01.csv,1d9df06ed2bec34b1deb18af5584e5cdf6d19baae83f73bddcdbe1c4deca4bf6,1efc1e7dc37a7473a9f7fbbabf9079c8d687a9225c2f4c594b31d75fcff2a438,6,no-op-boundary,555,555,628,published,-1,"{""alpha"": 0.800000011920929, ""hop"": 74, ""n"": 128, ""octave"": 0.3333333432674408, ""rate"": 48000, ""window"": 11}",0,0.0,73,1.5208333333333333
3aeff8d50243a034,m1-pro-16gb-local,015848996f04bad3f9e2cabd656c5dbef77271064f079674caa78acdd1a0a2b7,pffft-hybrid-float,float,spec012-confirm-01,1,interactive-v1,False,2368,48000,64,/Users/christiankauten/Documents/Projects/Rack/plugins/Fourier/.build/spec012/confirm-01-transitions/workload-0004-repeat-01.csv,1d9df06ed2bec34b1deb18af5584e5cdf6d19baae83f73bddcdbe1c4deca4bf6,1efc1e7dc37a7473a9f7fbbabf9079c8d687a9225c2f4c594b31d75fcff2a438,7,replace-pending-first,630,-1,-1,replaced,8,"{""alpha"": 0.800000011920929, ""hop"": 74, ""n"": 128, ""octave"": 0.3333333432674408, ""rate"": 48000, ""window"": 8}",,,,
3aeff8d50243a034,m1-pro-16gb-local,015848996f04bad3f9e2cabd656c5dbef77271064f079674caa78acdd1a0a2b7,pffft-hybrid-float,float,spec012-confirm-01,1,interactive-v1,False,2368,48000,64,/Users/christiankauten/Documents/Projects/Rack/plugins/Fourier/.build/spec012/confirm-01-transitions/workload-0004-repeat-01.csv,1d9df06ed2bec34b1deb18af5584e5cdf6d19baae83f73bddcdbe1c4deca4bf6,1efc1e7dc37a7473a9f7fbbabf9079c8d687a9225c2f4c594b31d75fcff2a438,8,replace-pending-last,631,703,776,published,-1,"{""alpha"": 0, ""hop"": 74, ""n"": 128, ""octave"": 0.3333333432674408, ""rate"": 48000, ""window"": 8}",72,1.5,145,3.0208333333333335
3aeff8d50243a034,m1-pro-16gb-local,015848996f04bad3f9e2cabd656c5dbef77271064f079674caa78acdd1a0a2b7,pffft-hybrid-float,float,spec012-confirm-01,1,interactive-v1,False,2368,48000,64,/Users/christiankauten/Documents/Projects/Rack/plugins/Fourier/.build/spec012/confirm-01-transitions/workload-0004-repeat-01.csv,1d9df06ed2bec34b1deb18af5584e5cdf6d19baae83f73bddcdbe1c4deca4bf6,1efc1e7dc37a7473a9f7fbbabf9079c8d687a9225c2f4c594b31d75fcff2a438,9,hop-decrease-boundary,777,777,794,published,-1,"{""alpha"": 0, ""hop"": 18, ""n"": 128, ""octave"": 0.3333333432674408, ""rate"": 48000, ""window"": 8}",0,0.0,17,0.3541666666666667
3aeff8d50243a034,m1-pro-16gb-local,015848996f04bad3f9e2cabd656c5dbef77271064f079674caa78acdd1a0a2b7,pffft-hybrid-float,float,spec012-confirm-01,1,interactive-v1,False,2368,48000,64,/Users/christiankauten/Documents/Projects/Rack/plugins/Fourier/.build/spec012/confirm-01-transitions/workload-0004-repeat-01.csv,1d9df06ed2bec34b1deb18af5584e5cdf6d19baae83f73bddcdbe1c4deca4bf6,1efc1e7dc37a7473a9f7fbbabf9079c8d687a9225c2f4c594b31d75fcff2a438,10,smoothing-disable,852,867,884,published,-1,"{""alpha"": 0, ""hop"": 18, ""n"": 128, ""octave"": 0, ""rate"": 48000, ""window"": 8}",15,0.3125,32,0.6666666666666666
3aeff8d50243a034,m1-pro-16gb-local,015848996f04bad3f9e2cabd656c5dbef77271064f079674caa78acdd1a0a2b7,pffft-hybrid-float,float,spec012-confirm-01,1,interactive-v1,False,2368,48000,64,/Users/christiankauten/Documents/Projects/Rack/plugins/Fourier/.build/spec012/confirm-01-transitions/workload-0004-repeat-01.csv,1d9df06ed2bec34b1deb18af5584e5cdf6d19baae83f73bddcdbe1c4deca4bf6,1efc1e7dc37a7473a9f7fbbabf9079c8d687a9225c2f4c594b31d75fcff2a438,11,horizon-no-response,2367,-1,-1,pending-no-response,-1,"{""alpha"": 0, ""hop"": 18, ""n"": 128, ""octave"": 0, ""rate"": 48000, ""window"": 0}",,,,
3aeff8d50243a034,m1-pro-16gb-local,015848996f04bad3f9e2cabd656c5dbef77271064f079674caa78acdd1a0a2b7,pffft-hybrid-float,float,spec012-confirm-01,2,interactive-v1,False,2368,48000,64,/Users/christiankauten/Documents/Projects/Rack/plugins/Fourier/.build/spec012/confirm-01-transitions/workload-0004-repeat-02.csv,1d1048a175a2372472a875501bb65363d9ef4870e044f9329087fbd3348a141d,1efc1e7dc37a7473a9f7fbbabf9079c8d687a9225c2f4c594b31d75fcff2a438,1,length-increase-boundary,74,74,110,published,-1,"{""alpha"": 0, ""hop"": 37, ""n"": 1024, ""octave"": 0, ""rate"": 48000, ""window"": 8}",0,0.0,36,0.75
3aeff8d50243a034,m1-pro-16gb-local,015848996f04bad3f9e2cabd656c5dbef77271064f079674caa78acdd1a0a2b7,pffft-hybrid-float,float,spec012-confirm-01,2,interactive-v1,False,2368,48000,64,/Users/christiankauten/Documents/Projects/Rack/plugins/Fourier/.build/spec012/confirm-01-transitions/workload-0004-repeat-02.csv,1d1048a175a2372472a875501bb65363d9ef4870e044f9329087fbd3348a141d,1efc1e7dc37a7473a9f7fbbabf9079c8d687a9225c2f4c594b31d75fcff2a438,2,length-decrease-early,149,185,221,published,-1,"{""alpha"": 0, ""hop"": 37, ""n"": 128, ""octave"": 0, ""rate"": 48000, ""window"": 8}",36,0.75,72,1.5
3aeff8d50243a034,m1-pro-16gb-local,015848996f04bad3f9e2cabd656c5dbef77271064f079674caa78acdd1a0a2b7,pffft-hybrid-float,float,spec012-confirm-01,2,interactive-v1,False,2368,48000,64,/Users/christiankauten/Documents/Projects/Rack/plugins/Fourier/.build/spec012/confirm-01-transitions/workload-0004-repeat-02.csv,1d1048a175a2372472a875501bb65363d9ef4870e044f9329087fbd3348a141d,1efc1e7dc37a7473a9f7fbbabf9079c8d687a9225c2f4c594b31d75fcff2a438,3,hop-increase-middle,240,259,332,published,-1,"{""alpha"": 0, ""hop"": 74, ""n"": 128, ""octave"": 0, ""rate"": 48000, ""window"": 8}",19,0.3958333333333333,92,1.9166666666666667
3aeff8d50243a034,m1-pro-16gb-local,015848996f04bad3f9e2cabd656c5dbef77271064f079674caa78acdd1a0a2b7,pffft-hybrid-float,float,spec012-confirm-01,2,interactive-v1,False,2368,48000,64,/Users/christiankauten/Documents/Projects/Rack/plugins/Fourier/.build/spec012/confirm-01-transitions/workload-0004-repeat-02.csv,1d1048a175a2372472a875501bb65363d9ef4870e044f9329087fbd3348a141d,1efc1e7dc37a7473a9f7fbbabf9079c8d687a9225c2f4c594b31d75fcff2a438,4,window-late,405,407,480,published,-1,"{""alpha"": 0, ""hop"": 74, ""n"": 128, ""octave"": 0, ""rate"": 48000, ""window"": 11}",2,0.041666666666666664,75,1.5625
3aeff8d50243a034,m1-pro-16gb-local,015848996f04bad3f9e2cabd656c5dbef77271064f079674caa78acdd1a0a2b7,pffft-hybrid-float,float,spec012-confirm-01,2,interactive-v1,False,2368,48000,64,/Users/christiankauten/Documents/Projects/Rack/plugins/Fourier/.build/spec012/confirm-01-transitions/workload-0004-repeat-02.csv,1d1048a175a2372472a875501bb65363d9ef4870e044f9329087fbd3348a141d,1efc1e7dc37a7473a9f7fbbabf9079c8d687a9225c2f4c594b31d75fcff2a438,5,smoothing-before-publication,480,481,554,published,-1,"{""alpha"": 0.800000011920929, ""hop"": 74, ""n"": 128, ""octave"": 0.3333333432674408, ""rate"": 48000, ""window"": 11}",1,0.020833333333333332,74,1.5416666666666667
3aeff8d50243a034,m1-pro-16gb-local,015848996f04bad3f9e2cabd656c5dbef77271064f079674caa78acdd1a0a2b7,pffft-hybrid-float,float,spec012-confirm-01,2,interactive-v1,False,2368,48000,64,/Users/christiankauten/Documents/Projects/Rack/plugins/Fourier/.build/spec012/confirm-01-transitions/workload-0004-repeat-02.csv,1d1048a175a2372472a875501bb65363d9ef4870e044f9329087fbd3348a141d,1efc1e7dc37a7473a9f7fbbabf9079c8d687a9225c2f4c594b31d75fcff2a438,6,no-op-boundary,555,555,628,published,-1,"{""alpha"": 0.800000011920929, ""hop"": 74, ""n"": 128, ""octave"": 0.3333333432674408, ""rate"": 48000, ""window"": 11}",0,0.0,73,1.5208333333333333
3aeff8d50243a034,m1-pro-16gb-local,015848996f04bad3f9e2cabd656c5dbef77271064f079674caa78acdd1a0a2b7,pffft-hybrid-float,float,spec012-confirm-01,2,interactive-v1,False,2368,48000,64,/Users/christiankauten/Documents/Projects/Rack/plugins/Fourier/.build/spec012/confirm-01-transitions/workload-0004-repeat-02.csv,1d1048a175a2372472a875501bb65363d9ef4870e044f9329087fbd3348a141d,1efc1e7dc37a7473a9f7fbbabf9079c8d687a9225c2f4c594b31d75fcff2a438,7,replace-pending-first,630,-1,-1,replaced,8,"{""alpha"": 0.800000011920929, ""hop"": 74, ""n"": 128, ""octave"": 0.3333333432674408, ""rate"": 48000, ""window"": 8}",,,,
3aeff8d50243a034,m1-pro-16gb-local,015848996f04bad3f9e2cabd656c5dbef77271064f079674caa78acdd1a0a2b7,pffft-hybrid-float,float,spec012-confirm-01,2,interactive-v1,False,2368,48000,64,/Users/christiankauten/Documents/Projects/Rack/plugins/Fourier/.build/spec012/confirm-01-transitions/workload-0004-repeat-02.csv,1d1048a175a2372472a875501bb65363d9ef4870e044f9329087fbd3348a141d,1efc1e7dc37a7473a9f7fbbabf9079c8d687a9225c2f4c594b31d75fcff2a438,8,replace-pending-last,631,703,776,published,-1,"{""alpha"": 0, ""hop"": 74, ""n"": 128, ""octave"": 0.3333333432674408, ""rate"": 48000, ""window"": 8}",72,1.5,145,3.0208333333333335
3aeff8d50243a034,m1-pro-16gb-local,015848996f04bad3f9e2cabd656c5dbef77271064f079674caa78acdd1a0a2b7,pffft-hybrid-float,float,spec012-confirm-01,2,interactive-v1,False,2368,48000,64,/Users/christiankauten/Documents/Projects/Rack/plugins/Fourier/.build/spec012/confirm-01-transitions/workload-0004-repeat-02.csv,1d1048a175a2372472a875501bb65363d9ef4870e044f9329087fbd3348a141d,1efc1e7dc37a7473a9f7fbbabf9079c8d687a9225c2f4c594b31d75fcff2a438,9,hop-decrease-boundary,777,777,794,published,-1,"{""alpha"": 0, ""hop"": 18, ""n"": 128, ""octave"": 0.3333333432674408, ""rate"": 48000, ""window"": 8}",0,0.0,17,0.3541666666666667
3aeff8d50243a034,m1-pro-16gb-local,015848996f04bad3f9e2cabd656c5dbef77271064f079674caa78acdd1a0a2b7,pffft-hybrid-float,float,spec012-confirm-01,2,interactive-v1,False,2368,48000,64,/Users/christiankauten/Documents/Projects/Rack/plugins/Fourier/.build/spec012/confirm-01-transitions/workload-0004-repeat-02.csv,1d1048a175a2372472a875501bb65363d9ef4870e044f9329087fbd3348a141d,1efc1e7dc37a7473a9f7fbbabf9079c8d687a9225c2f4c594b31d75fcff2a438,10,smoothing-disable,852,867,884,published,-1,"{""alpha"": 0, ""hop"": 18, ""n"": 128, ""octave"": 0, ""rate"": 48000, ""window"": 8}",15,0.3125,32,0.6666666666666666
3aeff8d50243a034,m1-pro-16gb-local,015848996f04bad3f9e2cabd656c5dbef77271064f079674caa78acdd1a0a2b7,pffft-hybrid-float,float,spec012-confirm-01,2,interactive-v1,False,2368,48000,64,/Users/christiankauten/Documents/Projects/Rack/plugins/Fourier/.build/spec012/confirm-01-transitions/workload-0004-repeat-02.csv,1d1048a175a2372472a875501bb65363d9ef4870e044f9329087fbd3348a141d,1efc1e7dc37a7473a9f7fbbabf9079c8d687a9225c2f4c594b31d75fcff2a438,11,horizon-no-response,2367,-1,-1,pending-no-response,-1,"{""alpha"": 0, ""hop"": 18, ""n"": 128, ""octave"": 0, ""rate"": 48000, ""window"": 0}",,,,
3aeff8d50243a034,m1-pro-16gb-local,015848996f04bad3f9e2cabd656c5dbef77271064f079674caa78acdd1a0a2b7,pffft-hybrid-float,float,spec012-confirm-02,0,interactive-v1,False,2368,48000,64,/Users/christiankauten/Documents/Projects/Rack/plugins/Fourier/.build/spec012/confirm-02-transitions/workload-0004-repeat-00.csv,d5872e367ed761f8ce4ec463ad105cba9cbef7e3b01c17c6bed1d27f71a86fa4,1efc1e7dc37a7473a9f7fbbabf9079c8d687a9225c2f4c594b31d75fcff2a438,1,length-increase-boundary,74,74,110,published,-1,"{""alpha"": 0, ""hop"": 37, ""n"": 1024, ""octave"": 0, ""rate"": 48000, ""window"": 8}",0,0.0,36,0.75
3aeff8d50243a034,m1-pro-16gb-local,015848996f04bad3f9e2cabd656c5dbef77271064f079674caa78acdd1a0a2b7,pffft-hybrid-float,float,spec012-confirm-02,0,interactive-v1,False,2368,48000,64,/Users/christiankauten/Documents/Projects/Rack/plugins/Fourier/.build/spec012/confirm-02-transitions/workload-0004-repeat-00.csv,d5872e367ed761f8ce4ec463ad105cba9cbef7e3b01c17c6bed1d27f71a86fa4,1efc1e7dc37a7473a9f7fbbabf9079c8d687a9225c2f4c594b31d75fcff2a438,2,length-decrease-early,149,185,221,published,-1,"{""alpha"": 0, ""hop"": 37, ""n"": 128, ""octave"": 0, ""rate"": 48000, ""window"": 8}",36,0.75,72,1.5
3aeff8d50243a034,m1-pro-16gb-local,015848996f04bad3f9e2cabd656c5dbef77271064f079674caa78acdd1a0a2b7,pffft-hybrid-float,float,spec012-confirm-02,0,interactive-v1,False,2368,48000,64,/Users/christiankauten/Documents/Projects/Rack/plugins/Fourier/.build/spec012/confirm-02-transitions/workload-0004-repeat-00.csv,d5872e367ed761f8ce4ec463ad105cba9cbef7e3b01c17c6bed1d27f71a86fa4,1efc1e7dc37a7473a9f7fbbabf9079c8d687a9225c2f4c594b31d75fcff2a438,3,hop-increase-middle,240,259,332,published,-1,"{""alpha"": 0, ""hop"": 74, ""n"": 128, ""octave"": 0, ""rate"": 48000, ""window"": 8}",19,0.3958333333333333,92,1.9166666666666667
3aeff8d50243a034,m1-pro-16gb-local,015848996f04bad3f9e2cabd656c5dbef77271064f079674caa78acdd1a0a2b7,pffft-hybrid-float,float,spec012-confirm-02,0,interactive-v1,False,2368,48000,64,/Users/christiankauten/Documents/Projects/Rack/plugins/Fourier/.build/spec012/confirm-02-transitions/workload-0004-repeat-00.csv,d5872e367ed761f8ce4ec463ad105cba9cbef7e3b01c17c6bed1d27f71a86fa4,1efc1e7dc37a7473a9f7fbbabf9079c8d687a9225c2f4c594b31d75fcff2a438,4,window-late,405,407,480,published,-1,"{""alpha"": 0, ""hop"": 74, ""n"": 128, ""octave"": 0, ""rate"": 48000, ""window"": 11}",2,0.041666666666666664,75,1.5625
3aeff8d50243a034,m1-pro-16gb-local,015848996f04bad3f9e2cabd656c5dbef77271064f079674caa78acdd1a0a2b7,pffft-hybrid-float,float,spec012-confirm-02,0,interactive-v1,False,2368,48000,64,/Users/christiankauten/Documents/Projects/Rack/plugins/Fourier/.build/spec012/confirm-02-transitions/workload-0004-repeat-00.csv,d5872e367ed761f8ce4ec463ad105cba9cbef7e3b01c17c6bed1d27f71a86fa4,1efc1e7dc37a7473a9f7fbbabf9079c8d687a9225c2f4c594b31d75fcff2a438,5,smoothing-before-publication,480,481,554,published,-1,"{""alpha"": 0.800000011920929, ""hop"": 74, ""n"": 128, ""octave"": 0.3333333432674408, ""rate"": 48000, ""window"": 11}",1,0.020833333333333332,74,1.5416666666666667
3aeff8d50243a034,m1-pro-16gb-local,015848996f04bad3f9e2cabd656c5dbef77271064f079674caa78acdd1a0a2b7,pffft-hybrid-float,float,spec012-confirm-02,0,interactive-v1,False,2368,48000,64,/Users/christiankauten/Documents/Projects/Rack/plugins/Fourier/.build/spec012/confirm-02-transitions/workload-0004-repeat-00.csv,d5872e367ed761f8ce4ec463ad105cba9cbef7e3b01c17c6bed1d27f71a86fa4,1efc1e7dc37a7473a9f7fbbabf9079c8d687a9225c2f4c594b31d75fcff2a438,6,no-op-boundary,555,555,628,published,-1,"{""alpha"": 0.800000011920929, ""hop"": 74, ""n"": 128, ""octave"": 0.3333333432674408, ""rate"": 48000, ""window"": 11}",0,0.0,73,1.5208333333333333
3aeff8d50243a034,m1-pro-16gb-local,015848996f04bad3f9e2cabd656c5dbef77271064f079674caa78acdd1a0a2b7,pffft-hybrid-float,float,spec012-confirm-02,0,interactive-v1,False,2368,48000,64,/Users/christiankauten/Documents/Projects/Rack/plugins/Fourier/.build/spec012/confirm-02-transitions/workload-0004-repeat-00.csv,d5872e367ed761f8ce4ec463ad105cba9cbef7e3b01c17c6bed1d27f71a86fa4,1efc1e7dc37a7473a9f7fbbabf9079c8d687a9225c2f4c594b31d75fcff2a438,7,replace-pending-first,630,-1,-1,replaced,8,"{""alpha"": 0.800000011920929, ""hop"": 74, ""n"": 128, ""octave"": 0.3333333432674408, ""rate"": 48000, ""window"": 8}",,,,
3aeff8d50243a034,m1-pro-16gb-local,015848996f04bad3f9e2cabd656c5dbef77271064f079674caa78acdd1a0a2b7,pffft-hybrid-float,float,spec012-confirm-02,0,interactive-v1,False,2368,48000,64,/Users/christiankauten/Documents/Projects/Rack/plugins/Fourier/.build/spec012/confirm-02-transitions/workload-0004-repeat-00.csv,d5872e367ed761f8ce4ec463ad105cba9cbef7e3b01c17c6bed1d27f71a86fa4,1efc1e7dc37a7473a9f7fbbabf9079c8d687a9225c2f4c594b31d75fcff2a438,8,replace-pending-last,631,703,776,published,-1,"{""alpha"": 0, ""hop"": 74, ""n"": 128, ""octave"": 0.3333333432674408, ""rate"": 48000, ""window"": 8}",72,1.5,145,3.0208333333333335
3aeff8d50243a034,m1-pro-16gb-local,015848996f04bad3f9e2cabd656c5dbef77271064f079674caa78acdd1a0a2b7,pffft-hybrid-float,float,spec012-confirm-02,0,interactive-v1,False,2368,48000,64,/Users/christiankauten/Documents/Projects/Rack/plugins/Fourier/.build/spec012/confirm-02-transitions/workload-0004-repeat-00.csv,d5872e367ed761f8ce4ec463ad105cba9cbef7e3b01c17c6bed1d27f71a86fa4,1efc1e7dc37a7473a9f7fbbabf9079c8d687a9225c2f4c594b31d75fcff2a438,9,hop-decrease-boundary,777,777,794,published,-1,"{""alpha"": 0, ""hop"": 18, ""n"": 128, ""octave"": 0.3333333432674408, ""rate"": 48000, ""window"": 8}",0,0.0,17,0.3541666666666667
3aeff8d50243a034,m1-pro-16gb-local,015848996f04bad3f9e2cabd656c5dbef77271064f079674caa78acdd1a0a2b7,pffft-hybrid-float,float,spec012-confirm-02,0,interactive-v1,False,2368,48000,64,/Users/christiankauten/Documents/Projects/Rack/plugins/Fourier/.build/spec012/confirm-02-transitions/workload-0004-repeat-00.csv,d5872e367ed761f8ce4ec463ad105cba9cbef7e3b01c17c6bed1d27f71a86fa4,1efc1e7dc37a7473a9f7fbbabf9079c8d687a9225c2f4c594b31d75fcff2a438,10,smoothing-disable,852,867,884,published,-1,"{""alpha"": 0, ""hop"": 18, ""n"": 128, ""octave"": 0, ""rate"": 48000, ""window"": 8}",15,0.3125,32,0.6666666666666666
3aeff8d50243a034,m1-pro-16gb-local,015848996f04bad3f9e2cabd656c5dbef77271064f079674caa78acdd1a0a2b7,pffft-hybrid-float,float,spec012-confirm-02,0,interactive-v1,False,2368,48000,64,/Users/christiankauten/Documents/Projects/Rack/plugins/Fourier/.build/spec012/confirm-02-transitions/workload-0004-repeat-00.csv,d5872e367ed761f8ce4ec463ad105cba9cbef7e3b01c17c6bed1d27f71a86fa4,1efc1e7dc37a7473a9f7fbbabf9079c8d687a9225c2f4c594b31d75fcff2a438,11,horizon-no-response,2367,-1,-1,pending-no-response,-1,"{""alpha"": 0, ""hop"": 18, ""n"": 128, ""octave"": 0, ""rate"": 48000, ""window"": 0}",,,,
3aeff8d50243a034,m1-pro-16gb-local,015848996f04bad3f9e2cabd656c5dbef77271064f079674caa78acdd1a0a2b7,pffft-hybrid-float,float,spec012-confirm-02,1,interactive-v1,False,2368,48000,64,/Users/christiankauten/Documents/Projects/Rack/plugins/Fourier/.build/spec012/confirm-02-transitions/workload-0004-repeat-01.csv,65a85e2d405fc17f38fbfe502c662d67552ad82cea7f32bb6d4128579151d1e7,1efc1e7dc37a7473a9f7fbbabf9079c8d687a9225c2f4c594b31d75fcff2a438,1,length-increase-boundary,74,74,110,published,-1,"{""alpha"": 0, ""hop"": 37, ""n"": 1024, ""octave"": 0, ""rate"": 48000, ""window"": 8}",0,0.0,36,0.75
3aeff8d50243a034,m1-pro-16gb-local,015848996f04bad3f9e2cabd656c5dbef77271064f079674caa78acdd1a0a2b7,pffft-hybrid-float,float,spec012-confirm-02,1,interactive-v1,False,2368,48000,64,/Users/christiankauten/Documents/Projects/Rack/plugins/Fourier/.build/spec012/confirm-02-transitions/workload-0004-repeat-01.csv,65a85e2d405fc17f38fbfe502c662d67552ad82cea7f32bb6d4128579151d1e7,1efc1e7dc37a7473a9f7fbbabf9079c8d687a9225c2f4c594b31d75fcff2a438,2,length-decrease-early,149,185,221,published,-1,"{""alpha"": 0, ""hop"": 37, ""n"": 128, ""octave"": 0, ""rate"": 48000, ""window"": 8}",36,0.75,72,1.5
3aeff8d50243a034,m1-pro-16gb-local,015848996f04bad3f9e2cabd656c5dbef77271064f079674caa78acdd1a0a2b7,pffft-hybrid-float,float,spec012-confirm-02,1,interactive-v1,False,2368,48000,64,/Users/christiankauten/Documents/Projects/Rack/plugins/Fourier/.build/spec012/confirm-02-transitions/workload-0004-repeat-01.csv,65a85e2d405fc17f38fbfe502c662d67552ad82cea7f32bb6d4128579151d1e7,1efc1e7dc37a7473a9f7fbbabf9079c8d687a9225c2f4c594b31d75fcff2a438,3,hop-increase-middle,240,259,332,published,-1,"{""alpha"": 0, ""hop"": 74, ""n"": 128, ""octave"": 0, ""rate"": 48000, ""window"": 8}",19,0.3958333333333333,92,1.9166666666666667
3aeff8d50243a034,m1-pro-16gb-local,015848996f04bad3f9e2cabd656c5dbef77271064f079674caa78acdd1a0a2b7,pffft-hybrid-float,float,spec012-confirm-02,1,interactive-v1,False,2368,48000,64,/Users/christiankauten/Documents/Projects/Rack/plugins/Fourier/.build/spec012/confirm-02-transitions/workload-0004-repeat-01.csv,65a85e2d405fc17f38fbfe502c662d67552ad82cea7f32bb6d4128579151d1e7,1efc1e7dc37a7473a9f7fbbabf9079c8d687a9225c2f4c594b31d75fcff2a438,4,window-late,405,407,480,published,-1,"{""alpha"": 0, ""hop"": 74, ""n"": 128, ""octave"": 0, ""rate"": 48000, ""window"": 11}",2,0.041666666666666664,75,1.5625
3aeff8d50243a034,m1-pro-16gb-local,015848996f04bad3f9e2cabd656c5dbef77271064f079674caa78acdd1a0a2b7,pffft-hybrid-float,float,spec012-confirm-02,1,interactive-v1,False,2368,48000,64,/Users/christiankauten/Documents/Projects/Rack/plugins/Fourier/.build/spec012/confirm-02-transitions/workload-0004-repeat-01.csv,65a85e2d405fc17f38fbfe502c662d67552ad82cea7f32bb6d4128579151d1e7,1efc1e7dc37a7473a9f7fbbabf9079c8d687a9225c2f4c594b31d75fcff2a438,5,smoothing-before-publication,480,481,554,published,-1,"{""alpha"": 0.800000011920929, ""hop"": 74, ""n"": 128, ""octave"": 0.3333333432674408, ""rate"": 48000, ""window"": 11}",1,0.020833333333333332,74,1.5416666666666667
3aeff8d50243a034,m1-pro-16gb-local,015848996f04bad3f9e2cabd656c5dbef77271064f079674caa78acdd1a0a2b7,pffft-hybrid-float,float,spec012-confirm-02,1,interactive-v1,False,2368,48000,64,/Users/christiankauten/Documents/Projects/Rack/plugins/Fourier/.build/spec012/confirm-02-transitions/workload-0004-repeat-01.csv,65a85e2d405fc17f38fbfe502c662d67552ad82cea7f32bb6d4128579151d1e7,1efc1e7dc37a7473a9f7fbbabf9079c8d687a9225c2f4c594b31d75fcff2a438,6,no-op-boundary,555,555,628,published,-1,"{""alpha"": 0.800000011920929, ""hop"": 74, ""n"": 128, ""octave"": 0.3333333432674408, ""rate"": 48000, ""window"": 11}",0,0.0,73,1.5208333333333333
3aeff8d50243a034,m1-pro-16gb-local,015848996f04bad3f9e2cabd656c5dbef77271064f079674caa78acdd1a0a2b7,pffft-hybrid-float,float,spec012-confirm-02,1,interactive-v1,False,2368,48000,64,/Users/christiankauten/Documents/Projects/Rack/plugins/Fourier/.build/spec012/confirm-02-transitions/workload-0004-repeat-01.csv,65a85e2d405fc17f38fbfe502c662d67552ad82cea7f32bb6d4128579151d1e7,1efc1e7dc37a7473a9f7fbbabf9079c8d687a9225c2f4c594b31d75fcff2a438,7,replace-pending-first,630,-1,-1,replaced,8,"{""alpha"": 0.800000011920929, ""hop"": 74, ""n"": 128, ""octave"": 0.3333333432674408, ""rate"": 48000, ""window"": 8}",,,,
3aeff8d50243a034,m1-pro-16gb-local,015848996f04bad3f9e2cabd656c5dbef77271064f079674caa78acdd1a0a2b7,pffft-hybrid-float,float,spec012-confirm-02,1,interactive-v1,False,2368,48000,64,/Users/christiankauten/Documents/Projects/Rack/plugins/Fourier/.build/spec012/confirm-02-transitions/workload-0004-repeat-01.csv,65a85e2d405fc17f38fbfe502c662d67552ad82cea7f32bb6d4128579151d1e7,1efc1e7dc37a7473a9f7fbbabf9079c8d687a9225c2f4c594b31d75fcff2a438,8,replace-pending-last,631,703,776,published,-1,"{""alpha"": 0, ""hop"": 74, ""n"": 128, ""octave"": 0.3333333432674408, ""rate"": 48000, ""window"": 8}",72,1.5,145,3.0208333333333335
3aeff8d50243a034,m1-pro-16gb-local,015848996f04bad3f9e2cabd656c5dbef77271064f079674caa78acdd1a0a2b7,pffft-hybrid-float,float,spec012-confirm-02,1,interactive-v1,False,2368,48000,64,/Users/christiankauten/Documents/Projects/Rack/plugins/Fourier/.build/spec012/confirm-02-transitions/workload-0004-repeat-01.csv,65a85e2d405fc17f38fbfe502c662d67552ad82cea7f32bb6d4128579151d1e7,1efc1e7dc37a7473a9f7fbbabf9079c8d687a9225c2f4c594b31d75fcff2a438,9,hop-decrease-boundary,777,777,794,published,-1,"{""alpha"": 0, ""hop"": 18, ""n"": 128, ""octave"": 0.3333333432674408, ""rate"": 48000, ""window"": 8}",0,0.0,17,0.3541666666666667
3aeff8d50243a034,m1-pro-16gb-local,015848996f04bad3f9e2cabd656c5dbef77271064f079674caa78acdd1a0a2b7,pffft-hybrid-float,float,spec012-confirm-02,1,interactive-v1,False,2368,48000,64,/Users/christiankauten/Documents/Projects/Rack/plugins/Fourier/.build/spec012/confirm-02-transitions/workload-0004-repeat-01.csv,65a85e2d405fc17f38fbfe502c662d67552ad82cea7f32bb6d4128579151d1e7,1efc1e7dc37a7473a9f7fbbabf9079c8d687a9225c2f4c594b31d75fcff2a438,10,smoothing-disable,852,867,884,published,-1,"{""alpha"": 0, ""hop"": 18, ""n"": 128, ""octave"": 0, ""rate"": 48000, ""window"": 8}",15,0.3125,32,0.6666666666666666
3aeff8d50243a034,m1-pro-16gb-local,015848996f04bad3f9e2cabd656c5dbef77271064f079674caa78acdd1a0a2b7,pffft-hybrid-float,float,spec012-confirm-02,1,interactive-v1,False,2368,48000,64,/Users/christiankauten/Documents/Projects/Rack/plugins/Fourier/.build/spec012/confirm-02-transitions/workload-0004-repeat-01.csv,65a85e2d405fc17f38fbfe502c662d67552ad82cea7f32bb6d4128579151d1e7,1efc1e7dc37a7473a9f7fbbabf9079c8d687a9225c2f4c594b31d75fcff2a438,11,horizon-no-response,2367,-1,-1,pending-no-response,-1,"{""alpha"": 0, ""hop"": 18, ""n"": 128, ""octave"": 0, ""rate"": 48000, ""window"": 0}",,,,
3aeff8d50243a034,m1-pro-16gb-local,015848996f04bad3f9e2cabd656c5dbef77271064f079674caa78acdd1a0a2b7,pffft-hybrid-float,float,spec012-confirm-02,2,interactive-v1,False,2368,48000,64,/Users/christiankauten/Documents/Projects/Rack/plugins/Fourier/.build/spec012/confirm-02-transitions/workload-0004-repeat-02.csv,829090c5eccd25af153e4356fc82f7ebab153db2f90c27d1880139449c64277e,1efc1e7dc37a7473a9f7fbbabf9079c8d687a9225c2f4c594b31d75fcff2a438,1,length-increase-boundary,74,74,110,published,-1,"{""alpha"": 0, ""hop"": 37, ""n"": 1024, ""octave"": 0, ""rate"": 48000, ""window"": 8}",0,0.0,36,0.75
3aeff8d50243a034,m1-pro-16gb-local,015848996f04bad3f9e2cabd656c5dbef77271064f079674caa78acdd1a0a2b7,pffft-hybrid-float,float,spec012-confirm-02,2,interactive-v1,False,2368,48000,64,/Users/christiankauten/Documents/Projects/Rack/plugins/Fourier/.build/spec012/confirm-02-transitions/workload-0004-repeat-02.csv,829090c5eccd25af153e4356fc82f7ebab153db2f90c27d1880139449c64277e,1efc1e7dc37a7473a9f7fbbabf9079c8d687a9225c2f4c594b31d75fcff2a438,2,length-decrease-early,149,185,221,published,-1,"{""alpha"": 0, ""hop"": 37, ""n"": 128, ""octave"": 0, ""rate"": 48000, ""window"": 8}",36,0.75,72,1.5
3aeff8d50243a034,m1-pro-16gb-local,015848996f04bad3f9e2cabd656c5dbef77271064f079674caa78acdd1a0a2b7,pffft-hybrid-float,float,spec012-confirm-02,2,interactive-v1,False,2368,48000,64,/Users/christiankauten/Documents/Projects/Rack/plugins/Fourier/.build/spec012/confirm-02-transitions/workload-0004-repeat-02.csv,829090c5eccd25af153e4356fc82f7ebab153db2f90c27d1880139449c64277e,1efc1e7dc37a7473a9f7fbbabf9079c8d687a9225c2f4c594b31d75fcff2a438,3,hop-increase-middle,240,259,332,published,-1,"{""alpha"": 0, ""hop"": 74, ""n"": 128, ""octave"": 0, ""rate"": 48000, ""window"": 8}",19,0.3958333333333333,92,1.9166666666666667
3aeff8d50243a034,m1-pro-16gb-local,015848996f04bad3f9e2cabd656c5dbef77271064f079674caa78acdd1a0a2b7,pffft-hybrid-float,float,spec012-confirm-02,2,interactive-v1,False,2368,48000,64,/Users/christiankauten/Documents/Projects/Rack/plugins/Fourier/.build/spec012/confirm-02-transitions/workload-0004-repeat-02.csv,829090c5eccd25af153e4356fc82f7ebab153db2f90c27d1880139449c64277e,1efc1e7dc37a7473a9f7fbbabf9079c8d687a9225c2f4c594b31d75fcff2a438,4,window-late,405,407,480,published,-1,"{""alpha"": 0, ""hop"": 74, ""n"": 128, ""octave"": 0, ""rate"": 48000, ""window"": 11}",2,0.041666666666666664,75,1.5625
3aeff8d50243a034,m1-pro-16gb-local,015848996f04bad3f9e2cabd656c5dbef77271064f079674caa78acdd1a0a2b7,pffft-hybrid-float,float,spec012-confirm-02,2,interactive-v1,False,2368,48000,64,/Users/christiankauten/Documents/Projects/Rack/plugins/Fourier/.build/spec012/confirm-02-transitions/workload-0004-repeat-02.csv,829090c5eccd25af153e4356fc82f7ebab153db2f90c27d1880139449c64277e,1efc1e7dc37a7473a9f7fbbabf9079c8d687a9225c2f4c594b31d75fcff2a438,5,smoothing-before-publication,480,481,554,published,-1,"{""alpha"": 0.800000011920929, ""hop"": 74, ""n"": 128, ""octave"": 0.3333333432674408, ""rate"": 48000, ""window"": 11}",1,0.020833333333333332,74,1.5416666666666667
3aeff8d50243a034,m1-pro-16gb-local,015848996f04bad3f9e2cabd656c5dbef77271064f079674caa78acdd1a0a2b7,pffft-hybrid-float,float,spec012-confirm-02,2,interactive-v1,False,2368,48000,64,/Users/christiankauten/Documents/Projects/Rack/plugins/Fourier/.build/spec012/confirm-02-transitions/workload-0004-repeat-02.csv,829090c5eccd25af153e4356fc82f7ebab153db2f90c27d1880139449c64277e,1efc1e7dc37a7473a9f7fbbabf9079c8d687a9225c2f4c594b31d75fcff2a438,6,no-op-boundary,555,555,628,published,-1,"{""alpha"": 0.800000011920929, ""hop"": 74, ""n"": 128, ""octave"": 0.3333333432674408, ""rate"": 48000, ""window"": 11}",0,0.0,73,1.5208333333333333
3aeff8d50243a034,m1-pro-16gb-local,015848996f04bad3f9e2cabd656c5dbef77271064f079674caa78acdd1a0a2b7,pffft-hybrid-float,float,spec012-confirm-02,2,interactive-v1,False,2368,48000,64,/Users/christiankauten/Documents/Projects/Rack/plugins/Fourier/.build/spec012/confirm-02-transitions/workload-0004-repeat-02.csv,829090c5eccd25af153e4356fc82f7ebab153db2f90c27d1880139449c64277e,1efc1e7dc37a7473a9f7fbbabf9079c8d687a9225c2f4c594b31d75fcff2a438,7,replace-pending-first,630,-1,-1,replaced,8,"{""alpha"": 0.800000011920929, ""hop"": 74, ""n"": 128, ""octave"": 0.3333333432674408, ""rate"": 48000, ""window"": 8}",,,,
3aeff8d50243a034,m1-pro-16gb-local,015848996f04bad3f9e2cabd656c5dbef77271064f079674caa78acdd1a0a2b7,pffft-hybrid-float,float,spec012-confirm-02,2,interactive-v1,False,2368,48000,64,/Users/christiankauten/Documents/Projects/Rack/plugins/Fourier/.build/spec012/confirm-02-transitions/workload-0004-repeat-02.csv,829090c5eccd25af153e4356fc82f7ebab153db2f90c27d1880139449c64277e,1efc1e7dc37a7473a9f7fbbabf9079c8d687a9225c2f4c594b31d75fcff2a438,8,replace-pending-last,631,703,776,published,-1,"{""alpha"": 0, ""hop"": 74, ""n"": 128, ""octave"": 0.3333333432674408, ""rate"": 48000, ""window"": 8}",72,1.5,145,3.0208333333333335
3aeff8d50243a034,m1-pro-16gb-local,015848996f04bad3f9e2cabd656c5dbef77271064f079674caa78acdd1a0a2b7,pffft-hybrid-float,float,spec012-confirm-02,2,interactive-v1,False,2368,48000,64,/Users/christiankauten/Documents/Projects/Rack/plugins/Fourier/.build/spec012/confirm-02-transitions/workload-0004-repeat-02.csv,829090c5eccd25af153e4356fc82f7ebab153db2f90c27d1880139449c64277e,1efc1e7dc37a7473a9f7fbbabf9079c8d687a9225c2f4c594b31d75fcff2a438,9,hop-decrease-boundary,777,777,794,published,-1,"{""alpha"": 0, ""hop"": 18, ""n"": 128, ""octave"": 0.3333333432674408, ""rate"": 48000, ""window"": 8}",0,0.0,17,0.3541666666666667
3aeff8d50243a034,m1-pro-16gb-local,015848996f04bad3f9e2cabd656c5dbef77271064f079674caa78acdd1a0a2b7,pffft-hybrid-float,float,spec012-confirm-02,2,interactive-v1,False,2368,48000,64,/Users/christiankauten/Documents/Projects/Rack/plugins/Fourier/.build/spec012/confirm-02-transitions/workload-0004-repeat-02.csv,829090c5eccd25af153e4356fc82f7ebab153db2f90c27d1880139449c64277e,1efc1e7dc37a7473a9f7fbbabf9079c8d687a9225c2f4c594b31d75fcff2a438,10,smoothing-disable,852,867,884,published,-1,"{""alpha"": 0, ""hop"": 18, ""n"": 128, ""octave"": 0, ""rate"": 48000, ""window"": 8}",15,0.3125,32,0.6666666666666666
3aeff8d50243a034,m1-pro-16gb-local,015848996f04bad3f9e2cabd656c5dbef77271064f079674caa78acdd1a0a2b7,pffft-hybrid-float,float,spec012-confirm-02,2,interactive-v1,False,2368,48000,64,/Users/christiankauten/Documents/Projects/Rack/plugins/Fourier/.build/spec012/confirm-02-transitions/workload-0004-repeat-02.csv,829090c5eccd25af153e4356fc82f7ebab153db2f90c27d1880139449c64277e,1efc1e7dc37a7473a9f7fbbabf9079c8d687a9225c2f4c594b31d75fcff2a438,11,horizon-no-response,2367,-1,-1,pending-no-response,-1,"{""alpha"": 0, ""hop"": 18, ""n"": 128, ""octave"": 0, ""rate"": 48000, ""window"": 0}",,,,
3aeff8d50243a034,m1-pro-16gb-local,015848996f04bad3f9e2cabd656c5dbef77271064f079674caa78acdd1a0a2b7,pffft-hybrid-float,float,spec012-confirm-03,0,interactive-v1,False,2368,48000,64,/Users/christiankauten/Documents/Projects/Rack/plugins/Fourier/.build/spec012/confirm-03-transitions/workload-0004-repeat-00.csv,9093b03f18a2b4a9328a5e3fd4b504539b1e0569300d53c6930a0d77ffc5eb1a,1efc1e7dc37a7473a9f7fbbabf9079c8d687a9225c2f4c594b31d75fcff2a438,1,length-increase-boundary,74,74,110,published,-1,"{""alpha"": 0, ""hop"": 37, ""n"": 1024, ""octave"": 0, ""rate"": 48000, ""window"": 8}",0,0.0,36,0.75
3aeff8d50243a034,m1-pro-16gb-local,015848996f04bad3f9e2cabd656c5dbef77271064f079674caa78acdd1a0a2b7,pffft-hybrid-float,float,spec012-confirm-03,0,interactive-v1,False,2368,48000,64,/Users/christiankauten/Documents/Projects/Rack/plugins/Fourier/.build/spec012/confirm-03-transitions/workload-0004-repeat-00.csv,9093b03f18a2b4a9328a5e3fd4b504539b1e0569300d53c6930a0d77ffc5eb1a,1efc1e7dc37a7473a9f7fbbabf9079c8d687a9225c2f4c594b31d75fcff2a438,2,length-decrease-early,149,185,221,published,-1,"{""alpha"": 0, ""hop"": 37, ""n"": 128, ""octave"": 0, ""rate"": 48000, ""window"": 8}",36,0.75,72,1.5
3aeff8d50243a034,m1-pro-16gb-local,015848996f04bad3f9e2cabd656c5dbef77271064f079674caa78acdd1a0a2b7,pffft-hybrid-float,float,spec012-confirm-03,0,interactive-v1,False,2368,48000,64,/Users/christiankauten/Documents/Projects/Rack/plugins/Fourier/.build/spec012/confirm-03-transitions/workload-0004-repeat-00.csv,9093b03f18a2b4a9328a5e3fd4b504539b1e0569300d53c6930a0d77ffc5eb1a,1efc1e7dc37a7473a9f7fbbabf9079c8d687a9225c2f4c594b31d75fcff2a438,3,hop-increase-middle,240,259,332,published,-1,"{""alpha"": 0, ""hop"": 74, ""n"": 128, ""octave"": 0, ""rate"": 48000, ""window"": 8}",19,0.3958333333333333,92,1.9166666666666667
3aeff8d50243a034,m1-pro-16gb-local,015848996f04bad3f9e2cabd656c5dbef77271064f079674caa78acdd1a0a2b7,pffft-hybrid-float,float,spec012-confirm-03,0,interactive-v1,False,2368,48000,64,/Users/christiankauten/Documents/Projects/Rack/plugins/Fourier/.build/spec012/confirm-03-transitions/workload-0004-repeat-00.csv,9093b03f18a2b4a9328a5e3fd4b504539b1e0569300d53c6930a0d77ffc5eb1a,1efc1e7dc37a7473a9f7fbbabf9079c8d687a9225c2f4c594b31d75fcff2a438,4,window-late,405,407,480,published,-1,"{""alpha"": 0, ""hop"": 74, ""n"": 128, ""octave"": 0, ""rate"": 48000, ""window"": 11}",2,0.041666666666666664,75,1.5625
3aeff8d50243a034,m1-pro-16gb-local,015848996f04bad3f9e2cabd656c5dbef77271064f079674caa78acdd1a0a2b7,pffft-hybrid-float,float,spec012-confirm-03,0,interactive-v1,False,2368,48000,64,/Users/christiankauten/Documents/Projects/Rack/plugins/Fourier/.build/spec012/confirm-03-transitions/workload-0004-repeat-00.csv,9093b03f18a2b4a9328a5e3fd4b504539b1e0569300d53c6930a0d77ffc5eb1a,1efc1e7dc37a7473a9f7fbbabf9079c8d687a9225c2f4c594b31d75fcff2a438,5,smoothing-before-publication,480,481,554,published,-1,"{""alpha"": 0.800000011920929, ""hop"": 74, ""n"": 128, ""octave"": 0.3333333432674408, ""rate"": 48000, ""window"": 11}",1,0.020833333333333332,74,1.5416666666666667
3aeff8d50243a034,m1-pro-16gb-local,015848996f04bad3f9e2cabd656c5dbef77271064f079674caa78acdd1a0a2b7,pffft-hybrid-float,float,spec012-confirm-03,0,interactive-v1,False,2368,48000,64,/Users/christiankauten/Documents/Projects/Rack/plugins/Fourier/.build/spec012/confirm-03-transitions/workload-0004-repeat-00.csv,9093b03f18a2b4a9328a5e3fd4b504539b1e0569300d53c6930a0d77ffc5eb1a,1efc1e7dc37a7473a9f7fbbabf9079c8d687a9225c2f4c594b31d75fcff2a438,6,no-op-boundary,555,555,628,published,-1,"{""alpha"": 0.800000011920929, ""hop"": 74, ""n"": 128, ""octave"": 0.3333333432674408, ""rate"": 48000, ""window"": 11}",0,0.0,73,1.5208333333333333
3aeff8d50243a034,m1-pro-16gb-local,015848996f04bad3f9e2cabd656c5dbef77271064f079674caa78acdd1a0a2b7,pffft-hybrid-float,float,spec012-confirm-03,0,interactive-v1,False,2368,48000,64,/Users/christiankauten/Documents/Projects/Rack/plugins/Fourier/.build/spec012/confirm-03-transitions/workload-0004-repeat-00.csv,9093b03f18a2b4a9328a5e3fd4b504539b1e0569300d53c6930a0d77ffc5eb1a,1efc1e7dc37a7473a9f7fbbabf9079c8d687a9225c2f4c594b31d75fcff2a438,7,replace-pending-first,630,-1,-1,replaced,8,"{""alpha"": 0.800000011920929, ""hop"": 74, ""n"": 128, ""octave"": 0.3333333432674408, ""rate"": 48000, ""window"": 8}",,,,
3aeff8d50243a034,m1-pro-16gb-local,015848996f04bad3f9e2cabd656c5dbef77271064f079674caa78acdd1a0a2b7,pffft-hybrid-float,float,spec012-confirm-03,0,interactive-v1,False,2368,48000,64,/Users/christiankauten/Documents/Projects/Rack/plugins/Fourier/.build/spec012/confirm-03-transitions/workload-0004-repeat-00.csv,9093b03f18a2b4a9328a5e3fd4b504539b1e0569300d53c6930a0d77ffc5eb1a,1efc1e7dc37a7473a9f7fbbabf9079c8d687a9225c2f4c594b31d75fcff2a438,8,replace-pending-last,631,703,776,published,-1,"{""alpha"": 0, ""hop"": 74, ""n"": 128, ""octave"": 0.3333333432674408, ""rate"": 48000, ""window"": 8}",72,1.5,145,3.0208333333333335
3aeff8d50243a034,m1-pro-16gb-local,015848996f04bad3f9e2cabd656c5dbef77271064f079674caa78acdd1a0a2b7,pffft-hybrid-float,float,spec012-confirm-03,0,interactive-v1,False,2368,48000,64,/Users/christiankauten/Documents/Projects/Rack/plugins/Fourier/.build/spec012/confirm-03-transitions/workload-0004-repeat-00.csv,9093b03f18a2b4a9328a5e3fd4b504539b1e0569300d53c6930a0d77ffc5eb1a,1efc1e7dc37a7473a9f7fbbabf9079c8d687a9225c2f4c594b31d75fcff2a438,9,hop-decrease-boundary,777,777,794,published,-1,"{""alpha"": 0, ""hop"": 18, ""n"": 128, ""octave"": 0.3333333432674408, ""rate"": 48000, ""window"": 8}",0,0.0,17,0.3541666666666667
3aeff8d50243a034,m1-pro-16gb-local,015848996f04bad3f9e2cabd656c5dbef77271064f079674caa78acdd1a0a2b7,pffft-hybrid-float,float,spec012-confirm-03,0,interactive-v1,False,2368,48000,64,/Users/christiankauten/Documents/Projects/Rack/plugins/Fourier/.build/spec012/confirm-03-transitions/workload-0004-repeat-00.csv,9093b03f18a2b4a9328a5e3fd4b504539b1e0569300d53c6930a0d77ffc5eb1a,1efc1e7dc37a7473a9f7fbbabf9079c8d687a9225c2f4c594b31d75fcff2a438,10,smoothing-disable,852,867,884,published,-1,"{""alpha"": 0, ""hop"": 18, ""n"": 128, ""octave"": 0, ""rate"": 48000, ""window"": 8}",15,0.3125,32,0.6666666666666666
3aeff8d50243a034,m1-pro-16gb-local,015848996f04bad3f9e2cabd656c5dbef77271064f079674caa78acdd1a0a2b7,pffft-hybrid-float,float,spec012-confirm-03,0,interactive-v1,False,2368,48000,64,/Users/christiankauten/Documents/Projects/Rack/plugins/Fourier/.build/spec012/confirm-03-transitions/workload-0004-repeat-00.csv,9093b03f18a2b4a9328a5e3fd4b504539b1e0569300d53c6930a0d77ffc5eb1a,1efc1e7dc37a7473a9f7fbbabf9079c8d687a9225c2f4c594b31d75fcff2a438,11,horizon-no-response,2367,-1,-1,pending-no-response,-1,"{""alpha"": 0, ""hop"": 18, ""n"": 128, ""octave"": 0, ""rate"": 48000, ""window"": 0}",,,,
3aeff8d50243a034,m1-pro-16gb-local,015848996f04bad3f9e2cabd656c5dbef77271064f079674caa78acdd1a0a2b7,pffft-hybrid-float,float,spec012-confirm-03,1,interactive-v1,False,2368,48000,64,/Users/christiankauten/Documents/Projects/Rack/plugins/Fourier/.build/spec012/confirm-03-transitions/workload-0004-repeat-01.csv,f835e789f7bd5d0fcb580a9131df4a6b31876906905e0ee992fec3c99b45ec13,1efc1e7dc37a7473a9f7fbbabf9079c8d687a9225c2f4c594b31d75fcff2a438,1,length-increase-boundary,74,74,110,published,-1,"{""alpha"": 0, ""hop"": 37, ""n"": 1024, ""octave"": 0, ""rate"": 48000, ""window"": 8}",0,0.0,36,0.75
3aeff8d50243a034,m1-pro-16gb-local,015848996f04bad3f9e2cabd656c5dbef77271064f079674caa78acdd1a0a2b7,pffft-hybrid-float,float,spec012-confirm-03,1,interactive-v1,False,2368,48000,64,/Users/christiankauten/Documents/Projects/Rack/plugins/Fourier/.build/spec012/confirm-03-transitions/workload-0004-repeat-01.csv,f835e789f7bd5d0fcb580a9131df4a6b31876906905e0ee992fec3c99b45ec13,1efc1e7dc37a7473a9f7fbbabf9079c8d687a9225c2f4c594b31d75fcff2a438,2,length-decrease-early,149,185,221,published,-1,"{""alpha"": 0, ""hop"": 37, ""n"": 128, ""octave"": 0, ""rate"": 48000, ""window"": 8}",36,0.75,72,1.5
3aeff8d50243a034,m1-pro-16gb-local,015848996f04bad3f9e2cabd656c5dbef77271064f079674caa78acdd1a0a2b7,pffft-hybrid-float,float,spec012-confirm-03,1,interactive-v1,False,2368,48000,64,/Users/christiankauten/Documents/Projects/Rack/plugins/Fourier/.build/spec012/confirm-03-transitions/workload-0004-repeat-01.csv,f835e789f7bd5d0fcb580a9131df4a6b31876906905e0ee992fec3c99b45ec13,1efc1e7dc37a7473a9f7fbbabf9079c8d687a9225c2f4c594b31d75fcff2a438,3,hop-increase-middle,240,259,332,published,-1,"{""alpha"": 0, ""hop"": 74, ""n"": 128, ""octave"": 0, ""rate"": 48000, ""window"": 8}",19,0.3958333333333333,92,1.9166666666666667
3aeff8d50243a034,m1-pro-16gb-local,015848996f04bad3f9e2cabd656c5dbef77271064f079674caa78acdd1a0a2b7,pffft-hybrid-float,float,spec012-confirm-03,1,interactive-v1,False,2368,48000,64,/Users/christiankauten/Documents/Projects/Rack/plugins/Fourier/.build/spec012/confirm-03-transitions/workload-0004-repeat-01.csv,f835e789f7bd5d0fcb580a9131df4a6b31876906905e0ee992fec3c99b45ec13,1efc1e7dc37a7473a9f7fbbabf9079c8d687a9225c2f4c594b31d75fcff2a438,4,window-late,405,407,480,published,-1,"{""alpha"": 0, ""hop"": 74, ""n"": 128, ""octave"": 0, ""rate"": 48000, ""window"": 11}",2,0.041666666666666664,75,1.5625
3aeff8d50243a034,m1-pro-16gb-local,015848996f04bad3f9e2cabd656c5dbef77271064f079674caa78acdd1a0a2b7,pffft-hybrid-float,float,spec012-confirm-03,1,interactive-v1,False,2368,48000,64,/Users/christiankauten/Documents/Projects/Rack/plugins/Fourier/.build/spec012/confirm-03-transitions/workload-0004-repeat-01.csv,f835e789f7bd5d0fcb580a9131df4a6b31876906905e0ee992fec3c99b45ec13,1efc1e7dc37a7473a9f7fbbabf9079c8d687a9225c2f4c594b31d75fcff2a438,5,smoothing-before-publication,480,481,554,published,-1,"{""alpha"": 0.800000011920929, ""hop"": 74, ""n"": 128, ""octave"": 0.3333333432674408, ""rate"": 48000, ""window"": 11}",1,0.020833333333333332,74,1.5416666666666667
3aeff8d50243a034,m1-pro-16gb-local,015848996f04bad3f9e2cabd656c5dbef77271064f079674caa78acdd1a0a2b7,pffft-hybrid-float,float,spec012-confirm-03,1,interactive-v1,False,2368,48000,64,/Users/christiankauten/Documents/Projects/Rack/plugins/Fourier/.build/spec012/confirm-03-transitions/workload-0004-repeat-01.csv,f835e789f7bd5d0fcb580a9131df4a6b31876906905e0ee992fec3c99b45ec13,1efc1e7dc37a7473a9f7fbbabf9079c8d687a9225c2f4c594b31d75fcff2a438,6,no-op-boundary,555,555,628,published,-1,"{""alpha"": 0.800000011920929, ""hop"": 74, ""n"": 128, ""octave"": 0.3333333432674408, ""rate"": 48000, ""window"": 11}",0,0.0,73,1.5208333333333333
3aeff8d50243a034,m1-pro-16gb-local,015848996f04bad3f9e2cabd656c5dbef77271064f079674caa78acdd1a0a2b7,pffft-hybrid-float,float,spec012-confirm-03,1,interactive-v1,False,2368,48000,64,/Users/christiankauten/Documents/Projects/Rack/plugins/Fourier/.build/spec012/confirm-03-transitions/workload-0004-repeat-01.csv,f835e789f7bd5d0fcb580a9131df4a6b31876906905e0ee992fec3c99b45ec13,1efc1e7dc37a7473a9f7fbbabf9079c8d687a9225c2f4c594b31d75fcff2a438,7,replace-pending-first,630,-1,-1,replaced,8,"{""alpha"": 0.800000011920929, ""hop"": 74, ""n"": 128, ""octave"": 0.3333333432674408, ""rate"": 48000, ""window"": 8}",,,,
3aeff8d50243a034,m1-pro-16gb-local,015848996f04bad3f9e2cabd656c5dbef77271064f079674caa78acdd1a0a2b7,pffft-hybrid-float,float,spec012-confirm-03,1,interactive-v1,False,2368,48000,64,/Users/christiankauten/Documents/Projects/Rack/plugins/Fourier/.build/spec012/confirm-03-transitions/workload-0004-repeat-01.csv,f835e789f7bd5d0fcb580a9131df4a6b31876906905e0ee992fec3c99b45ec13,1efc1e7dc37a7473a9f7fbbabf9079c8d687a9225c2f4c594b31d75fcff2a438,8,replace-pending-last,631,703,776,published,-1,"{""alpha"": 0, ""hop"": 74, ""n"": 128, ""octave"": 0.3333333432674408, ""rate"": 48000, ""window"": 8}",72,1.5,145,3.0208333333333335
3aeff8d50243a034,m1-pro-16gb-local,015848996f04bad3f9e2cabd656c5dbef77271064f079674caa78acdd1a0a2b7,pffft-hybrid-float,float,spec012-confirm-03,1,interactive-v1,False,2368,48000,64,/Users/christiankauten/Documents/Projects/Rack/plugins/Fourier/.build/spec012/confirm-03-transitions/workload-0004-repeat-01.csv,f835e789f7bd5d0fcb580a9131df4a6b31876906905e0ee992fec3c99b45ec13,1efc1e7dc37a7473a9f7fbbabf9079c8d687a9225c2f4c594b31d75fcff2a438,9,hop-decrease-boundary,777,777,794,published,-1,"{""alpha"": 0, ""hop"": 18, ""n"": 128, ""octave"": 0.3333333432674408, ""rate"": 48000, ""window"": 8}",0,0.0,17,0.3541666666666667
3aeff8d50243a034,m1-pro-16gb-local,015848996f04bad3f9e2cabd656c5dbef77271064f079674caa78acdd1a0a2b7,pffft-hybrid-float,float,spec012-confirm-03,1,interactive-v1,False,2368,48000,64,/Users/christiankauten/Documents/Projects/Rack/plugins/Fourier/.build/spec012/confirm-03-transitions/workload-0004-repeat-01.csv,f835e789f7bd5d0fcb580a9131df4a6b31876906905e0ee992fec3c99b45ec13,1efc1e7dc37a7473a9f7fbbabf9079c8d687a9225c2f4c594b31d75fcff2a438,10,smoothing-disable,852,867,884,published,-1,"{""alpha"": 0, ""hop"": 18, ""n"": 128, ""octave"": 0, ""rate"": 48000, ""window"": 8}",15,0.3125,32,0.6666666666666666
3aeff8d50243a034,m1-pro-16gb-local,015848996f04bad3f9e2cabd656c5dbef77271064f079674caa78acdd1a0a2b7,pffft-hybrid-float,float,spec012-confirm-03,1,interactive-v1,False,2368,48000,64,/Users/christiankauten/Documents/Projects/Rack/plugins/Fourier/.build/spec012/confirm-03-transitions/workload-0004-repeat-01.csv,f835e789f7bd5d0fcb580a9131df4a6b31876906905e0ee992fec3c99b45ec13,1efc1e7dc37a7473a9f7fbbabf9079c8d687a9225c2f4c594b31d75fcff2a438,11,horizon-no-response,2367,-1,-1,pending-no-response,-1,"{""alpha"": 0, ""hop"": 18, ""n"": 128, ""octave"": 0, ""rate"": 48000, ""window"": 0}",,,,
3aeff8d50243a034,m1-pro-16gb-local,015848996f04bad3f9e2cabd656c5dbef77271064f079674caa78acdd1a0a2b7,pffft-hybrid-float,float,spec012-confirm-03,2,interactive-v1,False,2368,48000,64,/Users/christiankauten/Documents/Projects/Rack/plugins/Fourier/.build/spec012/confirm-03-transitions/workload-0004-repeat-02.csv,faf54e38bf4525c8824826e7ee97492a2d25efa1ff69ec2463f0a8813692545c,1efc1e7dc37a7473a9f7fbbabf9079c8d687a9225c2f4c594b31d75fcff2a438,1,length-increase-boundary,74,74,110,published,-1,"{""alpha"": 0, ""hop"": 37, ""n"": 1024, ""octave"": 0, ""rate"": 48000, ""window"": 8}",0,0.0,36,0.75
3aeff8d50243a034,m1-pro-16gb-local,015848996f04bad3f9e2cabd656c5dbef77271064f079674caa78acdd1a0a2b7,pffft-hybrid-float,float,spec012-confirm-03,2,interactive-v1,False,2368,48000,64,/Users/christiankauten/Documents/Projects/Rack/plugins/Fourier/.build/spec012/confirm-03-transitions/workload-0004-repeat-02.csv,faf54e38bf4525c8824826e7ee97492a2d25efa1ff69ec2463f0a8813692545c,1efc1e7dc37a7473a9f7fbbabf9079c8d687a9225c2f4c594b31d75fcff2a438,2,length-decrease-early,149,185,221,published,-1,"{""alpha"": 0, ""hop"": 37, ""n"": 128, ""octave"": 0, ""rate"": 48000, ""window"": 8}",36,0.75,72,1.5
3aeff8d50243a034,m1-pro-16gb-local,015848996f04bad3f9e2cabd656c5dbef77271064f079674caa78acdd1a0a2b7,pffft-hybrid-float,float,spec012-confirm-03,2,interactive-v1,False,2368,48000,64,/Users/christiankauten/Documents/Projects/Rack/plugins/Fourier/.build/spec012/confirm-03-transitions/workload-0004-repeat-02.csv,faf54e38bf4525c8824826e7ee97492a2d25efa1ff69ec2463f0a8813692545c,1efc1e7dc37a7473a9f7fbbabf9079c8d687a9225c2f4c594b31d75fcff2a438,3,hop-increase-middle,240,259,332,published,-1,"{""alpha"": 0, ""hop"": 74, ""n"": 128, ""octave"": 0, ""rate"": 48000, ""window"": 8}",19,0.3958333333333333,92,1.9166666666666667
3aeff8d50243a034,m1-pro-16gb-local,015848996f04bad3f9e2cabd656c5dbef77271064f079674caa78acdd1a0a2b7,pffft-hybrid-float,float,spec012-confirm-03,2,interactive-v1,False,2368,48000,64,/Users/christiankauten/Documents/Projects/Rack/plugins/Fourier/.build/spec012/confirm-03-transitions/workload-0004-repeat-02.csv,faf54e38bf4525c8824826e7ee97492a2d25efa1ff69ec2463f0a8813692545c,1efc1e7dc37a7473a9f7fbbabf9079c8d687a9225c2f4c594b31d75fcff2a438,4,window-late,405,407,480,published,-1,"{""alpha"": 0, ""hop"": 74, ""n"": 128, ""octave"": 0, ""rate"": 48000, ""window"": 11}",2,0.041666666666666664,75,1.5625
3aeff8d50243a034,m1-pro-16gb-local,015848996f04bad3f9e2cabd656c5dbef77271064f079674caa78acdd1a0a2b7,pffft-hybrid-float,float,spec012-confirm-03,2,interactive-v1,False,2368,48000,64,/Users/christiankauten/Documents/Projects/Rack/plugins/Fourier/.build/spec012/confirm-03-transitions/workload-0004-repeat-02.csv,faf54e38bf4525c8824826e7ee97492a2d25efa1ff69ec2463f0a8813692545c,1efc1e7dc37a7473a9f7fbbabf9079c8d687a9225c2f4c594b31d75fcff2a438,5,smoothing-before-publication,480,481,554,published,-1,"{""alpha"": 0.800000011920929, ""hop"": 74, ""n"": 128, ""octave"": 0.3333333432674408, ""rate"": 48000, ""window"": 11}",1,0.020833333333333332,74,1.5416666666666667
3aeff8d50243a034,m1-pro-16gb-local,015848996f04bad3f9e2cabd656c5dbef77271064f079674caa78acdd1a0a2b7,pffft-hybrid-float,float,spec012-confirm-03,2,interactive-v1,False,2368,48000,64,/Users/christiankauten/Documents/Projects/Rack/plugins/Fourier/.build/spec012/confirm-03-transitions/workload-0004-repeat-02.csv,faf54e38bf4525c8824826e7ee97492a2d25efa1ff69ec2463f0a8813692545c,1efc1e7dc37a7473a9f7fbbabf9079c8d687a9225c2f4c594b31d75fcff2a438,6,no-op-boundary,555,555,628,published,-1,"{""alpha"": 0.800000011920929, ""hop"": 74, ""n"": 128, ""octave"": 0.3333333432674408, ""rate"": 48000, ""window"": 11}",0,0.0,73,1.5208333333333333
3aeff8d50243a034,m1-pro-16gb-local,015848996f04bad3f9e2cabd656c5dbef77271064f079674caa78acdd1a0a2b7,pffft-hybrid-float,float,spec012-confirm-03,2,interactive-v1,False,2368,48000,64,/Users/christiankauten/Documents/Projects/Rack/plugins/Fourier/.build/spec012/confirm-03-transitions/workload-0004-repeat-02.csv,faf54e38bf4525c8824826e7ee97492a2d25efa1ff69ec2463f0a8813692545c,1efc1e7dc37a7473a9f7fbbabf9079c8d687a9225c2f4c594b31d75fcff2a438,7,replace-pending-first,630,-1,-1,replaced,8,"{""alpha"": 0.800000011920929, ""hop"": 74, ""n"": 128, ""octave"": 0.3333333432674408, ""rate"": 48000, ""window"": 8}",,,,
3aeff8d50243a034,m1-pro-16gb-local,015848996f04bad3f9e2cabd656c5dbef77271064f079674caa78acdd1a0a2b7,pffft-hybrid-float,float,spec012-confirm-03,2,interactive-v1,False,2368,48000,64,/Users/christiankauten/Documents/Projects/Rack/plugins/Fourier/.build/spec012/confirm-03-transitions/workload-0004-repeat-02.csv,faf54e38bf4525c8824826e7ee97492a2d25efa1ff69ec2463f0a8813692545c,1efc1e7dc37a7473a9f7fbbabf9079c8d687a9225c2f4c594b31d75fcff2a438,8,replace-pending-last,631,703,776,published,-1,"{""alpha"": 0, ""hop"": 74, ""n"": 128, ""octave"": 0.3333333432674408, ""rate"": 48000, ""window"": 8}",72,1.5,145,3.0208333333333335
3aeff8d50243a034,m1-pro-16gb-local,015848996f04bad3f9e2cabd656c5dbef77271064f079674caa78acdd1a0a2b7,pffft-hybrid-float,float,spec012-confirm-03,2,interactive-v1,False,2368,48000,64,/Users/christiankauten/Documents/Projects/Rack/plugins/Fourier/.build/spec012/confirm-03-transitions/workload-0004-repeat-02.csv,faf54e38bf4525c8824826e7ee97492a2d25efa1ff69ec2463f0a8813692545c,1efc1e7dc37a7473a9f7fbbabf9079c8d687a9225c2f4c594b31d75fcff2a438,9,hop-decrease-boundary,777,777,794,published,-1,"{""alpha"": 0, ""hop"": 18, ""n"": 128, ""octave"": 0.3333333432674408, ""rate"": 48000, ""window"": 8}",0,0.0,17,0.3541666666666667
3aeff8d50243a034,m1-pro-16gb-local,015848996f04bad3f9e2cabd656c5dbef77271064f079674caa78acdd1a0a2b7,pffft-hybrid-float,float,spec012-confirm-03,2,interactive-v1,False,2368,48000,64,/Users/christiankauten/Documents/Projects/Rack/plugins/Fourier/.build/spec012/confirm-03-transitions/workload-0004-repeat-02.csv,faf54e38bf4525c8824826e7ee97492a2d25efa1ff69ec2463f0a8813692545c,1efc1e7dc37a7473a9f7fbbabf9079c8d687a9225c2f4c594b31d75fcff2a438,10,smoothing-disable,852,867,884,published,-1,"{""alpha"": 0, ""hop"": 18, ""n"": 128, ""octave"": 0, ""rate"": 48000, ""window"": 8}",15,0.3125,32,0.6666666666666666
3aeff8d50243a034,m1-pro-16gb-local,015848996f04bad3f9e2cabd656c5dbef77271064f079674caa78acdd1a0a2b7,pffft-hybrid-float,float,spec012-confirm-03,2,interactive-v1,False,2368,48000,64,/Users/christiankauten/Documents/Projects/Rack/plugins/Fourier/.build/spec012/confirm-03-transitions/workload-0004-repeat-02.csv,faf54e38bf4525c8824826e7ee97492a2d25efa1ff69ec2463f0a8813692545c,1efc1e7dc37a7473a9f7fbbabf9079c8d687a9225c2f4c594b31d75fcff2a438,11,horizon-no-response,2367,-1,-1,pending-no-response,-1,"{""alpha"": 0, ""hop"": 18, ""n"": 128, ""octave"": 0, ""rate"": 48000, ""window"": 0}",,,,
3aeff8d50243a034,m1-pro-16gb-local,2fa72e585a1b395273aa78ae0f4350449b999b41b0bf34edee0871817c18c6c3,core-float,float,spec012-confirm-01,0,interactive-v1,True,2368,48000,64,/Users/christiankauten/Documents/Projects/Rack/plugins/Fourier/.build/spec012/confirm-01-transitions/workload-0001-repeat-00.csv,dfb7766f25302369a940c670ba8f7f37c4f905d34282b22aa577fd006ce1837e,6b4c737d46d64eb004b0ed106f1e13e5e1bd40f3e465a8469e76017ab7cd8d57,1,length-increase-boundary,74,74,110,published,-1,"{""alpha"": 0, ""hop"": 37, ""n"": 128, ""octave"": 0, ""rate"": 48000, ""window"": 8}",0,0.0,36,0.75
3aeff8d50243a034,m1-pro-16gb-local,2fa72e585a1b395273aa78ae0f4350449b999b41b0bf34edee0871817c18c6c3,core-float,float,spec012-confirm-01,0,interactive-v1,True,2368,48000,64,/Users/christiankauten/Documents/Projects/Rack/plugins/Fourier/.build/spec012/confirm-01-transitions/workload-0001-repeat-00.csv,dfb7766f25302369a940c670ba8f7f37c4f905d34282b22aa577fd006ce1837e,6b4c737d46d64eb004b0ed106f1e13e5e1bd40f3e465a8469e76017ab7cd8d57,2,length-decrease-early,149,185,221,published,-1,"{""alpha"": 0, ""hop"": 37, ""n"": 128, ""octave"": 0, ""rate"": 48000, ""window"": 8}",36,0.75,72,1.5
3aeff8d50243a034,m1-pro-16gb-local,2fa72e585a1b395273aa78ae0f4350449b999b41b0bf34edee0871817c18c6c3,core-float,float,spec012-confirm-01,0,interactive-v1,True,2368,48000,64,/Users/christiankauten/Documents/Projects/Rack/plugins/Fourier/.build/spec012/confirm-01-transitions/workload-0001-repeat-00.csv,dfb7766f25302369a940c670ba8f7f37c4f905d34282b22aa577fd006ce1837e,6b4c737d46d64eb004b0ed106f1e13e5e1bd40f3e465a8469e76017ab7cd8d57,3,hop-increase-middle,240,259,295,published,-1,"{""alpha"": 0, ""hop"": 37, ""n"": 128, ""octave"": 0, ""rate"": 48000, ""window"": 8}",19,0.3958333333333333,55,1.1458333333333333
3aeff8d50243a034,m1-pro-16gb-local,2fa72e585a1b395273aa78ae0f4350449b999b41b0bf34edee0871817c18c6c3,core-float,float,spec012-confirm-01,0,interactive-v1,True,2368,48000,64,/Users/christiankauten/Documents/Projects/Rack/plugins/Fourier/.build/spec012/confirm-01-transitions/workload-0001-repeat-00.csv,dfb7766f25302369a940c670ba8f7f37c4f905d34282b22aa577fd006ce1837e,6b4c737d46d64eb004b0ed106f1e13e5e1bd40f3e465a8469e76017ab7cd8d57,4,window-late,405,407,443,published,-1,"{""alpha"": 0, ""hop"": 37, ""n"": 128, ""octave"": 0, ""rate"": 48000, ""window"": 8}",2,0.041666666666666664,38,0.7916666666666666
3aeff8d50243a034,m1-pro-16gb-local,2fa72e585a1b395273aa78ae0f4350449b999b41b0bf34edee0871817c18c6c3,core-float,float,spec012-confirm-01,0,interactive-v1,True,2368,48000,64,/Users/christiankauten/Documents/Projects/Rack/plugins/Fourier/.build/spec012/confirm-01-transitions/workload-0001-repeat-00.csv,dfb7766f25302369a940c670ba8f7f37c4f905d34282b22aa577fd006ce1837e,6b4c737d46d64eb004b0ed106f1e13e5e1bd40f3e465a8469e76017ab7cd8d57,5,smoothing-before-publication,480,481,517,published,-1,"{""alpha"": 0, ""hop"": 37, ""n"": 128, ""octave"": 0, ""rate"": 48000, ""window"": 8}",1,0.020833333333333332,37,0.7708333333333334
3aeff8d50243a034,m1-pro-16gb-local,2fa72e585a1b395273aa78ae0f4350449b999b41b0bf34edee0871817c18c6c3,core-float,float,spec012-confirm-01,0,interactive-v1,True,2368,48000,64,/Users/christiankauten/Documents/Projects/Rack/plugins/Fourier/.build/spec012/confirm-01-transitions/workload-0001-repeat-00.csv,dfb7766f25302369a940c670ba8f7f37c4f905d34282b22aa577fd006ce1837e,6b4c737d46d64eb004b0ed106f1e13e5e1bd40f3e465a8469e76017ab7cd8d57,6,no-op-boundary,555,555,591,published,-1,"{""alpha"": 0, ""hop"": 37, ""n"": 128, ""octave"": 0, ""rate"": 48000, ""window"": 8}",0,0.0,36,0.75
3aeff8d50243a034,m1-pro-16gb-local,2fa72e585a1b395273aa78ae0f4350449b999b41b0bf34edee0871817c18c6c3,core-float,float,spec012-confirm-01,0,interactive-v1,True,2368,48000,64,/Users/christiankauten/Documents/Projects/Rack/plugins/Fourier/.build/spec012/confirm-01-transitions/workload-0001-repeat-00.csv,dfb7766f25302369a940c670ba8f7f37c4f905d34282b22aa577fd006ce1837e,6b4c737d46d64eb004b0ed106f1e13e5e1bd40f3e465a8469e76017ab7cd8d57,7,replace-pending-first,630,-1,-1,replaced,8,"{""alpha"": 0, ""hop"": 37, ""n"": 128, ""octave"": 0, ""rate"": 48000, ""window"": 8}",,,,
3aeff8d50243a034,m1-pro-16gb-local,2fa72e585a1b395273aa78ae0f4350449b999b41b0bf34edee0871817c18c6c3,core-float,float,spec012-confirm-01,0,interactive-v1,True,2368,48000,64,/Users/christiankauten/Documents/Projects/Rack/plugins/Fourier/.build/spec012/confirm-01-transitions/workload-0001-repeat-00.csv,dfb7766f25302369a940c670ba8f7f37c4f905d34282b22aa577fd006ce1837e,6b4c737d46d64eb004b0ed106f1e13e5e1bd40f3e465a8469e76017ab7cd8d57,8,replace-pending-last,631,666,702,published,-1,"{""alpha"": 0, ""hop"": 37, ""n"": 128, ""octave"": 0, ""rate"": 48000, ""window"": 8}",35,0.7291666666666666,71,1.4791666666666667
3aeff8d50243a034,m1-pro-16gb-local,2fa72e585a1b395273aa78ae0f4350449b999b41b0bf34edee0871817c18c6c3,core-float,float,spec012-confirm-01,0,interactive-v1,True,2368,48000,64,/Users/christiankauten/Documents/Projects/Rack/plugins/Fourier/.build/spec012/confirm-01-transitions/workload-0001-repeat-00.csv,dfb7766f25302369a940c670ba8f7f37c4f905d34282b22aa577fd006ce1837e,6b4c737d46d64eb004b0ed106f1e13e5e1bd40f3e465a8469e76017ab7cd8d57,9,hop-decrease-boundary,777,777,813,published,-1,"{""alpha"": 0, ""hop"": 37, ""n"": 128, ""octave"": 0, ""rate"": 48000, ""window"": 8}",0,0.0,36,0.75
3aeff8d50243a034,m1-pro-16gb-local,2fa72e585a1b395273aa78ae0f4350449b999b41b0bf34edee0871817c18c6c3,core-float,float,spec012-confirm-01,0,interactive-v1,True,2368,48000,64,/Users/christiankauten/Documents/Projects/Rack/plugins/Fourier/.build/spec012/confirm-01-transitions/workload-0001-repeat-00.csv,dfb7766f25302369a940c670ba8f7f37c4f905d34282b22aa577fd006ce1837e,6b4c737d46d64eb004b0ed106f1e13e5e1bd40f3e465a8469e76017ab7cd8d57,10,smoothing-disable,852,888,924,published,-1,"{""alpha"": 0, ""hop"": 37, ""n"": 128, ""octave"": 0, ""rate"": 48000, ""window"": 8}",36,0.75,72,1.5
3aeff8d50243a034,m1-pro-16gb-local,2fa72e585a1b395273aa78ae0f4350449b999b41b0bf34edee0871817c18c6c3,core-float,float,spec012-confirm-01,0,interactive-v1,True,2368,48000,64,/Users/christiankauten/Documents/Projects/Rack/plugins/Fourier/.build/spec012/confirm-01-transitions/workload-0001-repeat-00.csv,dfb7766f25302369a940c670ba8f7f37c4f905d34282b22aa577fd006ce1837e,6b4c737d46d64eb004b0ed106f1e13e5e1bd40f3e465a8469e76017ab7cd8d57,11,horizon-no-response,2367,-1,-1,pending-no-response,-1,"{""alpha"": 0, ""hop"": 37, ""n"": 128, ""octave"": 0, ""rate"": 48000, ""window"": 8}",,,,
3aeff8d50243a034,m1-pro-16gb-local,2fa72e585a1b395273aa78ae0f4350449b999b41b0bf34edee0871817c18c6c3,core-float,float,spec012-confirm-01,1,interactive-v1,True,2368,48000,64,/Users/christiankauten/Documents/Projects/Rack/plugins/Fourier/.build/spec012/confirm-01-transitions/workload-0001-repeat-01.csv,bf41995f2d52630e11a869164fe033ecc145688765b5907b5302b212ba61212b,6b4c737d46d64eb004b0ed106f1e13e5e1bd40f3e465a8469e76017ab7cd8d57,1,length-increase-boundary,74,74,110,published,-1,"{""alpha"": 0, ""hop"": 37, ""n"": 128, ""octave"": 0, ""rate"": 48000, ""window"": 8}",0,0.0,36,0.75
3aeff8d50243a034,m1-pro-16gb-local,2fa72e585a1b395273aa78ae0f4350449b999b41b0bf34edee0871817c18c6c3,core-float,float,spec012-confirm-01,1,interactive-v1,True,2368,48000,64,/Users/christiankauten/Documents/Projects/Rack/plugins/Fourier/.build/spec012/confirm-01-transitions/workload-0001-repeat-01.csv,bf41995f2d52630e11a869164fe033ecc145688765b5907b5302b212ba61212b,6b4c737d46d64eb004b0ed106f1e13e5e1bd40f3e465a8469e76017ab7cd8d57,2,length-decrease-early,149,185,221,published,-1,"{""alpha"": 0, ""hop"": 37, ""n"": 128, ""octave"": 0, ""rate"": 48000, ""window"": 8}",36,0.75,72,1.5
3aeff8d50243a034,m1-pro-16gb-local,2fa72e585a1b395273aa78ae0f4350449b999b41b0bf34edee0871817c18c6c3,core-float,float,spec012-confirm-01,1,interactive-v1,True,2368,48000,64,/Users/christiankauten/Documents/Projects/Rack/plugins/Fourier/.build/spec012/confirm-01-transitions/workload-0001-repeat-01.csv,bf41995f2d52630e11a869164fe033ecc145688765b5907b5302b212ba61212b,6b4c737d46d64eb004b0ed106f1e13e5e1bd40f3e465a8469e76017ab7cd8d57,3,hop-increase-middle,240,259,295,published,-1,"{""alpha"": 0, ""hop"": 37, ""n"": 128, ""octave"": 0, ""rate"": 48000, ""window"": 8}",19,0.3958333333333333,55,1.1458333333333333
3aeff8d50243a034,m1-pro-16gb-local,2fa72e585a1b395273aa78ae0f4350449b999b41b0bf34edee0871817c18c6c3,core-float,float,spec012-confirm-01,1,interactive-v1,True,2368,48000,64,/Users/christiankauten/Documents/Projects/Rack/plugins/Fourier/.build/spec012/confirm-01-transitions/workload-0001-repeat-01.csv,bf41995f2d52630e11a869164fe033ecc145688765b5907b5302b212ba61212b,6b4c737d46d64eb004b0ed106f1e13e5e1bd40f3e465a8469e76017ab7cd8d57,4,window-late,405,407,443,published,-1,"{""alpha"": 0, ""hop"": 37, ""n"": 128, ""octave"": 0, ""rate"": 48000, ""window"": 8}",2,0.041666666666666664,38,0.7916666666666666
3aeff8d50243a034,m1-pro-16gb-local,2fa72e585a1b395273aa78ae0f4350449b999b41b0bf34edee0871817c18c6c3,core-float,float,spec012-confirm-01,1,interactive-v1,True,2368,48000,64,/Users/christiankauten/Documents/Projects/Rack/plugins/Fourier/.build/spec012/confirm-01-transitions/workload-0001-repeat-01.csv,bf41995f2d52630e11a869164fe033ecc145688765b5907b5302b212ba61212b,6b4c737d46d64eb004b0ed106f1e13e5e1bd40f3e465a8469e76017ab7cd8d57,5,smoothing-before-publication,480,481,517,published,-1,"{""alpha"": 0, ""hop"": 37, ""n"": 128, ""octave"": 0, ""rate"": 48000, ""window"": 8}",1,0.020833333333333332,37,0.7708333333333334
3aeff8d50243a034,m1-pro-16gb-local,2fa72e585a1b395273aa78ae0f4350449b999b41b0bf34edee0871817c18c6c3,core-float,float,spec012-confirm-01,1,interactive-v1,True,2368,48000,64,/Users/christiankauten/Documents/Projects/Rack/plugins/Fourier/.build/spec012/confirm-01-transitions/workload-0001-repeat-01.csv,bf41995f2d52630e11a869164fe033ecc145688765b5907b5302b212ba61212b,6b4c737d46d64eb004b0ed106f1e13e5e1bd40f3e465a8469e76017ab7cd8d57,6,no-op-boundary,555,555,591,published,-1,"{""alpha"": 0, ""hop"": 37, ""n"": 128, ""octave"": 0, ""rate"": 48000, ""window"": 8}",0,0.0,36,0.75
3aeff8d50243a034,m1-pro-16gb-local,2fa72e585a1b395273aa78ae0f4350449b999b41b0bf34edee0871817c18c6c3,core-float,float,spec012-confirm-01,1,interactive-v1,True,2368,48000,64,/Users/christiankauten/Documents/Projects/Rack/plugins/Fourier/.build/spec012/confirm-01-transitions/workload-0001-repeat-01.csv,bf41995f2d52630e11a869164fe033ecc145688765b5907b5302b212ba61212b,6b4c737d46d64eb004b0ed106f1e13e5e1bd40f3e465a8469e76017ab7cd8d57,7,replace-pending-first,630,-1,-1,replaced,8,"{""alpha"": 0, ""hop"": 37, ""n"": 128, ""octave"": 0, ""rate"": 48000, ""window"": 8}",,,,
3aeff8d50243a034,m1-pro-16gb-local,2fa72e585a1b395273aa78ae0f4350449b999b41b0bf34edee0871817c18c6c3,core-float,float,spec012-confirm-01,1,interactive-v1,True,2368,48000,64,/Users/christiankauten/Documents/Projects/Rack/plugins/Fourier/.build/spec012/confirm-01-transitions/workload-0001-repeat-01.csv,bf41995f2d52630e11a869164fe033ecc145688765b5907b5302b212ba61212b,6b4c737d46d64eb004b0ed106f1e13e5e1bd40f3e465a8469e76017ab7cd8d57,8,replace-pending-last,631,666,702,published,-1,"{""alpha"": 0, ""hop"": 37, ""n"": 128, ""octave"": 0, ""rate"": 48000, ""window"": 8}",35,0.7291666666666666,71,1.4791666666666667
3aeff8d50243a034,m1-pro-16gb-local,2fa72e585a1b395273aa78ae0f4350449b999b41b0bf34edee0871817c18c6c3,core-float,float,spec012-confirm-01,1,interactive-v1,True,2368,48000,64,/Users/christiankauten/Documents/Projects/Rack/plugins/Fourier/.build/spec012/confirm-01-transitions/workload-0001-repeat-01.csv,bf41995f2d52630e11a869164fe033ecc145688765b5907b5302b212ba61212b,6b4c737d46d64eb004b0ed106f1e13e5e1bd40f3e465a8469e76017ab7cd8d57,9,hop-decrease-boundary,777,777,813,published,-1,"{""alpha"": 0, ""hop"": 37, ""n"": 128, ""octave"": 0, ""rate"": 48000, ""window"": 8}",0,0.0,36,0.75
3aeff8d50243a034,m1-pro-16gb-local,2fa72e585a1b395273aa78ae0f4350449b999b41b0bf34edee0871817c18c6c3,core-float,float,spec012-confirm-01,1,interactive-v1,True,2368,48000,64,/Users/christiankauten/Documents/Projects/Rack/plugins/Fourier/.build/spec012/confirm-01-transitions/workload-0001-repeat-01.csv,bf41995f2d52630e11a869164fe033ecc145688765b5907b5302b212ba61212b,6b4c737d46d64eb004b0ed106f1e13e5e1bd40f3e465a8469e76017ab7cd8d57,10,smoothing-disable,852,888,924,published,-1,"{""alpha"": 0, ""hop"": 37, ""n"": 128, ""octave"": 0, ""rate"": 48000, ""window"": 8}",36,0.75,72,1.5
3aeff8d50243a034,m1-pro-16gb-local,2fa72e585a1b395273aa78ae0f4350449b999b41b0bf34edee0871817c18c6c3,core-float,float,spec012-confirm-01,1,interactive-v1,True,2368,48000,64,/Users/christiankauten/Documents/Projects/Rack/plugins/Fourier/.build/spec012/confirm-01-transitions/workload-0001-repeat-01.csv,bf41995f2d52630e11a869164fe033ecc145688765b5907b5302b212ba61212b,6b4c737d46d64eb004b0ed106f1e13e5e1bd40f3e465a8469e76017ab7cd8d57,11,horizon-no-response,2367,-1,-1,pending-no-response,-1,"{""alpha"": 0, ""hop"": 37, ""n"": 128, ""octave"": 0, ""rate"": 48000, ""window"": 8}",,,,
3aeff8d50243a034,m1-pro-16gb-local,2fa72e585a1b395273aa78ae0f4350449b999b41b0bf34edee0871817c18c6c3,core-float,float,spec012-confirm-01,2,interactive-v1,True,2368,48000,64,/Users/christiankauten/Documents/Projects/Rack/plugins/Fourier/.build/spec012/confirm-01-transitions/workload-0001-repeat-02.csv,581c1bad6010c18e4ffedae7d8dc012ee9ef0bfee5f57f4cb5743c51623ab820,6b4c737d46d64eb004b0ed106f1e13e5e1bd40f3e465a8469e76017ab7cd8d57,1,length-increase-boundary,74,74,110,published,-1,"{""alpha"": 0, ""hop"": 37, ""n"": 128, ""octave"": 0, ""rate"": 48000, ""window"": 8}",0,0.0,36,0.75
3aeff8d50243a034,m1-pro-16gb-local,2fa72e585a1b395273aa78ae0f4350449b999b41b0bf34edee0871817c18c6c3,core-float,float,spec012-confirm-01,2,interactive-v1,True,2368,48000,64,/Users/christiankauten/Documents/Projects/Rack/plugins/Fourier/.build/spec012/confirm-01-transitions/workload-0001-repeat-02.csv,581c1bad6010c18e4ffedae7d8dc012ee9ef0bfee5f57f4cb5743c51623ab820,6b4c737d46d64eb004b0ed106f1e13e5e1bd40f3e465a8469e76017ab7cd8d57,2,length-decrease-early,149,185,221,published,-1,"{""alpha"": 0, ""hop"": 37, ""n"": 128, ""octave"": 0, ""rate"": 48000, ""window"": 8}",36,0.75,72,1.5
3aeff8d50243a034,m1-pro-16gb-local,2fa72e585a1b395273aa78ae0f4350449b999b41b0bf34edee0871817c18c6c3,core-float,float,spec012-confirm-01,2,interactive-v1,True,2368,48000,64,/Users/christiankauten/Documents/Projects/Rack/plugins/Fourier/.build/spec012/confirm-01-transitions/workload-0001-repeat-02.csv,581c1bad6010c18e4ffedae7d8dc012ee9ef0bfee5f57f4cb5743c51623ab820,6b4c737d46d64eb004b0ed106f1e13e5e1bd40f3e465a8469e76017ab7cd8d57,3,hop-increase-middle,240,259,295,published,-1,"{""alpha"": 0, ""hop"": 37, ""n"": 128, ""octave"": 0, ""rate"": 48000, ""window"": 8}",19,0.3958333333333333,55,1.1458333333333333
3aeff8d50243a034,m1-pro-16gb-local,2fa72e585a1b395273aa78ae0f4350449b999b41b0bf34edee0871817c18c6c3,core-float,float,spec012-confirm-01,2,interactive-v1,True,2368,48000,64,/Users/christiankauten/Documents/Projects/Rack/plugins/Fourier/.build/spec012/confirm-01-transitions/workload-0001-repeat-02.csv,581c1bad6010c18e4ffedae7d8dc012ee9ef0bfee5f57f4cb5743c51623ab820,6b4c737d46d64eb004b0ed106f1e13e5e1bd40f3e465a8469e76017ab7cd8d57,4,window-late,405,407,443,published,-1,"{""alpha"": 0, ""hop"": 37, ""n"": 128, ""octave"": 0, ""rate"": 48000, ""window"": 8}",2,0.041666666666666664,38,0.7916666666666666
3aeff8d50243a034,m1-pro-16gb-local,2fa72e585a1b395273aa78ae0f4350449b999b41b0bf34edee0871817c18c6c3,core-float,float,spec012-confirm-01,2,interactive-v1,True,2368,48000,64,/Users/christiankauten/Documents/Projects/Rack/plugins/Fourier/.build/spec012/confirm-01-transitions/workload-0001-repeat-02.csv,581c1bad6010c18e4ffedae7d8dc012ee9ef0bfee5f57f4cb5743c51623ab820,6b4c737d46d64eb004b0ed106f1e13e5e1bd40f3e465a8469e76017ab7cd8d57,5,smoothing-before-publication,480,481,517,published,-1,"{""alpha"": 0, ""hop"": 37, ""n"": 128, ""octave"": 0, ""rate"": 48000, ""window"": 8}",1,0.020833333333333332,37,0.7708333333333334
3aeff8d50243a034,m1-pro-16gb-local,2fa72e585a1b395273aa78ae0f4350449b999b41b0bf34edee0871817c18c6c3,core-float,float,spec012-confirm-01,2,interactive-v1,True,2368,48000,64,/Users/christiankauten/Documents/Projects/Rack/plugins/Fourier/.build/spec012/confirm-01-transitions/workload-0001-repeat-02.csv,581c1bad6010c18e4ffedae7d8dc012ee9ef0bfee5f57f4cb5743c51623ab820,6b4c737d46d64eb004b0ed106f1e13e5e1bd40f3e465a8469e76017ab7cd8d57,6,no-op-boundary,555,555,591,published,-1,"{""alpha"": 0, ""hop"": 37, ""n"": 128, ""octave"": 0, ""rate"": 48000, ""window"": 8}",0,0.0,36,0.75
3aeff8d50243a034,m1-pro-16gb-local,2fa72e585a1b395273aa78ae0f4350449b999b41b0bf34edee0871817c18c6c3,core-float,float,spec012-confirm-01,2,interactive-v1,True,2368,48000,64,/Users/christiankauten/Documents/Projects/Rack/plugins/Fourier/.build/spec012/confirm-01-transitions/workload-0001-repeat-02.csv,581c1bad6010c18e4ffedae7d8dc012ee9ef0bfee5f57f4cb5743c51623ab820,6b4c737d46d64eb004b0ed106f1e13e5e1bd40f3e465a8469e76017ab7cd8d57,7,replace-pending-first,630,-1,-1,replaced,8,"{""alpha"": 0, ""hop"": 37, ""n"": 128, ""octave"": 0, ""rate"": 48000, ""window"": 8}",,,,
3aeff8d50243a034,m1-pro-16gb-local,2fa72e585a1b395273aa78ae0f4350449b999b41b0bf34edee0871817c18c6c3,core-float,float,spec012-confirm-01,2,interactive-v1,True,2368,48000,64,/Users/christiankauten/Documents/Projects/Rack/plugins/Fourier/.build/spec012/confirm-01-transitions/workload-0001-repeat-02.csv,581c1bad6010c18e4ffedae7d8dc012ee9ef0bfee5f57f4cb5743c51623ab820,6b4c737d46d64eb004b0ed106f1e13e5e1bd40f3e465a8469e76017ab7cd8d57,8,replace-pending-last,631,666,702,published,-1,"{""alpha"": 0, ""hop"": 37, ""n"": 128, ""octave"": 0, ""rate"": 48000, ""window"": 8}",35,0.7291666666666666,71,1.4791666666666667
3aeff8d50243a034,m1-pro-16gb-local,2fa72e585a1b395273aa78ae0f4350449b999b41b0bf34edee0871817c18c6c3,core-float,float,spec012-confirm-01,2,interactive-v1,True,2368,48000,64,/Users/christiankauten/Documents/Projects/Rack/plugins/Fourier/.build/spec012/confirm-01-transitions/workload-0001-repeat-02.csv,581c1bad6010c18e4ffedae7d8dc012ee9ef0bfee5f57f4cb5743c51623ab820,6b4c737d46d64eb004b0ed106f1e13e5e1bd40f3e465a8469e76017ab7cd8d57,9,hop-decrease-boundary,777,777,813,published,-1,"{""alpha"": 0, ""hop"": 37, ""n"": 128, ""octave"": 0, ""rate"": 48000, ""window"": 8}",0,0.0,36,0.75
3aeff8d50243a034,m1-pro-16gb-local,2fa72e585a1b395273aa78ae0f4350449b999b41b0bf34edee0871817c18c6c3,core-float,float,spec012-confirm-01,2,interactive-v1,True,2368,48000,64,/Users/christiankauten/Documents/Projects/Rack/plugins/Fourier/.build/spec012/confirm-01-transitions/workload-0001-repeat-02.csv,581c1bad6010c18e4ffedae7d8dc012ee9ef0bfee5f57f4cb5743c51623ab820,6b4c737d46d64eb004b0ed106f1e13e5e1bd40f3e465a8469e76017ab7cd8d57,10,smoothing-disable,852,888,924,published,-1,"{""alpha"": 0, ""hop"": 37, ""n"": 128, ""octave"": 0, ""rate"": 48000, ""window"": 8}",36,0.75,72,1.5
3aeff8d50243a034,m1-pro-16gb-local,2fa72e585a1b395273aa78ae0f4350449b999b41b0bf34edee0871817c18c6c3,core-float,float,spec012-confirm-01,2,interactive-v1,True,2368,48000,64,/Users/christiankauten/Documents/Projects/Rack/plugins/Fourier/.build/spec012/confirm-01-transitions/workload-0001-repeat-02.csv,581c1bad6010c18e4ffedae7d8dc012ee9ef0bfee5f57f4cb5743c51623ab820,6b4c737d46d64eb004b0ed106f1e13e5e1bd40f3e465a8469e76017ab7cd8d57,11,horizon-no-response,2367,-1,-1,pending-no-response,-1,"{""alpha"": 0, ""hop"": 37, ""n"": 128, ""octave"": 0, ""rate"": 48000, ""window"": 8}",,,,
3aeff8d50243a034,m1-pro-16gb-local,2fa72e585a1b395273aa78ae0f4350449b999b41b0bf34edee0871817c18c6c3,core-float,float,spec012-confirm-02,0,interactive-v1,True,2368,48000,64,/Users/christiankauten/Documents/Projects/Rack/plugins/Fourier/.build/spec012/confirm-02-transitions/workload-0001-repeat-00.csv,0ab7f17ad6dbb4ebf4af55a73a2f5c79df62b95ccb64282c2a09c907acb80cd9,6b4c737d46d64eb004b0ed106f1e13e5e1bd40f3e465a8469e76017ab7cd8d57,1,length-increase-boundary,74,74,110,published,-1,"{""alpha"": 0, ""hop"": 37, ""n"": 128, ""octave"": 0, ""rate"": 48000, ""window"": 8}",0,0.0,36,0.75
3aeff8d50243a034,m1-pro-16gb-local,2fa72e585a1b395273aa78ae0f4350449b999b41b0bf34edee0871817c18c6c3,core-float,float,spec012-confirm-02,0,interactive-v1,True,2368,48000,64,/Users/christiankauten/Documents/Projects/Rack/plugins/Fourier/.build/spec012/confirm-02-transitions/workload-0001-repeat-00.csv,0ab7f17ad6dbb4ebf4af55a73a2f5c79df62b95ccb64282c2a09c907acb80cd9,6b4c737d46d64eb004b0ed106f1e13e5e1bd40f3e465a8469e76017ab7cd8d57,2,length-decrease-early,149,185,221,published,-1,"{""alpha"": 0, ""hop"": 37, ""n"": 128, ""octave"": 0, ""rate"": 48000, ""window"": 8}",36,0.75,72,1.5
3aeff8d50243a034,m1-pro-16gb-local,2fa72e585a1b395273aa78ae0f4350449b999b41b0bf34edee0871817c18c6c3,core-float,float,spec012-confirm-02,0,interactive-v1,True,2368,48000,64,/Users/christiankauten/Documents/Projects/Rack/plugins/Fourier/.build/spec012/confirm-02-transitions/workload-0001-repeat-00.csv,0ab7f17ad6dbb4ebf4af55a73a2f5c79df62b95ccb64282c2a09c907acb80cd9,6b4c737d46d64eb004b0ed106f1e13e5e1bd40f3e465a8469e76017ab7cd8d57,3,hop-increase-middle,240,259,295,published,-1,"{""alpha"": 0, ""hop"": 37, ""n"": 128, ""octave"": 0, ""rate"": 48000, ""window"": 8}",19,0.3958333333333333,55,1.1458333333333333
3aeff8d50243a034,m1-pro-16gb-local,2fa72e585a1b395273aa78ae0f4350449b999b41b0bf34edee0871817c18c6c3,core-float,float,spec012-confirm-02,0,interactive-v1,True,2368,48000,64,/Users/christiankauten/Documents/Projects/Rack/plugins/Fourier/.build/spec012/confirm-02-transitions/workload-0001-repeat-00.csv,0ab7f17ad6dbb4ebf4af55a73a2f5c79df62b95ccb64282c2a09c907acb80cd9,6b4c737d46d64eb004b0ed106f1e13e5e1bd40f3e465a8469e76017ab7cd8d57,4,window-late,405,407,443,published,-1,"{""alpha"": 0, ""hop"": 37, ""n"": 128, ""octave"": 0, ""rate"": 48000, ""window"": 8}",2,0.041666666666666664,38,0.7916666666666666
3aeff8d50243a034,m1-pro-16gb-local,2fa72e585a1b395273aa78ae0f4350449b999b41b0bf34edee0871817c18c6c3,core-float,float,spec012-confirm-02,0,interactive-v1,True,2368,48000,64,/Users/christiankauten/Documents/Projects/Rack/plugins/Fourier/.build/spec012/confirm-02-transitions/workload-0001-repeat-00.csv,0ab7f17ad6dbb4ebf4af55a73a2f5c79df62b95ccb64282c2a09c907acb80cd9,6b4c737d46d64eb004b0ed106f1e13e5e1bd40f3e465a8469e76017ab7cd8d57,5,smoothing-before-publication,480,481,517,published,-1,"{""alpha"": 0, ""hop"": 37, ""n"": 128, ""octave"": 0, ""rate"": 48000, ""window"": 8}",1,0.020833333333333332,37,0.7708333333333334
3aeff8d50243a034,m1-pro-16gb-local,2fa72e585a1b395273aa78ae0f4350449b999b41b0bf34edee0871817c18c6c3,core-float,float,spec012-confirm-02,0,interactive-v1,True,2368,48000,64,/Users/christiankauten/Documents/Projects/Rack/plugins/Fourier/.build/spec012/confirm-02-transitions/workload-0001-repeat-00.csv,0ab7f17ad6dbb4ebf4af55a73a2f5c79df62b95ccb64282c2a09c907acb80cd9,6b4c737d46d64eb004b0ed106f1e13e5e1bd40f3e465a8469e76017ab7cd8d57,6,no-op-boundary,555,555,591,published,-1,"{""alpha"": 0, ""hop"": 37, ""n"": 128, ""octave"": 0, ""rate"": 48000, ""window"": 8}",0,0.0,36,0.75
3aeff8d50243a034,m1-pro-16gb-local,2fa72e585a1b395273aa78ae0f4350449b999b41b0bf34edee0871817c18c6c3,core-float,float,spec012-confirm-02,0,interactive-v1,True,2368,48000,64,/Users/christiankauten/Documents/Projects/Rack/plugins/Fourier/.build/spec012/confirm-02-transitions/workload-0001-repeat-00.csv,0ab7f17ad6dbb4ebf4af55a73a2f5c79df62b95ccb64282c2a09c907acb80cd9,6b4c737d46d64eb004b0ed106f1e13e5e1bd40f3e465a8469e76017ab7cd8d57,7,replace-pending-first,630,-1,-1,replaced,8,"{""alpha"": 0, ""hop"": 37, ""n"": 128, ""octave"": 0, ""rate"": 48000, ""window"": 8}",,,,
3aeff8d50243a034,m1-pro-16gb-local,2fa72e585a1b395273aa78ae0f4350449b999b41b0bf34edee0871817c18c6c3,core-float,float,spec012-confirm-02,0,interactive-v1,True,2368,48000,64,/Users/christiankauten/Documents/Projects/Rack/plugins/Fourier/.build/spec012/confirm-02-transitions/workload-0001-repeat-00.csv,0ab7f17ad6dbb4ebf4af55a73a2f5c79df62b95ccb64282c2a09c907acb80cd9,6b4c737d46d64eb004b0ed106f1e13e5e1bd40f3e465a8469e76017ab7cd8d57,8,replace-pending-last,631,666,702,published,-1,"{""alpha"": 0, ""hop"": 37, ""n"": 128, ""octave"": 0, ""rate"": 48000, ""window"": 8}",35,0.7291666666666666,71,1.4791666666666667
3aeff8d50243a034,m1-pro-16gb-local,2fa72e585a1b395273aa78ae0f4350449b999b41b0bf34edee0871817c18c6c3,core-float,float,spec012-confirm-02,0,interactive-v1,True,2368,48000,64,/Users/christiankauten/Documents/Projects/Rack/plugins/Fourier/.build/spec012/confirm-02-transitions/workload-0001-repeat-00.csv,0ab7f17ad6dbb4ebf4af55a73a2f5c79df62b95ccb64282c2a09c907acb80cd9,6b4c737d46d64eb004b0ed106f1e13e5e1bd40f3e465a8469e76017ab7cd8d57,9,hop-decrease-boundary,777,777,813,published,-1,"{""alpha"": 0, ""hop"": 37, ""n"": 128, ""octave"": 0, ""rate"": 48000, ""window"": 8}",0,0.0,36,0.75
3aeff8d50243a034,m1-pro-16gb-local,2fa72e585a1b395273aa78ae0f4350449b999b41b0bf34edee0871817c18c6c3,core-float,float,spec012-confirm-02,0,interactive-v1,True,2368,48000,64,/Users/christiankauten/Documents/Projects/Rack/plugins/Fourier/.build/spec012/confirm-02-transitions/workload-0001-repeat-00.csv,0ab7f17ad6dbb4ebf4af55a73a2f5c79df62b95ccb64282c2a09c907acb80cd9,6b4c737d46d64eb004b0ed106f1e13e5e1bd40f3e465a8469e76017ab7cd8d57,10,smoothing-disable,852,888,924,published,-1,"{""alpha"": 0, ""hop"": 37, ""n"": 128, ""octave"": 0, ""rate"": 48000, ""window"": 8}",36,0.75,72,1.5
3aeff8d50243a034,m1-pro-16gb-local,2fa72e585a1b395273aa78ae0f4350449b999b41b0bf34edee0871817c18c6c3,core-float,float,spec012-confirm-02,0,interactive-v1,True,2368,48000,64,/Users/christiankauten/Documents/Projects/Rack/plugins/Fourier/.build/spec012/confirm-02-transitions/workload-0001-repeat-00.csv,0ab7f17ad6dbb4ebf4af55a73a2f5c79df62b95ccb64282c2a09c907acb80cd9,6b4c737d46d64eb004b0ed106f1e13e5e1bd40f3e465a8469e76017ab7cd8d57,11,horizon-no-response,2367,-1,-1,pending-no-response,-1,"{""alpha"": 0, ""hop"": 37, ""n"": 128, ""octave"": 0, ""rate"": 48000, ""window"": 8}",,,,
3aeff8d50243a034,m1-pro-16gb-local,2fa72e585a1b395273aa78ae0f4350449b999b41b0bf34edee0871817c18c6c3,core-float,float,spec012-confirm-02,1,interactive-v1,True,2368,48000,64,/Users/christiankauten/Documents/Projects/Rack/plugins/Fourier/.build/spec012/confirm-02-transitions/workload-0001-repeat-01.csv,7a5235abe5934f293689cc508284ec7287b0dc78b2c16763be6417a3f06d2cc0,6b4c737d46d64eb004b0ed106f1e13e5e1bd40f3e465a8469e76017ab7cd8d57,1,length-increase-boundary,74,74,110,published,-1,"{""alpha"": 0, ""hop"": 37, ""n"": 128, ""octave"": 0, ""rate"": 48000, ""window"": 8}",0,0.0,36,0.75
3aeff8d50243a034,m1-pro-16gb-local,2fa72e585a1b395273aa78ae0f4350449b999b41b0bf34edee0871817c18c6c3,core-float,float,spec012-confirm-02,1,interactive-v1,True,2368,48000,64,/Users/christiankauten/Documents/Projects/Rack/plugins/Fourier/.build/spec012/confirm-02-transitions/workload-0001-repeat-01.csv,7a5235abe5934f293689cc508284ec7287b0dc78b2c16763be6417a3f06d2cc0,6b4c737d46d64eb004b0ed106f1e13e5e1bd40f3e465a8469e76017ab7cd8d57,2,length-decrease-early,149,185,221,published,-1,"{""alpha"": 0, ""hop"": 37, ""n"": 128, ""octave"": 0, ""rate"": 48000, ""window"": 8}",36,0.75,72,1.5
3aeff8d50243a034,m1-pro-16gb-local,2fa72e585a1b395273aa78ae0f4350449b999b41b0bf34edee0871817c18c6c3,core-float,float,spec012-confirm-02,1,interactive-v1,True,2368,48000,64,/Users/christiankauten/Documents/Projects/Rack/plugins/Fourier/.build/spec012/confirm-02-transitions/workload-0001-repeat-01.csv,7a5235abe5934f293689cc508284ec7287b0dc78b2c16763be6417a3f06d2cc0,6b4c737d46d64eb004b0ed106f1e13e5e1bd40f3e465a8469e76017ab7cd8d57,3,hop-increase-middle,240,259,295,published,-1,"{""alpha"": 0, ""hop"": 37, ""n"": 128, ""octave"": 0, ""rate"": 48000, ""window"": 8}",19,0.3958333333333333,55,1.1458333333333333
3aeff8d50243a034,m1-pro-16gb-local,2fa72e585a1b395273aa78ae0f4350449b999b41b0bf34edee0871817c18c6c3,core-float,float,spec012-confirm-02,1,interactive-v1,True,2368,48000,64,/Users/christiankauten/Documents/Projects/Rack/plugins/Fourier/.build/spec012/confirm-02-transitions/workload-0001-repeat-01.csv,7a5235abe5934f293689cc508284ec7287b0dc78b2c16763be6417a3f06d2cc0,6b4c737d46d64eb004b0ed106f1e13e5e1bd40f3e465a8469e76017ab7cd8d57,4,window-late,405,407,443,published,-1,"{""alpha"": 0, ""hop"": 37, ""n"": 128, ""octave"": 0, ""rate"": 48000, ""window"": 8}",2,0.041666666666666664,38,0.7916666666666666
3aeff8d50243a034,m1-pro-16gb-local,2fa72e585a1b395273aa78ae0f4350449b999b41b0bf34edee0871817c18c6c3,core-float,float,spec012-confirm-02,1,interactive-v1,True,2368,48000,64,/Users/christiankauten/Documents/Projects/Rack/plugins/Fourier/.build/spec012/confirm-02-transitions/workload-0001-repeat-01.csv,7a5235abe5934f293689cc508284ec7287b0dc78b2c16763be6417a3f06d2cc0,6b4c737d46d64eb004b0ed106f1e13e5e1bd40f3e465a8469e76017ab7cd8d57,5,smoothing-before-publication,480,481,517,published,-1,"{""alpha"": 0, ""hop"": 37, ""n"": 128, ""octave"": 0, ""rate"": 48000, ""window"": 8}",1,0.020833333333333332,37,0.7708333333333334
3aeff8d50243a034,m1-pro-16gb-local,2fa72e585a1b395273aa78ae0f4350449b999b41b0bf34edee0871817c18c6c3,core-float,float,spec012-confirm-02,1,interactive-v1,True,2368,48000,64,/Users/christiankauten/Documents/Projects/Rack/plugins/Fourier/.build/spec012/confirm-02-transitions/workload-0001-repeat-01.csv,7a5235abe5934f293689cc508284ec7287b0dc78b2c16763be6417a3f06d2cc0,6b4c737d46d64eb004b0ed106f1e13e5e1bd40f3e465a8469e76017ab7cd8d57,6,no-op-boundary,555,555,591,published,-1,"{""alpha"": 0, ""hop"": 37, ""n"": 128, ""octave"": 0, ""rate"": 48000, ""window"": 8}",0,0.0,36,0.75
3aeff8d50243a034,m1-pro-16gb-local,2fa72e585a1b395273aa78ae0f4350449b999b41b0bf34edee0871817c18c6c3,core-float,float,spec012-confirm-02,1,interactive-v1,True,2368,48000,64,/Users/christiankauten/Documents/Projects/Rack/plugins/Fourier/.build/spec012/confirm-02-transitions/workload-0001-repeat-01.csv,7a5235abe5934f293689cc508284ec7287b0dc78b2c16763be6417a3f06d2cc0,6b4c737d46d64eb004b0ed106f1e13e5e1bd40f3e465a8469e76017ab7cd8d57,7,replace-pending-first,630,-1,-1,replaced,8,"{""alpha"": 0, ""hop"": 37, ""n"": 128, ""octave"": 0, ""rate"": 48000, ""window"": 8}",,,,
3aeff8d50243a034,m1-pro-16gb-local,2fa72e585a1b395273aa78ae0f4350449b999b41b0bf34edee0871817c18c6c3,core-float,float,spec012-confirm-02,1,interactive-v1,True,2368,48000,64,/Users/christiankauten/Documents/Projects/Rack/plugins/Fourier/.build/spec012/confirm-02-transitions/workload-0001-repeat-01.csv,7a5235abe5934f293689cc508284ec7287b0dc78b2c16763be6417a3f06d2cc0,6b4c737d46d64eb004b0ed106f1e13e5e1bd40f3e465a8469e76017ab7cd8d57,8,replace-pending-last,631,666,702,published,-1,"{""alpha"": 0, ""hop"": 37, ""n"": 128, ""octave"": 0, ""rate"": 48000, ""window"": 8}",35,0.7291666666666666,71,1.4791666666666667
3aeff8d50243a034,m1-pro-16gb-local,2fa72e585a1b395273aa78ae0f4350449b999b41b0bf34edee0871817c18c6c3,core-float,float,spec012-confirm-02,1,interactive-v1,True,2368,48000,64,/Users/christiankauten/Documents/Projects/Rack/plugins/Fourier/.build/spec012/confirm-02-transitions/workload-0001-repeat-01.csv,7a5235abe5934f293689cc508284ec7287b0dc78b2c16763be6417a3f06d2cc0,6b4c737d46d64eb004b0ed106f1e13e5e1bd40f3e465a8469e76017ab7cd8d57,9,hop-decrease-boundary,777,777,813,published,-1,"{""alpha"": 0, ""hop"": 37, ""n"": 128, ""octave"": 0, ""rate"": 48000, ""window"": 8}",0,0.0,36,0.75
3aeff8d50243a034,m1-pro-16gb-local,2fa72e585a1b395273aa78ae0f4350449b999b41b0bf34edee0871817c18c6c3,core-float,float,spec012-confirm-02,1,interactive-v1,True,2368,48000,64,/Users/christiankauten/Documents/Projects/Rack/plugins/Fourier/.build/spec012/confirm-02-transitions/workload-0001-repeat-01.csv,7a5235abe5934f293689cc508284ec7287b0dc78b2c16763be6417a3f06d2cc0,6b4c737d46d64eb004b0ed106f1e13e5e1bd40f3e465a8469e76017ab7cd8d57,10,smoothing-disable,852,888,924,published,-1,"{""alpha"": 0, ""hop"": 37, ""n"": 128, ""octave"": 0, ""rate"": 48000, ""window"": 8}",36,0.75,72,1.5
3aeff8d50243a034,m1-pro-16gb-local,2fa72e585a1b395273aa78ae0f4350449b999b41b0bf34edee0871817c18c6c3,core-float,float,spec012-confirm-02,1,interactive-v1,True,2368,48000,64,/Users/christiankauten/Documents/Projects/Rack/plugins/Fourier/.build/spec012/confirm-02-transitions/workload-0001-repeat-01.csv,7a5235abe5934f293689cc508284ec7287b0dc78b2c16763be6417a3f06d2cc0,6b4c737d46d64eb004b0ed106f1e13e5e1bd40f3e465a8469e76017ab7cd8d57,11,horizon-no-response,2367,-1,-1,pending-no-response,-1,"{""alpha"": 0, ""hop"": 37, ""n"": 128, ""octave"": 0, ""rate"": 48000, ""window"": 8}",,,,
3aeff8d50243a034,m1-pro-16gb-local,2fa72e585a1b395273aa78ae0f4350449b999b41b0bf34edee0871817c18c6c3,core-float,float,spec012-confirm-02,2,interactive-v1,True,2368,48000,64,/Users/christiankauten/Documents/Projects/Rack/plugins/Fourier/.build/spec012/confirm-02-transitions/workload-0001-repeat-02.csv,0cb152c71893d5a09bb5f17be0468355971813fdb3d50b6f5d2a5a1494240353,6b4c737d46d64eb004b0ed106f1e13e5e1bd40f3e465a8469e76017ab7cd8d57,1,length-increase-boundary,74,74,110,published,-1,"{""alpha"": 0, ""hop"": 37, ""n"": 128, ""octave"": 0, ""rate"": 48000, ""window"": 8}",0,0.0,36,0.75
3aeff8d50243a034,m1-pro-16gb-local,2fa72e585a1b395273aa78ae0f4350449b999b41b0bf34edee0871817c18c6c3,core-float,float,spec012-confirm-02,2,interactive-v1,True,2368,48000,64,/Users/christiankauten/Documents/Projects/Rack/plugins/Fourier/.build/spec012/confirm-02-transitions/workload-0001-repeat-02.csv,0cb152c71893d5a09bb5f17be0468355971813fdb3d50b6f5d2a5a1494240353,6b4c737d46d64eb004b0ed106f1e13e5e1bd40f3e465a8469e76017ab7cd8d57,2,length-decrease-early,149,185,221,published,-1,"{""alpha"": 0, ""hop"": 37, ""n"": 128, ""octave"": 0, ""rate"": 48000, ""window"": 8}",36,0.75,72,1.5
3aeff8d50243a034,m1-pro-16gb-local,2fa72e585a1b395273aa78ae0f4350449b999b41b0bf34edee0871817c18c6c3,core-float,float,spec012-confirm-02,2,interactive-v1,True,2368,48000,64,/Users/christiankauten/Documents/Projects/Rack/plugins/Fourier/.build/spec012/confirm-02-transitions/workload-0001-repeat-02.csv,0cb152c71893d5a09bb5f17be0468355971813fdb3d50b6f5d2a5a1494240353,6b4c737d46d64eb004b0ed106f1e13e5e1bd40f3e465a8469e76017ab7cd8d57,3,hop-increase-middle,240,259,295,published,-1,"{""alpha"": 0, ""hop"": 37, ""n"": 128, ""octave"": 0, ""rate"": 48000, ""window"": 8}",19,0.3958333333333333,55,1.1458333333333333
3aeff8d50243a034,m1-pro-16gb-local,2fa72e585a1b395273aa78ae0f4350449b999b41b0bf34edee0871817c18c6c3,core-float,float,spec012-confirm-02,2,interactive-v1,True,2368,48000,64,/Users/christiankauten/Documents/Projects/Rack/plugins/Fourier/.build/spec012/confirm-02-transitions/workload-0001-repeat-02.csv,0cb152c71893d5a09bb5f17be0468355971813fdb3d50b6f5d2a5a1494240353,6b4c737d46d64eb004b0ed106f1e13e5e1bd40f3e465a8469e76017ab7cd8d57,4,window-late,405,407,443,published,-1,"{""alpha"": 0, ""hop"": 37, ""n"": 128, ""octave"": 0, ""rate"": 48000, ""window"": 8}",2,0.041666666666666664,38,0.7916666666666666
3aeff8d50243a034,m1-pro-16gb-local,2fa72e585a1b395273aa78ae0f4350449b999b41b0bf34edee0871817c18c6c3,core-float,float,spec012-confirm-02,2,interactive-v1,True,2368,48000,64,/Users/christiankauten/Documents/Projects/Rack/plugins/Fourier/.build/spec012/confirm-02-transitions/workload-0001-repeat-02.csv,0cb152c71893d5a09bb5f17be0468355971813fdb3d50b6f5d2a5a1494240353,6b4c737d46d64eb004b0ed106f1e13e5e1bd40f3e465a8469e76017ab7cd8d57,5,smoothing-before-publication,480,481,517,published,-1,"{""alpha"": 0, ""hop"": 37, ""n"": 128, ""octave"": 0, ""rate"": 48000, ""window"": 8}",1,0.020833333333333332,37,0.7708333333333334
3aeff8d50243a034,m1-pro-16gb-local,2fa72e585a1b395273aa78ae0f4350449b999b41b0bf34edee0871817c18c6c3,core-float,float,spec012-confirm-02,2,interactive-v1,True,2368,48000,64,/Users/christiankauten/Documents/Projects/Rack/plugins/Fourier/.build/spec012/confirm-02-transitions/workload-0001-repeat-02.csv,0cb152c71893d5a09bb5f17be0468355971813fdb3d50b6f5d2a5a1494240353,6b4c737d46d64eb004b0ed106f1e13e5e1bd40f3e465a8469e76017ab7cd8d57,6,no-op-boundary,555,555,591,published,-1,"{""alpha"": 0, ""hop"": 37, ""n"": 128, ""octave"": 0, ""rate"": 48000, ""window"": 8}",0,0.0,36,0.75
3aeff8d50243a034,m1-pro-16gb-local,2fa72e585a1b395273aa78ae0f4350449b999b41b0bf34edee0871817c18c6c3,core-float,float,spec012-confirm-02,2,interactive-v1,True,2368,48000,64,/Users/christiankauten/Documents/Projects/Rack/plugins/Fourier/.build/spec012/confirm-02-transitions/workload-0001-repeat-02.csv,0cb152c71893d5a09bb5f17be0468355971813fdb3d50b6f5d2a5a1494240353,6b4c737d46d64eb004b0ed106f1e13e5e1bd40f3e465a8469e76017ab7cd8d57,7,replace-pending-first,630,-1,-1,replaced,8,"{""alpha"": 0, ""hop"": 37, ""n"": 128, ""octave"": 0, ""rate"": 48000, ""window"": 8}",,,,
3aeff8d50243a034,m1-pro-16gb-local,2fa72e585a1b395273aa78ae0f4350449b999b41b0bf34edee0871817c18c6c3,core-float,float,spec012-confirm-02,2,interactive-v1,True,2368,48000,64,/Users/christiankauten/Documents/Projects/Rack/plugins/Fourier/.build/spec012/confirm-02-transitions/workload-0001-repeat-02.csv,0cb152c71893d5a09bb5f17be0468355971813fdb3d50b6f5d2a5a1494240353,6b4c737d46d64eb004b0ed106f1e13e5e1bd40f3e465a8469e76017ab7cd8d57,8,replace-pending-last,631,666,702,published,-1,"{""alpha"": 0, ""hop"": 37, ""n"": 128, ""octave"": 0, ""rate"": 48000, ""window"": 8}",35,0.7291666666666666,71,1.4791666666666667
3aeff8d50243a034,m1-pro-16gb-local,2fa72e585a1b395273aa78ae0f4350449b999b41b0bf34edee0871817c18c6c3,core-float,float,spec012-confirm-02,2,interactive-v1,True,2368,48000,64,/Users/christiankauten/Documents/Projects/Rack/plugins/Fourier/.build/spec012/confirm-02-transitions/workload-0001-repeat-02.csv,0cb152c71893d5a09bb5f17be0468355971813fdb3d50b6f5d2a5a1494240353,6b4c737d46d64eb004b0ed106f1e13e5e1bd40f3e465a8469e76017ab7cd8d57,9,hop-decrease-boundary,777,777,813,published,-1,"{""alpha"": 0, ""hop"": 37, ""n"": 128, ""octave"": 0, ""rate"": 48000, ""window"": 8}",0,0.0,36,0.75
3aeff8d50243a034,m1-pro-16gb-local,2fa72e585a1b395273aa78ae0f4350449b999b41b0bf34edee0871817c18c6c3,core-float,float,spec012-confirm-02,2,interactive-v1,True,2368,48000,64,/Users/christiankauten/Documents/Projects/Rack/plugins/Fourier/.build/spec012/confirm-02-transitions/workload-0001-repeat-02.csv,0cb152c71893d5a09bb5f17be0468355971813fdb3d50b6f5d2a5a1494240353,6b4c737d46d64eb004b0ed106f1e13e5e1bd40f3e465a8469e76017ab7cd8d57,10,smoothing-disable,852,888,924,published,-1,"{""alpha"": 0, ""hop"": 37, ""n"": 128, ""octave"": 0, ""rate"": 48000, ""window"": 8}",36,0.75,72,1.5
3aeff8d50243a034,m1-pro-16gb-local,2fa72e585a1b395273aa78ae0f4350449b999b41b0bf34edee0871817c18c6c3,core-float,float,spec012-confirm-02,2,interactive-v1,True,2368,48000,64,/Users/christiankauten/Documents/Projects/Rack/plugins/Fourier/.build/spec012/confirm-02-transitions/workload-0001-repeat-02.csv,0cb152c71893d5a09bb5f17be0468355971813fdb3d50b6f5d2a5a1494240353,6b4c737d46d64eb004b0ed106f1e13e5e1bd40f3e465a8469e76017ab7cd8d57,11,horizon-no-response,2367,-1,-1,pending-no-response,-1,"{""alpha"": 0, ""hop"": 37, ""n"": 128, ""octave"": 0, ""rate"": 48000, ""window"": 8}",,,,
3aeff8d50243a034,m1-pro-16gb-local,2fa72e585a1b395273aa78ae0f4350449b999b41b0bf34edee0871817c18c6c3,core-float,float,spec012-confirm-03,0,interactive-v1,True,2368,48000,64,/Users/christiankauten/Documents/Projects/Rack/plugins/Fourier/.build/spec012/confirm-03-transitions/workload-0001-repeat-00.csv,5a151d78289fbee749f9b38835ae66af333d42ec65a1e225c2db5818891da940,6b4c737d46d64eb004b0ed106f1e13e5e1bd40f3e465a8469e76017ab7cd8d57,1,length-increase-boundary,74,74,110,published,-1,"{""alpha"": 0, ""hop"": 37, ""n"": 128, ""octave"": 0, ""rate"": 48000, ""window"": 8}",0,0.0,36,0.75
3aeff8d50243a034,m1-pro-16gb-local,2fa72e585a1b395273aa78ae0f4350449b999b41b0bf34edee0871817c18c6c3,core-float,float,spec012-confirm-03,0,interactive-v1,True,2368,48000,64,/Users/christiankauten/Documents/Projects/Rack/plugins/Fourier/.build/spec012/confirm-03-transitions/workload-0001-repeat-00.csv,5a151d78289fbee749f9b38835ae66af333d42ec65a1e225c2db5818891da940,6b4c737d46d64eb004b0ed106f1e13e5e1bd40f3e465a8469e76017ab7cd8d57,2,length-decrease-early,149,185,221,published,-1,"{""alpha"": 0, ""hop"": 37, ""n"": 128, ""octave"": 0, ""rate"": 48000, ""window"": 8}",36,0.75,72,1.5
3aeff8d50243a034,m1-pro-16gb-local,2fa72e585a1b395273aa78ae0f4350449b999b41b0bf34edee0871817c18c6c3,core-float,float,spec012-confirm-03,0,interactive-v1,True,2368,48000,64,/Users/christiankauten/Documents/Projects/Rack/plugins/Fourier/.build/spec012/confirm-03-transitions/workload-0001-repeat-00.csv,5a151d78289fbee749f9b38835ae66af333d42ec65a1e225c2db5818891da940,6b4c737d46d64eb004b0ed106f1e13e5e1bd40f3e465a8469e76017ab7cd8d57,3,hop-increase-middle,240,259,295,published,-1,"{""alpha"": 0, ""hop"": 37, ""n"": 128, ""octave"": 0, ""rate"": 48000, ""window"": 8}",19,0.3958333333333333,55,1.1458333333333333
3aeff8d50243a034,m1-pro-16gb-local,2fa72e585a1b395273aa78ae0f4350449b999b41b0bf34edee0871817c18c6c3,core-float,float,spec012-confirm-03,0,interactive-v1,True,2368,48000,64,/Users/christiankauten/Documents/Projects/Rack/plugins/Fourier/.build/spec012/confirm-03-transitions/workload-0001-repeat-00.csv,5a151d78289fbee749f9b38835ae66af333d42ec65a1e225c2db5818891da940,6b4c737d46d64eb004b0ed106f1e13e5e1bd40f3e465a8469e76017ab7cd8d57,4,window-late,405,407,443,published,-1,"{""alpha"": 0, ""hop"": 37, ""n"": 128, ""octave"": 0, ""rate"": 48000, ""window"": 8}",2,0.041666666666666664,38,0.7916666666666666
3aeff8d50243a034,m1-pro-16gb-local,2fa72e585a1b395273aa78ae0f4350449b999b41b0bf34edee0871817c18c6c3,core-float,float,spec012-confirm-03,0,interactive-v1,True,2368,48000,64,/Users/christiankauten/Documents/Projects/Rack/plugins/Fourier/.build/spec012/confirm-03-transitions/workload-0001-repeat-00.csv,5a151d78289fbee749f9b38835ae66af333d42ec65a1e225c2db5818891da940,6b4c737d46d64eb004b0ed106f1e13e5e1bd40f3e465a8469e76017ab7cd8d57,5,smoothing-before-publication,480,481,517,published,-1,"{""alpha"": 0, ""hop"": 37, ""n"": 128, ""octave"": 0, ""rate"": 48000, ""window"": 8}",1,0.020833333333333332,37,0.7708333333333334
3aeff8d50243a034,m1-pro-16gb-local,2fa72e585a1b395273aa78ae0f4350449b999b41b0bf34edee0871817c18c6c3,core-float,float,spec012-confirm-03,0,interactive-v1,True,2368,48000,64,/Users/christiankauten/Documents/Projects/Rack/plugins/Fourier/.build/spec012/confirm-03-transitions/workload-0001-repeat-00.csv,5a151d78289fbee749f9b38835ae66af333d42ec65a1e225c2db5818891da940,6b4c737d46d64eb004b0ed106f1e13e5e1bd40f3e465a8469e76017ab7cd8d57,6,no-op-boundary,555,555,591,published,-1,"{""alpha"": 0, ""hop"": 37, ""n"": 128, ""octave"": 0, ""rate"": 48000, ""window"": 8}",0,0.0,36,0.75
3aeff8d50243a034,m1-pro-16gb-local,2fa72e585a1b395273aa78ae0f4350449b999b41b0bf34edee0871817c18c6c3,core-float,float,spec012-confirm-03,0,interactive-v1,True,2368,48000,64,/Users/christiankauten/Documents/Projects/Rack/plugins/Fourier/.build/spec012/confirm-03-transitions/workload-0001-repeat-00.csv,5a151d78289fbee749f9b38835ae66af333d42ec65a1e225c2db5818891da940,6b4c737d46d64eb004b0ed106f1e13e5e1bd40f3e465a8469e76017ab7cd8d57,7,replace-pending-first,630,-1,-1,replaced,8,"{""alpha"": 0, ""hop"": 37, ""n"": 128, ""octave"": 0, ""rate"": 48000, ""window"": 8}",,,,
3aeff8d50243a034,m1-pro-16gb-local,2fa72e585a1b395273aa78ae0f4350449b999b41b0bf34edee0871817c18c6c3,core-float,float,spec012-confirm-03,0,interactive-v1,True,2368,48000,64,/Users/christiankauten/Documents/Projects/Rack/plugins/Fourier/.build/spec012/confirm-03-transitions/workload-0001-repeat-00.csv,5a151d78289fbee749f9b38835ae66af333d42ec65a1e225c2db5818891da940,6b4c737d46d64eb004b0ed106f1e13e5e1bd40f3e465a8469e76017ab7cd8d57,8,replace-pending-last,631,666,702,published,-1,"{""alpha"": 0, ""hop"": 37, ""n"": 128, ""octave"": 0, ""rate"": 48000, ""window"": 8}",35,0.7291666666666666,71,1.4791666666666667
3aeff8d50243a034,m1-pro-16gb-local,2fa72e585a1b395273aa78ae0f4350449b999b41b0bf34edee0871817c18c6c3,core-float,float,spec012-confirm-03,0,interactive-v1,True,2368,48000,64,/Users/christiankauten/Documents/Projects/Rack/plugins/Fourier/.build/spec012/confirm-03-transitions/workload-0001-repeat-00.csv,5a151d78289fbee749f9b38835ae66af333d42ec65a1e225c2db5818891da940,6b4c737d46d64eb004b0ed106f1e13e5e1bd40f3e465a8469e76017ab7cd8d57,9,hop-decrease-boundary,777,777,813,published,-1,"{""alpha"": 0, ""hop"": 37, ""n"": 128, ""octave"": 0, ""rate"": 48000, ""window"": 8}",0,0.0,36,0.75
3aeff8d50243a034,m1-pro-16gb-local,2fa72e585a1b395273aa78ae0f4350449b999b41b0bf34edee0871817c18c6c3,core-float,float,spec012-confirm-03,0,interactive-v1,True,2368,48000,64,/Users/christiankauten/Documents/Projects/Rack/plugins/Fourier/.build/spec012/confirm-03-transitions/workload-0001-repeat-00.csv,5a151d78289fbee749f9b38835ae66af333d42ec65a1e225c2db5818891da940,6b4c737d46d64eb004b0ed106f1e13e5e1bd40f3e465a8469e76017ab7cd8d57,10,smoothing-disable,852,888,924,published,-1,"{""alpha"": 0, ""hop"": 37, ""n"": 128, ""octave"": 0, ""rate"": 48000, ""window"": 8}",36,0.75,72,1.5
3aeff8d50243a034,m1-pro-16gb-local,2fa72e585a1b395273aa78ae0f4350449b999b41b0bf34edee0871817c18c6c3,core-float,float,spec012-confirm-03,0,interactive-v1,True,2368,48000,64,/Users/christiankauten/Documents/Projects/Rack/plugins/Fourier/.build/spec012/confirm-03-transitions/workload-0001-repeat-00.csv,5a151d78289fbee749f9b38835ae66af333d42ec65a1e225c2db5818891da940,6b4c737d46d64eb004b0ed106f1e13e5e1bd40f3e465a8469e76017ab7cd8d57,11,horizon-no-response,2367,-1,-1,pending-no-response,-1,"{""alpha"": 0, ""hop"": 37, ""n"": 128, ""octave"": 0, ""rate"": 48000, ""window"": 8}",,,,
3aeff8d50243a034,m1-pro-16gb-local,2fa72e585a1b395273aa78ae0f4350449b999b41b0bf34edee0871817c18c6c3,core-float,float,spec012-confirm-03,1,interactive-v1,True,2368,48000,64,/Users/christiankauten/Documents/Projects/Rack/plugins/Fourier/.build/spec012/confirm-03-transitions/workload-0001-repeat-01.csv,f7042299b521ad30b13078b6f6c638915dbef0f99b8d484b542a6767b2511447,6b4c737d46d64eb004b0ed106f1e13e5e1bd40f3e465a8469e76017ab7cd8d57,1,length-increase-boundary,74,74,110,published,-1,"{""alpha"": 0, ""hop"": 37, ""n"": 128, ""octave"": 0, ""rate"": 48000, ""window"": 8}",0,0.0,36,0.75
3aeff8d50243a034,m1-pro-16gb-local,2fa72e585a1b395273aa78ae0f4350449b999b41b0bf34edee0871817c18c6c3,core-float,float,spec012-confirm-03,1,interactive-v1,True,2368,48000,64,/Users/christiankauten/Documents/Projects/Rack/plugins/Fourier/.build/spec012/confirm-03-transitions/workload-0001-repeat-01.csv,f7042299b521ad30b13078b6f6c638915dbef0f99b8d484b542a6767b2511447,6b4c737d46d64eb004b0ed106f1e13e5e1bd40f3e465a8469e76017ab7cd8d57,2,length-decrease-early,149,185,221,published,-1,"{""alpha"": 0, ""hop"": 37, ""n"": 128, ""octave"": 0, ""rate"": 48000, ""window"": 8}",36,0.75,72,1.5
3aeff8d50243a034,m1-pro-16gb-local,2fa72e585a1b395273aa78ae0f4350449b999b41b0bf34edee0871817c18c6c3,core-float,float,spec012-confirm-03,1,interactive-v1,True,2368,48000,64,/Users/christiankauten/Documents/Projects/Rack/plugins/Fourier/.build/spec012/confirm-03-transitions/workload-0001-repeat-01.csv,f7042299b521ad30b13078b6f6c638915dbef0f99b8d484b542a6767b2511447,6b4c737d46d64eb004b0ed106f1e13e5e1bd40f3e465a8469e76017ab7cd8d57,3,hop-increase-middle,240,259,295,published,-1,"{""alpha"": 0, ""hop"": 37, ""n"": 128, ""octave"": 0, ""rate"": 48000, ""window"": 8}",19,0.3958333333333333,55,1.1458333333333333
3aeff8d50243a034,m1-pro-16gb-local,2fa72e585a1b395273aa78ae0f4350449b999b41b0bf34edee0871817c18c6c3,core-float,float,spec012-confirm-03,1,interactive-v1,True,2368,48000,64,/Users/christiankauten/Documents/Projects/Rack/plugins/Fourier/.build/spec012/confirm-03-transitions/workload-0001-repeat-01.csv,f7042299b521ad30b13078b6f6c638915dbef0f99b8d484b542a6767b2511447,6b4c737d46d64eb004b0ed106f1e13e5e1bd40f3e465a8469e76017ab7cd8d57,4,window-late,405,407,443,published,-1,"{""alpha"": 0, ""hop"": 37, ""n"": 128, ""octave"": 0, ""rate"": 48000, ""window"": 8}",2,0.041666666666666664,38,0.7916666666666666
3aeff8d50243a034,m1-pro-16gb-local,2fa72e585a1b395273aa78ae0f4350449b999b41b0bf34edee0871817c18c6c3,core-float,float,spec012-confirm-03,1,interactive-v1,True,2368,48000,64,/Users/christiankauten/Documents/Projects/Rack/plugins/Fourier/.build/spec012/confirm-03-transitions/workload-0001-repeat-01.csv,f7042299b521ad30b13078b6f6c638915dbef0f99b8d484b542a6767b2511447,6b4c737d46d64eb004b0ed106f1e13e5e1bd40f3e465a8469e76017ab7cd8d57,5,smoothing-before-publication,480,481,517,published,-1,"{""alpha"": 0, ""hop"": 37, ""n"": 128, ""octave"": 0, ""rate"": 48000, ""window"": 8}",1,0.020833333333333332,37,0.7708333333333334
3aeff8d50243a034,m1-pro-16gb-local,2fa72e585a1b395273aa78ae0f4350449b999b41b0bf34edee0871817c18c6c3,core-float,float,spec012-confirm-03,1,interactive-v1,True,2368,48000,64,/Users/christiankauten/Documents/Projects/Rack/plugins/Fourier/.build/spec012/confirm-03-transitions/workload-0001-repeat-01.csv,f7042299b521ad30b13078b6f6c638915dbef0f99b8d484b542a6767b2511447,6b4c737d46d64eb004b0ed106f1e13e5e1bd40f3e465a8469e76017ab7cd8d57,6,no-op-boundary,555,555,591,published,-1,"{""alpha"": 0, ""hop"": 37, ""n"": 128, ""octave"": 0, ""rate"": 48000, ""window"": 8}",0,0.0,36,0.75
3aeff8d50243a034,m1-pro-16gb-local,2fa72e585a1b395273aa78ae0f4350449b999b41b0bf34edee0871817c18c6c3,core-float,float,spec012-confirm-03,1,interactive-v1,True,2368,48000,64,/Users/christiankauten/Documents/Projects/Rack/plugins/Fourier/.build/spec012/confirm-03-transitions/workload-0001-repeat-01.csv,f7042299b521ad30b13078b6f6c638915dbef0f99b8d484b542a6767b2511447,6b4c737d46d64eb004b0ed106f1e13e5e1bd40f3e465a8469e76017ab7cd8d57,7,replace-pending-first,630,-1,-1,replaced,8,"{""alpha"": 0, ""hop"": 37, ""n"": 128, ""octave"": 0, ""rate"": 48000, ""window"": 8}",,,,
3aeff8d50243a034,m1-pro-16gb-local,2fa72e585a1b395273aa78ae0f4350449b999b41b0bf34edee0871817c18c6c3,core-float,float,spec012-confirm-03,1,interactive-v1,True,2368,48000,64,/Users/christiankauten/Documents/Projects/Rack/plugins/Fourier/.build/spec012/confirm-03-transitions/workload-0001-repeat-01.csv,f7042299b521ad30b13078b6f6c638915dbef0f99b8d484b542a6767b2511447,6b4c737d46d64eb004b0ed106f1e13e5e1bd40f3e465a8469e76017ab7cd8d57,8,replace-pending-last,631,666,702,published,-1,"{""alpha"": 0, ""hop"": 37, ""n"": 128, ""octave"": 0, ""rate"": 48000, ""window"": 8}",35,0.7291666666666666,71,1.4791666666666667
3aeff8d50243a034,m1-pro-16gb-local,2fa72e585a1b395273aa78ae0f4350449b999b41b0bf34edee0871817c18c6c3,core-float,float,spec012-confirm-03,1,interactive-v1,True,2368,48000,64,/Users/christiankauten/Documents/Projects/Rack/plugins/Fourier/.build/spec012/confirm-03-transitions/workload-0001-repeat-01.csv,f7042299b521ad30b13078b6f6c638915dbef0f99b8d484b542a6767b2511447,6b4c737d46d64eb004b0ed106f1e13e5e1bd40f3e465a8469e76017ab7cd8d57,9,hop-decrease-boundary,777,777,813,published,-1,"{""alpha"": 0, ""hop"": 37, ""n"": 128, ""octave"": 0, ""rate"": 48000, ""window"": 8}",0,0.0,36,0.75
3aeff8d50243a034,m1-pro-16gb-local,2fa72e585a1b395273aa78ae0f4350449b999b41b0bf34edee0871817c18c6c3,core-float,float,spec012-confirm-03,1,interactive-v1,True,2368,48000,64,/Users/christiankauten/Documents/Projects/Rack/plugins/Fourier/.build/spec012/confirm-03-transitions/workload-0001-repeat-01.csv,f7042299b521ad30b13078b6f6c638915dbef0f99b8d484b542a6767b2511447,6b4c737d46d64eb004b0ed106f1e13e5e1bd40f3e465a8469e76017ab7cd8d57,10,smoothing-disable,852,888,924,published,-1,"{""alpha"": 0, ""hop"": 37, ""n"": 128, ""octave"": 0, ""rate"": 48000, ""window"": 8}",36,0.75,72,1.5
3aeff8d50243a034,m1-pro-16gb-local,2fa72e585a1b395273aa78ae0f4350449b999b41b0bf34edee0871817c18c6c3,core-float,float,spec012-confirm-03,1,interactive-v1,True,2368,48000,64,/Users/christiankauten/Documents/Projects/Rack/plugins/Fourier/.build/spec012/confirm-03-transitions/workload-0001-repeat-01.csv,f7042299b521ad30b13078b6f6c638915dbef0f99b8d484b542a6767b2511447,6b4c737d46d64eb004b0ed106f1e13e5e1bd40f3e465a8469e76017ab7cd8d57,11,horizon-no-response,2367,-1,-1,pending-no-response,-1,"{""alpha"": 0, ""hop"": 37, ""n"": 128, ""octave"": 0, ""rate"": 48000, ""window"": 8}",,,,
3aeff8d50243a034,m1-pro-16gb-local,2fa72e585a1b395273aa78ae0f4350449b999b41b0bf34edee0871817c18c6c3,core-float,float,spec012-confirm-03,2,interactive-v1,True,2368,48000,64,/Users/christiankauten/Documents/Projects/Rack/plugins/Fourier/.build/spec012/confirm-03-transitions/workload-0001-repeat-02.csv,3daffb7f64ab0748abea00d2b469d921e60136fa0031442ff66811c833355443,6b4c737d46d64eb004b0ed106f1e13e5e1bd40f3e465a8469e76017ab7cd8d57,1,length-increase-boundary,74,74,110,published,-1,"{""alpha"": 0, ""hop"": 37, ""n"": 128, ""octave"": 0, ""rate"": 48000, ""window"": 8}",0,0.0,36,0.75
3aeff8d50243a034,m1-pro-16gb-local,2fa72e585a1b395273aa78ae0f4350449b999b41b0bf34edee0871817c18c6c3,core-float,float,spec012-confirm-03,2,interactive-v1,True,2368,48000,64,/Users/christiankauten/Documents/Projects/Rack/plugins/Fourier/.build/spec012/confirm-03-transitions/workload-0001-repeat-02.csv,3daffb7f64ab0748abea00d2b469d921e60136fa0031442ff66811c833355443,6b4c737d46d64eb004b0ed106f1e13e5e1bd40f3e465a8469e76017ab7cd8d57,2,length-decrease-early,149,185,221,published,-1,"{""alpha"": 0, ""hop"": 37, ""n"": 128, ""octave"": 0, ""rate"": 48000, ""window"": 8}",36,0.75,72,1.5
3aeff8d50243a034,m1-pro-16gb-local,2fa72e585a1b395273aa78ae0f4350449b999b41b0bf34edee0871817c18c6c3,core-float,float,spec012-confirm-03,2,interactive-v1,True,2368,48000,64,/Users/christiankauten/Documents/Projects/Rack/plugins/Fourier/.build/spec012/confirm-03-transitions/workload-0001-repeat-02.csv,3daffb7f64ab0748abea00d2b469d921e60136fa0031442ff66811c833355443,6b4c737d46d64eb004b0ed106f1e13e5e1bd40f3e465a8469e76017ab7cd8d57,3,hop-increase-middle,240,259,295,published,-1,"{""alpha"": 0, ""hop"": 37, ""n"": 128, ""octave"": 0, ""rate"": 48000, ""window"": 8}",19,0.3958333333333333,55,1.1458333333333333
3aeff8d50243a034,m1-pro-16gb-local,2fa72e585a1b395273aa78ae0f4350449b999b41b0bf34edee0871817c18c6c3,core-float,float,spec012-confirm-03,2,interactive-v1,True,2368,48000,64,/Users/christiankauten/Documents/Projects/Rack/plugins/Fourier/.build/spec012/confirm-03-transitions/workload-0001-repeat-02.csv,3daffb7f64ab0748abea00d2b469d921e60136fa0031442ff66811c833355443,6b4c737d46d64eb004b0ed106f1e13e5e1bd40f3e465a8469e76017ab7cd8d57,4,window-late,405,407,443,published,-1,"{""alpha"": 0, ""hop"": 37, ""n"": 128, ""octave"": 0, ""rate"": 48000, ""window"": 8}",2,0.041666666666666664,38,0.7916666666666666
3aeff8d50243a034,m1-pro-16gb-local,2fa72e585a1b395273aa78ae0f4350449b999b41b0bf34edee0871817c18c6c3,core-float,float,spec012-confirm-03,2,interactive-v1,True,2368,48000,64,/Users/christiankauten/Documents/Projects/Rack/plugins/Fourier/.build/spec012/confirm-03-transitions/workload-0001-repeat-02.csv,3daffb7f64ab0748abea00d2b469d921e60136fa0031442ff66811c833355443,6b4c737d46d64eb004b0ed106f1e13e5e1bd40f3e465a8469e76017ab7cd8d57,5,smoothing-before-publication,480,481,517,published,-1,"{""alpha"": 0, ""hop"": 37, ""n"": 128, ""octave"": 0, ""rate"": 48000, ""window"": 8}",1,0.020833333333333332,37,0.7708333333333334
3aeff8d50243a034,m1-pro-16gb-local,2fa72e585a1b395273aa78ae0f4350449b999b41b0bf34edee0871817c18c6c3,core-float,float,spec012-confirm-03,2,interactive-v1,True,2368,48000,64,/Users/christiankauten/Documents/Projects/Rack/plugins/Fourier/.build/spec012/confirm-03-transitions/workload-0001-repeat-02.csv,3daffb7f64ab0748abea00d2b469d921e60136fa0031442ff66811c833355443,6b4c737d46d64eb004b0ed106f1e13e5e1bd40f3e465a8469e76017ab7cd8d57,6,no-op-boundary,555,555,591,published,-1,"{""alpha"": 0, ""hop"": 37, ""n"": 128, ""octave"": 0, ""rate"": 48000, ""window"": 8}",0,0.0,36,0.75
3aeff8d50243a034,m1-pro-16gb-local,2fa72e585a1b395273aa78ae0f4350449b999b41b0bf34edee0871817c18c6c3,core-float,float,spec012-confirm-03,2,interactive-v1,True,2368,48000,64,/Users/christiankauten/Documents/Projects/Rack/plugins/Fourier/.build/spec012/confirm-03-transitions/workload-0001-repeat-02.csv,3daffb7f64ab0748abea00d2b469d921e60136fa0031442ff66811c833355443,6b4c737d46d64eb004b0ed106f1e13e5e1bd40f3e465a8469e76017ab7cd8d57,7,replace-pending-first,630,-1,-1,replaced,8,"{""alpha"": 0, ""hop"": 37, ""n"": 128, ""octave"": 0, ""rate"": 48000, ""window"": 8}",,,,
3aeff8d50243a034,m1-pro-16gb-local,2fa72e585a1b395273aa78ae0f4350449b999b41b0bf34edee0871817c18c6c3,core-float,float,spec012-confirm-03,2,interactive-v1,True,2368,48000,64,/Users/christiankauten/Documents/Projects/Rack/plugins/Fourier/.build/spec012/confirm-03-transitions/workload-0001-repeat-02.csv,3daffb7f64ab0748abea00d2b469d921e60136fa0031442ff66811c833355443,6b4c737d46d64eb004b0ed106f1e13e5e1bd40f3e465a8469e76017ab7cd8d57,8,replace-pending-last,631,666,702,published,-1,"{""alpha"": 0, ""hop"": 37, ""n"": 128, ""octave"": 0, ""rate"": 48000, ""window"": 8}",35,0.7291666666666666,71,1.4791666666666667
3aeff8d50243a034,m1-pro-16gb-local,2fa72e585a1b395273aa78ae0f4350449b999b41b0bf34edee0871817c18c6c3,core-float,float,spec012-confirm-03,2,interactive-v1,True,2368,48000,64,/Users/christiankauten/Documents/Projects/Rack/plugins/Fourier/.build/spec012/confirm-03-transitions/workload-0001-repeat-02.csv,3daffb7f64ab0748abea00d2b469d921e60136fa0031442ff66811c833355443,6b4c737d46d64eb004b0ed106f1e13e5e1bd40f3e465a8469e76017ab7cd8d57,9,hop-decrease-boundary,777,777,813,published,-1,"{""alpha"": 0, ""hop"": 37, ""n"": 128, ""octave"": 0, ""rate"": 48000, ""window"": 8}",0,0.0,36,0.75
3aeff8d50243a034,m1-pro-16gb-local,2fa72e585a1b395273aa78ae0f4350449b999b41b0bf34edee0871817c18c6c3,core-float,float,spec012-confirm-03,2,interactive-v1,True,2368,48000,64,/Users/christiankauten/Documents/Projects/Rack/plugins/Fourier/.build/spec012/confirm-03-transitions/workload-0001-repeat-02.csv,3daffb7f64ab0748abea00d2b469d921e60136fa0031442ff66811c833355443,6b4c737d46d64eb004b0ed106f1e13e5e1bd40f3e465a8469e76017ab7cd8d57,10,smoothing-disable,852,888,924,published,-1,"{""alpha"": 0, ""hop"": 37, ""n"": 128, ""octave"": 0, ""rate"": 48000, ""window"": 8}",36,0.75,72,1.5
3aeff8d50243a034,m1-pro-16gb-local,2fa72e585a1b395273aa78ae0f4350449b999b41b0bf34edee0871817c18c6c3,core-float,float,spec012-confirm-03,2,interactive-v1,True,2368,48000,64,/Users/christiankauten/Documents/Projects/Rack/plugins/Fourier/.build/spec012/confirm-03-transitions/workload-0001-repeat-02.csv,3daffb7f64ab0748abea00d2b469d921e60136fa0031442ff66811c833355443,6b4c737d46d64eb004b0ed106f1e13e5e1bd40f3e465a8469e76017ab7cd8d57,11,horizon-no-response,2367,-1,-1,pending-no-response,-1,"{""alpha"": 0, ""hop"": 37, ""n"": 128, ""octave"": 0, ""rate"": 48000, ""window"": 8}",,,,
3aeff8d50243a034,m1-pro-16gb-local,3bc3df13048eec7e02afa7e1474391d9dbceb98da439d5f7789ea3aa51a36f22,core-float,float,spec012-confirm-01,0,interactive-v1,True,65536,48000,64,/Users/christiankauten/Documents/Projects/Rack/plugins/Fourier/.build/spec012/confirm-01-transitions/workload-0009-repeat-00.csv,38f4e677bd488bbb2abdac3a243d00676e9fbd65785d2d51e9ab695e5620b7f4,f8efcb9a2bbd7161e70d8a5b823cbaa6573e5621e850b3c9d4741d74b67dcd37,1,length-increase-boundary,2048,2048,3071,published,-1,"{""alpha"": 0, ""hop"": 1024, ""n"": 2048, ""octave"": 0, ""rate"": 48000, ""window"": 8}",0,0.0,1023,21.3125
3aeff8d50243a034,m1-pro-16gb-local,3bc3df13048eec7e02afa7e1474391d9dbceb98da439d5f7789ea3aa51a36f22,core-float,float,spec012-confirm-01,0,interactive-v1,True,65536,48000,64,/Users/christiankauten/Documents/Projects/Rack/plugins/Fourier/.build/spec012/confirm-01-transitions/workload-0009-repeat-00.csv,38f4e677bd488bbb2abdac3a243d00676e9fbd65785d2d51e9ab695e5620b7f4,f8efcb9a2bbd7161e70d8a5b823cbaa6573e5621e850b3c9d4741d74b67dcd37,2,length-decrease-early,4097,5120,6143,published,-1,"{""alpha"": 0, ""hop"": 1024, ""n"": 2048, ""octave"": 0, ""rate"": 48000, ""window"": 8}",1023,21.3125,2046,42.625
3aeff8d50243a034,m1-pro-16gb-local,3bc3df13048eec7e02afa7e1474391d9dbceb98da439d5f7789ea3aa51a36f22,core-float,float,spec012-confirm-01,0,interactive-v1,True,65536,48000,64,/Users/christiankauten/Documents/Projects/Rack/plugins/Fourier/.build/spec012/confirm-01-transitions/workload-0009-repeat-00.csv,38f4e677bd488bbb2abdac3a243d00676e9fbd65785d2d51e9ab695e5620b7f4,f8efcb9a2bbd7161e70d8a5b823cbaa6573e5621e850b3c9d4741d74b67dcd37,3,hop-increase-middle,6656,7168,8191,published,-1,"{""alpha"": 0, ""hop"": 1024, ""n"": 2048, ""octave"": 0, ""rate"": 48000, ""window"": 8}",512,10.666666666666666,1535,31.979166666666668
3aeff8d50243a034,m1-pro-16gb-local,3bc3df13048eec7e02afa7e1474391d9dbceb98da439d5f7789ea3aa51a36f22,core-float,float,spec012-confirm-01,0,interactive-v1,True,65536,48000,64,/Users/christiankauten/Documents/Projects/Rack/plugins/Fourier/.build/spec012/confirm-01-transitions/workload-0009-repeat-00.csv,38f4e677bd488bbb2abdac3a243d00676e9fbd65785d2d51e9ab695e5620b7f4,f8efcb9a2bbd7161e70d8a5b823cbaa6573e5621e850b3c9d4741d74b67dcd37,4,window-late,11262,11264,12287,published,-1,"{""alpha"": 0, ""hop"": 1024, ""n"": 2048, ""octave"": 0, ""rate"": 48000, ""window"": 8}",2,0.041666666666666664,1025,21.354166666666668
3aeff8d50243a034,m1-pro-16gb-local,3bc3df13048eec7e02afa7e1474391d9dbceb98da439d5f7789ea3aa51a36f22,core-float,float,spec012-confirm-01,0,interactive-v1,True,65536,48000,64,/Users/christiankauten/Documents/Projects/Rack/plugins/Fourier/.build/spec012/confirm-01-transitions/workload-0009-repeat-00.csv,38f4e677bd488bbb2abdac3a243d00676e9fbd65785d2d51e9ab695e5620b7f4,f8efcb9a2bbd7161e70d8a5b823cbaa6573e5621e850b3c9d4741d74b67dcd37,5,smoothing-before-publication,13311,13312,14335,published,-1,"{""alpha"": 0, ""hop"": 1024, ""n"": 2048, ""octave"": 0, ""rate"": 48000, ""window"": 8}",1,0.020833333333333332,1024,21.333333333333332
3aeff8d50243a034,m1-pro-16gb-local,3bc3df13048eec7e02afa7e1474391d9dbceb98da439d5f7789ea3aa51a36f22,core-float,float,spec012-confirm-01,0,interactive-v1,True,65536,48000,64,/Users/christiankauten/Documents/Projects/Rack/plugins/Fourier/.build/spec012/confirm-01-transitions/workload-0009-repeat-00.csv,38f4e677bd488bbb2abdac3a243d00676e9fbd65785d2d51e9ab695e5620b7f4,f8efcb9a2bbd7161e70d8a5b823cbaa6573e5621e850b3c9d4741d74b67dcd37,6,no-op-boundary,15360,15360,16383,published,-1,"{""alpha"": 0, ""hop"": 1024, ""n"": 2048, ""octave"": 0, ""rate"": 48000, ""window"": 8}",0,0.0,1023,21.3125
3aeff8d50243a034,m1-pro-16gb-local,3bc3df13048eec7e02afa7e1474391d9dbceb98da439d5f7789ea3aa51a36f22,core-float,float,spec012-confirm-01,0,interactive-v1,True,65536,48000,64,/Users/christiankauten/Documents/Projects/Rack/plugins/Fourier/.build/spec012/confirm-01-transitions/workload-0009-repeat-00.csv,38f4e677bd488bbb2abdac3a243d00676e9fbd65785d2d51e9ab695e5620b7f4,f8efcb9a2bbd7161e70d8a5b823cbaa6573e5621e850b3c9d4741d74b67dcd37,7,replace-pending-first,17409,-1,-1,replaced,8,"{""alpha"": 0, ""hop"": 1024, ""n"": 2048, ""octave"": 0, ""rate"": 48000, ""window"": 8}",,,,
3aeff8d50243a034,m1-pro-16gb-local,3bc3df13048eec7e02afa7e1474391d9dbceb98da439d5f7789ea3aa51a36f22,core-float,float,spec012-confirm-01,0,interactive-v1,True,65536,48000,64,/Users/christiankauten/Documents/Projects/Rack/plugins/Fourier/.build/spec012/confirm-01-transitions/workload-0009-repeat-00.csv,38f4e677bd488bbb2abdac3a243d00676e9fbd65785d2d51e9ab695e5620b7f4,f8efcb9a2bbd7161e70d8a5b823cbaa6573e5621e850b3c9d4741d74b67dcd37,8,replace-pending-last,17410,18432,19455,published,-1,"{""alpha"": 0, ""hop"": 1024, ""n"": 2048, ""octave"": 0, ""rate"": 48000, ""window"": 8}",1022,21.291666666666668,2045,42.604166666666664
3aeff8d50243a034,m1-pro-16gb-local,3bc3df13048eec7e02afa7e1474391d9dbceb98da439d5f7789ea3aa51a36f22,core-float,float,spec012-confirm-01,0,interactive-v1,True,65536,48000,64,/Users/christiankauten/Documents/Projects/Rack/plugins/Fourier/.build/spec012/confirm-01-transitions/workload-0009-repeat-00.csv,38f4e677bd488bbb2abdac3a243d00676e9fbd65785d2d51e9ab695e5620b7f4,f8efcb9a2bbd7161e70d8a5b823cbaa6573e5621e850b3c9d4741d74b67dcd37,9,hop-decrease-boundary,21504,21504,22527,published,-1,"{""alpha"": 0, ""hop"": 1024, ""n"": 2048, ""octave"": 0, ""rate"": 48000, ""window"": 8}",0,0.0,1023,21.3125
3aeff8d50243a034,m1-pro-16gb-local,3bc3df13048eec7e02afa7e1474391d9dbceb98da439d5f7789ea3aa51a36f22,core-float,float,spec012-confirm-01,0,interactive-v1,True,65536,48000,64,/Users/christiankauten/Documents/Projects/Rack/plugins/Fourier/.build/spec012/confirm-01-transitions/workload-0009-repeat-00.csv,38f4e677bd488bbb2abdac3a243d00676e9fbd65785d2d51e9ab695e5620b7f4,f8efcb9a2bbd7161e70d8a5b823cbaa6573e5621e850b3c9d4741d74b67dcd37,10,smoothing-disable,23553,24576,25599,published,-1,"{""alpha"": 0, ""hop"": 1024, ""n"": 2048, ""octave"": 0, ""rate"": 48000, ""window"": 8}",1023,21.3125,2046,42.625
3aeff8d50243a034,m1-pro-16gb-local,3bc3df13048eec7e02afa7e1474391d9dbceb98da439d5f7789ea3aa51a36f22,core-float,float,spec012-confirm-01,0,interactive-v1,True,65536,48000,64,/Users/christiankauten/Documents/Projects/Rack/plugins/Fourier/.build/spec012/confirm-01-transitions/workload-0009-repeat-00.csv,38f4e677bd488bbb2abdac3a243d00676e9fbd65785d2d51e9ab695e5620b7f4,f8efcb9a2bbd7161e70d8a5b823cbaa6573e5621e850b3c9d4741d74b67dcd37,11,horizon-no-response,65535,-1,-1,pending-no-response,-1,"{""alpha"": 0, ""hop"": 1024, ""n"": 2048, ""octave"": 0, ""rate"": 48000, ""window"": 8}",,,,
3aeff8d50243a034,m1-pro-16gb-local,3bc3df13048eec7e02afa7e1474391d9dbceb98da439d5f7789ea3aa51a36f22,core-float,float,spec012-confirm-01,1,interactive-v1,True,65536,48000,64,/Users/christiankauten/Documents/Projects/Rack/plugins/Fourier/.build/spec012/confirm-01-transitions/workload-0009-repeat-01.csv,331c76cf3944bb661a64da8827063ad258a4e12c718ad89011890e288793ed63,f8efcb9a2bbd7161e70d8a5b823cbaa6573e5621e850b3c9d4741d74b67dcd37,1,length-increase-boundary,2048,2048,3071,published,-1,"{""alpha"": 0, ""hop"": 1024, ""n"": 2048, ""octave"": 0, ""rate"": 48000, ""window"": 8}",0,0.0,1023,21.3125
3aeff8d50243a034,m1-pro-16gb-local,3bc3df13048eec7e02afa7e1474391d9dbceb98da439d5f7789ea3aa51a36f22,core-float,float,spec012-confirm-01,1,interactive-v1,True,65536,48000,64,/Users/christiankauten/Documents/Projects/Rack/plugins/Fourier/.build/spec012/confirm-01-transitions/workload-0009-repeat-01.csv,331c76cf3944bb661a64da8827063ad258a4e12c718ad89011890e288793ed63,f8efcb9a2bbd7161e70d8a5b823cbaa6573e5621e850b3c9d4741d74b67dcd37,2,length-decrease-early,4097,5120,6143,published,-1,"{""alpha"": 0, ""hop"": 1024, ""n"": 2048, ""octave"": 0, ""rate"": 48000, ""window"": 8}",1023,21.3125,2046,42.625
3aeff8d50243a034,m1-pro-16gb-local,3bc3df13048eec7e02afa7e1474391d9dbceb98da439d5f7789ea3aa51a36f22,core-float,float,spec012-confirm-01,1,interactive-v1,True,65536,48000,64,/Users/christiankauten/Documents/Projects/Rack/plugins/Fourier/.build/spec012/confirm-01-transitions/workload-0009-repeat-01.csv,331c76cf3944bb661a64da8827063ad258a4e12c718ad89011890e288793ed63,f8efcb9a2bbd7161e70d8a5b823cbaa6573e5621e850b3c9d4741d74b67dcd37,3,hop-increase-middle,6656,7168,8191,published,-1,"{""alpha"": 0, ""hop"": 1024, ""n"": 2048, ""octave"": 0, ""rate"": 48000, ""window"": 8}",512,10.666666666666666,1535,31.979166666666668
3aeff8d50243a034,m1-pro-16gb-local,3bc3df13048eec7e02afa7e1474391d9dbceb98da439d5f7789ea3aa51a36f22,core-float,float,spec012-confirm-01,1,interactive-v1,True,65536,48000,64,/Users/christiankauten/Documents/Projects/Rack/plugins/Fourier/.build/spec012/confirm-01-transitions/workload-0009-repeat-01.csv,331c76cf3944bb661a64da8827063ad258a4e12c718ad89011890e288793ed63,f8efcb9a2bbd7161e70d8a5b823cbaa6573e5621e850b3c9d4741d74b67dcd37,4,window-late,11262,11264,12287,published,-1,"{""alpha"": 0, ""hop"": 1024, ""n"": 2048, ""octave"": 0, ""rate"": 48000, ""window"": 8}",2,0.041666666666666664,1025,21.354166666666668
3aeff8d50243a034,m1-pro-16gb-local,3bc3df13048eec7e02afa7e1474391d9dbceb98da439d5f7789ea3aa51a36f22,core-float,float,spec012-confirm-01,1,interactive-v1,True,65536,48000,64,/Users/christiankauten/Documents/Projects/Rack/plugins/Fourier/.build/spec012/confirm-01-transitions/workload-0009-repeat-01.csv,331c76cf3944bb661a64da8827063ad258a4e12c718ad89011890e288793ed63,f8efcb9a2bbd7161e70d8a5b823cbaa6573e5621e850b3c9d4741d74b67dcd37,5,smoothing-before-publication,13311,13312,14335,published,-1,"{""alpha"": 0, ""hop"": 1024, ""n"": 2048, ""octave"": 0, ""rate"": 48000, ""window"": 8}",1,0.020833333333333332,1024,21.333333333333332
3aeff8d50243a034,m1-pro-16gb-local,3bc3df13048eec7e02afa7e1474391d9dbceb98da439d5f7789ea3aa51a36f22,core-float,float,spec012-confirm-01,1,interactive-v1,True,65536,48000,64,/Users/christiankauten/Documents/Projects/Rack/plugins/Fourier/.build/spec012/confirm-01-transitions/workload-0009-repeat-01.csv,331c76cf3944bb661a64da8827063ad258a4e12c718ad89011890e288793ed63,f8efcb9a2bbd7161e70d8a5b823cbaa6573e5621e850b3c9d4741d74b67dcd37,6,no-op-boundary,15360,15360,16383,published,-1,"{""alpha"": 0, ""hop"": 1024, ""n"": 2048, ""octave"": 0, ""rate"": 48000, ""window"": 8}",0,0.0,1023,21.3125
3aeff8d50243a034,m1-pro-16gb-local,3bc3df13048eec7e02afa7e1474391d9dbceb98da439d5f7789ea3aa51a36f22,core-float,float,spec012-confirm-01,1,interactive-v1,True,65536,48000,64,/Users/christiankauten/Documents/Projects/Rack/plugins/Fourier/.build/spec012/confirm-01-transitions/workload-0009-repeat-01.csv,331c76cf3944bb661a64da8827063ad258a4e12c718ad89011890e288793ed63,f8efcb9a2bbd7161e70d8a5b823cbaa6573e5621e850b3c9d4741d74b67dcd37,7,replace-pending-first,17409,-1,-1,replaced,8,"{""alpha"": 0, ""hop"": 1024, ""n"": 2048, ""octave"": 0, ""rate"": 48000, ""window"": 8}",,,,
3aeff8d50243a034,m1-pro-16gb-local,3bc3df13048eec7e02afa7e1474391d9dbceb98da439d5f7789ea3aa51a36f22,core-float,float,spec012-confirm-01,1,interactive-v1,True,65536,48000,64,/Users/christiankauten/Documents/Projects/Rack/plugins/Fourier/.build/spec012/confirm-01-transitions/workload-0009-repeat-01.csv,331c76cf3944bb661a64da8827063ad258a4e12c718ad89011890e288793ed63,f8efcb9a2bbd7161e70d8a5b823cbaa6573e5621e850b3c9d4741d74b67dcd37,8,replace-pending-last,17410,18432,19455,published,-1,"{""alpha"": 0, ""hop"": 1024, ""n"": 2048, ""octave"": 0, ""rate"": 48000, ""window"": 8}",1022,21.291666666666668,2045,42.604166666666664
3aeff8d50243a034,m1-pro-16gb-local,3bc3df13048eec7e02afa7e1474391d9dbceb98da439d5f7789ea3aa51a36f22,core-float,float,spec012-confirm-01,1,interactive-v1,True,65536,48000,64,/Users/christiankauten/Documents/Projects/Rack/plugins/Fourier/.build/spec012/confirm-01-transitions/workload-0009-repeat-01.csv,331c76cf3944bb661a64da8827063ad258a4e12c718ad89011890e288793ed63,f8efcb9a2bbd7161e70d8a5b823cbaa6573e5621e850b3c9d4741d74b67dcd37,9,hop-decrease-boundary,21504,21504,22527,published,-1,"{""alpha"": 0, ""hop"": 1024, ""n"": 2048, ""octave"": 0, ""rate"": 48000, ""window"": 8}",0,0.0,1023,21.3125
3aeff8d50243a034,m1-pro-16gb-local,3bc3df13048eec7e02afa7e1474391d9dbceb98da439d5f7789ea3aa51a36f22,core-float,float,spec012-confirm-01,1,interactive-v1,True,65536,48000,64,/Users/christiankauten/Documents/Projects/Rack/plugins/Fourier/.build/spec012/confirm-01-transitions/workload-0009-repeat-01.csv,331c76cf3944bb661a64da8827063ad258a4e12c718ad89011890e288793ed63,f8efcb9a2bbd7161e70d8a5b823cbaa6573e5621e850b3c9d4741d74b67dcd37,10,smoothing-disable,23553,24576,25599,published,-1,"{""alpha"": 0, ""hop"": 1024, ""n"": 2048, ""octave"": 0, ""rate"": 48000, ""window"": 8}",1023,21.3125,2046,42.625
3aeff8d50243a034,m1-pro-16gb-local,3bc3df13048eec7e02afa7e1474391d9dbceb98da439d5f7789ea3aa51a36f22,core-float,float,spec012-confirm-01,1,interactive-v1,True,65536,48000,64,/Users/christiankauten/Documents/Projects/Rack/plugins/Fourier/.build/spec012/confirm-01-transitions/workload-0009-repeat-01.csv,331c76cf3944bb661a64da8827063ad258a4e12c718ad89011890e288793ed63,f8efcb9a2bbd7161e70d8a5b823cbaa6573e5621e850b3c9d4741d74b67dcd37,11,horizon-no-response,65535,-1,-1,pending-no-response,-1,"{""alpha"": 0, ""hop"": 1024, ""n"": 2048, ""octave"": 0, ""rate"": 48000, ""window"": 8}",,,,
3aeff8d50243a034,m1-pro-16gb-local,3bc3df13048eec7e02afa7e1474391d9dbceb98da439d5f7789ea3aa51a36f22,core-float,float,spec012-confirm-01,2,interactive-v1,True,65536,48000,64,/Users/christiankauten/Documents/Projects/Rack/plugins/Fourier/.build/spec012/confirm-01-transitions/workload-0009-repeat-02.csv,9d7f8085320bd6eefb092ae81a4095322186f1eeabd771e4351d8106d71da355,f8efcb9a2bbd7161e70d8a5b823cbaa6573e5621e850b3c9d4741d74b67dcd37,1,length-increase-boundary,2048,2048,3071,published,-1,"{""alpha"": 0, ""hop"": 1024, ""n"": 2048, ""octave"": 0, ""rate"": 48000, ""window"": 8}",0,0.0,1023,21.3125
3aeff8d50243a034,m1-pro-16gb-local,3bc3df13048eec7e02afa7e1474391d9dbceb98da439d5f7789ea3aa51a36f22,core-float,float,spec012-confirm-01,2,interactive-v1,True,65536,48000,64,/Users/christiankauten/Documents/Projects/Rack/plugins/Fourier/.build/spec012/confirm-01-transitions/workload-0009-repeat-02.csv,9d7f8085320bd6eefb092ae81a4095322186f1eeabd771e4351d8106d71da355,f8efcb9a2bbd7161e70d8a5b823cbaa6573e5621e850b3c9d4741d74b67dcd37,2,length-decrease-early,4097,5120,6143,published,-1,"{""alpha"": 0, ""hop"": 1024, ""n"": 2048, ""octave"": 0, ""rate"": 48000, ""window"": 8}",1023,21.3125,2046,42.625
3aeff8d50243a034,m1-pro-16gb-local,3bc3df13048eec7e02afa7e1474391d9dbceb98da439d5f7789ea3aa51a36f22,core-float,float,spec012-confirm-01,2,interactive-v1,True,65536,48000,64,/Users/christiankauten/Documents/Projects/Rack/plugins/Fourier/.build/spec012/confirm-01-transitions/workload-0009-repeat-02.csv,9d7f8085320bd6eefb092ae81a4095322186f1eeabd771e4351d8106d71da355,f8efcb9a2bbd7161e70d8a5b823cbaa6573e5621e850b3c9d4741d74b67dcd37,3,hop-increase-middle,6656,7168,8191,published,-1,"{""alpha"": 0, ""hop"": 1024, ""n"": 2048, ""octave"": 0, ""rate"": 48000, ""window"": 8}",512,10.666666666666666,1535,31.979166666666668
3aeff8d50243a034,m1-pro-16gb-local,3bc3df13048eec7e02afa7e1474391d9dbceb98da439d5f7789ea3aa51a36f22,core-float,float,spec012-confirm-01,2,interactive-v1,True,65536,48000,64,/Users/christiankauten/Documents/Projects/Rack/plugins/Fourier/.build/spec012/confirm-01-transitions/workload-0009-repeat-02.csv,9d7f8085320bd6eefb092ae81a4095322186f1eeabd771e4351d8106d71da355,f8efcb9a2bbd7161e70d8a5b823cbaa6573e5621e850b3c9d4741d74b67dcd37,4,window-late,11262,11264,12287,published,-1,"{""alpha"": 0, ""hop"": 1024, ""n"": 2048, ""octave"": 0, ""rate"": 48000, ""window"": 8}",2,0.041666666666666664,1025,21.354166666666668
3aeff8d50243a034,m1-pro-16gb-local,3bc3df13048eec7e02afa7e1474391d9dbceb98da439d5f7789ea3aa51a36f22,core-float,float,spec012-confirm-01,2,interactive-v1,True,65536,48000,64,/Users/christiankauten/Documents/Projects/Rack/plugins/Fourier/.build/spec012/confirm-01-transitions/workload-0009-repeat-02.csv,9d7f8085320bd6eefb092ae81a4095322186f1eeabd771e4351d8106d71da355,f8efcb9a2bbd7161e70d8a5b823cbaa6573e5621e850b3c9d4741d74b67dcd37,5,smoothing-before-publication,13311,13312,14335,published,-1,"{""alpha"": 0, ""hop"": 1024, ""n"": 2048, ""octave"": 0, ""rate"": 48000, ""window"": 8}",1,0.020833333333333332,1024,21.333333333333332
3aeff8d50243a034,m1-pro-16gb-local,3bc3df13048eec7e02afa7e1474391d9dbceb98da439d5f7789ea3aa51a36f22,core-float,float,spec012-confirm-01,2,interactive-v1,True,65536,48000,64,/Users/christiankauten/Documents/Projects/Rack/plugins/Fourier/.build/spec012/confirm-01-transitions/workload-0009-repeat-02.csv,9d7f8085320bd6eefb092ae81a4095322186f1eeabd771e4351d8106d71da355,f8efcb9a2bbd7161e70d8a5b823cbaa6573e5621e850b3c9d4741d74b67dcd37,6,no-op-boundary,15360,15360,16383,published,-1,"{""alpha"": 0, ""hop"": 1024, ""n"": 2048, ""octave"": 0, ""rate"": 48000, ""window"": 8}",0,0.0,1023,21.3125
3aeff8d50243a034,m1-pro-16gb-local,3bc3df13048eec7e02afa7e1474391d9dbceb98da439d5f7789ea3aa51a36f22,core-float,float,spec012-confirm-01,2,interactive-v1,True,65536,48000,64,/Users/christiankauten/Documents/Projects/Rack/plugins/Fourier/.build/spec012/confirm-01-transitions/workload-0009-repeat-02.csv,9d7f8085320bd6eefb092ae81a4095322186f1eeabd771e4351d8106d71da355,f8efcb9a2bbd7161e70d8a5b823cbaa6573e5621e850b3c9d4741d74b67dcd37,7,replace-pending-first,17409,-1,-1,replaced,8,"{""alpha"": 0, ""hop"": 1024, ""n"": 2048, ""octave"": 0, ""rate"": 48000, ""window"": 8}",,,,
3aeff8d50243a034,m1-pro-16gb-local,3bc3df13048eec7e02afa7e1474391d9dbceb98da439d5f7789ea3aa51a36f22,core-float,float,spec012-confirm-01,2,interactive-v1,True,65536,48000,64,/Users/christiankauten/Documents/Projects/Rack/plugins/Fourier/.build/spec012/confirm-01-transitions/workload-0009-repeat-02.csv,9d7f8085320bd6eefb092ae81a4095322186f1eeabd771e4351d8106d71da355,f8efcb9a2bbd7161e70d8a5b823cbaa6573e5621e850b3c9d4741d74b67dcd37,8,replace-pending-last,17410,18432,19455,published,-1,"{""alpha"": 0, ""hop"": 1024, ""n"": 2048, ""octave"": 0, ""rate"": 48000, ""window"": 8}",1022,21.291666666666668,2045,42.604166666666664
3aeff8d50243a034,m1-pro-16gb-local,3bc3df13048eec7e02afa7e1474391d9dbceb98da439d5f7789ea3aa51a36f22,core-float,float,spec012-confirm-01,2,interactive-v1,True,65536,48000,64,/Users/christiankauten/Documents/Projects/Rack/plugins/Fourier/.build/spec012/confirm-01-transitions/workload-0009-repeat-02.csv,9d7f8085320bd6eefb092ae81a4095322186f1eeabd771e4351d8106d71da355,f8efcb9a2bbd7161e70d8a5b823cbaa6573e5621e850b3c9d4741d74b67dcd37,9,hop-decrease-boundary,21504,21504,22527,published,-1,"{""alpha"": 0, ""hop"": 1024, ""n"": 2048, ""octave"": 0, ""rate"": 48000, ""window"": 8}",0,0.0,1023,21.3125
3aeff8d50243a034,m1-pro-16gb-local,3bc3df13048eec7e02afa7e1474391d9dbceb98da439d5f7789ea3aa51a36f22,core-float,float,spec012-confirm-01,2,interactive-v1,True,65536,48000,64,/Users/christiankauten/Documents/Projects/Rack/plugins/Fourier/.build/spec012/confirm-01-transitions/workload-0009-repeat-02.csv,9d7f8085320bd6eefb092ae81a4095322186f1eeabd771e4351d8106d71da355,f8efcb9a2bbd7161e70d8a5b823cbaa6573e5621e850b3c9d4741d74b67dcd37,10,smoothing-disable,23553,24576,25599,published,-1,"{""alpha"": 0, ""hop"": 1024, ""n"": 2048, ""octave"": 0, ""rate"": 48000, ""window"": 8}",1023,21.3125,2046,42.625
3aeff8d50243a034,m1-pro-16gb-local,3bc3df13048eec7e02afa7e1474391d9dbceb98da439d5f7789ea3aa51a36f22,core-float,float,spec012-confirm-01,2,interactive-v1,True,65536,48000,64,/Users/christiankauten/Documents/Projects/Rack/plugins/Fourier/.build/spec012/confirm-01-transitions/workload-0009-repeat-02.csv,9d7f8085320bd6eefb092ae81a4095322186f1eeabd771e4351d8106d71da355,f8efcb9a2bbd7161e70d8a5b823cbaa6573e5621e850b3c9d4741d74b67dcd37,11,horizon-no-response,65535,-1,-1,pending-no-response,-1,"{""alpha"": 0, ""hop"": 1024, ""n"": 2048, ""octave"": 0, ""rate"": 48000, ""window"": 8}",,,,
3aeff8d50243a034,m1-pro-16gb-local,3bc3df13048eec7e02afa7e1474391d9dbceb98da439d5f7789ea3aa51a36f22,core-float,float,spec012-confirm-02,0,interactive-v1,True,65536,48000,64,/Users/christiankauten/Documents/Projects/Rack/plugins/Fourier/.build/spec012/confirm-02-transitions/workload-0009-repeat-00.csv,8831d1333094075c86814b35aaf16319f36476da61c13d9b523a2be2a7ebf3e4,f8efcb9a2bbd7161e70d8a5b823cbaa6573e5621e850b3c9d4741d74b67dcd37,1,length-increase-boundary,2048,2048,3071,published,-1,"{""alpha"": 0, ""hop"": 1024, ""n"": 2048, ""octave"": 0, ""rate"": 48000, ""window"": 8}",0,0.0,1023,21.3125
3aeff8d50243a034,m1-pro-16gb-local,3bc3df13048eec7e02afa7e1474391d9dbceb98da439d5f7789ea3aa51a36f22,core-float,float,spec012-confirm-02,0,interactive-v1,True,65536,48000,64,/Users/christiankauten/Documents/Projects/Rack/plugins/Fourier/.build/spec012/confirm-02-transitions/workload-0009-repeat-00.csv,8831d1333094075c86814b35aaf16319f36476da61c13d9b523a2be2a7ebf3e4,f8efcb9a2bbd7161e70d8a5b823cbaa6573e5621e850b3c9d4741d74b67dcd37,2,length-decrease-early,4097,5120,6143,published,-1,"{""alpha"": 0, ""hop"": 1024, ""n"": 2048, ""octave"": 0, ""rate"": 48000, ""window"": 8}",1023,21.3125,2046,42.625
3aeff8d50243a034,m1-pro-16gb-local,3bc3df13048eec7e02afa7e1474391d9dbceb98da439d5f7789ea3aa51a36f22,core-float,float,spec012-confirm-02,0,interactive-v1,True,65536,48000,64,/Users/christiankauten/Documents/Projects/Rack/plugins/Fourier/.build/spec012/confirm-02-transitions/workload-0009-repeat-00.csv,8831d1333094075c86814b35aaf16319f36476da61c13d9b523a2be2a7ebf3e4,f8efcb9a2bbd7161e70d8a5b823cbaa6573e5621e850b3c9d4741d74b67dcd37,3,hop-increase-middle,6656,7168,8191,published,-1,"{""alpha"": 0, ""hop"": 1024, ""n"": 2048, ""octave"": 0, ""rate"": 48000, ""window"": 8}",512,10.666666666666666,1535,31.979166666666668
3aeff8d50243a034,m1-pro-16gb-local,3bc3df13048eec7e02afa7e1474391d9dbceb98da439d5f7789ea3aa51a36f22,core-float,float,spec012-confirm-02,0,interactive-v1,True,65536,48000,64,/Users/christiankauten/Documents/Projects/Rack/plugins/Fourier/.build/spec012/confirm-02-transitions/workload-0009-repeat-00.csv,8831d1333094075c86814b35aaf16319f36476da61c13d9b523a2be2a7ebf3e4,f8efcb9a2bbd7161e70d8a5b823cbaa6573e5621e850b3c9d4741d74b67dcd37,4,window-late,11262,11264,12287,published,-1,"{""alpha"": 0, ""hop"": 1024, ""n"": 2048, ""octave"": 0, ""rate"": 48000, ""window"": 8}",2,0.041666666666666664,1025,21.354166666666668
3aeff8d50243a034,m1-pro-16gb-local,3bc3df13048eec7e02afa7e1474391d9dbceb98da439d5f7789ea3aa51a36f22,core-float,float,spec012-confirm-02,0,interactive-v1,True,65536,48000,64,/Users/christiankauten/Documents/Projects/Rack/plugins/Fourier/.build/spec012/confirm-02-transitions/workload-0009-repeat-00.csv,8831d1333094075c86814b35aaf16319f36476da61c13d9b523a2be2a7ebf3e4,f8efcb9a2bbd7161e70d8a5b823cbaa6573e5621e850b3c9d4741d74b67dcd37,5,smoothing-before-publication,13311,13312,14335,published,-1,"{""alpha"": 0, ""hop"": 1024, ""n"": 2048, ""octave"": 0, ""rate"": 48000, ""window"": 8}",1,0.020833333333333332,1024,21.333333333333332
3aeff8d50243a034,m1-pro-16gb-local,3bc3df13048eec7e02afa7e1474391d9dbceb98da439d5f7789ea3aa51a36f22,core-float,float,spec012-confirm-02,0,interactive-v1,True,65536,48000,64,/Users/christiankauten/Documents/Projects/Rack/plugins/Fourier/.build/spec012/confirm-02-transitions/workload-0009-repeat-00.csv,8831d1333094075c86814b35aaf16319f36476da61c13d9b523a2be2a7ebf3e4,f8efcb9a2bbd7161e70d8a5b823cbaa6573e5621e850b3c9d4741d74b67dcd37,6,no-op-boundary,15360,15360,16383,published,-1,"{""alpha"": 0, ""hop"": 1024, ""n"": 2048, ""octave"": 0, ""rate"": 48000, ""window"": 8}",0,0.0,1023,21.3125
3aeff8d50243a034,m1-pro-16gb-local,3bc3df13048eec7e02afa7e1474391d9dbceb98da439d5f7789ea3aa51a36f22,core-float,float,spec012-confirm-02,0,interactive-v1,True,65536,48000,64,/Users/christiankauten/Documents/Projects/Rack/plugins/Fourier/.build/spec012/confirm-02-transitions/workload-0009-repeat-00.csv,8831d1333094075c86814b35aaf16319f36476da61c13d9b523a2be2a7ebf3e4,f8efcb9a2bbd7161e70d8a5b823cbaa6573e5621e850b3c9d4741d74b67dcd37,7,replace-pending-first,17409,-1,-1,replaced,8,"{""alpha"": 0, ""hop"": 1024, ""n"": 2048, ""octave"": 0, ""rate"": 48000, ""window"": 8}",,,,
3aeff8d50243a034,m1-pro-16gb-local,3bc3df13048eec7e02afa7e1474391d9dbceb98da439d5f7789ea3aa51a36f22,core-float,float,spec012-confirm-02,0,interactive-v1,True,65536,48000,64,/Users/christiankauten/Documents/Projects/Rack/plugins/Fourier/.build/spec012/confirm-02-transitions/workload-0009-repeat-00.csv,8831d1333094075c86814b35aaf16319f36476da61c13d9b523a2be2a7ebf3e4,f8efcb9a2bbd7161e70d8a5b823cbaa6573e5621e850b3c9d4741d74b67dcd37,8,replace-pending-last,17410,18432,19455,published,-1,"{""alpha"": 0, ""hop"": 1024, ""n"": 2048, ""octave"": 0, ""rate"": 48000, ""window"": 8}",1022,21.291666666666668,2045,42.604166666666664
3aeff8d50243a034,m1-pro-16gb-local,3bc3df13048eec7e02afa7e1474391d9dbceb98da439d5f7789ea3aa51a36f22,core-float,float,spec012-confirm-02,0,interactive-v1,True,65536,48000,64,/Users/christiankauten/Documents/Projects/Rack/plugins/Fourier/.build/spec012/confirm-02-transitions/workload-0009-repeat-00.csv,8831d1333094075c86814b35aaf16319f36476da61c13d9b523a2be2a7ebf3e4,f8efcb9a2bbd7161e70d8a5b823cbaa6573e5621e850b3c9d4741d74b67dcd37,9,hop-decrease-boundary,21504,21504,22527,published,-1,"{""alpha"": 0, ""hop"": 1024, ""n"": 2048, ""octave"": 0, ""rate"": 48000, ""window"": 8}",0,0.0,1023,21.3125
3aeff8d50243a034,m1-pro-16gb-local,3bc3df13048eec7e02afa7e1474391d9dbceb98da439d5f7789ea3aa51a36f22,core-float,float,spec012-confirm-02,0,interactive-v1,True,65536,48000,64,/Users/christiankauten/Documents/Projects/Rack/plugins/Fourier/.build/spec012/confirm-02-transitions/workload-0009-repeat-00.csv,8831d1333094075c86814b35aaf16319f36476da61c13d9b523a2be2a7ebf3e4,f8efcb9a2bbd7161e70d8a5b823cbaa6573e5621e850b3c9d4741d74b67dcd37,10,smoothing-disable,23553,24576,25599,published,-1,"{""alpha"": 0, ""hop"": 1024, ""n"": 2048, ""octave"": 0, ""rate"": 48000, ""window"": 8}",1023,21.3125,2046,42.625
3aeff8d50243a034,m1-pro-16gb-local,3bc3df13048eec7e02afa7e1474391d9dbceb98da439d5f7789ea3aa51a36f22,core-float,float,spec012-confirm-02,0,interactive-v1,True,65536,48000,64,/Users/christiankauten/Documents/Projects/Rack/plugins/Fourier/.build/spec012/confirm-02-transitions/workload-0009-repeat-00.csv,8831d1333094075c86814b35aaf16319f36476da61c13d9b523a2be2a7ebf3e4,f8efcb9a2bbd7161e70d8a5b823cbaa6573e5621e850b3c9d4741d74b67dcd37,11,horizon-no-response,65535,-1,-1,pending-no-response,-1,"{""alpha"": 0, ""hop"": 1024, ""n"": 2048, ""octave"": 0, ""rate"": 48000, ""window"": 8}",,,,
3aeff8d50243a034,m1-pro-16gb-local,3bc3df13048eec7e02afa7e1474391d9dbceb98da439d5f7789ea3aa51a36f22,core-float,float,spec012-confirm-02,1,interactive-v1,True,65536,48000,64,/Users/christiankauten/Documents/Projects/Rack/plugins/Fourier/.build/spec012/confirm-02-transitions/workload-0009-repeat-01.csv,683bd927ea6e7af9b607fe1c2d9fd2bc0e2581aaeca82e509220387e402e2527,f8efcb9a2bbd7161e70d8a5b823cbaa6573e5621e850b3c9d4741d74b67dcd37,1,length-increase-boundary,2048,2048,3071,published,-1,"{""alpha"": 0, ""hop"": 1024, ""n"": 2048, ""octave"": 0, ""rate"": 48000, ""window"": 8}",0,0.0,1023,21.3125
3aeff8d50243a034,m1-pro-16gb-local,3bc3df13048eec7e02afa7e1474391d9dbceb98da439d5f7789ea3aa51a36f22,core-float,float,spec012-confirm-02,1,interactive-v1,True,65536,48000,64,/Users/christiankauten/Documents/Projects/Rack/plugins/Fourier/.build/spec012/confirm-02-transitions/workload-0009-repeat-01.csv,683bd927ea6e7af9b607fe1c2d9fd2bc0e2581aaeca82e509220387e402e2527,f8efcb9a2bbd7161e70d8a5b823cbaa6573e5621e850b3c9d4741d74b67dcd37,2,length-decrease-early,4097,5120,6143,published,-1,"{""alpha"": 0, ""hop"": 1024, ""n"": 2048, ""octave"": 0, ""rate"": 48000, ""window"": 8}",1023,21.3125,2046,42.625
3aeff8d50243a034,m1-pro-16gb-local,3bc3df13048eec7e02afa7e1474391d9dbceb98da439d5f7789ea3aa51a36f22,core-float,float,spec012-confirm-02,1,interactive-v1,True,65536,48000,64,/Users/christiankauten/Documents/Projects/Rack/plugins/Fourier/.build/spec012/confirm-02-transitions/workload-0009-repeat-01.csv,683bd927ea6e7af9b607fe1c2d9fd2bc0e2581aaeca82e509220387e402e2527,f8efcb9a2bbd7161e70d8a5b823cbaa6573e5621e850b3c9d4741d74b67dcd37,3,hop-increase-middle,6656,7168,8191,published,-1,"{""alpha"": 0, ""hop"": 1024, ""n"": 2048, ""octave"": 0, ""rate"": 48000, ""window"": 8}",512,10.666666666666666,1535,31.979166666666668
3aeff8d50243a034,m1-pro-16gb-local,3bc3df13048eec7e02afa7e1474391d9dbceb98da439d5f7789ea3aa51a36f22,core-float,float,spec012-confirm-02,1,interactive-v1,True,65536,48000,64,/Users/christiankauten/Documents/Projects/Rack/plugins/Fourier/.build/spec012/confirm-02-transitions/workload-0009-repeat-01.csv,683bd927ea6e7af9b607fe1c2d9fd2bc0e2581aaeca82e509220387e402e2527,f8efcb9a2bbd7161e70d8a5b823cbaa6573e5621e850b3c9d4741d74b67dcd37,4,window-late,11262,11264,12287,published,-1,"{""alpha"": 0, ""hop"": 1024, ""n"": 2048, ""octave"": 0, ""rate"": 48000, ""window"": 8}",2,0.041666666666666664,1025,21.354166666666668
3aeff8d50243a034,m1-pro-16gb-local,3bc3df13048eec7e02afa7e1474391d9dbceb98da439d5f7789ea3aa51a36f22,core-float,float,spec012-confirm-02,1,interactive-v1,True,65536,48000,64,/Users/christiankauten/Documents/Projects/Rack/plugins/Fourier/.build/spec012/confirm-02-transitions/workload-0009-repeat-01.csv,683bd927ea6e7af9b607fe1c2d9fd2bc0e2581aaeca82e509220387e402e2527,f8efcb9a2bbd7161e70d8a5b823cbaa6573e5621e850b3c9d4741d74b67dcd37,5,smoothing-before-publication,13311,13312,14335,published,-1,"{""alpha"": 0, ""hop"": 1024, ""n"": 2048, ""octave"": 0, ""rate"": 48000, ""window"": 8}",1,0.020833333333333332,1024,21.333333333333332
3aeff8d50243a034,m1-pro-16gb-local,3bc3df13048eec7e02afa7e1474391d9dbceb98da439d5f7789ea3aa51a36f22,core-float,float,spec012-confirm-02,1,interactive-v1,True,65536,48000,64,/Users/christiankauten/Documents/Projects/Rack/plugins/Fourier/.build/spec012/confirm-02-transitions/workload-0009-repeat-01.csv,683bd927ea6e7af9b607fe1c2d9fd2bc0e2581aaeca82e509220387e402e2527,f8efcb9a2bbd7161e70d8a5b823cbaa6573e5621e850b3c9d4741d74b67dcd37,6,no-op-boundary,15360,15360,16383,published,-1,"{""alpha"": 0, ""hop"": 1024, ""n"": 2048, ""octave"": 0, ""rate"": 48000, ""window"": 8}",0,0.0,1023,21.3125
3aeff8d50243a034,m1-pro-16gb-local,3bc3df13048eec7e02afa7e1474391d9dbceb98da439d5f7789ea3aa51a36f22,core-float,float,spec012-confirm-02,1,interactive-v1,True,65536,48000,64,/Users/christiankauten/Documents/Projects/Rack/plugins/Fourier/.build/spec012/confirm-02-transitions/workload-0009-repeat-01.csv,683bd927ea6e7af9b607fe1c2d9fd2bc0e2581aaeca82e509220387e402e2527,f8efcb9a2bbd7161e70d8a5b823cbaa6573e5621e850b3c9d4741d74b67dcd37,7,replace-pending-first,17409,-1,-1,replaced,8,"{""alpha"": 0, ""hop"": 1024, ""n"": 2048, ""octave"": 0, ""rate"": 48000, ""window"": 8}",,,,
3aeff8d50243a034,m1-pro-16gb-local,3bc3df13048eec7e02afa7e1474391d9dbceb98da439d5f7789ea3aa51a36f22,core-float,float,spec012-confirm-02,1,interactive-v1,True,65536,48000,64,/Users/christiankauten/Documents/Projects/Rack/plugins/Fourier/.build/spec012/confirm-02-transitions/workload-0009-repeat-01.csv,683bd927ea6e7af9b607fe1c2d9fd2bc0e2581aaeca82e509220387e402e2527,f8efcb9a2bbd7161e70d8a5b823cbaa6573e5621e850b3c9d4741d74b67dcd37,8,replace-pending-last,17410,18432,19455,published,-1,"{""alpha"": 0, ""hop"": 1024, ""n"": 2048, ""octave"": 0, ""rate"": 48000, ""window"": 8}",1022,21.291666666666668,2045,42.604166666666664
3aeff8d50243a034,m1-pro-16gb-local,3bc3df13048eec7e02afa7e1474391d9dbceb98da439d5f7789ea3aa51a36f22,core-float,float,spec012-confirm-02,1,interactive-v1,True,65536,48000,64,/Users/christiankauten/Documents/Projects/Rack/plugins/Fourier/.build/spec012/confirm-02-transitions/workload-0009-repeat-01.csv,683bd927ea6e7af9b607fe1c2d9fd2bc0e2581aaeca82e509220387e402e2527,f8efcb9a2bbd7161e70d8a5b823cbaa6573e5621e850b3c9d4741d74b67dcd37,9,hop-decrease-boundary,21504,21504,22527,published,-1,"{""alpha"": 0, ""hop"": 1024, ""n"": 2048, ""octave"": 0, ""rate"": 48000, ""window"": 8}",0,0.0,1023,21.3125
3aeff8d50243a034,m1-pro-16gb-local,3bc3df13048eec7e02afa7e1474391d9dbceb98da439d5f7789ea3aa51a36f22,core-float,float,spec012-confirm-02,1,interactive-v1,True,65536,48000,64,/Users/christiankauten/Documents/Projects/Rack/plugins/Fourier/.build/spec012/confirm-02-transitions/workload-0009-repeat-01.csv,683bd927ea6e7af9b607fe1c2d9fd2bc0e2581aaeca82e509220387e402e2527,f8efcb9a2bbd7161e70d8a5b823cbaa6573e5621e850b3c9d4741d74b67dcd37,10,smoothing-disable,23553,24576,25599,published,-1,"{""alpha"": 0, ""hop"": 1024, ""n"": 2048, ""octave"": 0, ""rate"": 48000, ""window"": 8}",1023,21.3125,2046,42.625
3aeff8d50243a034,m1-pro-16gb-local,3bc3df13048eec7e02afa7e1474391d9dbceb98da439d5f7789ea3aa51a36f22,core-float,float,spec012-confirm-02,1,interactive-v1,True,65536,48000,64,/Users/christiankauten/Documents/Projects/Rack/plugins/Fourier/.build/spec012/confirm-02-transitions/workload-0009-repeat-01.csv,683bd927ea6e7af9b607fe1c2d9fd2bc0e2581aaeca82e509220387e402e2527,f8efcb9a2bbd7161e70d8a5b823cbaa6573e5621e850b3c9d4741d74b67dcd37,11,horizon-no-response,65535,-1,-1,pending-no-response,-1,"{""alpha"": 0, ""hop"": 1024, ""n"": 2048, ""octave"": 0, ""rate"": 48000, ""window"": 8}",,,,
3aeff8d50243a034,m1-pro-16gb-local,3bc3df13048eec7e02afa7e1474391d9dbceb98da439d5f7789ea3aa51a36f22,core-float,float,spec012-confirm-02,2,interactive-v1,True,65536,48000,64,/Users/christiankauten/Documents/Projects/Rack/plugins/Fourier/.build/spec012/confirm-02-transitions/workload-0009-repeat-02.csv,8c63732e9cc8eea87e9d354e6e5547f283b359dc7ed20938898fc06473497244,f8efcb9a2bbd7161e70d8a5b823cbaa6573e5621e850b3c9d4741d74b67dcd37,1,length-increase-boundary,2048,2048,3071,published,-1,"{""alpha"": 0, ""hop"": 1024, ""n"": 2048, ""octave"": 0, ""rate"": 48000, ""window"": 8}",0,0.0,1023,21.3125
3aeff8d50243a034,m1-pro-16gb-local,3bc3df13048eec7e02afa7e1474391d9dbceb98da439d5f7789ea3aa51a36f22,core-float,float,spec012-confirm-02,2,interactive-v1,True,65536,48000,64,/Users/christiankauten/Documents/Projects/Rack/plugins/Fourier/.build/spec012/confirm-02-transitions/workload-0009-repeat-02.csv,8c63732e9cc8eea87e9d354e6e5547f283b359dc7ed20938898fc06473497244,f8efcb9a2bbd7161e70d8a5b823cbaa6573e5621e850b3c9d4741d74b67dcd37,2,length-decrease-early,4097,5120,6143,published,-1,"{""alpha"": 0, ""hop"": 1024, ""n"": 2048, ""octave"": 0, ""rate"": 48000, ""window"": 8}",1023,21.3125,2046,42.625
3aeff8d50243a034,m1-pro-16gb-local,3bc3df13048eec7e02afa7e1474391d9dbceb98da439d5f7789ea3aa51a36f22,core-float,float,spec012-confirm-02,2,interactive-v1,True,65536,48000,64,/Users/christiankauten/Documents/Projects/Rack/plugins/Fourier/.build/spec012/confirm-02-transitions/workload-0009-repeat-02.csv,8c63732e9cc8eea87e9d354e6e5547f283b359dc7ed20938898fc06473497244,f8efcb9a2bbd7161e70d8a5b823cbaa6573e5621e850b3c9d4741d74b67dcd37,3,hop-increase-middle,6656,7168,8191,published,-1,"{""alpha"": 0, ""hop"": 1024, ""n"": 2048, ""octave"": 0, ""rate"": 48000, ""window"": 8}",512,10.666666666666666,1535,31.979166666666668
3aeff8d50243a034,m1-pro-16gb-local,3bc3df13048eec7e02afa7e1474391d9dbceb98da439d5f7789ea3aa51a36f22,core-float,float,spec012-confirm-02,2,interactive-v1,True,65536,48000,64,/Users/christiankauten/Documents/Projects/Rack/plugins/Fourier/.build/spec012/confirm-02-transitions/workload-0009-repeat-02.csv,8c63732e9cc8eea87e9d354e6e5547f283b359dc7ed20938898fc06473497244,f8efcb9a2bbd7161e70d8a5b823cbaa6573e5621e850b3c9d4741d74b67dcd37,4,window-late,11262,11264,12287,published,-1,"{""alpha"": 0, ""hop"": 1024, ""n"": 2048, ""octave"": 0, ""rate"": 48000, ""window"": 8}",2,0.041666666666666664,1025,21.354166666666668
3aeff8d50243a034,m1-pro-16gb-local,3bc3df13048eec7e02afa7e1474391d9dbceb98da439d5f7789ea3aa51a36f22,core-float,float,spec012-confirm-02,2,interactive-v1,True,65536,48000,64,/Users/christiankauten/Documents/Projects/Rack/plugins/Fourier/.build/spec012/confirm-02-transitions/workload-0009-repeat-02.csv,8c63732e9cc8eea87e9d354e6e5547f283b359dc7ed20938898fc06473497244,f8efcb9a2bbd7161e70d8a5b823cbaa6573e5621e850b3c9d4741d74b67dcd37,5,smoothing-before-publication,13311,13312,14335,published,-1,"{""alpha"": 0, ""hop"": 1024, ""n"": 2048, ""octave"": 0, ""rate"": 48000, ""window"": 8}",1,0.020833333333333332,1024,21.333333333333332
3aeff8d50243a034,m1-pro-16gb-local,3bc3df13048eec7e02afa7e1474391d9dbceb98da439d5f7789ea3aa51a36f22,core-float,float,spec012-confirm-02,2,interactive-v1,True,65536,48000,64,/Users/christiankauten/Documents/Projects/Rack/plugins/Fourier/.build/spec012/confirm-02-transitions/workload-0009-repeat-02.csv,8c63732e9cc8eea87e9d354e6e5547f283b359dc7ed20938898fc06473497244,f8efcb9a2bbd7161e70d8a5b823cbaa6573e5621e850b3c9d4741d74b67dcd37,6,no-op-boundary,15360,15360,16383,published,-1,"{""alpha"": 0, ""hop"": 1024, ""n"": 2048, ""octave"": 0, ""rate"": 48000, ""window"": 8}",0,0.0,1023,21.3125
3aeff8d50243a034,m1-pro-16gb-local,3bc3df13048eec7e02afa7e1474391d9dbceb98da439d5f7789ea3aa51a36f22,core-float,float,spec012-confirm-02,2,interactive-v1,True,65536,48000,64,/Users/christiankauten/Documents/Projects/Rack/plugins/Fourier/.build/spec012/confirm-02-transitions/workload-0009-repeat-02.csv,8c63732e9cc8eea87e9d354e6e5547f283b359dc7ed20938898fc06473497244,f8efcb9a2bbd7161e70d8a5b823cbaa6573e5621e850b3c9d4741d74b67dcd37,7,replace-pending-first,17409,-1,-1,replaced,8,"{""alpha"": 0, ""hop"": 1024, ""n"": 2048, ""octave"": 0, ""rate"": 48000, ""window"": 8}",,,,
3aeff8d50243a034,m1-pro-16gb-local,3bc3df13048eec7e02afa7e1474391d9dbceb98da439d5f7789ea3aa51a36f22,core-float,float,spec012-confirm-02,2,interactive-v1,True,65536,48000,64,/Users/christiankauten/Documents/Projects/Rack/plugins/Fourier/.build/spec012/confirm-02-transitions/workload-0009-repeat-02.csv,8c63732e9cc8eea87e9d354e6e5547f283b359dc7ed20938898fc06473497244,f8efcb9a2bbd7161e70d8a5b823cbaa6573e5621e850b3c9d4741d74b67dcd37,8,replace-pending-last,17410,18432,19455,published,-1,"{""alpha"": 0, ""hop"": 1024, ""n"": 2048, ""octave"": 0, ""rate"": 48000, ""window"": 8}",1022,21.291666666666668,2045,42.604166666666664
3aeff8d50243a034,m1-pro-16gb-local,3bc3df13048eec7e02afa7e1474391d9dbceb98da439d5f7789ea3aa51a36f22,core-float,float,spec012-confirm-02,2,interactive-v1,True,65536,48000,64,/Users/christiankauten/Documents/Projects/Rack/plugins/Fourier/.build/spec012/confirm-02-transitions/workload-0009-repeat-02.csv,8c63732e9cc8eea87e9d354e6e5547f283b359dc7ed20938898fc06473497244,f8efcb9a2bbd7161e70d8a5b823cbaa6573e5621e850b3c9d4741d74b67dcd37,9,hop-decrease-boundary,21504,21504,22527,published,-1,"{""alpha"": 0, ""hop"": 1024, ""n"": 2048, ""octave"": 0, ""rate"": 48000, ""window"": 8}",0,0.0,1023,21.3125
3aeff8d50243a034,m1-pro-16gb-local,3bc3df13048eec7e02afa7e1474391d9dbceb98da439d5f7789ea3aa51a36f22,core-float,float,spec012-confirm-02,2,interactive-v1,True,65536,48000,64,/Users/christiankauten/Documents/Projects/Rack/plugins/Fourier/.build/spec012/confirm-02-transitions/workload-0009-repeat-02.csv,8c63732e9cc8eea87e9d354e6e5547f283b359dc7ed20938898fc06473497244,f8efcb9a2bbd7161e70d8a5b823cbaa6573e5621e850b3c9d4741d74b67dcd37,10,smoothing-disable,23553,24576,25599,published,-1,"{""alpha"": 0, ""hop"": 1024, ""n"": 2048, ""octave"": 0, ""rate"": 48000, ""window"": 8}",1023,21.3125,2046,42.625
3aeff8d50243a034,m1-pro-16gb-local,3bc3df13048eec7e02afa7e1474391d9dbceb98da439d5f7789ea3aa51a36f22,core-float,float,spec012-confirm-02,2,interactive-v1,True,65536,48000,64,/Users/christiankauten/Documents/Projects/Rack/plugins/Fourier/.build/spec012/confirm-02-transitions/workload-0009-repeat-02.csv,8c63732e9cc8eea87e9d354e6e5547f283b359dc7ed20938898fc06473497244,f8efcb9a2bbd7161e70d8a5b823cbaa6573e5621e850b3c9d4741d74b67dcd37,11,horizon-no-response,65535,-1,-1,pending-no-response,-1,"{""alpha"": 0, ""hop"": 1024, ""n"": 2048, ""octave"": 0, ""rate"": 48000, ""window"": 8}",,,,
3aeff8d50243a034,m1-pro-16gb-local,3bc3df13048eec7e02afa7e1474391d9dbceb98da439d5f7789ea3aa51a36f22,core-float,float,spec012-confirm-03,0,interactive-v1,True,65536,48000,64,/Users/christiankauten/Documents/Projects/Rack/plugins/Fourier/.build/spec012/confirm-03-transitions/workload-0009-repeat-00.csv,c0078a8816f24a8d760f38553fbb3bada57b4365394dcfbd2ee5fb002e061845,f8efcb9a2bbd7161e70d8a5b823cbaa6573e5621e850b3c9d4741d74b67dcd37,1,length-increase-boundary,2048,2048,3071,published,-1,"{""alpha"": 0, ""hop"": 1024, ""n"": 2048, ""octave"": 0, ""rate"": 48000, ""window"": 8}",0,0.0,1023,21.3125
3aeff8d50243a034,m1-pro-16gb-local,3bc3df13048eec7e02afa7e1474391d9dbceb98da439d5f7789ea3aa51a36f22,core-float,float,spec012-confirm-03,0,interactive-v1,True,65536,48000,64,/Users/christiankauten/Documents/Projects/Rack/plugins/Fourier/.build/spec012/confirm-03-transitions/workload-0009-repeat-00.csv,c0078a8816f24a8d760f38553fbb3bada57b4365394dcfbd2ee5fb002e061845,f8efcb9a2bbd7161e70d8a5b823cbaa6573e5621e850b3c9d4741d74b67dcd37,2,length-decrease-early,4097,5120,6143,published,-1,"{""alpha"": 0, ""hop"": 1024, ""n"": 2048, ""octave"": 0, ""rate"": 48000, ""window"": 8}",1023,21.3125,2046,42.625
3aeff8d50243a034,m1-pro-16gb-local,3bc3df13048eec7e02afa7e1474391d9dbceb98da439d5f7789ea3aa51a36f22,core-float,float,spec012-confirm-03,0,interactive-v1,True,65536,48000,64,/Users/christiankauten/Documents/Projects/Rack/plugins/Fourier/.build/spec012/confirm-03-transitions/workload-0009-repeat-00.csv,c0078a8816f24a8d760f38553fbb3bada57b4365394dcfbd2ee5fb002e061845,f8efcb9a2bbd7161e70d8a5b823cbaa6573e5621e850b3c9d4741d74b67dcd37,3,hop-increase-middle,6656,7168,8191,published,-1,"{""alpha"": 0, ""hop"": 1024, ""n"": 2048, ""octave"": 0, ""rate"": 48000, ""window"": 8}",512,10.666666666666666,1535,31.979166666666668
3aeff8d50243a034,m1-pro-16gb-local,3bc3df13048eec7e02afa7e1474391d9dbceb98da439d5f7789ea3aa51a36f22,core-float,float,spec012-confirm-03,0,interactive-v1,True,65536,48000,64,/Users/christiankauten/Documents/Projects/Rack/plugins/Fourier/.build/spec012/confirm-03-transitions/workload-0009-repeat-00.csv,c0078a8816f24a8d760f38553fbb3bada57b4365394dcfbd2ee5fb002e061845,f8efcb9a2bbd7161e70d8a5b823cbaa6573e5621e850b3c9d4741d74b67dcd37,4,window-late,11262,11264,12287,published,-1,"{""alpha"": 0, ""hop"": 1024, ""n"": 2048, ""octave"": 0, ""rate"": 48000, ""window"": 8}",2,0.041666666666666664,1025,21.354166666666668
3aeff8d50243a034,m1-pro-16gb-local,3bc3df13048eec7e02afa7e1474391d9dbceb98da439d5f7789ea3aa51a36f22,core-float,float,spec012-confirm-03,0,interactive-v1,True,65536,48000,64,/Users/christiankauten/Documents/Projects/Rack/plugins/Fourier/.build/spec012/confirm-03-transitions/workload-0009-repeat-00.csv,c0078a8816f24a8d760f38553fbb3bada57b4365394dcfbd2ee5fb002e061845,f8efcb9a2bbd7161e70d8a5b823cbaa6573e5621e850b3c9d4741d74b67dcd37,5,smoothing-before-publication,13311,13312,14335,published,-1,"{""alpha"": 0, ""hop"": 1024, ""n"": 2048, ""octave"": 0, ""rate"": 48000, ""window"": 8}",1,0.020833333333333332,1024,21.333333333333332
3aeff8d50243a034,m1-pro-16gb-local,3bc3df13048eec7e02afa7e1474391d9dbceb98da439d5f7789ea3aa51a36f22,core-float,float,spec012-confirm-03,0,interactive-v1,True,65536,48000,64,/Users/christiankauten/Documents/Projects/Rack/plugins/Fourier/.build/spec012/confirm-03-transitions/workload-0009-repeat-00.csv,c0078a8816f24a8d760f38553fbb3bada57b4365394dcfbd2ee5fb002e061845,f8efcb9a2bbd7161e70d8a5b823cbaa6573e5621e850b3c9d4741d74b67dcd37,6,no-op-boundary,15360,15360,16383,published,-1,"{""alpha"": 0, ""hop"": 1024, ""n"": 2048, ""octave"": 0, ""rate"": 48000, ""window"": 8}",0,0.0,1023,21.3125
3aeff8d50243a034,m1-pro-16gb-local,3bc3df13048eec7e02afa7e1474391d9dbceb98da439d5f7789ea3aa51a36f22,core-float,float,spec012-confirm-03,0,interactive-v1,True,65536,48000,64,/Users/christiankauten/Documents/Projects/Rack/plugins/Fourier/.build/spec012/confirm-03-transitions/workload-0009-repeat-00.csv,c0078a8816f24a8d760f38553fbb3bada57b4365394dcfbd2ee5fb002e061845,f8efcb9a2bbd7161e70d8a5b823cbaa6573e5621e850b3c9d4741d74b67dcd37,7,replace-pending-first,17409,-1,-1,replaced,8,"{""alpha"": 0, ""hop"": 1024, ""n"": 2048, ""octave"": 0, ""rate"": 48000, ""window"": 8}",,,,
3aeff8d50243a034,m1-pro-16gb-local,3bc3df13048eec7e02afa7e1474391d9dbceb98da439d5f7789ea3aa51a36f22,core-float,float,spec012-confirm-03,0,interactive-v1,True,65536,48000,64,/Users/christiankauten/Documents/Projects/Rack/plugins/Fourier/.build/spec012/confirm-03-transitions/workload-0009-repeat-00.csv,c0078a8816f24a8d760f38553fbb3bada57b4365394dcfbd2ee5fb002e061845,f8efcb9a2bbd7161e70d8a5b823cbaa6573e5621e850b3c9d4741d74b67dcd37,8,replace-pending-last,17410,18432,19455,published,-1,"{""alpha"": 0, ""hop"": 1024, ""n"": 2048, ""octave"": 0, ""rate"": 48000, ""window"": 8}",1022,21.291666666666668,2045,42.604166666666664
3aeff8d50243a034,m1-pro-16gb-local,3bc3df13048eec7e02afa7e1474391d9dbceb98da439d5f7789ea3aa51a36f22,core-float,float,spec012-confirm-03,0,interactive-v1,True,65536,48000,64,/Users/christiankauten/Documents/Projects/Rack/plugins/Fourier/.build/spec012/confirm-03-transitions/workload-0009-repeat-00.csv,c0078a8816f24a8d760f38553fbb3bada57b4365394dcfbd2ee5fb002e061845,f8efcb9a2bbd7161e70d8a5b823cbaa6573e5621e850b3c9d4741d74b67dcd37,9,hop-decrease-boundary,21504,21504,22527,published,-1,"{""alpha"": 0, ""hop"": 1024, ""n"": 2048, ""octave"": 0, ""rate"": 48000, ""window"": 8}",0,0.0,1023,21.3125
3aeff8d50243a034,m1-pro-16gb-local,3bc3df13048eec7e02afa7e1474391d9dbceb98da439d5f7789ea3aa51a36f22,core-float,float,spec012-confirm-03,0,interactive-v1,True,65536,48000,64,/Users/christiankauten/Documents/Projects/Rack/plugins/Fourier/.build/spec012/confirm-03-transitions/workload-0009-repeat-00.csv,c0078a8816f24a8d760f38553fbb3bada57b4365394dcfbd2ee5fb002e061845,f8efcb9a2bbd7161e70d8a5b823cbaa6573e5621e850b3c9d4741d74b67dcd37,10,smoothing-disable,23553,24576,25599,published,-1,"{""alpha"": 0, ""hop"": 1024, ""n"": 2048, ""octave"": 0, ""rate"": 48000, ""window"": 8}",1023,21.3125,2046,42.625
3aeff8d50243a034,m1-pro-16gb-local,3bc3df13048eec7e02afa7e1474391d9dbceb98da439d5f7789ea3aa51a36f22,core-float,float,spec012-confirm-03,0,interactive-v1,True,65536,48000,64,/Users/christiankauten/Documents/Projects/Rack/plugins/Fourier/.build/spec012/confirm-03-transitions/workload-0009-repeat-00.csv,c0078a8816f24a8d760f38553fbb3bada57b4365394dcfbd2ee5fb002e061845,f8efcb9a2bbd7161e70d8a5b823cbaa6573e5621e850b3c9d4741d74b67dcd37,11,horizon-no-response,65535,-1,-1,pending-no-response,-1,"{""alpha"": 0, ""hop"": 1024, ""n"": 2048, ""octave"": 0, ""rate"": 48000, ""window"": 8}",,,,
3aeff8d50243a034,m1-pro-16gb-local,3bc3df13048eec7e02afa7e1474391d9dbceb98da439d5f7789ea3aa51a36f22,core-float,float,spec012-confirm-03,1,interactive-v1,True,65536,48000,64,/Users/christiankauten/Documents/Projects/Rack/plugins/Fourier/.build/spec012/confirm-03-transitions/workload-0009-repeat-01.csv,c0b09537840586b8cc6cae15cab2f93f747db7ce737e70b68c7af58f8df1119a,f8efcb9a2bbd7161e70d8a5b823cbaa6573e5621e850b3c9d4741d74b67dcd37,1,length-increase-boundary,2048,2048,3071,published,-1,"{""alpha"": 0, ""hop"": 1024, ""n"": 2048, ""octave"": 0, ""rate"": 48000, ""window"": 8}",0,0.0,1023,21.3125
3aeff8d50243a034,m1-pro-16gb-local,3bc3df13048eec7e02afa7e1474391d9dbceb98da439d5f7789ea3aa51a36f22,core-float,float,spec012-confirm-03,1,interactive-v1,True,65536,48000,64,/Users/christiankauten/Documents/Projects/Rack/plugins/Fourier/.build/spec012/confirm-03-transitions/workload-0009-repeat-01.csv,c0b09537840586b8cc6cae15cab2f93f747db7ce737e70b68c7af58f8df1119a,f8efcb9a2bbd7161e70d8a5b823cbaa6573e5621e850b3c9d4741d74b67dcd37,2,length-decrease-early,4097,5120,6143,published,-1,"{""alpha"": 0, ""hop"": 1024, ""n"": 2048, ""octave"": 0, ""rate"": 48000, ""window"": 8}",1023,21.3125,2046,42.625
3aeff8d50243a034,m1-pro-16gb-local,3bc3df13048eec7e02afa7e1474391d9dbceb98da439d5f7789ea3aa51a36f22,core-float,float,spec012-confirm-03,1,interactive-v1,True,65536,48000,64,/Users/christiankauten/Documents/Projects/Rack/plugins/Fourier/.build/spec012/confirm-03-transitions/workload-0009-repeat-01.csv,c0b09537840586b8cc6cae15cab2f93f747db7ce737e70b68c7af58f8df1119a,f8efcb9a2bbd7161e70d8a5b823cbaa6573e5621e850b3c9d4741d74b67dcd37,3,hop-increase-middle,6656,7168,8191,published,-1,"{""alpha"": 0, ""hop"": 1024, ""n"": 2048, ""octave"": 0, ""rate"": 48000, ""window"": 8}",512,10.666666666666666,1535,31.979166666666668
3aeff8d50243a034,m1-pro-16gb-local,3bc3df13048eec7e02afa7e1474391d9dbceb98da439d5f7789ea3aa51a36f22,core-float,float,spec012-confirm-03,1,interactive-v1,True,65536,48000,64,/Users/christiankauten/Documents/Projects/Rack/plugins/Fourier/.build/spec012/confirm-03-transitions/workload-0009-repeat-01.csv,c0b09537840586b8cc6cae15cab2f93f747db7ce737e70b68c7af58f8df1119a,f8efcb9a2bbd7161e70d8a5b823cbaa6573e5621e850b3c9d4741d74b67dcd37,4,window-late,11262,11264,12287,published,-1,"{""alpha"": 0, ""hop"": 1024, ""n"": 2048, ""octave"": 0, ""rate"": 48000, ""window"": 8}",2,0.041666666666666664,1025,21.354166666666668
3aeff8d50243a034,m1-pro-16gb-local,3bc3df13048eec7e02afa7e1474391d9dbceb98da439d5f7789ea3aa51a36f22,core-float,float,spec012-confirm-03,1,interactive-v1,True,65536,48000,64,/Users/christiankauten/Documents/Projects/Rack/plugins/Fourier/.build/spec012/confirm-03-transitions/workload-0009-repeat-01.csv,c0b09537840586b8cc6cae15cab2f93f747db7ce737e70b68c7af58f8df1119a,f8efcb9a2bbd7161e70d8a5b823cbaa6573e5621e850b3c9d4741d74b67dcd37,5,smoothing-before-publication,13311,13312,14335,published,-1,"{""alpha"": 0, ""hop"": 1024, ""n"": 2048, ""octave"": 0, ""rate"": 48000, ""window"": 8}",1,0.020833333333333332,1024,21.333333333333332
3aeff8d50243a034,m1-pro-16gb-local,3bc3df13048eec7e02afa7e1474391d9dbceb98da439d5f7789ea3aa51a36f22,core-float,float,spec012-confirm-03,1,interactive-v1,True,65536,48000,64,/Users/christiankauten/Documents/Projects/Rack/plugins/Fourier/.build/spec012/confirm-03-transitions/workload-0009-repeat-01.csv,c0b09537840586b8cc6cae15cab2f93f747db7ce737e70b68c7af58f8df1119a,f8efcb9a2bbd7161e70d8a5b823cbaa6573e5621e850b3c9d4741d74b67dcd37,6,no-op-boundary,15360,15360,16383,published,-1,"{""alpha"": 0, ""hop"": 1024, ""n"": 2048, ""octave"": 0, ""rate"": 48000, ""window"": 8}",0,0.0,1023,21.3125
3aeff8d50243a034,m1-pro-16gb-local,3bc3df13048eec7e02afa7e1474391d9dbceb98da439d5f7789ea3aa51a36f22,core-float,float,spec012-confirm-03,1,interactive-v1,True,65536,48000,64,/Users/christiankauten/Documents/Projects/Rack/plugins/Fourier/.build/spec012/confirm-03-transitions/workload-0009-repeat-01.csv,c0b09537840586b8cc6cae15cab2f93f747db7ce737e70b68c7af58f8df1119a,f8efcb9a2bbd7161e70d8a5b823cbaa6573e5621e850b3c9d4741d74b67dcd37,7,replace-pending-first,17409,-1,-1,replaced,8,"{""alpha"": 0, ""hop"": 1024, ""n"": 2048, ""octave"": 0, ""rate"": 48000, ""window"": 8}",,,,
3aeff8d50243a034,m1-pro-16gb-local,3bc3df13048eec7e02afa7e1474391d9dbceb98da439d5f7789ea3aa51a36f22,core-float,float,spec012-confirm-03,1,interactive-v1,True,65536,48000,64,/Users/christiankauten/Documents/Projects/Rack/plugins/Fourier/.build/spec012/confirm-03-transitions/workload-0009-repeat-01.csv,c0b09537840586b8cc6cae15cab2f93f747db7ce737e70b68c7af58f8df1119a,f8efcb9a2bbd7161e70d8a5b823cbaa6573e5621e850b3c9d4741d74b67dcd37,8,replace-pending-last,17410,18432,19455,published,-1,"{""alpha"": 0, ""hop"": 1024, ""n"": 2048, ""octave"": 0, ""rate"": 48000, ""window"": 8}",1022,21.291666666666668,2045,42.604166666666664
3aeff8d50243a034,m1-pro-16gb-local,3bc3df13048eec7e02afa7e1474391d9dbceb98da439d5f7789ea3aa51a36f22,core-float,float,spec012-confirm-03,1,interactive-v1,True,65536,48000,64,/Users/christiankauten/Documents/Projects/Rack/plugins/Fourier/.build/spec012/confirm-03-transitions/workload-0009-repeat-01.csv,c0b09537840586b8cc6cae15cab2f93f747db7ce737e70b68c7af58f8df1119a,f8efcb9a2bbd7161e70d8a5b823cbaa6573e5621e850b3c9d4741d74b67dcd37,9,hop-decrease-boundary,21504,21504,22527,published,-1,"{""alpha"": 0, ""hop"": 1024, ""n"": 2048, ""octave"": 0, ""rate"": 48000, ""window"": 8}",0,0.0,1023,21.3125
3aeff8d50243a034,m1-pro-16gb-local,3bc3df13048eec7e02afa7e1474391d9dbceb98da439d5f7789ea3aa51a36f22,core-float,float,spec012-confirm-03,1,interactive-v1,True,65536,48000,64,/Users/christiankauten/Documents/Projects/Rack/plugins/Fourier/.build/spec012/confirm-03-transitions/workload-0009-repeat-01.csv,c0b09537840586b8cc6cae15cab2f93f747db7ce737e70b68c7af58f8df1119a,f8efcb9a2bbd7161e70d8a5b823cbaa6573e5621e850b3c9d4741d74b67dcd37,10,smoothing-disable,23553,24576,25599,published,-1,"{""alpha"": 0, ""hop"": 1024, ""n"": 2048, ""octave"": 0, ""rate"": 48000, ""window"": 8}",1023,21.3125,2046,42.625
3aeff8d50243a034,m1-pro-16gb-local,3bc3df13048eec7e02afa7e1474391d9dbceb98da439d5f7789ea3aa51a36f22,core-float,float,spec012-confirm-03,1,interactive-v1,True,65536,48000,64,/Users/christiankauten/Documents/Projects/Rack/plugins/Fourier/.build/spec012/confirm-03-transitions/workload-0009-repeat-01.csv,c0b09537840586b8cc6cae15cab2f93f747db7ce737e70b68c7af58f8df1119a,f8efcb9a2bbd7161e70d8a5b823cbaa6573e5621e850b3c9d4741d74b67dcd37,11,horizon-no-response,65535,-1,-1,pending-no-response,-1,"{""alpha"": 0, ""hop"": 1024, ""n"": 2048, ""octave"": 0, ""rate"": 48000, ""window"": 8}",,,,
3aeff8d50243a034,m1-pro-16gb-local,3bc3df13048eec7e02afa7e1474391d9dbceb98da439d5f7789ea3aa51a36f22,core-float,float,spec012-confirm-03,2,interactive-v1,True,65536,48000,64,/Users/christiankauten/Documents/Projects/Rack/plugins/Fourier/.build/spec012/confirm-03-transitions/workload-0009-repeat-02.csv,d55731014db19d84ba6dd9b456a27a06a1787af8d408bbb1916c7d0a530259f1,f8efcb9a2bbd7161e70d8a5b823cbaa6573e5621e850b3c9d4741d74b67dcd37,1,length-increase-boundary,2048,2048,3071,published,-1,"{""alpha"": 0, ""hop"": 1024, ""n"": 2048, ""octave"": 0, ""rate"": 48000, ""window"": 8}",0,0.0,1023,21.3125
3aeff8d50243a034,m1-pro-16gb-local,3bc3df13048eec7e02afa7e1474391d9dbceb98da439d5f7789ea3aa51a36f22,core-float,float,spec012-confirm-03,2,interactive-v1,True,65536,48000,64,/Users/christiankauten/Documents/Projects/Rack/plugins/Fourier/.build/spec012/confirm-03-transitions/workload-0009-repeat-02.csv,d55731014db19d84ba6dd9b456a27a06a1787af8d408bbb1916c7d0a530259f1,f8efcb9a2bbd7161e70d8a5b823cbaa6573e5621e850b3c9d4741d74b67dcd37,2,length-decrease-early,4097,5120,6143,published,-1,"{""alpha"": 0, ""hop"": 1024, ""n"": 2048, ""octave"": 0, ""rate"": 48000, ""window"": 8}",1023,21.3125,2046,42.625
3aeff8d50243a034,m1-pro-16gb-local,3bc3df13048eec7e02afa7e1474391d9dbceb98da439d5f7789ea3aa51a36f22,core-float,float,spec012-confirm-03,2,interactive-v1,True,65536,48000,64,/Users/christiankauten/Documents/Projects/Rack/plugins/Fourier/.build/spec012/confirm-03-transitions/workload-0009-repeat-02.csv,d55731014db19d84ba6dd9b456a27a06a1787af8d408bbb1916c7d0a530259f1,f8efcb9a2bbd7161e70d8a5b823cbaa6573e5621e850b3c9d4741d74b67dcd37,3,hop-increase-middle,6656,7168,8191,published,-1,"{""alpha"": 0, ""hop"": 1024, ""n"": 2048, ""octave"": 0, ""rate"": 48000, ""window"": 8}",512,10.666666666666666,1535,31.979166666666668
3aeff8d50243a034,m1-pro-16gb-local,3bc3df13048eec7e02afa7e1474391d9dbceb98da439d5f7789ea3aa51a36f22,core-float,float,spec012-confirm-03,2,interactive-v1,True,65536,48000,64,/Users/christiankauten/Documents/Projects/Rack/plugins/Fourier/.build/spec012/confirm-03-transitions/workload-0009-repeat-02.csv,d55731014db19d84ba6dd9b456a27a06a1787af8d408bbb1916c7d0a530259f1,f8efcb9a2bbd7161e70d8a5b823cbaa6573e5621e850b3c9d4741d74b67dcd37,4,window-late,11262,11264,12287,published,-1,"{""alpha"": 0, ""hop"": 1024, ""n"": 2048, ""octave"": 0, ""rate"": 48000, ""window"": 8}",2,0.041666666666666664,1025,21.354166666666668
3aeff8d50243a034,m1-pro-16gb-local,3bc3df13048eec7e02afa7e1474391d9dbceb98da439d5f7789ea3aa51a36f22,core-float,float,spec012-confirm-03,2,interactive-v1,True,65536,48000,64,/Users/christiankauten/Documents/Projects/Rack/plugins/Fourier/.build/spec012/confirm-03-transitions/workload-0009-repeat-02.csv,d55731014db19d84ba6dd9b456a27a06a1787af8d408bbb1916c7d0a530259f1,f8efcb9a2bbd7161e70d8a5b823cbaa6573e5621e850b3c9d4741d74b67dcd37,5,smoothing-before-publication,13311,13312,14335,published,-1,"{""alpha"": 0, ""hop"": 1024, ""n"": 2048, ""octave"": 0, ""rate"": 48000, ""window"": 8}",1,0.020833333333333332,1024,21.333333333333332
3aeff8d50243a034,m1-pro-16gb-local,3bc3df13048eec7e02afa7e1474391d9dbceb98da439d5f7789ea3aa51a36f22,core-float,float,spec012-confirm-03,2,interactive-v1,True,65536,48000,64,/Users/christiankauten/Documents/Projects/Rack/plugins/Fourier/.build/spec012/confirm-03-transitions/workload-0009-repeat-02.csv,d55731014db19d84ba6dd9b456a27a06a1787af8d408bbb1916c7d0a530259f1,f8efcb9a2bbd7161e70d8a5b823cbaa6573e5621e850b3c9d4741d74b67dcd37,6,no-op-boundary,15360,15360,16383,published,-1,"{""alpha"": 0, ""hop"": 1024, ""n"": 2048, ""octave"": 0, ""rate"": 48000, ""window"": 8}",0,0.0,1023,21.3125
3aeff8d50243a034,m1-pro-16gb-local,3bc3df13048eec7e02afa7e1474391d9dbceb98da439d5f7789ea3aa51a36f22,core-float,float,spec012-confirm-03,2,interactive-v1,True,65536,48000,64,/Users/christiankauten/Documents/Projects/Rack/plugins/Fourier/.build/spec012/confirm-03-transitions/workload-0009-repeat-02.csv,d55731014db19d84ba6dd9b456a27a06a1787af8d408bbb1916c7d0a530259f1,f8efcb9a2bbd7161e70d8a5b823cbaa6573e5621e850b3c9d4741d74b67dcd37,7,replace-pending-first,17409,-1,-1,replaced,8,"{""alpha"": 0, ""hop"": 1024, ""n"": 2048, ""octave"": 0, ""rate"": 48000, ""window"": 8}",,,,
3aeff8d50243a034,m1-pro-16gb-local,3bc3df13048eec7e02afa7e1474391d9dbceb98da439d5f7789ea3aa51a36f22,core-float,float,spec012-confirm-03,2,interactive-v1,True,65536,48000,64,/Users/christiankauten/Documents/Projects/Rack/plugins/Fourier/.build/spec012/confirm-03-transitions/workload-0009-repeat-02.csv,d55731014db19d84ba6dd9b456a27a06a1787af8d408bbb1916c7d0a530259f1,f8efcb9a2bbd7161e70d8a5b823cbaa6573e5621e850b3c9d4741d74b67dcd37,8,replace-pending-last,17410,18432,19455,published,-1,"{""alpha"": 0, ""hop"": 1024, ""n"": 2048, ""octave"": 0, ""rate"": 48000, ""window"": 8}",1022,21.291666666666668,2045,42.604166666666664
3aeff8d50243a034,m1-pro-16gb-local,3bc3df13048eec7e02afa7e1474391d9dbceb98da439d5f7789ea3aa51a36f22,core-float,float,spec012-confirm-03,2,interactive-v1,True,65536,48000,64,/Users/christiankauten/Documents/Projects/Rack/plugins/Fourier/.build/spec012/confirm-03-transitions/workload-0009-repeat-02.csv,d55731014db19d84ba6dd9b456a27a06a1787af8d408bbb1916c7d0a530259f1,f8efcb9a2bbd7161e70d8a5b823cbaa6573e5621e850b3c9d4741d74b67dcd37,9,hop-decrease-boundary,21504,21504,22527,published,-1,"{""alpha"": 0, ""hop"": 1024, ""n"": 2048, ""octave"": 0, ""rate"": 48000, ""window"": 8}",0,0.0,1023,21.3125
3aeff8d50243a034,m1-pro-16gb-local,3bc3df13048eec7e02afa7e1474391d9dbceb98da439d5f7789ea3aa51a36f22,core-float,float,spec012-confirm-03,2,interactive-v1,True,65536,48000,64,/Users/christiankauten/Documents/Projects/Rack/plugins/Fourier/.build/spec012/confirm-03-transitions/workload-0009-repeat-02.csv,d55731014db19d84ba6dd9b456a27a06a1787af8d408bbb1916c7d0a530259f1,f8efcb9a2bbd7161e70d8a5b823cbaa6573e5621e850b3c9d4741d74b67dcd37,10,smoothing-disable,23553,24576,25599,published,-1,"{""alpha"": 0, ""hop"": 1024, ""n"": 2048, ""octave"": 0, ""rate"": 48000, ""window"": 8}",1023,21.3125,2046,42.625
3aeff8d50243a034,m1-pro-16gb-local,3bc3df13048eec7e02afa7e1474391d9dbceb98da439d5f7789ea3aa51a36f22,core-float,float,spec012-confirm-03,2,interactive-v1,True,65536,48000,64,/Users/christiankauten/Documents/Projects/Rack/plugins/Fourier/.build/spec012/confirm-03-transitions/workload-0009-repeat-02.csv,d55731014db19d84ba6dd9b456a27a06a1787af8d408bbb1916c7d0a530259f1,f8efcb9a2bbd7161e70d8a5b823cbaa6573e5621e850b3c9d4741d74b67dcd37,11,horizon-no-response,65535,-1,-1,pending-no-response,-1,"{""alpha"": 0, ""hop"": 1024, ""n"": 2048, ""octave"": 0, ""rate"": 48000, ""window"": 8}",,,,
3aeff8d50243a034,m1-pro-16gb-local,3e9b8cf8a3577727e240594e32deb09fa669259fc2125b0b514df90a0c153a41,pffft-scheduled-batch-float,float,spec012-confirm-01,0,interactive-v1,True,65536,48000,64,/Users/christiankauten/Documents/Projects/Rack/plugins/Fourier/.build/spec012/confirm-01-transitions/workload-0015-repeat-00.csv,6d8cc05b0584b41eeb4495139c0678458702b528359a76f11a32c08e217f6714,0619665d396c5bb9e65bd2aac16fe7b80c160faeb12c5a3b1675458ddfd4829a,1,length-increase-boundary,2048,2048,2048,published,-1,"{""alpha"": 0, ""hop"": 1024, ""n"": 2048, ""octave"": 0, ""rate"": 48000, ""window"": 8}",0,0.0,0,0.0
3aeff8d50243a034,m1-pro-16gb-local,3e9b8cf8a3577727e240594e32deb09fa669259fc2125b0b514df90a0c153a41,pffft-scheduled-batch-float,float,spec012-confirm-01,0,interactive-v1,True,65536,48000,64,/Users/christiankauten/Documents/Projects/Rack/plugins/Fourier/.build/spec012/confirm-01-transitions/workload-0015-repeat-00.csv,6d8cc05b0584b41eeb4495139c0678458702b528359a76f11a32c08e217f6714,0619665d396c5bb9e65bd2aac16fe7b80c160faeb12c5a3b1675458ddfd4829a,2,length-decrease-early,4097,5120,5120,published,-1,"{""alpha"": 0, ""hop"": 1024, ""n"": 2048, ""octave"": 0, ""rate"": 48000, ""window"": 8}",1023,21.3125,1023,21.3125
3aeff8d50243a034,m1-pro-16gb-local,3e9b8cf8a3577727e240594e32deb09fa669259fc2125b0b514df90a0c153a41,pffft-scheduled-batch-float,float,spec012-confirm-01,0,interactive-v1,True,65536,48000,64,/Users/christiankauten/Documents/Projects/Rack/plugins/Fourier/.build/spec012/confirm-01-transitions/workload-0015-repeat-00.csv,6d8cc05b0584b41eeb4495139c0678458702b528359a76f11a32c08e217f6714,0619665d396c5bb9e65bd2aac16fe7b80c160faeb12c5a3b1675458ddfd4829a,3,hop-increase-middle,6656,7168,7168,published,-1,"{""alpha"": 0, ""hop"": 1024, ""n"": 2048, ""octave"": 0, ""rate"": 48000, ""window"": 8}",512,10.666666666666666,512,10.666666666666666
3aeff8d50243a034,m1-pro-16gb-local,3e9b8cf8a3577727e240594e32deb09fa669259fc2125b0b514df90a0c153a41,pffft-scheduled-batch-float,float,spec012-confirm-01,0,interactive-v1,True,65536,48000,64,/Users/christiankauten/Documents/Projects/Rack/plugins/Fourier/.build/spec012/confirm-01-transitions/workload-0015-repeat-00.csv,6d8cc05b0584b41eeb4495139c0678458702b528359a76f11a32c08e217f6714,0619665d396c5bb9e65bd2aac16fe7b80c160faeb12c5a3b1675458ddfd4829a,4,window-late,11262,11264,11264,published,-1,"{""alpha"": 0, ""hop"": 1024, ""n"": 2048, ""octave"": 0, ""rate"": 48000, ""window"": 8}",2,0.041666666666666664,2,0.041666666666666664
3aeff8d50243a034,m1-pro-16gb-local,3e9b8cf8a3577727e240594e32deb09fa669259fc2125b0b514df90a0c153a41,pffft-scheduled-batch-float,float,spec012-confirm-01,0,interactive-v1,True,65536,48000,64,/Users/christiankauten/Documents/Projects/Rack/plugins/Fourier/.build/spec012/confirm-01-transitions/workload-0015-repeat-00.csv,6d8cc05b0584b41eeb4495139c0678458702b528359a76f11a32c08e217f6714,0619665d396c5bb9e65bd2aac16fe7b80c160faeb12c5a3b1675458ddfd4829a,5,smoothing-before-publication,13311,13312,13312,published,-1,"{""alpha"": 0, ""hop"": 1024, ""n"": 2048, ""octave"": 0, ""rate"": 48000, ""window"": 8}",1,0.020833333333333332,1,0.020833333333333332
3aeff8d50243a034,m1-pro-16gb-local,3e9b8cf8a3577727e240594e32deb09fa669259fc2125b0b514df90a0c153a41,pffft-scheduled-batch-float,float,spec012-confirm-01,0,interactive-v1,True,65536,48000,64,/Users/christiankauten/Documents/Projects/Rack/plugins/Fourier/.build/spec012/confirm-01-transitions/workload-0015-repeat-00.csv,6d8cc05b0584b41eeb4495139c0678458702b528359a76f11a32c08e217f6714,0619665d396c5bb9e65bd2aac16fe7b80c160faeb12c5a3b1675458ddfd4829a,6,no-op-boundary,15360,15360,15360,published,-1,"{""alpha"": 0, ""hop"": 1024, ""n"": 2048, ""octave"": 0, ""rate"": 48000, ""window"": 8}",0,0.0,0,0.0
3aeff8d50243a034,m1-pro-16gb-local,3e9b8cf8a3577727e240594e32deb09fa669259fc2125b0b514df90a0c153a41,pffft-scheduled-batch-float,float,spec012-confirm-01,0,interactive-v1,True,65536,48000,64,/Users/christiankauten/Documents/Projects/Rack/plugins/Fourier/.build/spec012/confirm-01-transitions/workload-0015-repeat-00.csv,6d8cc05b0584b41eeb4495139c0678458702b528359a76f11a32c08e217f6714,0619665d396c5bb9e65bd2aac16fe7b80c160faeb12c5a3b1675458ddfd4829a,7,replace-pending-first,17409,-1,-1,replaced,8,"{""alpha"": 0, ""hop"": 1024, ""n"": 2048, ""octave"": 0, ""rate"": 48000, ""window"": 8}",,,,
3aeff8d50243a034,m1-pro-16gb-local,3e9b8cf8a3577727e240594e32deb09fa669259fc2125b0b514df90a0c153a41,pffft-scheduled-batch-float,float,spec012-confirm-01,0,interactive-v1,True,65536,48000,64,/Users/christiankauten/Documents/Projects/Rack/plugins/Fourier/.build/spec012/confirm-01-transitions/workload-0015-repeat-00.csv,6d8cc05b0584b41eeb4495139c0678458702b528359a76f11a32c08e217f6714,0619665d396c5bb9e65bd2aac16fe7b80c160faeb12c5a3b1675458ddfd4829a,8,replace-pending-last,17410,18432,18432,published,-1,"{""alpha"": 0, ""hop"": 1024, ""n"": 2048, ""octave"": 0, ""rate"": 48000, ""window"": 8}",1022,21.291666666666668,1022,21.291666666666668
3aeff8d50243a034,m1-pro-16gb-local,3e9b8cf8a3577727e240594e32deb09fa669259fc2125b0b514df90a0c153a41,pffft-scheduled-batch-float,float,spec012-confirm-01,0,interactive-v1,True,65536,48000,64,/Users/christiankauten/Documents/Projects/Rack/plugins/Fourier/.build/spec012/confirm-01-transitions/workload-0015-repeat-00.csv,6d8cc05b0584b41eeb4495139c0678458702b528359a76f11a32c08e217f6714,0619665d396c5bb9e65bd2aac16fe7b80c160faeb12c5a3b1675458ddfd4829a,9,hop-decrease-boundary,21504,21504,21504,published,-1,"{""alpha"": 0, ""hop"": 1024, ""n"": 2048, ""octave"": 0, ""rate"": 48000, ""window"": 8}",0,0.0,0,0.0
3aeff8d50243a034,m1-pro-16gb-local,3e9b8cf8a3577727e240594e32deb09fa669259fc2125b0b514df90a0c153a41,pffft-scheduled-batch-float,float,spec012-confirm-01,0,interactive-v1,True,65536,48000,64,/Users/christiankauten/Documents/Projects/Rack/plugins/Fourier/.build/spec012/confirm-01-transitions/workload-0015-repeat-00.csv,6d8cc05b0584b41eeb4495139c0678458702b528359a76f11a32c08e217f6714,0619665d396c5bb9e65bd2aac16fe7b80c160faeb12c5a3b1675458ddfd4829a,10,smoothing-disable,23553,24576,24576,published,-1,"{""alpha"": 0, ""hop"": 1024, ""n"": 2048, ""octave"": 0, ""rate"": 48000, ""window"": 8}",1023,21.3125,1023,21.3125
3aeff8d50243a034,m1-pro-16gb-local,3e9b8cf8a3577727e240594e32deb09fa669259fc2125b0b514df90a0c153a41,pffft-scheduled-batch-float,float,spec012-confirm-01,0,interactive-v1,True,65536,48000,64,/Users/christiankauten/Documents/Projects/Rack/plugins/Fourier/.build/spec012/confirm-01-transitions/workload-0015-repeat-00.csv,6d8cc05b0584b41eeb4495139c0678458702b528359a76f11a32c08e217f6714,0619665d396c5bb9e65bd2aac16fe7b80c160faeb12c5a3b1675458ddfd4829a,11,horizon-no-response,65535,-1,-1,pending-no-response,-1,"{""alpha"": 0, ""hop"": 1024, ""n"": 2048, ""octave"": 0, ""rate"": 48000, ""window"": 8}",,,,
3aeff8d50243a034,m1-pro-16gb-local,3e9b8cf8a3577727e240594e32deb09fa669259fc2125b0b514df90a0c153a41,pffft-scheduled-batch-float,float,spec012-confirm-01,1,interactive-v1,True,65536,48000,64,/Users/christiankauten/Documents/Projects/Rack/plugins/Fourier/.build/spec012/confirm-01-transitions/workload-0015-repeat-01.csv,14d63cfe00df853926107923581deaae6bcceb75e23dd1907304e5d54ea44f50,0619665d396c5bb9e65bd2aac16fe7b80c160faeb12c5a3b1675458ddfd4829a,1,length-increase-boundary,2048,2048,2048,published,-1,"{""alpha"": 0, ""hop"": 1024, ""n"": 2048, ""octave"": 0, ""rate"": 48000, ""window"": 8}",0,0.0,0,0.0
3aeff8d50243a034,m1-pro-16gb-local,3e9b8cf8a3577727e240594e32deb09fa669259fc2125b0b514df90a0c153a41,pffft-scheduled-batch-float,float,spec012-confirm-01,1,interactive-v1,True,65536,48000,64,/Users/christiankauten/Documents/Projects/Rack/plugins/Fourier/.build/spec012/confirm-01-transitions/workload-0015-repeat-01.csv,14d63cfe00df853926107923581deaae6bcceb75e23dd1907304e5d54ea44f50,0619665d396c5bb9e65bd2aac16fe7b80c160faeb12c5a3b1675458ddfd4829a,2,length-decrease-early,4097,5120,5120,published,-1,"{""alpha"": 0, ""hop"": 1024, ""n"": 2048, ""octave"": 0, ""rate"": 48000, ""window"": 8}",1023,21.3125,1023,21.3125
3aeff8d50243a034,m1-pro-16gb-local,3e9b8cf8a3577727e240594e32deb09fa669259fc2125b0b514df90a0c153a41,pffft-scheduled-batch-float,float,spec012-confirm-01,1,interactive-v1,True,65536,48000,64,/Users/christiankauten/Documents/Projects/Rack/plugins/Fourier/.build/spec012/confirm-01-transitions/workload-0015-repeat-01.csv,14d63cfe00df853926107923581deaae6bcceb75e23dd1907304e5d54ea44f50,0619665d396c5bb9e65bd2aac16fe7b80c160faeb12c5a3b1675458ddfd4829a,3,hop-increase-middle,6656,7168,7168,published,-1,"{""alpha"": 0, ""hop"": 1024, ""n"": 2048, ""octave"": 0, ""rate"": 48000, ""window"": 8}",512,10.666666666666666,512,10.666666666666666
3aeff8d50243a034,m1-pro-16gb-local,3e9b8cf8a3577727e240594e32deb09fa669259fc2125b0b514df90a0c153a41,pffft-scheduled-batch-float,float,spec012-confirm-01,1,interactive-v1,True,65536,48000,64,/Users/christiankauten/Documents/Projects/Rack/plugins/Fourier/.build/spec012/confirm-01-transitions/workload-0015-repeat-01.csv,14d63cfe00df853926107923581deaae6bcceb75e23dd1907304e5d54ea44f50,0619665d396c5bb9e65bd2aac16fe7b80c160faeb12c5a3b1675458ddfd4829a,4,window-late,11262,11264,11264,published,-1,"{""alpha"": 0, ""hop"": 1024, ""n"": 2048, ""octave"": 0, ""rate"": 48000, ""window"": 8}",2,0.041666666666666664,2,0.041666666666666664
3aeff8d50243a034,m1-pro-16gb-local,3e9b8cf8a3577727e240594e32deb09fa669259fc2125b0b514df90a0c153a41,pffft-scheduled-batch-float,float,spec012-confirm-01,1,interactive-v1,True,65536,48000,64,/Users/christiankauten/Documents/Projects/Rack/plugins/Fourier/.build/spec012/confirm-01-transitions/workload-0015-repeat-01.csv,14d63cfe00df853926107923581deaae6bcceb75e23dd1907304e5d54ea44f50,0619665d396c5bb9e65bd2aac16fe7b80c160faeb12c5a3b1675458ddfd4829a,5,smoothing-before-publication,13311,13312,13312,published,-1,"{""alpha"": 0, ""hop"": 1024, ""n"": 2048, ""octave"": 0, ""rate"": 48000, ""window"": 8}",1,0.020833333333333332,1,0.020833333333333332
3aeff8d50243a034,m1-pro-16gb-local,3e9b8cf8a3577727e240594e32deb09fa669259fc2125b0b514df90a0c153a41,pffft-scheduled-batch-float,float,spec012-confirm-01,1,interactive-v1,True,65536,48000,64,/Users/christiankauten/Documents/Projects/Rack/plugins/Fourier/.build/spec012/confirm-01-transitions/workload-0015-repeat-01.csv,14d63cfe00df853926107923581deaae6bcceb75e23dd1907304e5d54ea44f50,0619665d396c5bb9e65bd2aac16fe7b80c160faeb12c5a3b1675458ddfd4829a,6,no-op-boundary,15360,15360,15360,published,-1,"{""alpha"": 0, ""hop"": 1024, ""n"": 2048, ""octave"": 0, ""rate"": 48000, ""window"": 8}",0,0.0,0,0.0
3aeff8d50243a034,m1-pro-16gb-local,3e9b8cf8a3577727e240594e32deb09fa669259fc2125b0b514df90a0c153a41,pffft-scheduled-batch-float,float,spec012-confirm-01,1,interactive-v1,True,65536,48000,64,/Users/christiankauten/Documents/Projects/Rack/plugins/Fourier/.build/spec012/confirm-01-transitions/workload-0015-repeat-01.csv,14d63cfe00df853926107923581deaae6bcceb75e23dd1907304e5d54ea44f50,0619665d396c5bb9e65bd2aac16fe7b80c160faeb12c5a3b1675458ddfd4829a,7,replace-pending-first,17409,-1,-1,replaced,8,"{""alpha"": 0, ""hop"": 1024, ""n"": 2048, ""octave"": 0, ""rate"": 48000, ""window"": 8}",,,,
3aeff8d50243a034,m1-pro-16gb-local,3e9b8cf8a3577727e240594e32deb09fa669259fc2125b0b514df90a0c153a41,pffft-scheduled-batch-float,float,spec012-confirm-01,1,interactive-v1,True,65536,48000,64,/Users/christiankauten/Documents/Projects/Rack/plugins/Fourier/.build/spec012/confirm-01-transitions/workload-0015-repeat-01.csv,14d63cfe00df853926107923581deaae6bcceb75e23dd1907304e5d54ea44f50,0619665d396c5bb9e65bd2aac16fe7b80c160faeb12c5a3b1675458ddfd4829a,8,replace-pending-last,17410,18432,18432,published,-1,"{""alpha"": 0, ""hop"": 1024, ""n"": 2048, ""octave"": 0, ""rate"": 48000, ""window"": 8}",1022,21.291666666666668,1022,21.291666666666668
3aeff8d50243a034,m1-pro-16gb-local,3e9b8cf8a3577727e240594e32deb09fa669259fc2125b0b514df90a0c153a41,pffft-scheduled-batch-float,float,spec012-confirm-01,1,interactive-v1,True,65536,48000,64,/Users/christiankauten/Documents/Projects/Rack/plugins/Fourier/.build/spec012/confirm-01-transitions/workload-0015-repeat-01.csv,14d63cfe00df853926107923581deaae6bcceb75e23dd1907304e5d54ea44f50,0619665d396c5bb9e65bd2aac16fe7b80c160faeb12c5a3b1675458ddfd4829a,9,hop-decrease-boundary,21504,21504,21504,published,-1,"{""alpha"": 0, ""hop"": 1024, ""n"": 2048, ""octave"": 0, ""rate"": 48000, ""window"": 8}",0,0.0,0,0.0
3aeff8d50243a034,m1-pro-16gb-local,3e9b8cf8a3577727e240594e32deb09fa669259fc2125b0b514df90a0c153a41,pffft-scheduled-batch-float,float,spec012-confirm-01,1,interactive-v1,True,65536,48000,64,/Users/christiankauten/Documents/Projects/Rack/plugins/Fourier/.build/spec012/confirm-01-transitions/workload-0015-repeat-01.csv,14d63cfe00df853926107923581deaae6bcceb75e23dd1907304e5d54ea44f50,0619665d396c5bb9e65bd2aac16fe7b80c160faeb12c5a3b1675458ddfd4829a,10,smoothing-disable,23553,24576,24576,published,-1,"{""alpha"": 0, ""hop"": 1024, ""n"": 2048, ""octave"": 0, ""rate"": 48000, ""window"": 8}",1023,21.3125,1023,21.3125
3aeff8d50243a034,m1-pro-16gb-local,3e9b8cf8a3577727e240594e32deb09fa669259fc2125b0b514df90a0c153a41,pffft-scheduled-batch-float,float,spec012-confirm-01,1,interactive-v1,True,65536,48000,64,/Users/christiankauten/Documents/Projects/Rack/plugins/Fourier/.build/spec012/confirm-01-transitions/workload-0015-repeat-01.csv,14d63cfe00df853926107923581deaae6bcceb75e23dd1907304e5d54ea44f50,0619665d396c5bb9e65bd2aac16fe7b80c160faeb12c5a3b1675458ddfd4829a,11,horizon-no-response,65535,-1,-1,pending-no-response,-1,"{""alpha"": 0, ""hop"": 1024, ""n"": 2048, ""octave"": 0, ""rate"": 48000, ""window"": 8}",,,,
3aeff8d50243a034,m1-pro-16gb-local,3e9b8cf8a3577727e240594e32deb09fa669259fc2125b0b514df90a0c153a41,pffft-scheduled-batch-float,float,spec012-confirm-01,2,interactive-v1,True,65536,48000,64,/Users/christiankauten/Documents/Projects/Rack/plugins/Fourier/.build/spec012/confirm-01-transitions/workload-0015-repeat-02.csv,b8d8b4da1c758f5425cddc245971207e1d70c54d70e5f875d0d1e3f161cbe57e,0619665d396c5bb9e65bd2aac16fe7b80c160faeb12c5a3b1675458ddfd4829a,1,length-increase-boundary,2048,2048,2048,published,-1,"{""alpha"": 0, ""hop"": 1024, ""n"": 2048, ""octave"": 0, ""rate"": 48000, ""window"": 8}",0,0.0,0,0.0
3aeff8d50243a034,m1-pro-16gb-local,3e9b8cf8a3577727e240594e32deb09fa669259fc2125b0b514df90a0c153a41,pffft-scheduled-batch-float,float,spec012-confirm-01,2,interactive-v1,True,65536,48000,64,/Users/christiankauten/Documents/Projects/Rack/plugins/Fourier/.build/spec012/confirm-01-transitions/workload-0015-repeat-02.csv,b8d8b4da1c758f5425cddc245971207e1d70c54d70e5f875d0d1e3f161cbe57e,0619665d396c5bb9e65bd2aac16fe7b80c160faeb12c5a3b1675458ddfd4829a,2,length-decrease-early,4097,5120,5120,published,-1,"{""alpha"": 0, ""hop"": 1024, ""n"": 2048, ""octave"": 0, ""rate"": 48000, ""window"": 8}",1023,21.3125,1023,21.3125
3aeff8d50243a034,m1-pro-16gb-local,3e9b8cf8a3577727e240594e32deb09fa669259fc2125b0b514df90a0c153a41,pffft-scheduled-batch-float,float,spec012-confirm-01,2,interactive-v1,True,65536,48000,64,/Users/christiankauten/Documents/Projects/Rack/plugins/Fourier/.build/spec012/confirm-01-transitions/workload-0015-repeat-02.csv,b8d8b4da1c758f5425cddc245971207e1d70c54d70e5f875d0d1e3f161cbe57e,0619665d396c5bb9e65bd2aac16fe7b80c160faeb12c5a3b1675458ddfd4829a,3,hop-increase-middle,6656,7168,7168,published,-1,"{""alpha"": 0, ""hop"": 1024, ""n"": 2048, ""octave"": 0, ""rate"": 48000, ""window"": 8}",512,10.666666666666666,512,10.666666666666666
3aeff8d50243a034,m1-pro-16gb-local,3e9b8cf8a3577727e240594e32deb09fa669259fc2125b0b514df90a0c153a41,pffft-scheduled-batch-float,float,spec012-confirm-01,2,interactive-v1,True,65536,48000,64,/Users/christiankauten/Documents/Projects/Rack/plugins/Fourier/.build/spec012/confirm-01-transitions/workload-0015-repeat-02.csv,b8d8b4da1c758f5425cddc245971207e1d70c54d70e5f875d0d1e3f161cbe57e,0619665d396c5bb9e65bd2aac16fe7b80c160faeb12c5a3b1675458ddfd4829a,4,window-late,11262,11264,11264,published,-1,"{""alpha"": 0, ""hop"": 1024, ""n"": 2048, ""octave"": 0, ""rate"": 48000, ""window"": 8}",2,0.041666666666666664,2,0.041666666666666664
3aeff8d50243a034,m1-pro-16gb-local,3e9b8cf8a3577727e240594e32deb09fa669259fc2125b0b514df90a0c153a41,pffft-scheduled-batch-float,float,spec012-confirm-01,2,interactive-v1,True,65536,48000,64,/Users/christiankauten/Documents/Projects/Rack/plugins/Fourier/.build/spec012/confirm-01-transitions/workload-0015-repeat-02.csv,b8d8b4da1c758f5425cddc245971207e1d70c54d70e5f875d0d1e3f161cbe57e,0619665d396c5bb9e65bd2aac16fe7b80c160faeb12c5a3b1675458ddfd4829a,5,smoothing-before-publication,13311,13312,13312,published,-1,"{""alpha"": 0, ""hop"": 1024, ""n"": 2048, ""octave"": 0, ""rate"": 48000, ""window"": 8}",1,0.020833333333333332,1,0.020833333333333332
3aeff8d50243a034,m1-pro-16gb-local,3e9b8cf8a3577727e240594e32deb09fa669259fc2125b0b514df90a0c153a41,pffft-scheduled-batch-float,float,spec012-confirm-01,2,interactive-v1,True,65536,48000,64,/Users/christiankauten/Documents/Projects/Rack/plugins/Fourier/.build/spec012/confirm-01-transitions/workload-0015-repeat-02.csv,b8d8b4da1c758f5425cddc245971207e1d70c54d70e5f875d0d1e3f161cbe57e,0619665d396c5bb9e65bd2aac16fe7b80c160faeb12c5a3b1675458ddfd4829a,6,no-op-boundary,15360,15360,15360,published,-1,"{""alpha"": 0, ""hop"": 1024, ""n"": 2048, ""octave"": 0, ""rate"": 48000, ""window"": 8}",0,0.0,0,0.0
3aeff8d50243a034,m1-pro-16gb-local,3e9b8cf8a3577727e240594e32deb09fa669259fc2125b0b514df90a0c153a41,pffft-scheduled-batch-float,float,spec012-confirm-01,2,interactive-v1,True,65536,48000,64,/Users/christiankauten/Documents/Projects/Rack/plugins/Fourier/.build/spec012/confirm-01-transitions/workload-0015-repeat-02.csv,b8d8b4da1c758f5425cddc245971207e1d70c54d70e5f875d0d1e3f161cbe57e,0619665d396c5bb9e65bd2aac16fe7b80c160faeb12c5a3b1675458ddfd4829a,7,replace-pending-first,17409,-1,-1,replaced,8,"{""alpha"": 0, ""hop"": 1024, ""n"": 2048, ""octave"": 0, ""rate"": 48000, ""window"": 8}",,,,
3aeff8d50243a034,m1-pro-16gb-local,3e9b8cf8a3577727e240594e32deb09fa669259fc2125b0b514df90a0c153a41,pffft-scheduled-batch-float,float,spec012-confirm-01,2,interactive-v1,True,65536,48000,64,/Users/christiankauten/Documents/Projects/Rack/plugins/Fourier/.build/spec012/confirm-01-transitions/workload-0015-repeat-02.csv,b8d8b4da1c758f5425cddc245971207e1d70c54d70e5f875d0d1e3f161cbe57e,0619665d396c5bb9e65bd2aac16fe7b80c160faeb12c5a3b1675458ddfd4829a,8,replace-pending-last,17410,18432,18432,published,-1,"{""alpha"": 0, ""hop"": 1024, ""n"": 2048, ""octave"": 0, ""rate"": 48000, ""window"": 8}",1022,21.291666666666668,1022,21.291666666666668
3aeff8d50243a034,m1-pro-16gb-local,3e9b8cf8a3577727e240594e32deb09fa669259fc2125b0b514df90a0c153a41,pffft-scheduled-batch-float,float,spec012-confirm-01,2,interactive-v1,True,65536,48000,64,/Users/christiankauten/Documents/Projects/Rack/plugins/Fourier/.build/spec012/confirm-01-transitions/workload-0015-repeat-02.csv,b8d8b4da1c758f5425cddc245971207e1d70c54d70e5f875d0d1e3f161cbe57e,0619665d396c5bb9e65bd2aac16fe7b80c160faeb12c5a3b1675458ddfd4829a,9,hop-decrease-boundary,21504,21504,21504,published,-1,"{""alpha"": 0, ""hop"": 1024, ""n"": 2048, ""octave"": 0, ""rate"": 48000, ""window"": 8}",0,0.0,0,0.0
3aeff8d50243a034,m1-pro-16gb-local,3e9b8cf8a3577727e240594e32deb09fa669259fc2125b0b514df90a0c153a41,pffft-scheduled-batch-float,float,spec012-confirm-01,2,interactive-v1,True,65536,48000,64,/Users/christiankauten/Documents/Projects/Rack/plugins/Fourier/.build/spec012/confirm-01-transitions/workload-0015-repeat-02.csv,b8d8b4da1c758f5425cddc245971207e1d70c54d70e5f875d0d1e3f161cbe57e,0619665d396c5bb9e65bd2aac16fe7b80c160faeb12c5a3b1675458ddfd4829a,10,smoothing-disable,23553,24576,24576,published,-1,"{""alpha"": 0, ""hop"": 1024, ""n"": 2048, ""octave"": 0, ""rate"": 48000, ""window"": 8}",1023,21.3125,1023,21.3125
3aeff8d50243a034,m1-pro-16gb-local,3e9b8cf8a3577727e240594e32deb09fa669259fc2125b0b514df90a0c153a41,pffft-scheduled-batch-float,float,spec012-confirm-01,2,interactive-v1,True,65536,48000,64,/Users/christiankauten/Documents/Projects/Rack/plugins/Fourier/.build/spec012/confirm-01-transitions/workload-0015-repeat-02.csv,b8d8b4da1c758f5425cddc245971207e1d70c54d70e5f875d0d1e3f161cbe57e,0619665d396c5bb9e65bd2aac16fe7b80c160faeb12c5a3b1675458ddfd4829a,11,horizon-no-response,65535,-1,-1,pending-no-response,-1,"{""alpha"": 0, ""hop"": 1024, ""n"": 2048, ""octave"": 0, ""rate"": 48000, ""window"": 8}",,,,
3aeff8d50243a034,m1-pro-16gb-local,3e9b8cf8a3577727e240594e32deb09fa669259fc2125b0b514df90a0c153a41,pffft-scheduled-batch-float,float,spec012-confirm-02,0,interactive-v1,True,65536,48000,64,/Users/christiankauten/Documents/Projects/Rack/plugins/Fourier/.build/spec012/confirm-02-transitions/workload-0015-repeat-00.csv,5d3f35dbbb48edd72a23162567c98cf377b9c716a05f81ff4aee96981ad942f1,0619665d396c5bb9e65bd2aac16fe7b80c160faeb12c5a3b1675458ddfd4829a,1,length-increase-boundary,2048,2048,2048,published,-1,"{""alpha"": 0, ""hop"": 1024, ""n"": 2048, ""octave"": 0, ""rate"": 48000, ""window"": 8}",0,0.0,0,0.0
3aeff8d50243a034,m1-pro-16gb-local,3e9b8cf8a3577727e240594e32deb09fa669259fc2125b0b514df90a0c153a41,pffft-scheduled-batch-float,float,spec012-confirm-02,0,interactive-v1,True,65536,48000,64,/Users/christiankauten/Documents/Projects/Rack/plugins/Fourier/.build/spec012/confirm-02-transitions/workload-0015-repeat-00.csv,5d3f35dbbb48edd72a23162567c98cf377b9c716a05f81ff4aee96981ad942f1,0619665d396c5bb9e65bd2aac16fe7b80c160faeb12c5a3b1675458ddfd4829a,2,length-decrease-early,4097,5120,5120,published,-1,"{""alpha"": 0, ""hop"": 1024, ""n"": 2048, ""octave"": 0, ""rate"": 48000, ""window"": 8}",1023,21.3125,1023,21.3125
3aeff8d50243a034,m1-pro-16gb-local,3e9b8cf8a3577727e240594e32deb09fa669259fc2125b0b514df90a0c153a41,pffft-scheduled-batch-float,float,spec012-confirm-02,0,interactive-v1,True,65536,48000,64,/Users/christiankauten/Documents/Projects/Rack/plugins/Fourier/.build/spec012/confirm-02-transitions/workload-0015-repeat-00.csv,5d3f35dbbb48edd72a23162567c98cf377b9c716a05f81ff4aee96981ad942f1,0619665d396c5bb9e65bd2aac16fe7b80c160faeb12c5a3b1675458ddfd4829a,3,hop-increase-middle,6656,7168,7168,published,-1,"{""alpha"": 0, ""hop"": 1024, ""n"": 2048, ""octave"": 0, ""rate"": 48000, ""window"": 8}",512,10.666666666666666,512,10.666666666666666
3aeff8d50243a034,m1-pro-16gb-local,3e9b8cf8a3577727e240594e32deb09fa669259fc2125b0b514df90a0c153a41,pffft-scheduled-batch-float,float,spec012-confirm-02,0,interactive-v1,True,65536,48000,64,/Users/christiankauten/Documents/Projects/Rack/plugins/Fourier/.build/spec012/confirm-02-transitions/workload-0015-repeat-00.csv,5d3f35dbbb48edd72a23162567c98cf377b9c716a05f81ff4aee96981ad942f1,0619665d396c5bb9e65bd2aac16fe7b80c160faeb12c5a3b1675458ddfd4829a,4,window-late,11262,11264,11264,published,-1,"{""alpha"": 0, ""hop"": 1024, ""n"": 2048, ""octave"": 0, ""rate"": 48000, ""window"": 8}",2,0.041666666666666664,2,0.041666666666666664
3aeff8d50243a034,m1-pro-16gb-local,3e9b8cf8a3577727e240594e32deb09fa669259fc2125b0b514df90a0c153a41,pffft-scheduled-batch-float,float,spec012-confirm-02,0,interactive-v1,True,65536,48000,64,/Users/christiankauten/Documents/Projects/Rack/plugins/Fourier/.build/spec012/confirm-02-transitions/workload-0015-repeat-00.csv,5d3f35dbbb48edd72a23162567c98cf377b9c716a05f81ff4aee96981ad942f1,0619665d396c5bb9e65bd2aac16fe7b80c160faeb12c5a3b1675458ddfd4829a,5,smoothing-before-publication,13311,13312,13312,published,-1,"{""alpha"": 0, ""hop"": 1024, ""n"": 2048, ""octave"": 0, ""rate"": 48000, ""window"": 8}",1,0.020833333333333332,1,0.020833333333333332
3aeff8d50243a034,m1-pro-16gb-local,3e9b8cf8a3577727e240594e32deb09fa669259fc2125b0b514df90a0c153a41,pffft-scheduled-batch-float,float,spec012-confirm-02,0,interactive-v1,True,65536,48000,64,/Users/christiankauten/Documents/Projects/Rack/plugins/Fourier/.build/spec012/confirm-02-transitions/workload-0015-repeat-00.csv,5d3f35dbbb48edd72a23162567c98cf377b9c716a05f81ff4aee96981ad942f1,0619665d396c5bb9e65bd2aac16fe7b80c160faeb12c5a3b1675458ddfd4829a,6,no-op-boundary,15360,15360,15360,published,-1,"{""alpha"": 0, ""hop"": 1024, ""n"": 2048, ""octave"": 0, ""rate"": 48000, ""window"": 8}",0,0.0,0,0.0
3aeff8d50243a034,m1-pro-16gb-local,3e9b8cf8a3577727e240594e32deb09fa669259fc2125b0b514df90a0c153a41,pffft-scheduled-batch-float,float,spec012-confirm-02,0,interactive-v1,True,65536,48000,64,/Users/christiankauten/Documents/Projects/Rack/plugins/Fourier/.build/spec012/confirm-02-transitions/workload-0015-repeat-00.csv,5d3f35dbbb48edd72a23162567c98cf377b9c716a05f81ff4aee96981ad942f1,0619665d396c5bb9e65bd2aac16fe7b80c160faeb12c5a3b1675458ddfd4829a,7,replace-pending-first,17409,-1,-1,replaced,8,"{""alpha"": 0, ""hop"": 1024, ""n"": 2048, ""octave"": 0, ""rate"": 48000, ""window"": 8}",,,,
3aeff8d50243a034,m1-pro-16gb-local,3e9b8cf8a3577727e240594e32deb09fa669259fc2125b0b514df90a0c153a41,pffft-scheduled-batch-float,float,spec012-confirm-02,0,interactive-v1,True,65536,48000,64,/Users/christiankauten/Documents/Projects/Rack/plugins/Fourier/.build/spec012/confirm-02-transitions/workload-0015-repeat-00.csv,5d3f35dbbb48edd72a23162567c98cf377b9c716a05f81ff4aee96981ad942f1,0619665d396c5bb9e65bd2aac16fe7b80c160faeb12c5a3b1675458ddfd4829a,8,replace-pending-last,17410,18432,18432,published,-1,"{""alpha"": 0, ""hop"": 1024, ""n"": 2048, ""octave"": 0, ""rate"": 48000, ""window"": 8}",1022,21.291666666666668,1022,21.291666666666668
3aeff8d50243a034,m1-pro-16gb-local,3e9b8cf8a3577727e240594e32deb09fa669259fc2125b0b514df90a0c153a41,pffft-scheduled-batch-float,float,spec012-confirm-02,0,interactive-v1,True,65536,48000,64,/Users/christiankauten/Documents/Projects/Rack/plugins/Fourier/.build/spec012/confirm-02-transitions/workload-0015-repeat-00.csv,5d3f35dbbb48edd72a23162567c98cf377b9c716a05f81ff4aee96981ad942f1,0619665d396c5bb9e65bd2aac16fe7b80c160faeb12c5a3b1675458ddfd4829a,9,hop-decrease-boundary,21504,21504,21504,published,-1,"{""alpha"": 0, ""hop"": 1024, ""n"": 2048, ""octave"": 0, ""rate"": 48000, ""window"": 8}",0,0.0,0,0.0
3aeff8d50243a034,m1-pro-16gb-local,3e9b8cf8a3577727e240594e32deb09fa669259fc2125b0b514df90a0c153a41,pffft-scheduled-batch-float,float,spec012-confirm-02,0,interactive-v1,True,65536,48000,64,/Users/christiankauten/Documents/Projects/Rack/plugins/Fourier/.build/spec012/confirm-02-transitions/workload-0015-repeat-00.csv,5d3f35dbbb48edd72a23162567c98cf377b9c716a05f81ff4aee96981ad942f1,0619665d396c5bb9e65bd2aac16fe7b80c160faeb12c5a3b1675458ddfd4829a,10,smoothing-disable,23553,24576,24576,published,-1,"{""alpha"": 0, ""hop"": 1024, ""n"": 2048, ""octave"": 0, ""rate"": 48000, ""window"": 8}",1023,21.3125,1023,21.3125
3aeff8d50243a034,m1-pro-16gb-local,3e9b8cf8a3577727e240594e32deb09fa669259fc2125b0b514df90a0c153a41,pffft-scheduled-batch-float,float,spec012-confirm-02,0,interactive-v1,True,65536,48000,64,/Users/christiankauten/Documents/Projects/Rack/plugins/Fourier/.build/spec012/confirm-02-transitions/workload-0015-repeat-00.csv,5d3f35dbbb48edd72a23162567c98cf377b9c716a05f81ff4aee96981ad942f1,0619665d396c5bb9e65bd2aac16fe7b80c160faeb12c5a3b1675458ddfd4829a,11,horizon-no-response,65535,-1,-1,pending-no-response,-1,"{""alpha"": 0, ""hop"": 1024, ""n"": 2048, ""octave"": 0, ""rate"": 48000, ""window"": 8}",,,,
3aeff8d50243a034,m1-pro-16gb-local,3e9b8cf8a3577727e240594e32deb09fa669259fc2125b0b514df90a0c153a41,pffft-scheduled-batch-float,float,spec012-confirm-02,1,interactive-v1,True,65536,48000,64,/Users/christiankauten/Documents/Projects/Rack/plugins/Fourier/.build/spec012/confirm-02-transitions/workload-0015-repeat-01.csv,9f886fb71d8fc9275c96c843c5966ee9c68cbb5c2bea95cb5f8f7bde6285c8fb,0619665d396c5bb9e65bd2aac16fe7b80c160faeb12c5a3b1675458ddfd4829a,1,length-increase-boundary,2048,2048,2048,published,-1,"{""alpha"": 0, ""hop"": 1024, ""n"": 2048, ""octave"": 0, ""rate"": 48000, ""window"": 8}",0,0.0,0,0.0
3aeff8d50243a034,m1-pro-16gb-local,3e9b8cf8a3577727e240594e32deb09fa669259fc2125b0b514df90a0c153a41,pffft-scheduled-batch-float,float,spec012-confirm-02,1,interactive-v1,True,65536,48000,64,/Users/christiankauten/Documents/Projects/Rack/plugins/Fourier/.build/spec012/confirm-02-transitions/workload-0015-repeat-01.csv,9f886fb71d8fc9275c96c843c5966ee9c68cbb5c2bea95cb5f8f7bde6285c8fb,0619665d396c5bb9e65bd2aac16fe7b80c160faeb12c5a3b1675458ddfd4829a,2,length-decrease-early,4097,5120,5120,published,-1,"{""alpha"": 0, ""hop"": 1024, ""n"": 2048, ""octave"": 0, ""rate"": 48000, ""window"": 8}",1023,21.3125,1023,21.3125
3aeff8d50243a034,m1-pro-16gb-local,3e9b8cf8a3577727e240594e32deb09fa669259fc2125b0b514df90a0c153a41,pffft-scheduled-batch-float,float,spec012-confirm-02,1,interactive-v1,True,65536,48000,64,/Users/christiankauten/Documents/Projects/Rack/plugins/Fourier/.build/spec012/confirm-02-transitions/workload-0015-repeat-01.csv,9f886fb71d8fc9275c96c843c5966ee9c68cbb5c2bea95cb5f8f7bde6285c8fb,0619665d396c5bb9e65bd2aac16fe7b80c160faeb12c5a3b1675458ddfd4829a,3,hop-increase-middle,6656,7168,7168,published,-1,"{""alpha"": 0, ""hop"": 1024, ""n"": 2048, ""octave"": 0, ""rate"": 48000, ""window"": 8}",512,10.666666666666666,512,10.666666666666666
3aeff8d50243a034,m1-pro-16gb-local,3e9b8cf8a3577727e240594e32deb09fa669259fc2125b0b514df90a0c153a41,pffft-scheduled-batch-float,float,spec012-confirm-02,1,interactive-v1,True,65536,48000,64,/Users/christiankauten/Documents/Projects/Rack/plugins/Fourier/.build/spec012/confirm-02-transitions/workload-0015-repeat-01.csv,9f886fb71d8fc9275c96c843c5966ee9c68cbb5c2bea95cb5f8f7bde6285c8fb,0619665d396c5bb9e65bd2aac16fe7b80c160faeb12c5a3b1675458ddfd4829a,4,window-late,11262,11264,11264,published,-1,"{""alpha"": 0, ""hop"": 1024, ""n"": 2048, ""octave"": 0, ""rate"": 48000, ""window"": 8}",2,0.041666666666666664,2,0.041666666666666664
3aeff8d50243a034,m1-pro-16gb-local,3e9b8cf8a3577727e240594e32deb09fa669259fc2125b0b514df90a0c153a41,pffft-scheduled-batch-float,float,spec012-confirm-02,1,interactive-v1,True,65536,48000,64,/Users/christiankauten/Documents/Projects/Rack/plugins/Fourier/.build/spec012/confirm-02-transitions/workload-0015-repeat-01.csv,9f886fb71d8fc9275c96c843c5966ee9c68cbb5c2bea95cb5f8f7bde6285c8fb,0619665d396c5bb9e65bd2aac16fe7b80c160faeb12c5a3b1675458ddfd4829a,5,smoothing-before-publication,13311,13312,13312,published,-1,"{""alpha"": 0, ""hop"": 1024, ""n"": 2048, ""octave"": 0, ""rate"": 48000, ""window"": 8}",1,0.020833333333333332,1,0.020833333333333332
3aeff8d50243a034,m1-pro-16gb-local,3e9b8cf8a3577727e240594e32deb09fa669259fc2125b0b514df90a0c153a41,pffft-scheduled-batch-float,float,spec012-confirm-02,1,interactive-v1,True,65536,48000,64,/Users/christiankauten/Documents/Projects/Rack/plugins/Fourier/.build/spec012/confirm-02-transitions/workload-0015-repeat-01.csv,9f886fb71d8fc9275c96c843c5966ee9c68cbb5c2bea95cb5f8f7bde6285c8fb,0619665d396c5bb9e65bd2aac16fe7b80c160faeb12c5a3b1675458ddfd4829a,6,no-op-boundary,15360,15360,15360,published,-1,"{""alpha"": 0, ""hop"": 1024, ""n"": 2048, ""octave"": 0, ""rate"": 48000, ""window"": 8}",0,0.0,0,0.0
3aeff8d50243a034,m1-pro-16gb-local,3e9b8cf8a3577727e240594e32deb09fa669259fc2125b0b514df90a0c153a41,pffft-scheduled-batch-float,float,spec012-confirm-02,1,interactive-v1,True,65536,48000,64,/Users/christiankauten/Documents/Projects/Rack/plugins/Fourier/.build/spec012/confirm-02-transitions/workload-0015-repeat-01.csv,9f886fb71d8fc9275c96c843c5966ee9c68cbb5c2bea95cb5f8f7bde6285c8fb,0619665d396c5bb9e65bd2aac16fe7b80c160faeb12c5a3b1675458ddfd4829a,7,replace-pending-first,17409,-1,-1,replaced,8,"{""alpha"": 0, ""hop"": 1024, ""n"": 2048, ""octave"": 0, ""rate"": 48000, ""window"": 8}",,,,
3aeff8d50243a034,m1-pro-16gb-local,3e9b8cf8a3577727e240594e32deb09fa669259fc2125b0b514df90a0c153a41,pffft-scheduled-batch-float,float,spec012-confirm-02,1,interactive-v1,True,65536,48000,64,/Users/christiankauten/Documents/Projects/Rack/plugins/Fourier/.build/spec012/confirm-02-transitions/workload-0015-repeat-01.csv,9f886fb71d8fc9275c96c843c5966ee9c68cbb5c2bea95cb5f8f7bde6285c8fb,0619665d396c5bb9e65bd2aac16fe7b80c160faeb12c5a3b1675458ddfd4829a,8,replace-pending-last,17410,18432,18432,published,-1,"{""alpha"": 0, ""hop"": 1024, ""n"": 2048, ""octave"": 0, ""rate"": 48000, ""window"": 8}",1022,21.291666666666668,1022,21.291666666666668
3aeff8d50243a034,m1-pro-16gb-local,3e9b8cf8a3577727e240594e32deb09fa669259fc2125b0b514df90a0c153a41,pffft-scheduled-batch-float,float,spec012-confirm-02,1,interactive-v1,True,65536,48000,64,/Users/christiankauten/Documents/Projects/Rack/plugins/Fourier/.build/spec012/confirm-02-transitions/workload-0015-repeat-01.csv,9f886fb71d8fc9275c96c843c5966ee9c68cbb5c2bea95cb5f8f7bde6285c8fb,0619665d396c5bb9e65bd2aac16fe7b80c160faeb12c5a3b1675458ddfd4829a,9,hop-decrease-boundary,21504,21504,21504,published,-1,"{""alpha"": 0, ""hop"": 1024, ""n"": 2048, ""octave"": 0, ""rate"": 48000, ""window"": 8}",0,0.0,0,0.0
3aeff8d50243a034,m1-pro-16gb-local,3e9b8cf8a3577727e240594e32deb09fa669259fc2125b0b514df90a0c153a41,pffft-scheduled-batch-float,float,spec012-confirm-02,1,interactive-v1,True,65536,48000,64,/Users/christiankauten/Documents/Projects/Rack/plugins/Fourier/.build/spec012/confirm-02-transitions/workload-0015-repeat-01.csv,9f886fb71d8fc9275c96c843c5966ee9c68cbb5c2bea95cb5f8f7bde6285c8fb,0619665d396c5bb9e65bd2aac16fe7b80c160faeb12c5a3b1675458ddfd4829a,10,smoothing-disable,23553,24576,24576,published,-1,"{""alpha"": 0, ""hop"": 1024, ""n"": 2048, ""octave"": 0, ""rate"": 48000, ""window"": 8}",1023,21.3125,1023,21.3125
3aeff8d50243a034,m1-pro-16gb-local,3e9b8cf8a3577727e240594e32deb09fa669259fc2125b0b514df90a0c153a41,pffft-scheduled-batch-float,float,spec012-confirm-02,1,interactive-v1,True,65536,48000,64,/Users/christiankauten/Documents/Projects/Rack/plugins/Fourier/.build/spec012/confirm-02-transitions/workload-0015-repeat-01.csv,9f886fb71d8fc9275c96c843c5966ee9c68cbb5c2bea95cb5f8f7bde6285c8fb,0619665d396c5bb9e65bd2aac16fe7b80c160faeb12c5a3b1675458ddfd4829a,11,horizon-no-response,65535,-1,-1,pending-no-response,-1,"{""alpha"": 0, ""hop"": 1024, ""n"": 2048, ""octave"": 0, ""rate"": 48000, ""window"": 8}",,,,
3aeff8d50243a034,m1-pro-16gb-local,3e9b8cf8a3577727e240594e32deb09fa669259fc2125b0b514df90a0c153a41,pffft-scheduled-batch-float,float,spec012-confirm-02,2,interactive-v1,True,65536,48000,64,/Users/christiankauten/Documents/Projects/Rack/plugins/Fourier/.build/spec012/confirm-02-transitions/workload-0015-repeat-02.csv,a4d72f604d8bbeae70aa3c330669d7ea915f4a3957a66ec1e45b9fda0b7cb16a,0619665d396c5bb9e65bd2aac16fe7b80c160faeb12c5a3b1675458ddfd4829a,1,length-increase-boundary,2048,2048,2048,published,-1,"{""alpha"": 0, ""hop"": 1024, ""n"": 2048, ""octave"": 0, ""rate"": 48000, ""window"": 8}",0,0.0,0,0.0
3aeff8d50243a034,m1-pro-16gb-local,3e9b8cf8a3577727e240594e32deb09fa669259fc2125b0b514df90a0c153a41,pffft-scheduled-batch-float,float,spec012-confirm-02,2,interactive-v1,True,65536,48000,64,/Users/christiankauten/Documents/Projects/Rack/plugins/Fourier/.build/spec012/confirm-02-transitions/workload-0015-repeat-02.csv,a4d72f604d8bbeae70aa3c330669d7ea915f4a3957a66ec1e45b9fda0b7cb16a,0619665d396c5bb9e65bd2aac16fe7b80c160faeb12c5a3b1675458ddfd4829a,2,length-decrease-early,4097,5120,5120,published,-1,"{""alpha"": 0, ""hop"": 1024, ""n"": 2048, ""octave"": 0, ""rate"": 48000, ""window"": 8}",1023,21.3125,1023,21.3125
3aeff8d50243a034,m1-pro-16gb-local,3e9b8cf8a3577727e240594e32deb09fa669259fc2125b0b514df90a0c153a41,pffft-scheduled-batch-float,float,spec012-confirm-02,2,interactive-v1,True,65536,48000,64,/Users/christiankauten/Documents/Projects/Rack/plugins/Fourier/.build/spec012/confirm-02-transitions/workload-0015-repeat-02.csv,a4d72f604d8bbeae70aa3c330669d7ea915f4a3957a66ec1e45b9fda0b7cb16a,0619665d396c5bb9e65bd2aac16fe7b80c160faeb12c5a3b1675458ddfd4829a,3,hop-increase-middle,6656,7168,7168,published,-1,"{""alpha"": 0, ""hop"": 1024, ""n"": 2048, ""octave"": 0, ""rate"": 48000, ""window"": 8}",512,10.666666666666666,512,10.666666666666666
3aeff8d50243a034,m1-pro-16gb-local,3e9b8cf8a3577727e240594e32deb09fa669259fc2125b0b514df90a0c153a41,pffft-scheduled-batch-float,float,spec012-confirm-02,2,interactive-v1,True,65536,48000,64,/Users/christiankauten/Documents/Projects/Rack/plugins/Fourier/.build/spec012/confirm-02-transitions/workload-0015-repeat-02.csv,a4d72f604d8bbeae70aa3c330669d7ea915f4a3957a66ec1e45b9fda0b7cb16a,0619665d396c5bb9e65bd2aac16fe7b80c160faeb12c5a3b1675458ddfd4829a,4,window-late,11262,11264,11264,published,-1,"{""alpha"": 0, ""hop"": 1024, ""n"": 2048, ""octave"": 0, ""rate"": 48000, ""window"": 8}",2,0.041666666666666664,2,0.041666666666666664
3aeff8d50243a034,m1-pro-16gb-local,3e9b8cf8a3577727e240594e32deb09fa669259fc2125b0b514df90a0c153a41,pffft-scheduled-batch-float,float,spec012-confirm-02,2,interactive-v1,True,65536,48000,64,/Users/christiankauten/Documents/Projects/Rack/plugins/Fourier/.build/spec012/confirm-02-transitions/workload-0015-repeat-02.csv,a4d72f604d8bbeae70aa3c330669d7ea915f4a3957a66ec1e45b9fda0b7cb16a,0619665d396c5bb9e65bd2aac16fe7b80c160faeb12c5a3b1675458ddfd4829a,5,smoothing-before-publication,13311,13312,13312,published,-1,"{""alpha"": 0, ""hop"": 1024, ""n"": 2048, ""octave"": 0, ""rate"": 48000, ""window"": 8}",1,0.020833333333333332,1,0.020833333333333332
3aeff8d50243a034,m1-pro-16gb-local,3e9b8cf8a3577727e240594e32deb09fa669259fc2125b0b514df90a0c153a41,pffft-scheduled-batch-float,float,spec012-confirm-02,2,interactive-v1,True,65536,48000,64,/Users/christiankauten/Documents/Projects/Rack/plugins/Fourier/.build/spec012/confirm-02-transitions/workload-0015-repeat-02.csv,a4d72f604d8bbeae70aa3c330669d7ea915f4a3957a66ec1e45b9fda0b7cb16a,0619665d396c5bb9e65bd2aac16fe7b80c160faeb12c5a3b1675458ddfd4829a,6,no-op-boundary,15360,15360,15360,published,-1,"{""alpha"": 0, ""hop"": 1024, ""n"": 2048, ""octave"": 0, ""rate"": 48000, ""window"": 8}",0,0.0,0,0.0
3aeff8d50243a034,m1-pro-16gb-local,3e9b8cf8a3577727e240594e32deb09fa669259fc2125b0b514df90a0c153a41,pffft-scheduled-batch-float,float,spec012-confirm-02,2,interactive-v1,True,65536,48000,64,/Users/christiankauten/Documents/Projects/Rack/plugins/Fourier/.build/spec012/confirm-02-transitions/workload-0015-repeat-02.csv,a4d72f604d8bbeae70aa3c330669d7ea915f4a3957a66ec1e45b9fda0b7cb16a,0619665d396c5bb9e65bd2aac16fe7b80c160faeb12c5a3b1675458ddfd4829a,7,replace-pending-first,17409,-1,-1,replaced,8,"{""alpha"": 0, ""hop"": 1024, ""n"": 2048, ""octave"": 0, ""rate"": 48000, ""window"": 8}",,,,
3aeff8d50243a034,m1-pro-16gb-local,3e9b8cf8a3577727e240594e32deb09fa669259fc2125b0b514df90a0c153a41,pffft-scheduled-batch-float,float,spec012-confirm-02,2,interactive-v1,True,65536,48000,64,/Users/christiankauten/Documents/Projects/Rack/plugins/Fourier/.build/spec012/confirm-02-transitions/workload-0015-repeat-02.csv,a4d72f604d8bbeae70aa3c330669d7ea915f4a3957a66ec1e45b9fda0b7cb16a,0619665d396c5bb9e65bd2aac16fe7b80c160faeb12c5a3b1675458ddfd4829a,8,replace-pending-last,17410,18432,18432,published,-1,"{""alpha"": 0, ""hop"": 1024, ""n"": 2048, ""octave"": 0, ""rate"": 48000, ""window"": 8}",1022,21.291666666666668,1022,21.291666666666668
3aeff8d50243a034,m1-pro-16gb-local,3e9b8cf8a3577727e240594e32deb09fa669259fc2125b0b514df90a0c153a41,pffft-scheduled-batch-float,float,spec012-confirm-02,2,interactive-v1,True,65536,48000,64,/Users/christiankauten/Documents/Projects/Rack/plugins/Fourier/.build/spec012/confirm-02-transitions/workload-0015-repeat-02.csv,a4d72f604d8bbeae70aa3c330669d7ea915f4a3957a66ec1e45b9fda0b7cb16a,0619665d396c5bb9e65bd2aac16fe7b80c160faeb12c5a3b1675458ddfd4829a,9,hop-decrease-boundary,21504,21504,21504,published,-1,"{""alpha"": 0, ""hop"": 1024, ""n"": 2048, ""octave"": 0, ""rate"": 48000, ""window"": 8}",0,0.0,0,0.0
3aeff8d50243a034,m1-pro-16gb-local,3e9b8cf8a3577727e240594e32deb09fa669259fc2125b0b514df90a0c153a41,pffft-scheduled-batch-float,float,spec012-confirm-02,2,interactive-v1,True,65536,48000,64,/Users/christiankauten/Documents/Projects/Rack/plugins/Fourier/.build/spec012/confirm-02-transitions/workload-0015-repeat-02.csv,a4d72f604d8bbeae70aa3c330669d7ea915f4a3957a66ec1e45b9fda0b7cb16a,0619665d396c5bb9e65bd2aac16fe7b80c160faeb12c5a3b1675458ddfd4829a,10,smoothing-disable,23553,24576,24576,published,-1,"{""alpha"": 0, ""hop"": 1024, ""n"": 2048, ""octave"": 0, ""rate"": 48000, ""window"": 8}",1023,21.3125,1023,21.3125
3aeff8d50243a034,m1-pro-16gb-local,3e9b8cf8a3577727e240594e32deb09fa669259fc2125b0b514df90a0c153a41,pffft-scheduled-batch-float,float,spec012-confirm-02,2,interactive-v1,True,65536,48000,64,/Users/christiankauten/Documents/Projects/Rack/plugins/Fourier/.build/spec012/confirm-02-transitions/workload-0015-repeat-02.csv,a4d72f604d8bbeae70aa3c330669d7ea915f4a3957a66ec1e45b9fda0b7cb16a,0619665d396c5bb9e65bd2aac16fe7b80c160faeb12c5a3b1675458ddfd4829a,11,horizon-no-response,65535,-1,-1,pending-no-response,-1,"{""alpha"": 0, ""hop"": 1024, ""n"": 2048, ""octave"": 0, ""rate"": 48000, ""window"": 8}",,,,
3aeff8d50243a034,m1-pro-16gb-local,3e9b8cf8a3577727e240594e32deb09fa669259fc2125b0b514df90a0c153a41,pffft-scheduled-batch-float,float,spec012-confirm-03,0,interactive-v1,True,65536,48000,64,/Users/christiankauten/Documents/Projects/Rack/plugins/Fourier/.build/spec012/confirm-03-transitions/workload-0015-repeat-00.csv,2686d039003be9de9dd4c43ce81773ca19f233d90e6df0c0d3d1ee9f301266f2,0619665d396c5bb9e65bd2aac16fe7b80c160faeb12c5a3b1675458ddfd4829a,1,length-increase-boundary,2048,2048,2048,published,-1,"{""alpha"": 0, ""hop"": 1024, ""n"": 2048, ""octave"": 0, ""rate"": 48000, ""window"": 8}",0,0.0,0,0.0
3aeff8d50243a034,m1-pro-16gb-local,3e9b8cf8a3577727e240594e32deb09fa669259fc2125b0b514df90a0c153a41,pffft-scheduled-batch-float,float,spec012-confirm-03,0,interactive-v1,True,65536,48000,64,/Users/christiankauten/Documents/Projects/Rack/plugins/Fourier/.build/spec012/confirm-03-transitions/workload-0015-repeat-00.csv,2686d039003be9de9dd4c43ce81773ca19f233d90e6df0c0d3d1ee9f301266f2,0619665d396c5bb9e65bd2aac16fe7b80c160faeb12c5a3b1675458ddfd4829a,2,length-decrease-early,4097,5120,5120,published,-1,"{""alpha"": 0, ""hop"": 1024, ""n"": 2048, ""octave"": 0, ""rate"": 48000, ""window"": 8}",1023,21.3125,1023,21.3125
3aeff8d50243a034,m1-pro-16gb-local,3e9b8cf8a3577727e240594e32deb09fa669259fc2125b0b514df90a0c153a41,pffft-scheduled-batch-float,float,spec012-confirm-03,0,interactive-v1,True,65536,48000,64,/Users/christiankauten/Documents/Projects/Rack/plugins/Fourier/.build/spec012/confirm-03-transitions/workload-0015-repeat-00.csv,2686d039003be9de9dd4c43ce81773ca19f233d90e6df0c0d3d1ee9f301266f2,0619665d396c5bb9e65bd2aac16fe7b80c160faeb12c5a3b1675458ddfd4829a,3,hop-increase-middle,6656,7168,7168,published,-1,"{""alpha"": 0, ""hop"": 1024, ""n"": 2048, ""octave"": 0, ""rate"": 48000, ""window"": 8}",512,10.666666666666666,512,10.666666666666666
3aeff8d50243a034,m1-pro-16gb-local,3e9b8cf8a3577727e240594e32deb09fa669259fc2125b0b514df90a0c153a41,pffft-scheduled-batch-float,float,spec012-confirm-03,0,interactive-v1,True,65536,48000,64,/Users/christiankauten/Documents/Projects/Rack/plugins/Fourier/.build/spec012/confirm-03-transitions/workload-0015-repeat-00.csv,2686d039003be9de9dd4c43ce81773ca19f233d90e6df0c0d3d1ee9f301266f2,0619665d396c5bb9e65bd2aac16fe7b80c160faeb12c5a3b1675458ddfd4829a,4,window-late,11262,11264,11264,published,-1,"{""alpha"": 0, ""hop"": 1024, ""n"": 2048, ""octave"": 0, ""rate"": 48000, ""window"": 8}",2,0.041666666666666664,2,0.041666666666666664
3aeff8d50243a034,m1-pro-16gb-local,3e9b8cf8a3577727e240594e32deb09fa669259fc2125b0b514df90a0c153a41,pffft-scheduled-batch-float,float,spec012-confirm-03,0,interactive-v1,True,65536,48000,64,/Users/christiankauten/Documents/Projects/Rack/plugins/Fourier/.build/spec012/confirm-03-transitions/workload-0015-repeat-00.csv,2686d039003be9de9dd4c43ce81773ca19f233d90e6df0c0d3d1ee9f301266f2,0619665d396c5bb9e65bd2aac16fe7b80c160faeb12c5a3b1675458ddfd4829a,5,smoothing-before-publication,13311,13312,13312,published,-1,"{""alpha"": 0, ""hop"": 1024, ""n"": 2048, ""octave"": 0, ""rate"": 48000, ""window"": 8}",1,0.020833333333333332,1,0.020833333333333332
3aeff8d50243a034,m1-pro-16gb-local,3e9b8cf8a3577727e240594e32deb09fa669259fc2125b0b514df90a0c153a41,pffft-scheduled-batch-float,float,spec012-confirm-03,0,interactive-v1,True,65536,48000,64,/Users/christiankauten/Documents/Projects/Rack/plugins/Fourier/.build/spec012/confirm-03-transitions/workload-0015-repeat-00.csv,2686d039003be9de9dd4c43ce81773ca19f233d90e6df0c0d3d1ee9f301266f2,0619665d396c5bb9e65bd2aac16fe7b80c160faeb12c5a3b1675458ddfd4829a,6,no-op-boundary,15360,15360,15360,published,-1,"{""alpha"": 0, ""hop"": 1024, ""n"": 2048, ""octave"": 0, ""rate"": 48000, ""window"": 8}",0,0.0,0,0.0
3aeff8d50243a034,m1-pro-16gb-local,3e9b8cf8a3577727e240594e32deb09fa669259fc2125b0b514df90a0c153a41,pffft-scheduled-batch-float,float,spec012-confirm-03,0,interactive-v1,True,65536,48000,64,/Users/christiankauten/Documents/Projects/Rack/plugins/Fourier/.build/spec012/confirm-03-transitions/workload-0015-repeat-00.csv,2686d039003be9de9dd4c43ce81773ca19f233d90e6df0c0d3d1ee9f301266f2,0619665d396c5bb9e65bd2aac16fe7b80c160faeb12c5a3b1675458ddfd4829a,7,replace-pending-first,17409,-1,-1,replaced,8,"{""alpha"": 0, ""hop"": 1024, ""n"": 2048, ""octave"": 0, ""rate"": 48000, ""window"": 8}",,,,
3aeff8d50243a034,m1-pro-16gb-local,3e9b8cf8a3577727e240594e32deb09fa669259fc2125b0b514df90a0c153a41,pffft-scheduled-batch-float,float,spec012-confirm-03,0,interactive-v1,True,65536,48000,64,/Users/christiankauten/Documents/Projects/Rack/plugins/Fourier/.build/spec012/confirm-03-transitions/workload-0015-repeat-00.csv,2686d039003be9de9dd4c43ce81773ca19f233d90e6df0c0d3d1ee9f301266f2,0619665d396c5bb9e65bd2aac16fe7b80c160faeb12c5a3b1675458ddfd4829a,8,replace-pending-last,17410,18432,18432,published,-1,"{""alpha"": 0, ""hop"": 1024, ""n"": 2048, ""octave"": 0, ""rate"": 48000, ""window"": 8}",1022,21.291666666666668,1022,21.291666666666668
3aeff8d50243a034,m1-pro-16gb-local,3e9b8cf8a3577727e240594e32deb09fa669259fc2125b0b514df90a0c153a41,pffft-scheduled-batch-float,float,spec012-confirm-03,0,interactive-v1,True,65536,48000,64,/Users/christiankauten/Documents/Projects/Rack/plugins/Fourier/.build/spec012/confirm-03-transitions/workload-0015-repeat-00.csv,2686d039003be9de9dd4c43ce81773ca19f233d90e6df0c0d3d1ee9f301266f2,0619665d396c5bb9e65bd2aac16fe7b80c160faeb12c5a3b1675458ddfd4829a,9,hop-decrease-boundary,21504,21504,21504,published,-1,"{""alpha"": 0, ""hop"": 1024, ""n"": 2048, ""octave"": 0, ""rate"": 48000, ""window"": 8}",0,0.0,0,0.0
3aeff8d50243a034,m1-pro-16gb-local,3e9b8cf8a3577727e240594e32deb09fa669259fc2125b0b514df90a0c153a41,pffft-scheduled-batch-float,float,spec012-confirm-03,0,interactive-v1,True,65536,48000,64,/Users/christiankauten/Documents/Projects/Rack/plugins/Fourier/.build/spec012/confirm-03-transitions/workload-0015-repeat-00.csv,2686d039003be9de9dd4c43ce81773ca19f233d90e6df0c0d3d1ee9f301266f2,0619665d396c5bb9e65bd2aac16fe7b80c160faeb12c5a3b1675458ddfd4829a,10,smoothing-disable,23553,24576,24576,published,-1,"{""alpha"": 0, ""hop"": 1024, ""n"": 2048, ""octave"": 0, ""rate"": 48000, ""window"": 8}",1023,21.3125,1023,21.3125
3aeff8d50243a034,m1-pro-16gb-local,3e9b8cf8a3577727e240594e32deb09fa669259fc2125b0b514df90a0c153a41,pffft-scheduled-batch-float,float,spec012-confirm-03,0,interactive-v1,True,65536,48000,64,/Users/christiankauten/Documents/Projects/Rack/plugins/Fourier/.build/spec012/confirm-03-transitions/workload-0015-repeat-00.csv,2686d039003be9de9dd4c43ce81773ca19f233d90e6df0c0d3d1ee9f301266f2,0619665d396c5bb9e65bd2aac16fe7b80c160faeb12c5a3b1675458ddfd4829a,11,horizon-no-response,65535,-1,-1,pending-no-response,-1,"{""alpha"": 0, ""hop"": 1024, ""n"": 2048, ""octave"": 0, ""rate"": 48000, ""window"": 8}",,,,
3aeff8d50243a034,m1-pro-16gb-local,3e9b8cf8a3577727e240594e32deb09fa669259fc2125b0b514df90a0c153a41,pffft-scheduled-batch-float,float,spec012-confirm-03,1,interactive-v1,True,65536,48000,64,/Users/christiankauten/Documents/Projects/Rack/plugins/Fourier/.build/spec012/confirm-03-transitions/workload-0015-repeat-01.csv,aef177da419689fa884fd8209be87acd56345df4dab24aa6c4bf1ddea164f846,0619665d396c5bb9e65bd2aac16fe7b80c160faeb12c5a3b1675458ddfd4829a,1,length-increase-boundary,2048,2048,2048,published,-1,"{""alpha"": 0, ""hop"": 1024, ""n"": 2048, ""octave"": 0, ""rate"": 48000, ""window"": 8}",0,0.0,0,0.0
3aeff8d50243a034,m1-pro-16gb-local,3e9b8cf8a3577727e240594e32deb09fa669259fc2125b0b514df90a0c153a41,pffft-scheduled-batch-float,float,spec012-confirm-03,1,interactive-v1,True,65536,48000,64,/Users/christiankauten/Documents/Projects/Rack/plugins/Fourier/.build/spec012/confirm-03-transitions/workload-0015-repeat-01.csv,aef177da419689fa884fd8209be87acd56345df4dab24aa6c4bf1ddea164f846,0619665d396c5bb9e65bd2aac16fe7b80c160faeb12c5a3b1675458ddfd4829a,2,length-decrease-early,4097,5120,5120,published,-1,"{""alpha"": 0, ""hop"": 1024, ""n"": 2048, ""octave"": 0, ""rate"": 48000, ""window"": 8}",1023,21.3125,1023,21.3125
3aeff8d50243a034,m1-pro-16gb-local,3e9b8cf8a3577727e240594e32deb09fa669259fc2125b0b514df90a0c153a41,pffft-scheduled-batch-float,float,spec012-confirm-03,1,interactive-v1,True,65536,48000,64,/Users/christiankauten/Documents/Projects/Rack/plugins/Fourier/.build/spec012/confirm-03-transitions/workload-0015-repeat-01.csv,aef177da419689fa884fd8209be87acd56345df4dab24aa6c4bf1ddea164f846,0619665d396c5bb9e65bd2aac16fe7b80c160faeb12c5a3b1675458ddfd4829a,3,hop-increase-middle,6656,7168,7168,published,-1,"{""alpha"": 0, ""hop"": 1024, ""n"": 2048, ""octave"": 0, ""rate"": 48000, ""window"": 8}",512,10.666666666666666,512,10.666666666666666
3aeff8d50243a034,m1-pro-16gb-local,3e9b8cf8a3577727e240594e32deb09fa669259fc2125b0b514df90a0c153a41,pffft-scheduled-batch-float,float,spec012-confirm-03,1,interactive-v1,True,65536,48000,64,/Users/christiankauten/Documents/Projects/Rack/plugins/Fourier/.build/spec012/confirm-03-transitions/workload-0015-repeat-01.csv,aef177da419689fa884fd8209be87acd56345df4dab24aa6c4bf1ddea164f846,0619665d396c5bb9e65bd2aac16fe7b80c160faeb12c5a3b1675458ddfd4829a,4,window-late,11262,11264,11264,published,-1,"{""alpha"": 0, ""hop"": 1024, ""n"": 2048, ""octave"": 0, ""rate"": 48000, ""window"": 8}",2,0.041666666666666664,2,0.041666666666666664
3aeff8d50243a034,m1-pro-16gb-local,3e9b8cf8a3577727e240594e32deb09fa669259fc2125b0b514df90a0c153a41,pffft-scheduled-batch-float,float,spec012-confirm-03,1,interactive-v1,True,65536,48000,64,/Users/christiankauten/Documents/Projects/Rack/plugins/Fourier/.build/spec012/confirm-03-transitions/workload-0015-repeat-01.csv,aef177da419689fa884fd8209be87acd56345df4dab24aa6c4bf1ddea164f846,0619665d396c5bb9e65bd2aac16fe7b80c160faeb12c5a3b1675458ddfd4829a,5,smoothing-before-publication,13311,13312,13312,published,-1,"{""alpha"": 0, ""hop"": 1024, ""n"": 2048, ""octave"": 0, ""rate"": 48000, ""window"": 8}",1,0.020833333333333332,1,0.020833333333333332
3aeff8d50243a034,m1-pro-16gb-local,3e9b8cf8a3577727e240594e32deb09fa669259fc2125b0b514df90a0c153a41,pffft-scheduled-batch-float,float,spec012-confirm-03,1,interactive-v1,True,65536,48000,64,/Users/christiankauten/Documents/Projects/Rack/plugins/Fourier/.build/spec012/confirm-03-transitions/workload-0015-repeat-01.csv,aef177da419689fa884fd8209be87acd56345df4dab24aa6c4bf1ddea164f846,0619665d396c5bb9e65bd2aac16fe7b80c160faeb12c5a3b1675458ddfd4829a,6,no-op-boundary,15360,15360,15360,published,-1,"{""alpha"": 0, ""hop"": 1024, ""n"": 2048, ""octave"": 0, ""rate"": 48000, ""window"": 8}",0,0.0,0,0.0
3aeff8d50243a034,m1-pro-16gb-local,3e9b8cf8a3577727e240594e32deb09fa669259fc2125b0b514df90a0c153a41,pffft-scheduled-batch-float,float,spec012-confirm-03,1,interactive-v1,True,65536,48000,64,/Users/christiankauten/Documents/Projects/Rack/plugins/Fourier/.build/spec012/confirm-03-transitions/workload-0015-repeat-01.csv,aef177da419689fa884fd8209be87acd56345df4dab24aa6c4bf1ddea164f846,0619665d396c5bb9e65bd2aac16fe7b80c160faeb12c5a3b1675458ddfd4829a,7,replace-pending-first,17409,-1,-1,replaced,8,"{""alpha"": 0, ""hop"": 1024, ""n"": 2048, ""octave"": 0, ""rate"": 48000, ""window"": 8}",,,,
3aeff8d50243a034,m1-pro-16gb-local,3e9b8cf8a3577727e240594e32deb09fa669259fc2125b0b514df90a0c153a41,pffft-scheduled-batch-float,float,spec012-confirm-03,1,interactive-v1,True,65536,48000,64,/Users/christiankauten/Documents/Projects/Rack/plugins/Fourier/.build/spec012/confirm-03-transitions/workload-0015-repeat-01.csv,aef177da419689fa884fd8209be87acd56345df4dab24aa6c4bf1ddea164f846,0619665d396c5bb9e65bd2aac16fe7b80c160faeb12c5a3b1675458ddfd4829a,8,replace-pending-last,17410,18432,18432,published,-1,"{""alpha"": 0, ""hop"": 1024, ""n"": 2048, ""octave"": 0, ""rate"": 48000, ""window"": 8}",1022,21.291666666666668,1022,21.291666666666668
3aeff8d50243a034,m1-pro-16gb-local,3e9b8cf8a3577727e240594e32deb09fa669259fc2125b0b514df90a0c153a41,pffft-scheduled-batch-float,float,spec012-confirm-03,1,interactive-v1,True,65536,48000,64,/Users/christiankauten/Documents/Projects/Rack/plugins/Fourier/.build/spec012/confirm-03-transitions/workload-0015-repeat-01.csv,aef177da419689fa884fd8209be87acd56345df4dab24aa6c4bf1ddea164f846,0619665d396c5bb9e65bd2aac16fe7b80c160faeb12c5a3b1675458ddfd4829a,9,hop-decrease-boundary,21504,21504,21504,published,-1,"{""alpha"": 0, ""hop"": 1024, ""n"": 2048, ""octave"": 0, ""rate"": 48000, ""window"": 8}",0,0.0,0,0.0
3aeff8d50243a034,m1-pro-16gb-local,3e9b8cf8a3577727e240594e32deb09fa669259fc2125b0b514df90a0c153a41,pffft-scheduled-batch-float,float,spec012-confirm-03,1,interactive-v1,True,65536,48000,64,/Users/christiankauten/Documents/Projects/Rack/plugins/Fourier/.build/spec012/confirm-03-transitions/workload-0015-repeat-01.csv,aef177da419689fa884fd8209be87acd56345df4dab24aa6c4bf1ddea164f846,0619665d396c5bb9e65bd2aac16fe7b80c160faeb12c5a3b1675458ddfd4829a,10,smoothing-disable,23553,24576,24576,published,-1,"{""alpha"": 0, ""hop"": 1024, ""n"": 2048, ""octave"": 0, ""rate"": 48000, ""window"": 8}",1023,21.3125,1023,21.3125
3aeff8d50243a034,m1-pro-16gb-local,3e9b8cf8a3577727e240594e32deb09fa669259fc2125b0b514df90a0c153a41,pffft-scheduled-batch-float,float,spec012-confirm-03,1,interactive-v1,True,65536,48000,64,/Users/christiankauten/Documents/Projects/Rack/plugins/Fourier/.build/spec012/confirm-03-transitions/workload-0015-repeat-01.csv,aef177da419689fa884fd8209be87acd56345df4dab24aa6c4bf1ddea164f846,0619665d396c5bb9e65bd2aac16fe7b80c160faeb12c5a3b1675458ddfd4829a,11,horizon-no-response,65535,-1,-1,pending-no-response,-1,"{""alpha"": 0, ""hop"": 1024, ""n"": 2048, ""octave"": 0, ""rate"": 48000, ""window"": 8}",,,,
3aeff8d50243a034,m1-pro-16gb-local,3e9b8cf8a3577727e240594e32deb09fa669259fc2125b0b514df90a0c153a41,pffft-scheduled-batch-float,float,spec012-confirm-03,2,interactive-v1,True,65536,48000,64,/Users/christiankauten/Documents/Projects/Rack/plugins/Fourier/.build/spec012/confirm-03-transitions/workload-0015-repeat-02.csv,76a446d512863c953ba247d3322f49171b77124fd6e39e564f564b147b3b679b,0619665d396c5bb9e65bd2aac16fe7b80c160faeb12c5a3b1675458ddfd4829a,1,length-increase-boundary,2048,2048,2048,published,-1,"{""alpha"": 0, ""hop"": 1024, ""n"": 2048, ""octave"": 0, ""rate"": 48000, ""window"": 8}",0,0.0,0,0.0
3aeff8d50243a034,m1-pro-16gb-local,3e9b8cf8a3577727e240594e32deb09fa669259fc2125b0b514df90a0c153a41,pffft-scheduled-batch-float,float,spec012-confirm-03,2,interactive-v1,True,65536,48000,64,/Users/christiankauten/Documents/Projects/Rack/plugins/Fourier/.build/spec012/confirm-03-transitions/workload-0015-repeat-02.csv,76a446d512863c953ba247d3322f49171b77124fd6e39e564f564b147b3b679b,0619665d396c5bb9e65bd2aac16fe7b80c160faeb12c5a3b1675458ddfd4829a,2,length-decrease-early,4097,5120,5120,published,-1,"{""alpha"": 0, ""hop"": 1024, ""n"": 2048, ""octave"": 0, ""rate"": 48000, ""window"": 8}",1023,21.3125,1023,21.3125
3aeff8d50243a034,m1-pro-16gb-local,3e9b8cf8a3577727e240594e32deb09fa669259fc2125b0b514df90a0c153a41,pffft-scheduled-batch-float,float,spec012-confirm-03,2,interactive-v1,True,65536,48000,64,/Users/christiankauten/Documents/Projects/Rack/plugins/Fourier/.build/spec012/confirm-03-transitions/workload-0015-repeat-02.csv,76a446d512863c953ba247d3322f49171b77124fd6e39e564f564b147b3b679b,0619665d396c5bb9e65bd2aac16fe7b80c160faeb12c5a3b1675458ddfd4829a,3,hop-increase-middle,6656,7168,7168,published,-1,"{""alpha"": 0, ""hop"": 1024, ""n"": 2048, ""octave"": 0, ""rate"": 48000, ""window"": 8}",512,10.666666666666666,512,10.666666666666666
3aeff8d50243a034,m1-pro-16gb-local,3e9b8cf8a3577727e240594e32deb09fa669259fc2125b0b514df90a0c153a41,pffft-scheduled-batch-float,float,spec012-confirm-03,2,interactive-v1,True,65536,48000,64,/Users/christiankauten/Documents/Projects/Rack/plugins/Fourier/.build/spec012/confirm-03-transitions/workload-0015-repeat-02.csv,76a446d512863c953ba247d3322f49171b77124fd6e39e564f564b147b3b679b,0619665d396c5bb9e65bd2aac16fe7b80c160faeb12c5a3b1675458ddfd4829a,4,window-late,11262,11264,11264,published,-1,"{""alpha"": 0, ""hop"": 1024, ""n"": 2048, ""octave"": 0, ""rate"": 48000, ""window"": 8}",2,0.041666666666666664,2,0.041666666666666664
3aeff8d50243a034,m1-pro-16gb-local,3e9b8cf8a3577727e240594e32deb09fa669259fc2125b0b514df90a0c153a41,pffft-scheduled-batch-float,float,spec012-confirm-03,2,interactive-v1,True,65536,48000,64,/Users/christiankauten/Documents/Projects/Rack/plugins/Fourier/.build/spec012/confirm-03-transitions/workload-0015-repeat-02.csv,76a446d512863c953ba247d3322f49171b77124fd6e39e564f564b147b3b679b,0619665d396c5bb9e65bd2aac16fe7b80c160faeb12c5a3b1675458ddfd4829a,5,smoothing-before-publication,13311,13312,13312,published,-1,"{""alpha"": 0, ""hop"": 1024, ""n"": 2048, ""octave"": 0, ""rate"": 48000, ""window"": 8}",1,0.020833333333333332,1,0.020833333333333332
3aeff8d50243a034,m1-pro-16gb-local,3e9b8cf8a3577727e240594e32deb09fa669259fc2125b0b514df90a0c153a41,pffft-scheduled-batch-float,float,spec012-confirm-03,2,interactive-v1,True,65536,48000,64,/Users/christiankauten/Documents/Projects/Rack/plugins/Fourier/.build/spec012/confirm-03-transitions/workload-0015-repeat-02.csv,76a446d512863c953ba247d3322f49171b77124fd6e39e564f564b147b3b679b,0619665d396c5bb9e65bd2aac16fe7b80c160faeb12c5a3b1675458ddfd4829a,6,no-op-boundary,15360,15360,15360,published,-1,"{""alpha"": 0, ""hop"": 1024, ""n"": 2048, ""octave"": 0, ""rate"": 48000, ""window"": 8}",0,0.0,0,0.0
3aeff8d50243a034,m1-pro-16gb-local,3e9b8cf8a3577727e240594e32deb09fa669259fc2125b0b514df90a0c153a41,pffft-scheduled-batch-float,float,spec012-confirm-03,2,interactive-v1,True,65536,48000,64,/Users/christiankauten/Documents/Projects/Rack/plugins/Fourier/.build/spec012/confirm-03-transitions/workload-0015-repeat-02.csv,76a446d512863c953ba247d3322f49171b77124fd6e39e564f564b147b3b679b,0619665d396c5bb9e65bd2aac16fe7b80c160faeb12c5a3b1675458ddfd4829a,7,replace-pending-first,17409,-1,-1,replaced,8,"{""alpha"": 0, ""hop"": 1024, ""n"": 2048, ""octave"": 0, ""rate"": 48000, ""window"": 8}",,,,
3aeff8d50243a034,m1-pro-16gb-local,3e9b8cf8a3577727e240594e32deb09fa669259fc2125b0b514df90a0c153a41,pffft-scheduled-batch-float,float,spec012-confirm-03,2,interactive-v1,True,65536,48000,64,/Users/christiankauten/Documents/Projects/Rack/plugins/Fourier/.build/spec012/confirm-03-transitions/workload-0015-repeat-02.csv,76a446d512863c953ba247d3322f49171b77124fd6e39e564f564b147b3b679b,0619665d396c5bb9e65bd2aac16fe7b80c160faeb12c5a3b1675458ddfd4829a,8,replace-pending-last,17410,18432,18432,published,-1,"{""alpha"": 0, ""hop"": 1024, ""n"": 2048, ""octave"": 0, ""rate"": 48000, ""window"": 8}",1022,21.291666666666668,1022,21.291666666666668
3aeff8d50243a034,m1-pro-16gb-local,3e9b8cf8a3577727e240594e32deb09fa669259fc2125b0b514df90a0c153a41,pffft-scheduled-batch-float,float,spec012-confirm-03,2,interactive-v1,True,65536,48000,64,/Users/christiankauten/Documents/Projects/Rack/plugins/Fourier/.build/spec012/confirm-03-transitions/workload-0015-repeat-02.csv,76a446d512863c953ba247d3322f49171b77124fd6e39e564f564b147b3b679b,0619665d396c5bb9e65bd2aac16fe7b80c160faeb12c5a3b1675458ddfd4829a,9,hop-decrease-boundary,21504,21504,21504,published,-1,"{""alpha"": 0, ""hop"": 1024, ""n"": 2048, ""octave"": 0, ""rate"": 48000, ""window"": 8}",0,0.0,0,0.0
3aeff8d50243a034,m1-pro-16gb-local,3e9b8cf8a3577727e240594e32deb09fa669259fc2125b0b514df90a0c153a41,pffft-scheduled-batch-float,float,spec012-confirm-03,2,interactive-v1,True,65536,48000,64,/Users/christiankauten/Documents/Projects/Rack/plugins/Fourier/.build/spec012/confirm-03-transitions/workload-0015-repeat-02.csv,76a446d512863c953ba247d3322f49171b77124fd6e39e564f564b147b3b679b,0619665d396c5bb9e65bd2aac16fe7b80c160faeb12c5a3b1675458ddfd4829a,10,smoothing-disable,23553,24576,24576,published,-1,"{""alpha"": 0, ""hop"": 1024, ""n"": 2048, ""octave"": 0, ""rate"": 48000, ""window"": 8}",1023,21.3125,1023,21.3125
3aeff8d50243a034,m1-pro-16gb-local,3e9b8cf8a3577727e240594e32deb09fa669259fc2125b0b514df90a0c153a41,pffft-scheduled-batch-float,float,spec012-confirm-03,2,interactive-v1,True,65536,48000,64,/Users/christiankauten/Documents/Projects/Rack/plugins/Fourier/.build/spec012/confirm-03-transitions/workload-0015-repeat-02.csv,76a446d512863c953ba247d3322f49171b77124fd6e39e564f564b147b3b679b,0619665d396c5bb9e65bd2aac16fe7b80c160faeb12c5a3b1675458ddfd4829a,11,horizon-no-response,65535,-1,-1,pending-no-response,-1,"{""alpha"": 0, ""hop"": 1024, ""n"": 2048, ""octave"": 0, ""rate"": 48000, ""window"": 8}",,,,
3aeff8d50243a034,m1-pro-16gb-local,41a7d209fe8c72a0f936508ca6b058c3d92293c3dc9282bdb637ee95c60a04db,pffft-hybrid-float,float,spec012-confirm-01,0,interactive-v1,True,65536,48000,64,/Users/christiankauten/Documents/Projects/Rack/plugins/Fourier/.build/spec012/confirm-01-transitions/workload-0013-repeat-00.csv,6a7fcb62398f1b8e09cf88157b2435f8ab9b1e00a0955e505f626205c8c3416d,83a9b89bbe0a5da4151cf03be64a68141fe607bd90a47fdab1248dd348d6b5c9,1,length-increase-boundary,2048,2048,3071,published,-1,"{""alpha"": 0, ""hop"": 1024, ""n"": 2048, ""octave"": 0, ""rate"": 48000, ""window"": 8}",0,0.0,1023,21.3125
3aeff8d50243a034,m1-pro-16gb-local,41a7d209fe8c72a0f936508ca6b058c3d92293c3dc9282bdb637ee95c60a04db,pffft-hybrid-float,float,spec012-confirm-01,0,interactive-v1,True,65536,48000,64,/Users/christiankauten/Documents/Projects/Rack/plugins/Fourier/.build/spec012/confirm-01-transitions/workload-0013-repeat-00.csv,6a7fcb62398f1b8e09cf88157b2435f8ab9b1e00a0955e505f626205c8c3416d,83a9b89bbe0a5da4151cf03be64a68141fe607bd90a47fdab1248dd348d6b5c9,2,length-decrease-early,4097,5120,6143,published,-1,"{""alpha"": 0, ""hop"": 1024, ""n"": 2048, ""octave"": 0, ""rate"": 48000, ""window"": 8}",1023,21.3125,2046,42.625
3aeff8d50243a034,m1-pro-16gb-local,41a7d209fe8c72a0f936508ca6b058c3d92293c3dc9282bdb637ee95c60a04db,pffft-hybrid-float,float,spec012-confirm-01,0,interactive-v1,True,65536,48000,64,/Users/christiankauten/Documents/Projects/Rack/plugins/Fourier/.build/spec012/confirm-01-transitions/workload-0013-repeat-00.csv,6a7fcb62398f1b8e09cf88157b2435f8ab9b1e00a0955e505f626205c8c3416d,83a9b89bbe0a5da4151cf03be64a68141fe607bd90a47fdab1248dd348d6b5c9,3,hop-increase-middle,6656,7168,8191,published,-1,"{""alpha"": 0, ""hop"": 1024, ""n"": 2048, ""octave"": 0, ""rate"": 48000, ""window"": 8}",512,10.666666666666666,1535,31.979166666666668
3aeff8d50243a034,m1-pro-16gb-local,41a7d209fe8c72a0f936508ca6b058c3d92293c3dc9282bdb637ee95c60a04db,pffft-hybrid-float,float,spec012-confirm-01,0,interactive-v1,True,65536,48000,64,/Users/christiankauten/Documents/Projects/Rack/plugins/Fourier/.build/spec012/confirm-01-transitions/workload-0013-repeat-00.csv,6a7fcb62398f1b8e09cf88157b2435f8ab9b1e00a0955e505f626205c8c3416d,83a9b89bbe0a5da4151cf03be64a68141fe607bd90a47fdab1248dd348d6b5c9,4,window-late,11262,11264,12287,published,-1,"{""alpha"": 0, ""hop"": 1024, ""n"": 2048, ""octave"": 0, ""rate"": 48000, ""window"": 8}",2,0.041666666666666664,1025,21.354166666666668
3aeff8d50243a034,m1-pro-16gb-local,41a7d209fe8c72a0f936508ca6b058c3d92293c3dc9282bdb637ee95c60a04db,pffft-hybrid-float,float,spec012-confirm-01,0,interactive-v1,True,65536,48000,64,/Users/christiankauten/Documents/Projects/Rack/plugins/Fourier/.build/spec012/confirm-01-transitions/workload-0013-repeat-00.csv,6a7fcb62398f1b8e09cf88157b2435f8ab9b1e00a0955e505f626205c8c3416d,83a9b89bbe0a5da4151cf03be64a68141fe607bd90a47fdab1248dd348d6b5c9,5,smoothing-before-publication,13311,13312,14335,published,-1,"{""alpha"": 0, ""hop"": 1024, ""n"": 2048, ""octave"": 0, ""rate"": 48000, ""window"": 8}",1,0.020833333333333332,1024,21.333333333333332
3aeff8d50243a034,m1-pro-16gb-local,41a7d209fe8c72a0f936508ca6b058c3d92293c3dc9282bdb637ee95c60a04db,pffft-hybrid-float,float,spec012-confirm-01,0,interactive-v1,True,65536,48000,64,/Users/christiankauten/Documents/Projects/Rack/plugins/Fourier/.build/spec012/confirm-01-transitions/workload-0013-repeat-00.csv,6a7fcb62398f1b8e09cf88157b2435f8ab9b1e00a0955e505f626205c8c3416d,83a9b89bbe0a5da4151cf03be64a68141fe607bd90a47fdab1248dd348d6b5c9,6,no-op-boundary,15360,15360,16383,published,-1,"{""alpha"": 0, ""hop"": 1024, ""n"": 2048, ""octave"": 0, ""rate"": 48000, ""window"": 8}",0,0.0,1023,21.3125
3aeff8d50243a034,m1-pro-16gb-local,41a7d209fe8c72a0f936508ca6b058c3d92293c3dc9282bdb637ee95c60a04db,pffft-hybrid-float,float,spec012-confirm-01,0,interactive-v1,True,65536,48000,64,/Users/christiankauten/Documents/Projects/Rack/plugins/Fourier/.build/spec012/confirm-01-transitions/workload-0013-repeat-00.csv,6a7fcb62398f1b8e09cf88157b2435f8ab9b1e00a0955e505f626205c8c3416d,83a9b89bbe0a5da4151cf03be64a68141fe607bd90a47fdab1248dd348d6b5c9,7,replace-pending-first,17409,-1,-1,replaced,8,"{""alpha"": 0, ""hop"": 1024, ""n"": 2048, ""octave"": 0, ""rate"": 48000, ""window"": 8}",,,,
3aeff8d50243a034,m1-pro-16gb-local,41a7d209fe8c72a0f936508ca6b058c3d92293c3dc9282bdb637ee95c60a04db,pffft-hybrid-float,float,spec012-confirm-01,0,interactive-v1,True,65536,48000,64,/Users/christiankauten/Documents/Projects/Rack/plugins/Fourier/.build/spec012/confirm-01-transitions/workload-0013-repeat-00.csv,6a7fcb62398f1b8e09cf88157b2435f8ab9b1e00a0955e505f626205c8c3416d,83a9b89bbe0a5da4151cf03be64a68141fe607bd90a47fdab1248dd348d6b5c9,8,replace-pending-last,17410,18432,19455,published,-1,"{""alpha"": 0, ""hop"": 1024, ""n"": 2048, ""octave"": 0, ""rate"": 48000, ""window"": 8}",1022,21.291666666666668,2045,42.604166666666664
3aeff8d50243a034,m1-pro-16gb-local,41a7d209fe8c72a0f936508ca6b058c3d92293c3dc9282bdb637ee95c60a04db,pffft-hybrid-float,float,spec012-confirm-01,0,interactive-v1,True,65536,48000,64,/Users/christiankauten/Documents/Projects/Rack/plugins/Fourier/.build/spec012/confirm-01-transitions/workload-0013-repeat-00.csv,6a7fcb62398f1b8e09cf88157b2435f8ab9b1e00a0955e505f626205c8c3416d,83a9b89bbe0a5da4151cf03be64a68141fe607bd90a47fdab1248dd348d6b5c9,9,hop-decrease-boundary,21504,21504,22527,published,-1,"{""alpha"": 0, ""hop"": 1024, ""n"": 2048, ""octave"": 0, ""rate"": 48000, ""window"": 8}",0,0.0,1023,21.3125
3aeff8d50243a034,m1-pro-16gb-local,41a7d209fe8c72a0f936508ca6b058c3d92293c3dc9282bdb637ee95c60a04db,pffft-hybrid-float,float,spec012-confirm-01,0,interactive-v1,True,65536,48000,64,/Users/christiankauten/Documents/Projects/Rack/plugins/Fourier/.build/spec012/confirm-01-transitions/workload-0013-repeat-00.csv,6a7fcb62398f1b8e09cf88157b2435f8ab9b1e00a0955e505f626205c8c3416d,83a9b89bbe0a5da4151cf03be64a68141fe607bd90a47fdab1248dd348d6b5c9,10,smoothing-disable,23553,24576,25599,published,-1,"{""alpha"": 0, ""hop"": 1024, ""n"": 2048, ""octave"": 0, ""rate"": 48000, ""window"": 8}",1023,21.3125,2046,42.625
3aeff8d50243a034,m1-pro-16gb-local,41a7d209fe8c72a0f936508ca6b058c3d92293c3dc9282bdb637ee95c60a04db,pffft-hybrid-float,float,spec012-confirm-01,0,interactive-v1,True,65536,48000,64,/Users/christiankauten/Documents/Projects/Rack/plugins/Fourier/.build/spec012/confirm-01-transitions/workload-0013-repeat-00.csv,6a7fcb62398f1b8e09cf88157b2435f8ab9b1e00a0955e505f626205c8c3416d,83a9b89bbe0a5da4151cf03be64a68141fe607bd90a47fdab1248dd348d6b5c9,11,horizon-no-response,65535,-1,-1,pending-no-response,-1,"{""alpha"": 0, ""hop"": 1024, ""n"": 2048, ""octave"": 0, ""rate"": 48000, ""window"": 8}",,,,
3aeff8d50243a034,m1-pro-16gb-local,41a7d209fe8c72a0f936508ca6b058c3d92293c3dc9282bdb637ee95c60a04db,pffft-hybrid-float,float,spec012-confirm-01,1,interactive-v1,True,65536,48000,64,/Users/christiankauten/Documents/Projects/Rack/plugins/Fourier/.build/spec012/confirm-01-transitions/workload-0013-repeat-01.csv,8275b9f38b3f9e56f6ac862193f0fcd7658755591c831564a66a4b2032afb713,83a9b89bbe0a5da4151cf03be64a68141fe607bd90a47fdab1248dd348d6b5c9,1,length-increase-boundary,2048,2048,3071,published,-1,"{""alpha"": 0, ""hop"": 1024, ""n"": 2048, ""octave"": 0, ""rate"": 48000, ""window"": 8}",0,0.0,1023,21.3125
3aeff8d50243a034,m1-pro-16gb-local,41a7d209fe8c72a0f936508ca6b058c3d92293c3dc9282bdb637ee95c60a04db,pffft-hybrid-float,float,spec012-confirm-01,1,interactive-v1,True,65536,48000,64,/Users/christiankauten/Documents/Projects/Rack/plugins/Fourier/.build/spec012/confirm-01-transitions/workload-0013-repeat-01.csv,8275b9f38b3f9e56f6ac862193f0fcd7658755591c831564a66a4b2032afb713,83a9b89bbe0a5da4151cf03be64a68141fe607bd90a47fdab1248dd348d6b5c9,2,length-decrease-early,4097,5120,6143,published,-1,"{""alpha"": 0, ""hop"": 1024, ""n"": 2048, ""octave"": 0, ""rate"": 48000, ""window"": 8}",1023,21.3125,2046,42.625
3aeff8d50243a034,m1-pro-16gb-local,41a7d209fe8c72a0f936508ca6b058c3d92293c3dc9282bdb637ee95c60a04db,pffft-hybrid-float,float,spec012-confirm-01,1,interactive-v1,True,65536,48000,64,/Users/christiankauten/Documents/Projects/Rack/plugins/Fourier/.build/spec012/confirm-01-transitions/workload-0013-repeat-01.csv,8275b9f38b3f9e56f6ac862193f0fcd7658755591c831564a66a4b2032afb713,83a9b89bbe0a5da4151cf03be64a68141fe607bd90a47fdab1248dd348d6b5c9,3,hop-increase-middle,6656,7168,8191,published,-1,"{""alpha"": 0, ""hop"": 1024, ""n"": 2048, ""octave"": 0, ""rate"": 48000, ""window"": 8}",512,10.666666666666666,1535,31.979166666666668
3aeff8d50243a034,m1-pro-16gb-local,41a7d209fe8c72a0f936508ca6b058c3d92293c3dc9282bdb637ee95c60a04db,pffft-hybrid-float,float,spec012-confirm-01,1,interactive-v1,True,65536,48000,64,/Users/christiankauten/Documents/Projects/Rack/plugins/Fourier/.build/spec012/confirm-01-transitions/workload-0013-repeat-01.csv,8275b9f38b3f9e56f6ac862193f0fcd7658755591c831564a66a4b2032afb713,83a9b89bbe0a5da4151cf03be64a68141fe607bd90a47fdab1248dd348d6b5c9,4,window-late,11262,11264,12287,published,-1,"{""alpha"": 0, ""hop"": 1024, ""n"": 2048, ""octave"": 0, ""rate"": 48000, ""window"": 8}",2,0.041666666666666664,1025,21.354166666666668
3aeff8d50243a034,m1-pro-16gb-local,41a7d209fe8c72a0f936508ca6b058c3d92293c3dc9282bdb637ee95c60a04db,pffft-hybrid-float,float,spec012-confirm-01,1,interactive-v1,True,65536,48000,64,/Users/christiankauten/Documents/Projects/Rack/plugins/Fourier/.build/spec012/confirm-01-transitions/workload-0013-repeat-01.csv,8275b9f38b3f9e56f6ac862193f0fcd7658755591c831564a66a4b2032afb713,83a9b89bbe0a5da4151cf03be64a68141fe607bd90a47fdab1248dd348d6b5c9,5,smoothing-before-publication,13311,13312,14335,published,-1,"{""alpha"": 0, ""hop"": 1024, ""n"": 2048, ""octave"": 0, ""rate"": 48000, ""window"": 8}",1,0.020833333333333332,1024,21.333333333333332
3aeff8d50243a034,m1-pro-16gb-local,41a7d209fe8c72a0f936508ca6b058c3d92293c3dc9282bdb637ee95c60a04db,pffft-hybrid-float,float,spec012-confirm-01,1,interactive-v1,True,65536,48000,64,/Users/christiankauten/Documents/Projects/Rack/plugins/Fourier/.build/spec012/confirm-01-transitions/workload-0013-repeat-01.csv,8275b9f38b3f9e56f6ac862193f0fcd7658755591c831564a66a4b2032afb713,83a9b89bbe0a5da4151cf03be64a68141fe607bd90a47fdab1248dd348d6b5c9,6,no-op-boundary,15360,15360,16383,published,-1,"{""alpha"": 0, ""hop"": 1024, ""n"": 2048, ""octave"": 0, ""rate"": 48000, ""window"": 8}",0,0.0,1023,21.3125
3aeff8d50243a034,m1-pro-16gb-local,41a7d209fe8c72a0f936508ca6b058c3d92293c3dc9282bdb637ee95c60a04db,pffft-hybrid-float,float,spec012-confirm-01,1,interactive-v1,True,65536,48000,64,/Users/christiankauten/Documents/Projects/Rack/plugins/Fourier/.build/spec012/confirm-01-transitions/workload-0013-repeat-01.csv,8275b9f38b3f9e56f6ac862193f0fcd7658755591c831564a66a4b2032afb713,83a9b89bbe0a5da4151cf03be64a68141fe607bd90a47fdab1248dd348d6b5c9,7,replace-pending-first,17409,-1,-1,replaced,8,"{""alpha"": 0, ""hop"": 1024, ""n"": 2048, ""octave"": 0, ""rate"": 48000, ""window"": 8}",,,,
3aeff8d50243a034,m1-pro-16gb-local,41a7d209fe8c72a0f936508ca6b058c3d92293c3dc9282bdb637ee95c60a04db,pffft-hybrid-float,float,spec012-confirm-01,1,interactive-v1,True,65536,48000,64,/Users/christiankauten/Documents/Projects/Rack/plugins/Fourier/.build/spec012/confirm-01-transitions/workload-0013-repeat-01.csv,8275b9f38b3f9e56f6ac862193f0fcd7658755591c831564a66a4b2032afb713,83a9b89bbe0a5da4151cf03be64a68141fe607bd90a47fdab1248dd348d6b5c9,8,replace-pending-last,17410,18432,19455,published,-1,"{""alpha"": 0, ""hop"": 1024, ""n"": 2048, ""octave"": 0, ""rate"": 48000, ""window"": 8}",1022,21.291666666666668,2045,42.604166666666664
3aeff8d50243a034,m1-pro-16gb-local,41a7d209fe8c72a0f936508ca6b058c3d92293c3dc9282bdb637ee95c60a04db,pffft-hybrid-float,float,spec012-confirm-01,1,interactive-v1,True,65536,48000,64,/Users/christiankauten/Documents/Projects/Rack/plugins/Fourier/.build/spec012/confirm-01-transitions/workload-0013-repeat-01.csv,8275b9f38b3f9e56f6ac862193f0fcd7658755591c831564a66a4b2032afb713,83a9b89bbe0a5da4151cf03be64a68141fe607bd90a47fdab1248dd348d6b5c9,9,hop-decrease-boundary,21504,21504,22527,published,-1,"{""alpha"": 0, ""hop"": 1024, ""n"": 2048, ""octave"": 0, ""rate"": 48000, ""window"": 8}",0,0.0,1023,21.3125
3aeff8d50243a034,m1-pro-16gb-local,41a7d209fe8c72a0f936508ca6b058c3d92293c3dc9282bdb637ee95c60a04db,pffft-hybrid-float,float,spec012-confirm-01,1,interactive-v1,True,65536,48000,64,/Users/christiankauten/Documents/Projects/Rack/plugins/Fourier/.build/spec012/confirm-01-transitions/workload-0013-repeat-01.csv,8275b9f38b3f9e56f6ac862193f0fcd7658755591c831564a66a4b2032afb713,83a9b89bbe0a5da4151cf03be64a68141fe607bd90a47fdab1248dd348d6b5c9,10,smoothing-disable,23553,24576,25599,published,-1,"{""alpha"": 0, ""hop"": 1024, ""n"": 2048, ""octave"": 0, ""rate"": 48000, ""window"": 8}",1023,21.3125,2046,42.625
3aeff8d50243a034,m1-pro-16gb-local,41a7d209fe8c72a0f936508ca6b058c3d92293c3dc9282bdb637ee95c60a04db,pffft-hybrid-float,float,spec012-confirm-01,1,interactive-v1,True,65536,48000,64,/Users/christiankauten/Documents/Projects/Rack/plugins/Fourier/.build/spec012/confirm-01-transitions/workload-0013-repeat-01.csv,8275b9f38b3f9e56f6ac862193f0fcd7658755591c831564a66a4b2032afb713,83a9b89bbe0a5da4151cf03be64a68141fe607bd90a47fdab1248dd348d6b5c9,11,horizon-no-response,65535,-1,-1,pending-no-response,-1,"{""alpha"": 0, ""hop"": 1024, ""n"": 2048, ""octave"": 0, ""rate"": 48000, ""window"": 8}",,,,
3aeff8d50243a034,m1-pro-16gb-local,41a7d209fe8c72a0f936508ca6b058c3d92293c3dc9282bdb637ee95c60a04db,pffft-hybrid-float,float,spec012-confirm-01,2,interactive-v1,True,65536,48000,64,/Users/christiankauten/Documents/Projects/Rack/plugins/Fourier/.build/spec012/confirm-01-transitions/workload-0013-repeat-02.csv,275bb84ee9f1b55705d8560dae6fb43fde7e754b32e951d62c023c7eafa905fa,83a9b89bbe0a5da4151cf03be64a68141fe607bd90a47fdab1248dd348d6b5c9,1,length-increase-boundary,2048,2048,3071,published,-1,"{""alpha"": 0, ""hop"": 1024, ""n"": 2048, ""octave"": 0, ""rate"": 48000, ""window"": 8}",0,0.0,1023,21.3125
3aeff8d50243a034,m1-pro-16gb-local,41a7d209fe8c72a0f936508ca6b058c3d92293c3dc9282bdb637ee95c60a04db,pffft-hybrid-float,float,spec012-confirm-01,2,interactive-v1,True,65536,48000,64,/Users/christiankauten/Documents/Projects/Rack/plugins/Fourier/.build/spec012/confirm-01-transitions/workload-0013-repeat-02.csv,275bb84ee9f1b55705d8560dae6fb43fde7e754b32e951d62c023c7eafa905fa,83a9b89bbe0a5da4151cf03be64a68141fe607bd90a47fdab1248dd348d6b5c9,2,length-decrease-early,4097,5120,6143,published,-1,"{""alpha"": 0, ""hop"": 1024, ""n"": 2048, ""octave"": 0, ""rate"": 48000, ""window"": 8}",1023,21.3125,2046,42.625
3aeff8d50243a034,m1-pro-16gb-local,41a7d209fe8c72a0f936508ca6b058c3d92293c3dc9282bdb637ee95c60a04db,pffft-hybrid-float,float,spec012-confirm-01,2,interactive-v1,True,65536,48000,64,/Users/christiankauten/Documents/Projects/Rack/plugins/Fourier/.build/spec012/confirm-01-transitions/workload-0013-repeat-02.csv,275bb84ee9f1b55705d8560dae6fb43fde7e754b32e951d62c023c7eafa905fa,83a9b89bbe0a5da4151cf03be64a68141fe607bd90a47fdab1248dd348d6b5c9,3,hop-increase-middle,6656,7168,8191,published,-1,"{""alpha"": 0, ""hop"": 1024, ""n"": 2048, ""octave"": 0, ""rate"": 48000, ""window"": 8}",512,10.666666666666666,1535,31.979166666666668
3aeff8d50243a034,m1-pro-16gb-local,41a7d209fe8c72a0f936508ca6b058c3d92293c3dc9282bdb637ee95c60a04db,pffft-hybrid-float,float,spec012-confirm-01,2,interactive-v1,True,65536,48000,64,/Users/christiankauten/Documents/Projects/Rack/plugins/Fourier/.build/spec012/confirm-01-transitions/workload-0013-repeat-02.csv,275bb84ee9f1b55705d8560dae6fb43fde7e754b32e951d62c023c7eafa905fa,83a9b89bbe0a5da4151cf03be64a68141fe607bd90a47fdab1248dd348d6b5c9,4,window-late,11262,11264,12287,published,-1,"{""alpha"": 0, ""hop"": 1024, ""n"": 2048, ""octave"": 0, ""rate"": 48000, ""window"": 8}",2,0.041666666666666664,1025,21.354166666666668
3aeff8d50243a034,m1-pro-16gb-local,41a7d209fe8c72a0f936508ca6b058c3d92293c3dc9282bdb637ee95c60a04db,pffft-hybrid-float,float,spec012-confirm-01,2,interactive-v1,True,65536,48000,64,/Users/christiankauten/Documents/Projects/Rack/plugins/Fourier/.build/spec012/confirm-01-transitions/workload-0013-repeat-02.csv,275bb84ee9f1b55705d8560dae6fb43fde7e754b32e951d62c023c7eafa905fa,83a9b89bbe0a5da4151cf03be64a68141fe607bd90a47fdab1248dd348d6b5c9,5,smoothing-before-publication,13311,13312,14335,published,-1,"{""alpha"": 0, ""hop"": 1024, ""n"": 2048, ""octave"": 0, ""rate"": 48000, ""window"": 8}",1,0.020833333333333332,1024,21.333333333333332
3aeff8d50243a034,m1-pro-16gb-local,41a7d209fe8c72a0f936508ca6b058c3d92293c3dc9282bdb637ee95c60a04db,pffft-hybrid-float,float,spec012-confirm-01,2,interactive-v1,True,65536,48000,64,/Users/christiankauten/Documents/Projects/Rack/plugins/Fourier/.build/spec012/confirm-01-transitions/workload-0013-repeat-02.csv,275bb84ee9f1b55705d8560dae6fb43fde7e754b32e951d62c023c7eafa905fa,83a9b89bbe0a5da4151cf03be64a68141fe607bd90a47fdab1248dd348d6b5c9,6,no-op-boundary,15360,15360,16383,published,-1,"{""alpha"": 0, ""hop"": 1024, ""n"": 2048, ""octave"": 0, ""rate"": 48000, ""window"": 8}",0,0.0,1023,21.3125
3aeff8d50243a034,m1-pro-16gb-local,41a7d209fe8c72a0f936508ca6b058c3d92293c3dc9282bdb637ee95c60a04db,pffft-hybrid-float,float,spec012-confirm-01,2,interactive-v1,True,65536,48000,64,/Users/christiankauten/Documents/Projects/Rack/plugins/Fourier/.build/spec012/confirm-01-transitions/workload-0013-repeat-02.csv,275bb84ee9f1b55705d8560dae6fb43fde7e754b32e951d62c023c7eafa905fa,83a9b89bbe0a5da4151cf03be64a68141fe607bd90a47fdab1248dd348d6b5c9,7,replace-pending-first,17409,-1,-1,replaced,8,"{""alpha"": 0, ""hop"": 1024, ""n"": 2048, ""octave"": 0, ""rate"": 48000, ""window"": 8}",,,,
3aeff8d50243a034,m1-pro-16gb-local,41a7d209fe8c72a0f936508ca6b058c3d92293c3dc9282bdb637ee95c60a04db,pffft-hybrid-float,float,spec012-confirm-01,2,interactive-v1,True,65536,48000,64,/Users/christiankauten/Documents/Projects/Rack/plugins/Fourier/.build/spec012/confirm-01-transitions/workload-0013-repeat-02.csv,275bb84ee9f1b55705d8560dae6fb43fde7e754b32e951d62c023c7eafa905fa,83a9b89bbe0a5da4151cf03be64a68141fe607bd90a47fdab1248dd348d6b5c9,8,replace-pending-last,17410,18432,19455,published,-1,"{""alpha"": 0, ""hop"": 1024, ""n"": 2048, ""octave"": 0, ""rate"": 48000, ""window"": 8}",1022,21.291666666666668,2045,42.604166666666664
3aeff8d50243a034,m1-pro-16gb-local,41a7d209fe8c72a0f936508ca6b058c3d92293c3dc9282bdb637ee95c60a04db,pffft-hybrid-float,float,spec012-confirm-01,2,interactive-v1,True,65536,48000,64,/Users/christiankauten/Documents/Projects/Rack/plugins/Fourier/.build/spec012/confirm-01-transitions/workload-0013-repeat-02.csv,275bb84ee9f1b55705d8560dae6fb43fde7e754b32e951d62c023c7eafa905fa,83a9b89bbe0a5da4151cf03be64a68141fe607bd90a47fdab1248dd348d6b5c9,9,hop-decrease-boundary,21504,21504,22527,published,-1,"{""alpha"": 0, ""hop"": 1024, ""n"": 2048, ""octave"": 0, ""rate"": 48000, ""window"": 8}",0,0.0,1023,21.3125
3aeff8d50243a034,m1-pro-16gb-local,41a7d209fe8c72a0f936508ca6b058c3d92293c3dc9282bdb637ee95c60a04db,pffft-hybrid-float,float,spec012-confirm-01,2,interactive-v1,True,65536,48000,64,/Users/christiankauten/Documents/Projects/Rack/plugins/Fourier/.build/spec012/confirm-01-transitions/workload-0013-repeat-02.csv,275bb84ee9f1b55705d8560dae6fb43fde7e754b32e951d62c023c7eafa905fa,83a9b89bbe0a5da4151cf03be64a68141fe607bd90a47fdab1248dd348d6b5c9,10,smoothing-disable,23553,24576,25599,published,-1,"{""alpha"": 0, ""hop"": 1024, ""n"": 2048, ""octave"": 0, ""rate"": 48000, ""window"": 8}",1023,21.3125,2046,42.625
3aeff8d50243a034,m1-pro-16gb-local,41a7d209fe8c72a0f936508ca6b058c3d92293c3dc9282bdb637ee95c60a04db,pffft-hybrid-float,float,spec012-confirm-01,2,interactive-v1,True,65536,48000,64,/Users/christiankauten/Documents/Projects/Rack/plugins/Fourier/.build/spec012/confirm-01-transitions/workload-0013-repeat-02.csv,275bb84ee9f1b55705d8560dae6fb43fde7e754b32e951d62c023c7eafa905fa,83a9b89bbe0a5da4151cf03be64a68141fe607bd90a47fdab1248dd348d6b5c9,11,horizon-no-response,65535,-1,-1,pending-no-response,-1,"{""alpha"": 0, ""hop"": 1024, ""n"": 2048, ""octave"": 0, ""rate"": 48000, ""window"": 8}",,,,
3aeff8d50243a034,m1-pro-16gb-local,41a7d209fe8c72a0f936508ca6b058c3d92293c3dc9282bdb637ee95c60a04db,pffft-hybrid-float,float,spec012-confirm-02,0,interactive-v1,True,65536,48000,64,/Users/christiankauten/Documents/Projects/Rack/plugins/Fourier/.build/spec012/confirm-02-transitions/workload-0013-repeat-00.csv,2beb2af1820ccd7dfad7c71d618b50ac5f19fdb02d3fb074e845f0c507e1b697,83a9b89bbe0a5da4151cf03be64a68141fe607bd90a47fdab1248dd348d6b5c9,1,length-increase-boundary,2048,2048,3071,published,-1,"{""alpha"": 0, ""hop"": 1024, ""n"": 2048, ""octave"": 0, ""rate"": 48000, ""window"": 8}",0,0.0,1023,21.3125
3aeff8d50243a034,m1-pro-16gb-local,41a7d209fe8c72a0f936508ca6b058c3d92293c3dc9282bdb637ee95c60a04db,pffft-hybrid-float,float,spec012-confirm-02,0,interactive-v1,True,65536,48000,64,/Users/christiankauten/Documents/Projects/Rack/plugins/Fourier/.build/spec012/confirm-02-transitions/workload-0013-repeat-00.csv,2beb2af1820ccd7dfad7c71d618b50ac5f19fdb02d3fb074e845f0c507e1b697,83a9b89bbe0a5da4151cf03be64a68141fe607bd90a47fdab1248dd348d6b5c9,2,length-decrease-early,4097,5120,6143,published,-1,"{""alpha"": 0, ""hop"": 1024, ""n"": 2048, ""octave"": 0, ""rate"": 48000, ""window"": 8}",1023,21.3125,2046,42.625
3aeff8d50243a034,m1-pro-16gb-local,41a7d209fe8c72a0f936508ca6b058c3d92293c3dc9282bdb637ee95c60a04db,pffft-hybrid-float,float,spec012-confirm-02,0,interactive-v1,True,65536,48000,64,/Users/christiankauten/Documents/Projects/Rack/plugins/Fourier/.build/spec012/confirm-02-transitions/workload-0013-repeat-00.csv,2beb2af1820ccd7dfad7c71d618b50ac5f19fdb02d3fb074e845f0c507e1b697,83a9b89bbe0a5da4151cf03be64a68141fe607bd90a47fdab1248dd348d6b5c9,3,hop-increase-middle,6656,7168,8191,published,-1,"{""alpha"": 0, ""hop"": 1024, ""n"": 2048, ""octave"": 0, ""rate"": 48000, ""window"": 8}",512,10.666666666666666,1535,31.979166666666668
3aeff8d50243a034,m1-pro-16gb-local,41a7d209fe8c72a0f936508ca6b058c3d92293c3dc9282bdb637ee95c60a04db,pffft-hybrid-float,float,spec012-confirm-02,0,interactive-v1,True,65536,48000,64,/Users/christiankauten/Documents/Projects/Rack/plugins/Fourier/.build/spec012/confirm-02-transitions/workload-0013-repeat-00.csv,2beb2af1820ccd7dfad7c71d618b50ac5f19fdb02d3fb074e845f0c507e1b697,83a9b89bbe0a5da4151cf03be64a68141fe607bd90a47fdab1248dd348d6b5c9,4,window-late,11262,11264,12287,published,-1,"{""alpha"": 0, ""hop"": 1024, ""n"": 2048, ""octave"": 0, ""rate"": 48000, ""window"": 8}",2,0.041666666666666664,1025,21.354166666666668
3aeff8d50243a034,m1-pro-16gb-local,41a7d209fe8c72a0f936508ca6b058c3d92293c3dc9282bdb637ee95c60a04db,pffft-hybrid-float,float,spec012-confirm-02,0,interactive-v1,True,65536,48000,64,/Users/christiankauten/Documents/Projects/Rack/plugins/Fourier/.build/spec012/confirm-02-transitions/workload-0013-repeat-00.csv,2beb2af1820ccd7dfad7c71d618b50ac5f19fdb02d3fb074e845f0c507e1b697,83a9b89bbe0a5da4151cf03be64a68141fe607bd90a47fdab1248dd348d6b5c9,5,smoothing-before-publication,13311,13312,14335,published,-1,"{""alpha"": 0, ""hop"": 1024, ""n"": 2048, ""octave"": 0, ""rate"": 48000, ""window"": 8}",1,0.020833333333333332,1024,21.333333333333332
3aeff8d50243a034,m1-pro-16gb-local,41a7d209fe8c72a0f936508ca6b058c3d92293c3dc9282bdb637ee95c60a04db,pffft-hybrid-float,float,spec012-confirm-02,0,interactive-v1,True,65536,48000,64,/Users/christiankauten/Documents/Projects/Rack/plugins/Fourier/.build/spec012/confirm-02-transitions/workload-0013-repeat-00.csv,2beb2af1820ccd7dfad7c71d618b50ac5f19fdb02d3fb074e845f0c507e1b697,83a9b89bbe0a5da4151cf03be64a68141fe607bd90a47fdab1248dd348d6b5c9,6,no-op-boundary,15360,15360,16383,published,-1,"{""alpha"": 0, ""hop"": 1024, ""n"": 2048, ""octave"": 0, ""rate"": 48000, ""window"": 8}",0,0.0,1023,21.3125
3aeff8d50243a034,m1-pro-16gb-local,41a7d209fe8c72a0f936508ca6b058c3d92293c3dc9282bdb637ee95c60a04db,pffft-hybrid-float,float,spec012-confirm-02,0,interactive-v1,True,65536,48000,64,/Users/christiankauten/Documents/Projects/Rack/plugins/Fourier/.build/spec012/confirm-02-transitions/workload-0013-repeat-00.csv,2beb2af1820ccd7dfad7c71d618b50ac5f19fdb02d3fb074e845f0c507e1b697,83a9b89bbe0a5da4151cf03be64a68141fe607bd90a47fdab1248dd348d6b5c9,7,replace-pending-first,17409,-1,-1,replaced,8,"{""alpha"": 0, ""hop"": 1024, ""n"": 2048, ""octave"": 0, ""rate"": 48000, ""window"": 8}",,,,
3aeff8d50243a034,m1-pro-16gb-local,41a7d209fe8c72a0f936508ca6b058c3d92293c3dc9282bdb637ee95c60a04db,pffft-hybrid-float,float,spec012-confirm-02,0,interactive-v1,True,65536,48000,64,/Users/christiankauten/Documents/Projects/Rack/plugins/Fourier/.build/spec012/confirm-02-transitions/workload-0013-repeat-00.csv,2beb2af1820ccd7dfad7c71d618b50ac5f19fdb02d3fb074e845f0c507e1b697,83a9b89bbe0a5da4151cf03be64a68141fe607bd90a47fdab1248dd348d6b5c9,8,replace-pending-last,17410,18432,19455,published,-1,"{""alpha"": 0, ""hop"": 1024, ""n"": 2048, ""octave"": 0, ""rate"": 48000, ""window"": 8}",1022,21.291666666666668,2045,42.604166666666664
3aeff8d50243a034,m1-pro-16gb-local,41a7d209fe8c72a0f936508ca6b058c3d92293c3dc9282bdb637ee95c60a04db,pffft-hybrid-float,float,spec012-confirm-02,0,interactive-v1,True,65536,48000,64,/Users/christiankauten/Documents/Projects/Rack/plugins/Fourier/.build/spec012/confirm-02-transitions/workload-0013-repeat-00.csv,2beb2af1820ccd7dfad7c71d618b50ac5f19fdb02d3fb074e845f0c507e1b697,83a9b89bbe0a5da4151cf03be64a68141fe607bd90a47fdab1248dd348d6b5c9,9,hop-decrease-boundary,21504,21504,22527,published,-1,"{""alpha"": 0, ""hop"": 1024, ""n"": 2048, ""octave"": 0, ""rate"": 48000, ""window"": 8}",0,0.0,1023,21.3125
3aeff8d50243a034,m1-pro-16gb-local,41a7d209fe8c72a0f936508ca6b058c3d92293c3dc9282bdb637ee95c60a04db,pffft-hybrid-float,float,spec012-confirm-02,0,interactive-v1,True,65536,48000,64,/Users/christiankauten/Documents/Projects/Rack/plugins/Fourier/.build/spec012/confirm-02-transitions/workload-0013-repeat-00.csv,2beb2af1820ccd7dfad7c71d618b50ac5f19fdb02d3fb074e845f0c507e1b697,83a9b89bbe0a5da4151cf03be64a68141fe607bd90a47fdab1248dd348d6b5c9,10,smoothing-disable,23553,24576,25599,published,-1,"{""alpha"": 0, ""hop"": 1024, ""n"": 2048, ""octave"": 0, ""rate"": 48000, ""window"": 8}",1023,21.3125,2046,42.625
3aeff8d50243a034,m1-pro-16gb-local,41a7d209fe8c72a0f936508ca6b058c3d92293c3dc9282bdb637ee95c60a04db,pffft-hybrid-float,float,spec012-confirm-02,0,interactive-v1,True,65536,48000,64,/Users/christiankauten/Documents/Projects/Rack/plugins/Fourier/.build/spec012/confirm-02-transitions/workload-0013-repeat-00.csv,2beb2af1820ccd7dfad7c71d618b50ac5f19fdb02d3fb074e845f0c507e1b697,83a9b89bbe0a5da4151cf03be64a68141fe607bd90a47fdab1248dd348d6b5c9,11,horizon-no-response,65535,-1,-1,pending-no-response,-1,"{""alpha"": 0, ""hop"": 1024, ""n"": 2048, ""octave"": 0, ""rate"": 48000, ""window"": 8}",,,,
3aeff8d50243a034,m1-pro-16gb-local,41a7d209fe8c72a0f936508ca6b058c3d92293c3dc9282bdb637ee95c60a04db,pffft-hybrid-float,float,spec012-confirm-02,1,interactive-v1,True,65536,48000,64,/Users/christiankauten/Documents/Projects/Rack/plugins/Fourier/.build/spec012/confirm-02-transitions/workload-0013-repeat-01.csv,835ca1863685f0b29e65b24fd4ddc73164ae2b55d15f14475a59e54dedef911a,83a9b89bbe0a5da4151cf03be64a68141fe607bd90a47fdab1248dd348d6b5c9,1,length-increase-boundary,2048,2048,3071,published,-1,"{""alpha"": 0, ""hop"": 1024, ""n"": 2048, ""octave"": 0, ""rate"": 48000, ""window"": 8}",0,0.0,1023,21.3125
3aeff8d50243a034,m1-pro-16gb-local,41a7d209fe8c72a0f936508ca6b058c3d92293c3dc9282bdb637ee95c60a04db,pffft-hybrid-float,float,spec012-confirm-02,1,interactive-v1,True,65536,48000,64,/Users/christiankauten/Documents/Projects/Rack/plugins/Fourier/.build/spec012/confirm-02-transitions/workload-0013-repeat-01.csv,835ca1863685f0b29e65b24fd4ddc73164ae2b55d15f14475a59e54dedef911a,83a9b89bbe0a5da4151cf03be64a68141fe607bd90a47fdab1248dd348d6b5c9,2,length-decrease-early,4097,5120,6143,published,-1,"{""alpha"": 0, ""hop"": 1024, ""n"": 2048, ""octave"": 0, ""rate"": 48000, ""window"": 8}",1023,21.3125,2046,42.625
3aeff8d50243a034,m1-pro-16gb-local,41a7d209fe8c72a0f936508ca6b058c3d92293c3dc9282bdb637ee95c60a04db,pffft-hybrid-float,float,spec012-confirm-02,1,interactive-v1,True,65536,48000,64,/Users/christiankauten/Documents/Projects/Rack/plugins/Fourier/.build/spec012/confirm-02-transitions/workload-0013-repeat-01.csv,835ca1863685f0b29e65b24fd4ddc73164ae2b55d15f14475a59e54dedef911a,83a9b89bbe0a5da4151cf03be64a68141fe607bd90a47fdab1248dd348d6b5c9,3,hop-increase-middle,6656,7168,8191,published,-1,"{""alpha"": 0, ""hop"": 1024, ""n"": 2048, ""octave"": 0, ""rate"": 48000, ""window"": 8}",512,10.666666666666666,1535,31.979166666666668
3aeff8d50243a034,m1-pro-16gb-local,41a7d209fe8c72a0f936508ca6b058c3d92293c3dc9282bdb637ee95c60a04db,pffft-hybrid-float,float,spec012-confirm-02,1,interactive-v1,True,65536,48000,64,/Users/christiankauten/Documents/Projects/Rack/plugins/Fourier/.build/spec012/confirm-02-transitions/workload-0013-repeat-01.csv,835ca1863685f0b29e65b24fd4ddc73164ae2b55d15f14475a59e54dedef911a,83a9b89bbe0a5da4151cf03be64a68141fe607bd90a47fdab1248dd348d6b5c9,4,window-late,11262,11264,12287,published,-1,"{""alpha"": 0, ""hop"": 1024, ""n"": 2048, ""octave"": 0, ""rate"": 48000, ""window"": 8}",2,0.041666666666666664,1025,21.354166666666668
3aeff8d50243a034,m1-pro-16gb-local,41a7d209fe8c72a0f936508ca6b058c3d92293c3dc9282bdb637ee95c60a04db,pffft-hybrid-float,float,spec012-confirm-02,1,interactive-v1,True,65536,48000,64,/Users/christiankauten/Documents/Projects/Rack/plugins/Fourier/.build/spec012/confirm-02-transitions/workload-0013-repeat-01.csv,835ca1863685f0b29e65b24fd4ddc73164ae2b55d15f14475a59e54dedef911a,83a9b89bbe0a5da4151cf03be64a68141fe607bd90a47fdab1248dd348d6b5c9,5,smoothing-before-publication,13311,13312,14335,published,-1,"{""alpha"": 0, ""hop"": 1024, ""n"": 2048, ""octave"": 0, ""rate"": 48000, ""window"": 8}",1,0.020833333333333332,1024,21.333333333333332
3aeff8d50243a034,m1-pro-16gb-local,41a7d209fe8c72a0f936508ca6b058c3d92293c3dc9282bdb637ee95c60a04db,pffft-hybrid-float,float,spec012-confirm-02,1,interactive-v1,True,65536,48000,64,/Users/christiankauten/Documents/Projects/Rack/plugins/Fourier/.build/spec012/confirm-02-transitions/workload-0013-repeat-01.csv,835ca1863685f0b29e65b24fd4ddc73164ae2b55d15f14475a59e54dedef911a,83a9b89bbe0a5da4151cf03be64a68141fe607bd90a47fdab1248dd348d6b5c9,6,no-op-boundary,15360,15360,16383,published,-1,"{""alpha"": 0, ""hop"": 1024, ""n"": 2048, ""octave"": 0, ""rate"": 48000, ""window"": 8}",0,0.0,1023,21.3125
3aeff8d50243a034,m1-pro-16gb-local,41a7d209fe8c72a0f936508ca6b058c3d92293c3dc9282bdb637ee95c60a04db,pffft-hybrid-float,float,spec012-confirm-02,1,interactive-v1,True,65536,48000,64,/Users/christiankauten/Documents/Projects/Rack/plugins/Fourier/.build/spec012/confirm-02-transitions/workload-0013-repeat-01.csv,835ca1863685f0b29e65b24fd4ddc73164ae2b55d15f14475a59e54dedef911a,83a9b89bbe0a5da4151cf03be64a68141fe607bd90a47fdab1248dd348d6b5c9,7,replace-pending-first,17409,-1,-1,replaced,8,"{""alpha"": 0, ""hop"": 1024, ""n"": 2048, ""octave"": 0, ""rate"": 48000, ""window"": 8}",,,,
3aeff8d50243a034,m1-pro-16gb-local,41a7d209fe8c72a0f936508ca6b058c3d92293c3dc9282bdb637ee95c60a04db,pffft-hybrid-float,float,spec012-confirm-02,1,interactive-v1,True,65536,48000,64,/Users/christiankauten/Documents/Projects/Rack/plugins/Fourier/.build/spec012/confirm-02-transitions/workload-0013-repeat-01.csv,835ca1863685f0b29e65b24fd4ddc73164ae2b55d15f14475a59e54dedef911a,83a9b89bbe0a5da4151cf03be64a68141fe607bd90a47fdab1248dd348d6b5c9,8,replace-pending-last,17410,18432,19455,published,-1,"{""alpha"": 0, ""hop"": 1024, ""n"": 2048, ""octave"": 0, ""rate"": 48000, ""window"": 8}",1022,21.291666666666668,2045,42.604166666666664
3aeff8d50243a034,m1-pro-16gb-local,41a7d209fe8c72a0f936508ca6b058c3d92293c3dc9282bdb637ee95c60a04db,pffft-hybrid-float,float,spec012-confirm-02,1,interactive-v1,True,65536,48000,64,/Users/christiankauten/Documents/Projects/Rack/plugins/Fourier/.build/spec012/confirm-02-transitions/workload-0013-repeat-01.csv,835ca1863685f0b29e65b24fd4ddc73164ae2b55d15f14475a59e54dedef911a,83a9b89bbe0a5da4151cf03be64a68141fe607bd90a47fdab1248dd348d6b5c9,9,hop-decrease-boundary,21504,21504,22527,published,-1,"{""alpha"": 0, ""hop"": 1024, ""n"": 2048, ""octave"": 0, ""rate"": 48000, ""window"": 8}",0,0.0,1023,21.3125
3aeff8d50243a034,m1-pro-16gb-local,41a7d209fe8c72a0f936508ca6b058c3d92293c3dc9282bdb637ee95c60a04db,pffft-hybrid-float,float,spec012-confirm-02,1,interactive-v1,True,65536,48000,64,/Users/christiankauten/Documents/Projects/Rack/plugins/Fourier/.build/spec012/confirm-02-transitions/workload-0013-repeat-01.csv,835ca1863685f0b29e65b24fd4ddc73164ae2b55d15f14475a59e54dedef911a,83a9b89bbe0a5da4151cf03be64a68141fe607bd90a47fdab1248dd348d6b5c9,10,smoothing-disable,23553,24576,25599,published,-1,"{""alpha"": 0, ""hop"": 1024, ""n"": 2048, ""octave"": 0, ""rate"": 48000, ""window"": 8}",1023,21.3125,2046,42.625
3aeff8d50243a034,m1-pro-16gb-local,41a7d209fe8c72a0f936508ca6b058c3d92293c3dc9282bdb637ee95c60a04db,pffft-hybrid-float,float,spec012-confirm-02,1,interactive-v1,True,65536,48000,64,/Users/christiankauten/Documents/Projects/Rack/plugins/Fourier/.build/spec012/confirm-02-transitions/workload-0013-repeat-01.csv,835ca1863685f0b29e65b24fd4ddc73164ae2b55d15f14475a59e54dedef911a,83a9b89bbe0a5da4151cf03be64a68141fe607bd90a47fdab1248dd348d6b5c9,11,horizon-no-response,65535,-1,-1,pending-no-response,-1,"{""alpha"": 0, ""hop"": 1024, ""n"": 2048, ""octave"": 0, ""rate"": 48000, ""window"": 8}",,,,
3aeff8d50243a034,m1-pro-16gb-local,41a7d209fe8c72a0f936508ca6b058c3d92293c3dc9282bdb637ee95c60a04db,pffft-hybrid-float,float,spec012-confirm-02,2,interactive-v1,True,65536,48000,64,/Users/christiankauten/Documents/Projects/Rack/plugins/Fourier/.build/spec012/confirm-02-transitions/workload-0013-repeat-02.csv,4bf0259c4792dc8390de53c51383b62d7ab78d4c36afb0ae57be5360940ea18a,83a9b89bbe0a5da4151cf03be64a68141fe607bd90a47fdab1248dd348d6b5c9,1,length-increase-boundary,2048,2048,3071,published,-1,"{""alpha"": 0, ""hop"": 1024, ""n"": 2048, ""octave"": 0, ""rate"": 48000, ""window"": 8}",0,0.0,1023,21.3125
3aeff8d50243a034,m1-pro-16gb-local,41a7d209fe8c72a0f936508ca6b058c3d92293c3dc9282bdb637ee95c60a04db,pffft-hybrid-float,float,spec012-confirm-02,2,interactive-v1,True,65536,48000,64,/Users/christiankauten/Documents/Projects/Rack/plugins/Fourier/.build/spec012/confirm-02-transitions/workload-0013-repeat-02.csv,4bf0259c4792dc8390de53c51383b62d7ab78d4c36afb0ae57be5360940ea18a,83a9b89bbe0a5da4151cf03be64a68141fe607bd90a47fdab1248dd348d6b5c9,2,length-decrease-early,4097,5120,6143,published,-1,"{""alpha"": 0, ""hop"": 1024, ""n"": 2048, ""octave"": 0, ""rate"": 48000, ""window"": 8}",1023,21.3125,2046,42.625
3aeff8d50243a034,m1-pro-16gb-local,41a7d209fe8c72a0f936508ca6b058c3d92293c3dc9282bdb637ee95c60a04db,pffft-hybrid-float,float,spec012-confirm-02,2,interactive-v1,True,65536,48000,64,/Users/christiankauten/Documents/Projects/Rack/plugins/Fourier/.build/spec012/confirm-02-transitions/workload-0013-repeat-02.csv,4bf0259c4792dc8390de53c51383b62d7ab78d4c36afb0ae57be5360940ea18a,83a9b89bbe0a5da4151cf03be64a68141fe607bd90a47fdab1248dd348d6b5c9,3,hop-increase-middle,6656,7168,8191,published,-1,"{""alpha"": 0, ""hop"": 1024, ""n"": 2048, ""octave"": 0, ""rate"": 48000, ""window"": 8}",512,10.666666666666666,1535,31.979166666666668
3aeff8d50243a034,m1-pro-16gb-local,41a7d209fe8c72a0f936508ca6b058c3d92293c3dc9282bdb637ee95c60a04db,pffft-hybrid-float,float,spec012-confirm-02,2,interactive-v1,True,65536,48000,64,/Users/christiankauten/Documents/Projects/Rack/plugins/Fourier/.build/spec012/confirm-02-transitions/workload-0013-repeat-02.csv,4bf0259c4792dc8390de53c51383b62d7ab78d4c36afb0ae57be5360940ea18a,83a9b89bbe0a5da4151cf03be64a68141fe607bd90a47fdab1248dd348d6b5c9,4,window-late,11262,11264,12287,published,-1,"{""alpha"": 0, ""hop"": 1024, ""n"": 2048, ""octave"": 0, ""rate"": 48000, ""window"": 8}",2,0.041666666666666664,1025,21.354166666666668
3aeff8d50243a034,m1-pro-16gb-local,41a7d209fe8c72a0f936508ca6b058c3d92293c3dc9282bdb637ee95c60a04db,pffft-hybrid-float,float,spec012-confirm-02,2,interactive-v1,True,65536,48000,64,/Users/christiankauten/Documents/Projects/Rack/plugins/Fourier/.build/spec012/confirm-02-transitions/workload-0013-repeat-02.csv,4bf0259c4792dc8390de53c51383b62d7ab78d4c36afb0ae57be5360940ea18a,83a9b89bbe0a5da4151cf03be64a68141fe607bd90a47fdab1248dd348d6b5c9,5,smoothing-before-publication,13311,13312,14335,published,-1,"{""alpha"": 0, ""hop"": 1024, ""n"": 2048, ""octave"": 0, ""rate"": 48000, ""window"": 8}",1,0.020833333333333332,1024,21.333333333333332
3aeff8d50243a034,m1-pro-16gb-local,41a7d209fe8c72a0f936508ca6b058c3d92293c3dc9282bdb637ee95c60a04db,pffft-hybrid-float,float,spec012-confirm-02,2,interactive-v1,True,65536,48000,64,/Users/christiankauten/Documents/Projects/Rack/plugins/Fourier/.build/spec012/confirm-02-transitions/workload-0013-repeat-02.csv,4bf0259c4792dc8390de53c51383b62d7ab78d4c36afb0ae57be5360940ea18a,83a9b89bbe0a5da4151cf03be64a68141fe607bd90a47fdab1248dd348d6b5c9,6,no-op-boundary,15360,15360,16383,published,-1,"{""alpha"": 0, ""hop"": 1024, ""n"": 2048, ""octave"": 0, ""rate"": 48000, ""window"": 8}",0,0.0,1023,21.3125
3aeff8d50243a034,m1-pro-16gb-local,41a7d209fe8c72a0f936508ca6b058c3d92293c3dc9282bdb637ee95c60a04db,pffft-hybrid-float,float,spec012-confirm-02,2,interactive-v1,True,65536,48000,64,/Users/christiankauten/Documents/Projects/Rack/plugins/Fourier/.build/spec012/confirm-02-transitions/workload-0013-repeat-02.csv,4bf0259c4792dc8390de53c51383b62d7ab78d4c36afb0ae57be5360940ea18a,83a9b89bbe0a5da4151cf03be64a68141fe607bd90a47fdab1248dd348d6b5c9,7,replace-pending-first,17409,-1,-1,replaced,8,"{""alpha"": 0, ""hop"": 1024, ""n"": 2048, ""octave"": 0, ""rate"": 48000, ""window"": 8}",,,,
3aeff8d50243a034,m1-pro-16gb-local,41a7d209fe8c72a0f936508ca6b058c3d92293c3dc9282bdb637ee95c60a04db,pffft-hybrid-float,float,spec012-confirm-02,2,interactive-v1,True,65536,48000,64,/Users/christiankauten/Documents/Projects/Rack/plugins/Fourier/.build/spec012/confirm-02-transitions/workload-0013-repeat-02.csv,4bf0259c4792dc8390de53c51383b62d7ab78d4c36afb0ae57be5360940ea18a,83a9b89bbe0a5da4151cf03be64a68141fe607bd90a47fdab1248dd348d6b5c9,8,replace-pending-last,17410,18432,19455,published,-1,"{""alpha"": 0, ""hop"": 1024, ""n"": 2048, ""octave"": 0, ""rate"": 48000, ""window"": 8}",1022,21.291666666666668,2045,42.604166666666664
3aeff8d50243a034,m1-pro-16gb-local,41a7d209fe8c72a0f936508ca6b058c3d92293c3dc9282bdb637ee95c60a04db,pffft-hybrid-float,float,spec012-confirm-02,2,interactive-v1,True,65536,48000,64,/Users/christiankauten/Documents/Projects/Rack/plugins/Fourier/.build/spec012/confirm-02-transitions/workload-0013-repeat-02.csv,4bf0259c4792dc8390de53c51383b62d7ab78d4c36afb0ae57be5360940ea18a,83a9b89bbe0a5da4151cf03be64a68141fe607bd90a47fdab1248dd348d6b5c9,9,hop-decrease-boundary,21504,21504,22527,published,-1,"{""alpha"": 0, ""hop"": 1024, ""n"": 2048, ""octave"": 0, ""rate"": 48000, ""window"": 8}",0,0.0,1023,21.3125
3aeff8d50243a034,m1-pro-16gb-local,41a7d209fe8c72a0f936508ca6b058c3d92293c3dc9282bdb637ee95c60a04db,pffft-hybrid-float,float,spec012-confirm-02,2,interactive-v1,True,65536,48000,64,/Users/christiankauten/Documents/Projects/Rack/plugins/Fourier/.build/spec012/confirm-02-transitions/workload-0013-repeat-02.csv,4bf0259c4792dc8390de53c51383b62d7ab78d4c36afb0ae57be5360940ea18a,83a9b89bbe0a5da4151cf03be64a68141fe607bd90a47fdab1248dd348d6b5c9,10,smoothing-disable,23553,24576,25599,published,-1,"{""alpha"": 0, ""hop"": 1024, ""n"": 2048, ""octave"": 0, ""rate"": 48000, ""window"": 8}",1023,21.3125,2046,42.625
3aeff8d50243a034,m1-pro-16gb-local,41a7d209fe8c72a0f936508ca6b058c3d92293c3dc9282bdb637ee95c60a04db,pffft-hybrid-float,float,spec012-confirm-02,2,interactive-v1,True,65536,48000,64,/Users/christiankauten/Documents/Projects/Rack/plugins/Fourier/.build/spec012/confirm-02-transitions/workload-0013-repeat-02.csv,4bf0259c4792dc8390de53c51383b62d7ab78d4c36afb0ae57be5360940ea18a,83a9b89bbe0a5da4151cf03be64a68141fe607bd90a47fdab1248dd348d6b5c9,11,horizon-no-response,65535,-1,-1,pending-no-response,-1,"{""alpha"": 0, ""hop"": 1024, ""n"": 2048, ""octave"": 0, ""rate"": 48000, ""window"": 8}",,,,
3aeff8d50243a034,m1-pro-16gb-local,41a7d209fe8c72a0f936508ca6b058c3d92293c3dc9282bdb637ee95c60a04db,pffft-hybrid-float,float,spec012-confirm-03,0,interactive-v1,True,65536,48000,64,/Users/christiankauten/Documents/Projects/Rack/plugins/Fourier/.build/spec012/confirm-03-transitions/workload-0013-repeat-00.csv,99d9103f1a09b035f5499c66127124cccd0ce96259096ba6961c6da8d2f53132,83a9b89bbe0a5da4151cf03be64a68141fe607bd90a47fdab1248dd348d6b5c9,1,length-increase-boundary,2048,2048,3071,published,-1,"{""alpha"": 0, ""hop"": 1024, ""n"": 2048, ""octave"": 0, ""rate"": 48000, ""window"": 8}",0,0.0,1023,21.3125
3aeff8d50243a034,m1-pro-16gb-local,41a7d209fe8c72a0f936508ca6b058c3d92293c3dc9282bdb637ee95c60a04db,pffft-hybrid-float,float,spec012-confirm-03,0,interactive-v1,True,65536,48000,64,/Users/christiankauten/Documents/Projects/Rack/plugins/Fourier/.build/spec012/confirm-03-transitions/workload-0013-repeat-00.csv,99d9103f1a09b035f5499c66127124cccd0ce96259096ba6961c6da8d2f53132,83a9b89bbe0a5da4151cf03be64a68141fe607bd90a47fdab1248dd348d6b5c9,2,length-decrease-early,4097,5120,6143,published,-1,"{""alpha"": 0, ""hop"": 1024, ""n"": 2048, ""octave"": 0, ""rate"": 48000, ""window"": 8}",1023,21.3125,2046,42.625
3aeff8d50243a034,m1-pro-16gb-local,41a7d209fe8c72a0f936508ca6b058c3d92293c3dc9282bdb637ee95c60a04db,pffft-hybrid-float,float,spec012-confirm-03,0,interactive-v1,True,65536,48000,64,/Users/christiankauten/Documents/Projects/Rack/plugins/Fourier/.build/spec012/confirm-03-transitions/workload-0013-repeat-00.csv,99d9103f1a09b035f5499c66127124cccd0ce96259096ba6961c6da8d2f53132,83a9b89bbe0a5da4151cf03be64a68141fe607bd90a47fdab1248dd348d6b5c9,3,hop-increase-middle,6656,7168,8191,published,-1,"{""alpha"": 0, ""hop"": 1024, ""n"": 2048, ""octave"": 0, ""rate"": 48000, ""window"": 8}",512,10.666666666666666,1535,31.979166666666668
3aeff8d50243a034,m1-pro-16gb-local,41a7d209fe8c72a0f936508ca6b058c3d92293c3dc9282bdb637ee95c60a04db,pffft-hybrid-float,float,spec012-confirm-03,0,interactive-v1,True,65536,48000,64,/Users/christiankauten/Documents/Projects/Rack/plugins/Fourier/.build/spec012/confirm-03-transitions/workload-0013-repeat-00.csv,99d9103f1a09b035f5499c66127124cccd0ce96259096ba6961c6da8d2f53132,83a9b89bbe0a5da4151cf03be64a68141fe607bd90a47fdab1248dd348d6b5c9,4,window-late,11262,11264,12287,published,-1,"{""alpha"": 0, ""hop"": 1024, ""n"": 2048, ""octave"": 0, ""rate"": 48000, ""window"": 8}",2,0.041666666666666664,1025,21.354166666666668
3aeff8d50243a034,m1-pro-16gb-local,41a7d209fe8c72a0f936508ca6b058c3d92293c3dc9282bdb637ee95c60a04db,pffft-hybrid-float,float,spec012-confirm-03,0,interactive-v1,True,65536,48000,64,/Users/christiankauten/Documents/Projects/Rack/plugins/Fourier/.build/spec012/confirm-03-transitions/workload-0013-repeat-00.csv,99d9103f1a09b035f5499c66127124cccd0ce96259096ba6961c6da8d2f53132,83a9b89bbe0a5da4151cf03be64a68141fe607bd90a47fdab1248dd348d6b5c9,5,smoothing-before-publication,13311,13312,14335,published,-1,"{""alpha"": 0, ""hop"": 1024, ""n"": 2048, ""octave"": 0, ""rate"": 48000, ""window"": 8}",1,0.020833333333333332,1024,21.333333333333332
3aeff8d50243a034,m1-pro-16gb-local,41a7d209fe8c72a0f936508ca6b058c3d92293c3dc9282bdb637ee95c60a04db,pffft-hybrid-float,float,spec012-confirm-03,0,interactive-v1,True,65536,48000,64,/Users/christiankauten/Documents/Projects/Rack/plugins/Fourier/.build/spec012/confirm-03-transitions/workload-0013-repeat-00.csv,99d9103f1a09b035f5499c66127124cccd0ce96259096ba6961c6da8d2f53132,83a9b89bbe0a5da4151cf03be64a68141fe607bd90a47fdab1248dd348d6b5c9,6,no-op-boundary,15360,15360,16383,published,-1,"{""alpha"": 0, ""hop"": 1024, ""n"": 2048, ""octave"": 0, ""rate"": 48000, ""window"": 8}",0,0.0,1023,21.3125
3aeff8d50243a034,m1-pro-16gb-local,41a7d209fe8c72a0f936508ca6b058c3d92293c3dc9282bdb637ee95c60a04db,pffft-hybrid-float,float,spec012-confirm-03,0,interactive-v1,True,65536,48000,64,/Users/christiankauten/Documents/Projects/Rack/plugins/Fourier/.build/spec012/confirm-03-transitions/workload-0013-repeat-00.csv,99d9103f1a09b035f5499c66127124cccd0ce96259096ba6961c6da8d2f53132,83a9b89bbe0a5da4151cf03be64a68141fe607bd90a47fdab1248dd348d6b5c9,7,replace-pending-first,17409,-1,-1,replaced,8,"{""alpha"": 0, ""hop"": 1024, ""n"": 2048, ""octave"": 0, ""rate"": 48000, ""window"": 8}",,,,
3aeff8d50243a034,m1-pro-16gb-local,41a7d209fe8c72a0f936508ca6b058c3d92293c3dc9282bdb637ee95c60a04db,pffft-hybrid-float,float,spec012-confirm-03,0,interactive-v1,True,65536,48000,64,/Users/christiankauten/Documents/Projects/Rack/plugins/Fourier/.build/spec012/confirm-03-transitions/workload-0013-repeat-00.csv,99d9103f1a09b035f5499c66127124cccd0ce96259096ba6961c6da8d2f53132,83a9b89bbe0a5da4151cf03be64a68141fe607bd90a47fdab1248dd348d6b5c9,8,replace-pending-last,17410,18432,19455,published,-1,"{""alpha"": 0, ""hop"": 1024, ""n"": 2048, ""octave"": 0, ""rate"": 48000, ""window"": 8}",1022,21.291666666666668,2045,42.604166666666664
3aeff8d50243a034,m1-pro-16gb-local,41a7d209fe8c72a0f936508ca6b058c3d92293c3dc9282bdb637ee95c60a04db,pffft-hybrid-float,float,spec012-confirm-03,0,interactive-v1,True,65536,48000,64,/Users/christiankauten/Documents/Projects/Rack/plugins/Fourier/.build/spec012/confirm-03-transitions/workload-0013-repeat-00.csv,99d9103f1a09b035f5499c66127124cccd0ce96259096ba6961c6da8d2f53132,83a9b89bbe0a5da4151cf03be64a68141fe607bd90a47fdab1248dd348d6b5c9,9,hop-decrease-boundary,21504,21504,22527,published,-1,"{""alpha"": 0, ""hop"": 1024, ""n"": 2048, ""octave"": 0, ""rate"": 48000, ""window"": 8}",0,0.0,1023,21.3125
3aeff8d50243a034,m1-pro-16gb-local,41a7d209fe8c72a0f936508ca6b058c3d92293c3dc9282bdb637ee95c60a04db,pffft-hybrid-float,float,spec012-confirm-03,0,interactive-v1,True,65536,48000,64,/Users/christiankauten/Documents/Projects/Rack/plugins/Fourier/.build/spec012/confirm-03-transitions/workload-0013-repeat-00.csv,99d9103f1a09b035f5499c66127124cccd0ce96259096ba6961c6da8d2f53132,83a9b89bbe0a5da4151cf03be64a68141fe607bd90a47fdab1248dd348d6b5c9,10,smoothing-disable,23553,24576,25599,published,-1,"{""alpha"": 0, ""hop"": 1024, ""n"": 2048, ""octave"": 0, ""rate"": 48000, ""window"": 8}",1023,21.3125,2046,42.625
3aeff8d50243a034,m1-pro-16gb-local,41a7d209fe8c72a0f936508ca6b058c3d92293c3dc9282bdb637ee95c60a04db,pffft-hybrid-float,float,spec012-confirm-03,0,interactive-v1,True,65536,48000,64,/Users/christiankauten/Documents/Projects/Rack/plugins/Fourier/.build/spec012/confirm-03-transitions/workload-0013-repeat-00.csv,99d9103f1a09b035f5499c66127124cccd0ce96259096ba6961c6da8d2f53132,83a9b89bbe0a5da4151cf03be64a68141fe607bd90a47fdab1248dd348d6b5c9,11,horizon-no-response,65535,-1,-1,pending-no-response,-1,"{""alpha"": 0, ""hop"": 1024, ""n"": 2048, ""octave"": 0, ""rate"": 48000, ""window"": 8}",,,,
3aeff8d50243a034,m1-pro-16gb-local,41a7d209fe8c72a0f936508ca6b058c3d92293c3dc9282bdb637ee95c60a04db,pffft-hybrid-float,float,spec012-confirm-03,1,interactive-v1,True,65536,48000,64,/Users/christiankauten/Documents/Projects/Rack/plugins/Fourier/.build/spec012/confirm-03-transitions/workload-0013-repeat-01.csv,0bdb317fb8445df9f8c57ec6b381e563cab9431f7abb47e34dae5c2239cc84de,83a9b89bbe0a5da4151cf03be64a68141fe607bd90a47fdab1248dd348d6b5c9,1,length-increase-boundary,2048,2048,3071,published,-1,"{""alpha"": 0, ""hop"": 1024, ""n"": 2048, ""octave"": 0, ""rate"": 48000, ""window"": 8}",0,0.0,1023,21.3125
3aeff8d50243a034,m1-pro-16gb-local,41a7d209fe8c72a0f936508ca6b058c3d92293c3dc9282bdb637ee95c60a04db,pffft-hybrid-float,float,spec012-confirm-03,1,interactive-v1,True,65536,48000,64,/Users/christiankauten/Documents/Projects/Rack/plugins/Fourier/.build/spec012/confirm-03-transitions/workload-0013-repeat-01.csv,0bdb317fb8445df9f8c57ec6b381e563cab9431f7abb47e34dae5c2239cc84de,83a9b89bbe0a5da4151cf03be64a68141fe607bd90a47fdab1248dd348d6b5c9,2,length-decrease-early,4097,5120,6143,published,-1,"{""alpha"": 0, ""hop"": 1024, ""n"": 2048, ""octave"": 0, ""rate"": 48000, ""window"": 8}",1023,21.3125,2046,42.625
3aeff8d50243a034,m1-pro-16gb-local,41a7d209fe8c72a0f936508ca6b058c3d92293c3dc9282bdb637ee95c60a04db,pffft-hybrid-float,float,spec012-confirm-03,1,interactive-v1,True,65536,48000,64,/Users/christiankauten/Documents/Projects/Rack/plugins/Fourier/.build/spec012/confirm-03-transitions/workload-0013-repeat-01.csv,0bdb317fb8445df9f8c57ec6b381e563cab9431f7abb47e34dae5c2239cc84de,83a9b89bbe0a5da4151cf03be64a68141fe607bd90a47fdab1248dd348d6b5c9,3,hop-increase-middle,6656,7168,8191,published,-1,"{""alpha"": 0, ""hop"": 1024, ""n"": 2048, ""octave"": 0, ""rate"": 48000, ""window"": 8}",512,10.666666666666666,1535,31.979166666666668
3aeff8d50243a034,m1-pro-16gb-local,41a7d209fe8c72a0f936508ca6b058c3d92293c3dc9282bdb637ee95c60a04db,pffft-hybrid-float,float,spec012-confirm-03,1,interactive-v1,True,65536,48000,64,/Users/christiankauten/Documents/Projects/Rack/plugins/Fourier/.build/spec012/confirm-03-transitions/workload-0013-repeat-01.csv,0bdb317fb8445df9f8c57ec6b381e563cab9431f7abb47e34dae5c2239cc84de,83a9b89bbe0a5da4151cf03be64a68141fe607bd90a47fdab1248dd348d6b5c9,4,window-late,11262,11264,12287,published,-1,"{""alpha"": 0, ""hop"": 1024, ""n"": 2048, ""octave"": 0, ""rate"": 48000, ""window"": 8}",2,0.041666666666666664,1025,21.354166666666668
3aeff8d50243a034,m1-pro-16gb-local,41a7d209fe8c72a0f936508ca6b058c3d92293c3dc9282bdb637ee95c60a04db,pffft-hybrid-float,float,spec012-confirm-03,1,interactive-v1,True,65536,48000,64,/Users/christiankauten/Documents/Projects/Rack/plugins/Fourier/.build/spec012/confirm-03-transitions/workload-0013-repeat-01.csv,0bdb317fb8445df9f8c57ec6b381e563cab9431f7abb47e34dae5c2239cc84de,83a9b89bbe0a5da4151cf03be64a68141fe607bd90a47fdab1248dd348d6b5c9,5,smoothing-before-publication,13311,13312,14335,published,-1,"{""alpha"": 0, ""hop"": 1024, ""n"": 2048, ""octave"": 0, ""rate"": 48000, ""window"": 8}",1,0.020833333333333332,1024,21.333333333333332
3aeff8d50243a034,m1-pro-16gb-local,41a7d209fe8c72a0f936508ca6b058c3d92293c3dc9282bdb637ee95c60a04db,pffft-hybrid-float,float,spec012-confirm-03,1,interactive-v1,True,65536,48000,64,/Users/christiankauten/Documents/Projects/Rack/plugins/Fourier/.build/spec012/confirm-03-transitions/workload-0013-repeat-01.csv,0bdb317fb8445df9f8c57ec6b381e563cab9431f7abb47e34dae5c2239cc84de,83a9b89bbe0a5da4151cf03be64a68141fe607bd90a47fdab1248dd348d6b5c9,6,no-op-boundary,15360,15360,16383,published,-1,"{""alpha"": 0, ""hop"": 1024, ""n"": 2048, ""octave"": 0, ""rate"": 48000, ""window"": 8}",0,0.0,1023,21.3125
3aeff8d50243a034,m1-pro-16gb-local,41a7d209fe8c72a0f936508ca6b058c3d92293c3dc9282bdb637ee95c60a04db,pffft-hybrid-float,float,spec012-confirm-03,1,interactive-v1,True,65536,48000,64,/Users/christiankauten/Documents/Projects/Rack/plugins/Fourier/.build/spec012/confirm-03-transitions/workload-0013-repeat-01.csv,0bdb317fb8445df9f8c57ec6b381e563cab9431f7abb47e34dae5c2239cc84de,83a9b89bbe0a5da4151cf03be64a68141fe607bd90a47fdab1248dd348d6b5c9,7,replace-pending-first,17409,-1,-1,replaced,8,"{""alpha"": 0, ""hop"": 1024, ""n"": 2048, ""octave"": 0, ""rate"": 48000, ""window"": 8}",,,,
3aeff8d50243a034,m1-pro-16gb-local,41a7d209fe8c72a0f936508ca6b058c3d92293c3dc9282bdb637ee95c60a04db,pffft-hybrid-float,float,spec012-confirm-03,1,interactive-v1,True,65536,48000,64,/Users/christiankauten/Documents/Projects/Rack/plugins/Fourier/.build/spec012/confirm-03-transitions/workload-0013-repeat-01.csv,0bdb317fb8445df9f8c57ec6b381e563cab9431f7abb47e34dae5c2239cc84de,83a9b89bbe0a5da4151cf03be64a68141fe607bd90a47fdab1248dd348d6b5c9,8,replace-pending-last,17410,18432,19455,published,-1,"{""alpha"": 0, ""hop"": 1024, ""n"": 2048, ""octave"": 0, ""rate"": 48000, ""window"": 8}",1022,21.291666666666668,2045,42.604166666666664
3aeff8d50243a034,m1-pro-16gb-local,41a7d209fe8c72a0f936508ca6b058c3d92293c3dc9282bdb637ee95c60a04db,pffft-hybrid-float,float,spec012-confirm-03,1,interactive-v1,True,65536,48000,64,/Users/christiankauten/Documents/Projects/Rack/plugins/Fourier/.build/spec012/confirm-03-transitions/workload-0013-repeat-01.csv,0bdb317fb8445df9f8c57ec6b381e563cab9431f7abb47e34dae5c2239cc84de,83a9b89bbe0a5da4151cf03be64a68141fe607bd90a47fdab1248dd348d6b5c9,9,hop-decrease-boundary,21504,21504,22527,published,-1,"{""alpha"": 0, ""hop"": 1024, ""n"": 2048, ""octave"": 0, ""rate"": 48000, ""window"": 8}",0,0.0,1023,21.3125
3aeff8d50243a034,m1-pro-16gb-local,41a7d209fe8c72a0f936508ca6b058c3d92293c3dc9282bdb637ee95c60a04db,pffft-hybrid-float,float,spec012-confirm-03,1,interactive-v1,True,65536,48000,64,/Users/christiankauten/Documents/Projects/Rack/plugins/Fourier/.build/spec012/confirm-03-transitions/workload-0013-repeat-01.csv,0bdb317fb8445df9f8c57ec6b381e563cab9431f7abb47e34dae5c2239cc84de,83a9b89bbe0a5da4151cf03be64a68141fe607bd90a47fdab1248dd348d6b5c9,10,smoothing-disable,23553,24576,25599,published,-1,"{""alpha"": 0, ""hop"": 1024, ""n"": 2048, ""octave"": 0, ""rate"": 48000, ""window"": 8}",1023,21.3125,2046,42.625
3aeff8d50243a034,m1-pro-16gb-local,41a7d209fe8c72a0f936508ca6b058c3d92293c3dc9282bdb637ee95c60a04db,pffft-hybrid-float,float,spec012-confirm-03,1,interactive-v1,True,65536,48000,64,/Users/christiankauten/Documents/Projects/Rack/plugins/Fourier/.build/spec012/confirm-03-transitions/workload-0013-repeat-01.csv,0bdb317fb8445df9f8c57ec6b381e563cab9431f7abb47e34dae5c2239cc84de,83a9b89bbe0a5da4151cf03be64a68141fe607bd90a47fdab1248dd348d6b5c9,11,horizon-no-response,65535,-1,-1,pending-no-response,-1,"{""alpha"": 0, ""hop"": 1024, ""n"": 2048, ""octave"": 0, ""rate"": 48000, ""window"": 8}",,,,
3aeff8d50243a034,m1-pro-16gb-local,41a7d209fe8c72a0f936508ca6b058c3d92293c3dc9282bdb637ee95c60a04db,pffft-hybrid-float,float,spec012-confirm-03,2,interactive-v1,True,65536,48000,64,/Users/christiankauten/Documents/Projects/Rack/plugins/Fourier/.build/spec012/confirm-03-transitions/workload-0013-repeat-02.csv,4aeb8b92eb7740e2ef38b35a3b855f3492ae493826f696440229ce5831e77b74,83a9b89bbe0a5da4151cf03be64a68141fe607bd90a47fdab1248dd348d6b5c9,1,length-increase-boundary,2048,2048,3071,published,-1,"{""alpha"": 0, ""hop"": 1024, ""n"": 2048, ""octave"": 0, ""rate"": 48000, ""window"": 8}",0,0.0,1023,21.3125
3aeff8d50243a034,m1-pro-16gb-local,41a7d209fe8c72a0f936508ca6b058c3d92293c3dc9282bdb637ee95c60a04db,pffft-hybrid-float,float,spec012-confirm-03,2,interactive-v1,True,65536,48000,64,/Users/christiankauten/Documents/Projects/Rack/plugins/Fourier/.build/spec012/confirm-03-transitions/workload-0013-repeat-02.csv,4aeb8b92eb7740e2ef38b35a3b855f3492ae493826f696440229ce5831e77b74,83a9b89bbe0a5da4151cf03be64a68141fe607bd90a47fdab1248dd348d6b5c9,2,length-decrease-early,4097,5120,6143,published,-1,"{""alpha"": 0, ""hop"": 1024, ""n"": 2048, ""octave"": 0, ""rate"": 48000, ""window"": 8}",1023,21.3125,2046,42.625
3aeff8d50243a034,m1-pro-16gb-local,41a7d209fe8c72a0f936508ca6b058c3d92293c3dc9282bdb637ee95c60a04db,pffft-hybrid-float,float,spec012-confirm-03,2,interactive-v1,True,65536,48000,64,/Users/christiankauten/Documents/Projects/Rack/plugins/Fourier/.build/spec012/confirm-03-transitions/workload-0013-repeat-02.csv,4aeb8b92eb7740e2ef38b35a3b855f3492ae493826f696440229ce5831e77b74,83a9b89bbe0a5da4151cf03be64a68141fe607bd90a47fdab1248dd348d6b5c9,3,hop-increase-middle,6656,7168,8191,published,-1,"{""alpha"": 0, ""hop"": 1024, ""n"": 2048, ""octave"": 0, ""rate"": 48000, ""window"": 8}",512,10.666666666666666,1535,31.979166666666668
3aeff8d50243a034,m1-pro-16gb-local,41a7d209fe8c72a0f936508ca6b058c3d92293c3dc9282bdb637ee95c60a04db,pffft-hybrid-float,float,spec012-confirm-03,2,interactive-v1,True,65536,48000,64,/Users/christiankauten/Documents/Projects/Rack/plugins/Fourier/.build/spec012/confirm-03-transitions/workload-0013-repeat-02.csv,4aeb8b92eb7740e2ef38b35a3b855f3492ae493826f696440229ce5831e77b74,83a9b89bbe0a5da4151cf03be64a68141fe607bd90a47fdab1248dd348d6b5c9,4,window-late,11262,11264,12287,published,-1,"{""alpha"": 0, ""hop"": 1024, ""n"": 2048, ""octave"": 0, ""rate"": 48000, ""window"": 8}",2,0.041666666666666664,1025,21.354166666666668
3aeff8d50243a034,m1-pro-16gb-local,41a7d209fe8c72a0f936508ca6b058c3d92293c3dc9282bdb637ee95c60a04db,pffft-hybrid-float,float,spec012-confirm-03,2,interactive-v1,True,65536,48000,64,/Users/christiankauten/Documents/Projects/Rack/plugins/Fourier/.build/spec012/confirm-03-transitions/workload-0013-repeat-02.csv,4aeb8b92eb7740e2ef38b35a3b855f3492ae493826f696440229ce5831e77b74,83a9b89bbe0a5da4151cf03be64a68141fe607bd90a47fdab1248dd348d6b5c9,5,smoothing-before-publication,13311,13312,14335,published,-1,"{""alpha"": 0, ""hop"": 1024, ""n"": 2048, ""octave"": 0, ""rate"": 48000, ""window"": 8}",1,0.020833333333333332,1024,21.333333333333332
3aeff8d50243a034,m1-pro-16gb-local,41a7d209fe8c72a0f936508ca6b058c3d92293c3dc9282bdb637ee95c60a04db,pffft-hybrid-float,float,spec012-confirm-03,2,interactive-v1,True,65536,48000,64,/Users/christiankauten/Documents/Projects/Rack/plugins/Fourier/.build/spec012/confirm-03-transitions/workload-0013-repeat-02.csv,4aeb8b92eb7740e2ef38b35a3b855f3492ae493826f696440229ce5831e77b74,83a9b89bbe0a5da4151cf03be64a68141fe607bd90a47fdab1248dd348d6b5c9,6,no-op-boundary,15360,15360,16383,published,-1,"{""alpha"": 0, ""hop"": 1024, ""n"": 2048, ""octave"": 0, ""rate"": 48000, ""window"": 8}",0,0.0,1023,21.3125
3aeff8d50243a034,m1-pro-16gb-local,41a7d209fe8c72a0f936508ca6b058c3d92293c3dc9282bdb637ee95c60a04db,pffft-hybrid-float,float,spec012-confirm-03,2,interactive-v1,True,65536,48000,64,/Users/christiankauten/Documents/Projects/Rack/plugins/Fourier/.build/spec012/confirm-03-transitions/workload-0013-repeat-02.csv,4aeb8b92eb7740e2ef38b35a3b855f3492ae493826f696440229ce5831e77b74,83a9b89bbe0a5da4151cf03be64a68141fe607bd90a47fdab1248dd348d6b5c9,7,replace-pending-first,17409,-1,-1,replaced,8,"{""alpha"": 0, ""hop"": 1024, ""n"": 2048, ""octave"": 0, ""rate"": 48000, ""window"": 8}",,,,
3aeff8d50243a034,m1-pro-16gb-local,41a7d209fe8c72a0f936508ca6b058c3d92293c3dc9282bdb637ee95c60a04db,pffft-hybrid-float,float,spec012-confirm-03,2,interactive-v1,True,65536,48000,64,/Users/christiankauten/Documents/Projects/Rack/plugins/Fourier/.build/spec012/confirm-03-transitions/workload-0013-repeat-02.csv,4aeb8b92eb7740e2ef38b35a3b855f3492ae493826f696440229ce5831e77b74,83a9b89bbe0a5da4151cf03be64a68141fe607bd90a47fdab1248dd348d6b5c9,8,replace-pending-last,17410,18432,19455,published,-1,"{""alpha"": 0, ""hop"": 1024, ""n"": 2048, ""octave"": 0, ""rate"": 48000, ""window"": 8}",1022,21.291666666666668,2045,42.604166666666664
3aeff8d50243a034,m1-pro-16gb-local,41a7d209fe8c72a0f936508ca6b058c3d92293c3dc9282bdb637ee95c60a04db,pffft-hybrid-float,float,spec012-confirm-03,2,interactive-v1,True,65536,48000,64,/Users/christiankauten/Documents/Projects/Rack/plugins/Fourier/.build/spec012/confirm-03-transitions/workload-0013-repeat-02.csv,4aeb8b92eb7740e2ef38b35a3b855f3492ae493826f696440229ce5831e77b74,83a9b89bbe0a5da4151cf03be64a68141fe607bd90a47fdab1248dd348d6b5c9,9,hop-decrease-boundary,21504,21504,22527,published,-1,"{""alpha"": 0, ""hop"": 1024, ""n"": 2048, ""octave"": 0, ""rate"": 48000, ""window"": 8}",0,0.0,1023,21.3125
3aeff8d50243a034,m1-pro-16gb-local,41a7d209fe8c72a0f936508ca6b058c3d92293c3dc9282bdb637ee95c60a04db,pffft-hybrid-float,float,spec012-confirm-03,2,interactive-v1,True,65536,48000,64,/Users/christiankauten/Documents/Projects/Rack/plugins/Fourier/.build/spec012/confirm-03-transitions/workload-0013-repeat-02.csv,4aeb8b92eb7740e2ef38b35a3b855f3492ae493826f696440229ce5831e77b74,83a9b89bbe0a5da4151cf03be64a68141fe607bd90a47fdab1248dd348d6b5c9,10,smoothing-disable,23553,24576,25599,published,-1,"{""alpha"": 0, ""hop"": 1024, ""n"": 2048, ""octave"": 0, ""rate"": 48000, ""window"": 8}",1023,21.3125,2046,42.625
3aeff8d50243a034,m1-pro-16gb-local,41a7d209fe8c72a0f936508ca6b058c3d92293c3dc9282bdb637ee95c60a04db,pffft-hybrid-float,float,spec012-confirm-03,2,interactive-v1,True,65536,48000,64,/Users/christiankauten/Documents/Projects/Rack/plugins/Fourier/.build/spec012/confirm-03-transitions/workload-0013-repeat-02.csv,4aeb8b92eb7740e2ef38b35a3b855f3492ae493826f696440229ce5831e77b74,83a9b89bbe0a5da4151cf03be64a68141fe607bd90a47fdab1248dd348d6b5c9,11,horizon-no-response,65535,-1,-1,pending-no-response,-1,"{""alpha"": 0, ""hop"": 1024, ""n"": 2048, ""octave"": 0, ""rate"": 48000, ""window"": 8}",,,,
3aeff8d50243a034,m1-pro-16gb-local,5648977bafe25cf439400ecfe3d0be005b6ba2285bcaf11c03bce81fcd4d3f4a,core-float,float,spec012-confirm-01,0,interactive-v1,False,65536,48000,64,/Users/christiankauten/Documents/Projects/Rack/plugins/Fourier/.build/spec012/confirm-01-transitions/workload-0008-repeat-00.csv,d973f1de37c94a0c0f57fc405fbc722c6c721d56b682be45975e37907fae7dd6,d4cabe90626816d31031df8bf093c267b7d47904070edb521eb8dcaf9f01af48,1,length-increase-boundary,2048,2048,3071,published,-1,"{""alpha"": 0, ""hop"": 1024, ""n"": 16384, ""octave"": 0, ""rate"": 48000, ""window"": 8}",0,0.0,1023,21.3125
3aeff8d50243a034,m1-pro-16gb-local,5648977bafe25cf439400ecfe3d0be005b6ba2285bcaf11c03bce81fcd4d3f4a,core-float,float,spec012-confirm-01,0,interactive-v1,False,65536,48000,64,/Users/christiankauten/Documents/Projects/Rack/plugins/Fourier/.build/spec012/confirm-01-transitions/workload-0008-repeat-00.csv,d973f1de37c94a0c0f57fc405fbc722c6c721d56b682be45975e37907fae7dd6,d4cabe90626816d31031df8bf093c267b7d47904070edb521eb8dcaf9f01af48,2,length-decrease-early,4097,5120,6143,published,-1,"{""alpha"": 0, ""hop"": 1024, ""n"": 2048, ""octave"": 0, ""rate"": 48000, ""window"": 8}",1023,21.3125,2046,42.625
3aeff8d50243a034,m1-pro-16gb-local,5648977bafe25cf439400ecfe3d0be005b6ba2285bcaf11c03bce81fcd4d3f4a,core-float,float,spec012-confirm-01,0,interactive-v1,False,65536,48000,64,/Users/christiankauten/Documents/Projects/Rack/plugins/Fourier/.build/spec012/confirm-01-transitions/workload-0008-repeat-00.csv,d973f1de37c94a0c0f57fc405fbc722c6c721d56b682be45975e37907fae7dd6,d4cabe90626816d31031df8bf093c267b7d47904070edb521eb8dcaf9f01af48,3,hop-increase-middle,6656,7168,9215,published,-1,"{""alpha"": 0, ""hop"": 2048, ""n"": 2048, ""octave"": 0, ""rate"": 48000, ""window"": 8}",512,10.666666666666666,2559,53.3125
3aeff8d50243a034,m1-pro-16gb-local,5648977bafe25cf439400ecfe3d0be005b6ba2285bcaf11c03bce81fcd4d3f4a,core-float,float,spec012-confirm-01,0,interactive-v1,False,65536,48000,64,/Users/christiankauten/Documents/Projects/Rack/plugins/Fourier/.build/spec012/confirm-01-transitions/workload-0008-repeat-00.csv,d973f1de37c94a0c0f57fc405fbc722c6c721d56b682be45975e37907fae7dd6,d4cabe90626816d31031df8bf093c267b7d47904070edb521eb8dcaf9f01af48,4,window-late,11262,11264,13311,published,-1,"{""alpha"": 0, ""hop"": 2048, ""n"": 2048, ""octave"": 0, ""rate"": 48000, ""window"": 11}",2,0.041666666666666664,2049,42.6875
3aeff8d50243a034,m1-pro-16gb-local,5648977bafe25cf439400ecfe3d0be005b6ba2285bcaf11c03bce81fcd4d3f4a,core-float,float,spec012-confirm-01,0,interactive-v1,False,65536,48000,64,/Users/christiankauten/Documents/Projects/Rack/plugins/Fourier/.build/spec012/confirm-01-transitions/workload-0008-repeat-00.csv,d973f1de37c94a0c0f57fc405fbc722c6c721d56b682be45975e37907fae7dd6,d4cabe90626816d31031df8bf093c267b7d47904070edb521eb8dcaf9f01af48,5,smoothing-before-publication,13311,13312,15359,published,-1,"{""alpha"": 0.800000011920929, ""hop"": 2048, ""n"": 2048, ""octave"": 0.3333333432674408, ""rate"": 48000, ""window"": 11}",1,0.020833333333333332,2048,42.666666666666664
3aeff8d50243a034,m1-pro-16gb-local,5648977bafe25cf439400ecfe3d0be005b6ba2285bcaf11c03bce81fcd4d3f4a,core-float,float,spec012-confirm-01,0,interactive-v1,False,65536,48000,64,/Users/christiankauten/Documents/Projects/Rack/plugins/Fourier/.build/spec012/confirm-01-transitions/workload-0008-repeat-00.csv,d973f1de37c94a0c0f57fc405fbc722c6c721d56b682be45975e37907fae7dd6,d4cabe90626816d31031df8bf093c267b7d47904070edb521eb8dcaf9f01af48,6,no-op-boundary,15360,15360,17407,published,-1,"{""alpha"": 0.800000011920929, ""hop"": 2048, ""n"": 2048, ""octave"": 0.3333333432674408, ""rate"": 48000, ""window"": 11}",0,0.0,2047,42.645833333333336
3aeff8d50243a034,m1-pro-16gb-local,5648977bafe25cf439400ecfe3d0be005b6ba2285bcaf11c03bce81fcd4d3f4a,core-float,float,spec012-confirm-01,0,interactive-v1,False,65536,48000,64,/Users/christiankauten/Documents/Projects/Rack/plugins/Fourier/.build/spec012/confirm-01-transitions/workload-0008-repeat-00.csv,d973f1de37c94a0c0f57fc405fbc722c6c721d56b682be45975e37907fae7dd6,d4cabe90626816d31031df8bf093c267b7d47904070edb521eb8dcaf9f01af48,7,replace-pending-first,17409,-1,-1,replaced,8,"{""alpha"": 0.800000011920929, ""hop"": 2048, ""n"": 2048, ""octave"": 0.3333333432674408, ""rate"": 48000, ""window"": 8}",,,,
3aeff8d50243a034,m1-pro-16gb-local,5648977bafe25cf439400ecfe3d0be005b6ba2285bcaf11c03bce81fcd4d3f4a,core-float,float,spec012-confirm-01,0,interactive-v1,False,65536,48000,64,/Users/christiankauten/Documents/Projects/Rack/plugins/Fourier/.build/spec012/confirm-01-transitions/workload-0008-repeat-00.csv,d973f1de37c94a0c0f57fc405fbc722c6c721d56b682be45975e37907fae7dd6,d4cabe90626816d31031df8bf093c267b7d47904070edb521eb8dcaf9f01af48,8,replace-pending-last,17410,19456,21503,published,-1,"{""alpha"": 0, ""hop"": 2048, ""n"": 2048, ""octave"": 0.3333333432674408, ""rate"": 48000, ""window"": 8}",2046,42.625,4093,85.27083333333333
3aeff8d50243a034,m1-pro-16gb-local,5648977bafe25cf439400ecfe3d0be005b6ba2285bcaf11c03bce81fcd4d3f4a,core-float,float,spec012-confirm-01,0,interactive-v1,False,65536,48000,64,/Users/christiankauten/Documents/Projects/Rack/plugins/Fourier/.build/spec012/confirm-01-transitions/workload-0008-repeat-00.csv,d973f1de37c94a0c0f57fc405fbc722c6c721d56b682be45975e37907fae7dd6,d4cabe90626816d31031df8bf093c267b7d47904070edb521eb8dcaf9f01af48,9,hop-decrease-boundary,21504,21504,22015,published,-1,"{""alpha"": 0, ""hop"": 512, ""n"": 2048, ""octave"": 0.3333333432674408, ""rate"": 48000, ""window"": 8}",0,0.0,511,10.645833333333334
3aeff8d50243a034,m1-pro-16gb-local,5648977bafe25cf439400ecfe3d0be005b6ba2285bcaf11c03bce81fcd4d3f4a,core-float,float,spec012-confirm-01,0,interactive-v1,False,65536,48000,64,/Users/christiankauten/Documents/Projects/Rack/plugins/Fourier/.build/spec012/confirm-01-transitions/workload-0008-repeat-00.csv,d973f1de37c94a0c0f57fc405fbc722c6c721d56b682be45975e37907fae7dd6,d4cabe90626816d31031df8bf093c267b7d47904070edb521eb8dcaf9f01af48,10,smoothing-disable,23553,24064,24575,published,-1,"{""alpha"": 0, ""hop"": 512, ""n"": 2048, ""octave"": 0, ""rate"": 48000, ""window"": 8}",511,10.645833333333334,1022,21.291666666666668
3aeff8d50243a034,m1-pro-16gb-local,5648977bafe25cf439400ecfe3d0be005b6ba2285bcaf11c03bce81fcd4d3f4a,core-float,float,spec012-confirm-01,0,interactive-v1,False,65536,48000,64,/Users/christiankauten/Documents/Projects/Rack/plugins/Fourier/.build/spec012/confirm-01-transitions/workload-0008-repeat-00.csv,d973f1de37c94a0c0f57fc405fbc722c6c721d56b682be45975e37907fae7dd6,d4cabe90626816d31031df8bf093c267b7d47904070edb521eb8dcaf9f01af48,11,horizon-no-response,65535,-1,-1,pending-no-response,-1,"{""alpha"": 0, ""hop"": 512, ""n"": 2048, ""octave"": 0, ""rate"": 48000, ""window"": 0}",,,,
3aeff8d50243a034,m1-pro-16gb-local,5648977bafe25cf439400ecfe3d0be005b6ba2285bcaf11c03bce81fcd4d3f4a,core-float,float,spec012-confirm-01,1,interactive-v1,False,65536,48000,64,/Users/christiankauten/Documents/Projects/Rack/plugins/Fourier/.build/spec012/confirm-01-transitions/workload-0008-repeat-01.csv,3e58d502b53df16054fc44870209e009988b3d4e99447e66da419d87f9329b49,d4cabe90626816d31031df8bf093c267b7d47904070edb521eb8dcaf9f01af48,1,length-increase-boundary,2048,2048,3071,published,-1,"{""alpha"": 0, ""hop"": 1024, ""n"": 16384, ""octave"": 0, ""rate"": 48000, ""window"": 8}",0,0.0,1023,21.3125
3aeff8d50243a034,m1-pro-16gb-local,5648977bafe25cf439400ecfe3d0be005b6ba2285bcaf11c03bce81fcd4d3f4a,core-float,float,spec012-confirm-01,1,interactive-v1,False,65536,48000,64,/Users/christiankauten/Documents/Projects/Rack/plugins/Fourier/.build/spec012/confirm-01-transitions/workload-0008-repeat-01.csv,3e58d502b53df16054fc44870209e009988b3d4e99447e66da419d87f9329b49,d4cabe90626816d31031df8bf093c267b7d47904070edb521eb8dcaf9f01af48,2,length-decrease-early,4097,5120,6143,published,-1,"{""alpha"": 0, ""hop"": 1024, ""n"": 2048, ""octave"": 0, ""rate"": 48000, ""window"": 8}",1023,21.3125,2046,42.625
3aeff8d50243a034,m1-pro-16gb-local,5648977bafe25cf439400ecfe3d0be005b6ba2285bcaf11c03bce81fcd4d3f4a,core-float,float,spec012-confirm-01,1,interactive-v1,False,65536,48000,64,/Users/christiankauten/Documents/Projects/Rack/plugins/Fourier/.build/spec012/confirm-01-transitions/workload-0008-repeat-01.csv,3e58d502b53df16054fc44870209e009988b3d4e99447e66da419d87f9329b49,d4cabe90626816d31031df8bf093c267b7d47904070edb521eb8dcaf9f01af48,3,hop-increase-middle,6656,7168,9215,published,-1,"{""alpha"": 0, ""hop"": 2048, ""n"": 2048, ""octave"": 0, ""rate"": 48000, ""window"": 8}",512,10.666666666666666,2559,53.3125
3aeff8d50243a034,m1-pro-16gb-local,5648977bafe25cf439400ecfe3d0be005b6ba2285bcaf11c03bce81fcd4d3f4a,core-float,float,spec012-confirm-01,1,interactive-v1,False,65536,48000,64,/Users/christiankauten/Documents/Projects/Rack/plugins/Fourier/.build/spec012/confirm-01-transitions/workload-0008-repeat-01.csv,3e58d502b53df16054fc44870209e009988b3d4e99447e66da419d87f9329b49,d4cabe90626816d31031df8bf093c267b7d47904070edb521eb8dcaf9f01af48,4,window-late,11262,11264,13311,published,-1,"{""alpha"": 0, ""hop"": 2048, ""n"": 2048, ""octave"": 0, ""rate"": 48000, ""window"": 11}",2,0.041666666666666664,2049,42.6875
3aeff8d50243a034,m1-pro-16gb-local,5648977bafe25cf439400ecfe3d0be005b6ba2285bcaf11c03bce81fcd4d3f4a,core-float,float,spec012-confirm-01,1,interactive-v1,False,65536,48000,64,/Users/christiankauten/Documents/Projects/Rack/plugins/Fourier/.build/spec012/confirm-01-transitions/workload-0008-repeat-01.csv,3e58d502b53df16054fc44870209e009988b3d4e99447e66da419d87f9329b49,d4cabe90626816d31031df8bf093c267b7d47904070edb521eb8dcaf9f01af48,5,smoothing-before-publication,13311,13312,15359,published,-1,"{""alpha"": 0.800000011920929, ""hop"": 2048, ""n"": 2048, ""octave"": 0.3333333432674408, ""rate"": 48000, ""window"": 11}",1,0.020833333333333332,2048,42.666666666666664
3aeff8d50243a034,m1-pro-16gb-local,5648977bafe25cf439400ecfe3d0be005b6ba2285bcaf11c03bce81fcd4d3f4a,core-float,float,spec012-confirm-01,1,interactive-v1,False,65536,48000,64,/Users/christiankauten/Documents/Projects/Rack/plugins/Fourier/.build/spec012/confirm-01-transitions/workload-0008-repeat-01.csv,3e58d502b53df16054fc44870209e009988b3d4e99447e66da419d87f9329b49,d4cabe90626816d31031df8bf093c267b7d47904070edb521eb8dcaf9f01af48,6,no-op-boundary,15360,15360,17407,published,-1,"{""alpha"": 0.800000011920929, ""hop"": 2048, ""n"": 2048, ""octave"": 0.3333333432674408, ""rate"": 48000, ""window"": 11}",0,0.0,2047,42.645833333333336
3aeff8d50243a034,m1-pro-16gb-local,5648977bafe25cf439400ecfe3d0be005b6ba2285bcaf11c03bce81fcd4d3f4a,core-float,float,spec012-confirm-01,1,interactive-v1,False,65536,48000,64,/Users/christiankauten/Documents/Projects/Rack/plugins/Fourier/.build/spec012/confirm-01-transitions/workload-0008-repeat-01.csv,3e58d502b53df16054fc44870209e009988b3d4e99447e66da419d87f9329b49,d4cabe90626816d31031df8bf093c267b7d47904070edb521eb8dcaf9f01af48,7,replace-pending-first,17409,-1,-1,replaced,8,"{""alpha"": 0.800000011920929, ""hop"": 2048, ""n"": 2048, ""octave"": 0.3333333432674408, ""rate"": 48000, ""window"": 8}",,,,
3aeff8d50243a034,m1-pro-16gb-local,5648977bafe25cf439400ecfe3d0be005b6ba2285bcaf11c03bce81fcd4d3f4a,core-float,float,spec012-confirm-01,1,interactive-v1,False,65536,48000,64,/Users/christiankauten/Documents/Projects/Rack/plugins/Fourier/.build/spec012/confirm-01-transitions/workload-0008-repeat-01.csv,3e58d502b53df16054fc44870209e009988b3d4e99447e66da419d87f9329b49,d4cabe90626816d31031df8bf093c267b7d47904070edb521eb8dcaf9f01af48,8,replace-pending-last,17410,19456,21503,published,-1,"{""alpha"": 0, ""hop"": 2048, ""n"": 2048, ""octave"": 0.3333333432674408, ""rate"": 48000, ""window"": 8}",2046,42.625,4093,85.27083333333333
3aeff8d50243a034,m1-pro-16gb-local,5648977bafe25cf439400ecfe3d0be005b6ba2285bcaf11c03bce81fcd4d3f4a,core-float,float,spec012-confirm-01,1,interactive-v1,False,65536,48000,64,/Users/christiankauten/Documents/Projects/Rack/plugins/Fourier/.build/spec012/confirm-01-transitions/workload-0008-repeat-01.csv,3e58d502b53df16054fc44870209e009988b3d4e99447e66da419d87f9329b49,d4cabe90626816d31031df8bf093c267b7d47904070edb521eb8dcaf9f01af48,9,hop-decrease-boundary,21504,21504,22015,published,-1,"{""alpha"": 0, ""hop"": 512, ""n"": 2048, ""octave"": 0.3333333432674408, ""rate"": 48000, ""window"": 8}",0,0.0,511,10.645833333333334
3aeff8d50243a034,m1-pro-16gb-local,5648977bafe25cf439400ecfe3d0be005b6ba2285bcaf11c03bce81fcd4d3f4a,core-float,float,spec012-confirm-01,1,interactive-v1,False,65536,48000,64,/Users/christiankauten/Documents/Projects/Rack/plugins/Fourier/.build/spec012/confirm-01-transitions/workload-0008-repeat-01.csv,3e58d502b53df16054fc44870209e009988b3d4e99447e66da419d87f9329b49,d4cabe90626816d31031df8bf093c267b7d47904070edb521eb8dcaf9f01af48,10,smoothing-disable,23553,24064,24575,published,-1,"{""alpha"": 0, ""hop"": 512, ""n"": 2048, ""octave"": 0, ""rate"": 48000, ""window"": 8}",511,10.645833333333334,1022,21.291666666666668
3aeff8d50243a034,m1-pro-16gb-local,5648977bafe25cf439400ecfe3d0be005b6ba2285bcaf11c03bce81fcd4d3f4a,core-float,float,spec012-confirm-01,1,interactive-v1,False,65536,48000,64,/Users/christiankauten/Documents/Projects/Rack/plugins/Fourier/.build/spec012/confirm-01-transitions/workload-0008-repeat-01.csv,3e58d502b53df16054fc44870209e009988b3d4e99447e66da419d87f9329b49,d4cabe90626816d31031df8bf093c267b7d47904070edb521eb8dcaf9f01af48,11,horizon-no-response,65535,-1,-1,pending-no-response,-1,"{""alpha"": 0, ""hop"": 512, ""n"": 2048, ""octave"": 0, ""rate"": 48000, ""window"": 0}",,,,
3aeff8d50243a034,m1-pro-16gb-local,5648977bafe25cf439400ecfe3d0be005b6ba2285bcaf11c03bce81fcd4d3f4a,core-float,float,spec012-confirm-01,2,interactive-v1,False,65536,48000,64,/Users/christiankauten/Documents/Projects/Rack/plugins/Fourier/.build/spec012/confirm-01-transitions/workload-0008-repeat-02.csv,625e0e616e9a816468dd0a72edde2c14a1dc4557e509f26e862ae543da334fcb,d4cabe90626816d31031df8bf093c267b7d47904070edb521eb8dcaf9f01af48,1,length-increase-boundary,2048,2048,3071,published,-1,"{""alpha"": 0, ""hop"": 1024, ""n"": 16384, ""octave"": 0, ""rate"": 48000, ""window"": 8}",0,0.0,1023,21.3125
3aeff8d50243a034,m1-pro-16gb-local,5648977bafe25cf439400ecfe3d0be005b6ba2285bcaf11c03bce81fcd4d3f4a,core-float,float,spec012-confirm-01,2,interactive-v1,False,65536,48000,64,/Users/christiankauten/Documents/Projects/Rack/plugins/Fourier/.build/spec012/confirm-01-transitions/workload-0008-repeat-02.csv,625e0e616e9a816468dd0a72edde2c14a1dc4557e509f26e862ae543da334fcb,d4cabe90626816d31031df8bf093c267b7d47904070edb521eb8dcaf9f01af48,2,length-decrease-early,4097,5120,6143,published,-1,"{""alpha"": 0, ""hop"": 1024, ""n"": 2048, ""octave"": 0, ""rate"": 48000, ""window"": 8}",1023,21.3125,2046,42.625
3aeff8d50243a034,m1-pro-16gb-local,5648977bafe25cf439400ecfe3d0be005b6ba2285bcaf11c03bce81fcd4d3f4a,core-float,float,spec012-confirm-01,2,interactive-v1,False,65536,48000,64,/Users/christiankauten/Documents/Projects/Rack/plugins/Fourier/.build/spec012/confirm-01-transitions/workload-0008-repeat-02.csv,625e0e616e9a816468dd0a72edde2c14a1dc4557e509f26e862ae543da334fcb,d4cabe90626816d31031df8bf093c267b7d47904070edb521eb8dcaf9f01af48,3,hop-increase-middle,6656,7168,9215,published,-1,"{""alpha"": 0, ""hop"": 2048, ""n"": 2048, ""octave"": 0, ""rate"": 48000, ""window"": 8}",512,10.666666666666666,2559,53.3125
3aeff8d50243a034,m1-pro-16gb-local,5648977bafe25cf439400ecfe3d0be005b6ba2285bcaf11c03bce81fcd4d3f4a,core-float,float,spec012-confirm-01,2,interactive-v1,False,65536,48000,64,/Users/christiankauten/Documents/Projects/Rack/plugins/Fourier/.build/spec012/confirm-01-transitions/workload-0008-repeat-02.csv,625e0e616e9a816468dd0a72edde2c14a1dc4557e509f26e862ae543da334fcb,d4cabe90626816d31031df8bf093c267b7d47904070edb521eb8dcaf9f01af48,4,window-late,11262,11264,13311,published,-1,"{""alpha"": 0, ""hop"": 2048, ""n"": 2048, ""octave"": 0, ""rate"": 48000, ""window"": 11}",2,0.041666666666666664,2049,42.6875
3aeff8d50243a034,m1-pro-16gb-local,5648977bafe25cf439400ecfe3d0be005b6ba2285bcaf11c03bce81fcd4d3f4a,core-float,float,spec012-confirm-01,2,interactive-v1,False,65536,48000,64,/Users/christiankauten/Documents/Projects/Rack/plugins/Fourier/.build/spec012/confirm-01-transitions/workload-0008-repeat-02.csv,625e0e616e9a816468dd0a72edde2c14a1dc4557e509f26e862ae543da334fcb,d4cabe90626816d31031df8bf093c267b7d47904070edb521eb8dcaf9f01af48,5,smoothing-before-publication,13311,13312,15359,published,-1,"{""alpha"": 0.800000011920929, ""hop"": 2048, ""n"": 2048, ""octave"": 0.3333333432674408, ""rate"": 48000, ""window"": 11}",1,0.020833333333333332,2048,42.666666666666664
3aeff8d50243a034,m1-pro-16gb-local,5648977bafe25cf439400ecfe3d0be005b6ba2285bcaf11c03bce81fcd4d3f4a,core-float,float,spec012-confirm-01,2,interactive-v1,False,65536,48000,64,/Users/christiankauten/Documents/Projects/Rack/plugins/Fourier/.build/spec012/confirm-01-transitions/workload-0008-repeat-02.csv,625e0e616e9a816468dd0a72edde2c14a1dc4557e509f26e862ae543da334fcb,d4cabe90626816d31031df8bf093c267b7d47904070edb521eb8dcaf9f01af48,6,no-op-boundary,15360,15360,17407,published,-1,"{""alpha"": 0.800000011920929, ""hop"": 2048, ""n"": 2048, ""octave"": 0.3333333432674408, ""rate"": 48000, ""window"": 11}",0,0.0,2047,42.645833333333336
3aeff8d50243a034,m1-pro-16gb-local,5648977bafe25cf439400ecfe3d0be005b6ba2285bcaf11c03bce81fcd4d3f4a,core-float,float,spec012-confirm-01,2,interactive-v1,False,65536,48000,64,/Users/christiankauten/Documents/Projects/Rack/plugins/Fourier/.build/spec012/confirm-01-transitions/workload-0008-repeat-02.csv,625e0e616e9a816468dd0a72edde2c14a1dc4557e509f26e862ae543da334fcb,d4cabe90626816d31031df8bf093c267b7d47904070edb521eb8dcaf9f01af48,7,replace-pending-first,17409,-1,-1,replaced,8,"{""alpha"": 0.800000011920929, ""hop"": 2048, ""n"": 2048, ""octave"": 0.3333333432674408, ""rate"": 48000, ""window"": 8}",,,,
3aeff8d50243a034,m1-pro-16gb-local,5648977bafe25cf439400ecfe3d0be005b6ba2285bcaf11c03bce81fcd4d3f4a,core-float,float,spec012-confirm-01,2,interactive-v1,False,65536,48000,64,/Users/christiankauten/Documents/Projects/Rack/plugins/Fourier/.build/spec012/confirm-01-transitions/workload-0008-repeat-02.csv,625e0e616e9a816468dd0a72edde2c14a1dc4557e509f26e862ae543da334fcb,d4cabe90626816d31031df8bf093c267b7d47904070edb521eb8dcaf9f01af48,8,replace-pending-last,17410,19456,21503,published,-1,"{""alpha"": 0, ""hop"": 2048, ""n"": 2048, ""octave"": 0.3333333432674408, ""rate"": 48000, ""window"": 8}",2046,42.625,4093,85.27083333333333
3aeff8d50243a034,m1-pro-16gb-local,5648977bafe25cf439400ecfe3d0be005b6ba2285bcaf11c03bce81fcd4d3f4a,core-float,float,spec012-confirm-01,2,interactive-v1,False,65536,48000,64,/Users/christiankauten/Documents/Projects/Rack/plugins/Fourier/.build/spec012/confirm-01-transitions/workload-0008-repeat-02.csv,625e0e616e9a816468dd0a72edde2c14a1dc4557e509f26e862ae543da334fcb,d4cabe90626816d31031df8bf093c267b7d47904070edb521eb8dcaf9f01af48,9,hop-decrease-boundary,21504,21504,22015,published,-1,"{""alpha"": 0, ""hop"": 512, ""n"": 2048, ""octave"": 0.3333333432674408, ""rate"": 48000, ""window"": 8}",0,0.0,511,10.645833333333334
3aeff8d50243a034,m1-pro-16gb-local,5648977bafe25cf439400ecfe3d0be005b6ba2285bcaf11c03bce81fcd4d3f4a,core-float,float,spec012-confirm-01,2,interactive-v1,False,65536,48000,64,/Users/christiankauten/Documents/Projects/Rack/plugins/Fourier/.build/spec012/confirm-01-transitions/workload-0008-repeat-02.csv,625e0e616e9a816468dd0a72edde2c14a1dc4557e509f26e862ae543da334fcb,d4cabe90626816d31031df8bf093c267b7d47904070edb521eb8dcaf9f01af48,10,smoothing-disable,23553,24064,24575,published,-1,"{""alpha"": 0, ""hop"": 512, ""n"": 2048, ""octave"": 0, ""rate"": 48000, ""window"": 8}",511,10.645833333333334,1022,21.291666666666668
3aeff8d50243a034,m1-pro-16gb-local,5648977bafe25cf439400ecfe3d0be005b6ba2285bcaf11c03bce81fcd4d3f4a,core-float,float,spec012-confirm-01,2,interactive-v1,False,65536,48000,64,/Users/christiankauten/Documents/Projects/Rack/plugins/Fourier/.build/spec012/confirm-01-transitions/workload-0008-repeat-02.csv,625e0e616e9a816468dd0a72edde2c14a1dc4557e509f26e862ae543da334fcb,d4cabe90626816d31031df8bf093c267b7d47904070edb521eb8dcaf9f01af48,11,horizon-no-response,65535,-1,-1,pending-no-response,-1,"{""alpha"": 0, ""hop"": 512, ""n"": 2048, ""octave"": 0, ""rate"": 48000, ""window"": 0}",,,,
3aeff8d50243a034,m1-pro-16gb-local,5648977bafe25cf439400ecfe3d0be005b6ba2285bcaf11c03bce81fcd4d3f4a,core-float,float,spec012-confirm-02,0,interactive-v1,False,65536,48000,64,/Users/christiankauten/Documents/Projects/Rack/plugins/Fourier/.build/spec012/confirm-02-transitions/workload-0008-repeat-00.csv,369aae7d4156deb32b53400c06f3cec3824eea795e5615cecad52262236398b6,d4cabe90626816d31031df8bf093c267b7d47904070edb521eb8dcaf9f01af48,1,length-increase-boundary,2048,2048,3071,published,-1,"{""alpha"": 0, ""hop"": 1024, ""n"": 16384, ""octave"": 0, ""rate"": 48000, ""window"": 8}",0,0.0,1023,21.3125
3aeff8d50243a034,m1-pro-16gb-local,5648977bafe25cf439400ecfe3d0be005b6ba2285bcaf11c03bce81fcd4d3f4a,core-float,float,spec012-confirm-02,0,interactive-v1,False,65536,48000,64,/Users/christiankauten/Documents/Projects/Rack/plugins/Fourier/.build/spec012/confirm-02-transitions/workload-0008-repeat-00.csv,369aae7d4156deb32b53400c06f3cec3824eea795e5615cecad52262236398b6,d4cabe90626816d31031df8bf093c267b7d47904070edb521eb8dcaf9f01af48,2,length-decrease-early,4097,5120,6143,published,-1,"{""alpha"": 0, ""hop"": 1024, ""n"": 2048, ""octave"": 0, ""rate"": 48000, ""window"": 8}",1023,21.3125,2046,42.625
3aeff8d50243a034,m1-pro-16gb-local,5648977bafe25cf439400ecfe3d0be005b6ba2285bcaf11c03bce81fcd4d3f4a,core-float,float,spec012-confirm-02,0,interactive-v1,False,65536,48000,64,/Users/christiankauten/Documents/Projects/Rack/plugins/Fourier/.build/spec012/confirm-02-transitions/workload-0008-repeat-00.csv,369aae7d4156deb32b53400c06f3cec3824eea795e5615cecad52262236398b6,d4cabe90626816d31031df8bf093c267b7d47904070edb521eb8dcaf9f01af48,3,hop-increase-middle,6656,7168,9215,published,-1,"{""alpha"": 0, ""hop"": 2048, ""n"": 2048, ""octave"": 0, ""rate"": 48000, ""window"": 8}",512,10.666666666666666,2559,53.3125
3aeff8d50243a034,m1-pro-16gb-local,5648977bafe25cf439400ecfe3d0be005b6ba2285bcaf11c03bce81fcd4d3f4a,core-float,float,spec012-confirm-02,0,interactive-v1,False,65536,48000,64,/Users/christiankauten/Documents/Projects/Rack/plugins/Fourier/.build/spec012/confirm-02-transitions/workload-0008-repeat-00.csv,369aae7d4156deb32b53400c06f3cec3824eea795e5615cecad52262236398b6,d4cabe90626816d31031df8bf093c267b7d47904070edb521eb8dcaf9f01af48,4,window-late,11262,11264,13311,published,-1,"{""alpha"": 0, ""hop"": 2048, ""n"": 2048, ""octave"": 0, ""rate"": 48000, ""window"": 11}",2,0.041666666666666664,2049,42.6875
3aeff8d50243a034,m1-pro-16gb-local,5648977bafe25cf439400ecfe3d0be005b6ba2285bcaf11c03bce81fcd4d3f4a,core-float,float,spec012-confirm-02,0,interactive-v1,False,65536,48000,64,/Users/christiankauten/Documents/Projects/Rack/plugins/Fourier/.build/spec012/confirm-02-transitions/workload-0008-repeat-00.csv,369aae7d4156deb32b53400c06f3cec3824eea795e5615cecad52262236398b6,d4cabe90626816d31031df8bf093c267b7d47904070edb521eb8dcaf9f01af48,5,smoothing-before-publication,13311,13312,15359,published,-1,"{""alpha"": 0.800000011920929, ""hop"": 2048, ""n"": 2048, ""octave"": 0.3333333432674408, ""rate"": 48000, ""window"": 11}",1,0.020833333333333332,2048,42.666666666666664
3aeff8d50243a034,m1-pro-16gb-local,5648977bafe25cf439400ecfe3d0be005b6ba2285bcaf11c03bce81fcd4d3f4a,core-float,float,spec012-confirm-02,0,interactive-v1,False,65536,48000,64,/Users/christiankauten/Documents/Projects/Rack/plugins/Fourier/.build/spec012/confirm-02-transitions/workload-0008-repeat-00.csv,369aae7d4156deb32b53400c06f3cec3824eea795e5615cecad52262236398b6,d4cabe90626816d31031df8bf093c267b7d47904070edb521eb8dcaf9f01af48,6,no-op-boundary,15360,15360,17407,published,-1,"{""alpha"": 0.800000011920929, ""hop"": 2048, ""n"": 2048, ""octave"": 0.3333333432674408, ""rate"": 48000, ""window"": 11}",0,0.0,2047,42.645833333333336
3aeff8d50243a034,m1-pro-16gb-local,5648977bafe25cf439400ecfe3d0be005b6ba2285bcaf11c03bce81fcd4d3f4a,core-float,float,spec012-confirm-02,0,interactive-v1,False,65536,48000,64,/Users/christiankauten/Documents/Projects/Rack/plugins/Fourier/.build/spec012/confirm-02-transitions/workload-0008-repeat-00.csv,369aae7d4156deb32b53400c06f3cec3824eea795e5615cecad52262236398b6,d4cabe90626816d31031df8bf093c267b7d47904070edb521eb8dcaf9f01af48,7,replace-pending-first,17409,-1,-1,replaced,8,"{""alpha"": 0.800000011920929, ""hop"": 2048, ""n"": 2048, ""octave"": 0.3333333432674408, ""rate"": 48000, ""window"": 8}",,,,
3aeff8d50243a034,m1-pro-16gb-local,5648977bafe25cf439400ecfe3d0be005b6ba2285bcaf11c03bce81fcd4d3f4a,core-float,float,spec012-confirm-02,0,interactive-v1,False,65536,48000,64,/Users/christiankauten/Documents/Projects/Rack/plugins/Fourier/.build/spec012/confirm-02-transitions/workload-0008-repeat-00.csv,369aae7d4156deb32b53400c06f3cec3824eea795e5615cecad52262236398b6,d4cabe90626816d31031df8bf093c267b7d47904070edb521eb8dcaf9f01af48,8,replace-pending-last,17410,19456,21503,published,-1,"{""alpha"": 0, ""hop"": 2048, ""n"": 2048, ""octave"": 0.3333333432674408, ""rate"": 48000, ""window"": 8}",2046,42.625,4093,85.27083333333333
3aeff8d50243a034,m1-pro-16gb-local,5648977bafe25cf439400ecfe3d0be005b6ba2285bcaf11c03bce81fcd4d3f4a,core-float,float,spec012-confirm-02,0,interactive-v1,False,65536,48000,64,/Users/christiankauten/Documents/Projects/Rack/plugins/Fourier/.build/spec012/confirm-02-transitions/workload-0008-repeat-00.csv,369aae7d4156deb32b53400c06f3cec3824eea795e5615cecad52262236398b6,d4cabe90626816d31031df8bf093c267b7d47904070edb521eb8dcaf9f01af48,9,hop-decrease-boundary,21504,21504,22015,published,-1,"{""alpha"": 0, ""hop"": 512, ""n"": 2048, ""octave"": 0.3333333432674408, ""rate"": 48000, ""window"": 8}",0,0.0,511,10.645833333333334
3aeff8d50243a034,m1-pro-16gb-local,5648977bafe25cf439400ecfe3d0be005b6ba2285bcaf11c03bce81fcd4d3f4a,core-float,float,spec012-confirm-02,0,interactive-v1,False,65536,48000,64,/Users/christiankauten/Documents/Projects/Rack/plugins/Fourier/.build/spec012/confirm-02-transitions/workload-0008-repeat-00.csv,369aae7d4156deb32b53400c06f3cec3824eea795e5615cecad52262236398b6,d4cabe90626816d31031df8bf093c267b7d47904070edb521eb8dcaf9f01af48,10,smoothing-disable,23553,24064,24575,published,-1,"{""alpha"": 0, ""hop"": 512, ""n"": 2048, ""octave"": 0, ""rate"": 48000, ""window"": 8}",511,10.645833333333334,1022,21.291666666666668
3aeff8d50243a034,m1-pro-16gb-local,5648977bafe25cf439400ecfe3d0be005b6ba2285bcaf11c03bce81fcd4d3f4a,core-float,float,spec012-confirm-02,0,interactive-v1,False,65536,48000,64,/Users/christiankauten/Documents/Projects/Rack/plugins/Fourier/.build/spec012/confirm-02-transitions/workload-0008-repeat-00.csv,369aae7d4156deb32b53400c06f3cec3824eea795e5615cecad52262236398b6,d4cabe90626816d31031df8bf093c267b7d47904070edb521eb8dcaf9f01af48,11,horizon-no-response,65535,-1,-1,pending-no-response,-1,"{""alpha"": 0, ""hop"": 512, ""n"": 2048, ""octave"": 0, ""rate"": 48000, ""window"": 0}",,,,
3aeff8d50243a034,m1-pro-16gb-local,5648977bafe25cf439400ecfe3d0be005b6ba2285bcaf11c03bce81fcd4d3f4a,core-float,float,spec012-confirm-02,1,interactive-v1,False,65536,48000,64,/Users/christiankauten/Documents/Projects/Rack/plugins/Fourier/.build/spec012/confirm-02-transitions/workload-0008-repeat-01.csv,41cb792c04ebb286311ef23201701f8e04b39ceace30224663f1e6afd6fc0b3f,d4cabe90626816d31031df8bf093c267b7d47904070edb521eb8dcaf9f01af48,1,length-increase-boundary,2048,2048,3071,published,-1,"{""alpha"": 0, ""hop"": 1024, ""n"": 16384, ""octave"": 0, ""rate"": 48000, ""window"": 8}",0,0.0,1023,21.3125
3aeff8d50243a034,m1-pro-16gb-local,5648977bafe25cf439400ecfe3d0be005b6ba2285bcaf11c03bce81fcd4d3f4a,core-float,float,spec012-confirm-02,1,interactive-v1,False,65536,48000,64,/Users/christiankauten/Documents/Projects/Rack/plugins/Fourier/.build/spec012/confirm-02-transitions/workload-0008-repeat-01.csv,41cb792c04ebb286311ef23201701f8e04b39ceace30224663f1e6afd6fc0b3f,d4cabe90626816d31031df8bf093c267b7d47904070edb521eb8dcaf9f01af48,2,length-decrease-early,4097,5120,6143,published,-1,"{""alpha"": 0, ""hop"": 1024, ""n"": 2048, ""octave"": 0, ""rate"": 48000, ""window"": 8}",1023,21.3125,2046,42.625
3aeff8d50243a034,m1-pro-16gb-local,5648977bafe25cf439400ecfe3d0be005b6ba2285bcaf11c03bce81fcd4d3f4a,core-float,float,spec012-confirm-02,1,interactive-v1,False,65536,48000,64,/Users/christiankauten/Documents/Projects/Rack/plugins/Fourier/.build/spec012/confirm-02-transitions/workload-0008-repeat-01.csv,41cb792c04ebb286311ef23201701f8e04b39ceace30224663f1e6afd6fc0b3f,d4cabe90626816d31031df8bf093c267b7d47904070edb521eb8dcaf9f01af48,3,hop-increase-middle,6656,7168,9215,published,-1,"{""alpha"": 0, ""hop"": 2048, ""n"": 2048, ""octave"": 0, ""rate"": 48000, ""window"": 8}",512,10.666666666666666,2559,53.3125
3aeff8d50243a034,m1-pro-16gb-local,5648977bafe25cf439400ecfe3d0be005b6ba2285bcaf11c03bce81fcd4d3f4a,core-float,float,spec012-confirm-02,1,interactive-v1,False,65536,48000,64,/Users/christiankauten/Documents/Projects/Rack/plugins/Fourier/.build/spec012/confirm-02-transitions/workload-0008-repeat-01.csv,41cb792c04ebb286311ef23201701f8e04b39ceace30224663f1e6afd6fc0b3f,d4cabe90626816d31031df8bf093c267b7d47904070edb521eb8dcaf9f01af48,4,window-late,11262,11264,13311,published,-1,"{""alpha"": 0, ""hop"": 2048, ""n"": 2048, ""octave"": 0, ""rate"": 48000, ""window"": 11}",2,0.041666666666666664,2049,42.6875
3aeff8d50243a034,m1-pro-16gb-local,5648977bafe25cf439400ecfe3d0be005b6ba2285bcaf11c03bce81fcd4d3f4a,core-float,float,spec012-confirm-02,1,interactive-v1,False,65536,48000,64,/Users/christiankauten/Documents/Projects/Rack/plugins/Fourier/.build/spec012/confirm-02-transitions/workload-0008-repeat-01.csv,41cb792c04ebb286311ef23201701f8e04b39ceace30224663f1e6afd6fc0b3f,d4cabe90626816d31031df8bf093c267b7d47904070edb521eb8dcaf9f01af48,5,smoothing-before-publication,13311,13312,15359,published,-1,"{""alpha"": 0.800000011920929, ""hop"": 2048, ""n"": 2048, ""octave"": 0.3333333432674408, ""rate"": 48000, ""window"": 11}",1,0.020833333333333332,2048,42.666666666666664
3aeff8d50243a034,m1-pro-16gb-local,5648977bafe25cf439400ecfe3d0be005b6ba2285bcaf11c03bce81fcd4d3f4a,core-float,float,spec012-confirm-02,1,interactive-v1,False,65536,48000,64,/Users/christiankauten/Documents/Projects/Rack/plugins/Fourier/.build/spec012/confirm-02-transitions/workload-0008-repeat-01.csv,41cb792c04ebb286311ef23201701f8e04b39ceace30224663f1e6afd6fc0b3f,d4cabe90626816d31031df8bf093c267b7d47904070edb521eb8dcaf9f01af48,6,no-op-boundary,15360,15360,17407,published,-1,"{""alpha"": 0.800000011920929, ""hop"": 2048, ""n"": 2048, ""octave"": 0.3333333432674408, ""rate"": 48000, ""window"": 11}",0,0.0,2047,42.645833333333336
3aeff8d50243a034,m1-pro-16gb-local,5648977bafe25cf439400ecfe3d0be005b6ba2285bcaf11c03bce81fcd4d3f4a,core-float,float,spec012-confirm-02,1,interactive-v1,False,65536,48000,64,/Users/christiankauten/Documents/Projects/Rack/plugins/Fourier/.build/spec012/confirm-02-transitions/workload-0008-repeat-01.csv,41cb792c04ebb286311ef23201701f8e04b39ceace30224663f1e6afd6fc0b3f,d4cabe90626816d31031df8bf093c267b7d47904070edb521eb8dcaf9f01af48,7,replace-pending-first,17409,-1,-1,replaced,8,"{""alpha"": 0.800000011920929, ""hop"": 2048, ""n"": 2048, ""octave"": 0.3333333432674408, ""rate"": 48000, ""window"": 8}",,,,
3aeff8d50243a034,m1-pro-16gb-local,5648977bafe25cf439400ecfe3d0be005b6ba2285bcaf11c03bce81fcd4d3f4a,core-float,float,spec012-confirm-02,1,interactive-v1,False,65536,48000,64,/Users/christiankauten/Documents/Projects/Rack/plugins/Fourier/.build/spec012/confirm-02-transitions/workload-0008-repeat-01.csv,41cb792c04ebb286311ef23201701f8e04b39ceace30224663f1e6afd6fc0b3f,d4cabe90626816d31031df8bf093c267b7d47904070edb521eb8dcaf9f01af48,8,replace-pending-last,17410,19456,21503,published,-1,"{""alpha"": 0, ""hop"": 2048, ""n"": 2048, ""octave"": 0.3333333432674408, ""rate"": 48000, ""window"": 8}",2046,42.625,4093,85.27083333333333
3aeff8d50243a034,m1-pro-16gb-local,5648977bafe25cf439400ecfe3d0be005b6ba2285bcaf11c03bce81fcd4d3f4a,core-float,float,spec012-confirm-02,1,interactive-v1,False,65536,48000,64,/Users/christiankauten/Documents/Projects/Rack/plugins/Fourier/.build/spec012/confirm-02-transitions/workload-0008-repeat-01.csv,41cb792c04ebb286311ef23201701f8e04b39ceace30224663f1e6afd6fc0b3f,d4cabe90626816d31031df8bf093c267b7d47904070edb521eb8dcaf9f01af48,9,hop-decrease-boundary,21504,21504,22015,published,-1,"{""alpha"": 0, ""hop"": 512, ""n"": 2048, ""octave"": 0.3333333432674408, ""rate"": 48000, ""window"": 8}",0,0.0,511,10.645833333333334
3aeff8d50243a034,m1-pro-16gb-local,5648977bafe25cf439400ecfe3d0be005b6ba2285bcaf11c03bce81fcd4d3f4a,core-float,float,spec012-confirm-02,1,interactive-v1,False,65536,48000,64,/Users/christiankauten/Documents/Projects/Rack/plugins/Fourier/.build/spec012/confirm-02-transitions/workload-0008-repeat-01.csv,41cb792c04ebb286311ef23201701f8e04b39ceace30224663f1e6afd6fc0b3f,d4cabe90626816d31031df8bf093c267b7d47904070edb521eb8dcaf9f01af48,10,smoothing-disable,23553,24064,24575,published,-1,"{""alpha"": 0, ""hop"": 512, ""n"": 2048, ""octave"": 0, ""rate"": 48000, ""window"": 8}",511,10.645833333333334,1022,21.291666666666668
3aeff8d50243a034,m1-pro-16gb-local,5648977bafe25cf439400ecfe3d0be005b6ba2285bcaf11c03bce81fcd4d3f4a,core-float,float,spec012-confirm-02,1,interactive-v1,False,65536,48000,64,/Users/christiankauten/Documents/Projects/Rack/plugins/Fourier/.build/spec012/confirm-02-transitions/workload-0008-repeat-01.csv,41cb792c04ebb286311ef23201701f8e04b39ceace30224663f1e6afd6fc0b3f,d4cabe90626816d31031df8bf093c267b7d47904070edb521eb8dcaf9f01af48,11,horizon-no-response,65535,-1,-1,pending-no-response,-1,"{""alpha"": 0, ""hop"": 512, ""n"": 2048, ""octave"": 0, ""rate"": 48000, ""window"": 0}",,,,
3aeff8d50243a034,m1-pro-16gb-local,5648977bafe25cf439400ecfe3d0be005b6ba2285bcaf11c03bce81fcd4d3f4a,core-float,float,spec012-confirm-02,2,interactive-v1,False,65536,48000,64,/Users/christiankauten/Documents/Projects/Rack/plugins/Fourier/.build/spec012/confirm-02-transitions/workload-0008-repeat-02.csv,d6eb237ed3b6465349f8c56957a006c457b9829e11f02b7e751ebb2ccaf020f4,d4cabe90626816d31031df8bf093c267b7d47904070edb521eb8dcaf9f01af48,1,length-increase-boundary,2048,2048,3071,published,-1,"{""alpha"": 0, ""hop"": 1024, ""n"": 16384, ""octave"": 0, ""rate"": 48000, ""window"": 8}",0,0.0,1023,21.3125
3aeff8d50243a034,m1-pro-16gb-local,5648977bafe25cf439400ecfe3d0be005b6ba2285bcaf11c03bce81fcd4d3f4a,core-float,float,spec012-confirm-02,2,interactive-v1,False,65536,48000,64,/Users/christiankauten/Documents/Projects/Rack/plugins/Fourier/.build/spec012/confirm-02-transitions/workload-0008-repeat-02.csv,d6eb237ed3b6465349f8c56957a006c457b9829e11f02b7e751ebb2ccaf020f4,d4cabe90626816d31031df8bf093c267b7d47904070edb521eb8dcaf9f01af48,2,length-decrease-early,4097,5120,6143,published,-1,"{""alpha"": 0, ""hop"": 1024, ""n"": 2048, ""octave"": 0, ""rate"": 48000, ""window"": 8}",1023,21.3125,2046,42.625
3aeff8d50243a034,m1-pro-16gb-local,5648977bafe25cf439400ecfe3d0be005b6ba2285bcaf11c03bce81fcd4d3f4a,core-float,float,spec012-confirm-02,2,interactive-v1,False,65536,48000,64,/Users/christiankauten/Documents/Projects/Rack/plugins/Fourier/.build/spec012/confirm-02-transitions/workload-0008-repeat-02.csv,d6eb237ed3b6465349f8c56957a006c457b9829e11f02b7e751ebb2ccaf020f4,d4cabe90626816d31031df8bf093c267b7d47904070edb521eb8dcaf9f01af48,3,hop-increase-middle,6656,7168,9215,published,-1,"{""alpha"": 0, ""hop"": 2048, ""n"": 2048, ""octave"": 0, ""rate"": 48000, ""window"": 8}",512,10.666666666666666,2559,53.3125
3aeff8d50243a034,m1-pro-16gb-local,5648977bafe25cf439400ecfe3d0be005b6ba2285bcaf11c03bce81fcd4d3f4a,core-float,float,spec012-confirm-02,2,interactive-v1,False,65536,48000,64,/Users/christiankauten/Documents/Projects/Rack/plugins/Fourier/.build/spec012/confirm-02-transitions/workload-0008-repeat-02.csv,d6eb237ed3b6465349f8c56957a006c457b9829e11f02b7e751ebb2ccaf020f4,d4cabe90626816d31031df8bf093c267b7d47904070edb521eb8dcaf9f01af48,4,window-late,11262,11264,13311,published,-1,"{""alpha"": 0, ""hop"": 2048, ""n"": 2048, ""octave"": 0, ""rate"": 48000, ""window"": 11}",2,0.041666666666666664,2049,42.6875
3aeff8d50243a034,m1-pro-16gb-local,5648977bafe25cf439400ecfe3d0be005b6ba2285bcaf11c03bce81fcd4d3f4a,core-float,float,spec012-confirm-02,2,interactive-v1,False,65536,48000,64,/Users/christiankauten/Documents/Projects/Rack/plugins/Fourier/.build/spec012/confirm-02-transitions/workload-0008-repeat-02.csv,d6eb237ed3b6465349f8c56957a006c457b9829e11f02b7e751ebb2ccaf020f4,d4cabe90626816d31031df8bf093c267b7d47904070edb521eb8dcaf9f01af48,5,smoothing-before-publication,13311,13312,15359,published,-1,"{""alpha"": 0.800000011920929, ""hop"": 2048, ""n"": 2048, ""octave"": 0.3333333432674408, ""rate"": 48000, ""window"": 11}",1,0.020833333333333332,2048,42.666666666666664
3aeff8d50243a034,m1-pro-16gb-local,5648977bafe25cf439400ecfe3d0be005b6ba2285bcaf11c03bce81fcd4d3f4a,core-float,float,spec012-confirm-02,2,interactive-v1,False,65536,48000,64,/Users/christiankauten/Documents/Projects/Rack/plugins/Fourier/.build/spec012/confirm-02-transitions/workload-0008-repeat-02.csv,d6eb237ed3b6465349f8c56957a006c457b9829e11f02b7e751ebb2ccaf020f4,d4cabe90626816d31031df8bf093c267b7d47904070edb521eb8dcaf9f01af48,6,no-op-boundary,15360,15360,17407,published,-1,"{""alpha"": 0.800000011920929, ""hop"": 2048, ""n"": 2048, ""octave"": 0.3333333432674408, ""rate"": 48000, ""window"": 11}",0,0.0,2047,42.645833333333336
3aeff8d50243a034,m1-pro-16gb-local,5648977bafe25cf439400ecfe3d0be005b6ba2285bcaf11c03bce81fcd4d3f4a,core-float,float,spec012-confirm-02,2,interactive-v1,False,65536,48000,64,/Users/christiankauten/Documents/Projects/Rack/plugins/Fourier/.build/spec012/confirm-02-transitions/workload-0008-repeat-02.csv,d6eb237ed3b6465349f8c56957a006c457b9829e11f02b7e751ebb2ccaf020f4,d4cabe90626816d31031df8bf093c267b7d47904070edb521eb8dcaf9f01af48,7,replace-pending-first,17409,-1,-1,replaced,8,"{""alpha"": 0.800000011920929, ""hop"": 2048, ""n"": 2048, ""octave"": 0.3333333432674408, ""rate"": 48000, ""window"": 8}",,,,
3aeff8d50243a034,m1-pro-16gb-local,5648977bafe25cf439400ecfe3d0be005b6ba2285bcaf11c03bce81fcd4d3f4a,core-float,float,spec012-confirm-02,2,interactive-v1,False,65536,48000,64,/Users/christiankauten/Documents/Projects/Rack/plugins/Fourier/.build/spec012/confirm-02-transitions/workload-0008-repeat-02.csv,d6eb237ed3b6465349f8c56957a006c457b9829e11f02b7e751ebb2ccaf020f4,d4cabe90626816d31031df8bf093c267b7d47904070edb521eb8dcaf9f01af48,8,replace-pending-last,17410,19456,21503,published,-1,"{""alpha"": 0, ""hop"": 2048, ""n"": 2048, ""octave"": 0.3333333432674408, ""rate"": 48000, ""window"": 8}",2046,42.625,4093,85.27083333333333
3aeff8d50243a034,m1-pro-16gb-local,5648977bafe25cf439400ecfe3d0be005b6ba2285bcaf11c03bce81fcd4d3f4a,core-float,float,spec012-confirm-02,2,interactive-v1,False,65536,48000,64,/Users/christiankauten/Documents/Projects/Rack/plugins/Fourier/.build/spec012/confirm-02-transitions/workload-0008-repeat-02.csv,d6eb237ed3b6465349f8c56957a006c457b9829e11f02b7e751ebb2ccaf020f4,d4cabe90626816d31031df8bf093c267b7d47904070edb521eb8dcaf9f01af48,9,hop-decrease-boundary,21504,21504,22015,published,-1,"{""alpha"": 0, ""hop"": 512, ""n"": 2048, ""octave"": 0.3333333432674408, ""rate"": 48000, ""window"": 8}",0,0.0,511,10.645833333333334
3aeff8d50243a034,m1-pro-16gb-local,5648977bafe25cf439400ecfe3d0be005b6ba2285bcaf11c03bce81fcd4d3f4a,core-float,float,spec012-confirm-02,2,interactive-v1,False,65536,48000,64,/Users/christiankauten/Documents/Projects/Rack/plugins/Fourier/.build/spec012/confirm-02-transitions/workload-0008-repeat-02.csv,d6eb237ed3b6465349f8c56957a006c457b9829e11f02b7e751ebb2ccaf020f4,d4cabe90626816d31031df8bf093c267b7d47904070edb521eb8dcaf9f01af48,10,smoothing-disable,23553,24064,24575,published,-1,"{""alpha"": 0, ""hop"": 512, ""n"": 2048, ""octave"": 0, ""rate"": 48000, ""window"": 8}",511,10.645833333333334,1022,21.291666666666668
3aeff8d50243a034,m1-pro-16gb-local,5648977bafe25cf439400ecfe3d0be005b6ba2285bcaf11c03bce81fcd4d3f4a,core-float,float,spec012-confirm-02,2,interactive-v1,False,65536,48000,64,/Users/christiankauten/Documents/Projects/Rack/plugins/Fourier/.build/spec012/confirm-02-transitions/workload-0008-repeat-02.csv,d6eb237ed3b6465349f8c56957a006c457b9829e11f02b7e751ebb2ccaf020f4,d4cabe90626816d31031df8bf093c267b7d47904070edb521eb8dcaf9f01af48,11,horizon-no-response,65535,-1,-1,pending-no-response,-1,"{""alpha"": 0, ""hop"": 512, ""n"": 2048, ""octave"": 0, ""rate"": 48000, ""window"": 0}",,,,
3aeff8d50243a034,m1-pro-16gb-local,5648977bafe25cf439400ecfe3d0be005b6ba2285bcaf11c03bce81fcd4d3f4a,core-float,float,spec012-confirm-03,0,interactive-v1,False,65536,48000,64,/Users/christiankauten/Documents/Projects/Rack/plugins/Fourier/.build/spec012/confirm-03-transitions/workload-0008-repeat-00.csv,2379ab3a57695bf6299b01a536b2f9c82beeb0378d9caf6ffffab18e01165d50,d4cabe90626816d31031df8bf093c267b7d47904070edb521eb8dcaf9f01af48,1,length-increase-boundary,2048,2048,3071,published,-1,"{""alpha"": 0, ""hop"": 1024, ""n"": 16384, ""octave"": 0, ""rate"": 48000, ""window"": 8}",0,0.0,1023,21.3125
3aeff8d50243a034,m1-pro-16gb-local,5648977bafe25cf439400ecfe3d0be005b6ba2285bcaf11c03bce81fcd4d3f4a,core-float,float,spec012-confirm-03,0,interactive-v1,False,65536,48000,64,/Users/christiankauten/Documents/Projects/Rack/plugins/Fourier/.build/spec012/confirm-03-transitions/workload-0008-repeat-00.csv,2379ab3a57695bf6299b01a536b2f9c82beeb0378d9caf6ffffab18e01165d50,d4cabe90626816d31031df8bf093c267b7d47904070edb521eb8dcaf9f01af48,2,length-decrease-early,4097,5120,6143,published,-1,"{""alpha"": 0, ""hop"": 1024, ""n"": 2048, ""octave"": 0, ""rate"": 48000, ""window"": 8}",1023,21.3125,2046,42.625
3aeff8d50243a034,m1-pro-16gb-local,5648977bafe25cf439400ecfe3d0be005b6ba2285bcaf11c03bce81fcd4d3f4a,core-float,float,spec012-confirm-03,0,interactive-v1,False,65536,48000,64,/Users/christiankauten/Documents/Projects/Rack/plugins/Fourier/.build/spec012/confirm-03-transitions/workload-0008-repeat-00.csv,2379ab3a57695bf6299b01a536b2f9c82beeb0378d9caf6ffffab18e01165d50,d4cabe90626816d31031df8bf093c267b7d47904070edb521eb8dcaf9f01af48,3,hop-increase-middle,6656,7168,9215,published,-1,"{""alpha"": 0, ""hop"": 2048, ""n"": 2048, ""octave"": 0, ""rate"": 48000, ""window"": 8}",512,10.666666666666666,2559,53.3125
3aeff8d50243a034,m1-pro-16gb-local,5648977bafe25cf439400ecfe3d0be005b6ba2285bcaf11c03bce81fcd4d3f4a,core-float,float,spec012-confirm-03,0,interactive-v1,False,65536,48000,64,/Users/christiankauten/Documents/Projects/Rack/plugins/Fourier/.build/spec012/confirm-03-transitions/workload-0008-repeat-00.csv,2379ab3a57695bf6299b01a536b2f9c82beeb0378d9caf6ffffab18e01165d50,d4cabe90626816d31031df8bf093c267b7d47904070edb521eb8dcaf9f01af48,4,window-late,11262,11264,13311,published,-1,"{""alpha"": 0, ""hop"": 2048, ""n"": 2048, ""octave"": 0, ""rate"": 48000, ""window"": 11}",2,0.041666666666666664,2049,42.6875
3aeff8d50243a034,m1-pro-16gb-local,5648977bafe25cf439400ecfe3d0be005b6ba2285bcaf11c03bce81fcd4d3f4a,core-float,float,spec012-confirm-03,0,interactive-v1,False,65536,48000,64,/Users/christiankauten/Documents/Projects/Rack/plugins/Fourier/.build/spec012/confirm-03-transitions/workload-0008-repeat-00.csv,2379ab3a57695bf6299b01a536b2f9c82beeb0378d9caf6ffffab18e01165d50,d4cabe90626816d31031df8bf093c267b7d47904070edb521eb8dcaf9f01af48,5,smoothing-before-publication,13311,13312,15359,published,-1,"{""alpha"": 0.800000011920929, ""hop"": 2048, ""n"": 2048, ""octave"": 0.3333333432674408, ""rate"": 48000, ""window"": 11}",1,0.020833333333333332,2048,42.666666666666664
3aeff8d50243a034,m1-pro-16gb-local,5648977bafe25cf439400ecfe3d0be005b6ba2285bcaf11c03bce81fcd4d3f4a,core-float,float,spec012-confirm-03,0,interactive-v1,False,65536,48000,64,/Users/christiankauten/Documents/Projects/Rack/plugins/Fourier/.build/spec012/confirm-03-transitions/workload-0008-repeat-00.csv,2379ab3a57695bf6299b01a536b2f9c82beeb0378d9caf6ffffab18e01165d50,d4cabe90626816d31031df8bf093c267b7d47904070edb521eb8dcaf9f01af48,6,no-op-boundary,15360,15360,17407,published,-1,"{""alpha"": 0.800000011920929, ""hop"": 2048, ""n"": 2048, ""octave"": 0.3333333432674408, ""rate"": 48000, ""window"": 11}",0,0.0,2047,42.645833333333336
3aeff8d50243a034,m1-pro-16gb-local,5648977bafe25cf439400ecfe3d0be005b6ba2285bcaf11c03bce81fcd4d3f4a,core-float,float,spec012-confirm-03,0,interactive-v1,False,65536,48000,64,/Users/christiankauten/Documents/Projects/Rack/plugins/Fourier/.build/spec012/confirm-03-transitions/workload-0008-repeat-00.csv,2379ab3a57695bf6299b01a536b2f9c82beeb0378d9caf6ffffab18e01165d50,d4cabe90626816d31031df8bf093c267b7d47904070edb521eb8dcaf9f01af48,7,replace-pending-first,17409,-1,-1,replaced,8,"{""alpha"": 0.800000011920929, ""hop"": 2048, ""n"": 2048, ""octave"": 0.3333333432674408, ""rate"": 48000, ""window"": 8}",,,,
3aeff8d50243a034,m1-pro-16gb-local,5648977bafe25cf439400ecfe3d0be005b6ba2285bcaf11c03bce81fcd4d3f4a,core-float,float,spec012-confirm-03,0,interactive-v1,False,65536,48000,64,/Users/christiankauten/Documents/Projects/Rack/plugins/Fourier/.build/spec012/confirm-03-transitions/workload-0008-repeat-00.csv,2379ab3a57695bf6299b01a536b2f9c82beeb0378d9caf6ffffab18e01165d50,d4cabe90626816d31031df8bf093c267b7d47904070edb521eb8dcaf9f01af48,8,replace-pending-last,17410,19456,21503,published,-1,"{""alpha"": 0, ""hop"": 2048, ""n"": 2048, ""octave"": 0.3333333432674408, ""rate"": 48000, ""window"": 8}",2046,42.625,4093,85.27083333333333
3aeff8d50243a034,m1-pro-16gb-local,5648977bafe25cf439400ecfe3d0be005b6ba2285bcaf11c03bce81fcd4d3f4a,core-float,float,spec012-confirm-03,0,interactive-v1,False,65536,48000,64,/Users/christiankauten/Documents/Projects/Rack/plugins/Fourier/.build/spec012/confirm-03-transitions/workload-0008-repeat-00.csv,2379ab3a57695bf6299b01a536b2f9c82beeb0378d9caf6ffffab18e01165d50,d4cabe90626816d31031df8bf093c267b7d47904070edb521eb8dcaf9f01af48,9,hop-decrease-boundary,21504,21504,22015,published,-1,"{""alpha"": 0, ""hop"": 512, ""n"": 2048, ""octave"": 0.3333333432674408, ""rate"": 48000, ""window"": 8}",0,0.0,511,10.645833333333334
3aeff8d50243a034,m1-pro-16gb-local,5648977bafe25cf439400ecfe3d0be005b6ba2285bcaf11c03bce81fcd4d3f4a,core-float,float,spec012-confirm-03,0,interactive-v1,False,65536,48000,64,/Users/christiankauten/Documents/Projects/Rack/plugins/Fourier/.build/spec012/confirm-03-transitions/workload-0008-repeat-00.csv,2379ab3a57695bf6299b01a536b2f9c82beeb0378d9caf6ffffab18e01165d50,d4cabe90626816d31031df8bf093c267b7d47904070edb521eb8dcaf9f01af48,10,smoothing-disable,23553,24064,24575,published,-1,"{""alpha"": 0, ""hop"": 512, ""n"": 2048, ""octave"": 0, ""rate"": 48000, ""window"": 8}",511,10.645833333333334,1022,21.291666666666668
3aeff8d50243a034,m1-pro-16gb-local,5648977bafe25cf439400ecfe3d0be005b6ba2285bcaf11c03bce81fcd4d3f4a,core-float,float,spec012-confirm-03,0,interactive-v1,False,65536,48000,64,/Users/christiankauten/Documents/Projects/Rack/plugins/Fourier/.build/spec012/confirm-03-transitions/workload-0008-repeat-00.csv,2379ab3a57695bf6299b01a536b2f9c82beeb0378d9caf6ffffab18e01165d50,d4cabe90626816d31031df8bf093c267b7d47904070edb521eb8dcaf9f01af48,11,horizon-no-response,65535,-1,-1,pending-no-response,-1,"{""alpha"": 0, ""hop"": 512, ""n"": 2048, ""octave"": 0, ""rate"": 48000, ""window"": 0}",,,,
3aeff8d50243a034,m1-pro-16gb-local,5648977bafe25cf439400ecfe3d0be005b6ba2285bcaf11c03bce81fcd4d3f4a,core-float,float,spec012-confirm-03,1,interactive-v1,False,65536,48000,64,/Users/christiankauten/Documents/Projects/Rack/plugins/Fourier/.build/spec012/confirm-03-transitions/workload-0008-repeat-01.csv,7cf77afc3d6001d6158570addf1c7a3c3e8371b823a3dfbfa3631e6ca395a273,d4cabe90626816d31031df8bf093c267b7d47904070edb521eb8dcaf9f01af48,1,length-increase-boundary,2048,2048,3071,published,-1,"{""alpha"": 0, ""hop"": 1024, ""n"": 16384, ""octave"": 0, ""rate"": 48000, ""window"": 8}",0,0.0,1023,21.3125
3aeff8d50243a034,m1-pro-16gb-local,5648977bafe25cf439400ecfe3d0be005b6ba2285bcaf11c03bce81fcd4d3f4a,core-float,float,spec012-confirm-03,1,interactive-v1,False,65536,48000,64,/Users/christiankauten/Documents/Projects/Rack/plugins/Fourier/.build/spec012/confirm-03-transitions/workload-0008-repeat-01.csv,7cf77afc3d6001d6158570addf1c7a3c3e8371b823a3dfbfa3631e6ca395a273,d4cabe90626816d31031df8bf093c267b7d47904070edb521eb8dcaf9f01af48,2,length-decrease-early,4097,5120,6143,published,-1,"{""alpha"": 0, ""hop"": 1024, ""n"": 2048, ""octave"": 0, ""rate"": 48000, ""window"": 8}",1023,21.3125,2046,42.625
3aeff8d50243a034,m1-pro-16gb-local,5648977bafe25cf439400ecfe3d0be005b6ba2285bcaf11c03bce81fcd4d3f4a,core-float,float,spec012-confirm-03,1,interactive-v1,False,65536,48000,64,/Users/christiankauten/Documents/Projects/Rack/plugins/Fourier/.build/spec012/confirm-03-transitions/workload-0008-repeat-01.csv,7cf77afc3d6001d6158570addf1c7a3c3e8371b823a3dfbfa3631e6ca395a273,d4cabe90626816d31031df8bf093c267b7d47904070edb521eb8dcaf9f01af48,3,hop-increase-middle,6656,7168,9215,published,-1,"{""alpha"": 0, ""hop"": 2048, ""n"": 2048, ""octave"": 0, ""rate"": 48000, ""window"": 8}",512,10.666666666666666,2559,53.3125
3aeff8d50243a034,m1-pro-16gb-local,5648977bafe25cf439400ecfe3d0be005b6ba2285bcaf11c03bce81fcd4d3f4a,core-float,float,spec012-confirm-03,1,interactive-v1,False,65536,48000,64,/Users/christiankauten/Documents/Projects/Rack/plugins/Fourier/.build/spec012/confirm-03-transitions/workload-0008-repeat-01.csv,7cf77afc3d6001d6158570addf1c7a3c3e8371b823a3dfbfa3631e6ca395a273,d4cabe90626816d31031df8bf093c267b7d47904070edb521eb8dcaf9f01af48,4,window-late,11262,11264,13311,published,-1,"{""alpha"": 0, ""hop"": 2048, ""n"": 2048, ""octave"": 0, ""rate"": 48000, ""window"": 11}",2,0.041666666666666664,2049,42.6875
3aeff8d50243a034,m1-pro-16gb-local,5648977bafe25cf439400ecfe3d0be005b6ba2285bcaf11c03bce81fcd4d3f4a,core-float,float,spec012-confirm-03,1,interactive-v1,False,65536,48000,64,/Users/christiankauten/Documents/Projects/Rack/plugins/Fourier/.build/spec012/confirm-03-transitions/workload-0008-repeat-01.csv,7cf77afc3d6001d6158570addf1c7a3c3e8371b823a3dfbfa3631e6ca395a273,d4cabe90626816d31031df8bf093c267b7d47904070edb521eb8dcaf9f01af48,5,smoothing-before-publication,13311,13312,15359,published,-1,"{""alpha"": 0.800000011920929, ""hop"": 2048, ""n"": 2048, ""octave"": 0.3333333432674408, ""rate"": 48000, ""window"": 11}",1,0.020833333333333332,2048,42.666666666666664
3aeff8d50243a034,m1-pro-16gb-local,5648977bafe25cf439400ecfe3d0be005b6ba2285bcaf11c03bce81fcd4d3f4a,core-float,float,spec012-confirm-03,1,interactive-v1,False,65536,48000,64,/Users/christiankauten/Documents/Projects/Rack/plugins/Fourier/.build/spec012/confirm-03-transitions/workload-0008-repeat-01.csv,7cf77afc3d6001d6158570addf1c7a3c3e8371b823a3dfbfa3631e6ca395a273,d4cabe90626816d31031df8bf093c267b7d47904070edb521eb8dcaf9f01af48,6,no-op-boundary,15360,15360,17407,published,-1,"{""alpha"": 0.800000011920929, ""hop"": 2048, ""n"": 2048, ""octave"": 0.3333333432674408, ""rate"": 48000, ""window"": 11}",0,0.0,2047,42.645833333333336
3aeff8d50243a034,m1-pro-16gb-local,5648977bafe25cf439400ecfe3d0be005b6ba2285bcaf11c03bce81fcd4d3f4a,core-float,float,spec012-confirm-03,1,interactive-v1,False,65536,48000,64,/Users/christiankauten/Documents/Projects/Rack/plugins/Fourier/.build/spec012/confirm-03-transitions/workload-0008-repeat-01.csv,7cf77afc3d6001d6158570addf1c7a3c3e8371b823a3dfbfa3631e6ca395a273,d4cabe90626816d31031df8bf093c267b7d47904070edb521eb8dcaf9f01af48,7,replace-pending-first,17409,-1,-1,replaced,8,"{""alpha"": 0.800000011920929, ""hop"": 2048, ""n"": 2048, ""octave"": 0.3333333432674408, ""rate"": 48000, ""window"": 8}",,,,
3aeff8d50243a034,m1-pro-16gb-local,5648977bafe25cf439400ecfe3d0be005b6ba2285bcaf11c03bce81fcd4d3f4a,core-float,float,spec012-confirm-03,1,interactive-v1,False,65536,48000,64,/Users/christiankauten/Documents/Projects/Rack/plugins/Fourier/.build/spec012/confirm-03-transitions/workload-0008-repeat-01.csv,7cf77afc3d6001d6158570addf1c7a3c3e8371b823a3dfbfa3631e6ca395a273,d4cabe90626816d31031df8bf093c267b7d47904070edb521eb8dcaf9f01af48,8,replace-pending-last,17410,19456,21503,published,-1,"{""alpha"": 0, ""hop"": 2048, ""n"": 2048, ""octave"": 0.3333333432674408, ""rate"": 48000, ""window"": 8}",2046,42.625,4093,85.27083333333333
3aeff8d50243a034,m1-pro-16gb-local,5648977bafe25cf439400ecfe3d0be005b6ba2285bcaf11c03bce81fcd4d3f4a,core-float,float,spec012-confirm-03,1,interactive-v1,False,65536,48000,64,/Users/christiankauten/Documents/Projects/Rack/plugins/Fourier/.build/spec012/confirm-03-transitions/workload-0008-repeat-01.csv,7cf77afc3d6001d6158570addf1c7a3c3e8371b823a3dfbfa3631e6ca395a273,d4cabe90626816d31031df8bf093c267b7d47904070edb521eb8dcaf9f01af48,9,hop-decrease-boundary,21504,21504,22015,published,-1,"{""alpha"": 0, ""hop"": 512, ""n"": 2048, ""octave"": 0.3333333432674408, ""rate"": 48000, ""window"": 8}",0,0.0,511,10.645833333333334
3aeff8d50243a034,m1-pro-16gb-local,5648977bafe25cf439400ecfe3d0be005b6ba2285bcaf11c03bce81fcd4d3f4a,core-float,float,spec012-confirm-03,1,interactive-v1,False,65536,48000,64,/Users/christiankauten/Documents/Projects/Rack/plugins/Fourier/.build/spec012/confirm-03-transitions/workload-0008-repeat-01.csv,7cf77afc3d6001d6158570addf1c7a3c3e8371b823a3dfbfa3631e6ca395a273,d4cabe90626816d31031df8bf093c267b7d47904070edb521eb8dcaf9f01af48,10,smoothing-disable,23553,24064,24575,published,-1,"{""alpha"": 0, ""hop"": 512, ""n"": 2048, ""octave"": 0, ""rate"": 48000, ""window"": 8}",511,10.645833333333334,1022,21.291666666666668
3aeff8d50243a034,m1-pro-16gb-local,5648977bafe25cf439400ecfe3d0be005b6ba2285bcaf11c03bce81fcd4d3f4a,core-float,float,spec012-confirm-03,1,interactive-v1,False,65536,48000,64,/Users/christiankauten/Documents/Projects/Rack/plugins/Fourier/.build/spec012/confirm-03-transitions/workload-0008-repeat-01.csv,7cf77afc3d6001d6158570addf1c7a3c3e8371b823a3dfbfa3631e6ca395a273,d4cabe90626816d31031df8bf093c267b7d47904070edb521eb8dcaf9f01af48,11,horizon-no-response,65535,-1,-1,pending-no-response,-1,"{""alpha"": 0, ""hop"": 512, ""n"": 2048, ""octave"": 0, ""rate"": 48000, ""window"": 0}",,,,
3aeff8d50243a034,m1-pro-16gb-local,5648977bafe25cf439400ecfe3d0be005b6ba2285bcaf11c03bce81fcd4d3f4a,core-float,float,spec012-confirm-03,2,interactive-v1,False,65536,48000,64,/Users/christiankauten/Documents/Projects/Rack/plugins/Fourier/.build/spec012/confirm-03-transitions/workload-0008-repeat-02.csv,62d3cfda673f714383ed0e747ff8cd76ad5a7500aee7d4aee1e8636cd1be5930,d4cabe90626816d31031df8bf093c267b7d47904070edb521eb8dcaf9f01af48,1,length-increase-boundary,2048,2048,3071,published,-1,"{""alpha"": 0, ""hop"": 1024, ""n"": 16384, ""octave"": 0, ""rate"": 48000, ""window"": 8}",0,0.0,1023,21.3125
3aeff8d50243a034,m1-pro-16gb-local,5648977bafe25cf439400ecfe3d0be005b6ba2285bcaf11c03bce81fcd4d3f4a,core-float,float,spec012-confirm-03,2,interactive-v1,False,65536,48000,64,/Users/christiankauten/Documents/Projects/Rack/plugins/Fourier/.build/spec012/confirm-03-transitions/workload-0008-repeat-02.csv,62d3cfda673f714383ed0e747ff8cd76ad5a7500aee7d4aee1e8636cd1be5930,d4cabe90626816d31031df8bf093c267b7d47904070edb521eb8dcaf9f01af48,2,length-decrease-early,4097,5120,6143,published,-1,"{""alpha"": 0, ""hop"": 1024, ""n"": 2048, ""octave"": 0, ""rate"": 48000, ""window"": 8}",1023,21.3125,2046,42.625
3aeff8d50243a034,m1-pro-16gb-local,5648977bafe25cf439400ecfe3d0be005b6ba2285bcaf11c03bce81fcd4d3f4a,core-float,float,spec012-confirm-03,2,interactive-v1,False,65536,48000,64,/Users/christiankauten/Documents/Projects/Rack/plugins/Fourier/.build/spec012/confirm-03-transitions/workload-0008-repeat-02.csv,62d3cfda673f714383ed0e747ff8cd76ad5a7500aee7d4aee1e8636cd1be5930,d4cabe90626816d31031df8bf093c267b7d47904070edb521eb8dcaf9f01af48,3,hop-increase-middle,6656,7168,9215,published,-1,"{""alpha"": 0, ""hop"": 2048, ""n"": 2048, ""octave"": 0, ""rate"": 48000, ""window"": 8}",512,10.666666666666666,2559,53.3125
3aeff8d50243a034,m1-pro-16gb-local,5648977bafe25cf439400ecfe3d0be005b6ba2285bcaf11c03bce81fcd4d3f4a,core-float,float,spec012-confirm-03,2,interactive-v1,False,65536,48000,64,/Users/christiankauten/Documents/Projects/Rack/plugins/Fourier/.build/spec012/confirm-03-transitions/workload-0008-repeat-02.csv,62d3cfda673f714383ed0e747ff8cd76ad5a7500aee7d4aee1e8636cd1be5930,d4cabe90626816d31031df8bf093c267b7d47904070edb521eb8dcaf9f01af48,4,window-late,11262,11264,13311,published,-1,"{""alpha"": 0, ""hop"": 2048, ""n"": 2048, ""octave"": 0, ""rate"": 48000, ""window"": 11}",2,0.041666666666666664,2049,42.6875
3aeff8d50243a034,m1-pro-16gb-local,5648977bafe25cf439400ecfe3d0be005b6ba2285bcaf11c03bce81fcd4d3f4a,core-float,float,spec012-confirm-03,2,interactive-v1,False,65536,48000,64,/Users/christiankauten/Documents/Projects/Rack/plugins/Fourier/.build/spec012/confirm-03-transitions/workload-0008-repeat-02.csv,62d3cfda673f714383ed0e747ff8cd76ad5a7500aee7d4aee1e8636cd1be5930,d4cabe90626816d31031df8bf093c267b7d47904070edb521eb8dcaf9f01af48,5,smoothing-before-publication,13311,13312,15359,published,-1,"{""alpha"": 0.800000011920929, ""hop"": 2048, ""n"": 2048, ""octave"": 0.3333333432674408, ""rate"": 48000, ""window"": 11}",1,0.020833333333333332,2048,42.666666666666664
3aeff8d50243a034,m1-pro-16gb-local,5648977bafe25cf439400ecfe3d0be005b6ba2285bcaf11c03bce81fcd4d3f4a,core-float,float,spec012-confirm-03,2,interactive-v1,False,65536,48000,64,/Users/christiankauten/Documents/Projects/Rack/plugins/Fourier/.build/spec012/confirm-03-transitions/workload-0008-repeat-02.csv,62d3cfda673f714383ed0e747ff8cd76ad5a7500aee7d4aee1e8636cd1be5930,d4cabe90626816d31031df8bf093c267b7d47904070edb521eb8dcaf9f01af48,6,no-op-boundary,15360,15360,17407,published,-1,"{""alpha"": 0.800000011920929, ""hop"": 2048, ""n"": 2048, ""octave"": 0.3333333432674408, ""rate"": 48000, ""window"": 11}",0,0.0,2047,42.645833333333336
3aeff8d50243a034,m1-pro-16gb-local,5648977bafe25cf439400ecfe3d0be005b6ba2285bcaf11c03bce81fcd4d3f4a,core-float,float,spec012-confirm-03,2,interactive-v1,False,65536,48000,64,/Users/christiankauten/Documents/Projects/Rack/plugins/Fourier/.build/spec012/confirm-03-transitions/workload-0008-repeat-02.csv,62d3cfda673f714383ed0e747ff8cd76ad5a7500aee7d4aee1e8636cd1be5930,d4cabe90626816d31031df8bf093c267b7d47904070edb521eb8dcaf9f01af48,7,replace-pending-first,17409,-1,-1,replaced,8,"{""alpha"": 0.800000011920929, ""hop"": 2048, ""n"": 2048, ""octave"": 0.3333333432674408, ""rate"": 48000, ""window"": 8}",,,,
3aeff8d50243a034,m1-pro-16gb-local,5648977bafe25cf439400ecfe3d0be005b6ba2285bcaf11c03bce81fcd4d3f4a,core-float,float,spec012-confirm-03,2,interactive-v1,False,65536,48000,64,/Users/christiankauten/Documents/Projects/Rack/plugins/Fourier/.build/spec012/confirm-03-transitions/workload-0008-repeat-02.csv,62d3cfda673f714383ed0e747ff8cd76ad5a7500aee7d4aee1e8636cd1be5930,d4cabe90626816d31031df8bf093c267b7d47904070edb521eb8dcaf9f01af48,8,replace-pending-last,17410,19456,21503,published,-1,"{""alpha"": 0, ""hop"": 2048, ""n"": 2048, ""octave"": 0.3333333432674408, ""rate"": 48000, ""window"": 8}",2046,42.625,4093,85.27083333333333
3aeff8d50243a034,m1-pro-16gb-local,5648977bafe25cf439400ecfe3d0be005b6ba2285bcaf11c03bce81fcd4d3f4a,core-float,float,spec012-confirm-03,2,interactive-v1,False,65536,48000,64,/Users/christiankauten/Documents/Projects/Rack/plugins/Fourier/.build/spec012/confirm-03-transitions/workload-0008-repeat-02.csv,62d3cfda673f714383ed0e747ff8cd76ad5a7500aee7d4aee1e8636cd1be5930,d4cabe90626816d31031df8bf093c267b7d47904070edb521eb8dcaf9f01af48,9,hop-decrease-boundary,21504,21504,22015,published,-1,"{""alpha"": 0, ""hop"": 512, ""n"": 2048, ""octave"": 0.3333333432674408, ""rate"": 48000, ""window"": 8}",0,0.0,511,10.645833333333334
3aeff8d50243a034,m1-pro-16gb-local,5648977bafe25cf439400ecfe3d0be005b6ba2285bcaf11c03bce81fcd4d3f4a,core-float,float,spec012-confirm-03,2,interactive-v1,False,65536,48000,64,/Users/christiankauten/Documents/Projects/Rack/plugins/Fourier/.build/spec012/confirm-03-transitions/workload-0008-repeat-02.csv,62d3cfda673f714383ed0e747ff8cd76ad5a7500aee7d4aee1e8636cd1be5930,d4cabe90626816d31031df8bf093c267b7d47904070edb521eb8dcaf9f01af48,10,smoothing-disable,23553,24064,24575,published,-1,"{""alpha"": 0, ""hop"": 512, ""n"": 2048, ""octave"": 0, ""rate"": 48000, ""window"": 8}",511,10.645833333333334,1022,21.291666666666668
3aeff8d50243a034,m1-pro-16gb-local,5648977bafe25cf439400ecfe3d0be005b6ba2285bcaf11c03bce81fcd4d3f4a,core-float,float,spec012-confirm-03,2,interactive-v1,False,65536,48000,64,/Users/christiankauten/Documents/Projects/Rack/plugins/Fourier/.build/spec012/confirm-03-transitions/workload-0008-repeat-02.csv,62d3cfda673f714383ed0e747ff8cd76ad5a7500aee7d4aee1e8636cd1be5930,d4cabe90626816d31031df8bf093c267b7d47904070edb521eb8dcaf9f01af48,11,horizon-no-response,65535,-1,-1,pending-no-response,-1,"{""alpha"": 0, ""hop"": 512, ""n"": 2048, ""octave"": 0, ""rate"": 48000, ""window"": 0}",,,,
3aeff8d50243a034,m1-pro-16gb-local,5c5018e7e19d7fc2b82a9e40ad86975b0b8095a00b825bd85e128c9db96d64e8,core-double,double,spec012-confirm-01,0,interactive-v1,True,65536,48000,64,/Users/christiankauten/Documents/Projects/Rack/plugins/Fourier/.build/spec012/confirm-01-transitions/workload-0011-repeat-00.csv,e513f162de2d83c8e30b76ce8a9ed77ce54580453917cad3458709fb5ebba6fe,7f61fb3faba0b0bce88f3375705cfad6c39afc64b492884bdfb1d7dc2425c63f,1,length-increase-boundary,2048,2048,3071,published,-1,"{""alpha"": 0, ""hop"": 1024, ""n"": 2048, ""octave"": 0, ""rate"": 48000, ""window"": 8}",0,0.0,1023,21.3125
3aeff8d50243a034,m1-pro-16gb-local,5c5018e7e19d7fc2b82a9e40ad86975b0b8095a00b825bd85e128c9db96d64e8,core-double,double,spec012-confirm-01,0,interactive-v1,True,65536,48000,64,/Users/christiankauten/Documents/Projects/Rack/plugins/Fourier/.build/spec012/confirm-01-transitions/workload-0011-repeat-00.csv,e513f162de2d83c8e30b76ce8a9ed77ce54580453917cad3458709fb5ebba6fe,7f61fb3faba0b0bce88f3375705cfad6c39afc64b492884bdfb1d7dc2425c63f,2,length-decrease-early,4097,5120,6143,published,-1,"{""alpha"": 0, ""hop"": 1024, ""n"": 2048, ""octave"": 0, ""rate"": 48000, ""window"": 8}",1023,21.3125,2046,42.625
3aeff8d50243a034,m1-pro-16gb-local,5c5018e7e19d7fc2b82a9e40ad86975b0b8095a00b825bd85e128c9db96d64e8,core-double,double,spec012-confirm-01,0,interactive-v1,True,65536,48000,64,/Users/christiankauten/Documents/Projects/Rack/plugins/Fourier/.build/spec012/confirm-01-transitions/workload-0011-repeat-00.csv,e513f162de2d83c8e30b76ce8a9ed77ce54580453917cad3458709fb5ebba6fe,7f61fb3faba0b0bce88f3375705cfad6c39afc64b492884bdfb1d7dc2425c63f,3,hop-increase-middle,6656,7168,8191,published,-1,"{""alpha"": 0, ""hop"": 1024, ""n"": 2048, ""octave"": 0, ""rate"": 48000, ""window"": 8}",512,10.666666666666666,1535,31.979166666666668
3aeff8d50243a034,m1-pro-16gb-local,5c5018e7e19d7fc2b82a9e40ad86975b0b8095a00b825bd85e128c9db96d64e8,core-double,double,spec012-confirm-01,0,interactive-v1,True,65536,48000,64,/Users/christiankauten/Documents/Projects/Rack/plugins/Fourier/.build/spec012/confirm-01-transitions/workload-0011-repeat-00.csv,e513f162de2d83c8e30b76ce8a9ed77ce54580453917cad3458709fb5ebba6fe,7f61fb3faba0b0bce88f3375705cfad6c39afc64b492884bdfb1d7dc2425c63f,4,window-late,11262,11264,12287,published,-1,"{""alpha"": 0, ""hop"": 1024, ""n"": 2048, ""octave"": 0, ""rate"": 48000, ""window"": 8}",2,0.041666666666666664,1025,21.354166666666668
3aeff8d50243a034,m1-pro-16gb-local,5c5018e7e19d7fc2b82a9e40ad86975b0b8095a00b825bd85e128c9db96d64e8,core-double,double,spec012-confirm-01,0,interactive-v1,True,65536,48000,64,/Users/christiankauten/Documents/Projects/Rack/plugins/Fourier/.build/spec012/confirm-01-transitions/workload-0011-repeat-00.csv,e513f162de2d83c8e30b76ce8a9ed77ce54580453917cad3458709fb5ebba6fe,7f61fb3faba0b0bce88f3375705cfad6c39afc64b492884bdfb1d7dc2425c63f,5,smoothing-before-publication,13311,13312,14335,published,-1,"{""alpha"": 0, ""hop"": 1024, ""n"": 2048, ""octave"": 0, ""rate"": 48000, ""window"": 8}",1,0.020833333333333332,1024,21.333333333333332
3aeff8d50243a034,m1-pro-16gb-local,5c5018e7e19d7fc2b82a9e40ad86975b0b8095a00b825bd85e128c9db96d64e8,core-double,double,spec012-confirm-01,0,interactive-v1,True,65536,48000,64,/Users/christiankauten/Documents/Projects/Rack/plugins/Fourier/.build/spec012/confirm-01-transitions/workload-0011-repeat-00.csv,e513f162de2d83c8e30b76ce8a9ed77ce54580453917cad3458709fb5ebba6fe,7f61fb3faba0b0bce88f3375705cfad6c39afc64b492884bdfb1d7dc2425c63f,6,no-op-boundary,15360,15360,16383,published,-1,"{""alpha"": 0, ""hop"": 1024, ""n"": 2048, ""octave"": 0, ""rate"": 48000, ""window"": 8}",0,0.0,1023,21.3125
3aeff8d50243a034,m1-pro-16gb-local,5c5018e7e19d7fc2b82a9e40ad86975b0b8095a00b825bd85e128c9db96d64e8,core-double,double,spec012-confirm-01,0,interactive-v1,True,65536,48000,64,/Users/christiankauten/Documents/Projects/Rack/plugins/Fourier/.build/spec012/confirm-01-transitions/workload-0011-repeat-00.csv,e513f162de2d83c8e30b76ce8a9ed77ce54580453917cad3458709fb5ebba6fe,7f61fb3faba0b0bce88f3375705cfad6c39afc64b492884bdfb1d7dc2425c63f,7,replace-pending-first,17409,-1,-1,replaced,8,"{""alpha"": 0, ""hop"": 1024, ""n"": 2048, ""octave"": 0, ""rate"": 48000, ""window"": 8}",,,,
3aeff8d50243a034,m1-pro-16gb-local,5c5018e7e19d7fc2b82a9e40ad86975b0b8095a00b825bd85e128c9db96d64e8,core-double,double,spec012-confirm-01,0,interactive-v1,True,65536,48000,64,/Users/christiankauten/Documents/Projects/Rack/plugins/Fourier/.build/spec012/confirm-01-transitions/workload-0011-repeat-00.csv,e513f162de2d83c8e30b76ce8a9ed77ce54580453917cad3458709fb5ebba6fe,7f61fb3faba0b0bce88f3375705cfad6c39afc64b492884bdfb1d7dc2425c63f,8,replace-pending-last,17410,18432,19455,published,-1,"{""alpha"": 0, ""hop"": 1024, ""n"": 2048, ""octave"": 0, ""rate"": 48000, ""window"": 8}",1022,21.291666666666668,2045,42.604166666666664
3aeff8d50243a034,m1-pro-16gb-local,5c5018e7e19d7fc2b82a9e40ad86975b0b8095a00b825bd85e128c9db96d64e8,core-double,double,spec012-confirm-01,0,interactive-v1,True,65536,48000,64,/Users/christiankauten/Documents/Projects/Rack/plugins/Fourier/.build/spec012/confirm-01-transitions/workload-0011-repeat-00.csv,e513f162de2d83c8e30b76ce8a9ed77ce54580453917cad3458709fb5ebba6fe,7f61fb3faba0b0bce88f3375705cfad6c39afc64b492884bdfb1d7dc2425c63f,9,hop-decrease-boundary,21504,21504,22527,published,-1,"{""alpha"": 0, ""hop"": 1024, ""n"": 2048, ""octave"": 0, ""rate"": 48000, ""window"": 8}",0,0.0,1023,21.3125
3aeff8d50243a034,m1-pro-16gb-local,5c5018e7e19d7fc2b82a9e40ad86975b0b8095a00b825bd85e128c9db96d64e8,core-double,double,spec012-confirm-01,0,interactive-v1,True,65536,48000,64,/Users/christiankauten/Documents/Projects/Rack/plugins/Fourier/.build/spec012/confirm-01-transitions/workload-0011-repeat-00.csv,e513f162de2d83c8e30b76ce8a9ed77ce54580453917cad3458709fb5ebba6fe,7f61fb3faba0b0bce88f3375705cfad6c39afc64b492884bdfb1d7dc2425c63f,10,smoothing-disable,23553,24576,25599,published,-1,"{""alpha"": 0, ""hop"": 1024, ""n"": 2048, ""octave"": 0, ""rate"": 48000, ""window"": 8}",1023,21.3125,2046,42.625
3aeff8d50243a034,m1-pro-16gb-local,5c5018e7e19d7fc2b82a9e40ad86975b0b8095a00b825bd85e128c9db96d64e8,core-double,double,spec012-confirm-01,0,interactive-v1,True,65536,48000,64,/Users/christiankauten/Documents/Projects/Rack/plugins/Fourier/.build/spec012/confirm-01-transitions/workload-0011-repeat-00.csv,e513f162de2d83c8e30b76ce8a9ed77ce54580453917cad3458709fb5ebba6fe,7f61fb3faba0b0bce88f3375705cfad6c39afc64b492884bdfb1d7dc2425c63f,11,horizon-no-response,65535,-1,-1,pending-no-response,-1,"{""alpha"": 0, ""hop"": 1024, ""n"": 2048, ""octave"": 0, ""rate"": 48000, ""window"": 8}",,,,
3aeff8d50243a034,m1-pro-16gb-local,5c5018e7e19d7fc2b82a9e40ad86975b0b8095a00b825bd85e128c9db96d64e8,core-double,double,spec012-confirm-01,1,interactive-v1,True,65536,48000,64,/Users/christiankauten/Documents/Projects/Rack/plugins/Fourier/.build/spec012/confirm-01-transitions/workload-0011-repeat-01.csv,b5fecd39b6cc89954ff528d119f5b36cf5751e960354a8a3d63179f4011cd5bb,7f61fb3faba0b0bce88f3375705cfad6c39afc64b492884bdfb1d7dc2425c63f,1,length-increase-boundary,2048,2048,3071,published,-1,"{""alpha"": 0, ""hop"": 1024, ""n"": 2048, ""octave"": 0, ""rate"": 48000, ""window"": 8}",0,0.0,1023,21.3125
3aeff8d50243a034,m1-pro-16gb-local,5c5018e7e19d7fc2b82a9e40ad86975b0b8095a00b825bd85e128c9db96d64e8,core-double,double,spec012-confirm-01,1,interactive-v1,True,65536,48000,64,/Users/christiankauten/Documents/Projects/Rack/plugins/Fourier/.build/spec012/confirm-01-transitions/workload-0011-repeat-01.csv,b5fecd39b6cc89954ff528d119f5b36cf5751e960354a8a3d63179f4011cd5bb,7f61fb3faba0b0bce88f3375705cfad6c39afc64b492884bdfb1d7dc2425c63f,2,length-decrease-early,4097,5120,6143,published,-1,"{""alpha"": 0, ""hop"": 1024, ""n"": 2048, ""octave"": 0, ""rate"": 48000, ""window"": 8}",1023,21.3125,2046,42.625
3aeff8d50243a034,m1-pro-16gb-local,5c5018e7e19d7fc2b82a9e40ad86975b0b8095a00b825bd85e128c9db96d64e8,core-double,double,spec012-confirm-01,1,interactive-v1,True,65536,48000,64,/Users/christiankauten/Documents/Projects/Rack/plugins/Fourier/.build/spec012/confirm-01-transitions/workload-0011-repeat-01.csv,b5fecd39b6cc89954ff528d119f5b36cf5751e960354a8a3d63179f4011cd5bb,7f61fb3faba0b0bce88f3375705cfad6c39afc64b492884bdfb1d7dc2425c63f,3,hop-increase-middle,6656,7168,8191,published,-1,"{""alpha"": 0, ""hop"": 1024, ""n"": 2048, ""octave"": 0, ""rate"": 48000, ""window"": 8}",512,10.666666666666666,1535,31.979166666666668
3aeff8d50243a034,m1-pro-16gb-local,5c5018e7e19d7fc2b82a9e40ad86975b0b8095a00b825bd85e128c9db96d64e8,core-double,double,spec012-confirm-01,1,interactive-v1,True,65536,48000,64,/Users/christiankauten/Documents/Projects/Rack/plugins/Fourier/.build/spec012/confirm-01-transitions/workload-0011-repeat-01.csv,b5fecd39b6cc89954ff528d119f5b36cf5751e960354a8a3d63179f4011cd5bb,7f61fb3faba0b0bce88f3375705cfad6c39afc64b492884bdfb1d7dc2425c63f,4,window-late,11262,11264,12287,published,-1,"{""alpha"": 0, ""hop"": 1024, ""n"": 2048, ""octave"": 0, ""rate"": 48000, ""window"": 8}",2,0.041666666666666664,1025,21.354166666666668
3aeff8d50243a034,m1-pro-16gb-local,5c5018e7e19d7fc2b82a9e40ad86975b0b8095a00b825bd85e128c9db96d64e8,core-double,double,spec012-confirm-01,1,interactive-v1,True,65536,48000,64,/Users/christiankauten/Documents/Projects/Rack/plugins/Fourier/.build/spec012/confirm-01-transitions/workload-0011-repeat-01.csv,b5fecd39b6cc89954ff528d119f5b36cf5751e960354a8a3d63179f4011cd5bb,7f61fb3faba0b0bce88f3375705cfad6c39afc64b492884bdfb1d7dc2425c63f,5,smoothing-before-publication,13311,13312,14335,published,-1,"{""alpha"": 0, ""hop"": 1024, ""n"": 2048, ""octave"": 0, ""rate"": 48000, ""window"": 8}",1,0.020833333333333332,1024,21.333333333333332
3aeff8d50243a034,m1-pro-16gb-local,5c5018e7e19d7fc2b82a9e40ad86975b0b8095a00b825bd85e128c9db96d64e8,core-double,double,spec012-confirm-01,1,interactive-v1,True,65536,48000,64,/Users/christiankauten/Documents/Projects/Rack/plugins/Fourier/.build/spec012/confirm-01-transitions/workload-0011-repeat-01.csv,b5fecd39b6cc89954ff528d119f5b36cf5751e960354a8a3d63179f4011cd5bb,7f61fb3faba0b0bce88f3375705cfad6c39afc64b492884bdfb1d7dc2425c63f,6,no-op-boundary,15360,15360,16383,published,-1,"{""alpha"": 0, ""hop"": 1024, ""n"": 2048, ""octave"": 0, ""rate"": 48000, ""window"": 8}",0,0.0,1023,21.3125
3aeff8d50243a034,m1-pro-16gb-local,5c5018e7e19d7fc2b82a9e40ad86975b0b8095a00b825bd85e128c9db96d64e8,core-double,double,spec012-confirm-01,1,interactive-v1,True,65536,48000,64,/Users/christiankauten/Documents/Projects/Rack/plugins/Fourier/.build/spec012/confirm-01-transitions/workload-0011-repeat-01.csv,b5fecd39b6cc89954ff528d119f5b36cf5751e960354a8a3d63179f4011cd5bb,7f61fb3faba0b0bce88f3375705cfad6c39afc64b492884bdfb1d7dc2425c63f,7,replace-pending-first,17409,-1,-1,replaced,8,"{""alpha"": 0, ""hop"": 1024, ""n"": 2048, ""octave"": 0, ""rate"": 48000, ""window"": 8}",,,,
3aeff8d50243a034,m1-pro-16gb-local,5c5018e7e19d7fc2b82a9e40ad86975b0b8095a00b825bd85e128c9db96d64e8,core-double,double,spec012-confirm-01,1,interactive-v1,True,65536,48000,64,/Users/christiankauten/Documents/Projects/Rack/plugins/Fourier/.build/spec012/confirm-01-transitions/workload-0011-repeat-01.csv,b5fecd39b6cc89954ff528d119f5b36cf5751e960354a8a3d63179f4011cd5bb,7f61fb3faba0b0bce88f3375705cfad6c39afc64b492884bdfb1d7dc2425c63f,8,replace-pending-last,17410,18432,19455,published,-1,"{""alpha"": 0, ""hop"": 1024, ""n"": 2048, ""octave"": 0, ""rate"": 48000, ""window"": 8}",1022,21.291666666666668,2045,42.604166666666664
3aeff8d50243a034,m1-pro-16gb-local,5c5018e7e19d7fc2b82a9e40ad86975b0b8095a00b825bd85e128c9db96d64e8,core-double,double,spec012-confirm-01,1,interactive-v1,True,65536,48000,64,/Users/christiankauten/Documents/Projects/Rack/plugins/Fourier/.build/spec012/confirm-01-transitions/workload-0011-repeat-01.csv,b5fecd39b6cc89954ff528d119f5b36cf5751e960354a8a3d63179f4011cd5bb,7f61fb3faba0b0bce88f3375705cfad6c39afc64b492884bdfb1d7dc2425c63f,9,hop-decrease-boundary,21504,21504,22527,published,-1,"{""alpha"": 0, ""hop"": 1024, ""n"": 2048, ""octave"": 0, ""rate"": 48000, ""window"": 8}",0,0.0,1023,21.3125
3aeff8d50243a034,m1-pro-16gb-local,5c5018e7e19d7fc2b82a9e40ad86975b0b8095a00b825bd85e128c9db96d64e8,core-double,double,spec012-confirm-01,1,interactive-v1,True,65536,48000,64,/Users/christiankauten/Documents/Projects/Rack/plugins/Fourier/.build/spec012/confirm-01-transitions/workload-0011-repeat-01.csv,b5fecd39b6cc89954ff528d119f5b36cf5751e960354a8a3d63179f4011cd5bb,7f61fb3faba0b0bce88f3375705cfad6c39afc64b492884bdfb1d7dc2425c63f,10,smoothing-disable,23553,24576,25599,published,-1,"{""alpha"": 0, ""hop"": 1024, ""n"": 2048, ""octave"": 0, ""rate"": 48000, ""window"": 8}",1023,21.3125,2046,42.625
3aeff8d50243a034,m1-pro-16gb-local,5c5018e7e19d7fc2b82a9e40ad86975b0b8095a00b825bd85e128c9db96d64e8,core-double,double,spec012-confirm-01,1,interactive-v1,True,65536,48000,64,/Users/christiankauten/Documents/Projects/Rack/plugins/Fourier/.build/spec012/confirm-01-transitions/workload-0011-repeat-01.csv,b5fecd39b6cc89954ff528d119f5b36cf5751e960354a8a3d63179f4011cd5bb,7f61fb3faba0b0bce88f3375705cfad6c39afc64b492884bdfb1d7dc2425c63f,11,horizon-no-response,65535,-1,-1,pending-no-response,-1,"{""alpha"": 0, ""hop"": 1024, ""n"": 2048, ""octave"": 0, ""rate"": 48000, ""window"": 8}",,,,
3aeff8d50243a034,m1-pro-16gb-local,5c5018e7e19d7fc2b82a9e40ad86975b0b8095a00b825bd85e128c9db96d64e8,core-double,double,spec012-confirm-01,2,interactive-v1,True,65536,48000,64,/Users/christiankauten/Documents/Projects/Rack/plugins/Fourier/.build/spec012/confirm-01-transitions/workload-0011-repeat-02.csv,3326f3f82d3870019815b23017428bc022e3b43330d6a206fde38601a2cc4b60,7f61fb3faba0b0bce88f3375705cfad6c39afc64b492884bdfb1d7dc2425c63f,1,length-increase-boundary,2048,2048,3071,published,-1,"{""alpha"": 0, ""hop"": 1024, ""n"": 2048, ""octave"": 0, ""rate"": 48000, ""window"": 8}",0,0.0,1023,21.3125
3aeff8d50243a034,m1-pro-16gb-local,5c5018e7e19d7fc2b82a9e40ad86975b0b8095a00b825bd85e128c9db96d64e8,core-double,double,spec012-confirm-01,2,interactive-v1,True,65536,48000,64,/Users/christiankauten/Documents/Projects/Rack/plugins/Fourier/.build/spec012/confirm-01-transitions/workload-0011-repeat-02.csv,3326f3f82d3870019815b23017428bc022e3b43330d6a206fde38601a2cc4b60,7f61fb3faba0b0bce88f3375705cfad6c39afc64b492884bdfb1d7dc2425c63f,2,length-decrease-early,4097,5120,6143,published,-1,"{""alpha"": 0, ""hop"": 1024, ""n"": 2048, ""octave"": 0, ""rate"": 48000, ""window"": 8}",1023,21.3125,2046,42.625
3aeff8d50243a034,m1-pro-16gb-local,5c5018e7e19d7fc2b82a9e40ad86975b0b8095a00b825bd85e128c9db96d64e8,core-double,double,spec012-confirm-01,2,interactive-v1,True,65536,48000,64,/Users/christiankauten/Documents/Projects/Rack/plugins/Fourier/.build/spec012/confirm-01-transitions/workload-0011-repeat-02.csv,3326f3f82d3870019815b23017428bc022e3b43330d6a206fde38601a2cc4b60,7f61fb3faba0b0bce88f3375705cfad6c39afc64b492884bdfb1d7dc2425c63f,3,hop-increase-middle,6656,7168,8191,published,-1,"{""alpha"": 0, ""hop"": 1024, ""n"": 2048, ""octave"": 0, ""rate"": 48000, ""window"": 8}",512,10.666666666666666,1535,31.979166666666668
3aeff8d50243a034,m1-pro-16gb-local,5c5018e7e19d7fc2b82a9e40ad86975b0b8095a00b825bd85e128c9db96d64e8,core-double,double,spec012-confirm-01,2,interactive-v1,True,65536,48000,64,/Users/christiankauten/Documents/Projects/Rack/plugins/Fourier/.build/spec012/confirm-01-transitions/workload-0011-repeat-02.csv,3326f3f82d3870019815b23017428bc022e3b43330d6a206fde38601a2cc4b60,7f61fb3faba0b0bce88f3375705cfad6c39afc64b492884bdfb1d7dc2425c63f,4,window-late,11262,11264,12287,published,-1,"{""alpha"": 0, ""hop"": 1024, ""n"": 2048, ""octave"": 0, ""rate"": 48000, ""window"": 8}",2,0.041666666666666664,1025,21.354166666666668
3aeff8d50243a034,m1-pro-16gb-local,5c5018e7e19d7fc2b82a9e40ad86975b0b8095a00b825bd85e128c9db96d64e8,core-double,double,spec012-confirm-01,2,interactive-v1,True,65536,48000,64,/Users/christiankauten/Documents/Projects/Rack/plugins/Fourier/.build/spec012/confirm-01-transitions/workload-0011-repeat-02.csv,3326f3f82d3870019815b23017428bc022e3b43330d6a206fde38601a2cc4b60,7f61fb3faba0b0bce88f3375705cfad6c39afc64b492884bdfb1d7dc2425c63f,5,smoothing-before-publication,13311,13312,14335,published,-1,"{""alpha"": 0, ""hop"": 1024, ""n"": 2048, ""octave"": 0, ""rate"": 48000, ""window"": 8}",1,0.020833333333333332,1024,21.333333333333332
3aeff8d50243a034,m1-pro-16gb-local,5c5018e7e19d7fc2b82a9e40ad86975b0b8095a00b825bd85e128c9db96d64e8,core-double,double,spec012-confirm-01,2,interactive-v1,True,65536,48000,64,/Users/christiankauten/Documents/Projects/Rack/plugins/Fourier/.build/spec012/confirm-01-transitions/workload-0011-repeat-02.csv,3326f3f82d3870019815b23017428bc022e3b43330d6a206fde38601a2cc4b60,7f61fb3faba0b0bce88f3375705cfad6c39afc64b492884bdfb1d7dc2425c63f,6,no-op-boundary,15360,15360,16383,published,-1,"{""alpha"": 0, ""hop"": 1024, ""n"": 2048, ""octave"": 0, ""rate"": 48000, ""window"": 8}",0,0.0,1023,21.3125
3aeff8d50243a034,m1-pro-16gb-local,5c5018e7e19d7fc2b82a9e40ad86975b0b8095a00b825bd85e128c9db96d64e8,core-double,double,spec012-confirm-01,2,interactive-v1,True,65536,48000,64,/Users/christiankauten/Documents/Projects/Rack/plugins/Fourier/.build/spec012/confirm-01-transitions/workload-0011-repeat-02.csv,3326f3f82d3870019815b23017428bc022e3b43330d6a206fde38601a2cc4b60,7f61fb3faba0b0bce88f3375705cfad6c39afc64b492884bdfb1d7dc2425c63f,7,replace-pending-first,17409,-1,-1,replaced,8,"{""alpha"": 0, ""hop"": 1024, ""n"": 2048, ""octave"": 0, ""rate"": 48000, ""window"": 8}",,,,
3aeff8d50243a034,m1-pro-16gb-local,5c5018e7e19d7fc2b82a9e40ad86975b0b8095a00b825bd85e128c9db96d64e8,core-double,double,spec012-confirm-01,2,interactive-v1,True,65536,48000,64,/Users/christiankauten/Documents/Projects/Rack/plugins/Fourier/.build/spec012/confirm-01-transitions/workload-0011-repeat-02.csv,3326f3f82d3870019815b23017428bc022e3b43330d6a206fde38601a2cc4b60,7f61fb3faba0b0bce88f3375705cfad6c39afc64b492884bdfb1d7dc2425c63f,8,replace-pending-last,17410,18432,19455,published,-1,"{""alpha"": 0, ""hop"": 1024, ""n"": 2048, ""octave"": 0, ""rate"": 48000, ""window"": 8}",1022,21.291666666666668,2045,42.604166666666664
3aeff8d50243a034,m1-pro-16gb-local,5c5018e7e19d7fc2b82a9e40ad86975b0b8095a00b825bd85e128c9db96d64e8,core-double,double,spec012-confirm-01,2,interactive-v1,True,65536,48000,64,/Users/christiankauten/Documents/Projects/Rack/plugins/Fourier/.build/spec012/confirm-01-transitions/workload-0011-repeat-02.csv,3326f3f82d3870019815b23017428bc022e3b43330d6a206fde38601a2cc4b60,7f61fb3faba0b0bce88f3375705cfad6c39afc64b492884bdfb1d7dc2425c63f,9,hop-decrease-boundary,21504,21504,22527,published,-1,"{""alpha"": 0, ""hop"": 1024, ""n"": 2048, ""octave"": 0, ""rate"": 48000, ""window"": 8}",0,0.0,1023,21.3125
3aeff8d50243a034,m1-pro-16gb-local,5c5018e7e19d7fc2b82a9e40ad86975b0b8095a00b825bd85e128c9db96d64e8,core-double,double,spec012-confirm-01,2,interactive-v1,True,65536,48000,64,/Users/christiankauten/Documents/Projects/Rack/plugins/Fourier/.build/spec012/confirm-01-transitions/workload-0011-repeat-02.csv,3326f3f82d3870019815b23017428bc022e3b43330d6a206fde38601a2cc4b60,7f61fb3faba0b0bce88f3375705cfad6c39afc64b492884bdfb1d7dc2425c63f,10,smoothing-disable,23553,24576,25599,published,-1,"{""alpha"": 0, ""hop"": 1024, ""n"": 2048, ""octave"": 0, ""rate"": 48000, ""window"": 8}",1023,21.3125,2046,42.625
3aeff8d50243a034,m1-pro-16gb-local,5c5018e7e19d7fc2b82a9e40ad86975b0b8095a00b825bd85e128c9db96d64e8,core-double,double,spec012-confirm-01,2,interactive-v1,True,65536,48000,64,/Users/christiankauten/Documents/Projects/Rack/plugins/Fourier/.build/spec012/confirm-01-transitions/workload-0011-repeat-02.csv,3326f3f82d3870019815b23017428bc022e3b43330d6a206fde38601a2cc4b60,7f61fb3faba0b0bce88f3375705cfad6c39afc64b492884bdfb1d7dc2425c63f,11,horizon-no-response,65535,-1,-1,pending-no-response,-1,"{""alpha"": 0, ""hop"": 1024, ""n"": 2048, ""octave"": 0, ""rate"": 48000, ""window"": 8}",,,,
3aeff8d50243a034,m1-pro-16gb-local,5c5018e7e19d7fc2b82a9e40ad86975b0b8095a00b825bd85e128c9db96d64e8,core-double,double,spec012-confirm-02,0,interactive-v1,True,65536,48000,64,/Users/christiankauten/Documents/Projects/Rack/plugins/Fourier/.build/spec012/confirm-02-transitions/workload-0011-repeat-00.csv,6df41a56a839c6d5780e74b5d9416976e6584ed117285d46211498b22c890fcc,7f61fb3faba0b0bce88f3375705cfad6c39afc64b492884bdfb1d7dc2425c63f,1,length-increase-boundary,2048,2048,3071,published,-1,"{""alpha"": 0, ""hop"": 1024, ""n"": 2048, ""octave"": 0, ""rate"": 48000, ""window"": 8}",0,0.0,1023,21.3125
3aeff8d50243a034,m1-pro-16gb-local,5c5018e7e19d7fc2b82a9e40ad86975b0b8095a00b825bd85e128c9db96d64e8,core-double,double,spec012-confirm-02,0,interactive-v1,True,65536,48000,64,/Users/christiankauten/Documents/Projects/Rack/plugins/Fourier/.build/spec012/confirm-02-transitions/workload-0011-repeat-00.csv,6df41a56a839c6d5780e74b5d9416976e6584ed117285d46211498b22c890fcc,7f61fb3faba0b0bce88f3375705cfad6c39afc64b492884bdfb1d7dc2425c63f,2,length-decrease-early,4097,5120,6143,published,-1,"{""alpha"": 0, ""hop"": 1024, ""n"": 2048, ""octave"": 0, ""rate"": 48000, ""window"": 8}",1023,21.3125,2046,42.625
3aeff8d50243a034,m1-pro-16gb-local,5c5018e7e19d7fc2b82a9e40ad86975b0b8095a00b825bd85e128c9db96d64e8,core-double,double,spec012-confirm-02,0,interactive-v1,True,65536,48000,64,/Users/christiankauten/Documents/Projects/Rack/plugins/Fourier/.build/spec012/confirm-02-transitions/workload-0011-repeat-00.csv,6df41a56a839c6d5780e74b5d9416976e6584ed117285d46211498b22c890fcc,7f61fb3faba0b0bce88f3375705cfad6c39afc64b492884bdfb1d7dc2425c63f,3,hop-increase-middle,6656,7168,8191,published,-1,"{""alpha"": 0, ""hop"": 1024, ""n"": 2048, ""octave"": 0, ""rate"": 48000, ""window"": 8}",512,10.666666666666666,1535,31.979166666666668
3aeff8d50243a034,m1-pro-16gb-local,5c5018e7e19d7fc2b82a9e40ad86975b0b8095a00b825bd85e128c9db96d64e8,core-double,double,spec012-confirm-02,0,interactive-v1,True,65536,48000,64,/Users/christiankauten/Documents/Projects/Rack/plugins/Fourier/.build/spec012/confirm-02-transitions/workload-0011-repeat-00.csv,6df41a56a839c6d5780e74b5d9416976e6584ed117285d46211498b22c890fcc,7f61fb3faba0b0bce88f3375705cfad6c39afc64b492884bdfb1d7dc2425c63f,4,window-late,11262,11264,12287,published,-1,"{""alpha"": 0, ""hop"": 1024, ""n"": 2048, ""octave"": 0, ""rate"": 48000, ""window"": 8}",2,0.041666666666666664,1025,21.354166666666668
3aeff8d50243a034,m1-pro-16gb-local,5c5018e7e19d7fc2b82a9e40ad86975b0b8095a00b825bd85e128c9db96d64e8,core-double,double,spec012-confirm-02,0,interactive-v1,True,65536,48000,64,/Users/christiankauten/Documents/Projects/Rack/plugins/Fourier/.build/spec012/confirm-02-transitions/workload-0011-repeat-00.csv,6df41a56a839c6d5780e74b5d9416976e6584ed117285d46211498b22c890fcc,7f61fb3faba0b0bce88f3375705cfad6c39afc64b492884bdfb1d7dc2425c63f,5,smoothing-before-publication,13311,13312,14335,published,-1,"{""alpha"": 0, ""hop"": 1024, ""n"": 2048, ""octave"": 0, ""rate"": 48000, ""window"": 8}",1,0.020833333333333332,1024,21.333333333333332
3aeff8d50243a034,m1-pro-16gb-local,5c5018e7e19d7fc2b82a9e40ad86975b0b8095a00b825bd85e128c9db96d64e8,core-double,double,spec012-confirm-02,0,interactive-v1,True,65536,48000,64,/Users/christiankauten/Documents/Projects/Rack/plugins/Fourier/.build/spec012/confirm-02-transitions/workload-0011-repeat-00.csv,6df41a56a839c6d5780e74b5d9416976e6584ed117285d46211498b22c890fcc,7f61fb3faba0b0bce88f3375705cfad6c39afc64b492884bdfb1d7dc2425c63f,6,no-op-boundary,15360,15360,16383,published,-1,"{""alpha"": 0, ""hop"": 1024, ""n"": 2048, ""octave"": 0, ""rate"": 48000, ""window"": 8}",0,0.0,1023,21.3125
3aeff8d50243a034,m1-pro-16gb-local,5c5018e7e19d7fc2b82a9e40ad86975b0b8095a00b825bd85e128c9db96d64e8,core-double,double,spec012-confirm-02,0,interactive-v1,True,65536,48000,64,/Users/christiankauten/Documents/Projects/Rack/plugins/Fourier/.build/spec012/confirm-02-transitions/workload-0011-repeat-00.csv,6df41a56a839c6d5780e74b5d9416976e6584ed117285d46211498b22c890fcc,7f61fb3faba0b0bce88f3375705cfad6c39afc64b492884bdfb1d7dc2425c63f,7,replace-pending-first,17409,-1,-1,replaced,8,"{""alpha"": 0, ""hop"": 1024, ""n"": 2048, ""octave"": 0, ""rate"": 48000, ""window"": 8}",,,,
3aeff8d50243a034,m1-pro-16gb-local,5c5018e7e19d7fc2b82a9e40ad86975b0b8095a00b825bd85e128c9db96d64e8,core-double,double,spec012-confirm-02,0,interactive-v1,True,65536,48000,64,/Users/christiankauten/Documents/Projects/Rack/plugins/Fourier/.build/spec012/confirm-02-transitions/workload-0011-repeat-00.csv,6df41a56a839c6d5780e74b5d9416976e6584ed117285d46211498b22c890fcc,7f61fb3faba0b0bce88f3375705cfad6c39afc64b492884bdfb1d7dc2425c63f,8,replace-pending-last,17410,18432,19455,published,-1,"{""alpha"": 0, ""hop"": 1024, ""n"": 2048, ""octave"": 0, ""rate"": 48000, ""window"": 8}",1022,21.291666666666668,2045,42.604166666666664
3aeff8d50243a034,m1-pro-16gb-local,5c5018e7e19d7fc2b82a9e40ad86975b0b8095a00b825bd85e128c9db96d64e8,core-double,double,spec012-confirm-02,0,interactive-v1,True,65536,48000,64,/Users/christiankauten/Documents/Projects/Rack/plugins/Fourier/.build/spec012/confirm-02-transitions/workload-0011-repeat-00.csv,6df41a56a839c6d5780e74b5d9416976e6584ed117285d46211498b22c890fcc,7f61fb3faba0b0bce88f3375705cfad6c39afc64b492884bdfb1d7dc2425c63f,9,hop-decrease-boundary,21504,21504,22527,published,-1,"{""alpha"": 0, ""hop"": 1024, ""n"": 2048, ""octave"": 0, ""rate"": 48000, ""window"": 8}",0,0.0,1023,21.3125
3aeff8d50243a034,m1-pro-16gb-local,5c5018e7e19d7fc2b82a9e40ad86975b0b8095a00b825bd85e128c9db96d64e8,core-double,double,spec012-confirm-02,0,interactive-v1,True,65536,48000,64,/Users/christiankauten/Documents/Projects/Rack/plugins/Fourier/.build/spec012/confirm-02-transitions/workload-0011-repeat-00.csv,6df41a56a839c6d5780e74b5d9416976e6584ed117285d46211498b22c890fcc,7f61fb3faba0b0bce88f3375705cfad6c39afc64b492884bdfb1d7dc2425c63f,10,smoothing-disable,23553,24576,25599,published,-1,"{""alpha"": 0, ""hop"": 1024, ""n"": 2048, ""octave"": 0, ""rate"": 48000, ""window"": 8}",1023,21.3125,2046,42.625
3aeff8d50243a034,m1-pro-16gb-local,5c5018e7e19d7fc2b82a9e40ad86975b0b8095a00b825bd85e128c9db96d64e8,core-double,double,spec012-confirm-02,0,interactive-v1,True,65536,48000,64,/Users/christiankauten/Documents/Projects/Rack/plugins/Fourier/.build/spec012/confirm-02-transitions/workload-0011-repeat-00.csv,6df41a56a839c6d5780e74b5d9416976e6584ed117285d46211498b22c890fcc,7f61fb3faba0b0bce88f3375705cfad6c39afc64b492884bdfb1d7dc2425c63f,11,horizon-no-response,65535,-1,-1,pending-no-response,-1,"{""alpha"": 0, ""hop"": 1024, ""n"": 2048, ""octave"": 0, ""rate"": 48000, ""window"": 8}",,,,
3aeff8d50243a034,m1-pro-16gb-local,5c5018e7e19d7fc2b82a9e40ad86975b0b8095a00b825bd85e128c9db96d64e8,core-double,double,spec012-confirm-02,1,interactive-v1,True,65536,48000,64,/Users/christiankauten/Documents/Projects/Rack/plugins/Fourier/.build/spec012/confirm-02-transitions/workload-0011-repeat-01.csv,e934aa498b241e463121fb4a83c4d5ddb9e330f0d743a53461e7042dde1c66a7,7f61fb3faba0b0bce88f3375705cfad6c39afc64b492884bdfb1d7dc2425c63f,1,length-increase-boundary,2048,2048,3071,published,-1,"{""alpha"": 0, ""hop"": 1024, ""n"": 2048, ""octave"": 0, ""rate"": 48000, ""window"": 8}",0,0.0,1023,21.3125
3aeff8d50243a034,m1-pro-16gb-local,5c5018e7e19d7fc2b82a9e40ad86975b0b8095a00b825bd85e128c9db96d64e8,core-double,double,spec012-confirm-02,1,interactive-v1,True,65536,48000,64,/Users/christiankauten/Documents/Projects/Rack/plugins/Fourier/.build/spec012/confirm-02-transitions/workload-0011-repeat-01.csv,e934aa498b241e463121fb4a83c4d5ddb9e330f0d743a53461e7042dde1c66a7,7f61fb3faba0b0bce88f3375705cfad6c39afc64b492884bdfb1d7dc2425c63f,2,length-decrease-early,4097,5120,6143,published,-1,"{""alpha"": 0, ""hop"": 1024, ""n"": 2048, ""octave"": 0, ""rate"": 48000, ""window"": 8}",1023,21.3125,2046,42.625
3aeff8d50243a034,m1-pro-16gb-local,5c5018e7e19d7fc2b82a9e40ad86975b0b8095a00b825bd85e128c9db96d64e8,core-double,double,spec012-confirm-02,1,interactive-v1,True,65536,48000,64,/Users/christiankauten/Documents/Projects/Rack/plugins/Fourier/.build/spec012/confirm-02-transitions/workload-0011-repeat-01.csv,e934aa498b241e463121fb4a83c4d5ddb9e330f0d743a53461e7042dde1c66a7,7f61fb3faba0b0bce88f3375705cfad6c39afc64b492884bdfb1d7dc2425c63f,3,hop-increase-middle,6656,7168,8191,published,-1,"{""alpha"": 0, ""hop"": 1024, ""n"": 2048, ""octave"": 0, ""rate"": 48000, ""window"": 8}",512,10.666666666666666,1535,31.979166666666668
3aeff8d50243a034,m1-pro-16gb-local,5c5018e7e19d7fc2b82a9e40ad86975b0b8095a00b825bd85e128c9db96d64e8,core-double,double,spec012-confirm-02,1,interactive-v1,True,65536,48000,64,/Users/christiankauten/Documents/Projects/Rack/plugins/Fourier/.build/spec012/confirm-02-transitions/workload-0011-repeat-01.csv,e934aa498b241e463121fb4a83c4d5ddb9e330f0d743a53461e7042dde1c66a7,7f61fb3faba0b0bce88f3375705cfad6c39afc64b492884bdfb1d7dc2425c63f,4,window-late,11262,11264,12287,published,-1,"{""alpha"": 0, ""hop"": 1024, ""n"": 2048, ""octave"": 0, ""rate"": 48000, ""window"": 8}",2,0.041666666666666664,1025,21.354166666666668
3aeff8d50243a034,m1-pro-16gb-local,5c5018e7e19d7fc2b82a9e40ad86975b0b8095a00b825bd85e128c9db96d64e8,core-double,double,spec012-confirm-02,1,interactive-v1,True,65536,48000,64,/Users/christiankauten/Documents/Projects/Rack/plugins/Fourier/.build/spec012/confirm-02-transitions/workload-0011-repeat-01.csv,e934aa498b241e463121fb4a83c4d5ddb9e330f0d743a53461e7042dde1c66a7,7f61fb3faba0b0bce88f3375705cfad6c39afc64b492884bdfb1d7dc2425c63f,5,smoothing-before-publication,13311,13312,14335,published,-1,"{""alpha"": 0, ""hop"": 1024, ""n"": 2048, ""octave"": 0, ""rate"": 48000, ""window"": 8}",1,0.020833333333333332,1024,21.333333333333332
3aeff8d50243a034,m1-pro-16gb-local,5c5018e7e19d7fc2b82a9e40ad86975b0b8095a00b825bd85e128c9db96d64e8,core-double,double,spec012-confirm-02,1,interactive-v1,True,65536,48000,64,/Users/christiankauten/Documents/Projects/Rack/plugins/Fourier/.build/spec012/confirm-02-transitions/workload-0011-repeat-01.csv,e934aa498b241e463121fb4a83c4d5ddb9e330f0d743a53461e7042dde1c66a7,7f61fb3faba0b0bce88f3375705cfad6c39afc64b492884bdfb1d7dc2425c63f,6,no-op-boundary,15360,15360,16383,published,-1,"{""alpha"": 0, ""hop"": 1024, ""n"": 2048, ""octave"": 0, ""rate"": 48000, ""window"": 8}",0,0.0,1023,21.3125
3aeff8d50243a034,m1-pro-16gb-local,5c5018e7e19d7fc2b82a9e40ad86975b0b8095a00b825bd85e128c9db96d64e8,core-double,double,spec012-confirm-02,1,interactive-v1,True,65536,48000,64,/Users/christiankauten/Documents/Projects/Rack/plugins/Fourier/.build/spec012/confirm-02-transitions/workload-0011-repeat-01.csv,e934aa498b241e463121fb4a83c4d5ddb9e330f0d743a53461e7042dde1c66a7,7f61fb3faba0b0bce88f3375705cfad6c39afc64b492884bdfb1d7dc2425c63f,7,replace-pending-first,17409,-1,-1,replaced,8,"{""alpha"": 0, ""hop"": 1024, ""n"": 2048, ""octave"": 0, ""rate"": 48000, ""window"": 8}",,,,
3aeff8d50243a034,m1-pro-16gb-local,5c5018e7e19d7fc2b82a9e40ad86975b0b8095a00b825bd85e128c9db96d64e8,core-double,double,spec012-confirm-02,1,interactive-v1,True,65536,48000,64,/Users/christiankauten/Documents/Projects/Rack/plugins/Fourier/.build/spec012/confirm-02-transitions/workload-0011-repeat-01.csv,e934aa498b241e463121fb4a83c4d5ddb9e330f0d743a53461e7042dde1c66a7,7f61fb3faba0b0bce88f3375705cfad6c39afc64b492884bdfb1d7dc2425c63f,8,replace-pending-last,17410,18432,19455,published,-1,"{""alpha"": 0, ""hop"": 1024, ""n"": 2048, ""octave"": 0, ""rate"": 48000, ""window"": 8}",1022,21.291666666666668,2045,42.604166666666664
3aeff8d50243a034,m1-pro-16gb-local,5c5018e7e19d7fc2b82a9e40ad86975b0b8095a00b825bd85e128c9db96d64e8,core-double,double,spec012-confirm-02,1,interactive-v1,True,65536,48000,64,/Users/christiankauten/Documents/Projects/Rack/plugins/Fourier/.build/spec012/confirm-02-transitions/workload-0011-repeat-01.csv,e934aa498b241e463121fb4a83c4d5ddb9e330f0d743a53461e7042dde1c66a7,7f61fb3faba0b0bce88f3375705cfad6c39afc64b492884bdfb1d7dc2425c63f,9,hop-decrease-boundary,21504,21504,22527,published,-1,"{""alpha"": 0, ""hop"": 1024, ""n"": 2048, ""octave"": 0, ""rate"": 48000, ""window"": 8}",0,0.0,1023,21.3125
3aeff8d50243a034,m1-pro-16gb-local,5c5018e7e19d7fc2b82a9e40ad86975b0b8095a00b825bd85e128c9db96d64e8,core-double,double,spec012-confirm-02,1,interactive-v1,True,65536,48000,64,/Users/christiankauten/Documents/Projects/Rack/plugins/Fourier/.build/spec012/confirm-02-transitions/workload-0011-repeat-01.csv,e934aa498b241e463121fb4a83c4d5ddb9e330f0d743a53461e7042dde1c66a7,7f61fb3faba0b0bce88f3375705cfad6c39afc64b492884bdfb1d7dc2425c63f,10,smoothing-disable,23553,24576,25599,published,-1,"{""alpha"": 0, ""hop"": 1024, ""n"": 2048, ""octave"": 0, ""rate"": 48000, ""window"": 8}",1023,21.3125,2046,42.625
3aeff8d50243a034,m1-pro-16gb-local,5c5018e7e19d7fc2b82a9e40ad86975b0b8095a00b825bd85e128c9db96d64e8,core-double,double,spec012-confirm-02,1,interactive-v1,True,65536,48000,64,/Users/christiankauten/Documents/Projects/Rack/plugins/Fourier/.build/spec012/confirm-02-transitions/workload-0011-repeat-01.csv,e934aa498b241e463121fb4a83c4d5ddb9e330f0d743a53461e7042dde1c66a7,7f61fb3faba0b0bce88f3375705cfad6c39afc64b492884bdfb1d7dc2425c63f,11,horizon-no-response,65535,-1,-1,pending-no-response,-1,"{""alpha"": 0, ""hop"": 1024, ""n"": 2048, ""octave"": 0, ""rate"": 48000, ""window"": 8}",,,,
3aeff8d50243a034,m1-pro-16gb-local,5c5018e7e19d7fc2b82a9e40ad86975b0b8095a00b825bd85e128c9db96d64e8,core-double,double,spec012-confirm-02,2,interactive-v1,True,65536,48000,64,/Users/christiankauten/Documents/Projects/Rack/plugins/Fourier/.build/spec012/confirm-02-transitions/workload-0011-repeat-02.csv,116cf6504ab934260b025e041ae1031ee09baf2fea4c83840fa34f43c4db6d0e,7f61fb3faba0b0bce88f3375705cfad6c39afc64b492884bdfb1d7dc2425c63f,1,length-increase-boundary,2048,2048,3071,published,-1,"{""alpha"": 0, ""hop"": 1024, ""n"": 2048, ""octave"": 0, ""rate"": 48000, ""window"": 8}",0,0.0,1023,21.3125
3aeff8d50243a034,m1-pro-16gb-local,5c5018e7e19d7fc2b82a9e40ad86975b0b8095a00b825bd85e128c9db96d64e8,core-double,double,spec012-confirm-02,2,interactive-v1,True,65536,48000,64,/Users/christiankauten/Documents/Projects/Rack/plugins/Fourier/.build/spec012/confirm-02-transitions/workload-0011-repeat-02.csv,116cf6504ab934260b025e041ae1031ee09baf2fea4c83840fa34f43c4db6d0e,7f61fb3faba0b0bce88f3375705cfad6c39afc64b492884bdfb1d7dc2425c63f,2,length-decrease-early,4097,5120,6143,published,-1,"{""alpha"": 0, ""hop"": 1024, ""n"": 2048, ""octave"": 0, ""rate"": 48000, ""window"": 8}",1023,21.3125,2046,42.625
3aeff8d50243a034,m1-pro-16gb-local,5c5018e7e19d7fc2b82a9e40ad86975b0b8095a00b825bd85e128c9db96d64e8,core-double,double,spec012-confirm-02,2,interactive-v1,True,65536,48000,64,/Users/christiankauten/Documents/Projects/Rack/plugins/Fourier/.build/spec012/confirm-02-transitions/workload-0011-repeat-02.csv,116cf6504ab934260b025e041ae1031ee09baf2fea4c83840fa34f43c4db6d0e,7f61fb3faba0b0bce88f3375705cfad6c39afc64b492884bdfb1d7dc2425c63f,3,hop-increase-middle,6656,7168,8191,published,-1,"{""alpha"": 0, ""hop"": 1024, ""n"": 2048, ""octave"": 0, ""rate"": 48000, ""window"": 8}",512,10.666666666666666,1535,31.979166666666668
3aeff8d50243a034,m1-pro-16gb-local,5c5018e7e19d7fc2b82a9e40ad86975b0b8095a00b825bd85e128c9db96d64e8,core-double,double,spec012-confirm-02,2,interactive-v1,True,65536,48000,64,/Users/christiankauten/Documents/Projects/Rack/plugins/Fourier/.build/spec012/confirm-02-transitions/workload-0011-repeat-02.csv,116cf6504ab934260b025e041ae1031ee09baf2fea4c83840fa34f43c4db6d0e,7f61fb3faba0b0bce88f3375705cfad6c39afc64b492884bdfb1d7dc2425c63f,4,window-late,11262,11264,12287,published,-1,"{""alpha"": 0, ""hop"": 1024, ""n"": 2048, ""octave"": 0, ""rate"": 48000, ""window"": 8}",2,0.041666666666666664,1025,21.354166666666668
3aeff8d50243a034,m1-pro-16gb-local,5c5018e7e19d7fc2b82a9e40ad86975b0b8095a00b825bd85e128c9db96d64e8,core-double,double,spec012-confirm-02,2,interactive-v1,True,65536,48000,64,/Users/christiankauten/Documents/Projects/Rack/plugins/Fourier/.build/spec012/confirm-02-transitions/workload-0011-repeat-02.csv,116cf6504ab934260b025e041ae1031ee09baf2fea4c83840fa34f43c4db6d0e,7f61fb3faba0b0bce88f3375705cfad6c39afc64b492884bdfb1d7dc2425c63f,5,smoothing-before-publication,13311,13312,14335,published,-1,"{""alpha"": 0, ""hop"": 1024, ""n"": 2048, ""octave"": 0, ""rate"": 48000, ""window"": 8}",1,0.020833333333333332,1024,21.333333333333332
3aeff8d50243a034,m1-pro-16gb-local,5c5018e7e19d7fc2b82a9e40ad86975b0b8095a00b825bd85e128c9db96d64e8,core-double,double,spec012-confirm-02,2,interactive-v1,True,65536,48000,64,/Users/christiankauten/Documents/Projects/Rack/plugins/Fourier/.build/spec012/confirm-02-transitions/workload-0011-repeat-02.csv,116cf6504ab934260b025e041ae1031ee09baf2fea4c83840fa34f43c4db6d0e,7f61fb3faba0b0bce88f3375705cfad6c39afc64b492884bdfb1d7dc2425c63f,6,no-op-boundary,15360,15360,16383,published,-1,"{""alpha"": 0, ""hop"": 1024, ""n"": 2048, ""octave"": 0, ""rate"": 48000, ""window"": 8}",0,0.0,1023,21.3125
3aeff8d50243a034,m1-pro-16gb-local,5c5018e7e19d7fc2b82a9e40ad86975b0b8095a00b825bd85e128c9db96d64e8,core-double,double,spec012-confirm-02,2,interactive-v1,True,65536,48000,64,/Users/christiankauten/Documents/Projects/Rack/plugins/Fourier/.build/spec012/confirm-02-transitions/workload-0011-repeat-02.csv,116cf6504ab934260b025e041ae1031ee09baf2fea4c83840fa34f43c4db6d0e,7f61fb3faba0b0bce88f3375705cfad6c39afc64b492884bdfb1d7dc2425c63f,7,replace-pending-first,17409,-1,-1,replaced,8,"{""alpha"": 0, ""hop"": 1024, ""n"": 2048, ""octave"": 0, ""rate"": 48000, ""window"": 8}",,,,
3aeff8d50243a034,m1-pro-16gb-local,5c5018e7e19d7fc2b82a9e40ad86975b0b8095a00b825bd85e128c9db96d64e8,core-double,double,spec012-confirm-02,2,interactive-v1,True,65536,48000,64,/Users/christiankauten/Documents/Projects/Rack/plugins/Fourier/.build/spec012/confirm-02-transitions/workload-0011-repeat-02.csv,116cf6504ab934260b025e041ae1031ee09baf2fea4c83840fa34f43c4db6d0e,7f61fb3faba0b0bce88f3375705cfad6c39afc64b492884bdfb1d7dc2425c63f,8,replace-pending-last,17410,18432,19455,published,-1,"{""alpha"": 0, ""hop"": 1024, ""n"": 2048, ""octave"": 0, ""rate"": 48000, ""window"": 8}",1022,21.291666666666668,2045,42.604166666666664
3aeff8d50243a034,m1-pro-16gb-local,5c5018e7e19d7fc2b82a9e40ad86975b0b8095a00b825bd85e128c9db96d64e8,core-double,double,spec012-confirm-02,2,interactive-v1,True,65536,48000,64,/Users/christiankauten/Documents/Projects/Rack/plugins/Fourier/.build/spec012/confirm-02-transitions/workload-0011-repeat-02.csv,116cf6504ab934260b025e041ae1031ee09baf2fea4c83840fa34f43c4db6d0e,7f61fb3faba0b0bce88f3375705cfad6c39afc64b492884bdfb1d7dc2425c63f,9,hop-decrease-boundary,21504,21504,22527,published,-1,"{""alpha"": 0, ""hop"": 1024, ""n"": 2048, ""octave"": 0, ""rate"": 48000, ""window"": 8}",0,0.0,1023,21.3125
3aeff8d50243a034,m1-pro-16gb-local,5c5018e7e19d7fc2b82a9e40ad86975b0b8095a00b825bd85e128c9db96d64e8,core-double,double,spec012-confirm-02,2,interactive-v1,True,65536,48000,64,/Users/christiankauten/Documents/Projects/Rack/plugins/Fourier/.build/spec012/confirm-02-transitions/workload-0011-repeat-02.csv,116cf6504ab934260b025e041ae1031ee09baf2fea4c83840fa34f43c4db6d0e,7f61fb3faba0b0bce88f3375705cfad6c39afc64b492884bdfb1d7dc2425c63f,10,smoothing-disable,23553,24576,25599,published,-1,"{""alpha"": 0, ""hop"": 1024, ""n"": 2048, ""octave"": 0, ""rate"": 48000, ""window"": 8}",1023,21.3125,2046,42.625
3aeff8d50243a034,m1-pro-16gb-local,5c5018e7e19d7fc2b82a9e40ad86975b0b8095a00b825bd85e128c9db96d64e8,core-double,double,spec012-confirm-02,2,interactive-v1,True,65536,48000,64,/Users/christiankauten/Documents/Projects/Rack/plugins/Fourier/.build/spec012/confirm-02-transitions/workload-0011-repeat-02.csv,116cf6504ab934260b025e041ae1031ee09baf2fea4c83840fa34f43c4db6d0e,7f61fb3faba0b0bce88f3375705cfad6c39afc64b492884bdfb1d7dc2425c63f,11,horizon-no-response,65535,-1,-1,pending-no-response,-1,"{""alpha"": 0, ""hop"": 1024, ""n"": 2048, ""octave"": 0, ""rate"": 48000, ""window"": 8}",,,,
3aeff8d50243a034,m1-pro-16gb-local,5c5018e7e19d7fc2b82a9e40ad86975b0b8095a00b825bd85e128c9db96d64e8,core-double,double,spec012-confirm-03,0,interactive-v1,True,65536,48000,64,/Users/christiankauten/Documents/Projects/Rack/plugins/Fourier/.build/spec012/confirm-03-transitions/workload-0011-repeat-00.csv,15020a8f100ac6bf58810512076ec293232641afdbe46d1c3326764a1a4be4e3,7f61fb3faba0b0bce88f3375705cfad6c39afc64b492884bdfb1d7dc2425c63f,1,length-increase-boundary,2048,2048,3071,published,-1,"{""alpha"": 0, ""hop"": 1024, ""n"": 2048, ""octave"": 0, ""rate"": 48000, ""window"": 8}",0,0.0,1023,21.3125
3aeff8d50243a034,m1-pro-16gb-local,5c5018e7e19d7fc2b82a9e40ad86975b0b8095a00b825bd85e128c9db96d64e8,core-double,double,spec012-confirm-03,0,interactive-v1,True,65536,48000,64,/Users/christiankauten/Documents/Projects/Rack/plugins/Fourier/.build/spec012/confirm-03-transitions/workload-0011-repeat-00.csv,15020a8f100ac6bf58810512076ec293232641afdbe46d1c3326764a1a4be4e3,7f61fb3faba0b0bce88f3375705cfad6c39afc64b492884bdfb1d7dc2425c63f,2,length-decrease-early,4097,5120,6143,published,-1,"{""alpha"": 0, ""hop"": 1024, ""n"": 2048, ""octave"": 0, ""rate"": 48000, ""window"": 8}",1023,21.3125,2046,42.625
3aeff8d50243a034,m1-pro-16gb-local,5c5018e7e19d7fc2b82a9e40ad86975b0b8095a00b825bd85e128c9db96d64e8,core-double,double,spec012-confirm-03,0,interactive-v1,True,65536,48000,64,/Users/christiankauten/Documents/Projects/Rack/plugins/Fourier/.build/spec012/confirm-03-transitions/workload-0011-repeat-00.csv,15020a8f100ac6bf58810512076ec293232641afdbe46d1c3326764a1a4be4e3,7f61fb3faba0b0bce88f3375705cfad6c39afc64b492884bdfb1d7dc2425c63f,3,hop-increase-middle,6656,7168,8191,published,-1,"{""alpha"": 0, ""hop"": 1024, ""n"": 2048, ""octave"": 0, ""rate"": 48000, ""window"": 8}",512,10.666666666666666,1535,31.979166666666668
3aeff8d50243a034,m1-pro-16gb-local,5c5018e7e19d7fc2b82a9e40ad86975b0b8095a00b825bd85e128c9db96d64e8,core-double,double,spec012-confirm-03,0,interactive-v1,True,65536,48000,64,/Users/christiankauten/Documents/Projects/Rack/plugins/Fourier/.build/spec012/confirm-03-transitions/workload-0011-repeat-00.csv,15020a8f100ac6bf58810512076ec293232641afdbe46d1c3326764a1a4be4e3,7f61fb3faba0b0bce88f3375705cfad6c39afc64b492884bdfb1d7dc2425c63f,4,window-late,11262,11264,12287,published,-1,"{""alpha"": 0, ""hop"": 1024, ""n"": 2048, ""octave"": 0, ""rate"": 48000, ""window"": 8}",2,0.041666666666666664,1025,21.354166666666668
3aeff8d50243a034,m1-pro-16gb-local,5c5018e7e19d7fc2b82a9e40ad86975b0b8095a00b825bd85e128c9db96d64e8,core-double,double,spec012-confirm-03,0,interactive-v1,True,65536,48000,64,/Users/christiankauten/Documents/Projects/Rack/plugins/Fourier/.build/spec012/confirm-03-transitions/workload-0011-repeat-00.csv,15020a8f100ac6bf58810512076ec293232641afdbe46d1c3326764a1a4be4e3,7f61fb3faba0b0bce88f3375705cfad6c39afc64b492884bdfb1d7dc2425c63f,5,smoothing-before-publication,13311,13312,14335,published,-1,"{""alpha"": 0, ""hop"": 1024, ""n"": 2048, ""octave"": 0, ""rate"": 48000, ""window"": 8}",1,0.020833333333333332,1024,21.333333333333332
3aeff8d50243a034,m1-pro-16gb-local,5c5018e7e19d7fc2b82a9e40ad86975b0b8095a00b825bd85e128c9db96d64e8,core-double,double,spec012-confirm-03,0,interactive-v1,True,65536,48000,64,/Users/christiankauten/Documents/Projects/Rack/plugins/Fourier/.build/spec012/confirm-03-transitions/workload-0011-repeat-00.csv,15020a8f100ac6bf58810512076ec293232641afdbe46d1c3326764a1a4be4e3,7f61fb3faba0b0bce88f3375705cfad6c39afc64b492884bdfb1d7dc2425c63f,6,no-op-boundary,15360,15360,16383,published,-1,"{""alpha"": 0, ""hop"": 1024, ""n"": 2048, ""octave"": 0, ""rate"": 48000, ""window"": 8}",0,0.0,1023,21.3125
3aeff8d50243a034,m1-pro-16gb-local,5c5018e7e19d7fc2b82a9e40ad86975b0b8095a00b825bd85e128c9db96d64e8,core-double,double,spec012-confirm-03,0,interactive-v1,True,65536,48000,64,/Users/christiankauten/Documents/Projects/Rack/plugins/Fourier/.build/spec012/confirm-03-transitions/workload-0011-repeat-00.csv,15020a8f100ac6bf58810512076ec293232641afdbe46d1c3326764a1a4be4e3,7f61fb3faba0b0bce88f3375705cfad6c39afc64b492884bdfb1d7dc2425c63f,7,replace-pending-first,17409,-1,-1,replaced,8,"{""alpha"": 0, ""hop"": 1024, ""n"": 2048, ""octave"": 0, ""rate"": 48000, ""window"": 8}",,,,
3aeff8d50243a034,m1-pro-16gb-local,5c5018e7e19d7fc2b82a9e40ad86975b0b8095a00b825bd85e128c9db96d64e8,core-double,double,spec012-confirm-03,0,interactive-v1,True,65536,48000,64,/Users/christiankauten/Documents/Projects/Rack/plugins/Fourier/.build/spec012/confirm-03-transitions/workload-0011-repeat-00.csv,15020a8f100ac6bf58810512076ec293232641afdbe46d1c3326764a1a4be4e3,7f61fb3faba0b0bce88f3375705cfad6c39afc64b492884bdfb1d7dc2425c63f,8,replace-pending-last,17410,18432,19455,published,-1,"{""alpha"": 0, ""hop"": 1024, ""n"": 2048, ""octave"": 0, ""rate"": 48000, ""window"": 8}",1022,21.291666666666668,2045,42.604166666666664
3aeff8d50243a034,m1-pro-16gb-local,5c5018e7e19d7fc2b82a9e40ad86975b0b8095a00b825bd85e128c9db96d64e8,core-double,double,spec012-confirm-03,0,interactive-v1,True,65536,48000,64,/Users/christiankauten/Documents/Projects/Rack/plugins/Fourier/.build/spec012/confirm-03-transitions/workload-0011-repeat-00.csv,15020a8f100ac6bf58810512076ec293232641afdbe46d1c3326764a1a4be4e3,7f61fb3faba0b0bce88f3375705cfad6c39afc64b492884bdfb1d7dc2425c63f,9,hop-decrease-boundary,21504,21504,22527,published,-1,"{""alpha"": 0, ""hop"": 1024, ""n"": 2048, ""octave"": 0, ""rate"": 48000, ""window"": 8}",0,0.0,1023,21.3125
3aeff8d50243a034,m1-pro-16gb-local,5c5018e7e19d7fc2b82a9e40ad86975b0b8095a00b825bd85e128c9db96d64e8,core-double,double,spec012-confirm-03,0,interactive-v1,True,65536,48000,64,/Users/christiankauten/Documents/Projects/Rack/plugins/Fourier/.build/spec012/confirm-03-transitions/workload-0011-repeat-00.csv,15020a8f100ac6bf58810512076ec293232641afdbe46d1c3326764a1a4be4e3,7f61fb3faba0b0bce88f3375705cfad6c39afc64b492884bdfb1d7dc2425c63f,10,smoothing-disable,23553,24576,25599,published,-1,"{""alpha"": 0, ""hop"": 1024, ""n"": 2048, ""octave"": 0, ""rate"": 48000, ""window"": 8}",1023,21.3125,2046,42.625
3aeff8d50243a034,m1-pro-16gb-local,5c5018e7e19d7fc2b82a9e40ad86975b0b8095a00b825bd85e128c9db96d64e8,core-double,double,spec012-confirm-03,0,interactive-v1,True,65536,48000,64,/Users/christiankauten/Documents/Projects/Rack/plugins/Fourier/.build/spec012/confirm-03-transitions/workload-0011-repeat-00.csv,15020a8f100ac6bf58810512076ec293232641afdbe46d1c3326764a1a4be4e3,7f61fb3faba0b0bce88f3375705cfad6c39afc64b492884bdfb1d7dc2425c63f,11,horizon-no-response,65535,-1,-1,pending-no-response,-1,"{""alpha"": 0, ""hop"": 1024, ""n"": 2048, ""octave"": 0, ""rate"": 48000, ""window"": 8}",,,,
3aeff8d50243a034,m1-pro-16gb-local,5c5018e7e19d7fc2b82a9e40ad86975b0b8095a00b825bd85e128c9db96d64e8,core-double,double,spec012-confirm-03,1,interactive-v1,True,65536,48000,64,/Users/christiankauten/Documents/Projects/Rack/plugins/Fourier/.build/spec012/confirm-03-transitions/workload-0011-repeat-01.csv,7cebbcb3ac421b41f9dd2e3868492b4f49b8d99cd4205de5e8a6503945c78155,7f61fb3faba0b0bce88f3375705cfad6c39afc64b492884bdfb1d7dc2425c63f,1,length-increase-boundary,2048,2048,3071,published,-1,"{""alpha"": 0, ""hop"": 1024, ""n"": 2048, ""octave"": 0, ""rate"": 48000, ""window"": 8}",0,0.0,1023,21.3125
3aeff8d50243a034,m1-pro-16gb-local,5c5018e7e19d7fc2b82a9e40ad86975b0b8095a00b825bd85e128c9db96d64e8,core-double,double,spec012-confirm-03,1,interactive-v1,True,65536,48000,64,/Users/christiankauten/Documents/Projects/Rack/plugins/Fourier/.build/spec012/confirm-03-transitions/workload-0011-repeat-01.csv,7cebbcb3ac421b41f9dd2e3868492b4f49b8d99cd4205de5e8a6503945c78155,7f61fb3faba0b0bce88f3375705cfad6c39afc64b492884bdfb1d7dc2425c63f,2,length-decrease-early,4097,5120,6143,published,-1,"{""alpha"": 0, ""hop"": 1024, ""n"": 2048, ""octave"": 0, ""rate"": 48000, ""window"": 8}",1023,21.3125,2046,42.625
3aeff8d50243a034,m1-pro-16gb-local,5c5018e7e19d7fc2b82a9e40ad86975b0b8095a00b825bd85e128c9db96d64e8,core-double,double,spec012-confirm-03,1,interactive-v1,True,65536,48000,64,/Users/christiankauten/Documents/Projects/Rack/plugins/Fourier/.build/spec012/confirm-03-transitions/workload-0011-repeat-01.csv,7cebbcb3ac421b41f9dd2e3868492b4f49b8d99cd4205de5e8a6503945c78155,7f61fb3faba0b0bce88f3375705cfad6c39afc64b492884bdfb1d7dc2425c63f,3,hop-increase-middle,6656,7168,8191,published,-1,"{""alpha"": 0, ""hop"": 1024, ""n"": 2048, ""octave"": 0, ""rate"": 48000, ""window"": 8}",512,10.666666666666666,1535,31.979166666666668
3aeff8d50243a034,m1-pro-16gb-local,5c5018e7e19d7fc2b82a9e40ad86975b0b8095a00b825bd85e128c9db96d64e8,core-double,double,spec012-confirm-03,1,interactive-v1,True,65536,48000,64,/Users/christiankauten/Documents/Projects/Rack/plugins/Fourier/.build/spec012/confirm-03-transitions/workload-0011-repeat-01.csv,7cebbcb3ac421b41f9dd2e3868492b4f49b8d99cd4205de5e8a6503945c78155,7f61fb3faba0b0bce88f3375705cfad6c39afc64b492884bdfb1d7dc2425c63f,4,window-late,11262,11264,12287,published,-1,"{""alpha"": 0, ""hop"": 1024, ""n"": 2048, ""octave"": 0, ""rate"": 48000, ""window"": 8}",2,0.041666666666666664,1025,21.354166666666668
3aeff8d50243a034,m1-pro-16gb-local,5c5018e7e19d7fc2b82a9e40ad86975b0b8095a00b825bd85e128c9db96d64e8,core-double,double,spec012-confirm-03,1,interactive-v1,True,65536,48000,64,/Users/christiankauten/Documents/Projects/Rack/plugins/Fourier/.build/spec012/confirm-03-transitions/workload-0011-repeat-01.csv,7cebbcb3ac421b41f9dd2e3868492b4f49b8d99cd4205de5e8a6503945c78155,7f61fb3faba0b0bce88f3375705cfad6c39afc64b492884bdfb1d7dc2425c63f,5,smoothing-before-publication,13311,13312,14335,published,-1,"{""alpha"": 0, ""hop"": 1024, ""n"": 2048, ""octave"": 0, ""rate"": 48000, ""window"": 8}",1,0.020833333333333332,1024,21.333333333333332
3aeff8d50243a034,m1-pro-16gb-local,5c5018e7e19d7fc2b82a9e40ad86975b0b8095a00b825bd85e128c9db96d64e8,core-double,double,spec012-confirm-03,1,interactive-v1,True,65536,48000,64,/Users/christiankauten/Documents/Projects/Rack/plugins/Fourier/.build/spec012/confirm-03-transitions/workload-0011-repeat-01.csv,7cebbcb3ac421b41f9dd2e3868492b4f49b8d99cd4205de5e8a6503945c78155,7f61fb3faba0b0bce88f3375705cfad6c39afc64b492884bdfb1d7dc2425c63f,6,no-op-boundary,15360,15360,16383,published,-1,"{""alpha"": 0, ""hop"": 1024, ""n"": 2048, ""octave"": 0, ""rate"": 48000, ""window"": 8}",0,0.0,1023,21.3125
3aeff8d50243a034,m1-pro-16gb-local,5c5018e7e19d7fc2b82a9e40ad86975b0b8095a00b825bd85e128c9db96d64e8,core-double,double,spec012-confirm-03,1,interactive-v1,True,65536,48000,64,/Users/christiankauten/Documents/Projects/Rack/plugins/Fourier/.build/spec012/confirm-03-transitions/workload-0011-repeat-01.csv,7cebbcb3ac421b41f9dd2e3868492b4f49b8d99cd4205de5e8a6503945c78155,7f61fb3faba0b0bce88f3375705cfad6c39afc64b492884bdfb1d7dc2425c63f,7,replace-pending-first,17409,-1,-1,replaced,8,"{""alpha"": 0, ""hop"": 1024, ""n"": 2048, ""octave"": 0, ""rate"": 48000, ""window"": 8}",,,,
3aeff8d50243a034,m1-pro-16gb-local,5c5018e7e19d7fc2b82a9e40ad86975b0b8095a00b825bd85e128c9db96d64e8,core-double,double,spec012-confirm-03,1,interactive-v1,True,65536,48000,64,/Users/christiankauten/Documents/Projects/Rack/plugins/Fourier/.build/spec012/confirm-03-transitions/workload-0011-repeat-01.csv,7cebbcb3ac421b41f9dd2e3868492b4f49b8d99cd4205de5e8a6503945c78155,7f61fb3faba0b0bce88f3375705cfad6c39afc64b492884bdfb1d7dc2425c63f,8,replace-pending-last,17410,18432,19455,published,-1,"{""alpha"": 0, ""hop"": 1024, ""n"": 2048, ""octave"": 0, ""rate"": 48000, ""window"": 8}",1022,21.291666666666668,2045,42.604166666666664
3aeff8d50243a034,m1-pro-16gb-local,5c5018e7e19d7fc2b82a9e40ad86975b0b8095a00b825bd85e128c9db96d64e8,core-double,double,spec012-confirm-03,1,interactive-v1,True,65536,48000,64,/Users/christiankauten/Documents/Projects/Rack/plugins/Fourier/.build/spec012/confirm-03-transitions/workload-0011-repeat-01.csv,7cebbcb3ac421b41f9dd2e3868492b4f49b8d99cd4205de5e8a6503945c78155,7f61fb3faba0b0bce88f3375705cfad6c39afc64b492884bdfb1d7dc2425c63f,9,hop-decrease-boundary,21504,21504,22527,published,-1,"{""alpha"": 0, ""hop"": 1024, ""n"": 2048, ""octave"": 0, ""rate"": 48000, ""window"": 8}",0,0.0,1023,21.3125
3aeff8d50243a034,m1-pro-16gb-local,5c5018e7e19d7fc2b82a9e40ad86975b0b8095a00b825bd85e128c9db96d64e8,core-double,double,spec012-confirm-03,1,interactive-v1,True,65536,48000,64,/Users/christiankauten/Documents/Projects/Rack/plugins/Fourier/.build/spec012/confirm-03-transitions/workload-0011-repeat-01.csv,7cebbcb3ac421b41f9dd2e3868492b4f49b8d99cd4205de5e8a6503945c78155,7f61fb3faba0b0bce88f3375705cfad6c39afc64b492884bdfb1d7dc2425c63f,10,smoothing-disable,23553,24576,25599,published,-1,"{""alpha"": 0, ""hop"": 1024, ""n"": 2048, ""octave"": 0, ""rate"": 48000, ""window"": 8}",1023,21.3125,2046,42.625
3aeff8d50243a034,m1-pro-16gb-local,5c5018e7e19d7fc2b82a9e40ad86975b0b8095a00b825bd85e128c9db96d64e8,core-double,double,spec012-confirm-03,1,interactive-v1,True,65536,48000,64,/Users/christiankauten/Documents/Projects/Rack/plugins/Fourier/.build/spec012/confirm-03-transitions/workload-0011-repeat-01.csv,7cebbcb3ac421b41f9dd2e3868492b4f49b8d99cd4205de5e8a6503945c78155,7f61fb3faba0b0bce88f3375705cfad6c39afc64b492884bdfb1d7dc2425c63f,11,horizon-no-response,65535,-1,-1,pending-no-response,-1,"{""alpha"": 0, ""hop"": 1024, ""n"": 2048, ""octave"": 0, ""rate"": 48000, ""window"": 8}",,,,
3aeff8d50243a034,m1-pro-16gb-local,5c5018e7e19d7fc2b82a9e40ad86975b0b8095a00b825bd85e128c9db96d64e8,core-double,double,spec012-confirm-03,2,interactive-v1,True,65536,48000,64,/Users/christiankauten/Documents/Projects/Rack/plugins/Fourier/.build/spec012/confirm-03-transitions/workload-0011-repeat-02.csv,04d9f1bc03a57131bbd2b415d506dc87a3ad476e4139ad000988937392888568,7f61fb3faba0b0bce88f3375705cfad6c39afc64b492884bdfb1d7dc2425c63f,1,length-increase-boundary,2048,2048,3071,published,-1,"{""alpha"": 0, ""hop"": 1024, ""n"": 2048, ""octave"": 0, ""rate"": 48000, ""window"": 8}",0,0.0,1023,21.3125
3aeff8d50243a034,m1-pro-16gb-local,5c5018e7e19d7fc2b82a9e40ad86975b0b8095a00b825bd85e128c9db96d64e8,core-double,double,spec012-confirm-03,2,interactive-v1,True,65536,48000,64,/Users/christiankauten/Documents/Projects/Rack/plugins/Fourier/.build/spec012/confirm-03-transitions/workload-0011-repeat-02.csv,04d9f1bc03a57131bbd2b415d506dc87a3ad476e4139ad000988937392888568,7f61fb3faba0b0bce88f3375705cfad6c39afc64b492884bdfb1d7dc2425c63f,2,length-decrease-early,4097,5120,6143,published,-1,"{""alpha"": 0, ""hop"": 1024, ""n"": 2048, ""octave"": 0, ""rate"": 48000, ""window"": 8}",1023,21.3125,2046,42.625
3aeff8d50243a034,m1-pro-16gb-local,5c5018e7e19d7fc2b82a9e40ad86975b0b8095a00b825bd85e128c9db96d64e8,core-double,double,spec012-confirm-03,2,interactive-v1,True,65536,48000,64,/Users/christiankauten/Documents/Projects/Rack/plugins/Fourier/.build/spec012/confirm-03-transitions/workload-0011-repeat-02.csv,04d9f1bc03a57131bbd2b415d506dc87a3ad476e4139ad000988937392888568,7f61fb3faba0b0bce88f3375705cfad6c39afc64b492884bdfb1d7dc2425c63f,3,hop-increase-middle,6656,7168,8191,published,-1,"{""alpha"": 0, ""hop"": 1024, ""n"": 2048, ""octave"": 0, ""rate"": 48000, ""window"": 8}",512,10.666666666666666,1535,31.979166666666668
3aeff8d50243a034,m1-pro-16gb-local,5c5018e7e19d7fc2b82a9e40ad86975b0b8095a00b825bd85e128c9db96d64e8,core-double,double,spec012-confirm-03,2,interactive-v1,True,65536,48000,64,/Users/christiankauten/Documents/Projects/Rack/plugins/Fourier/.build/spec012/confirm-03-transitions/workload-0011-repeat-02.csv,04d9f1bc03a57131bbd2b415d506dc87a3ad476e4139ad000988937392888568,7f61fb3faba0b0bce88f3375705cfad6c39afc64b492884bdfb1d7dc2425c63f,4,window-late,11262,11264,12287,published,-1,"{""alpha"": 0, ""hop"": 1024, ""n"": 2048, ""octave"": 0, ""rate"": 48000, ""window"": 8}",2,0.041666666666666664,1025,21.354166666666668
3aeff8d50243a034,m1-pro-16gb-local,5c5018e7e19d7fc2b82a9e40ad86975b0b8095a00b825bd85e128c9db96d64e8,core-double,double,spec012-confirm-03,2,interactive-v1,True,65536,48000,64,/Users/christiankauten/Documents/Projects/Rack/plugins/Fourier/.build/spec012/confirm-03-transitions/workload-0011-repeat-02.csv,04d9f1bc03a57131bbd2b415d506dc87a3ad476e4139ad000988937392888568,7f61fb3faba0b0bce88f3375705cfad6c39afc64b492884bdfb1d7dc2425c63f,5,smoothing-before-publication,13311,13312,14335,published,-1,"{""alpha"": 0, ""hop"": 1024, ""n"": 2048, ""octave"": 0, ""rate"": 48000, ""window"": 8}",1,0.020833333333333332,1024,21.333333333333332
3aeff8d50243a034,m1-pro-16gb-local,5c5018e7e19d7fc2b82a9e40ad86975b0b8095a00b825bd85e128c9db96d64e8,core-double,double,spec012-confirm-03,2,interactive-v1,True,65536,48000,64,/Users/christiankauten/Documents/Projects/Rack/plugins/Fourier/.build/spec012/confirm-03-transitions/workload-0011-repeat-02.csv,04d9f1bc03a57131bbd2b415d506dc87a3ad476e4139ad000988937392888568,7f61fb3faba0b0bce88f3375705cfad6c39afc64b492884bdfb1d7dc2425c63f,6,no-op-boundary,15360,15360,16383,published,-1,"{""alpha"": 0, ""hop"": 1024, ""n"": 2048, ""octave"": 0, ""rate"": 48000, ""window"": 8}",0,0.0,1023,21.3125
3aeff8d50243a034,m1-pro-16gb-local,5c5018e7e19d7fc2b82a9e40ad86975b0b8095a00b825bd85e128c9db96d64e8,core-double,double,spec012-confirm-03,2,interactive-v1,True,65536,48000,64,/Users/christiankauten/Documents/Projects/Rack/plugins/Fourier/.build/spec012/confirm-03-transitions/workload-0011-repeat-02.csv,04d9f1bc03a57131bbd2b415d506dc87a3ad476e4139ad000988937392888568,7f61fb3faba0b0bce88f3375705cfad6c39afc64b492884bdfb1d7dc2425c63f,7,replace-pending-first,17409,-1,-1,replaced,8,"{""alpha"": 0, ""hop"": 1024, ""n"": 2048, ""octave"": 0, ""rate"": 48000, ""window"": 8}",,,,
3aeff8d50243a034,m1-pro-16gb-local,5c5018e7e19d7fc2b82a9e40ad86975b0b8095a00b825bd85e128c9db96d64e8,core-double,double,spec012-confirm-03,2,interactive-v1,True,65536,48000,64,/Users/christiankauten/Documents/Projects/Rack/plugins/Fourier/.build/spec012/confirm-03-transitions/workload-0011-repeat-02.csv,04d9f1bc03a57131bbd2b415d506dc87a3ad476e4139ad000988937392888568,7f61fb3faba0b0bce88f3375705cfad6c39afc64b492884bdfb1d7dc2425c63f,8,replace-pending-last,17410,18432,19455,published,-1,"{""alpha"": 0, ""hop"": 1024, ""n"": 2048, ""octave"": 0, ""rate"": 48000, ""window"": 8}",1022,21.291666666666668,2045,42.604166666666664
3aeff8d50243a034,m1-pro-16gb-local,5c5018e7e19d7fc2b82a9e40ad86975b0b8095a00b825bd85e128c9db96d64e8,core-double,double,spec012-confirm-03,2,interactive-v1,True,65536,48000,64,/Users/christiankauten/Documents/Projects/Rack/plugins/Fourier/.build/spec012/confirm-03-transitions/workload-0011-repeat-02.csv,04d9f1bc03a57131bbd2b415d506dc87a3ad476e4139ad000988937392888568,7f61fb3faba0b0bce88f3375705cfad6c39afc64b492884bdfb1d7dc2425c63f,9,hop-decrease-boundary,21504,21504,22527,published,-1,"{""alpha"": 0, ""hop"": 1024, ""n"": 2048, ""octave"": 0, ""rate"": 48000, ""window"": 8}",0,0.0,1023,21.3125
3aeff8d50243a034,m1-pro-16gb-local,5c5018e7e19d7fc2b82a9e40ad86975b0b8095a00b825bd85e128c9db96d64e8,core-double,double,spec012-confirm-03,2,interactive-v1,True,65536,48000,64,/Users/christiankauten/Documents/Projects/Rack/plugins/Fourier/.build/spec012/confirm-03-transitions/workload-0011-repeat-02.csv,04d9f1bc03a57131bbd2b415d506dc87a3ad476e4139ad000988937392888568,7f61fb3faba0b0bce88f3375705cfad6c39afc64b492884bdfb1d7dc2425c63f,10,smoothing-disable,23553,24576,25599,published,-1,"{""alpha"": 0, ""hop"": 1024, ""n"": 2048, ""octave"": 0, ""rate"": 48000, ""window"": 8}",1023,21.3125,2046,42.625
3aeff8d50243a034,m1-pro-16gb-local,5c5018e7e19d7fc2b82a9e40ad86975b0b8095a00b825bd85e128c9db96d64e8,core-double,double,spec012-confirm-03,2,interactive-v1,True,65536,48000,64,/Users/christiankauten/Documents/Projects/Rack/plugins/Fourier/.build/spec012/confirm-03-transitions/workload-0011-repeat-02.csv,04d9f1bc03a57131bbd2b415d506dc87a3ad476e4139ad000988937392888568,7f61fb3faba0b0bce88f3375705cfad6c39afc64b492884bdfb1d7dc2425c63f,11,horizon-no-response,65535,-1,-1,pending-no-response,-1,"{""alpha"": 0, ""hop"": 1024, ""n"": 2048, ""octave"": 0, ""rate"": 48000, ""window"": 8}",,,,
3aeff8d50243a034,m1-pro-16gb-local,5ce19582f12df7ac0e4004a46354796c5cfc32202514d0e7c6905d4f6ba695b5,pffft-scheduled-batch-float,float,spec012-confirm-01,0,interactive-v1,False,65536,48000,64,/Users/christiankauten/Documents/Projects/Rack/plugins/Fourier/.build/spec012/confirm-01-transitions/workload-0014-repeat-00.csv,f1b0bb2f7bd1f22d5e14b44ac237bdfce9b8dd091dc23f2dc387d7878485e6ef,fa16a5f25e5a94174b7c4c2ac2df4c55f67e868a5ba61668550dde7c22e97820,1,length-increase-boundary,2048,2048,2048,published,-1,"{""alpha"": 0, ""hop"": 1024, ""n"": 16384, ""octave"": 0, ""rate"": 48000, ""window"": 8}",0,0.0,0,0.0
3aeff8d50243a034,m1-pro-16gb-local,5ce19582f12df7ac0e4004a46354796c5cfc32202514d0e7c6905d4f6ba695b5,pffft-scheduled-batch-float,float,spec012-confirm-01,0,interactive-v1,False,65536,48000,64,/Users/christiankauten/Documents/Projects/Rack/plugins/Fourier/.build/spec012/confirm-01-transitions/workload-0014-repeat-00.csv,f1b0bb2f7bd1f22d5e14b44ac237bdfce9b8dd091dc23f2dc387d7878485e6ef,fa16a5f25e5a94174b7c4c2ac2df4c55f67e868a5ba61668550dde7c22e97820,2,length-decrease-early,4097,5120,5120,published,-1,"{""alpha"": 0, ""hop"": 1024, ""n"": 2048, ""octave"": 0, ""rate"": 48000, ""window"": 8}",1023,21.3125,1023,21.3125
3aeff8d50243a034,m1-pro-16gb-local,5ce19582f12df7ac0e4004a46354796c5cfc32202514d0e7c6905d4f6ba695b5,pffft-scheduled-batch-float,float,spec012-confirm-01,0,interactive-v1,False,65536,48000,64,/Users/christiankauten/Documents/Projects/Rack/plugins/Fourier/.build/spec012/confirm-01-transitions/workload-0014-repeat-00.csv,f1b0bb2f7bd1f22d5e14b44ac237bdfce9b8dd091dc23f2dc387d7878485e6ef,fa16a5f25e5a94174b7c4c2ac2df4c55f67e868a5ba61668550dde7c22e97820,3,hop-increase-middle,6656,7168,7168,published,-1,"{""alpha"": 0, ""hop"": 2048, ""n"": 2048, ""octave"": 0, ""rate"": 48000, ""window"": 8}",512,10.666666666666666,512,10.666666666666666
3aeff8d50243a034,m1-pro-16gb-local,5ce19582f12df7ac0e4004a46354796c5cfc32202514d0e7c6905d4f6ba695b5,pffft-scheduled-batch-float,float,spec012-confirm-01,0,interactive-v1,False,65536,48000,64,/Users/christiankauten/Documents/Projects/Rack/plugins/Fourier/.build/spec012/confirm-01-transitions/workload-0014-repeat-00.csv,f1b0bb2f7bd1f22d5e14b44ac237bdfce9b8dd091dc23f2dc387d7878485e6ef,fa16a5f25e5a94174b7c4c2ac2df4c55f67e868a5ba61668550dde7c22e97820,4,window-late,11262,11264,11264,published,-1,"{""alpha"": 0, ""hop"": 2048, ""n"": 2048, ""octave"": 0, ""rate"": 48000, ""window"": 11}",2,0.041666666666666664,2,0.041666666666666664
3aeff8d50243a034,m1-pro-16gb-local,5ce19582f12df7ac0e4004a46354796c5cfc32202514d0e7c6905d4f6ba695b5,pffft-scheduled-batch-float,float,spec012-confirm-01,0,interactive-v1,False,65536,48000,64,/Users/christiankauten/Documents/Projects/Rack/plugins/Fourier/.build/spec012/confirm-01-transitions/workload-0014-repeat-00.csv,f1b0bb2f7bd1f22d5e14b44ac237bdfce9b8dd091dc23f2dc387d7878485e6ef,fa16a5f25e5a94174b7c4c2ac2df4c55f67e868a5ba61668550dde7c22e97820,5,smoothing-before-publication,13311,13312,13312,published,-1,"{""alpha"": 0.800000011920929, ""hop"": 2048, ""n"": 2048, ""octave"": 0.3333333432674408, ""rate"": 48000, ""window"": 11}",1,0.020833333333333332,1,0.020833333333333332
3aeff8d50243a034,m1-pro-16gb-local,5ce19582f12df7ac0e4004a46354796c5cfc32202514d0e7c6905d4f6ba695b5,pffft-scheduled-batch-float,float,spec012-confirm-01,0,interactive-v1,False,65536,48000,64,/Users/christiankauten/Documents/Projects/Rack/plugins/Fourier/.build/spec012/confirm-01-transitions/workload-0014-repeat-00.csv,f1b0bb2f7bd1f22d5e14b44ac237bdfce9b8dd091dc23f2dc387d7878485e6ef,fa16a5f25e5a94174b7c4c2ac2df4c55f67e868a5ba61668550dde7c22e97820,6,no-op-boundary,15360,15360,15360,published,-1,"{""alpha"": 0.800000011920929, ""hop"": 2048, ""n"": 2048, ""octave"": 0.3333333432674408, ""rate"": 48000, ""window"": 11}",0,0.0,0,0.0
3aeff8d50243a034,m1-pro-16gb-local,5ce19582f12df7ac0e4004a46354796c5cfc32202514d0e7c6905d4f6ba695b5,pffft-scheduled-batch-float,float,spec012-confirm-01,0,interactive-v1,False,65536,48000,64,/Users/christiankauten/Documents/Projects/Rack/plugins/Fourier/.build/spec012/confirm-01-transitions/workload-0014-repeat-00.csv,f1b0bb2f7bd1f22d5e14b44ac237bdfce9b8dd091dc23f2dc387d7878485e6ef,fa16a5f25e5a94174b7c4c2ac2df4c55f67e868a5ba61668550dde7c22e97820,7,replace-pending-first,17409,-1,-1,replaced,8,"{""alpha"": 0.800000011920929, ""hop"": 2048, ""n"": 2048, ""octave"": 0.3333333432674408, ""rate"": 48000, ""window"": 8}",,,,
3aeff8d50243a034,m1-pro-16gb-local,5ce19582f12df7ac0e4004a46354796c5cfc32202514d0e7c6905d4f6ba695b5,pffft-scheduled-batch-float,float,spec012-confirm-01,0,interactive-v1,False,65536,48000,64,/Users/christiankauten/Documents/Projects/Rack/plugins/Fourier/.build/spec012/confirm-01-transitions/workload-0014-repeat-00.csv,f1b0bb2f7bd1f22d5e14b44ac237bdfce9b8dd091dc23f2dc387d7878485e6ef,fa16a5f25e5a94174b7c4c2ac2df4c55f67e868a5ba61668550dde7c22e97820,8,replace-pending-last,17410,19456,19456,published,-1,"{""alpha"": 0, ""hop"": 2048, ""n"": 2048, ""octave"": 0.3333333432674408, ""rate"": 48000, ""window"": 8}",2046,42.625,2046,42.625
3aeff8d50243a034,m1-pro-16gb-local,5ce19582f12df7ac0e4004a46354796c5cfc32202514d0e7c6905d4f6ba695b5,pffft-scheduled-batch-float,float,spec012-confirm-01,0,interactive-v1,False,65536,48000,64,/Users/christiankauten/Documents/Projects/Rack/plugins/Fourier/.build/spec012/confirm-01-transitions/workload-0014-repeat-00.csv,f1b0bb2f7bd1f22d5e14b44ac237bdfce9b8dd091dc23f2dc387d7878485e6ef,fa16a5f25e5a94174b7c4c2ac2df4c55f67e868a5ba61668550dde7c22e97820,9,hop-decrease-boundary,21504,21504,21504,published,-1,"{""alpha"": 0, ""hop"": 512, ""n"": 2048, ""octave"": 0.3333333432674408, ""rate"": 48000, ""window"": 8}",0,0.0,0,0.0
3aeff8d50243a034,m1-pro-16gb-local,5ce19582f12df7ac0e4004a46354796c5cfc32202514d0e7c6905d4f6ba695b5,pffft-scheduled-batch-float,float,spec012-confirm-01,0,interactive-v1,False,65536,48000,64,/Users/christiankauten/Documents/Projects/Rack/plugins/Fourier/.build/spec012/confirm-01-transitions/workload-0014-repeat-00.csv,f1b0bb2f7bd1f22d5e14b44ac237bdfce9b8dd091dc23f2dc387d7878485e6ef,fa16a5f25e5a94174b7c4c2ac2df4c55f67e868a5ba61668550dde7c22e97820,10,smoothing-disable,23553,24064,24064,published,-1,"{""alpha"": 0, ""hop"": 512, ""n"": 2048, ""octave"": 0, ""rate"": 48000, ""window"": 8}",511,10.645833333333334,511,10.645833333333334
3aeff8d50243a034,m1-pro-16gb-local,5ce19582f12df7ac0e4004a46354796c5cfc32202514d0e7c6905d4f6ba695b5,pffft-scheduled-batch-float,float,spec012-confirm-01,0,interactive-v1,False,65536,48000,64,/Users/christiankauten/Documents/Projects/Rack/plugins/Fourier/.build/spec012/confirm-01-transitions/workload-0014-repeat-00.csv,f1b0bb2f7bd1f22d5e14b44ac237bdfce9b8dd091dc23f2dc387d7878485e6ef,fa16a5f25e5a94174b7c4c2ac2df4c55f67e868a5ba61668550dde7c22e97820,11,horizon-no-response,65535,-1,-1,pending-no-response,-1,"{""alpha"": 0, ""hop"": 512, ""n"": 2048, ""octave"": 0, ""rate"": 48000, ""window"": 0}",,,,
3aeff8d50243a034,m1-pro-16gb-local,5ce19582f12df7ac0e4004a46354796c5cfc32202514d0e7c6905d4f6ba695b5,pffft-scheduled-batch-float,float,spec012-confirm-01,1,interactive-v1,False,65536,48000,64,/Users/christiankauten/Documents/Projects/Rack/plugins/Fourier/.build/spec012/confirm-01-transitions/workload-0014-repeat-01.csv,4ab2e2f89c83eec722166c39906fb7c82f8c9221b2022009a838c16047c7d651,fa16a5f25e5a94174b7c4c2ac2df4c55f67e868a5ba61668550dde7c22e97820,1,length-increase-boundary,2048,2048,2048,published,-1,"{""alpha"": 0, ""hop"": 1024, ""n"": 16384, ""octave"": 0, ""rate"": 48000, ""window"": 8}",0,0.0,0,0.0
3aeff8d50243a034,m1-pro-16gb-local,5ce19582f12df7ac0e4004a46354796c5cfc32202514d0e7c6905d4f6ba695b5,pffft-scheduled-batch-float,float,spec012-confirm-01,1,interactive-v1,False,65536,48000,64,/Users/christiankauten/Documents/Projects/Rack/plugins/Fourier/.build/spec012/confirm-01-transitions/workload-0014-repeat-01.csv,4ab2e2f89c83eec722166c39906fb7c82f8c9221b2022009a838c16047c7d651,fa16a5f25e5a94174b7c4c2ac2df4c55f67e868a5ba61668550dde7c22e97820,2,length-decrease-early,4097,5120,5120,published,-1,"{""alpha"": 0, ""hop"": 1024, ""n"": 2048, ""octave"": 0, ""rate"": 48000, ""window"": 8}",1023,21.3125,1023,21.3125
3aeff8d50243a034,m1-pro-16gb-local,5ce19582f12df7ac0e4004a46354796c5cfc32202514d0e7c6905d4f6ba695b5,pffft-scheduled-batch-float,float,spec012-confirm-01,1,interactive-v1,False,65536,48000,64,/Users/christiankauten/Documents/Projects/Rack/plugins/Fourier/.build/spec012/confirm-01-transitions/workload-0014-repeat-01.csv,4ab2e2f89c83eec722166c39906fb7c82f8c9221b2022009a838c16047c7d651,fa16a5f25e5a94174b7c4c2ac2df4c55f67e868a5ba61668550dde7c22e97820,3,hop-increase-middle,6656,7168,7168,published,-1,"{""alpha"": 0, ""hop"": 2048, ""n"": 2048, ""octave"": 0, ""rate"": 48000, ""window"": 8}",512,10.666666666666666,512,10.666666666666666
3aeff8d50243a034,m1-pro-16gb-local,5ce19582f12df7ac0e4004a46354796c5cfc32202514d0e7c6905d4f6ba695b5,pffft-scheduled-batch-float,float,spec012-confirm-01,1,interactive-v1,False,65536,48000,64,/Users/christiankauten/Documents/Projects/Rack/plugins/Fourier/.build/spec012/confirm-01-transitions/workload-0014-repeat-01.csv,4ab2e2f89c83eec722166c39906fb7c82f8c9221b2022009a838c16047c7d651,fa16a5f25e5a94174b7c4c2ac2df4c55f67e868a5ba61668550dde7c22e97820,4,window-late,11262,11264,11264,published,-1,"{""alpha"": 0, ""hop"": 2048, ""n"": 2048, ""octave"": 0, ""rate"": 48000, ""window"": 11}",2,0.041666666666666664,2,0.041666666666666664
3aeff8d50243a034,m1-pro-16gb-local,5ce19582f12df7ac0e4004a46354796c5cfc32202514d0e7c6905d4f6ba695b5,pffft-scheduled-batch-float,float,spec012-confirm-01,1,interactive-v1,False,65536,48000,64,/Users/christiankauten/Documents/Projects/Rack/plugins/Fourier/.build/spec012/confirm-01-transitions/workload-0014-repeat-01.csv,4ab2e2f89c83eec722166c39906fb7c82f8c9221b2022009a838c16047c7d651,fa16a5f25e5a94174b7c4c2ac2df4c55f67e868a5ba61668550dde7c22e97820,5,smoothing-before-publication,13311,13312,13312,published,-1,"{""alpha"": 0.800000011920929, ""hop"": 2048, ""n"": 2048, ""octave"": 0.3333333432674408, ""rate"": 48000, ""window"": 11}",1,0.020833333333333332,1,0.020833333333333332
3aeff8d50243a034,m1-pro-16gb-local,5ce19582f12df7ac0e4004a46354796c5cfc32202514d0e7c6905d4f6ba695b5,pffft-scheduled-batch-float,float,spec012-confirm-01,1,interactive-v1,False,65536,48000,64,/Users/christiankauten/Documents/Projects/Rack/plugins/Fourier/.build/spec012/confirm-01-transitions/workload-0014-repeat-01.csv,4ab2e2f89c83eec722166c39906fb7c82f8c9221b2022009a838c16047c7d651,fa16a5f25e5a94174b7c4c2ac2df4c55f67e868a5ba61668550dde7c22e97820,6,no-op-boundary,15360,15360,15360,published,-1,"{""alpha"": 0.800000011920929, ""hop"": 2048, ""n"": 2048, ""octave"": 0.3333333432674408, ""rate"": 48000, ""window"": 11}",0,0.0,0,0.0
3aeff8d50243a034,m1-pro-16gb-local,5ce19582f12df7ac0e4004a46354796c5cfc32202514d0e7c6905d4f6ba695b5,pffft-scheduled-batch-float,float,spec012-confirm-01,1,interactive-v1,False,65536,48000,64,/Users/christiankauten/Documents/Projects/Rack/plugins/Fourier/.build/spec012/confirm-01-transitions/workload-0014-repeat-01.csv,4ab2e2f89c83eec722166c39906fb7c82f8c9221b2022009a838c16047c7d651,fa16a5f25e5a94174b7c4c2ac2df4c55f67e868a5ba61668550dde7c22e97820,7,replace-pending-first,17409,-1,-1,replaced,8,"{""alpha"": 0.800000011920929, ""hop"": 2048, ""n"": 2048, ""octave"": 0.3333333432674408, ""rate"": 48000, ""window"": 8}",,,,
3aeff8d50243a034,m1-pro-16gb-local,5ce19582f12df7ac0e4004a46354796c5cfc32202514d0e7c6905d4f6ba695b5,pffft-scheduled-batch-float,float,spec012-confirm-01,1,interactive-v1,False,65536,48000,64,/Users/christiankauten/Documents/Projects/Rack/plugins/Fourier/.build/spec012/confirm-01-transitions/workload-0014-repeat-01.csv,4ab2e2f89c83eec722166c39906fb7c82f8c9221b2022009a838c16047c7d651,fa16a5f25e5a94174b7c4c2ac2df4c55f67e868a5ba61668550dde7c22e97820,8,replace-pending-last,17410,19456,19456,published,-1,"{""alpha"": 0, ""hop"": 2048, ""n"": 2048, ""octave"": 0.3333333432674408, ""rate"": 48000, ""window"": 8}",2046,42.625,2046,42.625
3aeff8d50243a034,m1-pro-16gb-local,5ce19582f12df7ac0e4004a46354796c5cfc32202514d0e7c6905d4f6ba695b5,pffft-scheduled-batch-float,float,spec012-confirm-01,1,interactive-v1,False,65536,48000,64,/Users/christiankauten/Documents/Projects/Rack/plugins/Fourier/.build/spec012/confirm-01-transitions/workload-0014-repeat-01.csv,4ab2e2f89c83eec722166c39906fb7c82f8c9221b2022009a838c16047c7d651,fa16a5f25e5a94174b7c4c2ac2df4c55f67e868a5ba61668550dde7c22e97820,9,hop-decrease-boundary,21504,21504,21504,published,-1,"{""alpha"": 0, ""hop"": 512, ""n"": 2048, ""octave"": 0.3333333432674408, ""rate"": 48000, ""window"": 8}",0,0.0,0,0.0
3aeff8d50243a034,m1-pro-16gb-local,5ce19582f12df7ac0e4004a46354796c5cfc32202514d0e7c6905d4f6ba695b5,pffft-scheduled-batch-float,float,spec012-confirm-01,1,interactive-v1,False,65536,48000,64,/Users/christiankauten/Documents/Projects/Rack/plugins/Fourier/.build/spec012/confirm-01-transitions/workload-0014-repeat-01.csv,4ab2e2f89c83eec722166c39906fb7c82f8c9221b2022009a838c16047c7d651,fa16a5f25e5a94174b7c4c2ac2df4c55f67e868a5ba61668550dde7c22e97820,10,smoothing-disable,23553,24064,24064,published,-1,"{""alpha"": 0, ""hop"": 512, ""n"": 2048, ""octave"": 0, ""rate"": 48000, ""window"": 8}",511,10.645833333333334,511,10.645833333333334
3aeff8d50243a034,m1-pro-16gb-local,5ce19582f12df7ac0e4004a46354796c5cfc32202514d0e7c6905d4f6ba695b5,pffft-scheduled-batch-float,float,spec012-confirm-01,1,interactive-v1,False,65536,48000,64,/Users/christiankauten/Documents/Projects/Rack/plugins/Fourier/.build/spec012/confirm-01-transitions/workload-0014-repeat-01.csv,4ab2e2f89c83eec722166c39906fb7c82f8c9221b2022009a838c16047c7d651,fa16a5f25e5a94174b7c4c2ac2df4c55f67e868a5ba61668550dde7c22e97820,11,horizon-no-response,65535,-1,-1,pending-no-response,-1,"{""alpha"": 0, ""hop"": 512, ""n"": 2048, ""octave"": 0, ""rate"": 48000, ""window"": 0}",,,,
3aeff8d50243a034,m1-pro-16gb-local,5ce19582f12df7ac0e4004a46354796c5cfc32202514d0e7c6905d4f6ba695b5,pffft-scheduled-batch-float,float,spec012-confirm-01,2,interactive-v1,False,65536,48000,64,/Users/christiankauten/Documents/Projects/Rack/plugins/Fourier/.build/spec012/confirm-01-transitions/workload-0014-repeat-02.csv,4d98a3a230154d590dfb3a3c46012123832f2a08960e27882241f944b252e7fe,fa16a5f25e5a94174b7c4c2ac2df4c55f67e868a5ba61668550dde7c22e97820,1,length-increase-boundary,2048,2048,2048,published,-1,"{""alpha"": 0, ""hop"": 1024, ""n"": 16384, ""octave"": 0, ""rate"": 48000, ""window"": 8}",0,0.0,0,0.0
3aeff8d50243a034,m1-pro-16gb-local,5ce19582f12df7ac0e4004a46354796c5cfc32202514d0e7c6905d4f6ba695b5,pffft-scheduled-batch-float,float,spec012-confirm-01,2,interactive-v1,False,65536,48000,64,/Users/christiankauten/Documents/Projects/Rack/plugins/Fourier/.build/spec012/confirm-01-transitions/workload-0014-repeat-02.csv,4d98a3a230154d590dfb3a3c46012123832f2a08960e27882241f944b252e7fe,fa16a5f25e5a94174b7c4c2ac2df4c55f67e868a5ba61668550dde7c22e97820,2,length-decrease-early,4097,5120,5120,published,-1,"{""alpha"": 0, ""hop"": 1024, ""n"": 2048, ""octave"": 0, ""rate"": 48000, ""window"": 8}",1023,21.3125,1023,21.3125
3aeff8d50243a034,m1-pro-16gb-local,5ce19582f12df7ac0e4004a46354796c5cfc32202514d0e7c6905d4f6ba695b5,pffft-scheduled-batch-float,float,spec012-confirm-01,2,interactive-v1,False,65536,48000,64,/Users/christiankauten/Documents/Projects/Rack/plugins/Fourier/.build/spec012/confirm-01-transitions/workload-0014-repeat-02.csv,4d98a3a230154d590dfb3a3c46012123832f2a08960e27882241f944b252e7fe,fa16a5f25e5a94174b7c4c2ac2df4c55f67e868a5ba61668550dde7c22e97820,3,hop-increase-middle,6656,7168,7168,published,-1,"{""alpha"": 0, ""hop"": 2048, ""n"": 2048, ""octave"": 0, ""rate"": 48000, ""window"": 8}",512,10.666666666666666,512,10.666666666666666
3aeff8d50243a034,m1-pro-16gb-local,5ce19582f12df7ac0e4004a46354796c5cfc32202514d0e7c6905d4f6ba695b5,pffft-scheduled-batch-float,float,spec012-confirm-01,2,interactive-v1,False,65536,48000,64,/Users/christiankauten/Documents/Projects/Rack/plugins/Fourier/.build/spec012/confirm-01-transitions/workload-0014-repeat-02.csv,4d98a3a230154d590dfb3a3c46012123832f2a08960e27882241f944b252e7fe,fa16a5f25e5a94174b7c4c2ac2df4c55f67e868a5ba61668550dde7c22e97820,4,window-late,11262,11264,11264,published,-1,"{""alpha"": 0, ""hop"": 2048, ""n"": 2048, ""octave"": 0, ""rate"": 48000, ""window"": 11}",2,0.041666666666666664,2,0.041666666666666664
3aeff8d50243a034,m1-pro-16gb-local,5ce19582f12df7ac0e4004a46354796c5cfc32202514d0e7c6905d4f6ba695b5,pffft-scheduled-batch-float,float,spec012-confirm-01,2,interactive-v1,False,65536,48000,64,/Users/christiankauten/Documents/Projects/Rack/plugins/Fourier/.build/spec012/confirm-01-transitions/workload-0014-repeat-02.csv,4d98a3a230154d590dfb3a3c46012123832f2a08960e27882241f944b252e7fe,fa16a5f25e5a94174b7c4c2ac2df4c55f67e868a5ba61668550dde7c22e97820,5,smoothing-before-publication,13311,13312,13312,published,-1,"{""alpha"": 0.800000011920929, ""hop"": 2048, ""n"": 2048, ""octave"": 0.3333333432674408, ""rate"": 48000, ""window"": 11}",1,0.020833333333333332,1,0.020833333333333332
3aeff8d50243a034,m1-pro-16gb-local,5ce19582f12df7ac0e4004a46354796c5cfc32202514d0e7c6905d4f6ba695b5,pffft-scheduled-batch-float,float,spec012-confirm-01,2,interactive-v1,False,65536,48000,64,/Users/christiankauten/Documents/Projects/Rack/plugins/Fourier/.build/spec012/confirm-01-transitions/workload-0014-repeat-02.csv,4d98a3a230154d590dfb3a3c46012123832f2a08960e27882241f944b252e7fe,fa16a5f25e5a94174b7c4c2ac2df4c55f67e868a5ba61668550dde7c22e97820,6,no-op-boundary,15360,15360,15360,published,-1,"{""alpha"": 0.800000011920929, ""hop"": 2048, ""n"": 2048, ""octave"": 0.3333333432674408, ""rate"": 48000, ""window"": 11}",0,0.0,0,0.0
3aeff8d50243a034,m1-pro-16gb-local,5ce19582f12df7ac0e4004a46354796c5cfc32202514d0e7c6905d4f6ba695b5,pffft-scheduled-batch-float,float,spec012-confirm-01,2,interactive-v1,False,65536,48000,64,/Users/christiankauten/Documents/Projects/Rack/plugins/Fourier/.build/spec012/confirm-01-transitions/workload-0014-repeat-02.csv,4d98a3a230154d590dfb3a3c46012123832f2a08960e27882241f944b252e7fe,fa16a5f25e5a94174b7c4c2ac2df4c55f67e868a5ba61668550dde7c22e97820,7,replace-pending-first,17409,-1,-1,replaced,8,"{""alpha"": 0.800000011920929, ""hop"": 2048, ""n"": 2048, ""octave"": 0.3333333432674408, ""rate"": 48000, ""window"": 8}",,,,
3aeff8d50243a034,m1-pro-16gb-local,5ce19582f12df7ac0e4004a46354796c5cfc32202514d0e7c6905d4f6ba695b5,pffft-scheduled-batch-float,float,spec012-confirm-01,2,interactive-v1,False,65536,48000,64,/Users/christiankauten/Documents/Projects/Rack/plugins/Fourier/.build/spec012/confirm-01-transitions/workload-0014-repeat-02.csv,4d98a3a230154d590dfb3a3c46012123832f2a08960e27882241f944b252e7fe,fa16a5f25e5a94174b7c4c2ac2df4c55f67e868a5ba61668550dde7c22e97820,8,replace-pending-last,17410,19456,19456,published,-1,"{""alpha"": 0, ""hop"": 2048, ""n"": 2048, ""octave"": 0.3333333432674408, ""rate"": 48000, ""window"": 8}",2046,42.625,2046,42.625
3aeff8d50243a034,m1-pro-16gb-local,5ce19582f12df7ac0e4004a46354796c5cfc32202514d0e7c6905d4f6ba695b5,pffft-scheduled-batch-float,float,spec012-confirm-01,2,interactive-v1,False,65536,48000,64,/Users/christiankauten/Documents/Projects/Rack/plugins/Fourier/.build/spec012/confirm-01-transitions/workload-0014-repeat-02.csv,4d98a3a230154d590dfb3a3c46012123832f2a08960e27882241f944b252e7fe,fa16a5f25e5a94174b7c4c2ac2df4c55f67e868a5ba61668550dde7c22e97820,9,hop-decrease-boundary,21504,21504,21504,published,-1,"{""alpha"": 0, ""hop"": 512, ""n"": 2048, ""octave"": 0.3333333432674408, ""rate"": 48000, ""window"": 8}",0,0.0,0,0.0
3aeff8d50243a034,m1-pro-16gb-local,5ce19582f12df7ac0e4004a46354796c5cfc32202514d0e7c6905d4f6ba695b5,pffft-scheduled-batch-float,float,spec012-confirm-01,2,interactive-v1,False,65536,48000,64,/Users/christiankauten/Documents/Projects/Rack/plugins/Fourier/.build/spec012/confirm-01-transitions/workload-0014-repeat-02.csv,4d98a3a230154d590dfb3a3c46012123832f2a08960e27882241f944b252e7fe,fa16a5f25e5a94174b7c4c2ac2df4c55f67e868a5ba61668550dde7c22e97820,10,smoothing-disable,23553,24064,24064,published,-1,"{""alpha"": 0, ""hop"": 512, ""n"": 2048, ""octave"": 0, ""rate"": 48000, ""window"": 8}",511,10.645833333333334,511,10.645833333333334
3aeff8d50243a034,m1-pro-16gb-local,5ce19582f12df7ac0e4004a46354796c5cfc32202514d0e7c6905d4f6ba695b5,pffft-scheduled-batch-float,float,spec012-confirm-01,2,interactive-v1,False,65536,48000,64,/Users/christiankauten/Documents/Projects/Rack/plugins/Fourier/.build/spec012/confirm-01-transitions/workload-0014-repeat-02.csv,4d98a3a230154d590dfb3a3c46012123832f2a08960e27882241f944b252e7fe,fa16a5f25e5a94174b7c4c2ac2df4c55f67e868a5ba61668550dde7c22e97820,11,horizon-no-response,65535,-1,-1,pending-no-response,-1,"{""alpha"": 0, ""hop"": 512, ""n"": 2048, ""octave"": 0, ""rate"": 48000, ""window"": 0}",,,,
3aeff8d50243a034,m1-pro-16gb-local,5ce19582f12df7ac0e4004a46354796c5cfc32202514d0e7c6905d4f6ba695b5,pffft-scheduled-batch-float,float,spec012-confirm-02,0,interactive-v1,False,65536,48000,64,/Users/christiankauten/Documents/Projects/Rack/plugins/Fourier/.build/spec012/confirm-02-transitions/workload-0014-repeat-00.csv,92083ab3081da335bf5da016a06700d918df6d90c01b500edcee174f97e4328f,fa16a5f25e5a94174b7c4c2ac2df4c55f67e868a5ba61668550dde7c22e97820,1,length-increase-boundary,2048,2048,2048,published,-1,"{""alpha"": 0, ""hop"": 1024, ""n"": 16384, ""octave"": 0, ""rate"": 48000, ""window"": 8}",0,0.0,0,0.0
3aeff8d50243a034,m1-pro-16gb-local,5ce19582f12df7ac0e4004a46354796c5cfc32202514d0e7c6905d4f6ba695b5,pffft-scheduled-batch-float,float,spec012-confirm-02,0,interactive-v1,False,65536,48000,64,/Users/christiankauten/Documents/Projects/Rack/plugins/Fourier/.build/spec012/confirm-02-transitions/workload-0014-repeat-00.csv,92083ab3081da335bf5da016a06700d918df6d90c01b500edcee174f97e4328f,fa16a5f25e5a94174b7c4c2ac2df4c55f67e868a5ba61668550dde7c22e97820,2,length-decrease-early,4097,5120,5120,published,-1,"{""alpha"": 0, ""hop"": 1024, ""n"": 2048, ""octave"": 0, ""rate"": 48000, ""window"": 8}",1023,21.3125,1023,21.3125
3aeff8d50243a034,m1-pro-16gb-local,5ce19582f12df7ac0e4004a46354796c5cfc32202514d0e7c6905d4f6ba695b5,pffft-scheduled-batch-float,float,spec012-confirm-02,0,interactive-v1,False,65536,48000,64,/Users/christiankauten/Documents/Projects/Rack/plugins/Fourier/.build/spec012/confirm-02-transitions/workload-0014-repeat-00.csv,92083ab3081da335bf5da016a06700d918df6d90c01b500edcee174f97e4328f,fa16a5f25e5a94174b7c4c2ac2df4c55f67e868a5ba61668550dde7c22e97820,3,hop-increase-middle,6656,7168,7168,published,-1,"{""alpha"": 0, ""hop"": 2048, ""n"": 2048, ""octave"": 0, ""rate"": 48000, ""window"": 8}",512,10.666666666666666,512,10.666666666666666
3aeff8d50243a034,m1-pro-16gb-local,5ce19582f12df7ac0e4004a46354796c5cfc32202514d0e7c6905d4f6ba695b5,pffft-scheduled-batch-float,float,spec012-confirm-02,0,interactive-v1,False,65536,48000,64,/Users/christiankauten/Documents/Projects/Rack/plugins/Fourier/.build/spec012/confirm-02-transitions/workload-0014-repeat-00.csv,92083ab3081da335bf5da016a06700d918df6d90c01b500edcee174f97e4328f,fa16a5f25e5a94174b7c4c2ac2df4c55f67e868a5ba61668550dde7c22e97820,4,window-late,11262,11264,11264,published,-1,"{""alpha"": 0, ""hop"": 2048, ""n"": 2048, ""octave"": 0, ""rate"": 48000, ""window"": 11}",2,0.041666666666666664,2,0.041666666666666664
3aeff8d50243a034,m1-pro-16gb-local,5ce19582f12df7ac0e4004a46354796c5cfc32202514d0e7c6905d4f6ba695b5,pffft-scheduled-batch-float,float,spec012-confirm-02,0,interactive-v1,False,65536,48000,64,/Users/christiankauten/Documents/Projects/Rack/plugins/Fourier/.build/spec012/confirm-02-transitions/workload-0014-repeat-00.csv,92083ab3081da335bf5da016a06700d918df6d90c01b500edcee174f97e4328f,fa16a5f25e5a94174b7c4c2ac2df4c55f67e868a5ba61668550dde7c22e97820,5,smoothing-before-publication,13311,13312,13312,published,-1,"{""alpha"": 0.800000011920929, ""hop"": 2048, ""n"": 2048, ""octave"": 0.3333333432674408, ""rate"": 48000, ""window"": 11}",1,0.020833333333333332,1,0.020833333333333332
3aeff8d50243a034,m1-pro-16gb-local,5ce19582f12df7ac0e4004a46354796c5cfc32202514d0e7c6905d4f6ba695b5,pffft-scheduled-batch-float,float,spec012-confirm-02,0,interactive-v1,False,65536,48000,64,/Users/christiankauten/Documents/Projects/Rack/plugins/Fourier/.build/spec012/confirm-02-transitions/workload-0014-repeat-00.csv,92083ab3081da335bf5da016a06700d918df6d90c01b500edcee174f97e4328f,fa16a5f25e5a94174b7c4c2ac2df4c55f67e868a5ba61668550dde7c22e97820,6,no-op-boundary,15360,15360,15360,published,-1,"{""alpha"": 0.800000011920929, ""hop"": 2048, ""n"": 2048, ""octave"": 0.3333333432674408, ""rate"": 48000, ""window"": 11}",0,0.0,0,0.0
3aeff8d50243a034,m1-pro-16gb-local,5ce19582f12df7ac0e4004a46354796c5cfc32202514d0e7c6905d4f6ba695b5,pffft-scheduled-batch-float,float,spec012-confirm-02,0,interactive-v1,False,65536,48000,64,/Users/christiankauten/Documents/Projects/Rack/plugins/Fourier/.build/spec012/confirm-02-transitions/workload-0014-repeat-00.csv,92083ab3081da335bf5da016a06700d918df6d90c01b500edcee174f97e4328f,fa16a5f25e5a94174b7c4c2ac2df4c55f67e868a5ba61668550dde7c22e97820,7,replace-pending-first,17409,-1,-1,replaced,8,"{""alpha"": 0.800000011920929, ""hop"": 2048, ""n"": 2048, ""octave"": 0.3333333432674408, ""rate"": 48000, ""window"": 8}",,,,
3aeff8d50243a034,m1-pro-16gb-local,5ce19582f12df7ac0e4004a46354796c5cfc32202514d0e7c6905d4f6ba695b5,pffft-scheduled-batch-float,float,spec012-confirm-02,0,interactive-v1,False,65536,48000,64,/Users/christiankauten/Documents/Projects/Rack/plugins/Fourier/.build/spec012/confirm-02-transitions/workload-0014-repeat-00.csv,92083ab3081da335bf5da016a06700d918df6d90c01b500edcee174f97e4328f,fa16a5f25e5a94174b7c4c2ac2df4c55f67e868a5ba61668550dde7c22e97820,8,replace-pending-last,17410,19456,19456,published,-1,"{""alpha"": 0, ""hop"": 2048, ""n"": 2048, ""octave"": 0.3333333432674408, ""rate"": 48000, ""window"": 8}",2046,42.625,2046,42.625
3aeff8d50243a034,m1-pro-16gb-local,5ce19582f12df7ac0e4004a46354796c5cfc32202514d0e7c6905d4f6ba695b5,pffft-scheduled-batch-float,float,spec012-confirm-02,0,interactive-v1,False,65536,48000,64,/Users/christiankauten/Documents/Projects/Rack/plugins/Fourier/.build/spec012/confirm-02-transitions/workload-0014-repeat-00.csv,92083ab3081da335bf5da016a06700d918df6d90c01b500edcee174f97e4328f,fa16a5f25e5a94174b7c4c2ac2df4c55f67e868a5ba61668550dde7c22e97820,9,hop-decrease-boundary,21504,21504,21504,published,-1,"{""alpha"": 0, ""hop"": 512, ""n"": 2048, ""octave"": 0.3333333432674408, ""rate"": 48000, ""window"": 8}",0,0.0,0,0.0
3aeff8d50243a034,m1-pro-16gb-local,5ce19582f12df7ac0e4004a46354796c5cfc32202514d0e7c6905d4f6ba695b5,pffft-scheduled-batch-float,float,spec012-confirm-02,0,interactive-v1,False,65536,48000,64,/Users/christiankauten/Documents/Projects/Rack/plugins/Fourier/.build/spec012/confirm-02-transitions/workload-0014-repeat-00.csv,92083ab3081da335bf5da016a06700d918df6d90c01b500edcee174f97e4328f,fa16a5f25e5a94174b7c4c2ac2df4c55f67e868a5ba61668550dde7c22e97820,10,smoothing-disable,23553,24064,24064,published,-1,"{""alpha"": 0, ""hop"": 512, ""n"": 2048, ""octave"": 0, ""rate"": 48000, ""window"": 8}",511,10.645833333333334,511,10.645833333333334
3aeff8d50243a034,m1-pro-16gb-local,5ce19582f12df7ac0e4004a46354796c5cfc32202514d0e7c6905d4f6ba695b5,pffft-scheduled-batch-float,float,spec012-confirm-02,0,interactive-v1,False,65536,48000,64,/Users/christiankauten/Documents/Projects/Rack/plugins/Fourier/.build/spec012/confirm-02-transitions/workload-0014-repeat-00.csv,92083ab3081da335bf5da016a06700d918df6d90c01b500edcee174f97e4328f,fa16a5f25e5a94174b7c4c2ac2df4c55f67e868a5ba61668550dde7c22e97820,11,horizon-no-response,65535,-1,-1,pending-no-response,-1,"{""alpha"": 0, ""hop"": 512, ""n"": 2048, ""octave"": 0, ""rate"": 48000, ""window"": 0}",,,,
3aeff8d50243a034,m1-pro-16gb-local,5ce19582f12df7ac0e4004a46354796c5cfc32202514d0e7c6905d4f6ba695b5,pffft-scheduled-batch-float,float,spec012-confirm-02,1,interactive-v1,False,65536,48000,64,/Users/christiankauten/Documents/Projects/Rack/plugins/Fourier/.build/spec012/confirm-02-transitions/workload-0014-repeat-01.csv,cdafa6eb0f50098a81e118e2aef7d32a1adba4f4e5a81e47dc5a484ff086ea6a,fa16a5f25e5a94174b7c4c2ac2df4c55f67e868a5ba61668550dde7c22e97820,1,length-increase-boundary,2048,2048,2048,published,-1,"{""alpha"": 0, ""hop"": 1024, ""n"": 16384, ""octave"": 0, ""rate"": 48000, ""window"": 8}",0,0.0,0,0.0
3aeff8d50243a034,m1-pro-16gb-local,5ce19582f12df7ac0e4004a46354796c5cfc32202514d0e7c6905d4f6ba695b5,pffft-scheduled-batch-float,float,spec012-confirm-02,1,interactive-v1,False,65536,48000,64,/Users/christiankauten/Documents/Projects/Rack/plugins/Fourier/.build/spec012/confirm-02-transitions/workload-0014-repeat-01.csv,cdafa6eb0f50098a81e118e2aef7d32a1adba4f4e5a81e47dc5a484ff086ea6a,fa16a5f25e5a94174b7c4c2ac2df4c55f67e868a5ba61668550dde7c22e97820,2,length-decrease-early,4097,5120,5120,published,-1,"{""alpha"": 0, ""hop"": 1024, ""n"": 2048, ""octave"": 0, ""rate"": 48000, ""window"": 8}",1023,21.3125,1023,21.3125
3aeff8d50243a034,m1-pro-16gb-local,5ce19582f12df7ac0e4004a46354796c5cfc32202514d0e7c6905d4f6ba695b5,pffft-scheduled-batch-float,float,spec012-confirm-02,1,interactive-v1,False,65536,48000,64,/Users/christiankauten/Documents/Projects/Rack/plugins/Fourier/.build/spec012/confirm-02-transitions/workload-0014-repeat-01.csv,cdafa6eb0f50098a81e118e2aef7d32a1adba4f4e5a81e47dc5a484ff086ea6a,fa16a5f25e5a94174b7c4c2ac2df4c55f67e868a5ba61668550dde7c22e97820,3,hop-increase-middle,6656,7168,7168,published,-1,"{""alpha"": 0, ""hop"": 2048, ""n"": 2048, ""octave"": 0, ""rate"": 48000, ""window"": 8}",512,10.666666666666666,512,10.666666666666666
3aeff8d50243a034,m1-pro-16gb-local,5ce19582f12df7ac0e4004a46354796c5cfc32202514d0e7c6905d4f6ba695b5,pffft-scheduled-batch-float,float,spec012-confirm-02,1,interactive-v1,False,65536,48000,64,/Users/christiankauten/Documents/Projects/Rack/plugins/Fourier/.build/spec012/confirm-02-transitions/workload-0014-repeat-01.csv,cdafa6eb0f50098a81e118e2aef7d32a1adba4f4e5a81e47dc5a484ff086ea6a,fa16a5f25e5a94174b7c4c2ac2df4c55f67e868a5ba61668550dde7c22e97820,4,window-late,11262,11264,11264,published,-1,"{""alpha"": 0, ""hop"": 2048, ""n"": 2048, ""octave"": 0, ""rate"": 48000, ""window"": 11}",2,0.041666666666666664,2,0.041666666666666664
3aeff8d50243a034,m1-pro-16gb-local,5ce19582f12df7ac0e4004a46354796c5cfc32202514d0e7c6905d4f6ba695b5,pffft-scheduled-batch-float,float,spec012-confirm-02,1,interactive-v1,False,65536,48000,64,/Users/christiankauten/Documents/Projects/Rack/plugins/Fourier/.build/spec012/confirm-02-transitions/workload-0014-repeat-01.csv,cdafa6eb0f50098a81e118e2aef7d32a1adba4f4e5a81e47dc5a484ff086ea6a,fa16a5f25e5a94174b7c4c2ac2df4c55f67e868a5ba61668550dde7c22e97820,5,smoothing-before-publication,13311,13312,13312,published,-1,"{""alpha"": 0.800000011920929, ""hop"": 2048, ""n"": 2048, ""octave"": 0.3333333432674408, ""rate"": 48000, ""window"": 11}",1,0.020833333333333332,1,0.020833333333333332
3aeff8d50243a034,m1-pro-16gb-local,5ce19582f12df7ac0e4004a46354796c5cfc32202514d0e7c6905d4f6ba695b5,pffft-scheduled-batch-float,float,spec012-confirm-02,1,interactive-v1,False,65536,48000,64,/Users/christiankauten/Documents/Projects/Rack/plugins/Fourier/.build/spec012/confirm-02-transitions/workload-0014-repeat-01.csv,cdafa6eb0f50098a81e118e2aef7d32a1adba4f4e5a81e47dc5a484ff086ea6a,fa16a5f25e5a94174b7c4c2ac2df4c55f67e868a5ba61668550dde7c22e97820,6,no-op-boundary,15360,15360,15360,published,-1,"{""alpha"": 0.800000011920929, ""hop"": 2048, ""n"": 2048, ""octave"": 0.3333333432674408, ""rate"": 48000, ""window"": 11}",0,0.0,0,0.0
3aeff8d50243a034,m1-pro-16gb-local,5ce19582f12df7ac0e4004a46354796c5cfc32202514d0e7c6905d4f6ba695b5,pffft-scheduled-batch-float,float,spec012-confirm-02,1,interactive-v1,False,65536,48000,64,/Users/christiankauten/Documents/Projects/Rack/plugins/Fourier/.build/spec012/confirm-02-transitions/workload-0014-repeat-01.csv,cdafa6eb0f50098a81e118e2aef7d32a1adba4f4e5a81e47dc5a484ff086ea6a,fa16a5f25e5a94174b7c4c2ac2df4c55f67e868a5ba61668550dde7c22e97820,7,replace-pending-first,17409,-1,-1,replaced,8,"{""alpha"": 0.800000011920929, ""hop"": 2048, ""n"": 2048, ""octave"": 0.3333333432674408, ""rate"": 48000, ""window"": 8}",,,,
3aeff8d50243a034,m1-pro-16gb-local,5ce19582f12df7ac0e4004a46354796c5cfc32202514d0e7c6905d4f6ba695b5,pffft-scheduled-batch-float,float,spec012-confirm-02,1,interactive-v1,False,65536,48000,64,/Users/christiankauten/Documents/Projects/Rack/plugins/Fourier/.build/spec012/confirm-02-transitions/workload-0014-repeat-01.csv,cdafa6eb0f50098a81e118e2aef7d32a1adba4f4e5a81e47dc5a484ff086ea6a,fa16a5f25e5a94174b7c4c2ac2df4c55f67e868a5ba61668550dde7c22e97820,8,replace-pending-last,17410,19456,19456,published,-1,"{""alpha"": 0, ""hop"": 2048, ""n"": 2048, ""octave"": 0.3333333432674408, ""rate"": 48000, ""window"": 8}",2046,42.625,2046,42.625
3aeff8d50243a034,m1-pro-16gb-local,5ce19582f12df7ac0e4004a46354796c5cfc32202514d0e7c6905d4f6ba695b5,pffft-scheduled-batch-float,float,spec012-confirm-02,1,interactive-v1,False,65536,48000,64,/Users/christiankauten/Documents/Projects/Rack/plugins/Fourier/.build/spec012/confirm-02-transitions/workload-0014-repeat-01.csv,cdafa6eb0f50098a81e118e2aef7d32a1adba4f4e5a81e47dc5a484ff086ea6a,fa16a5f25e5a94174b7c4c2ac2df4c55f67e868a5ba61668550dde7c22e97820,9,hop-decrease-boundary,21504,21504,21504,published,-1,"{""alpha"": 0, ""hop"": 512, ""n"": 2048, ""octave"": 0.3333333432674408, ""rate"": 48000, ""window"": 8}",0,0.0,0,0.0
3aeff8d50243a034,m1-pro-16gb-local,5ce19582f12df7ac0e4004a46354796c5cfc32202514d0e7c6905d4f6ba695b5,pffft-scheduled-batch-float,float,spec012-confirm-02,1,interactive-v1,False,65536,48000,64,/Users/christiankauten/Documents/Projects/Rack/plugins/Fourier/.build/spec012/confirm-02-transitions/workload-0014-repeat-01.csv,cdafa6eb0f50098a81e118e2aef7d32a1adba4f4e5a81e47dc5a484ff086ea6a,fa16a5f25e5a94174b7c4c2ac2df4c55f67e868a5ba61668550dde7c22e97820,10,smoothing-disable,23553,24064,24064,published,-1,"{""alpha"": 0, ""hop"": 512, ""n"": 2048, ""octave"": 0, ""rate"": 48000, ""window"": 8}",511,10.645833333333334,511,10.645833333333334
3aeff8d50243a034,m1-pro-16gb-local,5ce19582f12df7ac0e4004a46354796c5cfc32202514d0e7c6905d4f6ba695b5,pffft-scheduled-batch-float,float,spec012-confirm-02,1,interactive-v1,False,65536,48000,64,/Users/christiankauten/Documents/Projects/Rack/plugins/Fourier/.build/spec012/confirm-02-transitions/workload-0014-repeat-01.csv,cdafa6eb0f50098a81e118e2aef7d32a1adba4f4e5a81e47dc5a484ff086ea6a,fa16a5f25e5a94174b7c4c2ac2df4c55f67e868a5ba61668550dde7c22e97820,11,horizon-no-response,65535,-1,-1,pending-no-response,-1,"{""alpha"": 0, ""hop"": 512, ""n"": 2048, ""octave"": 0, ""rate"": 48000, ""window"": 0}",,,,
3aeff8d50243a034,m1-pro-16gb-local,5ce19582f12df7ac0e4004a46354796c5cfc32202514d0e7c6905d4f6ba695b5,pffft-scheduled-batch-float,float,spec012-confirm-02,2,interactive-v1,False,65536,48000,64,/Users/christiankauten/Documents/Projects/Rack/plugins/Fourier/.build/spec012/confirm-02-transitions/workload-0014-repeat-02.csv,d391d46b2a99c4bfc4128d5748c825313290af6408b5c143cc121ba8f68fb8fd,fa16a5f25e5a94174b7c4c2ac2df4c55f67e868a5ba61668550dde7c22e97820,1,length-increase-boundary,2048,2048,2048,published,-1,"{""alpha"": 0, ""hop"": 1024, ""n"": 16384, ""octave"": 0, ""rate"": 48000, ""window"": 8}",0,0.0,0,0.0
3aeff8d50243a034,m1-pro-16gb-local,5ce19582f12df7ac0e4004a46354796c5cfc32202514d0e7c6905d4f6ba695b5,pffft-scheduled-batch-float,float,spec012-confirm-02,2,interactive-v1,False,65536,48000,64,/Users/christiankauten/Documents/Projects/Rack/plugins/Fourier/.build/spec012/confirm-02-transitions/workload-0014-repeat-02.csv,d391d46b2a99c4bfc4128d5748c825313290af6408b5c143cc121ba8f68fb8fd,fa16a5f25e5a94174b7c4c2ac2df4c55f67e868a5ba61668550dde7c22e97820,2,length-decrease-early,4097,5120,5120,published,-1,"{""alpha"": 0, ""hop"": 1024, ""n"": 2048, ""octave"": 0, ""rate"": 48000, ""window"": 8}",1023,21.3125,1023,21.3125
3aeff8d50243a034,m1-pro-16gb-local,5ce19582f12df7ac0e4004a46354796c5cfc32202514d0e7c6905d4f6ba695b5,pffft-scheduled-batch-float,float,spec012-confirm-02,2,interactive-v1,False,65536,48000,64,/Users/christiankauten/Documents/Projects/Rack/plugins/Fourier/.build/spec012/confirm-02-transitions/workload-0014-repeat-02.csv,d391d46b2a99c4bfc4128d5748c825313290af6408b5c143cc121ba8f68fb8fd,fa16a5f25e5a94174b7c4c2ac2df4c55f67e868a5ba61668550dde7c22e97820,3,hop-increase-middle,6656,7168,7168,published,-1,"{""alpha"": 0, ""hop"": 2048, ""n"": 2048, ""octave"": 0, ""rate"": 48000, ""window"": 8}",512,10.666666666666666,512,10.666666666666666
3aeff8d50243a034,m1-pro-16gb-local,5ce19582f12df7ac0e4004a46354796c5cfc32202514d0e7c6905d4f6ba695b5,pffft-scheduled-batch-float,float,spec012-confirm-02,2,interactive-v1,False,65536,48000,64,/Users/christiankauten/Documents/Projects/Rack/plugins/Fourier/.build/spec012/confirm-02-transitions/workload-0014-repeat-02.csv,d391d46b2a99c4bfc4128d5748c825313290af6408b5c143cc121ba8f68fb8fd,fa16a5f25e5a94174b7c4c2ac2df4c55f67e868a5ba61668550dde7c22e97820,4,window-late,11262,11264,11264,published,-1,"{""alpha"": 0, ""hop"": 2048, ""n"": 2048, ""octave"": 0, ""rate"": 48000, ""window"": 11}",2,0.041666666666666664,2,0.041666666666666664
3aeff8d50243a034,m1-pro-16gb-local,5ce19582f12df7ac0e4004a46354796c5cfc32202514d0e7c6905d4f6ba695b5,pffft-scheduled-batch-float,float,spec012-confirm-02,2,interactive-v1,False,65536,48000,64,/Users/christiankauten/Documents/Projects/Rack/plugins/Fourier/.build/spec012/confirm-02-transitions/workload-0014-repeat-02.csv,d391d46b2a99c4bfc4128d5748c825313290af6408b5c143cc121ba8f68fb8fd,fa16a5f25e5a94174b7c4c2ac2df4c55f67e868a5ba61668550dde7c22e97820,5,smoothing-before-publication,13311,13312,13312,published,-1,"{""alpha"": 0.800000011920929, ""hop"": 2048, ""n"": 2048, ""octave"": 0.3333333432674408, ""rate"": 48000, ""window"": 11}",1,0.020833333333333332,1,0.020833333333333332
3aeff8d50243a034,m1-pro-16gb-local,5ce19582f12df7ac0e4004a46354796c5cfc32202514d0e7c6905d4f6ba695b5,pffft-scheduled-batch-float,float,spec012-confirm-02,2,interactive-v1,False,65536,48000,64,/Users/christiankauten/Documents/Projects/Rack/plugins/Fourier/.build/spec012/confirm-02-transitions/workload-0014-repeat-02.csv,d391d46b2a99c4bfc4128d5748c825313290af6408b5c143cc121ba8f68fb8fd,fa16a5f25e5a94174b7c4c2ac2df4c55f67e868a5ba61668550dde7c22e97820,6,no-op-boundary,15360,15360,15360,published,-1,"{""alpha"": 0.800000011920929, ""hop"": 2048, ""n"": 2048, ""octave"": 0.3333333432674408, ""rate"": 48000, ""window"": 11}",0,0.0,0,0.0
3aeff8d50243a034,m1-pro-16gb-local,5ce19582f12df7ac0e4004a46354796c5cfc32202514d0e7c6905d4f6ba695b5,pffft-scheduled-batch-float,float,spec012-confirm-02,2,interactive-v1,False,65536,48000,64,/Users/christiankauten/Documents/Projects/Rack/plugins/Fourier/.build/spec012/confirm-02-transitions/workload-0014-repeat-02.csv,d391d46b2a99c4bfc4128d5748c825313290af6408b5c143cc121ba8f68fb8fd,fa16a5f25e5a94174b7c4c2ac2df4c55f67e868a5ba61668550dde7c22e97820,7,replace-pending-first,17409,-1,-1,replaced,8,"{""alpha"": 0.800000011920929, ""hop"": 2048, ""n"": 2048, ""octave"": 0.3333333432674408, ""rate"": 48000, ""window"": 8}",,,,
3aeff8d50243a034,m1-pro-16gb-local,5ce19582f12df7ac0e4004a46354796c5cfc32202514d0e7c6905d4f6ba695b5,pffft-scheduled-batch-float,float,spec012-confirm-02,2,interactive-v1,False,65536,48000,64,/Users/christiankauten/Documents/Projects/Rack/plugins/Fourier/.build/spec012/confirm-02-transitions/workload-0014-repeat-02.csv,d391d46b2a99c4bfc4128d5748c825313290af6408b5c143cc121ba8f68fb8fd,fa16a5f25e5a94174b7c4c2ac2df4c55f67e868a5ba61668550dde7c22e97820,8,replace-pending-last,17410,19456,19456,published,-1,"{""alpha"": 0, ""hop"": 2048, ""n"": 2048, ""octave"": 0.3333333432674408, ""rate"": 48000, ""window"": 8}",2046,42.625,2046,42.625
3aeff8d50243a034,m1-pro-16gb-local,5ce19582f12df7ac0e4004a46354796c5cfc32202514d0e7c6905d4f6ba695b5,pffft-scheduled-batch-float,float,spec012-confirm-02,2,interactive-v1,False,65536,48000,64,/Users/christiankauten/Documents/Projects/Rack/plugins/Fourier/.build/spec012/confirm-02-transitions/workload-0014-repeat-02.csv,d391d46b2a99c4bfc4128d5748c825313290af6408b5c143cc121ba8f68fb8fd,fa16a5f25e5a94174b7c4c2ac2df4c55f67e868a5ba61668550dde7c22e97820,9,hop-decrease-boundary,21504,21504,21504,published,-1,"{""alpha"": 0, ""hop"": 512, ""n"": 2048, ""octave"": 0.3333333432674408, ""rate"": 48000, ""window"": 8}",0,0.0,0,0.0
3aeff8d50243a034,m1-pro-16gb-local,5ce19582f12df7ac0e4004a46354796c5cfc32202514d0e7c6905d4f6ba695b5,pffft-scheduled-batch-float,float,spec012-confirm-02,2,interactive-v1,False,65536,48000,64,/Users/christiankauten/Documents/Projects/Rack/plugins/Fourier/.build/spec012/confirm-02-transitions/workload-0014-repeat-02.csv,d391d46b2a99c4bfc4128d5748c825313290af6408b5c143cc121ba8f68fb8fd,fa16a5f25e5a94174b7c4c2ac2df4c55f67e868a5ba61668550dde7c22e97820,10,smoothing-disable,23553,24064,24064,published,-1,"{""alpha"": 0, ""hop"": 512, ""n"": 2048, ""octave"": 0, ""rate"": 48000, ""window"": 8}",511,10.645833333333334,511,10.645833333333334
3aeff8d50243a034,m1-pro-16gb-local,5ce19582f12df7ac0e4004a46354796c5cfc32202514d0e7c6905d4f6ba695b5,pffft-scheduled-batch-float,float,spec012-confirm-02,2,interactive-v1,False,65536,48000,64,/Users/christiankauten/Documents/Projects/Rack/plugins/Fourier/.build/spec012/confirm-02-transitions/workload-0014-repeat-02.csv,d391d46b2a99c4bfc4128d5748c825313290af6408b5c143cc121ba8f68fb8fd,fa16a5f25e5a94174b7c4c2ac2df4c55f67e868a5ba61668550dde7c22e97820,11,horizon-no-response,65535,-1,-1,pending-no-response,-1,"{""alpha"": 0, ""hop"": 512, ""n"": 2048, ""octave"": 0, ""rate"": 48000, ""window"": 0}",,,,
3aeff8d50243a034,m1-pro-16gb-local,5ce19582f12df7ac0e4004a46354796c5cfc32202514d0e7c6905d4f6ba695b5,pffft-scheduled-batch-float,float,spec012-confirm-03,0,interactive-v1,False,65536,48000,64,/Users/christiankauten/Documents/Projects/Rack/plugins/Fourier/.build/spec012/confirm-03-transitions/workload-0014-repeat-00.csv,b4b238ec5e03b493b34cec7bf11ba0038f1793c95b071eb27e6fd1d1fb5a0b35,fa16a5f25e5a94174b7c4c2ac2df4c55f67e868a5ba61668550dde7c22e97820,1,length-increase-boundary,2048,2048,2048,published,-1,"{""alpha"": 0, ""hop"": 1024, ""n"": 16384, ""octave"": 0, ""rate"": 48000, ""window"": 8}",0,0.0,0,0.0
3aeff8d50243a034,m1-pro-16gb-local,5ce19582f12df7ac0e4004a46354796c5cfc32202514d0e7c6905d4f6ba695b5,pffft-scheduled-batch-float,float,spec012-confirm-03,0,interactive-v1,False,65536,48000,64,/Users/christiankauten/Documents/Projects/Rack/plugins/Fourier/.build/spec012/confirm-03-transitions/workload-0014-repeat-00.csv,b4b238ec5e03b493b34cec7bf11ba0038f1793c95b071eb27e6fd1d1fb5a0b35,fa16a5f25e5a94174b7c4c2ac2df4c55f67e868a5ba61668550dde7c22e97820,2,length-decrease-early,4097,5120,5120,published,-1,"{""alpha"": 0, ""hop"": 1024, ""n"": 2048, ""octave"": 0, ""rate"": 48000, ""window"": 8}",1023,21.3125,1023,21.3125
3aeff8d50243a034,m1-pro-16gb-local,5ce19582f12df7ac0e4004a46354796c5cfc32202514d0e7c6905d4f6ba695b5,pffft-scheduled-batch-float,float,spec012-confirm-03,0,interactive-v1,False,65536,48000,64,/Users/christiankauten/Documents/Projects/Rack/plugins/Fourier/.build/spec012/confirm-03-transitions/workload-0014-repeat-00.csv,b4b238ec5e03b493b34cec7bf11ba0038f1793c95b071eb27e6fd1d1fb5a0b35,fa16a5f25e5a94174b7c4c2ac2df4c55f67e868a5ba61668550dde7c22e97820,3,hop-increase-middle,6656,7168,7168,published,-1,"{""alpha"": 0, ""hop"": 2048, ""n"": 2048, ""octave"": 0, ""rate"": 48000, ""window"": 8}",512,10.666666666666666,512,10.666666666666666
3aeff8d50243a034,m1-pro-16gb-local,5ce19582f12df7ac0e4004a46354796c5cfc32202514d0e7c6905d4f6ba695b5,pffft-scheduled-batch-float,float,spec012-confirm-03,0,interactive-v1,False,65536,48000,64,/Users/christiankauten/Documents/Projects/Rack/plugins/Fourier/.build/spec012/confirm-03-transitions/workload-0014-repeat-00.csv,b4b238ec5e03b493b34cec7bf11ba0038f1793c95b071eb27e6fd1d1fb5a0b35,fa16a5f25e5a94174b7c4c2ac2df4c55f67e868a5ba61668550dde7c22e97820,4,window-late,11262,11264,11264,published,-1,"{""alpha"": 0, ""hop"": 2048, ""n"": 2048, ""octave"": 0, ""rate"": 48000, ""window"": 11}",2,0.041666666666666664,2,0.041666666666666664
3aeff8d50243a034,m1-pro-16gb-local,5ce19582f12df7ac0e4004a46354796c5cfc32202514d0e7c6905d4f6ba695b5,pffft-scheduled-batch-float,float,spec012-confirm-03,0,interactive-v1,False,65536,48000,64,/Users/christiankauten/Documents/Projects/Rack/plugins/Fourier/.build/spec012/confirm-03-transitions/workload-0014-repeat-00.csv,b4b238ec5e03b493b34cec7bf11ba0038f1793c95b071eb27e6fd1d1fb5a0b35,fa16a5f25e5a94174b7c4c2ac2df4c55f67e868a5ba61668550dde7c22e97820,5,smoothing-before-publication,13311,13312,13312,published,-1,"{""alpha"": 0.800000011920929, ""hop"": 2048, ""n"": 2048, ""octave"": 0.3333333432674408, ""rate"": 48000, ""window"": 11}",1,0.020833333333333332,1,0.020833333333333332
3aeff8d50243a034,m1-pro-16gb-local,5ce19582f12df7ac0e4004a46354796c5cfc32202514d0e7c6905d4f6ba695b5,pffft-scheduled-batch-float,float,spec012-confirm-03,0,interactive-v1,False,65536,48000,64,/Users/christiankauten/Documents/Projects/Rack/plugins/Fourier/.build/spec012/confirm-03-transitions/workload-0014-repeat-00.csv,b4b238ec5e03b493b34cec7bf11ba0038f1793c95b071eb27e6fd1d1fb5a0b35,fa16a5f25e5a94174b7c4c2ac2df4c55f67e868a5ba61668550dde7c22e97820,6,no-op-boundary,15360,15360,15360,published,-1,"{""alpha"": 0.800000011920929, ""hop"": 2048, ""n"": 2048, ""octave"": 0.3333333432674408, ""rate"": 48000, ""window"": 11}",0,0.0,0,0.0
3aeff8d50243a034,m1-pro-16gb-local,5ce19582f12df7ac0e4004a46354796c5cfc32202514d0e7c6905d4f6ba695b5,pffft-scheduled-batch-float,float,spec012-confirm-03,0,interactive-v1,False,65536,48000,64,/Users/christiankauten/Documents/Projects/Rack/plugins/Fourier/.build/spec012/confirm-03-transitions/workload-0014-repeat-00.csv,b4b238ec5e03b493b34cec7bf11ba0038f1793c95b071eb27e6fd1d1fb5a0b35,fa16a5f25e5a94174b7c4c2ac2df4c55f67e868a5ba61668550dde7c22e97820,7,replace-pending-first,17409,-1,-1,replaced,8,"{""alpha"": 0.800000011920929, ""hop"": 2048, ""n"": 2048, ""octave"": 0.3333333432674408, ""rate"": 48000, ""window"": 8}",,,,
3aeff8d50243a034,m1-pro-16gb-local,5ce19582f12df7ac0e4004a46354796c5cfc32202514d0e7c6905d4f6ba695b5,pffft-scheduled-batch-float,float,spec012-confirm-03,0,interactive-v1,False,65536,48000,64,/Users/christiankauten/Documents/Projects/Rack/plugins/Fourier/.build/spec012/confirm-03-transitions/workload-0014-repeat-00.csv,b4b238ec5e03b493b34cec7bf11ba0038f1793c95b071eb27e6fd1d1fb5a0b35,fa16a5f25e5a94174b7c4c2ac2df4c55f67e868a5ba61668550dde7c22e97820,8,replace-pending-last,17410,19456,19456,published,-1,"{""alpha"": 0, ""hop"": 2048, ""n"": 2048, ""octave"": 0.3333333432674408, ""rate"": 48000, ""window"": 8}",2046,42.625,2046,42.625
3aeff8d50243a034,m1-pro-16gb-local,5ce19582f12df7ac0e4004a46354796c5cfc32202514d0e7c6905d4f6ba695b5,pffft-scheduled-batch-float,float,spec012-confirm-03,0,interactive-v1,False,65536,48000,64,/Users/christiankauten/Documents/Projects/Rack/plugins/Fourier/.build/spec012/confirm-03-transitions/workload-0014-repeat-00.csv,b4b238ec5e03b493b34cec7bf11ba0038f1793c95b071eb27e6fd1d1fb5a0b35,fa16a5f25e5a94174b7c4c2ac2df4c55f67e868a5ba61668550dde7c22e97820,9,hop-decrease-boundary,21504,21504,21504,published,-1,"{""alpha"": 0, ""hop"": 512, ""n"": 2048, ""octave"": 0.3333333432674408, ""rate"": 48000, ""window"": 8}",0,0.0,0,0.0
3aeff8d50243a034,m1-pro-16gb-local,5ce19582f12df7ac0e4004a46354796c5cfc32202514d0e7c6905d4f6ba695b5,pffft-scheduled-batch-float,float,spec012-confirm-03,0,interactive-v1,False,65536,48000,64,/Users/christiankauten/Documents/Projects/Rack/plugins/Fourier/.build/spec012/confirm-03-transitions/workload-0014-repeat-00.csv,b4b238ec5e03b493b34cec7bf11ba0038f1793c95b071eb27e6fd1d1fb5a0b35,fa16a5f25e5a94174b7c4c2ac2df4c55f67e868a5ba61668550dde7c22e97820,10,smoothing-disable,23553,24064,24064,published,-1,"{""alpha"": 0, ""hop"": 512, ""n"": 2048, ""octave"": 0, ""rate"": 48000, ""window"": 8}",511,10.645833333333334,511,10.645833333333334
3aeff8d50243a034,m1-pro-16gb-local,5ce19582f12df7ac0e4004a46354796c5cfc32202514d0e7c6905d4f6ba695b5,pffft-scheduled-batch-float,float,spec012-confirm-03,0,interactive-v1,False,65536,48000,64,/Users/christiankauten/Documents/Projects/Rack/plugins/Fourier/.build/spec012/confirm-03-transitions/workload-0014-repeat-00.csv,b4b238ec5e03b493b34cec7bf11ba0038f1793c95b071eb27e6fd1d1fb5a0b35,fa16a5f25e5a94174b7c4c2ac2df4c55f67e868a5ba61668550dde7c22e97820,11,horizon-no-response,65535,-1,-1,pending-no-response,-1,"{""alpha"": 0, ""hop"": 512, ""n"": 2048, ""octave"": 0, ""rate"": 48000, ""window"": 0}",,,,
3aeff8d50243a034,m1-pro-16gb-local,5ce19582f12df7ac0e4004a46354796c5cfc32202514d0e7c6905d4f6ba695b5,pffft-scheduled-batch-float,float,spec012-confirm-03,1,interactive-v1,False,65536,48000,64,/Users/christiankauten/Documents/Projects/Rack/plugins/Fourier/.build/spec012/confirm-03-transitions/workload-0014-repeat-01.csv,082d3710c9d89d56b4366c12c34b76beb3c1aa02893a54c40f9187b5f4dd9bea,fa16a5f25e5a94174b7c4c2ac2df4c55f67e868a5ba61668550dde7c22e97820,1,length-increase-boundary,2048,2048,2048,published,-1,"{""alpha"": 0, ""hop"": 1024, ""n"": 16384, ""octave"": 0, ""rate"": 48000, ""window"": 8}",0,0.0,0,0.0
3aeff8d50243a034,m1-pro-16gb-local,5ce19582f12df7ac0e4004a46354796c5cfc32202514d0e7c6905d4f6ba695b5,pffft-scheduled-batch-float,float,spec012-confirm-03,1,interactive-v1,False,65536,48000,64,/Users/christiankauten/Documents/Projects/Rack/plugins/Fourier/.build/spec012/confirm-03-transitions/workload-0014-repeat-01.csv,082d3710c9d89d56b4366c12c34b76beb3c1aa02893a54c40f9187b5f4dd9bea,fa16a5f25e5a94174b7c4c2ac2df4c55f67e868a5ba61668550dde7c22e97820,2,length-decrease-early,4097,5120,5120,published,-1,"{""alpha"": 0, ""hop"": 1024, ""n"": 2048, ""octave"": 0, ""rate"": 48000, ""window"": 8}",1023,21.3125,1023,21.3125
3aeff8d50243a034,m1-pro-16gb-local,5ce19582f12df7ac0e4004a46354796c5cfc32202514d0e7c6905d4f6ba695b5,pffft-scheduled-batch-float,float,spec012-confirm-03,1,interactive-v1,False,65536,48000,64,/Users/christiankauten/Documents/Projects/Rack/plugins/Fourier/.build/spec012/confirm-03-transitions/workload-0014-repeat-01.csv,082d3710c9d89d56b4366c12c34b76beb3c1aa02893a54c40f9187b5f4dd9bea,fa16a5f25e5a94174b7c4c2ac2df4c55f67e868a5ba61668550dde7c22e97820,3,hop-increase-middle,6656,7168,7168,published,-1,"{""alpha"": 0, ""hop"": 2048, ""n"": 2048, ""octave"": 0, ""rate"": 48000, ""window"": 8}",512,10.666666666666666,512,10.666666666666666
3aeff8d50243a034,m1-pro-16gb-local,5ce19582f12df7ac0e4004a46354796c5cfc32202514d0e7c6905d4f6ba695b5,pffft-scheduled-batch-float,float,spec012-confirm-03,1,interactive-v1,False,65536,48000,64,/Users/christiankauten/Documents/Projects/Rack/plugins/Fourier/.build/spec012/confirm-03-transitions/workload-0014-repeat-01.csv,082d3710c9d89d56b4366c12c34b76beb3c1aa02893a54c40f9187b5f4dd9bea,fa16a5f25e5a94174b7c4c2ac2df4c55f67e868a5ba61668550dde7c22e97820,4,window-late,11262,11264,11264,published,-1,"{""alpha"": 0, ""hop"": 2048, ""n"": 2048, ""octave"": 0, ""rate"": 48000, ""window"": 11}",2,0.041666666666666664,2,0.041666666666666664
3aeff8d50243a034,m1-pro-16gb-local,5ce19582f12df7ac0e4004a46354796c5cfc32202514d0e7c6905d4f6ba695b5,pffft-scheduled-batch-float,float,spec012-confirm-03,1,interactive-v1,False,65536,48000,64,/Users/christiankauten/Documents/Projects/Rack/plugins/Fourier/.build/spec012/confirm-03-transitions/workload-0014-repeat-01.csv,082d3710c9d89d56b4366c12c34b76beb3c1aa02893a54c40f9187b5f4dd9bea,fa16a5f25e5a94174b7c4c2ac2df4c55f67e868a5ba61668550dde7c22e97820,5,smoothing-before-publication,13311,13312,13312,published,-1,"{""alpha"": 0.800000011920929, ""hop"": 2048, ""n"": 2048, ""octave"": 0.3333333432674408, ""rate"": 48000, ""window"": 11}",1,0.020833333333333332,1,0.020833333333333332
3aeff8d50243a034,m1-pro-16gb-local,5ce19582f12df7ac0e4004a46354796c5cfc32202514d0e7c6905d4f6ba695b5,pffft-scheduled-batch-float,float,spec012-confirm-03,1,interactive-v1,False,65536,48000,64,/Users/christiankauten/Documents/Projects/Rack/plugins/Fourier/.build/spec012/confirm-03-transitions/workload-0014-repeat-01.csv,082d3710c9d89d56b4366c12c34b76beb3c1aa02893a54c40f9187b5f4dd9bea,fa16a5f25e5a94174b7c4c2ac2df4c55f67e868a5ba61668550dde7c22e97820,6,no-op-boundary,15360,15360,15360,published,-1,"{""alpha"": 0.800000011920929, ""hop"": 2048, ""n"": 2048, ""octave"": 0.3333333432674408, ""rate"": 48000, ""window"": 11}",0,0.0,0,0.0
3aeff8d50243a034,m1-pro-16gb-local,5ce19582f12df7ac0e4004a46354796c5cfc32202514d0e7c6905d4f6ba695b5,pffft-scheduled-batch-float,float,spec012-confirm-03,1,interactive-v1,False,65536,48000,64,/Users/christiankauten/Documents/Projects/Rack/plugins/Fourier/.build/spec012/confirm-03-transitions/workload-0014-repeat-01.csv,082d3710c9d89d56b4366c12c34b76beb3c1aa02893a54c40f9187b5f4dd9bea,fa16a5f25e5a94174b7c4c2ac2df4c55f67e868a5ba61668550dde7c22e97820,7,replace-pending-first,17409,-1,-1,replaced,8,"{""alpha"": 0.800000011920929, ""hop"": 2048, ""n"": 2048, ""octave"": 0.3333333432674408, ""rate"": 48000, ""window"": 8}",,,,
3aeff8d50243a034,m1-pro-16gb-local,5ce19582f12df7ac0e4004a46354796c5cfc32202514d0e7c6905d4f6ba695b5,pffft-scheduled-batch-float,float,spec012-confirm-03,1,interactive-v1,False,65536,48000,64,/Users/christiankauten/Documents/Projects/Rack/plugins/Fourier/.build/spec012/confirm-03-transitions/workload-0014-repeat-01.csv,082d3710c9d89d56b4366c12c34b76beb3c1aa02893a54c40f9187b5f4dd9bea,fa16a5f25e5a94174b7c4c2ac2df4c55f67e868a5ba61668550dde7c22e97820,8,replace-pending-last,17410,19456,19456,published,-1,"{""alpha"": 0, ""hop"": 2048, ""n"": 2048, ""octave"": 0.3333333432674408, ""rate"": 48000, ""window"": 8}",2046,42.625,2046,42.625
3aeff8d50243a034,m1-pro-16gb-local,5ce19582f12df7ac0e4004a46354796c5cfc32202514d0e7c6905d4f6ba695b5,pffft-scheduled-batch-float,float,spec012-confirm-03,1,interactive-v1,False,65536,48000,64,/Users/christiankauten/Documents/Projects/Rack/plugins/Fourier/.build/spec012/confirm-03-transitions/workload-0014-repeat-01.csv,082d3710c9d89d56b4366c12c34b76beb3c1aa02893a54c40f9187b5f4dd9bea,fa16a5f25e5a94174b7c4c2ac2df4c55f67e868a5ba61668550dde7c22e97820,9,hop-decrease-boundary,21504,21504,21504,published,-1,"{""alpha"": 0, ""hop"": 512, ""n"": 2048, ""octave"": 0.3333333432674408, ""rate"": 48000, ""window"": 8}",0,0.0,0,0.0
3aeff8d50243a034,m1-pro-16gb-local,5ce19582f12df7ac0e4004a46354796c5cfc32202514d0e7c6905d4f6ba695b5,pffft-scheduled-batch-float,float,spec012-confirm-03,1,interactive-v1,False,65536,48000,64,/Users/christiankauten/Documents/Projects/Rack/plugins/Fourier/.build/spec012/confirm-03-transitions/workload-0014-repeat-01.csv,082d3710c9d89d56b4366c12c34b76beb3c1aa02893a54c40f9187b5f4dd9bea,fa16a5f25e5a94174b7c4c2ac2df4c55f67e868a5ba61668550dde7c22e97820,10,smoothing-disable,23553,24064,24064,published,-1,"{""alpha"": 0, ""hop"": 512, ""n"": 2048, ""octave"": 0, ""rate"": 48000, ""window"": 8}",511,10.645833333333334,511,10.645833333333334
3aeff8d50243a034,m1-pro-16gb-local,5ce19582f12df7ac0e4004a46354796c5cfc32202514d0e7c6905d4f6ba695b5,pffft-scheduled-batch-float,float,spec012-confirm-03,1,interactive-v1,False,65536,48000,64,/Users/christiankauten/Documents/Projects/Rack/plugins/Fourier/.build/spec012/confirm-03-transitions/workload-0014-repeat-01.csv,082d3710c9d89d56b4366c12c34b76beb3c1aa02893a54c40f9187b5f4dd9bea,fa16a5f25e5a94174b7c4c2ac2df4c55f67e868a5ba61668550dde7c22e97820,11,horizon-no-response,65535,-1,-1,pending-no-response,-1,"{""alpha"": 0, ""hop"": 512, ""n"": 2048, ""octave"": 0, ""rate"": 48000, ""window"": 0}",,,,
3aeff8d50243a034,m1-pro-16gb-local,5ce19582f12df7ac0e4004a46354796c5cfc32202514d0e7c6905d4f6ba695b5,pffft-scheduled-batch-float,float,spec012-confirm-03,2,interactive-v1,False,65536,48000,64,/Users/christiankauten/Documents/Projects/Rack/plugins/Fourier/.build/spec012/confirm-03-transitions/workload-0014-repeat-02.csv,db88e213d6b912f8290fb50932fae7127e7b9b7686b81b5e8b55a72576574f66,fa16a5f25e5a94174b7c4c2ac2df4c55f67e868a5ba61668550dde7c22e97820,1,length-increase-boundary,2048,2048,2048,published,-1,"{""alpha"": 0, ""hop"": 1024, ""n"": 16384, ""octave"": 0, ""rate"": 48000, ""window"": 8}",0,0.0,0,0.0
3aeff8d50243a034,m1-pro-16gb-local,5ce19582f12df7ac0e4004a46354796c5cfc32202514d0e7c6905d4f6ba695b5,pffft-scheduled-batch-float,float,spec012-confirm-03,2,interactive-v1,False,65536,48000,64,/Users/christiankauten/Documents/Projects/Rack/plugins/Fourier/.build/spec012/confirm-03-transitions/workload-0014-repeat-02.csv,db88e213d6b912f8290fb50932fae7127e7b9b7686b81b5e8b55a72576574f66,fa16a5f25e5a94174b7c4c2ac2df4c55f67e868a5ba61668550dde7c22e97820,2,length-decrease-early,4097,5120,5120,published,-1,"{""alpha"": 0, ""hop"": 1024, ""n"": 2048, ""octave"": 0, ""rate"": 48000, ""window"": 8}",1023,21.3125,1023,21.3125
3aeff8d50243a034,m1-pro-16gb-local,5ce19582f12df7ac0e4004a46354796c5cfc32202514d0e7c6905d4f6ba695b5,pffft-scheduled-batch-float,float,spec012-confirm-03,2,interactive-v1,False,65536,48000,64,/Users/christiankauten/Documents/Projects/Rack/plugins/Fourier/.build/spec012/confirm-03-transitions/workload-0014-repeat-02.csv,db88e213d6b912f8290fb50932fae7127e7b9b7686b81b5e8b55a72576574f66,fa16a5f25e5a94174b7c4c2ac2df4c55f67e868a5ba61668550dde7c22e97820,3,hop-increase-middle,6656,7168,7168,published,-1,"{""alpha"": 0, ""hop"": 2048, ""n"": 2048, ""octave"": 0, ""rate"": 48000, ""window"": 8}",512,10.666666666666666,512,10.666666666666666
3aeff8d50243a034,m1-pro-16gb-local,5ce19582f12df7ac0e4004a46354796c5cfc32202514d0e7c6905d4f6ba695b5,pffft-scheduled-batch-float,float,spec012-confirm-03,2,interactive-v1,False,65536,48000,64,/Users/christiankauten/Documents/Projects/Rack/plugins/Fourier/.build/spec012/confirm-03-transitions/workload-0014-repeat-02.csv,db88e213d6b912f8290fb50932fae7127e7b9b7686b81b5e8b55a72576574f66,fa16a5f25e5a94174b7c4c2ac2df4c55f67e868a5ba61668550dde7c22e97820,4,window-late,11262,11264,11264,published,-1,"{""alpha"": 0, ""hop"": 2048, ""n"": 2048, ""octave"": 0, ""rate"": 48000, ""window"": 11}",2,0.041666666666666664,2,0.041666666666666664
3aeff8d50243a034,m1-pro-16gb-local,5ce19582f12df7ac0e4004a46354796c5cfc32202514d0e7c6905d4f6ba695b5,pffft-scheduled-batch-float,float,spec012-confirm-03,2,interactive-v1,False,65536,48000,64,/Users/christiankauten/Documents/Projects/Rack/plugins/Fourier/.build/spec012/confirm-03-transitions/workload-0014-repeat-02.csv,db88e213d6b912f8290fb50932fae7127e7b9b7686b81b5e8b55a72576574f66,fa16a5f25e5a94174b7c4c2ac2df4c55f67e868a5ba61668550dde7c22e97820,5,smoothing-before-publication,13311,13312,13312,published,-1,"{""alpha"": 0.800000011920929, ""hop"": 2048, ""n"": 2048, ""octave"": 0.3333333432674408, ""rate"": 48000, ""window"": 11}",1,0.020833333333333332,1,0.020833333333333332
3aeff8d50243a034,m1-pro-16gb-local,5ce19582f12df7ac0e4004a46354796c5cfc32202514d0e7c6905d4f6ba695b5,pffft-scheduled-batch-float,float,spec012-confirm-03,2,interactive-v1,False,65536,48000,64,/Users/christiankauten/Documents/Projects/Rack/plugins/Fourier/.build/spec012/confirm-03-transitions/workload-0014-repeat-02.csv,db88e213d6b912f8290fb50932fae7127e7b9b7686b81b5e8b55a72576574f66,fa16a5f25e5a94174b7c4c2ac2df4c55f67e868a5ba61668550dde7c22e97820,6,no-op-boundary,15360,15360,15360,published,-1,"{""alpha"": 0.800000011920929, ""hop"": 2048, ""n"": 2048, ""octave"": 0.3333333432674408, ""rate"": 48000, ""window"": 11}",0,0.0,0,0.0
3aeff8d50243a034,m1-pro-16gb-local,5ce19582f12df7ac0e4004a46354796c5cfc32202514d0e7c6905d4f6ba695b5,pffft-scheduled-batch-float,float,spec012-confirm-03,2,interactive-v1,False,65536,48000,64,/Users/christiankauten/Documents/Projects/Rack/plugins/Fourier/.build/spec012/confirm-03-transitions/workload-0014-repeat-02.csv,db88e213d6b912f8290fb50932fae7127e7b9b7686b81b5e8b55a72576574f66,fa16a5f25e5a94174b7c4c2ac2df4c55f67e868a5ba61668550dde7c22e97820,7,replace-pending-first,17409,-1,-1,replaced,8,"{""alpha"": 0.800000011920929, ""hop"": 2048, ""n"": 2048, ""octave"": 0.3333333432674408, ""rate"": 48000, ""window"": 8}",,,,
3aeff8d50243a034,m1-pro-16gb-local,5ce19582f12df7ac0e4004a46354796c5cfc32202514d0e7c6905d4f6ba695b5,pffft-scheduled-batch-float,float,spec012-confirm-03,2,interactive-v1,False,65536,48000,64,/Users/christiankauten/Documents/Projects/Rack/plugins/Fourier/.build/spec012/confirm-03-transitions/workload-0014-repeat-02.csv,db88e213d6b912f8290fb50932fae7127e7b9b7686b81b5e8b55a72576574f66,fa16a5f25e5a94174b7c4c2ac2df4c55f67e868a5ba61668550dde7c22e97820,8,replace-pending-last,17410,19456,19456,published,-1,"{""alpha"": 0, ""hop"": 2048, ""n"": 2048, ""octave"": 0.3333333432674408, ""rate"": 48000, ""window"": 8}",2046,42.625,2046,42.625
3aeff8d50243a034,m1-pro-16gb-local,5ce19582f12df7ac0e4004a46354796c5cfc32202514d0e7c6905d4f6ba695b5,pffft-scheduled-batch-float,float,spec012-confirm-03,2,interactive-v1,False,65536,48000,64,/Users/christiankauten/Documents/Projects/Rack/plugins/Fourier/.build/spec012/confirm-03-transitions/workload-0014-repeat-02.csv,db88e213d6b912f8290fb50932fae7127e7b9b7686b81b5e8b55a72576574f66,fa16a5f25e5a94174b7c4c2ac2df4c55f67e868a5ba61668550dde7c22e97820,9,hop-decrease-boundary,21504,21504,21504,published,-1,"{""alpha"": 0, ""hop"": 512, ""n"": 2048, ""octave"": 0.3333333432674408, ""rate"": 48000, ""window"": 8}",0,0.0,0,0.0
3aeff8d50243a034,m1-pro-16gb-local,5ce19582f12df7ac0e4004a46354796c5cfc32202514d0e7c6905d4f6ba695b5,pffft-scheduled-batch-float,float,spec012-confirm-03,2,interactive-v1,False,65536,48000,64,/Users/christiankauten/Documents/Projects/Rack/plugins/Fourier/.build/spec012/confirm-03-transitions/workload-0014-repeat-02.csv,db88e213d6b912f8290fb50932fae7127e7b9b7686b81b5e8b55a72576574f66,fa16a5f25e5a94174b7c4c2ac2df4c55f67e868a5ba61668550dde7c22e97820,10,smoothing-disable,23553,24064,24064,published,-1,"{""alpha"": 0, ""hop"": 512, ""n"": 2048, ""octave"": 0, ""rate"": 48000, ""window"": 8}",511,10.645833333333334,511,10.645833333333334
3aeff8d50243a034,m1-pro-16gb-local,5ce19582f12df7ac0e4004a46354796c5cfc32202514d0e7c6905d4f6ba695b5,pffft-scheduled-batch-float,float,spec012-confirm-03,2,interactive-v1,False,65536,48000,64,/Users/christiankauten/Documents/Projects/Rack/plugins/Fourier/.build/spec012/confirm-03-transitions/workload-0014-repeat-02.csv,db88e213d6b912f8290fb50932fae7127e7b9b7686b81b5e8b55a72576574f66,fa16a5f25e5a94174b7c4c2ac2df4c55f67e868a5ba61668550dde7c22e97820,11,horizon-no-response,65535,-1,-1,pending-no-response,-1,"{""alpha"": 0, ""hop"": 512, ""n"": 2048, ""octave"": 0, ""rate"": 48000, ""window"": 0}",,,,
3aeff8d50243a034,m1-pro-16gb-local,636f13a16b33617f63d8ff9138910086715d703725514b36c9750786e9b4a7e2,core-double,double,spec012-confirm-01,0,interactive-v1,False,65536,48000,64,/Users/christiankauten/Documents/Projects/Rack/plugins/Fourier/.build/spec012/confirm-01-transitions/workload-0010-repeat-00.csv,d0cd098732864d5547425dbef952baec86ce24cb534fe46374192054283a6f8e,0c817f2ea46a3b554dd5ededc677e6cf16bc396b103c73cfcdfa02c44c5e8a0e,1,length-increase-boundary,2048,2048,3071,published,-1,"{""alpha"": 0, ""hop"": 1024, ""n"": 16384, ""octave"": 0, ""rate"": 48000, ""window"": 8}",0,0.0,1023,21.3125
3aeff8d50243a034,m1-pro-16gb-local,636f13a16b33617f63d8ff9138910086715d703725514b36c9750786e9b4a7e2,core-double,double,spec012-confirm-01,0,interactive-v1,False,65536,48000,64,/Users/christiankauten/Documents/Projects/Rack/plugins/Fourier/.build/spec012/confirm-01-transitions/workload-0010-repeat-00.csv,d0cd098732864d5547425dbef952baec86ce24cb534fe46374192054283a6f8e,0c817f2ea46a3b554dd5ededc677e6cf16bc396b103c73cfcdfa02c44c5e8a0e,2,length-decrease-early,4097,5120,6143,published,-1,"{""alpha"": 0, ""hop"": 1024, ""n"": 2048, ""octave"": 0, ""rate"": 48000, ""window"": 8}",1023,21.3125,2046,42.625
3aeff8d50243a034,m1-pro-16gb-local,636f13a16b33617f63d8ff9138910086715d703725514b36c9750786e9b4a7e2,core-double,double,spec012-confirm-01,0,interactive-v1,False,65536,48000,64,/Users/christiankauten/Documents/Projects/Rack/plugins/Fourier/.build/spec012/confirm-01-transitions/workload-0010-repeat-00.csv,d0cd098732864d5547425dbef952baec86ce24cb534fe46374192054283a6f8e,0c817f2ea46a3b554dd5ededc677e6cf16bc396b103c73cfcdfa02c44c5e8a0e,3,hop-increase-middle,6656,7168,9215,published,-1,"{""alpha"": 0, ""hop"": 2048, ""n"": 2048, ""octave"": 0, ""rate"": 48000, ""window"": 8}",512,10.666666666666666,2559,53.3125
3aeff8d50243a034,m1-pro-16gb-local,636f13a16b33617f63d8ff9138910086715d703725514b36c9750786e9b4a7e2,core-double,double,spec012-confirm-01,0,interactive-v1,False,65536,48000,64,/Users/christiankauten/Documents/Projects/Rack/plugins/Fourier/.build/spec012/confirm-01-transitions/workload-0010-repeat-00.csv,d0cd098732864d5547425dbef952baec86ce24cb534fe46374192054283a6f8e,0c817f2ea46a3b554dd5ededc677e6cf16bc396b103c73cfcdfa02c44c5e8a0e,4,window-late,11262,11264,13311,published,-1,"{""alpha"": 0, ""hop"": 2048, ""n"": 2048, ""octave"": 0, ""rate"": 48000, ""window"": 11}",2,0.041666666666666664,2049,42.6875
3aeff8d50243a034,m1-pro-16gb-local,636f13a16b33617f63d8ff9138910086715d703725514b36c9750786e9b4a7e2,core-double,double,spec012-confirm-01,0,interactive-v1,False,65536,48000,64,/Users/christiankauten/Documents/Projects/Rack/plugins/Fourier/.build/spec012/confirm-01-transitions/workload-0010-repeat-00.csv,d0cd098732864d5547425dbef952baec86ce24cb534fe46374192054283a6f8e,0c817f2ea46a3b554dd5ededc677e6cf16bc396b103c73cfcdfa02c44c5e8a0e,5,smoothing-before-publication,13311,13312,15359,published,-1,"{""alpha"": 0.800000011920929, ""hop"": 2048, ""n"": 2048, ""octave"": 0.3333333432674408, ""rate"": 48000, ""window"": 11}",1,0.020833333333333332,2048,42.666666666666664
3aeff8d50243a034,m1-pro-16gb-local,636f13a16b33617f63d8ff9138910086715d703725514b36c9750786e9b4a7e2,core-double,double,spec012-confirm-01,0,interactive-v1,False,65536,48000,64,/Users/christiankauten/Documents/Projects/Rack/plugins/Fourier/.build/spec012/confirm-01-transitions/workload-0010-repeat-00.csv,d0cd098732864d5547425dbef952baec86ce24cb534fe46374192054283a6f8e,0c817f2ea46a3b554dd5ededc677e6cf16bc396b103c73cfcdfa02c44c5e8a0e,6,no-op-boundary,15360,15360,17407,published,-1,"{""alpha"": 0.800000011920929, ""hop"": 2048, ""n"": 2048, ""octave"": 0.3333333432674408, ""rate"": 48000, ""window"": 11}",0,0.0,2047,42.645833333333336
3aeff8d50243a034,m1-pro-16gb-local,636f13a16b33617f63d8ff9138910086715d703725514b36c9750786e9b4a7e2,core-double,double,spec012-confirm-01,0,interactive-v1,False,65536,48000,64,/Users/christiankauten/Documents/Projects/Rack/plugins/Fourier/.build/spec012/confirm-01-transitions/workload-0010-repeat-00.csv,d0cd098732864d5547425dbef952baec86ce24cb534fe46374192054283a6f8e,0c817f2ea46a3b554dd5ededc677e6cf16bc396b103c73cfcdfa02c44c5e8a0e,7,replace-pending-first,17409,-1,-1,replaced,8,"{""alpha"": 0.800000011920929, ""hop"": 2048, ""n"": 2048, ""octave"": 0.3333333432674408, ""rate"": 48000, ""window"": 8}",,,,
3aeff8d50243a034,m1-pro-16gb-local,636f13a16b33617f63d8ff9138910086715d703725514b36c9750786e9b4a7e2,core-double,double,spec012-confirm-01,0,interactive-v1,False,65536,48000,64,/Users/christiankauten/Documents/Projects/Rack/plugins/Fourier/.build/spec012/confirm-01-transitions/workload-0010-repeat-00.csv,d0cd098732864d5547425dbef952baec86ce24cb534fe46374192054283a6f8e,0c817f2ea46a3b554dd5ededc677e6cf16bc396b103c73cfcdfa02c44c5e8a0e,8,replace-pending-last,17410,19456,21503,published,-1,"{""alpha"": 0, ""hop"": 2048, ""n"": 2048, ""octave"": 0.3333333432674408, ""rate"": 48000, ""window"": 8}",2046,42.625,4093,85.27083333333333
3aeff8d50243a034,m1-pro-16gb-local,636f13a16b33617f63d8ff9138910086715d703725514b36c9750786e9b4a7e2,core-double,double,spec012-confirm-01,0,interactive-v1,False,65536,48000,64,/Users/christiankauten/Documents/Projects/Rack/plugins/Fourier/.build/spec012/confirm-01-transitions/workload-0010-repeat-00.csv,d0cd098732864d5547425dbef952baec86ce24cb534fe46374192054283a6f8e,0c817f2ea46a3b554dd5ededc677e6cf16bc396b103c73cfcdfa02c44c5e8a0e,9,hop-decrease-boundary,21504,21504,22015,published,-1,"{""alpha"": 0, ""hop"": 512, ""n"": 2048, ""octave"": 0.3333333432674408, ""rate"": 48000, ""window"": 8}",0,0.0,511,10.645833333333334
3aeff8d50243a034,m1-pro-16gb-local,636f13a16b33617f63d8ff9138910086715d703725514b36c9750786e9b4a7e2,core-double,double,spec012-confirm-01,0,interactive-v1,False,65536,48000,64,/Users/christiankauten/Documents/Projects/Rack/plugins/Fourier/.build/spec012/confirm-01-transitions/workload-0010-repeat-00.csv,d0cd098732864d5547425dbef952baec86ce24cb534fe46374192054283a6f8e,0c817f2ea46a3b554dd5ededc677e6cf16bc396b103c73cfcdfa02c44c5e8a0e,10,smoothing-disable,23553,24064,24575,published,-1,"{""alpha"": 0, ""hop"": 512, ""n"": 2048, ""octave"": 0, ""rate"": 48000, ""window"": 8}",511,10.645833333333334,1022,21.291666666666668
3aeff8d50243a034,m1-pro-16gb-local,636f13a16b33617f63d8ff9138910086715d703725514b36c9750786e9b4a7e2,core-double,double,spec012-confirm-01,0,interactive-v1,False,65536,48000,64,/Users/christiankauten/Documents/Projects/Rack/plugins/Fourier/.build/spec012/confirm-01-transitions/workload-0010-repeat-00.csv,d0cd098732864d5547425dbef952baec86ce24cb534fe46374192054283a6f8e,0c817f2ea46a3b554dd5ededc677e6cf16bc396b103c73cfcdfa02c44c5e8a0e,11,horizon-no-response,65535,-1,-1,pending-no-response,-1,"{""alpha"": 0, ""hop"": 512, ""n"": 2048, ""octave"": 0, ""rate"": 48000, ""window"": 0}",,,,
3aeff8d50243a034,m1-pro-16gb-local,636f13a16b33617f63d8ff9138910086715d703725514b36c9750786e9b4a7e2,core-double,double,spec012-confirm-01,1,interactive-v1,False,65536,48000,64,/Users/christiankauten/Documents/Projects/Rack/plugins/Fourier/.build/spec012/confirm-01-transitions/workload-0010-repeat-01.csv,fab323e51bf87f306c26b9c31951c141abc06ed0cfe014fe21250bd2fefd4f97,0c817f2ea46a3b554dd5ededc677e6cf16bc396b103c73cfcdfa02c44c5e8a0e,1,length-increase-boundary,2048,2048,3071,published,-1,"{""alpha"": 0, ""hop"": 1024, ""n"": 16384, ""octave"": 0, ""rate"": 48000, ""window"": 8}",0,0.0,1023,21.3125
3aeff8d50243a034,m1-pro-16gb-local,636f13a16b33617f63d8ff9138910086715d703725514b36c9750786e9b4a7e2,core-double,double,spec012-confirm-01,1,interactive-v1,False,65536,48000,64,/Users/christiankauten/Documents/Projects/Rack/plugins/Fourier/.build/spec012/confirm-01-transitions/workload-0010-repeat-01.csv,fab323e51bf87f306c26b9c31951c141abc06ed0cfe014fe21250bd2fefd4f97,0c817f2ea46a3b554dd5ededc677e6cf16bc396b103c73cfcdfa02c44c5e8a0e,2,length-decrease-early,4097,5120,6143,published,-1,"{""alpha"": 0, ""hop"": 1024, ""n"": 2048, ""octave"": 0, ""rate"": 48000, ""window"": 8}",1023,21.3125,2046,42.625
3aeff8d50243a034,m1-pro-16gb-local,636f13a16b33617f63d8ff9138910086715d703725514b36c9750786e9b4a7e2,core-double,double,spec012-confirm-01,1,interactive-v1,False,65536,48000,64,/Users/christiankauten/Documents/Projects/Rack/plugins/Fourier/.build/spec012/confirm-01-transitions/workload-0010-repeat-01.csv,fab323e51bf87f306c26b9c31951c141abc06ed0cfe014fe21250bd2fefd4f97,0c817f2ea46a3b554dd5ededc677e6cf16bc396b103c73cfcdfa02c44c5e8a0e,3,hop-increase-middle,6656,7168,9215,published,-1,"{""alpha"": 0, ""hop"": 2048, ""n"": 2048, ""octave"": 0, ""rate"": 48000, ""window"": 8}",512,10.666666666666666,2559,53.3125
3aeff8d50243a034,m1-pro-16gb-local,636f13a16b33617f63d8ff9138910086715d703725514b36c9750786e9b4a7e2,core-double,double,spec012-confirm-01,1,interactive-v1,False,65536,48000,64,/Users/christiankauten/Documents/Projects/Rack/plugins/Fourier/.build/spec012/confirm-01-transitions/workload-0010-repeat-01.csv,fab323e51bf87f306c26b9c31951c141abc06ed0cfe014fe21250bd2fefd4f97,0c817f2ea46a3b554dd5ededc677e6cf16bc396b103c73cfcdfa02c44c5e8a0e,4,window-late,11262,11264,13311,published,-1,"{""alpha"": 0, ""hop"": 2048, ""n"": 2048, ""octave"": 0, ""rate"": 48000, ""window"": 11}",2,0.041666666666666664,2049,42.6875
3aeff8d50243a034,m1-pro-16gb-local,636f13a16b33617f63d8ff9138910086715d703725514b36c9750786e9b4a7e2,core-double,double,spec012-confirm-01,1,interactive-v1,False,65536,48000,64,/Users/christiankauten/Documents/Projects/Rack/plugins/Fourier/.build/spec012/confirm-01-transitions/workload-0010-repeat-01.csv,fab323e51bf87f306c26b9c31951c141abc06ed0cfe014fe21250bd2fefd4f97,0c817f2ea46a3b554dd5ededc677e6cf16bc396b103c73cfcdfa02c44c5e8a0e,5,smoothing-before-publication,13311,13312,15359,published,-1,"{""alpha"": 0.800000011920929, ""hop"": 2048, ""n"": 2048, ""octave"": 0.3333333432674408, ""rate"": 48000, ""window"": 11}",1,0.020833333333333332,2048,42.666666666666664
3aeff8d50243a034,m1-pro-16gb-local,636f13a16b33617f63d8ff9138910086715d703725514b36c9750786e9b4a7e2,core-double,double,spec012-confirm-01,1,interactive-v1,False,65536,48000,64,/Users/christiankauten/Documents/Projects/Rack/plugins/Fourier/.build/spec012/confirm-01-transitions/workload-0010-repeat-01.csv,fab323e51bf87f306c26b9c31951c141abc06ed0cfe014fe21250bd2fefd4f97,0c817f2ea46a3b554dd5ededc677e6cf16bc396b103c73cfcdfa02c44c5e8a0e,6,no-op-boundary,15360,15360,17407,published,-1,"{""alpha"": 0.800000011920929, ""hop"": 2048, ""n"": 2048, ""octave"": 0.3333333432674408, ""rate"": 48000, ""window"": 11}",0,0.0,2047,42.645833333333336
3aeff8d50243a034,m1-pro-16gb-local,636f13a16b33617f63d8ff9138910086715d703725514b36c9750786e9b4a7e2,core-double,double,spec012-confirm-01,1,interactive-v1,False,65536,48000,64,/Users/christiankauten/Documents/Projects/Rack/plugins/Fourier/.build/spec012/confirm-01-transitions/workload-0010-repeat-01.csv,fab323e51bf87f306c26b9c31951c141abc06ed0cfe014fe21250bd2fefd4f97,0c817f2ea46a3b554dd5ededc677e6cf16bc396b103c73cfcdfa02c44c5e8a0e,7,replace-pending-first,17409,-1,-1,replaced,8,"{""alpha"": 0.800000011920929, ""hop"": 2048, ""n"": 2048, ""octave"": 0.3333333432674408, ""rate"": 48000, ""window"": 8}",,,,
3aeff8d50243a034,m1-pro-16gb-local,636f13a16b33617f63d8ff9138910086715d703725514b36c9750786e9b4a7e2,core-double,double,spec012-confirm-01,1,interactive-v1,False,65536,48000,64,/Users/christiankauten/Documents/Projects/Rack/plugins/Fourier/.build/spec012/confirm-01-transitions/workload-0010-repeat-01.csv,fab323e51bf87f306c26b9c31951c141abc06ed0cfe014fe21250bd2fefd4f97,0c817f2ea46a3b554dd5ededc677e6cf16bc396b103c73cfcdfa02c44c5e8a0e,8,replace-pending-last,17410,19456,21503,published,-1,"{""alpha"": 0, ""hop"": 2048, ""n"": 2048, ""octave"": 0.3333333432674408, ""rate"": 48000, ""window"": 8}",2046,42.625,4093,85.27083333333333
3aeff8d50243a034,m1-pro-16gb-local,636f13a16b33617f63d8ff9138910086715d703725514b36c9750786e9b4a7e2,core-double,double,spec012-confirm-01,1,interactive-v1,False,65536,48000,64,/Users/christiankauten/Documents/Projects/Rack/plugins/Fourier/.build/spec012/confirm-01-transitions/workload-0010-repeat-01.csv,fab323e51bf87f306c26b9c31951c141abc06ed0cfe014fe21250bd2fefd4f97,0c817f2ea46a3b554dd5ededc677e6cf16bc396b103c73cfcdfa02c44c5e8a0e,9,hop-decrease-boundary,21504,21504,22015,published,-1,"{""alpha"": 0, ""hop"": 512, ""n"": 2048, ""octave"": 0.3333333432674408, ""rate"": 48000, ""window"": 8}",0,0.0,511,10.645833333333334
3aeff8d50243a034,m1-pro-16gb-local,636f13a16b33617f63d8ff9138910086715d703725514b36c9750786e9b4a7e2,core-double,double,spec012-confirm-01,1,interactive-v1,False,65536,48000,64,/Users/christiankauten/Documents/Projects/Rack/plugins/Fourier/.build/spec012/confirm-01-transitions/workload-0010-repeat-01.csv,fab323e51bf87f306c26b9c31951c141abc06ed0cfe014fe21250bd2fefd4f97,0c817f2ea46a3b554dd5ededc677e6cf16bc396b103c73cfcdfa02c44c5e8a0e,10,smoothing-disable,23553,24064,24575,published,-1,"{""alpha"": 0, ""hop"": 512, ""n"": 2048, ""octave"": 0, ""rate"": 48000, ""window"": 8}",511,10.645833333333334,1022,21.291666666666668
3aeff8d50243a034,m1-pro-16gb-local,636f13a16b33617f63d8ff9138910086715d703725514b36c9750786e9b4a7e2,core-double,double,spec012-confirm-01,1,interactive-v1,False,65536,48000,64,/Users/christiankauten/Documents/Projects/Rack/plugins/Fourier/.build/spec012/confirm-01-transitions/workload-0010-repeat-01.csv,fab323e51bf87f306c26b9c31951c141abc06ed0cfe014fe21250bd2fefd4f97,0c817f2ea46a3b554dd5ededc677e6cf16bc396b103c73cfcdfa02c44c5e8a0e,11,horizon-no-response,65535,-1,-1,pending-no-response,-1,"{""alpha"": 0, ""hop"": 512, ""n"": 2048, ""octave"": 0, ""rate"": 48000, ""window"": 0}",,,,
3aeff8d50243a034,m1-pro-16gb-local,636f13a16b33617f63d8ff9138910086715d703725514b36c9750786e9b4a7e2,core-double,double,spec012-confirm-01,2,interactive-v1,False,65536,48000,64,/Users/christiankauten/Documents/Projects/Rack/plugins/Fourier/.build/spec012/confirm-01-transitions/workload-0010-repeat-02.csv,a8f7dad48239f7341154b64565b0dee1432591db44b856cb5542ef2ce63c2c4d,0c817f2ea46a3b554dd5ededc677e6cf16bc396b103c73cfcdfa02c44c5e8a0e,1,length-increase-boundary,2048,2048,3071,published,-1,"{""alpha"": 0, ""hop"": 1024, ""n"": 16384, ""octave"": 0, ""rate"": 48000, ""window"": 8}",0,0.0,1023,21.3125
3aeff8d50243a034,m1-pro-16gb-local,636f13a16b33617f63d8ff9138910086715d703725514b36c9750786e9b4a7e2,core-double,double,spec012-confirm-01,2,interactive-v1,False,65536,48000,64,/Users/christiankauten/Documents/Projects/Rack/plugins/Fourier/.build/spec012/confirm-01-transitions/workload-0010-repeat-02.csv,a8f7dad48239f7341154b64565b0dee1432591db44b856cb5542ef2ce63c2c4d,0c817f2ea46a3b554dd5ededc677e6cf16bc396b103c73cfcdfa02c44c5e8a0e,2,length-decrease-early,4097,5120,6143,published,-1,"{""alpha"": 0, ""hop"": 1024, ""n"": 2048, ""octave"": 0, ""rate"": 48000, ""window"": 8}",1023,21.3125,2046,42.625
3aeff8d50243a034,m1-pro-16gb-local,636f13a16b33617f63d8ff9138910086715d703725514b36c9750786e9b4a7e2,core-double,double,spec012-confirm-01,2,interactive-v1,False,65536,48000,64,/Users/christiankauten/Documents/Projects/Rack/plugins/Fourier/.build/spec012/confirm-01-transitions/workload-0010-repeat-02.csv,a8f7dad48239f7341154b64565b0dee1432591db44b856cb5542ef2ce63c2c4d,0c817f2ea46a3b554dd5ededc677e6cf16bc396b103c73cfcdfa02c44c5e8a0e,3,hop-increase-middle,6656,7168,9215,published,-1,"{""alpha"": 0, ""hop"": 2048, ""n"": 2048, ""octave"": 0, ""rate"": 48000, ""window"": 8}",512,10.666666666666666,2559,53.3125
3aeff8d50243a034,m1-pro-16gb-local,636f13a16b33617f63d8ff9138910086715d703725514b36c9750786e9b4a7e2,core-double,double,spec012-confirm-01,2,interactive-v1,False,65536,48000,64,/Users/christiankauten/Documents/Projects/Rack/plugins/Fourier/.build/spec012/confirm-01-transitions/workload-0010-repeat-02.csv,a8f7dad48239f7341154b64565b0dee1432591db44b856cb5542ef2ce63c2c4d,0c817f2ea46a3b554dd5ededc677e6cf16bc396b103c73cfcdfa02c44c5e8a0e,4,window-late,11262,11264,13311,published,-1,"{""alpha"": 0, ""hop"": 2048, ""n"": 2048, ""octave"": 0, ""rate"": 48000, ""window"": 11}",2,0.041666666666666664,2049,42.6875
3aeff8d50243a034,m1-pro-16gb-local,636f13a16b33617f63d8ff9138910086715d703725514b36c9750786e9b4a7e2,core-double,double,spec012-confirm-01,2,interactive-v1,False,65536,48000,64,/Users/christiankauten/Documents/Projects/Rack/plugins/Fourier/.build/spec012/confirm-01-transitions/workload-0010-repeat-02.csv,a8f7dad48239f7341154b64565b0dee1432591db44b856cb5542ef2ce63c2c4d,0c817f2ea46a3b554dd5ededc677e6cf16bc396b103c73cfcdfa02c44c5e8a0e,5,smoothing-before-publication,13311,13312,15359,published,-1,"{""alpha"": 0.800000011920929, ""hop"": 2048, ""n"": 2048, ""octave"": 0.3333333432674408, ""rate"": 48000, ""window"": 11}",1,0.020833333333333332,2048,42.666666666666664
3aeff8d50243a034,m1-pro-16gb-local,636f13a16b33617f63d8ff9138910086715d703725514b36c9750786e9b4a7e2,core-double,double,spec012-confirm-01,2,interactive-v1,False,65536,48000,64,/Users/christiankauten/Documents/Projects/Rack/plugins/Fourier/.build/spec012/confirm-01-transitions/workload-0010-repeat-02.csv,a8f7dad48239f7341154b64565b0dee1432591db44b856cb5542ef2ce63c2c4d,0c817f2ea46a3b554dd5ededc677e6cf16bc396b103c73cfcdfa02c44c5e8a0e,6,no-op-boundary,15360,15360,17407,published,-1,"{""alpha"": 0.800000011920929, ""hop"": 2048, ""n"": 2048, ""octave"": 0.3333333432674408, ""rate"": 48000, ""window"": 11}",0,0.0,2047,42.645833333333336
3aeff8d50243a034,m1-pro-16gb-local,636f13a16b33617f63d8ff9138910086715d703725514b36c9750786e9b4a7e2,core-double,double,spec012-confirm-01,2,interactive-v1,False,65536,48000,64,/Users/christiankauten/Documents/Projects/Rack/plugins/Fourier/.build/spec012/confirm-01-transitions/workload-0010-repeat-02.csv,a8f7dad48239f7341154b64565b0dee1432591db44b856cb5542ef2ce63c2c4d,0c817f2ea46a3b554dd5ededc677e6cf16bc396b103c73cfcdfa02c44c5e8a0e,7,replace-pending-first,17409,-1,-1,replaced,8,"{""alpha"": 0.800000011920929, ""hop"": 2048, ""n"": 2048, ""octave"": 0.3333333432674408, ""rate"": 48000, ""window"": 8}",,,,
3aeff8d50243a034,m1-pro-16gb-local,636f13a16b33617f63d8ff9138910086715d703725514b36c9750786e9b4a7e2,core-double,double,spec012-confirm-01,2,interactive-v1,False,65536,48000,64,/Users/christiankauten/Documents/Projects/Rack/plugins/Fourier/.build/spec012/confirm-01-transitions/workload-0010-repeat-02.csv,a8f7dad48239f7341154b64565b0dee1432591db44b856cb5542ef2ce63c2c4d,0c817f2ea46a3b554dd5ededc677e6cf16bc396b103c73cfcdfa02c44c5e8a0e,8,replace-pending-last,17410,19456,21503,published,-1,"{""alpha"": 0, ""hop"": 2048, ""n"": 2048, ""octave"": 0.3333333432674408, ""rate"": 48000, ""window"": 8}",2046,42.625,4093,85.27083333333333
3aeff8d50243a034,m1-pro-16gb-local,636f13a16b33617f63d8ff9138910086715d703725514b36c9750786e9b4a7e2,core-double,double,spec012-confirm-01,2,interactive-v1,False,65536,48000,64,/Users/christiankauten/Documents/Projects/Rack/plugins/Fourier/.build/spec012/confirm-01-transitions/workload-0010-repeat-02.csv,a8f7dad48239f7341154b64565b0dee1432591db44b856cb5542ef2ce63c2c4d,0c817f2ea46a3b554dd5ededc677e6cf16bc396b103c73cfcdfa02c44c5e8a0e,9,hop-decrease-boundary,21504,21504,22015,published,-1,"{""alpha"": 0, ""hop"": 512, ""n"": 2048, ""octave"": 0.3333333432674408, ""rate"": 48000, ""window"": 8}",0,0.0,511,10.645833333333334
3aeff8d50243a034,m1-pro-16gb-local,636f13a16b33617f63d8ff9138910086715d703725514b36c9750786e9b4a7e2,core-double,double,spec012-confirm-01,2,interactive-v1,False,65536,48000,64,/Users/christiankauten/Documents/Projects/Rack/plugins/Fourier/.build/spec012/confirm-01-transitions/workload-0010-repeat-02.csv,a8f7dad48239f7341154b64565b0dee1432591db44b856cb5542ef2ce63c2c4d,0c817f2ea46a3b554dd5ededc677e6cf16bc396b103c73cfcdfa02c44c5e8a0e,10,smoothing-disable,23553,24064,24575,published,-1,"{""alpha"": 0, ""hop"": 512, ""n"": 2048, ""octave"": 0, ""rate"": 48000, ""window"": 8}",511,10.645833333333334,1022,21.291666666666668
3aeff8d50243a034,m1-pro-16gb-local,636f13a16b33617f63d8ff9138910086715d703725514b36c9750786e9b4a7e2,core-double,double,spec012-confirm-01,2,interactive-v1,False,65536,48000,64,/Users/christiankauten/Documents/Projects/Rack/plugins/Fourier/.build/spec012/confirm-01-transitions/workload-0010-repeat-02.csv,a8f7dad48239f7341154b64565b0dee1432591db44b856cb5542ef2ce63c2c4d,0c817f2ea46a3b554dd5ededc677e6cf16bc396b103c73cfcdfa02c44c5e8a0e,11,horizon-no-response,65535,-1,-1,pending-no-response,-1,"{""alpha"": 0, ""hop"": 512, ""n"": 2048, ""octave"": 0, ""rate"": 48000, ""window"": 0}",,,,
3aeff8d50243a034,m1-pro-16gb-local,636f13a16b33617f63d8ff9138910086715d703725514b36c9750786e9b4a7e2,core-double,double,spec012-confirm-02,0,interactive-v1,False,65536,48000,64,/Users/christiankauten/Documents/Projects/Rack/plugins/Fourier/.build/spec012/confirm-02-transitions/workload-0010-repeat-00.csv,8ae2c70bcb5e98ce2f86efa972a11e6b1ab2e9545f3b4d26c87494504473a83e,0c817f2ea46a3b554dd5ededc677e6cf16bc396b103c73cfcdfa02c44c5e8a0e,1,length-increase-boundary,2048,2048,3071,published,-1,"{""alpha"": 0, ""hop"": 1024, ""n"": 16384, ""octave"": 0, ""rate"": 48000, ""window"": 8}",0,0.0,1023,21.3125
3aeff8d50243a034,m1-pro-16gb-local,636f13a16b33617f63d8ff9138910086715d703725514b36c9750786e9b4a7e2,core-double,double,spec012-confirm-02,0,interactive-v1,False,65536,48000,64,/Users/christiankauten/Documents/Projects/Rack/plugins/Fourier/.build/spec012/confirm-02-transitions/workload-0010-repeat-00.csv,8ae2c70bcb5e98ce2f86efa972a11e6b1ab2e9545f3b4d26c87494504473a83e,0c817f2ea46a3b554dd5ededc677e6cf16bc396b103c73cfcdfa02c44c5e8a0e,2,length-decrease-early,4097,5120,6143,published,-1,"{""alpha"": 0, ""hop"": 1024, ""n"": 2048, ""octave"": 0, ""rate"": 48000, ""window"": 8}",1023,21.3125,2046,42.625
3aeff8d50243a034,m1-pro-16gb-local,636f13a16b33617f63d8ff9138910086715d703725514b36c9750786e9b4a7e2,core-double,double,spec012-confirm-02,0,interactive-v1,False,65536,48000,64,/Users/christiankauten/Documents/Projects/Rack/plugins/Fourier/.build/spec012/confirm-02-transitions/workload-0010-repeat-00.csv,8ae2c70bcb5e98ce2f86efa972a11e6b1ab2e9545f3b4d26c87494504473a83e,0c817f2ea46a3b554dd5ededc677e6cf16bc396b103c73cfcdfa02c44c5e8a0e,3,hop-increase-middle,6656,7168,9215,published,-1,"{""alpha"": 0, ""hop"": 2048, ""n"": 2048, ""octave"": 0, ""rate"": 48000, ""window"": 8}",512,10.666666666666666,2559,53.3125
3aeff8d50243a034,m1-pro-16gb-local,636f13a16b33617f63d8ff9138910086715d703725514b36c9750786e9b4a7e2,core-double,double,spec012-confirm-02,0,interactive-v1,False,65536,48000,64,/Users/christiankauten/Documents/Projects/Rack/plugins/Fourier/.build/spec012/confirm-02-transitions/workload-0010-repeat-00.csv,8ae2c70bcb5e98ce2f86efa972a11e6b1ab2e9545f3b4d26c87494504473a83e,0c817f2ea46a3b554dd5ededc677e6cf16bc396b103c73cfcdfa02c44c5e8a0e,4,window-late,11262,11264,13311,published,-1,"{""alpha"": 0, ""hop"": 2048, ""n"": 2048, ""octave"": 0, ""rate"": 48000, ""window"": 11}",2,0.041666666666666664,2049,42.6875
3aeff8d50243a034,m1-pro-16gb-local,636f13a16b33617f63d8ff9138910086715d703725514b36c9750786e9b4a7e2,core-double,double,spec012-confirm-02,0,interactive-v1,False,65536,48000,64,/Users/christiankauten/Documents/Projects/Rack/plugins/Fourier/.build/spec012/confirm-02-transitions/workload-0010-repeat-00.csv,8ae2c70bcb5e98ce2f86efa972a11e6b1ab2e9545f3b4d26c87494504473a83e,0c817f2ea46a3b554dd5ededc677e6cf16bc396b103c73cfcdfa02c44c5e8a0e,5,smoothing-before-publication,13311,13312,15359,published,-1,"{""alpha"": 0.800000011920929, ""hop"": 2048, ""n"": 2048, ""octave"": 0.3333333432674408, ""rate"": 48000, ""window"": 11}",1,0.020833333333333332,2048,42.666666666666664
3aeff8d50243a034,m1-pro-16gb-local,636f13a16b33617f63d8ff9138910086715d703725514b36c9750786e9b4a7e2,core-double,double,spec012-confirm-02,0,interactive-v1,False,65536,48000,64,/Users/christiankauten/Documents/Projects/Rack/plugins/Fourier/.build/spec012/confirm-02-transitions/workload-0010-repeat-00.csv,8ae2c70bcb5e98ce2f86efa972a11e6b1ab2e9545f3b4d26c87494504473a83e,0c817f2ea46a3b554dd5ededc677e6cf16bc396b103c73cfcdfa02c44c5e8a0e,6,no-op-boundary,15360,15360,17407,published,-1,"{""alpha"": 0.800000011920929, ""hop"": 2048, ""n"": 2048, ""octave"": 0.3333333432674408, ""rate"": 48000, ""window"": 11}",0,0.0,2047,42.645833333333336
3aeff8d50243a034,m1-pro-16gb-local,636f13a16b33617f63d8ff9138910086715d703725514b36c9750786e9b4a7e2,core-double,double,spec012-confirm-02,0,interactive-v1,False,65536,48000,64,/Users/christiankauten/Documents/Projects/Rack/plugins/Fourier/.build/spec012/confirm-02-transitions/workload-0010-repeat-00.csv,8ae2c70bcb5e98ce2f86efa972a11e6b1ab2e9545f3b4d26c87494504473a83e,0c817f2ea46a3b554dd5ededc677e6cf16bc396b103c73cfcdfa02c44c5e8a0e,7,replace-pending-first,17409,-1,-1,replaced,8,"{""alpha"": 0.800000011920929, ""hop"": 2048, ""n"": 2048, ""octave"": 0.3333333432674408, ""rate"": 48000, ""window"": 8}",,,,
3aeff8d50243a034,m1-pro-16gb-local,636f13a16b33617f63d8ff9138910086715d703725514b36c9750786e9b4a7e2,core-double,double,spec012-confirm-02,0,interactive-v1,False,65536,48000,64,/Users/christiankauten/Documents/Projects/Rack/plugins/Fourier/.build/spec012/confirm-02-transitions/workload-0010-repeat-00.csv,8ae2c70bcb5e98ce2f86efa972a11e6b1ab2e9545f3b4d26c87494504473a83e,0c817f2ea46a3b554dd5ededc677e6cf16bc396b103c73cfcdfa02c44c5e8a0e,8,replace-pending-last,17410,19456,21503,published,-1,"{""alpha"": 0, ""hop"": 2048, ""n"": 2048, ""octave"": 0.3333333432674408, ""rate"": 48000, ""window"": 8}",2046,42.625,4093,85.27083333333333
3aeff8d50243a034,m1-pro-16gb-local,636f13a16b33617f63d8ff9138910086715d703725514b36c9750786e9b4a7e2,core-double,double,spec012-confirm-02,0,interactive-v1,False,65536,48000,64,/Users/christiankauten/Documents/Projects/Rack/plugins/Fourier/.build/spec012/confirm-02-transitions/workload-0010-repeat-00.csv,8ae2c70bcb5e98ce2f86efa972a11e6b1ab2e9545f3b4d26c87494504473a83e,0c817f2ea46a3b554dd5ededc677e6cf16bc396b103c73cfcdfa02c44c5e8a0e,9,hop-decrease-boundary,21504,21504,22015,published,-1,"{""alpha"": 0, ""hop"": 512, ""n"": 2048, ""octave"": 0.3333333432674408, ""rate"": 48000, ""window"": 8}",0,0.0,511,10.645833333333334
3aeff8d50243a034,m1-pro-16gb-local,636f13a16b33617f63d8ff9138910086715d703725514b36c9750786e9b4a7e2,core-double,double,spec012-confirm-02,0,interactive-v1,False,65536,48000,64,/Users/christiankauten/Documents/Projects/Rack/plugins/Fourier/.build/spec012/confirm-02-transitions/workload-0010-repeat-00.csv,8ae2c70bcb5e98ce2f86efa972a11e6b1ab2e9545f3b4d26c87494504473a83e,0c817f2ea46a3b554dd5ededc677e6cf16bc396b103c73cfcdfa02c44c5e8a0e,10,smoothing-disable,23553,24064,24575,published,-1,"{""alpha"": 0, ""hop"": 512, ""n"": 2048, ""octave"": 0, ""rate"": 48000, ""window"": 8}",511,10.645833333333334,1022,21.291666666666668
3aeff8d50243a034,m1-pro-16gb-local,636f13a16b33617f63d8ff9138910086715d703725514b36c9750786e9b4a7e2,core-double,double,spec012-confirm-02,0,interactive-v1,False,65536,48000,64,/Users/christiankauten/Documents/Projects/Rack/plugins/Fourier/.build/spec012/confirm-02-transitions/workload-0010-repeat-00.csv,8ae2c70bcb5e98ce2f86efa972a11e6b1ab2e9545f3b4d26c87494504473a83e,0c817f2ea46a3b554dd5ededc677e6cf16bc396b103c73cfcdfa02c44c5e8a0e,11,horizon-no-response,65535,-1,-1,pending-no-response,-1,"{""alpha"": 0, ""hop"": 512, ""n"": 2048, ""octave"": 0, ""rate"": 48000, ""window"": 0}",,,,
3aeff8d50243a034,m1-pro-16gb-local,636f13a16b33617f63d8ff9138910086715d703725514b36c9750786e9b4a7e2,core-double,double,spec012-confirm-02,1,interactive-v1,False,65536,48000,64,/Users/christiankauten/Documents/Projects/Rack/plugins/Fourier/.build/spec012/confirm-02-transitions/workload-0010-repeat-01.csv,7ac538f272d4e03925a8f32fadf75ec85b4be12077f9a4d80775521b373560de,0c817f2ea46a3b554dd5ededc677e6cf16bc396b103c73cfcdfa02c44c5e8a0e,1,length-increase-boundary,2048,2048,3071,published,-1,"{""alpha"": 0, ""hop"": 1024, ""n"": 16384, ""octave"": 0, ""rate"": 48000, ""window"": 8}",0,0.0,1023,21.3125
3aeff8d50243a034,m1-pro-16gb-local,636f13a16b33617f63d8ff9138910086715d703725514b36c9750786e9b4a7e2,core-double,double,spec012-confirm-02,1,interactive-v1,False,65536,48000,64,/Users/christiankauten/Documents/Projects/Rack/plugins/Fourier/.build/spec012/confirm-02-transitions/workload-0010-repeat-01.csv,7ac538f272d4e03925a8f32fadf75ec85b4be12077f9a4d80775521b373560de,0c817f2ea46a3b554dd5ededc677e6cf16bc396b103c73cfcdfa02c44c5e8a0e,2,length-decrease-early,4097,5120,6143,published,-1,"{""alpha"": 0, ""hop"": 1024, ""n"": 2048, ""octave"": 0, ""rate"": 48000, ""window"": 8}",1023,21.3125,2046,42.625
3aeff8d50243a034,m1-pro-16gb-local,636f13a16b33617f63d8ff9138910086715d703725514b36c9750786e9b4a7e2,core-double,double,spec012-confirm-02,1,interactive-v1,False,65536,48000,64,/Users/christiankauten/Documents/Projects/Rack/plugins/Fourier/.build/spec012/confirm-02-transitions/workload-0010-repeat-01.csv,7ac538f272d4e03925a8f32fadf75ec85b4be12077f9a4d80775521b373560de,0c817f2ea46a3b554dd5ededc677e6cf16bc396b103c73cfcdfa02c44c5e8a0e,3,hop-increase-middle,6656,7168,9215,published,-1,"{""alpha"": 0, ""hop"": 2048, ""n"": 2048, ""octave"": 0, ""rate"": 48000, ""window"": 8}",512,10.666666666666666,2559,53.3125
3aeff8d50243a034,m1-pro-16gb-local,636f13a16b33617f63d8ff9138910086715d703725514b36c9750786e9b4a7e2,core-double,double,spec012-confirm-02,1,interactive-v1,False,65536,48000,64,/Users/christiankauten/Documents/Projects/Rack/plugins/Fourier/.build/spec012/confirm-02-transitions/workload-0010-repeat-01.csv,7ac538f272d4e03925a8f32fadf75ec85b4be12077f9a4d80775521b373560de,0c817f2ea46a3b554dd5ededc677e6cf16bc396b103c73cfcdfa02c44c5e8a0e,4,window-late,11262,11264,13311,published,-1,"{""alpha"": 0, ""hop"": 2048, ""n"": 2048, ""octave"": 0, ""rate"": 48000, ""window"": 11}",2,0.041666666666666664,2049,42.6875
3aeff8d50243a034,m1-pro-16gb-local,636f13a16b33617f63d8ff9138910086715d703725514b36c9750786e9b4a7e2,core-double,double,spec012-confirm-02,1,interactive-v1,False,65536,48000,64,/Users/christiankauten/Documents/Projects/Rack/plugins/Fourier/.build/spec012/confirm-02-transitions/workload-0010-repeat-01.csv,7ac538f272d4e03925a8f32fadf75ec85b4be12077f9a4d80775521b373560de,0c817f2ea46a3b554dd5ededc677e6cf16bc396b103c73cfcdfa02c44c5e8a0e,5,smoothing-before-publication,13311,13312,15359,published,-1,"{""alpha"": 0.800000011920929, ""hop"": 2048, ""n"": 2048, ""octave"": 0.3333333432674408, ""rate"": 48000, ""window"": 11}",1,0.020833333333333332,2048,42.666666666666664
3aeff8d50243a034,m1-pro-16gb-local,636f13a16b33617f63d8ff9138910086715d703725514b36c9750786e9b4a7e2,core-double,double,spec012-confirm-02,1,interactive-v1,False,65536,48000,64,/Users/christiankauten/Documents/Projects/Rack/plugins/Fourier/.build/spec012/confirm-02-transitions/workload-0010-repeat-01.csv,7ac538f272d4e03925a8f32fadf75ec85b4be12077f9a4d80775521b373560de,0c817f2ea46a3b554dd5ededc677e6cf16bc396b103c73cfcdfa02c44c5e8a0e,6,no-op-boundary,15360,15360,17407,published,-1,"{""alpha"": 0.800000011920929, ""hop"": 2048, ""n"": 2048, ""octave"": 0.3333333432674408, ""rate"": 48000, ""window"": 11}",0,0.0,2047,42.645833333333336
3aeff8d50243a034,m1-pro-16gb-local,636f13a16b33617f63d8ff9138910086715d703725514b36c9750786e9b4a7e2,core-double,double,spec012-confirm-02,1,interactive-v1,False,65536,48000,64,/Users/christiankauten/Documents/Projects/Rack/plugins/Fourier/.build/spec012/confirm-02-transitions/workload-0010-repeat-01.csv,7ac538f272d4e03925a8f32fadf75ec85b4be12077f9a4d80775521b373560de,0c817f2ea46a3b554dd5ededc677e6cf16bc396b103c73cfcdfa02c44c5e8a0e,7,replace-pending-first,17409,-1,-1,replaced,8,"{""alpha"": 0.800000011920929, ""hop"": 2048, ""n"": 2048, ""octave"": 0.3333333432674408, ""rate"": 48000, ""window"": 8}",,,,
3aeff8d50243a034,m1-pro-16gb-local,636f13a16b33617f63d8ff9138910086715d703725514b36c9750786e9b4a7e2,core-double,double,spec012-confirm-02,1,interactive-v1,False,65536,48000,64,/Users/christiankauten/Documents/Projects/Rack/plugins/Fourier/.build/spec012/confirm-02-transitions/workload-0010-repeat-01.csv,7ac538f272d4e03925a8f32fadf75ec85b4be12077f9a4d80775521b373560de,0c817f2ea46a3b554dd5ededc677e6cf16bc396b103c73cfcdfa02c44c5e8a0e,8,replace-pending-last,17410,19456,21503,published,-1,"{""alpha"": 0, ""hop"": 2048, ""n"": 2048, ""octave"": 0.3333333432674408, ""rate"": 48000, ""window"": 8}",2046,42.625,4093,85.27083333333333
3aeff8d50243a034,m1-pro-16gb-local,636f13a16b33617f63d8ff9138910086715d703725514b36c9750786e9b4a7e2,core-double,double,spec012-confirm-02,1,interactive-v1,False,65536,48000,64,/Users/christiankauten/Documents/Projects/Rack/plugins/Fourier/.build/spec012/confirm-02-transitions/workload-0010-repeat-01.csv,7ac538f272d4e03925a8f32fadf75ec85b4be12077f9a4d80775521b373560de,0c817f2ea46a3b554dd5ededc677e6cf16bc396b103c73cfcdfa02c44c5e8a0e,9,hop-decrease-boundary,21504,21504,22015,published,-1,"{""alpha"": 0, ""hop"": 512, ""n"": 2048, ""octave"": 0.3333333432674408, ""rate"": 48000, ""window"": 8}",0,0.0,511,10.645833333333334
3aeff8d50243a034,m1-pro-16gb-local,636f13a16b33617f63d8ff9138910086715d703725514b36c9750786e9b4a7e2,core-double,double,spec012-confirm-02,1,interactive-v1,False,65536,48000,64,/Users/christiankauten/Documents/Projects/Rack/plugins/Fourier/.build/spec012/confirm-02-transitions/workload-0010-repeat-01.csv,7ac538f272d4e03925a8f32fadf75ec85b4be12077f9a4d80775521b373560de,0c817f2ea46a3b554dd5ededc677e6cf16bc396b103c73cfcdfa02c44c5e8a0e,10,smoothing-disable,23553,24064,24575,published,-1,"{""alpha"": 0, ""hop"": 512, ""n"": 2048, ""octave"": 0, ""rate"": 48000, ""window"": 8}",511,10.645833333333334,1022,21.291666666666668
3aeff8d50243a034,m1-pro-16gb-local,636f13a16b33617f63d8ff9138910086715d703725514b36c9750786e9b4a7e2,core-double,double,spec012-confirm-02,1,interactive-v1,False,65536,48000,64,/Users/christiankauten/Documents/Projects/Rack/plugins/Fourier/.build/spec012/confirm-02-transitions/workload-0010-repeat-01.csv,7ac538f272d4e03925a8f32fadf75ec85b4be12077f9a4d80775521b373560de,0c817f2ea46a3b554dd5ededc677e6cf16bc396b103c73cfcdfa02c44c5e8a0e,11,horizon-no-response,65535,-1,-1,pending-no-response,-1,"{""alpha"": 0, ""hop"": 512, ""n"": 2048, ""octave"": 0, ""rate"": 48000, ""window"": 0}",,,,
3aeff8d50243a034,m1-pro-16gb-local,636f13a16b33617f63d8ff9138910086715d703725514b36c9750786e9b4a7e2,core-double,double,spec012-confirm-02,2,interactive-v1,False,65536,48000,64,/Users/christiankauten/Documents/Projects/Rack/plugins/Fourier/.build/spec012/confirm-02-transitions/workload-0010-repeat-02.csv,5ae55e5210ce6f435376e134c30dbcc44684363bc39d2a5968ec5b42786fcb95,0c817f2ea46a3b554dd5ededc677e6cf16bc396b103c73cfcdfa02c44c5e8a0e,1,length-increase-boundary,2048,2048,3071,published,-1,"{""alpha"": 0, ""hop"": 1024, ""n"": 16384, ""octave"": 0, ""rate"": 48000, ""window"": 8}",0,0.0,1023,21.3125
3aeff8d50243a034,m1-pro-16gb-local,636f13a16b33617f63d8ff9138910086715d703725514b36c9750786e9b4a7e2,core-double,double,spec012-confirm-02,2,interactive-v1,False,65536,48000,64,/Users/christiankauten/Documents/Projects/Rack/plugins/Fourier/.build/spec012/confirm-02-transitions/workload-0010-repeat-02.csv,5ae55e5210ce6f435376e134c30dbcc44684363bc39d2a5968ec5b42786fcb95,0c817f2ea46a3b554dd5ededc677e6cf16bc396b103c73cfcdfa02c44c5e8a0e,2,length-decrease-early,4097,5120,6143,published,-1,"{""alpha"": 0, ""hop"": 1024, ""n"": 2048, ""octave"": 0, ""rate"": 48000, ""window"": 8}",1023,21.3125,2046,42.625
3aeff8d50243a034,m1-pro-16gb-local,636f13a16b33617f63d8ff9138910086715d703725514b36c9750786e9b4a7e2,core-double,double,spec012-confirm-02,2,interactive-v1,False,65536,48000,64,/Users/christiankauten/Documents/Projects/Rack/plugins/Fourier/.build/spec012/confirm-02-transitions/workload-0010-repeat-02.csv,5ae55e5210ce6f435376e134c30dbcc44684363bc39d2a5968ec5b42786fcb95,0c817f2ea46a3b554dd5ededc677e6cf16bc396b103c73cfcdfa02c44c5e8a0e,3,hop-increase-middle,6656,7168,9215,published,-1,"{""alpha"": 0, ""hop"": 2048, ""n"": 2048, ""octave"": 0, ""rate"": 48000, ""window"": 8}",512,10.666666666666666,2559,53.3125
3aeff8d50243a034,m1-pro-16gb-local,636f13a16b33617f63d8ff9138910086715d703725514b36c9750786e9b4a7e2,core-double,double,spec012-confirm-02,2,interactive-v1,False,65536,48000,64,/Users/christiankauten/Documents/Projects/Rack/plugins/Fourier/.build/spec012/confirm-02-transitions/workload-0010-repeat-02.csv,5ae55e5210ce6f435376e134c30dbcc44684363bc39d2a5968ec5b42786fcb95,0c817f2ea46a3b554dd5ededc677e6cf16bc396b103c73cfcdfa02c44c5e8a0e,4,window-late,11262,11264,13311,published,-1,"{""alpha"": 0, ""hop"": 2048, ""n"": 2048, ""octave"": 0, ""rate"": 48000, ""window"": 11}",2,0.041666666666666664,2049,42.6875
3aeff8d50243a034,m1-pro-16gb-local,636f13a16b33617f63d8ff9138910086715d703725514b36c9750786e9b4a7e2,core-double,double,spec012-confirm-02,2,interactive-v1,False,65536,48000,64,/Users/christiankauten/Documents/Projects/Rack/plugins/Fourier/.build/spec012/confirm-02-transitions/workload-0010-repeat-02.csv,5ae55e5210ce6f435376e134c30dbcc44684363bc39d2a5968ec5b42786fcb95,0c817f2ea46a3b554dd5ededc677e6cf16bc396b103c73cfcdfa02c44c5e8a0e,5,smoothing-before-publication,13311,13312,15359,published,-1,"{""alpha"": 0.800000011920929, ""hop"": 2048, ""n"": 2048, ""octave"": 0.3333333432674408, ""rate"": 48000, ""window"": 11}",1,0.020833333333333332,2048,42.666666666666664
3aeff8d50243a034,m1-pro-16gb-local,636f13a16b33617f63d8ff9138910086715d703725514b36c9750786e9b4a7e2,core-double,double,spec012-confirm-02,2,interactive-v1,False,65536,48000,64,/Users/christiankauten/Documents/Projects/Rack/plugins/Fourier/.build/spec012/confirm-02-transitions/workload-0010-repeat-02.csv,5ae55e5210ce6f435376e134c30dbcc44684363bc39d2a5968ec5b42786fcb95,0c817f2ea46a3b554dd5ededc677e6cf16bc396b103c73cfcdfa02c44c5e8a0e,6,no-op-boundary,15360,15360,17407,published,-1,"{""alpha"": 0.800000011920929, ""hop"": 2048, ""n"": 2048, ""octave"": 0.3333333432674408, ""rate"": 48000, ""window"": 11}",0,0.0,2047,42.645833333333336
3aeff8d50243a034,m1-pro-16gb-local,636f13a16b33617f63d8ff9138910086715d703725514b36c9750786e9b4a7e2,core-double,double,spec012-confirm-02,2,interactive-v1,False,65536,48000,64,/Users/christiankauten/Documents/Projects/Rack/plugins/Fourier/.build/spec012/confirm-02-transitions/workload-0010-repeat-02.csv,5ae55e5210ce6f435376e134c30dbcc44684363bc39d2a5968ec5b42786fcb95,0c817f2ea46a3b554dd5ededc677e6cf16bc396b103c73cfcdfa02c44c5e8a0e,7,replace-pending-first,17409,-1,-1,replaced,8,"{""alpha"": 0.800000011920929, ""hop"": 2048, ""n"": 2048, ""octave"": 0.3333333432674408, ""rate"": 48000, ""window"": 8}",,,,
3aeff8d50243a034,m1-pro-16gb-local,636f13a16b33617f63d8ff9138910086715d703725514b36c9750786e9b4a7e2,core-double,double,spec012-confirm-02,2,interactive-v1,False,65536,48000,64,/Users/christiankauten/Documents/Projects/Rack/plugins/Fourier/.build/spec012/confirm-02-transitions/workload-0010-repeat-02.csv,5ae55e5210ce6f435376e134c30dbcc44684363bc39d2a5968ec5b42786fcb95,0c817f2ea46a3b554dd5ededc677e6cf16bc396b103c73cfcdfa02c44c5e8a0e,8,replace-pending-last,17410,19456,21503,published,-1,"{""alpha"": 0, ""hop"": 2048, ""n"": 2048, ""octave"": 0.3333333432674408, ""rate"": 48000, ""window"": 8}",2046,42.625,4093,85.27083333333333
3aeff8d50243a034,m1-pro-16gb-local,636f13a16b33617f63d8ff9138910086715d703725514b36c9750786e9b4a7e2,core-double,double,spec012-confirm-02,2,interactive-v1,False,65536,48000,64,/Users/christiankauten/Documents/Projects/Rack/plugins/Fourier/.build/spec012/confirm-02-transitions/workload-0010-repeat-02.csv,5ae55e5210ce6f435376e134c30dbcc44684363bc39d2a5968ec5b42786fcb95,0c817f2ea46a3b554dd5ededc677e6cf16bc396b103c73cfcdfa02c44c5e8a0e,9,hop-decrease-boundary,21504,21504,22015,published,-1,"{""alpha"": 0, ""hop"": 512, ""n"": 2048, ""octave"": 0.3333333432674408, ""rate"": 48000, ""window"": 8}",0,0.0,511,10.645833333333334
3aeff8d50243a034,m1-pro-16gb-local,636f13a16b33617f63d8ff9138910086715d703725514b36c9750786e9b4a7e2,core-double,double,spec012-confirm-02,2,interactive-v1,False,65536,48000,64,/Users/christiankauten/Documents/Projects/Rack/plugins/Fourier/.build/spec012/confirm-02-transitions/workload-0010-repeat-02.csv,5ae55e5210ce6f435376e134c30dbcc44684363bc39d2a5968ec5b42786fcb95,0c817f2ea46a3b554dd5ededc677e6cf16bc396b103c73cfcdfa02c44c5e8a0e,10,smoothing-disable,23553,24064,24575,published,-1,"{""alpha"": 0, ""hop"": 512, ""n"": 2048, ""octave"": 0, ""rate"": 48000, ""window"": 8}",511,10.645833333333334,1022,21.291666666666668
3aeff8d50243a034,m1-pro-16gb-local,636f13a16b33617f63d8ff9138910086715d703725514b36c9750786e9b4a7e2,core-double,double,spec012-confirm-02,2,interactive-v1,False,65536,48000,64,/Users/christiankauten/Documents/Projects/Rack/plugins/Fourier/.build/spec012/confirm-02-transitions/workload-0010-repeat-02.csv,5ae55e5210ce6f435376e134c30dbcc44684363bc39d2a5968ec5b42786fcb95,0c817f2ea46a3b554dd5ededc677e6cf16bc396b103c73cfcdfa02c44c5e8a0e,11,horizon-no-response,65535,-1,-1,pending-no-response,-1,"{""alpha"": 0, ""hop"": 512, ""n"": 2048, ""octave"": 0, ""rate"": 48000, ""window"": 0}",,,,
3aeff8d50243a034,m1-pro-16gb-local,636f13a16b33617f63d8ff9138910086715d703725514b36c9750786e9b4a7e2,core-double,double,spec012-confirm-03,0,interactive-v1,False,65536,48000,64,/Users/christiankauten/Documents/Projects/Rack/plugins/Fourier/.build/spec012/confirm-03-transitions/workload-0010-repeat-00.csv,bbae93097cf4455c66b76966d9af36bac58f37d590ce05973be3a59c7b889292,0c817f2ea46a3b554dd5ededc677e6cf16bc396b103c73cfcdfa02c44c5e8a0e,1,length-increase-boundary,2048,2048,3071,published,-1,"{""alpha"": 0, ""hop"": 1024, ""n"": 16384, ""octave"": 0, ""rate"": 48000, ""window"": 8}",0,0.0,1023,21.3125
3aeff8d50243a034,m1-pro-16gb-local,636f13a16b33617f63d8ff9138910086715d703725514b36c9750786e9b4a7e2,core-double,double,spec012-confirm-03,0,interactive-v1,False,65536,48000,64,/Users/christiankauten/Documents/Projects/Rack/plugins/Fourier/.build/spec012/confirm-03-transitions/workload-0010-repeat-00.csv,bbae93097cf4455c66b76966d9af36bac58f37d590ce05973be3a59c7b889292,0c817f2ea46a3b554dd5ededc677e6cf16bc396b103c73cfcdfa02c44c5e8a0e,2,length-decrease-early,4097,5120,6143,published,-1,"{""alpha"": 0, ""hop"": 1024, ""n"": 2048, ""octave"": 0, ""rate"": 48000, ""window"": 8}",1023,21.3125,2046,42.625
3aeff8d50243a034,m1-pro-16gb-local,636f13a16b33617f63d8ff9138910086715d703725514b36c9750786e9b4a7e2,core-double,double,spec012-confirm-03,0,interactive-v1,False,65536,48000,64,/Users/christiankauten/Documents/Projects/Rack/plugins/Fourier/.build/spec012/confirm-03-transitions/workload-0010-repeat-00.csv,bbae93097cf4455c66b76966d9af36bac58f37d590ce05973be3a59c7b889292,0c817f2ea46a3b554dd5ededc677e6cf16bc396b103c73cfcdfa02c44c5e8a0e,3,hop-increase-middle,6656,7168,9215,published,-1,"{""alpha"": 0, ""hop"": 2048, ""n"": 2048, ""octave"": 0, ""rate"": 48000, ""window"": 8}",512,10.666666666666666,2559,53.3125
3aeff8d50243a034,m1-pro-16gb-local,636f13a16b33617f63d8ff9138910086715d703725514b36c9750786e9b4a7e2,core-double,double,spec012-confirm-03,0,interactive-v1,False,65536,48000,64,/Users/christiankauten/Documents/Projects/Rack/plugins/Fourier/.build/spec012/confirm-03-transitions/workload-0010-repeat-00.csv,bbae93097cf4455c66b76966d9af36bac58f37d590ce05973be3a59c7b889292,0c817f2ea46a3b554dd5ededc677e6cf16bc396b103c73cfcdfa02c44c5e8a0e,4,window-late,11262,11264,13311,published,-1,"{""alpha"": 0, ""hop"": 2048, ""n"": 2048, ""octave"": 0, ""rate"": 48000, ""window"": 11}",2,0.041666666666666664,2049,42.6875
3aeff8d50243a034,m1-pro-16gb-local,636f13a16b33617f63d8ff9138910086715d703725514b36c9750786e9b4a7e2,core-double,double,spec012-confirm-03,0,interactive-v1,False,65536,48000,64,/Users/christiankauten/Documents/Projects/Rack/plugins/Fourier/.build/spec012/confirm-03-transitions/workload-0010-repeat-00.csv,bbae93097cf4455c66b76966d9af36bac58f37d590ce05973be3a59c7b889292,0c817f2ea46a3b554dd5ededc677e6cf16bc396b103c73cfcdfa02c44c5e8a0e,5,smoothing-before-publication,13311,13312,15359,published,-1,"{""alpha"": 0.800000011920929, ""hop"": 2048, ""n"": 2048, ""octave"": 0.3333333432674408, ""rate"": 48000, ""window"": 11}",1,0.020833333333333332,2048,42.666666666666664
3aeff8d50243a034,m1-pro-16gb-local,636f13a16b33617f63d8ff9138910086715d703725514b36c9750786e9b4a7e2,core-double,double,spec012-confirm-03,0,interactive-v1,False,65536,48000,64,/Users/christiankauten/Documents/Projects/Rack/plugins/Fourier/.build/spec012/confirm-03-transitions/workload-0010-repeat-00.csv,bbae93097cf4455c66b76966d9af36bac58f37d590ce05973be3a59c7b889292,0c817f2ea46a3b554dd5ededc677e6cf16bc396b103c73cfcdfa02c44c5e8a0e,6,no-op-boundary,15360,15360,17407,published,-1,"{""alpha"": 0.800000011920929, ""hop"": 2048, ""n"": 2048, ""octave"": 0.3333333432674408, ""rate"": 48000, ""window"": 11}",0,0.0,2047,42.645833333333336
3aeff8d50243a034,m1-pro-16gb-local,636f13a16b33617f63d8ff9138910086715d703725514b36c9750786e9b4a7e2,core-double,double,spec012-confirm-03,0,interactive-v1,False,65536,48000,64,/Users/christiankauten/Documents/Projects/Rack/plugins/Fourier/.build/spec012/confirm-03-transitions/workload-0010-repeat-00.csv,bbae93097cf4455c66b76966d9af36bac58f37d590ce05973be3a59c7b889292,0c817f2ea46a3b554dd5ededc677e6cf16bc396b103c73cfcdfa02c44c5e8a0e,7,replace-pending-first,17409,-1,-1,replaced,8,"{""alpha"": 0.800000011920929, ""hop"": 2048, ""n"": 2048, ""octave"": 0.3333333432674408, ""rate"": 48000, ""window"": 8}",,,,
3aeff8d50243a034,m1-pro-16gb-local,636f13a16b33617f63d8ff9138910086715d703725514b36c9750786e9b4a7e2,core-double,double,spec012-confirm-03,0,interactive-v1,False,65536,48000,64,/Users/christiankauten/Documents/Projects/Rack/plugins/Fourier/.build/spec012/confirm-03-transitions/workload-0010-repeat-00.csv,bbae93097cf4455c66b76966d9af36bac58f37d590ce05973be3a59c7b889292,0c817f2ea46a3b554dd5ededc677e6cf16bc396b103c73cfcdfa02c44c5e8a0e,8,replace-pending-last,17410,19456,21503,published,-1,"{""alpha"": 0, ""hop"": 2048, ""n"": 2048, ""octave"": 0.3333333432674408, ""rate"": 48000, ""window"": 8}",2046,42.625,4093,85.27083333333333
3aeff8d50243a034,m1-pro-16gb-local,636f13a16b33617f63d8ff9138910086715d703725514b36c9750786e9b4a7e2,core-double,double,spec012-confirm-03,0,interactive-v1,False,65536,48000,64,/Users/christiankauten/Documents/Projects/Rack/plugins/Fourier/.build/spec012/confirm-03-transitions/workload-0010-repeat-00.csv,bbae93097cf4455c66b76966d9af36bac58f37d590ce05973be3a59c7b889292,0c817f2ea46a3b554dd5ededc677e6cf16bc396b103c73cfcdfa02c44c5e8a0e,9,hop-decrease-boundary,21504,21504,22015,published,-1,"{""alpha"": 0, ""hop"": 512, ""n"": 2048, ""octave"": 0.3333333432674408, ""rate"": 48000, ""window"": 8}",0,0.0,511,10.645833333333334
3aeff8d50243a034,m1-pro-16gb-local,636f13a16b33617f63d8ff9138910086715d703725514b36c9750786e9b4a7e2,core-double,double,spec012-confirm-03,0,interactive-v1,False,65536,48000,64,/Users/christiankauten/Documents/Projects/Rack/plugins/Fourier/.build/spec012/confirm-03-transitions/workload-0010-repeat-00.csv,bbae93097cf4455c66b76966d9af36bac58f37d590ce05973be3a59c7b889292,0c817f2ea46a3b554dd5ededc677e6cf16bc396b103c73cfcdfa02c44c5e8a0e,10,smoothing-disable,23553,24064,24575,published,-1,"{""alpha"": 0, ""hop"": 512, ""n"": 2048, ""octave"": 0, ""rate"": 48000, ""window"": 8}",511,10.645833333333334,1022,21.291666666666668
3aeff8d50243a034,m1-pro-16gb-local,636f13a16b33617f63d8ff9138910086715d703725514b36c9750786e9b4a7e2,core-double,double,spec012-confirm-03,0,interactive-v1,False,65536,48000,64,/Users/christiankauten/Documents/Projects/Rack/plugins/Fourier/.build/spec012/confirm-03-transitions/workload-0010-repeat-00.csv,bbae93097cf4455c66b76966d9af36bac58f37d590ce05973be3a59c7b889292,0c817f2ea46a3b554dd5ededc677e6cf16bc396b103c73cfcdfa02c44c5e8a0e,11,horizon-no-response,65535,-1,-1,pending-no-response,-1,"{""alpha"": 0, ""hop"": 512, ""n"": 2048, ""octave"": 0, ""rate"": 48000, ""window"": 0}",,,,
3aeff8d50243a034,m1-pro-16gb-local,636f13a16b33617f63d8ff9138910086715d703725514b36c9750786e9b4a7e2,core-double,double,spec012-confirm-03,1,interactive-v1,False,65536,48000,64,/Users/christiankauten/Documents/Projects/Rack/plugins/Fourier/.build/spec012/confirm-03-transitions/workload-0010-repeat-01.csv,d53d69eacf91ca14ca5380ec0726640e123770cf7ca0901c2a5dc203b999b043,0c817f2ea46a3b554dd5ededc677e6cf16bc396b103c73cfcdfa02c44c5e8a0e,1,length-increase-boundary,2048,2048,3071,published,-1,"{""alpha"": 0, ""hop"": 1024, ""n"": 16384, ""octave"": 0, ""rate"": 48000, ""window"": 8}",0,0.0,1023,21.3125
3aeff8d50243a034,m1-pro-16gb-local,636f13a16b33617f63d8ff9138910086715d703725514b36c9750786e9b4a7e2,core-double,double,spec012-confirm-03,1,interactive-v1,False,65536,48000,64,/Users/christiankauten/Documents/Projects/Rack/plugins/Fourier/.build/spec012/confirm-03-transitions/workload-0010-repeat-01.csv,d53d69eacf91ca14ca5380ec0726640e123770cf7ca0901c2a5dc203b999b043,0c817f2ea46a3b554dd5ededc677e6cf16bc396b103c73cfcdfa02c44c5e8a0e,2,length-decrease-early,4097,5120,6143,published,-1,"{""alpha"": 0, ""hop"": 1024, ""n"": 2048, ""octave"": 0, ""rate"": 48000, ""window"": 8}",1023,21.3125,2046,42.625
3aeff8d50243a034,m1-pro-16gb-local,636f13a16b33617f63d8ff9138910086715d703725514b36c9750786e9b4a7e2,core-double,double,spec012-confirm-03,1,interactive-v1,False,65536,48000,64,/Users/christiankauten/Documents/Projects/Rack/plugins/Fourier/.build/spec012/confirm-03-transitions/workload-0010-repeat-01.csv,d53d69eacf91ca14ca5380ec0726640e123770cf7ca0901c2a5dc203b999b043,0c817f2ea46a3b554dd5ededc677e6cf16bc396b103c73cfcdfa02c44c5e8a0e,3,hop-increase-middle,6656,7168,9215,published,-1,"{""alpha"": 0, ""hop"": 2048, ""n"": 2048, ""octave"": 0, ""rate"": 48000, ""window"": 8}",512,10.666666666666666,2559,53.3125
3aeff8d50243a034,m1-pro-16gb-local,636f13a16b33617f63d8ff9138910086715d703725514b36c9750786e9b4a7e2,core-double,double,spec012-confirm-03,1,interactive-v1,False,65536,48000,64,/Users/christiankauten/Documents/Projects/Rack/plugins/Fourier/.build/spec012/confirm-03-transitions/workload-0010-repeat-01.csv,d53d69eacf91ca14ca5380ec0726640e123770cf7ca0901c2a5dc203b999b043,0c817f2ea46a3b554dd5ededc677e6cf16bc396b103c73cfcdfa02c44c5e8a0e,4,window-late,11262,11264,13311,published,-1,"{""alpha"": 0, ""hop"": 2048, ""n"": 2048, ""octave"": 0, ""rate"": 48000, ""window"": 11}",2,0.041666666666666664,2049,42.6875
3aeff8d50243a034,m1-pro-16gb-local,636f13a16b33617f63d8ff9138910086715d703725514b36c9750786e9b4a7e2,core-double,double,spec012-confirm-03,1,interactive-v1,False,65536,48000,64,/Users/christiankauten/Documents/Projects/Rack/plugins/Fourier/.build/spec012/confirm-03-transitions/workload-0010-repeat-01.csv,d53d69eacf91ca14ca5380ec0726640e123770cf7ca0901c2a5dc203b999b043,0c817f2ea46a3b554dd5ededc677e6cf16bc396b103c73cfcdfa02c44c5e8a0e,5,smoothing-before-publication,13311,13312,15359,published,-1,"{""alpha"": 0.800000011920929, ""hop"": 2048, ""n"": 2048, ""octave"": 0.3333333432674408, ""rate"": 48000, ""window"": 11}",1,0.020833333333333332,2048,42.666666666666664
3aeff8d50243a034,m1-pro-16gb-local,636f13a16b33617f63d8ff9138910086715d703725514b36c9750786e9b4a7e2,core-double,double,spec012-confirm-03,1,interactive-v1,False,65536,48000,64,/Users/christiankauten/Documents/Projects/Rack/plugins/Fourier/.build/spec012/confirm-03-transitions/workload-0010-repeat-01.csv,d53d69eacf91ca14ca5380ec0726640e123770cf7ca0901c2a5dc203b999b043,0c817f2ea46a3b554dd5ededc677e6cf16bc396b103c73cfcdfa02c44c5e8a0e,6,no-op-boundary,15360,15360,17407,published,-1,"{""alpha"": 0.800000011920929, ""hop"": 2048, ""n"": 2048, ""octave"": 0.3333333432674408, ""rate"": 48000, ""window"": 11}",0,0.0,2047,42.645833333333336
3aeff8d50243a034,m1-pro-16gb-local,636f13a16b33617f63d8ff9138910086715d703725514b36c9750786e9b4a7e2,core-double,double,spec012-confirm-03,1,interactive-v1,False,65536,48000,64,/Users/christiankauten/Documents/Projects/Rack/plugins/Fourier/.build/spec012/confirm-03-transitions/workload-0010-repeat-01.csv,d53d69eacf91ca14ca5380ec0726640e123770cf7ca0901c2a5dc203b999b043,0c817f2ea46a3b554dd5ededc677e6cf16bc396b103c73cfcdfa02c44c5e8a0e,7,replace-pending-first,17409,-1,-1,replaced,8,"{""alpha"": 0.800000011920929, ""hop"": 2048, ""n"": 2048, ""octave"": 0.3333333432674408, ""rate"": 48000, ""window"": 8}",,,,
3aeff8d50243a034,m1-pro-16gb-local,636f13a16b33617f63d8ff9138910086715d703725514b36c9750786e9b4a7e2,core-double,double,spec012-confirm-03,1,interactive-v1,False,65536,48000,64,/Users/christiankauten/Documents/Projects/Rack/plugins/Fourier/.build/spec012/confirm-03-transitions/workload-0010-repeat-01.csv,d53d69eacf91ca14ca5380ec0726640e123770cf7ca0901c2a5dc203b999b043,0c817f2ea46a3b554dd5ededc677e6cf16bc396b103c73cfcdfa02c44c5e8a0e,8,replace-pending-last,17410,19456,21503,published,-1,"{""alpha"": 0, ""hop"": 2048, ""n"": 2048, ""octave"": 0.3333333432674408, ""rate"": 48000, ""window"": 8}",2046,42.625,4093,85.27083333333333
3aeff8d50243a034,m1-pro-16gb-local,636f13a16b33617f63d8ff9138910086715d703725514b36c9750786e9b4a7e2,core-double,double,spec012-confirm-03,1,interactive-v1,False,65536,48000,64,/Users/christiankauten/Documents/Projects/Rack/plugins/Fourier/.build/spec012/confirm-03-transitions/workload-0010-repeat-01.csv,d53d69eacf91ca14ca5380ec0726640e123770cf7ca0901c2a5dc203b999b043,0c817f2ea46a3b554dd5ededc677e6cf16bc396b103c73cfcdfa02c44c5e8a0e,9,hop-decrease-boundary,21504,21504,22015,published,-1,"{""alpha"": 0, ""hop"": 512, ""n"": 2048, ""octave"": 0.3333333432674408, ""rate"": 48000, ""window"": 8}",0,0.0,511,10.645833333333334
3aeff8d50243a034,m1-pro-16gb-local,636f13a16b33617f63d8ff9138910086715d703725514b36c9750786e9b4a7e2,core-double,double,spec012-confirm-03,1,interactive-v1,False,65536,48000,64,/Users/christiankauten/Documents/Projects/Rack/plugins/Fourier/.build/spec012/confirm-03-transitions/workload-0010-repeat-01.csv,d53d69eacf91ca14ca5380ec0726640e123770cf7ca0901c2a5dc203b999b043,0c817f2ea46a3b554dd5ededc677e6cf16bc396b103c73cfcdfa02c44c5e8a0e,10,smoothing-disable,23553,24064,24575,published,-1,"{""alpha"": 0, ""hop"": 512, ""n"": 2048, ""octave"": 0, ""rate"": 48000, ""window"": 8}",511,10.645833333333334,1022,21.291666666666668
3aeff8d50243a034,m1-pro-16gb-local,636f13a16b33617f63d8ff9138910086715d703725514b36c9750786e9b4a7e2,core-double,double,spec012-confirm-03,1,interactive-v1,False,65536,48000,64,/Users/christiankauten/Documents/Projects/Rack/plugins/Fourier/.build/spec012/confirm-03-transitions/workload-0010-repeat-01.csv,d53d69eacf91ca14ca5380ec0726640e123770cf7ca0901c2a5dc203b999b043,0c817f2ea46a3b554dd5ededc677e6cf16bc396b103c73cfcdfa02c44c5e8a0e,11,horizon-no-response,65535,-1,-1,pending-no-response,-1,"{""alpha"": 0, ""hop"": 512, ""n"": 2048, ""octave"": 0, ""rate"": 48000, ""window"": 0}",,,,
3aeff8d50243a034,m1-pro-16gb-local,636f13a16b33617f63d8ff9138910086715d703725514b36c9750786e9b4a7e2,core-double,double,spec012-confirm-03,2,interactive-v1,False,65536,48000,64,/Users/christiankauten/Documents/Projects/Rack/plugins/Fourier/.build/spec012/confirm-03-transitions/workload-0010-repeat-02.csv,67a06ee64589953ef5ffd5608746c4336be689b5b6470ff456e9237dd348f3fc,0c817f2ea46a3b554dd5ededc677e6cf16bc396b103c73cfcdfa02c44c5e8a0e,1,length-increase-boundary,2048,2048,3071,published,-1,"{""alpha"": 0, ""hop"": 1024, ""n"": 16384, ""octave"": 0, ""rate"": 48000, ""window"": 8}",0,0.0,1023,21.3125
3aeff8d50243a034,m1-pro-16gb-local,636f13a16b33617f63d8ff9138910086715d703725514b36c9750786e9b4a7e2,core-double,double,spec012-confirm-03,2,interactive-v1,False,65536,48000,64,/Users/christiankauten/Documents/Projects/Rack/plugins/Fourier/.build/spec012/confirm-03-transitions/workload-0010-repeat-02.csv,67a06ee64589953ef5ffd5608746c4336be689b5b6470ff456e9237dd348f3fc,0c817f2ea46a3b554dd5ededc677e6cf16bc396b103c73cfcdfa02c44c5e8a0e,2,length-decrease-early,4097,5120,6143,published,-1,"{""alpha"": 0, ""hop"": 1024, ""n"": 2048, ""octave"": 0, ""rate"": 48000, ""window"": 8}",1023,21.3125,2046,42.625
3aeff8d50243a034,m1-pro-16gb-local,636f13a16b33617f63d8ff9138910086715d703725514b36c9750786e9b4a7e2,core-double,double,spec012-confirm-03,2,interactive-v1,False,65536,48000,64,/Users/christiankauten/Documents/Projects/Rack/plugins/Fourier/.build/spec012/confirm-03-transitions/workload-0010-repeat-02.csv,67a06ee64589953ef5ffd5608746c4336be689b5b6470ff456e9237dd348f3fc,0c817f2ea46a3b554dd5ededc677e6cf16bc396b103c73cfcdfa02c44c5e8a0e,3,hop-increase-middle,6656,7168,9215,published,-1,"{""alpha"": 0, ""hop"": 2048, ""n"": 2048, ""octave"": 0, ""rate"": 48000, ""window"": 8}",512,10.666666666666666,2559,53.3125
3aeff8d50243a034,m1-pro-16gb-local,636f13a16b33617f63d8ff9138910086715d703725514b36c9750786e9b4a7e2,core-double,double,spec012-confirm-03,2,interactive-v1,False,65536,48000,64,/Users/christiankauten/Documents/Projects/Rack/plugins/Fourier/.build/spec012/confirm-03-transitions/workload-0010-repeat-02.csv,67a06ee64589953ef5ffd5608746c4336be689b5b6470ff456e9237dd348f3fc,0c817f2ea46a3b554dd5ededc677e6cf16bc396b103c73cfcdfa02c44c5e8a0e,4,window-late,11262,11264,13311,published,-1,"{""alpha"": 0, ""hop"": 2048, ""n"": 2048, ""octave"": 0, ""rate"": 48000, ""window"": 11}",2,0.041666666666666664,2049,42.6875
3aeff8d50243a034,m1-pro-16gb-local,636f13a16b33617f63d8ff9138910086715d703725514b36c9750786e9b4a7e2,core-double,double,spec012-confirm-03,2,interactive-v1,False,65536,48000,64,/Users/christiankauten/Documents/Projects/Rack/plugins/Fourier/.build/spec012/confirm-03-transitions/workload-0010-repeat-02.csv,67a06ee64589953ef5ffd5608746c4336be689b5b6470ff456e9237dd348f3fc,0c817f2ea46a3b554dd5ededc677e6cf16bc396b103c73cfcdfa02c44c5e8a0e,5,smoothing-before-publication,13311,13312,15359,published,-1,"{""alpha"": 0.800000011920929, ""hop"": 2048, ""n"": 2048, ""octave"": 0.3333333432674408, ""rate"": 48000, ""window"": 11}",1,0.020833333333333332,2048,42.666666666666664
3aeff8d50243a034,m1-pro-16gb-local,636f13a16b33617f63d8ff9138910086715d703725514b36c9750786e9b4a7e2,core-double,double,spec012-confirm-03,2,interactive-v1,False,65536,48000,64,/Users/christiankauten/Documents/Projects/Rack/plugins/Fourier/.build/spec012/confirm-03-transitions/workload-0010-repeat-02.csv,67a06ee64589953ef5ffd5608746c4336be689b5b6470ff456e9237dd348f3fc,0c817f2ea46a3b554dd5ededc677e6cf16bc396b103c73cfcdfa02c44c5e8a0e,6,no-op-boundary,15360,15360,17407,published,-1,"{""alpha"": 0.800000011920929, ""hop"": 2048, ""n"": 2048, ""octave"": 0.3333333432674408, ""rate"": 48000, ""window"": 11}",0,0.0,2047,42.645833333333336
3aeff8d50243a034,m1-pro-16gb-local,636f13a16b33617f63d8ff9138910086715d703725514b36c9750786e9b4a7e2,core-double,double,spec012-confirm-03,2,interactive-v1,False,65536,48000,64,/Users/christiankauten/Documents/Projects/Rack/plugins/Fourier/.build/spec012/confirm-03-transitions/workload-0010-repeat-02.csv,67a06ee64589953ef5ffd5608746c4336be689b5b6470ff456e9237dd348f3fc,0c817f2ea46a3b554dd5ededc677e6cf16bc396b103c73cfcdfa02c44c5e8a0e,7,replace-pending-first,17409,-1,-1,replaced,8,"{""alpha"": 0.800000011920929, ""hop"": 2048, ""n"": 2048, ""octave"": 0.3333333432674408, ""rate"": 48000, ""window"": 8}",,,,
3aeff8d50243a034,m1-pro-16gb-local,636f13a16b33617f63d8ff9138910086715d703725514b36c9750786e9b4a7e2,core-double,double,spec012-confirm-03,2,interactive-v1,False,65536,48000,64,/Users/christiankauten/Documents/Projects/Rack/plugins/Fourier/.build/spec012/confirm-03-transitions/workload-0010-repeat-02.csv,67a06ee64589953ef5ffd5608746c4336be689b5b6470ff456e9237dd348f3fc,0c817f2ea46a3b554dd5ededc677e6cf16bc396b103c73cfcdfa02c44c5e8a0e,8,replace-pending-last,17410,19456,21503,published,-1,"{""alpha"": 0, ""hop"": 2048, ""n"": 2048, ""octave"": 0.3333333432674408, ""rate"": 48000, ""window"": 8}",2046,42.625,4093,85.27083333333333
3aeff8d50243a034,m1-pro-16gb-local,636f13a16b33617f63d8ff9138910086715d703725514b36c9750786e9b4a7e2,core-double,double,spec012-confirm-03,2,interactive-v1,False,65536,48000,64,/Users/christiankauten/Documents/Projects/Rack/plugins/Fourier/.build/spec012/confirm-03-transitions/workload-0010-repeat-02.csv,67a06ee64589953ef5ffd5608746c4336be689b5b6470ff456e9237dd348f3fc,0c817f2ea46a3b554dd5ededc677e6cf16bc396b103c73cfcdfa02c44c5e8a0e,9,hop-decrease-boundary,21504,21504,22015,published,-1,"{""alpha"": 0, ""hop"": 512, ""n"": 2048, ""octave"": 0.3333333432674408, ""rate"": 48000, ""window"": 8}",0,0.0,511,10.645833333333334
3aeff8d50243a034,m1-pro-16gb-local,636f13a16b33617f63d8ff9138910086715d703725514b36c9750786e9b4a7e2,core-double,double,spec012-confirm-03,2,interactive-v1,False,65536,48000,64,/Users/christiankauten/Documents/Projects/Rack/plugins/Fourier/.build/spec012/confirm-03-transitions/workload-0010-repeat-02.csv,67a06ee64589953ef5ffd5608746c4336be689b5b6470ff456e9237dd348f3fc,0c817f2ea46a3b554dd5ededc677e6cf16bc396b103c73cfcdfa02c44c5e8a0e,10,smoothing-disable,23553,24064,24575,published,-1,"{""alpha"": 0, ""hop"": 512, ""n"": 2048, ""octave"": 0, ""rate"": 48000, ""window"": 8}",511,10.645833333333334,1022,21.291666666666668
3aeff8d50243a034,m1-pro-16gb-local,636f13a16b33617f63d8ff9138910086715d703725514b36c9750786e9b4a7e2,core-double,double,spec012-confirm-03,2,interactive-v1,False,65536,48000,64,/Users/christiankauten/Documents/Projects/Rack/plugins/Fourier/.build/spec012/confirm-03-transitions/workload-0010-repeat-02.csv,67a06ee64589953ef5ffd5608746c4336be689b5b6470ff456e9237dd348f3fc,0c817f2ea46a3b554dd5ededc677e6cf16bc396b103c73cfcdfa02c44c5e8a0e,11,horizon-no-response,65535,-1,-1,pending-no-response,-1,"{""alpha"": 0, ""hop"": 512, ""n"": 2048, ""octave"": 0, ""rate"": 48000, ""window"": 0}",,,,
3aeff8d50243a034,m1-pro-16gb-local,6adaad605e376f3666734883b62a662c3039c64640cd01934ad3fb781ebfee53,core-double,double,spec012-confirm-01,0,interactive-v1,True,2368,48000,64,/Users/christiankauten/Documents/Projects/Rack/plugins/Fourier/.build/spec012/confirm-01-transitions/workload-0003-repeat-00.csv,b40807e9e28a14bac14cce6b83c47c8f29a2459af196c98976286a929c9acef8,43cb937c3fb6ebf750dd1bb8bae591685162869bd158fddd00ab6f3c270646c9,1,length-increase-boundary,74,74,110,published,-1,"{""alpha"": 0, ""hop"": 37, ""n"": 128, ""octave"": 0, ""rate"": 48000, ""window"": 8}",0,0.0,36,0.75
3aeff8d50243a034,m1-pro-16gb-local,6adaad605e376f3666734883b62a662c3039c64640cd01934ad3fb781ebfee53,core-double,double,spec012-confirm-01,0,interactive-v1,True,2368,48000,64,/Users/christiankauten/Documents/Projects/Rack/plugins/Fourier/.build/spec012/confirm-01-transitions/workload-0003-repeat-00.csv,b40807e9e28a14bac14cce6b83c47c8f29a2459af196c98976286a929c9acef8,43cb937c3fb6ebf750dd1bb8bae591685162869bd158fddd00ab6f3c270646c9,2,length-decrease-early,149,185,221,published,-1,"{""alpha"": 0, ""hop"": 37, ""n"": 128, ""octave"": 0, ""rate"": 48000, ""window"": 8}",36,0.75,72,1.5
3aeff8d50243a034,m1-pro-16gb-local,6adaad605e376f3666734883b62a662c3039c64640cd01934ad3fb781ebfee53,core-double,double,spec012-confirm-01,0,interactive-v1,True,2368,48000,64,/Users/christiankauten/Documents/Projects/Rack/plugins/Fourier/.build/spec012/confirm-01-transitions/workload-0003-repeat-00.csv,b40807e9e28a14bac14cce6b83c47c8f29a2459af196c98976286a929c9acef8,43cb937c3fb6ebf750dd1bb8bae591685162869bd158fddd00ab6f3c270646c9,3,hop-increase-middle,240,259,295,published,-1,"{""alpha"": 0, ""hop"": 37, ""n"": 128, ""octave"": 0, ""rate"": 48000, ""window"": 8}",19,0.3958333333333333,55,1.1458333333333333
3aeff8d50243a034,m1-pro-16gb-local,6adaad605e376f3666734883b62a662c3039c64640cd01934ad3fb781ebfee53,core-double,double,spec012-confirm-01,0,interactive-v1,True,2368,48000,64,/Users/christiankauten/Documents/Projects/Rack/plugins/Fourier/.build/spec012/confirm-01-transitions/workload-0003-repeat-00.csv,b40807e9e28a14bac14cce6b83c47c8f29a2459af196c98976286a929c9acef8,43cb937c3fb6ebf750dd1bb8bae591685162869bd158fddd00ab6f3c270646c9,4,window-late,405,407,443,published,-1,"{""alpha"": 0, ""hop"": 37, ""n"": 128, ""octave"": 0, ""rate"": 48000, ""window"": 8}",2,0.041666666666666664,38,0.7916666666666666
3aeff8d50243a034,m1-pro-16gb-local,6adaad605e376f3666734883b62a662c3039c64640cd01934ad3fb781ebfee53,core-double,double,spec012-confirm-01,0,interactive-v1,True,2368,48000,64,/Users/christiankauten/Documents/Projects/Rack/plugins/Fourier/.build/spec012/confirm-01-transitions/workload-0003-repeat-00.csv,b40807e9e28a14bac14cce6b83c47c8f29a2459af196c98976286a929c9acef8,43cb937c3fb6ebf750dd1bb8bae591685162869bd158fddd00ab6f3c270646c9,5,smoothing-before-publication,480,481,517,published,-1,"{""alpha"": 0, ""hop"": 37, ""n"": 128, ""octave"": 0, ""rate"": 48000, ""window"": 8}",1,0.020833333333333332,37,0.7708333333333334
3aeff8d50243a034,m1-pro-16gb-local,6adaad605e376f3666734883b62a662c3039c64640cd01934ad3fb781ebfee53,core-double,double,spec012-confirm-01,0,interactive-v1,True,2368,48000,64,/Users/christiankauten/Documents/Projects/Rack/plugins/Fourier/.build/spec012/confirm-01-transitions/workload-0003-repeat-00.csv,b40807e9e28a14bac14cce6b83c47c8f29a2459af196c98976286a929c9acef8,43cb937c3fb6ebf750dd1bb8bae591685162869bd158fddd00ab6f3c270646c9,6,no-op-boundary,555,555,591,published,-1,"{""alpha"": 0, ""hop"": 37, ""n"": 128, ""octave"": 0, ""rate"": 48000, ""window"": 8}",0,0.0,36,0.75
3aeff8d50243a034,m1-pro-16gb-local,6adaad605e376f3666734883b62a662c3039c64640cd01934ad3fb781ebfee53,core-double,double,spec012-confirm-01,0,interactive-v1,True,2368,48000,64,/Users/christiankauten/Documents/Projects/Rack/plugins/Fourier/.build/spec012/confirm-01-transitions/workload-0003-repeat-00.csv,b40807e9e28a14bac14cce6b83c47c8f29a2459af196c98976286a929c9acef8,43cb937c3fb6ebf750dd1bb8bae591685162869bd158fddd00ab6f3c270646c9,7,replace-pending-first,630,-1,-1,replaced,8,"{""alpha"": 0, ""hop"": 37, ""n"": 128, ""octave"": 0, ""rate"": 48000, ""window"": 8}",,,,
3aeff8d50243a034,m1-pro-16gb-local,6adaad605e376f3666734883b62a662c3039c64640cd01934ad3fb781ebfee53,core-double,double,spec012-confirm-01,0,interactive-v1,True,2368,48000,64,/Users/christiankauten/Documents/Projects/Rack/plugins/Fourier/.build/spec012/confirm-01-transitions/workload-0003-repeat-00.csv,b40807e9e28a14bac14cce6b83c47c8f29a2459af196c98976286a929c9acef8,43cb937c3fb6ebf750dd1bb8bae591685162869bd158fddd00ab6f3c270646c9,8,replace-pending-last,631,666,702,published,-1,"{""alpha"": 0, ""hop"": 37, ""n"": 128, ""octave"": 0, ""rate"": 48000, ""window"": 8}",35,0.7291666666666666,71,1.4791666666666667
3aeff8d50243a034,m1-pro-16gb-local,6adaad605e376f3666734883b62a662c3039c64640cd01934ad3fb781ebfee53,core-double,double,spec012-confirm-01,0,interactive-v1,True,2368,48000,64,/Users/christiankauten/Documents/Projects/Rack/plugins/Fourier/.build/spec012/confirm-01-transitions/workload-0003-repeat-00.csv,b40807e9e28a14bac14cce6b83c47c8f29a2459af196c98976286a929c9acef8,43cb937c3fb6ebf750dd1bb8bae591685162869bd158fddd00ab6f3c270646c9,9,hop-decrease-boundary,777,777,813,published,-1,"{""alpha"": 0, ""hop"": 37, ""n"": 128, ""octave"": 0, ""rate"": 48000, ""window"": 8}",0,0.0,36,0.75
3aeff8d50243a034,m1-pro-16gb-local,6adaad605e376f3666734883b62a662c3039c64640cd01934ad3fb781ebfee53,core-double,double,spec012-confirm-01,0,interactive-v1,True,2368,48000,64,/Users/christiankauten/Documents/Projects/Rack/plugins/Fourier/.build/spec012/confirm-01-transitions/workload-0003-repeat-00.csv,b40807e9e28a14bac14cce6b83c47c8f29a2459af196c98976286a929c9acef8,43cb937c3fb6ebf750dd1bb8bae591685162869bd158fddd00ab6f3c270646c9,10,smoothing-disable,852,888,924,published,-1,"{""alpha"": 0, ""hop"": 37, ""n"": 128, ""octave"": 0, ""rate"": 48000, ""window"": 8}",36,0.75,72,1.5
3aeff8d50243a034,m1-pro-16gb-local,6adaad605e376f3666734883b62a662c3039c64640cd01934ad3fb781ebfee53,core-double,double,spec012-confirm-01,0,interactive-v1,True,2368,48000,64,/Users/christiankauten/Documents/Projects/Rack/plugins/Fourier/.build/spec012/confirm-01-transitions/workload-0003-repeat-00.csv,b40807e9e28a14bac14cce6b83c47c8f29a2459af196c98976286a929c9acef8,43cb937c3fb6ebf750dd1bb8bae591685162869bd158fddd00ab6f3c270646c9,11,horizon-no-response,2367,-1,-1,pending-no-response,-1,"{""alpha"": 0, ""hop"": 37, ""n"": 128, ""octave"": 0, ""rate"": 48000, ""window"": 8}",,,,
3aeff8d50243a034,m1-pro-16gb-local,6adaad605e376f3666734883b62a662c3039c64640cd01934ad3fb781ebfee53,core-double,double,spec012-confirm-01,1,interactive-v1,True,2368,48000,64,/Users/christiankauten/Documents/Projects/Rack/plugins/Fourier/.build/spec012/confirm-01-transitions/workload-0003-repeat-01.csv,f651b5603094b8842a59ba725d4e469ae8c5a0c3fe528a34b4f62a700ca84edf,43cb937c3fb6ebf750dd1bb8bae591685162869bd158fddd00ab6f3c270646c9,1,length-increase-boundary,74,74,110,published,-1,"{""alpha"": 0, ""hop"": 37, ""n"": 128, ""octave"": 0, ""rate"": 48000, ""window"": 8}",0,0.0,36,0.75
3aeff8d50243a034,m1-pro-16gb-local,6adaad605e376f3666734883b62a662c3039c64640cd01934ad3fb781ebfee53,core-double,double,spec012-confirm-01,1,interactive-v1,True,2368,48000,64,/Users/christiankauten/Documents/Projects/Rack/plugins/Fourier/.build/spec012/confirm-01-transitions/workload-0003-repeat-01.csv,f651b5603094b8842a59ba725d4e469ae8c5a0c3fe528a34b4f62a700ca84edf,43cb937c3fb6ebf750dd1bb8bae591685162869bd158fddd00ab6f3c270646c9,2,length-decrease-early,149,185,221,published,-1,"{""alpha"": 0, ""hop"": 37, ""n"": 128, ""octave"": 0, ""rate"": 48000, ""window"": 8}",36,0.75,72,1.5
3aeff8d50243a034,m1-pro-16gb-local,6adaad605e376f3666734883b62a662c3039c64640cd01934ad3fb781ebfee53,core-double,double,spec012-confirm-01,1,interactive-v1,True,2368,48000,64,/Users/christiankauten/Documents/Projects/Rack/plugins/Fourier/.build/spec012/confirm-01-transitions/workload-0003-repeat-01.csv,f651b5603094b8842a59ba725d4e469ae8c5a0c3fe528a34b4f62a700ca84edf,43cb937c3fb6ebf750dd1bb8bae591685162869bd158fddd00ab6f3c270646c9,3,hop-increase-middle,240,259,295,published,-1,"{""alpha"": 0, ""hop"": 37, ""n"": 128, ""octave"": 0, ""rate"": 48000, ""window"": 8}",19,0.3958333333333333,55,1.1458333333333333
3aeff8d50243a034,m1-pro-16gb-local,6adaad605e376f3666734883b62a662c3039c64640cd01934ad3fb781ebfee53,core-double,double,spec012-confirm-01,1,interactive-v1,True,2368,48000,64,/Users/christiankauten/Documents/Projects/Rack/plugins/Fourier/.build/spec012/confirm-01-transitions/workload-0003-repeat-01.csv,f651b5603094b8842a59ba725d4e469ae8c5a0c3fe528a34b4f62a700ca84edf,43cb937c3fb6ebf750dd1bb8bae591685162869bd158fddd00ab6f3c270646c9,4,window-late,405,407,443,published,-1,"{""alpha"": 0, ""hop"": 37, ""n"": 128, ""octave"": 0, ""rate"": 48000, ""window"": 8}",2,0.041666666666666664,38,0.7916666666666666
3aeff8d50243a034,m1-pro-16gb-local,6adaad605e376f3666734883b62a662c3039c64640cd01934ad3fb781ebfee53,core-double,double,spec012-confirm-01,1,interactive-v1,True,2368,48000,64,/Users/christiankauten/Documents/Projects/Rack/plugins/Fourier/.build/spec012/confirm-01-transitions/workload-0003-repeat-01.csv,f651b5603094b8842a59ba725d4e469ae8c5a0c3fe528a34b4f62a700ca84edf,43cb937c3fb6ebf750dd1bb8bae591685162869bd158fddd00ab6f3c270646c9,5,smoothing-before-publication,480,481,517,published,-1,"{""alpha"": 0, ""hop"": 37, ""n"": 128, ""octave"": 0, ""rate"": 48000, ""window"": 8}",1,0.020833333333333332,37,0.7708333333333334
3aeff8d50243a034,m1-pro-16gb-local,6adaad605e376f3666734883b62a662c3039c64640cd01934ad3fb781ebfee53,core-double,double,spec012-confirm-01,1,interactive-v1,True,2368,48000,64,/Users/christiankauten/Documents/Projects/Rack/plugins/Fourier/.build/spec012/confirm-01-transitions/workload-0003-repeat-01.csv,f651b5603094b8842a59ba725d4e469ae8c5a0c3fe528a34b4f62a700ca84edf,43cb937c3fb6ebf750dd1bb8bae591685162869bd158fddd00ab6f3c270646c9,6,no-op-boundary,555,555,591,published,-1,"{""alpha"": 0, ""hop"": 37, ""n"": 128, ""octave"": 0, ""rate"": 48000, ""window"": 8}",0,0.0,36,0.75
3aeff8d50243a034,m1-pro-16gb-local,6adaad605e376f3666734883b62a662c3039c64640cd01934ad3fb781ebfee53,core-double,double,spec012-confirm-01,1,interactive-v1,True,2368,48000,64,/Users/christiankauten/Documents/Projects/Rack/plugins/Fourier/.build/spec012/confirm-01-transitions/workload-0003-repeat-01.csv,f651b5603094b8842a59ba725d4e469ae8c5a0c3fe528a34b4f62a700ca84edf,43cb937c3fb6ebf750dd1bb8bae591685162869bd158fddd00ab6f3c270646c9,7,replace-pending-first,630,-1,-1,replaced,8,"{""alpha"": 0, ""hop"": 37, ""n"": 128, ""octave"": 0, ""rate"": 48000, ""window"": 8}",,,,
3aeff8d50243a034,m1-pro-16gb-local,6adaad605e376f3666734883b62a662c3039c64640cd01934ad3fb781ebfee53,core-double,double,spec012-confirm-01,1,interactive-v1,True,2368,48000,64,/Users/christiankauten/Documents/Projects/Rack/plugins/Fourier/.build/spec012/confirm-01-transitions/workload-0003-repeat-01.csv,f651b5603094b8842a59ba725d4e469ae8c5a0c3fe528a34b4f62a700ca84edf,43cb937c3fb6ebf750dd1bb8bae591685162869bd158fddd00ab6f3c270646c9,8,replace-pending-last,631,666,702,published,-1,"{""alpha"": 0, ""hop"": 37, ""n"": 128, ""octave"": 0, ""rate"": 48000, ""window"": 8}",35,0.7291666666666666,71,1.4791666666666667
3aeff8d50243a034,m1-pro-16gb-local,6adaad605e376f3666734883b62a662c3039c64640cd01934ad3fb781ebfee53,core-double,double,spec012-confirm-01,1,interactive-v1,True,2368,48000,64,/Users/christiankauten/Documents/Projects/Rack/plugins/Fourier/.build/spec012/confirm-01-transitions/workload-0003-repeat-01.csv,f651b5603094b8842a59ba725d4e469ae8c5a0c3fe528a34b4f62a700ca84edf,43cb937c3fb6ebf750dd1bb8bae591685162869bd158fddd00ab6f3c270646c9,9,hop-decrease-boundary,777,777,813,published,-1,"{""alpha"": 0, ""hop"": 37, ""n"": 128, ""octave"": 0, ""rate"": 48000, ""window"": 8}",0,0.0,36,0.75
3aeff8d50243a034,m1-pro-16gb-local,6adaad605e376f3666734883b62a662c3039c64640cd01934ad3fb781ebfee53,core-double,double,spec012-confirm-01,1,interactive-v1,True,2368,48000,64,/Users/christiankauten/Documents/Projects/Rack/plugins/Fourier/.build/spec012/confirm-01-transitions/workload-0003-repeat-01.csv,f651b5603094b8842a59ba725d4e469ae8c5a0c3fe528a34b4f62a700ca84edf,43cb937c3fb6ebf750dd1bb8bae591685162869bd158fddd00ab6f3c270646c9,10,smoothing-disable,852,888,924,published,-1,"{""alpha"": 0, ""hop"": 37, ""n"": 128, ""octave"": 0, ""rate"": 48000, ""window"": 8}",36,0.75,72,1.5
3aeff8d50243a034,m1-pro-16gb-local,6adaad605e376f3666734883b62a662c3039c64640cd01934ad3fb781ebfee53,core-double,double,spec012-confirm-01,1,interactive-v1,True,2368,48000,64,/Users/christiankauten/Documents/Projects/Rack/plugins/Fourier/.build/spec012/confirm-01-transitions/workload-0003-repeat-01.csv,f651b5603094b8842a59ba725d4e469ae8c5a0c3fe528a34b4f62a700ca84edf,43cb937c3fb6ebf750dd1bb8bae591685162869bd158fddd00ab6f3c270646c9,11,horizon-no-response,2367,-1,-1,pending-no-response,-1,"{""alpha"": 0, ""hop"": 37, ""n"": 128, ""octave"": 0, ""rate"": 48000, ""window"": 8}",,,,
3aeff8d50243a034,m1-pro-16gb-local,6adaad605e376f3666734883b62a662c3039c64640cd01934ad3fb781ebfee53,core-double,double,spec012-confirm-01,2,interactive-v1,True,2368,48000,64,/Users/christiankauten/Documents/Projects/Rack/plugins/Fourier/.build/spec012/confirm-01-transitions/workload-0003-repeat-02.csv,11da91565c1cffef5f1e40c1f745d4505b90fffb14bae45fbbde139d68c91cfc,43cb937c3fb6ebf750dd1bb8bae591685162869bd158fddd00ab6f3c270646c9,1,length-increase-boundary,74,74,110,published,-1,"{""alpha"": 0, ""hop"": 37, ""n"": 128, ""octave"": 0, ""rate"": 48000, ""window"": 8}",0,0.0,36,0.75
3aeff8d50243a034,m1-pro-16gb-local,6adaad605e376f3666734883b62a662c3039c64640cd01934ad3fb781ebfee53,core-double,double,spec012-confirm-01,2,interactive-v1,True,2368,48000,64,/Users/christiankauten/Documents/Projects/Rack/plugins/Fourier/.build/spec012/confirm-01-transitions/workload-0003-repeat-02.csv,11da91565c1cffef5f1e40c1f745d4505b90fffb14bae45fbbde139d68c91cfc,43cb937c3fb6ebf750dd1bb8bae591685162869bd158fddd00ab6f3c270646c9,2,length-decrease-early,149,185,221,published,-1,"{""alpha"": 0, ""hop"": 37, ""n"": 128, ""octave"": 0, ""rate"": 48000, ""window"": 8}",36,0.75,72,1.5
3aeff8d50243a034,m1-pro-16gb-local,6adaad605e376f3666734883b62a662c3039c64640cd01934ad3fb781ebfee53,core-double,double,spec012-confirm-01,2,interactive-v1,True,2368,48000,64,/Users/christiankauten/Documents/Projects/Rack/plugins/Fourier/.build/spec012/confirm-01-transitions/workload-0003-repeat-02.csv,11da91565c1cffef5f1e40c1f745d4505b90fffb14bae45fbbde139d68c91cfc,43cb937c3fb6ebf750dd1bb8bae591685162869bd158fddd00ab6f3c270646c9,3,hop-increase-middle,240,259,295,published,-1,"{""alpha"": 0, ""hop"": 37, ""n"": 128, ""octave"": 0, ""rate"": 48000, ""window"": 8}",19,0.3958333333333333,55,1.1458333333333333
3aeff8d50243a034,m1-pro-16gb-local,6adaad605e376f3666734883b62a662c3039c64640cd01934ad3fb781ebfee53,core-double,double,spec012-confirm-01,2,interactive-v1,True,2368,48000,64,/Users/christiankauten/Documents/Projects/Rack/plugins/Fourier/.build/spec012/confirm-01-transitions/workload-0003-repeat-02.csv,11da91565c1cffef5f1e40c1f745d4505b90fffb14bae45fbbde139d68c91cfc,43cb937c3fb6ebf750dd1bb8bae591685162869bd158fddd00ab6f3c270646c9,4,window-late,405,407,443,published,-1,"{""alpha"": 0, ""hop"": 37, ""n"": 128, ""octave"": 0, ""rate"": 48000, ""window"": 8}",2,0.041666666666666664,38,0.7916666666666666
3aeff8d50243a034,m1-pro-16gb-local,6adaad605e376f3666734883b62a662c3039c64640cd01934ad3fb781ebfee53,core-double,double,spec012-confirm-01,2,interactive-v1,True,2368,48000,64,/Users/christiankauten/Documents/Projects/Rack/plugins/Fourier/.build/spec012/confirm-01-transitions/workload-0003-repeat-02.csv,11da91565c1cffef5f1e40c1f745d4505b90fffb14bae45fbbde139d68c91cfc,43cb937c3fb6ebf750dd1bb8bae591685162869bd158fddd00ab6f3c270646c9,5,smoothing-before-publication,480,481,517,published,-1,"{""alpha"": 0, ""hop"": 37, ""n"": 128, ""octave"": 0, ""rate"": 48000, ""window"": 8}",1,0.020833333333333332,37,0.7708333333333334
3aeff8d50243a034,m1-pro-16gb-local,6adaad605e376f3666734883b62a662c3039c64640cd01934ad3fb781ebfee53,core-double,double,spec012-confirm-01,2,interactive-v1,True,2368,48000,64,/Users/christiankauten/Documents/Projects/Rack/plugins/Fourier/.build/spec012/confirm-01-transitions/workload-0003-repeat-02.csv,11da91565c1cffef5f1e40c1f745d4505b90fffb14bae45fbbde139d68c91cfc,43cb937c3fb6ebf750dd1bb8bae591685162869bd158fddd00ab6f3c270646c9,6,no-op-boundary,555,555,591,published,-1,"{""alpha"": 0, ""hop"": 37, ""n"": 128, ""octave"": 0, ""rate"": 48000, ""window"": 8}",0,0.0,36,0.75
3aeff8d50243a034,m1-pro-16gb-local,6adaad605e376f3666734883b62a662c3039c64640cd01934ad3fb781ebfee53,core-double,double,spec012-confirm-01,2,interactive-v1,True,2368,48000,64,/Users/christiankauten/Documents/Projects/Rack/plugins/Fourier/.build/spec012/confirm-01-transitions/workload-0003-repeat-02.csv,11da91565c1cffef5f1e40c1f745d4505b90fffb14bae45fbbde139d68c91cfc,43cb937c3fb6ebf750dd1bb8bae591685162869bd158fddd00ab6f3c270646c9,7,replace-pending-first,630,-1,-1,replaced,8,"{""alpha"": 0, ""hop"": 37, ""n"": 128, ""octave"": 0, ""rate"": 48000, ""window"": 8}",,,,
3aeff8d50243a034,m1-pro-16gb-local,6adaad605e376f3666734883b62a662c3039c64640cd01934ad3fb781ebfee53,core-double,double,spec012-confirm-01,2,interactive-v1,True,2368,48000,64,/Users/christiankauten/Documents/Projects/Rack/plugins/Fourier/.build/spec012/confirm-01-transitions/workload-0003-repeat-02.csv,11da91565c1cffef5f1e40c1f745d4505b90fffb14bae45fbbde139d68c91cfc,43cb937c3fb6ebf750dd1bb8bae591685162869bd158fddd00ab6f3c270646c9,8,replace-pending-last,631,666,702,published,-1,"{""alpha"": 0, ""hop"": 37, ""n"": 128, ""octave"": 0, ""rate"": 48000, ""window"": 8}",35,0.7291666666666666,71,1.4791666666666667
3aeff8d50243a034,m1-pro-16gb-local,6adaad605e376f3666734883b62a662c3039c64640cd01934ad3fb781ebfee53,core-double,double,spec012-confirm-01,2,interactive-v1,True,2368,48000,64,/Users/christiankauten/Documents/Projects/Rack/plugins/Fourier/.build/spec012/confirm-01-transitions/workload-0003-repeat-02.csv,11da91565c1cffef5f1e40c1f745d4505b90fffb14bae45fbbde139d68c91cfc,43cb937c3fb6ebf750dd1bb8bae591685162869bd158fddd00ab6f3c270646c9,9,hop-decrease-boundary,777,777,813,published,-1,"{""alpha"": 0, ""hop"": 37, ""n"": 128, ""octave"": 0, ""rate"": 48000, ""window"": 8}",0,0.0,36,0.75
3aeff8d50243a034,m1-pro-16gb-local,6adaad605e376f3666734883b62a662c3039c64640cd01934ad3fb781ebfee53,core-double,double,spec012-confirm-01,2,interactive-v1,True,2368,48000,64,/Users/christiankauten/Documents/Projects/Rack/plugins/Fourier/.build/spec012/confirm-01-transitions/workload-0003-repeat-02.csv,11da91565c1cffef5f1e40c1f745d4505b90fffb14bae45fbbde139d68c91cfc,43cb937c3fb6ebf750dd1bb8bae591685162869bd158fddd00ab6f3c270646c9,10,smoothing-disable,852,888,924,published,-1,"{""alpha"": 0, ""hop"": 37, ""n"": 128, ""octave"": 0, ""rate"": 48000, ""window"": 8}",36,0.75,72,1.5
3aeff8d50243a034,m1-pro-16gb-local,6adaad605e376f3666734883b62a662c3039c64640cd01934ad3fb781ebfee53,core-double,double,spec012-confirm-01,2,interactive-v1,True,2368,48000,64,/Users/christiankauten/Documents/Projects/Rack/plugins/Fourier/.build/spec012/confirm-01-transitions/workload-0003-repeat-02.csv,11da91565c1cffef5f1e40c1f745d4505b90fffb14bae45fbbde139d68c91cfc,43cb937c3fb6ebf750dd1bb8bae591685162869bd158fddd00ab6f3c270646c9,11,horizon-no-response,2367,-1,-1,pending-no-response,-1,"{""alpha"": 0, ""hop"": 37, ""n"": 128, ""octave"": 0, ""rate"": 48000, ""window"": 8}",,,,
3aeff8d50243a034,m1-pro-16gb-local,6adaad605e376f3666734883b62a662c3039c64640cd01934ad3fb781ebfee53,core-double,double,spec012-confirm-02,0,interactive-v1,True,2368,48000,64,/Users/christiankauten/Documents/Projects/Rack/plugins/Fourier/.build/spec012/confirm-02-transitions/workload-0003-repeat-00.csv,f5a30d039031c8fc0749f8f8cd51cea06dcffe0c1250cb3e5235c3392ddbeb14,43cb937c3fb6ebf750dd1bb8bae591685162869bd158fddd00ab6f3c270646c9,1,length-increase-boundary,74,74,110,published,-1,"{""alpha"": 0, ""hop"": 37, ""n"": 128, ""octave"": 0, ""rate"": 48000, ""window"": 8}",0,0.0,36,0.75
3aeff8d50243a034,m1-pro-16gb-local,6adaad605e376f3666734883b62a662c3039c64640cd01934ad3fb781ebfee53,core-double,double,spec012-confirm-02,0,interactive-v1,True,2368,48000,64,/Users/christiankauten/Documents/Projects/Rack/plugins/Fourier/.build/spec012/confirm-02-transitions/workload-0003-repeat-00.csv,f5a30d039031c8fc0749f8f8cd51cea06dcffe0c1250cb3e5235c3392ddbeb14,43cb937c3fb6ebf750dd1bb8bae591685162869bd158fddd00ab6f3c270646c9,2,length-decrease-early,149,185,221,published,-1,"{""alpha"": 0, ""hop"": 37, ""n"": 128, ""octave"": 0, ""rate"": 48000, ""window"": 8}",36,0.75,72,1.5
3aeff8d50243a034,m1-pro-16gb-local,6adaad605e376f3666734883b62a662c3039c64640cd01934ad3fb781ebfee53,core-double,double,spec012-confirm-02,0,interactive-v1,True,2368,48000,64,/Users/christiankauten/Documents/Projects/Rack/plugins/Fourier/.build/spec012/confirm-02-transitions/workload-0003-repeat-00.csv,f5a30d039031c8fc0749f8f8cd51cea06dcffe0c1250cb3e5235c3392ddbeb14,43cb937c3fb6ebf750dd1bb8bae591685162869bd158fddd00ab6f3c270646c9,3,hop-increase-middle,240,259,295,published,-1,"{""alpha"": 0, ""hop"": 37, ""n"": 128, ""octave"": 0, ""rate"": 48000, ""window"": 8}",19,0.3958333333333333,55,1.1458333333333333
3aeff8d50243a034,m1-pro-16gb-local,6adaad605e376f3666734883b62a662c3039c64640cd01934ad3fb781ebfee53,core-double,double,spec012-confirm-02,0,interactive-v1,True,2368,48000,64,/Users/christiankauten/Documents/Projects/Rack/plugins/Fourier/.build/spec012/confirm-02-transitions/workload-0003-repeat-00.csv,f5a30d039031c8fc0749f8f8cd51cea06dcffe0c1250cb3e5235c3392ddbeb14,43cb937c3fb6ebf750dd1bb8bae591685162869bd158fddd00ab6f3c270646c9,4,window-late,405,407,443,published,-1,"{""alpha"": 0, ""hop"": 37, ""n"": 128, ""octave"": 0, ""rate"": 48000, ""window"": 8}",2,0.041666666666666664,38,0.7916666666666666
3aeff8d50243a034,m1-pro-16gb-local,6adaad605e376f3666734883b62a662c3039c64640cd01934ad3fb781ebfee53,core-double,double,spec012-confirm-02,0,interactive-v1,True,2368,48000,64,/Users/christiankauten/Documents/Projects/Rack/plugins/Fourier/.build/spec012/confirm-02-transitions/workload-0003-repeat-00.csv,f5a30d039031c8fc0749f8f8cd51cea06dcffe0c1250cb3e5235c3392ddbeb14,43cb937c3fb6ebf750dd1bb8bae591685162869bd158fddd00ab6f3c270646c9,5,smoothing-before-publication,480,481,517,published,-1,"{""alpha"": 0, ""hop"": 37, ""n"": 128, ""octave"": 0, ""rate"": 48000, ""window"": 8}",1,0.020833333333333332,37,0.7708333333333334
3aeff8d50243a034,m1-pro-16gb-local,6adaad605e376f3666734883b62a662c3039c64640cd01934ad3fb781ebfee53,core-double,double,spec012-confirm-02,0,interactive-v1,True,2368,48000,64,/Users/christiankauten/Documents/Projects/Rack/plugins/Fourier/.build/spec012/confirm-02-transitions/workload-0003-repeat-00.csv,f5a30d039031c8fc0749f8f8cd51cea06dcffe0c1250cb3e5235c3392ddbeb14,43cb937c3fb6ebf750dd1bb8bae591685162869bd158fddd00ab6f3c270646c9,6,no-op-boundary,555,555,591,published,-1,"{""alpha"": 0, ""hop"": 37, ""n"": 128, ""octave"": 0, ""rate"": 48000, ""window"": 8}",0,0.0,36,0.75
3aeff8d50243a034,m1-pro-16gb-local,6adaad605e376f3666734883b62a662c3039c64640cd01934ad3fb781ebfee53,core-double,double,spec012-confirm-02,0,interactive-v1,True,2368,48000,64,/Users/christiankauten/Documents/Projects/Rack/plugins/Fourier/.build/spec012/confirm-02-transitions/workload-0003-repeat-00.csv,f5a30d039031c8fc0749f8f8cd51cea06dcffe0c1250cb3e5235c3392ddbeb14,43cb937c3fb6ebf750dd1bb8bae591685162869bd158fddd00ab6f3c270646c9,7,replace-pending-first,630,-1,-1,replaced,8,"{""alpha"": 0, ""hop"": 37, ""n"": 128, ""octave"": 0, ""rate"": 48000, ""window"": 8}",,,,
3aeff8d50243a034,m1-pro-16gb-local,6adaad605e376f3666734883b62a662c3039c64640cd01934ad3fb781ebfee53,core-double,double,spec012-confirm-02,0,interactive-v1,True,2368,48000,64,/Users/christiankauten/Documents/Projects/Rack/plugins/Fourier/.build/spec012/confirm-02-transitions/workload-0003-repeat-00.csv,f5a30d039031c8fc0749f8f8cd51cea06dcffe0c1250cb3e5235c3392ddbeb14,43cb937c3fb6ebf750dd1bb8bae591685162869bd158fddd00ab6f3c270646c9,8,replace-pending-last,631,666,702,published,-1,"{""alpha"": 0, ""hop"": 37, ""n"": 128, ""octave"": 0, ""rate"": 48000, ""window"": 8}",35,0.7291666666666666,71,1.4791666666666667
3aeff8d50243a034,m1-pro-16gb-local,6adaad605e376f3666734883b62a662c3039c64640cd01934ad3fb781ebfee53,core-double,double,spec012-confirm-02,0,interactive-v1,True,2368,48000,64,/Users/christiankauten/Documents/Projects/Rack/plugins/Fourier/.build/spec012/confirm-02-transitions/workload-0003-repeat-00.csv,f5a30d039031c8fc0749f8f8cd51cea06dcffe0c1250cb3e5235c3392ddbeb14,43cb937c3fb6ebf750dd1bb8bae591685162869bd158fddd00ab6f3c270646c9,9,hop-decrease-boundary,777,777,813,published,-1,"{""alpha"": 0, ""hop"": 37, ""n"": 128, ""octave"": 0, ""rate"": 48000, ""window"": 8}",0,0.0,36,0.75
3aeff8d50243a034,m1-pro-16gb-local,6adaad605e376f3666734883b62a662c3039c64640cd01934ad3fb781ebfee53,core-double,double,spec012-confirm-02,0,interactive-v1,True,2368,48000,64,/Users/christiankauten/Documents/Projects/Rack/plugins/Fourier/.build/spec012/confirm-02-transitions/workload-0003-repeat-00.csv,f5a30d039031c8fc0749f8f8cd51cea06dcffe0c1250cb3e5235c3392ddbeb14,43cb937c3fb6ebf750dd1bb8bae591685162869bd158fddd00ab6f3c270646c9,10,smoothing-disable,852,888,924,published,-1,"{""alpha"": 0, ""hop"": 37, ""n"": 128, ""octave"": 0, ""rate"": 48000, ""window"": 8}",36,0.75,72,1.5
3aeff8d50243a034,m1-pro-16gb-local,6adaad605e376f3666734883b62a662c3039c64640cd01934ad3fb781ebfee53,core-double,double,spec012-confirm-02,0,interactive-v1,True,2368,48000,64,/Users/christiankauten/Documents/Projects/Rack/plugins/Fourier/.build/spec012/confirm-02-transitions/workload-0003-repeat-00.csv,f5a30d039031c8fc0749f8f8cd51cea06dcffe0c1250cb3e5235c3392ddbeb14,43cb937c3fb6ebf750dd1bb8bae591685162869bd158fddd00ab6f3c270646c9,11,horizon-no-response,2367,-1,-1,pending-no-response,-1,"{""alpha"": 0, ""hop"": 37, ""n"": 128, ""octave"": 0, ""rate"": 48000, ""window"": 8}",,,,
3aeff8d50243a034,m1-pro-16gb-local,6adaad605e376f3666734883b62a662c3039c64640cd01934ad3fb781ebfee53,core-double,double,spec012-confirm-02,1,interactive-v1,True,2368,48000,64,/Users/christiankauten/Documents/Projects/Rack/plugins/Fourier/.build/spec012/confirm-02-transitions/workload-0003-repeat-01.csv,35df3031c1cdef352e3a71f24e7b8b230742e82c618f874f616bcaf56a95837d,43cb937c3fb6ebf750dd1bb8bae591685162869bd158fddd00ab6f3c270646c9,1,length-increase-boundary,74,74,110,published,-1,"{""alpha"": 0, ""hop"": 37, ""n"": 128, ""octave"": 0, ""rate"": 48000, ""window"": 8}",0,0.0,36,0.75
3aeff8d50243a034,m1-pro-16gb-local,6adaad605e376f3666734883b62a662c3039c64640cd01934ad3fb781ebfee53,core-double,double,spec012-confirm-02,1,interactive-v1,True,2368,48000,64,/Users/christiankauten/Documents/Projects/Rack/plugins/Fourier/.build/spec012/confirm-02-transitions/workload-0003-repeat-01.csv,35df3031c1cdef352e3a71f24e7b8b230742e82c618f874f616bcaf56a95837d,43cb937c3fb6ebf750dd1bb8bae591685162869bd158fddd00ab6f3c270646c9,2,length-decrease-early,149,185,221,published,-1,"{""alpha"": 0, ""hop"": 37, ""n"": 128, ""octave"": 0, ""rate"": 48000, ""window"": 8}",36,0.75,72,1.5
3aeff8d50243a034,m1-pro-16gb-local,6adaad605e376f3666734883b62a662c3039c64640cd01934ad3fb781ebfee53,core-double,double,spec012-confirm-02,1,interactive-v1,True,2368,48000,64,/Users/christiankauten/Documents/Projects/Rack/plugins/Fourier/.build/spec012/confirm-02-transitions/workload-0003-repeat-01.csv,35df3031c1cdef352e3a71f24e7b8b230742e82c618f874f616bcaf56a95837d,43cb937c3fb6ebf750dd1bb8bae591685162869bd158fddd00ab6f3c270646c9,3,hop-increase-middle,240,259,295,published,-1,"{""alpha"": 0, ""hop"": 37, ""n"": 128, ""octave"": 0, ""rate"": 48000, ""window"": 8}",19,0.3958333333333333,55,1.1458333333333333
3aeff8d50243a034,m1-pro-16gb-local,6adaad605e376f3666734883b62a662c3039c64640cd01934ad3fb781ebfee53,core-double,double,spec012-confirm-02,1,interactive-v1,True,2368,48000,64,/Users/christiankauten/Documents/Projects/Rack/plugins/Fourier/.build/spec012/confirm-02-transitions/workload-0003-repeat-01.csv,35df3031c1cdef352e3a71f24e7b8b230742e82c618f874f616bcaf56a95837d,43cb937c3fb6ebf750dd1bb8bae591685162869bd158fddd00ab6f3c270646c9,4,window-late,405,407,443,published,-1,"{""alpha"": 0, ""hop"": 37, ""n"": 128, ""octave"": 0, ""rate"": 48000, ""window"": 8}",2,0.041666666666666664,38,0.7916666666666666
3aeff8d50243a034,m1-pro-16gb-local,6adaad605e376f3666734883b62a662c3039c64640cd01934ad3fb781ebfee53,core-double,double,spec012-confirm-02,1,interactive-v1,True,2368,48000,64,/Users/christiankauten/Documents/Projects/Rack/plugins/Fourier/.build/spec012/confirm-02-transitions/workload-0003-repeat-01.csv,35df3031c1cdef352e3a71f24e7b8b230742e82c618f874f616bcaf56a95837d,43cb937c3fb6ebf750dd1bb8bae591685162869bd158fddd00ab6f3c270646c9,5,smoothing-before-publication,480,481,517,published,-1,"{""alpha"": 0, ""hop"": 37, ""n"": 128, ""octave"": 0, ""rate"": 48000, ""window"": 8}",1,0.020833333333333332,37,0.7708333333333334
3aeff8d50243a034,m1-pro-16gb-local,6adaad605e376f3666734883b62a662c3039c64640cd01934ad3fb781ebfee53,core-double,double,spec012-confirm-02,1,interactive-v1,True,2368,48000,64,/Users/christiankauten/Documents/Projects/Rack/plugins/Fourier/.build/spec012/confirm-02-transitions/workload-0003-repeat-01.csv,35df3031c1cdef352e3a71f24e7b8b230742e82c618f874f616bcaf56a95837d,43cb937c3fb6ebf750dd1bb8bae591685162869bd158fddd00ab6f3c270646c9,6,no-op-boundary,555,555,591,published,-1,"{""alpha"": 0, ""hop"": 37, ""n"": 128, ""octave"": 0, ""rate"": 48000, ""window"": 8}",0,0.0,36,0.75
3aeff8d50243a034,m1-pro-16gb-local,6adaad605e376f3666734883b62a662c3039c64640cd01934ad3fb781ebfee53,core-double,double,spec012-confirm-02,1,interactive-v1,True,2368,48000,64,/Users/christiankauten/Documents/Projects/Rack/plugins/Fourier/.build/spec012/confirm-02-transitions/workload-0003-repeat-01.csv,35df3031c1cdef352e3a71f24e7b8b230742e82c618f874f616bcaf56a95837d,43cb937c3fb6ebf750dd1bb8bae591685162869bd158fddd00ab6f3c270646c9,7,replace-pending-first,630,-1,-1,replaced,8,"{""alpha"": 0, ""hop"": 37, ""n"": 128, ""octave"": 0, ""rate"": 48000, ""window"": 8}",,,,
3aeff8d50243a034,m1-pro-16gb-local,6adaad605e376f3666734883b62a662c3039c64640cd01934ad3fb781ebfee53,core-double,double,spec012-confirm-02,1,interactive-v1,True,2368,48000,64,/Users/christiankauten/Documents/Projects/Rack/plugins/Fourier/.build/spec012/confirm-02-transitions/workload-0003-repeat-01.csv,35df3031c1cdef352e3a71f24e7b8b230742e82c618f874f616bcaf56a95837d,43cb937c3fb6ebf750dd1bb8bae591685162869bd158fddd00ab6f3c270646c9,8,replace-pending-last,631,666,702,published,-1,"{""alpha"": 0, ""hop"": 37, ""n"": 128, ""octave"": 0, ""rate"": 48000, ""window"": 8}",35,0.7291666666666666,71,1.4791666666666667
3aeff8d50243a034,m1-pro-16gb-local,6adaad605e376f3666734883b62a662c3039c64640cd01934ad3fb781ebfee53,core-double,double,spec012-confirm-02,1,interactive-v1,True,2368,48000,64,/Users/christiankauten/Documents/Projects/Rack/plugins/Fourier/.build/spec012/confirm-02-transitions/workload-0003-repeat-01.csv,35df3031c1cdef352e3a71f24e7b8b230742e82c618f874f616bcaf56a95837d,43cb937c3fb6ebf750dd1bb8bae591685162869bd158fddd00ab6f3c270646c9,9,hop-decrease-boundary,777,777,813,published,-1,"{""alpha"": 0, ""hop"": 37, ""n"": 128, ""octave"": 0, ""rate"": 48000, ""window"": 8}",0,0.0,36,0.75
3aeff8d50243a034,m1-pro-16gb-local,6adaad605e376f3666734883b62a662c3039c64640cd01934ad3fb781ebfee53,core-double,double,spec012-confirm-02,1,interactive-v1,True,2368,48000,64,/Users/christiankauten/Documents/Projects/Rack/plugins/Fourier/.build/spec012/confirm-02-transitions/workload-0003-repeat-01.csv,35df3031c1cdef352e3a71f24e7b8b230742e82c618f874f616bcaf56a95837d,43cb937c3fb6ebf750dd1bb8bae591685162869bd158fddd00ab6f3c270646c9,10,smoothing-disable,852,888,924,published,-1,"{""alpha"": 0, ""hop"": 37, ""n"": 128, ""octave"": 0, ""rate"": 48000, ""window"": 8}",36,0.75,72,1.5
3aeff8d50243a034,m1-pro-16gb-local,6adaad605e376f3666734883b62a662c3039c64640cd01934ad3fb781ebfee53,core-double,double,spec012-confirm-02,1,interactive-v1,True,2368,48000,64,/Users/christiankauten/Documents/Projects/Rack/plugins/Fourier/.build/spec012/confirm-02-transitions/workload-0003-repeat-01.csv,35df3031c1cdef352e3a71f24e7b8b230742e82c618f874f616bcaf56a95837d,43cb937c3fb6ebf750dd1bb8bae591685162869bd158fddd00ab6f3c270646c9,11,horizon-no-response,2367,-1,-1,pending-no-response,-1,"{""alpha"": 0, ""hop"": 37, ""n"": 128, ""octave"": 0, ""rate"": 48000, ""window"": 8}",,,,
3aeff8d50243a034,m1-pro-16gb-local,6adaad605e376f3666734883b62a662c3039c64640cd01934ad3fb781ebfee53,core-double,double,spec012-confirm-02,2,interactive-v1,True,2368,48000,64,/Users/christiankauten/Documents/Projects/Rack/plugins/Fourier/.build/spec012/confirm-02-transitions/workload-0003-repeat-02.csv,2809016628f57b6035f801979a16e03322609659a7cb8a56b0d595d6fb1a3b79,43cb937c3fb6ebf750dd1bb8bae591685162869bd158fddd00ab6f3c270646c9,1,length-increase-boundary,74,74,110,published,-1,"{""alpha"": 0, ""hop"": 37, ""n"": 128, ""octave"": 0, ""rate"": 48000, ""window"": 8}",0,0.0,36,0.75
3aeff8d50243a034,m1-pro-16gb-local,6adaad605e376f3666734883b62a662c3039c64640cd01934ad3fb781ebfee53,core-double,double,spec012-confirm-02,2,interactive-v1,True,2368,48000,64,/Users/christiankauten/Documents/Projects/Rack/plugins/Fourier/.build/spec012/confirm-02-transitions/workload-0003-repeat-02.csv,2809016628f57b6035f801979a16e03322609659a7cb8a56b0d595d6fb1a3b79,43cb937c3fb6ebf750dd1bb8bae591685162869bd158fddd00ab6f3c270646c9,2,length-decrease-early,149,185,221,published,-1,"{""alpha"": 0, ""hop"": 37, ""n"": 128, ""octave"": 0, ""rate"": 48000, ""window"": 8}",36,0.75,72,1.5
3aeff8d50243a034,m1-pro-16gb-local,6adaad605e376f3666734883b62a662c3039c64640cd01934ad3fb781ebfee53,core-double,double,spec012-confirm-02,2,interactive-v1,True,2368,48000,64,/Users/christiankauten/Documents/Projects/Rack/plugins/Fourier/.build/spec012/confirm-02-transitions/workload-0003-repeat-02.csv,2809016628f57b6035f801979a16e03322609659a7cb8a56b0d595d6fb1a3b79,43cb937c3fb6ebf750dd1bb8bae591685162869bd158fddd00ab6f3c270646c9,3,hop-increase-middle,240,259,295,published,-1,"{""alpha"": 0, ""hop"": 37, ""n"": 128, ""octave"": 0, ""rate"": 48000, ""window"": 8}",19,0.3958333333333333,55,1.1458333333333333
3aeff8d50243a034,m1-pro-16gb-local,6adaad605e376f3666734883b62a662c3039c64640cd01934ad3fb781ebfee53,core-double,double,spec012-confirm-02,2,interactive-v1,True,2368,48000,64,/Users/christiankauten/Documents/Projects/Rack/plugins/Fourier/.build/spec012/confirm-02-transitions/workload-0003-repeat-02.csv,2809016628f57b6035f801979a16e03322609659a7cb8a56b0d595d6fb1a3b79,43cb937c3fb6ebf750dd1bb8bae591685162869bd158fddd00ab6f3c270646c9,4,window-late,405,407,443,published,-1,"{""alpha"": 0, ""hop"": 37, ""n"": 128, ""octave"": 0, ""rate"": 48000, ""window"": 8}",2,0.041666666666666664,38,0.7916666666666666
3aeff8d50243a034,m1-pro-16gb-local,6adaad605e376f3666734883b62a662c3039c64640cd01934ad3fb781ebfee53,core-double,double,spec012-confirm-02,2,interactive-v1,True,2368,48000,64,/Users/christiankauten/Documents/Projects/Rack/plugins/Fourier/.build/spec012/confirm-02-transitions/workload-0003-repeat-02.csv,2809016628f57b6035f801979a16e03322609659a7cb8a56b0d595d6fb1a3b79,43cb937c3fb6ebf750dd1bb8bae591685162869bd158fddd00ab6f3c270646c9,5,smoothing-before-publication,480,481,517,published,-1,"{""alpha"": 0, ""hop"": 37, ""n"": 128, ""octave"": 0, ""rate"": 48000, ""window"": 8}",1,0.020833333333333332,37,0.7708333333333334
3aeff8d50243a034,m1-pro-16gb-local,6adaad605e376f3666734883b62a662c3039c64640cd01934ad3fb781ebfee53,core-double,double,spec012-confirm-02,2,interactive-v1,True,2368,48000,64,/Users/christiankauten/Documents/Projects/Rack/plugins/Fourier/.build/spec012/confirm-02-transitions/workload-0003-repeat-02.csv,2809016628f57b6035f801979a16e03322609659a7cb8a56b0d595d6fb1a3b79,43cb937c3fb6ebf750dd1bb8bae591685162869bd158fddd00ab6f3c270646c9,6,no-op-boundary,555,555,591,published,-1,"{""alpha"": 0, ""hop"": 37, ""n"": 128, ""octave"": 0, ""rate"": 48000, ""window"": 8}",0,0.0,36,0.75
3aeff8d50243a034,m1-pro-16gb-local,6adaad605e376f3666734883b62a662c3039c64640cd01934ad3fb781ebfee53,core-double,double,spec012-confirm-02,2,interactive-v1,True,2368,48000,64,/Users/christiankauten/Documents/Projects/Rack/plugins/Fourier/.build/spec012/confirm-02-transitions/workload-0003-repeat-02.csv,2809016628f57b6035f801979a16e03322609659a7cb8a56b0d595d6fb1a3b79,43cb937c3fb6ebf750dd1bb8bae591685162869bd158fddd00ab6f3c270646c9,7,replace-pending-first,630,-1,-1,replaced,8,"{""alpha"": 0, ""hop"": 37, ""n"": 128, ""octave"": 0, ""rate"": 48000, ""window"": 8}",,,,
3aeff8d50243a034,m1-pro-16gb-local,6adaad605e376f3666734883b62a662c3039c64640cd01934ad3fb781ebfee53,core-double,double,spec012-confirm-02,2,interactive-v1,True,2368,48000,64,/Users/christiankauten/Documents/Projects/Rack/plugins/Fourier/.build/spec012/confirm-02-transitions/workload-0003-repeat-02.csv,2809016628f57b6035f801979a16e03322609659a7cb8a56b0d595d6fb1a3b79,43cb937c3fb6ebf750dd1bb8bae591685162869bd158fddd00ab6f3c270646c9,8,replace-pending-last,631,666,702,published,-1,"{""alpha"": 0, ""hop"": 37, ""n"": 128, ""octave"": 0, ""rate"": 48000, ""window"": 8}",35,0.7291666666666666,71,1.4791666666666667
3aeff8d50243a034,m1-pro-16gb-local,6adaad605e376f3666734883b62a662c3039c64640cd01934ad3fb781ebfee53,core-double,double,spec012-confirm-02,2,interactive-v1,True,2368,48000,64,/Users/christiankauten/Documents/Projects/Rack/plugins/Fourier/.build/spec012/confirm-02-transitions/workload-0003-repeat-02.csv,2809016628f57b6035f801979a16e03322609659a7cb8a56b0d595d6fb1a3b79,43cb937c3fb6ebf750dd1bb8bae591685162869bd158fddd00ab6f3c270646c9,9,hop-decrease-boundary,777,777,813,published,-1,"{""alpha"": 0, ""hop"": 37, ""n"": 128, ""octave"": 0, ""rate"": 48000, ""window"": 8}",0,0.0,36,0.75
3aeff8d50243a034,m1-pro-16gb-local,6adaad605e376f3666734883b62a662c3039c64640cd01934ad3fb781ebfee53,core-double,double,spec012-confirm-02,2,interactive-v1,True,2368,48000,64,/Users/christiankauten/Documents/Projects/Rack/plugins/Fourier/.build/spec012/confirm-02-transitions/workload-0003-repeat-02.csv,2809016628f57b6035f801979a16e03322609659a7cb8a56b0d595d6fb1a3b79,43cb937c3fb6ebf750dd1bb8bae591685162869bd158fddd00ab6f3c270646c9,10,smoothing-disable,852,888,924,published,-1,"{""alpha"": 0, ""hop"": 37, ""n"": 128, ""octave"": 0, ""rate"": 48000, ""window"": 8}",36,0.75,72,1.5
3aeff8d50243a034,m1-pro-16gb-local,6adaad605e376f3666734883b62a662c3039c64640cd01934ad3fb781ebfee53,core-double,double,spec012-confirm-02,2,interactive-v1,True,2368,48000,64,/Users/christiankauten/Documents/Projects/Rack/plugins/Fourier/.build/spec012/confirm-02-transitions/workload-0003-repeat-02.csv,2809016628f57b6035f801979a16e03322609659a7cb8a56b0d595d6fb1a3b79,43cb937c3fb6ebf750dd1bb8bae591685162869bd158fddd00ab6f3c270646c9,11,horizon-no-response,2367,-1,-1,pending-no-response,-1,"{""alpha"": 0, ""hop"": 37, ""n"": 128, ""octave"": 0, ""rate"": 48000, ""window"": 8}",,,,
3aeff8d50243a034,m1-pro-16gb-local,6adaad605e376f3666734883b62a662c3039c64640cd01934ad3fb781ebfee53,core-double,double,spec012-confirm-03,0,interactive-v1,True,2368,48000,64,/Users/christiankauten/Documents/Projects/Rack/plugins/Fourier/.build/spec012/confirm-03-transitions/workload-0003-repeat-00.csv,280e77985dbc428a21c2bffb552893ff4571e94704d482372661b649513de117,43cb937c3fb6ebf750dd1bb8bae591685162869bd158fddd00ab6f3c270646c9,1,length-increase-boundary,74,74,110,published,-1,"{""alpha"": 0, ""hop"": 37, ""n"": 128, ""octave"": 0, ""rate"": 48000, ""window"": 8}",0,0.0,36,0.75
3aeff8d50243a034,m1-pro-16gb-local,6adaad605e376f3666734883b62a662c3039c64640cd01934ad3fb781ebfee53,core-double,double,spec012-confirm-03,0,interactive-v1,True,2368,48000,64,/Users/christiankauten/Documents/Projects/Rack/plugins/Fourier/.build/spec012/confirm-03-transitions/workload-0003-repeat-00.csv,280e77985dbc428a21c2bffb552893ff4571e94704d482372661b649513de117,43cb937c3fb6ebf750dd1bb8bae591685162869bd158fddd00ab6f3c270646c9,2,length-decrease-early,149,185,221,published,-1,"{""alpha"": 0, ""hop"": 37, ""n"": 128, ""octave"": 0, ""rate"": 48000, ""window"": 8}",36,0.75,72,1.5
3aeff8d50243a034,m1-pro-16gb-local,6adaad605e376f3666734883b62a662c3039c64640cd01934ad3fb781ebfee53,core-double,double,spec012-confirm-03,0,interactive-v1,True,2368,48000,64,/Users/christiankauten/Documents/Projects/Rack/plugins/Fourier/.build/spec012/confirm-03-transitions/workload-0003-repeat-00.csv,280e77985dbc428a21c2bffb552893ff4571e94704d482372661b649513de117,43cb937c3fb6ebf750dd1bb8bae591685162869bd158fddd00ab6f3c270646c9,3,hop-increase-middle,240,259,295,published,-1,"{""alpha"": 0, ""hop"": 37, ""n"": 128, ""octave"": 0, ""rate"": 48000, ""window"": 8}",19,0.3958333333333333,55,1.1458333333333333
3aeff8d50243a034,m1-pro-16gb-local,6adaad605e376f3666734883b62a662c3039c64640cd01934ad3fb781ebfee53,core-double,double,spec012-confirm-03,0,interactive-v1,True,2368,48000,64,/Users/christiankauten/Documents/Projects/Rack/plugins/Fourier/.build/spec012/confirm-03-transitions/workload-0003-repeat-00.csv,280e77985dbc428a21c2bffb552893ff4571e94704d482372661b649513de117,43cb937c3fb6ebf750dd1bb8bae591685162869bd158fddd00ab6f3c270646c9,4,window-late,405,407,443,published,-1,"{""alpha"": 0, ""hop"": 37, ""n"": 128, ""octave"": 0, ""rate"": 48000, ""window"": 8}",2,0.041666666666666664,38,0.7916666666666666
3aeff8d50243a034,m1-pro-16gb-local,6adaad605e376f3666734883b62a662c3039c64640cd01934ad3fb781ebfee53,core-double,double,spec012-confirm-03,0,interactive-v1,True,2368,48000,64,/Users/christiankauten/Documents/Projects/Rack/plugins/Fourier/.build/spec012/confirm-03-transitions/workload-0003-repeat-00.csv,280e77985dbc428a21c2bffb552893ff4571e94704d482372661b649513de117,43cb937c3fb6ebf750dd1bb8bae591685162869bd158fddd00ab6f3c270646c9,5,smoothing-before-publication,480,481,517,published,-1,"{""alpha"": 0, ""hop"": 37, ""n"": 128, ""octave"": 0, ""rate"": 48000, ""window"": 8}",1,0.020833333333333332,37,0.7708333333333334
3aeff8d50243a034,m1-pro-16gb-local,6adaad605e376f3666734883b62a662c3039c64640cd01934ad3fb781ebfee53,core-double,double,spec012-confirm-03,0,interactive-v1,True,2368,48000,64,/Users/christiankauten/Documents/Projects/Rack/plugins/Fourier/.build/spec012/confirm-03-transitions/workload-0003-repeat-00.csv,280e77985dbc428a21c2bffb552893ff4571e94704d482372661b649513de117,43cb937c3fb6ebf750dd1bb8bae591685162869bd158fddd00ab6f3c270646c9,6,no-op-boundary,555,555,591,published,-1,"{""alpha"": 0, ""hop"": 37, ""n"": 128, ""octave"": 0, ""rate"": 48000, ""window"": 8}",0,0.0,36,0.75
3aeff8d50243a034,m1-pro-16gb-local,6adaad605e376f3666734883b62a662c3039c64640cd01934ad3fb781ebfee53,core-double,double,spec012-confirm-03,0,interactive-v1,True,2368,48000,64,/Users/christiankauten/Documents/Projects/Rack/plugins/Fourier/.build/spec012/confirm-03-transitions/workload-0003-repeat-00.csv,280e77985dbc428a21c2bffb552893ff4571e94704d482372661b649513de117,43cb937c3fb6ebf750dd1bb8bae591685162869bd158fddd00ab6f3c270646c9,7,replace-pending-first,630,-1,-1,replaced,8,"{""alpha"": 0, ""hop"": 37, ""n"": 128, ""octave"": 0, ""rate"": 48000, ""window"": 8}",,,,
3aeff8d50243a034,m1-pro-16gb-local,6adaad605e376f3666734883b62a662c3039c64640cd01934ad3fb781ebfee53,core-double,double,spec012-confirm-03,0,interactive-v1,True,2368,48000,64,/Users/christiankauten/Documents/Projects/Rack/plugins/Fourier/.build/spec012/confirm-03-transitions/workload-0003-repeat-00.csv,280e77985dbc428a21c2bffb552893ff4571e94704d482372661b649513de117,43cb937c3fb6ebf750dd1bb8bae591685162869bd158fddd00ab6f3c270646c9,8,replace-pending-last,631,666,702,published,-1,"{""alpha"": 0, ""hop"": 37, ""n"": 128, ""octave"": 0, ""rate"": 48000, ""window"": 8}",35,0.7291666666666666,71,1.4791666666666667
3aeff8d50243a034,m1-pro-16gb-local,6adaad605e376f3666734883b62a662c3039c64640cd01934ad3fb781ebfee53,core-double,double,spec012-confirm-03,0,interactive-v1,True,2368,48000,64,/Users/christiankauten/Documents/Projects/Rack/plugins/Fourier/.build/spec012/confirm-03-transitions/workload-0003-repeat-00.csv,280e77985dbc428a21c2bffb552893ff4571e94704d482372661b649513de117,43cb937c3fb6ebf750dd1bb8bae591685162869bd158fddd00ab6f3c270646c9,9,hop-decrease-boundary,777,777,813,published,-1,"{""alpha"": 0, ""hop"": 37, ""n"": 128, ""octave"": 0, ""rate"": 48000, ""window"": 8}",0,0.0,36,0.75
3aeff8d50243a034,m1-pro-16gb-local,6adaad605e376f3666734883b62a662c3039c64640cd01934ad3fb781ebfee53,core-double,double,spec012-confirm-03,0,interactive-v1,True,2368,48000,64,/Users/christiankauten/Documents/Projects/Rack/plugins/Fourier/.build/spec012/confirm-03-transitions/workload-0003-repeat-00.csv,280e77985dbc428a21c2bffb552893ff4571e94704d482372661b649513de117,43cb937c3fb6ebf750dd1bb8bae591685162869bd158fddd00ab6f3c270646c9,10,smoothing-disable,852,888,924,published,-1,"{""alpha"": 0, ""hop"": 37, ""n"": 128, ""octave"": 0, ""rate"": 48000, ""window"": 8}",36,0.75,72,1.5
3aeff8d50243a034,m1-pro-16gb-local,6adaad605e376f3666734883b62a662c3039c64640cd01934ad3fb781ebfee53,core-double,double,spec012-confirm-03,0,interactive-v1,True,2368,48000,64,/Users/christiankauten/Documents/Projects/Rack/plugins/Fourier/.build/spec012/confirm-03-transitions/workload-0003-repeat-00.csv,280e77985dbc428a21c2bffb552893ff4571e94704d482372661b649513de117,43cb937c3fb6ebf750dd1bb8bae591685162869bd158fddd00ab6f3c270646c9,11,horizon-no-response,2367,-1,-1,pending-no-response,-1,"{""alpha"": 0, ""hop"": 37, ""n"": 128, ""octave"": 0, ""rate"": 48000, ""window"": 8}",,,,
3aeff8d50243a034,m1-pro-16gb-local,6adaad605e376f3666734883b62a662c3039c64640cd01934ad3fb781ebfee53,core-double,double,spec012-confirm-03,1,interactive-v1,True,2368,48000,64,/Users/christiankauten/Documents/Projects/Rack/plugins/Fourier/.build/spec012/confirm-03-transitions/workload-0003-repeat-01.csv,73d24653ecf33d7b2c61ecc2705efdf9aec9b4f8c3ec43d14cb784c96618caf8,43cb937c3fb6ebf750dd1bb8bae591685162869bd158fddd00ab6f3c270646c9,1,length-increase-boundary,74,74,110,published,-1,"{""alpha"": 0, ""hop"": 37, ""n"": 128, ""octave"": 0, ""rate"": 48000, ""window"": 8}",0,0.0,36,0.75
3aeff8d50243a034,m1-pro-16gb-local,6adaad605e376f3666734883b62a662c3039c64640cd01934ad3fb781ebfee53,core-double,double,spec012-confirm-03,1,interactive-v1,True,2368,48000,64,/Users/christiankauten/Documents/Projects/Rack/plugins/Fourier/.build/spec012/confirm-03-transitions/workload-0003-repeat-01.csv,73d24653ecf33d7b2c61ecc2705efdf9aec9b4f8c3ec43d14cb784c96618caf8,43cb937c3fb6ebf750dd1bb8bae591685162869bd158fddd00ab6f3c270646c9,2,length-decrease-early,149,185,221,published,-1,"{""alpha"": 0, ""hop"": 37, ""n"": 128, ""octave"": 0, ""rate"": 48000, ""window"": 8}",36,0.75,72,1.5
3aeff8d50243a034,m1-pro-16gb-local,6adaad605e376f3666734883b62a662c3039c64640cd01934ad3fb781ebfee53,core-double,double,spec012-confirm-03,1,interactive-v1,True,2368,48000,64,/Users/christiankauten/Documents/Projects/Rack/plugins/Fourier/.build/spec012/confirm-03-transitions/workload-0003-repeat-01.csv,73d24653ecf33d7b2c61ecc2705efdf9aec9b4f8c3ec43d14cb784c96618caf8,43cb937c3fb6ebf750dd1bb8bae591685162869bd158fddd00ab6f3c270646c9,3,hop-increase-middle,240,259,295,published,-1,"{""alpha"": 0, ""hop"": 37, ""n"": 128, ""octave"": 0, ""rate"": 48000, ""window"": 8}",19,0.3958333333333333,55,1.1458333333333333
3aeff8d50243a034,m1-pro-16gb-local,6adaad605e376f3666734883b62a662c3039c64640cd01934ad3fb781ebfee53,core-double,double,spec012-confirm-03,1,interactive-v1,True,2368,48000,64,/Users/christiankauten/Documents/Projects/Rack/plugins/Fourier/.build/spec012/confirm-03-transitions/workload-0003-repeat-01.csv,73d24653ecf33d7b2c61ecc2705efdf9aec9b4f8c3ec43d14cb784c96618caf8,43cb937c3fb6ebf750dd1bb8bae591685162869bd158fddd00ab6f3c270646c9,4,window-late,405,407,443,published,-1,"{""alpha"": 0, ""hop"": 37, ""n"": 128, ""octave"": 0, ""rate"": 48000, ""window"": 8}",2,0.041666666666666664,38,0.7916666666666666
3aeff8d50243a034,m1-pro-16gb-local,6adaad605e376f3666734883b62a662c3039c64640cd01934ad3fb781ebfee53,core-double,double,spec012-confirm-03,1,interactive-v1,True,2368,48000,64,/Users/christiankauten/Documents/Projects/Rack/plugins/Fourier/.build/spec012/confirm-03-transitions/workload-0003-repeat-01.csv,73d24653ecf33d7b2c61ecc2705efdf9aec9b4f8c3ec43d14cb784c96618caf8,43cb937c3fb6ebf750dd1bb8bae591685162869bd158fddd00ab6f3c270646c9,5,smoothing-before-publication,480,481,517,published,-1,"{""alpha"": 0, ""hop"": 37, ""n"": 128, ""octave"": 0, ""rate"": 48000, ""window"": 8}",1,0.020833333333333332,37,0.7708333333333334
3aeff8d50243a034,m1-pro-16gb-local,6adaad605e376f3666734883b62a662c3039c64640cd01934ad3fb781ebfee53,core-double,double,spec012-confirm-03,1,interactive-v1,True,2368,48000,64,/Users/christiankauten/Documents/Projects/Rack/plugins/Fourier/.build/spec012/confirm-03-transitions/workload-0003-repeat-01.csv,73d24653ecf33d7b2c61ecc2705efdf9aec9b4f8c3ec43d14cb784c96618caf8,43cb937c3fb6ebf750dd1bb8bae591685162869bd158fddd00ab6f3c270646c9,6,no-op-boundary,555,555,591,published,-1,"{""alpha"": 0, ""hop"": 37, ""n"": 128, ""octave"": 0, ""rate"": 48000, ""window"": 8}",0,0.0,36,0.75
3aeff8d50243a034,m1-pro-16gb-local,6adaad605e376f3666734883b62a662c3039c64640cd01934ad3fb781ebfee53,core-double,double,spec012-confirm-03,1,interactive-v1,True,2368,48000,64,/Users/christiankauten/Documents/Projects/Rack/plugins/Fourier/.build/spec012/confirm-03-transitions/workload-0003-repeat-01.csv,73d24653ecf33d7b2c61ecc2705efdf9aec9b4f8c3ec43d14cb784c96618caf8,43cb937c3fb6ebf750dd1bb8bae591685162869bd158fddd00ab6f3c270646c9,7,replace-pending-first,630,-1,-1,replaced,8,"{""alpha"": 0, ""hop"": 37, ""n"": 128, ""octave"": 0, ""rate"": 48000, ""window"": 8}",,,,
3aeff8d50243a034,m1-pro-16gb-local,6adaad605e376f3666734883b62a662c3039c64640cd01934ad3fb781ebfee53,core-double,double,spec012-confirm-03,1,interactive-v1,True,2368,48000,64,/Users/christiankauten/Documents/Projects/Rack/plugins/Fourier/.build/spec012/confirm-03-transitions/workload-0003-repeat-01.csv,73d24653ecf33d7b2c61ecc2705efdf9aec9b4f8c3ec43d14cb784c96618caf8,43cb937c3fb6ebf750dd1bb8bae591685162869bd158fddd00ab6f3c270646c9,8,replace-pending-last,631,666,702,published,-1,"{""alpha"": 0, ""hop"": 37, ""n"": 128, ""octave"": 0, ""rate"": 48000, ""window"": 8}",35,0.7291666666666666,71,1.4791666666666667
3aeff8d50243a034,m1-pro-16gb-local,6adaad605e376f3666734883b62a662c3039c64640cd01934ad3fb781ebfee53,core-double,double,spec012-confirm-03,1,interactive-v1,True,2368,48000,64,/Users/christiankauten/Documents/Projects/Rack/plugins/Fourier/.build/spec012/confirm-03-transitions/workload-0003-repeat-01.csv,73d24653ecf33d7b2c61ecc2705efdf9aec9b4f8c3ec43d14cb784c96618caf8,43cb937c3fb6ebf750dd1bb8bae591685162869bd158fddd00ab6f3c270646c9,9,hop-decrease-boundary,777,777,813,published,-1,"{""alpha"": 0, ""hop"": 37, ""n"": 128, ""octave"": 0, ""rate"": 48000, ""window"": 8}",0,0.0,36,0.75
3aeff8d50243a034,m1-pro-16gb-local,6adaad605e376f3666734883b62a662c3039c64640cd01934ad3fb781ebfee53,core-double,double,spec012-confirm-03,1,interactive-v1,True,2368,48000,64,/Users/christiankauten/Documents/Projects/Rack/plugins/Fourier/.build/spec012/confirm-03-transitions/workload-0003-repeat-01.csv,73d24653ecf33d7b2c61ecc2705efdf9aec9b4f8c3ec43d14cb784c96618caf8,43cb937c3fb6ebf750dd1bb8bae591685162869bd158fddd00ab6f3c270646c9,10,smoothing-disable,852,888,924,published,-1,"{""alpha"": 0, ""hop"": 37, ""n"": 128, ""octave"": 0, ""rate"": 48000, ""window"": 8}",36,0.75,72,1.5
3aeff8d50243a034,m1-pro-16gb-local,6adaad605e376f3666734883b62a662c3039c64640cd01934ad3fb781ebfee53,core-double,double,spec012-confirm-03,1,interactive-v1,True,2368,48000,64,/Users/christiankauten/Documents/Projects/Rack/plugins/Fourier/.build/spec012/confirm-03-transitions/workload-0003-repeat-01.csv,73d24653ecf33d7b2c61ecc2705efdf9aec9b4f8c3ec43d14cb784c96618caf8,43cb937c3fb6ebf750dd1bb8bae591685162869bd158fddd00ab6f3c270646c9,11,horizon-no-response,2367,-1,-1,pending-no-response,-1,"{""alpha"": 0, ""hop"": 37, ""n"": 128, ""octave"": 0, ""rate"": 48000, ""window"": 8}",,,,
3aeff8d50243a034,m1-pro-16gb-local,6adaad605e376f3666734883b62a662c3039c64640cd01934ad3fb781ebfee53,core-double,double,spec012-confirm-03,2,interactive-v1,True,2368,48000,64,/Users/christiankauten/Documents/Projects/Rack/plugins/Fourier/.build/spec012/confirm-03-transitions/workload-0003-repeat-02.csv,8be60aa6ae51518e7641a82592c9ba3a334dfd5a60ff7f89b6b2be69fc9f78bb,43cb937c3fb6ebf750dd1bb8bae591685162869bd158fddd00ab6f3c270646c9,1,length-increase-boundary,74,74,110,published,-1,"{""alpha"": 0, ""hop"": 37, ""n"": 128, ""octave"": 0, ""rate"": 48000, ""window"": 8}",0,0.0,36,0.75
3aeff8d50243a034,m1-pro-16gb-local,6adaad605e376f3666734883b62a662c3039c64640cd01934ad3fb781ebfee53,core-double,double,spec012-confirm-03,2,interactive-v1,True,2368,48000,64,/Users/christiankauten/Documents/Projects/Rack/plugins/Fourier/.build/spec012/confirm-03-transitions/workload-0003-repeat-02.csv,8be60aa6ae51518e7641a82592c9ba3a334dfd5a60ff7f89b6b2be69fc9f78bb,43cb937c3fb6ebf750dd1bb8bae591685162869bd158fddd00ab6f3c270646c9,2,length-decrease-early,149,185,221,published,-1,"{""alpha"": 0, ""hop"": 37, ""n"": 128, ""octave"": 0, ""rate"": 48000, ""window"": 8}",36,0.75,72,1.5
3aeff8d50243a034,m1-pro-16gb-local,6adaad605e376f3666734883b62a662c3039c64640cd01934ad3fb781ebfee53,core-double,double,spec012-confirm-03,2,interactive-v1,True,2368,48000,64,/Users/christiankauten/Documents/Projects/Rack/plugins/Fourier/.build/spec012/confirm-03-transitions/workload-0003-repeat-02.csv,8be60aa6ae51518e7641a82592c9ba3a334dfd5a60ff7f89b6b2be69fc9f78bb,43cb937c3fb6ebf750dd1bb8bae591685162869bd158fddd00ab6f3c270646c9,3,hop-increase-middle,240,259,295,published,-1,"{""alpha"": 0, ""hop"": 37, ""n"": 128, ""octave"": 0, ""rate"": 48000, ""window"": 8}",19,0.3958333333333333,55,1.1458333333333333
3aeff8d50243a034,m1-pro-16gb-local,6adaad605e376f3666734883b62a662c3039c64640cd01934ad3fb781ebfee53,core-double,double,spec012-confirm-03,2,interactive-v1,True,2368,48000,64,/Users/christiankauten/Documents/Projects/Rack/plugins/Fourier/.build/spec012/confirm-03-transitions/workload-0003-repeat-02.csv,8be60aa6ae51518e7641a82592c9ba3a334dfd5a60ff7f89b6b2be69fc9f78bb,43cb937c3fb6ebf750dd1bb8bae591685162869bd158fddd00ab6f3c270646c9,4,window-late,405,407,443,published,-1,"{""alpha"": 0, ""hop"": 37, ""n"": 128, ""octave"": 0, ""rate"": 48000, ""window"": 8}",2,0.041666666666666664,38,0.7916666666666666
3aeff8d50243a034,m1-pro-16gb-local,6adaad605e376f3666734883b62a662c3039c64640cd01934ad3fb781ebfee53,core-double,double,spec012-confirm-03,2,interactive-v1,True,2368,48000,64,/Users/christiankauten/Documents/Projects/Rack/plugins/Fourier/.build/spec012/confirm-03-transitions/workload-0003-repeat-02.csv,8be60aa6ae51518e7641a82592c9ba3a334dfd5a60ff7f89b6b2be69fc9f78bb,43cb937c3fb6ebf750dd1bb8bae591685162869bd158fddd00ab6f3c270646c9,5,smoothing-before-publication,480,481,517,published,-1,"{""alpha"": 0, ""hop"": 37, ""n"": 128, ""octave"": 0, ""rate"": 48000, ""window"": 8}",1,0.020833333333333332,37,0.7708333333333334
3aeff8d50243a034,m1-pro-16gb-local,6adaad605e376f3666734883b62a662c3039c64640cd01934ad3fb781ebfee53,core-double,double,spec012-confirm-03,2,interactive-v1,True,2368,48000,64,/Users/christiankauten/Documents/Projects/Rack/plugins/Fourier/.build/spec012/confirm-03-transitions/workload-0003-repeat-02.csv,8be60aa6ae51518e7641a82592c9ba3a334dfd5a60ff7f89b6b2be69fc9f78bb,43cb937c3fb6ebf750dd1bb8bae591685162869bd158fddd00ab6f3c270646c9,6,no-op-boundary,555,555,591,published,-1,"{""alpha"": 0, ""hop"": 37, ""n"": 128, ""octave"": 0, ""rate"": 48000, ""window"": 8}",0,0.0,36,0.75
3aeff8d50243a034,m1-pro-16gb-local,6adaad605e376f3666734883b62a662c3039c64640cd01934ad3fb781ebfee53,core-double,double,spec012-confirm-03,2,interactive-v1,True,2368,48000,64,/Users/christiankauten/Documents/Projects/Rack/plugins/Fourier/.build/spec012/confirm-03-transitions/workload-0003-repeat-02.csv,8be60aa6ae51518e7641a82592c9ba3a334dfd5a60ff7f89b6b2be69fc9f78bb,43cb937c3fb6ebf750dd1bb8bae591685162869bd158fddd00ab6f3c270646c9,7,replace-pending-first,630,-1,-1,replaced,8,"{""alpha"": 0, ""hop"": 37, ""n"": 128, ""octave"": 0, ""rate"": 48000, ""window"": 8}",,,,
3aeff8d50243a034,m1-pro-16gb-local,6adaad605e376f3666734883b62a662c3039c64640cd01934ad3fb781ebfee53,core-double,double,spec012-confirm-03,2,interactive-v1,True,2368,48000,64,/Users/christiankauten/Documents/Projects/Rack/plugins/Fourier/.build/spec012/confirm-03-transitions/workload-0003-repeat-02.csv,8be60aa6ae51518e7641a82592c9ba3a334dfd5a60ff7f89b6b2be69fc9f78bb,43cb937c3fb6ebf750dd1bb8bae591685162869bd158fddd00ab6f3c270646c9,8,replace-pending-last,631,666,702,published,-1,"{""alpha"": 0, ""hop"": 37, ""n"": 128, ""octave"": 0, ""rate"": 48000, ""window"": 8}",35,0.7291666666666666,71,1.4791666666666667
3aeff8d50243a034,m1-pro-16gb-local,6adaad605e376f3666734883b62a662c3039c64640cd01934ad3fb781ebfee53,core-double,double,spec012-confirm-03,2,interactive-v1,True,2368,48000,64,/Users/christiankauten/Documents/Projects/Rack/plugins/Fourier/.build/spec012/confirm-03-transitions/workload-0003-repeat-02.csv,8be60aa6ae51518e7641a82592c9ba3a334dfd5a60ff7f89b6b2be69fc9f78bb,43cb937c3fb6ebf750dd1bb8bae591685162869bd158fddd00ab6f3c270646c9,9,hop-decrease-boundary,777,777,813,published,-1,"{""alpha"": 0, ""hop"": 37, ""n"": 128, ""octave"": 0, ""rate"": 48000, ""window"": 8}",0,0.0,36,0.75
3aeff8d50243a034,m1-pro-16gb-local,6adaad605e376f3666734883b62a662c3039c64640cd01934ad3fb781ebfee53,core-double,double,spec012-confirm-03,2,interactive-v1,True,2368,48000,64,/Users/christiankauten/Documents/Projects/Rack/plugins/Fourier/.build/spec012/confirm-03-transitions/workload-0003-repeat-02.csv,8be60aa6ae51518e7641a82592c9ba3a334dfd5a60ff7f89b6b2be69fc9f78bb,43cb937c3fb6ebf750dd1bb8bae591685162869bd158fddd00ab6f3c270646c9,10,smoothing-disable,852,888,924,published,-1,"{""alpha"": 0, ""hop"": 37, ""n"": 128, ""octave"": 0, ""rate"": 48000, ""window"": 8}",36,0.75,72,1.5
3aeff8d50243a034,m1-pro-16gb-local,6adaad605e376f3666734883b62a662c3039c64640cd01934ad3fb781ebfee53,core-double,double,spec012-confirm-03,2,interactive-v1,True,2368,48000,64,/Users/christiankauten/Documents/Projects/Rack/plugins/Fourier/.build/spec012/confirm-03-transitions/workload-0003-repeat-02.csv,8be60aa6ae51518e7641a82592c9ba3a334dfd5a60ff7f89b6b2be69fc9f78bb,43cb937c3fb6ebf750dd1bb8bae591685162869bd158fddd00ab6f3c270646c9,11,horizon-no-response,2367,-1,-1,pending-no-response,-1,"{""alpha"": 0, ""hop"": 37, ""n"": 128, ""octave"": 0, ""rate"": 48000, ""window"": 8}",,,,
3aeff8d50243a034,m1-pro-16gb-local,8b57b69792771d991ec0625d4b0bf49018ce6aa19c9e7e23c84327c26b616daf,core-float,float,spec012-confirm-01,0,interactive-v1,False,2368,48000,64,/Users/christiankauten/Documents/Projects/Rack/plugins/Fourier/.build/spec012/confirm-01-transitions/workload-0000-repeat-00.csv,7fdf99ac57b04e8b162dabfd65fcd6924f0536dbe387d98aafe47f0a6d445fef,7c2be38c1e77213c8a81fe923c18e945529d973ed5a29afef9a1b2616fc90154,1,length-increase-boundary,74,74,110,published,-1,"{""alpha"": 0, ""hop"": 37, ""n"": 1024, ""octave"": 0, ""rate"": 48000, ""window"": 8}",0,0.0,36,0.75
3aeff8d50243a034,m1-pro-16gb-local,8b57b69792771d991ec0625d4b0bf49018ce6aa19c9e7e23c84327c26b616daf,core-float,float,spec012-confirm-01,0,interactive-v1,False,2368,48000,64,/Users/christiankauten/Documents/Projects/Rack/plugins/Fourier/.build/spec012/confirm-01-transitions/workload-0000-repeat-00.csv,7fdf99ac57b04e8b162dabfd65fcd6924f0536dbe387d98aafe47f0a6d445fef,7c2be38c1e77213c8a81fe923c18e945529d973ed5a29afef9a1b2616fc90154,2,length-decrease-early,149,185,221,published,-1,"{""alpha"": 0, ""hop"": 37, ""n"": 128, ""octave"": 0, ""rate"": 48000, ""window"": 8}",36,0.75,72,1.5
3aeff8d50243a034,m1-pro-16gb-local,8b57b69792771d991ec0625d4b0bf49018ce6aa19c9e7e23c84327c26b616daf,core-float,float,spec012-confirm-01,0,interactive-v1,False,2368,48000,64,/Users/christiankauten/Documents/Projects/Rack/plugins/Fourier/.build/spec012/confirm-01-transitions/workload-0000-repeat-00.csv,7fdf99ac57b04e8b162dabfd65fcd6924f0536dbe387d98aafe47f0a6d445fef,7c2be38c1e77213c8a81fe923c18e945529d973ed5a29afef9a1b2616fc90154,3,hop-increase-middle,240,259,332,published,-1,"{""alpha"": 0, ""hop"": 74, ""n"": 128, ""octave"": 0, ""rate"": 48000, ""window"": 8}",19,0.3958333333333333,92,1.9166666666666667
3aeff8d50243a034,m1-pro-16gb-local,8b57b69792771d991ec0625d4b0bf49018ce6aa19c9e7e23c84327c26b616daf,core-float,float,spec012-confirm-01,0,interactive-v1,False,2368,48000,64,/Users/christiankauten/Documents/Projects/Rack/plugins/Fourier/.build/spec012/confirm-01-transitions/workload-0000-repeat-00.csv,7fdf99ac57b04e8b162dabfd65fcd6924f0536dbe387d98aafe47f0a6d445fef,7c2be38c1e77213c8a81fe923c18e945529d973ed5a29afef9a1b2616fc90154,4,window-late,405,407,480,published,-1,"{""alpha"": 0, ""hop"": 74, ""n"": 128, ""octave"": 0, ""rate"": 48000, ""window"": 11}",2,0.041666666666666664,75,1.5625
3aeff8d50243a034,m1-pro-16gb-local,8b57b69792771d991ec0625d4b0bf49018ce6aa19c9e7e23c84327c26b616daf,core-float,float,spec012-confirm-01,0,interactive-v1,False,2368,48000,64,/Users/christiankauten/Documents/Projects/Rack/plugins/Fourier/.build/spec012/confirm-01-transitions/workload-0000-repeat-00.csv,7fdf99ac57b04e8b162dabfd65fcd6924f0536dbe387d98aafe47f0a6d445fef,7c2be38c1e77213c8a81fe923c18e945529d973ed5a29afef9a1b2616fc90154,5,smoothing-before-publication,480,481,554,published,-1,"{""alpha"": 0.800000011920929, ""hop"": 74, ""n"": 128, ""octave"": 0.3333333432674408, ""rate"": 48000, ""window"": 11}",1,0.020833333333333332,74,1.5416666666666667
3aeff8d50243a034,m1-pro-16gb-local,8b57b69792771d991ec0625d4b0bf49018ce6aa19c9e7e23c84327c26b616daf,core-float,float,spec012-confirm-01,0,interactive-v1,False,2368,48000,64,/Users/christiankauten/Documents/Projects/Rack/plugins/Fourier/.build/spec012/confirm-01-transitions/workload-0000-repeat-00.csv,7fdf99ac57b04e8b162dabfd65fcd6924f0536dbe387d98aafe47f0a6d445fef,7c2be38c1e77213c8a81fe923c18e945529d973ed5a29afef9a1b2616fc90154,6,no-op-boundary,555,555,628,published,-1,"{""alpha"": 0.800000011920929, ""hop"": 74, ""n"": 128, ""octave"": 0.3333333432674408, ""rate"": 48000, ""window"": 11}",0,0.0,73,1.5208333333333333
3aeff8d50243a034,m1-pro-16gb-local,8b57b69792771d991ec0625d4b0bf49018ce6aa19c9e7e23c84327c26b616daf,core-float,float,spec012-confirm-01,0,interactive-v1,False,2368,48000,64,/Users/christiankauten/Documents/Projects/Rack/plugins/Fourier/.build/spec012/confirm-01-transitions/workload-0000-repeat-00.csv,7fdf99ac57b04e8b162dabfd65fcd6924f0536dbe387d98aafe47f0a6d445fef,7c2be38c1e77213c8a81fe923c18e945529d973ed5a29afef9a1b2616fc90154,7,replace-pending-first,630,-1,-1,replaced,8,"{""alpha"": 0.800000011920929, ""hop"": 74, ""n"": 128, ""octave"": 0.3333333432674408, ""rate"": 48000, ""window"": 8}",,,,
3aeff8d50243a034,m1-pro-16gb-local,8b57b69792771d991ec0625d4b0bf49018ce6aa19c9e7e23c84327c26b616daf,core-float,float,spec012-confirm-01,0,interactive-v1,False,2368,48000,64,/Users/christiankauten/Documents/Projects/Rack/plugins/Fourier/.build/spec012/confirm-01-transitions/workload-0000-repeat-00.csv,7fdf99ac57b04e8b162dabfd65fcd6924f0536dbe387d98aafe47f0a6d445fef,7c2be38c1e77213c8a81fe923c18e945529d973ed5a29afef9a1b2616fc90154,8,replace-pending-last,631,703,776,published,-1,"{""alpha"": 0, ""hop"": 74, ""n"": 128, ""octave"": 0.3333333432674408, ""rate"": 48000, ""window"": 8}",72,1.5,145,3.0208333333333335
3aeff8d50243a034,m1-pro-16gb-local,8b57b69792771d991ec0625d4b0bf49018ce6aa19c9e7e23c84327c26b616daf,core-float,float,spec012-confirm-01,0,interactive-v1,False,2368,48000,64,/Users/christiankauten/Documents/Projects/Rack/plugins/Fourier/.build/spec012/confirm-01-transitions/workload-0000-repeat-00.csv,7fdf99ac57b04e8b162dabfd65fcd6924f0536dbe387d98aafe47f0a6d445fef,7c2be38c1e77213c8a81fe923c18e945529d973ed5a29afef9a1b2616fc90154,9,hop-decrease-boundary,777,777,794,published,-1,"{""alpha"": 0, ""hop"": 18, ""n"": 128, ""octave"": 0.3333333432674408, ""rate"": 48000, ""window"": 8}",0,0.0,17,0.3541666666666667
3aeff8d50243a034,m1-pro-16gb-local,8b57b69792771d991ec0625d4b0bf49018ce6aa19c9e7e23c84327c26b616daf,core-float,float,spec012-confirm-01,0,interactive-v1,False,2368,48000,64,/Users/christiankauten/Documents/Projects/Rack/plugins/Fourier/.build/spec012/confirm-01-transitions/workload-0000-repeat-00.csv,7fdf99ac57b04e8b162dabfd65fcd6924f0536dbe387d98aafe47f0a6d445fef,7c2be38c1e77213c8a81fe923c18e945529d973ed5a29afef9a1b2616fc90154,10,smoothing-disable,852,867,884,published,-1,"{""alpha"": 0, ""hop"": 18, ""n"": 128, ""octave"": 0, ""rate"": 48000, ""window"": 8}",15,0.3125,32,0.6666666666666666
3aeff8d50243a034,m1-pro-16gb-local,8b57b69792771d991ec0625d4b0bf49018ce6aa19c9e7e23c84327c26b616daf,core-float,float,spec012-confirm-01,0,interactive-v1,False,2368,48000,64,/Users/christiankauten/Documents/Projects/Rack/plugins/Fourier/.build/spec012/confirm-01-transitions/workload-0000-repeat-00.csv,7fdf99ac57b04e8b162dabfd65fcd6924f0536dbe387d98aafe47f0a6d445fef,7c2be38c1e77213c8a81fe923c18e945529d973ed5a29afef9a1b2616fc90154,11,horizon-no-response,2367,-1,-1,pending-no-response,-1,"{""alpha"": 0, ""hop"": 18, ""n"": 128, ""octave"": 0, ""rate"": 48000, ""window"": 0}",,,,
3aeff8d50243a034,m1-pro-16gb-local,8b57b69792771d991ec0625d4b0bf49018ce6aa19c9e7e23c84327c26b616daf,core-float,float,spec012-confirm-01,1,interactive-v1,False,2368,48000,64,/Users/christiankauten/Documents/Projects/Rack/plugins/Fourier/.build/spec012/confirm-01-transitions/workload-0000-repeat-01.csv,c6d691f06525f25c11f6c75d3b62cfab6bb63e414a778db8fb0aadc422ae4827,7c2be38c1e77213c8a81fe923c18e945529d973ed5a29afef9a1b2616fc90154,1,length-increase-boundary,74,74,110,published,-1,"{""alpha"": 0, ""hop"": 37, ""n"": 1024, ""octave"": 0, ""rate"": 48000, ""window"": 8}",0,0.0,36,0.75
3aeff8d50243a034,m1-pro-16gb-local,8b57b69792771d991ec0625d4b0bf49018ce6aa19c9e7e23c84327c26b616daf,core-float,float,spec012-confirm-01,1,interactive-v1,False,2368,48000,64,/Users/christiankauten/Documents/Projects/Rack/plugins/Fourier/.build/spec012/confirm-01-transitions/workload-0000-repeat-01.csv,c6d691f06525f25c11f6c75d3b62cfab6bb63e414a778db8fb0aadc422ae4827,7c2be38c1e77213c8a81fe923c18e945529d973ed5a29afef9a1b2616fc90154,2,length-decrease-early,149,185,221,published,-1,"{""alpha"": 0, ""hop"": 37, ""n"": 128, ""octave"": 0, ""rate"": 48000, ""window"": 8}",36,0.75,72,1.5
3aeff8d50243a034,m1-pro-16gb-local,8b57b69792771d991ec0625d4b0bf49018ce6aa19c9e7e23c84327c26b616daf,core-float,float,spec012-confirm-01,1,interactive-v1,False,2368,48000,64,/Users/christiankauten/Documents/Projects/Rack/plugins/Fourier/.build/spec012/confirm-01-transitions/workload-0000-repeat-01.csv,c6d691f06525f25c11f6c75d3b62cfab6bb63e414a778db8fb0aadc422ae4827,7c2be38c1e77213c8a81fe923c18e945529d973ed5a29afef9a1b2616fc90154,3,hop-increase-middle,240,259,332,published,-1,"{""alpha"": 0, ""hop"": 74, ""n"": 128, ""octave"": 0, ""rate"": 48000, ""window"": 8}",19,0.3958333333333333,92,1.9166666666666667
3aeff8d50243a034,m1-pro-16gb-local,8b57b69792771d991ec0625d4b0bf49018ce6aa19c9e7e23c84327c26b616daf,core-float,float,spec012-confirm-01,1,interactive-v1,False,2368,48000,64,/Users/christiankauten/Documents/Projects/Rack/plugins/Fourier/.build/spec012/confirm-01-transitions/workload-0000-repeat-01.csv,c6d691f06525f25c11f6c75d3b62cfab6bb63e414a778db8fb0aadc422ae4827,7c2be38c1e77213c8a81fe923c18e945529d973ed5a29afef9a1b2616fc90154,4,window-late,405,407,480,published,-1,"{""alpha"": 0, ""hop"": 74, ""n"": 128, ""octave"": 0, ""rate"": 48000, ""window"": 11}",2,0.041666666666666664,75,1.5625
3aeff8d50243a034,m1-pro-16gb-local,8b57b69792771d991ec0625d4b0bf49018ce6aa19c9e7e23c84327c26b616daf,core-float,float,spec012-confirm-01,1,interactive-v1,False,2368,48000,64,/Users/christiankauten/Documents/Projects/Rack/plugins/Fourier/.build/spec012/confirm-01-transitions/workload-0000-repeat-01.csv,c6d691f06525f25c11f6c75d3b62cfab6bb63e414a778db8fb0aadc422ae4827,7c2be38c1e77213c8a81fe923c18e945529d973ed5a29afef9a1b2616fc90154,5,smoothing-before-publication,480,481,554,published,-1,"{""alpha"": 0.800000011920929, ""hop"": 74, ""n"": 128, ""octave"": 0.3333333432674408, ""rate"": 48000, ""window"": 11}",1,0.020833333333333332,74,1.5416666666666667
3aeff8d50243a034,m1-pro-16gb-local,8b57b69792771d991ec0625d4b0bf49018ce6aa19c9e7e23c84327c26b616daf,core-float,float,spec012-confirm-01,1,interactive-v1,False,2368,48000,64,/Users/christiankauten/Documents/Projects/Rack/plugins/Fourier/.build/spec012/confirm-01-transitions/workload-0000-repeat-01.csv,c6d691f06525f25c11f6c75d3b62cfab6bb63e414a778db8fb0aadc422ae4827,7c2be38c1e77213c8a81fe923c18e945529d973ed5a29afef9a1b2616fc90154,6,no-op-boundary,555,555,628,published,-1,"{""alpha"": 0.800000011920929, ""hop"": 74, ""n"": 128, ""octave"": 0.3333333432674408, ""rate"": 48000, ""window"": 11}",0,0.0,73,1.5208333333333333
3aeff8d50243a034,m1-pro-16gb-local,8b57b69792771d991ec0625d4b0bf49018ce6aa19c9e7e23c84327c26b616daf,core-float,float,spec012-confirm-01,1,interactive-v1,False,2368,48000,64,/Users/christiankauten/Documents/Projects/Rack/plugins/Fourier/.build/spec012/confirm-01-transitions/workload-0000-repeat-01.csv,c6d691f06525f25c11f6c75d3b62cfab6bb63e414a778db8fb0aadc422ae4827,7c2be38c1e77213c8a81fe923c18e945529d973ed5a29afef9a1b2616fc90154,7,replace-pending-first,630,-1,-1,replaced,8,"{""alpha"": 0.800000011920929, ""hop"": 74, ""n"": 128, ""octave"": 0.3333333432674408, ""rate"": 48000, ""window"": 8}",,,,
3aeff8d50243a034,m1-pro-16gb-local,8b57b69792771d991ec0625d4b0bf49018ce6aa19c9e7e23c84327c26b616daf,core-float,float,spec012-confirm-01,1,interactive-v1,False,2368,48000,64,/Users/christiankauten/Documents/Projects/Rack/plugins/Fourier/.build/spec012/confirm-01-transitions/workload-0000-repeat-01.csv,c6d691f06525f25c11f6c75d3b62cfab6bb63e414a778db8fb0aadc422ae4827,7c2be38c1e77213c8a81fe923c18e945529d973ed5a29afef9a1b2616fc90154,8,replace-pending-last,631,703,776,published,-1,"{""alpha"": 0, ""hop"": 74, ""n"": 128, ""octave"": 0.3333333432674408, ""rate"": 48000, ""window"": 8}",72,1.5,145,3.0208333333333335
3aeff8d50243a034,m1-pro-16gb-local,8b57b69792771d991ec0625d4b0bf49018ce6aa19c9e7e23c84327c26b616daf,core-float,float,spec012-confirm-01,1,interactive-v1,False,2368,48000,64,/Users/christiankauten/Documents/Projects/Rack/plugins/Fourier/.build/spec012/confirm-01-transitions/workload-0000-repeat-01.csv,c6d691f06525f25c11f6c75d3b62cfab6bb63e414a778db8fb0aadc422ae4827,7c2be38c1e77213c8a81fe923c18e945529d973ed5a29afef9a1b2616fc90154,9,hop-decrease-boundary,777,777,794,published,-1,"{""alpha"": 0, ""hop"": 18, ""n"": 128, ""octave"": 0.3333333432674408, ""rate"": 48000, ""window"": 8}",0,0.0,17,0.3541666666666667
3aeff8d50243a034,m1-pro-16gb-local,8b57b69792771d991ec0625d4b0bf49018ce6aa19c9e7e23c84327c26b616daf,core-float,float,spec012-confirm-01,1,interactive-v1,False,2368,48000,64,/Users/christiankauten/Documents/Projects/Rack/plugins/Fourier/.build/spec012/confirm-01-transitions/workload-0000-repeat-01.csv,c6d691f06525f25c11f6c75d3b62cfab6bb63e414a778db8fb0aadc422ae4827,7c2be38c1e77213c8a81fe923c18e945529d973ed5a29afef9a1b2616fc90154,10,smoothing-disable,852,867,884,published,-1,"{""alpha"": 0, ""hop"": 18, ""n"": 128, ""octave"": 0, ""rate"": 48000, ""window"": 8}",15,0.3125,32,0.6666666666666666
3aeff8d50243a034,m1-pro-16gb-local,8b57b69792771d991ec0625d4b0bf49018ce6aa19c9e7e23c84327c26b616daf,core-float,float,spec012-confirm-01,1,interactive-v1,False,2368,48000,64,/Users/christiankauten/Documents/Projects/Rack/plugins/Fourier/.build/spec012/confirm-01-transitions/workload-0000-repeat-01.csv,c6d691f06525f25c11f6c75d3b62cfab6bb63e414a778db8fb0aadc422ae4827,7c2be38c1e77213c8a81fe923c18e945529d973ed5a29afef9a1b2616fc90154,11,horizon-no-response,2367,-1,-1,pending-no-response,-1,"{""alpha"": 0, ""hop"": 18, ""n"": 128, ""octave"": 0, ""rate"": 48000, ""window"": 0}",,,,
3aeff8d50243a034,m1-pro-16gb-local,8b57b69792771d991ec0625d4b0bf49018ce6aa19c9e7e23c84327c26b616daf,core-float,float,spec012-confirm-01,2,interactive-v1,False,2368,48000,64,/Users/christiankauten/Documents/Projects/Rack/plugins/Fourier/.build/spec012/confirm-01-transitions/workload-0000-repeat-02.csv,dc79479f7a35a977067f0d89ac5a5cfca74d6adc266aa8595b34679d9610499a,7c2be38c1e77213c8a81fe923c18e945529d973ed5a29afef9a1b2616fc90154,1,length-increase-boundary,74,74,110,published,-1,"{""alpha"": 0, ""hop"": 37, ""n"": 1024, ""octave"": 0, ""rate"": 48000, ""window"": 8}",0,0.0,36,0.75
3aeff8d50243a034,m1-pro-16gb-local,8b57b69792771d991ec0625d4b0bf49018ce6aa19c9e7e23c84327c26b616daf,core-float,float,spec012-confirm-01,2,interactive-v1,False,2368,48000,64,/Users/christiankauten/Documents/Projects/Rack/plugins/Fourier/.build/spec012/confirm-01-transitions/workload-0000-repeat-02.csv,dc79479f7a35a977067f0d89ac5a5cfca74d6adc266aa8595b34679d9610499a,7c2be38c1e77213c8a81fe923c18e945529d973ed5a29afef9a1b2616fc90154,2,length-decrease-early,149,185,221,published,-1,"{""alpha"": 0, ""hop"": 37, ""n"": 128, ""octave"": 0, ""rate"": 48000, ""window"": 8}",36,0.75,72,1.5
3aeff8d50243a034,m1-pro-16gb-local,8b57b69792771d991ec0625d4b0bf49018ce6aa19c9e7e23c84327c26b616daf,core-float,float,spec012-confirm-01,2,interactive-v1,False,2368,48000,64,/Users/christiankauten/Documents/Projects/Rack/plugins/Fourier/.build/spec012/confirm-01-transitions/workload-0000-repeat-02.csv,dc79479f7a35a977067f0d89ac5a5cfca74d6adc266aa8595b34679d9610499a,7c2be38c1e77213c8a81fe923c18e945529d973ed5a29afef9a1b2616fc90154,3,hop-increase-middle,240,259,332,published,-1,"{""alpha"": 0, ""hop"": 74, ""n"": 128, ""octave"": 0, ""rate"": 48000, ""window"": 8}",19,0.3958333333333333,92,1.9166666666666667
3aeff8d50243a034,m1-pro-16gb-local,8b57b69792771d991ec0625d4b0bf49018ce6aa19c9e7e23c84327c26b616daf,core-float,float,spec012-confirm-01,2,interactive-v1,False,2368,48000,64,/Users/christiankauten/Documents/Projects/Rack/plugins/Fourier/.build/spec012/confirm-01-transitions/workload-0000-repeat-02.csv,dc79479f7a35a977067f0d89ac5a5cfca74d6adc266aa8595b34679d9610499a,7c2be38c1e77213c8a81fe923c18e945529d973ed5a29afef9a1b2616fc90154,4,window-late,405,407,480,published,-1,"{""alpha"": 0, ""hop"": 74, ""n"": 128, ""octave"": 0, ""rate"": 48000, ""window"": 11}",2,0.041666666666666664,75,1.5625
3aeff8d50243a034,m1-pro-16gb-local,8b57b69792771d991ec0625d4b0bf49018ce6aa19c9e7e23c84327c26b616daf,core-float,float,spec012-confirm-01,2,interactive-v1,False,2368,48000,64,/Users/christiankauten/Documents/Projects/Rack/plugins/Fourier/.build/spec012/confirm-01-transitions/workload-0000-repeat-02.csv,dc79479f7a35a977067f0d89ac5a5cfca74d6adc266aa8595b34679d9610499a,7c2be38c1e77213c8a81fe923c18e945529d973ed5a29afef9a1b2616fc90154,5,smoothing-before-publication,480,481,554,published,-1,"{""alpha"": 0.800000011920929, ""hop"": 74, ""n"": 128, ""octave"": 0.3333333432674408, ""rate"": 48000, ""window"": 11}",1,0.020833333333333332,74,1.5416666666666667
3aeff8d50243a034,m1-pro-16gb-local,8b57b69792771d991ec0625d4b0bf49018ce6aa19c9e7e23c84327c26b616daf,core-float,float,spec012-confirm-01,2,interactive-v1,False,2368,48000,64,/Users/christiankauten/Documents/Projects/Rack/plugins/Fourier/.build/spec012/confirm-01-transitions/workload-0000-repeat-02.csv,dc79479f7a35a977067f0d89ac5a5cfca74d6adc266aa8595b34679d9610499a,7c2be38c1e77213c8a81fe923c18e945529d973ed5a29afef9a1b2616fc90154,6,no-op-boundary,555,555,628,published,-1,"{""alpha"": 0.800000011920929, ""hop"": 74, ""n"": 128, ""octave"": 0.3333333432674408, ""rate"": 48000, ""window"": 11}",0,0.0,73,1.5208333333333333
3aeff8d50243a034,m1-pro-16gb-local,8b57b69792771d991ec0625d4b0bf49018ce6aa19c9e7e23c84327c26b616daf,core-float,float,spec012-confirm-01,2,interactive-v1,False,2368,48000,64,/Users/christiankauten/Documents/Projects/Rack/plugins/Fourier/.build/spec012/confirm-01-transitions/workload-0000-repeat-02.csv,dc79479f7a35a977067f0d89ac5a5cfca74d6adc266aa8595b34679d9610499a,7c2be38c1e77213c8a81fe923c18e945529d973ed5a29afef9a1b2616fc90154,7,replace-pending-first,630,-1,-1,replaced,8,"{""alpha"": 0.800000011920929, ""hop"": 74, ""n"": 128, ""octave"": 0.3333333432674408, ""rate"": 48000, ""window"": 8}",,,,
3aeff8d50243a034,m1-pro-16gb-local,8b57b69792771d991ec0625d4b0bf49018ce6aa19c9e7e23c84327c26b616daf,core-float,float,spec012-confirm-01,2,interactive-v1,False,2368,48000,64,/Users/christiankauten/Documents/Projects/Rack/plugins/Fourier/.build/spec012/confirm-01-transitions/workload-0000-repeat-02.csv,dc79479f7a35a977067f0d89ac5a5cfca74d6adc266aa8595b34679d9610499a,7c2be38c1e77213c8a81fe923c18e945529d973ed5a29afef9a1b2616fc90154,8,replace-pending-last,631,703,776,published,-1,"{""alpha"": 0, ""hop"": 74, ""n"": 128, ""octave"": 0.3333333432674408, ""rate"": 48000, ""window"": 8}",72,1.5,145,3.0208333333333335
3aeff8d50243a034,m1-pro-16gb-local,8b57b69792771d991ec0625d4b0bf49018ce6aa19c9e7e23c84327c26b616daf,core-float,float,spec012-confirm-01,2,interactive-v1,False,2368,48000,64,/Users/christiankauten/Documents/Projects/Rack/plugins/Fourier/.build/spec012/confirm-01-transitions/workload-0000-repeat-02.csv,dc79479f7a35a977067f0d89ac5a5cfca74d6adc266aa8595b34679d9610499a,7c2be38c1e77213c8a81fe923c18e945529d973ed5a29afef9a1b2616fc90154,9,hop-decrease-boundary,777,777,794,published,-1,"{""alpha"": 0, ""hop"": 18, ""n"": 128, ""octave"": 0.3333333432674408, ""rate"": 48000, ""window"": 8}",0,0.0,17,0.3541666666666667
3aeff8d50243a034,m1-pro-16gb-local,8b57b69792771d991ec0625d4b0bf49018ce6aa19c9e7e23c84327c26b616daf,core-float,float,spec012-confirm-01,2,interactive-v1,False,2368,48000,64,/Users/christiankauten/Documents/Projects/Rack/plugins/Fourier/.build/spec012/confirm-01-transitions/workload-0000-repeat-02.csv,dc79479f7a35a977067f0d89ac5a5cfca74d6adc266aa8595b34679d9610499a,7c2be38c1e77213c8a81fe923c18e945529d973ed5a29afef9a1b2616fc90154,10,smoothing-disable,852,867,884,published,-1,"{""alpha"": 0, ""hop"": 18, ""n"": 128, ""octave"": 0, ""rate"": 48000, ""window"": 8}",15,0.3125,32,0.6666666666666666
3aeff8d50243a034,m1-pro-16gb-local,8b57b69792771d991ec0625d4b0bf49018ce6aa19c9e7e23c84327c26b616daf,core-float,float,spec012-confirm-01,2,interactive-v1,False,2368,48000,64,/Users/christiankauten/Documents/Projects/Rack/plugins/Fourier/.build/spec012/confirm-01-transitions/workload-0000-repeat-02.csv,dc79479f7a35a977067f0d89ac5a5cfca74d6adc266aa8595b34679d9610499a,7c2be38c1e77213c8a81fe923c18e945529d973ed5a29afef9a1b2616fc90154,11,horizon-no-response,2367,-1,-1,pending-no-response,-1,"{""alpha"": 0, ""hop"": 18, ""n"": 128, ""octave"": 0, ""rate"": 48000, ""window"": 0}",,,,
3aeff8d50243a034,m1-pro-16gb-local,8b57b69792771d991ec0625d4b0bf49018ce6aa19c9e7e23c84327c26b616daf,core-float,float,spec012-confirm-02,0,interactive-v1,False,2368,48000,64,/Users/christiankauten/Documents/Projects/Rack/plugins/Fourier/.build/spec012/confirm-02-transitions/workload-0000-repeat-00.csv,b4c9772946177e06e93177245010138aed8713208b262bd9135a0dbfe150c2c1,7c2be38c1e77213c8a81fe923c18e945529d973ed5a29afef9a1b2616fc90154,1,length-increase-boundary,74,74,110,published,-1,"{""alpha"": 0, ""hop"": 37, ""n"": 1024, ""octave"": 0, ""rate"": 48000, ""window"": 8}",0,0.0,36,0.75
3aeff8d50243a034,m1-pro-16gb-local,8b57b69792771d991ec0625d4b0bf49018ce6aa19c9e7e23c84327c26b616daf,core-float,float,spec012-confirm-02,0,interactive-v1,False,2368,48000,64,/Users/christiankauten/Documents/Projects/Rack/plugins/Fourier/.build/spec012/confirm-02-transitions/workload-0000-repeat-00.csv,b4c9772946177e06e93177245010138aed8713208b262bd9135a0dbfe150c2c1,7c2be38c1e77213c8a81fe923c18e945529d973ed5a29afef9a1b2616fc90154,2,length-decrease-early,149,185,221,published,-1,"{""alpha"": 0, ""hop"": 37, ""n"": 128, ""octave"": 0, ""rate"": 48000, ""window"": 8}",36,0.75,72,1.5
3aeff8d50243a034,m1-pro-16gb-local,8b57b69792771d991ec0625d4b0bf49018ce6aa19c9e7e23c84327c26b616daf,core-float,float,spec012-confirm-02,0,interactive-v1,False,2368,48000,64,/Users/christiankauten/Documents/Projects/Rack/plugins/Fourier/.build/spec012/confirm-02-transitions/workload-0000-repeat-00.csv,b4c9772946177e06e93177245010138aed8713208b262bd9135a0dbfe150c2c1,7c2be38c1e77213c8a81fe923c18e945529d973ed5a29afef9a1b2616fc90154,3,hop-increase-middle,240,259,332,published,-1,"{""alpha"": 0, ""hop"": 74, ""n"": 128, ""octave"": 0, ""rate"": 48000, ""window"": 8}",19,0.3958333333333333,92,1.9166666666666667
3aeff8d50243a034,m1-pro-16gb-local,8b57b69792771d991ec0625d4b0bf49018ce6aa19c9e7e23c84327c26b616daf,core-float,float,spec012-confirm-02,0,interactive-v1,False,2368,48000,64,/Users/christiankauten/Documents/Projects/Rack/plugins/Fourier/.build/spec012/confirm-02-transitions/workload-0000-repeat-00.csv,b4c9772946177e06e93177245010138aed8713208b262bd9135a0dbfe150c2c1,7c2be38c1e77213c8a81fe923c18e945529d973ed5a29afef9a1b2616fc90154,4,window-late,405,407,480,published,-1,"{""alpha"": 0, ""hop"": 74, ""n"": 128, ""octave"": 0, ""rate"": 48000, ""window"": 11}",2,0.041666666666666664,75,1.5625
3aeff8d50243a034,m1-pro-16gb-local,8b57b69792771d991ec0625d4b0bf49018ce6aa19c9e7e23c84327c26b616daf,core-float,float,spec012-confirm-02,0,interactive-v1,False,2368,48000,64,/Users/christiankauten/Documents/Projects/Rack/plugins/Fourier/.build/spec012/confirm-02-transitions/workload-0000-repeat-00.csv,b4c9772946177e06e93177245010138aed8713208b262bd9135a0dbfe150c2c1,7c2be38c1e77213c8a81fe923c18e945529d973ed5a29afef9a1b2616fc90154,5,smoothing-before-publication,480,481,554,published,-1,"{""alpha"": 0.800000011920929, ""hop"": 74, ""n"": 128, ""octave"": 0.3333333432674408, ""rate"": 48000, ""window"": 11}",1,0.020833333333333332,74,1.5416666666666667
3aeff8d50243a034,m1-pro-16gb-local,8b57b69792771d991ec0625d4b0bf49018ce6aa19c9e7e23c84327c26b616daf,core-float,float,spec012-confirm-02,0,interactive-v1,False,2368,48000,64,/Users/christiankauten/Documents/Projects/Rack/plugins/Fourier/.build/spec012/confirm-02-transitions/workload-0000-repeat-00.csv,b4c9772946177e06e93177245010138aed8713208b262bd9135a0dbfe150c2c1,7c2be38c1e77213c8a81fe923c18e945529d973ed5a29afef9a1b2616fc90154,6,no-op-boundary,555,555,628,published,-1,"{""alpha"": 0.800000011920929, ""hop"": 74, ""n"": 128, ""octave"": 0.3333333432674408, ""rate"": 48000, ""window"": 11}",0,0.0,73,1.5208333333333333
3aeff8d50243a034,m1-pro-16gb-local,8b57b69792771d991ec0625d4b0bf49018ce6aa19c9e7e23c84327c26b616daf,core-float,float,spec012-confirm-02,0,interactive-v1,False,2368,48000,64,/Users/christiankauten/Documents/Projects/Rack/plugins/Fourier/.build/spec012/confirm-02-transitions/workload-0000-repeat-00.csv,b4c9772946177e06e93177245010138aed8713208b262bd9135a0dbfe150c2c1,7c2be38c1e77213c8a81fe923c18e945529d973ed5a29afef9a1b2616fc90154,7,replace-pending-first,630,-1,-1,replaced,8,"{""alpha"": 0.800000011920929, ""hop"": 74, ""n"": 128, ""octave"": 0.3333333432674408, ""rate"": 48000, ""window"": 8}",,,,
3aeff8d50243a034,m1-pro-16gb-local,8b57b69792771d991ec0625d4b0bf49018ce6aa19c9e7e23c84327c26b616daf,core-float,float,spec012-confirm-02,0,interactive-v1,False,2368,48000,64,/Users/christiankauten/Documents/Projects/Rack/plugins/Fourier/.build/spec012/confirm-02-transitions/workload-0000-repeat-00.csv,b4c9772946177e06e93177245010138aed8713208b262bd9135a0dbfe150c2c1,7c2be38c1e77213c8a81fe923c18e945529d973ed5a29afef9a1b2616fc90154,8,replace-pending-last,631,703,776,published,-1,"{""alpha"": 0, ""hop"": 74, ""n"": 128, ""octave"": 0.3333333432674408, ""rate"": 48000, ""window"": 8}",72,1.5,145,3.0208333333333335
3aeff8d50243a034,m1-pro-16gb-local,8b57b69792771d991ec0625d4b0bf49018ce6aa19c9e7e23c84327c26b616daf,core-float,float,spec012-confirm-02,0,interactive-v1,False,2368,48000,64,/Users/christiankauten/Documents/Projects/Rack/plugins/Fourier/.build/spec012/confirm-02-transitions/workload-0000-repeat-00.csv,b4c9772946177e06e93177245010138aed8713208b262bd9135a0dbfe150c2c1,7c2be38c1e77213c8a81fe923c18e945529d973ed5a29afef9a1b2616fc90154,9,hop-decrease-boundary,777,777,794,published,-1,"{""alpha"": 0, ""hop"": 18, ""n"": 128, ""octave"": 0.3333333432674408, ""rate"": 48000, ""window"": 8}",0,0.0,17,0.3541666666666667
3aeff8d50243a034,m1-pro-16gb-local,8b57b69792771d991ec0625d4b0bf49018ce6aa19c9e7e23c84327c26b616daf,core-float,float,spec012-confirm-02,0,interactive-v1,False,2368,48000,64,/Users/christiankauten/Documents/Projects/Rack/plugins/Fourier/.build/spec012/confirm-02-transitions/workload-0000-repeat-00.csv,b4c9772946177e06e93177245010138aed8713208b262bd9135a0dbfe150c2c1,7c2be38c1e77213c8a81fe923c18e945529d973ed5a29afef9a1b2616fc90154,10,smoothing-disable,852,867,884,published,-1,"{""alpha"": 0, ""hop"": 18, ""n"": 128, ""octave"": 0, ""rate"": 48000, ""window"": 8}",15,0.3125,32,0.6666666666666666
3aeff8d50243a034,m1-pro-16gb-local,8b57b69792771d991ec0625d4b0bf49018ce6aa19c9e7e23c84327c26b616daf,core-float,float,spec012-confirm-02,0,interactive-v1,False,2368,48000,64,/Users/christiankauten/Documents/Projects/Rack/plugins/Fourier/.build/spec012/confirm-02-transitions/workload-0000-repeat-00.csv,b4c9772946177e06e93177245010138aed8713208b262bd9135a0dbfe150c2c1,7c2be38c1e77213c8a81fe923c18e945529d973ed5a29afef9a1b2616fc90154,11,horizon-no-response,2367,-1,-1,pending-no-response,-1,"{""alpha"": 0, ""hop"": 18, ""n"": 128, ""octave"": 0, ""rate"": 48000, ""window"": 0}",,,,
3aeff8d50243a034,m1-pro-16gb-local,8b57b69792771d991ec0625d4b0bf49018ce6aa19c9e7e23c84327c26b616daf,core-float,float,spec012-confirm-02,1,interactive-v1,False,2368,48000,64,/Users/christiankauten/Documents/Projects/Rack/plugins/Fourier/.build/spec012/confirm-02-transitions/workload-0000-repeat-01.csv,5b6029d4d9aceb5b12e237c7ff751e624b21417c8a0a490e8de70b19a5a32533,7c2be38c1e77213c8a81fe923c18e945529d973ed5a29afef9a1b2616fc90154,1,length-increase-boundary,74,74,110,published,-1,"{""alpha"": 0, ""hop"": 37, ""n"": 1024, ""octave"": 0, ""rate"": 48000, ""window"": 8}",0,0.0,36,0.75
3aeff8d50243a034,m1-pro-16gb-local,8b57b69792771d991ec0625d4b0bf49018ce6aa19c9e7e23c84327c26b616daf,core-float,float,spec012-confirm-02,1,interactive-v1,False,2368,48000,64,/Users/christiankauten/Documents/Projects/Rack/plugins/Fourier/.build/spec012/confirm-02-transitions/workload-0000-repeat-01.csv,5b6029d4d9aceb5b12e237c7ff751e624b21417c8a0a490e8de70b19a5a32533,7c2be38c1e77213c8a81fe923c18e945529d973ed5a29afef9a1b2616fc90154,2,length-decrease-early,149,185,221,published,-1,"{""alpha"": 0, ""hop"": 37, ""n"": 128, ""octave"": 0, ""rate"": 48000, ""window"": 8}",36,0.75,72,1.5
3aeff8d50243a034,m1-pro-16gb-local,8b57b69792771d991ec0625d4b0bf49018ce6aa19c9e7e23c84327c26b616daf,core-float,float,spec012-confirm-02,1,interactive-v1,False,2368,48000,64,/Users/christiankauten/Documents/Projects/Rack/plugins/Fourier/.build/spec012/confirm-02-transitions/workload-0000-repeat-01.csv,5b6029d4d9aceb5b12e237c7ff751e624b21417c8a0a490e8de70b19a5a32533,7c2be38c1e77213c8a81fe923c18e945529d973ed5a29afef9a1b2616fc90154,3,hop-increase-middle,240,259,332,published,-1,"{""alpha"": 0, ""hop"": 74, ""n"": 128, ""octave"": 0, ""rate"": 48000, ""window"": 8}",19,0.3958333333333333,92,1.9166666666666667
3aeff8d50243a034,m1-pro-16gb-local,8b57b69792771d991ec0625d4b0bf49018ce6aa19c9e7e23c84327c26b616daf,core-float,float,spec012-confirm-02,1,interactive-v1,False,2368,48000,64,/Users/christiankauten/Documents/Projects/Rack/plugins/Fourier/.build/spec012/confirm-02-transitions/workload-0000-repeat-01.csv,5b6029d4d9aceb5b12e237c7ff751e624b21417c8a0a490e8de70b19a5a32533,7c2be38c1e77213c8a81fe923c18e945529d973ed5a29afef9a1b2616fc90154,4,window-late,405,407,480,published,-1,"{""alpha"": 0, ""hop"": 74, ""n"": 128, ""octave"": 0, ""rate"": 48000, ""window"": 11}",2,0.041666666666666664,75,1.5625
3aeff8d50243a034,m1-pro-16gb-local,8b57b69792771d991ec0625d4b0bf49018ce6aa19c9e7e23c84327c26b616daf,core-float,float,spec012-confirm-02,1,interactive-v1,False,2368,48000,64,/Users/christiankauten/Documents/Projects/Rack/plugins/Fourier/.build/spec012/confirm-02-transitions/workload-0000-repeat-01.csv,5b6029d4d9aceb5b12e237c7ff751e624b21417c8a0a490e8de70b19a5a32533,7c2be38c1e77213c8a81fe923c18e945529d973ed5a29afef9a1b2616fc90154,5,smoothing-before-publication,480,481,554,published,-1,"{""alpha"": 0.800000011920929, ""hop"": 74, ""n"": 128, ""octave"": 0.3333333432674408, ""rate"": 48000, ""window"": 11}",1,0.020833333333333332,74,1.5416666666666667
3aeff8d50243a034,m1-pro-16gb-local,8b57b69792771d991ec0625d4b0bf49018ce6aa19c9e7e23c84327c26b616daf,core-float,float,spec012-confirm-02,1,interactive-v1,False,2368,48000,64,/Users/christiankauten/Documents/Projects/Rack/plugins/Fourier/.build/spec012/confirm-02-transitions/workload-0000-repeat-01.csv,5b6029d4d9aceb5b12e237c7ff751e624b21417c8a0a490e8de70b19a5a32533,7c2be38c1e77213c8a81fe923c18e945529d973ed5a29afef9a1b2616fc90154,6,no-op-boundary,555,555,628,published,-1,"{""alpha"": 0.800000011920929, ""hop"": 74, ""n"": 128, ""octave"": 0.3333333432674408, ""rate"": 48000, ""window"": 11}",0,0.0,73,1.5208333333333333
3aeff8d50243a034,m1-pro-16gb-local,8b57b69792771d991ec0625d4b0bf49018ce6aa19c9e7e23c84327c26b616daf,core-float,float,spec012-confirm-02,1,interactive-v1,False,2368,48000,64,/Users/christiankauten/Documents/Projects/Rack/plugins/Fourier/.build/spec012/confirm-02-transitions/workload-0000-repeat-01.csv,5b6029d4d9aceb5b12e237c7ff751e624b21417c8a0a490e8de70b19a5a32533,7c2be38c1e77213c8a81fe923c18e945529d973ed5a29afef9a1b2616fc90154,7,replace-pending-first,630,-1,-1,replaced,8,"{""alpha"": 0.800000011920929, ""hop"": 74, ""n"": 128, ""octave"": 0.3333333432674408, ""rate"": 48000, ""window"": 8}",,,,
3aeff8d50243a034,m1-pro-16gb-local,8b57b69792771d991ec0625d4b0bf49018ce6aa19c9e7e23c84327c26b616daf,core-float,float,spec012-confirm-02,1,interactive-v1,False,2368,48000,64,/Users/christiankauten/Documents/Projects/Rack/plugins/Fourier/.build/spec012/confirm-02-transitions/workload-0000-repeat-01.csv,5b6029d4d9aceb5b12e237c7ff751e624b21417c8a0a490e8de70b19a5a32533,7c2be38c1e77213c8a81fe923c18e945529d973ed5a29afef9a1b2616fc90154,8,replace-pending-last,631,703,776,published,-1,"{""alpha"": 0, ""hop"": 74, ""n"": 128, ""octave"": 0.3333333432674408, ""rate"": 48000, ""window"": 8}",72,1.5,145,3.0208333333333335
3aeff8d50243a034,m1-pro-16gb-local,8b57b69792771d991ec0625d4b0bf49018ce6aa19c9e7e23c84327c26b616daf,core-float,float,spec012-confirm-02,1,interactive-v1,False,2368,48000,64,/Users/christiankauten/Documents/Projects/Rack/plugins/Fourier/.build/spec012/confirm-02-transitions/workload-0000-repeat-01.csv,5b6029d4d9aceb5b12e237c7ff751e624b21417c8a0a490e8de70b19a5a32533,7c2be38c1e77213c8a81fe923c18e945529d973ed5a29afef9a1b2616fc90154,9,hop-decrease-boundary,777,777,794,published,-1,"{""alpha"": 0, ""hop"": 18, ""n"": 128, ""octave"": 0.3333333432674408, ""rate"": 48000, ""window"": 8}",0,0.0,17,0.3541666666666667
3aeff8d50243a034,m1-pro-16gb-local,8b57b69792771d991ec0625d4b0bf49018ce6aa19c9e7e23c84327c26b616daf,core-float,float,spec012-confirm-02,1,interactive-v1,False,2368,48000,64,/Users/christiankauten/Documents/Projects/Rack/plugins/Fourier/.build/spec012/confirm-02-transitions/workload-0000-repeat-01.csv,5b6029d4d9aceb5b12e237c7ff751e624b21417c8a0a490e8de70b19a5a32533,7c2be38c1e77213c8a81fe923c18e945529d973ed5a29afef9a1b2616fc90154,10,smoothing-disable,852,867,884,published,-1,"{""alpha"": 0, ""hop"": 18, ""n"": 128, ""octave"": 0, ""rate"": 48000, ""window"": 8}",15,0.3125,32,0.6666666666666666
3aeff8d50243a034,m1-pro-16gb-local,8b57b69792771d991ec0625d4b0bf49018ce6aa19c9e7e23c84327c26b616daf,core-float,float,spec012-confirm-02,1,interactive-v1,False,2368,48000,64,/Users/christiankauten/Documents/Projects/Rack/plugins/Fourier/.build/spec012/confirm-02-transitions/workload-0000-repeat-01.csv,5b6029d4d9aceb5b12e237c7ff751e624b21417c8a0a490e8de70b19a5a32533,7c2be38c1e77213c8a81fe923c18e945529d973ed5a29afef9a1b2616fc90154,11,horizon-no-response,2367,-1,-1,pending-no-response,-1,"{""alpha"": 0, ""hop"": 18, ""n"": 128, ""octave"": 0, ""rate"": 48000, ""window"": 0}",,,,
3aeff8d50243a034,m1-pro-16gb-local,8b57b69792771d991ec0625d4b0bf49018ce6aa19c9e7e23c84327c26b616daf,core-float,float,spec012-confirm-02,2,interactive-v1,False,2368,48000,64,/Users/christiankauten/Documents/Projects/Rack/plugins/Fourier/.build/spec012/confirm-02-transitions/workload-0000-repeat-02.csv,a64b6de7d4a6f7ea31c79d7e570ed0c3bb41bbcaabfc231d1d571ea42cf6fbdd,7c2be38c1e77213c8a81fe923c18e945529d973ed5a29afef9a1b2616fc90154,1,length-increase-boundary,74,74,110,published,-1,"{""alpha"": 0, ""hop"": 37, ""n"": 1024, ""octave"": 0, ""rate"": 48000, ""window"": 8}",0,0.0,36,0.75
3aeff8d50243a034,m1-pro-16gb-local,8b57b69792771d991ec0625d4b0bf49018ce6aa19c9e7e23c84327c26b616daf,core-float,float,spec012-confirm-02,2,interactive-v1,False,2368,48000,64,/Users/christiankauten/Documents/Projects/Rack/plugins/Fourier/.build/spec012/confirm-02-transitions/workload-0000-repeat-02.csv,a64b6de7d4a6f7ea31c79d7e570ed0c3bb41bbcaabfc231d1d571ea42cf6fbdd,7c2be38c1e77213c8a81fe923c18e945529d973ed5a29afef9a1b2616fc90154,2,length-decrease-early,149,185,221,published,-1,"{""alpha"": 0, ""hop"": 37, ""n"": 128, ""octave"": 0, ""rate"": 48000, ""window"": 8}",36,0.75,72,1.5
3aeff8d50243a034,m1-pro-16gb-local,8b57b69792771d991ec0625d4b0bf49018ce6aa19c9e7e23c84327c26b616daf,core-float,float,spec012-confirm-02,2,interactive-v1,False,2368,48000,64,/Users/christiankauten/Documents/Projects/Rack/plugins/Fourier/.build/spec012/confirm-02-transitions/workload-0000-repeat-02.csv,a64b6de7d4a6f7ea31c79d7e570ed0c3bb41bbcaabfc231d1d571ea42cf6fbdd,7c2be38c1e77213c8a81fe923c18e945529d973ed5a29afef9a1b2616fc90154,3,hop-increase-middle,240,259,332,published,-1,"{""alpha"": 0, ""hop"": 74, ""n"": 128, ""octave"": 0, ""rate"": 48000, ""window"": 8}",19,0.3958333333333333,92,1.9166666666666667
3aeff8d50243a034,m1-pro-16gb-local,8b57b69792771d991ec0625d4b0bf49018ce6aa19c9e7e23c84327c26b616daf,core-float,float,spec012-confirm-02,2,interactive-v1,False,2368,48000,64,/Users/christiankauten/Documents/Projects/Rack/plugins/Fourier/.build/spec012/confirm-02-transitions/workload-0000-repeat-02.csv,a64b6de7d4a6f7ea31c79d7e570ed0c3bb41bbcaabfc231d1d571ea42cf6fbdd,7c2be38c1e77213c8a81fe923c18e945529d973ed5a29afef9a1b2616fc90154,4,window-late,405,407,480,published,-1,"{""alpha"": 0, ""hop"": 74, ""n"": 128, ""octave"": 0, ""rate"": 48000, ""window"": 11}",2,0.041666666666666664,75,1.5625
3aeff8d50243a034,m1-pro-16gb-local,8b57b69792771d991ec0625d4b0bf49018ce6aa19c9e7e23c84327c26b616daf,core-float,float,spec012-confirm-02,2,interactive-v1,False,2368,48000,64,/Users/christiankauten/Documents/Projects/Rack/plugins/Fourier/.build/spec012/confirm-02-transitions/workload-0000-repeat-02.csv,a64b6de7d4a6f7ea31c79d7e570ed0c3bb41bbcaabfc231d1d571ea42cf6fbdd,7c2be38c1e77213c8a81fe923c18e945529d973ed5a29afef9a1b2616fc90154,5,smoothing-before-publication,480,481,554,published,-1,"{""alpha"": 0.800000011920929, ""hop"": 74, ""n"": 128, ""octave"": 0.3333333432674408, ""rate"": 48000, ""window"": 11}",1,0.020833333333333332,74,1.5416666666666667
3aeff8d50243a034,m1-pro-16gb-local,8b57b69792771d991ec0625d4b0bf49018ce6aa19c9e7e23c84327c26b616daf,core-float,float,spec012-confirm-02,2,interactive-v1,False,2368,48000,64,/Users/christiankauten/Documents/Projects/Rack/plugins/Fourier/.build/spec012/confirm-02-transitions/workload-0000-repeat-02.csv,a64b6de7d4a6f7ea31c79d7e570ed0c3bb41bbcaabfc231d1d571ea42cf6fbdd,7c2be38c1e77213c8a81fe923c18e945529d973ed5a29afef9a1b2616fc90154,6,no-op-boundary,555,555,628,published,-1,"{""alpha"": 0.800000011920929, ""hop"": 74, ""n"": 128, ""octave"": 0.3333333432674408, ""rate"": 48000, ""window"": 11}",0,0.0,73,1.5208333333333333
3aeff8d50243a034,m1-pro-16gb-local,8b57b69792771d991ec0625d4b0bf49018ce6aa19c9e7e23c84327c26b616daf,core-float,float,spec012-confirm-02,2,interactive-v1,False,2368,48000,64,/Users/christiankauten/Documents/Projects/Rack/plugins/Fourier/.build/spec012/confirm-02-transitions/workload-0000-repeat-02.csv,a64b6de7d4a6f7ea31c79d7e570ed0c3bb41bbcaabfc231d1d571ea42cf6fbdd,7c2be38c1e77213c8a81fe923c18e945529d973ed5a29afef9a1b2616fc90154,7,replace-pending-first,630,-1,-1,replaced,8,"{""alpha"": 0.800000011920929, ""hop"": 74, ""n"": 128, ""octave"": 0.3333333432674408, ""rate"": 48000, ""window"": 8}",,,,
3aeff8d50243a034,m1-pro-16gb-local,8b57b69792771d991ec0625d4b0bf49018ce6aa19c9e7e23c84327c26b616daf,core-float,float,spec012-confirm-02,2,interactive-v1,False,2368,48000,64,/Users/christiankauten/Documents/Projects/Rack/plugins/Fourier/.build/spec012/confirm-02-transitions/workload-0000-repeat-02.csv,a64b6de7d4a6f7ea31c79d7e570ed0c3bb41bbcaabfc231d1d571ea42cf6fbdd,7c2be38c1e77213c8a81fe923c18e945529d973ed5a29afef9a1b2616fc90154,8,replace-pending-last,631,703,776,published,-1,"{""alpha"": 0, ""hop"": 74, ""n"": 128, ""octave"": 0.3333333432674408, ""rate"": 48000, ""window"": 8}",72,1.5,145,3.0208333333333335
3aeff8d50243a034,m1-pro-16gb-local,8b57b69792771d991ec0625d4b0bf49018ce6aa19c9e7e23c84327c26b616daf,core-float,float,spec012-confirm-02,2,interactive-v1,False,2368,48000,64,/Users/christiankauten/Documents/Projects/Rack/plugins/Fourier/.build/spec012/confirm-02-transitions/workload-0000-repeat-02.csv,a64b6de7d4a6f7ea31c79d7e570ed0c3bb41bbcaabfc231d1d571ea42cf6fbdd,7c2be38c1e77213c8a81fe923c18e945529d973ed5a29afef9a1b2616fc90154,9,hop-decrease-boundary,777,777,794,published,-1,"{""alpha"": 0, ""hop"": 18, ""n"": 128, ""octave"": 0.3333333432674408, ""rate"": 48000, ""window"": 8}",0,0.0,17,0.3541666666666667
3aeff8d50243a034,m1-pro-16gb-local,8b57b69792771d991ec0625d4b0bf49018ce6aa19c9e7e23c84327c26b616daf,core-float,float,spec012-confirm-02,2,interactive-v1,False,2368,48000,64,/Users/christiankauten/Documents/Projects/Rack/plugins/Fourier/.build/spec012/confirm-02-transitions/workload-0000-repeat-02.csv,a64b6de7d4a6f7ea31c79d7e570ed0c3bb41bbcaabfc231d1d571ea42cf6fbdd,7c2be38c1e77213c8a81fe923c18e945529d973ed5a29afef9a1b2616fc90154,10,smoothing-disable,852,867,884,published,-1,"{""alpha"": 0, ""hop"": 18, ""n"": 128, ""octave"": 0, ""rate"": 48000, ""window"": 8}",15,0.3125,32,0.6666666666666666
3aeff8d50243a034,m1-pro-16gb-local,8b57b69792771d991ec0625d4b0bf49018ce6aa19c9e7e23c84327c26b616daf,core-float,float,spec012-confirm-02,2,interactive-v1,False,2368,48000,64,/Users/christiankauten/Documents/Projects/Rack/plugins/Fourier/.build/spec012/confirm-02-transitions/workload-0000-repeat-02.csv,a64b6de7d4a6f7ea31c79d7e570ed0c3bb41bbcaabfc231d1d571ea42cf6fbdd,7c2be38c1e77213c8a81fe923c18e945529d973ed5a29afef9a1b2616fc90154,11,horizon-no-response,2367,-1,-1,pending-no-response,-1,"{""alpha"": 0, ""hop"": 18, ""n"": 128, ""octave"": 0, ""rate"": 48000, ""window"": 0}",,,,
3aeff8d50243a034,m1-pro-16gb-local,8b57b69792771d991ec0625d4b0bf49018ce6aa19c9e7e23c84327c26b616daf,core-float,float,spec012-confirm-03,0,interactive-v1,False,2368,48000,64,/Users/christiankauten/Documents/Projects/Rack/plugins/Fourier/.build/spec012/confirm-03-transitions/workload-0000-repeat-00.csv,359fd9f154f744d0ba64c9719150a859c4df270e748382f3b735b1a80afb5c21,7c2be38c1e77213c8a81fe923c18e945529d973ed5a29afef9a1b2616fc90154,1,length-increase-boundary,74,74,110,published,-1,"{""alpha"": 0, ""hop"": 37, ""n"": 1024, ""octave"": 0, ""rate"": 48000, ""window"": 8}",0,0.0,36,0.75
3aeff8d50243a034,m1-pro-16gb-local,8b57b69792771d991ec0625d4b0bf49018ce6aa19c9e7e23c84327c26b616daf,core-float,float,spec012-confirm-03,0,interactive-v1,False,2368,48000,64,/Users/christiankauten/Documents/Projects/Rack/plugins/Fourier/.build/spec012/confirm-03-transitions/workload-0000-repeat-00.csv,359fd9f154f744d0ba64c9719150a859c4df270e748382f3b735b1a80afb5c21,7c2be38c1e77213c8a81fe923c18e945529d973ed5a29afef9a1b2616fc90154,2,length-decrease-early,149,185,221,published,-1,"{""alpha"": 0, ""hop"": 37, ""n"": 128, ""octave"": 0, ""rate"": 48000, ""window"": 8}",36,0.75,72,1.5
3aeff8d50243a034,m1-pro-16gb-local,8b57b69792771d991ec0625d4b0bf49018ce6aa19c9e7e23c84327c26b616daf,core-float,float,spec012-confirm-03,0,interactive-v1,False,2368,48000,64,/Users/christiankauten/Documents/Projects/Rack/plugins/Fourier/.build/spec012/confirm-03-transitions/workload-0000-repeat-00.csv,359fd9f154f744d0ba64c9719150a859c4df270e748382f3b735b1a80afb5c21,7c2be38c1e77213c8a81fe923c18e945529d973ed5a29afef9a1b2616fc90154,3,hop-increase-middle,240,259,332,published,-1,"{""alpha"": 0, ""hop"": 74, ""n"": 128, ""octave"": 0, ""rate"": 48000, ""window"": 8}",19,0.3958333333333333,92,1.9166666666666667
3aeff8d50243a034,m1-pro-16gb-local,8b57b69792771d991ec0625d4b0bf49018ce6aa19c9e7e23c84327c26b616daf,core-float,float,spec012-confirm-03,0,interactive-v1,False,2368,48000,64,/Users/christiankauten/Documents/Projects/Rack/plugins/Fourier/.build/spec012/confirm-03-transitions/workload-0000-repeat-00.csv,359fd9f154f744d0ba64c9719150a859c4df270e748382f3b735b1a80afb5c21,7c2be38c1e77213c8a81fe923c18e945529d973ed5a29afef9a1b2616fc90154,4,window-late,405,407,480,published,-1,"{""alpha"": 0, ""hop"": 74, ""n"": 128, ""octave"": 0, ""rate"": 48000, ""window"": 11}",2,0.041666666666666664,75,1.5625
3aeff8d50243a034,m1-pro-16gb-local,8b57b69792771d991ec0625d4b0bf49018ce6aa19c9e7e23c84327c26b616daf,core-float,float,spec012-confirm-03,0,interactive-v1,False,2368,48000,64,/Users/christiankauten/Documents/Projects/Rack/plugins/Fourier/.build/spec012/confirm-03-transitions/workload-0000-repeat-00.csv,359fd9f154f744d0ba64c9719150a859c4df270e748382f3b735b1a80afb5c21,7c2be38c1e77213c8a81fe923c18e945529d973ed5a29afef9a1b2616fc90154,5,smoothing-before-publication,480,481,554,published,-1,"{""alpha"": 0.800000011920929, ""hop"": 74, ""n"": 128, ""octave"": 0.3333333432674408, ""rate"": 48000, ""window"": 11}",1,0.020833333333333332,74,1.5416666666666667
3aeff8d50243a034,m1-pro-16gb-local,8b57b69792771d991ec0625d4b0bf49018ce6aa19c9e7e23c84327c26b616daf,core-float,float,spec012-confirm-03,0,interactive-v1,False,2368,48000,64,/Users/christiankauten/Documents/Projects/Rack/plugins/Fourier/.build/spec012/confirm-03-transitions/workload-0000-repeat-00.csv,359fd9f154f744d0ba64c9719150a859c4df270e748382f3b735b1a80afb5c21,7c2be38c1e77213c8a81fe923c18e945529d973ed5a29afef9a1b2616fc90154,6,no-op-boundary,555,555,628,published,-1,"{""alpha"": 0.800000011920929, ""hop"": 74, ""n"": 128, ""octave"": 0.3333333432674408, ""rate"": 48000, ""window"": 11}",0,0.0,73,1.5208333333333333
3aeff8d50243a034,m1-pro-16gb-local,8b57b69792771d991ec0625d4b0bf49018ce6aa19c9e7e23c84327c26b616daf,core-float,float,spec012-confirm-03,0,interactive-v1,False,2368,48000,64,/Users/christiankauten/Documents/Projects/Rack/plugins/Fourier/.build/spec012/confirm-03-transitions/workload-0000-repeat-00.csv,359fd9f154f744d0ba64c9719150a859c4df270e748382f3b735b1a80afb5c21,7c2be38c1e77213c8a81fe923c18e945529d973ed5a29afef9a1b2616fc90154,7,replace-pending-first,630,-1,-1,replaced,8,"{""alpha"": 0.800000011920929, ""hop"": 74, ""n"": 128, ""octave"": 0.3333333432674408, ""rate"": 48000, ""window"": 8}",,,,
3aeff8d50243a034,m1-pro-16gb-local,8b57b69792771d991ec0625d4b0bf49018ce6aa19c9e7e23c84327c26b616daf,core-float,float,spec012-confirm-03,0,interactive-v1,False,2368,48000,64,/Users/christiankauten/Documents/Projects/Rack/plugins/Fourier/.build/spec012/confirm-03-transitions/workload-0000-repeat-00.csv,359fd9f154f744d0ba64c9719150a859c4df270e748382f3b735b1a80afb5c21,7c2be38c1e77213c8a81fe923c18e945529d973ed5a29afef9a1b2616fc90154,8,replace-pending-last,631,703,776,published,-1,"{""alpha"": 0, ""hop"": 74, ""n"": 128, ""octave"": 0.3333333432674408, ""rate"": 48000, ""window"": 8}",72,1.5,145,3.0208333333333335
3aeff8d50243a034,m1-pro-16gb-local,8b57b69792771d991ec0625d4b0bf49018ce6aa19c9e7e23c84327c26b616daf,core-float,float,spec012-confirm-03,0,interactive-v1,False,2368,48000,64,/Users/christiankauten/Documents/Projects/Rack/plugins/Fourier/.build/spec012/confirm-03-transitions/workload-0000-repeat-00.csv,359fd9f154f744d0ba64c9719150a859c4df270e748382f3b735b1a80afb5c21,7c2be38c1e77213c8a81fe923c18e945529d973ed5a29afef9a1b2616fc90154,9,hop-decrease-boundary,777,777,794,published,-1,"{""alpha"": 0, ""hop"": 18, ""n"": 128, ""octave"": 0.3333333432674408, ""rate"": 48000, ""window"": 8}",0,0.0,17,0.3541666666666667
3aeff8d50243a034,m1-pro-16gb-local,8b57b69792771d991ec0625d4b0bf49018ce6aa19c9e7e23c84327c26b616daf,core-float,float,spec012-confirm-03,0,interactive-v1,False,2368,48000,64,/Users/christiankauten/Documents/Projects/Rack/plugins/Fourier/.build/spec012/confirm-03-transitions/workload-0000-repeat-00.csv,359fd9f154f744d0ba64c9719150a859c4df270e748382f3b735b1a80afb5c21,7c2be38c1e77213c8a81fe923c18e945529d973ed5a29afef9a1b2616fc90154,10,smoothing-disable,852,867,884,published,-1,"{""alpha"": 0, ""hop"": 18, ""n"": 128, ""octave"": 0, ""rate"": 48000, ""window"": 8}",15,0.3125,32,0.6666666666666666
3aeff8d50243a034,m1-pro-16gb-local,8b57b69792771d991ec0625d4b0bf49018ce6aa19c9e7e23c84327c26b616daf,core-float,float,spec012-confirm-03,0,interactive-v1,False,2368,48000,64,/Users/christiankauten/Documents/Projects/Rack/plugins/Fourier/.build/spec012/confirm-03-transitions/workload-0000-repeat-00.csv,359fd9f154f744d0ba64c9719150a859c4df270e748382f3b735b1a80afb5c21,7c2be38c1e77213c8a81fe923c18e945529d973ed5a29afef9a1b2616fc90154,11,horizon-no-response,2367,-1,-1,pending-no-response,-1,"{""alpha"": 0, ""hop"": 18, ""n"": 128, ""octave"": 0, ""rate"": 48000, ""window"": 0}",,,,
3aeff8d50243a034,m1-pro-16gb-local,8b57b69792771d991ec0625d4b0bf49018ce6aa19c9e7e23c84327c26b616daf,core-float,float,spec012-confirm-03,1,interactive-v1,False,2368,48000,64,/Users/christiankauten/Documents/Projects/Rack/plugins/Fourier/.build/spec012/confirm-03-transitions/workload-0000-repeat-01.csv,adad29bd8329fd4b639f92048bc443cedd301e94ec626298378bc7d542b9b604,7c2be38c1e77213c8a81fe923c18e945529d973ed5a29afef9a1b2616fc90154,1,length-increase-boundary,74,74,110,published,-1,"{""alpha"": 0, ""hop"": 37, ""n"": 1024, ""octave"": 0, ""rate"": 48000, ""window"": 8}",0,0.0,36,0.75
3aeff8d50243a034,m1-pro-16gb-local,8b57b69792771d991ec0625d4b0bf49018ce6aa19c9e7e23c84327c26b616daf,core-float,float,spec012-confirm-03,1,interactive-v1,False,2368,48000,64,/Users/christiankauten/Documents/Projects/Rack/plugins/Fourier/.build/spec012/confirm-03-transitions/workload-0000-repeat-01.csv,adad29bd8329fd4b639f92048bc443cedd301e94ec626298378bc7d542b9b604,7c2be38c1e77213c8a81fe923c18e945529d973ed5a29afef9a1b2616fc90154,2,length-decrease-early,149,185,221,published,-1,"{""alpha"": 0, ""hop"": 37, ""n"": 128, ""octave"": 0, ""rate"": 48000, ""window"": 8}",36,0.75,72,1.5
3aeff8d50243a034,m1-pro-16gb-local,8b57b69792771d991ec0625d4b0bf49018ce6aa19c9e7e23c84327c26b616daf,core-float,float,spec012-confirm-03,1,interactive-v1,False,2368,48000,64,/Users/christiankauten/Documents/Projects/Rack/plugins/Fourier/.build/spec012/confirm-03-transitions/workload-0000-repeat-01.csv,adad29bd8329fd4b639f92048bc443cedd301e94ec626298378bc7d542b9b604,7c2be38c1e77213c8a81fe923c18e945529d973ed5a29afef9a1b2616fc90154,3,hop-increase-middle,240,259,332,published,-1,"{""alpha"": 0, ""hop"": 74, ""n"": 128, ""octave"": 0, ""rate"": 48000, ""window"": 8}",19,0.3958333333333333,92,1.9166666666666667
3aeff8d50243a034,m1-pro-16gb-local,8b57b69792771d991ec0625d4b0bf49018ce6aa19c9e7e23c84327c26b616daf,core-float,float,spec012-confirm-03,1,interactive-v1,False,2368,48000,64,/Users/christiankauten/Documents/Projects/Rack/plugins/Fourier/.build/spec012/confirm-03-transitions/workload-0000-repeat-01.csv,adad29bd8329fd4b639f92048bc443cedd301e94ec626298378bc7d542b9b604,7c2be38c1e77213c8a81fe923c18e945529d973ed5a29afef9a1b2616fc90154,4,window-late,405,407,480,published,-1,"{""alpha"": 0, ""hop"": 74, ""n"": 128, ""octave"": 0, ""rate"": 48000, ""window"": 11}",2,0.041666666666666664,75,1.5625
3aeff8d50243a034,m1-pro-16gb-local,8b57b69792771d991ec0625d4b0bf49018ce6aa19c9e7e23c84327c26b616daf,core-float,float,spec012-confirm-03,1,interactive-v1,False,2368,48000,64,/Users/christiankauten/Documents/Projects/Rack/plugins/Fourier/.build/spec012/confirm-03-transitions/workload-0000-repeat-01.csv,adad29bd8329fd4b639f92048bc443cedd301e94ec626298378bc7d542b9b604,7c2be38c1e77213c8a81fe923c18e945529d973ed5a29afef9a1b2616fc90154,5,smoothing-before-publication,480,481,554,published,-1,"{""alpha"": 0.800000011920929, ""hop"": 74, ""n"": 128, ""octave"": 0.3333333432674408, ""rate"": 48000, ""window"": 11}",1,0.020833333333333332,74,1.5416666666666667
3aeff8d50243a034,m1-pro-16gb-local,8b57b69792771d991ec0625d4b0bf49018ce6aa19c9e7e23c84327c26b616daf,core-float,float,spec012-confirm-03,1,interactive-v1,False,2368,48000,64,/Users/christiankauten/Documents/Projects/Rack/plugins/Fourier/.build/spec012/confirm-03-transitions/workload-0000-repeat-01.csv,adad29bd8329fd4b639f92048bc443cedd301e94ec626298378bc7d542b9b604,7c2be38c1e77213c8a81fe923c18e945529d973ed5a29afef9a1b2616fc90154,6,no-op-boundary,555,555,628,published,-1,"{""alpha"": 0.800000011920929, ""hop"": 74, ""n"": 128, ""octave"": 0.3333333432674408, ""rate"": 48000, ""window"": 11}",0,0.0,73,1.5208333333333333
3aeff8d50243a034,m1-pro-16gb-local,8b57b69792771d991ec0625d4b0bf49018ce6aa19c9e7e23c84327c26b616daf,core-float,float,spec012-confirm-03,1,interactive-v1,False,2368,48000,64,/Users/christiankauten/Documents/Projects/Rack/plugins/Fourier/.build/spec012/confirm-03-transitions/workload-0000-repeat-01.csv,adad29bd8329fd4b639f92048bc443cedd301e94ec626298378bc7d542b9b604,7c2be38c1e77213c8a81fe923c18e945529d973ed5a29afef9a1b2616fc90154,7,replace-pending-first,630,-1,-1,replaced,8,"{""alpha"": 0.800000011920929, ""hop"": 74, ""n"": 128, ""octave"": 0.3333333432674408, ""rate"": 48000, ""window"": 8}",,,,
3aeff8d50243a034,m1-pro-16gb-local,8b57b69792771d991ec0625d4b0bf49018ce6aa19c9e7e23c84327c26b616daf,core-float,float,spec012-confirm-03,1,interactive-v1,False,2368,48000,64,/Users/christiankauten/Documents/Projects/Rack/plugins/Fourier/.build/spec012/confirm-03-transitions/workload-0000-repeat-01.csv,adad29bd8329fd4b639f92048bc443cedd301e94ec626298378bc7d542b9b604,7c2be38c1e77213c8a81fe923c18e945529d973ed5a29afef9a1b2616fc90154,8,replace-pending-last,631,703,776,published,-1,"{""alpha"": 0, ""hop"": 74, ""n"": 128, ""octave"": 0.3333333432674408, ""rate"": 48000, ""window"": 8}",72,1.5,145,3.0208333333333335
3aeff8d50243a034,m1-pro-16gb-local,8b57b69792771d991ec0625d4b0bf49018ce6aa19c9e7e23c84327c26b616daf,core-float,float,spec012-confirm-03,1,interactive-v1,False,2368,48000,64,/Users/christiankauten/Documents/Projects/Rack/plugins/Fourier/.build/spec012/confirm-03-transitions/workload-0000-repeat-01.csv,adad29bd8329fd4b639f92048bc443cedd301e94ec626298378bc7d542b9b604,7c2be38c1e77213c8a81fe923c18e945529d973ed5a29afef9a1b2616fc90154,9,hop-decrease-boundary,777,777,794,published,-1,"{""alpha"": 0, ""hop"": 18, ""n"": 128, ""octave"": 0.3333333432674408, ""rate"": 48000, ""window"": 8}",0,0.0,17,0.3541666666666667
3aeff8d50243a034,m1-pro-16gb-local,8b57b69792771d991ec0625d4b0bf49018ce6aa19c9e7e23c84327c26b616daf,core-float,float,spec012-confirm-03,1,interactive-v1,False,2368,48000,64,/Users/christiankauten/Documents/Projects/Rack/plugins/Fourier/.build/spec012/confirm-03-transitions/workload-0000-repeat-01.csv,adad29bd8329fd4b639f92048bc443cedd301e94ec626298378bc7d542b9b604,7c2be38c1e77213c8a81fe923c18e945529d973ed5a29afef9a1b2616fc90154,10,smoothing-disable,852,867,884,published,-1,"{""alpha"": 0, ""hop"": 18, ""n"": 128, ""octave"": 0, ""rate"": 48000, ""window"": 8}",15,0.3125,32,0.6666666666666666
3aeff8d50243a034,m1-pro-16gb-local,8b57b69792771d991ec0625d4b0bf49018ce6aa19c9e7e23c84327c26b616daf,core-float,float,spec012-confirm-03,1,interactive-v1,False,2368,48000,64,/Users/christiankauten/Documents/Projects/Rack/plugins/Fourier/.build/spec012/confirm-03-transitions/workload-0000-repeat-01.csv,adad29bd8329fd4b639f92048bc443cedd301e94ec626298378bc7d542b9b604,7c2be38c1e77213c8a81fe923c18e945529d973ed5a29afef9a1b2616fc90154,11,horizon-no-response,2367,-1,-1,pending-no-response,-1,"{""alpha"": 0, ""hop"": 18, ""n"": 128, ""octave"": 0, ""rate"": 48000, ""window"": 0}",,,,
3aeff8d50243a034,m1-pro-16gb-local,8b57b69792771d991ec0625d4b0bf49018ce6aa19c9e7e23c84327c26b616daf,core-float,float,spec012-confirm-03,2,interactive-v1,False,2368,48000,64,/Users/christiankauten/Documents/Projects/Rack/plugins/Fourier/.build/spec012/confirm-03-transitions/workload-0000-repeat-02.csv,9f397aa2ca0b8adc9bc1df531c2fda671efbcfcc32e1e056df19bdfdcec9a501,7c2be38c1e77213c8a81fe923c18e945529d973ed5a29afef9a1b2616fc90154,1,length-increase-boundary,74,74,110,published,-1,"{""alpha"": 0, ""hop"": 37, ""n"": 1024, ""octave"": 0, ""rate"": 48000, ""window"": 8}",0,0.0,36,0.75
3aeff8d50243a034,m1-pro-16gb-local,8b57b69792771d991ec0625d4b0bf49018ce6aa19c9e7e23c84327c26b616daf,core-float,float,spec012-confirm-03,2,interactive-v1,False,2368,48000,64,/Users/christiankauten/Documents/Projects/Rack/plugins/Fourier/.build/spec012/confirm-03-transitions/workload-0000-repeat-02.csv,9f397aa2ca0b8adc9bc1df531c2fda671efbcfcc32e1e056df19bdfdcec9a501,7c2be38c1e77213c8a81fe923c18e945529d973ed5a29afef9a1b2616fc90154,2,length-decrease-early,149,185,221,published,-1,"{""alpha"": 0, ""hop"": 37, ""n"": 128, ""octave"": 0, ""rate"": 48000, ""window"": 8}",36,0.75,72,1.5
3aeff8d50243a034,m1-pro-16gb-local,8b57b69792771d991ec0625d4b0bf49018ce6aa19c9e7e23c84327c26b616daf,core-float,float,spec012-confirm-03,2,interactive-v1,False,2368,48000,64,/Users/christiankauten/Documents/Projects/Rack/plugins/Fourier/.build/spec012/confirm-03-transitions/workload-0000-repeat-02.csv,9f397aa2ca0b8adc9bc1df531c2fda671efbcfcc32e1e056df19bdfdcec9a501,7c2be38c1e77213c8a81fe923c18e945529d973ed5a29afef9a1b2616fc90154,3,hop-increase-middle,240,259,332,published,-1,"{""alpha"": 0, ""hop"": 74, ""n"": 128, ""octave"": 0, ""rate"": 48000, ""window"": 8}",19,0.3958333333333333,92,1.9166666666666667
3aeff8d50243a034,m1-pro-16gb-local,8b57b69792771d991ec0625d4b0bf49018ce6aa19c9e7e23c84327c26b616daf,core-float,float,spec012-confirm-03,2,interactive-v1,False,2368,48000,64,/Users/christiankauten/Documents/Projects/Rack/plugins/Fourier/.build/spec012/confirm-03-transitions/workload-0000-repeat-02.csv,9f397aa2ca0b8adc9bc1df531c2fda671efbcfcc32e1e056df19bdfdcec9a501,7c2be38c1e77213c8a81fe923c18e945529d973ed5a29afef9a1b2616fc90154,4,window-late,405,407,480,published,-1,"{""alpha"": 0, ""hop"": 74, ""n"": 128, ""octave"": 0, ""rate"": 48000, ""window"": 11}",2,0.041666666666666664,75,1.5625
3aeff8d50243a034,m1-pro-16gb-local,8b57b69792771d991ec0625d4b0bf49018ce6aa19c9e7e23c84327c26b616daf,core-float,float,spec012-confirm-03,2,interactive-v1,False,2368,48000,64,/Users/christiankauten/Documents/Projects/Rack/plugins/Fourier/.build/spec012/confirm-03-transitions/workload-0000-repeat-02.csv,9f397aa2ca0b8adc9bc1df531c2fda671efbcfcc32e1e056df19bdfdcec9a501,7c2be38c1e77213c8a81fe923c18e945529d973ed5a29afef9a1b2616fc90154,5,smoothing-before-publication,480,481,554,published,-1,"{""alpha"": 0.800000011920929, ""hop"": 74, ""n"": 128, ""octave"": 0.3333333432674408, ""rate"": 48000, ""window"": 11}",1,0.020833333333333332,74,1.5416666666666667
3aeff8d50243a034,m1-pro-16gb-local,8b57b69792771d991ec0625d4b0bf49018ce6aa19c9e7e23c84327c26b616daf,core-float,float,spec012-confirm-03,2,interactive-v1,False,2368,48000,64,/Users/christiankauten/Documents/Projects/Rack/plugins/Fourier/.build/spec012/confirm-03-transitions/workload-0000-repeat-02.csv,9f397aa2ca0b8adc9bc1df531c2fda671efbcfcc32e1e056df19bdfdcec9a501,7c2be38c1e77213c8a81fe923c18e945529d973ed5a29afef9a1b2616fc90154,6,no-op-boundary,555,555,628,published,-1,"{""alpha"": 0.800000011920929, ""hop"": 74, ""n"": 128, ""octave"": 0.3333333432674408, ""rate"": 48000, ""window"": 11}",0,0.0,73,1.5208333333333333
3aeff8d50243a034,m1-pro-16gb-local,8b57b69792771d991ec0625d4b0bf49018ce6aa19c9e7e23c84327c26b616daf,core-float,float,spec012-confirm-03,2,interactive-v1,False,2368,48000,64,/Users/christiankauten/Documents/Projects/Rack/plugins/Fourier/.build/spec012/confirm-03-transitions/workload-0000-repeat-02.csv,9f397aa2ca0b8adc9bc1df531c2fda671efbcfcc32e1e056df19bdfdcec9a501,7c2be38c1e77213c8a81fe923c18e945529d973ed5a29afef9a1b2616fc90154,7,replace-pending-first,630,-1,-1,replaced,8,"{""alpha"": 0.800000011920929, ""hop"": 74, ""n"": 128, ""octave"": 0.3333333432674408, ""rate"": 48000, ""window"": 8}",,,,
3aeff8d50243a034,m1-pro-16gb-local,8b57b69792771d991ec0625d4b0bf49018ce6aa19c9e7e23c84327c26b616daf,core-float,float,spec012-confirm-03,2,interactive-v1,False,2368,48000,64,/Users/christiankauten/Documents/Projects/Rack/plugins/Fourier/.build/spec012/confirm-03-transitions/workload-0000-repeat-02.csv,9f397aa2ca0b8adc9bc1df531c2fda671efbcfcc32e1e056df19bdfdcec9a501,7c2be38c1e77213c8a81fe923c18e945529d973ed5a29afef9a1b2616fc90154,8,replace-pending-last,631,703,776,published,-1,"{""alpha"": 0, ""hop"": 74, ""n"": 128, ""octave"": 0.3333333432674408, ""rate"": 48000, ""window"": 8}",72,1.5,145,3.0208333333333335
3aeff8d50243a034,m1-pro-16gb-local,8b57b69792771d991ec0625d4b0bf49018ce6aa19c9e7e23c84327c26b616daf,core-float,float,spec012-confirm-03,2,interactive-v1,False,2368,48000,64,/Users/christiankauten/Documents/Projects/Rack/plugins/Fourier/.build/spec012/confirm-03-transitions/workload-0000-repeat-02.csv,9f397aa2ca0b8adc9bc1df531c2fda671efbcfcc32e1e056df19bdfdcec9a501,7c2be38c1e77213c8a81fe923c18e945529d973ed5a29afef9a1b2616fc90154,9,hop-decrease-boundary,777,777,794,published,-1,"{""alpha"": 0, ""hop"": 18, ""n"": 128, ""octave"": 0.3333333432674408, ""rate"": 48000, ""window"": 8}",0,0.0,17,0.3541666666666667
3aeff8d50243a034,m1-pro-16gb-local,8b57b69792771d991ec0625d4b0bf49018ce6aa19c9e7e23c84327c26b616daf,core-float,float,spec012-confirm-03,2,interactive-v1,False,2368,48000,64,/Users/christiankauten/Documents/Projects/Rack/plugins/Fourier/.build/spec012/confirm-03-transitions/workload-0000-repeat-02.csv,9f397aa2ca0b8adc9bc1df531c2fda671efbcfcc32e1e056df19bdfdcec9a501,7c2be38c1e77213c8a81fe923c18e945529d973ed5a29afef9a1b2616fc90154,10,smoothing-disable,852,867,884,published,-1,"{""alpha"": 0, ""hop"": 18, ""n"": 128, ""octave"": 0, ""rate"": 48000, ""window"": 8}",15,0.3125,32,0.6666666666666666
3aeff8d50243a034,m1-pro-16gb-local,8b57b69792771d991ec0625d4b0bf49018ce6aa19c9e7e23c84327c26b616daf,core-float,float,spec012-confirm-03,2,interactive-v1,False,2368,48000,64,/Users/christiankauten/Documents/Projects/Rack/plugins/Fourier/.build/spec012/confirm-03-transitions/workload-0000-repeat-02.csv,9f397aa2ca0b8adc9bc1df531c2fda671efbcfcc32e1e056df19bdfdcec9a501,7c2be38c1e77213c8a81fe923c18e945529d973ed5a29afef9a1b2616fc90154,11,horizon-no-response,2367,-1,-1,pending-no-response,-1,"{""alpha"": 0, ""hop"": 18, ""n"": 128, ""octave"": 0, ""rate"": 48000, ""window"": 0}",,,,
3aeff8d50243a034,m1-pro-16gb-local,9ae1f56a99880d85043135f064e6ef84916624a1081b5acbb397c504e0831546,pffft-scheduled-batch-float,float,spec012-confirm-01,0,interactive-v1,True,2368,48000,64,/Users/christiankauten/Documents/Projects/Rack/plugins/Fourier/.build/spec012/confirm-01-transitions/workload-0007-repeat-00.csv,e11a1bdc421323cbb62f8d0150b1d0c7a67da04001dcd928c788198085a9dc42,8e3cb96e9626b40660856f13115f9de9cac3f0b5479a8fa354da0fad922579de,1,length-increase-boundary,74,74,74,published,-1,"{""alpha"": 0, ""hop"": 37, ""n"": 128, ""octave"": 0, ""rate"": 48000, ""window"": 8}",0,0.0,0,0.0
3aeff8d50243a034,m1-pro-16gb-local,9ae1f56a99880d85043135f064e6ef84916624a1081b5acbb397c504e0831546,pffft-scheduled-batch-float,float,spec012-confirm-01,0,interactive-v1,True,2368,48000,64,/Users/christiankauten/Documents/Projects/Rack/plugins/Fourier/.build/spec012/confirm-01-transitions/workload-0007-repeat-00.csv,e11a1bdc421323cbb62f8d0150b1d0c7a67da04001dcd928c788198085a9dc42,8e3cb96e9626b40660856f13115f9de9cac3f0b5479a8fa354da0fad922579de,2,length-decrease-early,149,185,185,published,-1,"{""alpha"": 0, ""hop"": 37, ""n"": 128, ""octave"": 0, ""rate"": 48000, ""window"": 8}",36,0.75,36,0.75
3aeff8d50243a034,m1-pro-16gb-local,9ae1f56a99880d85043135f064e6ef84916624a1081b5acbb397c504e0831546,pffft-scheduled-batch-float,float,spec012-confirm-01,0,interactive-v1,True,2368,48000,64,/Users/christiankauten/Documents/Projects/Rack/plugins/Fourier/.build/spec012/confirm-01-transitions/workload-0007-repeat-00.csv,e11a1bdc421323cbb62f8d0150b1d0c7a67da04001dcd928c788198085a9dc42,8e3cb96e9626b40660856f13115f9de9cac3f0b5479a8fa354da0fad922579de,3,hop-increase-middle,240,259,259,published,-1,"{""alpha"": 0, ""hop"": 37, ""n"": 128, ""octave"": 0, ""rate"": 48000, ""window"": 8}",19,0.3958333333333333,19,0.3958333333333333
3aeff8d50243a034,m1-pro-16gb-local,9ae1f56a99880d85043135f064e6ef84916624a1081b5acbb397c504e0831546,pffft-scheduled-batch-float,float,spec012-confirm-01,0,interactive-v1,True,2368,48000,64,/Users/christiankauten/Documents/Projects/Rack/plugins/Fourier/.build/spec012/confirm-01-transitions/workload-0007-repeat-00.csv,e11a1bdc421323cbb62f8d0150b1d0c7a67da04001dcd928c788198085a9dc42,8e3cb96e9626b40660856f13115f9de9cac3f0b5479a8fa354da0fad922579de,4,window-late,405,407,407,published,-1,"{""alpha"": 0, ""hop"": 37, ""n"": 128, ""octave"": 0, ""rate"": 48000, ""window"": 8}",2,0.041666666666666664,2,0.041666666666666664
3aeff8d50243a034,m1-pro-16gb-local,9ae1f56a99880d85043135f064e6ef84916624a1081b5acbb397c504e0831546,pffft-scheduled-batch-float,float,spec012-confirm-01,0,interactive-v1,True,2368,48000,64,/Users/christiankauten/Documents/Projects/Rack/plugins/Fourier/.build/spec012/confirm-01-transitions/workload-0007-repeat-00.csv,e11a1bdc421323cbb62f8d0150b1d0c7a67da04001dcd928c788198085a9dc42,8e3cb96e9626b40660856f13115f9de9cac3f0b5479a8fa354da0fad922579de,5,smoothing-before-publication,480,481,481,published,-1,"{""alpha"": 0, ""hop"": 37, ""n"": 128, ""octave"": 0, ""rate"": 48000, ""window"": 8}",1,0.020833333333333332,1,0.020833333333333332
3aeff8d50243a034,m1-pro-16gb-local,9ae1f56a99880d85043135f064e6ef84916624a1081b5acbb397c504e0831546,pffft-scheduled-batch-float,float,spec012-confirm-01,0,interactive-v1,True,2368,48000,64,/Users/christiankauten/Documents/Projects/Rack/plugins/Fourier/.build/spec012/confirm-01-transitions/workload-0007-repeat-00.csv,e11a1bdc421323cbb62f8d0150b1d0c7a67da04001dcd928c788198085a9dc42,8e3cb96e9626b40660856f13115f9de9cac3f0b5479a8fa354da0fad922579de,6,no-op-boundary,555,555,555,published,-1,"{""alpha"": 0, ""hop"": 37, ""n"": 128, ""octave"": 0, ""rate"": 48000, ""window"": 8}",0,0.0,0,0.0
3aeff8d50243a034,m1-pro-16gb-local,9ae1f56a99880d85043135f064e6ef84916624a1081b5acbb397c504e0831546,pffft-scheduled-batch-float,float,spec012-confirm-01,0,interactive-v1,True,2368,48000,64,/Users/christiankauten/Documents/Projects/Rack/plugins/Fourier/.build/spec012/confirm-01-transitions/workload-0007-repeat-00.csv,e11a1bdc421323cbb62f8d0150b1d0c7a67da04001dcd928c788198085a9dc42,8e3cb96e9626b40660856f13115f9de9cac3f0b5479a8fa354da0fad922579de,7,replace-pending-first,630,-1,-1,replaced,8,"{""alpha"": 0, ""hop"": 37, ""n"": 128, ""octave"": 0, ""rate"": 48000, ""window"": 8}",,,,
3aeff8d50243a034,m1-pro-16gb-local,9ae1f56a99880d85043135f064e6ef84916624a1081b5acbb397c504e0831546,pffft-scheduled-batch-float,float,spec012-confirm-01,0,interactive-v1,True,2368,48000,64,/Users/christiankauten/Documents/Projects/Rack/plugins/Fourier/.build/spec012/confirm-01-transitions/workload-0007-repeat-00.csv,e11a1bdc421323cbb62f8d0150b1d0c7a67da04001dcd928c788198085a9dc42,8e3cb96e9626b40660856f13115f9de9cac3f0b5479a8fa354da0fad922579de,8,replace-pending-last,631,666,666,published,-1,"{""alpha"": 0, ""hop"": 37, ""n"": 128, ""octave"": 0, ""rate"": 48000, ""window"": 8}",35,0.7291666666666666,35,0.7291666666666666
3aeff8d50243a034,m1-pro-16gb-local,9ae1f56a99880d85043135f064e6ef84916624a1081b5acbb397c504e0831546,pffft-scheduled-batch-float,float,spec012-confirm-01,0,interactive-v1,True,2368,48000,64,/Users/christiankauten/Documents/Projects/Rack/plugins/Fourier/.build/spec012/confirm-01-transitions/workload-0007-repeat-00.csv,e11a1bdc421323cbb62f8d0150b1d0c7a67da04001dcd928c788198085a9dc42,8e3cb96e9626b40660856f13115f9de9cac3f0b5479a8fa354da0fad922579de,9,hop-decrease-boundary,777,777,777,published,-1,"{""alpha"": 0, ""hop"": 37, ""n"": 128, ""octave"": 0, ""rate"": 48000, ""window"": 8}",0,0.0,0,0.0
3aeff8d50243a034,m1-pro-16gb-local,9ae1f56a99880d85043135f064e6ef84916624a1081b5acbb397c504e0831546,pffft-scheduled-batch-float,float,spec012-confirm-01,0,interactive-v1,True,2368,48000,64,/Users/christiankauten/Documents/Projects/Rack/plugins/Fourier/.build/spec012/confirm-01-transitions/workload-0007-repeat-00.csv,e11a1bdc421323cbb62f8d0150b1d0c7a67da04001dcd928c788198085a9dc42,8e3cb96e9626b40660856f13115f9de9cac3f0b5479a8fa354da0fad922579de,10,smoothing-disable,852,888,888,published,-1,"{""alpha"": 0, ""hop"": 37, ""n"": 128, ""octave"": 0, ""rate"": 48000, ""window"": 8}",36,0.75,36,0.75
3aeff8d50243a034,m1-pro-16gb-local,9ae1f56a99880d85043135f064e6ef84916624a1081b5acbb397c504e0831546,pffft-scheduled-batch-float,float,spec012-confirm-01,0,interactive-v1,True,2368,48000,64,/Users/christiankauten/Documents/Projects/Rack/plugins/Fourier/.build/spec012/confirm-01-transitions/workload-0007-repeat-00.csv,e11a1bdc421323cbb62f8d0150b1d0c7a67da04001dcd928c788198085a9dc42,8e3cb96e9626b40660856f13115f9de9cac3f0b5479a8fa354da0fad922579de,11,horizon-no-response,2367,-1,-1,pending-no-response,-1,"{""alpha"": 0, ""hop"": 37, ""n"": 128, ""octave"": 0, ""rate"": 48000, ""window"": 8}",,,,
3aeff8d50243a034,m1-pro-16gb-local,9ae1f56a99880d85043135f064e6ef84916624a1081b5acbb397c504e0831546,pffft-scheduled-batch-float,float,spec012-confirm-01,1,interactive-v1,True,2368,48000,64,/Users/christiankauten/Documents/Projects/Rack/plugins/Fourier/.build/spec012/confirm-01-transitions/workload-0007-repeat-01.csv,9cd647bd140df49830a8006bbecf0d5686d4591408af58d46d16956c5eeb1a44,8e3cb96e9626b40660856f13115f9de9cac3f0b5479a8fa354da0fad922579de,1,length-increase-boundary,74,74,74,published,-1,"{""alpha"": 0, ""hop"": 37, ""n"": 128, ""octave"": 0, ""rate"": 48000, ""window"": 8}",0,0.0,0,0.0
3aeff8d50243a034,m1-pro-16gb-local,9ae1f56a99880d85043135f064e6ef84916624a1081b5acbb397c504e0831546,pffft-scheduled-batch-float,float,spec012-confirm-01,1,interactive-v1,True,2368,48000,64,/Users/christiankauten/Documents/Projects/Rack/plugins/Fourier/.build/spec012/confirm-01-transitions/workload-0007-repeat-01.csv,9cd647bd140df49830a8006bbecf0d5686d4591408af58d46d16956c5eeb1a44,8e3cb96e9626b40660856f13115f9de9cac3f0b5479a8fa354da0fad922579de,2,length-decrease-early,149,185,185,published,-1,"{""alpha"": 0, ""hop"": 37, ""n"": 128, ""octave"": 0, ""rate"": 48000, ""window"": 8}",36,0.75,36,0.75
3aeff8d50243a034,m1-pro-16gb-local,9ae1f56a99880d85043135f064e6ef84916624a1081b5acbb397c504e0831546,pffft-scheduled-batch-float,float,spec012-confirm-01,1,interactive-v1,True,2368,48000,64,/Users/christiankauten/Documents/Projects/Rack/plugins/Fourier/.build/spec012/confirm-01-transitions/workload-0007-repeat-01.csv,9cd647bd140df49830a8006bbecf0d5686d4591408af58d46d16956c5eeb1a44,8e3cb96e9626b40660856f13115f9de9cac3f0b5479a8fa354da0fad922579de,3,hop-increase-middle,240,259,259,published,-1,"{""alpha"": 0, ""hop"": 37, ""n"": 128, ""octave"": 0, ""rate"": 48000, ""window"": 8}",19,0.3958333333333333,19,0.3958333333333333
3aeff8d50243a034,m1-pro-16gb-local,9ae1f56a99880d85043135f064e6ef84916624a1081b5acbb397c504e0831546,pffft-scheduled-batch-float,float,spec012-confirm-01,1,interactive-v1,True,2368,48000,64,/Users/christiankauten/Documents/Projects/Rack/plugins/Fourier/.build/spec012/confirm-01-transitions/workload-0007-repeat-01.csv,9cd647bd140df49830a8006bbecf0d5686d4591408af58d46d16956c5eeb1a44,8e3cb96e9626b40660856f13115f9de9cac3f0b5479a8fa354da0fad922579de,4,window-late,405,407,407,published,-1,"{""alpha"": 0, ""hop"": 37, ""n"": 128, ""octave"": 0, ""rate"": 48000, ""window"": 8}",2,0.041666666666666664,2,0.041666666666666664
3aeff8d50243a034,m1-pro-16gb-local,9ae1f56a99880d85043135f064e6ef84916624a1081b5acbb397c504e0831546,pffft-scheduled-batch-float,float,spec012-confirm-01,1,interactive-v1,True,2368,48000,64,/Users/christiankauten/Documents/Projects/Rack/plugins/Fourier/.build/spec012/confirm-01-transitions/workload-0007-repeat-01.csv,9cd647bd140df49830a8006bbecf0d5686d4591408af58d46d16956c5eeb1a44,8e3cb96e9626b40660856f13115f9de9cac3f0b5479a8fa354da0fad922579de,5,smoothing-before-publication,480,481,481,published,-1,"{""alpha"": 0, ""hop"": 37, ""n"": 128, ""octave"": 0, ""rate"": 48000, ""window"": 8}",1,0.020833333333333332,1,0.020833333333333332
3aeff8d50243a034,m1-pro-16gb-local,9ae1f56a99880d85043135f064e6ef84916624a1081b5acbb397c504e0831546,pffft-scheduled-batch-float,float,spec012-confirm-01,1,interactive-v1,True,2368,48000,64,/Users/christiankauten/Documents/Projects/Rack/plugins/Fourier/.build/spec012/confirm-01-transitions/workload-0007-repeat-01.csv,9cd647bd140df49830a8006bbecf0d5686d4591408af58d46d16956c5eeb1a44,8e3cb96e9626b40660856f13115f9de9cac3f0b5479a8fa354da0fad922579de,6,no-op-boundary,555,555,555,published,-1,"{""alpha"": 0, ""hop"": 37, ""n"": 128, ""octave"": 0, ""rate"": 48000, ""window"": 8}",0,0.0,0,0.0
3aeff8d50243a034,m1-pro-16gb-local,9ae1f56a99880d85043135f064e6ef84916624a1081b5acbb397c504e0831546,pffft-scheduled-batch-float,float,spec012-confirm-01,1,interactive-v1,True,2368,48000,64,/Users/christiankauten/Documents/Projects/Rack/plugins/Fourier/.build/spec012/confirm-01-transitions/workload-0007-repeat-01.csv,9cd647bd140df49830a8006bbecf0d5686d4591408af58d46d16956c5eeb1a44,8e3cb96e9626b40660856f13115f9de9cac3f0b5479a8fa354da0fad922579de,7,replace-pending-first,630,-1,-1,replaced,8,"{""alpha"": 0, ""hop"": 37, ""n"": 128, ""octave"": 0, ""rate"": 48000, ""window"": 8}",,,,
3aeff8d50243a034,m1-pro-16gb-local,9ae1f56a99880d85043135f064e6ef84916624a1081b5acbb397c504e0831546,pffft-scheduled-batch-float,float,spec012-confirm-01,1,interactive-v1,True,2368,48000,64,/Users/christiankauten/Documents/Projects/Rack/plugins/Fourier/.build/spec012/confirm-01-transitions/workload-0007-repeat-01.csv,9cd647bd140df49830a8006bbecf0d5686d4591408af58d46d16956c5eeb1a44,8e3cb96e9626b40660856f13115f9de9cac3f0b5479a8fa354da0fad922579de,8,replace-pending-last,631,666,666,published,-1,"{""alpha"": 0, ""hop"": 37, ""n"": 128, ""octave"": 0, ""rate"": 48000, ""window"": 8}",35,0.7291666666666666,35,0.7291666666666666
3aeff8d50243a034,m1-pro-16gb-local,9ae1f56a99880d85043135f064e6ef84916624a1081b5acbb397c504e0831546,pffft-scheduled-batch-float,float,spec012-confirm-01,1,interactive-v1,True,2368,48000,64,/Users/christiankauten/Documents/Projects/Rack/plugins/Fourier/.build/spec012/confirm-01-transitions/workload-0007-repeat-01.csv,9cd647bd140df49830a8006bbecf0d5686d4591408af58d46d16956c5eeb1a44,8e3cb96e9626b40660856f13115f9de9cac3f0b5479a8fa354da0fad922579de,9,hop-decrease-boundary,777,777,777,published,-1,"{""alpha"": 0, ""hop"": 37, ""n"": 128, ""octave"": 0, ""rate"": 48000, ""window"": 8}",0,0.0,0,0.0
3aeff8d50243a034,m1-pro-16gb-local,9ae1f56a99880d85043135f064e6ef84916624a1081b5acbb397c504e0831546,pffft-scheduled-batch-float,float,spec012-confirm-01,1,interactive-v1,True,2368,48000,64,/Users/christiankauten/Documents/Projects/Rack/plugins/Fourier/.build/spec012/confirm-01-transitions/workload-0007-repeat-01.csv,9cd647bd140df49830a8006bbecf0d5686d4591408af58d46d16956c5eeb1a44,8e3cb96e9626b40660856f13115f9de9cac3f0b5479a8fa354da0fad922579de,10,smoothing-disable,852,888,888,published,-1,"{""alpha"": 0, ""hop"": 37, ""n"": 128, ""octave"": 0, ""rate"": 48000, ""window"": 8}",36,0.75,36,0.75
3aeff8d50243a034,m1-pro-16gb-local,9ae1f56a99880d85043135f064e6ef84916624a1081b5acbb397c504e0831546,pffft-scheduled-batch-float,float,spec012-confirm-01,1,interactive-v1,True,2368,48000,64,/Users/christiankauten/Documents/Projects/Rack/plugins/Fourier/.build/spec012/confirm-01-transitions/workload-0007-repeat-01.csv,9cd647bd140df49830a8006bbecf0d5686d4591408af58d46d16956c5eeb1a44,8e3cb96e9626b40660856f13115f9de9cac3f0b5479a8fa354da0fad922579de,11,horizon-no-response,2367,-1,-1,pending-no-response,-1,"{""alpha"": 0, ""hop"": 37, ""n"": 128, ""octave"": 0, ""rate"": 48000, ""window"": 8}",,,,
3aeff8d50243a034,m1-pro-16gb-local,9ae1f56a99880d85043135f064e6ef84916624a1081b5acbb397c504e0831546,pffft-scheduled-batch-float,float,spec012-confirm-01,2,interactive-v1,True,2368,48000,64,/Users/christiankauten/Documents/Projects/Rack/plugins/Fourier/.build/spec012/confirm-01-transitions/workload-0007-repeat-02.csv,874836e216c621368e4ffc52e1ead6c351eb2053fae85f1170d278518c86e80c,8e3cb96e9626b40660856f13115f9de9cac3f0b5479a8fa354da0fad922579de,1,length-increase-boundary,74,74,74,published,-1,"{""alpha"": 0, ""hop"": 37, ""n"": 128, ""octave"": 0, ""rate"": 48000, ""window"": 8}",0,0.0,0,0.0
3aeff8d50243a034,m1-pro-16gb-local,9ae1f56a99880d85043135f064e6ef84916624a1081b5acbb397c504e0831546,pffft-scheduled-batch-float,float,spec012-confirm-01,2,interactive-v1,True,2368,48000,64,/Users/christiankauten/Documents/Projects/Rack/plugins/Fourier/.build/spec012/confirm-01-transitions/workload-0007-repeat-02.csv,874836e216c621368e4ffc52e1ead6c351eb2053fae85f1170d278518c86e80c,8e3cb96e9626b40660856f13115f9de9cac3f0b5479a8fa354da0fad922579de,2,length-decrease-early,149,185,185,published,-1,"{""alpha"": 0, ""hop"": 37, ""n"": 128, ""octave"": 0, ""rate"": 48000, ""window"": 8}",36,0.75,36,0.75
3aeff8d50243a034,m1-pro-16gb-local,9ae1f56a99880d85043135f064e6ef84916624a1081b5acbb397c504e0831546,pffft-scheduled-batch-float,float,spec012-confirm-01,2,interactive-v1,True,2368,48000,64,/Users/christiankauten/Documents/Projects/Rack/plugins/Fourier/.build/spec012/confirm-01-transitions/workload-0007-repeat-02.csv,874836e216c621368e4ffc52e1ead6c351eb2053fae85f1170d278518c86e80c,8e3cb96e9626b40660856f13115f9de9cac3f0b5479a8fa354da0fad922579de,3,hop-increase-middle,240,259,259,published,-1,"{""alpha"": 0, ""hop"": 37, ""n"": 128, ""octave"": 0, ""rate"": 48000, ""window"": 8}",19,0.3958333333333333,19,0.3958333333333333
3aeff8d50243a034,m1-pro-16gb-local,9ae1f56a99880d85043135f064e6ef84916624a1081b5acbb397c504e0831546,pffft-scheduled-batch-float,float,spec012-confirm-01,2,interactive-v1,True,2368,48000,64,/Users/christiankauten/Documents/Projects/Rack/plugins/Fourier/.build/spec012/confirm-01-transitions/workload-0007-repeat-02.csv,874836e216c621368e4ffc52e1ead6c351eb2053fae85f1170d278518c86e80c,8e3cb96e9626b40660856f13115f9de9cac3f0b5479a8fa354da0fad922579de,4,window-late,405,407,407,published,-1,"{""alpha"": 0, ""hop"": 37, ""n"": 128, ""octave"": 0, ""rate"": 48000, ""window"": 8}",2,0.041666666666666664,2,0.041666666666666664
3aeff8d50243a034,m1-pro-16gb-local,9ae1f56a99880d85043135f064e6ef84916624a1081b5acbb397c504e0831546,pffft-scheduled-batch-float,float,spec012-confirm-01,2,interactive-v1,True,2368,48000,64,/Users/christiankauten/Documents/Projects/Rack/plugins/Fourier/.build/spec012/confirm-01-transitions/workload-0007-repeat-02.csv,874836e216c621368e4ffc52e1ead6c351eb2053fae85f1170d278518c86e80c,8e3cb96e9626b40660856f13115f9de9cac3f0b5479a8fa354da0fad922579de,5,smoothing-before-publication,480,481,481,published,-1,"{""alpha"": 0, ""hop"": 37, ""n"": 128, ""octave"": 0, ""rate"": 48000, ""window"": 8}",1,0.020833333333333332,1,0.020833333333333332
3aeff8d50243a034,m1-pro-16gb-local,9ae1f56a99880d85043135f064e6ef84916624a1081b5acbb397c504e0831546,pffft-scheduled-batch-float,float,spec012-confirm-01,2,interactive-v1,True,2368,48000,64,/Users/christiankauten/Documents/Projects/Rack/plugins/Fourier/.build/spec012/confirm-01-transitions/workload-0007-repeat-02.csv,874836e216c621368e4ffc52e1ead6c351eb2053fae85f1170d278518c86e80c,8e3cb96e9626b40660856f13115f9de9cac3f0b5479a8fa354da0fad922579de,6,no-op-boundary,555,555,555,published,-1,"{""alpha"": 0, ""hop"": 37, ""n"": 128, ""octave"": 0, ""rate"": 48000, ""window"": 8}",0,0.0,0,0.0
3aeff8d50243a034,m1-pro-16gb-local,9ae1f56a99880d85043135f064e6ef84916624a1081b5acbb397c504e0831546,pffft-scheduled-batch-float,float,spec012-confirm-01,2,interactive-v1,True,2368,48000,64,/Users/christiankauten/Documents/Projects/Rack/plugins/Fourier/.build/spec012/confirm-01-transitions/workload-0007-repeat-02.csv,874836e216c621368e4ffc52e1ead6c351eb2053fae85f1170d278518c86e80c,8e3cb96e9626b40660856f13115f9de9cac3f0b5479a8fa354da0fad922579de,7,replace-pending-first,630,-1,-1,replaced,8,"{""alpha"": 0, ""hop"": 37, ""n"": 128, ""octave"": 0, ""rate"": 48000, ""window"": 8}",,,,
3aeff8d50243a034,m1-pro-16gb-local,9ae1f56a99880d85043135f064e6ef84916624a1081b5acbb397c504e0831546,pffft-scheduled-batch-float,float,spec012-confirm-01,2,interactive-v1,True,2368,48000,64,/Users/christiankauten/Documents/Projects/Rack/plugins/Fourier/.build/spec012/confirm-01-transitions/workload-0007-repeat-02.csv,874836e216c621368e4ffc52e1ead6c351eb2053fae85f1170d278518c86e80c,8e3cb96e9626b40660856f13115f9de9cac3f0b5479a8fa354da0fad922579de,8,replace-pending-last,631,666,666,published,-1,"{""alpha"": 0, ""hop"": 37, ""n"": 128, ""octave"": 0, ""rate"": 48000, ""window"": 8}",35,0.7291666666666666,35,0.7291666666666666
3aeff8d50243a034,m1-pro-16gb-local,9ae1f56a99880d85043135f064e6ef84916624a1081b5acbb397c504e0831546,pffft-scheduled-batch-float,float,spec012-confirm-01,2,interactive-v1,True,2368,48000,64,/Users/christiankauten/Documents/Projects/Rack/plugins/Fourier/.build/spec012/confirm-01-transitions/workload-0007-repeat-02.csv,874836e216c621368e4ffc52e1ead6c351eb2053fae85f1170d278518c86e80c,8e3cb96e9626b40660856f13115f9de9cac3f0b5479a8fa354da0fad922579de,9,hop-decrease-boundary,777,777,777,published,-1,"{""alpha"": 0, ""hop"": 37, ""n"": 128, ""octave"": 0, ""rate"": 48000, ""window"": 8}",0,0.0,0,0.0
3aeff8d50243a034,m1-pro-16gb-local,9ae1f56a99880d85043135f064e6ef84916624a1081b5acbb397c504e0831546,pffft-scheduled-batch-float,float,spec012-confirm-01,2,interactive-v1,True,2368,48000,64,/Users/christiankauten/Documents/Projects/Rack/plugins/Fourier/.build/spec012/confirm-01-transitions/workload-0007-repeat-02.csv,874836e216c621368e4ffc52e1ead6c351eb2053fae85f1170d278518c86e80c,8e3cb96e9626b40660856f13115f9de9cac3f0b5479a8fa354da0fad922579de,10,smoothing-disable,852,888,888,published,-1,"{""alpha"": 0, ""hop"": 37, ""n"": 128, ""octave"": 0, ""rate"": 48000, ""window"": 8}",36,0.75,36,0.75
3aeff8d50243a034,m1-pro-16gb-local,9ae1f56a99880d85043135f064e6ef84916624a1081b5acbb397c504e0831546,pffft-scheduled-batch-float,float,spec012-confirm-01,2,interactive-v1,True,2368,48000,64,/Users/christiankauten/Documents/Projects/Rack/plugins/Fourier/.build/spec012/confirm-01-transitions/workload-0007-repeat-02.csv,874836e216c621368e4ffc52e1ead6c351eb2053fae85f1170d278518c86e80c,8e3cb96e9626b40660856f13115f9de9cac3f0b5479a8fa354da0fad922579de,11,horizon-no-response,2367,-1,-1,pending-no-response,-1,"{""alpha"": 0, ""hop"": 37, ""n"": 128, ""octave"": 0, ""rate"": 48000, ""window"": 8}",,,,
3aeff8d50243a034,m1-pro-16gb-local,9ae1f56a99880d85043135f064e6ef84916624a1081b5acbb397c504e0831546,pffft-scheduled-batch-float,float,spec012-confirm-02,0,interactive-v1,True,2368,48000,64,/Users/christiankauten/Documents/Projects/Rack/plugins/Fourier/.build/spec012/confirm-02-transitions/workload-0007-repeat-00.csv,5f1f3b40a2211544b6c94ff1e52080ce4bd364027c7b76ed5900af1eb6759803,8e3cb96e9626b40660856f13115f9de9cac3f0b5479a8fa354da0fad922579de,1,length-increase-boundary,74,74,74,published,-1,"{""alpha"": 0, ""hop"": 37, ""n"": 128, ""octave"": 0, ""rate"": 48000, ""window"": 8}",0,0.0,0,0.0
3aeff8d50243a034,m1-pro-16gb-local,9ae1f56a99880d85043135f064e6ef84916624a1081b5acbb397c504e0831546,pffft-scheduled-batch-float,float,spec012-confirm-02,0,interactive-v1,True,2368,48000,64,/Users/christiankauten/Documents/Projects/Rack/plugins/Fourier/.build/spec012/confirm-02-transitions/workload-0007-repeat-00.csv,5f1f3b40a2211544b6c94ff1e52080ce4bd364027c7b76ed5900af1eb6759803,8e3cb96e9626b40660856f13115f9de9cac3f0b5479a8fa354da0fad922579de,2,length-decrease-early,149,185,185,published,-1,"{""alpha"": 0, ""hop"": 37, ""n"": 128, ""octave"": 0, ""rate"": 48000, ""window"": 8}",36,0.75,36,0.75
3aeff8d50243a034,m1-pro-16gb-local,9ae1f56a99880d85043135f064e6ef84916624a1081b5acbb397c504e0831546,pffft-scheduled-batch-float,float,spec012-confirm-02,0,interactive-v1,True,2368,48000,64,/Users/christiankauten/Documents/Projects/Rack/plugins/Fourier/.build/spec012/confirm-02-transitions/workload-0007-repeat-00.csv,5f1f3b40a2211544b6c94ff1e52080ce4bd364027c7b76ed5900af1eb6759803,8e3cb96e9626b40660856f13115f9de9cac3f0b5479a8fa354da0fad922579de,3,hop-increase-middle,240,259,259,published,-1,"{""alpha"": 0, ""hop"": 37, ""n"": 128, ""octave"": 0, ""rate"": 48000, ""window"": 8}",19,0.3958333333333333,19,0.3958333333333333
3aeff8d50243a034,m1-pro-16gb-local,9ae1f56a99880d85043135f064e6ef84916624a1081b5acbb397c504e0831546,pffft-scheduled-batch-float,float,spec012-confirm-02,0,interactive-v1,True,2368,48000,64,/Users/christiankauten/Documents/Projects/Rack/plugins/Fourier/.build/spec012/confirm-02-transitions/workload-0007-repeat-00.csv,5f1f3b40a2211544b6c94ff1e52080ce4bd364027c7b76ed5900af1eb6759803,8e3cb96e9626b40660856f13115f9de9cac3f0b5479a8fa354da0fad922579de,4,window-late,405,407,407,published,-1,"{""alpha"": 0, ""hop"": 37, ""n"": 128, ""octave"": 0, ""rate"": 48000, ""window"": 8}",2,0.041666666666666664,2,0.041666666666666664
3aeff8d50243a034,m1-pro-16gb-local,9ae1f56a99880d85043135f064e6ef84916624a1081b5acbb397c504e0831546,pffft-scheduled-batch-float,float,spec012-confirm-02,0,interactive-v1,True,2368,48000,64,/Users/christiankauten/Documents/Projects/Rack/plugins/Fourier/.build/spec012/confirm-02-transitions/workload-0007-repeat-00.csv,5f1f3b40a2211544b6c94ff1e52080ce4bd364027c7b76ed5900af1eb6759803,8e3cb96e9626b40660856f13115f9de9cac3f0b5479a8fa354da0fad922579de,5,smoothing-before-publication,480,481,481,published,-1,"{""alpha"": 0, ""hop"": 37, ""n"": 128, ""octave"": 0, ""rate"": 48000, ""window"": 8}",1,0.020833333333333332,1,0.020833333333333332
3aeff8d50243a034,m1-pro-16gb-local,9ae1f56a99880d85043135f064e6ef84916624a1081b5acbb397c504e0831546,pffft-scheduled-batch-float,float,spec012-confirm-02,0,interactive-v1,True,2368,48000,64,/Users/christiankauten/Documents/Projects/Rack/plugins/Fourier/.build/spec012/confirm-02-transitions/workload-0007-repeat-00.csv,5f1f3b40a2211544b6c94ff1e52080ce4bd364027c7b76ed5900af1eb6759803,8e3cb96e9626b40660856f13115f9de9cac3f0b5479a8fa354da0fad922579de,6,no-op-boundary,555,555,555,published,-1,"{""alpha"": 0, ""hop"": 37, ""n"": 128, ""octave"": 0, ""rate"": 48000, ""window"": 8}",0,0.0,0,0.0
3aeff8d50243a034,m1-pro-16gb-local,9ae1f56a99880d85043135f064e6ef84916624a1081b5acbb397c504e0831546,pffft-scheduled-batch-float,float,spec012-confirm-02,0,interactive-v1,True,2368,48000,64,/Users/christiankauten/Documents/Projects/Rack/plugins/Fourier/.build/spec012/confirm-02-transitions/workload-0007-repeat-00.csv,5f1f3b40a2211544b6c94ff1e52080ce4bd364027c7b76ed5900af1eb6759803,8e3cb96e9626b40660856f13115f9de9cac3f0b5479a8fa354da0fad922579de,7,replace-pending-first,630,-1,-1,replaced,8,"{""alpha"": 0, ""hop"": 37, ""n"": 128, ""octave"": 0, ""rate"": 48000, ""window"": 8}",,,,
3aeff8d50243a034,m1-pro-16gb-local,9ae1f56a99880d85043135f064e6ef84916624a1081b5acbb397c504e0831546,pffft-scheduled-batch-float,float,spec012-confirm-02,0,interactive-v1,True,2368,48000,64,/Users/christiankauten/Documents/Projects/Rack/plugins/Fourier/.build/spec012/confirm-02-transitions/workload-0007-repeat-00.csv,5f1f3b40a2211544b6c94ff1e52080ce4bd364027c7b76ed5900af1eb6759803,8e3cb96e9626b40660856f13115f9de9cac3f0b5479a8fa354da0fad922579de,8,replace-pending-last,631,666,666,published,-1,"{""alpha"": 0, ""hop"": 37, ""n"": 128, ""octave"": 0, ""rate"": 48000, ""window"": 8}",35,0.7291666666666666,35,0.7291666666666666
3aeff8d50243a034,m1-pro-16gb-local,9ae1f56a99880d85043135f064e6ef84916624a1081b5acbb397c504e0831546,pffft-scheduled-batch-float,float,spec012-confirm-02,0,interactive-v1,True,2368,48000,64,/Users/christiankauten/Documents/Projects/Rack/plugins/Fourier/.build/spec012/confirm-02-transitions/workload-0007-repeat-00.csv,5f1f3b40a2211544b6c94ff1e52080ce4bd364027c7b76ed5900af1eb6759803,8e3cb96e9626b40660856f13115f9de9cac3f0b5479a8fa354da0fad922579de,9,hop-decrease-boundary,777,777,777,published,-1,"{""alpha"": 0, ""hop"": 37, ""n"": 128, ""octave"": 0, ""rate"": 48000, ""window"": 8}",0,0.0,0,0.0
3aeff8d50243a034,m1-pro-16gb-local,9ae1f56a99880d85043135f064e6ef84916624a1081b5acbb397c504e0831546,pffft-scheduled-batch-float,float,spec012-confirm-02,0,interactive-v1,True,2368,48000,64,/Users/christiankauten/Documents/Projects/Rack/plugins/Fourier/.build/spec012/confirm-02-transitions/workload-0007-repeat-00.csv,5f1f3b40a2211544b6c94ff1e52080ce4bd364027c7b76ed5900af1eb6759803,8e3cb96e9626b40660856f13115f9de9cac3f0b5479a8fa354da0fad922579de,10,smoothing-disable,852,888,888,published,-1,"{""alpha"": 0, ""hop"": 37, ""n"": 128, ""octave"": 0, ""rate"": 48000, ""window"": 8}",36,0.75,36,0.75
3aeff8d50243a034,m1-pro-16gb-local,9ae1f56a99880d85043135f064e6ef84916624a1081b5acbb397c504e0831546,pffft-scheduled-batch-float,float,spec012-confirm-02,0,interactive-v1,True,2368,48000,64,/Users/christiankauten/Documents/Projects/Rack/plugins/Fourier/.build/spec012/confirm-02-transitions/workload-0007-repeat-00.csv,5f1f3b40a2211544b6c94ff1e52080ce4bd364027c7b76ed5900af1eb6759803,8e3cb96e9626b40660856f13115f9de9cac3f0b5479a8fa354da0fad922579de,11,horizon-no-response,2367,-1,-1,pending-no-response,-1,"{""alpha"": 0, ""hop"": 37, ""n"": 128, ""octave"": 0, ""rate"": 48000, ""window"": 8}",,,,
3aeff8d50243a034,m1-pro-16gb-local,9ae1f56a99880d85043135f064e6ef84916624a1081b5acbb397c504e0831546,pffft-scheduled-batch-float,float,spec012-confirm-02,1,interactive-v1,True,2368,48000,64,/Users/christiankauten/Documents/Projects/Rack/plugins/Fourier/.build/spec012/confirm-02-transitions/workload-0007-repeat-01.csv,4fe17b3e6daf3dd2dfcda9223e0d46c12e9544de987c7d1315c46b317ead2501,8e3cb96e9626b40660856f13115f9de9cac3f0b5479a8fa354da0fad922579de,1,length-increase-boundary,74,74,74,published,-1,"{""alpha"": 0, ""hop"": 37, ""n"": 128, ""octave"": 0, ""rate"": 48000, ""window"": 8}",0,0.0,0,0.0
3aeff8d50243a034,m1-pro-16gb-local,9ae1f56a99880d85043135f064e6ef84916624a1081b5acbb397c504e0831546,pffft-scheduled-batch-float,float,spec012-confirm-02,1,interactive-v1,True,2368,48000,64,/Users/christiankauten/Documents/Projects/Rack/plugins/Fourier/.build/spec012/confirm-02-transitions/workload-0007-repeat-01.csv,4fe17b3e6daf3dd2dfcda9223e0d46c12e9544de987c7d1315c46b317ead2501,8e3cb96e9626b40660856f13115f9de9cac3f0b5479a8fa354da0fad922579de,2,length-decrease-early,149,185,185,published,-1,"{""alpha"": 0, ""hop"": 37, ""n"": 128, ""octave"": 0, ""rate"": 48000, ""window"": 8}",36,0.75,36,0.75
3aeff8d50243a034,m1-pro-16gb-local,9ae1f56a99880d85043135f064e6ef84916624a1081b5acbb397c504e0831546,pffft-scheduled-batch-float,float,spec012-confirm-02,1,interactive-v1,True,2368,48000,64,/Users/christiankauten/Documents/Projects/Rack/plugins/Fourier/.build/spec012/confirm-02-transitions/workload-0007-repeat-01.csv,4fe17b3e6daf3dd2dfcda9223e0d46c12e9544de987c7d1315c46b317ead2501,8e3cb96e9626b40660856f13115f9de9cac3f0b5479a8fa354da0fad922579de,3,hop-increase-middle,240,259,259,published,-1,"{""alpha"": 0, ""hop"": 37, ""n"": 128, ""octave"": 0, ""rate"": 48000, ""window"": 8}",19,0.3958333333333333,19,0.3958333333333333
3aeff8d50243a034,m1-pro-16gb-local,9ae1f56a99880d85043135f064e6ef84916624a1081b5acbb397c504e0831546,pffft-scheduled-batch-float,float,spec012-confirm-02,1,interactive-v1,True,2368,48000,64,/Users/christiankauten/Documents/Projects/Rack/plugins/Fourier/.build/spec012/confirm-02-transitions/workload-0007-repeat-01.csv,4fe17b3e6daf3dd2dfcda9223e0d46c12e9544de987c7d1315c46b317ead2501,8e3cb96e9626b40660856f13115f9de9cac3f0b5479a8fa354da0fad922579de,4,window-late,405,407,407,published,-1,"{""alpha"": 0, ""hop"": 37, ""n"": 128, ""octave"": 0, ""rate"": 48000, ""window"": 8}",2,0.041666666666666664,2,0.041666666666666664
3aeff8d50243a034,m1-pro-16gb-local,9ae1f56a99880d85043135f064e6ef84916624a1081b5acbb397c504e0831546,pffft-scheduled-batch-float,float,spec012-confirm-02,1,interactive-v1,True,2368,48000,64,/Users/christiankauten/Documents/Projects/Rack/plugins/Fourier/.build/spec012/confirm-02-transitions/workload-0007-repeat-01.csv,4fe17b3e6daf3dd2dfcda9223e0d46c12e9544de987c7d1315c46b317ead2501,8e3cb96e9626b40660856f13115f9de9cac3f0b5479a8fa354da0fad922579de,5,smoothing-before-publication,480,481,481,published,-1,"{""alpha"": 0, ""hop"": 37, ""n"": 128, ""octave"": 0, ""rate"": 48000, ""window"": 8}",1,0.020833333333333332,1,0.020833333333333332
3aeff8d50243a034,m1-pro-16gb-local,9ae1f56a99880d85043135f064e6ef84916624a1081b5acbb397c504e0831546,pffft-scheduled-batch-float,float,spec012-confirm-02,1,interactive-v1,True,2368,48000,64,/Users/christiankauten/Documents/Projects/Rack/plugins/Fourier/.build/spec012/confirm-02-transitions/workload-0007-repeat-01.csv,4fe17b3e6daf3dd2dfcda9223e0d46c12e9544de987c7d1315c46b317ead2501,8e3cb96e9626b40660856f13115f9de9cac3f0b5479a8fa354da0fad922579de,6,no-op-boundary,555,555,555,published,-1,"{""alpha"": 0, ""hop"": 37, ""n"": 128, ""octave"": 0, ""rate"": 48000, ""window"": 8}",0,0.0,0,0.0
3aeff8d50243a034,m1-pro-16gb-local,9ae1f56a99880d85043135f064e6ef84916624a1081b5acbb397c504e0831546,pffft-scheduled-batch-float,float,spec012-confirm-02,1,interactive-v1,True,2368,48000,64,/Users/christiankauten/Documents/Projects/Rack/plugins/Fourier/.build/spec012/confirm-02-transitions/workload-0007-repeat-01.csv,4fe17b3e6daf3dd2dfcda9223e0d46c12e9544de987c7d1315c46b317ead2501,8e3cb96e9626b40660856f13115f9de9cac3f0b5479a8fa354da0fad922579de,7,replace-pending-first,630,-1,-1,replaced,8,"{""alpha"": 0, ""hop"": 37, ""n"": 128, ""octave"": 0, ""rate"": 48000, ""window"": 8}",,,,
3aeff8d50243a034,m1-pro-16gb-local,9ae1f56a99880d85043135f064e6ef84916624a1081b5acbb397c504e0831546,pffft-scheduled-batch-float,float,spec012-confirm-02,1,interactive-v1,True,2368,48000,64,/Users/christiankauten/Documents/Projects/Rack/plugins/Fourier/.build/spec012/confirm-02-transitions/workload-0007-repeat-01.csv,4fe17b3e6daf3dd2dfcda9223e0d46c12e9544de987c7d1315c46b317ead2501,8e3cb96e9626b40660856f13115f9de9cac3f0b5479a8fa354da0fad922579de,8,replace-pending-last,631,666,666,published,-1,"{""alpha"": 0, ""hop"": 37, ""n"": 128, ""octave"": 0, ""rate"": 48000, ""window"": 8}",35,0.7291666666666666,35,0.7291666666666666
3aeff8d50243a034,m1-pro-16gb-local,9ae1f56a99880d85043135f064e6ef84916624a1081b5acbb397c504e0831546,pffft-scheduled-batch-float,float,spec012-confirm-02,1,interactive-v1,True,2368,48000,64,/Users/christiankauten/Documents/Projects/Rack/plugins/Fourier/.build/spec012/confirm-02-transitions/workload-0007-repeat-01.csv,4fe17b3e6daf3dd2dfcda9223e0d46c12e9544de987c7d1315c46b317ead2501,8e3cb96e9626b40660856f13115f9de9cac3f0b5479a8fa354da0fad922579de,9,hop-decrease-boundary,777,777,777,published,-1,"{""alpha"": 0, ""hop"": 37, ""n"": 128, ""octave"": 0, ""rate"": 48000, ""window"": 8}",0,0.0,0,0.0
3aeff8d50243a034,m1-pro-16gb-local,9ae1f56a99880d85043135f064e6ef84916624a1081b5acbb397c504e0831546,pffft-scheduled-batch-float,float,spec012-confirm-02,1,interactive-v1,True,2368,48000,64,/Users/christiankauten/Documents/Projects/Rack/plugins/Fourier/.build/spec012/confirm-02-transitions/workload-0007-repeat-01.csv,4fe17b3e6daf3dd2dfcda9223e0d46c12e9544de987c7d1315c46b317ead2501,8e3cb96e9626b40660856f13115f9de9cac3f0b5479a8fa354da0fad922579de,10,smoothing-disable,852,888,888,published,-1,"{""alpha"": 0, ""hop"": 37, ""n"": 128, ""octave"": 0, ""rate"": 48000, ""window"": 8}",36,0.75,36,0.75
3aeff8d50243a034,m1-pro-16gb-local,9ae1f56a99880d85043135f064e6ef84916624a1081b5acbb397c504e0831546,pffft-scheduled-batch-float,float,spec012-confirm-02,1,interactive-v1,True,2368,48000,64,/Users/christiankauten/Documents/Projects/Rack/plugins/Fourier/.build/spec012/confirm-02-transitions/workload-0007-repeat-01.csv,4fe17b3e6daf3dd2dfcda9223e0d46c12e9544de987c7d1315c46b317ead2501,8e3cb96e9626b40660856f13115f9de9cac3f0b5479a8fa354da0fad922579de,11,horizon-no-response,2367,-1,-1,pending-no-response,-1,"{""alpha"": 0, ""hop"": 37, ""n"": 128, ""octave"": 0, ""rate"": 48000, ""window"": 8}",,,,
3aeff8d50243a034,m1-pro-16gb-local,9ae1f56a99880d85043135f064e6ef84916624a1081b5acbb397c504e0831546,pffft-scheduled-batch-float,float,spec012-confirm-02,2,interactive-v1,True,2368,48000,64,/Users/christiankauten/Documents/Projects/Rack/plugins/Fourier/.build/spec012/confirm-02-transitions/workload-0007-repeat-02.csv,05e34ccf85a73ec803adf6aed09ae82f71f419eebf8b8297aedded7244c8b4a4,8e3cb96e9626b40660856f13115f9de9cac3f0b5479a8fa354da0fad922579de,1,length-increase-boundary,74,74,74,published,-1,"{""alpha"": 0, ""hop"": 37, ""n"": 128, ""octave"": 0, ""rate"": 48000, ""window"": 8}",0,0.0,0,0.0
3aeff8d50243a034,m1-pro-16gb-local,9ae1f56a99880d85043135f064e6ef84916624a1081b5acbb397c504e0831546,pffft-scheduled-batch-float,float,spec012-confirm-02,2,interactive-v1,True,2368,48000,64,/Users/christiankauten/Documents/Projects/Rack/plugins/Fourier/.build/spec012/confirm-02-transitions/workload-0007-repeat-02.csv,05e34ccf85a73ec803adf6aed09ae82f71f419eebf8b8297aedded7244c8b4a4,8e3cb96e9626b40660856f13115f9de9cac3f0b5479a8fa354da0fad922579de,2,length-decrease-early,149,185,185,published,-1,"{""alpha"": 0, ""hop"": 37, ""n"": 128, ""octave"": 0, ""rate"": 48000, ""window"": 8}",36,0.75,36,0.75
3aeff8d50243a034,m1-pro-16gb-local,9ae1f56a99880d85043135f064e6ef84916624a1081b5acbb397c504e0831546,pffft-scheduled-batch-float,float,spec012-confirm-02,2,interactive-v1,True,2368,48000,64,/Users/christiankauten/Documents/Projects/Rack/plugins/Fourier/.build/spec012/confirm-02-transitions/workload-0007-repeat-02.csv,05e34ccf85a73ec803adf6aed09ae82f71f419eebf8b8297aedded7244c8b4a4,8e3cb96e9626b40660856f13115f9de9cac3f0b5479a8fa354da0fad922579de,3,hop-increase-middle,240,259,259,published,-1,"{""alpha"": 0, ""hop"": 37, ""n"": 128, ""octave"": 0, ""rate"": 48000, ""window"": 8}",19,0.3958333333333333,19,0.3958333333333333
3aeff8d50243a034,m1-pro-16gb-local,9ae1f56a99880d85043135f064e6ef84916624a1081b5acbb397c504e0831546,pffft-scheduled-batch-float,float,spec012-confirm-02,2,interactive-v1,True,2368,48000,64,/Users/christiankauten/Documents/Projects/Rack/plugins/Fourier/.build/spec012/confirm-02-transitions/workload-0007-repeat-02.csv,05e34ccf85a73ec803adf6aed09ae82f71f419eebf8b8297aedded7244c8b4a4,8e3cb96e9626b40660856f13115f9de9cac3f0b5479a8fa354da0fad922579de,4,window-late,405,407,407,published,-1,"{""alpha"": 0, ""hop"": 37, ""n"": 128, ""octave"": 0, ""rate"": 48000, ""window"": 8}",2,0.041666666666666664,2,0.041666666666666664
3aeff8d50243a034,m1-pro-16gb-local,9ae1f56a99880d85043135f064e6ef84916624a1081b5acbb397c504e0831546,pffft-scheduled-batch-float,float,spec012-confirm-02,2,interactive-v1,True,2368,48000,64,/Users/christiankauten/Documents/Projects/Rack/plugins/Fourier/.build/spec012/confirm-02-transitions/workload-0007-repeat-02.csv,05e34ccf85a73ec803adf6aed09ae82f71f419eebf8b8297aedded7244c8b4a4,8e3cb96e9626b40660856f13115f9de9cac3f0b5479a8fa354da0fad922579de,5,smoothing-before-publication,480,481,481,published,-1,"{""alpha"": 0, ""hop"": 37, ""n"": 128, ""octave"": 0, ""rate"": 48000, ""window"": 8}",1,0.020833333333333332,1,0.020833333333333332
3aeff8d50243a034,m1-pro-16gb-local,9ae1f56a99880d85043135f064e6ef84916624a1081b5acbb397c504e0831546,pffft-scheduled-batch-float,float,spec012-confirm-02,2,interactive-v1,True,2368,48000,64,/Users/christiankauten/Documents/Projects/Rack/plugins/Fourier/.build/spec012/confirm-02-transitions/workload-0007-repeat-02.csv,05e34ccf85a73ec803adf6aed09ae82f71f419eebf8b8297aedded7244c8b4a4,8e3cb96e9626b40660856f13115f9de9cac3f0b5479a8fa354da0fad922579de,6,no-op-boundary,555,555,555,published,-1,"{""alpha"": 0, ""hop"": 37, ""n"": 128, ""octave"": 0, ""rate"": 48000, ""window"": 8}",0,0.0,0,0.0
3aeff8d50243a034,m1-pro-16gb-local,9ae1f56a99880d85043135f064e6ef84916624a1081b5acbb397c504e0831546,pffft-scheduled-batch-float,float,spec012-confirm-02,2,interactive-v1,True,2368,48000,64,/Users/christiankauten/Documents/Projects/Rack/plugins/Fourier/.build/spec012/confirm-02-transitions/workload-0007-repeat-02.csv,05e34ccf85a73ec803adf6aed09ae82f71f419eebf8b8297aedded7244c8b4a4,8e3cb96e9626b40660856f13115f9de9cac3f0b5479a8fa354da0fad922579de,7,replace-pending-first,630,-1,-1,replaced,8,"{""alpha"": 0, ""hop"": 37, ""n"": 128, ""octave"": 0, ""rate"": 48000, ""window"": 8}",,,,
3aeff8d50243a034,m1-pro-16gb-local,9ae1f56a99880d85043135f064e6ef84916624a1081b5acbb397c504e0831546,pffft-scheduled-batch-float,float,spec012-confirm-02,2,interactive-v1,True,2368,48000,64,/Users/christiankauten/Documents/Projects/Rack/plugins/Fourier/.build/spec012/confirm-02-transitions/workload-0007-repeat-02.csv,05e34ccf85a73ec803adf6aed09ae82f71f419eebf8b8297aedded7244c8b4a4,8e3cb96e9626b40660856f13115f9de9cac3f0b5479a8fa354da0fad922579de,8,replace-pending-last,631,666,666,published,-1,"{""alpha"": 0, ""hop"": 37, ""n"": 128, ""octave"": 0, ""rate"": 48000, ""window"": 8}",35,0.7291666666666666,35,0.7291666666666666
3aeff8d50243a034,m1-pro-16gb-local,9ae1f56a99880d85043135f064e6ef84916624a1081b5acbb397c504e0831546,pffft-scheduled-batch-float,float,spec012-confirm-02,2,interactive-v1,True,2368,48000,64,/Users/christiankauten/Documents/Projects/Rack/plugins/Fourier/.build/spec012/confirm-02-transitions/workload-0007-repeat-02.csv,05e34ccf85a73ec803adf6aed09ae82f71f419eebf8b8297aedded7244c8b4a4,8e3cb96e9626b40660856f13115f9de9cac3f0b5479a8fa354da0fad922579de,9,hop-decrease-boundary,777,777,777,published,-1,"{""alpha"": 0, ""hop"": 37, ""n"": 128, ""octave"": 0, ""rate"": 48000, ""window"": 8}",0,0.0,0,0.0
3aeff8d50243a034,m1-pro-16gb-local,9ae1f56a99880d85043135f064e6ef84916624a1081b5acbb397c504e0831546,pffft-scheduled-batch-float,float,spec012-confirm-02,2,interactive-v1,True,2368,48000,64,/Users/christiankauten/Documents/Projects/Rack/plugins/Fourier/.build/spec012/confirm-02-transitions/workload-0007-repeat-02.csv,05e34ccf85a73ec803adf6aed09ae82f71f419eebf8b8297aedded7244c8b4a4,8e3cb96e9626b40660856f13115f9de9cac3f0b5479a8fa354da0fad922579de,10,smoothing-disable,852,888,888,published,-1,"{""alpha"": 0, ""hop"": 37, ""n"": 128, ""octave"": 0, ""rate"": 48000, ""window"": 8}",36,0.75,36,0.75
3aeff8d50243a034,m1-pro-16gb-local,9ae1f56a99880d85043135f064e6ef84916624a1081b5acbb397c504e0831546,pffft-scheduled-batch-float,float,spec012-confirm-02,2,interactive-v1,True,2368,48000,64,/Users/christiankauten/Documents/Projects/Rack/plugins/Fourier/.build/spec012/confirm-02-transitions/workload-0007-repeat-02.csv,05e34ccf85a73ec803adf6aed09ae82f71f419eebf8b8297aedded7244c8b4a4,8e3cb96e9626b40660856f13115f9de9cac3f0b5479a8fa354da0fad922579de,11,horizon-no-response,2367,-1,-1,pending-no-response,-1,"{""alpha"": 0, ""hop"": 37, ""n"": 128, ""octave"": 0, ""rate"": 48000, ""window"": 8}",,,,
3aeff8d50243a034,m1-pro-16gb-local,9ae1f56a99880d85043135f064e6ef84916624a1081b5acbb397c504e0831546,pffft-scheduled-batch-float,float,spec012-confirm-03,0,interactive-v1,True,2368,48000,64,/Users/christiankauten/Documents/Projects/Rack/plugins/Fourier/.build/spec012/confirm-03-transitions/workload-0007-repeat-00.csv,b9986428e5d444369cded42b07c07a723ba093c3b1e40c7af7422e950eafc1b1,8e3cb96e9626b40660856f13115f9de9cac3f0b5479a8fa354da0fad922579de,1,length-increase-boundary,74,74,74,published,-1,"{""alpha"": 0, ""hop"": 37, ""n"": 128, ""octave"": 0, ""rate"": 48000, ""window"": 8}",0,0.0,0,0.0
3aeff8d50243a034,m1-pro-16gb-local,9ae1f56a99880d85043135f064e6ef84916624a1081b5acbb397c504e0831546,pffft-scheduled-batch-float,float,spec012-confirm-03,0,interactive-v1,True,2368,48000,64,/Users/christiankauten/Documents/Projects/Rack/plugins/Fourier/.build/spec012/confirm-03-transitions/workload-0007-repeat-00.csv,b9986428e5d444369cded42b07c07a723ba093c3b1e40c7af7422e950eafc1b1,8e3cb96e9626b40660856f13115f9de9cac3f0b5479a8fa354da0fad922579de,2,length-decrease-early,149,185,185,published,-1,"{""alpha"": 0, ""hop"": 37, ""n"": 128, ""octave"": 0, ""rate"": 48000, ""window"": 8}",36,0.75,36,0.75
3aeff8d50243a034,m1-pro-16gb-local,9ae1f56a99880d85043135f064e6ef84916624a1081b5acbb397c504e0831546,pffft-scheduled-batch-float,float,spec012-confirm-03,0,interactive-v1,True,2368,48000,64,/Users/christiankauten/Documents/Projects/Rack/plugins/Fourier/.build/spec012/confirm-03-transitions/workload-0007-repeat-00.csv,b9986428e5d444369cded42b07c07a723ba093c3b1e40c7af7422e950eafc1b1,8e3cb96e9626b40660856f13115f9de9cac3f0b5479a8fa354da0fad922579de,3,hop-increase-middle,240,259,259,published,-1,"{""alpha"": 0, ""hop"": 37, ""n"": 128, ""octave"": 0, ""rate"": 48000, ""window"": 8}",19,0.3958333333333333,19,0.3958333333333333
3aeff8d50243a034,m1-pro-16gb-local,9ae1f56a99880d85043135f064e6ef84916624a1081b5acbb397c504e0831546,pffft-scheduled-batch-float,float,spec012-confirm-03,0,interactive-v1,True,2368,48000,64,/Users/christiankauten/Documents/Projects/Rack/plugins/Fourier/.build/spec012/confirm-03-transitions/workload-0007-repeat-00.csv,b9986428e5d444369cded42b07c07a723ba093c3b1e40c7af7422e950eafc1b1,8e3cb96e9626b40660856f13115f9de9cac3f0b5479a8fa354da0fad922579de,4,window-late,405,407,407,published,-1,"{""alpha"": 0, ""hop"": 37, ""n"": 128, ""octave"": 0, ""rate"": 48000, ""window"": 8}",2,0.041666666666666664,2,0.041666666666666664
3aeff8d50243a034,m1-pro-16gb-local,9ae1f56a99880d85043135f064e6ef84916624a1081b5acbb397c504e0831546,pffft-scheduled-batch-float,float,spec012-confirm-03,0,interactive-v1,True,2368,48000,64,/Users/christiankauten/Documents/Projects/Rack/plugins/Fourier/.build/spec012/confirm-03-transitions/workload-0007-repeat-00.csv,b9986428e5d444369cded42b07c07a723ba093c3b1e40c7af7422e950eafc1b1,8e3cb96e9626b40660856f13115f9de9cac3f0b5479a8fa354da0fad922579de,5,smoothing-before-publication,480,481,481,published,-1,"{""alpha"": 0, ""hop"": 37, ""n"": 128, ""octave"": 0, ""rate"": 48000, ""window"": 8}",1,0.020833333333333332,1,0.020833333333333332
3aeff8d50243a034,m1-pro-16gb-local,9ae1f56a99880d85043135f064e6ef84916624a1081b5acbb397c504e0831546,pffft-scheduled-batch-float,float,spec012-confirm-03,0,interactive-v1,True,2368,48000,64,/Users/christiankauten/Documents/Projects/Rack/plugins/Fourier/.build/spec012/confirm-03-transitions/workload-0007-repeat-00.csv,b9986428e5d444369cded42b07c07a723ba093c3b1e40c7af7422e950eafc1b1,8e3cb96e9626b40660856f13115f9de9cac3f0b5479a8fa354da0fad922579de,6,no-op-boundary,555,555,555,published,-1,"{""alpha"": 0, ""hop"": 37, ""n"": 128, ""octave"": 0, ""rate"": 48000, ""window"": 8}",0,0.0,0,0.0
3aeff8d50243a034,m1-pro-16gb-local,9ae1f56a99880d85043135f064e6ef84916624a1081b5acbb397c504e0831546,pffft-scheduled-batch-float,float,spec012-confirm-03,0,interactive-v1,True,2368,48000,64,/Users/christiankauten/Documents/Projects/Rack/plugins/Fourier/.build/spec012/confirm-03-transitions/workload-0007-repeat-00.csv,b9986428e5d444369cded42b07c07a723ba093c3b1e40c7af7422e950eafc1b1,8e3cb96e9626b40660856f13115f9de9cac3f0b5479a8fa354da0fad922579de,7,replace-pending-first,630,-1,-1,replaced,8,"{""alpha"": 0, ""hop"": 37, ""n"": 128, ""octave"": 0, ""rate"": 48000, ""window"": 8}",,,,
3aeff8d50243a034,m1-pro-16gb-local,9ae1f56a99880d85043135f064e6ef84916624a1081b5acbb397c504e0831546,pffft-scheduled-batch-float,float,spec012-confirm-03,0,interactive-v1,True,2368,48000,64,/Users/christiankauten/Documents/Projects/Rack/plugins/Fourier/.build/spec012/confirm-03-transitions/workload-0007-repeat-00.csv,b9986428e5d444369cded42b07c07a723ba093c3b1e40c7af7422e950eafc1b1,8e3cb96e9626b40660856f13115f9de9cac3f0b5479a8fa354da0fad922579de,8,replace-pending-last,631,666,666,published,-1,"{""alpha"": 0, ""hop"": 37, ""n"": 128, ""octave"": 0, ""rate"": 48000, ""window"": 8}",35,0.7291666666666666,35,0.7291666666666666
3aeff8d50243a034,m1-pro-16gb-local,9ae1f56a99880d85043135f064e6ef84916624a1081b5acbb397c504e0831546,pffft-scheduled-batch-float,float,spec012-confirm-03,0,interactive-v1,True,2368,48000,64,/Users/christiankauten/Documents/Projects/Rack/plugins/Fourier/.build/spec012/confirm-03-transitions/workload-0007-repeat-00.csv,b9986428e5d444369cded42b07c07a723ba093c3b1e40c7af7422e950eafc1b1,8e3cb96e9626b40660856f13115f9de9cac3f0b5479a8fa354da0fad922579de,9,hop-decrease-boundary,777,777,777,published,-1,"{""alpha"": 0, ""hop"": 37, ""n"": 128, ""octave"": 0, ""rate"": 48000, ""window"": 8}",0,0.0,0,0.0
3aeff8d50243a034,m1-pro-16gb-local,9ae1f56a99880d85043135f064e6ef84916624a1081b5acbb397c504e0831546,pffft-scheduled-batch-float,float,spec012-confirm-03,0,interactive-v1,True,2368,48000,64,/Users/christiankauten/Documents/Projects/Rack/plugins/Fourier/.build/spec012/confirm-03-transitions/workload-0007-repeat-00.csv,b9986428e5d444369cded42b07c07a723ba093c3b1e40c7af7422e950eafc1b1,8e3cb96e9626b40660856f13115f9de9cac3f0b5479a8fa354da0fad922579de,10,smoothing-disable,852,888,888,published,-1,"{""alpha"": 0, ""hop"": 37, ""n"": 128, ""octave"": 0, ""rate"": 48000, ""window"": 8}",36,0.75,36,0.75
3aeff8d50243a034,m1-pro-16gb-local,9ae1f56a99880d85043135f064e6ef84916624a1081b5acbb397c504e0831546,pffft-scheduled-batch-float,float,spec012-confirm-03,0,interactive-v1,True,2368,48000,64,/Users/christiankauten/Documents/Projects/Rack/plugins/Fourier/.build/spec012/confirm-03-transitions/workload-0007-repeat-00.csv,b9986428e5d444369cded42b07c07a723ba093c3b1e40c7af7422e950eafc1b1,8e3cb96e9626b40660856f13115f9de9cac3f0b5479a8fa354da0fad922579de,11,horizon-no-response,2367,-1,-1,pending-no-response,-1,"{""alpha"": 0, ""hop"": 37, ""n"": 128, ""octave"": 0, ""rate"": 48000, ""window"": 8}",,,,
3aeff8d50243a034,m1-pro-16gb-local,9ae1f56a99880d85043135f064e6ef84916624a1081b5acbb397c504e0831546,pffft-scheduled-batch-float,float,spec012-confirm-03,1,interactive-v1,True,2368,48000,64,/Users/christiankauten/Documents/Projects/Rack/plugins/Fourier/.build/spec012/confirm-03-transitions/workload-0007-repeat-01.csv,36935506cd403aa0ab4d5fe026eff4129bf465b18e0017b41fddbc42f1b6b961,8e3cb96e9626b40660856f13115f9de9cac3f0b5479a8fa354da0fad922579de,1,length-increase-boundary,74,74,74,published,-1,"{""alpha"": 0, ""hop"": 37, ""n"": 128, ""octave"": 0, ""rate"": 48000, ""window"": 8}",0,0.0,0,0.0
3aeff8d50243a034,m1-pro-16gb-local,9ae1f56a99880d85043135f064e6ef84916624a1081b5acbb397c504e0831546,pffft-scheduled-batch-float,float,spec012-confirm-03,1,interactive-v1,True,2368,48000,64,/Users/christiankauten/Documents/Projects/Rack/plugins/Fourier/.build/spec012/confirm-03-transitions/workload-0007-repeat-01.csv,36935506cd403aa0ab4d5fe026eff4129bf465b18e0017b41fddbc42f1b6b961,8e3cb96e9626b40660856f13115f9de9cac3f0b5479a8fa354da0fad922579de,2,length-decrease-early,149,185,185,published,-1,"{""alpha"": 0, ""hop"": 37, ""n"": 128, ""octave"": 0, ""rate"": 48000, ""window"": 8}",36,0.75,36,0.75
3aeff8d50243a034,m1-pro-16gb-local,9ae1f56a99880d85043135f064e6ef84916624a1081b5acbb397c504e0831546,pffft-scheduled-batch-float,float,spec012-confirm-03,1,interactive-v1,True,2368,48000,64,/Users/christiankauten/Documents/Projects/Rack/plugins/Fourier/.build/spec012/confirm-03-transitions/workload-0007-repeat-01.csv,36935506cd403aa0ab4d5fe026eff4129bf465b18e0017b41fddbc42f1b6b961,8e3cb96e9626b40660856f13115f9de9cac3f0b5479a8fa354da0fad922579de,3,hop-increase-middle,240,259,259,published,-1,"{""alpha"": 0, ""hop"": 37, ""n"": 128, ""octave"": 0, ""rate"": 48000, ""window"": 8}",19,0.3958333333333333,19,0.3958333333333333
3aeff8d50243a034,m1-pro-16gb-local,9ae1f56a99880d85043135f064e6ef84916624a1081b5acbb397c504e0831546,pffft-scheduled-batch-float,float,spec012-confirm-03,1,interactive-v1,True,2368,48000,64,/Users/christiankauten/Documents/Projects/Rack/plugins/Fourier/.build/spec012/confirm-03-transitions/workload-0007-repeat-01.csv,36935506cd403aa0ab4d5fe026eff4129bf465b18e0017b41fddbc42f1b6b961,8e3cb96e9626b40660856f13115f9de9cac3f0b5479a8fa354da0fad922579de,4,window-late,405,407,407,published,-1,"{""alpha"": 0, ""hop"": 37, ""n"": 128, ""octave"": 0, ""rate"": 48000, ""window"": 8}",2,0.041666666666666664,2,0.041666666666666664
3aeff8d50243a034,m1-pro-16gb-local,9ae1f56a99880d85043135f064e6ef84916624a1081b5acbb397c504e0831546,pffft-scheduled-batch-float,float,spec012-confirm-03,1,interactive-v1,True,2368,48000,64,/Users/christiankauten/Documents/Projects/Rack/plugins/Fourier/.build/spec012/confirm-03-transitions/workload-0007-repeat-01.csv,36935506cd403aa0ab4d5fe026eff4129bf465b18e0017b41fddbc42f1b6b961,8e3cb96e9626b40660856f13115f9de9cac3f0b5479a8fa354da0fad922579de,5,smoothing-before-publication,480,481,481,published,-1,"{""alpha"": 0, ""hop"": 37, ""n"": 128, ""octave"": 0, ""rate"": 48000, ""window"": 8}",1,0.020833333333333332,1,0.020833333333333332
3aeff8d50243a034,m1-pro-16gb-local,9ae1f56a99880d85043135f064e6ef84916624a1081b5acbb397c504e0831546,pffft-scheduled-batch-float,float,spec012-confirm-03,1,interactive-v1,True,2368,48000,64,/Users/christiankauten/Documents/Projects/Rack/plugins/Fourier/.build/spec012/confirm-03-transitions/workload-0007-repeat-01.csv,36935506cd403aa0ab4d5fe026eff4129bf465b18e0017b41fddbc42f1b6b961,8e3cb96e9626b40660856f13115f9de9cac3f0b5479a8fa354da0fad922579de,6,no-op-boundary,555,555,555,published,-1,"{""alpha"": 0, ""hop"": 37, ""n"": 128, ""octave"": 0, ""rate"": 48000, ""window"": 8}",0,0.0,0,0.0
3aeff8d50243a034,m1-pro-16gb-local,9ae1f56a99880d85043135f064e6ef84916624a1081b5acbb397c504e0831546,pffft-scheduled-batch-float,float,spec012-confirm-03,1,interactive-v1,True,2368,48000,64,/Users/christiankauten/Documents/Projects/Rack/plugins/Fourier/.build/spec012/confirm-03-transitions/workload-0007-repeat-01.csv,36935506cd403aa0ab4d5fe026eff4129bf465b18e0017b41fddbc42f1b6b961,8e3cb96e9626b40660856f13115f9de9cac3f0b5479a8fa354da0fad922579de,7,replace-pending-first,630,-1,-1,replaced,8,"{""alpha"": 0, ""hop"": 37, ""n"": 128, ""octave"": 0, ""rate"": 48000, ""window"": 8}",,,,
3aeff8d50243a034,m1-pro-16gb-local,9ae1f56a99880d85043135f064e6ef84916624a1081b5acbb397c504e0831546,pffft-scheduled-batch-float,float,spec012-confirm-03,1,interactive-v1,True,2368,48000,64,/Users/christiankauten/Documents/Projects/Rack/plugins/Fourier/.build/spec012/confirm-03-transitions/workload-0007-repeat-01.csv,36935506cd403aa0ab4d5fe026eff4129bf465b18e0017b41fddbc42f1b6b961,8e3cb96e9626b40660856f13115f9de9cac3f0b5479a8fa354da0fad922579de,8,replace-pending-last,631,666,666,published,-1,"{""alpha"": 0, ""hop"": 37, ""n"": 128, ""octave"": 0, ""rate"": 48000, ""window"": 8}",35,0.7291666666666666,35,0.7291666666666666
3aeff8d50243a034,m1-pro-16gb-local,9ae1f56a99880d85043135f064e6ef84916624a1081b5acbb397c504e0831546,pffft-scheduled-batch-float,float,spec012-confirm-03,1,interactive-v1,True,2368,48000,64,/Users/christiankauten/Documents/Projects/Rack/plugins/Fourier/.build/spec012/confirm-03-transitions/workload-0007-repeat-01.csv,36935506cd403aa0ab4d5fe026eff4129bf465b18e0017b41fddbc42f1b6b961,8e3cb96e9626b40660856f13115f9de9cac3f0b5479a8fa354da0fad922579de,9,hop-decrease-boundary,777,777,777,published,-1,"{""alpha"": 0, ""hop"": 37, ""n"": 128, ""octave"": 0, ""rate"": 48000, ""window"": 8}",0,0.0,0,0.0
3aeff8d50243a034,m1-pro-16gb-local,9ae1f56a99880d85043135f064e6ef84916624a1081b5acbb397c504e0831546,pffft-scheduled-batch-float,float,spec012-confirm-03,1,interactive-v1,True,2368,48000,64,/Users/christiankauten/Documents/Projects/Rack/plugins/Fourier/.build/spec012/confirm-03-transitions/workload-0007-repeat-01.csv,36935506cd403aa0ab4d5fe026eff4129bf465b18e0017b41fddbc42f1b6b961,8e3cb96e9626b40660856f13115f9de9cac3f0b5479a8fa354da0fad922579de,10,smoothing-disable,852,888,888,published,-1,"{""alpha"": 0, ""hop"": 37, ""n"": 128, ""octave"": 0, ""rate"": 48000, ""window"": 8}",36,0.75,36,0.75
3aeff8d50243a034,m1-pro-16gb-local,9ae1f56a99880d85043135f064e6ef84916624a1081b5acbb397c504e0831546,pffft-scheduled-batch-float,float,spec012-confirm-03,1,interactive-v1,True,2368,48000,64,/Users/christiankauten/Documents/Projects/Rack/plugins/Fourier/.build/spec012/confirm-03-transitions/workload-0007-repeat-01.csv,36935506cd403aa0ab4d5fe026eff4129bf465b18e0017b41fddbc42f1b6b961,8e3cb96e9626b40660856f13115f9de9cac3f0b5479a8fa354da0fad922579de,11,horizon-no-response,2367,-1,-1,pending-no-response,-1,"{""alpha"": 0, ""hop"": 37, ""n"": 128, ""octave"": 0, ""rate"": 48000, ""window"": 8}",,,,
3aeff8d50243a034,m1-pro-16gb-local,9ae1f56a99880d85043135f064e6ef84916624a1081b5acbb397c504e0831546,pffft-scheduled-batch-float,float,spec012-confirm-03,2,interactive-v1,True,2368,48000,64,/Users/christiankauten/Documents/Projects/Rack/plugins/Fourier/.build/spec012/confirm-03-transitions/workload-0007-repeat-02.csv,dbc0e14c39ff5bca1a44e1c31a3154dbf5d73d769ccb0f36d710d7502f3a75c2,8e3cb96e9626b40660856f13115f9de9cac3f0b5479a8fa354da0fad922579de,1,length-increase-boundary,74,74,74,published,-1,"{""alpha"": 0, ""hop"": 37, ""n"": 128, ""octave"": 0, ""rate"": 48000, ""window"": 8}",0,0.0,0,0.0
3aeff8d50243a034,m1-pro-16gb-local,9ae1f56a99880d85043135f064e6ef84916624a1081b5acbb397c504e0831546,pffft-scheduled-batch-float,float,spec012-confirm-03,2,interactive-v1,True,2368,48000,64,/Users/christiankauten/Documents/Projects/Rack/plugins/Fourier/.build/spec012/confirm-03-transitions/workload-0007-repeat-02.csv,dbc0e14c39ff5bca1a44e1c31a3154dbf5d73d769ccb0f36d710d7502f3a75c2,8e3cb96e9626b40660856f13115f9de9cac3f0b5479a8fa354da0fad922579de,2,length-decrease-early,149,185,185,published,-1,"{""alpha"": 0, ""hop"": 37, ""n"": 128, ""octave"": 0, ""rate"": 48000, ""window"": 8}",36,0.75,36,0.75
3aeff8d50243a034,m1-pro-16gb-local,9ae1f56a99880d85043135f064e6ef84916624a1081b5acbb397c504e0831546,pffft-scheduled-batch-float,float,spec012-confirm-03,2,interactive-v1,True,2368,48000,64,/Users/christiankauten/Documents/Projects/Rack/plugins/Fourier/.build/spec012/confirm-03-transitions/workload-0007-repeat-02.csv,dbc0e14c39ff5bca1a44e1c31a3154dbf5d73d769ccb0f36d710d7502f3a75c2,8e3cb96e9626b40660856f13115f9de9cac3f0b5479a8fa354da0fad922579de,3,hop-increase-middle,240,259,259,published,-1,"{""alpha"": 0, ""hop"": 37, ""n"": 128, ""octave"": 0, ""rate"": 48000, ""window"": 8}",19,0.3958333333333333,19,0.3958333333333333
3aeff8d50243a034,m1-pro-16gb-local,9ae1f56a99880d85043135f064e6ef84916624a1081b5acbb397c504e0831546,pffft-scheduled-batch-float,float,spec012-confirm-03,2,interactive-v1,True,2368,48000,64,/Users/christiankauten/Documents/Projects/Rack/plugins/Fourier/.build/spec012/confirm-03-transitions/workload-0007-repeat-02.csv,dbc0e14c39ff5bca1a44e1c31a3154dbf5d73d769ccb0f36d710d7502f3a75c2,8e3cb96e9626b40660856f13115f9de9cac3f0b5479a8fa354da0fad922579de,4,window-late,405,407,407,published,-1,"{""alpha"": 0, ""hop"": 37, ""n"": 128, ""octave"": 0, ""rate"": 48000, ""window"": 8}",2,0.041666666666666664,2,0.041666666666666664
3aeff8d50243a034,m1-pro-16gb-local,9ae1f56a99880d85043135f064e6ef84916624a1081b5acbb397c504e0831546,pffft-scheduled-batch-float,float,spec012-confirm-03,2,interactive-v1,True,2368,48000,64,/Users/christiankauten/Documents/Projects/Rack/plugins/Fourier/.build/spec012/confirm-03-transitions/workload-0007-repeat-02.csv,dbc0e14c39ff5bca1a44e1c31a3154dbf5d73d769ccb0f36d710d7502f3a75c2,8e3cb96e9626b40660856f13115f9de9cac3f0b5479a8fa354da0fad922579de,5,smoothing-before-publication,480,481,481,published,-1,"{""alpha"": 0, ""hop"": 37, ""n"": 128, ""octave"": 0, ""rate"": 48000, ""window"": 8}",1,0.020833333333333332,1,0.020833333333333332
3aeff8d50243a034,m1-pro-16gb-local,9ae1f56a99880d85043135f064e6ef84916624a1081b5acbb397c504e0831546,pffft-scheduled-batch-float,float,spec012-confirm-03,2,interactive-v1,True,2368,48000,64,/Users/christiankauten/Documents/Projects/Rack/plugins/Fourier/.build/spec012/confirm-03-transitions/workload-0007-repeat-02.csv,dbc0e14c39ff5bca1a44e1c31a3154dbf5d73d769ccb0f36d710d7502f3a75c2,8e3cb96e9626b40660856f13115f9de9cac3f0b5479a8fa354da0fad922579de,6,no-op-boundary,555,555,555,published,-1,"{""alpha"": 0, ""hop"": 37, ""n"": 128, ""octave"": 0, ""rate"": 48000, ""window"": 8}",0,0.0,0,0.0
3aeff8d50243a034,m1-pro-16gb-local,9ae1f56a99880d85043135f064e6ef84916624a1081b5acbb397c504e0831546,pffft-scheduled-batch-float,float,spec012-confirm-03,2,interactive-v1,True,2368,48000,64,/Users/christiankauten/Documents/Projects/Rack/plugins/Fourier/.build/spec012/confirm-03-transitions/workload-0007-repeat-02.csv,dbc0e14c39ff5bca1a44e1c31a3154dbf5d73d769ccb0f36d710d7502f3a75c2,8e3cb96e9626b40660856f13115f9de9cac3f0b5479a8fa354da0fad922579de,7,replace-pending-first,630,-1,-1,replaced,8,"{""alpha"": 0, ""hop"": 37, ""n"": 128, ""octave"": 0, ""rate"": 48000, ""window"": 8}",,,,
3aeff8d50243a034,m1-pro-16gb-local,9ae1f56a99880d85043135f064e6ef84916624a1081b5acbb397c504e0831546,pffft-scheduled-batch-float,float,spec012-confirm-03,2,interactive-v1,True,2368,48000,64,/Users/christiankauten/Documents/Projects/Rack/plugins/Fourier/.build/spec012/confirm-03-transitions/workload-0007-repeat-02.csv,dbc0e14c39ff5bca1a44e1c31a3154dbf5d73d769ccb0f36d710d7502f3a75c2,8e3cb96e9626b40660856f13115f9de9cac3f0b5479a8fa354da0fad922579de,8,replace-pending-last,631,666,666,published,-1,"{""alpha"": 0, ""hop"": 37, ""n"": 128, ""octave"": 0, ""rate"": 48000, ""window"": 8}",35,0.7291666666666666,35,0.7291666666666666
3aeff8d50243a034,m1-pro-16gb-local,9ae1f56a99880d85043135f064e6ef84916624a1081b5acbb397c504e0831546,pffft-scheduled-batch-float,float,spec012-confirm-03,2,interactive-v1,True,2368,48000,64,/Users/christiankauten/Documents/Projects/Rack/plugins/Fourier/.build/spec012/confirm-03-transitions/workload-0007-repeat-02.csv,dbc0e14c39ff5bca1a44e1c31a3154dbf5d73d769ccb0f36d710d7502f3a75c2,8e3cb96e9626b40660856f13115f9de9cac3f0b5479a8fa354da0fad922579de,9,hop-decrease-boundary,777,777,777,published,-1,"{""alpha"": 0, ""hop"": 37, ""n"": 128, ""octave"": 0, ""rate"": 48000, ""window"": 8}",0,0.0,0,0.0
3aeff8d50243a034,m1-pro-16gb-local,9ae1f56a99880d85043135f064e6ef84916624a1081b5acbb397c504e0831546,pffft-scheduled-batch-float,float,spec012-confirm-03,2,interactive-v1,True,2368,48000,64,/Users/christiankauten/Documents/Projects/Rack/plugins/Fourier/.build/spec012/confirm-03-transitions/workload-0007-repeat-02.csv,dbc0e14c39ff5bca1a44e1c31a3154dbf5d73d769ccb0f36d710d7502f3a75c2,8e3cb96e9626b40660856f13115f9de9cac3f0b5479a8fa354da0fad922579de,10,smoothing-disable,852,888,888,published,-1,"{""alpha"": 0, ""hop"": 37, ""n"": 128, ""octave"": 0, ""rate"": 48000, ""window"": 8}",36,0.75,36,0.75
3aeff8d50243a034,m1-pro-16gb-local,9ae1f56a99880d85043135f064e6ef84916624a1081b5acbb397c504e0831546,pffft-scheduled-batch-float,float,spec012-confirm-03,2,interactive-v1,True,2368,48000,64,/Users/christiankauten/Documents/Projects/Rack/plugins/Fourier/.build/spec012/confirm-03-transitions/workload-0007-repeat-02.csv,dbc0e14c39ff5bca1a44e1c31a3154dbf5d73d769ccb0f36d710d7502f3a75c2,8e3cb96e9626b40660856f13115f9de9cac3f0b5479a8fa354da0fad922579de,11,horizon-no-response,2367,-1,-1,pending-no-response,-1,"{""alpha"": 0, ""hop"": 37, ""n"": 128, ""octave"": 0, ""rate"": 48000, ""window"": 8}",,,,
3aeff8d50243a034,m1-pro-16gb-local,ba4913ffc3c0811738b90aeadfe1f586aab8d22505b4309256a082c360bfa4cb,pffft-hybrid-float,float,spec012-confirm-01,0,interactive-v1,False,65536,48000,64,/Users/christiankauten/Documents/Projects/Rack/plugins/Fourier/.build/spec012/confirm-01-transitions/workload-0012-repeat-00.csv,eb596677f730011c561a5055fefa338b0847178dd10bfa557f6e1b10d96ce7ad,308fac7b8ab6aa19b856c77bb5c1ff9bb96b5ec7aabf1e0b57ea2613e2886cd9,1,length-increase-boundary,2048,2048,3071,published,-1,"{""alpha"": 0, ""hop"": 1024, ""n"": 16384, ""octave"": 0, ""rate"": 48000, ""window"": 8}",0,0.0,1023,21.3125
3aeff8d50243a034,m1-pro-16gb-local,ba4913ffc3c0811738b90aeadfe1f586aab8d22505b4309256a082c360bfa4cb,pffft-hybrid-float,float,spec012-confirm-01,0,interactive-v1,False,65536,48000,64,/Users/christiankauten/Documents/Projects/Rack/plugins/Fourier/.build/spec012/confirm-01-transitions/workload-0012-repeat-00.csv,eb596677f730011c561a5055fefa338b0847178dd10bfa557f6e1b10d96ce7ad,308fac7b8ab6aa19b856c77bb5c1ff9bb96b5ec7aabf1e0b57ea2613e2886cd9,2,length-decrease-early,4097,5120,6143,published,-1,"{""alpha"": 0, ""hop"": 1024, ""n"": 2048, ""octave"": 0, ""rate"": 48000, ""window"": 8}",1023,21.3125,2046,42.625
3aeff8d50243a034,m1-pro-16gb-local,ba4913ffc3c0811738b90aeadfe1f586aab8d22505b4309256a082c360bfa4cb,pffft-hybrid-float,float,spec012-confirm-01,0,interactive-v1,False,65536,48000,64,/Users/christiankauten/Documents/Projects/Rack/plugins/Fourier/.build/spec012/confirm-01-transitions/workload-0012-repeat-00.csv,eb596677f730011c561a5055fefa338b0847178dd10bfa557f6e1b10d96ce7ad,308fac7b8ab6aa19b856c77bb5c1ff9bb96b5ec7aabf1e0b57ea2613e2886cd9,3,hop-increase-middle,6656,7168,9215,published,-1,"{""alpha"": 0, ""hop"": 2048, ""n"": 2048, ""octave"": 0, ""rate"": 48000, ""window"": 8}",512,10.666666666666666,2559,53.3125
3aeff8d50243a034,m1-pro-16gb-local,ba4913ffc3c0811738b90aeadfe1f586aab8d22505b4309256a082c360bfa4cb,pffft-hybrid-float,float,spec012-confirm-01,0,interactive-v1,False,65536,48000,64,/Users/christiankauten/Documents/Projects/Rack/plugins/Fourier/.build/spec012/confirm-01-transitions/workload-0012-repeat-00.csv,eb596677f730011c561a5055fefa338b0847178dd10bfa557f6e1b10d96ce7ad,308fac7b8ab6aa19b856c77bb5c1ff9bb96b5ec7aabf1e0b57ea2613e2886cd9,4,window-late,11262,11264,13311,published,-1,"{""alpha"": 0, ""hop"": 2048, ""n"": 2048, ""octave"": 0, ""rate"": 48000, ""window"": 11}",2,0.041666666666666664,2049,42.6875
3aeff8d50243a034,m1-pro-16gb-local,ba4913ffc3c0811738b90aeadfe1f586aab8d22505b4309256a082c360bfa4cb,pffft-hybrid-float,float,spec012-confirm-01,0,interactive-v1,False,65536,48000,64,/Users/christiankauten/Documents/Projects/Rack/plugins/Fourier/.build/spec012/confirm-01-transitions/workload-0012-repeat-00.csv,eb596677f730011c561a5055fefa338b0847178dd10bfa557f6e1b10d96ce7ad,308fac7b8ab6aa19b856c77bb5c1ff9bb96b5ec7aabf1e0b57ea2613e2886cd9,5,smoothing-before-publication,13311,13312,15359,published,-1,"{""alpha"": 0.800000011920929, ""hop"": 2048, ""n"": 2048, ""octave"": 0.3333333432674408, ""rate"": 48000, ""window"": 11}",1,0.020833333333333332,2048,42.666666666666664
3aeff8d50243a034,m1-pro-16gb-local,ba4913ffc3c0811738b90aeadfe1f586aab8d22505b4309256a082c360bfa4cb,pffft-hybrid-float,float,spec012-confirm-01,0,interactive-v1,False,65536,48000,64,/Users/christiankauten/Documents/Projects/Rack/plugins/Fourier/.build/spec012/confirm-01-transitions/workload-0012-repeat-00.csv,eb596677f730011c561a5055fefa338b0847178dd10bfa557f6e1b10d96ce7ad,308fac7b8ab6aa19b856c77bb5c1ff9bb96b5ec7aabf1e0b57ea2613e2886cd9,6,no-op-boundary,15360,15360,17407,published,-1,"{""alpha"": 0.800000011920929, ""hop"": 2048, ""n"": 2048, ""octave"": 0.3333333432674408, ""rate"": 48000, ""window"": 11}",0,0.0,2047,42.645833333333336
3aeff8d50243a034,m1-pro-16gb-local,ba4913ffc3c0811738b90aeadfe1f586aab8d22505b4309256a082c360bfa4cb,pffft-hybrid-float,float,spec012-confirm-01,0,interactive-v1,False,65536,48000,64,/Users/christiankauten/Documents/Projects/Rack/plugins/Fourier/.build/spec012/confirm-01-transitions/workload-0012-repeat-00.csv,eb596677f730011c561a5055fefa338b0847178dd10bfa557f6e1b10d96ce7ad,308fac7b8ab6aa19b856c77bb5c1ff9bb96b5ec7aabf1e0b57ea2613e2886cd9,7,replace-pending-first,17409,-1,-1,replaced,8,"{""alpha"": 0.800000011920929, ""hop"": 2048, ""n"": 2048, ""octave"": 0.3333333432674408, ""rate"": 48000, ""window"": 8}",,,,
3aeff8d50243a034,m1-pro-16gb-local,ba4913ffc3c0811738b90aeadfe1f586aab8d22505b4309256a082c360bfa4cb,pffft-hybrid-float,float,spec012-confirm-01,0,interactive-v1,False,65536,48000,64,/Users/christiankauten/Documents/Projects/Rack/plugins/Fourier/.build/spec012/confirm-01-transitions/workload-0012-repeat-00.csv,eb596677f730011c561a5055fefa338b0847178dd10bfa557f6e1b10d96ce7ad,308fac7b8ab6aa19b856c77bb5c1ff9bb96b5ec7aabf1e0b57ea2613e2886cd9,8,replace-pending-last,17410,19456,21503,published,-1,"{""alpha"": 0, ""hop"": 2048, ""n"": 2048, ""octave"": 0.3333333432674408, ""rate"": 48000, ""window"": 8}",2046,42.625,4093,85.27083333333333
3aeff8d50243a034,m1-pro-16gb-local,ba4913ffc3c0811738b90aeadfe1f586aab8d22505b4309256a082c360bfa4cb,pffft-hybrid-float,float,spec012-confirm-01,0,interactive-v1,False,65536,48000,64,/Users/christiankauten/Documents/Projects/Rack/plugins/Fourier/.build/spec012/confirm-01-transitions/workload-0012-repeat-00.csv,eb596677f730011c561a5055fefa338b0847178dd10bfa557f6e1b10d96ce7ad,308fac7b8ab6aa19b856c77bb5c1ff9bb96b5ec7aabf1e0b57ea2613e2886cd9,9,hop-decrease-boundary,21504,21504,22015,published,-1,"{""alpha"": 0, ""hop"": 512, ""n"": 2048, ""octave"": 0.3333333432674408, ""rate"": 48000, ""window"": 8}",0,0.0,511,10.645833333333334
3aeff8d50243a034,m1-pro-16gb-local,ba4913ffc3c0811738b90aeadfe1f586aab8d22505b4309256a082c360bfa4cb,pffft-hybrid-float,float,spec012-confirm-01,0,interactive-v1,False,65536,48000,64,/Users/christiankauten/Documents/Projects/Rack/plugins/Fourier/.build/spec012/confirm-01-transitions/workload-0012-repeat-00.csv,eb596677f730011c561a5055fefa338b0847178dd10bfa557f6e1b10d96ce7ad,308fac7b8ab6aa19b856c77bb5c1ff9bb96b5ec7aabf1e0b57ea2613e2886cd9,10,smoothing-disable,23553,24064,24575,published,-1,"{""alpha"": 0, ""hop"": 512, ""n"": 2048, ""octave"": 0, ""rate"": 48000, ""window"": 8}",511,10.645833333333334,1022,21.291666666666668
3aeff8d50243a034,m1-pro-16gb-local,ba4913ffc3c0811738b90aeadfe1f586aab8d22505b4309256a082c360bfa4cb,pffft-hybrid-float,float,spec012-confirm-01,0,interactive-v1,False,65536,48000,64,/Users/christiankauten/Documents/Projects/Rack/plugins/Fourier/.build/spec012/confirm-01-transitions/workload-0012-repeat-00.csv,eb596677f730011c561a5055fefa338b0847178dd10bfa557f6e1b10d96ce7ad,308fac7b8ab6aa19b856c77bb5c1ff9bb96b5ec7aabf1e0b57ea2613e2886cd9,11,horizon-no-response,65535,-1,-1,pending-no-response,-1,"{""alpha"": 0, ""hop"": 512, ""n"": 2048, ""octave"": 0, ""rate"": 48000, ""window"": 0}",,,,
3aeff8d50243a034,m1-pro-16gb-local,ba4913ffc3c0811738b90aeadfe1f586aab8d22505b4309256a082c360bfa4cb,pffft-hybrid-float,float,spec012-confirm-01,1,interactive-v1,False,65536,48000,64,/Users/christiankauten/Documents/Projects/Rack/plugins/Fourier/.build/spec012/confirm-01-transitions/workload-0012-repeat-01.csv,4f410e6ad15ddb330f263aa5ba6704c3d731af99aec2806ee4ce9cbdc465b0f6,308fac7b8ab6aa19b856c77bb5c1ff9bb96b5ec7aabf1e0b57ea2613e2886cd9,1,length-increase-boundary,2048,2048,3071,published,-1,"{""alpha"": 0, ""hop"": 1024, ""n"": 16384, ""octave"": 0, ""rate"": 48000, ""window"": 8}",0,0.0,1023,21.3125
3aeff8d50243a034,m1-pro-16gb-local,ba4913ffc3c0811738b90aeadfe1f586aab8d22505b4309256a082c360bfa4cb,pffft-hybrid-float,float,spec012-confirm-01,1,interactive-v1,False,65536,48000,64,/Users/christiankauten/Documents/Projects/Rack/plugins/Fourier/.build/spec012/confirm-01-transitions/workload-0012-repeat-01.csv,4f410e6ad15ddb330f263aa5ba6704c3d731af99aec2806ee4ce9cbdc465b0f6,308fac7b8ab6aa19b856c77bb5c1ff9bb96b5ec7aabf1e0b57ea2613e2886cd9,2,length-decrease-early,4097,5120,6143,published,-1,"{""alpha"": 0, ""hop"": 1024, ""n"": 2048, ""octave"": 0, ""rate"": 48000, ""window"": 8}",1023,21.3125,2046,42.625
3aeff8d50243a034,m1-pro-16gb-local,ba4913ffc3c0811738b90aeadfe1f586aab8d22505b4309256a082c360bfa4cb,pffft-hybrid-float,float,spec012-confirm-01,1,interactive-v1,False,65536,48000,64,/Users/christiankauten/Documents/Projects/Rack/plugins/Fourier/.build/spec012/confirm-01-transitions/workload-0012-repeat-01.csv,4f410e6ad15ddb330f263aa5ba6704c3d731af99aec2806ee4ce9cbdc465b0f6,308fac7b8ab6aa19b856c77bb5c1ff9bb96b5ec7aabf1e0b57ea2613e2886cd9,3,hop-increase-middle,6656,7168,9215,published,-1,"{""alpha"": 0, ""hop"": 2048, ""n"": 2048, ""octave"": 0, ""rate"": 48000, ""window"": 8}",512,10.666666666666666,2559,53.3125
3aeff8d50243a034,m1-pro-16gb-local,ba4913ffc3c0811738b90aeadfe1f586aab8d22505b4309256a082c360bfa4cb,pffft-hybrid-float,float,spec012-confirm-01,1,interactive-v1,False,65536,48000,64,/Users/christiankauten/Documents/Projects/Rack/plugins/Fourier/.build/spec012/confirm-01-transitions/workload-0012-repeat-01.csv,4f410e6ad15ddb330f263aa5ba6704c3d731af99aec2806ee4ce9cbdc465b0f6,308fac7b8ab6aa19b856c77bb5c1ff9bb96b5ec7aabf1e0b57ea2613e2886cd9,4,window-late,11262,11264,13311,published,-1,"{""alpha"": 0, ""hop"": 2048, ""n"": 2048, ""octave"": 0, ""rate"": 48000, ""window"": 11}",2,0.041666666666666664,2049,42.6875
3aeff8d50243a034,m1-pro-16gb-local,ba4913ffc3c0811738b90aeadfe1f586aab8d22505b4309256a082c360bfa4cb,pffft-hybrid-float,float,spec012-confirm-01,1,interactive-v1,False,65536,48000,64,/Users/christiankauten/Documents/Projects/Rack/plugins/Fourier/.build/spec012/confirm-01-transitions/workload-0012-repeat-01.csv,4f410e6ad15ddb330f263aa5ba6704c3d731af99aec2806ee4ce9cbdc465b0f6,308fac7b8ab6aa19b856c77bb5c1ff9bb96b5ec7aabf1e0b57ea2613e2886cd9,5,smoothing-before-publication,13311,13312,15359,published,-1,"{""alpha"": 0.800000011920929, ""hop"": 2048, ""n"": 2048, ""octave"": 0.3333333432674408, ""rate"": 48000, ""window"": 11}",1,0.020833333333333332,2048,42.666666666666664
3aeff8d50243a034,m1-pro-16gb-local,ba4913ffc3c0811738b90aeadfe1f586aab8d22505b4309256a082c360bfa4cb,pffft-hybrid-float,float,spec012-confirm-01,1,interactive-v1,False,65536,48000,64,/Users/christiankauten/Documents/Projects/Rack/plugins/Fourier/.build/spec012/confirm-01-transitions/workload-0012-repeat-01.csv,4f410e6ad15ddb330f263aa5ba6704c3d731af99aec2806ee4ce9cbdc465b0f6,308fac7b8ab6aa19b856c77bb5c1ff9bb96b5ec7aabf1e0b57ea2613e2886cd9,6,no-op-boundary,15360,15360,17407,published,-1,"{""alpha"": 0.800000011920929, ""hop"": 2048, ""n"": 2048, ""octave"": 0.3333333432674408, ""rate"": 48000, ""window"": 11}",0,0.0,2047,42.645833333333336
3aeff8d50243a034,m1-pro-16gb-local,ba4913ffc3c0811738b90aeadfe1f586aab8d22505b4309256a082c360bfa4cb,pffft-hybrid-float,float,spec012-confirm-01,1,interactive-v1,False,65536,48000,64,/Users/christiankauten/Documents/Projects/Rack/plugins/Fourier/.build/spec012/confirm-01-transitions/workload-0012-repeat-01.csv,4f410e6ad15ddb330f263aa5ba6704c3d731af99aec2806ee4ce9cbdc465b0f6,308fac7b8ab6aa19b856c77bb5c1ff9bb96b5ec7aabf1e0b57ea2613e2886cd9,7,replace-pending-first,17409,-1,-1,replaced,8,"{""alpha"": 0.800000011920929, ""hop"": 2048, ""n"": 2048, ""octave"": 0.3333333432674408, ""rate"": 48000, ""window"": 8}",,,,
3aeff8d50243a034,m1-pro-16gb-local,ba4913ffc3c0811738b90aeadfe1f586aab8d22505b4309256a082c360bfa4cb,pffft-hybrid-float,float,spec012-confirm-01,1,interactive-v1,False,65536,48000,64,/Users/christiankauten/Documents/Projects/Rack/plugins/Fourier/.build/spec012/confirm-01-transitions/workload-0012-repeat-01.csv,4f410e6ad15ddb330f263aa5ba6704c3d731af99aec2806ee4ce9cbdc465b0f6,308fac7b8ab6aa19b856c77bb5c1ff9bb96b5ec7aabf1e0b57ea2613e2886cd9,8,replace-pending-last,17410,19456,21503,published,-1,"{""alpha"": 0, ""hop"": 2048, ""n"": 2048, ""octave"": 0.3333333432674408, ""rate"": 48000, ""window"": 8}",2046,42.625,4093,85.27083333333333
3aeff8d50243a034,m1-pro-16gb-local,ba4913ffc3c0811738b90aeadfe1f586aab8d22505b4309256a082c360bfa4cb,pffft-hybrid-float,float,spec012-confirm-01,1,interactive-v1,False,65536,48000,64,/Users/christiankauten/Documents/Projects/Rack/plugins/Fourier/.build/spec012/confirm-01-transitions/workload-0012-repeat-01.csv,4f410e6ad15ddb330f263aa5ba6704c3d731af99aec2806ee4ce9cbdc465b0f6,308fac7b8ab6aa19b856c77bb5c1ff9bb96b5ec7aabf1e0b57ea2613e2886cd9,9,hop-decrease-boundary,21504,21504,22015,published,-1,"{""alpha"": 0, ""hop"": 512, ""n"": 2048, ""octave"": 0.3333333432674408, ""rate"": 48000, ""window"": 8}",0,0.0,511,10.645833333333334
3aeff8d50243a034,m1-pro-16gb-local,ba4913ffc3c0811738b90aeadfe1f586aab8d22505b4309256a082c360bfa4cb,pffft-hybrid-float,float,spec012-confirm-01,1,interactive-v1,False,65536,48000,64,/Users/christiankauten/Documents/Projects/Rack/plugins/Fourier/.build/spec012/confirm-01-transitions/workload-0012-repeat-01.csv,4f410e6ad15ddb330f263aa5ba6704c3d731af99aec2806ee4ce9cbdc465b0f6,308fac7b8ab6aa19b856c77bb5c1ff9bb96b5ec7aabf1e0b57ea2613e2886cd9,10,smoothing-disable,23553,24064,24575,published,-1,"{""alpha"": 0, ""hop"": 512, ""n"": 2048, ""octave"": 0, ""rate"": 48000, ""window"": 8}",511,10.645833333333334,1022,21.291666666666668
3aeff8d50243a034,m1-pro-16gb-local,ba4913ffc3c0811738b90aeadfe1f586aab8d22505b4309256a082c360bfa4cb,pffft-hybrid-float,float,spec012-confirm-01,1,interactive-v1,False,65536,48000,64,/Users/christiankauten/Documents/Projects/Rack/plugins/Fourier/.build/spec012/confirm-01-transitions/workload-0012-repeat-01.csv,4f410e6ad15ddb330f263aa5ba6704c3d731af99aec2806ee4ce9cbdc465b0f6,308fac7b8ab6aa19b856c77bb5c1ff9bb96b5ec7aabf1e0b57ea2613e2886cd9,11,horizon-no-response,65535,-1,-1,pending-no-response,-1,"{""alpha"": 0, ""hop"": 512, ""n"": 2048, ""octave"": 0, ""rate"": 48000, ""window"": 0}",,,,
3aeff8d50243a034,m1-pro-16gb-local,ba4913ffc3c0811738b90aeadfe1f586aab8d22505b4309256a082c360bfa4cb,pffft-hybrid-float,float,spec012-confirm-01,2,interactive-v1,False,65536,48000,64,/Users/christiankauten/Documents/Projects/Rack/plugins/Fourier/.build/spec012/confirm-01-transitions/workload-0012-repeat-02.csv,554daea3d2a609c846b611a4a48f21dcf5e9bf09e292c3add19817f342ae16a3,308fac7b8ab6aa19b856c77bb5c1ff9bb96b5ec7aabf1e0b57ea2613e2886cd9,1,length-increase-boundary,2048,2048,3071,published,-1,"{""alpha"": 0, ""hop"": 1024, ""n"": 16384, ""octave"": 0, ""rate"": 48000, ""window"": 8}",0,0.0,1023,21.3125
3aeff8d50243a034,m1-pro-16gb-local,ba4913ffc3c0811738b90aeadfe1f586aab8d22505b4309256a082c360bfa4cb,pffft-hybrid-float,float,spec012-confirm-01,2,interactive-v1,False,65536,48000,64,/Users/christiankauten/Documents/Projects/Rack/plugins/Fourier/.build/spec012/confirm-01-transitions/workload-0012-repeat-02.csv,554daea3d2a609c846b611a4a48f21dcf5e9bf09e292c3add19817f342ae16a3,308fac7b8ab6aa19b856c77bb5c1ff9bb96b5ec7aabf1e0b57ea2613e2886cd9,2,length-decrease-early,4097,5120,6143,published,-1,"{""alpha"": 0, ""hop"": 1024, ""n"": 2048, ""octave"": 0, ""rate"": 48000, ""window"": 8}",1023,21.3125,2046,42.625
3aeff8d50243a034,m1-pro-16gb-local,ba4913ffc3c0811738b90aeadfe1f586aab8d22505b4309256a082c360bfa4cb,pffft-hybrid-float,float,spec012-confirm-01,2,interactive-v1,False,65536,48000,64,/Users/christiankauten/Documents/Projects/Rack/plugins/Fourier/.build/spec012/confirm-01-transitions/workload-0012-repeat-02.csv,554daea3d2a609c846b611a4a48f21dcf5e9bf09e292c3add19817f342ae16a3,308fac7b8ab6aa19b856c77bb5c1ff9bb96b5ec7aabf1e0b57ea2613e2886cd9,3,hop-increase-middle,6656,7168,9215,published,-1,"{""alpha"": 0, ""hop"": 2048, ""n"": 2048, ""octave"": 0, ""rate"": 48000, ""window"": 8}",512,10.666666666666666,2559,53.3125
3aeff8d50243a034,m1-pro-16gb-local,ba4913ffc3c0811738b90aeadfe1f586aab8d22505b4309256a082c360bfa4cb,pffft-hybrid-float,float,spec012-confirm-01,2,interactive-v1,False,65536,48000,64,/Users/christiankauten/Documents/Projects/Rack/plugins/Fourier/.build/spec012/confirm-01-transitions/workload-0012-repeat-02.csv,554daea3d2a609c846b611a4a48f21dcf5e9bf09e292c3add19817f342ae16a3,308fac7b8ab6aa19b856c77bb5c1ff9bb96b5ec7aabf1e0b57ea2613e2886cd9,4,window-late,11262,11264,13311,published,-1,"{""alpha"": 0, ""hop"": 2048, ""n"": 2048, ""octave"": 0, ""rate"": 48000, ""window"": 11}",2,0.041666666666666664,2049,42.6875
3aeff8d50243a034,m1-pro-16gb-local,ba4913ffc3c0811738b90aeadfe1f586aab8d22505b4309256a082c360bfa4cb,pffft-hybrid-float,float,spec012-confirm-01,2,interactive-v1,False,65536,48000,64,/Users/christiankauten/Documents/Projects/Rack/plugins/Fourier/.build/spec012/confirm-01-transitions/workload-0012-repeat-02.csv,554daea3d2a609c846b611a4a48f21dcf5e9bf09e292c3add19817f342ae16a3,308fac7b8ab6aa19b856c77bb5c1ff9bb96b5ec7aabf1e0b57ea2613e2886cd9,5,smoothing-before-publication,13311,13312,15359,published,-1,"{""alpha"": 0.800000011920929, ""hop"": 2048, ""n"": 2048, ""octave"": 0.3333333432674408, ""rate"": 48000, ""window"": 11}",1,0.020833333333333332,2048,42.666666666666664
3aeff8d50243a034,m1-pro-16gb-local,ba4913ffc3c0811738b90aeadfe1f586aab8d22505b4309256a082c360bfa4cb,pffft-hybrid-float,float,spec012-confirm-01,2,interactive-v1,False,65536,48000,64,/Users/christiankauten/Documents/Projects/Rack/plugins/Fourier/.build/spec012/confirm-01-transitions/workload-0012-repeat-02.csv,554daea3d2a609c846b611a4a48f21dcf5e9bf09e292c3add19817f342ae16a3,308fac7b8ab6aa19b856c77bb5c1ff9bb96b5ec7aabf1e0b57ea2613e2886cd9,6,no-op-boundary,15360,15360,17407,published,-1,"{""alpha"": 0.800000011920929, ""hop"": 2048, ""n"": 2048, ""octave"": 0.3333333432674408, ""rate"": 48000, ""window"": 11}",0,0.0,2047,42.645833333333336
3aeff8d50243a034,m1-pro-16gb-local,ba4913ffc3c0811738b90aeadfe1f586aab8d22505b4309256a082c360bfa4cb,pffft-hybrid-float,float,spec012-confirm-01,2,interactive-v1,False,65536,48000,64,/Users/christiankauten/Documents/Projects/Rack/plugins/Fourier/.build/spec012/confirm-01-transitions/workload-0012-repeat-02.csv,554daea3d2a609c846b611a4a48f21dcf5e9bf09e292c3add19817f342ae16a3,308fac7b8ab6aa19b856c77bb5c1ff9bb96b5ec7aabf1e0b57ea2613e2886cd9,7,replace-pending-first,17409,-1,-1,replaced,8,"{""alpha"": 0.800000011920929, ""hop"": 2048, ""n"": 2048, ""octave"": 0.3333333432674408, ""rate"": 48000, ""window"": 8}",,,,
3aeff8d50243a034,m1-pro-16gb-local,ba4913ffc3c0811738b90aeadfe1f586aab8d22505b4309256a082c360bfa4cb,pffft-hybrid-float,float,spec012-confirm-01,2,interactive-v1,False,65536,48000,64,/Users/christiankauten/Documents/Projects/Rack/plugins/Fourier/.build/spec012/confirm-01-transitions/workload-0012-repeat-02.csv,554daea3d2a609c846b611a4a48f21dcf5e9bf09e292c3add19817f342ae16a3,308fac7b8ab6aa19b856c77bb5c1ff9bb96b5ec7aabf1e0b57ea2613e2886cd9,8,replace-pending-last,17410,19456,21503,published,-1,"{""alpha"": 0, ""hop"": 2048, ""n"": 2048, ""octave"": 0.3333333432674408, ""rate"": 48000, ""window"": 8}",2046,42.625,4093,85.27083333333333
3aeff8d50243a034,m1-pro-16gb-local,ba4913ffc3c0811738b90aeadfe1f586aab8d22505b4309256a082c360bfa4cb,pffft-hybrid-float,float,spec012-confirm-01,2,interactive-v1,False,65536,48000,64,/Users/christiankauten/Documents/Projects/Rack/plugins/Fourier/.build/spec012/confirm-01-transitions/workload-0012-repeat-02.csv,554daea3d2a609c846b611a4a48f21dcf5e9bf09e292c3add19817f342ae16a3,308fac7b8ab6aa19b856c77bb5c1ff9bb96b5ec7aabf1e0b57ea2613e2886cd9,9,hop-decrease-boundary,21504,21504,22015,published,-1,"{""alpha"": 0, ""hop"": 512, ""n"": 2048, ""octave"": 0.3333333432674408, ""rate"": 48000, ""window"": 8}",0,0.0,511,10.645833333333334
3aeff8d50243a034,m1-pro-16gb-local,ba4913ffc3c0811738b90aeadfe1f586aab8d22505b4309256a082c360bfa4cb,pffft-hybrid-float,float,spec012-confirm-01,2,interactive-v1,False,65536,48000,64,/Users/christiankauten/Documents/Projects/Rack/plugins/Fourier/.build/spec012/confirm-01-transitions/workload-0012-repeat-02.csv,554daea3d2a609c846b611a4a48f21dcf5e9bf09e292c3add19817f342ae16a3,308fac7b8ab6aa19b856c77bb5c1ff9bb96b5ec7aabf1e0b57ea2613e2886cd9,10,smoothing-disable,23553,24064,24575,published,-1,"{""alpha"": 0, ""hop"": 512, ""n"": 2048, ""octave"": 0, ""rate"": 48000, ""window"": 8}",511,10.645833333333334,1022,21.291666666666668
3aeff8d50243a034,m1-pro-16gb-local,ba4913ffc3c0811738b90aeadfe1f586aab8d22505b4309256a082c360bfa4cb,pffft-hybrid-float,float,spec012-confirm-01,2,interactive-v1,False,65536,48000,64,/Users/christiankauten/Documents/Projects/Rack/plugins/Fourier/.build/spec012/confirm-01-transitions/workload-0012-repeat-02.csv,554daea3d2a609c846b611a4a48f21dcf5e9bf09e292c3add19817f342ae16a3,308fac7b8ab6aa19b856c77bb5c1ff9bb96b5ec7aabf1e0b57ea2613e2886cd9,11,horizon-no-response,65535,-1,-1,pending-no-response,-1,"{""alpha"": 0, ""hop"": 512, ""n"": 2048, ""octave"": 0, ""rate"": 48000, ""window"": 0}",,,,
3aeff8d50243a034,m1-pro-16gb-local,ba4913ffc3c0811738b90aeadfe1f586aab8d22505b4309256a082c360bfa4cb,pffft-hybrid-float,float,spec012-confirm-02,0,interactive-v1,False,65536,48000,64,/Users/christiankauten/Documents/Projects/Rack/plugins/Fourier/.build/spec012/confirm-02-transitions/workload-0012-repeat-00.csv,d252cead4c94923e4ef6a2cc8254faa642431bb3840d4e8530026993e09ec954,308fac7b8ab6aa19b856c77bb5c1ff9bb96b5ec7aabf1e0b57ea2613e2886cd9,1,length-increase-boundary,2048,2048,3071,published,-1,"{""alpha"": 0, ""hop"": 1024, ""n"": 16384, ""octave"": 0, ""rate"": 48000, ""window"": 8}",0,0.0,1023,21.3125
3aeff8d50243a034,m1-pro-16gb-local,ba4913ffc3c0811738b90aeadfe1f586aab8d22505b4309256a082c360bfa4cb,pffft-hybrid-float,float,spec012-confirm-02,0,interactive-v1,False,65536,48000,64,/Users/christiankauten/Documents/Projects/Rack/plugins/Fourier/.build/spec012/confirm-02-transitions/workload-0012-repeat-00.csv,d252cead4c94923e4ef6a2cc8254faa642431bb3840d4e8530026993e09ec954,308fac7b8ab6aa19b856c77bb5c1ff9bb96b5ec7aabf1e0b57ea2613e2886cd9,2,length-decrease-early,4097,5120,6143,published,-1,"{""alpha"": 0, ""hop"": 1024, ""n"": 2048, ""octave"": 0, ""rate"": 48000, ""window"": 8}",1023,21.3125,2046,42.625
3aeff8d50243a034,m1-pro-16gb-local,ba4913ffc3c0811738b90aeadfe1f586aab8d22505b4309256a082c360bfa4cb,pffft-hybrid-float,float,spec012-confirm-02,0,interactive-v1,False,65536,48000,64,/Users/christiankauten/Documents/Projects/Rack/plugins/Fourier/.build/spec012/confirm-02-transitions/workload-0012-repeat-00.csv,d252cead4c94923e4ef6a2cc8254faa642431bb3840d4e8530026993e09ec954,308fac7b8ab6aa19b856c77bb5c1ff9bb96b5ec7aabf1e0b57ea2613e2886cd9,3,hop-increase-middle,6656,7168,9215,published,-1,"{""alpha"": 0, ""hop"": 2048, ""n"": 2048, ""octave"": 0, ""rate"": 48000, ""window"": 8}",512,10.666666666666666,2559,53.3125
3aeff8d50243a034,m1-pro-16gb-local,ba4913ffc3c0811738b90aeadfe1f586aab8d22505b4309256a082c360bfa4cb,pffft-hybrid-float,float,spec012-confirm-02,0,interactive-v1,False,65536,48000,64,/Users/christiankauten/Documents/Projects/Rack/plugins/Fourier/.build/spec012/confirm-02-transitions/workload-0012-repeat-00.csv,d252cead4c94923e4ef6a2cc8254faa642431bb3840d4e8530026993e09ec954,308fac7b8ab6aa19b856c77bb5c1ff9bb96b5ec7aabf1e0b57ea2613e2886cd9,4,window-late,11262,11264,13311,published,-1,"{""alpha"": 0, ""hop"": 2048, ""n"": 2048, ""octave"": 0, ""rate"": 48000, ""window"": 11}",2,0.041666666666666664,2049,42.6875
3aeff8d50243a034,m1-pro-16gb-local,ba4913ffc3c0811738b90aeadfe1f586aab8d22505b4309256a082c360bfa4cb,pffft-hybrid-float,float,spec012-confirm-02,0,interactive-v1,False,65536,48000,64,/Users/christiankauten/Documents/Projects/Rack/plugins/Fourier/.build/spec012/confirm-02-transitions/workload-0012-repeat-00.csv,d252cead4c94923e4ef6a2cc8254faa642431bb3840d4e8530026993e09ec954,308fac7b8ab6aa19b856c77bb5c1ff9bb96b5ec7aabf1e0b57ea2613e2886cd9,5,smoothing-before-publication,13311,13312,15359,published,-1,"{""alpha"": 0.800000011920929, ""hop"": 2048, ""n"": 2048, ""octave"": 0.3333333432674408, ""rate"": 48000, ""window"": 11}",1,0.020833333333333332,2048,42.666666666666664
3aeff8d50243a034,m1-pro-16gb-local,ba4913ffc3c0811738b90aeadfe1f586aab8d22505b4309256a082c360bfa4cb,pffft-hybrid-float,float,spec012-confirm-02,0,interactive-v1,False,65536,48000,64,/Users/christiankauten/Documents/Projects/Rack/plugins/Fourier/.build/spec012/confirm-02-transitions/workload-0012-repeat-00.csv,d252cead4c94923e4ef6a2cc8254faa642431bb3840d4e8530026993e09ec954,308fac7b8ab6aa19b856c77bb5c1ff9bb96b5ec7aabf1e0b57ea2613e2886cd9,6,no-op-boundary,15360,15360,17407,published,-1,"{""alpha"": 0.800000011920929, ""hop"": 2048, ""n"": 2048, ""octave"": 0.3333333432674408, ""rate"": 48000, ""window"": 11}",0,0.0,2047,42.645833333333336
3aeff8d50243a034,m1-pro-16gb-local,ba4913ffc3c0811738b90aeadfe1f586aab8d22505b4309256a082c360bfa4cb,pffft-hybrid-float,float,spec012-confirm-02,0,interactive-v1,False,65536,48000,64,/Users/christiankauten/Documents/Projects/Rack/plugins/Fourier/.build/spec012/confirm-02-transitions/workload-0012-repeat-00.csv,d252cead4c94923e4ef6a2cc8254faa642431bb3840d4e8530026993e09ec954,308fac7b8ab6aa19b856c77bb5c1ff9bb96b5ec7aabf1e0b57ea2613e2886cd9,7,replace-pending-first,17409,-1,-1,replaced,8,"{""alpha"": 0.800000011920929, ""hop"": 2048, ""n"": 2048, ""octave"": 0.3333333432674408, ""rate"": 48000, ""window"": 8}",,,,
3aeff8d50243a034,m1-pro-16gb-local,ba4913ffc3c0811738b90aeadfe1f586aab8d22505b4309256a082c360bfa4cb,pffft-hybrid-float,float,spec012-confirm-02,0,interactive-v1,False,65536,48000,64,/Users/christiankauten/Documents/Projects/Rack/plugins/Fourier/.build/spec012/confirm-02-transitions/workload-0012-repeat-00.csv,d252cead4c94923e4ef6a2cc8254faa642431bb3840d4e8530026993e09ec954,308fac7b8ab6aa19b856c77bb5c1ff9bb96b5ec7aabf1e0b57ea2613e2886cd9,8,replace-pending-last,17410,19456,21503,published,-1,"{""alpha"": 0, ""hop"": 2048, ""n"": 2048, ""octave"": 0.3333333432674408, ""rate"": 48000, ""window"": 8}",2046,42.625,4093,85.27083333333333
3aeff8d50243a034,m1-pro-16gb-local,ba4913ffc3c0811738b90aeadfe1f586aab8d22505b4309256a082c360bfa4cb,pffft-hybrid-float,float,spec012-confirm-02,0,interactive-v1,False,65536,48000,64,/Users/christiankauten/Documents/Projects/Rack/plugins/Fourier/.build/spec012/confirm-02-transitions/workload-0012-repeat-00.csv,d252cead4c94923e4ef6a2cc8254faa642431bb3840d4e8530026993e09ec954,308fac7b8ab6aa19b856c77bb5c1ff9bb96b5ec7aabf1e0b57ea2613e2886cd9,9,hop-decrease-boundary,21504,21504,22015,published,-1,"{""alpha"": 0, ""hop"": 512, ""n"": 2048, ""octave"": 0.3333333432674408, ""rate"": 48000, ""window"": 8}",0,0.0,511,10.645833333333334
3aeff8d50243a034,m1-pro-16gb-local,ba4913ffc3c0811738b90aeadfe1f586aab8d22505b4309256a082c360bfa4cb,pffft-hybrid-float,float,spec012-confirm-02,0,interactive-v1,False,65536,48000,64,/Users/christiankauten/Documents/Projects/Rack/plugins/Fourier/.build/spec012/confirm-02-transitions/workload-0012-repeat-00.csv,d252cead4c94923e4ef6a2cc8254faa642431bb3840d4e8530026993e09ec954,308fac7b8ab6aa19b856c77bb5c1ff9bb96b5ec7aabf1e0b57ea2613e2886cd9,10,smoothing-disable,23553,24064,24575,published,-1,"{""alpha"": 0, ""hop"": 512, ""n"": 2048, ""octave"": 0, ""rate"": 48000, ""window"": 8}",511,10.645833333333334,1022,21.291666666666668
3aeff8d50243a034,m1-pro-16gb-local,ba4913ffc3c0811738b90aeadfe1f586aab8d22505b4309256a082c360bfa4cb,pffft-hybrid-float,float,spec012-confirm-02,0,interactive-v1,False,65536,48000,64,/Users/christiankauten/Documents/Projects/Rack/plugins/Fourier/.build/spec012/confirm-02-transitions/workload-0012-repeat-00.csv,d252cead4c94923e4ef6a2cc8254faa642431bb3840d4e8530026993e09ec954,308fac7b8ab6aa19b856c77bb5c1ff9bb96b5ec7aabf1e0b57ea2613e2886cd9,11,horizon-no-response,65535,-1,-1,pending-no-response,-1,"{""alpha"": 0, ""hop"": 512, ""n"": 2048, ""octave"": 0, ""rate"": 48000, ""window"": 0}",,,,
3aeff8d50243a034,m1-pro-16gb-local,ba4913ffc3c0811738b90aeadfe1f586aab8d22505b4309256a082c360bfa4cb,pffft-hybrid-float,float,spec012-confirm-02,1,interactive-v1,False,65536,48000,64,/Users/christiankauten/Documents/Projects/Rack/plugins/Fourier/.build/spec012/confirm-02-transitions/workload-0012-repeat-01.csv,79dad35a9fd763ea0a52e3ce6871ca0e7ff5f803e397f361c711d787c298ab46,308fac7b8ab6aa19b856c77bb5c1ff9bb96b5ec7aabf1e0b57ea2613e2886cd9,1,length-increase-boundary,2048,2048,3071,published,-1,"{""alpha"": 0, ""hop"": 1024, ""n"": 16384, ""octave"": 0, ""rate"": 48000, ""window"": 8}",0,0.0,1023,21.3125
3aeff8d50243a034,m1-pro-16gb-local,ba4913ffc3c0811738b90aeadfe1f586aab8d22505b4309256a082c360bfa4cb,pffft-hybrid-float,float,spec012-confirm-02,1,interactive-v1,False,65536,48000,64,/Users/christiankauten/Documents/Projects/Rack/plugins/Fourier/.build/spec012/confirm-02-transitions/workload-0012-repeat-01.csv,79dad35a9fd763ea0a52e3ce6871ca0e7ff5f803e397f361c711d787c298ab46,308fac7b8ab6aa19b856c77bb5c1ff9bb96b5ec7aabf1e0b57ea2613e2886cd9,2,length-decrease-early,4097,5120,6143,published,-1,"{""alpha"": 0, ""hop"": 1024, ""n"": 2048, ""octave"": 0, ""rate"": 48000, ""window"": 8}",1023,21.3125,2046,42.625
3aeff8d50243a034,m1-pro-16gb-local,ba4913ffc3c0811738b90aeadfe1f586aab8d22505b4309256a082c360bfa4cb,pffft-hybrid-float,float,spec012-confirm-02,1,interactive-v1,False,65536,48000,64,/Users/christiankauten/Documents/Projects/Rack/plugins/Fourier/.build/spec012/confirm-02-transitions/workload-0012-repeat-01.csv,79dad35a9fd763ea0a52e3ce6871ca0e7ff5f803e397f361c711d787c298ab46,308fac7b8ab6aa19b856c77bb5c1ff9bb96b5ec7aabf1e0b57ea2613e2886cd9,3,hop-increase-middle,6656,7168,9215,published,-1,"{""alpha"": 0, ""hop"": 2048, ""n"": 2048, ""octave"": 0, ""rate"": 48000, ""window"": 8}",512,10.666666666666666,2559,53.3125
3aeff8d50243a034,m1-pro-16gb-local,ba4913ffc3c0811738b90aeadfe1f586aab8d22505b4309256a082c360bfa4cb,pffft-hybrid-float,float,spec012-confirm-02,1,interactive-v1,False,65536,48000,64,/Users/christiankauten/Documents/Projects/Rack/plugins/Fourier/.build/spec012/confirm-02-transitions/workload-0012-repeat-01.csv,79dad35a9fd763ea0a52e3ce6871ca0e7ff5f803e397f361c711d787c298ab46,308fac7b8ab6aa19b856c77bb5c1ff9bb96b5ec7aabf1e0b57ea2613e2886cd9,4,window-late,11262,11264,13311,published,-1,"{""alpha"": 0, ""hop"": 2048, ""n"": 2048, ""octave"": 0, ""rate"": 48000, ""window"": 11}",2,0.041666666666666664,2049,42.6875
3aeff8d50243a034,m1-pro-16gb-local,ba4913ffc3c0811738b90aeadfe1f586aab8d22505b4309256a082c360bfa4cb,pffft-hybrid-float,float,spec012-confirm-02,1,interactive-v1,False,65536,48000,64,/Users/christiankauten/Documents/Projects/Rack/plugins/Fourier/.build/spec012/confirm-02-transitions/workload-0012-repeat-01.csv,79dad35a9fd763ea0a52e3ce6871ca0e7ff5f803e397f361c711d787c298ab46,308fac7b8ab6aa19b856c77bb5c1ff9bb96b5ec7aabf1e0b57ea2613e2886cd9,5,smoothing-before-publication,13311,13312,15359,published,-1,"{""alpha"": 0.800000011920929, ""hop"": 2048, ""n"": 2048, ""octave"": 0.3333333432674408, ""rate"": 48000, ""window"": 11}",1,0.020833333333333332,2048,42.666666666666664
3aeff8d50243a034,m1-pro-16gb-local,ba4913ffc3c0811738b90aeadfe1f586aab8d22505b4309256a082c360bfa4cb,pffft-hybrid-float,float,spec012-confirm-02,1,interactive-v1,False,65536,48000,64,/Users/christiankauten/Documents/Projects/Rack/plugins/Fourier/.build/spec012/confirm-02-transitions/workload-0012-repeat-01.csv,79dad35a9fd763ea0a52e3ce6871ca0e7ff5f803e397f361c711d787c298ab46,308fac7b8ab6aa19b856c77bb5c1ff9bb96b5ec7aabf1e0b57ea2613e2886cd9,6,no-op-boundary,15360,15360,17407,published,-1,"{""alpha"": 0.800000011920929, ""hop"": 2048, ""n"": 2048, ""octave"": 0.3333333432674408, ""rate"": 48000, ""window"": 11}",0,0.0,2047,42.645833333333336
3aeff8d50243a034,m1-pro-16gb-local,ba4913ffc3c0811738b90aeadfe1f586aab8d22505b4309256a082c360bfa4cb,pffft-hybrid-float,float,spec012-confirm-02,1,interactive-v1,False,65536,48000,64,/Users/christiankauten/Documents/Projects/Rack/plugins/Fourier/.build/spec012/confirm-02-transitions/workload-0012-repeat-01.csv,79dad35a9fd763ea0a52e3ce6871ca0e7ff5f803e397f361c711d787c298ab46,308fac7b8ab6aa19b856c77bb5c1ff9bb96b5ec7aabf1e0b57ea2613e2886cd9,7,replace-pending-first,17409,-1,-1,replaced,8,"{""alpha"": 0.800000011920929, ""hop"": 2048, ""n"": 2048, ""octave"": 0.3333333432674408, ""rate"": 48000, ""window"": 8}",,,,
3aeff8d50243a034,m1-pro-16gb-local,ba4913ffc3c0811738b90aeadfe1f586aab8d22505b4309256a082c360bfa4cb,pffft-hybrid-float,float,spec012-confirm-02,1,interactive-v1,False,65536,48000,64,/Users/christiankauten/Documents/Projects/Rack/plugins/Fourier/.build/spec012/confirm-02-transitions/workload-0012-repeat-01.csv,79dad35a9fd763ea0a52e3ce6871ca0e7ff5f803e397f361c711d787c298ab46,308fac7b8ab6aa19b856c77bb5c1ff9bb96b5ec7aabf1e0b57ea2613e2886cd9,8,replace-pending-last,17410,19456,21503,published,-1,"{""alpha"": 0, ""hop"": 2048, ""n"": 2048, ""octave"": 0.3333333432674408, ""rate"": 48000, ""window"": 8}",2046,42.625,4093,85.27083333333333
3aeff8d50243a034,m1-pro-16gb-local,ba4913ffc3c0811738b90aeadfe1f586aab8d22505b4309256a082c360bfa4cb,pffft-hybrid-float,float,spec012-confirm-02,1,interactive-v1,False,65536,48000,64,/Users/christiankauten/Documents/Projects/Rack/plugins/Fourier/.build/spec012/confirm-02-transitions/workload-0012-repeat-01.csv,79dad35a9fd763ea0a52e3ce6871ca0e7ff5f803e397f361c711d787c298ab46,308fac7b8ab6aa19b856c77bb5c1ff9bb96b5ec7aabf1e0b57ea2613e2886cd9,9,hop-decrease-boundary,21504,21504,22015,published,-1,"{""alpha"": 0, ""hop"": 512, ""n"": 2048, ""octave"": 0.3333333432674408, ""rate"": 48000, ""window"": 8}",0,0.0,511,10.645833333333334
3aeff8d50243a034,m1-pro-16gb-local,ba4913ffc3c0811738b90aeadfe1f586aab8d22505b4309256a082c360bfa4cb,pffft-hybrid-float,float,spec012-confirm-02,1,interactive-v1,False,65536,48000,64,/Users/christiankauten/Documents/Projects/Rack/plugins/Fourier/.build/spec012/confirm-02-transitions/workload-0012-repeat-01.csv,79dad35a9fd763ea0a52e3ce6871ca0e7ff5f803e397f361c711d787c298ab46,308fac7b8ab6aa19b856c77bb5c1ff9bb96b5ec7aabf1e0b57ea2613e2886cd9,10,smoothing-disable,23553,24064,24575,published,-1,"{""alpha"": 0, ""hop"": 512, ""n"": 2048, ""octave"": 0, ""rate"": 48000, ""window"": 8}",511,10.645833333333334,1022,21.291666666666668
3aeff8d50243a034,m1-pro-16gb-local,ba4913ffc3c0811738b90aeadfe1f586aab8d22505b4309256a082c360bfa4cb,pffft-hybrid-float,float,spec012-confirm-02,1,interactive-v1,False,65536,48000,64,/Users/christiankauten/Documents/Projects/Rack/plugins/Fourier/.build/spec012/confirm-02-transitions/workload-0012-repeat-01.csv,79dad35a9fd763ea0a52e3ce6871ca0e7ff5f803e397f361c711d787c298ab46,308fac7b8ab6aa19b856c77bb5c1ff9bb96b5ec7aabf1e0b57ea2613e2886cd9,11,horizon-no-response,65535,-1,-1,pending-no-response,-1,"{""alpha"": 0, ""hop"": 512, ""n"": 2048, ""octave"": 0, ""rate"": 48000, ""window"": 0}",,,,
3aeff8d50243a034,m1-pro-16gb-local,ba4913ffc3c0811738b90aeadfe1f586aab8d22505b4309256a082c360bfa4cb,pffft-hybrid-float,float,spec012-confirm-02,2,interactive-v1,False,65536,48000,64,/Users/christiankauten/Documents/Projects/Rack/plugins/Fourier/.build/spec012/confirm-02-transitions/workload-0012-repeat-02.csv,0efcc49fa971625646c82e6e857cc5acf0370a226856d0324f24ce8cad59c0f9,308fac7b8ab6aa19b856c77bb5c1ff9bb96b5ec7aabf1e0b57ea2613e2886cd9,1,length-increase-boundary,2048,2048,3071,published,-1,"{""alpha"": 0, ""hop"": 1024, ""n"": 16384, ""octave"": 0, ""rate"": 48000, ""window"": 8}",0,0.0,1023,21.3125
3aeff8d50243a034,m1-pro-16gb-local,ba4913ffc3c0811738b90aeadfe1f586aab8d22505b4309256a082c360bfa4cb,pffft-hybrid-float,float,spec012-confirm-02,2,interactive-v1,False,65536,48000,64,/Users/christiankauten/Documents/Projects/Rack/plugins/Fourier/.build/spec012/confirm-02-transitions/workload-0012-repeat-02.csv,0efcc49fa971625646c82e6e857cc5acf0370a226856d0324f24ce8cad59c0f9,308fac7b8ab6aa19b856c77bb5c1ff9bb96b5ec7aabf1e0b57ea2613e2886cd9,2,length-decrease-early,4097,5120,6143,published,-1,"{""alpha"": 0, ""hop"": 1024, ""n"": 2048, ""octave"": 0, ""rate"": 48000, ""window"": 8}",1023,21.3125,2046,42.625
3aeff8d50243a034,m1-pro-16gb-local,ba4913ffc3c0811738b90aeadfe1f586aab8d22505b4309256a082c360bfa4cb,pffft-hybrid-float,float,spec012-confirm-02,2,interactive-v1,False,65536,48000,64,/Users/christiankauten/Documents/Projects/Rack/plugins/Fourier/.build/spec012/confirm-02-transitions/workload-0012-repeat-02.csv,0efcc49fa971625646c82e6e857cc5acf0370a226856d0324f24ce8cad59c0f9,308fac7b8ab6aa19b856c77bb5c1ff9bb96b5ec7aabf1e0b57ea2613e2886cd9,3,hop-increase-middle,6656,7168,9215,published,-1,"{""alpha"": 0, ""hop"": 2048, ""n"": 2048, ""octave"": 0, ""rate"": 48000, ""window"": 8}",512,10.666666666666666,2559,53.3125
3aeff8d50243a034,m1-pro-16gb-local,ba4913ffc3c0811738b90aeadfe1f586aab8d22505b4309256a082c360bfa4cb,pffft-hybrid-float,float,spec012-confirm-02,2,interactive-v1,False,65536,48000,64,/Users/christiankauten/Documents/Projects/Rack/plugins/Fourier/.build/spec012/confirm-02-transitions/workload-0012-repeat-02.csv,0efcc49fa971625646c82e6e857cc5acf0370a226856d0324f24ce8cad59c0f9,308fac7b8ab6aa19b856c77bb5c1ff9bb96b5ec7aabf1e0b57ea2613e2886cd9,4,window-late,11262,11264,13311,published,-1,"{""alpha"": 0, ""hop"": 2048, ""n"": 2048, ""octave"": 0, ""rate"": 48000, ""window"": 11}",2,0.041666666666666664,2049,42.6875
3aeff8d50243a034,m1-pro-16gb-local,ba4913ffc3c0811738b90aeadfe1f586aab8d22505b4309256a082c360bfa4cb,pffft-hybrid-float,float,spec012-confirm-02,2,interactive-v1,False,65536,48000,64,/Users/christiankauten/Documents/Projects/Rack/plugins/Fourier/.build/spec012/confirm-02-transitions/workload-0012-repeat-02.csv,0efcc49fa971625646c82e6e857cc5acf0370a226856d0324f24ce8cad59c0f9,308fac7b8ab6aa19b856c77bb5c1ff9bb96b5ec7aabf1e0b57ea2613e2886cd9,5,smoothing-before-publication,13311,13312,15359,published,-1,"{""alpha"": 0.800000011920929, ""hop"": 2048, ""n"": 2048, ""octave"": 0.3333333432674408, ""rate"": 48000, ""window"": 11}",1,0.020833333333333332,2048,42.666666666666664
3aeff8d50243a034,m1-pro-16gb-local,ba4913ffc3c0811738b90aeadfe1f586aab8d22505b4309256a082c360bfa4cb,pffft-hybrid-float,float,spec012-confirm-02,2,interactive-v1,False,65536,48000,64,/Users/christiankauten/Documents/Projects/Rack/plugins/Fourier/.build/spec012/confirm-02-transitions/workload-0012-repeat-02.csv,0efcc49fa971625646c82e6e857cc5acf0370a226856d0324f24ce8cad59c0f9,308fac7b8ab6aa19b856c77bb5c1ff9bb96b5ec7aabf1e0b57ea2613e2886cd9,6,no-op-boundary,15360,15360,17407,published,-1,"{""alpha"": 0.800000011920929, ""hop"": 2048, ""n"": 2048, ""octave"": 0.3333333432674408, ""rate"": 48000, ""window"": 11}",0,0.0,2047,42.645833333333336
3aeff8d50243a034,m1-pro-16gb-local,ba4913ffc3c0811738b90aeadfe1f586aab8d22505b4309256a082c360bfa4cb,pffft-hybrid-float,float,spec012-confirm-02,2,interactive-v1,False,65536,48000,64,/Users/christiankauten/Documents/Projects/Rack/plugins/Fourier/.build/spec012/confirm-02-transitions/workload-0012-repeat-02.csv,0efcc49fa971625646c82e6e857cc5acf0370a226856d0324f24ce8cad59c0f9,308fac7b8ab6aa19b856c77bb5c1ff9bb96b5ec7aabf1e0b57ea2613e2886cd9,7,replace-pending-first,17409,-1,-1,replaced,8,"{""alpha"": 0.800000011920929, ""hop"": 2048, ""n"": 2048, ""octave"": 0.3333333432674408, ""rate"": 48000, ""window"": 8}",,,,
3aeff8d50243a034,m1-pro-16gb-local,ba4913ffc3c0811738b90aeadfe1f586aab8d22505b4309256a082c360bfa4cb,pffft-hybrid-float,float,spec012-confirm-02,2,interactive-v1,False,65536,48000,64,/Users/christiankauten/Documents/Projects/Rack/plugins/Fourier/.build/spec012/confirm-02-transitions/workload-0012-repeat-02.csv,0efcc49fa971625646c82e6e857cc5acf0370a226856d0324f24ce8cad59c0f9,308fac7b8ab6aa19b856c77bb5c1ff9bb96b5ec7aabf1e0b57ea2613e2886cd9,8,replace-pending-last,17410,19456,21503,published,-1,"{""alpha"": 0, ""hop"": 2048, ""n"": 2048, ""octave"": 0.3333333432674408, ""rate"": 48000, ""window"": 8}",2046,42.625,4093,85.27083333333333
3aeff8d50243a034,m1-pro-16gb-local,ba4913ffc3c0811738b90aeadfe1f586aab8d22505b4309256a082c360bfa4cb,pffft-hybrid-float,float,spec012-confirm-02,2,interactive-v1,False,65536,48000,64,/Users/christiankauten/Documents/Projects/Rack/plugins/Fourier/.build/spec012/confirm-02-transitions/workload-0012-repeat-02.csv,0efcc49fa971625646c82e6e857cc5acf0370a226856d0324f24ce8cad59c0f9,308fac7b8ab6aa19b856c77bb5c1ff9bb96b5ec7aabf1e0b57ea2613e2886cd9,9,hop-decrease-boundary,21504,21504,22015,published,-1,"{""alpha"": 0, ""hop"": 512, ""n"": 2048, ""octave"": 0.3333333432674408, ""rate"": 48000, ""window"": 8}",0,0.0,511,10.645833333333334
3aeff8d50243a034,m1-pro-16gb-local,ba4913ffc3c0811738b90aeadfe1f586aab8d22505b4309256a082c360bfa4cb,pffft-hybrid-float,float,spec012-confirm-02,2,interactive-v1,False,65536,48000,64,/Users/christiankauten/Documents/Projects/Rack/plugins/Fourier/.build/spec012/confirm-02-transitions/workload-0012-repeat-02.csv,0efcc49fa971625646c82e6e857cc5acf0370a226856d0324f24ce8cad59c0f9,308fac7b8ab6aa19b856c77bb5c1ff9bb96b5ec7aabf1e0b57ea2613e2886cd9,10,smoothing-disable,23553,24064,24575,published,-1,"{""alpha"": 0, ""hop"": 512, ""n"": 2048, ""octave"": 0, ""rate"": 48000, ""window"": 8}",511,10.645833333333334,1022,21.291666666666668
3aeff8d50243a034,m1-pro-16gb-local,ba4913ffc3c0811738b90aeadfe1f586aab8d22505b4309256a082c360bfa4cb,pffft-hybrid-float,float,spec012-confirm-02,2,interactive-v1,False,65536,48000,64,/Users/christiankauten/Documents/Projects/Rack/plugins/Fourier/.build/spec012/confirm-02-transitions/workload-0012-repeat-02.csv,0efcc49fa971625646c82e6e857cc5acf0370a226856d0324f24ce8cad59c0f9,308fac7b8ab6aa19b856c77bb5c1ff9bb96b5ec7aabf1e0b57ea2613e2886cd9,11,horizon-no-response,65535,-1,-1,pending-no-response,-1,"{""alpha"": 0, ""hop"": 512, ""n"": 2048, ""octave"": 0, ""rate"": 48000, ""window"": 0}",,,,
3aeff8d50243a034,m1-pro-16gb-local,ba4913ffc3c0811738b90aeadfe1f586aab8d22505b4309256a082c360bfa4cb,pffft-hybrid-float,float,spec012-confirm-03,0,interactive-v1,False,65536,48000,64,/Users/christiankauten/Documents/Projects/Rack/plugins/Fourier/.build/spec012/confirm-03-transitions/workload-0012-repeat-00.csv,59046c3769499e8fea6ebf7ef77e38aca5dd48d31a4d25dfd7f508367429293f,308fac7b8ab6aa19b856c77bb5c1ff9bb96b5ec7aabf1e0b57ea2613e2886cd9,1,length-increase-boundary,2048,2048,3071,published,-1,"{""alpha"": 0, ""hop"": 1024, ""n"": 16384, ""octave"": 0, ""rate"": 48000, ""window"": 8}",0,0.0,1023,21.3125
3aeff8d50243a034,m1-pro-16gb-local,ba4913ffc3c0811738b90aeadfe1f586aab8d22505b4309256a082c360bfa4cb,pffft-hybrid-float,float,spec012-confirm-03,0,interactive-v1,False,65536,48000,64,/Users/christiankauten/Documents/Projects/Rack/plugins/Fourier/.build/spec012/confirm-03-transitions/workload-0012-repeat-00.csv,59046c3769499e8fea6ebf7ef77e38aca5dd48d31a4d25dfd7f508367429293f,308fac7b8ab6aa19b856c77bb5c1ff9bb96b5ec7aabf1e0b57ea2613e2886cd9,2,length-decrease-early,4097,5120,6143,published,-1,"{""alpha"": 0, ""hop"": 1024, ""n"": 2048, ""octave"": 0, ""rate"": 48000, ""window"": 8}",1023,21.3125,2046,42.625
3aeff8d50243a034,m1-pro-16gb-local,ba4913ffc3c0811738b90aeadfe1f586aab8d22505b4309256a082c360bfa4cb,pffft-hybrid-float,float,spec012-confirm-03,0,interactive-v1,False,65536,48000,64,/Users/christiankauten/Documents/Projects/Rack/plugins/Fourier/.build/spec012/confirm-03-transitions/workload-0012-repeat-00.csv,59046c3769499e8fea6ebf7ef77e38aca5dd48d31a4d25dfd7f508367429293f,308fac7b8ab6aa19b856c77bb5c1ff9bb96b5ec7aabf1e0b57ea2613e2886cd9,3,hop-increase-middle,6656,7168,9215,published,-1,"{""alpha"": 0, ""hop"": 2048, ""n"": 2048, ""octave"": 0, ""rate"": 48000, ""window"": 8}",512,10.666666666666666,2559,53.3125
3aeff8d50243a034,m1-pro-16gb-local,ba4913ffc3c0811738b90aeadfe1f586aab8d22505b4309256a082c360bfa4cb,pffft-hybrid-float,float,spec012-confirm-03,0,interactive-v1,False,65536,48000,64,/Users/christiankauten/Documents/Projects/Rack/plugins/Fourier/.build/spec012/confirm-03-transitions/workload-0012-repeat-00.csv,59046c3769499e8fea6ebf7ef77e38aca5dd48d31a4d25dfd7f508367429293f,308fac7b8ab6aa19b856c77bb5c1ff9bb96b5ec7aabf1e0b57ea2613e2886cd9,4,window-late,11262,11264,13311,published,-1,"{""alpha"": 0, ""hop"": 2048, ""n"": 2048, ""octave"": 0, ""rate"": 48000, ""window"": 11}",2,0.041666666666666664,2049,42.6875
3aeff8d50243a034,m1-pro-16gb-local,ba4913ffc3c0811738b90aeadfe1f586aab8d22505b4309256a082c360bfa4cb,pffft-hybrid-float,float,spec012-confirm-03,0,interactive-v1,False,65536,48000,64,/Users/christiankauten/Documents/Projects/Rack/plugins/Fourier/.build/spec012/confirm-03-transitions/workload-0012-repeat-00.csv,59046c3769499e8fea6ebf7ef77e38aca5dd48d31a4d25dfd7f508367429293f,308fac7b8ab6aa19b856c77bb5c1ff9bb96b5ec7aabf1e0b57ea2613e2886cd9,5,smoothing-before-publication,13311,13312,15359,published,-1,"{""alpha"": 0.800000011920929, ""hop"": 2048, ""n"": 2048, ""octave"": 0.3333333432674408, ""rate"": 48000, ""window"": 11}",1,0.020833333333333332,2048,42.666666666666664
3aeff8d50243a034,m1-pro-16gb-local,ba4913ffc3c0811738b90aeadfe1f586aab8d22505b4309256a082c360bfa4cb,pffft-hybrid-float,float,spec012-confirm-03,0,interactive-v1,False,65536,48000,64,/Users/christiankauten/Documents/Projects/Rack/plugins/Fourier/.build/spec012/confirm-03-transitions/workload-0012-repeat-00.csv,59046c3769499e8fea6ebf7ef77e38aca5dd48d31a4d25dfd7f508367429293f,308fac7b8ab6aa19b856c77bb5c1ff9bb96b5ec7aabf1e0b57ea2613e2886cd9,6,no-op-boundary,15360,15360,17407,published,-1,"{""alpha"": 0.800000011920929, ""hop"": 2048, ""n"": 2048, ""octave"": 0.3333333432674408, ""rate"": 48000, ""window"": 11}",0,0.0,2047,42.645833333333336
3aeff8d50243a034,m1-pro-16gb-local,ba4913ffc3c0811738b90aeadfe1f586aab8d22505b4309256a082c360bfa4cb,pffft-hybrid-float,float,spec012-confirm-03,0,interactive-v1,False,65536,48000,64,/Users/christiankauten/Documents/Projects/Rack/plugins/Fourier/.build/spec012/confirm-03-transitions/workload-0012-repeat-00.csv,59046c3769499e8fea6ebf7ef77e38aca5dd48d31a4d25dfd7f508367429293f,308fac7b8ab6aa19b856c77bb5c1ff9bb96b5ec7aabf1e0b57ea2613e2886cd9,7,replace-pending-first,17409,-1,-1,replaced,8,"{""alpha"": 0.800000011920929, ""hop"": 2048, ""n"": 2048, ""octave"": 0.3333333432674408, ""rate"": 48000, ""window"": 8}",,,,
3aeff8d50243a034,m1-pro-16gb-local,ba4913ffc3c0811738b90aeadfe1f586aab8d22505b4309256a082c360bfa4cb,pffft-hybrid-float,float,spec012-confirm-03,0,interactive-v1,False,65536,48000,64,/Users/christiankauten/Documents/Projects/Rack/plugins/Fourier/.build/spec012/confirm-03-transitions/workload-0012-repeat-00.csv,59046c3769499e8fea6ebf7ef77e38aca5dd48d31a4d25dfd7f508367429293f,308fac7b8ab6aa19b856c77bb5c1ff9bb96b5ec7aabf1e0b57ea2613e2886cd9,8,replace-pending-last,17410,19456,21503,published,-1,"{""alpha"": 0, ""hop"": 2048, ""n"": 2048, ""octave"": 0.3333333432674408, ""rate"": 48000, ""window"": 8}",2046,42.625,4093,85.27083333333333
3aeff8d50243a034,m1-pro-16gb-local,ba4913ffc3c0811738b90aeadfe1f586aab8d22505b4309256a082c360bfa4cb,pffft-hybrid-float,float,spec012-confirm-03,0,interactive-v1,False,65536,48000,64,/Users/christiankauten/Documents/Projects/Rack/plugins/Fourier/.build/spec012/confirm-03-transitions/workload-0012-repeat-00.csv,59046c3769499e8fea6ebf7ef77e38aca5dd48d31a4d25dfd7f508367429293f,308fac7b8ab6aa19b856c77bb5c1ff9bb96b5ec7aabf1e0b57ea2613e2886cd9,9,hop-decrease-boundary,21504,21504,22015,published,-1,"{""alpha"": 0, ""hop"": 512, ""n"": 2048, ""octave"": 0.3333333432674408, ""rate"": 48000, ""window"": 8}",0,0.0,511,10.645833333333334
3aeff8d50243a034,m1-pro-16gb-local,ba4913ffc3c0811738b90aeadfe1f586aab8d22505b4309256a082c360bfa4cb,pffft-hybrid-float,float,spec012-confirm-03,0,interactive-v1,False,65536,48000,64,/Users/christiankauten/Documents/Projects/Rack/plugins/Fourier/.build/spec012/confirm-03-transitions/workload-0012-repeat-00.csv,59046c3769499e8fea6ebf7ef77e38aca5dd48d31a4d25dfd7f508367429293f,308fac7b8ab6aa19b856c77bb5c1ff9bb96b5ec7aabf1e0b57ea2613e2886cd9,10,smoothing-disable,23553,24064,24575,published,-1,"{""alpha"": 0, ""hop"": 512, ""n"": 2048, ""octave"": 0, ""rate"": 48000, ""window"": 8}",511,10.645833333333334,1022,21.291666666666668
3aeff8d50243a034,m1-pro-16gb-local,ba4913ffc3c0811738b90aeadfe1f586aab8d22505b4309256a082c360bfa4cb,pffft-hybrid-float,float,spec012-confirm-03,0,interactive-v1,False,65536,48000,64,/Users/christiankauten/Documents/Projects/Rack/plugins/Fourier/.build/spec012/confirm-03-transitions/workload-0012-repeat-00.csv,59046c3769499e8fea6ebf7ef77e38aca5dd48d31a4d25dfd7f508367429293f,308fac7b8ab6aa19b856c77bb5c1ff9bb96b5ec7aabf1e0b57ea2613e2886cd9,11,horizon-no-response,65535,-1,-1,pending-no-response,-1,"{""alpha"": 0, ""hop"": 512, ""n"": 2048, ""octave"": 0, ""rate"": 48000, ""window"": 0}",,,,
3aeff8d50243a034,m1-pro-16gb-local,ba4913ffc3c0811738b90aeadfe1f586aab8d22505b4309256a082c360bfa4cb,pffft-hybrid-float,float,spec012-confirm-03,1,interactive-v1,False,65536,48000,64,/Users/christiankauten/Documents/Projects/Rack/plugins/Fourier/.build/spec012/confirm-03-transitions/workload-0012-repeat-01.csv,253e02fe7d086c2f27873d9e48beca5bea33f28c919f37eebdf3674172d8f313,308fac7b8ab6aa19b856c77bb5c1ff9bb96b5ec7aabf1e0b57ea2613e2886cd9,1,length-increase-boundary,2048,2048,3071,published,-1,"{""alpha"": 0, ""hop"": 1024, ""n"": 16384, ""octave"": 0, ""rate"": 48000, ""window"": 8}",0,0.0,1023,21.3125
3aeff8d50243a034,m1-pro-16gb-local,ba4913ffc3c0811738b90aeadfe1f586aab8d22505b4309256a082c360bfa4cb,pffft-hybrid-float,float,spec012-confirm-03,1,interactive-v1,False,65536,48000,64,/Users/christiankauten/Documents/Projects/Rack/plugins/Fourier/.build/spec012/confirm-03-transitions/workload-0012-repeat-01.csv,253e02fe7d086c2f27873d9e48beca5bea33f28c919f37eebdf3674172d8f313,308fac7b8ab6aa19b856c77bb5c1ff9bb96b5ec7aabf1e0b57ea2613e2886cd9,2,length-decrease-early,4097,5120,6143,published,-1,"{""alpha"": 0, ""hop"": 1024, ""n"": 2048, ""octave"": 0, ""rate"": 48000, ""window"": 8}",1023,21.3125,2046,42.625
3aeff8d50243a034,m1-pro-16gb-local,ba4913ffc3c0811738b90aeadfe1f586aab8d22505b4309256a082c360bfa4cb,pffft-hybrid-float,float,spec012-confirm-03,1,interactive-v1,False,65536,48000,64,/Users/christiankauten/Documents/Projects/Rack/plugins/Fourier/.build/spec012/confirm-03-transitions/workload-0012-repeat-01.csv,253e02fe7d086c2f27873d9e48beca5bea33f28c919f37eebdf3674172d8f313,308fac7b8ab6aa19b856c77bb5c1ff9bb96b5ec7aabf1e0b57ea2613e2886cd9,3,hop-increase-middle,6656,7168,9215,published,-1,"{""alpha"": 0, ""hop"": 2048, ""n"": 2048, ""octave"": 0, ""rate"": 48000, ""window"": 8}",512,10.666666666666666,2559,53.3125
3aeff8d50243a034,m1-pro-16gb-local,ba4913ffc3c0811738b90aeadfe1f586aab8d22505b4309256a082c360bfa4cb,pffft-hybrid-float,float,spec012-confirm-03,1,interactive-v1,False,65536,48000,64,/Users/christiankauten/Documents/Projects/Rack/plugins/Fourier/.build/spec012/confirm-03-transitions/workload-0012-repeat-01.csv,253e02fe7d086c2f27873d9e48beca5bea33f28c919f37eebdf3674172d8f313,308fac7b8ab6aa19b856c77bb5c1ff9bb96b5ec7aabf1e0b57ea2613e2886cd9,4,window-late,11262,11264,13311,published,-1,"{""alpha"": 0, ""hop"": 2048, ""n"": 2048, ""octave"": 0, ""rate"": 48000, ""window"": 11}",2,0.041666666666666664,2049,42.6875
3aeff8d50243a034,m1-pro-16gb-local,ba4913ffc3c0811738b90aeadfe1f586aab8d22505b4309256a082c360bfa4cb,pffft-hybrid-float,float,spec012-confirm-03,1,interactive-v1,False,65536,48000,64,/Users/christiankauten/Documents/Projects/Rack/plugins/Fourier/.build/spec012/confirm-03-transitions/workload-0012-repeat-01.csv,253e02fe7d086c2f27873d9e48beca5bea33f28c919f37eebdf3674172d8f313,308fac7b8ab6aa19b856c77bb5c1ff9bb96b5ec7aabf1e0b57ea2613e2886cd9,5,smoothing-before-publication,13311,13312,15359,published,-1,"{""alpha"": 0.800000011920929, ""hop"": 2048, ""n"": 2048, ""octave"": 0.3333333432674408, ""rate"": 48000, ""window"": 11}",1,0.020833333333333332,2048,42.666666666666664
3aeff8d50243a034,m1-pro-16gb-local,ba4913ffc3c0811738b90aeadfe1f586aab8d22505b4309256a082c360bfa4cb,pffft-hybrid-float,float,spec012-confirm-03,1,interactive-v1,False,65536,48000,64,/Users/christiankauten/Documents/Projects/Rack/plugins/Fourier/.build/spec012/confirm-03-transitions/workload-0012-repeat-01.csv,253e02fe7d086c2f27873d9e48beca5bea33f28c919f37eebdf3674172d8f313,308fac7b8ab6aa19b856c77bb5c1ff9bb96b5ec7aabf1e0b57ea2613e2886cd9,6,no-op-boundary,15360,15360,17407,published,-1,"{""alpha"": 0.800000011920929, ""hop"": 2048, ""n"": 2048, ""octave"": 0.3333333432674408, ""rate"": 48000, ""window"": 11}",0,0.0,2047,42.645833333333336
3aeff8d50243a034,m1-pro-16gb-local,ba4913ffc3c0811738b90aeadfe1f586aab8d22505b4309256a082c360bfa4cb,pffft-hybrid-float,float,spec012-confirm-03,1,interactive-v1,False,65536,48000,64,/Users/christiankauten/Documents/Projects/Rack/plugins/Fourier/.build/spec012/confirm-03-transitions/workload-0012-repeat-01.csv,253e02fe7d086c2f27873d9e48beca5bea33f28c919f37eebdf3674172d8f313,308fac7b8ab6aa19b856c77bb5c1ff9bb96b5ec7aabf1e0b57ea2613e2886cd9,7,replace-pending-first,17409,-1,-1,replaced,8,"{""alpha"": 0.800000011920929, ""hop"": 2048, ""n"": 2048, ""octave"": 0.3333333432674408, ""rate"": 48000, ""window"": 8}",,,,
3aeff8d50243a034,m1-pro-16gb-local,ba4913ffc3c0811738b90aeadfe1f586aab8d22505b4309256a082c360bfa4cb,pffft-hybrid-float,float,spec012-confirm-03,1,interactive-v1,False,65536,48000,64,/Users/christiankauten/Documents/Projects/Rack/plugins/Fourier/.build/spec012/confirm-03-transitions/workload-0012-repeat-01.csv,253e02fe7d086c2f27873d9e48beca5bea33f28c919f37eebdf3674172d8f313,308fac7b8ab6aa19b856c77bb5c1ff9bb96b5ec7aabf1e0b57ea2613e2886cd9,8,replace-pending-last,17410,19456,21503,published,-1,"{""alpha"": 0, ""hop"": 2048, ""n"": 2048, ""octave"": 0.3333333432674408, ""rate"": 48000, ""window"": 8}",2046,42.625,4093,85.27083333333333
3aeff8d50243a034,m1-pro-16gb-local,ba4913ffc3c0811738b90aeadfe1f586aab8d22505b4309256a082c360bfa4cb,pffft-hybrid-float,float,spec012-confirm-03,1,interactive-v1,False,65536,48000,64,/Users/christiankauten/Documents/Projects/Rack/plugins/Fourier/.build/spec012/confirm-03-transitions/workload-0012-repeat-01.csv,253e02fe7d086c2f27873d9e48beca5bea33f28c919f37eebdf3674172d8f313,308fac7b8ab6aa19b856c77bb5c1ff9bb96b5ec7aabf1e0b57ea2613e2886cd9,9,hop-decrease-boundary,21504,21504,22015,published,-1,"{""alpha"": 0, ""hop"": 512, ""n"": 2048, ""octave"": 0.3333333432674408, ""rate"": 48000, ""window"": 8}",0,0.0,511,10.645833333333334
3aeff8d50243a034,m1-pro-16gb-local,ba4913ffc3c0811738b90aeadfe1f586aab8d22505b4309256a082c360bfa4cb,pffft-hybrid-float,float,spec012-confirm-03,1,interactive-v1,False,65536,48000,64,/Users/christiankauten/Documents/Projects/Rack/plugins/Fourier/.build/spec012/confirm-03-transitions/workload-0012-repeat-01.csv,253e02fe7d086c2f27873d9e48beca5bea33f28c919f37eebdf3674172d8f313,308fac7b8ab6aa19b856c77bb5c1ff9bb96b5ec7aabf1e0b57ea2613e2886cd9,10,smoothing-disable,23553,24064,24575,published,-1,"{""alpha"": 0, ""hop"": 512, ""n"": 2048, ""octave"": 0, ""rate"": 48000, ""window"": 8}",511,10.645833333333334,1022,21.291666666666668
3aeff8d50243a034,m1-pro-16gb-local,ba4913ffc3c0811738b90aeadfe1f586aab8d22505b4309256a082c360bfa4cb,pffft-hybrid-float,float,spec012-confirm-03,1,interactive-v1,False,65536,48000,64,/Users/christiankauten/Documents/Projects/Rack/plugins/Fourier/.build/spec012/confirm-03-transitions/workload-0012-repeat-01.csv,253e02fe7d086c2f27873d9e48beca5bea33f28c919f37eebdf3674172d8f313,308fac7b8ab6aa19b856c77bb5c1ff9bb96b5ec7aabf1e0b57ea2613e2886cd9,11,horizon-no-response,65535,-1,-1,pending-no-response,-1,"{""alpha"": 0, ""hop"": 512, ""n"": 2048, ""octave"": 0, ""rate"": 48000, ""window"": 0}",,,,
3aeff8d50243a034,m1-pro-16gb-local,ba4913ffc3c0811738b90aeadfe1f586aab8d22505b4309256a082c360bfa4cb,pffft-hybrid-float,float,spec012-confirm-03,2,interactive-v1,False,65536,48000,64,/Users/christiankauten/Documents/Projects/Rack/plugins/Fourier/.build/spec012/confirm-03-transitions/workload-0012-repeat-02.csv,093d7fa4d253c8a3f22084162e79e970ceac1a65bc01649c0df023b017b5280a,308fac7b8ab6aa19b856c77bb5c1ff9bb96b5ec7aabf1e0b57ea2613e2886cd9,1,length-increase-boundary,2048,2048,3071,published,-1,"{""alpha"": 0, ""hop"": 1024, ""n"": 16384, ""octave"": 0, ""rate"": 48000, ""window"": 8}",0,0.0,1023,21.3125
3aeff8d50243a034,m1-pro-16gb-local,ba4913ffc3c0811738b90aeadfe1f586aab8d22505b4309256a082c360bfa4cb,pffft-hybrid-float,float,spec012-confirm-03,2,interactive-v1,False,65536,48000,64,/Users/christiankauten/Documents/Projects/Rack/plugins/Fourier/.build/spec012/confirm-03-transitions/workload-0012-repeat-02.csv,093d7fa4d253c8a3f22084162e79e970ceac1a65bc01649c0df023b017b5280a,308fac7b8ab6aa19b856c77bb5c1ff9bb96b5ec7aabf1e0b57ea2613e2886cd9,2,length-decrease-early,4097,5120,6143,published,-1,"{""alpha"": 0, ""hop"": 1024, ""n"": 2048, ""octave"": 0, ""rate"": 48000, ""window"": 8}",1023,21.3125,2046,42.625
3aeff8d50243a034,m1-pro-16gb-local,ba4913ffc3c0811738b90aeadfe1f586aab8d22505b4309256a082c360bfa4cb,pffft-hybrid-float,float,spec012-confirm-03,2,interactive-v1,False,65536,48000,64,/Users/christiankauten/Documents/Projects/Rack/plugins/Fourier/.build/spec012/confirm-03-transitions/workload-0012-repeat-02.csv,093d7fa4d253c8a3f22084162e79e970ceac1a65bc01649c0df023b017b5280a,308fac7b8ab6aa19b856c77bb5c1ff9bb96b5ec7aabf1e0b57ea2613e2886cd9,3,hop-increase-middle,6656,7168,9215,published,-1,"{""alpha"": 0, ""hop"": 2048, ""n"": 2048, ""octave"": 0, ""rate"": 48000, ""window"": 8}",512,10.666666666666666,2559,53.3125
3aeff8d50243a034,m1-pro-16gb-local,ba4913ffc3c0811738b90aeadfe1f586aab8d22505b4309256a082c360bfa4cb,pffft-hybrid-float,float,spec012-confirm-03,2,interactive-v1,False,65536,48000,64,/Users/christiankauten/Documents/Projects/Rack/plugins/Fourier/.build/spec012/confirm-03-transitions/workload-0012-repeat-02.csv,093d7fa4d253c8a3f22084162e79e970ceac1a65bc01649c0df023b017b5280a,308fac7b8ab6aa19b856c77bb5c1ff9bb96b5ec7aabf1e0b57ea2613e2886cd9,4,window-late,11262,11264,13311,published,-1,"{""alpha"": 0, ""hop"": 2048, ""n"": 2048, ""octave"": 0, ""rate"": 48000, ""window"": 11}",2,0.041666666666666664,2049,42.6875
3aeff8d50243a034,m1-pro-16gb-local,ba4913ffc3c0811738b90aeadfe1f586aab8d22505b4309256a082c360bfa4cb,pffft-hybrid-float,float,spec012-confirm-03,2,interactive-v1,False,65536,48000,64,/Users/christiankauten/Documents/Projects/Rack/plugins/Fourier/.build/spec012/confirm-03-transitions/workload-0012-repeat-02.csv,093d7fa4d253c8a3f22084162e79e970ceac1a65bc01649c0df023b017b5280a,308fac7b8ab6aa19b856c77bb5c1ff9bb96b5ec7aabf1e0b57ea2613e2886cd9,5,smoothing-before-publication,13311,13312,15359,published,-1,"{""alpha"": 0.800000011920929, ""hop"": 2048, ""n"": 2048, ""octave"": 0.3333333432674408, ""rate"": 48000, ""window"": 11}",1,0.020833333333333332,2048,42.666666666666664
3aeff8d50243a034,m1-pro-16gb-local,ba4913ffc3c0811738b90aeadfe1f586aab8d22505b4309256a082c360bfa4cb,pffft-hybrid-float,float,spec012-confirm-03,2,interactive-v1,False,65536,48000,64,/Users/christiankauten/Documents/Projects/Rack/plugins/Fourier/.build/spec012/confirm-03-transitions/workload-0012-repeat-02.csv,093d7fa4d253c8a3f22084162e79e970ceac1a65bc01649c0df023b017b5280a,308fac7b8ab6aa19b856c77bb5c1ff9bb96b5ec7aabf1e0b57ea2613e2886cd9,6,no-op-boundary,15360,15360,17407,published,-1,"{""alpha"": 0.800000011920929, ""hop"": 2048, ""n"": 2048, ""octave"": 0.3333333432674408, ""rate"": 48000, ""window"": 11}",0,0.0,2047,42.645833333333336
3aeff8d50243a034,m1-pro-16gb-local,ba4913ffc3c0811738b90aeadfe1f586aab8d22505b4309256a082c360bfa4cb,pffft-hybrid-float,float,spec012-confirm-03,2,interactive-v1,False,65536,48000,64,/Users/christiankauten/Documents/Projects/Rack/plugins/Fourier/.build/spec012/confirm-03-transitions/workload-0012-repeat-02.csv,093d7fa4d253c8a3f22084162e79e970ceac1a65bc01649c0df023b017b5280a,308fac7b8ab6aa19b856c77bb5c1ff9bb96b5ec7aabf1e0b57ea2613e2886cd9,7,replace-pending-first,17409,-1,-1,replaced,8,"{""alpha"": 0.800000011920929, ""hop"": 2048, ""n"": 2048, ""octave"": 0.3333333432674408, ""rate"": 48000, ""window"": 8}",,,,
3aeff8d50243a034,m1-pro-16gb-local,ba4913ffc3c0811738b90aeadfe1f586aab8d22505b4309256a082c360bfa4cb,pffft-hybrid-float,float,spec012-confirm-03,2,interactive-v1,False,65536,48000,64,/Users/christiankauten/Documents/Projects/Rack/plugins/Fourier/.build/spec012/confirm-03-transitions/workload-0012-repeat-02.csv,093d7fa4d253c8a3f22084162e79e970ceac1a65bc01649c0df023b017b5280a,308fac7b8ab6aa19b856c77bb5c1ff9bb96b5ec7aabf1e0b57ea2613e2886cd9,8,replace-pending-last,17410,19456,21503,published,-1,"{""alpha"": 0, ""hop"": 2048, ""n"": 2048, ""octave"": 0.3333333432674408, ""rate"": 48000, ""window"": 8}",2046,42.625,4093,85.27083333333333
3aeff8d50243a034,m1-pro-16gb-local,ba4913ffc3c0811738b90aeadfe1f586aab8d22505b4309256a082c360bfa4cb,pffft-hybrid-float,float,spec012-confirm-03,2,interactive-v1,False,65536,48000,64,/Users/christiankauten/Documents/Projects/Rack/plugins/Fourier/.build/spec012/confirm-03-transitions/workload-0012-repeat-02.csv,093d7fa4d253c8a3f22084162e79e970ceac1a65bc01649c0df023b017b5280a,308fac7b8ab6aa19b856c77bb5c1ff9bb96b5ec7aabf1e0b57ea2613e2886cd9,9,hop-decrease-boundary,21504,21504,22015,published,-1,"{""alpha"": 0, ""hop"": 512, ""n"": 2048, ""octave"": 0.3333333432674408, ""rate"": 48000, ""window"": 8}",0,0.0,511,10.645833333333334
3aeff8d50243a034,m1-pro-16gb-local,ba4913ffc3c0811738b90aeadfe1f586aab8d22505b4309256a082c360bfa4cb,pffft-hybrid-float,float,spec012-confirm-03,2,interactive-v1,False,65536,48000,64,/Users/christiankauten/Documents/Projects/Rack/plugins/Fourier/.build/spec012/confirm-03-transitions/workload-0012-repeat-02.csv,093d7fa4d253c8a3f22084162e79e970ceac1a65bc01649c0df023b017b5280a,308fac7b8ab6aa19b856c77bb5c1ff9bb96b5ec7aabf1e0b57ea2613e2886cd9,10,smoothing-disable,23553,24064,24575,published,-1,"{""alpha"": 0, ""hop"": 512, ""n"": 2048, ""octave"": 0, ""rate"": 48000, ""window"": 8}",511,10.645833333333334,1022,21.291666666666668
3aeff8d50243a034,m1-pro-16gb-local,ba4913ffc3c0811738b90aeadfe1f586aab8d22505b4309256a082c360bfa4cb,pffft-hybrid-float,float,spec012-confirm-03,2,interactive-v1,False,65536,48000,64,/Users/christiankauten/Documents/Projects/Rack/plugins/Fourier/.build/spec012/confirm-03-transitions/workload-0012-repeat-02.csv,093d7fa4d253c8a3f22084162e79e970ceac1a65bc01649c0df023b017b5280a,308fac7b8ab6aa19b856c77bb5c1ff9bb96b5ec7aabf1e0b57ea2613e2886cd9,11,horizon-no-response,65535,-1,-1,pending-no-response,-1,"{""alpha"": 0, ""hop"": 512, ""n"": 2048, ""octave"": 0, ""rate"": 48000, ""window"": 0}",,,,
3aeff8d50243a034,m1-pro-16gb-local,cd03870a682eac289f016e41b821d847234f3b75cb944ca15b75f10f5a9c4437,core-double,double,spec012-confirm-01,0,interactive-v1,False,2368,48000,64,/Users/christiankauten/Documents/Projects/Rack/plugins/Fourier/.build/spec012/confirm-01-transitions/workload-0002-repeat-00.csv,0e7d23a531da8fd99e5887e3fb3b7eb3951d40a5baae2427c8040491df1c138c,cbbacb9d51862c2e30b35986d4d3970570cc7e3da66e7e640543a22ee79e645a,1,length-increase-boundary,74,74,110,published,-1,"{""alpha"": 0, ""hop"": 37, ""n"": 1024, ""octave"": 0, ""rate"": 48000, ""window"": 8}",0,0.0,36,0.75
3aeff8d50243a034,m1-pro-16gb-local,cd03870a682eac289f016e41b821d847234f3b75cb944ca15b75f10f5a9c4437,core-double,double,spec012-confirm-01,0,interactive-v1,False,2368,48000,64,/Users/christiankauten/Documents/Projects/Rack/plugins/Fourier/.build/spec012/confirm-01-transitions/workload-0002-repeat-00.csv,0e7d23a531da8fd99e5887e3fb3b7eb3951d40a5baae2427c8040491df1c138c,cbbacb9d51862c2e30b35986d4d3970570cc7e3da66e7e640543a22ee79e645a,2,length-decrease-early,149,185,221,published,-1,"{""alpha"": 0, ""hop"": 37, ""n"": 128, ""octave"": 0, ""rate"": 48000, ""window"": 8}",36,0.75,72,1.5
3aeff8d50243a034,m1-pro-16gb-local,cd03870a682eac289f016e41b821d847234f3b75cb944ca15b75f10f5a9c4437,core-double,double,spec012-confirm-01,0,interactive-v1,False,2368,48000,64,/Users/christiankauten/Documents/Projects/Rack/plugins/Fourier/.build/spec012/confirm-01-transitions/workload-0002-repeat-00.csv,0e7d23a531da8fd99e5887e3fb3b7eb3951d40a5baae2427c8040491df1c138c,cbbacb9d51862c2e30b35986d4d3970570cc7e3da66e7e640543a22ee79e645a,3,hop-increase-middle,240,259,332,published,-1,"{""alpha"": 0, ""hop"": 74, ""n"": 128, ""octave"": 0, ""rate"": 48000, ""window"": 8}",19,0.3958333333333333,92,1.9166666666666667
3aeff8d50243a034,m1-pro-16gb-local,cd03870a682eac289f016e41b821d847234f3b75cb944ca15b75f10f5a9c4437,core-double,double,spec012-confirm-01,0,interactive-v1,False,2368,48000,64,/Users/christiankauten/Documents/Projects/Rack/plugins/Fourier/.build/spec012/confirm-01-transitions/workload-0002-repeat-00.csv,0e7d23a531da8fd99e5887e3fb3b7eb3951d40a5baae2427c8040491df1c138c,cbbacb9d51862c2e30b35986d4d3970570cc7e3da66e7e640543a22ee79e645a,4,window-late,405,407,480,published,-1,"{""alpha"": 0, ""hop"": 74, ""n"": 128, ""octave"": 0, ""rate"": 48000, ""window"": 11}",2,0.041666666666666664,75,1.5625
3aeff8d50243a034,m1-pro-16gb-local,cd03870a682eac289f016e41b821d847234f3b75cb944ca15b75f10f5a9c4437,core-double,double,spec012-confirm-01,0,interactive-v1,False,2368,48000,64,/Users/christiankauten/Documents/Projects/Rack/plugins/Fourier/.build/spec012/confirm-01-transitions/workload-0002-repeat-00.csv,0e7d23a531da8fd99e5887e3fb3b7eb3951d40a5baae2427c8040491df1c138c,cbbacb9d51862c2e30b35986d4d3970570cc7e3da66e7e640543a22ee79e645a,5,smoothing-before-publication,480,481,554,published,-1,"{""alpha"": 0.800000011920929, ""hop"": 74, ""n"": 128, ""octave"": 0.3333333432674408, ""rate"": 48000, ""window"": 11}",1,0.020833333333333332,74,1.5416666666666667
3aeff8d50243a034,m1-pro-16gb-local,cd03870a682eac289f016e41b821d847234f3b75cb944ca15b75f10f5a9c4437,core-double,double,spec012-confirm-01,0,interactive-v1,False,2368,48000,64,/Users/christiankauten/Documents/Projects/Rack/plugins/Fourier/.build/spec012/confirm-01-transitions/workload-0002-repeat-00.csv,0e7d23a531da8fd99e5887e3fb3b7eb3951d40a5baae2427c8040491df1c138c,cbbacb9d51862c2e30b35986d4d3970570cc7e3da66e7e640543a22ee79e645a,6,no-op-boundary,555,555,628,published,-1,"{""alpha"": 0.800000011920929, ""hop"": 74, ""n"": 128, ""octave"": 0.3333333432674408, ""rate"": 48000, ""window"": 11}",0,0.0,73,1.5208333333333333
3aeff8d50243a034,m1-pro-16gb-local,cd03870a682eac289f016e41b821d847234f3b75cb944ca15b75f10f5a9c4437,core-double,double,spec012-confirm-01,0,interactive-v1,False,2368,48000,64,/Users/christiankauten/Documents/Projects/Rack/plugins/Fourier/.build/spec012/confirm-01-transitions/workload-0002-repeat-00.csv,0e7d23a531da8fd99e5887e3fb3b7eb3951d40a5baae2427c8040491df1c138c,cbbacb9d51862c2e30b35986d4d3970570cc7e3da66e7e640543a22ee79e645a,7,replace-pending-first,630,-1,-1,replaced,8,"{""alpha"": 0.800000011920929, ""hop"": 74, ""n"": 128, ""octave"": 0.3333333432674408, ""rate"": 48000, ""window"": 8}",,,,
3aeff8d50243a034,m1-pro-16gb-local,cd03870a682eac289f016e41b821d847234f3b75cb944ca15b75f10f5a9c4437,core-double,double,spec012-confirm-01,0,interactive-v1,False,2368,48000,64,/Users/christiankauten/Documents/Projects/Rack/plugins/Fourier/.build/spec012/confirm-01-transitions/workload-0002-repeat-00.csv,0e7d23a531da8fd99e5887e3fb3b7eb3951d40a5baae2427c8040491df1c138c,cbbacb9d51862c2e30b35986d4d3970570cc7e3da66e7e640543a22ee79e645a,8,replace-pending-last,631,703,776,published,-1,"{""alpha"": 0, ""hop"": 74, ""n"": 128, ""octave"": 0.3333333432674408, ""rate"": 48000, ""window"": 8}",72,1.5,145,3.0208333333333335
3aeff8d50243a034,m1-pro-16gb-local,cd03870a682eac289f016e41b821d847234f3b75cb944ca15b75f10f5a9c4437,core-double,double,spec012-confirm-01,0,interactive-v1,False,2368,48000,64,/Users/christiankauten/Documents/Projects/Rack/plugins/Fourier/.build/spec012/confirm-01-transitions/workload-0002-repeat-00.csv,0e7d23a531da8fd99e5887e3fb3b7eb3951d40a5baae2427c8040491df1c138c,cbbacb9d51862c2e30b35986d4d3970570cc7e3da66e7e640543a22ee79e645a,9,hop-decrease-boundary,777,777,794,published,-1,"{""alpha"": 0, ""hop"": 18, ""n"": 128, ""octave"": 0.3333333432674408, ""rate"": 48000, ""window"": 8}",0,0.0,17,0.3541666666666667
3aeff8d50243a034,m1-pro-16gb-local,cd03870a682eac289f016e41b821d847234f3b75cb944ca15b75f10f5a9c4437,core-double,double,spec012-confirm-01,0,interactive-v1,False,2368,48000,64,/Users/christiankauten/Documents/Projects/Rack/plugins/Fourier/.build/spec012/confirm-01-transitions/workload-0002-repeat-00.csv,0e7d23a531da8fd99e5887e3fb3b7eb3951d40a5baae2427c8040491df1c138c,cbbacb9d51862c2e30b35986d4d3970570cc7e3da66e7e640543a22ee79e645a,10,smoothing-disable,852,867,884,published,-1,"{""alpha"": 0, ""hop"": 18, ""n"": 128, ""octave"": 0, ""rate"": 48000, ""window"": 8}",15,0.3125,32,0.6666666666666666
3aeff8d50243a034,m1-pro-16gb-local,cd03870a682eac289f016e41b821d847234f3b75cb944ca15b75f10f5a9c4437,core-double,double,spec012-confirm-01,0,interactive-v1,False,2368,48000,64,/Users/christiankauten/Documents/Projects/Rack/plugins/Fourier/.build/spec012/confirm-01-transitions/workload-0002-repeat-00.csv,0e7d23a531da8fd99e5887e3fb3b7eb3951d40a5baae2427c8040491df1c138c,cbbacb9d51862c2e30b35986d4d3970570cc7e3da66e7e640543a22ee79e645a,11,horizon-no-response,2367,-1,-1,pending-no-response,-1,"{""alpha"": 0, ""hop"": 18, ""n"": 128, ""octave"": 0, ""rate"": 48000, ""window"": 0}",,,,
3aeff8d50243a034,m1-pro-16gb-local,cd03870a682eac289f016e41b821d847234f3b75cb944ca15b75f10f5a9c4437,core-double,double,spec012-confirm-01,1,interactive-v1,False,2368,48000,64,/Users/christiankauten/Documents/Projects/Rack/plugins/Fourier/.build/spec012/confirm-01-transitions/workload-0002-repeat-01.csv,fba24fbee929fa45de52af70094950e5c3a4f0c0895a5f3621cfd4e56fdf13fb,cbbacb9d51862c2e30b35986d4d3970570cc7e3da66e7e640543a22ee79e645a,1,length-increase-boundary,74,74,110,published,-1,"{""alpha"": 0, ""hop"": 37, ""n"": 1024, ""octave"": 0, ""rate"": 48000, ""window"": 8}",0,0.0,36,0.75
3aeff8d50243a034,m1-pro-16gb-local,cd03870a682eac289f016e41b821d847234f3b75cb944ca15b75f10f5a9c4437,core-double,double,spec012-confirm-01,1,interactive-v1,False,2368,48000,64,/Users/christiankauten/Documents/Projects/Rack/plugins/Fourier/.build/spec012/confirm-01-transitions/workload-0002-repeat-01.csv,fba24fbee929fa45de52af70094950e5c3a4f0c0895a5f3621cfd4e56fdf13fb,cbbacb9d51862c2e30b35986d4d3970570cc7e3da66e7e640543a22ee79e645a,2,length-decrease-early,149,185,221,published,-1,"{""alpha"": 0, ""hop"": 37, ""n"": 128, ""octave"": 0, ""rate"": 48000, ""window"": 8}",36,0.75,72,1.5
3aeff8d50243a034,m1-pro-16gb-local,cd03870a682eac289f016e41b821d847234f3b75cb944ca15b75f10f5a9c4437,core-double,double,spec012-confirm-01,1,interactive-v1,False,2368,48000,64,/Users/christiankauten/Documents/Projects/Rack/plugins/Fourier/.build/spec012/confirm-01-transitions/workload-0002-repeat-01.csv,fba24fbee929fa45de52af70094950e5c3a4f0c0895a5f3621cfd4e56fdf13fb,cbbacb9d51862c2e30b35986d4d3970570cc7e3da66e7e640543a22ee79e645a,3,hop-increase-middle,240,259,332,published,-1,"{""alpha"": 0, ""hop"": 74, ""n"": 128, ""octave"": 0, ""rate"": 48000, ""window"": 8}",19,0.3958333333333333,92,1.9166666666666667
3aeff8d50243a034,m1-pro-16gb-local,cd03870a682eac289f016e41b821d847234f3b75cb944ca15b75f10f5a9c4437,core-double,double,spec012-confirm-01,1,interactive-v1,False,2368,48000,64,/Users/christiankauten/Documents/Projects/Rack/plugins/Fourier/.build/spec012/confirm-01-transitions/workload-0002-repeat-01.csv,fba24fbee929fa45de52af70094950e5c3a4f0c0895a5f3621cfd4e56fdf13fb,cbbacb9d51862c2e30b35986d4d3970570cc7e3da66e7e640543a22ee79e645a,4,window-late,405,407,480,published,-1,"{""alpha"": 0, ""hop"": 74, ""n"": 128, ""octave"": 0, ""rate"": 48000, ""window"": 11}",2,0.041666666666666664,75,1.5625
3aeff8d50243a034,m1-pro-16gb-local,cd03870a682eac289f016e41b821d847234f3b75cb944ca15b75f10f5a9c4437,core-double,double,spec012-confirm-01,1,interactive-v1,False,2368,48000,64,/Users/christiankauten/Documents/Projects/Rack/plugins/Fourier/.build/spec012/confirm-01-transitions/workload-0002-repeat-01.csv,fba24fbee929fa45de52af70094950e5c3a4f0c0895a5f3621cfd4e56fdf13fb,cbbacb9d51862c2e30b35986d4d3970570cc7e3da66e7e640543a22ee79e645a,5,smoothing-before-publication,480,481,554,published,-1,"{""alpha"": 0.800000011920929, ""hop"": 74, ""n"": 128, ""octave"": 0.3333333432674408, ""rate"": 48000, ""window"": 11}",1,0.020833333333333332,74,1.5416666666666667
3aeff8d50243a034,m1-pro-16gb-local,cd03870a682eac289f016e41b821d847234f3b75cb944ca15b75f10f5a9c4437,core-double,double,spec012-confirm-01,1,interactive-v1,False,2368,48000,64,/Users/christiankauten/Documents/Projects/Rack/plugins/Fourier/.build/spec012/confirm-01-transitions/workload-0002-repeat-01.csv,fba24fbee929fa45de52af70094950e5c3a4f0c0895a5f3621cfd4e56fdf13fb,cbbacb9d51862c2e30b35986d4d3970570cc7e3da66e7e640543a22ee79e645a,6,no-op-boundary,555,555,628,published,-1,"{""alpha"": 0.800000011920929, ""hop"": 74, ""n"": 128, ""octave"": 0.3333333432674408, ""rate"": 48000, ""window"": 11}",0,0.0,73,1.5208333333333333
3aeff8d50243a034,m1-pro-16gb-local,cd03870a682eac289f016e41b821d847234f3b75cb944ca15b75f10f5a9c4437,core-double,double,spec012-confirm-01,1,interactive-v1,False,2368,48000,64,/Users/christiankauten/Documents/Projects/Rack/plugins/Fourier/.build/spec012/confirm-01-transitions/workload-0002-repeat-01.csv,fba24fbee929fa45de52af70094950e5c3a4f0c0895a5f3621cfd4e56fdf13fb,cbbacb9d51862c2e30b35986d4d3970570cc7e3da66e7e640543a22ee79e645a,7,replace-pending-first,630,-1,-1,replaced,8,"{""alpha"": 0.800000011920929, ""hop"": 74, ""n"": 128, ""octave"": 0.3333333432674408, ""rate"": 48000, ""window"": 8}",,,,
3aeff8d50243a034,m1-pro-16gb-local,cd03870a682eac289f016e41b821d847234f3b75cb944ca15b75f10f5a9c4437,core-double,double,spec012-confirm-01,1,interactive-v1,False,2368,48000,64,/Users/christiankauten/Documents/Projects/Rack/plugins/Fourier/.build/spec012/confirm-01-transitions/workload-0002-repeat-01.csv,fba24fbee929fa45de52af70094950e5c3a4f0c0895a5f3621cfd4e56fdf13fb,cbbacb9d51862c2e30b35986d4d3970570cc7e3da66e7e640543a22ee79e645a,8,replace-pending-last,631,703,776,published,-1,"{""alpha"": 0, ""hop"": 74, ""n"": 128, ""octave"": 0.3333333432674408, ""rate"": 48000, ""window"": 8}",72,1.5,145,3.0208333333333335
3aeff8d50243a034,m1-pro-16gb-local,cd03870a682eac289f016e41b821d847234f3b75cb944ca15b75f10f5a9c4437,core-double,double,spec012-confirm-01,1,interactive-v1,False,2368,48000,64,/Users/christiankauten/Documents/Projects/Rack/plugins/Fourier/.build/spec012/confirm-01-transitions/workload-0002-repeat-01.csv,fba24fbee929fa45de52af70094950e5c3a4f0c0895a5f3621cfd4e56fdf13fb,cbbacb9d51862c2e30b35986d4d3970570cc7e3da66e7e640543a22ee79e645a,9,hop-decrease-boundary,777,777,794,published,-1,"{""alpha"": 0, ""hop"": 18, ""n"": 128, ""octave"": 0.3333333432674408, ""rate"": 48000, ""window"": 8}",0,0.0,17,0.3541666666666667
3aeff8d50243a034,m1-pro-16gb-local,cd03870a682eac289f016e41b821d847234f3b75cb944ca15b75f10f5a9c4437,core-double,double,spec012-confirm-01,1,interactive-v1,False,2368,48000,64,/Users/christiankauten/Documents/Projects/Rack/plugins/Fourier/.build/spec012/confirm-01-transitions/workload-0002-repeat-01.csv,fba24fbee929fa45de52af70094950e5c3a4f0c0895a5f3621cfd4e56fdf13fb,cbbacb9d51862c2e30b35986d4d3970570cc7e3da66e7e640543a22ee79e645a,10,smoothing-disable,852,867,884,published,-1,"{""alpha"": 0, ""hop"": 18, ""n"": 128, ""octave"": 0, ""rate"": 48000, ""window"": 8}",15,0.3125,32,0.6666666666666666
3aeff8d50243a034,m1-pro-16gb-local,cd03870a682eac289f016e41b821d847234f3b75cb944ca15b75f10f5a9c4437,core-double,double,spec012-confirm-01,1,interactive-v1,False,2368,48000,64,/Users/christiankauten/Documents/Projects/Rack/plugins/Fourier/.build/spec012/confirm-01-transitions/workload-0002-repeat-01.csv,fba24fbee929fa45de52af70094950e5c3a4f0c0895a5f3621cfd4e56fdf13fb,cbbacb9d51862c2e30b35986d4d3970570cc7e3da66e7e640543a22ee79e645a,11,horizon-no-response,2367,-1,-1,pending-no-response,-1,"{""alpha"": 0, ""hop"": 18, ""n"": 128, ""octave"": 0, ""rate"": 48000, ""window"": 0}",,,,
3aeff8d50243a034,m1-pro-16gb-local,cd03870a682eac289f016e41b821d847234f3b75cb944ca15b75f10f5a9c4437,core-double,double,spec012-confirm-01,2,interactive-v1,False,2368,48000,64,/Users/christiankauten/Documents/Projects/Rack/plugins/Fourier/.build/spec012/confirm-01-transitions/workload-0002-repeat-02.csv,116878cf15c0cf80006403408cfe2c2caba9e0a22d7a6d960ffb46416abe1815,cbbacb9d51862c2e30b35986d4d3970570cc7e3da66e7e640543a22ee79e645a,1,length-increase-boundary,74,74,110,published,-1,"{""alpha"": 0, ""hop"": 37, ""n"": 1024, ""octave"": 0, ""rate"": 48000, ""window"": 8}",0,0.0,36,0.75
3aeff8d50243a034,m1-pro-16gb-local,cd03870a682eac289f016e41b821d847234f3b75cb944ca15b75f10f5a9c4437,core-double,double,spec012-confirm-01,2,interactive-v1,False,2368,48000,64,/Users/christiankauten/Documents/Projects/Rack/plugins/Fourier/.build/spec012/confirm-01-transitions/workload-0002-repeat-02.csv,116878cf15c0cf80006403408cfe2c2caba9e0a22d7a6d960ffb46416abe1815,cbbacb9d51862c2e30b35986d4d3970570cc7e3da66e7e640543a22ee79e645a,2,length-decrease-early,149,185,221,published,-1,"{""alpha"": 0, ""hop"": 37, ""n"": 128, ""octave"": 0, ""rate"": 48000, ""window"": 8}",36,0.75,72,1.5
3aeff8d50243a034,m1-pro-16gb-local,cd03870a682eac289f016e41b821d847234f3b75cb944ca15b75f10f5a9c4437,core-double,double,spec012-confirm-01,2,interactive-v1,False,2368,48000,64,/Users/christiankauten/Documents/Projects/Rack/plugins/Fourier/.build/spec012/confirm-01-transitions/workload-0002-repeat-02.csv,116878cf15c0cf80006403408cfe2c2caba9e0a22d7a6d960ffb46416abe1815,cbbacb9d51862c2e30b35986d4d3970570cc7e3da66e7e640543a22ee79e645a,3,hop-increase-middle,240,259,332,published,-1,"{""alpha"": 0, ""hop"": 74, ""n"": 128, ""octave"": 0, ""rate"": 48000, ""window"": 8}",19,0.3958333333333333,92,1.9166666666666667
3aeff8d50243a034,m1-pro-16gb-local,cd03870a682eac289f016e41b821d847234f3b75cb944ca15b75f10f5a9c4437,core-double,double,spec012-confirm-01,2,interactive-v1,False,2368,48000,64,/Users/christiankauten/Documents/Projects/Rack/plugins/Fourier/.build/spec012/confirm-01-transitions/workload-0002-repeat-02.csv,116878cf15c0cf80006403408cfe2c2caba9e0a22d7a6d960ffb46416abe1815,cbbacb9d51862c2e30b35986d4d3970570cc7e3da66e7e640543a22ee79e645a,4,window-late,405,407,480,published,-1,"{""alpha"": 0, ""hop"": 74, ""n"": 128, ""octave"": 0, ""rate"": 48000, ""window"": 11}",2,0.041666666666666664,75,1.5625
3aeff8d50243a034,m1-pro-16gb-local,cd03870a682eac289f016e41b821d847234f3b75cb944ca15b75f10f5a9c4437,core-double,double,spec012-confirm-01,2,interactive-v1,False,2368,48000,64,/Users/christiankauten/Documents/Projects/Rack/plugins/Fourier/.build/spec012/confirm-01-transitions/workload-0002-repeat-02.csv,116878cf15c0cf80006403408cfe2c2caba9e0a22d7a6d960ffb46416abe1815,cbbacb9d51862c2e30b35986d4d3970570cc7e3da66e7e640543a22ee79e645a,5,smoothing-before-publication,480,481,554,published,-1,"{""alpha"": 0.800000011920929, ""hop"": 74, ""n"": 128, ""octave"": 0.3333333432674408, ""rate"": 48000, ""window"": 11}",1,0.020833333333333332,74,1.5416666666666667
3aeff8d50243a034,m1-pro-16gb-local,cd03870a682eac289f016e41b821d847234f3b75cb944ca15b75f10f5a9c4437,core-double,double,spec012-confirm-01,2,interactive-v1,False,2368,48000,64,/Users/christiankauten/Documents/Projects/Rack/plugins/Fourier/.build/spec012/confirm-01-transitions/workload-0002-repeat-02.csv,116878cf15c0cf80006403408cfe2c2caba9e0a22d7a6d960ffb46416abe1815,cbbacb9d51862c2e30b35986d4d3970570cc7e3da66e7e640543a22ee79e645a,6,no-op-boundary,555,555,628,published,-1,"{""alpha"": 0.800000011920929, ""hop"": 74, ""n"": 128, ""octave"": 0.3333333432674408, ""rate"": 48000, ""window"": 11}",0,0.0,73,1.5208333333333333
3aeff8d50243a034,m1-pro-16gb-local,cd03870a682eac289f016e41b821d847234f3b75cb944ca15b75f10f5a9c4437,core-double,double,spec012-confirm-01,2,interactive-v1,False,2368,48000,64,/Users/christiankauten/Documents/Projects/Rack/plugins/Fourier/.build/spec012/confirm-01-transitions/workload-0002-repeat-02.csv,116878cf15c0cf80006403408cfe2c2caba9e0a22d7a6d960ffb46416abe1815,cbbacb9d51862c2e30b35986d4d3970570cc7e3da66e7e640543a22ee79e645a,7,replace-pending-first,630,-1,-1,replaced,8,"{""alpha"": 0.800000011920929, ""hop"": 74, ""n"": 128, ""octave"": 0.3333333432674408, ""rate"": 48000, ""window"": 8}",,,,
3aeff8d50243a034,m1-pro-16gb-local,cd03870a682eac289f016e41b821d847234f3b75cb944ca15b75f10f5a9c4437,core-double,double,spec012-confirm-01,2,interactive-v1,False,2368,48000,64,/Users/christiankauten/Documents/Projects/Rack/plugins/Fourier/.build/spec012/confirm-01-transitions/workload-0002-repeat-02.csv,116878cf15c0cf80006403408cfe2c2caba9e0a22d7a6d960ffb46416abe1815,cbbacb9d51862c2e30b35986d4d3970570cc7e3da66e7e640543a22ee79e645a,8,replace-pending-last,631,703,776,published,-1,"{""alpha"": 0, ""hop"": 74, ""n"": 128, ""octave"": 0.3333333432674408, ""rate"": 48000, ""window"": 8}",72,1.5,145,3.0208333333333335
3aeff8d50243a034,m1-pro-16gb-local,cd03870a682eac289f016e41b821d847234f3b75cb944ca15b75f10f5a9c4437,core-double,double,spec012-confirm-01,2,interactive-v1,False,2368,48000,64,/Users/christiankauten/Documents/Projects/Rack/plugins/Fourier/.build/spec012/confirm-01-transitions/workload-0002-repeat-02.csv,116878cf15c0cf80006403408cfe2c2caba9e0a22d7a6d960ffb46416abe1815,cbbacb9d51862c2e30b35986d4d3970570cc7e3da66e7e640543a22ee79e645a,9,hop-decrease-boundary,777,777,794,published,-1,"{""alpha"": 0, ""hop"": 18, ""n"": 128, ""octave"": 0.3333333432674408, ""rate"": 48000, ""window"": 8}",0,0.0,17,0.3541666666666667
3aeff8d50243a034,m1-pro-16gb-local,cd03870a682eac289f016e41b821d847234f3b75cb944ca15b75f10f5a9c4437,core-double,double,spec012-confirm-01,2,interactive-v1,False,2368,48000,64,/Users/christiankauten/Documents/Projects/Rack/plugins/Fourier/.build/spec012/confirm-01-transitions/workload-0002-repeat-02.csv,116878cf15c0cf80006403408cfe2c2caba9e0a22d7a6d960ffb46416abe1815,cbbacb9d51862c2e30b35986d4d3970570cc7e3da66e7e640543a22ee79e645a,10,smoothing-disable,852,867,884,published,-1,"{""alpha"": 0, ""hop"": 18, ""n"": 128, ""octave"": 0, ""rate"": 48000, ""window"": 8}",15,0.3125,32,0.6666666666666666
3aeff8d50243a034,m1-pro-16gb-local,cd03870a682eac289f016e41b821d847234f3b75cb944ca15b75f10f5a9c4437,core-double,double,spec012-confirm-01,2,interactive-v1,False,2368,48000,64,/Users/christiankauten/Documents/Projects/Rack/plugins/Fourier/.build/spec012/confirm-01-transitions/workload-0002-repeat-02.csv,116878cf15c0cf80006403408cfe2c2caba9e0a22d7a6d960ffb46416abe1815,cbbacb9d51862c2e30b35986d4d3970570cc7e3da66e7e640543a22ee79e645a,11,horizon-no-response,2367,-1,-1,pending-no-response,-1,"{""alpha"": 0, ""hop"": 18, ""n"": 128, ""octave"": 0, ""rate"": 48000, ""window"": 0}",,,,
3aeff8d50243a034,m1-pro-16gb-local,cd03870a682eac289f016e41b821d847234f3b75cb944ca15b75f10f5a9c4437,core-double,double,spec012-confirm-02,0,interactive-v1,False,2368,48000,64,/Users/christiankauten/Documents/Projects/Rack/plugins/Fourier/.build/spec012/confirm-02-transitions/workload-0002-repeat-00.csv,69b565ac15468c89f1977234d565b32bc29b0c4b3cabd1ca7c21879cc600aa8c,cbbacb9d51862c2e30b35986d4d3970570cc7e3da66e7e640543a22ee79e645a,1,length-increase-boundary,74,74,110,published,-1,"{""alpha"": 0, ""hop"": 37, ""n"": 1024, ""octave"": 0, ""rate"": 48000, ""window"": 8}",0,0.0,36,0.75
3aeff8d50243a034,m1-pro-16gb-local,cd03870a682eac289f016e41b821d847234f3b75cb944ca15b75f10f5a9c4437,core-double,double,spec012-confirm-02,0,interactive-v1,False,2368,48000,64,/Users/christiankauten/Documents/Projects/Rack/plugins/Fourier/.build/spec012/confirm-02-transitions/workload-0002-repeat-00.csv,69b565ac15468c89f1977234d565b32bc29b0c4b3cabd1ca7c21879cc600aa8c,cbbacb9d51862c2e30b35986d4d3970570cc7e3da66e7e640543a22ee79e645a,2,length-decrease-early,149,185,221,published,-1,"{""alpha"": 0, ""hop"": 37, ""n"": 128, ""octave"": 0, ""rate"": 48000, ""window"": 8}",36,0.75,72,1.5
3aeff8d50243a034,m1-pro-16gb-local,cd03870a682eac289f016e41b821d847234f3b75cb944ca15b75f10f5a9c4437,core-double,double,spec012-confirm-02,0,interactive-v1,False,2368,48000,64,/Users/christiankauten/Documents/Projects/Rack/plugins/Fourier/.build/spec012/confirm-02-transitions/workload-0002-repeat-00.csv,69b565ac15468c89f1977234d565b32bc29b0c4b3cabd1ca7c21879cc600aa8c,cbbacb9d51862c2e30b35986d4d3970570cc7e3da66e7e640543a22ee79e645a,3,hop-increase-middle,240,259,332,published,-1,"{""alpha"": 0, ""hop"": 74, ""n"": 128, ""octave"": 0, ""rate"": 48000, ""window"": 8}",19,0.3958333333333333,92,1.9166666666666667
3aeff8d50243a034,m1-pro-16gb-local,cd03870a682eac289f016e41b821d847234f3b75cb944ca15b75f10f5a9c4437,core-double,double,spec012-confirm-02,0,interactive-v1,False,2368,48000,64,/Users/christiankauten/Documents/Projects/Rack/plugins/Fourier/.build/spec012/confirm-02-transitions/workload-0002-repeat-00.csv,69b565ac15468c89f1977234d565b32bc29b0c4b3cabd1ca7c21879cc600aa8c,cbbacb9d51862c2e30b35986d4d3970570cc7e3da66e7e640543a22ee79e645a,4,window-late,405,407,480,published,-1,"{""alpha"": 0, ""hop"": 74, ""n"": 128, ""octave"": 0, ""rate"": 48000, ""window"": 11}",2,0.041666666666666664,75,1.5625
3aeff8d50243a034,m1-pro-16gb-local,cd03870a682eac289f016e41b821d847234f3b75cb944ca15b75f10f5a9c4437,core-double,double,spec012-confirm-02,0,interactive-v1,False,2368,48000,64,/Users/christiankauten/Documents/Projects/Rack/plugins/Fourier/.build/spec012/confirm-02-transitions/workload-0002-repeat-00.csv,69b565ac15468c89f1977234d565b32bc29b0c4b3cabd1ca7c21879cc600aa8c,cbbacb9d51862c2e30b35986d4d3970570cc7e3da66e7e640543a22ee79e645a,5,smoothing-before-publication,480,481,554,published,-1,"{""alpha"": 0.800000011920929, ""hop"": 74, ""n"": 128, ""octave"": 0.3333333432674408, ""rate"": 48000, ""window"": 11}",1,0.020833333333333332,74,1.5416666666666667
3aeff8d50243a034,m1-pro-16gb-local,cd03870a682eac289f016e41b821d847234f3b75cb944ca15b75f10f5a9c4437,core-double,double,spec012-confirm-02,0,interactive-v1,False,2368,48000,64,/Users/christiankauten/Documents/Projects/Rack/plugins/Fourier/.build/spec012/confirm-02-transitions/workload-0002-repeat-00.csv,69b565ac15468c89f1977234d565b32bc29b0c4b3cabd1ca7c21879cc600aa8c,cbbacb9d51862c2e30b35986d4d3970570cc7e3da66e7e640543a22ee79e645a,6,no-op-boundary,555,555,628,published,-1,"{""alpha"": 0.800000011920929, ""hop"": 74, ""n"": 128, ""octave"": 0.3333333432674408, ""rate"": 48000, ""window"": 11}",0,0.0,73,1.5208333333333333
3aeff8d50243a034,m1-pro-16gb-local,cd03870a682eac289f016e41b821d847234f3b75cb944ca15b75f10f5a9c4437,core-double,double,spec012-confirm-02,0,interactive-v1,False,2368,48000,64,/Users/christiankauten/Documents/Projects/Rack/plugins/Fourier/.build/spec012/confirm-02-transitions/workload-0002-repeat-00.csv,69b565ac15468c89f1977234d565b32bc29b0c4b3cabd1ca7c21879cc600aa8c,cbbacb9d51862c2e30b35986d4d3970570cc7e3da66e7e640543a22ee79e645a,7,replace-pending-first,630,-1,-1,replaced,8,"{""alpha"": 0.800000011920929, ""hop"": 74, ""n"": 128, ""octave"": 0.3333333432674408, ""rate"": 48000, ""window"": 8}",,,,
3aeff8d50243a034,m1-pro-16gb-local,cd03870a682eac289f016e41b821d847234f3b75cb944ca15b75f10f5a9c4437,core-double,double,spec012-confirm-02,0,interactive-v1,False,2368,48000,64,/Users/christiankauten/Documents/Projects/Rack/plugins/Fourier/.build/spec012/confirm-02-transitions/workload-0002-repeat-00.csv,69b565ac15468c89f1977234d565b32bc29b0c4b3cabd1ca7c21879cc600aa8c,cbbacb9d51862c2e30b35986d4d3970570cc7e3da66e7e640543a22ee79e645a,8,replace-pending-last,631,703,776,published,-1,"{""alpha"": 0, ""hop"": 74, ""n"": 128, ""octave"": 0.3333333432674408, ""rate"": 48000, ""window"": 8}",72,1.5,145,3.0208333333333335
3aeff8d50243a034,m1-pro-16gb-local,cd03870a682eac289f016e41b821d847234f3b75cb944ca15b75f10f5a9c4437,core-double,double,spec012-confirm-02,0,interactive-v1,False,2368,48000,64,/Users/christiankauten/Documents/Projects/Rack/plugins/Fourier/.build/spec012/confirm-02-transitions/workload-0002-repeat-00.csv,69b565ac15468c89f1977234d565b32bc29b0c4b3cabd1ca7c21879cc600aa8c,cbbacb9d51862c2e30b35986d4d3970570cc7e3da66e7e640543a22ee79e645a,9,hop-decrease-boundary,777,777,794,published,-1,"{""alpha"": 0, ""hop"": 18, ""n"": 128, ""octave"": 0.3333333432674408, ""rate"": 48000, ""window"": 8}",0,0.0,17,0.3541666666666667
3aeff8d50243a034,m1-pro-16gb-local,cd03870a682eac289f016e41b821d847234f3b75cb944ca15b75f10f5a9c4437,core-double,double,spec012-confirm-02,0,interactive-v1,False,2368,48000,64,/Users/christiankauten/Documents/Projects/Rack/plugins/Fourier/.build/spec012/confirm-02-transitions/workload-0002-repeat-00.csv,69b565ac15468c89f1977234d565b32bc29b0c4b3cabd1ca7c21879cc600aa8c,cbbacb9d51862c2e30b35986d4d3970570cc7e3da66e7e640543a22ee79e645a,10,smoothing-disable,852,867,884,published,-1,"{""alpha"": 0, ""hop"": 18, ""n"": 128, ""octave"": 0, ""rate"": 48000, ""window"": 8}",15,0.3125,32,0.6666666666666666
3aeff8d50243a034,m1-pro-16gb-local,cd03870a682eac289f016e41b821d847234f3b75cb944ca15b75f10f5a9c4437,core-double,double,spec012-confirm-02,0,interactive-v1,False,2368,48000,64,/Users/christiankauten/Documents/Projects/Rack/plugins/Fourier/.build/spec012/confirm-02-transitions/workload-0002-repeat-00.csv,69b565ac15468c89f1977234d565b32bc29b0c4b3cabd1ca7c21879cc600aa8c,cbbacb9d51862c2e30b35986d4d3970570cc7e3da66e7e640543a22ee79e645a,11,horizon-no-response,2367,-1,-1,pending-no-response,-1,"{""alpha"": 0, ""hop"": 18, ""n"": 128, ""octave"": 0, ""rate"": 48000, ""window"": 0}",,,,
3aeff8d50243a034,m1-pro-16gb-local,cd03870a682eac289f016e41b821d847234f3b75cb944ca15b75f10f5a9c4437,core-double,double,spec012-confirm-02,1,interactive-v1,False,2368,48000,64,/Users/christiankauten/Documents/Projects/Rack/plugins/Fourier/.build/spec012/confirm-02-transitions/workload-0002-repeat-01.csv,8656baad9a7db2899e0d658337265e1eab5b58c174a26769d8c384f63d523cd6,cbbacb9d51862c2e30b35986d4d3970570cc7e3da66e7e640543a22ee79e645a,1,length-increase-boundary,74,74,110,published,-1,"{""alpha"": 0, ""hop"": 37, ""n"": 1024, ""octave"": 0, ""rate"": 48000, ""window"": 8}",0,0.0,36,0.75
3aeff8d50243a034,m1-pro-16gb-local,cd03870a682eac289f016e41b821d847234f3b75cb944ca15b75f10f5a9c4437,core-double,double,spec012-confirm-02,1,interactive-v1,False,2368,48000,64,/Users/christiankauten/Documents/Projects/Rack/plugins/Fourier/.build/spec012/confirm-02-transitions/workload-0002-repeat-01.csv,8656baad9a7db2899e0d658337265e1eab5b58c174a26769d8c384f63d523cd6,cbbacb9d51862c2e30b35986d4d3970570cc7e3da66e7e640543a22ee79e645a,2,length-decrease-early,149,185,221,published,-1,"{""alpha"": 0, ""hop"": 37, ""n"": 128, ""octave"": 0, ""rate"": 48000, ""window"": 8}",36,0.75,72,1.5
3aeff8d50243a034,m1-pro-16gb-local,cd03870a682eac289f016e41b821d847234f3b75cb944ca15b75f10f5a9c4437,core-double,double,spec012-confirm-02,1,interactive-v1,False,2368,48000,64,/Users/christiankauten/Documents/Projects/Rack/plugins/Fourier/.build/spec012/confirm-02-transitions/workload-0002-repeat-01.csv,8656baad9a7db2899e0d658337265e1eab5b58c174a26769d8c384f63d523cd6,cbbacb9d51862c2e30b35986d4d3970570cc7e3da66e7e640543a22ee79e645a,3,hop-increase-middle,240,259,332,published,-1,"{""alpha"": 0, ""hop"": 74, ""n"": 128, ""octave"": 0, ""rate"": 48000, ""window"": 8}",19,0.3958333333333333,92,1.9166666666666667
3aeff8d50243a034,m1-pro-16gb-local,cd03870a682eac289f016e41b821d847234f3b75cb944ca15b75f10f5a9c4437,core-double,double,spec012-confirm-02,1,interactive-v1,False,2368,48000,64,/Users/christiankauten/Documents/Projects/Rack/plugins/Fourier/.build/spec012/confirm-02-transitions/workload-0002-repeat-01.csv,8656baad9a7db2899e0d658337265e1eab5b58c174a26769d8c384f63d523cd6,cbbacb9d51862c2e30b35986d4d3970570cc7e3da66e7e640543a22ee79e645a,4,window-late,405,407,480,published,-1,"{""alpha"": 0, ""hop"": 74, ""n"": 128, ""octave"": 0, ""rate"": 48000, ""window"": 11}",2,0.041666666666666664,75,1.5625
3aeff8d50243a034,m1-pro-16gb-local,cd03870a682eac289f016e41b821d847234f3b75cb944ca15b75f10f5a9c4437,core-double,double,spec012-confirm-02,1,interactive-v1,False,2368,48000,64,/Users/christiankauten/Documents/Projects/Rack/plugins/Fourier/.build/spec012/confirm-02-transitions/workload-0002-repeat-01.csv,8656baad9a7db2899e0d658337265e1eab5b58c174a26769d8c384f63d523cd6,cbbacb9d51862c2e30b35986d4d3970570cc7e3da66e7e640543a22ee79e645a,5,smoothing-before-publication,480,481,554,published,-1,"{""alpha"": 0.800000011920929, ""hop"": 74, ""n"": 128, ""octave"": 0.3333333432674408, ""rate"": 48000, ""window"": 11}",1,0.020833333333333332,74,1.5416666666666667
3aeff8d50243a034,m1-pro-16gb-local,cd03870a682eac289f016e41b821d847234f3b75cb944ca15b75f10f5a9c4437,core-double,double,spec012-confirm-02,1,interactive-v1,False,2368,48000,64,/Users/christiankauten/Documents/Projects/Rack/plugins/Fourier/.build/spec012/confirm-02-transitions/workload-0002-repeat-01.csv,8656baad9a7db2899e0d658337265e1eab5b58c174a26769d8c384f63d523cd6,cbbacb9d51862c2e30b35986d4d3970570cc7e3da66e7e640543a22ee79e645a,6,no-op-boundary,555,555,628,published,-1,"{""alpha"": 0.800000011920929, ""hop"": 74, ""n"": 128, ""octave"": 0.3333333432674408, ""rate"": 48000, ""window"": 11}",0,0.0,73,1.5208333333333333
3aeff8d50243a034,m1-pro-16gb-local,cd03870a682eac289f016e41b821d847234f3b75cb944ca15b75f10f5a9c4437,core-double,double,spec012-confirm-02,1,interactive-v1,False,2368,48000,64,/Users/christiankauten/Documents/Projects/Rack/plugins/Fourier/.build/spec012/confirm-02-transitions/workload-0002-repeat-01.csv,8656baad9a7db2899e0d658337265e1eab5b58c174a26769d8c384f63d523cd6,cbbacb9d51862c2e30b35986d4d3970570cc7e3da66e7e640543a22ee79e645a,7,replace-pending-first,630,-1,-1,replaced,8,"{""alpha"": 0.800000011920929, ""hop"": 74, ""n"": 128, ""octave"": 0.3333333432674408, ""rate"": 48000, ""window"": 8}",,,,
3aeff8d50243a034,m1-pro-16gb-local,cd03870a682eac289f016e41b821d847234f3b75cb944ca15b75f10f5a9c4437,core-double,double,spec012-confirm-02,1,interactive-v1,False,2368,48000,64,/Users/christiankauten/Documents/Projects/Rack/plugins/Fourier/.build/spec012/confirm-02-transitions/workload-0002-repeat-01.csv,8656baad9a7db2899e0d658337265e1eab5b58c174a26769d8c384f63d523cd6,cbbacb9d51862c2e30b35986d4d3970570cc7e3da66e7e640543a22ee79e645a,8,replace-pending-last,631,703,776,published,-1,"{""alpha"": 0, ""hop"": 74, ""n"": 128, ""octave"": 0.3333333432674408, ""rate"": 48000, ""window"": 8}",72,1.5,145,3.0208333333333335
3aeff8d50243a034,m1-pro-16gb-local,cd03870a682eac289f016e41b821d847234f3b75cb944ca15b75f10f5a9c4437,core-double,double,spec012-confirm-02,1,interactive-v1,False,2368,48000,64,/Users/christiankauten/Documents/Projects/Rack/plugins/Fourier/.build/spec012/confirm-02-transitions/workload-0002-repeat-01.csv,8656baad9a7db2899e0d658337265e1eab5b58c174a26769d8c384f63d523cd6,cbbacb9d51862c2e30b35986d4d3970570cc7e3da66e7e640543a22ee79e645a,9,hop-decrease-boundary,777,777,794,published,-1,"{""alpha"": 0, ""hop"": 18, ""n"": 128, ""octave"": 0.3333333432674408, ""rate"": 48000, ""window"": 8}",0,0.0,17,0.3541666666666667
3aeff8d50243a034,m1-pro-16gb-local,cd03870a682eac289f016e41b821d847234f3b75cb944ca15b75f10f5a9c4437,core-double,double,spec012-confirm-02,1,interactive-v1,False,2368,48000,64,/Users/christiankauten/Documents/Projects/Rack/plugins/Fourier/.build/spec012/confirm-02-transitions/workload-0002-repeat-01.csv,8656baad9a7db2899e0d658337265e1eab5b58c174a26769d8c384f63d523cd6,cbbacb9d51862c2e30b35986d4d3970570cc7e3da66e7e640543a22ee79e645a,10,smoothing-disable,852,867,884,published,-1,"{""alpha"": 0, ""hop"": 18, ""n"": 128, ""octave"": 0, ""rate"": 48000, ""window"": 8}",15,0.3125,32,0.6666666666666666
3aeff8d50243a034,m1-pro-16gb-local,cd03870a682eac289f016e41b821d847234f3b75cb944ca15b75f10f5a9c4437,core-double,double,spec012-confirm-02,1,interactive-v1,False,2368,48000,64,/Users/christiankauten/Documents/Projects/Rack/plugins/Fourier/.build/spec012/confirm-02-transitions/workload-0002-repeat-01.csv,8656baad9a7db2899e0d658337265e1eab5b58c174a26769d8c384f63d523cd6,cbbacb9d51862c2e30b35986d4d3970570cc7e3da66e7e640543a22ee79e645a,11,horizon-no-response,2367,-1,-1,pending-no-response,-1,"{""alpha"": 0, ""hop"": 18, ""n"": 128, ""octave"": 0, ""rate"": 48000, ""window"": 0}",,,,
3aeff8d50243a034,m1-pro-16gb-local,cd03870a682eac289f016e41b821d847234f3b75cb944ca15b75f10f5a9c4437,core-double,double,spec012-confirm-02,2,interactive-v1,False,2368,48000,64,/Users/christiankauten/Documents/Projects/Rack/plugins/Fourier/.build/spec012/confirm-02-transitions/workload-0002-repeat-02.csv,78a0a9b16faa189839d1df85e7907be4625692471b1b8177bbbf74ba3b2ffbaf,cbbacb9d51862c2e30b35986d4d3970570cc7e3da66e7e640543a22ee79e645a,1,length-increase-boundary,74,74,110,published,-1,"{""alpha"": 0, ""hop"": 37, ""n"": 1024, ""octave"": 0, ""rate"": 48000, ""window"": 8}",0,0.0,36,0.75
3aeff8d50243a034,m1-pro-16gb-local,cd03870a682eac289f016e41b821d847234f3b75cb944ca15b75f10f5a9c4437,core-double,double,spec012-confirm-02,2,interactive-v1,False,2368,48000,64,/Users/christiankauten/Documents/Projects/Rack/plugins/Fourier/.build/spec012/confirm-02-transitions/workload-0002-repeat-02.csv,78a0a9b16faa189839d1df85e7907be4625692471b1b8177bbbf74ba3b2ffbaf,cbbacb9d51862c2e30b35986d4d3970570cc7e3da66e7e640543a22ee79e645a,2,length-decrease-early,149,185,221,published,-1,"{""alpha"": 0, ""hop"": 37, ""n"": 128, ""octave"": 0, ""rate"": 48000, ""window"": 8}",36,0.75,72,1.5
3aeff8d50243a034,m1-pro-16gb-local,cd03870a682eac289f016e41b821d847234f3b75cb944ca15b75f10f5a9c4437,core-double,double,spec012-confirm-02,2,interactive-v1,False,2368,48000,64,/Users/christiankauten/Documents/Projects/Rack/plugins/Fourier/.build/spec012/confirm-02-transitions/workload-0002-repeat-02.csv,78a0a9b16faa189839d1df85e7907be4625692471b1b8177bbbf74ba3b2ffbaf,cbbacb9d51862c2e30b35986d4d3970570cc7e3da66e7e640543a22ee79e645a,3,hop-increase-middle,240,259,332,published,-1,"{""alpha"": 0, ""hop"": 74, ""n"": 128, ""octave"": 0, ""rate"": 48000, ""window"": 8}",19,0.3958333333333333,92,1.9166666666666667
3aeff8d50243a034,m1-pro-16gb-local,cd03870a682eac289f016e41b821d847234f3b75cb944ca15b75f10f5a9c4437,core-double,double,spec012-confirm-02,2,interactive-v1,False,2368,48000,64,/Users/christiankauten/Documents/Projects/Rack/plugins/Fourier/.build/spec012/confirm-02-transitions/workload-0002-repeat-02.csv,78a0a9b16faa189839d1df85e7907be4625692471b1b8177bbbf74ba3b2ffbaf,cbbacb9d51862c2e30b35986d4d3970570cc7e3da66e7e640543a22ee79e645a,4,window-late,405,407,480,published,-1,"{""alpha"": 0, ""hop"": 74, ""n"": 128, ""octave"": 0, ""rate"": 48000, ""window"": 11}",2,0.041666666666666664,75,1.5625
3aeff8d50243a034,m1-pro-16gb-local,cd03870a682eac289f016e41b821d847234f3b75cb944ca15b75f10f5a9c4437,core-double,double,spec012-confirm-02,2,interactive-v1,False,2368,48000,64,/Users/christiankauten/Documents/Projects/Rack/plugins/Fourier/.build/spec012/confirm-02-transitions/workload-0002-repeat-02.csv,78a0a9b16faa189839d1df85e7907be4625692471b1b8177bbbf74ba3b2ffbaf,cbbacb9d51862c2e30b35986d4d3970570cc7e3da66e7e640543a22ee79e645a,5,smoothing-before-publication,480,481,554,published,-1,"{""alpha"": 0.800000011920929, ""hop"": 74, ""n"": 128, ""octave"": 0.3333333432674408, ""rate"": 48000, ""window"": 11}",1,0.020833333333333332,74,1.5416666666666667
3aeff8d50243a034,m1-pro-16gb-local,cd03870a682eac289f016e41b821d847234f3b75cb944ca15b75f10f5a9c4437,core-double,double,spec012-confirm-02,2,interactive-v1,False,2368,48000,64,/Users/christiankauten/Documents/Projects/Rack/plugins/Fourier/.build/spec012/confirm-02-transitions/workload-0002-repeat-02.csv,78a0a9b16faa189839d1df85e7907be4625692471b1b8177bbbf74ba3b2ffbaf,cbbacb9d51862c2e30b35986d4d3970570cc7e3da66e7e640543a22ee79e645a,6,no-op-boundary,555,555,628,published,-1,"{""alpha"": 0.800000011920929, ""hop"": 74, ""n"": 128, ""octave"": 0.3333333432674408, ""rate"": 48000, ""window"": 11}",0,0.0,73,1.5208333333333333
3aeff8d50243a034,m1-pro-16gb-local,cd03870a682eac289f016e41b821d847234f3b75cb944ca15b75f10f5a9c4437,core-double,double,spec012-confirm-02,2,interactive-v1,False,2368,48000,64,/Users/christiankauten/Documents/Projects/Rack/plugins/Fourier/.build/spec012/confirm-02-transitions/workload-0002-repeat-02.csv,78a0a9b16faa189839d1df85e7907be4625692471b1b8177bbbf74ba3b2ffbaf,cbbacb9d51862c2e30b35986d4d3970570cc7e3da66e7e640543a22ee79e645a,7,replace-pending-first,630,-1,-1,replaced,8,"{""alpha"": 0.800000011920929, ""hop"": 74, ""n"": 128, ""octave"": 0.3333333432674408, ""rate"": 48000, ""window"": 8}",,,,
3aeff8d50243a034,m1-pro-16gb-local,cd03870a682eac289f016e41b821d847234f3b75cb944ca15b75f10f5a9c4437,core-double,double,spec012-confirm-02,2,interactive-v1,False,2368,48000,64,/Users/christiankauten/Documents/Projects/Rack/plugins/Fourier/.build/spec012/confirm-02-transitions/workload-0002-repeat-02.csv,78a0a9b16faa189839d1df85e7907be4625692471b1b8177bbbf74ba3b2ffbaf,cbbacb9d51862c2e30b35986d4d3970570cc7e3da66e7e640543a22ee79e645a,8,replace-pending-last,631,703,776,published,-1,"{""alpha"": 0, ""hop"": 74, ""n"": 128, ""octave"": 0.3333333432674408, ""rate"": 48000, ""window"": 8}",72,1.5,145,3.0208333333333335
3aeff8d50243a034,m1-pro-16gb-local,cd03870a682eac289f016e41b821d847234f3b75cb944ca15b75f10f5a9c4437,core-double,double,spec012-confirm-02,2,interactive-v1,False,2368,48000,64,/Users/christiankauten/Documents/Projects/Rack/plugins/Fourier/.build/spec012/confirm-02-transitions/workload-0002-repeat-02.csv,78a0a9b16faa189839d1df85e7907be4625692471b1b8177bbbf74ba3b2ffbaf,cbbacb9d51862c2e30b35986d4d3970570cc7e3da66e7e640543a22ee79e645a,9,hop-decrease-boundary,777,777,794,published,-1,"{""alpha"": 0, ""hop"": 18, ""n"": 128, ""octave"": 0.3333333432674408, ""rate"": 48000, ""window"": 8}",0,0.0,17,0.3541666666666667
3aeff8d50243a034,m1-pro-16gb-local,cd03870a682eac289f016e41b821d847234f3b75cb944ca15b75f10f5a9c4437,core-double,double,spec012-confirm-02,2,interactive-v1,False,2368,48000,64,/Users/christiankauten/Documents/Projects/Rack/plugins/Fourier/.build/spec012/confirm-02-transitions/workload-0002-repeat-02.csv,78a0a9b16faa189839d1df85e7907be4625692471b1b8177bbbf74ba3b2ffbaf,cbbacb9d51862c2e30b35986d4d3970570cc7e3da66e7e640543a22ee79e645a,10,smoothing-disable,852,867,884,published,-1,"{""alpha"": 0, ""hop"": 18, ""n"": 128, ""octave"": 0, ""rate"": 48000, ""window"": 8}",15,0.3125,32,0.6666666666666666
3aeff8d50243a034,m1-pro-16gb-local,cd03870a682eac289f016e41b821d847234f3b75cb944ca15b75f10f5a9c4437,core-double,double,spec012-confirm-02,2,interactive-v1,False,2368,48000,64,/Users/christiankauten/Documents/Projects/Rack/plugins/Fourier/.build/spec012/confirm-02-transitions/workload-0002-repeat-02.csv,78a0a9b16faa189839d1df85e7907be4625692471b1b8177bbbf74ba3b2ffbaf,cbbacb9d51862c2e30b35986d4d3970570cc7e3da66e7e640543a22ee79e645a,11,horizon-no-response,2367,-1,-1,pending-no-response,-1,"{""alpha"": 0, ""hop"": 18, ""n"": 128, ""octave"": 0, ""rate"": 48000, ""window"": 0}",,,,
3aeff8d50243a034,m1-pro-16gb-local,cd03870a682eac289f016e41b821d847234f3b75cb944ca15b75f10f5a9c4437,core-double,double,spec012-confirm-03,0,interactive-v1,False,2368,48000,64,/Users/christiankauten/Documents/Projects/Rack/plugins/Fourier/.build/spec012/confirm-03-transitions/workload-0002-repeat-00.csv,91bf3681bdce4d199d56b8e1d1b778920b423188e50747b5243fd5da411dddc8,cbbacb9d51862c2e30b35986d4d3970570cc7e3da66e7e640543a22ee79e645a,1,length-increase-boundary,74,74,110,published,-1,"{""alpha"": 0, ""hop"": 37, ""n"": 1024, ""octave"": 0, ""rate"": 48000, ""window"": 8}",0,0.0,36,0.75
3aeff8d50243a034,m1-pro-16gb-local,cd03870a682eac289f016e41b821d847234f3b75cb944ca15b75f10f5a9c4437,core-double,double,spec012-confirm-03,0,interactive-v1,False,2368,48000,64,/Users/christiankauten/Documents/Projects/Rack/plugins/Fourier/.build/spec012/confirm-03-transitions/workload-0002-repeat-00.csv,91bf3681bdce4d199d56b8e1d1b778920b423188e50747b5243fd5da411dddc8,cbbacb9d51862c2e30b35986d4d3970570cc7e3da66e7e640543a22ee79e645a,2,length-decrease-early,149,185,221,published,-1,"{""alpha"": 0, ""hop"": 37, ""n"": 128, ""octave"": 0, ""rate"": 48000, ""window"": 8}",36,0.75,72,1.5
3aeff8d50243a034,m1-pro-16gb-local,cd03870a682eac289f016e41b821d847234f3b75cb944ca15b75f10f5a9c4437,core-double,double,spec012-confirm-03,0,interactive-v1,False,2368,48000,64,/Users/christiankauten/Documents/Projects/Rack/plugins/Fourier/.build/spec012/confirm-03-transitions/workload-0002-repeat-00.csv,91bf3681bdce4d199d56b8e1d1b778920b423188e50747b5243fd5da411dddc8,cbbacb9d51862c2e30b35986d4d3970570cc7e3da66e7e640543a22ee79e645a,3,hop-increase-middle,240,259,332,published,-1,"{""alpha"": 0, ""hop"": 74, ""n"": 128, ""octave"": 0, ""rate"": 48000, ""window"": 8}",19,0.3958333333333333,92,1.9166666666666667
3aeff8d50243a034,m1-pro-16gb-local,cd03870a682eac289f016e41b821d847234f3b75cb944ca15b75f10f5a9c4437,core-double,double,spec012-confirm-03,0,interactive-v1,False,2368,48000,64,/Users/christiankauten/Documents/Projects/Rack/plugins/Fourier/.build/spec012/confirm-03-transitions/workload-0002-repeat-00.csv,91bf3681bdce4d199d56b8e1d1b778920b423188e50747b5243fd5da411dddc8,cbbacb9d51862c2e30b35986d4d3970570cc7e3da66e7e640543a22ee79e645a,4,window-late,405,407,480,published,-1,"{""alpha"": 0, ""hop"": 74, ""n"": 128, ""octave"": 0, ""rate"": 48000, ""window"": 11}",2,0.041666666666666664,75,1.5625
3aeff8d50243a034,m1-pro-16gb-local,cd03870a682eac289f016e41b821d847234f3b75cb944ca15b75f10f5a9c4437,core-double,double,spec012-confirm-03,0,interactive-v1,False,2368,48000,64,/Users/christiankauten/Documents/Projects/Rack/plugins/Fourier/.build/spec012/confirm-03-transitions/workload-0002-repeat-00.csv,91bf3681bdce4d199d56b8e1d1b778920b423188e50747b5243fd5da411dddc8,cbbacb9d51862c2e30b35986d4d3970570cc7e3da66e7e640543a22ee79e645a,5,smoothing-before-publication,480,481,554,published,-1,"{""alpha"": 0.800000011920929, ""hop"": 74, ""n"": 128, ""octave"": 0.3333333432674408, ""rate"": 48000, ""window"": 11}",1,0.020833333333333332,74,1.5416666666666667
3aeff8d50243a034,m1-pro-16gb-local,cd03870a682eac289f016e41b821d847234f3b75cb944ca15b75f10f5a9c4437,core-double,double,spec012-confirm-03,0,interactive-v1,False,2368,48000,64,/Users/christiankauten/Documents/Projects/Rack/plugins/Fourier/.build/spec012/confirm-03-transitions/workload-0002-repeat-00.csv,91bf3681bdce4d199d56b8e1d1b778920b423188e50747b5243fd5da411dddc8,cbbacb9d51862c2e30b35986d4d3970570cc7e3da66e7e640543a22ee79e645a,6,no-op-boundary,555,555,628,published,-1,"{""alpha"": 0.800000011920929, ""hop"": 74, ""n"": 128, ""octave"": 0.3333333432674408, ""rate"": 48000, ""window"": 11}",0,0.0,73,1.5208333333333333
3aeff8d50243a034,m1-pro-16gb-local,cd03870a682eac289f016e41b821d847234f3b75cb944ca15b75f10f5a9c4437,core-double,double,spec012-confirm-03,0,interactive-v1,False,2368,48000,64,/Users/christiankauten/Documents/Projects/Rack/plugins/Fourier/.build/spec012/confirm-03-transitions/workload-0002-repeat-00.csv,91bf3681bdce4d199d56b8e1d1b778920b423188e50747b5243fd5da411dddc8,cbbacb9d51862c2e30b35986d4d3970570cc7e3da66e7e640543a22ee79e645a,7,replace-pending-first,630,-1,-1,replaced,8,"{""alpha"": 0.800000011920929, ""hop"": 74, ""n"": 128, ""octave"": 0.3333333432674408, ""rate"": 48000, ""window"": 8}",,,,
3aeff8d50243a034,m1-pro-16gb-local,cd03870a682eac289f016e41b821d847234f3b75cb944ca15b75f10f5a9c4437,core-double,double,spec012-confirm-03,0,interactive-v1,False,2368,48000,64,/Users/christiankauten/Documents/Projects/Rack/plugins/Fourier/.build/spec012/confirm-03-transitions/workload-0002-repeat-00.csv,91bf3681bdce4d199d56b8e1d1b778920b423188e50747b5243fd5da411dddc8,cbbacb9d51862c2e30b35986d4d3970570cc7e3da66e7e640543a22ee79e645a,8,replace-pending-last,631,703,776,published,-1,"{""alpha"": 0, ""hop"": 74, ""n"": 128, ""octave"": 0.3333333432674408, ""rate"": 48000, ""window"": 8}",72,1.5,145,3.0208333333333335
3aeff8d50243a034,m1-pro-16gb-local,cd03870a682eac289f016e41b821d847234f3b75cb944ca15b75f10f5a9c4437,core-double,double,spec012-confirm-03,0,interactive-v1,False,2368,48000,64,/Users/christiankauten/Documents/Projects/Rack/plugins/Fourier/.build/spec012/confirm-03-transitions/workload-0002-repeat-00.csv,91bf3681bdce4d199d56b8e1d1b778920b423188e50747b5243fd5da411dddc8,cbbacb9d51862c2e30b35986d4d3970570cc7e3da66e7e640543a22ee79e645a,9,hop-decrease-boundary,777,777,794,published,-1,"{""alpha"": 0, ""hop"": 18, ""n"": 128, ""octave"": 0.3333333432674408, ""rate"": 48000, ""window"": 8}",0,0.0,17,0.3541666666666667
3aeff8d50243a034,m1-pro-16gb-local,cd03870a682eac289f016e41b821d847234f3b75cb944ca15b75f10f5a9c4437,core-double,double,spec012-confirm-03,0,interactive-v1,False,2368,48000,64,/Users/christiankauten/Documents/Projects/Rack/plugins/Fourier/.build/spec012/confirm-03-transitions/workload-0002-repeat-00.csv,91bf3681bdce4d199d56b8e1d1b778920b423188e50747b5243fd5da411dddc8,cbbacb9d51862c2e30b35986d4d3970570cc7e3da66e7e640543a22ee79e645a,10,smoothing-disable,852,867,884,published,-1,"{""alpha"": 0, ""hop"": 18, ""n"": 128, ""octave"": 0, ""rate"": 48000, ""window"": 8}",15,0.3125,32,0.6666666666666666
3aeff8d50243a034,m1-pro-16gb-local,cd03870a682eac289f016e41b821d847234f3b75cb944ca15b75f10f5a9c4437,core-double,double,spec012-confirm-03,0,interactive-v1,False,2368,48000,64,/Users/christiankauten/Documents/Projects/Rack/plugins/Fourier/.build/spec012/confirm-03-transitions/workload-0002-repeat-00.csv,91bf3681bdce4d199d56b8e1d1b778920b423188e50747b5243fd5da411dddc8,cbbacb9d51862c2e30b35986d4d3970570cc7e3da66e7e640543a22ee79e645a,11,horizon-no-response,2367,-1,-1,pending-no-response,-1,"{""alpha"": 0, ""hop"": 18, ""n"": 128, ""octave"": 0, ""rate"": 48000, ""window"": 0}",,,,
3aeff8d50243a034,m1-pro-16gb-local,cd03870a682eac289f016e41b821d847234f3b75cb944ca15b75f10f5a9c4437,core-double,double,spec012-confirm-03,1,interactive-v1,False,2368,48000,64,/Users/christiankauten/Documents/Projects/Rack/plugins/Fourier/.build/spec012/confirm-03-transitions/workload-0002-repeat-01.csv,45df509935689cbffdd22a7df28e595d97d101047f1b86d202c5e15a715c6d8e,cbbacb9d51862c2e30b35986d4d3970570cc7e3da66e7e640543a22ee79e645a,1,length-increase-boundary,74,74,110,published,-1,"{""alpha"": 0, ""hop"": 37, ""n"": 1024, ""octave"": 0, ""rate"": 48000, ""window"": 8}",0,0.0,36,0.75
3aeff8d50243a034,m1-pro-16gb-local,cd03870a682eac289f016e41b821d847234f3b75cb944ca15b75f10f5a9c4437,core-double,double,spec012-confirm-03,1,interactive-v1,False,2368,48000,64,/Users/christiankauten/Documents/Projects/Rack/plugins/Fourier/.build/spec012/confirm-03-transitions/workload-0002-repeat-01.csv,45df509935689cbffdd22a7df28e595d97d101047f1b86d202c5e15a715c6d8e,cbbacb9d51862c2e30b35986d4d3970570cc7e3da66e7e640543a22ee79e645a,2,length-decrease-early,149,185,221,published,-1,"{""alpha"": 0, ""hop"": 37, ""n"": 128, ""octave"": 0, ""rate"": 48000, ""window"": 8}",36,0.75,72,1.5
3aeff8d50243a034,m1-pro-16gb-local,cd03870a682eac289f016e41b821d847234f3b75cb944ca15b75f10f5a9c4437,core-double,double,spec012-confirm-03,1,interactive-v1,False,2368,48000,64,/Users/christiankauten/Documents/Projects/Rack/plugins/Fourier/.build/spec012/confirm-03-transitions/workload-0002-repeat-01.csv,45df509935689cbffdd22a7df28e595d97d101047f1b86d202c5e15a715c6d8e,cbbacb9d51862c2e30b35986d4d3970570cc7e3da66e7e640543a22ee79e645a,3,hop-increase-middle,240,259,332,published,-1,"{""alpha"": 0, ""hop"": 74, ""n"": 128, ""octave"": 0, ""rate"": 48000, ""window"": 8}",19,0.3958333333333333,92,1.9166666666666667
3aeff8d50243a034,m1-pro-16gb-local,cd03870a682eac289f016e41b821d847234f3b75cb944ca15b75f10f5a9c4437,core-double,double,spec012-confirm-03,1,interactive-v1,False,2368,48000,64,/Users/christiankauten/Documents/Projects/Rack/plugins/Fourier/.build/spec012/confirm-03-transitions/workload-0002-repeat-01.csv,45df509935689cbffdd22a7df28e595d97d101047f1b86d202c5e15a715c6d8e,cbbacb9d51862c2e30b35986d4d3970570cc7e3da66e7e640543a22ee79e645a,4,window-late,405,407,480,published,-1,"{""alpha"": 0, ""hop"": 74, ""n"": 128, ""octave"": 0, ""rate"": 48000, ""window"": 11}",2,0.041666666666666664,75,1.5625
3aeff8d50243a034,m1-pro-16gb-local,cd03870a682eac289f016e41b821d847234f3b75cb944ca15b75f10f5a9c4437,core-double,double,spec012-confirm-03,1,interactive-v1,False,2368,48000,64,/Users/christiankauten/Documents/Projects/Rack/plugins/Fourier/.build/spec012/confirm-03-transitions/workload-0002-repeat-01.csv,45df509935689cbffdd22a7df28e595d97d101047f1b86d202c5e15a715c6d8e,cbbacb9d51862c2e30b35986d4d3970570cc7e3da66e7e640543a22ee79e645a,5,smoothing-before-publication,480,481,554,published,-1,"{""alpha"": 0.800000011920929, ""hop"": 74, ""n"": 128, ""octave"": 0.3333333432674408, ""rate"": 48000, ""window"": 11}",1,0.020833333333333332,74,1.5416666666666667
3aeff8d50243a034,m1-pro-16gb-local,cd03870a682eac289f016e41b821d847234f3b75cb944ca15b75f10f5a9c4437,core-double,double,spec012-confirm-03,1,interactive-v1,False,2368,48000,64,/Users/christiankauten/Documents/Projects/Rack/plugins/Fourier/.build/spec012/confirm-03-transitions/workload-0002-repeat-01.csv,45df509935689cbffdd22a7df28e595d97d101047f1b86d202c5e15a715c6d8e,cbbacb9d51862c2e30b35986d4d3970570cc7e3da66e7e640543a22ee79e645a,6,no-op-boundary,555,555,628,published,-1,"{""alpha"": 0.800000011920929, ""hop"": 74, ""n"": 128, ""octave"": 0.3333333432674408, ""rate"": 48000, ""window"": 11}",0,0.0,73,1.5208333333333333
3aeff8d50243a034,m1-pro-16gb-local,cd03870a682eac289f016e41b821d847234f3b75cb944ca15b75f10f5a9c4437,core-double,double,spec012-confirm-03,1,interactive-v1,False,2368,48000,64,/Users/christiankauten/Documents/Projects/Rack/plugins/Fourier/.build/spec012/confirm-03-transitions/workload-0002-repeat-01.csv,45df509935689cbffdd22a7df28e595d97d101047f1b86d202c5e15a715c6d8e,cbbacb9d51862c2e30b35986d4d3970570cc7e3da66e7e640543a22ee79e645a,7,replace-pending-first,630,-1,-1,replaced,8,"{""alpha"": 0.800000011920929, ""hop"": 74, ""n"": 128, ""octave"": 0.3333333432674408, ""rate"": 48000, ""window"": 8}",,,,
3aeff8d50243a034,m1-pro-16gb-local,cd03870a682eac289f016e41b821d847234f3b75cb944ca15b75f10f5a9c4437,core-double,double,spec012-confirm-03,1,interactive-v1,False,2368,48000,64,/Users/christiankauten/Documents/Projects/Rack/plugins/Fourier/.build/spec012/confirm-03-transitions/workload-0002-repeat-01.csv,45df509935689cbffdd22a7df28e595d97d101047f1b86d202c5e15a715c6d8e,cbbacb9d51862c2e30b35986d4d3970570cc7e3da66e7e640543a22ee79e645a,8,replace-pending-last,631,703,776,published,-1,"{""alpha"": 0, ""hop"": 74, ""n"": 128, ""octave"": 0.3333333432674408, ""rate"": 48000, ""window"": 8}",72,1.5,145,3.0208333333333335
3aeff8d50243a034,m1-pro-16gb-local,cd03870a682eac289f016e41b821d847234f3b75cb944ca15b75f10f5a9c4437,core-double,double,spec012-confirm-03,1,interactive-v1,False,2368,48000,64,/Users/christiankauten/Documents/Projects/Rack/plugins/Fourier/.build/spec012/confirm-03-transitions/workload-0002-repeat-01.csv,45df509935689cbffdd22a7df28e595d97d101047f1b86d202c5e15a715c6d8e,cbbacb9d51862c2e30b35986d4d3970570cc7e3da66e7e640543a22ee79e645a,9,hop-decrease-boundary,777,777,794,published,-1,"{""alpha"": 0, ""hop"": 18, ""n"": 128, ""octave"": 0.3333333432674408, ""rate"": 48000, ""window"": 8}",0,0.0,17,0.3541666666666667
3aeff8d50243a034,m1-pro-16gb-local,cd03870a682eac289f016e41b821d847234f3b75cb944ca15b75f10f5a9c4437,core-double,double,spec012-confirm-03,1,interactive-v1,False,2368,48000,64,/Users/christiankauten/Documents/Projects/Rack/plugins/Fourier/.build/spec012/confirm-03-transitions/workload-0002-repeat-01.csv,45df509935689cbffdd22a7df28e595d97d101047f1b86d202c5e15a715c6d8e,cbbacb9d51862c2e30b35986d4d3970570cc7e3da66e7e640543a22ee79e645a,10,smoothing-disable,852,867,884,published,-1,"{""alpha"": 0, ""hop"": 18, ""n"": 128, ""octave"": 0, ""rate"": 48000, ""window"": 8}",15,0.3125,32,0.6666666666666666
3aeff8d50243a034,m1-pro-16gb-local,cd03870a682eac289f016e41b821d847234f3b75cb944ca15b75f10f5a9c4437,core-double,double,spec012-confirm-03,1,interactive-v1,False,2368,48000,64,/Users/christiankauten/Documents/Projects/Rack/plugins/Fourier/.build/spec012/confirm-03-transitions/workload-0002-repeat-01.csv,45df509935689cbffdd22a7df28e595d97d101047f1b86d202c5e15a715c6d8e,cbbacb9d51862c2e30b35986d4d3970570cc7e3da66e7e640543a22ee79e645a,11,horizon-no-response,2367,-1,-1,pending-no-response,-1,"{""alpha"": 0, ""hop"": 18, ""n"": 128, ""octave"": 0, ""rate"": 48000, ""window"": 0}",,,,
3aeff8d50243a034,m1-pro-16gb-local,cd03870a682eac289f016e41b821d847234f3b75cb944ca15b75f10f5a9c4437,core-double,double,spec012-confirm-03,2,interactive-v1,False,2368,48000,64,/Users/christiankauten/Documents/Projects/Rack/plugins/Fourier/.build/spec012/confirm-03-transitions/workload-0002-repeat-02.csv,3af4f5a6287a33861f9d462128ecfacc3407678951f73f2d7a76884e68f293da,cbbacb9d51862c2e30b35986d4d3970570cc7e3da66e7e640543a22ee79e645a,1,length-increase-boundary,74,74,110,published,-1,"{""alpha"": 0, ""hop"": 37, ""n"": 1024, ""octave"": 0, ""rate"": 48000, ""window"": 8}",0,0.0,36,0.75
3aeff8d50243a034,m1-pro-16gb-local,cd03870a682eac289f016e41b821d847234f3b75cb944ca15b75f10f5a9c4437,core-double,double,spec012-confirm-03,2,interactive-v1,False,2368,48000,64,/Users/christiankauten/Documents/Projects/Rack/plugins/Fourier/.build/spec012/confirm-03-transitions/workload-0002-repeat-02.csv,3af4f5a6287a33861f9d462128ecfacc3407678951f73f2d7a76884e68f293da,cbbacb9d51862c2e30b35986d4d3970570cc7e3da66e7e640543a22ee79e645a,2,length-decrease-early,149,185,221,published,-1,"{""alpha"": 0, ""hop"": 37, ""n"": 128, ""octave"": 0, ""rate"": 48000, ""window"": 8}",36,0.75,72,1.5
3aeff8d50243a034,m1-pro-16gb-local,cd03870a682eac289f016e41b821d847234f3b75cb944ca15b75f10f5a9c4437,core-double,double,spec012-confirm-03,2,interactive-v1,False,2368,48000,64,/Users/christiankauten/Documents/Projects/Rack/plugins/Fourier/.build/spec012/confirm-03-transitions/workload-0002-repeat-02.csv,3af4f5a6287a33861f9d462128ecfacc3407678951f73f2d7a76884e68f293da,cbbacb9d51862c2e30b35986d4d3970570cc7e3da66e7e640543a22ee79e645a,3,hop-increase-middle,240,259,332,published,-1,"{""alpha"": 0, ""hop"": 74, ""n"": 128, ""octave"": 0, ""rate"": 48000, ""window"": 8}",19,0.3958333333333333,92,1.9166666666666667
3aeff8d50243a034,m1-pro-16gb-local,cd03870a682eac289f016e41b821d847234f3b75cb944ca15b75f10f5a9c4437,core-double,double,spec012-confirm-03,2,interactive-v1,False,2368,48000,64,/Users/christiankauten/Documents/Projects/Rack/plugins/Fourier/.build/spec012/confirm-03-transitions/workload-0002-repeat-02.csv,3af4f5a6287a33861f9d462128ecfacc3407678951f73f2d7a76884e68f293da,cbbacb9d51862c2e30b35986d4d3970570cc7e3da66e7e640543a22ee79e645a,4,window-late,405,407,480,published,-1,"{""alpha"": 0, ""hop"": 74, ""n"": 128, ""octave"": 0, ""rate"": 48000, ""window"": 11}",2,0.041666666666666664,75,1.5625
3aeff8d50243a034,m1-pro-16gb-local,cd03870a682eac289f016e41b821d847234f3b75cb944ca15b75f10f5a9c4437,core-double,double,spec012-confirm-03,2,interactive-v1,False,2368,48000,64,/Users/christiankauten/Documents/Projects/Rack/plugins/Fourier/.build/spec012/confirm-03-transitions/workload-0002-repeat-02.csv,3af4f5a6287a33861f9d462128ecfacc3407678951f73f2d7a76884e68f293da,cbbacb9d51862c2e30b35986d4d3970570cc7e3da66e7e640543a22ee79e645a,5,smoothing-before-publication,480,481,554,published,-1,"{""alpha"": 0.800000011920929, ""hop"": 74, ""n"": 128, ""octave"": 0.3333333432674408, ""rate"": 48000, ""window"": 11}",1,0.020833333333333332,74,1.5416666666666667
3aeff8d50243a034,m1-pro-16gb-local,cd03870a682eac289f016e41b821d847234f3b75cb944ca15b75f10f5a9c4437,core-double,double,spec012-confirm-03,2,interactive-v1,False,2368,48000,64,/Users/christiankauten/Documents/Projects/Rack/plugins/Fourier/.build/spec012/confirm-03-transitions/workload-0002-repeat-02.csv,3af4f5a6287a33861f9d462128ecfacc3407678951f73f2d7a76884e68f293da,cbbacb9d51862c2e30b35986d4d3970570cc7e3da66e7e640543a22ee79e645a,6,no-op-boundary,555,555,628,published,-1,"{""alpha"": 0.800000011920929, ""hop"": 74, ""n"": 128, ""octave"": 0.3333333432674408, ""rate"": 48000, ""window"": 11}",0,0.0,73,1.5208333333333333
3aeff8d50243a034,m1-pro-16gb-local,cd03870a682eac289f016e41b821d847234f3b75cb944ca15b75f10f5a9c4437,core-double,double,spec012-confirm-03,2,interactive-v1,False,2368,48000,64,/Users/christiankauten/Documents/Projects/Rack/plugins/Fourier/.build/spec012/confirm-03-transitions/workload-0002-repeat-02.csv,3af4f5a6287a33861f9d462128ecfacc3407678951f73f2d7a76884e68f293da,cbbacb9d51862c2e30b35986d4d3970570cc7e3da66e7e640543a22ee79e645a,7,replace-pending-first,630,-1,-1,replaced,8,"{""alpha"": 0.800000011920929, ""hop"": 74, ""n"": 128, ""octave"": 0.3333333432674408, ""rate"": 48000, ""window"": 8}",,,,
3aeff8d50243a034,m1-pro-16gb-local,cd03870a682eac289f016e41b821d847234f3b75cb944ca15b75f10f5a9c4437,core-double,double,spec012-confirm-03,2,interactive-v1,False,2368,48000,64,/Users/christiankauten/Documents/Projects/Rack/plugins/Fourier/.build/spec012/confirm-03-transitions/workload-0002-repeat-02.csv,3af4f5a6287a33861f9d462128ecfacc3407678951f73f2d7a76884e68f293da,cbbacb9d51862c2e30b35986d4d3970570cc7e3da66e7e640543a22ee79e645a,8,replace-pending-last,631,703,776,published,-1,"{""alpha"": 0, ""hop"": 74, ""n"": 128, ""octave"": 0.3333333432674408, ""rate"": 48000, ""window"": 8}",72,1.5,145,3.0208333333333335
3aeff8d50243a034,m1-pro-16gb-local,cd03870a682eac289f016e41b821d847234f3b75cb944ca15b75f10f5a9c4437,core-double,double,spec012-confirm-03,2,interactive-v1,False,2368,48000,64,/Users/christiankauten/Documents/Projects/Rack/plugins/Fourier/.build/spec012/confirm-03-transitions/workload-0002-repeat-02.csv,3af4f5a6287a33861f9d462128ecfacc3407678951f73f2d7a76884e68f293da,cbbacb9d51862c2e30b35986d4d3970570cc7e3da66e7e640543a22ee79e645a,9,hop-decrease-boundary,777,777,794,published,-1,"{""alpha"": 0, ""hop"": 18, ""n"": 128, ""octave"": 0.3333333432674408, ""rate"": 48000, ""window"": 8}",0,0.0,17,0.3541666666666667
3aeff8d50243a034,m1-pro-16gb-local,cd03870a682eac289f016e41b821d847234f3b75cb944ca15b75f10f5a9c4437,core-double,double,spec012-confirm-03,2,interactive-v1,False,2368,48000,64,/Users/christiankauten/Documents/Projects/Rack/plugins/Fourier/.build/spec012/confirm-03-transitions/workload-0002-repeat-02.csv,3af4f5a6287a33861f9d462128ecfacc3407678951f73f2d7a76884e68f293da,cbbacb9d51862c2e30b35986d4d3970570cc7e3da66e7e640543a22ee79e645a,10,smoothing-disable,852,867,884,published,-1,"{""alpha"": 0, ""hop"": 18, ""n"": 128, ""octave"": 0, ""rate"": 48000, ""window"": 8}",15,0.3125,32,0.6666666666666666
3aeff8d50243a034,m1-pro-16gb-local,cd03870a682eac289f016e41b821d847234f3b75cb944ca15b75f10f5a9c4437,core-double,double,spec012-confirm-03,2,interactive-v1,False,2368,48000,64,/Users/christiankauten/Documents/Projects/Rack/plugins/Fourier/.build/spec012/confirm-03-transitions/workload-0002-repeat-02.csv,3af4f5a6287a33861f9d462128ecfacc3407678951f73f2d7a76884e68f293da,cbbacb9d51862c2e30b35986d4d3970570cc7e3da66e7e640543a22ee79e645a,11,horizon-no-response,2367,-1,-1,pending-no-response,-1,"{""alpha"": 0, ""hop"": 18, ""n"": 128, ""octave"": 0, ""rate"": 48000, ""window"": 0}",,,,
3aeff8d50243a034,m1-pro-16gb-local,e849e7412d217831796b07991f4e9a57798aae4ccee8080ada0e026cf8739f6b,pffft-hybrid-float,float,spec012-confirm-01,0,interactive-v1,True,2368,48000,64,/Users/christiankauten/Documents/Projects/Rack/plugins/Fourier/.build/spec012/confirm-01-transitions/workload-0005-repeat-00.csv,3553210b5035184b558520b0757e38a36d560fa705d36fa81a9474e8456e42ca,05e28e43591a9c7aee1c2fa0791de4eb26ffe6feee476f93fb35587e2c1120a6,1,length-increase-boundary,74,74,110,published,-1,"{""alpha"": 0, ""hop"": 37, ""n"": 128, ""octave"": 0, ""rate"": 48000, ""window"": 8}",0,0.0,36,0.75
3aeff8d50243a034,m1-pro-16gb-local,e849e7412d217831796b07991f4e9a57798aae4ccee8080ada0e026cf8739f6b,pffft-hybrid-float,float,spec012-confirm-01,0,interactive-v1,True,2368,48000,64,/Users/christiankauten/Documents/Projects/Rack/plugins/Fourier/.build/spec012/confirm-01-transitions/workload-0005-repeat-00.csv,3553210b5035184b558520b0757e38a36d560fa705d36fa81a9474e8456e42ca,05e28e43591a9c7aee1c2fa0791de4eb26ffe6feee476f93fb35587e2c1120a6,2,length-decrease-early,149,185,221,published,-1,"{""alpha"": 0, ""hop"": 37, ""n"": 128, ""octave"": 0, ""rate"": 48000, ""window"": 8}",36,0.75,72,1.5
3aeff8d50243a034,m1-pro-16gb-local,e849e7412d217831796b07991f4e9a57798aae4ccee8080ada0e026cf8739f6b,pffft-hybrid-float,float,spec012-confirm-01,0,interactive-v1,True,2368,48000,64,/Users/christiankauten/Documents/Projects/Rack/plugins/Fourier/.build/spec012/confirm-01-transitions/workload-0005-repeat-00.csv,3553210b5035184b558520b0757e38a36d560fa705d36fa81a9474e8456e42ca,05e28e43591a9c7aee1c2fa0791de4eb26ffe6feee476f93fb35587e2c1120a6,3,hop-increase-middle,240,259,295,published,-1,"{""alpha"": 0, ""hop"": 37, ""n"": 128, ""octave"": 0, ""rate"": 48000, ""window"": 8}",19,0.3958333333333333,55,1.1458333333333333
3aeff8d50243a034,m1-pro-16gb-local,e849e7412d217831796b07991f4e9a57798aae4ccee8080ada0e026cf8739f6b,pffft-hybrid-float,float,spec012-confirm-01,0,interactive-v1,True,2368,48000,64,/Users/christiankauten/Documents/Projects/Rack/plugins/Fourier/.build/spec012/confirm-01-transitions/workload-0005-repeat-00.csv,3553210b5035184b558520b0757e38a36d560fa705d36fa81a9474e8456e42ca,05e28e43591a9c7aee1c2fa0791de4eb26ffe6feee476f93fb35587e2c1120a6,4,window-late,405,407,443,published,-1,"{""alpha"": 0, ""hop"": 37, ""n"": 128, ""octave"": 0, ""rate"": 48000, ""window"": 8}",2,0.041666666666666664,38,0.7916666666666666
3aeff8d50243a034,m1-pro-16gb-local,e849e7412d217831796b07991f4e9a57798aae4ccee8080ada0e026cf8739f6b,pffft-hybrid-float,float,spec012-confirm-01,0,interactive-v1,True,2368,48000,64,/Users/christiankauten/Documents/Projects/Rack/plugins/Fourier/.build/spec012/confirm-01-transitions/workload-0005-repeat-00.csv,3553210b5035184b558520b0757e38a36d560fa705d36fa81a9474e8456e42ca,05e28e43591a9c7aee1c2fa0791de4eb26ffe6feee476f93fb35587e2c1120a6,5,smoothing-before-publication,480,481,517,published,-1,"{""alpha"": 0, ""hop"": 37, ""n"": 128, ""octave"": 0, ""rate"": 48000, ""window"": 8}",1,0.020833333333333332,37,0.7708333333333334
3aeff8d50243a034,m1-pro-16gb-local,e849e7412d217831796b07991f4e9a57798aae4ccee8080ada0e026cf8739f6b,pffft-hybrid-float,float,spec012-confirm-01,0,interactive-v1,True,2368,48000,64,/Users/christiankauten/Documents/Projects/Rack/plugins/Fourier/.build/spec012/confirm-01-transitions/workload-0005-repeat-00.csv,3553210b5035184b558520b0757e38a36d560fa705d36fa81a9474e8456e42ca,05e28e43591a9c7aee1c2fa0791de4eb26ffe6feee476f93fb35587e2c1120a6,6,no-op-boundary,555,555,591,published,-1,"{""alpha"": 0, ""hop"": 37, ""n"": 128, ""octave"": 0, ""rate"": 48000, ""window"": 8}",0,0.0,36,0.75
3aeff8d50243a034,m1-pro-16gb-local,e849e7412d217831796b07991f4e9a57798aae4ccee8080ada0e026cf8739f6b,pffft-hybrid-float,float,spec012-confirm-01,0,interactive-v1,True,2368,48000,64,/Users/christiankauten/Documents/Projects/Rack/plugins/Fourier/.build/spec012/confirm-01-transitions/workload-0005-repeat-00.csv,3553210b5035184b558520b0757e38a36d560fa705d36fa81a9474e8456e42ca,05e28e43591a9c7aee1c2fa0791de4eb26ffe6feee476f93fb35587e2c1120a6,7,replace-pending-first,630,-1,-1,replaced,8,"{""alpha"": 0, ""hop"": 37, ""n"": 128, ""octave"": 0, ""rate"": 48000, ""window"": 8}",,,,
3aeff8d50243a034,m1-pro-16gb-local,e849e7412d217831796b07991f4e9a57798aae4ccee8080ada0e026cf8739f6b,pffft-hybrid-float,float,spec012-confirm-01,0,interactive-v1,True,2368,48000,64,/Users/christiankauten/Documents/Projects/Rack/plugins/Fourier/.build/spec012/confirm-01-transitions/workload-0005-repeat-00.csv,3553210b5035184b558520b0757e38a36d560fa705d36fa81a9474e8456e42ca,05e28e43591a9c7aee1c2fa0791de4eb26ffe6feee476f93fb35587e2c1120a6,8,replace-pending-last,631,666,702,published,-1,"{""alpha"": 0, ""hop"": 37, ""n"": 128, ""octave"": 0, ""rate"": 48000, ""window"": 8}",35,0.7291666666666666,71,1.4791666666666667
3aeff8d50243a034,m1-pro-16gb-local,e849e7412d217831796b07991f4e9a57798aae4ccee8080ada0e026cf8739f6b,pffft-hybrid-float,float,spec012-confirm-01,0,interactive-v1,True,2368,48000,64,/Users/christiankauten/Documents/Projects/Rack/plugins/Fourier/.build/spec012/confirm-01-transitions/workload-0005-repeat-00.csv,3553210b5035184b558520b0757e38a36d560fa705d36fa81a9474e8456e42ca,05e28e43591a9c7aee1c2fa0791de4eb26ffe6feee476f93fb35587e2c1120a6,9,hop-decrease-boundary,777,777,813,published,-1,"{""alpha"": 0, ""hop"": 37, ""n"": 128, ""octave"": 0, ""rate"": 48000, ""window"": 8}",0,0.0,36,0.75
3aeff8d50243a034,m1-pro-16gb-local,e849e7412d217831796b07991f4e9a57798aae4ccee8080ada0e026cf8739f6b,pffft-hybrid-float,float,spec012-confirm-01,0,interactive-v1,True,2368,48000,64,/Users/christiankauten/Documents/Projects/Rack/plugins/Fourier/.build/spec012/confirm-01-transitions/workload-0005-repeat-00.csv,3553210b5035184b558520b0757e38a36d560fa705d36fa81a9474e8456e42ca,05e28e43591a9c7aee1c2fa0791de4eb26ffe6feee476f93fb35587e2c1120a6,10,smoothing-disable,852,888,924,published,-1,"{""alpha"": 0, ""hop"": 37, ""n"": 128, ""octave"": 0, ""rate"": 48000, ""window"": 8}",36,0.75,72,1.5
3aeff8d50243a034,m1-pro-16gb-local,e849e7412d217831796b07991f4e9a57798aae4ccee8080ada0e026cf8739f6b,pffft-hybrid-float,float,spec012-confirm-01,0,interactive-v1,True,2368,48000,64,/Users/christiankauten/Documents/Projects/Rack/plugins/Fourier/.build/spec012/confirm-01-transitions/workload-0005-repeat-00.csv,3553210b5035184b558520b0757e38a36d560fa705d36fa81a9474e8456e42ca,05e28e43591a9c7aee1c2fa0791de4eb26ffe6feee476f93fb35587e2c1120a6,11,horizon-no-response,2367,-1,-1,pending-no-response,-1,"{""alpha"": 0, ""hop"": 37, ""n"": 128, ""octave"": 0, ""rate"": 48000, ""window"": 8}",,,,
3aeff8d50243a034,m1-pro-16gb-local,e849e7412d217831796b07991f4e9a57798aae4ccee8080ada0e026cf8739f6b,pffft-hybrid-float,float,spec012-confirm-01,1,interactive-v1,True,2368,48000,64,/Users/christiankauten/Documents/Projects/Rack/plugins/Fourier/.build/spec012/confirm-01-transitions/workload-0005-repeat-01.csv,8ebbca5d465da781ffc2a84b4dab1a5a0333fffc241207675c64b0c83e7b6577,05e28e43591a9c7aee1c2fa0791de4eb26ffe6feee476f93fb35587e2c1120a6,1,length-increase-boundary,74,74,110,published,-1,"{""alpha"": 0, ""hop"": 37, ""n"": 128, ""octave"": 0, ""rate"": 48000, ""window"": 8}",0,0.0,36,0.75
3aeff8d50243a034,m1-pro-16gb-local,e849e7412d217831796b07991f4e9a57798aae4ccee8080ada0e026cf8739f6b,pffft-hybrid-float,float,spec012-confirm-01,1,interactive-v1,True,2368,48000,64,/Users/christiankauten/Documents/Projects/Rack/plugins/Fourier/.build/spec012/confirm-01-transitions/workload-0005-repeat-01.csv,8ebbca5d465da781ffc2a84b4dab1a5a0333fffc241207675c64b0c83e7b6577,05e28e43591a9c7aee1c2fa0791de4eb26ffe6feee476f93fb35587e2c1120a6,2,length-decrease-early,149,185,221,published,-1,"{""alpha"": 0, ""hop"": 37, ""n"": 128, ""octave"": 0, ""rate"": 48000, ""window"": 8}",36,0.75,72,1.5
3aeff8d50243a034,m1-pro-16gb-local,e849e7412d217831796b07991f4e9a57798aae4ccee8080ada0e026cf8739f6b,pffft-hybrid-float,float,spec012-confirm-01,1,interactive-v1,True,2368,48000,64,/Users/christiankauten/Documents/Projects/Rack/plugins/Fourier/.build/spec012/confirm-01-transitions/workload-0005-repeat-01.csv,8ebbca5d465da781ffc2a84b4dab1a5a0333fffc241207675c64b0c83e7b6577,05e28e43591a9c7aee1c2fa0791de4eb26ffe6feee476f93fb35587e2c1120a6,3,hop-increase-middle,240,259,295,published,-1,"{""alpha"": 0, ""hop"": 37, ""n"": 128, ""octave"": 0, ""rate"": 48000, ""window"": 8}",19,0.3958333333333333,55,1.1458333333333333
3aeff8d50243a034,m1-pro-16gb-local,e849e7412d217831796b07991f4e9a57798aae4ccee8080ada0e026cf8739f6b,pffft-hybrid-float,float,spec012-confirm-01,1,interactive-v1,True,2368,48000,64,/Users/christiankauten/Documents/Projects/Rack/plugins/Fourier/.build/spec012/confirm-01-transitions/workload-0005-repeat-01.csv,8ebbca5d465da781ffc2a84b4dab1a5a0333fffc241207675c64b0c83e7b6577,05e28e43591a9c7aee1c2fa0791de4eb26ffe6feee476f93fb35587e2c1120a6,4,window-late,405,407,443,published,-1,"{""alpha"": 0, ""hop"": 37, ""n"": 128, ""octave"": 0, ""rate"": 48000, ""window"": 8}",2,0.041666666666666664,38,0.7916666666666666
3aeff8d50243a034,m1-pro-16gb-local,e849e7412d217831796b07991f4e9a57798aae4ccee8080ada0e026cf8739f6b,pffft-hybrid-float,float,spec012-confirm-01,1,interactive-v1,True,2368,48000,64,/Users/christiankauten/Documents/Projects/Rack/plugins/Fourier/.build/spec012/confirm-01-transitions/workload-0005-repeat-01.csv,8ebbca5d465da781ffc2a84b4dab1a5a0333fffc241207675c64b0c83e7b6577,05e28e43591a9c7aee1c2fa0791de4eb26ffe6feee476f93fb35587e2c1120a6,5,smoothing-before-publication,480,481,517,published,-1,"{""alpha"": 0, ""hop"": 37, ""n"": 128, ""octave"": 0, ""rate"": 48000, ""window"": 8}",1,0.020833333333333332,37,0.7708333333333334
3aeff8d50243a034,m1-pro-16gb-local,e849e7412d217831796b07991f4e9a57798aae4ccee8080ada0e026cf8739f6b,pffft-hybrid-float,float,spec012-confirm-01,1,interactive-v1,True,2368,48000,64,/Users/christiankauten/Documents/Projects/Rack/plugins/Fourier/.build/spec012/confirm-01-transitions/workload-0005-repeat-01.csv,8ebbca5d465da781ffc2a84b4dab1a5a0333fffc241207675c64b0c83e7b6577,05e28e43591a9c7aee1c2fa0791de4eb26ffe6feee476f93fb35587e2c1120a6,6,no-op-boundary,555,555,591,published,-1,"{""alpha"": 0, ""hop"": 37, ""n"": 128, ""octave"": 0, ""rate"": 48000, ""window"": 8}",0,0.0,36,0.75
3aeff8d50243a034,m1-pro-16gb-local,e849e7412d217831796b07991f4e9a57798aae4ccee8080ada0e026cf8739f6b,pffft-hybrid-float,float,spec012-confirm-01,1,interactive-v1,True,2368,48000,64,/Users/christiankauten/Documents/Projects/Rack/plugins/Fourier/.build/spec012/confirm-01-transitions/workload-0005-repeat-01.csv,8ebbca5d465da781ffc2a84b4dab1a5a0333fffc241207675c64b0c83e7b6577,05e28e43591a9c7aee1c2fa0791de4eb26ffe6feee476f93fb35587e2c1120a6,7,replace-pending-first,630,-1,-1,replaced,8,"{""alpha"": 0, ""hop"": 37, ""n"": 128, ""octave"": 0, ""rate"": 48000, ""window"": 8}",,,,
3aeff8d50243a034,m1-pro-16gb-local,e849e7412d217831796b07991f4e9a57798aae4ccee8080ada0e026cf8739f6b,pffft-hybrid-float,float,spec012-confirm-01,1,interactive-v1,True,2368,48000,64,/Users/christiankauten/Documents/Projects/Rack/plugins/Fourier/.build/spec012/confirm-01-transitions/workload-0005-repeat-01.csv,8ebbca5d465da781ffc2a84b4dab1a5a0333fffc241207675c64b0c83e7b6577,05e28e43591a9c7aee1c2fa0791de4eb26ffe6feee476f93fb35587e2c1120a6,8,replace-pending-last,631,666,702,published,-1,"{""alpha"": 0, ""hop"": 37, ""n"": 128, ""octave"": 0, ""rate"": 48000, ""window"": 8}",35,0.7291666666666666,71,1.4791666666666667
3aeff8d50243a034,m1-pro-16gb-local,e849e7412d217831796b07991f4e9a57798aae4ccee8080ada0e026cf8739f6b,pffft-hybrid-float,float,spec012-confirm-01,1,interactive-v1,True,2368,48000,64,/Users/christiankauten/Documents/Projects/Rack/plugins/Fourier/.build/spec012/confirm-01-transitions/workload-0005-repeat-01.csv,8ebbca5d465da781ffc2a84b4dab1a5a0333fffc241207675c64b0c83e7b6577,05e28e43591a9c7aee1c2fa0791de4eb26ffe6feee476f93fb35587e2c1120a6,9,hop-decrease-boundary,777,777,813,published,-1,"{""alpha"": 0, ""hop"": 37, ""n"": 128, ""octave"": 0, ""rate"": 48000, ""window"": 8}",0,0.0,36,0.75
3aeff8d50243a034,m1-pro-16gb-local,e849e7412d217831796b07991f4e9a57798aae4ccee8080ada0e026cf8739f6b,pffft-hybrid-float,float,spec012-confirm-01,1,interactive-v1,True,2368,48000,64,/Users/christiankauten/Documents/Projects/Rack/plugins/Fourier/.build/spec012/confirm-01-transitions/workload-0005-repeat-01.csv,8ebbca5d465da781ffc2a84b4dab1a5a0333fffc241207675c64b0c83e7b6577,05e28e43591a9c7aee1c2fa0791de4eb26ffe6feee476f93fb35587e2c1120a6,10,smoothing-disable,852,888,924,published,-1,"{""alpha"": 0, ""hop"": 37, ""n"": 128, ""octave"": 0, ""rate"": 48000, ""window"": 8}",36,0.75,72,1.5
3aeff8d50243a034,m1-pro-16gb-local,e849e7412d217831796b07991f4e9a57798aae4ccee8080ada0e026cf8739f6b,pffft-hybrid-float,float,spec012-confirm-01,1,interactive-v1,True,2368,48000,64,/Users/christiankauten/Documents/Projects/Rack/plugins/Fourier/.build/spec012/confirm-01-transitions/workload-0005-repeat-01.csv,8ebbca5d465da781ffc2a84b4dab1a5a0333fffc241207675c64b0c83e7b6577,05e28e43591a9c7aee1c2fa0791de4eb26ffe6feee476f93fb35587e2c1120a6,11,horizon-no-response,2367,-1,-1,pending-no-response,-1,"{""alpha"": 0, ""hop"": 37, ""n"": 128, ""octave"": 0, ""rate"": 48000, ""window"": 8}",,,,
3aeff8d50243a034,m1-pro-16gb-local,e849e7412d217831796b07991f4e9a57798aae4ccee8080ada0e026cf8739f6b,pffft-hybrid-float,float,spec012-confirm-01,2,interactive-v1,True,2368,48000,64,/Users/christiankauten/Documents/Projects/Rack/plugins/Fourier/.build/spec012/confirm-01-transitions/workload-0005-repeat-02.csv,8a79e310a85308149eacd55551da27c1420897fa47e8fbc81860ac59dab0203b,05e28e43591a9c7aee1c2fa0791de4eb26ffe6feee476f93fb35587e2c1120a6,1,length-increase-boundary,74,74,110,published,-1,"{""alpha"": 0, ""hop"": 37, ""n"": 128, ""octave"": 0, ""rate"": 48000, ""window"": 8}",0,0.0,36,0.75
3aeff8d50243a034,m1-pro-16gb-local,e849e7412d217831796b07991f4e9a57798aae4ccee8080ada0e026cf8739f6b,pffft-hybrid-float,float,spec012-confirm-01,2,interactive-v1,True,2368,48000,64,/Users/christiankauten/Documents/Projects/Rack/plugins/Fourier/.build/spec012/confirm-01-transitions/workload-0005-repeat-02.csv,8a79e310a85308149eacd55551da27c1420897fa47e8fbc81860ac59dab0203b,05e28e43591a9c7aee1c2fa0791de4eb26ffe6feee476f93fb35587e2c1120a6,2,length-decrease-early,149,185,221,published,-1,"{""alpha"": 0, ""hop"": 37, ""n"": 128, ""octave"": 0, ""rate"": 48000, ""window"": 8}",36,0.75,72,1.5
3aeff8d50243a034,m1-pro-16gb-local,e849e7412d217831796b07991f4e9a57798aae4ccee8080ada0e026cf8739f6b,pffft-hybrid-float,float,spec012-confirm-01,2,interactive-v1,True,2368,48000,64,/Users/christiankauten/Documents/Projects/Rack/plugins/Fourier/.build/spec012/confirm-01-transitions/workload-0005-repeat-02.csv,8a79e310a85308149eacd55551da27c1420897fa47e8fbc81860ac59dab0203b,05e28e43591a9c7aee1c2fa0791de4eb26ffe6feee476f93fb35587e2c1120a6,3,hop-increase-middle,240,259,295,published,-1,"{""alpha"": 0, ""hop"": 37, ""n"": 128, ""octave"": 0, ""rate"": 48000, ""window"": 8}",19,0.3958333333333333,55,1.1458333333333333
3aeff8d50243a034,m1-pro-16gb-local,e849e7412d217831796b07991f4e9a57798aae4ccee8080ada0e026cf8739f6b,pffft-hybrid-float,float,spec012-confirm-01,2,interactive-v1,True,2368,48000,64,/Users/christiankauten/Documents/Projects/Rack/plugins/Fourier/.build/spec012/confirm-01-transitions/workload-0005-repeat-02.csv,8a79e310a85308149eacd55551da27c1420897fa47e8fbc81860ac59dab0203b,05e28e43591a9c7aee1c2fa0791de4eb26ffe6feee476f93fb35587e2c1120a6,4,window-late,405,407,443,published,-1,"{""alpha"": 0, ""hop"": 37, ""n"": 128, ""octave"": 0, ""rate"": 48000, ""window"": 8}",2,0.041666666666666664,38,0.7916666666666666
3aeff8d50243a034,m1-pro-16gb-local,e849e7412d217831796b07991f4e9a57798aae4ccee8080ada0e026cf8739f6b,pffft-hybrid-float,float,spec012-confirm-01,2,interactive-v1,True,2368,48000,64,/Users/christiankauten/Documents/Projects/Rack/plugins/Fourier/.build/spec012/confirm-01-transitions/workload-0005-repeat-02.csv,8a79e310a85308149eacd55551da27c1420897fa47e8fbc81860ac59dab0203b,05e28e43591a9c7aee1c2fa0791de4eb26ffe6feee476f93fb35587e2c1120a6,5,smoothing-before-publication,480,481,517,published,-1,"{""alpha"": 0, ""hop"": 37, ""n"": 128, ""octave"": 0, ""rate"": 48000, ""window"": 8}",1,0.020833333333333332,37,0.7708333333333334
3aeff8d50243a034,m1-pro-16gb-local,e849e7412d217831796b07991f4e9a57798aae4ccee8080ada0e026cf8739f6b,pffft-hybrid-float,float,spec012-confirm-01,2,interactive-v1,True,2368,48000,64,/Users/christiankauten/Documents/Projects/Rack/plugins/Fourier/.build/spec012/confirm-01-transitions/workload-0005-repeat-02.csv,8a79e310a85308149eacd55551da27c1420897fa47e8fbc81860ac59dab0203b,05e28e43591a9c7aee1c2fa0791de4eb26ffe6feee476f93fb35587e2c1120a6,6,no-op-boundary,555,555,591,published,-1,"{""alpha"": 0, ""hop"": 37, ""n"": 128, ""octave"": 0, ""rate"": 48000, ""window"": 8}",0,0.0,36,0.75
3aeff8d50243a034,m1-pro-16gb-local,e849e7412d217831796b07991f4e9a57798aae4ccee8080ada0e026cf8739f6b,pffft-hybrid-float,float,spec012-confirm-01,2,interactive-v1,True,2368,48000,64,/Users/christiankauten/Documents/Projects/Rack/plugins/Fourier/.build/spec012/confirm-01-transitions/workload-0005-repeat-02.csv,8a79e310a85308149eacd55551da27c1420897fa47e8fbc81860ac59dab0203b,05e28e43591a9c7aee1c2fa0791de4eb26ffe6feee476f93fb35587e2c1120a6,7,replace-pending-first,630,-1,-1,replaced,8,"{""alpha"": 0, ""hop"": 37, ""n"": 128, ""octave"": 0, ""rate"": 48000, ""window"": 8}",,,,
3aeff8d50243a034,m1-pro-16gb-local,e849e7412d217831796b07991f4e9a57798aae4ccee8080ada0e026cf8739f6b,pffft-hybrid-float,float,spec012-confirm-01,2,interactive-v1,True,2368,48000,64,/Users/christiankauten/Documents/Projects/Rack/plugins/Fourier/.build/spec012/confirm-01-transitions/workload-0005-repeat-02.csv,8a79e310a85308149eacd55551da27c1420897fa47e8fbc81860ac59dab0203b,05e28e43591a9c7aee1c2fa0791de4eb26ffe6feee476f93fb35587e2c1120a6,8,replace-pending-last,631,666,702,published,-1,"{""alpha"": 0, ""hop"": 37, ""n"": 128, ""octave"": 0, ""rate"": 48000, ""window"": 8}",35,0.7291666666666666,71,1.4791666666666667
3aeff8d50243a034,m1-pro-16gb-local,e849e7412d217831796b07991f4e9a57798aae4ccee8080ada0e026cf8739f6b,pffft-hybrid-float,float,spec012-confirm-01,2,interactive-v1,True,2368,48000,64,/Users/christiankauten/Documents/Projects/Rack/plugins/Fourier/.build/spec012/confirm-01-transitions/workload-0005-repeat-02.csv,8a79e310a85308149eacd55551da27c1420897fa47e8fbc81860ac59dab0203b,05e28e43591a9c7aee1c2fa0791de4eb26ffe6feee476f93fb35587e2c1120a6,9,hop-decrease-boundary,777,777,813,published,-1,"{""alpha"": 0, ""hop"": 37, ""n"": 128, ""octave"": 0, ""rate"": 48000, ""window"": 8}",0,0.0,36,0.75
3aeff8d50243a034,m1-pro-16gb-local,e849e7412d217831796b07991f4e9a57798aae4ccee8080ada0e026cf8739f6b,pffft-hybrid-float,float,spec012-confirm-01,2,interactive-v1,True,2368,48000,64,/Users/christiankauten/Documents/Projects/Rack/plugins/Fourier/.build/spec012/confirm-01-transitions/workload-0005-repeat-02.csv,8a79e310a85308149eacd55551da27c1420897fa47e8fbc81860ac59dab0203b,05e28e43591a9c7aee1c2fa0791de4eb26ffe6feee476f93fb35587e2c1120a6,10,smoothing-disable,852,888,924,published,-1,"{""alpha"": 0, ""hop"": 37, ""n"": 128, ""octave"": 0, ""rate"": 48000, ""window"": 8}",36,0.75,72,1.5
3aeff8d50243a034,m1-pro-16gb-local,e849e7412d217831796b07991f4e9a57798aae4ccee8080ada0e026cf8739f6b,pffft-hybrid-float,float,spec012-confirm-01,2,interactive-v1,True,2368,48000,64,/Users/christiankauten/Documents/Projects/Rack/plugins/Fourier/.build/spec012/confirm-01-transitions/workload-0005-repeat-02.csv,8a79e310a85308149eacd55551da27c1420897fa47e8fbc81860ac59dab0203b,05e28e43591a9c7aee1c2fa0791de4eb26ffe6feee476f93fb35587e2c1120a6,11,horizon-no-response,2367,-1,-1,pending-no-response,-1,"{""alpha"": 0, ""hop"": 37, ""n"": 128, ""octave"": 0, ""rate"": 48000, ""window"": 8}",,,,
3aeff8d50243a034,m1-pro-16gb-local,e849e7412d217831796b07991f4e9a57798aae4ccee8080ada0e026cf8739f6b,pffft-hybrid-float,float,spec012-confirm-02,0,interactive-v1,True,2368,48000,64,/Users/christiankauten/Documents/Projects/Rack/plugins/Fourier/.build/spec012/confirm-02-transitions/workload-0005-repeat-00.csv,c2a939cd230071ad7522a5c144a03797f38080174536e2dd640f63948e660cd0,05e28e43591a9c7aee1c2fa0791de4eb26ffe6feee476f93fb35587e2c1120a6,1,length-increase-boundary,74,74,110,published,-1,"{""alpha"": 0, ""hop"": 37, ""n"": 128, ""octave"": 0, ""rate"": 48000, ""window"": 8}",0,0.0,36,0.75
3aeff8d50243a034,m1-pro-16gb-local,e849e7412d217831796b07991f4e9a57798aae4ccee8080ada0e026cf8739f6b,pffft-hybrid-float,float,spec012-confirm-02,0,interactive-v1,True,2368,48000,64,/Users/christiankauten/Documents/Projects/Rack/plugins/Fourier/.build/spec012/confirm-02-transitions/workload-0005-repeat-00.csv,c2a939cd230071ad7522a5c144a03797f38080174536e2dd640f63948e660cd0,05e28e43591a9c7aee1c2fa0791de4eb26ffe6feee476f93fb35587e2c1120a6,2,length-decrease-early,149,185,221,published,-1,"{""alpha"": 0, ""hop"": 37, ""n"": 128, ""octave"": 0, ""rate"": 48000, ""window"": 8}",36,0.75,72,1.5
3aeff8d50243a034,m1-pro-16gb-local,e849e7412d217831796b07991f4e9a57798aae4ccee8080ada0e026cf8739f6b,pffft-hybrid-float,float,spec012-confirm-02,0,interactive-v1,True,2368,48000,64,/Users/christiankauten/Documents/Projects/Rack/plugins/Fourier/.build/spec012/confirm-02-transitions/workload-0005-repeat-00.csv,c2a939cd230071ad7522a5c144a03797f38080174536e2dd640f63948e660cd0,05e28e43591a9c7aee1c2fa0791de4eb26ffe6feee476f93fb35587e2c1120a6,3,hop-increase-middle,240,259,295,published,-1,"{""alpha"": 0, ""hop"": 37, ""n"": 128, ""octave"": 0, ""rate"": 48000, ""window"": 8}",19,0.3958333333333333,55,1.1458333333333333
3aeff8d50243a034,m1-pro-16gb-local,e849e7412d217831796b07991f4e9a57798aae4ccee8080ada0e026cf8739f6b,pffft-hybrid-float,float,spec012-confirm-02,0,interactive-v1,True,2368,48000,64,/Users/christiankauten/Documents/Projects/Rack/plugins/Fourier/.build/spec012/confirm-02-transitions/workload-0005-repeat-00.csv,c2a939cd230071ad7522a5c144a03797f38080174536e2dd640f63948e660cd0,05e28e43591a9c7aee1c2fa0791de4eb26ffe6feee476f93fb35587e2c1120a6,4,window-late,405,407,443,published,-1,"{""alpha"": 0, ""hop"": 37, ""n"": 128, ""octave"": 0, ""rate"": 48000, ""window"": 8}",2,0.041666666666666664,38,0.7916666666666666
3aeff8d50243a034,m1-pro-16gb-local,e849e7412d217831796b07991f4e9a57798aae4ccee8080ada0e026cf8739f6b,pffft-hybrid-float,float,spec012-confirm-02,0,interactive-v1,True,2368,48000,64,/Users/christiankauten/Documents/Projects/Rack/plugins/Fourier/.build/spec012/confirm-02-transitions/workload-0005-repeat-00.csv,c2a939cd230071ad7522a5c144a03797f38080174536e2dd640f63948e660cd0,05e28e43591a9c7aee1c2fa0791de4eb26ffe6feee476f93fb35587e2c1120a6,5,smoothing-before-publication,480,481,517,published,-1,"{""alpha"": 0, ""hop"": 37, ""n"": 128, ""octave"": 0, ""rate"": 48000, ""window"": 8}",1,0.020833333333333332,37,0.7708333333333334
3aeff8d50243a034,m1-pro-16gb-local,e849e7412d217831796b07991f4e9a57798aae4ccee8080ada0e026cf8739f6b,pffft-hybrid-float,float,spec012-confirm-02,0,interactive-v1,True,2368,48000,64,/Users/christiankauten/Documents/Projects/Rack/plugins/Fourier/.build/spec012/confirm-02-transitions/workload-0005-repeat-00.csv,c2a939cd230071ad7522a5c144a03797f38080174536e2dd640f63948e660cd0,05e28e43591a9c7aee1c2fa0791de4eb26ffe6feee476f93fb35587e2c1120a6,6,no-op-boundary,555,555,591,published,-1,"{""alpha"": 0, ""hop"": 37, ""n"": 128, ""octave"": 0, ""rate"": 48000, ""window"": 8}",0,0.0,36,0.75
3aeff8d50243a034,m1-pro-16gb-local,e849e7412d217831796b07991f4e9a57798aae4ccee8080ada0e026cf8739f6b,pffft-hybrid-float,float,spec012-confirm-02,0,interactive-v1,True,2368,48000,64,/Users/christiankauten/Documents/Projects/Rack/plugins/Fourier/.build/spec012/confirm-02-transitions/workload-0005-repeat-00.csv,c2a939cd230071ad7522a5c144a03797f38080174536e2dd640f63948e660cd0,05e28e43591a9c7aee1c2fa0791de4eb26ffe6feee476f93fb35587e2c1120a6,7,replace-pending-first,630,-1,-1,replaced,8,"{""alpha"": 0, ""hop"": 37, ""n"": 128, ""octave"": 0, ""rate"": 48000, ""window"": 8}",,,,
3aeff8d50243a034,m1-pro-16gb-local,e849e7412d217831796b07991f4e9a57798aae4ccee8080ada0e026cf8739f6b,pffft-hybrid-float,float,spec012-confirm-02,0,interactive-v1,True,2368,48000,64,/Users/christiankauten/Documents/Projects/Rack/plugins/Fourier/.build/spec012/confirm-02-transitions/workload-0005-repeat-00.csv,c2a939cd230071ad7522a5c144a03797f38080174536e2dd640f63948e660cd0,05e28e43591a9c7aee1c2fa0791de4eb26ffe6feee476f93fb35587e2c1120a6,8,replace-pending-last,631,666,702,published,-1,"{""alpha"": 0, ""hop"": 37, ""n"": 128, ""octave"": 0, ""rate"": 48000, ""window"": 8}",35,0.7291666666666666,71,1.4791666666666667
3aeff8d50243a034,m1-pro-16gb-local,e849e7412d217831796b07991f4e9a57798aae4ccee8080ada0e026cf8739f6b,pffft-hybrid-float,float,spec012-confirm-02,0,interactive-v1,True,2368,48000,64,/Users/christiankauten/Documents/Projects/Rack/plugins/Fourier/.build/spec012/confirm-02-transitions/workload-0005-repeat-00.csv,c2a939cd230071ad7522a5c144a03797f38080174536e2dd640f63948e660cd0,05e28e43591a9c7aee1c2fa0791de4eb26ffe6feee476f93fb35587e2c1120a6,9,hop-decrease-boundary,777,777,813,published,-1,"{""alpha"": 0, ""hop"": 37, ""n"": 128, ""octave"": 0, ""rate"": 48000, ""window"": 8}",0,0.0,36,0.75
3aeff8d50243a034,m1-pro-16gb-local,e849e7412d217831796b07991f4e9a57798aae4ccee8080ada0e026cf8739f6b,pffft-hybrid-float,float,spec012-confirm-02,0,interactive-v1,True,2368,48000,64,/Users/christiankauten/Documents/Projects/Rack/plugins/Fourier/.build/spec012/confirm-02-transitions/workload-0005-repeat-00.csv,c2a939cd230071ad7522a5c144a03797f38080174536e2dd640f63948e660cd0,05e28e43591a9c7aee1c2fa0791de4eb26ffe6feee476f93fb35587e2c1120a6,10,smoothing-disable,852,888,924,published,-1,"{""alpha"": 0, ""hop"": 37, ""n"": 128, ""octave"": 0, ""rate"": 48000, ""window"": 8}",36,0.75,72,1.5
3aeff8d50243a034,m1-pro-16gb-local,e849e7412d217831796b07991f4e9a57798aae4ccee8080ada0e026cf8739f6b,pffft-hybrid-float,float,spec012-confirm-02,0,interactive-v1,True,2368,48000,64,/Users/christiankauten/Documents/Projects/Rack/plugins/Fourier/.build/spec012/confirm-02-transitions/workload-0005-repeat-00.csv,c2a939cd230071ad7522a5c144a03797f38080174536e2dd640f63948e660cd0,05e28e43591a9c7aee1c2fa0791de4eb26ffe6feee476f93fb35587e2c1120a6,11,horizon-no-response,2367,-1,-1,pending-no-response,-1,"{""alpha"": 0, ""hop"": 37, ""n"": 128, ""octave"": 0, ""rate"": 48000, ""window"": 8}",,,,
3aeff8d50243a034,m1-pro-16gb-local,e849e7412d217831796b07991f4e9a57798aae4ccee8080ada0e026cf8739f6b,pffft-hybrid-float,float,spec012-confirm-02,1,interactive-v1,True,2368,48000,64,/Users/christiankauten/Documents/Projects/Rack/plugins/Fourier/.build/spec012/confirm-02-transitions/workload-0005-repeat-01.csv,6b1640240408b377296aec3fb1dad230fc4c0bf62a3c1472d3890961cfd92460,05e28e43591a9c7aee1c2fa0791de4eb26ffe6feee476f93fb35587e2c1120a6,1,length-increase-boundary,74,74,110,published,-1,"{""alpha"": 0, ""hop"": 37, ""n"": 128, ""octave"": 0, ""rate"": 48000, ""window"": 8}",0,0.0,36,0.75
3aeff8d50243a034,m1-pro-16gb-local,e849e7412d217831796b07991f4e9a57798aae4ccee8080ada0e026cf8739f6b,pffft-hybrid-float,float,spec012-confirm-02,1,interactive-v1,True,2368,48000,64,/Users/christiankauten/Documents/Projects/Rack/plugins/Fourier/.build/spec012/confirm-02-transitions/workload-0005-repeat-01.csv,6b1640240408b377296aec3fb1dad230fc4c0bf62a3c1472d3890961cfd92460,05e28e43591a9c7aee1c2fa0791de4eb26ffe6feee476f93fb35587e2c1120a6,2,length-decrease-early,149,185,221,published,-1,"{""alpha"": 0, ""hop"": 37, ""n"": 128, ""octave"": 0, ""rate"": 48000, ""window"": 8}",36,0.75,72,1.5
3aeff8d50243a034,m1-pro-16gb-local,e849e7412d217831796b07991f4e9a57798aae4ccee8080ada0e026cf8739f6b,pffft-hybrid-float,float,spec012-confirm-02,1,interactive-v1,True,2368,48000,64,/Users/christiankauten/Documents/Projects/Rack/plugins/Fourier/.build/spec012/confirm-02-transitions/workload-0005-repeat-01.csv,6b1640240408b377296aec3fb1dad230fc4c0bf62a3c1472d3890961cfd92460,05e28e43591a9c7aee1c2fa0791de4eb26ffe6feee476f93fb35587e2c1120a6,3,hop-increase-middle,240,259,295,published,-1,"{""alpha"": 0, ""hop"": 37, ""n"": 128, ""octave"": 0, ""rate"": 48000, ""window"": 8}",19,0.3958333333333333,55,1.1458333333333333
3aeff8d50243a034,m1-pro-16gb-local,e849e7412d217831796b07991f4e9a57798aae4ccee8080ada0e026cf8739f6b,pffft-hybrid-float,float,spec012-confirm-02,1,interactive-v1,True,2368,48000,64,/Users/christiankauten/Documents/Projects/Rack/plugins/Fourier/.build/spec012/confirm-02-transitions/workload-0005-repeat-01.csv,6b1640240408b377296aec3fb1dad230fc4c0bf62a3c1472d3890961cfd92460,05e28e43591a9c7aee1c2fa0791de4eb26ffe6feee476f93fb35587e2c1120a6,4,window-late,405,407,443,published,-1,"{""alpha"": 0, ""hop"": 37, ""n"": 128, ""octave"": 0, ""rate"": 48000, ""window"": 8}",2,0.041666666666666664,38,0.7916666666666666
3aeff8d50243a034,m1-pro-16gb-local,e849e7412d217831796b07991f4e9a57798aae4ccee8080ada0e026cf8739f6b,pffft-hybrid-float,float,spec012-confirm-02,1,interactive-v1,True,2368,48000,64,/Users/christiankauten/Documents/Projects/Rack/plugins/Fourier/.build/spec012/confirm-02-transitions/workload-0005-repeat-01.csv,6b1640240408b377296aec3fb1dad230fc4c0bf62a3c1472d3890961cfd92460,05e28e43591a9c7aee1c2fa0791de4eb26ffe6feee476f93fb35587e2c1120a6,5,smoothing-before-publication,480,481,517,published,-1,"{""alpha"": 0, ""hop"": 37, ""n"": 128, ""octave"": 0, ""rate"": 48000, ""window"": 8}",1,0.020833333333333332,37,0.7708333333333334
3aeff8d50243a034,m1-pro-16gb-local,e849e7412d217831796b07991f4e9a57798aae4ccee8080ada0e026cf8739f6b,pffft-hybrid-float,float,spec012-confirm-02,1,interactive-v1,True,2368,48000,64,/Users/christiankauten/Documents/Projects/Rack/plugins/Fourier/.build/spec012/confirm-02-transitions/workload-0005-repeat-01.csv,6b1640240408b377296aec3fb1dad230fc4c0bf62a3c1472d3890961cfd92460,05e28e43591a9c7aee1c2fa0791de4eb26ffe6feee476f93fb35587e2c1120a6,6,no-op-boundary,555,555,591,published,-1,"{""alpha"": 0, ""hop"": 37, ""n"": 128, ""octave"": 0, ""rate"": 48000, ""window"": 8}",0,0.0,36,0.75
3aeff8d50243a034,m1-pro-16gb-local,e849e7412d217831796b07991f4e9a57798aae4ccee8080ada0e026cf8739f6b,pffft-hybrid-float,float,spec012-confirm-02,1,interactive-v1,True,2368,48000,64,/Users/christiankauten/Documents/Projects/Rack/plugins/Fourier/.build/spec012/confirm-02-transitions/workload-0005-repeat-01.csv,6b1640240408b377296aec3fb1dad230fc4c0bf62a3c1472d3890961cfd92460,05e28e43591a9c7aee1c2fa0791de4eb26ffe6feee476f93fb35587e2c1120a6,7,replace-pending-first,630,-1,-1,replaced,8,"{""alpha"": 0, ""hop"": 37, ""n"": 128, ""octave"": 0, ""rate"": 48000, ""window"": 8}",,,,
3aeff8d50243a034,m1-pro-16gb-local,e849e7412d217831796b07991f4e9a57798aae4ccee8080ada0e026cf8739f6b,pffft-hybrid-float,float,spec012-confirm-02,1,interactive-v1,True,2368,48000,64,/Users/christiankauten/Documents/Projects/Rack/plugins/Fourier/.build/spec012/confirm-02-transitions/workload-0005-repeat-01.csv,6b1640240408b377296aec3fb1dad230fc4c0bf62a3c1472d3890961cfd92460,05e28e43591a9c7aee1c2fa0791de4eb26ffe6feee476f93fb35587e2c1120a6,8,replace-pending-last,631,666,702,published,-1,"{""alpha"": 0, ""hop"": 37, ""n"": 128, ""octave"": 0, ""rate"": 48000, ""window"": 8}",35,0.7291666666666666,71,1.4791666666666667
3aeff8d50243a034,m1-pro-16gb-local,e849e7412d217831796b07991f4e9a57798aae4ccee8080ada0e026cf8739f6b,pffft-hybrid-float,float,spec012-confirm-02,1,interactive-v1,True,2368,48000,64,/Users/christiankauten/Documents/Projects/Rack/plugins/Fourier/.build/spec012/confirm-02-transitions/workload-0005-repeat-01.csv,6b1640240408b377296aec3fb1dad230fc4c0bf62a3c1472d3890961cfd92460,05e28e43591a9c7aee1c2fa0791de4eb26ffe6feee476f93fb35587e2c1120a6,9,hop-decrease-boundary,777,777,813,published,-1,"{""alpha"": 0, ""hop"": 37, ""n"": 128, ""octave"": 0, ""rate"": 48000, ""window"": 8}",0,0.0,36,0.75
3aeff8d50243a034,m1-pro-16gb-local,e849e7412d217831796b07991f4e9a57798aae4ccee8080ada0e026cf8739f6b,pffft-hybrid-float,float,spec012-confirm-02,1,interactive-v1,True,2368,48000,64,/Users/christiankauten/Documents/Projects/Rack/plugins/Fourier/.build/spec012/confirm-02-transitions/workload-0005-repeat-01.csv,6b1640240408b377296aec3fb1dad230fc4c0bf62a3c1472d3890961cfd92460,05e28e43591a9c7aee1c2fa0791de4eb26ffe6feee476f93fb35587e2c1120a6,10,smoothing-disable,852,888,924,published,-1,"{""alpha"": 0, ""hop"": 37, ""n"": 128, ""octave"": 0, ""rate"": 48000, ""window"": 8}",36,0.75,72,1.5
3aeff8d50243a034,m1-pro-16gb-local,e849e7412d217831796b07991f4e9a57798aae4ccee8080ada0e026cf8739f6b,pffft-hybrid-float,float,spec012-confirm-02,1,interactive-v1,True,2368,48000,64,/Users/christiankauten/Documents/Projects/Rack/plugins/Fourier/.build/spec012/confirm-02-transitions/workload-0005-repeat-01.csv,6b1640240408b377296aec3fb1dad230fc4c0bf62a3c1472d3890961cfd92460,05e28e43591a9c7aee1c2fa0791de4eb26ffe6feee476f93fb35587e2c1120a6,11,horizon-no-response,2367,-1,-1,pending-no-response,-1,"{""alpha"": 0, ""hop"": 37, ""n"": 128, ""octave"": 0, ""rate"": 48000, ""window"": 8}",,,,
3aeff8d50243a034,m1-pro-16gb-local,e849e7412d217831796b07991f4e9a57798aae4ccee8080ada0e026cf8739f6b,pffft-hybrid-float,float,spec012-confirm-02,2,interactive-v1,True,2368,48000,64,/Users/christiankauten/Documents/Projects/Rack/plugins/Fourier/.build/spec012/confirm-02-transitions/workload-0005-repeat-02.csv,a0477d0106bb5bca8d4eb5ebf43cc7f59527c8099a3e746472d82e9461100261,05e28e43591a9c7aee1c2fa0791de4eb26ffe6feee476f93fb35587e2c1120a6,1,length-increase-boundary,74,74,110,published,-1,"{""alpha"": 0, ""hop"": 37, ""n"": 128, ""octave"": 0, ""rate"": 48000, ""window"": 8}",0,0.0,36,0.75
3aeff8d50243a034,m1-pro-16gb-local,e849e7412d217831796b07991f4e9a57798aae4ccee8080ada0e026cf8739f6b,pffft-hybrid-float,float,spec012-confirm-02,2,interactive-v1,True,2368,48000,64,/Users/christiankauten/Documents/Projects/Rack/plugins/Fourier/.build/spec012/confirm-02-transitions/workload-0005-repeat-02.csv,a0477d0106bb5bca8d4eb5ebf43cc7f59527c8099a3e746472d82e9461100261,05e28e43591a9c7aee1c2fa0791de4eb26ffe6feee476f93fb35587e2c1120a6,2,length-decrease-early,149,185,221,published,-1,"{""alpha"": 0, ""hop"": 37, ""n"": 128, ""octave"": 0, ""rate"": 48000, ""window"": 8}",36,0.75,72,1.5
3aeff8d50243a034,m1-pro-16gb-local,e849e7412d217831796b07991f4e9a57798aae4ccee8080ada0e026cf8739f6b,pffft-hybrid-float,float,spec012-confirm-02,2,interactive-v1,True,2368,48000,64,/Users/christiankauten/Documents/Projects/Rack/plugins/Fourier/.build/spec012/confirm-02-transitions/workload-0005-repeat-02.csv,a0477d0106bb5bca8d4eb5ebf43cc7f59527c8099a3e746472d82e9461100261,05e28e43591a9c7aee1c2fa0791de4eb26ffe6feee476f93fb35587e2c1120a6,3,hop-increase-middle,240,259,295,published,-1,"{""alpha"": 0, ""hop"": 37, ""n"": 128, ""octave"": 0, ""rate"": 48000, ""window"": 8}",19,0.3958333333333333,55,1.1458333333333333
3aeff8d50243a034,m1-pro-16gb-local,e849e7412d217831796b07991f4e9a57798aae4ccee8080ada0e026cf8739f6b,pffft-hybrid-float,float,spec012-confirm-02,2,interactive-v1,True,2368,48000,64,/Users/christiankauten/Documents/Projects/Rack/plugins/Fourier/.build/spec012/confirm-02-transitions/workload-0005-repeat-02.csv,a0477d0106bb5bca8d4eb5ebf43cc7f59527c8099a3e746472d82e9461100261,05e28e43591a9c7aee1c2fa0791de4eb26ffe6feee476f93fb35587e2c1120a6,4,window-late,405,407,443,published,-1,"{""alpha"": 0, ""hop"": 37, ""n"": 128, ""octave"": 0, ""rate"": 48000, ""window"": 8}",2,0.041666666666666664,38,0.7916666666666666
3aeff8d50243a034,m1-pro-16gb-local,e849e7412d217831796b07991f4e9a57798aae4ccee8080ada0e026cf8739f6b,pffft-hybrid-float,float,spec012-confirm-02,2,interactive-v1,True,2368,48000,64,/Users/christiankauten/Documents/Projects/Rack/plugins/Fourier/.build/spec012/confirm-02-transitions/workload-0005-repeat-02.csv,a0477d0106bb5bca8d4eb5ebf43cc7f59527c8099a3e746472d82e9461100261,05e28e43591a9c7aee1c2fa0791de4eb26ffe6feee476f93fb35587e2c1120a6,5,smoothing-before-publication,480,481,517,published,-1,"{""alpha"": 0, ""hop"": 37, ""n"": 128, ""octave"": 0, ""rate"": 48000, ""window"": 8}",1,0.020833333333333332,37,0.7708333333333334
3aeff8d50243a034,m1-pro-16gb-local,e849e7412d217831796b07991f4e9a57798aae4ccee8080ada0e026cf8739f6b,pffft-hybrid-float,float,spec012-confirm-02,2,interactive-v1,True,2368,48000,64,/Users/christiankauten/Documents/Projects/Rack/plugins/Fourier/.build/spec012/confirm-02-transitions/workload-0005-repeat-02.csv,a0477d0106bb5bca8d4eb5ebf43cc7f59527c8099a3e746472d82e9461100261,05e28e43591a9c7aee1c2fa0791de4eb26ffe6feee476f93fb35587e2c1120a6,6,no-op-boundary,555,555,591,published,-1,"{""alpha"": 0, ""hop"": 37, ""n"": 128, ""octave"": 0, ""rate"": 48000, ""window"": 8}",0,0.0,36,0.75
3aeff8d50243a034,m1-pro-16gb-local,e849e7412d217831796b07991f4e9a57798aae4ccee8080ada0e026cf8739f6b,pffft-hybrid-float,float,spec012-confirm-02,2,interactive-v1,True,2368,48000,64,/Users/christiankauten/Documents/Projects/Rack/plugins/Fourier/.build/spec012/confirm-02-transitions/workload-0005-repeat-02.csv,a0477d0106bb5bca8d4eb5ebf43cc7f59527c8099a3e746472d82e9461100261,05e28e43591a9c7aee1c2fa0791de4eb26ffe6feee476f93fb35587e2c1120a6,7,replace-pending-first,630,-1,-1,replaced,8,"{""alpha"": 0, ""hop"": 37, ""n"": 128, ""octave"": 0, ""rate"": 48000, ""window"": 8}",,,,
3aeff8d50243a034,m1-pro-16gb-local,e849e7412d217831796b07991f4e9a57798aae4ccee8080ada0e026cf8739f6b,pffft-hybrid-float,float,spec012-confirm-02,2,interactive-v1,True,2368,48000,64,/Users/christiankauten/Documents/Projects/Rack/plugins/Fourier/.build/spec012/confirm-02-transitions/workload-0005-repeat-02.csv,a0477d0106bb5bca8d4eb5ebf43cc7f59527c8099a3e746472d82e9461100261,05e28e43591a9c7aee1c2fa0791de4eb26ffe6feee476f93fb35587e2c1120a6,8,replace-pending-last,631,666,702,published,-1,"{""alpha"": 0, ""hop"": 37, ""n"": 128, ""octave"": 0, ""rate"": 48000, ""window"": 8}",35,0.7291666666666666,71,1.4791666666666667
3aeff8d50243a034,m1-pro-16gb-local,e849e7412d217831796b07991f4e9a57798aae4ccee8080ada0e026cf8739f6b,pffft-hybrid-float,float,spec012-confirm-02,2,interactive-v1,True,2368,48000,64,/Users/christiankauten/Documents/Projects/Rack/plugins/Fourier/.build/spec012/confirm-02-transitions/workload-0005-repeat-02.csv,a0477d0106bb5bca8d4eb5ebf43cc7f59527c8099a3e746472d82e9461100261,05e28e43591a9c7aee1c2fa0791de4eb26ffe6feee476f93fb35587e2c1120a6,9,hop-decrease-boundary,777,777,813,published,-1,"{""alpha"": 0, ""hop"": 37, ""n"": 128, ""octave"": 0, ""rate"": 48000, ""window"": 8}",0,0.0,36,0.75
3aeff8d50243a034,m1-pro-16gb-local,e849e7412d217831796b07991f4e9a57798aae4ccee8080ada0e026cf8739f6b,pffft-hybrid-float,float,spec012-confirm-02,2,interactive-v1,True,2368,48000,64,/Users/christiankauten/Documents/Projects/Rack/plugins/Fourier/.build/spec012/confirm-02-transitions/workload-0005-repeat-02.csv,a0477d0106bb5bca8d4eb5ebf43cc7f59527c8099a3e746472d82e9461100261,05e28e43591a9c7aee1c2fa0791de4eb26ffe6feee476f93fb35587e2c1120a6,10,smoothing-disable,852,888,924,published,-1,"{""alpha"": 0, ""hop"": 37, ""n"": 128, ""octave"": 0, ""rate"": 48000, ""window"": 8}",36,0.75,72,1.5
3aeff8d50243a034,m1-pro-16gb-local,e849e7412d217831796b07991f4e9a57798aae4ccee8080ada0e026cf8739f6b,pffft-hybrid-float,float,spec012-confirm-02,2,interactive-v1,True,2368,48000,64,/Users/christiankauten/Documents/Projects/Rack/plugins/Fourier/.build/spec012/confirm-02-transitions/workload-0005-repeat-02.csv,a0477d0106bb5bca8d4eb5ebf43cc7f59527c8099a3e746472d82e9461100261,05e28e43591a9c7aee1c2fa0791de4eb26ffe6feee476f93fb35587e2c1120a6,11,horizon-no-response,2367,-1,-1,pending-no-response,-1,"{""alpha"": 0, ""hop"": 37, ""n"": 128, ""octave"": 0, ""rate"": 48000, ""window"": 8}",,,,
3aeff8d50243a034,m1-pro-16gb-local,e849e7412d217831796b07991f4e9a57798aae4ccee8080ada0e026cf8739f6b,pffft-hybrid-float,float,spec012-confirm-03,0,interactive-v1,True,2368,48000,64,/Users/christiankauten/Documents/Projects/Rack/plugins/Fourier/.build/spec012/confirm-03-transitions/workload-0005-repeat-00.csv,4d767ba3d71c45f0623fb36389d29f5b43844dfc2c412275070c0d1ca7eddb9f,05e28e43591a9c7aee1c2fa0791de4eb26ffe6feee476f93fb35587e2c1120a6,1,length-increase-boundary,74,74,110,published,-1,"{""alpha"": 0, ""hop"": 37, ""n"": 128, ""octave"": 0, ""rate"": 48000, ""window"": 8}",0,0.0,36,0.75
3aeff8d50243a034,m1-pro-16gb-local,e849e7412d217831796b07991f4e9a57798aae4ccee8080ada0e026cf8739f6b,pffft-hybrid-float,float,spec012-confirm-03,0,interactive-v1,True,2368,48000,64,/Users/christiankauten/Documents/Projects/Rack/plugins/Fourier/.build/spec012/confirm-03-transitions/workload-0005-repeat-00.csv,4d767ba3d71c45f0623fb36389d29f5b43844dfc2c412275070c0d1ca7eddb9f,05e28e43591a9c7aee1c2fa0791de4eb26ffe6feee476f93fb35587e2c1120a6,2,length-decrease-early,149,185,221,published,-1,"{""alpha"": 0, ""hop"": 37, ""n"": 128, ""octave"": 0, ""rate"": 48000, ""window"": 8}",36,0.75,72,1.5
3aeff8d50243a034,m1-pro-16gb-local,e849e7412d217831796b07991f4e9a57798aae4ccee8080ada0e026cf8739f6b,pffft-hybrid-float,float,spec012-confirm-03,0,interactive-v1,True,2368,48000,64,/Users/christiankauten/Documents/Projects/Rack/plugins/Fourier/.build/spec012/confirm-03-transitions/workload-0005-repeat-00.csv,4d767ba3d71c45f0623fb36389d29f5b43844dfc2c412275070c0d1ca7eddb9f,05e28e43591a9c7aee1c2fa0791de4eb26ffe6feee476f93fb35587e2c1120a6,3,hop-increase-middle,240,259,295,published,-1,"{""alpha"": 0, ""hop"": 37, ""n"": 128, ""octave"": 0, ""rate"": 48000, ""window"": 8}",19,0.3958333333333333,55,1.1458333333333333
3aeff8d50243a034,m1-pro-16gb-local,e849e7412d217831796b07991f4e9a57798aae4ccee8080ada0e026cf8739f6b,pffft-hybrid-float,float,spec012-confirm-03,0,interactive-v1,True,2368,48000,64,/Users/christiankauten/Documents/Projects/Rack/plugins/Fourier/.build/spec012/confirm-03-transitions/workload-0005-repeat-00.csv,4d767ba3d71c45f0623fb36389d29f5b43844dfc2c412275070c0d1ca7eddb9f,05e28e43591a9c7aee1c2fa0791de4eb26ffe6feee476f93fb35587e2c1120a6,4,window-late,405,407,443,published,-1,"{""alpha"": 0, ""hop"": 37, ""n"": 128, ""octave"": 0, ""rate"": 48000, ""window"": 8}",2,0.041666666666666664,38,0.7916666666666666
3aeff8d50243a034,m1-pro-16gb-local,e849e7412d217831796b07991f4e9a57798aae4ccee8080ada0e026cf8739f6b,pffft-hybrid-float,float,spec012-confirm-03,0,interactive-v1,True,2368,48000,64,/Users/christiankauten/Documents/Projects/Rack/plugins/Fourier/.build/spec012/confirm-03-transitions/workload-0005-repeat-00.csv,4d767ba3d71c45f0623fb36389d29f5b43844dfc2c412275070c0d1ca7eddb9f,05e28e43591a9c7aee1c2fa0791de4eb26ffe6feee476f93fb35587e2c1120a6,5,smoothing-before-publication,480,481,517,published,-1,"{""alpha"": 0, ""hop"": 37, ""n"": 128, ""octave"": 0, ""rate"": 48000, ""window"": 8}",1,0.020833333333333332,37,0.7708333333333334
3aeff8d50243a034,m1-pro-16gb-local,e849e7412d217831796b07991f4e9a57798aae4ccee8080ada0e026cf8739f6b,pffft-hybrid-float,float,spec012-confirm-03,0,interactive-v1,True,2368,48000,64,/Users/christiankauten/Documents/Projects/Rack/plugins/Fourier/.build/spec012/confirm-03-transitions/workload-0005-repeat-00.csv,4d767ba3d71c45f0623fb36389d29f5b43844dfc2c412275070c0d1ca7eddb9f,05e28e43591a9c7aee1c2fa0791de4eb26ffe6feee476f93fb35587e2c1120a6,6,no-op-boundary,555,555,591,published,-1,"{""alpha"": 0, ""hop"": 37, ""n"": 128, ""octave"": 0, ""rate"": 48000, ""window"": 8}",0,0.0,36,0.75
3aeff8d50243a034,m1-pro-16gb-local,e849e7412d217831796b07991f4e9a57798aae4ccee8080ada0e026cf8739f6b,pffft-hybrid-float,float,spec012-confirm-03,0,interactive-v1,True,2368,48000,64,/Users/christiankauten/Documents/Projects/Rack/plugins/Fourier/.build/spec012/confirm-03-transitions/workload-0005-repeat-00.csv,4d767ba3d71c45f0623fb36389d29f5b43844dfc2c412275070c0d1ca7eddb9f,05e28e43591a9c7aee1c2fa0791de4eb26ffe6feee476f93fb35587e2c1120a6,7,replace-pending-first,630,-1,-1,replaced,8,"{""alpha"": 0, ""hop"": 37, ""n"": 128, ""octave"": 0, ""rate"": 48000, ""window"": 8}",,,,
3aeff8d50243a034,m1-pro-16gb-local,e849e7412d217831796b07991f4e9a57798aae4ccee8080ada0e026cf8739f6b,pffft-hybrid-float,float,spec012-confirm-03,0,interactive-v1,True,2368,48000,64,/Users/christiankauten/Documents/Projects/Rack/plugins/Fourier/.build/spec012/confirm-03-transitions/workload-0005-repeat-00.csv,4d767ba3d71c45f0623fb36389d29f5b43844dfc2c412275070c0d1ca7eddb9f,05e28e43591a9c7aee1c2fa0791de4eb26ffe6feee476f93fb35587e2c1120a6,8,replace-pending-last,631,666,702,published,-1,"{""alpha"": 0, ""hop"": 37, ""n"": 128, ""octave"": 0, ""rate"": 48000, ""window"": 8}",35,0.7291666666666666,71,1.4791666666666667
3aeff8d50243a034,m1-pro-16gb-local,e849e7412d217831796b07991f4e9a57798aae4ccee8080ada0e026cf8739f6b,pffft-hybrid-float,float,spec012-confirm-03,0,interactive-v1,True,2368,48000,64,/Users/christiankauten/Documents/Projects/Rack/plugins/Fourier/.build/spec012/confirm-03-transitions/workload-0005-repeat-00.csv,4d767ba3d71c45f0623fb36389d29f5b43844dfc2c412275070c0d1ca7eddb9f,05e28e43591a9c7aee1c2fa0791de4eb26ffe6feee476f93fb35587e2c1120a6,9,hop-decrease-boundary,777,777,813,published,-1,"{""alpha"": 0, ""hop"": 37, ""n"": 128, ""octave"": 0, ""rate"": 48000, ""window"": 8}",0,0.0,36,0.75
3aeff8d50243a034,m1-pro-16gb-local,e849e7412d217831796b07991f4e9a57798aae4ccee8080ada0e026cf8739f6b,pffft-hybrid-float,float,spec012-confirm-03,0,interactive-v1,True,2368,48000,64,/Users/christiankauten/Documents/Projects/Rack/plugins/Fourier/.build/spec012/confirm-03-transitions/workload-0005-repeat-00.csv,4d767ba3d71c45f0623fb36389d29f5b43844dfc2c412275070c0d1ca7eddb9f,05e28e43591a9c7aee1c2fa0791de4eb26ffe6feee476f93fb35587e2c1120a6,10,smoothing-disable,852,888,924,published,-1,"{""alpha"": 0, ""hop"": 37, ""n"": 128, ""octave"": 0, ""rate"": 48000, ""window"": 8}",36,0.75,72,1.5
3aeff8d50243a034,m1-pro-16gb-local,e849e7412d217831796b07991f4e9a57798aae4ccee8080ada0e026cf8739f6b,pffft-hybrid-float,float,spec012-confirm-03,0,interactive-v1,True,2368,48000,64,/Users/christiankauten/Documents/Projects/Rack/plugins/Fourier/.build/spec012/confirm-03-transitions/workload-0005-repeat-00.csv,4d767ba3d71c45f0623fb36389d29f5b43844dfc2c412275070c0d1ca7eddb9f,05e28e43591a9c7aee1c2fa0791de4eb26ffe6feee476f93fb35587e2c1120a6,11,horizon-no-response,2367,-1,-1,pending-no-response,-1,"{""alpha"": 0, ""hop"": 37, ""n"": 128, ""octave"": 0, ""rate"": 48000, ""window"": 8}",,,,
3aeff8d50243a034,m1-pro-16gb-local,e849e7412d217831796b07991f4e9a57798aae4ccee8080ada0e026cf8739f6b,pffft-hybrid-float,float,spec012-confirm-03,1,interactive-v1,True,2368,48000,64,/Users/christiankauten/Documents/Projects/Rack/plugins/Fourier/.build/spec012/confirm-03-transitions/workload-0005-repeat-01.csv,a7dd36d224dcf5d5e8bccde2db222cabe3979a1f2aada43ead9bc54ae95bb31e,05e28e43591a9c7aee1c2fa0791de4eb26ffe6feee476f93fb35587e2c1120a6,1,length-increase-boundary,74,74,110,published,-1,"{""alpha"": 0, ""hop"": 37, ""n"": 128, ""octave"": 0, ""rate"": 48000, ""window"": 8}",0,0.0,36,0.75
3aeff8d50243a034,m1-pro-16gb-local,e849e7412d217831796b07991f4e9a57798aae4ccee8080ada0e026cf8739f6b,pffft-hybrid-float,float,spec012-confirm-03,1,interactive-v1,True,2368,48000,64,/Users/christiankauten/Documents/Projects/Rack/plugins/Fourier/.build/spec012/confirm-03-transitions/workload-0005-repeat-01.csv,a7dd36d224dcf5d5e8bccde2db222cabe3979a1f2aada43ead9bc54ae95bb31e,05e28e43591a9c7aee1c2fa0791de4eb26ffe6feee476f93fb35587e2c1120a6,2,length-decrease-early,149,185,221,published,-1,"{""alpha"": 0, ""hop"": 37, ""n"": 128, ""octave"": 0, ""rate"": 48000, ""window"": 8}",36,0.75,72,1.5
3aeff8d50243a034,m1-pro-16gb-local,e849e7412d217831796b07991f4e9a57798aae4ccee8080ada0e026cf8739f6b,pffft-hybrid-float,float,spec012-confirm-03,1,interactive-v1,True,2368,48000,64,/Users/christiankauten/Documents/Projects/Rack/plugins/Fourier/.build/spec012/confirm-03-transitions/workload-0005-repeat-01.csv,a7dd36d224dcf5d5e8bccde2db222cabe3979a1f2aada43ead9bc54ae95bb31e,05e28e43591a9c7aee1c2fa0791de4eb26ffe6feee476f93fb35587e2c1120a6,3,hop-increase-middle,240,259,295,published,-1,"{""alpha"": 0, ""hop"": 37, ""n"": 128, ""octave"": 0, ""rate"": 48000, ""window"": 8}",19,0.3958333333333333,55,1.1458333333333333
3aeff8d50243a034,m1-pro-16gb-local,e849e7412d217831796b07991f4e9a57798aae4ccee8080ada0e026cf8739f6b,pffft-hybrid-float,float,spec012-confirm-03,1,interactive-v1,True,2368,48000,64,/Users/christiankauten/Documents/Projects/Rack/plugins/Fourier/.build/spec012/confirm-03-transitions/workload-0005-repeat-01.csv,a7dd36d224dcf5d5e8bccde2db222cabe3979a1f2aada43ead9bc54ae95bb31e,05e28e43591a9c7aee1c2fa0791de4eb26ffe6feee476f93fb35587e2c1120a6,4,window-late,405,407,443,published,-1,"{""alpha"": 0, ""hop"": 37, ""n"": 128, ""octave"": 0, ""rate"": 48000, ""window"": 8}",2,0.041666666666666664,38,0.7916666666666666
3aeff8d50243a034,m1-pro-16gb-local,e849e7412d217831796b07991f4e9a57798aae4ccee8080ada0e026cf8739f6b,pffft-hybrid-float,float,spec012-confirm-03,1,interactive-v1,True,2368,48000,64,/Users/christiankauten/Documents/Projects/Rack/plugins/Fourier/.build/spec012/confirm-03-transitions/workload-0005-repeat-01.csv,a7dd36d224dcf5d5e8bccde2db222cabe3979a1f2aada43ead9bc54ae95bb31e,05e28e43591a9c7aee1c2fa0791de4eb26ffe6feee476f93fb35587e2c1120a6,5,smoothing-before-publication,480,481,517,published,-1,"{""alpha"": 0, ""hop"": 37, ""n"": 128, ""octave"": 0, ""rate"": 48000, ""window"": 8}",1,0.020833333333333332,37,0.7708333333333334
3aeff8d50243a034,m1-pro-16gb-local,e849e7412d217831796b07991f4e9a57798aae4ccee8080ada0e026cf8739f6b,pffft-hybrid-float,float,spec012-confirm-03,1,interactive-v1,True,2368,48000,64,/Users/christiankauten/Documents/Projects/Rack/plugins/Fourier/.build/spec012/confirm-03-transitions/workload-0005-repeat-01.csv,a7dd36d224dcf5d5e8bccde2db222cabe3979a1f2aada43ead9bc54ae95bb31e,05e28e43591a9c7aee1c2fa0791de4eb26ffe6feee476f93fb35587e2c1120a6,6,no-op-boundary,555,555,591,published,-1,"{""alpha"": 0, ""hop"": 37, ""n"": 128, ""octave"": 0, ""rate"": 48000, ""window"": 8}",0,0.0,36,0.75
3aeff8d50243a034,m1-pro-16gb-local,e849e7412d217831796b07991f4e9a57798aae4ccee8080ada0e026cf8739f6b,pffft-hybrid-float,float,spec012-confirm-03,1,interactive-v1,True,2368,48000,64,/Users/christiankauten/Documents/Projects/Rack/plugins/Fourier/.build/spec012/confirm-03-transitions/workload-0005-repeat-01.csv,a7dd36d224dcf5d5e8bccde2db222cabe3979a1f2aada43ead9bc54ae95bb31e,05e28e43591a9c7aee1c2fa0791de4eb26ffe6feee476f93fb35587e2c1120a6,7,replace-pending-first,630,-1,-1,replaced,8,"{""alpha"": 0, ""hop"": 37, ""n"": 128, ""octave"": 0, ""rate"": 48000, ""window"": 8}",,,,
3aeff8d50243a034,m1-pro-16gb-local,e849e7412d217831796b07991f4e9a57798aae4ccee8080ada0e026cf8739f6b,pffft-hybrid-float,float,spec012-confirm-03,1,interactive-v1,True,2368,48000,64,/Users/christiankauten/Documents/Projects/Rack/plugins/Fourier/.build/spec012/confirm-03-transitions/workload-0005-repeat-01.csv,a7dd36d224dcf5d5e8bccde2db222cabe3979a1f2aada43ead9bc54ae95bb31e,05e28e43591a9c7aee1c2fa0791de4eb26ffe6feee476f93fb35587e2c1120a6,8,replace-pending-last,631,666,702,published,-1,"{""alpha"": 0, ""hop"": 37, ""n"": 128, ""octave"": 0, ""rate"": 48000, ""window"": 8}",35,0.7291666666666666,71,1.4791666666666667
3aeff8d50243a034,m1-pro-16gb-local,e849e7412d217831796b07991f4e9a57798aae4ccee8080ada0e026cf8739f6b,pffft-hybrid-float,float,spec012-confirm-03,1,interactive-v1,True,2368,48000,64,/Users/christiankauten/Documents/Projects/Rack/plugins/Fourier/.build/spec012/confirm-03-transitions/workload-0005-repeat-01.csv,a7dd36d224dcf5d5e8bccde2db222cabe3979a1f2aada43ead9bc54ae95bb31e,05e28e43591a9c7aee1c2fa0791de4eb26ffe6feee476f93fb35587e2c1120a6,9,hop-decrease-boundary,777,777,813,published,-1,"{""alpha"": 0, ""hop"": 37, ""n"": 128, ""octave"": 0, ""rate"": 48000, ""window"": 8}",0,0.0,36,0.75
3aeff8d50243a034,m1-pro-16gb-local,e849e7412d217831796b07991f4e9a57798aae4ccee8080ada0e026cf8739f6b,pffft-hybrid-float,float,spec012-confirm-03,1,interactive-v1,True,2368,48000,64,/Users/christiankauten/Documents/Projects/Rack/plugins/Fourier/.build/spec012/confirm-03-transitions/workload-0005-repeat-01.csv,a7dd36d224dcf5d5e8bccde2db222cabe3979a1f2aada43ead9bc54ae95bb31e,05e28e43591a9c7aee1c2fa0791de4eb26ffe6feee476f93fb35587e2c1120a6,10,smoothing-disable,852,888,924,published,-1,"{""alpha"": 0, ""hop"": 37, ""n"": 128, ""octave"": 0, ""rate"": 48000, ""window"": 8}",36,0.75,72,1.5
3aeff8d50243a034,m1-pro-16gb-local,e849e7412d217831796b07991f4e9a57798aae4ccee8080ada0e026cf8739f6b,pffft-hybrid-float,float,spec012-confirm-03,1,interactive-v1,True,2368,48000,64,/Users/christiankauten/Documents/Projects/Rack/plugins/Fourier/.build/spec012/confirm-03-transitions/workload-0005-repeat-01.csv,a7dd36d224dcf5d5e8bccde2db222cabe3979a1f2aada43ead9bc54ae95bb31e,05e28e43591a9c7aee1c2fa0791de4eb26ffe6feee476f93fb35587e2c1120a6,11,horizon-no-response,2367,-1,-1,pending-no-response,-1,"{""alpha"": 0, ""hop"": 37, ""n"": 128, ""octave"": 0, ""rate"": 48000, ""window"": 8}",,,,
3aeff8d50243a034,m1-pro-16gb-local,e849e7412d217831796b07991f4e9a57798aae4ccee8080ada0e026cf8739f6b,pffft-hybrid-float,float,spec012-confirm-03,2,interactive-v1,True,2368,48000,64,/Users/christiankauten/Documents/Projects/Rack/plugins/Fourier/.build/spec012/confirm-03-transitions/workload-0005-repeat-02.csv,0cbaf830e553a2f848b148f158870b9907b12a5790704a5c3a589eee27997729,05e28e43591a9c7aee1c2fa0791de4eb26ffe6feee476f93fb35587e2c1120a6,1,length-increase-boundary,74,74,110,published,-1,"{""alpha"": 0, ""hop"": 37, ""n"": 128, ""octave"": 0, ""rate"": 48000, ""window"": 8}",0,0.0,36,0.75
3aeff8d50243a034,m1-pro-16gb-local,e849e7412d217831796b07991f4e9a57798aae4ccee8080ada0e026cf8739f6b,pffft-hybrid-float,float,spec012-confirm-03,2,interactive-v1,True,2368,48000,64,/Users/christiankauten/Documents/Projects/Rack/plugins/Fourier/.build/spec012/confirm-03-transitions/workload-0005-repeat-02.csv,0cbaf830e553a2f848b148f158870b9907b12a5790704a5c3a589eee27997729,05e28e43591a9c7aee1c2fa0791de4eb26ffe6feee476f93fb35587e2c1120a6,2,length-decrease-early,149,185,221,published,-1,"{""alpha"": 0, ""hop"": 37, ""n"": 128, ""octave"": 0, ""rate"": 48000, ""window"": 8}",36,0.75,72,1.5
3aeff8d50243a034,m1-pro-16gb-local,e849e7412d217831796b07991f4e9a57798aae4ccee8080ada0e026cf8739f6b,pffft-hybrid-float,float,spec012-confirm-03,2,interactive-v1,True,2368,48000,64,/Users/christiankauten/Documents/Projects/Rack/plugins/Fourier/.build/spec012/confirm-03-transitions/workload-0005-repeat-02.csv,0cbaf830e553a2f848b148f158870b9907b12a5790704a5c3a589eee27997729,05e28e43591a9c7aee1c2fa0791de4eb26ffe6feee476f93fb35587e2c1120a6,3,hop-increase-middle,240,259,295,published,-1,"{""alpha"": 0, ""hop"": 37, ""n"": 128, ""octave"": 0, ""rate"": 48000, ""window"": 8}",19,0.3958333333333333,55,1.1458333333333333
3aeff8d50243a034,m1-pro-16gb-local,e849e7412d217831796b07991f4e9a57798aae4ccee8080ada0e026cf8739f6b,pffft-hybrid-float,float,spec012-confirm-03,2,interactive-v1,True,2368,48000,64,/Users/christiankauten/Documents/Projects/Rack/plugins/Fourier/.build/spec012/confirm-03-transitions/workload-0005-repeat-02.csv,0cbaf830e553a2f848b148f158870b9907b12a5790704a5c3a589eee27997729,05e28e43591a9c7aee1c2fa0791de4eb26ffe6feee476f93fb35587e2c1120a6,4,window-late,405,407,443,published,-1,"{""alpha"": 0, ""hop"": 37, ""n"": 128, ""octave"": 0, ""rate"": 48000, ""window"": 8}",2,0.041666666666666664,38,0.7916666666666666
3aeff8d50243a034,m1-pro-16gb-local,e849e7412d217831796b07991f4e9a57798aae4ccee8080ada0e026cf8739f6b,pffft-hybrid-float,float,spec012-confirm-03,2,interactive-v1,True,2368,48000,64,/Users/christiankauten/Documents/Projects/Rack/plugins/Fourier/.build/spec012/confirm-03-transitions/workload-0005-repeat-02.csv,0cbaf830e553a2f848b148f158870b9907b12a5790704a5c3a589eee27997729,05e28e43591a9c7aee1c2fa0791de4eb26ffe6feee476f93fb35587e2c1120a6,5,smoothing-before-publication,480,481,517,published,-1,"{""alpha"": 0, ""hop"": 37, ""n"": 128, ""octave"": 0, ""rate"": 48000, ""window"": 8}",1,0.020833333333333332,37,0.7708333333333334
3aeff8d50243a034,m1-pro-16gb-local,e849e7412d217831796b07991f4e9a57798aae4ccee8080ada0e026cf8739f6b,pffft-hybrid-float,float,spec012-confirm-03,2,interactive-v1,True,2368,48000,64,/Users/christiankauten/Documents/Projects/Rack/plugins/Fourier/.build/spec012/confirm-03-transitions/workload-0005-repeat-02.csv,0cbaf830e553a2f848b148f158870b9907b12a5790704a5c3a589eee27997729,05e28e43591a9c7aee1c2fa0791de4eb26ffe6feee476f93fb35587e2c1120a6,6,no-op-boundary,555,555,591,published,-1,"{""alpha"": 0, ""hop"": 37, ""n"": 128, ""octave"": 0, ""rate"": 48000, ""window"": 8}",0,0.0,36,0.75
3aeff8d50243a034,m1-pro-16gb-local,e849e7412d217831796b07991f4e9a57798aae4ccee8080ada0e026cf8739f6b,pffft-hybrid-float,float,spec012-confirm-03,2,interactive-v1,True,2368,48000,64,/Users/christiankauten/Documents/Projects/Rack/plugins/Fourier/.build/spec012/confirm-03-transitions/workload-0005-repeat-02.csv,0cbaf830e553a2f848b148f158870b9907b12a5790704a5c3a589eee27997729,05e28e43591a9c7aee1c2fa0791de4eb26ffe6feee476f93fb35587e2c1120a6,7,replace-pending-first,630,-1,-1,replaced,8,"{""alpha"": 0, ""hop"": 37, ""n"": 128, ""octave"": 0, ""rate"": 48000, ""window"": 8}",,,,
3aeff8d50243a034,m1-pro-16gb-local,e849e7412d217831796b07991f4e9a57798aae4ccee8080ada0e026cf8739f6b,pffft-hybrid-float,float,spec012-confirm-03,2,interactive-v1,True,2368,48000,64,/Users/christiankauten/Documents/Projects/Rack/plugins/Fourier/.build/spec012/confirm-03-transitions/workload-0005-repeat-02.csv,0cbaf830e553a2f848b148f158870b9907b12a5790704a5c3a589eee27997729,05e28e43591a9c7aee1c2fa0791de4eb26ffe6feee476f93fb35587e2c1120a6,8,replace-pending-last,631,666,702,published,-1,"{""alpha"": 0, ""hop"": 37, ""n"": 128, ""octave"": 0, ""rate"": 48000, ""window"": 8}",35,0.7291666666666666,71,1.4791666666666667
3aeff8d50243a034,m1-pro-16gb-local,e849e7412d217831796b07991f4e9a57798aae4ccee8080ada0e026cf8739f6b,pffft-hybrid-float,float,spec012-confirm-03,2,interactive-v1,True,2368,48000,64,/Users/christiankauten/Documents/Projects/Rack/plugins/Fourier/.build/spec012/confirm-03-transitions/workload-0005-repeat-02.csv,0cbaf830e553a2f848b148f158870b9907b12a5790704a5c3a589eee27997729,05e28e43591a9c7aee1c2fa0791de4eb26ffe6feee476f93fb35587e2c1120a6,9,hop-decrease-boundary,777,777,813,published,-1,"{""alpha"": 0, ""hop"": 37, ""n"": 128, ""octave"": 0, ""rate"": 48000, ""window"": 8}",0,0.0,36,0.75
3aeff8d50243a034,m1-pro-16gb-local,e849e7412d217831796b07991f4e9a57798aae4ccee8080ada0e026cf8739f6b,pffft-hybrid-float,float,spec012-confirm-03,2,interactive-v1,True,2368,48000,64,/Users/christiankauten/Documents/Projects/Rack/plugins/Fourier/.build/spec012/confirm-03-transitions/workload-0005-repeat-02.csv,0cbaf830e553a2f848b148f158870b9907b12a5790704a5c3a589eee27997729,05e28e43591a9c7aee1c2fa0791de4eb26ffe6feee476f93fb35587e2c1120a6,10,smoothing-disable,852,888,924,published,-1,"{""alpha"": 0, ""hop"": 37, ""n"": 128, ""octave"": 0, ""rate"": 48000, ""window"": 8}",36,0.75,72,1.5
3aeff8d50243a034,m1-pro-16gb-local,e849e7412d217831796b07991f4e9a57798aae4ccee8080ada0e026cf8739f6b,pffft-hybrid-float,float,spec012-confirm-03,2,interactive-v1,True,2368,48000,64,/Users/christiankauten/Documents/Projects/Rack/plugins/Fourier/.build/spec012/confirm-03-transitions/workload-0005-repeat-02.csv,0cbaf830e553a2f848b148f158870b9907b12a5790704a5c3a589eee27997729,05e28e43591a9c7aee1c2fa0791de4eb26ffe6feee476f93fb35587e2c1120a6,11,horizon-no-response,2367,-1,-1,pending-no-response,-1,"{""alpha"": 0, ""hop"": 37, ""n"": 128, ""octave"": 0, ""rate"": 48000, ""window"": 8}",,,,
3aeff8d50243a034,m1-pro-16gb-local,ebb948e06a0185f235fbe3af7eb34d56e80fa7ffa52cd7267e8b1838baef72e7,pffft-scheduled-batch-float,float,spec012-confirm-01,0,interactive-v1,False,2368,48000,64,/Users/christiankauten/Documents/Projects/Rack/plugins/Fourier/.build/spec012/confirm-01-transitions/workload-0006-repeat-00.csv,e1adea95dafc390a6dc73d83bf9c2c2fcdd81155ba36478f589817197a303788,4d09e44928c8140523a5dddd0596289b9d7cbce76f245e59e2bf9fde309eced4,1,length-increase-boundary,74,74,74,published,-1,"{""alpha"": 0, ""hop"": 37, ""n"": 1024, ""octave"": 0, ""rate"": 48000, ""window"": 8}",0,0.0,0,0.0
3aeff8d50243a034,m1-pro-16gb-local,ebb948e06a0185f235fbe3af7eb34d56e80fa7ffa52cd7267e8b1838baef72e7,pffft-scheduled-batch-float,float,spec012-confirm-01,0,interactive-v1,False,2368,48000,64,/Users/christiankauten/Documents/Projects/Rack/plugins/Fourier/.build/spec012/confirm-01-transitions/workload-0006-repeat-00.csv,e1adea95dafc390a6dc73d83bf9c2c2fcdd81155ba36478f589817197a303788,4d09e44928c8140523a5dddd0596289b9d7cbce76f245e59e2bf9fde309eced4,2,length-decrease-early,149,185,185,published,-1,"{""alpha"": 0, ""hop"": 37, ""n"": 128, ""octave"": 0, ""rate"": 48000, ""window"": 8}",36,0.75,36,0.75
3aeff8d50243a034,m1-pro-16gb-local,ebb948e06a0185f235fbe3af7eb34d56e80fa7ffa52cd7267e8b1838baef72e7,pffft-scheduled-batch-float,float,spec012-confirm-01,0,interactive-v1,False,2368,48000,64,/Users/christiankauten/Documents/Projects/Rack/plugins/Fourier/.build/spec012/confirm-01-transitions/workload-0006-repeat-00.csv,e1adea95dafc390a6dc73d83bf9c2c2fcdd81155ba36478f589817197a303788,4d09e44928c8140523a5dddd0596289b9d7cbce76f245e59e2bf9fde309eced4,3,hop-increase-middle,240,259,259,published,-1,"{""alpha"": 0, ""hop"": 74, ""n"": 128, ""octave"": 0, ""rate"": 48000, ""window"": 8}",19,0.3958333333333333,19,0.3958333333333333
3aeff8d50243a034,m1-pro-16gb-local,ebb948e06a0185f235fbe3af7eb34d56e80fa7ffa52cd7267e8b1838baef72e7,pffft-scheduled-batch-float,float,spec012-confirm-01,0,interactive-v1,False,2368,48000,64,/Users/christiankauten/Documents/Projects/Rack/plugins/Fourier/.build/spec012/confirm-01-transitions/workload-0006-repeat-00.csv,e1adea95dafc390a6dc73d83bf9c2c2fcdd81155ba36478f589817197a303788,4d09e44928c8140523a5dddd0596289b9d7cbce76f245e59e2bf9fde309eced4,4,window-late,405,407,407,published,-1,"{""alpha"": 0, ""hop"": 74, ""n"": 128, ""octave"": 0, ""rate"": 48000, ""window"": 11}",2,0.041666666666666664,2,0.041666666666666664
3aeff8d50243a034,m1-pro-16gb-local,ebb948e06a0185f235fbe3af7eb34d56e80fa7ffa52cd7267e8b1838baef72e7,pffft-scheduled-batch-float,float,spec012-confirm-01,0,interactive-v1,False,2368,48000,64,/Users/christiankauten/Documents/Projects/Rack/plugins/Fourier/.build/spec012/confirm-01-transitions/workload-0006-repeat-00.csv,e1adea95dafc390a6dc73d83bf9c2c2fcdd81155ba36478f589817197a303788,4d09e44928c8140523a5dddd0596289b9d7cbce76f245e59e2bf9fde309eced4,5,smoothing-before-publication,480,481,481,published,-1,"{""alpha"": 0.800000011920929, ""hop"": 74, ""n"": 128, ""octave"": 0.3333333432674408, ""rate"": 48000, ""window"": 11}",1,0.020833333333333332,1,0.020833333333333332
3aeff8d50243a034,m1-pro-16gb-local,ebb948e06a0185f235fbe3af7eb34d56e80fa7ffa52cd7267e8b1838baef72e7,pffft-scheduled-batch-float,float,spec012-confirm-01,0,interactive-v1,False,2368,48000,64,/Users/christiankauten/Documents/Projects/Rack/plugins/Fourier/.build/spec012/confirm-01-transitions/workload-0006-repeat-00.csv,e1adea95dafc390a6dc73d83bf9c2c2fcdd81155ba36478f589817197a303788,4d09e44928c8140523a5dddd0596289b9d7cbce76f245e59e2bf9fde309eced4,6,no-op-boundary,555,555,555,published,-1,"{""alpha"": 0.800000011920929, ""hop"": 74, ""n"": 128, ""octave"": 0.3333333432674408, ""rate"": 48000, ""window"": 11}",0,0.0,0,0.0
3aeff8d50243a034,m1-pro-16gb-local,ebb948e06a0185f235fbe3af7eb34d56e80fa7ffa52cd7267e8b1838baef72e7,pffft-scheduled-batch-float,float,spec012-confirm-01,0,interactive-v1,False,2368,48000,64,/Users/christiankauten/Documents/Projects/Rack/plugins/Fourier/.build/spec012/confirm-01-transitions/workload-0006-repeat-00.csv,e1adea95dafc390a6dc73d83bf9c2c2fcdd81155ba36478f589817197a303788,4d09e44928c8140523a5dddd0596289b9d7cbce76f245e59e2bf9fde309eced4,7,replace-pending-first,630,-1,-1,replaced,8,"{""alpha"": 0.800000011920929, ""hop"": 74, ""n"": 128, ""octave"": 0.3333333432674408, ""rate"": 48000, ""window"": 8}",,,,
3aeff8d50243a034,m1-pro-16gb-local,ebb948e06a0185f235fbe3af7eb34d56e80fa7ffa52cd7267e8b1838baef72e7,pffft-scheduled-batch-float,float,spec012-confirm-01,0,interactive-v1,False,2368,48000,64,/Users/christiankauten/Documents/Projects/Rack/plugins/Fourier/.build/spec012/confirm-01-transitions/workload-0006-repeat-00.csv,e1adea95dafc390a6dc73d83bf9c2c2fcdd81155ba36478f589817197a303788,4d09e44928c8140523a5dddd0596289b9d7cbce76f245e59e2bf9fde309eced4,8,replace-pending-last,631,703,703,published,-1,"{""alpha"": 0, ""hop"": 74, ""n"": 128, ""octave"": 0.3333333432674408, ""rate"": 48000, ""window"": 8}",72,1.5,72,1.5
3aeff8d50243a034,m1-pro-16gb-local,ebb948e06a0185f235fbe3af7eb34d56e80fa7ffa52cd7267e8b1838baef72e7,pffft-scheduled-batch-float,float,spec012-confirm-01,0,interactive-v1,False,2368,48000,64,/Users/christiankauten/Documents/Projects/Rack/plugins/Fourier/.build/spec012/confirm-01-transitions/workload-0006-repeat-00.csv,e1adea95dafc390a6dc73d83bf9c2c2fcdd81155ba36478f589817197a303788,4d09e44928c8140523a5dddd0596289b9d7cbce76f245e59e2bf9fde309eced4,9,hop-decrease-boundary,777,777,777,published,-1,"{""alpha"": 0, ""hop"": 18, ""n"": 128, ""octave"": 0.3333333432674408, ""rate"": 48000, ""window"": 8}",0,0.0,0,0.0
3aeff8d50243a034,m1-pro-16gb-local,ebb948e06a0185f235fbe3af7eb34d56e80fa7ffa52cd7267e8b1838baef72e7,pffft-scheduled-batch-float,float,spec012-confirm-01,0,interactive-v1,False,2368,48000,64,/Users/christiankauten/Documents/Projects/Rack/plugins/Fourier/.build/spec012/confirm-01-transitions/workload-0006-repeat-00.csv,e1adea95dafc390a6dc73d83bf9c2c2fcdd81155ba36478f589817197a303788,4d09e44928c8140523a5dddd0596289b9d7cbce76f245e59e2bf9fde309eced4,10,smoothing-disable,852,867,867,published,-1,"{""alpha"": 0, ""hop"": 18, ""n"": 128, ""octave"": 0, ""rate"": 48000, ""window"": 8}",15,0.3125,15,0.3125
3aeff8d50243a034,m1-pro-16gb-local,ebb948e06a0185f235fbe3af7eb34d56e80fa7ffa52cd7267e8b1838baef72e7,pffft-scheduled-batch-float,float,spec012-confirm-01,0,interactive-v1,False,2368,48000,64,/Users/christiankauten/Documents/Projects/Rack/plugins/Fourier/.build/spec012/confirm-01-transitions/workload-0006-repeat-00.csv,e1adea95dafc390a6dc73d83bf9c2c2fcdd81155ba36478f589817197a303788,4d09e44928c8140523a5dddd0596289b9d7cbce76f245e59e2bf9fde309eced4,11,horizon-no-response,2367,-1,-1,pending-no-response,-1,"{""alpha"": 0, ""hop"": 18, ""n"": 128, ""octave"": 0, ""rate"": 48000, ""window"": 0}",,,,
3aeff8d50243a034,m1-pro-16gb-local,ebb948e06a0185f235fbe3af7eb34d56e80fa7ffa52cd7267e8b1838baef72e7,pffft-scheduled-batch-float,float,spec012-confirm-01,1,interactive-v1,False,2368,48000,64,/Users/christiankauten/Documents/Projects/Rack/plugins/Fourier/.build/spec012/confirm-01-transitions/workload-0006-repeat-01.csv,a64b5283b54c3361ce3c7fe36fd33cf7ef21ebb193e361132b69214613dbb7ba,4d09e44928c8140523a5dddd0596289b9d7cbce76f245e59e2bf9fde309eced4,1,length-increase-boundary,74,74,74,published,-1,"{""alpha"": 0, ""hop"": 37, ""n"": 1024, ""octave"": 0, ""rate"": 48000, ""window"": 8}",0,0.0,0,0.0
3aeff8d50243a034,m1-pro-16gb-local,ebb948e06a0185f235fbe3af7eb34d56e80fa7ffa52cd7267e8b1838baef72e7,pffft-scheduled-batch-float,float,spec012-confirm-01,1,interactive-v1,False,2368,48000,64,/Users/christiankauten/Documents/Projects/Rack/plugins/Fourier/.build/spec012/confirm-01-transitions/workload-0006-repeat-01.csv,a64b5283b54c3361ce3c7fe36fd33cf7ef21ebb193e361132b69214613dbb7ba,4d09e44928c8140523a5dddd0596289b9d7cbce76f245e59e2bf9fde309eced4,2,length-decrease-early,149,185,185,published,-1,"{""alpha"": 0, ""hop"": 37, ""n"": 128, ""octave"": 0, ""rate"": 48000, ""window"": 8}",36,0.75,36,0.75
3aeff8d50243a034,m1-pro-16gb-local,ebb948e06a0185f235fbe3af7eb34d56e80fa7ffa52cd7267e8b1838baef72e7,pffft-scheduled-batch-float,float,spec012-confirm-01,1,interactive-v1,False,2368,48000,64,/Users/christiankauten/Documents/Projects/Rack/plugins/Fourier/.build/spec012/confirm-01-transitions/workload-0006-repeat-01.csv,a64b5283b54c3361ce3c7fe36fd33cf7ef21ebb193e361132b69214613dbb7ba,4d09e44928c8140523a5dddd0596289b9d7cbce76f245e59e2bf9fde309eced4,3,hop-increase-middle,240,259,259,published,-1,"{""alpha"": 0, ""hop"": 74, ""n"": 128, ""octave"": 0, ""rate"": 48000, ""window"": 8}",19,0.3958333333333333,19,0.3958333333333333
3aeff8d50243a034,m1-pro-16gb-local,ebb948e06a0185f235fbe3af7eb34d56e80fa7ffa52cd7267e8b1838baef72e7,pffft-scheduled-batch-float,float,spec012-confirm-01,1,interactive-v1,False,2368,48000,64,/Users/christiankauten/Documents/Projects/Rack/plugins/Fourier/.build/spec012/confirm-01-transitions/workload-0006-repeat-01.csv,a64b5283b54c3361ce3c7fe36fd33cf7ef21ebb193e361132b69214613dbb7ba,4d09e44928c8140523a5dddd0596289b9d7cbce76f245e59e2bf9fde309eced4,4,window-late,405,407,407,published,-1,"{""alpha"": 0, ""hop"": 74, ""n"": 128, ""octave"": 0, ""rate"": 48000, ""window"": 11}",2,0.041666666666666664,2,0.041666666666666664
3aeff8d50243a034,m1-pro-16gb-local,ebb948e06a0185f235fbe3af7eb34d56e80fa7ffa52cd7267e8b1838baef72e7,pffft-scheduled-batch-float,float,spec012-confirm-01,1,interactive-v1,False,2368,48000,64,/Users/christiankauten/Documents/Projects/Rack/plugins/Fourier/.build/spec012/confirm-01-transitions/workload-0006-repeat-01.csv,a64b5283b54c3361ce3c7fe36fd33cf7ef21ebb193e361132b69214613dbb7ba,4d09e44928c8140523a5dddd0596289b9d7cbce76f245e59e2bf9fde309eced4,5,smoothing-before-publication,480,481,481,published,-1,"{""alpha"": 0.800000011920929, ""hop"": 74, ""n"": 128, ""octave"": 0.3333333432674408, ""rate"": 48000, ""window"": 11}",1,0.020833333333333332,1,0.020833333333333332
3aeff8d50243a034,m1-pro-16gb-local,ebb948e06a0185f235fbe3af7eb34d56e80fa7ffa52cd7267e8b1838baef72e7,pffft-scheduled-batch-float,float,spec012-confirm-01,1,interactive-v1,False,2368,48000,64,/Users/christiankauten/Documents/Projects/Rack/plugins/Fourier/.build/spec012/confirm-01-transitions/workload-0006-repeat-01.csv,a64b5283b54c3361ce3c7fe36fd33cf7ef21ebb193e361132b69214613dbb7ba,4d09e44928c8140523a5dddd0596289b9d7cbce76f245e59e2bf9fde309eced4,6,no-op-boundary,555,555,555,published,-1,"{""alpha"": 0.800000011920929, ""hop"": 74, ""n"": 128, ""octave"": 0.3333333432674408, ""rate"": 48000, ""window"": 11}",0,0.0,0,0.0
3aeff8d50243a034,m1-pro-16gb-local,ebb948e06a0185f235fbe3af7eb34d56e80fa7ffa52cd7267e8b1838baef72e7,pffft-scheduled-batch-float,float,spec012-confirm-01,1,interactive-v1,False,2368,48000,64,/Users/christiankauten/Documents/Projects/Rack/plugins/Fourier/.build/spec012/confirm-01-transitions/workload-0006-repeat-01.csv,a64b5283b54c3361ce3c7fe36fd33cf7ef21ebb193e361132b69214613dbb7ba,4d09e44928c8140523a5dddd0596289b9d7cbce76f245e59e2bf9fde309eced4,7,replace-pending-first,630,-1,-1,replaced,8,"{""alpha"": 0.800000011920929, ""hop"": 74, ""n"": 128, ""octave"": 0.3333333432674408, ""rate"": 48000, ""window"": 8}",,,,
3aeff8d50243a034,m1-pro-16gb-local,ebb948e06a0185f235fbe3af7eb34d56e80fa7ffa52cd7267e8b1838baef72e7,pffft-scheduled-batch-float,float,spec012-confirm-01,1,interactive-v1,False,2368,48000,64,/Users/christiankauten/Documents/Projects/Rack/plugins/Fourier/.build/spec012/confirm-01-transitions/workload-0006-repeat-01.csv,a64b5283b54c3361ce3c7fe36fd33cf7ef21ebb193e361132b69214613dbb7ba,4d09e44928c8140523a5dddd0596289b9d7cbce76f245e59e2bf9fde309eced4,8,replace-pending-last,631,703,703,published,-1,"{""alpha"": 0, ""hop"": 74, ""n"": 128, ""octave"": 0.3333333432674408, ""rate"": 48000, ""window"": 8}",72,1.5,72,1.5
3aeff8d50243a034,m1-pro-16gb-local,ebb948e06a0185f235fbe3af7eb34d56e80fa7ffa52cd7267e8b1838baef72e7,pffft-scheduled-batch-float,float,spec012-confirm-01,1,interactive-v1,False,2368,48000,64,/Users/christiankauten/Documents/Projects/Rack/plugins/Fourier/.build/spec012/confirm-01-transitions/workload-0006-repeat-01.csv,a64b5283b54c3361ce3c7fe36fd33cf7ef21ebb193e361132b69214613dbb7ba,4d09e44928c8140523a5dddd0596289b9d7cbce76f245e59e2bf9fde309eced4,9,hop-decrease-boundary,777,777,777,published,-1,"{""alpha"": 0, ""hop"": 18, ""n"": 128, ""octave"": 0.3333333432674408, ""rate"": 48000, ""window"": 8}",0,0.0,0,0.0
3aeff8d50243a034,m1-pro-16gb-local,ebb948e06a0185f235fbe3af7eb34d56e80fa7ffa52cd7267e8b1838baef72e7,pffft-scheduled-batch-float,float,spec012-confirm-01,1,interactive-v1,False,2368,48000,64,/Users/christiankauten/Documents/Projects/Rack/plugins/Fourier/.build/spec012/confirm-01-transitions/workload-0006-repeat-01.csv,a64b5283b54c3361ce3c7fe36fd33cf7ef21ebb193e361132b69214613dbb7ba,4d09e44928c8140523a5dddd0596289b9d7cbce76f245e59e2bf9fde309eced4,10,smoothing-disable,852,867,867,published,-1,"{""alpha"": 0, ""hop"": 18, ""n"": 128, ""octave"": 0, ""rate"": 48000, ""window"": 8}",15,0.3125,15,0.3125
3aeff8d50243a034,m1-pro-16gb-local,ebb948e06a0185f235fbe3af7eb34d56e80fa7ffa52cd7267e8b1838baef72e7,pffft-scheduled-batch-float,float,spec012-confirm-01,1,interactive-v1,False,2368,48000,64,/Users/christiankauten/Documents/Projects/Rack/plugins/Fourier/.build/spec012/confirm-01-transitions/workload-0006-repeat-01.csv,a64b5283b54c3361ce3c7fe36fd33cf7ef21ebb193e361132b69214613dbb7ba,4d09e44928c8140523a5dddd0596289b9d7cbce76f245e59e2bf9fde309eced4,11,horizon-no-response,2367,-1,-1,pending-no-response,-1,"{""alpha"": 0, ""hop"": 18, ""n"": 128, ""octave"": 0, ""rate"": 48000, ""window"": 0}",,,,
3aeff8d50243a034,m1-pro-16gb-local,ebb948e06a0185f235fbe3af7eb34d56e80fa7ffa52cd7267e8b1838baef72e7,pffft-scheduled-batch-float,float,spec012-confirm-01,2,interactive-v1,False,2368,48000,64,/Users/christiankauten/Documents/Projects/Rack/plugins/Fourier/.build/spec012/confirm-01-transitions/workload-0006-repeat-02.csv,67fa811436c8f86d56fa156e6a639af0ed3c4636271968771c1280dd3366424d,4d09e44928c8140523a5dddd0596289b9d7cbce76f245e59e2bf9fde309eced4,1,length-increase-boundary,74,74,74,published,-1,"{""alpha"": 0, ""hop"": 37, ""n"": 1024, ""octave"": 0, ""rate"": 48000, ""window"": 8}",0,0.0,0,0.0
3aeff8d50243a034,m1-pro-16gb-local,ebb948e06a0185f235fbe3af7eb34d56e80fa7ffa52cd7267e8b1838baef72e7,pffft-scheduled-batch-float,float,spec012-confirm-01,2,interactive-v1,False,2368,48000,64,/Users/christiankauten/Documents/Projects/Rack/plugins/Fourier/.build/spec012/confirm-01-transitions/workload-0006-repeat-02.csv,67fa811436c8f86d56fa156e6a639af0ed3c4636271968771c1280dd3366424d,4d09e44928c8140523a5dddd0596289b9d7cbce76f245e59e2bf9fde309eced4,2,length-decrease-early,149,185,185,published,-1,"{""alpha"": 0, ""hop"": 37, ""n"": 128, ""octave"": 0, ""rate"": 48000, ""window"": 8}",36,0.75,36,0.75
3aeff8d50243a034,m1-pro-16gb-local,ebb948e06a0185f235fbe3af7eb34d56e80fa7ffa52cd7267e8b1838baef72e7,pffft-scheduled-batch-float,float,spec012-confirm-01,2,interactive-v1,False,2368,48000,64,/Users/christiankauten/Documents/Projects/Rack/plugins/Fourier/.build/spec012/confirm-01-transitions/workload-0006-repeat-02.csv,67fa811436c8f86d56fa156e6a639af0ed3c4636271968771c1280dd3366424d,4d09e44928c8140523a5dddd0596289b9d7cbce76f245e59e2bf9fde309eced4,3,hop-increase-middle,240,259,259,published,-1,"{""alpha"": 0, ""hop"": 74, ""n"": 128, ""octave"": 0, ""rate"": 48000, ""window"": 8}",19,0.3958333333333333,19,0.3958333333333333
3aeff8d50243a034,m1-pro-16gb-local,ebb948e06a0185f235fbe3af7eb34d56e80fa7ffa52cd7267e8b1838baef72e7,pffft-scheduled-batch-float,float,spec012-confirm-01,2,interactive-v1,False,2368,48000,64,/Users/christiankauten/Documents/Projects/Rack/plugins/Fourier/.build/spec012/confirm-01-transitions/workload-0006-repeat-02.csv,67fa811436c8f86d56fa156e6a639af0ed3c4636271968771c1280dd3366424d,4d09e44928c8140523a5dddd0596289b9d7cbce76f245e59e2bf9fde309eced4,4,window-late,405,407,407,published,-1,"{""alpha"": 0, ""hop"": 74, ""n"": 128, ""octave"": 0, ""rate"": 48000, ""window"": 11}",2,0.041666666666666664,2,0.041666666666666664
3aeff8d50243a034,m1-pro-16gb-local,ebb948e06a0185f235fbe3af7eb34d56e80fa7ffa52cd7267e8b1838baef72e7,pffft-scheduled-batch-float,float,spec012-confirm-01,2,interactive-v1,False,2368,48000,64,/Users/christiankauten/Documents/Projects/Rack/plugins/Fourier/.build/spec012/confirm-01-transitions/workload-0006-repeat-02.csv,67fa811436c8f86d56fa156e6a639af0ed3c4636271968771c1280dd3366424d,4d09e44928c8140523a5dddd0596289b9d7cbce76f245e59e2bf9fde309eced4,5,smoothing-before-publication,480,481,481,published,-1,"{""alpha"": 0.800000011920929, ""hop"": 74, ""n"": 128, ""octave"": 0.3333333432674408, ""rate"": 48000, ""window"": 11}",1,0.020833333333333332,1,0.020833333333333332
3aeff8d50243a034,m1-pro-16gb-local,ebb948e06a0185f235fbe3af7eb34d56e80fa7ffa52cd7267e8b1838baef72e7,pffft-scheduled-batch-float,float,spec012-confirm-01,2,interactive-v1,False,2368,48000,64,/Users/christiankauten/Documents/Projects/Rack/plugins/Fourier/.build/spec012/confirm-01-transitions/workload-0006-repeat-02.csv,67fa811436c8f86d56fa156e6a639af0ed3c4636271968771c1280dd3366424d,4d09e44928c8140523a5dddd0596289b9d7cbce76f245e59e2bf9fde309eced4,6,no-op-boundary,555,555,555,published,-1,"{""alpha"": 0.800000011920929, ""hop"": 74, ""n"": 128, ""octave"": 0.3333333432674408, ""rate"": 48000, ""window"": 11}",0,0.0,0,0.0
3aeff8d50243a034,m1-pro-16gb-local,ebb948e06a0185f235fbe3af7eb34d56e80fa7ffa52cd7267e8b1838baef72e7,pffft-scheduled-batch-float,float,spec012-confirm-01,2,interactive-v1,False,2368,48000,64,/Users/christiankauten/Documents/Projects/Rack/plugins/Fourier/.build/spec012/confirm-01-transitions/workload-0006-repeat-02.csv,67fa811436c8f86d56fa156e6a639af0ed3c4636271968771c1280dd3366424d,4d09e44928c8140523a5dddd0596289b9d7cbce76f245e59e2bf9fde309eced4,7,replace-pending-first,630,-1,-1,replaced,8,"{""alpha"": 0.800000011920929, ""hop"": 74, ""n"": 128, ""octave"": 0.3333333432674408, ""rate"": 48000, ""window"": 8}",,,,
3aeff8d50243a034,m1-pro-16gb-local,ebb948e06a0185f235fbe3af7eb34d56e80fa7ffa52cd7267e8b1838baef72e7,pffft-scheduled-batch-float,float,spec012-confirm-01,2,interactive-v1,False,2368,48000,64,/Users/christiankauten/Documents/Projects/Rack/plugins/Fourier/.build/spec012/confirm-01-transitions/workload-0006-repeat-02.csv,67fa811436c8f86d56fa156e6a639af0ed3c4636271968771c1280dd3366424d,4d09e44928c8140523a5dddd0596289b9d7cbce76f245e59e2bf9fde309eced4,8,replace-pending-last,631,703,703,published,-1,"{""alpha"": 0, ""hop"": 74, ""n"": 128, ""octave"": 0.3333333432674408, ""rate"": 48000, ""window"": 8}",72,1.5,72,1.5
3aeff8d50243a034,m1-pro-16gb-local,ebb948e06a0185f235fbe3af7eb34d56e80fa7ffa52cd7267e8b1838baef72e7,pffft-scheduled-batch-float,float,spec012-confirm-01,2,interactive-v1,False,2368,48000,64,/Users/christiankauten/Documents/Projects/Rack/plugins/Fourier/.build/spec012/confirm-01-transitions/workload-0006-repeat-02.csv,67fa811436c8f86d56fa156e6a639af0ed3c4636271968771c1280dd3366424d,4d09e44928c8140523a5dddd0596289b9d7cbce76f245e59e2bf9fde309eced4,9,hop-decrease-boundary,777,777,777,published,-1,"{""alpha"": 0, ""hop"": 18, ""n"": 128, ""octave"": 0.3333333432674408, ""rate"": 48000, ""window"": 8}",0,0.0,0,0.0
3aeff8d50243a034,m1-pro-16gb-local,ebb948e06a0185f235fbe3af7eb34d56e80fa7ffa52cd7267e8b1838baef72e7,pffft-scheduled-batch-float,float,spec012-confirm-01,2,interactive-v1,False,2368,48000,64,/Users/christiankauten/Documents/Projects/Rack/plugins/Fourier/.build/spec012/confirm-01-transitions/workload-0006-repeat-02.csv,67fa811436c8f86d56fa156e6a639af0ed3c4636271968771c1280dd3366424d,4d09e44928c8140523a5dddd0596289b9d7cbce76f245e59e2bf9fde309eced4,10,smoothing-disable,852,867,867,published,-1,"{""alpha"": 0, ""hop"": 18, ""n"": 128, ""octave"": 0, ""rate"": 48000, ""window"": 8}",15,0.3125,15,0.3125
3aeff8d50243a034,m1-pro-16gb-local,ebb948e06a0185f235fbe3af7eb34d56e80fa7ffa52cd7267e8b1838baef72e7,pffft-scheduled-batch-float,float,spec012-confirm-01,2,interactive-v1,False,2368,48000,64,/Users/christiankauten/Documents/Projects/Rack/plugins/Fourier/.build/spec012/confirm-01-transitions/workload-0006-repeat-02.csv,67fa811436c8f86d56fa156e6a639af0ed3c4636271968771c1280dd3366424d,4d09e44928c8140523a5dddd0596289b9d7cbce76f245e59e2bf9fde309eced4,11,horizon-no-response,2367,-1,-1,pending-no-response,-1,"{""alpha"": 0, ""hop"": 18, ""n"": 128, ""octave"": 0, ""rate"": 48000, ""window"": 0}",,,,
3aeff8d50243a034,m1-pro-16gb-local,ebb948e06a0185f235fbe3af7eb34d56e80fa7ffa52cd7267e8b1838baef72e7,pffft-scheduled-batch-float,float,spec012-confirm-02,0,interactive-v1,False,2368,48000,64,/Users/christiankauten/Documents/Projects/Rack/plugins/Fourier/.build/spec012/confirm-02-transitions/workload-0006-repeat-00.csv,ff7553a062cb14f326e3151b9be471b9f7db9f5e38d25b74a1ad241c95eb3008,4d09e44928c8140523a5dddd0596289b9d7cbce76f245e59e2bf9fde309eced4,1,length-increase-boundary,74,74,74,published,-1,"{""alpha"": 0, ""hop"": 37, ""n"": 1024, ""octave"": 0, ""rate"": 48000, ""window"": 8}",0,0.0,0,0.0
3aeff8d50243a034,m1-pro-16gb-local,ebb948e06a0185f235fbe3af7eb34d56e80fa7ffa52cd7267e8b1838baef72e7,pffft-scheduled-batch-float,float,spec012-confirm-02,0,interactive-v1,False,2368,48000,64,/Users/christiankauten/Documents/Projects/Rack/plugins/Fourier/.build/spec012/confirm-02-transitions/workload-0006-repeat-00.csv,ff7553a062cb14f326e3151b9be471b9f7db9f5e38d25b74a1ad241c95eb3008,4d09e44928c8140523a5dddd0596289b9d7cbce76f245e59e2bf9fde309eced4,2,length-decrease-early,149,185,185,published,-1,"{""alpha"": 0, ""hop"": 37, ""n"": 128, ""octave"": 0, ""rate"": 48000, ""window"": 8}",36,0.75,36,0.75
3aeff8d50243a034,m1-pro-16gb-local,ebb948e06a0185f235fbe3af7eb34d56e80fa7ffa52cd7267e8b1838baef72e7,pffft-scheduled-batch-float,float,spec012-confirm-02,0,interactive-v1,False,2368,48000,64,/Users/christiankauten/Documents/Projects/Rack/plugins/Fourier/.build/spec012/confirm-02-transitions/workload-0006-repeat-00.csv,ff7553a062cb14f326e3151b9be471b9f7db9f5e38d25b74a1ad241c95eb3008,4d09e44928c8140523a5dddd0596289b9d7cbce76f245e59e2bf9fde309eced4,3,hop-increase-middle,240,259,259,published,-1,"{""alpha"": 0, ""hop"": 74, ""n"": 128, ""octave"": 0, ""rate"": 48000, ""window"": 8}",19,0.3958333333333333,19,0.3958333333333333
3aeff8d50243a034,m1-pro-16gb-local,ebb948e06a0185f235fbe3af7eb34d56e80fa7ffa52cd7267e8b1838baef72e7,pffft-scheduled-batch-float,float,spec012-confirm-02,0,interactive-v1,False,2368,48000,64,/Users/christiankauten/Documents/Projects/Rack/plugins/Fourier/.build/spec012/confirm-02-transitions/workload-0006-repeat-00.csv,ff7553a062cb14f326e3151b9be471b9f7db9f5e38d25b74a1ad241c95eb3008,4d09e44928c8140523a5dddd0596289b9d7cbce76f245e59e2bf9fde309eced4,4,window-late,405,407,407,published,-1,"{""alpha"": 0, ""hop"": 74, ""n"": 128, ""octave"": 0, ""rate"": 48000, ""window"": 11}",2,0.041666666666666664,2,0.041666666666666664
3aeff8d50243a034,m1-pro-16gb-local,ebb948e06a0185f235fbe3af7eb34d56e80fa7ffa52cd7267e8b1838baef72e7,pffft-scheduled-batch-float,float,spec012-confirm-02,0,interactive-v1,False,2368,48000,64,/Users/christiankauten/Documents/Projects/Rack/plugins/Fourier/.build/spec012/confirm-02-transitions/workload-0006-repeat-00.csv,ff7553a062cb14f326e3151b9be471b9f7db9f5e38d25b74a1ad241c95eb3008,4d09e44928c8140523a5dddd0596289b9d7cbce76f245e59e2bf9fde309eced4,5,smoothing-before-publication,480,481,481,published,-1,"{""alpha"": 0.800000011920929, ""hop"": 74, ""n"": 128, ""octave"": 0.3333333432674408, ""rate"": 48000, ""window"": 11}",1,0.020833333333333332,1,0.020833333333333332
3aeff8d50243a034,m1-pro-16gb-local,ebb948e06a0185f235fbe3af7eb34d56e80fa7ffa52cd7267e8b1838baef72e7,pffft-scheduled-batch-float,float,spec012-confirm-02,0,interactive-v1,False,2368,48000,64,/Users/christiankauten/Documents/Projects/Rack/plugins/Fourier/.build/spec012/confirm-02-transitions/workload-0006-repeat-00.csv,ff7553a062cb14f326e3151b9be471b9f7db9f5e38d25b74a1ad241c95eb3008,4d09e44928c8140523a5dddd0596289b9d7cbce76f245e59e2bf9fde309eced4,6,no-op-boundary,555,555,555,published,-1,"{""alpha"": 0.800000011920929, ""hop"": 74, ""n"": 128, ""octave"": 0.3333333432674408, ""rate"": 48000, ""window"": 11}",0,0.0,0,0.0
3aeff8d50243a034,m1-pro-16gb-local,ebb948e06a0185f235fbe3af7eb34d56e80fa7ffa52cd7267e8b1838baef72e7,pffft-scheduled-batch-float,float,spec012-confirm-02,0,interactive-v1,False,2368,48000,64,/Users/christiankauten/Documents/Projects/Rack/plugins/Fourier/.build/spec012/confirm-02-transitions/workload-0006-repeat-00.csv,ff7553a062cb14f326e3151b9be471b9f7db9f5e38d25b74a1ad241c95eb3008,4d09e44928c8140523a5dddd0596289b9d7cbce76f245e59e2bf9fde309eced4,7,replace-pending-first,630,-1,-1,replaced,8,"{""alpha"": 0.800000011920929, ""hop"": 74, ""n"": 128, ""octave"": 0.3333333432674408, ""rate"": 48000, ""window"": 8}",,,,
3aeff8d50243a034,m1-pro-16gb-local,ebb948e06a0185f235fbe3af7eb34d56e80fa7ffa52cd7267e8b1838baef72e7,pffft-scheduled-batch-float,float,spec012-confirm-02,0,interactive-v1,False,2368,48000,64,/Users/christiankauten/Documents/Projects/Rack/plugins/Fourier/.build/spec012/confirm-02-transitions/workload-0006-repeat-00.csv,ff7553a062cb14f326e3151b9be471b9f7db9f5e38d25b74a1ad241c95eb3008,4d09e44928c8140523a5dddd0596289b9d7cbce76f245e59e2bf9fde309eced4,8,replace-pending-last,631,703,703,published,-1,"{""alpha"": 0, ""hop"": 74, ""n"": 128, ""octave"": 0.3333333432674408, ""rate"": 48000, ""window"": 8}",72,1.5,72,1.5
3aeff8d50243a034,m1-pro-16gb-local,ebb948e06a0185f235fbe3af7eb34d56e80fa7ffa52cd7267e8b1838baef72e7,pffft-scheduled-batch-float,float,spec012-confirm-02,0,interactive-v1,False,2368,48000,64,/Users/christiankauten/Documents/Projects/Rack/plugins/Fourier/.build/spec012/confirm-02-transitions/workload-0006-repeat-00.csv,ff7553a062cb14f326e3151b9be471b9f7db9f5e38d25b74a1ad241c95eb3008,4d09e44928c8140523a5dddd0596289b9d7cbce76f245e59e2bf9fde309eced4,9,hop-decrease-boundary,777,777,777,published,-1,"{""alpha"": 0, ""hop"": 18, ""n"": 128, ""octave"": 0.3333333432674408, ""rate"": 48000, ""window"": 8}",0,0.0,0,0.0
3aeff8d50243a034,m1-pro-16gb-local,ebb948e06a0185f235fbe3af7eb34d56e80fa7ffa52cd7267e8b1838baef72e7,pffft-scheduled-batch-float,float,spec012-confirm-02,0,interactive-v1,False,2368,48000,64,/Users/christiankauten/Documents/Projects/Rack/plugins/Fourier/.build/spec012/confirm-02-transitions/workload-0006-repeat-00.csv,ff7553a062cb14f326e3151b9be471b9f7db9f5e38d25b74a1ad241c95eb3008,4d09e44928c8140523a5dddd0596289b9d7cbce76f245e59e2bf9fde309eced4,10,smoothing-disable,852,867,867,published,-1,"{""alpha"": 0, ""hop"": 18, ""n"": 128, ""octave"": 0, ""rate"": 48000, ""window"": 8}",15,0.3125,15,0.3125
3aeff8d50243a034,m1-pro-16gb-local,ebb948e06a0185f235fbe3af7eb34d56e80fa7ffa52cd7267e8b1838baef72e7,pffft-scheduled-batch-float,float,spec012-confirm-02,0,interactive-v1,False,2368,48000,64,/Users/christiankauten/Documents/Projects/Rack/plugins/Fourier/.build/spec012/confirm-02-transitions/workload-0006-repeat-00.csv,ff7553a062cb14f326e3151b9be471b9f7db9f5e38d25b74a1ad241c95eb3008,4d09e44928c8140523a5dddd0596289b9d7cbce76f245e59e2bf9fde309eced4,11,horizon-no-response,2367,-1,-1,pending-no-response,-1,"{""alpha"": 0, ""hop"": 18, ""n"": 128, ""octave"": 0, ""rate"": 48000, ""window"": 0}",,,,
3aeff8d50243a034,m1-pro-16gb-local,ebb948e06a0185f235fbe3af7eb34d56e80fa7ffa52cd7267e8b1838baef72e7,pffft-scheduled-batch-float,float,spec012-confirm-02,1,interactive-v1,False,2368,48000,64,/Users/christiankauten/Documents/Projects/Rack/plugins/Fourier/.build/spec012/confirm-02-transitions/workload-0006-repeat-01.csv,eb4ce665c27eb0fa3225a397340cefc2defda79d55ee3a3c53229f4db0213393,4d09e44928c8140523a5dddd0596289b9d7cbce76f245e59e2bf9fde309eced4,1,length-increase-boundary,74,74,74,published,-1,"{""alpha"": 0, ""hop"": 37, ""n"": 1024, ""octave"": 0, ""rate"": 48000, ""window"": 8}",0,0.0,0,0.0
3aeff8d50243a034,m1-pro-16gb-local,ebb948e06a0185f235fbe3af7eb34d56e80fa7ffa52cd7267e8b1838baef72e7,pffft-scheduled-batch-float,float,spec012-confirm-02,1,interactive-v1,False,2368,48000,64,/Users/christiankauten/Documents/Projects/Rack/plugins/Fourier/.build/spec012/confirm-02-transitions/workload-0006-repeat-01.csv,eb4ce665c27eb0fa3225a397340cefc2defda79d55ee3a3c53229f4db0213393,4d09e44928c8140523a5dddd0596289b9d7cbce76f245e59e2bf9fde309eced4,2,length-decrease-early,149,185,185,published,-1,"{""alpha"": 0, ""hop"": 37, ""n"": 128, ""octave"": 0, ""rate"": 48000, ""window"": 8}",36,0.75,36,0.75
3aeff8d50243a034,m1-pro-16gb-local,ebb948e06a0185f235fbe3af7eb34d56e80fa7ffa52cd7267e8b1838baef72e7,pffft-scheduled-batch-float,float,spec012-confirm-02,1,interactive-v1,False,2368,48000,64,/Users/christiankauten/Documents/Projects/Rack/plugins/Fourier/.build/spec012/confirm-02-transitions/workload-0006-repeat-01.csv,eb4ce665c27eb0fa3225a397340cefc2defda79d55ee3a3c53229f4db0213393,4d09e44928c8140523a5dddd0596289b9d7cbce76f245e59e2bf9fde309eced4,3,hop-increase-middle,240,259,259,published,-1,"{""alpha"": 0, ""hop"": 74, ""n"": 128, ""octave"": 0, ""rate"": 48000, ""window"": 8}",19,0.3958333333333333,19,0.3958333333333333
3aeff8d50243a034,m1-pro-16gb-local,ebb948e06a0185f235fbe3af7eb34d56e80fa7ffa52cd7267e8b1838baef72e7,pffft-scheduled-batch-float,float,spec012-confirm-02,1,interactive-v1,False,2368,48000,64,/Users/christiankauten/Documents/Projects/Rack/plugins/Fourier/.build/spec012/confirm-02-transitions/workload-0006-repeat-01.csv,eb4ce665c27eb0fa3225a397340cefc2defda79d55ee3a3c53229f4db0213393,4d09e44928c8140523a5dddd0596289b9d7cbce76f245e59e2bf9fde309eced4,4,window-late,405,407,407,published,-1,"{""alpha"": 0, ""hop"": 74, ""n"": 128, ""octave"": 0, ""rate"": 48000, ""window"": 11}",2,0.041666666666666664,2,0.041666666666666664
3aeff8d50243a034,m1-pro-16gb-local,ebb948e06a0185f235fbe3af7eb34d56e80fa7ffa52cd7267e8b1838baef72e7,pffft-scheduled-batch-float,float,spec012-confirm-02,1,interactive-v1,False,2368,48000,64,/Users/christiankauten/Documents/Projects/Rack/plugins/Fourier/.build/spec012/confirm-02-transitions/workload-0006-repeat-01.csv,eb4ce665c27eb0fa3225a397340cefc2defda79d55ee3a3c53229f4db0213393,4d09e44928c8140523a5dddd0596289b9d7cbce76f245e59e2bf9fde309eced4,5,smoothing-before-publication,480,481,481,published,-1,"{""alpha"": 0.800000011920929, ""hop"": 74, ""n"": 128, ""octave"": 0.3333333432674408, ""rate"": 48000, ""window"": 11}",1,0.020833333333333332,1,0.020833333333333332
3aeff8d50243a034,m1-pro-16gb-local,ebb948e06a0185f235fbe3af7eb34d56e80fa7ffa52cd7267e8b1838baef72e7,pffft-scheduled-batch-float,float,spec012-confirm-02,1,interactive-v1,False,2368,48000,64,/Users/christiankauten/Documents/Projects/Rack/plugins/Fourier/.build/spec012/confirm-02-transitions/workload-0006-repeat-01.csv,eb4ce665c27eb0fa3225a397340cefc2defda79d55ee3a3c53229f4db0213393,4d09e44928c8140523a5dddd0596289b9d7cbce76f245e59e2bf9fde309eced4,6,no-op-boundary,555,555,555,published,-1,"{""alpha"": 0.800000011920929, ""hop"": 74, ""n"": 128, ""octave"": 0.3333333432674408, ""rate"": 48000, ""window"": 11}",0,0.0,0,0.0
3aeff8d50243a034,m1-pro-16gb-local,ebb948e06a0185f235fbe3af7eb34d56e80fa7ffa52cd7267e8b1838baef72e7,pffft-scheduled-batch-float,float,spec012-confirm-02,1,interactive-v1,False,2368,48000,64,/Users/christiankauten/Documents/Projects/Rack/plugins/Fourier/.build/spec012/confirm-02-transitions/workload-0006-repeat-01.csv,eb4ce665c27eb0fa3225a397340cefc2defda79d55ee3a3c53229f4db0213393,4d09e44928c8140523a5dddd0596289b9d7cbce76f245e59e2bf9fde309eced4,7,replace-pending-first,630,-1,-1,replaced,8,"{""alpha"": 0.800000011920929, ""hop"": 74, ""n"": 128, ""octave"": 0.3333333432674408, ""rate"": 48000, ""window"": 8}",,,,
3aeff8d50243a034,m1-pro-16gb-local,ebb948e06a0185f235fbe3af7eb34d56e80fa7ffa52cd7267e8b1838baef72e7,pffft-scheduled-batch-float,float,spec012-confirm-02,1,interactive-v1,False,2368,48000,64,/Users/christiankauten/Documents/Projects/Rack/plugins/Fourier/.build/spec012/confirm-02-transitions/workload-0006-repeat-01.csv,eb4ce665c27eb0fa3225a397340cefc2defda79d55ee3a3c53229f4db0213393,4d09e44928c8140523a5dddd0596289b9d7cbce76f245e59e2bf9fde309eced4,8,replace-pending-last,631,703,703,published,-1,"{""alpha"": 0, ""hop"": 74, ""n"": 128, ""octave"": 0.3333333432674408, ""rate"": 48000, ""window"": 8}",72,1.5,72,1.5
3aeff8d50243a034,m1-pro-16gb-local,ebb948e06a0185f235fbe3af7eb34d56e80fa7ffa52cd7267e8b1838baef72e7,pffft-scheduled-batch-float,float,spec012-confirm-02,1,interactive-v1,False,2368,48000,64,/Users/christiankauten/Documents/Projects/Rack/plugins/Fourier/.build/spec012/confirm-02-transitions/workload-0006-repeat-01.csv,eb4ce665c27eb0fa3225a397340cefc2defda79d55ee3a3c53229f4db0213393,4d09e44928c8140523a5dddd0596289b9d7cbce76f245e59e2bf9fde309eced4,9,hop-decrease-boundary,777,777,777,published,-1,"{""alpha"": 0, ""hop"": 18, ""n"": 128, ""octave"": 0.3333333432674408, ""rate"": 48000, ""window"": 8}",0,0.0,0,0.0
3aeff8d50243a034,m1-pro-16gb-local,ebb948e06a0185f235fbe3af7eb34d56e80fa7ffa52cd7267e8b1838baef72e7,pffft-scheduled-batch-float,float,spec012-confirm-02,1,interactive-v1,False,2368,48000,64,/Users/christiankauten/Documents/Projects/Rack/plugins/Fourier/.build/spec012/confirm-02-transitions/workload-0006-repeat-01.csv,eb4ce665c27eb0fa3225a397340cefc2defda79d55ee3a3c53229f4db0213393,4d09e44928c8140523a5dddd0596289b9d7cbce76f245e59e2bf9fde309eced4,10,smoothing-disable,852,867,867,published,-1,"{""alpha"": 0, ""hop"": 18, ""n"": 128, ""octave"": 0, ""rate"": 48000, ""window"": 8}",15,0.3125,15,0.3125
3aeff8d50243a034,m1-pro-16gb-local,ebb948e06a0185f235fbe3af7eb34d56e80fa7ffa52cd7267e8b1838baef72e7,pffft-scheduled-batch-float,float,spec012-confirm-02,1,interactive-v1,False,2368,48000,64,/Users/christiankauten/Documents/Projects/Rack/plugins/Fourier/.build/spec012/confirm-02-transitions/workload-0006-repeat-01.csv,eb4ce665c27eb0fa3225a397340cefc2defda79d55ee3a3c53229f4db0213393,4d09e44928c8140523a5dddd0596289b9d7cbce76f245e59e2bf9fde309eced4,11,horizon-no-response,2367,-1,-1,pending-no-response,-1,"{""alpha"": 0, ""hop"": 18, ""n"": 128, ""octave"": 0, ""rate"": 48000, ""window"": 0}",,,,
3aeff8d50243a034,m1-pro-16gb-local,ebb948e06a0185f235fbe3af7eb34d56e80fa7ffa52cd7267e8b1838baef72e7,pffft-scheduled-batch-float,float,spec012-confirm-02,2,interactive-v1,False,2368,48000,64,/Users/christiankauten/Documents/Projects/Rack/plugins/Fourier/.build/spec012/confirm-02-transitions/workload-0006-repeat-02.csv,28ce40d8effe27219a8306aea9ca5668ad7d8c478603c931930dcc6f0a23b716,4d09e44928c8140523a5dddd0596289b9d7cbce76f245e59e2bf9fde309eced4,1,length-increase-boundary,74,74,74,published,-1,"{""alpha"": 0, ""hop"": 37, ""n"": 1024, ""octave"": 0, ""rate"": 48000, ""window"": 8}",0,0.0,0,0.0
3aeff8d50243a034,m1-pro-16gb-local,ebb948e06a0185f235fbe3af7eb34d56e80fa7ffa52cd7267e8b1838baef72e7,pffft-scheduled-batch-float,float,spec012-confirm-02,2,interactive-v1,False,2368,48000,64,/Users/christiankauten/Documents/Projects/Rack/plugins/Fourier/.build/spec012/confirm-02-transitions/workload-0006-repeat-02.csv,28ce40d8effe27219a8306aea9ca5668ad7d8c478603c931930dcc6f0a23b716,4d09e44928c8140523a5dddd0596289b9d7cbce76f245e59e2bf9fde309eced4,2,length-decrease-early,149,185,185,published,-1,"{""alpha"": 0, ""hop"": 37, ""n"": 128, ""octave"": 0, ""rate"": 48000, ""window"": 8}",36,0.75,36,0.75
3aeff8d50243a034,m1-pro-16gb-local,ebb948e06a0185f235fbe3af7eb34d56e80fa7ffa52cd7267e8b1838baef72e7,pffft-scheduled-batch-float,float,spec012-confirm-02,2,interactive-v1,False,2368,48000,64,/Users/christiankauten/Documents/Projects/Rack/plugins/Fourier/.build/spec012/confirm-02-transitions/workload-0006-repeat-02.csv,28ce40d8effe27219a8306aea9ca5668ad7d8c478603c931930dcc6f0a23b716,4d09e44928c8140523a5dddd0596289b9d7cbce76f245e59e2bf9fde309eced4,3,hop-increase-middle,240,259,259,published,-1,"{""alpha"": 0, ""hop"": 74, ""n"": 128, ""octave"": 0, ""rate"": 48000, ""window"": 8}",19,0.3958333333333333,19,0.3958333333333333
3aeff8d50243a034,m1-pro-16gb-local,ebb948e06a0185f235fbe3af7eb34d56e80fa7ffa52cd7267e8b1838baef72e7,pffft-scheduled-batch-float,float,spec012-confirm-02,2,interactive-v1,False,2368,48000,64,/Users/christiankauten/Documents/Projects/Rack/plugins/Fourier/.build/spec012/confirm-02-transitions/workload-0006-repeat-02.csv,28ce40d8effe27219a8306aea9ca5668ad7d8c478603c931930dcc6f0a23b716,4d09e44928c8140523a5dddd0596289b9d7cbce76f245e59e2bf9fde309eced4,4,window-late,405,407,407,published,-1,"{""alpha"": 0, ""hop"": 74, ""n"": 128, ""octave"": 0, ""rate"": 48000, ""window"": 11}",2,0.041666666666666664,2,0.041666666666666664
3aeff8d50243a034,m1-pro-16gb-local,ebb948e06a0185f235fbe3af7eb34d56e80fa7ffa52cd7267e8b1838baef72e7,pffft-scheduled-batch-float,float,spec012-confirm-02,2,interactive-v1,False,2368,48000,64,/Users/christiankauten/Documents/Projects/Rack/plugins/Fourier/.build/spec012/confirm-02-transitions/workload-0006-repeat-02.csv,28ce40d8effe27219a8306aea9ca5668ad7d8c478603c931930dcc6f0a23b716,4d09e44928c8140523a5dddd0596289b9d7cbce76f245e59e2bf9fde309eced4,5,smoothing-before-publication,480,481,481,published,-1,"{""alpha"": 0.800000011920929, ""hop"": 74, ""n"": 128, ""octave"": 0.3333333432674408, ""rate"": 48000, ""window"": 11}",1,0.020833333333333332,1,0.020833333333333332
3aeff8d50243a034,m1-pro-16gb-local,ebb948e06a0185f235fbe3af7eb34d56e80fa7ffa52cd7267e8b1838baef72e7,pffft-scheduled-batch-float,float,spec012-confirm-02,2,interactive-v1,False,2368,48000,64,/Users/christiankauten/Documents/Projects/Rack/plugins/Fourier/.build/spec012/confirm-02-transitions/workload-0006-repeat-02.csv,28ce40d8effe27219a8306aea9ca5668ad7d8c478603c931930dcc6f0a23b716,4d09e44928c8140523a5dddd0596289b9d7cbce76f245e59e2bf9fde309eced4,6,no-op-boundary,555,555,555,published,-1,"{""alpha"": 0.800000011920929, ""hop"": 74, ""n"": 128, ""octave"": 0.3333333432674408, ""rate"": 48000, ""window"": 11}",0,0.0,0,0.0
3aeff8d50243a034,m1-pro-16gb-local,ebb948e06a0185f235fbe3af7eb34d56e80fa7ffa52cd7267e8b1838baef72e7,pffft-scheduled-batch-float,float,spec012-confirm-02,2,interactive-v1,False,2368,48000,64,/Users/christiankauten/Documents/Projects/Rack/plugins/Fourier/.build/spec012/confirm-02-transitions/workload-0006-repeat-02.csv,28ce40d8effe27219a8306aea9ca5668ad7d8c478603c931930dcc6f0a23b716,4d09e44928c8140523a5dddd0596289b9d7cbce76f245e59e2bf9fde309eced4,7,replace-pending-first,630,-1,-1,replaced,8,"{""alpha"": 0.800000011920929, ""hop"": 74, ""n"": 128, ""octave"": 0.3333333432674408, ""rate"": 48000, ""window"": 8}",,,,
3aeff8d50243a034,m1-pro-16gb-local,ebb948e06a0185f235fbe3af7eb34d56e80fa7ffa52cd7267e8b1838baef72e7,pffft-scheduled-batch-float,float,spec012-confirm-02,2,interactive-v1,False,2368,48000,64,/Users/christiankauten/Documents/Projects/Rack/plugins/Fourier/.build/spec012/confirm-02-transitions/workload-0006-repeat-02.csv,28ce40d8effe27219a8306aea9ca5668ad7d8c478603c931930dcc6f0a23b716,4d09e44928c8140523a5dddd0596289b9d7cbce76f245e59e2bf9fde309eced4,8,replace-pending-last,631,703,703,published,-1,"{""alpha"": 0, ""hop"": 74, ""n"": 128, ""octave"": 0.3333333432674408, ""rate"": 48000, ""window"": 8}",72,1.5,72,1.5
3aeff8d50243a034,m1-pro-16gb-local,ebb948e06a0185f235fbe3af7eb34d56e80fa7ffa52cd7267e8b1838baef72e7,pffft-scheduled-batch-float,float,spec012-confirm-02,2,interactive-v1,False,2368,48000,64,/Users/christiankauten/Documents/Projects/Rack/plugins/Fourier/.build/spec012/confirm-02-transitions/workload-0006-repeat-02.csv,28ce40d8effe27219a8306aea9ca5668ad7d8c478603c931930dcc6f0a23b716,4d09e44928c8140523a5dddd0596289b9d7cbce76f245e59e2bf9fde309eced4,9,hop-decrease-boundary,777,777,777,published,-1,"{""alpha"": 0, ""hop"": 18, ""n"": 128, ""octave"": 0.3333333432674408, ""rate"": 48000, ""window"": 8}",0,0.0,0,0.0
3aeff8d50243a034,m1-pro-16gb-local,ebb948e06a0185f235fbe3af7eb34d56e80fa7ffa52cd7267e8b1838baef72e7,pffft-scheduled-batch-float,float,spec012-confirm-02,2,interactive-v1,False,2368,48000,64,/Users/christiankauten/Documents/Projects/Rack/plugins/Fourier/.build/spec012/confirm-02-transitions/workload-0006-repeat-02.csv,28ce40d8effe27219a8306aea9ca5668ad7d8c478603c931930dcc6f0a23b716,4d09e44928c8140523a5dddd0596289b9d7cbce76f245e59e2bf9fde309eced4,10,smoothing-disable,852,867,867,published,-1,"{""alpha"": 0, ""hop"": 18, ""n"": 128, ""octave"": 0, ""rate"": 48000, ""window"": 8}",15,0.3125,15,0.3125
3aeff8d50243a034,m1-pro-16gb-local,ebb948e06a0185f235fbe3af7eb34d56e80fa7ffa52cd7267e8b1838baef72e7,pffft-scheduled-batch-float,float,spec012-confirm-02,2,interactive-v1,False,2368,48000,64,/Users/christiankauten/Documents/Projects/Rack/plugins/Fourier/.build/spec012/confirm-02-transitions/workload-0006-repeat-02.csv,28ce40d8effe27219a8306aea9ca5668ad7d8c478603c931930dcc6f0a23b716,4d09e44928c8140523a5dddd0596289b9d7cbce76f245e59e2bf9fde309eced4,11,horizon-no-response,2367,-1,-1,pending-no-response,-1,"{""alpha"": 0, ""hop"": 18, ""n"": 128, ""octave"": 0, ""rate"": 48000, ""window"": 0}",,,,
3aeff8d50243a034,m1-pro-16gb-local,ebb948e06a0185f235fbe3af7eb34d56e80fa7ffa52cd7267e8b1838baef72e7,pffft-scheduled-batch-float,float,spec012-confirm-03,0,interactive-v1,False,2368,48000,64,/Users/christiankauten/Documents/Projects/Rack/plugins/Fourier/.build/spec012/confirm-03-transitions/workload-0006-repeat-00.csv,5bb7d1f74efc9661c0ba258e2bd91990396c6f2684de3f39330ec2ec9fc7cd33,4d09e44928c8140523a5dddd0596289b9d7cbce76f245e59e2bf9fde309eced4,1,length-increase-boundary,74,74,74,published,-1,"{""alpha"": 0, ""hop"": 37, ""n"": 1024, ""octave"": 0, ""rate"": 48000, ""window"": 8}",0,0.0,0,0.0
3aeff8d50243a034,m1-pro-16gb-local,ebb948e06a0185f235fbe3af7eb34d56e80fa7ffa52cd7267e8b1838baef72e7,pffft-scheduled-batch-float,float,spec012-confirm-03,0,interactive-v1,False,2368,48000,64,/Users/christiankauten/Documents/Projects/Rack/plugins/Fourier/.build/spec012/confirm-03-transitions/workload-0006-repeat-00.csv,5bb7d1f74efc9661c0ba258e2bd91990396c6f2684de3f39330ec2ec9fc7cd33,4d09e44928c8140523a5dddd0596289b9d7cbce76f245e59e2bf9fde309eced4,2,length-decrease-early,149,185,185,published,-1,"{""alpha"": 0, ""hop"": 37, ""n"": 128, ""octave"": 0, ""rate"": 48000, ""window"": 8}",36,0.75,36,0.75
3aeff8d50243a034,m1-pro-16gb-local,ebb948e06a0185f235fbe3af7eb34d56e80fa7ffa52cd7267e8b1838baef72e7,pffft-scheduled-batch-float,float,spec012-confirm-03,0,interactive-v1,False,2368,48000,64,/Users/christiankauten/Documents/Projects/Rack/plugins/Fourier/.build/spec012/confirm-03-transitions/workload-0006-repeat-00.csv,5bb7d1f74efc9661c0ba258e2bd91990396c6f2684de3f39330ec2ec9fc7cd33,4d09e44928c8140523a5dddd0596289b9d7cbce76f245e59e2bf9fde309eced4,3,hop-increase-middle,240,259,259,published,-1,"{""alpha"": 0, ""hop"": 74, ""n"": 128, ""octave"": 0, ""rate"": 48000, ""window"": 8}",19,0.3958333333333333,19,0.3958333333333333
3aeff8d50243a034,m1-pro-16gb-local,ebb948e06a0185f235fbe3af7eb34d56e80fa7ffa52cd7267e8b1838baef72e7,pffft-scheduled-batch-float,float,spec012-confirm-03,0,interactive-v1,False,2368,48000,64,/Users/christiankauten/Documents/Projects/Rack/plugins/Fourier/.build/spec012/confirm-03-transitions/workload-0006-repeat-00.csv,5bb7d1f74efc9661c0ba258e2bd91990396c6f2684de3f39330ec2ec9fc7cd33,4d09e44928c8140523a5dddd0596289b9d7cbce76f245e59e2bf9fde309eced4,4,window-late,405,407,407,published,-1,"{""alpha"": 0, ""hop"": 74, ""n"": 128, ""octave"": 0, ""rate"": 48000, ""window"": 11}",2,0.041666666666666664,2,0.041666666666666664
3aeff8d50243a034,m1-pro-16gb-local,ebb948e06a0185f235fbe3af7eb34d56e80fa7ffa52cd7267e8b1838baef72e7,pffft-scheduled-batch-float,float,spec012-confirm-03,0,interactive-v1,False,2368,48000,64,/Users/christiankauten/Documents/Projects/Rack/plugins/Fourier/.build/spec012/confirm-03-transitions/workload-0006-repeat-00.csv,5bb7d1f74efc9661c0ba258e2bd91990396c6f2684de3f39330ec2ec9fc7cd33,4d09e44928c8140523a5dddd0596289b9d7cbce76f245e59e2bf9fde309eced4,5,smoothing-before-publication,480,481,481,published,-1,"{""alpha"": 0.800000011920929, ""hop"": 74, ""n"": 128, ""octave"": 0.3333333432674408, ""rate"": 48000, ""window"": 11}",1,0.020833333333333332,1,0.020833333333333332
3aeff8d50243a034,m1-pro-16gb-local,ebb948e06a0185f235fbe3af7eb34d56e80fa7ffa52cd7267e8b1838baef72e7,pffft-scheduled-batch-float,float,spec012-confirm-03,0,interactive-v1,False,2368,48000,64,/Users/christiankauten/Documents/Projects/Rack/plugins/Fourier/.build/spec012/confirm-03-transitions/workload-0006-repeat-00.csv,5bb7d1f74efc9661c0ba258e2bd91990396c6f2684de3f39330ec2ec9fc7cd33,4d09e44928c8140523a5dddd0596289b9d7cbce76f245e59e2bf9fde309eced4,6,no-op-boundary,555,555,555,published,-1,"{""alpha"": 0.800000011920929, ""hop"": 74, ""n"": 128, ""octave"": 0.3333333432674408, ""rate"": 48000, ""window"": 11}",0,0.0,0,0.0
3aeff8d50243a034,m1-pro-16gb-local,ebb948e06a0185f235fbe3af7eb34d56e80fa7ffa52cd7267e8b1838baef72e7,pffft-scheduled-batch-float,float,spec012-confirm-03,0,interactive-v1,False,2368,48000,64,/Users/christiankauten/Documents/Projects/Rack/plugins/Fourier/.build/spec012/confirm-03-transitions/workload-0006-repeat-00.csv,5bb7d1f74efc9661c0ba258e2bd91990396c6f2684de3f39330ec2ec9fc7cd33,4d09e44928c8140523a5dddd0596289b9d7cbce76f245e59e2bf9fde309eced4,7,replace-pending-first,630,-1,-1,replaced,8,"{""alpha"": 0.800000011920929, ""hop"": 74, ""n"": 128, ""octave"": 0.3333333432674408, ""rate"": 48000, ""window"": 8}",,,,
3aeff8d50243a034,m1-pro-16gb-local,ebb948e06a0185f235fbe3af7eb34d56e80fa7ffa52cd7267e8b1838baef72e7,pffft-scheduled-batch-float,float,spec012-confirm-03,0,interactive-v1,False,2368,48000,64,/Users/christiankauten/Documents/Projects/Rack/plugins/Fourier/.build/spec012/confirm-03-transitions/workload-0006-repeat-00.csv,5bb7d1f74efc9661c0ba258e2bd91990396c6f2684de3f39330ec2ec9fc7cd33,4d09e44928c8140523a5dddd0596289b9d7cbce76f245e59e2bf9fde309eced4,8,replace-pending-last,631,703,703,published,-1,"{""alpha"": 0, ""hop"": 74, ""n"": 128, ""octave"": 0.3333333432674408, ""rate"": 48000, ""window"": 8}",72,1.5,72,1.5
3aeff8d50243a034,m1-pro-16gb-local,ebb948e06a0185f235fbe3af7eb34d56e80fa7ffa52cd7267e8b1838baef72e7,pffft-scheduled-batch-float,float,spec012-confirm-03,0,interactive-v1,False,2368,48000,64,/Users/christiankauten/Documents/Projects/Rack/plugins/Fourier/.build/spec012/confirm-03-transitions/workload-0006-repeat-00.csv,5bb7d1f74efc9661c0ba258e2bd91990396c6f2684de3f39330ec2ec9fc7cd33,4d09e44928c8140523a5dddd0596289b9d7cbce76f245e59e2bf9fde309eced4,9,hop-decrease-boundary,777,777,777,published,-1,"{""alpha"": 0, ""hop"": 18, ""n"": 128, ""octave"": 0.3333333432674408, ""rate"": 48000, ""window"": 8}",0,0.0,0,0.0
3aeff8d50243a034,m1-pro-16gb-local,ebb948e06a0185f235fbe3af7eb34d56e80fa7ffa52cd7267e8b1838baef72e7,pffft-scheduled-batch-float,float,spec012-confirm-03,0,interactive-v1,False,2368,48000,64,/Users/christiankauten/Documents/Projects/Rack/plugins/Fourier/.build/spec012/confirm-03-transitions/workload-0006-repeat-00.csv,5bb7d1f74efc9661c0ba258e2bd91990396c6f2684de3f39330ec2ec9fc7cd33,4d09e44928c8140523a5dddd0596289b9d7cbce76f245e59e2bf9fde309eced4,10,smoothing-disable,852,867,867,published,-1,"{""alpha"": 0, ""hop"": 18, ""n"": 128, ""octave"": 0, ""rate"": 48000, ""window"": 8}",15,0.3125,15,0.3125
3aeff8d50243a034,m1-pro-16gb-local,ebb948e06a0185f235fbe3af7eb34d56e80fa7ffa52cd7267e8b1838baef72e7,pffft-scheduled-batch-float,float,spec012-confirm-03,0,interactive-v1,False,2368,48000,64,/Users/christiankauten/Documents/Projects/Rack/plugins/Fourier/.build/spec012/confirm-03-transitions/workload-0006-repeat-00.csv,5bb7d1f74efc9661c0ba258e2bd91990396c6f2684de3f39330ec2ec9fc7cd33,4d09e44928c8140523a5dddd0596289b9d7cbce76f245e59e2bf9fde309eced4,11,horizon-no-response,2367,-1,-1,pending-no-response,-1,"{""alpha"": 0, ""hop"": 18, ""n"": 128, ""octave"": 0, ""rate"": 48000, ""window"": 0}",,,,
3aeff8d50243a034,m1-pro-16gb-local,ebb948e06a0185f235fbe3af7eb34d56e80fa7ffa52cd7267e8b1838baef72e7,pffft-scheduled-batch-float,float,spec012-confirm-03,1,interactive-v1,False,2368,48000,64,/Users/christiankauten/Documents/Projects/Rack/plugins/Fourier/.build/spec012/confirm-03-transitions/workload-0006-repeat-01.csv,731875aae3242e479305ae3563da6795be86862e1aa2e1566716ddbc0baf0343,4d09e44928c8140523a5dddd0596289b9d7cbce76f245e59e2bf9fde309eced4,1,length-increase-boundary,74,74,74,published,-1,"{""alpha"": 0, ""hop"": 37, ""n"": 1024, ""octave"": 0, ""rate"": 48000, ""window"": 8}",0,0.0,0,0.0
3aeff8d50243a034,m1-pro-16gb-local,ebb948e06a0185f235fbe3af7eb34d56e80fa7ffa52cd7267e8b1838baef72e7,pffft-scheduled-batch-float,float,spec012-confirm-03,1,interactive-v1,False,2368,48000,64,/Users/christiankauten/Documents/Projects/Rack/plugins/Fourier/.build/spec012/confirm-03-transitions/workload-0006-repeat-01.csv,731875aae3242e479305ae3563da6795be86862e1aa2e1566716ddbc0baf0343,4d09e44928c8140523a5dddd0596289b9d7cbce76f245e59e2bf9fde309eced4,2,length-decrease-early,149,185,185,published,-1,"{""alpha"": 0, ""hop"": 37, ""n"": 128, ""octave"": 0, ""rate"": 48000, ""window"": 8}",36,0.75,36,0.75
3aeff8d50243a034,m1-pro-16gb-local,ebb948e06a0185f235fbe3af7eb34d56e80fa7ffa52cd7267e8b1838baef72e7,pffft-scheduled-batch-float,float,spec012-confirm-03,1,interactive-v1,False,2368,48000,64,/Users/christiankauten/Documents/Projects/Rack/plugins/Fourier/.build/spec012/confirm-03-transitions/workload-0006-repeat-01.csv,731875aae3242e479305ae3563da6795be86862e1aa2e1566716ddbc0baf0343,4d09e44928c8140523a5dddd0596289b9d7cbce76f245e59e2bf9fde309eced4,3,hop-increase-middle,240,259,259,published,-1,"{""alpha"": 0, ""hop"": 74, ""n"": 128, ""octave"": 0, ""rate"": 48000, ""window"": 8}",19,0.3958333333333333,19,0.3958333333333333
3aeff8d50243a034,m1-pro-16gb-local,ebb948e06a0185f235fbe3af7eb34d56e80fa7ffa52cd7267e8b1838baef72e7,pffft-scheduled-batch-float,float,spec012-confirm-03,1,interactive-v1,False,2368,48000,64,/Users/christiankauten/Documents/Projects/Rack/plugins/Fourier/.build/spec012/confirm-03-transitions/workload-0006-repeat-01.csv,731875aae3242e479305ae3563da6795be86862e1aa2e1566716ddbc0baf0343,4d09e44928c8140523a5dddd0596289b9d7cbce76f245e59e2bf9fde309eced4,4,window-late,405,407,407,published,-1,"{""alpha"": 0, ""hop"": 74, ""n"": 128, ""octave"": 0, ""rate"": 48000, ""window"": 11}",2,0.041666666666666664,2,0.041666666666666664
3aeff8d50243a034,m1-pro-16gb-local,ebb948e06a0185f235fbe3af7eb34d56e80fa7ffa52cd7267e8b1838baef72e7,pffft-scheduled-batch-float,float,spec012-confirm-03,1,interactive-v1,False,2368,48000,64,/Users/christiankauten/Documents/Projects/Rack/plugins/Fourier/.build/spec012/confirm-03-transitions/workload-0006-repeat-01.csv,731875aae3242e479305ae3563da6795be86862e1aa2e1566716ddbc0baf0343,4d09e44928c8140523a5dddd0596289b9d7cbce76f245e59e2bf9fde309eced4,5,smoothing-before-publication,480,481,481,published,-1,"{""alpha"": 0.800000011920929, ""hop"": 74, ""n"": 128, ""octave"": 0.3333333432674408, ""rate"": 48000, ""window"": 11}",1,0.020833333333333332,1,0.020833333333333332
3aeff8d50243a034,m1-pro-16gb-local,ebb948e06a0185f235fbe3af7eb34d56e80fa7ffa52cd7267e8b1838baef72e7,pffft-scheduled-batch-float,float,spec012-confirm-03,1,interactive-v1,False,2368,48000,64,/Users/christiankauten/Documents/Projects/Rack/plugins/Fourier/.build/spec012/confirm-03-transitions/workload-0006-repeat-01.csv,731875aae3242e479305ae3563da6795be86862e1aa2e1566716ddbc0baf0343,4d09e44928c8140523a5dddd0596289b9d7cbce76f245e59e2bf9fde309eced4,6,no-op-boundary,555,555,555,published,-1,"{""alpha"": 0.800000011920929, ""hop"": 74, ""n"": 128, ""octave"": 0.3333333432674408, ""rate"": 48000, ""window"": 11}",0,0.0,0,0.0
3aeff8d50243a034,m1-pro-16gb-local,ebb948e06a0185f235fbe3af7eb34d56e80fa7ffa52cd7267e8b1838baef72e7,pffft-scheduled-batch-float,float,spec012-confirm-03,1,interactive-v1,False,2368,48000,64,/Users/christiankauten/Documents/Projects/Rack/plugins/Fourier/.build/spec012/confirm-03-transitions/workload-0006-repeat-01.csv,731875aae3242e479305ae3563da6795be86862e1aa2e1566716ddbc0baf0343,4d09e44928c8140523a5dddd0596289b9d7cbce76f245e59e2bf9fde309eced4,7,replace-pending-first,630,-1,-1,replaced,8,"{""alpha"": 0.800000011920929, ""hop"": 74, ""n"": 128, ""octave"": 0.3333333432674408, ""rate"": 48000, ""window"": 8}",,,,
3aeff8d50243a034,m1-pro-16gb-local,ebb948e06a0185f235fbe3af7eb34d56e80fa7ffa52cd7267e8b1838baef72e7,pffft-scheduled-batch-float,float,spec012-confirm-03,1,interactive-v1,False,2368,48000,64,/Users/christiankauten/Documents/Projects/Rack/plugins/Fourier/.build/spec012/confirm-03-transitions/workload-0006-repeat-01.csv,731875aae3242e479305ae3563da6795be86862e1aa2e1566716ddbc0baf0343,4d09e44928c8140523a5dddd0596289b9d7cbce76f245e59e2bf9fde309eced4,8,replace-pending-last,631,703,703,published,-1,"{""alpha"": 0, ""hop"": 74, ""n"": 128, ""octave"": 0.3333333432674408, ""rate"": 48000, ""window"": 8}",72,1.5,72,1.5
3aeff8d50243a034,m1-pro-16gb-local,ebb948e06a0185f235fbe3af7eb34d56e80fa7ffa52cd7267e8b1838baef72e7,pffft-scheduled-batch-float,float,spec012-confirm-03,1,interactive-v1,False,2368,48000,64,/Users/christiankauten/Documents/Projects/Rack/plugins/Fourier/.build/spec012/confirm-03-transitions/workload-0006-repeat-01.csv,731875aae3242e479305ae3563da6795be86862e1aa2e1566716ddbc0baf0343,4d09e44928c8140523a5dddd0596289b9d7cbce76f245e59e2bf9fde309eced4,9,hop-decrease-boundary,777,777,777,published,-1,"{""alpha"": 0, ""hop"": 18, ""n"": 128, ""octave"": 0.3333333432674408, ""rate"": 48000, ""window"": 8}",0,0.0,0,0.0
3aeff8d50243a034,m1-pro-16gb-local,ebb948e06a0185f235fbe3af7eb34d56e80fa7ffa52cd7267e8b1838baef72e7,pffft-scheduled-batch-float,float,spec012-confirm-03,1,interactive-v1,False,2368,48000,64,/Users/christiankauten/Documents/Projects/Rack/plugins/Fourier/.build/spec012/confirm-03-transitions/workload-0006-repeat-01.csv,731875aae3242e479305ae3563da6795be86862e1aa2e1566716ddbc0baf0343,4d09e44928c8140523a5dddd0596289b9d7cbce76f245e59e2bf9fde309eced4,10,smoothing-disable,852,867,867,published,-1,"{""alpha"": 0, ""hop"": 18, ""n"": 128, ""octave"": 0, ""rate"": 48000, ""window"": 8}",15,0.3125,15,0.3125
3aeff8d50243a034,m1-pro-16gb-local,ebb948e06a0185f235fbe3af7eb34d56e80fa7ffa52cd7267e8b1838baef72e7,pffft-scheduled-batch-float,float,spec012-confirm-03,1,interactive-v1,False,2368,48000,64,/Users/christiankauten/Documents/Projects/Rack/plugins/Fourier/.build/spec012/confirm-03-transitions/workload-0006-repeat-01.csv,731875aae3242e479305ae3563da6795be86862e1aa2e1566716ddbc0baf0343,4d09e44928c8140523a5dddd0596289b9d7cbce76f245e59e2bf9fde309eced4,11,horizon-no-response,2367,-1,-1,pending-no-response,-1,"{""alpha"": 0, ""hop"": 18, ""n"": 128, ""octave"": 0, ""rate"": 48000, ""window"": 0}",,,,
3aeff8d50243a034,m1-pro-16gb-local,ebb948e06a0185f235fbe3af7eb34d56e80fa7ffa52cd7267e8b1838baef72e7,pffft-scheduled-batch-float,float,spec012-confirm-03,2,interactive-v1,False,2368,48000,64,/Users/christiankauten/Documents/Projects/Rack/plugins/Fourier/.build/spec012/confirm-03-transitions/workload-0006-repeat-02.csv,8d5004f6482376d92abad56b3d6ed292360ab7549257e214fee652a11d90fdb4,4d09e44928c8140523a5dddd0596289b9d7cbce76f245e59e2bf9fde309eced4,1,length-increase-boundary,74,74,74,published,-1,"{""alpha"": 0, ""hop"": 37, ""n"": 1024, ""octave"": 0, ""rate"": 48000, ""window"": 8}",0,0.0,0,0.0
3aeff8d50243a034,m1-pro-16gb-local,ebb948e06a0185f235fbe3af7eb34d56e80fa7ffa52cd7267e8b1838baef72e7,pffft-scheduled-batch-float,float,spec012-confirm-03,2,interactive-v1,False,2368,48000,64,/Users/christiankauten/Documents/Projects/Rack/plugins/Fourier/.build/spec012/confirm-03-transitions/workload-0006-repeat-02.csv,8d5004f6482376d92abad56b3d6ed292360ab7549257e214fee652a11d90fdb4,4d09e44928c8140523a5dddd0596289b9d7cbce76f245e59e2bf9fde309eced4,2,length-decrease-early,149,185,185,published,-1,"{""alpha"": 0, ""hop"": 37, ""n"": 128, ""octave"": 0, ""rate"": 48000, ""window"": 8}",36,0.75,36,0.75
3aeff8d50243a034,m1-pro-16gb-local,ebb948e06a0185f235fbe3af7eb34d56e80fa7ffa52cd7267e8b1838baef72e7,pffft-scheduled-batch-float,float,spec012-confirm-03,2,interactive-v1,False,2368,48000,64,/Users/christiankauten/Documents/Projects/Rack/plugins/Fourier/.build/spec012/confirm-03-transitions/workload-0006-repeat-02.csv,8d5004f6482376d92abad56b3d6ed292360ab7549257e214fee652a11d90fdb4,4d09e44928c8140523a5dddd0596289b9d7cbce76f245e59e2bf9fde309eced4,3,hop-increase-middle,240,259,259,published,-1,"{""alpha"": 0, ""hop"": 74, ""n"": 128, ""octave"": 0, ""rate"": 48000, ""window"": 8}",19,0.3958333333333333,19,0.3958333333333333
3aeff8d50243a034,m1-pro-16gb-local,ebb948e06a0185f235fbe3af7eb34d56e80fa7ffa52cd7267e8b1838baef72e7,pffft-scheduled-batch-float,float,spec012-confirm-03,2,interactive-v1,False,2368,48000,64,/Users/christiankauten/Documents/Projects/Rack/plugins/Fourier/.build/spec012/confirm-03-transitions/workload-0006-repeat-02.csv,8d5004f6482376d92abad56b3d6ed292360ab7549257e214fee652a11d90fdb4,4d09e44928c8140523a5dddd0596289b9d7cbce76f245e59e2bf9fde309eced4,4,window-late,405,407,407,published,-1,"{""alpha"": 0, ""hop"": 74, ""n"": 128, ""octave"": 0, ""rate"": 48000, ""window"": 11}",2,0.041666666666666664,2,0.041666666666666664
3aeff8d50243a034,m1-pro-16gb-local,ebb948e06a0185f235fbe3af7eb34d56e80fa7ffa52cd7267e8b1838baef72e7,pffft-scheduled-batch-float,float,spec012-confirm-03,2,interactive-v1,False,2368,48000,64,/Users/christiankauten/Documents/Projects/Rack/plugins/Fourier/.build/spec012/confirm-03-transitions/workload-0006-repeat-02.csv,8d5004f6482376d92abad56b3d6ed292360ab7549257e214fee652a11d90fdb4,4d09e44928c8140523a5dddd0596289b9d7cbce76f245e59e2bf9fde309eced4,5,smoothing-before-publication,480,481,481,published,-1,"{""alpha"": 0.800000011920929, ""hop"": 74, ""n"": 128, ""octave"": 0.3333333432674408, ""rate"": 48000, ""window"": 11}",1,0.020833333333333332,1,0.020833333333333332
3aeff8d50243a034,m1-pro-16gb-local,ebb948e06a0185f235fbe3af7eb34d56e80fa7ffa52cd7267e8b1838baef72e7,pffft-scheduled-batch-float,float,spec012-confirm-03,2,interactive-v1,False,2368,48000,64,/Users/christiankauten/Documents/Projects/Rack/plugins/Fourier/.build/spec012/confirm-03-transitions/workload-0006-repeat-02.csv,8d5004f6482376d92abad56b3d6ed292360ab7549257e214fee652a11d90fdb4,4d09e44928c8140523a5dddd0596289b9d7cbce76f245e59e2bf9fde309eced4,6,no-op-boundary,555,555,555,published,-1,"{""alpha"": 0.800000011920929, ""hop"": 74, ""n"": 128, ""octave"": 0.3333333432674408, ""rate"": 48000, ""window"": 11}",0,0.0,0,0.0
3aeff8d50243a034,m1-pro-16gb-local,ebb948e06a0185f235fbe3af7eb34d56e80fa7ffa52cd7267e8b1838baef72e7,pffft-scheduled-batch-float,float,spec012-confirm-03,2,interactive-v1,False,2368,48000,64,/Users/christiankauten/Documents/Projects/Rack/plugins/Fourier/.build/spec012/confirm-03-transitions/workload-0006-repeat-02.csv,8d5004f6482376d92abad56b3d6ed292360ab7549257e214fee652a11d90fdb4,4d09e44928c8140523a5dddd0596289b9d7cbce76f245e59e2bf9fde309eced4,7,replace-pending-first,630,-1,-1,replaced,8,"{""alpha"": 0.800000011920929, ""hop"": 74, ""n"": 128, ""octave"": 0.3333333432674408, ""rate"": 48000, ""window"": 8}",,,,
3aeff8d50243a034,m1-pro-16gb-local,ebb948e06a0185f235fbe3af7eb34d56e80fa7ffa52cd7267e8b1838baef72e7,pffft-scheduled-batch-float,float,spec012-confirm-03,2,interactive-v1,False,2368,48000,64,/Users/christiankauten/Documents/Projects/Rack/plugins/Fourier/.build/spec012/confirm-03-transitions/workload-0006-repeat-02.csv,8d5004f6482376d92abad56b3d6ed292360ab7549257e214fee652a11d90fdb4,4d09e44928c8140523a5dddd0596289b9d7cbce76f245e59e2bf9fde309eced4,8,replace-pending-last,631,703,703,published,-1,"{""alpha"": 0, ""hop"": 74, ""n"": 128, ""octave"": 0.3333333432674408, ""rate"": 48000, ""window"": 8}",72,1.5,72,1.5
3aeff8d50243a034,m1-pro-16gb-local,ebb948e06a0185f235fbe3af7eb34d56e80fa7ffa52cd7267e8b1838baef72e7,pffft-scheduled-batch-float,float,spec012-confirm-03,2,interactive-v1,False,2368,48000,64,/Users/christiankauten/Documents/Projects/Rack/plugins/Fourier/.build/spec012/confirm-03-transitions/workload-0006-repeat-02.csv,8d5004f6482376d92abad56b3d6ed292360ab7549257e214fee652a11d90fdb4,4d09e44928c8140523a5dddd0596289b9d7cbce76f245e59e2bf9fde309eced4,9,hop-decrease-boundary,777,777,777,published,-1,"{""alpha"": 0, ""hop"": 18, ""n"": 128, ""octave"": 0.3333333432674408, ""rate"": 48000, ""window"": 8}",0,0.0,0,0.0
3aeff8d50243a034,m1-pro-16gb-local,ebb948e06a0185f235fbe3af7eb34d56e80fa7ffa52cd7267e8b1838baef72e7,pffft-scheduled-batch-float,float,spec012-confirm-03,2,interactive-v1,False,2368,48000,64,/Users/christiankauten/Documents/Projects/Rack/plugins/Fourier/.build/spec012/confirm-03-transitions/workload-0006-repeat-02.csv,8d5004f6482376d92abad56b3d6ed292360ab7549257e214fee652a11d90fdb4,4d09e44928c8140523a5dddd0596289b9d7cbce76f245e59e2bf9fde309eced4,10,smoothing-disable,852,867,867,published,-1,"{""alpha"": 0, ""hop"": 18, ""n"": 128, ""octave"": 0, ""rate"": 48000, ""window"": 8}",15,0.3125,15,0.3125
3aeff8d50243a034,m1-pro-16gb-local,ebb948e06a0185f235fbe3af7eb34d56e80fa7ffa52cd7267e8b1838baef72e7,pffft-scheduled-batch-float,float,spec012-confirm-03,2,interactive-v1,False,2368,48000,64,/Users/christiankauten/Documents/Projects/Rack/plugins/Fourier/.build/spec012/confirm-03-transitions/workload-0006-repeat-02.csv,8d5004f6482376d92abad56b3d6ed292360ab7549257e214fee652a11d90fdb4,4d09e44928c8140523a5dddd0596289b9d7cbce76f245e59e2bf9fde309eced4,11,horizon-no-response,2367,-1,-1,pending-no-response,-1,"{""alpha"": 0, ""hop"": 18, ""n"": 128, ""octave"": 0, ""rate"": 48000, ""window"": 0}",,,,
